start_lat,start_lon,t_onset,stroke_type,optimal_action,optimal_action_reward,travel_time_optimal,nearest_hospital_action,nearest_hospital_reward,travel_time_nh,heuristic_1_action,heuristic_1_reward,travel_time_h1,heuristic_2_action,heuristic_2_reward,travel_time_h2
38.25861111108466,-122.00777777773277,224.07166385551463,LVO,ROUTE_NorthBayMedicalCenter,0.32734294144,11.733333333333333,ROUTE_NorthBayMedicalCenter,0.32734294144,11.733333333333333,ROUTE_JohnMuirMedicalCenterWalnutCreekCampus,0.32734294144,47.38,ROUTE_NorthBayMedicalCenter,0.32734294144,11.733333333333333
37.94444444441774,-121.96527777773274,33.3381698799805,LVO,ROUTE_JohnMuirMedicalCenterWalnutCreekCampus,0.43505614614911325,11.676666666666668,ROUTE_JohnMuirMedicalCenterWalnutCreekCampus,0.43505614614911325,11.676666666666668,ROUTE_JohnMuirMedicalCenterWalnutCreekCampus,0.43505614614911325,11.676666666666668,ROUTE_JohnMuirMedicalCenterWalnutCreekCampus,0.43505614614911325,11.676666666666668
37.778055555528724,-122.42944444439978,44.60870563567194,LVO,ROUTE_CPMCDaviesCampusSutter,0.4340403509731717,4.683333333333334,ROUTE_CPMCVanNessCampusSutter,0.4276217434685783,3.7183333333333333,ROUTE_CPMCDaviesCampusSutter,0.4340403509731717,4.683333333333334,ROUTE_CPMCVanNessCampusSutter,0.4276217434685783,3.7183333333333333
38.3224999999736,-122.28999999995521,103.84427792070258,HEMORRHAGIC,ROUTE_JohnMuirMedicalCenterWalnutCreekCampus,0.4090236169127775,52.983333333333334,ROUTE_ProvidenceQueenOfTheValleyMedicalCenter,0.35615156738660025,3.7083333333333335,ROUTE_JohnMuirMedicalCenterWalnutCreekCampus,0.4090236169127775,52.983333333333334,ROUTE_ProvidenceQueenOfTheValleyMedicalCenter,0.35615156738660025,3.7083333333333335
37.71805555552867,-122.03361111106612,106.35516698599443,LVO,ROUTE_SutterEdenMedicalCenter,0.4175284783759707,13.415,ROUTE_SutterEdenMedicalCenter,0.4175284783759707,13.415,ROUTE_SutterEdenMedicalCenter,0.4175284783759707,13.415,ROUTE_SutterEdenMedicalCenter,0.4175284783759707,13.415
37.99194444441778,-121.78999999995482,173.61725793708388,LVO,ROUTE_JohnMuirMedicalCenterWalnutCreekCampus,0.3382103064891953,31.955,ROUTE_SutterDeltaMedicalCenter,0.32734294144,4.35,ROUTE_JohnMuirMedicalCenterWalnutCreekCampus,0.3382103064891953,31.955,ROUTE_KaiserFoundationHospitalAntioch,0.34234563453308225,8.663333333333332
37.668333333306414,-121.9024999999549,266.89497149898864,HEMORRHAGIC,ROUTE_StanfordHealthCareTriValley,0.32734294144,8.23,ROUTE_StanfordHealthCareTriValley,0.32734294144,8.23,ROUTE_SutterEdenMedicalCenter,0.32734294144,22.046666666666667,ROUTE_StanfordHealthCareTriValley,0.32734294144,8.23
37.75277777775092,-122.41944444439976,209.71801247438282,LVO,ROUTE_CPMCMissionBernalCampusSutter,0.33690926567252333,3.2783333333333333,ROUTE_CPMCMissionBernalCampusSutter,0.33690926567252333,3.2783333333333333,ROUTE_CPMCDaviesCampusSutter,0.3361738203520288,7.495,ROUTE_CPMCMissionBernalCampusSutter,0.33690926567252333,3.2783333333333333
37.794166666639846,-122.40999999995532,128.8470415169519,HEMORRHAGIC,ROUTE_CPMCDaviesCampusSutter,0.4129456665661221,10.821666666666665,ROUTE_ChineseHospital,0.35183804482030495,1.5816666666666668,ROUTE_CPMCDaviesCampusSutter,0.4129456665661221,10.821666666666665,ROUTE_ChineseHospital,0.35183804482030495,1.5816666666666668
37.64027777775083,-122.41416666662198,171.04058771349773,LVO,ROUTE_MillsPeninsulaMedicalCenterSutter,0.3422414847851469,11.82,ROUTE_KaiserFoundationHospitalSouthSanFrancisco,0.34267968731554344,9.378333333333334,ROUTE_MillsPeninsulaMedicalCenterSutter,0.3422414847851469,11.82,ROUTE_KaiserFoundationHospitalSouthSanFrancisco,0.34267968731554344,9.378333333333334
37.71111111108422,-122.4113888888442,205.6021014041271,HEMORRHAGIC,ROUTE_CPMCMissionBernalCampusSutter,0.33601052498236655,12.548333333333334,ROUTE_CPMCMissionBernalCampusSutter,0.33601052498236655,12.548333333333334,ROUTE_MillsPeninsulaMedicalCenterSutter,0.3353328051304762,16.45,ROUTE_CPMCMissionBernalCampusSutter,0.33601052498236655,12.548333333333334
37.64694444441751,-122.06694444439948,40.158880200615926,LVO,ROUTE_SutterEdenMedicalCenter,0.4321212627079767,17.233333333333334,ROUTE_StRoseHospital,0.40429438272844975,11.74,ROUTE_SutterEdenMedicalCenter,0.4321212627079767,17.233333333333334,ROUTE_SutterEdenMedicalCenter,0.4321212627079767,17.233333333333334
37.48055555552848,-122.20277777773292,41.547963497321234,LVO,ROUTE_KaiserFoundationHospitalRedwoodCity,0.4343476004909389,6.45,ROUTE_KaiserFoundationHospitalRedwoodCity,0.4343476004909389,6.45,ROUTE_KaiserFoundationHospitalRedwoodCity,0.4343476004909389,6.45,ROUTE_KaiserFoundationHospitalRedwoodCity,0.4343476004909389,6.45
37.98749999997333,-121.7194444443992,224.44929737567324,HEMORRHAGIC,ROUTE_KaiserFoundationHospitalAntioch,0.32734294144,15.808333333333334,ROUTE_KaiserFoundationHospitalAntioch,0.32734294144,15.808333333333334,ROUTE_JohnMuirMedicalCenterWalnutCreekCampus,0.32734294144,37.416666666666664,ROUTE_KaiserFoundationHospitalAntioch,0.32734294144,15.808333333333334
38.10861111108454,-122.24944444439963,96.44712209893501,LVO,ROUTE_JohnMuirMedicalCenterWalnutCreekCampus,0.416142156104704,29.325,ROUTE_KaiserFoundationHospitalVallejo,0.3572891876407604,5.14,ROUTE_JohnMuirMedicalCenterWalnutCreekCampus,0.416142156104704,29.325,ROUTE_KaiserFoundationHospitalVallejo,0.3572891876407604,5.14
37.80694444441763,-121.92472222217715,257.86187474188336,MIMIC,ROUTE_SanRamonRegionalMedicalCenter,0.32734294144,14.139999999999999,ROUTE_SanRamonRegionalMedicalCenter,0.32734294144,14.139999999999999,ROUTE_JohnMuirMedicalCenterWalnutCreekCampus,0.32734294144,25.776666666666664,ROUTE_SanRamonRegionalMedicalCenter,0.32734294144,14.139999999999999
37.78277777775095,-122.43305555551089,128.63317968148888,HEMORRHAGIC,ROUTE_CPMCDaviesCampusSutter,0.41414351534288835,5.818333333333333,ROUTE_CPMCVanNessCampusSutter,0.35152354671198316,3.478333333333333,ROUTE_CPMCDaviesCampusSutter,0.41414351534288835,5.818333333333333,ROUTE_CPMCVanNessCampusSutter,0.35152354671198316,3.478333333333333
38.00138888886223,-121.8319444443993,77.67013932757487,LVO,ROUTE_JohnMuirMedicalCenterWalnutCreekCampus,0.42057590217089486,28.951666666666664,ROUTE_SutterDeltaMedicalCenter,0.336632130620384,7.991666666666666,ROUTE_JohnMuirMedicalCenterWalnutCreekCampus,0.42057590217089486,28.951666666666664,ROUTE_KaiserFoundationHospitalAntioch,0.35923819830339193,13.76
38.11249999997343,-122.55861111106654,94.47386222455873,HEMORRHAGIC,ROUTE_UCSFMedicalCenter,0.41133307352278176,52.235,ROUTE_NovatoCommunityHospitalSutter,0.3565495599583584,10.988333333333333,ROUTE_UCSFMedicalCenter,0.41133307352278176,52.235,ROUTE_NovatoCommunityHospitalSutter,0.3565495599583584,10.988333333333333
37.96527777775109,-122.07722222217727,102.60447184485183,HEMORRHAGIC,ROUTE_JohnMuirMedicalCenterWalnutCreekCampus,0.41815091240197977,14.475,ROUTE_JohnMuirMedicalCenterConcordCampus,0.35501785274165354,10.921666666666665,ROUTE_JohnMuirMedicalCenterWalnutCreekCampus,0.41815091240197977,14.475,ROUTE_JohnMuirMedicalCenterConcordCampus,0.35501785274165354,10.921666666666665
37.76333333330649,-122.1916666666218,253.9209635468324,LVO,ROUTE_HighlandHospitalWilmaChanCampus,0.32734294144,11.646666666666667,ROUTE_HighlandHospitalWilmaChanCampus,0.32734294144,11.646666666666667,ROUTE_SutterEdenMedicalCenter,0.32734294144,18.215,ROUTE_HighlandHospitalWilmaChanCampus,0.32734294144,11.646666666666667
37.97138888886221,-121.80111111106594,193.15589638062124,LVO,ROUTE_KaiserFoundationHospitalAntioch,0.33902724676486734,7.78,ROUTE_SutterDeltaMedicalCenter,0.32734294144,4.501666666666667,ROUTE_JohnMuirMedicalCenterWalnutCreekCampus,0.32734294144,34.695,ROUTE_KaiserFoundationHospitalAntioch,0.33902724676486734,7.78
37.59694444441747,-122.06472222217725,241.38641778411926,HEMORRHAGIC,ROUTE_StRoseHospital,0.32734294144,8.578333333333335,ROUTE_StRoseHospital,0.32734294144,8.578333333333335,ROUTE_SutterEdenMedicalCenter,0.32734294144,17.741666666666667,ROUTE_KaiserFoundationHospitalSanLeandro,0.32734294144,16.048333333333332
37.543333333306315,-122.28416666662187,154.39321473890536,HEMORRHAGIC,ROUTE_MillsPeninsulaMedicalCenterSutter,0.40667005426508424,12.791666666666666,ROUTE_SanMateoMedicalCenter,0.32734294144,7.826666666666667,ROUTE_MillsPeninsulaMedicalCenterSutter,0.40667005426508424,12.791666666666666,ROUTE_MillsPeninsulaMedicalCenterSutter,0.40667005426508424,12.791666666666666
38.274722222195784,-122.26805555551076,221.94023158726122,HEMORRHAGIC,ROUTE_ProvidenceQueenOfTheValleyMedicalCenter,0.32734294144,11.676666666666668,ROUTE_ProvidenceQueenOfTheValleyMedicalCenter,0.32734294144,11.676666666666668,ROUTE_JohnMuirMedicalCenterWalnutCreekCampus,0.32734294144,48.82166666666667,ROUTE_ProvidenceQueenOfTheValleyMedicalCenter,0.32734294144,11.676666666666668
37.86722222219546,-122.26444444439964,95.64521556282659,HEMORRHAGIC,ROUTE_SutterEdenMedicalCenter,0.41667366328629657,27.823333333333334,ROUTE_AltaBatesSummitMedicalCenterAltaBatesCampus,0.32734294144,4.826666666666667,ROUTE_SutterEdenMedicalCenter,0.41667366328629657,27.823333333333334,ROUTE_KaiserFoundationHospitalOaklandRichmond,0.35576301455938175,13.951666666666666
37.80027777775096,-122.26555555551076,165.04565707381107,LVO,ROUTE_SutterEdenMedicalCenter,0.34137222406519824,22.676666666666666,ROUTE_HighlandHospitalWilmaChanCampus,0.34416001966001664,7.155,ROUTE_SutterEdenMedicalCenter,0.34137222406519824,22.676666666666666,ROUTE_HighlandHospitalWilmaChanCampus,0.34416001966001664,7.155
37.80222222219541,-122.26805555551076,82.56644589563892,LVO,ROUTE_SutterEdenMedicalCenter,0.4208495665737093,22.878333333333334,ROUTE_AltaBatesSummitMedicalCenterSummitCampus,0.3596895387863878,6.5216666666666665,ROUTE_SutterEdenMedicalCenter,0.4208495665737093,22.878333333333334,ROUTE_AltaBatesSummitMedicalCenterSummitCampus,0.3596895387863878,6.5216666666666665
37.631388888861935,-122.40666666662197,50.04468947487021,HEMORRHAGIC,ROUTE_MillsPeninsulaMedicalCenterSutter,0.4319824020440427,7.9350000000000005,ROUTE_MillsPeninsulaMedicalCenterSutter,0.4319824020440427,7.9350000000000005,ROUTE_MillsPeninsulaMedicalCenterSutter,0.4319824020440427,7.9350000000000005,ROUTE_MillsPeninsulaMedicalCenterSutter,0.4319824020440427,7.9350000000000005
37.7922222221954,-122.24444444439962,49.205245251289725,HEMORRHAGIC,ROUTE_SutterEdenMedicalCenter,0.4293723083270927,19.83,ROUTE_HighlandHospitalWilmaChanCampus,0.4261710740544023,2.4683333333333333,ROUTE_SutterEdenMedicalCenter,0.4293723083270927,19.83,ROUTE_HighlandHospitalWilmaChanCampus,0.4261710740544023,2.4683333333333333
37.52472222219519,-121.95916666662161,242.81812491774326,LVO,ROUTE_KaiserFoundationHospitalFremont,0.32734294144,9.745000000000001,ROUTE_KaiserFoundationHospitalFremont,0.32734294144,9.745000000000001,ROUTE_RegionalMedicalCenterOfSanJose,0.32734294144,20.55666666666667,ROUTE_KaiserFoundationHospitalFremont,0.32734294144,9.745000000000001
37.52416666663963,-121.97027777773273,85.74021423902752,LVO,ROUTE_RegionalMedicalCenterOfSanJose,0.4200901199474078,22.973333333333336,ROUTE_KaiserFoundationHospitalFremont,0.3586180902464226,8.913333333333332,ROUTE_RegionalMedicalCenterOfSanJose,0.4200901199474078,22.973333333333336,ROUTE_KaiserFoundationHospitalFremont,0.3586180902464226,8.913333333333332
37.80472222219541,-121.97194444439941,252.59726262647328,HEMORRHAGIC,ROUTE_SanRamonRegionalMedicalCenter,0.32734294144,9.421666666666665,ROUTE_SanRamonRegionalMedicalCenter,0.32734294144,9.421666666666665,ROUTE_JohnMuirMedicalCenterWalnutCreekCampus,0.32734294144,20.748333333333335,ROUTE_SanRamonRegionalMedicalCenter,0.32734294144,9.421666666666665
38.02944444441781,-121.93416666662159,109.84418155731747,MIMIC,ROUTE_JohnMuirMedicalCenterWalnutCreekCampus,0.41446073406474404,23.228333333333335,ROUTE_JohnMuirMedicalCenterConcordCampus,0.35317160930813957,13.468333333333334,ROUTE_JohnMuirMedicalCenterWalnutCreekCampus,0.41446073406474404,23.228333333333335,ROUTE_JohnMuirMedicalCenterConcordCampus,0.35317160930813957,13.468333333333334
37.70111111108422,-122.45999999995536,78.90351146982682,HEMORRHAGIC,ROUTE_CPMCDaviesCampusSutter,0.42325881110678343,16.2,ROUTE_AHMCSetonMedicalCenter,0.35999968731092225,8.578333333333335,ROUTE_CPMCDaviesCampusSutter,0.42325881110678343,16.2,ROUTE_AHMCSetonMedicalCenter,0.35999968731092225,8.578333333333335
37.72055555552868,-122.4013888888442,44.1675661643513,HEMORRHAGIC,ROUTE_CPMCDaviesCampusSutter,0.4316670707935346,15.145000000000001,ROUTE_ZuckerbergSanFranciscoGeneralHospital,0.426025081678502,10.371666666666666,ROUTE_CPMCDaviesCampusSutter,0.4316670707935346,15.145000000000001,ROUTE_ZuckerbergSanFranciscoGeneralHospital,0.426025081678502,10.371666666666666
37.92944444441773,-122.52111111106652,109.09801234856064,NLVO,ROUTE_UCSFMedicalCenter,0.41290912729202145,30.73,ROUTE_MarinHealthMedicalCenter,0.35391948421455044,10.241666666666667,ROUTE_UCSFMedicalCenter,0.41290912729202145,30.73,ROUTE_MarinHealthMedicalCenter,0.35391948421455044,10.241666666666667
37.74638888886203,-122.50249999995539,102.4234670344548,LVO,ROUTE_UCSFMedicalCenter,0.41894759620679584,11.215,ROUTE_UCSFMedicalCenter,0.41894759620679584,11.215,ROUTE_UCSFMedicalCenter,0.41894759620679584,11.215,ROUTE_UCSFMedicalCenter,0.41894759620679584,11.215
37.542499999972975,-122.03138888884389,190.68741468685732,LVO,ROUTE_WashingtonHospitalHealthcareSystem,0.33838083840000605,13.916666666666666,ROUTE_WashingtonHospitalHealthcareSystem,0.33838083840000605,13.916666666666666,ROUTE_SutterEdenMedicalCenter,0.3367696904739001,23.10666666666667,ROUTE_WashingtonHospitalHealthcareSystem,0.33838083840000605,13.916666666666666
37.71444444441756,-122.15055555551066,205.16039605896094,MIMIC,ROUTE_KaiserFoundationHospitalSanLeandro,0.3370294484438125,7.1483333333333325,ROUTE_SanLeandroHospitalAlamedaHealthSystem,0.32734294144,2.68,ROUTE_SutterEdenMedicalCenter,0.3359011901394313,13.618333333333334,ROUTE_KaiserFoundationHospitalSanLeandro,0.3370294484438125,7.1483333333333325
38.17027777775126,-122.24416666662185,138.42043389070537,LVO,ROUTE_JohnMuirMedicalCenterWalnutCreekCampus,0.40482483891972504,36.916666666666664,ROUTE_KaiserFoundationHospitalVallejo,0.34867155476980616,9.066666666666666,ROUTE_JohnMuirMedicalCenterWalnutCreekCampus,0.40482483891972504,36.916666666666664,ROUTE_KaiserFoundationHospitalVallejo,0.34867155476980616,9.066666666666666
37.88277777775103,-122.04999999995502,96.23969876042318,LVO,ROUTE_JohnMuirMedicalCenterWalnutCreekCampus,0.4201529757604688,12.203333333333335,ROUTE_KaiserFoundationHospitalWalnutCreek,0.35734992746808597,5.03,ROUTE_JohnMuirMedicalCenterWalnutCreekCampus,0.4201529757604688,12.203333333333335,ROUTE_KaiserFoundationHospitalWalnutCreek,0.35734992746808597,5.03
37.512777777750735,-121.92055555551048,108.19435740326212,HEMORRHAGIC,ROUTE_RegionalMedicalCenterOfSanJose,0.41581842260152396,18.98166666666667,ROUTE_KaiserFoundationHospitalFremont,0.3529614988005811,16.236666666666668,ROUTE_RegionalMedicalCenterOfSanJose,0.41581842260152396,18.98166666666667,ROUTE_KaiserFoundationHospitalFremont,0.3529614988005811,16.236666666666668
37.69277777775088,-121.92166666662159,244.42194578756894,LVO,ROUTE_StanfordHealthCareTriValley,0.32734294144,10.631666666666666,ROUTE_StanfordHealthCareTriValley,0.32734294144,10.631666666666666,ROUTE_SutterEdenMedicalCenter,0.32734294144,17.983333333333334,ROUTE_StanfordHealthCareTriValley,0.32734294144,10.631666666666666
37.82444444441765,-122.27694444439965,190.6255658317691,HEMORRHAGIC,ROUTE_KaiserFoundationHospitalOaklandRichmond,0.34000386175569136,4.79,ROUTE_KaiserFoundationHospitalOaklandRichmond,0.34000386175569136,4.79,ROUTE_SutterEdenMedicalCenter,0.3370397924034031,21.623333333333335,ROUTE_KaiserFoundationHospitalOaklandRichmond,0.34000386175569136,4.79
37.83833333330655,-122.19833333328847,197.3200030101291,LVO,ROUTE_HighlandHospitalWilmaChanCampus,0.33736680915080497,13.06,ROUTE_HighlandHospitalWilmaChanCampus,0.33736680915080497,13.06,ROUTE_SutterEdenMedicalCenter,0.3355863139145292,23.271666666666665,ROUTE_HighlandHospitalWilmaChanCampus,0.33736680915080497,13.06
37.8111111110843,-122.21583333328849,88.89962867608837,HEMORRHAGIC,ROUTE_SutterEdenMedicalCenter,0.4201315503350333,19.634999999999998,ROUTE_HighlandHospitalWilmaChanCampus,0.3588562926105045,4.515,ROUTE_SutterEdenMedicalCenter,0.4201315503350333,19.634999999999998,ROUTE_HighlandHospitalWilmaChanCampus,0.3588562926105045,4.515
37.908055555528826,-122.29138888884411,239.7042050718505,MIMIC,ROUTE_KaiserFoundationHospitalRichmondCampus,0.32734294144,15.071666666666665,ROUTE_KaiserFoundationHospitalRichmondCampus,0.32734294144,15.071666666666665,ROUTE_CPMCDaviesCampusSutter,0.32734294144,33.145,ROUTE_KaiserFoundationHospitalRichmondCampus,0.32734294144,15.071666666666665
37.664722222195294,-122.08361111106616,82.00523185897245,MIMIC,ROUTE_SutterEdenMedicalCenter,0.4236274869275639,11.518333333333334,ROUTE_StRoseHospital,0.3349856748623986,7.63,ROUTE_SutterEdenMedicalCenter,0.4236274869275639,11.518333333333334,ROUTE_SutterEdenMedicalCenter,0.4236274869275639,11.518333333333334
37.93666666663996,-122.32888888884413,183.44714807760855,LVO,ROUTE_KaiserFoundationHospitalRichmondCampus,0.3410121442870244,6.295,ROUTE_KaiserFoundationHospitalRichmondCampus,0.3410121442870244,6.295,ROUTE_CPMCDaviesCampusSutter,0.3366482416571097,31.043333333333333,ROUTE_KaiserFoundationHospitalRichmondCampus,0.3410121442870244,6.295
37.657777777750844,-122.0919444443995,78.29106337385326,MIMIC,ROUTE_SutterEdenMedicalCenter,0.4241041657914482,13.191666666666666,ROUTE_StRoseHospital,0.335823943927926,6.511666666666667,ROUTE_SutterEdenMedicalCenter,0.4241041657914482,13.191666666666666,ROUTE_KaiserFoundationHospitalSanLeandro,0.35955421727287556,11.498333333333333
37.707777777750884,-122.12916666662176,257.10049658585376,LVO,ROUTE_SanLeandroHospitalAlamedaHealthSystem,0.32734294144,3.033333333333333,ROUTE_SanLeandroHospitalAlamedaHealthSystem,0.32734294144,3.033333333333333,ROUTE_SutterEdenMedicalCenter,0.32734294144,8.706666666666667,ROUTE_SutterEdenMedicalCenter,0.32734294144,8.706666666666667
37.90916666663994,-122.292777777733,233.19286202091217,LVO,ROUTE_KaiserFoundationHospitalRichmondCampus,0.32734294144,15.133333333333333,ROUTE_KaiserFoundationHospitalRichmondCampus,0.32734294144,15.133333333333333,ROUTE_CPMCDaviesCampusSutter,0.32734294144,33.208333333333336,ROUTE_KaiserFoundationHospitalRichmondCampus,0.32734294144,15.133333333333333
37.640555555528614,-122.43888888884422,151.83747106324057,HEMORRHAGIC,ROUTE_MillsPeninsulaMedicalCenterSutter,0.4074799428938174,11.778333333333334,ROUTE_KaiserFoundationHospitalSouthSanFrancisco,0.34667157017874706,6.543333333333334,ROUTE_MillsPeninsulaMedicalCenterSutter,0.4074799428938174,11.778333333333334,ROUTE_KaiserFoundationHospitalSouthSanFrancisco,0.34667157017874706,6.543333333333334
37.5372222221952,-122.02666666662167,87.59612359488415,HEMORRHAGIC,ROUTE_SutterEdenMedicalCenter,0.41959235343252405,23.261666666666667,ROUTE_WashingtonHospitalHealthcareSystem,0.35727396124121646,14.07,ROUTE_SutterEdenMedicalCenter,0.41959235343252405,23.261666666666667,ROUTE_WashingtonHospitalHealthcareSystem,0.35727396124121646,14.07
37.769166666639826,-122.1816666666218,149.88002976739108,HEMORRHAGIC,ROUTE_SutterEdenMedicalCenter,0.4067402440344849,16.995,ROUTE_HighlandHospitalWilmaChanCampus,0.3464913899006651,9.488333333333333,ROUTE_SutterEdenMedicalCenter,0.4067402440344849,16.995,ROUTE_HighlandHospitalWilmaChanCampus,0.3464913899006651,9.488333333333333
37.785833333306506,-122.41972222217754,36.56639531247346,LVO,ROUTE_CPMCDaviesCampusSutter,0.4351906650451505,7.881666666666666,ROUTE_CPMCVanNessCampusSutter,0.4301844155589609,0.99,ROUTE_CPMCDaviesCampusSutter,0.4351906650451505,7.881666666666666,ROUTE_CPMCVanNessCampusSutter,0.4301844155589609,0.99
38.12583333330678,-122.22166666662183,248.05994564075436,MIMIC,ROUTE_SutterSolanoMedicalCenter,0.32734294144,5.871666666666667,ROUTE_SutterSolanoMedicalCenter,0.32734294144,5.871666666666667,ROUTE_JohnMuirMedicalCenterWalnutCreekCampus,0.32734294144,30.705,ROUTE_SutterSolanoMedicalCenter,0.32734294144,5.871666666666667
37.67972222219531,-122.05999999995502,109.50489401704225,LVO,ROUTE_SutterEdenMedicalCenter,0.41704890629595415,12.34,ROUTE_SutterEdenMedicalCenter,0.41704890629595415,12.34,ROUTE_SutterEdenMedicalCenter,0.41704890629595415,12.34,ROUTE_SutterEdenMedicalCenter,0.41704890629595415,12.34
37.763611111084266,-122.50416666662206,176.09144394555042,LVO,ROUTE_UCSFMedicalCenter,0.3419459670487183,8.42,ROUTE_UCSFMedicalCenter,0.3419459670487183,8.42,ROUTE_UCSFMedicalCenter,0.3419459670487183,8.42,ROUTE_UCSFMedicalCenter,0.3419459670487183,8.42
37.578611111084115,-122.01166666662166,145.01022420072326,LVO,ROUTE_SutterEdenMedicalCenter,0.4058983981715487,25.58,ROUTE_WashingtonHospitalHealthcareSystem,0.34702789898369607,11.423333333333334,ROUTE_SutterEdenMedicalCenter,0.4058983981715487,25.58,ROUTE_WashingtonHospitalHealthcareSystem,0.34702789898369607,11.423333333333334
37.779444444417614,-122.44027777773312,251.77551875182488,MIMIC,ROUTE_KaiserFoundationHospitalSanFrancisco,0.32734294144,3.1816666666666666,ROUTE_KaiserFoundationHospitalSanFrancisco,0.32734294144,3.1816666666666666,ROUTE_CPMCDaviesCampusSutter,0.32734294144,4.24,ROUTE_KaiserFoundationHospitalSanFrancisco,0.32734294144,3.1816666666666666
37.40249999997287,-122.08277777773283,74.84213158247016,LVO,ROUTE_ElCaminoHealthMountainView,0.4249159010940992,13.17,ROUTE_ElCaminoHealthMountainView,0.4249159010940992,13.17,ROUTE_ElCaminoHealthMountainView,0.4249159010940992,13.17,ROUTE_ElCaminoHealthMountainView,0.4249159010940992,13.17
38.32527777775138,-122.27333333328853,261.87031548206267,NLVO,ROUTE_ProvidenceQueenOfTheValleyMedicalCenter,0.32734294144,5.068333333333333,ROUTE_ProvidenceQueenOfTheValleyMedicalCenter,0.32734294144,5.068333333333333,ROUTE_JohnMuirMedicalCenterWalnutCreekCampus,0.32734294144,54.343333333333334,ROUTE_ProvidenceQueenOfTheValleyMedicalCenter,0.32734294144,5.068333333333333
37.58583333330635,-122.34361111106637,245.60773483276614,LVO,ROUTE_MillsPeninsulaMedicalCenterSutter,0.32734294144,8.241666666666667,ROUTE_MillsPeninsulaMedicalCenterSutter,0.32734294144,8.241666666666667,ROUTE_MillsPeninsulaMedicalCenterSutter,0.32734294144,8.241666666666667,ROUTE_MillsPeninsulaMedicalCenterSutter,0.32734294144,8.241666666666667
37.360555555528386,-122.00222222217721,123.32251603026086,LVO,ROUTE_KaiserFoundationHospitalSantaClara,0.41511772680426845,6.895,ROUTE_KaiserFoundationHospitalSantaClara,0.41511772680426845,6.895,ROUTE_KaiserFoundationHospitalSantaClara,0.41511772680426845,6.895,ROUTE_KaiserFoundationHospitalSantaClara,0.41511772680426845,6.895
37.935833333306626,-122.3558333332886,141.78409008028967,HEMORRHAGIC,ROUTE_CPMCDaviesCampusSutter,0.40470980236918047,34.06166666666667,ROUTE_KaiserFoundationHospitalRichmondCampus,0.3491305167143224,3.2150000000000003,ROUTE_CPMCDaviesCampusSutter,0.40470980236918047,34.06166666666667,ROUTE_KaiserFoundationHospitalRichmondCampus,0.3491305167143224,3.2150000000000003
37.964999999973315,-122.33777777773304,110.93194103778482,HEMORRHAGIC,ROUTE_JohnMuirMedicalCenterWalnutCreekCampus,0.4115156380389601,34.980000000000004,ROUTE_KaiserFoundationHospitalRichmondCampus,0.3535078791475959,10.593333333333334,ROUTE_JohnMuirMedicalCenterWalnutCreekCampus,0.4115156380389601,34.980000000000004,ROUTE_KaiserFoundationHospitalRichmondCampus,0.3535078791475959,10.593333333333334
37.35388888886172,-122.05944444439947,93.19254026475535,HEMORRHAGIC,ROUTE_ElCaminoHealthMountainView,0.4216667939597856,8.74,ROUTE_ElCaminoHealthMountainView,0.4216667939597856,8.74,ROUTE_ElCaminoHealthMountainView,0.4216667939597856,8.74,ROUTE_ElCaminoHealthMountainView,0.4216667939597856,8.74
37.67777777775086,-122.13138888884397,41.6525955275943,LVO,ROUTE_SutterEdenMedicalCenter,0.4333267696759546,10.648333333333333,ROUTE_StRoseHospital,0.40461428649254966,8.825,ROUTE_SutterEdenMedicalCenter,0.4333267696759546,10.648333333333333,ROUTE_KaiserFoundationHospitalSanLeandro,0.4264164902608332,10.285
37.459999999972915,-122.26638888884409,252.42955637751655,HEMORRHAGIC,ROUTE_SequoiaHospital,0.32734294144,10.233333333333333,ROUTE_SequoiaHospital,0.32734294144,10.233333333333333,ROUTE_KaiserFoundationHospitalRedwoodCity,0.32734294144,15.171666666666665,ROUTE_SequoiaHospital,0.32734294144,10.233333333333333
37.747499999973144,-122.50249999995539,50.64939112944299,NLVO,ROUTE_UCSFMedicalCenter,0.4310889969407048,11.110000000000001,ROUTE_UCSFMedicalCenter,0.4310889969407048,11.110000000000001,ROUTE_UCSFMedicalCenter,0.4310889969407048,11.110000000000001,ROUTE_UCSFMedicalCenter,0.4310889969407048,11.110000000000001
37.527222222195185,-122.03749999995502,83.27225904613084,LVO,ROUTE_SutterEdenMedicalCenter,0.42010183578523064,25.391666666666666,ROUTE_WashingtonHospitalHealthcareSystem,0.35777784780023975,15.76,ROUTE_SutterEdenMedicalCenter,0.42010183578523064,25.391666666666666,ROUTE_WashingtonHospitalHealthcareSystem,0.35777784780023975,15.76
37.764999999973156,-121.89472222217712,92.72669750295714,NLVO,ROUTE_SutterEdenMedicalCenter,0.418010270987867,24.959999999999997,ROUTE_SanRamonRegionalMedicalCenter,0.3567316415751218,11.781666666666666,ROUTE_SutterEdenMedicalCenter,0.418010270987867,24.959999999999997,ROUTE_SanRamonRegionalMedicalCenter,0.3567316415751218,11.781666666666666
37.66861111108419,-122.46499999995535,254.1912386020837,MIMIC,ROUTE_AHMCSetonMedicalCenter,0.32734294144,5.8933333333333335,ROUTE_AHMCSetonMedicalCenter,0.32734294144,5.8933333333333335,ROUTE_CPMCDaviesCampusSutter,0.32734294144,15.548333333333334,ROUTE_AHMCSetonMedicalCenter,0.32734294144,5.8933333333333335
37.682777777750864,-122.13444444439953,48.520879390139015,LVO,ROUTE_SutterEdenMedicalCenter,0.43145309534049897,11.696666666666665,ROUTE_StRoseHospital,0.40312753633353354,8.568333333333333,ROUTE_SutterEdenMedicalCenter,0.43145309534049897,11.696666666666665,ROUTE_KaiserFoundationHospitalSanLeandro,0.424840462114362,10.071666666666665
37.773055555528714,-121.92083333328826,140.49366734729384,NLVO,ROUTE_JohnMuirMedicalCenterWalnutCreekCampus,0.406710277929134,26.513333333333332,ROUTE_SanRamonRegionalMedicalCenter,0.3484127050829125,8.398333333333333,ROUTE_JohnMuirMedicalCenterWalnutCreekCampus,0.406710277929134,26.513333333333332,ROUTE_SanRamonRegionalMedicalCenter,0.3484127050829125,8.398333333333333
38.26138888886244,-121.99416666662165,148.86555466453294,LVO,ROUTE_JohnMuirMedicalCenterWalnutCreekCampus,0.33961877977298055,48.723333333333336,ROUTE_NorthBayMedicalCenter,0.3460235293831194,13.066666666666666,ROUTE_JohnMuirMedicalCenterWalnutCreekCampus,0.33961877977298055,48.723333333333336,ROUTE_NorthBayMedicalCenter,0.3460235293831194,13.066666666666666
37.52083333330629,-121.90916666662157,93.5274775974266,HEMORRHAGIC,ROUTE_RegionalMedicalCenterOfSanJose,0.4184182574075195,22.396666666666665,ROUTE_KaiserFoundationHospitalFremont,0.3555147630128958,17.376666666666665,ROUTE_RegionalMedicalCenterOfSanJose,0.4184182574075195,22.396666666666665,ROUTE_KaiserFoundationHospitalFremont,0.3555147630128958,17.376666666666665
37.87083333330657,-122.290277777733,185.18472776026243,LVO,ROUTE_AltaBatesSummitMedicalCenterSummitCampus,0.33952687713998025,12.923333333333334,ROUTE_AltaBatesSummitMedicalCenterAltaBatesCampus,0.32734294144,10.343333333333334,ROUTE_CPMCDaviesCampusSutter,0.3367705379785141,28.605,ROUTE_AltaBatesSummitMedicalCenterSummitCampus,0.33952687713998025,12.923333333333334
37.42083333330621,-121.90694444439936,197.61650426516061,HEMORRHAGIC,ROUTE_OConnorHospital,0.3373065485271129,13.108333333333333,ROUTE_OConnorHospital,0.3373065485271129,13.108333333333333,ROUTE_RegionalMedicalCenterOfSanJose,0.33709590557259855,14.311666666666667,ROUTE_OConnorHospital,0.3373065485271129,13.108333333333333
37.7227777777509,-122.46777777773313,100.58158260419452,LVO,ROUTE_UCSFMedicalCenter,0.4192616863449765,11.701666666666666,ROUTE_AHMCSetonMedicalCenter,0.3558505589455763,8.555,ROUTE_UCSFMedicalCenter,0.4192616863449765,11.701666666666666,ROUTE_AHMCSetonMedicalCenter,0.3558505589455763,8.555
37.700277777750884,-122.09805555551061,127.3185913431752,HEMORRHAGIC,ROUTE_SutterEdenMedicalCenter,0.4149161977078986,3.775,ROUTE_SutterEdenMedicalCenter,0.4149161977078986,3.775,ROUTE_SutterEdenMedicalCenter,0.4149161977078986,3.775,ROUTE_SutterEdenMedicalCenter,0.4149161977078986,3.775
37.97166666663999,-122.3344444443997,212.34416267926068,HEMORRHAGIC,ROUTE_KaiserFoundationHospitalRichmondCampus,0.32734294144,13.008333333333333,ROUTE_KaiserFoundationHospitalRichmondCampus,0.32734294144,13.008333333333333,ROUTE_JohnMuirMedicalCenterWalnutCreekCampus,0.32734294144,35.88666666666666,ROUTE_KaiserFoundationHospitalRichmondCampus,0.32734294144,13.008333333333333
37.98694444441778,-121.99888888884387,77.08425463539348,HEMORRHAGIC,ROUTE_JohnMuirMedicalCenterWalnutCreekCampus,0.4231303579357021,18.56833333333333,ROUTE_JohnMuirMedicalCenterConcordCampus,0.3605516779973202,7.545,ROUTE_JohnMuirMedicalCenterWalnutCreekCampus,0.4231303579357021,18.56833333333333,ROUTE_JohnMuirMedicalCenterConcordCampus,0.3605516779973202,7.545
37.753055555528704,-122.42583333328865,146.39780417085592,MIMIC,ROUTE_CPMCDaviesCampusSutter,0.4100808451343479,5.793333333333334,ROUTE_CPMCMissionBernalCampusSutter,0.3484478583160762,2.3033333333333332,ROUTE_CPMCDaviesCampusSutter,0.4100808451343479,5.793333333333334,ROUTE_CPMCMissionBernalCampusSutter,0.3484478583160762,2.3033333333333332
37.58166666663968,-121.99416666662165,215.9815178266758,LVO,ROUTE_WashingtonHospitalHealthcareSystem,0.32734294144,10.928333333333335,ROUTE_WashingtonHospitalHealthcareSystem,0.32734294144,10.928333333333335,ROUTE_SutterEdenMedicalCenter,0.32734294144,28.126666666666665,ROUTE_WashingtonHospitalHealthcareSystem,0.32734294144,10.928333333333335
37.716111111084224,-122.17555555551068,150.9677987280138,LVO,ROUTE_SutterEdenMedicalCenter,0.4072511885448907,13.655,ROUTE_KaiserFoundationHospitalSanLeandro,0.3468650236570879,6.355,ROUTE_SutterEdenMedicalCenter,0.4072511885448907,13.655,ROUTE_KaiserFoundationHospitalSanLeandro,0.3468650236570879,6.355
37.732777777750904,-122.17444444439957,173.56825446229246,LVO,ROUTE_SutterEdenMedicalCenter,0.34098576021184673,16.321666666666665,ROUTE_KaiserFoundationHospitalSanLeandro,0.3420349440993013,10.446666666666665,ROUTE_SutterEdenMedicalCenter,0.34098576021184673,16.321666666666665,ROUTE_KaiserFoundationHospitalSanLeandro,0.3420349440993013,10.446666666666665
37.96972222219554,-122.3066666666219,261.3033315856314,LVO,ROUTE_KaiserFoundationHospitalRichmondCampus,0.32734294144,14.178333333333335,ROUTE_KaiserFoundationHospitalRichmondCampus,0.32734294144,14.178333333333335,ROUTE_JohnMuirMedicalCenterWalnutCreekCampus,0.32734294144,35.53333333333333,ROUTE_KaiserFoundationHospitalRichmondCampus,0.32734294144,14.178333333333335
37.781666666639836,-122.48611111106648,267.23556398527205,LVO,ROUTE_UCSFHealthStanyanHospital,0.32734294144,8.573333333333332,ROUTE_UCSFHealthStanyanHospital,0.32734294144,8.573333333333332,ROUTE_UCSFMedicalCenter,0.32734294144,9.646666666666667,ROUTE_UCSFHealthStanyanHospital,0.32734294144,8.573333333333332
37.7833333333065,-122.48916666662204,219.22111524913421,NLVO,ROUTE_KaiserFoundationHospitalSanFrancisco,0.32734294144,8.921666666666665,ROUTE_KaiserFoundationHospitalSanFrancisco,0.32734294144,8.921666666666665,ROUTE_UCSFMedicalCenter,0.32734294144,10.503333333333334,ROUTE_KaiserFoundationHospitalSanFrancisco,0.32734294144,8.921666666666665
37.92777777775106,-122.39305555551086,166.80463509821226,MIMIC,ROUTE_CPMCDaviesCampusSutter,0.33874977196553013,35.70333333333333,ROUTE_KaiserFoundationHospitalRichmondCampus,0.34365790704013754,8.176666666666668,ROUTE_CPMCDaviesCampusSutter,0.33874977196553013,35.70333333333333,ROUTE_KaiserFoundationHospitalRichmondCampus,0.34365790704013754,8.176666666666668
37.95916666663998,-121.96972222217718,226.66910238883273,HEMORRHAGIC,ROUTE_JohnMuirMedicalCenterWalnutCreekCampus,0.32734294144,11.981666666666666,ROUTE_JohnMuirMedicalCenterWalnutCreekCampus,0.32734294144,11.981666666666666,ROUTE_JohnMuirMedicalCenterWalnutCreekCampus,0.32734294144,11.981666666666666,ROUTE_JohnMuirMedicalCenterWalnutCreekCampus,0.32734294144,11.981666666666666
37.687777777750874,-121.876111111066,34.53973469190284,HEMORRHAGIC,ROUTE_SutterEdenMedicalCenter,0.4326622459035716,20.566666666666666,ROUTE_StanfordHealthCareTriValley,0.42951054412654577,2.7449999999999997,ROUTE_SutterEdenMedicalCenter,0.4326622459035716,20.566666666666666,ROUTE_StanfordHealthCareTriValley,0.42951054412654577,2.7449999999999997
37.96888888886221,-122.04222222217724,155.8870905944858,LVO,ROUTE_JohnMuirMedicalCenterWalnutCreekCampus,0.4063633326681409,12.65,ROUTE_JohnMuirMedicalCenterConcordCampus,0.34618590238152214,5.155,ROUTE_JohnMuirMedicalCenterWalnutCreekCampus,0.4063633326681409,12.65,ROUTE_JohnMuirMedicalCenterConcordCampus,0.34618590238152214,5.155
37.70944444441756,-121.86666666662154,232.41422716440167,HEMORRHAGIC,ROUTE_StanfordHealthCareTriValley,0.32734294144,5.97,ROUTE_StanfordHealthCareTriValley,0.32734294144,5.97,ROUTE_SutterEdenMedicalCenter,0.32734294144,18.178333333333335,ROUTE_StanfordHealthCareTriValley,0.32734294144,5.97
37.93777777775107,-122.53805555551097,227.86295027589057,HEMORRHAGIC,ROUTE_MarinHealthMedicalCenter,0.32734294144,6.675,ROUTE_MarinHealthMedicalCenter,0.32734294144,6.675,ROUTE_UCSFMedicalCenter,0.32734294144,35.635,ROUTE_MarinHealthMedicalCenter,0.32734294144,6.675
37.39888888886175,-122.10361111106617,85.99016299186627,LVO,ROUTE_ElCaminoHealthMountainView,0.42218337582346327,13.723333333333333,ROUTE_ElCaminoHealthMountainView,0.42218337582346327,13.723333333333333,ROUTE_ElCaminoHealthMountainView,0.42218337582346327,13.723333333333333,ROUTE_ElCaminoHealthMountainView,0.42218337582346327,13.723333333333333
37.65249999997307,-122.05249999995503,140.5652008962496,NLVO,ROUTE_SutterEdenMedicalCenter,0.40867771111806145,17.78166666666667,ROUTE_StRoseHospital,0.32734294144,12.288333333333332,ROUTE_SutterEdenMedicalCenter,0.40867771111806145,17.78166666666667,ROUTE_SutterEdenMedicalCenter,0.40867771111806145,17.78166666666667
37.805277777750966,-122.2649999999552,55.80378568888435,LVO,ROUTE_SutterEdenMedicalCenter,0.42682450744276457,24.065,ROUTE_AltaBatesSummitMedicalCenterSummitCampus,0.42340429098894505,6.683333333333334,ROUTE_SutterEdenMedicalCenter,0.42682450744276457,24.065,ROUTE_AltaBatesSummitMedicalCenterSummitCampus,0.42340429098894505,6.683333333333334
37.733611111084244,-122.39861111106642,222.33864611322852,NLVO,ROUTE_ZuckerbergSanFranciscoGeneralHospital,0.32734294144,8.476666666666667,ROUTE_ZuckerbergSanFranciscoGeneralHospital,0.32734294144,8.476666666666667,ROUTE_CPMCDaviesCampusSutter,0.32734294144,13.778333333333334,ROUTE_ZuckerbergSanFranciscoGeneralHospital,0.32734294144,8.476666666666667
38.259444444417994,-122.16333333328845,253.40634301869449,HEMORRHAGIC,ROUTE_NorthBayMedicalCenter,0.32734294144,16.62666666666667,ROUTE_NorthBayMedicalCenter,0.32734294144,16.62666666666667,ROUTE_JohnMuirMedicalCenterWalnutCreekCampus,0.32734294144,39.86,ROUTE_NorthBayMedicalCenter,0.32734294144,16.62666666666667
37.35194444441727,-122.00694444439944,132.51326487620676,NLVO,ROUTE_KaiserFoundationHospitalSantaClara,0.41324097523433095,5.868333333333334,ROUTE_KaiserFoundationHospitalSantaClara,0.41324097523433095,5.868333333333334,ROUTE_KaiserFoundationHospitalSantaClara,0.41324097523433095,5.868333333333334,ROUTE_KaiserFoundationHospitalSantaClara,0.41324097523433095,5.868333333333334
37.705833333306444,-122.46333333328869,136.2363095854294,MIMIC,ROUTE_CPMCDaviesCampusSutter,0.410419553091776,14.47,ROUTE_AHMCSetonMedicalCenter,0.3494364515735525,7.108333333333333,ROUTE_CPMCDaviesCampusSutter,0.410419553091776,14.47,ROUTE_AHMCSetonMedicalCenter,0.3494364515735525,7.108333333333333
37.59416666663969,-122.07916666662172,269.43550084295555,MIMIC,ROUTE_StRoseHospital,0.32734294144,10.495000000000001,ROUTE_StRoseHospital,0.32734294144,10.495000000000001,ROUTE_SutterEdenMedicalCenter,0.32734294144,20.44333333333333,ROUTE_KaiserFoundationHospitalSanLeandro,0.32734294144,18.75
37.632222222195274,-122.04361111106613,188.13673383191193,LVO,ROUTE_KaiserFoundationHospitalSanLeandro,0.3377255688989442,20.196666666666665,ROUTE_StRoseHospital,0.32734294144,12.436666666666667,ROUTE_SutterEdenMedicalCenter,0.33742876903630814,21.89,ROUTE_KaiserFoundationHospitalSanLeandro,0.3377255688989442,20.196666666666665
37.72555555552868,-122.42722222217755,83.22726395229385,MIMIC,ROUTE_CPMCDaviesCampusSutter,0.4229588258222987,13.161666666666667,ROUTE_CPMCMissionBernalCampusSutter,0.35949115175146723,6.89,ROUTE_CPMCDaviesCampusSutter,0.4229588258222987,13.161666666666667,ROUTE_CPMCMissionBernalCampusSutter,0.35949115175146723,6.89
38.25888888886244,-122.64416666662217,57.3909550759186,HEMORRHAGIC,ROUTE_UCSFMedicalCenter,0.41723666290405415,63.64,ROUTE_PetalumaValleyHospitalProvidence,0.3653406362352466,2.7333333333333334,ROUTE_UCSFMedicalCenter,0.41723666290405415,63.64,ROUTE_PetalumaValleyHospitalProvidence,0.3653406362352466,2.7333333333333334
38.170555555529035,-122.12999999995509,243.9277869082003,MIMIC,ROUTE_NorthBayMedicalCenter,0.32734294144,17.243333333333332,ROUTE_NorthBayMedicalCenter,0.32734294144,17.243333333333332,ROUTE_JohnMuirMedicalCenterWalnutCreekCampus,0.32734294144,32.681666666666665,ROUTE_NorthBayMedicalCenter,0.32734294144,17.243333333333332
37.97499999997332,-121.79083333328815,41.89143359871554,MIMIC,ROUTE_JohnMuirMedicalCenterWalnutCreekCampus,0.4279067449771185,33.37,ROUTE_SutterDeltaMedicalCenter,0.4054644995367271,3.646666666666667,ROUTE_JohnMuirMedicalCenterWalnutCreekCampus,0.4279067449771185,33.37,ROUTE_KaiserFoundationHospitalAntioch,0.425588089915546,6.576666666666667
37.74083333330647,-121.91611111106603,257.3659075968393,LVO,ROUTE_SanRamonRegionalMedicalCenter,0.32734294144,10.976666666666667,ROUTE_SanRamonRegionalMedicalCenter,0.32734294144,10.976666666666667,ROUTE_SutterEdenMedicalCenter,0.32734294144,20.511666666666667,ROUTE_SanRamonRegionalMedicalCenter,0.32734294144,10.976666666666667
37.57333333330634,-122.04333333328834,39.470250015605004,LVO,ROUTE_SutterEdenMedicalCenter,0.43178588617276265,19.34,ROUTE_StRoseHospital,0.4048010693512791,10.178333333333335,ROUTE_SutterEdenMedicalCenter,0.43178588617276265,19.34,ROUTE_WashingtonHospitalHealthcareSystem,0.4249208530908912,14.571666666666665
37.46499999997292,-121.90805555551046,193.21770395389976,NLVO,ROUTE_RegionalMedicalCenterOfSanJose,0.33821453579004684,12.331666666666667,ROUTE_RegionalMedicalCenterOfSanJose,0.33821453579004684,12.331666666666667,ROUTE_RegionalMedicalCenterOfSanJose,0.33821453579004684,12.331666666666667,ROUTE_RegionalMedicalCenterOfSanJose,0.33821453579004684,12.331666666666667
37.554999999972985,-122.02361111106612,230.6140855218772,LVO,ROUTE_WashingtonHospitalHealthcareSystem,0.32734294144,12.033333333333333,ROUTE_WashingtonHospitalHealthcareSystem,0.32734294144,12.033333333333333,ROUTE_SutterEdenMedicalCenter,0.32734294144,22.423333333333336,ROUTE_WashingtonHospitalHealthcareSystem,0.32734294144,12.033333333333333
37.5094444444174,-122.25444444439964,108.68417551449541,HEMORRHAGIC,ROUTE_KaiserFoundationHospitalRedwoodCity,0.41805030877784066,8.828333333333335,ROUTE_KaiserFoundationHospitalRedwoodCity,0.41805030877784066,8.828333333333335,ROUTE_KaiserFoundationHospitalRedwoodCity,0.41805030877784066,8.828333333333335,ROUTE_KaiserFoundationHospitalRedwoodCity,0.41805030877784066,8.828333333333335
37.408611111083985,-121.88694444439933,197.7273134862717,LVO,ROUTE_RegionalMedicalCenterOfSanJose,0.33817126750859194,8.068333333333333,ROUTE_RegionalMedicalCenterOfSanJose,0.33817126750859194,8.068333333333333,ROUTE_RegionalMedicalCenterOfSanJose,0.33817126750859194,8.068333333333333,ROUTE_RegionalMedicalCenterOfSanJose,0.33817126750859194,8.068333333333333
37.992777777751115,-121.73388888884367,162.94069352091748,HEMORRHAGIC,ROUTE_JohnMuirMedicalCenterWalnutCreekCampus,0.33950786490054846,35.275,ROUTE_KaiserFoundationHospitalAntioch,0.3433650607570061,13.665,ROUTE_JohnMuirMedicalCenterWalnutCreekCampus,0.33950786490054846,35.275,ROUTE_KaiserFoundationHospitalAntioch,0.3433650607570061,13.665
38.13083333330678,-122.20861111106626,78.60837714753403,LVO,ROUTE_JohnMuirMedicalCenterWalnutCreekCampus,0.41952385583675317,32.545,ROUTE_SutterSolanoMedicalCenter,0.36020610756281446,7.806666666666667,ROUTE_JohnMuirMedicalCenterWalnutCreekCampus,0.41952385583675317,32.545,ROUTE_SutterSolanoMedicalCenter,0.36020610756281446,7.806666666666667
37.828888888862096,-122.2094444443996,243.3705770053478,LVO,ROUTE_HighlandHospitalWilmaChanCampus,0.32734294144,10.22,ROUTE_HighlandHospitalWilmaChanCampus,0.32734294144,10.22,ROUTE_SutterEdenMedicalCenter,0.32734294144,20.43166666666667,ROUTE_HighlandHospitalWilmaChanCampus,0.32734294144,10.22
37.96805555552887,-122.28999999995521,142.66089051066376,LVO,ROUTE_JohnMuirMedicalCenterWalnutCreekCampus,0.40442298242510694,34.455000000000005,ROUTE_KaiserFoundationHospitalRichmondCampus,0.3464658798064261,16.846666666666668,ROUTE_JohnMuirMedicalCenterWalnutCreekCampus,0.40442298242510694,34.455000000000005,ROUTE_KaiserFoundationHospitalRichmondCampus,0.3464658798064261,16.846666666666668
37.86749999997324,-122.25666666662185,48.75532663479932,HEMORRHAGIC,ROUTE_SutterEdenMedicalCenter,0.42792036721828963,26.448333333333334,ROUTE_AltaBatesSummitMedicalCenterAltaBatesCampus,0.4038199351887583,4.275,ROUTE_SutterEdenMedicalCenter,0.42792036721828963,26.448333333333334,ROUTE_AltaBatesSummitMedicalCenterSummitCampus,0.42347440562398875,13.435
37.67055555552864,-121.77444444439925,54.172847601949165,LVO,ROUTE_SutterEdenMedicalCenter,0.4252828557220596,32.27166666666667,ROUTE_StanfordHealthCareTriValley,0.3624136310567549,20.873333333333335,ROUTE_SutterEdenMedicalCenter,0.4252828557220596,32.27166666666667,ROUTE_StanfordHealthCareTriValley,0.3624136310567549,20.873333333333335
37.64166666663972,-122.45888888884424,120.77549610153608,LVO,ROUTE_MillsPeninsulaMedicalCenterSutter,0.4142257386361818,13.318333333333333,ROUTE_KaiserFoundationHospitalSouthSanFrancisco,0.3522266841951873,7.575,ROUTE_MillsPeninsulaMedicalCenterSutter,0.4142257386361818,13.318333333333333,ROUTE_KaiserFoundationHospitalSouthSanFrancisco,0.3522266841951873,7.575
38.088611111084525,-122.22888888884405,78.02504646473577,HEMORRHAGIC,ROUTE_JohnMuirMedicalCenterWalnutCreekCampus,0.42133773751446973,25.321666666666665,ROUTE_SutterSolanoMedicalCenter,0.36019540792067484,8.445,ROUTE_JohnMuirMedicalCenterWalnutCreekCampus,0.42133773751446973,25.321666666666665,ROUTE_SutterSolanoMedicalCenter,0.36019540792067484,8.445
37.9638888888622,-122.02777777773278,75.95502757892447,LVO,ROUTE_JohnMuirMedicalCenterWalnutCreekCampus,0.42486541882988643,12.273333333333333,ROUTE_JohnMuirMedicalCenterConcordCampus,0.3608896596437274,6.928333333333333,ROUTE_JohnMuirMedicalCenterWalnutCreekCampus,0.42486541882988643,12.273333333333333,ROUTE_JohnMuirMedicalCenterConcordCampus,0.3608896596437274,6.928333333333333
37.737777777750914,-122.19222222217736,185.09228635037147,LVO,ROUTE_SutterEdenMedicalCenter,0.33904900697961593,15.72,ROUTE_KaiserFoundationHospitalSanLeandro,0.34008874559813373,9.845,ROUTE_SutterEdenMedicalCenter,0.33904900697961593,15.72,ROUTE_KaiserFoundationHospitalSanLeandro,0.34008874559813373,9.845
37.566944444417445,-122.32666666662192,227.9230110461777,LVO,ROUTE_MillsPeninsulaMedicalCenterSutter,0.32734294144,11.376666666666667,ROUTE_MillsPeninsulaMedicalCenterSutter,0.32734294144,11.376666666666667,ROUTE_MillsPeninsulaMedicalCenterSutter,0.32734294144,11.376666666666667,ROUTE_MillsPeninsulaMedicalCenterSutter,0.32734294144,11.376666666666667
37.81027777775097,-122.25583333328852,147.58905934214215,HEMORRHAGIC,ROUTE_SutterEdenMedicalCenter,0.406421736574374,20.691666666666666,ROUTE_AltaBatesSummitMedicalCenterSummitCampus,0.3475219223913939,6.1483333333333325,ROUTE_SutterEdenMedicalCenter,0.406421736574374,20.691666666666666,ROUTE_AltaBatesSummitMedicalCenterSummitCampus,0.3475219223913939,6.1483333333333325
37.721111111084234,-122.45861111106646,47.55642695468303,NLVO,ROUTE_UCSFMedicalCenter,0.4313773738907867,12.981666666666666,ROUTE_CPMCMissionBernalCampusSutter,0.4257638252929364,8.678333333333335,ROUTE_UCSFMedicalCenter,0.4313773738907867,12.981666666666666,ROUTE_CPMCMissionBernalCampusSutter,0.4257638252929364,8.678333333333335
37.5372222221952,-122.03722222217723,267.59728842532604,LVO,ROUTE_WashingtonHospitalHealthcareSystem,0.32734294144,15.953333333333335,ROUTE_WashingtonHospitalHealthcareSystem,0.32734294144,15.953333333333335,ROUTE_SutterEdenMedicalCenter,0.32734294144,25.145,ROUTE_WashingtonHospitalHealthcareSystem,0.32734294144,15.953333333333335
37.755277777750926,-122.17472222217735,89.41189273398288,LVO,ROUTE_SutterEdenMedicalCenter,0.42084368918330206,16.058333333333334,ROUTE_HighlandHospitalWilmaChanCampus,0.3570010495384335,13.683333333333334,ROUTE_SutterEdenMedicalCenter,0.42084368918330206,16.058333333333334,ROUTE_HighlandHospitalWilmaChanCampus,0.3570010495384335,13.683333333333334
37.71805555552867,-122.16472222217733,254.91289420360357,LVO,ROUTE_SanLeandroHospitalAlamedaHealthSystem,0.32734294144,6.298333333333333,ROUTE_SanLeandroHospitalAlamedaHealthSystem,0.32734294144,6.298333333333333,ROUTE_SutterEdenMedicalCenter,0.32734294144,14.15,ROUTE_KaiserFoundationHospitalSanLeandro,0.32734294144,6.510000000000001
37.792499999973174,-122.20666666662181,124.29313352994242,HEMORRHAGIC,ROUTE_SutterEdenMedicalCenter,0.4125102682556762,17.275,ROUTE_HighlandHospitalWilmaChanCampus,0.3520193428566334,5.165,ROUTE_SutterEdenMedicalCenter,0.4125102682556762,17.275,ROUTE_HighlandHospitalWilmaChanCampus,0.3520193428566334,5.165
37.77972222219539,-122.44388888884423,131.14745017385678,LVO,ROUTE_CPMCDaviesCampusSutter,0.41358168303931764,5.75,ROUTE_KaiserFoundationHospitalSanFrancisco,0.3512003084843925,2.6983333333333333,ROUTE_CPMCDaviesCampusSutter,0.41358168303931764,5.75,ROUTE_KaiserFoundationHospitalSanFrancisco,0.3512003084843925,2.6983333333333333
37.44694444441735,-122.15416666662178,108.77297629936936,NLVO,ROUTE_StanfordHealthCare,0.418114189110129,8.465,ROUTE_StanfordHealthCare,0.418114189110129,8.465,ROUTE_StanfordHealthCare,0.418114189110129,8.465,ROUTE_StanfordHealthCare,0.418114189110129,8.465
38.30027777775136,-122.02666666662167,131.43102546677252,LVO,ROUTE_JohnMuirMedicalCenterWalnutCreekCampus,0.4042151577011297,46.605000000000004,ROUTE_NorthBayMedicalCenter,0.34880988975893823,15.305,ROUTE_JohnMuirMedicalCenterWalnutCreekCampus,0.4042151577011297,46.605000000000004,ROUTE_NorthBayMedicalCenter,0.34880988975893823,15.305
38.303888888862474,-122.31583333328857,66.66618690483342,LVO,ROUTE_JohnMuirMedicalCenterWalnutCreekCampus,0.4183223532470053,49.67166666666667,ROUTE_ProvidenceQueenOfTheValleyMedicalCenter,0.3623916568913126,8.493333333333334,ROUTE_JohnMuirMedicalCenterWalnutCreekCampus,0.4183223532470053,49.67166666666667,ROUTE_ProvidenceQueenOfTheValleyMedicalCenter,0.3623916568913126,8.493333333333334
37.98916666664,-122.09472222217728,168.73115943159257,LVO,ROUTE_JohnMuirMedicalCenterWalnutCreekCampus,0.3418128204017058,16.525,ROUTE_ContraCostaRegionalMedicalCenter,0.32734294144,7.118333333333334,ROUTE_JohnMuirMedicalCenterWalnutCreekCampus,0.3418128204017058,16.525,ROUTE_JohnMuirMedicalCenterConcordCampus,0.34316556083590005,8.983333333333333
37.95611111108442,-121.99888888884387,116.75077617705738,HEMORRHAGIC,ROUTE_JohnMuirMedicalCenterWalnutCreekCampus,0.41576895607058173,10.639999999999999,ROUTE_JohnMuirMedicalCenterConcordCampus,0.35257924550256786,9.718333333333334,ROUTE_JohnMuirMedicalCenterWalnutCreekCampus,0.41576895607058173,10.639999999999999,ROUTE_JohnMuirMedicalCenterConcordCampus,0.35257924550256786,9.718333333333334
37.8944444444177,-122.28555555551077,47.8494236377236,MIMIC,ROUTE_CPMCDaviesCampusSutter,0.42650616271389435,33.375,ROUTE_AltaBatesSummitMedicalCenterAltaBatesCampus,0.4015006234501583,15.504999999999999,ROUTE_CPMCDaviesCampusSutter,0.42650616271389435,33.375,ROUTE_KaiserFoundationHospitalRichmondCampus,0.3646865796260929,15.595
37.389722222195076,-122.09666666662173,167.21203403055,HEMORRHAGIC,ROUTE_ElCaminoHealthMountainView,0.404286630894222,10.506666666666666,ROUTE_ElCaminoHealthMountainView,0.404286630894222,10.506666666666666,ROUTE_ElCaminoHealthMountainView,0.404286630894222,10.506666666666666,ROUTE_ElCaminoHealthMountainView,0.404286630894222,10.506666666666666
37.52277777775074,-122.01055555551055,246.66081299315448,LVO,ROUTE_WashingtonHospitalHealthcareSystem,0.32734294144,11.231666666666666,ROUTE_WashingtonHospitalHealthcareSystem,0.32734294144,11.231666666666666,ROUTE_RegionalMedicalCenterOfSanJose,0.32734294144,24.37,ROUTE_WashingtonHospitalHealthcareSystem,0.32734294144,11.231666666666666
37.782222222195394,-122.40333333328864,48.18741448683354,LVO,ROUTE_CPMCDaviesCampusSutter,0.43191450306205015,10.078333333333335,ROUTE_UCSFHealthHydeHospital,0.42607387635559746,6.208333333333333,ROUTE_CPMCDaviesCampusSutter,0.43191450306205015,10.078333333333335,ROUTE_UCSFHealthHydeHospital,0.42607387635559746,6.208333333333333
37.87416666663991,-122.2724999999552,130.7999175311357,HEMORRHAGIC,ROUTE_JohnMuirMedicalCenterWalnutCreekCampus,0.4078028393159272,31.395,ROUTE_AltaBatesSummitMedicalCenterAltaBatesCampus,0.32734294144,8.918333333333333,ROUTE_JohnMuirMedicalCenterWalnutCreekCampus,0.4078028393159272,31.395,ROUTE_KaiserFoundationHospitalOaklandRichmond,0.34906291318078786,14.565
38.12638888886233,-122.23777777773294,173.93908633370572,HEMORRHAGIC,ROUTE_JohnMuirMedicalCenterWalnutCreekCampus,0.33848990623891845,30.045,ROUTE_SutterSolanoMedicalCenter,0.34342619807052177,2.328333333333333,ROUTE_JohnMuirMedicalCenterWalnutCreekCampus,0.33848990623891845,30.045,ROUTE_SutterSolanoMedicalCenter,0.34342619807052177,2.328333333333333
37.751111111084256,-121.9013888888438,151.6250041346986,MIMIC,ROUTE_SutterEdenMedicalCenter,0.4047825324633735,23.898333333333333,ROUTE_SanRamonRegionalMedicalCenter,0.3454144737299177,13.653333333333334,ROUTE_SutterEdenMedicalCenter,0.4047825324633735,23.898333333333333,ROUTE_SanRamonRegionalMedicalCenter,0.3454144737299177,13.653333333333334
37.629444444417494,-122.04083333328835,60.30642926561117,LVO,ROUTE_SutterEdenMedicalCenter,0.4263501717748077,21.583333333333332,ROUTE_StRoseHospital,0.39969310842952394,12.131666666666666,ROUTE_SutterEdenMedicalCenter,0.4263501717748077,21.583333333333332,ROUTE_KaiserFoundationHospitalSanLeandro,0.36141113714539214,19.89
37.7972222221954,-122.24777777773296,76.06404390990437,NLVO,ROUTE_SutterEdenMedicalCenter,0.42294604639072486,20.378333333333334,ROUTE_HighlandHospitalWilmaChanCampus,0.361627922332251,3.018333333333333,ROUTE_SutterEdenMedicalCenter,0.42294604639072486,20.378333333333334,ROUTE_HighlandHospitalWilmaChanCampus,0.361627922332251,3.018333333333333
37.82972222219543,-121.93944444439938,230.43154325039268,LVO,ROUTE_SanRamonRegionalMedicalCenter,0.32734294144,15.291666666666666,ROUTE_SanRamonRegionalMedicalCenter,0.32734294144,15.291666666666666,ROUTE_JohnMuirMedicalCenterWalnutCreekCampus,0.32734294144,22.71333333333333,ROUTE_SanRamonRegionalMedicalCenter,0.32734294144,15.291666666666666
38.25277777775133,-122.01388888884388,58.0212972588229,LVO,ROUTE_JohnMuirMedicalCenterWalnutCreekCampus,0.42138569008742627,45.11833333333333,ROUTE_NorthBayMedicalCenter,0.3636337529906199,10.785,ROUTE_JohnMuirMedicalCenterWalnutCreekCampus,0.42138569008742627,45.11833333333333,ROUTE_NorthBayMedicalCenter,0.3636337529906199,10.785
38.26055555552911,-122.04722222217724,198.74427158514305,LVO,ROUTE_NorthBayMedicalCenter,0.33917078751922625,1.3783333333333334,ROUTE_NorthBayMedicalCenter,0.33917078751922625,1.3783333333333334,ROUTE_JohnMuirMedicalCenterWalnutCreekCampus,0.32734294144,40.66833333333333,ROUTE_NorthBayMedicalCenter,0.33917078751922625,1.3783333333333334
37.471111111084035,-122.26611111106631,176.62262988215014,NLVO,ROUTE_KaiserFoundationHospitalRedwoodCity,0.3404403219562117,16.333333333333332,ROUTE_SequoiaHospital,0.3417911902816405,8.754999999999999,ROUTE_KaiserFoundationHospitalRedwoodCity,0.3404403219562117,16.333333333333332,ROUTE_SequoiaHospital,0.3417911902816405,8.754999999999999
38.08527777775119,-122.16166666662178,216.6542310017389,HEMORRHAGIC,ROUTE_SutterSolanoMedicalCenter,0.32734294144,16.57,ROUTE_SutterSolanoMedicalCenter,0.32734294144,16.57,ROUTE_JohnMuirMedicalCenterWalnutCreekCampus,0.32734294144,27.575,ROUTE_SutterSolanoMedicalCenter,0.32734294144,16.57
37.94777777775108,-122.09805555551061,49.283831731923364,HEMORRHAGIC,ROUTE_JohnMuirMedicalCenterWalnutCreekCampus,0.4306007734120848,14.541666666666666,ROUTE_ContraCostaRegionalMedicalCenter,0.4017562279662948,12.51,ROUTE_JohnMuirMedicalCenterWalnutCreekCampus,0.4306007734120848,14.541666666666666,ROUTE_JohnMuirMedicalCenterConcordCampus,0.42393447751996866,12.758333333333333
37.558611111084105,-122.27194444439965,74.09218366047818,NLVO,ROUTE_MillsPeninsulaMedicalCenterSutter,0.42464472151902133,15.08,ROUTE_SanMateoMedicalCenter,0.3355372716467132,10.113333333333333,ROUTE_MillsPeninsulaMedicalCenterSutter,0.42464472151902133,15.08,ROUTE_MillsPeninsulaMedicalCenterSutter,0.42464472151902133,15.08
37.52972222219519,-122.27805555551076,79.30945388267476,LVO,ROUTE_KaiserFoundationHospitalRedwoodCity,0.42416963536463137,11.893333333333334,ROUTE_SanMateoMedicalCenter,0.3350356982469963,7.79,ROUTE_KaiserFoundationHospitalRedwoodCity,0.42416963536463137,11.893333333333334,ROUTE_KaiserFoundationHospitalRedwoodCity,0.42416963536463137,11.893333333333334
37.72416666663979,-121.92999999995493,265.81271984561596,LVO,ROUTE_SanRamonRegionalMedicalCenter,0.32734294144,12.286666666666667,ROUTE_SanRamonRegionalMedicalCenter,0.32734294144,12.286666666666667,ROUTE_SutterEdenMedicalCenter,0.32734294144,20.375,ROUTE_SanRamonRegionalMedicalCenter,0.32734294144,12.286666666666667
37.42972222219511,-121.96777777773273,232.4316462075188,LVO,ROUTE_OConnorHospital,0.32734294144,19.84,ROUTE_OConnorHospital,0.32734294144,19.84,ROUTE_ElCaminoHealthMountainView,0.32734294144,20.785,ROUTE_OConnorHospital,0.32734294144,19.84
37.56249999997299,-122.04527777773279,92.96092879140492,HEMORRHAGIC,ROUTE_SutterEdenMedicalCenter,0.41840306351190926,23.028333333333332,ROUTE_StRoseHospital,0.32734294144,13.866666666666667,ROUTE_SutterEdenMedicalCenter,0.41840306351190926,23.028333333333332,ROUTE_WashingtonHospitalHealthcareSystem,0.35536781780514004,18.71833333333333
37.338333333306146,-122.03722222217723,237.28091956684875,LVO,ROUTE_KaiserFoundationHospitalSantaClara,0.32734294144,10.528333333333334,ROUTE_KaiserFoundationHospitalSantaClara,0.32734294144,10.528333333333334,ROUTE_KaiserFoundationHospitalSantaClara,0.32734294144,10.528333333333334,ROUTE_KaiserFoundationHospitalSantaClara,0.32734294144,10.528333333333334
37.8591666666399,-122.26027777773297,56.00324856558026,HEMORRHAGIC,ROUTE_JohnMuirMedicalCenterWalnutCreekCampus,0.42637167515029467,25.795,ROUTE_AltaBatesSummitMedicalCenterAltaBatesCampus,0.4027020620201524,1.9983333333333335,ROUTE_JohnMuirMedicalCenterWalnutCreekCampus,0.42637167515029467,25.795,ROUTE_KaiserFoundationHospitalOaklandRichmond,0.4223525357134173,11.123333333333333
37.79749999997318,-122.26416666662186,141.16631475549667,NLVO,ROUTE_SutterEdenMedicalCenter,0.4074747172346154,22.473333333333336,ROUTE_HighlandHospitalWilmaChanCampus,0.3484728160484924,7.3983333333333325,ROUTE_SutterEdenMedicalCenter,0.4074747172346154,22.473333333333336,ROUTE_HighlandHospitalWilmaChanCampus,0.3484728160484924,7.3983333333333325
37.759999999973154,-122.47999999995537,257.01646579054517,HEMORRHAGIC,ROUTE_UCSFMedicalCenter,0.32734294144,5.175,ROUTE_UCSFMedicalCenter,0.32734294144,5.175,ROUTE_UCSFMedicalCenter,0.32734294144,5.175,ROUTE_UCSFMedicalCenter,0.32734294144,5.175
37.771111111084274,-122.4455555555109,183.9104146654623,HEMORRHAGIC,ROUTE_CPMCDaviesCampusSutter,0.3415211465596155,2.978333333333333,ROUTE_UCSFHealthStanyanHospital,0.3416116427672848,2.4716666666666667,ROUTE_CPMCDaviesCampusSutter,0.3415211465596155,2.978333333333333,ROUTE_UCSFHealthStanyanHospital,0.3416116427672848,2.4716666666666667
37.771111111084274,-122.2561111110663,48.3588228384038,LVO,ROUTE_SutterEdenMedicalCenter,0.42926041480730015,21.151666666666664,ROUTE_AlamedaHospital,0.426010912999432,2.8183333333333334,ROUTE_SutterEdenMedicalCenter,0.42926041480730015,21.151666666666664,ROUTE_AlamedaHospital,0.426010912999432,2.8183333333333334
37.711388888862004,-122.43222222217756,191.52845243131196,MIMIC,ROUTE_CPMCDaviesCampusSutter,0.33775450565672893,16.64,ROUTE_CPMCMissionBernalCampusSutter,0.3388575354531527,10.368333333333334,ROUTE_CPMCDaviesCampusSutter,0.33775450565672893,16.64,ROUTE_CPMCMissionBernalCampusSutter,0.3388575354531527,10.368333333333334
37.727499999973126,-121.91361111106602,118.29578463427829,LVO,ROUTE_SutterEdenMedicalCenter,0.4133296011458405,19.7,ROUTE_StanfordHealthCareTriValley,0.3519090569552895,11.753333333333334,ROUTE_SutterEdenMedicalCenter,0.4133296011458405,19.7,ROUTE_StanfordHealthCareTriValley,0.3519090569552895,11.753333333333334
37.963611111084425,-121.75777777773257,31.070030320450925,LVO,ROUTE_JohnMuirMedicalCenterWalnutCreekCampus,0.4299291878890513,35.60166666666667,ROUTE_KaiserFoundationHospitalAntioch,0.4282789051237271,6.091666666666667,ROUTE_JohnMuirMedicalCenterWalnutCreekCampus,0.4299291878890513,35.60166666666667,ROUTE_KaiserFoundationHospitalAntioch,0.4282789051237271,6.091666666666667
37.35833333330616,-122.08972222217727,53.63558577382729,HEMORRHAGIC,ROUTE_ElCaminoHealthMountainView,0.43176657356379106,5.256666666666666,ROUTE_ElCaminoHealthMountainView,0.43176657356379106,5.256666666666666,ROUTE_ElCaminoHealthMountainView,0.43176657356379106,5.256666666666666,ROUTE_ElCaminoHealthMountainView,0.43176657356379106,5.256666666666666
37.83944444441766,-122.28444444439965,256.48614021806804,MIMIC,ROUTE_AltaBatesSummitMedicalCenterAltaBatesCampus,0.32734294144,8.536666666666667,ROUTE_AltaBatesSummitMedicalCenterAltaBatesCampus,0.32734294144,8.536666666666667,ROUTE_CPMCDaviesCampusSutter,0.32734294144,24.945,ROUTE_KaiserFoundationHospitalOaklandRichmond,0.32734294144,8.648333333333333
37.78055555552872,-122.21611111106627,60.93293769771785,HEMORRHAGIC,ROUTE_SutterEdenMedicalCenter,0.42695729490805695,18.37,ROUTE_HighlandHospitalWilmaChanCampus,0.42217959412993694,7.621666666666667,ROUTE_SutterEdenMedicalCenter,0.42695729490805695,18.37,ROUTE_HighlandHospitalWilmaChanCampus,0.42217959412993694,7.621666666666667
37.66111111108418,-121.79194444439926,192.42635654162436,LVO,ROUTE_StanfordHealthCareTriValley,0.3374488636534505,17.485,ROUTE_StanfordHealthCareTriValley,0.3374488636534505,17.485,ROUTE_SutterEdenMedicalCenter,0.33546172302750454,28.883333333333333,ROUTE_StanfordHealthCareTriValley,0.3374488636534505,17.485
37.77222222219538,-122.44361111106645,186.02364270980877,HEMORRHAGIC,ROUTE_CPMCDaviesCampusSutter,0.3410732011939395,3.3766666666666665,ROUTE_CPMCDaviesCampusSutter,0.3410732011939395,3.3766666666666665,ROUTE_CPMCDaviesCampusSutter,0.3410732011939395,3.3766666666666665,ROUTE_CPMCDaviesCampusSutter,0.3410732011939395,3.3766666666666665
37.814999999973196,-121.97166666662163,194.73167766545998,HEMORRHAGIC,ROUTE_SanRamonRegionalMedicalCenter,0.3381499924614434,11.185,ROUTE_SanRamonRegionalMedicalCenter,0.3381499924614434,11.185,ROUTE_JohnMuirMedicalCenterWalnutCreekCampus,0.3366655719880541,19.66,ROUTE_SanRamonRegionalMedicalCenter,0.3381499924614434,11.185
37.500277777750725,-122.27305555551075,249.43694277266448,NLVO,ROUTE_SequoiaHospital,0.32734294144,8.335,ROUTE_SequoiaHospital,0.32734294144,8.335,ROUTE_KaiserFoundationHospitalRedwoodCity,0.32734294144,14.143333333333334,ROUTE_SequoiaHospital,0.32734294144,8.335
37.93388888886218,-121.72055555551032,120.48166338978639,HEMORRHAGIC,ROUTE_JohnMuirMedicalCenterWalnutCreekCampus,0.40856168984825164,38.375,ROUTE_KaiserFoundationHospitalAntioch,0.35129596357063386,12.85,ROUTE_JohnMuirMedicalCenterWalnutCreekCampus,0.40856168984825164,38.375,ROUTE_KaiserFoundationHospitalAntioch,0.35129596357063386,12.85
37.692499999973094,-121.76666666662146,210.43129322517453,LVO,ROUTE_StanfordHealthCareTriValley,0.32734294144,14.815,ROUTE_StanfordHealthCareTriValley,0.32734294144,14.815,ROUTE_SutterEdenMedicalCenter,0.32734294144,26.21333333333333,ROUTE_StanfordHealthCareTriValley,0.32734294144,14.815
38.35083333330696,-122.25555555551074,208.27041198182673,LVO,ROUTE_ProvidenceQueenOfTheValleyMedicalCenter,0.33610910792924303,9.313333333333333,ROUTE_ProvidenceQueenOfTheValleyMedicalCenter,0.33610910792924303,9.313333333333333,ROUTE_JohnMuirMedicalCenterWalnutCreekCampus,0.32734294144,58.58833333333334,ROUTE_ProvidenceQueenOfTheValleyMedicalCenter,0.33610910792924303,9.313333333333333
37.73194444441757,-122.43749999995534,152.45647323313796,LVO,ROUTE_CPMCDaviesCampusSutter,0.40754785003548616,10.860000000000001,ROUTE_CPMCMissionBernalCampusSutter,0.34691572863299186,4.59,ROUTE_CPMCDaviesCampusSutter,0.40754785003548616,10.860000000000001,ROUTE_CPMCMissionBernalCampusSutter,0.34691572863299186,4.59
37.559999999972995,-122.26611111106631,85.69538123138871,HEMORRHAGIC,ROUTE_MillsPeninsulaMedicalCenterSutter,0.4219766132947221,14.906666666666666,ROUTE_SanMateoMedicalCenter,0.32734294144,11.908333333333333,ROUTE_MillsPeninsulaMedicalCenterSutter,0.4219766132947221,14.906666666666666,ROUTE_MillsPeninsulaMedicalCenterSutter,0.4219766132947221,14.906666666666666
38.14944444441791,-122.24805555551073,241.6853934046891,LVO,ROUTE_SutterSolanoMedicalCenter,0.32734294144,5.636666666666667,ROUTE_SutterSolanoMedicalCenter,0.32734294144,5.636666666666667,ROUTE_JohnMuirMedicalCenterWalnutCreekCampus,0.32734294144,35.625,ROUTE_SutterSolanoMedicalCenter,0.32734294144,5.636666666666667
38.31611111108471,-122.30305555551078,97.0463349355414,MIMIC,ROUTE_JohnMuirMedicalCenterWalnutCreekCampus,0.41113211401532757,50.541666666666664,ROUTE_ProvidenceQueenOfTheValleyMedicalCenter,0.3573869603602507,4.03,ROUTE_JohnMuirMedicalCenterWalnutCreekCampus,0.41113211401532757,50.541666666666664,ROUTE_ProvidenceQueenOfTheValleyMedicalCenter,0.3573869603602507,4.03
37.72916666663979,-122.18555555551069,106.560878875098,LVO,ROUTE_SutterEdenMedicalCenter,0.4170475236871325,15.29,ROUTE_KaiserFoundationHospitalSanLeandro,0.3545545410178155,9.413333333333332,ROUTE_SutterEdenMedicalCenter,0.4170475236871325,15.29,ROUTE_KaiserFoundationHospitalSanLeandro,0.3545545410178155,9.413333333333332
37.87833333330658,-122.53305555551097,42.58995502884969,HEMORRHAGIC,ROUTE_UCSFMedicalCenter,0.4293296113570648,26.626666666666665,ROUTE_MarinHealthMedicalCenter,0.3653471778348371,17.5,ROUTE_UCSFMedicalCenter,0.4293296113570648,26.626666666666665,ROUTE_MarinHealthMedicalCenter,0.3653471778348371,17.5
37.87833333330658,-122.44777777773312,172.27413950906364,HEMORRHAGIC,ROUTE_MarinHealthMedicalCenter,0.3396404777064335,25.191666666666666,ROUTE_MarinHealthMedicalCenter,0.3396404777064335,25.191666666666666,ROUTE_UCSFMedicalCenter,0.33670749815139756,41.876666666666665,ROUTE_MarinHealthMedicalCenter,0.3396404777064335,25.191666666666666
37.949722222195525,-122.53694444439985,236.7894049868048,LVO,ROUTE_MarinHealthMedicalCenter,0.32734294144,3.0533333333333332,ROUTE_MarinHealthMedicalCenter,0.32734294144,3.0533333333333332,ROUTE_UCSFMedicalCenter,0.32734294144,35.68,ROUTE_MarinHealthMedicalCenter,0.32734294144,3.0533333333333332
37.75777777775093,-122.50249999995539,83.99451238230222,LVO,ROUTE_UCSFMedicalCenter,0.4235277082094331,9.956666666666667,ROUTE_UCSFMedicalCenter,0.4235277082094331,9.956666666666667,ROUTE_UCSFMedicalCenter,0.4235277082094331,9.956666666666667,ROUTE_UCSFMedicalCenter,0.4235277082094331,9.956666666666667
37.774722222195386,-121.98833333328831,161.27018597838773,NLVO,ROUTE_JohnMuirMedicalCenterWalnutCreekCampus,0.3424331100124793,20.521666666666665,ROUTE_SanRamonRegionalMedicalCenter,0.34484753989514316,7.131666666666666,ROUTE_JohnMuirMedicalCenterWalnutCreekCampus,0.3424331100124793,20.521666666666665,ROUTE_SanRamonRegionalMedicalCenter,0.34484753989514316,7.131666666666666
37.84166666663988,-122.20833333328848,238.2401907505533,LVO,ROUTE_AltaBatesSummitMedicalCenterAltaBatesCampus,0.32734294144,10.446666666666665,ROUTE_AltaBatesSummitMedicalCenterAltaBatesCampus,0.32734294144,10.446666666666665,ROUTE_SutterEdenMedicalCenter,0.32734294144,20.3,ROUTE_KaiserFoundationHospitalOaklandRichmond,0.32734294144,10.861666666666668
38.343055555529176,-122.31249999995524,47.843105916002926,LVO,ROUTE_JohnMuirMedicalCenterWalnutCreekCampus,0.42208316955810754,52.30166666666666,ROUTE_ProvidenceQueenOfTheValleyMedicalCenter,0.3665792819069246,6.015,ROUTE_JohnMuirMedicalCenterWalnutCreekCampus,0.42208316955810754,52.30166666666666,ROUTE_ProvidenceQueenOfTheValleyMedicalCenter,0.3665792819069246,6.015
37.75333333330648,-122.3936111110664,118.01782782115963,HEMORRHAGIC,ROUTE_CPMCDaviesCampusSutter,0.4151016911140277,12.270000000000001,ROUTE_ZuckerbergSanFranciscoGeneralHospital,0.3528611642377094,6.948333333333333,ROUTE_CPMCDaviesCampusSutter,0.4151016911140277,12.270000000000001,ROUTE_ZuckerbergSanFranciscoGeneralHospital,0.3528611642377094,6.948333333333333
37.683611111084204,-122.11444444439952,227.98204366687918,NLVO,ROUTE_SutterEdenMedicalCenter,0.32734294144,7.816666666666666,ROUTE_SutterEdenMedicalCenter,0.32734294144,7.816666666666666,ROUTE_SutterEdenMedicalCenter,0.32734294144,7.816666666666666,ROUTE_SutterEdenMedicalCenter,0.32734294144,7.816666666666666
37.792499999973174,-121.98027777773275,97.37369853804293,LVO,ROUTE_JohnMuirMedicalCenterWalnutCreekCampus,0.4183166012470361,18.990000000000002,ROUTE_SanRamonRegionalMedicalCenter,0.35676908474373714,6.9383333333333335,ROUTE_JohnMuirMedicalCenterWalnutCreekCampus,0.4183166012470361,18.990000000000002,ROUTE_SanRamonRegionalMedicalCenter,0.35676908474373714,6.9383333333333335
37.97361111108443,-122.32444444439969,131.95882738426425,HEMORRHAGIC,ROUTE_JohnMuirMedicalCenterWalnutCreekCampus,0.4069177040470658,34.13333333333333,ROUTE_KaiserFoundationHospitalRichmondCampus,0.3491773397306949,12.788333333333332,ROUTE_JohnMuirMedicalCenterWalnutCreekCampus,0.4069177040470658,34.13333333333333,ROUTE_KaiserFoundationHospitalRichmondCampus,0.3491773397306949,12.788333333333332
37.375833333306176,-122.0477777777328,119.59350232638444,LVO,ROUTE_ElCaminoHealthMountainView,0.41521302370388863,10.21,ROUTE_ElCaminoHealthMountainView,0.41521302370388863,10.21,ROUTE_ElCaminoHealthMountainView,0.41521302370388863,10.21,ROUTE_ElCaminoHealthMountainView,0.41521302370388863,10.21
37.94083333330663,-121.96777777773273,248.74294643676916,NLVO,ROUTE_JohnMuirMedicalCenterWalnutCreekCampus,0.32734294144,11.796666666666665,ROUTE_JohnMuirMedicalCenterWalnutCreekCampus,0.32734294144,11.796666666666665,ROUTE_JohnMuirMedicalCenterWalnutCreekCampus,0.32734294144,11.796666666666665,ROUTE_JohnMuirMedicalCenterWalnutCreekCampus,0.32734294144,11.796666666666665
37.53944444441742,-122.31916666662191,32.893283921216465,LVO,ROUTE_KaiserFoundationHospitalRedwoodCity,0.4338744726009066,17.098333333333336,ROUTE_SanMateoMedicalCenter,0.4068519185004005,5.9399999999999995,ROUTE_KaiserFoundationHospitalRedwoodCity,0.4338744726009066,17.098333333333336,ROUTE_KaiserFoundationHospitalRedwoodCity,0.4338744726009066,17.098333333333336
38.09444444441786,-122.27416666662187,44.398058188460766,HEMORRHAGIC,ROUTE_JohnMuirMedicalCenterWalnutCreekCampus,0.42631222495866194,37.65333333333333,ROUTE_KaiserFoundationHospitalVallejo,0.4243039770558502,11.128333333333334,ROUTE_JohnMuirMedicalCenterWalnutCreekCampus,0.42631222495866194,37.65333333333333,ROUTE_KaiserFoundationHospitalVallejo,0.4243039770558502,11.128333333333334
37.45472222219513,-122.22166666662183,211.39731905057093,LVO,ROUTE_SequoiaHospital,0.33554618727657326,9.425,ROUTE_SequoiaHospital,0.33554618727657326,9.425,ROUTE_KaiserFoundationHospitalRedwoodCity,0.33528647535426986,10.921666666666665,ROUTE_SequoiaHospital,0.33554618727657326,9.425
37.52916666663963,-122.28277777773299,122.16201103194335,LVO,ROUTE_KaiserFoundationHospitalRedwoodCity,0.4142855107074239,11.673333333333334,ROUTE_SanMateoMedicalCenter,0.32734294144,6.243333333333334,ROUTE_KaiserFoundationHospitalRedwoodCity,0.4142855107074239,11.673333333333334,ROUTE_KaiserFoundationHospitalRedwoodCity,0.4142855107074239,11.673333333333334
37.58861111108413,-122.02861111106611,226.272971485134,LVO,ROUTE_StRoseHospital,0.32734294144,12.001666666666667,ROUTE_StRoseHospital,0.32734294144,12.001666666666667,ROUTE_SutterEdenMedicalCenter,0.32734294144,21.163333333333334,ROUTE_WashingtonHospitalHealthcareSystem,0.32734294144,14.504999999999999
37.67555555552864,-122.07527777773282,169.406022470694,HEMORRHAGIC,ROUTE_SutterEdenMedicalCenter,0.40383210731763125,10.328333333333335,ROUTE_SutterEdenMedicalCenter,0.40383210731763125,10.328333333333335,ROUTE_SutterEdenMedicalCenter,0.40383210731763125,10.328333333333335,ROUTE_SutterEdenMedicalCenter,0.40383210731763125,10.328333333333335
37.77916666663983,-122.46972222217758,178.65006097170863,LVO,ROUTE_UCSFMedicalCenter,0.34155597485604,8.043333333333333,ROUTE_UCSFHealthStanyanHospital,0.3420808663792601,5.108333333333333,ROUTE_UCSFMedicalCenter,0.34155597485604,8.043333333333333,ROUTE_UCSFHealthStanyanHospital,0.3420808663792601,5.108333333333333
37.35722222219505,-122.0288888888439,52.465353309681284,LVO,ROUTE_KaiserFoundationHospitalSantaClara,0.43056020602535816,11.533333333333333,ROUTE_KaiserFoundationHospitalSantaClara,0.43056020602535816,11.533333333333333,ROUTE_KaiserFoundationHospitalSantaClara,0.43056020602535816,11.533333333333333,ROUTE_KaiserFoundationHospitalSantaClara,0.43056020602535816,11.533333333333333
37.52611111108408,-122.03944444439946,51.08773559106666,HEMORRHAGIC,ROUTE_SutterEdenMedicalCenter,0.42736333563753454,26.486666666666668,ROUTE_WashingtonHospitalHealthcareSystem,0.363785771307562,16.941666666666666,ROUTE_SutterEdenMedicalCenter,0.42736333563753454,26.486666666666668,ROUTE_WashingtonHospitalHealthcareSystem,0.363785771307562,16.941666666666666
37.783611111084284,-121.94138888884383,259.6465402531684,HEMORRHAGIC,ROUTE_SanRamonRegionalMedicalCenter,0.32734294144,6.745,ROUTE_SanRamonRegionalMedicalCenter,0.32734294144,6.745,ROUTE_JohnMuirMedicalCenterWalnutCreekCampus,0.32734294144,23.598333333333336,ROUTE_SanRamonRegionalMedicalCenter,0.32734294144,6.745
37.98694444441778,-122.04583333328836,51.78211484771242,MIMIC,ROUTE_JohnMuirMedicalCenterWalnutCreekCampus,0.42990574292747336,14.99,ROUTE_JohnMuirMedicalCenterConcordCampus,0.42532295494030475,4.39,ROUTE_JohnMuirMedicalCenterWalnutCreekCampus,0.42990574292747336,14.99,ROUTE_JohnMuirMedicalCenterConcordCampus,0.42532295494030475,4.39
37.783055555528726,-122.22722222217739,220.3410722619763,LVO,ROUTE_HighlandHospitalWilmaChanCampus,0.3348954203379182,4.236666666666666,ROUTE_HighlandHospitalWilmaChanCampus,0.3348954203379182,4.236666666666666,ROUTE_SutterEdenMedicalCenter,0.32734294144,20.371666666666666,ROUTE_HighlandHospitalWilmaChanCampus,0.3348954203379182,4.236666666666666
37.67333333330642,-122.10055555551062,38.71702387113028,HEMORRHAGIC,ROUTE_SutterEdenMedicalCenter,0.43386619291626155,11.31,ROUTE_StRoseHospital,0.4049566840338728,10.24,ROUTE_SutterEdenMedicalCenter,0.43386619291626155,11.31,ROUTE_SutterEdenMedicalCenter,0.43386619291626155,11.31
37.790555555528734,-122.1574999999551,209.48500573440728,HEMORRHAGIC,ROUTE_HighlandHospitalWilmaChanCampus,0.3351020148726833,13.9,ROUTE_HighlandHospitalWilmaChanCampus,0.3351020148726833,13.9,ROUTE_SutterEdenMedicalCenter,0.32734294144,21.355,ROUTE_HighlandHospitalWilmaChanCampus,0.3351020148726833,13.9
37.400277777750645,-122.2005555555107,174.74115585251707,MIMIC,ROUTE_StanfordHealthCare,0.3405674262064013,17.5,ROUTE_StanfordHealthCare,0.3405674262064013,17.5,ROUTE_StanfordHealthCare,0.3405674262064013,17.5,ROUTE_StanfordHealthCare,0.3405674262064013,17.5
38.03222222219559,-121.97999999995497,39.15424601046615,HEMORRHAGIC,ROUTE_JohnMuirMedicalCenterWalnutCreekCampus,0.4314927185596167,20.896666666666665,ROUTE_JohnMuirMedicalCenterConcordCampus,0.42671731321901807,11.136666666666667,ROUTE_JohnMuirMedicalCenterWalnutCreekCampus,0.4314927185596167,20.896666666666665,ROUTE_JohnMuirMedicalCenterConcordCampus,0.42671731321901807,11.136666666666667
37.72499999997312,-121.92666666662159,109.3903114899001,HEMORRHAGIC,ROUTE_SutterEdenMedicalCenter,0.415436261742292,19.445,ROUTE_SanRamonRegionalMedicalCenter,0.3533865488725593,12.778333333333334,ROUTE_SutterEdenMedicalCenter,0.415436261742292,19.445,ROUTE_SanRamonRegionalMedicalCenter,0.3533865488725593,12.778333333333334
37.36999999997284,-122.0477777777328,226.81413199825232,HEMORRHAGIC,ROUTE_ElCaminoHealthMountainView,0.32734294144,10.426666666666668,ROUTE_ElCaminoHealthMountainView,0.32734294144,10.426666666666668,ROUTE_ElCaminoHealthMountainView,0.32734294144,10.426666666666668,ROUTE_ElCaminoHealthMountainView,0.32734294144,10.426666666666668
37.681388888861974,-121.74583333328812,61.6929784841568,HEMORRHAGIC,ROUTE_SutterEdenMedicalCenter,0.4238571180674609,30.846666666666668,ROUTE_StanfordHealthCareTriValley,0.36122750455076436,19.45,ROUTE_SutterEdenMedicalCenter,0.4238571180674609,30.846666666666668,ROUTE_StanfordHealthCareTriValley,0.36122750455076436,19.45
37.806388888862074,-122.21333333328849,83.11910537611325,MIMIC,ROUTE_SutterEdenMedicalCenter,0.42176017830451273,18.41166666666667,ROUTE_HighlandHospitalWilmaChanCampus,0.36001477177976976,4.285,ROUTE_SutterEdenMedicalCenter,0.42176017830451273,18.41166666666667,ROUTE_HighlandHospitalWilmaChanCampus,0.36001477177976976,4.285
37.341111111083926,-122.04083333328835,47.46062411210719,LVO,ROUTE_KaiserFoundationHospitalSantaClara,0.43186316957357,11.023333333333333,ROUTE_KaiserFoundationHospitalSantaClara,0.43186316957357,11.023333333333333,ROUTE_KaiserFoundationHospitalSantaClara,0.43186316957357,11.023333333333333,ROUTE_KaiserFoundationHospitalSantaClara,0.43186316957357,11.023333333333333
37.755833333306484,-122.17638888884402,170.71493742639746,LVO,ROUTE_SutterEdenMedicalCenter,0.3416114302782617,15.668333333333333,ROUTE_HighlandHospitalWilmaChanCampus,0.3420360449974545,13.293333333333333,ROUTE_SutterEdenMedicalCenter,0.3416114302782617,15.668333333333333,ROUTE_HighlandHospitalWilmaChanCampus,0.3420360449974545,13.293333333333333
37.98611111108444,-122.57583333328877,146.05285104005844,HEMORRHAGIC,ROUTE_UCSFMedicalCenter,0.3408288660003768,44.718333333333334,ROUTE_MarinHealthMedicalCenter,0.3467148212077071,12.091666666666667,ROUTE_UCSFMedicalCenter,0.3408288660003768,44.718333333333334,ROUTE_MarinHealthMedicalCenter,0.3467148212077071,12.091666666666667
38.270555555529114,-122.64194444439994,47.23717174084555,LVO,ROUTE_UCSFMedicalCenter,0.4191516866970304,65.52166666666668,ROUTE_PetalumaValleyHospitalProvidence,0.3667487439987094,5.765,ROUTE_UCSFMedicalCenter,0.4191516866970304,65.52166666666668,ROUTE_PetalumaValleyHospitalProvidence,0.3667487439987094,5.765
37.774722222195386,-122.46638888884425,123.95536620878366,MIMIC,ROUTE_UCSFMedicalCenter,0.41497536818729447,6.88,ROUTE_UCSFHealthStanyanHospital,0.35231092749293497,3.945,ROUTE_UCSFMedicalCenter,0.41497536818729447,6.88,ROUTE_UCSFHealthStanyanHospital,0.35231092749293497,3.945
37.3805555555284,-122.09972222217729,193.84438682081088,LVO,ROUTE_ElCaminoHealthMountainView,0.33871150884595524,8.881666666666666,ROUTE_ElCaminoHealthMountainView,0.33871150884595524,8.881666666666666,ROUTE_ElCaminoHealthMountainView,0.33871150884595524,8.881666666666666,ROUTE_ElCaminoHealthMountainView,0.33871150884595524,8.881666666666666
37.456388888861795,-122.426666666622,132.00074785184154,HEMORRHAGIC,ROUTE_MillsPeninsulaMedicalCenterSutter,0.40827043538894114,28.136666666666667,ROUTE_SanMateoMedicalCenter,0.32734294144,27.926666666666666,ROUTE_MillsPeninsulaMedicalCenterSutter,0.40827043538894114,28.136666666666667,ROUTE_MillsPeninsulaMedicalCenterSutter,0.40827043538894114,28.136666666666667
37.743888888862024,-122.50444444439984,93.61019828670811,HEMORRHAGIC,ROUTE_UCSFMedicalCenter,0.4207390845709906,12.31,ROUTE_UCSFMedicalCenter,0.4207390845709906,12.31,ROUTE_UCSFMedicalCenter,0.4207390845709906,12.31,ROUTE_UCSFMedicalCenter,0.4207390845709906,12.31
37.35055555552838,-122.02999999995501,123.5639430996026,LVO,ROUTE_KaiserFoundationHospitalSantaClara,0.4142776325354932,10.305,ROUTE_KaiserFoundationHospitalSantaClara,0.4142776325354932,10.305,ROUTE_KaiserFoundationHospitalSantaClara,0.4142776325354932,10.305,ROUTE_KaiserFoundationHospitalSantaClara,0.4142776325354932,10.305
38.0119444444178,-122.58499999995546,43.61936652047401,HEMORRHAGIC,ROUTE_UCSFMedicalCenter,0.42341524343256637,50.81333333333334,ROUTE_MarinHealthMedicalCenter,0.3650090201097204,18.186666666666667,ROUTE_UCSFMedicalCenter,0.42341524343256637,50.81333333333334,ROUTE_MarinHealthMedicalCenter,0.3650090201097204,18.186666666666667
37.778611111084274,-122.21638888884405,35.47117771084916,HEMORRHAGIC,ROUTE_SutterEdenMedicalCenter,0.43301195512396495,18.158333333333335,ROUTE_HighlandHospitalWilmaChanCampus,0.42819920084864943,7.665,ROUTE_SutterEdenMedicalCenter,0.43301195512396495,18.158333333333335,ROUTE_HighlandHospitalWilmaChanCampus,0.42819920084864943,7.665
37.731388888862014,-122.4847222221776,213.7794221758316,LVO,ROUTE_UCSFMedicalCenter,0.3349393132431446,10.545,ROUTE_UCSFMedicalCenter,0.3349393132431446,10.545,ROUTE_UCSFMedicalCenter,0.3349393132431446,10.545,ROUTE_UCSFMedicalCenter,0.3349393132431446,10.545
37.63111111108416,-122.06999999995504,167.070733134486,LVO,ROUTE_SutterEdenMedicalCenter,0.34228383569123805,15.555,ROUTE_StRoseHospital,0.32734294144,4.806666666666667,ROUTE_SutterEdenMedicalCenter,0.34228383569123805,15.555,ROUTE_KaiserFoundationHospitalSanLeandro,0.34258749402244515,13.861666666666668
37.91555555552883,-121.58916666662132,136.8587280942932,HEMORRHAGIC,ROUTE_JohnMuirMedicalCenterWalnutCreekCampus,0.34039633307394446,56.345,ROUTE_KaiserFoundationHospitalAntioch,0.344978646718854,30.82,ROUTE_JohnMuirMedicalCenterWalnutCreekCampus,0.34039633307394446,56.345,ROUTE_KaiserFoundationHospitalAntioch,0.344978646718854,30.82
38.25472222219577,-122.03361111106612,126.40724544820073,HEMORRHAGIC,ROUTE_JohnMuirMedicalCenterWalnutCreekCampus,0.40619660375911476,42.86666666666667,ROUTE_NorthBayMedicalCenter,0.3515579401411101,5.5216666666666665,ROUTE_JohnMuirMedicalCenterWalnutCreekCampus,0.40619660375911476,42.86666666666667,ROUTE_NorthBayMedicalCenter,0.3515579401411101,5.5216666666666665
38.00083333330668,-122.31222222217745,149.90459844615097,HEMORRHAGIC,ROUTE_JohnMuirMedicalCenterWalnutCreekCampus,0.34215800730948753,33.42333333333333,ROUTE_KaiserFoundationHospitalRichmondCampus,0.34545874841422275,15.129999999999999,ROUTE_JohnMuirMedicalCenterWalnutCreekCampus,0.34215800730948753,33.42333333333333,ROUTE_KaiserFoundationHospitalRichmondCampus,0.34545874841422275,15.129999999999999
37.97999999997333,-122.35249999995527,93.78670190383704,LVO,ROUTE_JohnMuirMedicalCenterWalnutCreekCampus,0.4152987670982023,35.644999999999996,ROUTE_KaiserFoundationHospitalRichmondCampus,0.357064411432958,8.976666666666667,ROUTE_JohnMuirMedicalCenterWalnutCreekCampus,0.4152987670982023,35.644999999999996,ROUTE_KaiserFoundationHospitalRichmondCampus,0.357064411432958,8.976666666666667
37.670277777750854,-122.13972222217731,34.972646712751576,HEMORRHAGIC,ROUTE_SutterEdenMedicalCenter,0.43424332514370834,13.465,ROUTE_StRoseHospital,0.4055321539326068,11.431666666666667,ROUTE_SutterEdenMedicalCenter,0.43424332514370834,13.465,ROUTE_KaiserFoundationHospitalSanLeandro,0.4275288462765,12.28
37.65805555552863,-122.07416666662171,194.55779795925298,LVO,ROUTE_SutterEdenMedicalCenter,0.33782097722086546,13.231666666666666,ROUTE_StRoseHospital,0.32734294144,8.645000000000001,ROUTE_SutterEdenMedicalCenter,0.33782097722086546,13.231666666666666,ROUTE_SutterEdenMedicalCenter,0.33782097722086546,13.231666666666666
38.00472222219557,-121.82222222217706,157.99772979377303,HEMORRHAGIC,ROUTE_JohnMuirMedicalCenterWalnutCreekCampus,0.3417176102958178,27.791666666666668,ROUTE_SutterDeltaMedicalCenter,0.32734294144,8.05,ROUTE_JohnMuirMedicalCenterWalnutCreekCampus,0.3417176102958178,27.791666666666668,ROUTE_KaiserFoundationHospitalAntioch,0.34431431792916123,13.348333333333333
37.70527777775089,-121.93722222217716,45.170264153540344,LVO,ROUTE_SutterEdenMedicalCenter,0.43159853982912905,14.431666666666667,ROUTE_StanfordHealthCareTriValley,0.42538756269104766,9.461666666666668,ROUTE_SutterEdenMedicalCenter,0.43159853982912905,14.431666666666667,ROUTE_StanfordHealthCareTriValley,0.42538756269104766,9.461666666666668
37.41388888886176,-122.10749999995507,145.9733968550189,HEMORRHAGIC,ROUTE_ElCaminoHealthMountainView,0.4080316841425426,15.215,ROUTE_ElCaminoHealthMountainView,0.4080316841425426,15.215,ROUTE_ElCaminoHealthMountainView,0.4080316841425426,15.215,ROUTE_ElCaminoHealthMountainView,0.4080316841425426,15.215
37.855277777751006,-122.2763888888441,171.3321974947434,NLVO,ROUTE_JohnMuirMedicalCenterWalnutCreekCampus,0.33947360606941096,27.076666666666664,ROUTE_AltaBatesSummitMedicalCenterAltaBatesCampus,0.32734294144,4.986666666666666,ROUTE_JohnMuirMedicalCenterWalnutCreekCampus,0.33947360606941096,27.076666666666664,ROUTE_KaiserFoundationHospitalOaklandRichmond,0.34247106810080385,10.248333333333333
37.65805555552863,-122.09888888884394,265.4249457387434,HEMORRHAGIC,ROUTE_StRoseHospital,0.32734294144,6.163333333333333,ROUTE_StRoseHospital,0.32734294144,6.163333333333333,ROUTE_SutterEdenMedicalCenter,0.32734294144,11.389999999999999,ROUTE_KaiserFoundationHospitalSanLeandro,0.32734294144,9.696666666666665
37.65472222219529,-122.44666666662201,171.826140664679,LVO,ROUTE_MillsPeninsulaMedicalCenterSutter,0.34133184138420214,16.12333333333333,ROUTE_KaiserFoundationHospitalSouthSanFrancisco,0.34322716678745074,5.546666666666667,ROUTE_MillsPeninsulaMedicalCenterSutter,0.34133184138420214,16.12333333333333,ROUTE_KaiserFoundationHospitalSouthSanFrancisco,0.34322716678745074,5.546666666666667
37.96861111108443,-122.34972222217749,73.99149014018988,NLVO,ROUTE_JohnMuirMedicalCenterWalnutCreekCampus,0.41937619082063204,37.79833333333333,ROUTE_KaiserFoundationHospitalRichmondCampus,0.36086304190416507,9.03,ROUTE_JohnMuirMedicalCenterWalnutCreekCampus,0.41937619082063204,37.79833333333333,ROUTE_KaiserFoundationHospitalRichmondCampus,0.36086304190416507,9.03
37.746944444417586,-122.46805555551092,48.280323714805135,HEMORRHAGIC,ROUTE_UCSFMedicalCenter,0.4331066480349319,4.95,ROUTE_UCSFMedicalCenter,0.4331066480349319,4.95,ROUTE_UCSFMedicalCenter,0.4331066480349319,4.95,ROUTE_UCSFMedicalCenter,0.4331066480349319,4.95
38.06472222219562,-122.54194444439986,179.37001460424108,HEMORRHAGIC,ROUTE_NovatoCommunityHospitalSutter,0.34135443487595013,8.453333333333333,ROUTE_NovatoCommunityHospitalSutter,0.34135443487595013,8.453333333333333,ROUTE_UCSFMedicalCenter,0.334929721277972,45.01,ROUTE_NovatoCommunityHospitalSutter,0.34135443487595013,8.453333333333333
37.47611111108404,-122.23888888884406,269.3314935190648,LVO,ROUTE_SequoiaHospital,0.32734294144,5.9783333333333335,ROUTE_SequoiaHospital,0.32734294144,5.9783333333333335,ROUTE_KaiserFoundationHospitalRedwoodCity,0.32734294144,7.286666666666666,ROUTE_SequoiaHospital,0.32734294144,5.9783333333333335
37.62222222219526,-122.08222222217726,194.30701037865921,MIMIC,ROUTE_KaiserFoundationHospitalSanLeandro,0.3376662669672321,14.365,ROUTE_StRoseHospital,0.32734294144,3.393333333333333,ROUTE_SutterEdenMedicalCenter,0.33736952217751653,16.056666666666665,ROUTE_KaiserFoundationHospitalSanLeandro,0.3376662669672321,14.365
37.927499999973286,-122.0627777777328,160.8135267441198,LVO,ROUTE_JohnMuirMedicalCenterWalnutCreekCampus,0.40644218059788473,7.376666666666667,ROUTE_JohnMuirMedicalCenterWalnutCreekCampus,0.40644218059788473,7.376666666666667,ROUTE_JohnMuirMedicalCenterWalnutCreekCampus,0.40644218059788473,7.376666666666667,ROUTE_JohnMuirMedicalCenterWalnutCreekCampus,0.40644218059788473,7.376666666666667
37.83611111108432,-122.26416666662186,65.29737772667235,HEMORRHAGIC,ROUTE_JohnMuirMedicalCenterWalnutCreekCampus,0.42499720851641154,22.366666666666667,ROUTE_KaiserFoundationHospitalOaklandRichmond,0.36328060702148146,5.3116666666666665,ROUTE_JohnMuirMedicalCenterWalnutCreekCampus,0.42499720851641154,22.366666666666667,ROUTE_KaiserFoundationHospitalOaklandRichmond,0.36328060702148146,5.3116666666666665
37.92249999997328,-122.5249999999554,120.60601209419639,LVO,ROUTE_UCSFMedicalCenter,0.40949480054216314,34.155,ROUTE_MarinHealthMedicalCenter,0.3513135193222468,12.631666666666666,ROUTE_UCSFMedicalCenter,0.40949480054216314,34.155,ROUTE_MarinHealthMedicalCenter,0.3513135193222468,12.631666666666666
37.724444444417564,-122.43555555551089,169.04612237279773,HEMORRHAGIC,ROUTE_CPMCDaviesCampusSutter,0.34239427139579914,12.963333333333333,ROUTE_CPMCMissionBernalCampusSutter,0.3435215346719322,6.691666666666666,ROUTE_CPMCDaviesCampusSutter,0.34239427139579914,12.963333333333333,ROUTE_CPMCMissionBernalCampusSutter,0.3435215346719322,6.691666666666666
37.7505555555287,-122.16166666662178,144.41824106779558,MIMIC,ROUTE_SutterEdenMedicalCenter,0.4088246051075639,13.283333333333333,ROUTE_SanLeandroHospitalAlamedaHealthSystem,0.32734294144,11.101666666666667,ROUTE_SutterEdenMedicalCenter,0.4088246051075639,13.283333333333333,ROUTE_HighlandHospitalWilmaChanCampus,0.3470481855246388,11.905
38.00722222219557,-121.79499999995483,220.39428551230247,LVO,ROUTE_SutterDeltaMedicalCenter,0.32734294144,6.9783333333333335,ROUTE_SutterDeltaMedicalCenter,0.32734294144,6.9783333333333335,ROUTE_JohnMuirMedicalCenterWalnutCreekCampus,0.32734294144,31.576666666666664,ROUTE_KaiserFoundationHospitalAntioch,0.32734294144,12.496666666666666
37.52916666663963,-122.28416666662187,266.26016863415,HEMORRHAGIC,ROUTE_SanMateoMedicalCenter,0.32734294144,6.114999999999999,ROUTE_SanMateoMedicalCenter,0.32734294144,6.114999999999999,ROUTE_KaiserFoundationHospitalRedwoodCity,0.32734294144,12.176666666666668,ROUTE_KaiserFoundationHospitalRedwoodCity,0.32734294144,12.176666666666668
37.87444444441769,-122.08138888884393,193.32221972819755,LVO,ROUTE_JohnMuirMedicalCenterWalnutCreekCampus,0.3381228005871162,12.748333333333333,ROUTE_KaiserFoundationHospitalWalnutCreek,0.3388470830594267,8.635,ROUTE_JohnMuirMedicalCenterWalnutCreekCampus,0.3381228005871162,12.748333333333333,ROUTE_KaiserFoundationHospitalWalnutCreek,0.3388470830594267,8.635
37.41305555552843,-122.10805555551063,119.40972405056725,HEMORRHAGIC,ROUTE_ElCaminoHealthMountainView,0.413911431506299,16.051666666666666,ROUTE_ElCaminoHealthMountainView,0.413911431506299,16.051666666666666,ROUTE_ElCaminoHealthMountainView,0.413911431506299,16.051666666666666,ROUTE_ElCaminoHealthMountainView,0.413911431506299,16.051666666666666
37.77083333330649,-122.20777777773293,94.27748778442775,LVO,ROUTE_SutterEdenMedicalCenter,0.41916243266802067,18.435,ROUTE_HighlandHospitalWilmaChanCampus,0.35687722761224616,9.466666666666667,ROUTE_SutterEdenMedicalCenter,0.41916243266802067,18.435,ROUTE_HighlandHospitalWilmaChanCampus,0.35687722761224616,9.466666666666667
37.78277777775095,-122.43722222217755,73.83351797532322,LVO,ROUTE_CPMCDaviesCampusSutter,0.4269777398985504,5.381666666666666,ROUTE_KaiserFoundationHospitalSanFrancisco,0.42106838769120664,2.933333333333333,ROUTE_CPMCDaviesCampusSutter,0.4269777398985504,5.381666666666666,ROUTE_KaiserFoundationHospitalSanFrancisco,0.42106838769120664,2.933333333333333
37.639722222195275,-122.07749999995505,58.40413430140596,MIMIC,ROUTE_SutterEdenMedicalCenter,0.4279301304191455,16.758333333333333,ROUTE_StRoseHospital,0.40148558560916664,6.010000000000001,ROUTE_SutterEdenMedicalCenter,0.4279301304191455,16.758333333333333,ROUTE_KaiserFoundationHospitalSanLeandro,0.4213307716754676,15.065
37.935833333306626,-122.54138888884431,31.379727349257625,LVO,ROUTE_UCSFMedicalCenter,0.4297784652706796,35.931666666666665,ROUTE_MarinHealthMedicalCenter,0.42818649631200434,6.973333333333333,ROUTE_UCSFMedicalCenter,0.4297784652706796,35.931666666666665,ROUTE_MarinHealthMedicalCenter,0.42818649631200434,6.973333333333333
37.66999999997308,-122.14444444439954,131.4983793131447,LVO,ROUTE_SutterEdenMedicalCenter,0.4112952948418864,15.376666666666667,ROUTE_StRoseHospital,0.32734294144,13.343333333333334,ROUTE_SutterEdenMedicalCenter,0.4112952948418864,15.376666666666667,ROUTE_KaiserFoundationHospitalSanLeandro,0.3490031207493748,14.191666666666666
37.66861111108419,-122.10027777773284,176.0706441751291,LVO,ROUTE_SutterEdenMedicalCenter,0.3415299749130278,10.768333333333334,ROUTE_StRoseHospital,0.32734294144,7.866666666666666,ROUTE_SutterEdenMedicalCenter,0.3415299749130278,10.768333333333334,ROUTE_SutterEdenMedicalCenter,0.3415299749130278,10.768333333333334
37.56722222219522,-122.0363888888439,222.4746725127923,LVO,ROUTE_StRoseHospital,0.32734294144,9.875,ROUTE_StRoseHospital,0.32734294144,9.875,ROUTE_SutterEdenMedicalCenter,0.32734294144,19.03666666666667,ROUTE_WashingtonHospitalHealthcareSystem,0.32734294144,13.936666666666667
37.682222222195314,-122.08999999995505,193.75171732548284,LVO,ROUTE_SutterEdenMedicalCenter,0.3392535624534082,5.901666666666667,ROUTE_SutterEdenMedicalCenter,0.3392535624534082,5.901666666666667,ROUTE_SutterEdenMedicalCenter,0.3392535624534082,5.901666666666667,ROUTE_SutterEdenMedicalCenter,0.3392535624534082,5.901666666666667
38.246944444417984,-121.98055555551052,48.831721657310545,HEMORRHAGIC,ROUTE_JohnMuirMedicalCenterWalnutCreekCampus,0.42245148376445407,49.73166666666667,ROUTE_NorthBayMedicalCenter,0.364264159008685,16.76,ROUTE_JohnMuirMedicalCenterWalnutCreekCampus,0.42245148376445407,49.73166666666667,ROUTE_NorthBayMedicalCenter,0.364264159008685,16.76
38.362222222195854,-122.28444444439965,164.9272072762462,NLVO,ROUTE_ProvidenceQueenOfTheValleyMedicalCenter,0.3440372046421213,7.953333333333333,ROUTE_ProvidenceQueenOfTheValleyMedicalCenter,0.3440372046421213,7.953333333333333,ROUTE_JohnMuirMedicalCenterWalnutCreekCampus,0.3353150431395731,57.22833333333333,ROUTE_ProvidenceQueenOfTheValleyMedicalCenter,0.3440372046421213,7.953333333333333
37.449444444417345,-122.18305555551069,204.76648259939532,LVO,ROUTE_StanfordHealthCare,0.3369767863282427,7.843333333333334,ROUTE_StanfordHealthCare,0.3369767863282427,7.843333333333334,ROUTE_StanfordHealthCare,0.3369767863282427,7.843333333333334,ROUTE_StanfordHealthCare,0.3369767863282427,7.843333333333334
37.427222222195105,-121.97555555551052,233.98660905579075,HEMORRHAGIC,ROUTE_OConnorHospital,0.32734294144,19.495,ROUTE_OConnorHospital,0.32734294144,19.495,ROUTE_ElCaminoHealthMountainView,0.32734294144,19.665000000000003,ROUTE_OConnorHospital,0.32734294144,19.495
37.89249999997326,-121.60777777773245,63.83940967927562,LVO,ROUTE_JohnMuirMedicalCenterWalnutCreekCampus,0.4187959805716136,50.45333333333333,ROUTE_KaiserFoundationHospitalAntioch,0.359751431823802,24.928333333333335,ROUTE_JohnMuirMedicalCenterWalnutCreekCampus,0.4187959805716136,50.45333333333333,ROUTE_KaiserFoundationHospitalAntioch,0.359751431823802,24.928333333333335
37.618333333306374,-122.03166666662167,134.1533004370787,HEMORRHAGIC,ROUTE_SutterEdenMedicalCenter,0.40887688233966724,23.32,ROUTE_StRoseHospital,0.32734294144,13.866666666666667,ROUTE_SutterEdenMedicalCenter,0.40887688233966724,23.32,ROUTE_WashingtonHospitalHealthcareSystem,0.34758664620979435,19.23166666666667
37.96611111108443,-121.71222222217698,215.54686075089856,NLVO,ROUTE_KaiserFoundationHospitalAntioch,0.32734294144,14.01,ROUTE_KaiserFoundationHospitalAntioch,0.32734294144,14.01,ROUTE_JohnMuirMedicalCenterWalnutCreekCampus,0.32734294144,38.14666666666667,ROUTE_KaiserFoundationHospitalAntioch,0.32734294144,14.01
37.64222222219528,-122.44611111106646,141.56224494145388,HEMORRHAGIC,ROUTE_MillsPeninsulaMedicalCenterSutter,0.40925810956424735,14.236666666666668,ROUTE_KaiserFoundationHospitalSouthSanFrancisco,0.3481985436830496,8.493333333333334,ROUTE_MillsPeninsulaMedicalCenterSutter,0.40925810956424735,14.236666666666668,ROUTE_KaiserFoundationHospitalSouthSanFrancisco,0.3481985436830496,8.493333333333334
37.71027777775089,-122.14027777773288,197.83379974170194,LVO,ROUTE_SutterEdenMedicalCenter,0.33765367781807437,10.91,ROUTE_SanLeandroHospitalAlamedaHealthSystem,0.32734294144,2.1533333333333333,ROUTE_SutterEdenMedicalCenter,0.33765367781807437,10.91,ROUTE_KaiserFoundationHospitalSanLeandro,0.3378609356305277,9.728333333333333
37.758611111084264,-122.19083333328847,59.82268872895534,MIMIC,ROUTE_SutterEdenMedicalCenter,0.427326388525878,17.908333333333335,ROUTE_KaiserFoundationHospitalSanLeandro,0.4217104442668379,12.033333333333333,ROUTE_SutterEdenMedicalCenter,0.427326388525878,17.908333333333335,ROUTE_KaiserFoundationHospitalSanLeandro,0.4217104442668379,12.033333333333333
37.78249999997317,-122.39083333328863,70.98969659152084,NLVO,ROUTE_CPMCDaviesCampusSutter,0.42623577979647126,11.388333333333332,ROUTE_ChineseHospital,0.36180437608914356,7.1850000000000005,ROUTE_CPMCDaviesCampusSutter,0.42623577979647126,11.388333333333332,ROUTE_ChineseHospital,0.36180437608914356,7.1850000000000005
37.84944444441767,-122.25416666662186,175.5562079262351,LVO,ROUTE_JohnMuirMedicalCenterWalnutCreekCampus,0.3393250491935128,23.69333333333333,ROUTE_AltaBatesSummitMedicalCenterAltaBatesCampus,0.32734294144,3.8133333333333335,ROUTE_JohnMuirMedicalCenterWalnutCreekCampus,0.3393250491935128,23.69333333333333,ROUTE_AltaBatesSummitMedicalCenterSummitCampus,0.3418454179083369,9.518333333333334
37.69861111108421,-122.46166666662202,104.07619759047853,LVO,ROUTE_CPMCDaviesCampusSutter,0.4174833877532448,15.888333333333332,ROUTE_AHMCSetonMedicalCenter,0.3553746256883257,7.566666666666666,ROUTE_CPMCDaviesCampusSutter,0.4174833877532448,15.888333333333332,ROUTE_AHMCSetonMedicalCenter,0.3553746256883257,7.566666666666666
38.098333333306755,-122.57444444439989,238.94717065275182,MIMIC,ROUTE_NovatoCommunityHospitalSutter,0.32734294144,8.37,ROUTE_NovatoCommunityHospitalSutter,0.32734294144,8.37,ROUTE_UCSFMedicalCenter,0.32734294144,50.776666666666664,ROUTE_NovatoCommunityHospitalSutter,0.32734294144,8.37
37.74916666663981,-122.16416666662178,42.65753116980179,LVO,ROUTE_SutterEdenMedicalCenter,0.43243624518936996,13.403333333333334,ROUTE_SanLeandroHospitalAlamedaHealthSystem,0.4047698873611001,11.221666666666666,ROUTE_SutterEdenMedicalCenter,0.43243624518936996,13.403333333333334,ROUTE_HighlandHospitalWilmaChanCampus,0.4254579902124119,12.025
37.94583333330663,-122.50333333328872,99.8526271662285,MIMIC,ROUTE_UCSFMedicalCenter,0.41427023299511545,34.04833333333333,ROUTE_MarinHealthMedicalCenter,0.3563271648524701,6.778333333333333,ROUTE_UCSFMedicalCenter,0.41427023299511545,34.04833333333333,ROUTE_MarinHealthMedicalCenter,0.3563271648524701,6.778333333333333
37.40944444441732,-121.90527777773269,269.18131312480364,NLVO,ROUTE_RegionalMedicalCenterOfSanJose,0.32734294144,13.205,ROUTE_RegionalMedicalCenterOfSanJose,0.32734294144,13.205,ROUTE_RegionalMedicalCenterOfSanJose,0.32734294144,13.205,ROUTE_RegionalMedicalCenterOfSanJose,0.32734294144,13.205
37.94083333330663,-121.6866666666214,180.45460107664715,HEMORRHAGIC,ROUTE_KaiserFoundationHospitalAntioch,0.33985927154865053,15.776666666666667,ROUTE_KaiserFoundationHospitalAntioch,0.33985927154865053,15.776666666666667,ROUTE_JohnMuirMedicalCenterWalnutCreekCampus,0.3352639777419602,41.995,ROUTE_KaiserFoundationHospitalAntioch,0.33985927154865053,15.776666666666667
37.71722222219534,-122.09027777773284,86.99418993288685,HEMORRHAGIC,ROUTE_SutterEdenMedicalCenter,0.42336198027222754,7.666666666666667,ROUTE_SutterEdenMedicalCenter,0.42336198027222754,7.666666666666667,ROUTE_SutterEdenMedicalCenter,0.42336198027222754,7.666666666666667,ROUTE_SutterEdenMedicalCenter,0.42336198027222754,7.666666666666667
37.702222222195324,-122.48777777773316,123.92662385436026,HEMORRHAGIC,ROUTE_CPMCDaviesCampusSutter,0.4125568759791684,17.438333333333333,ROUTE_AHMCSetonMedicalCenter,0.3514821587025476,8.406666666666666,ROUTE_CPMCDaviesCampusSutter,0.4125568759791684,17.438333333333333,ROUTE_AHMCSetonMedicalCenter,0.3514821587025476,8.406666666666666
37.96749999997332,-122.53722222217763,133.42273272992134,LVO,ROUTE_UCSFMedicalCenter,0.4056432397300103,38.294999999999995,ROUTE_MarinHealthMedicalCenter,0.34994819633502233,7.158333333333333,ROUTE_UCSFMedicalCenter,0.4056432397300103,38.294999999999995,ROUTE_MarinHealthMedicalCenter,0.34994819633502233,7.158333333333333
37.91888888886217,-122.3116666666219,153.3317571866985,LVO,ROUTE_CPMCDaviesCampusSutter,0.3419152576192255,31.351666666666667,ROUTE_KaiserFoundationHospitalRichmondCampus,0.34535842412599166,12.254999999999999,ROUTE_CPMCDaviesCampusSutter,0.3419152576192255,31.351666666666667,ROUTE_KaiserFoundationHospitalRichmondCampus,0.34535842412599166,12.254999999999999
37.71166666663978,-122.4352777777331,193.38028815888993,MIMIC,ROUTE_CPMCMissionBernalCampusSutter,0.3384803638164576,10.658333333333333,ROUTE_CPMCMissionBernalCampusSutter,0.3384803638164576,10.658333333333333,ROUTE_CPMCDaviesCampusSutter,0.33737933876586645,16.928333333333335,ROUTE_CPMCMissionBernalCampusSutter,0.3384803638164576,10.658333333333333
37.536388888861865,-122.2447222221774,205.00152658241,HEMORRHAGIC,ROUTE_KaiserFoundationHospitalRedwoodCity,0.3354869982611662,16.16166666666667,ROUTE_SanMateoMedicalCenter,0.32734294144,14.25,ROUTE_KaiserFoundationHospitalRedwoodCity,0.3354869982611662,16.16166666666667,ROUTE_KaiserFoundationHospitalRedwoodCity,0.3354869982611662,16.16166666666667
37.461388888861805,-122.2486111110663,204.7898712424196,LVO,ROUTE_SequoiaHospital,0.3372105413896526,6.483333333333333,ROUTE_SequoiaHospital,0.3372105413896526,6.483333333333333,ROUTE_KaiserFoundationHospitalRedwoodCity,0.33643273568671284,10.936666666666667,ROUTE_SequoiaHospital,0.3372105413896526,6.483333333333333
37.668333333306414,-121.9063888888438,71.93863755599023,LVO,ROUTE_SutterEdenMedicalCenter,0.42327757076842326,23.083333333333332,ROUTE_StanfordHealthCareTriValley,0.3612153079936594,9.266666666666667,ROUTE_SutterEdenMedicalCenter,0.42327757076842326,23.083333333333332,ROUTE_StanfordHealthCareTriValley,0.3612153079936594,9.266666666666667
37.44222222219512,-121.90527777773269,174.89830760696643,HEMORRHAGIC,ROUTE_RegionalMedicalCenterOfSanJose,0.3413757662486727,12.805,ROUTE_RegionalMedicalCenterOfSanJose,0.3413757662486727,12.805,ROUTE_RegionalMedicalCenterOfSanJose,0.3413757662486727,12.805,ROUTE_RegionalMedicalCenterOfSanJose,0.3413757662486727,12.805
37.60194444441747,-122.02083333328834,203.87008781479173,NLVO,ROUTE_WashingtonHospitalHealthcareSystem,0.33580033123720765,15.49,ROUTE_StRoseHospital,0.32734294144,14.331666666666667,ROUTE_SutterEdenMedicalCenter,0.32734294144,23.665000000000003,ROUTE_WashingtonHospitalHealthcareSystem,0.33580033123720765,15.49
37.478611111084035,-122.24749999995518,92.86072312396466,HEMORRHAGIC,ROUTE_KaiserFoundationHospitalRedwoodCity,0.4221111368578709,7.163333333333333,ROUTE_SequoiaHospital,0.3583649316600071,3.11,ROUTE_KaiserFoundationHospitalRedwoodCity,0.4221111368578709,7.163333333333333,ROUTE_SequoiaHospital,0.3583649316600071,3.11
38.26999999997356,-122.03861111106613,75.93199763275263,NLVO,ROUTE_JohnMuirMedicalCenterWalnutCreekCampus,0.41771050514175906,43.05,ROUTE_NorthBayMedicalCenter,0.36118634693819995,5.423333333333333,ROUTE_JohnMuirMedicalCenterWalnutCreekCampus,0.41771050514175906,43.05,ROUTE_NorthBayMedicalCenter,0.36118634693819995,5.423333333333333
38.120555555528995,-122.20472222217737,206.35828596259165,HEMORRHAGIC,ROUTE_SutterSolanoMedicalCenter,0.33658685696823254,8.483333333333333,ROUTE_SutterSolanoMedicalCenter,0.33658685696823254,8.483333333333333,ROUTE_JohnMuirMedicalCenterWalnutCreekCampus,0.32734294144,33.31666666666667,ROUTE_SutterSolanoMedicalCenter,0.33658685696823254,8.483333333333333
37.94861111108441,-122.05611111106614,214.92155350612688,MIMIC,ROUTE_JohnMuirMedicalCenterConcordCampus,0.33527429995876745,7.468333333333334,ROUTE_JohnMuirMedicalCenterConcordCampus,0.33527429995876745,7.468333333333334,ROUTE_JohnMuirMedicalCenterWalnutCreekCampus,0.3348822451630109,9.731666666666666,ROUTE_JohnMuirMedicalCenterConcordCampus,0.33527429995876745,7.468333333333334
37.4083333333062,-121.9377777777327,32.011891229957655,NLVO,ROUTE_RegionalMedicalCenterOfSanJose,0.4337145554548211,18.653333333333332,ROUTE_OConnorHospital,0.4274269875891791,16.201666666666668,ROUTE_RegionalMedicalCenterOfSanJose,0.4337145554548211,18.653333333333332,ROUTE_OConnorHospital,0.4274269875891791,16.201666666666668
37.65416666663973,-122.4405555555109,157.55105519394544,MIMIC,ROUTE_MillsPeninsulaMedicalCenterSutter,0.40541603362746015,15.17,ROUTE_KaiserFoundationHospitalSouthSanFrancisco,0.34614609316751116,3.7083333333333335,ROUTE_MillsPeninsulaMedicalCenterSutter,0.40541603362746015,15.17,ROUTE_KaiserFoundationHospitalSouthSanFrancisco,0.34614609316751116,3.7083333333333335
37.574999999973,-122.33333333328858,267.7880546491093,LVO,ROUTE_MillsPeninsulaMedicalCenterSutter,0.32734294144,10.243333333333334,ROUTE_MillsPeninsulaMedicalCenterSutter,0.32734294144,10.243333333333334,ROUTE_MillsPeninsulaMedicalCenterSutter,0.32734294144,10.243333333333334,ROUTE_MillsPeninsulaMedicalCenterSutter,0.32734294144,10.243333333333334
37.484999999972935,-122.19999999995514,155.60930673353482,LVO,ROUTE_KaiserFoundationHospitalRedwoodCity,0.4078581999294044,6.341666666666667,ROUTE_KaiserFoundationHospitalRedwoodCity,0.4078581999294044,6.341666666666667,ROUTE_KaiserFoundationHospitalRedwoodCity,0.4078581999294044,6.341666666666667,ROUTE_KaiserFoundationHospitalRedwoodCity,0.4078581999294044,6.341666666666667
37.94222222219552,-122.08416666662171,109.00712496254415,LVO,ROUTE_JohnMuirMedicalCenterWalnutCreekCampus,0.4162987560628241,16.086666666666666,ROUTE_JohnMuirMedicalCenterConcordCampus,0.35333320103191884,13.445,ROUTE_JohnMuirMedicalCenterWalnutCreekCampus,0.4162987560628241,16.086666666666666,ROUTE_JohnMuirMedicalCenterConcordCampus,0.35333320103191884,13.445
37.98249999997333,-122.11194444439951,168.4610523230527,LVO,ROUTE_JohnMuirMedicalCenterWalnutCreekCampus,0.341199630701786,20.23,ROUTE_ContraCostaRegionalMedicalCenter,0.32734294144,7.916666666666667,ROUTE_JohnMuirMedicalCenterWalnutCreekCampus,0.341199630701786,20.23,ROUTE_JohnMuirMedicalCenterConcordCampus,0.3425485592884446,12.688333333333333
37.76055555552871,-122.43999999995533,215.63534394567353,MIMIC,ROUTE_CPMCDaviesCampusSutter,0.3358330785623346,3.5349999999999997,ROUTE_CPMCDaviesCampusSutter,0.3358330785623346,3.5349999999999997,ROUTE_CPMCDaviesCampusSutter,0.3358330785623346,3.5349999999999997,ROUTE_CPMCDaviesCampusSutter,0.3358330785623346,3.5349999999999997
37.731388888862014,-122.40722222217754,119.48382719045514,LVO,ROUTE_CPMCDaviesCampusSutter,0.41480571027813323,12.09,ROUTE_ZuckerbergSanFranciscoGeneralHospital,0.35251716134933725,7.316666666666666,ROUTE_CPMCDaviesCampusSutter,0.41480571027813323,12.09,ROUTE_ZuckerbergSanFranciscoGeneralHospital,0.35251716134933725,7.316666666666666
37.723333333306456,-122.17083333328846,49.96406683775534,HEMORRHAGIC,ROUTE_SutterEdenMedicalCenter,0.4307304864666764,13.313333333333333,ROUTE_KaiserFoundationHospitalSanLeandro,0.4251222410684343,7.4366666666666665,ROUTE_SutterEdenMedicalCenter,0.4307304864666764,13.313333333333333,ROUTE_KaiserFoundationHospitalSanLeandro,0.4251222410684343,7.4366666666666665
37.60527777775081,-122.02388888884389,185.65308354681943,HEMORRHAGIC,ROUTE_SutterEdenMedicalCenter,0.3376819501247924,22.928333333333335,ROUTE_StRoseHospital,0.32734294144,13.596666666666666,ROUTE_SutterEdenMedicalCenter,0.3376819501247924,22.928333333333335,ROUTE_WashingtonHospitalHealthcareSystem,0.3387993494224686,16.575
37.760833333306486,-122.43888888884422,226.2217059866736,LVO,ROUTE_CPMCDaviesCampusSutter,0.32734294144,3.4033333333333333,ROUTE_CPMCDaviesCampusSutter,0.32734294144,3.4033333333333333,ROUTE_CPMCDaviesCampusSutter,0.32734294144,3.4033333333333333,ROUTE_CPMCDaviesCampusSutter,0.32734294144,3.4033333333333333
37.731666666639796,-122.43027777773311,102.21389633551676,HEMORRHAGIC,ROUTE_CPMCDaviesCampusSutter,0.4190558928477878,10.958333333333334,ROUTE_CPMCMissionBernalCampusSutter,0.3562756512173196,4.6866666666666665,ROUTE_CPMCDaviesCampusSutter,0.4190558928477878,10.958333333333334,ROUTE_CPMCMissionBernalCampusSutter,0.3562756512173196,4.6866666666666665
37.98138888886222,-122.26305555551075,95.54300095169312,LVO,ROUTE_JohnMuirMedicalCenterWalnutCreekCampus,0.4151023036137124,34.74166666666667,ROUTE_KaiserFoundationHospitalRichmondCampus,0.3547157032949715,19.58,ROUTE_JohnMuirMedicalCenterWalnutCreekCampus,0.4151023036137124,34.74166666666667,ROUTE_KaiserFoundationHospitalRichmondCampus,0.3547157032949715,19.58
37.79111111108429,-122.40777777773309,71.74805714520568,LVO,ROUTE_CPMCDaviesCampusSutter,0.42624261305505984,10.601666666666667,ROUTE_UCSFHealthHydeHospital,0.4215007708755751,2.018333333333333,ROUTE_CPMCDaviesCampusSutter,0.42624261305505984,10.601666666666667,ROUTE_UCSFHealthHydeHospital,0.4215007708755751,2.018333333333333
37.470277777750695,-122.14444444439954,115.76242376895073,HEMORRHAGIC,ROUTE_KaiserFoundationHospitalRedwoodCity,0.41601185523672146,10.575,ROUTE_KaiserFoundationHospitalRedwoodCity,0.41601185523672146,10.575,ROUTE_KaiserFoundationHospitalRedwoodCity,0.41601185523672146,10.575,ROUTE_KaiserFoundationHospitalRedwoodCity,0.41601185523672146,10.575
37.745555555528696,-122.4277777777331,96.21240032019436,LVO,ROUTE_CPMCDaviesCampusSutter,0.4210990913248449,8.16,ROUTE_CPMCMissionBernalCampusSutter,0.35781705034739697,2.6166666666666667,ROUTE_CPMCDaviesCampusSutter,0.4210990913248449,8.16,ROUTE_CPMCMissionBernalCampusSutter,0.35781705034739697,2.6166666666666667
37.634166666639715,-122.06388888884392,172.8501301367712,MIMIC,ROUTE_SutterEdenMedicalCenter,0.34101158333083054,16.895,ROUTE_StRoseHospital,0.32734294144,6.1466666666666665,ROUTE_SutterEdenMedicalCenter,0.34101158333083054,16.895,ROUTE_KaiserFoundationHospitalSanLeandro,0.3413134670352546,15.201666666666666
37.51111111108406,-122.2699999999552,122.00003504739303,NLVO,ROUTE_KaiserFoundationHospitalRedwoodCity,0.41411642567971274,12.57,ROUTE_SanMateoMedicalCenter,0.32734294144,12.201666666666666,ROUTE_KaiserFoundationHospitalRedwoodCity,0.41411642567971274,12.57,ROUTE_SequoiaHospital,0.3510878386962813,12.448333333333332
37.79361111108429,-122.24583333328852,198.86561169075767,NLVO,ROUTE_HighlandHospitalWilmaChanCampus,0.3389624409243301,2.4366666666666665,ROUTE_HighlandHospitalWilmaChanCampus,0.3389624409243301,2.4366666666666665,ROUTE_SutterEdenMedicalCenter,0.3359212077672141,19.798333333333336,ROUTE_HighlandHospitalWilmaChanCampus,0.3389624409243301,2.4366666666666665
37.95222222219553,-121.69444444439918,237.63316548394164,LVO,ROUTE_KaiserFoundationHospitalAntioch,0.32734294144,14.943333333333333,ROUTE_KaiserFoundationHospitalAntioch,0.32734294144,14.943333333333333,ROUTE_JohnMuirMedicalCenterWalnutCreekCampus,0.32734294144,41.16166666666666,ROUTE_KaiserFoundationHospitalAntioch,0.32734294144,14.943333333333333
37.775277777750944,-122.39472222217752,227.28291200262018,LVO,ROUTE_ChineseHospital,0.32734294144,8.236666666666666,ROUTE_ChineseHospital,0.32734294144,8.236666666666666,ROUTE_CPMCDaviesCampusSutter,0.32734294144,11.726666666666667,ROUTE_ChineseHospital,0.32734294144,8.236666666666666
37.99388888886223,-122.60055555551102,217.83445327278665,NLVO,ROUTE_MarinHealthMedicalCenter,0.32734294144,17.705,ROUTE_MarinHealthMedicalCenter,0.32734294144,17.705,ROUTE_UCSFMedicalCenter,0.32734294144,50.33166666666667,ROUTE_MarinHealthMedicalCenter,0.32734294144,17.705
38.00499999997335,-121.82861111106595,38.331094729159936,NLVO,ROUTE_JohnMuirMedicalCenterWalnutCreekCampus,0.4302440753546799,27.006666666666668,ROUTE_SutterDeltaMedicalCenter,0.4051505318579256,8.595,ROUTE_JohnMuirMedicalCenterWalnutCreekCampus,0.4302440753546799,27.006666666666668,ROUTE_KaiserFoundationHospitalAntioch,0.3669029329736378,13.895000000000001
37.96583333330665,-121.74638888884367,120.84582045802178,HEMORRHAGIC,ROUTE_JohnMuirMedicalCenterWalnutCreekCampus,0.408908451998674,36.48833333333334,ROUTE_KaiserFoundationHospitalAntioch,0.35189387747924405,9.283333333333333,ROUTE_JohnMuirMedicalCenterWalnutCreekCampus,0.408908451998674,36.48833333333334,ROUTE_KaiserFoundationHospitalAntioch,0.35189387747924405,9.283333333333333
37.790555555528734,-122.44083333328867,141.43323582171718,NLVO,ROUTE_CPMCDaviesCampusSutter,0.41102518540099975,6.623333333333333,ROUTE_KaiserFoundationHospitalSanFrancisco,0.3492055675501495,3.1599999999999997,ROUTE_CPMCDaviesCampusSutter,0.41102518540099975,6.623333333333333,ROUTE_KaiserFoundationHospitalSanFrancisco,0.3492055675501495,3.1599999999999997
37.98277777775111,-121.78916666662148,135.69054864233345,NLVO,ROUTE_JohnMuirMedicalCenterWalnutCreekCampus,0.4064086312594331,32.64666666666667,ROUTE_SutterDeltaMedicalCenter,0.32734294144,4.276666666666667,ROUTE_JohnMuirMedicalCenterWalnutCreekCampus,0.4064086312594331,32.64666666666667,ROUTE_KaiserFoundationHospitalAntioch,0.3495848106978913,6.8516666666666675
37.727499999973126,-122.42888888884421,137.4053294494136,LVO,ROUTE_CPMCDaviesCampusSutter,0.4106337701230453,12.363333333333333,ROUTE_CPMCMissionBernalCampusSutter,0.34940814728555286,6.093333333333334,ROUTE_CPMCDaviesCampusSutter,0.4106337701230453,12.363333333333333,ROUTE_CPMCMissionBernalCampusSutter,0.34940814728555286,6.093333333333334
37.63527777775083,-122.11249999995508,186.51341395224557,HEMORRHAGIC,ROUTE_SutterEdenMedicalCenter,0.3389398911474348,14.916666666666666,ROUTE_StRoseHospital,0.32734294144,6.105,ROUTE_SutterEdenMedicalCenter,0.3389398911474348,14.916666666666666,ROUTE_KaiserFoundationHospitalSanLeandro,0.3392388331062235,13.223333333333333
37.75694444441759,-122.12194444439953,48.601969093736976,HEMORRHAGIC,ROUTE_SutterEdenMedicalCenter,0.4304180922985755,15.998333333333333,ROUTE_HighlandHospitalWilmaChanCampus,0.423743520459195,13.326666666666666,ROUTE_SutterEdenMedicalCenter,0.4304180922985755,15.998333333333333,ROUTE_HighlandHospitalWilmaChanCampus,0.423743520459195,13.326666666666666
37.852777777751,-122.26083333328853,87.01756590238857,HEMORRHAGIC,ROUTE_JohnMuirMedicalCenterWalnutCreekCampus,0.4195453094886097,24.043333333333333,ROUTE_AltaBatesSummitMedicalCenterAltaBatesCampus,0.33570734710355227,1.385,ROUTE_JohnMuirMedicalCenterWalnutCreekCampus,0.4195453094886097,24.043333333333333,ROUTE_KaiserFoundationHospitalOaklandRichmond,0.3582398702639753,9.604999999999999
37.78527777775095,-122.41472222217753,81.08338230071062,HEMORRHAGIC,ROUTE_CPMCDaviesCampusSutter,0.42439116029233676,9.171666666666665,ROUTE_UCSFHealthHydeHospital,0.3608774412579946,1.8633333333333333,ROUTE_CPMCDaviesCampusSutter,0.42439116029233676,9.171666666666665,ROUTE_UCSFHealthHydeHospital,0.3608774412579946,1.8633333333333333
37.68305555552865,-121.86305555551043,195.60717924169617,LVO,ROUTE_StanfordHealthCareTriValley,0.33853834060975024,8.101666666666667,ROUTE_StanfordHealthCareTriValley,0.33853834060975024,8.101666666666667,ROUTE_SutterEdenMedicalCenter,0.3354233833112341,25.923333333333336,ROUTE_StanfordHealthCareTriValley,0.33853834060975024,8.101666666666667
37.98222222219555,-121.83833333328819,149.92793383093726,LVO,ROUTE_JohnMuirMedicalCenterWalnutCreekCampus,0.342566911904567,31.118333333333332,ROUTE_SutterDeltaMedicalCenter,0.32734294144,7.045,ROUTE_JohnMuirMedicalCenterWalnutCreekCampus,0.342566911904567,31.118333333333332,ROUTE_KaiserFoundationHospitalAntioch,0.3458903986441738,12.735000000000001
37.77555555552872,-122.44027777773312,224.52558148994336,LVO,ROUTE_CPMCDaviesCampusSutter,0.32734294144,3.5683333333333334,ROUTE_CPMCDaviesCampusSutter,0.32734294144,3.5683333333333334,ROUTE_CPMCDaviesCampusSutter,0.32734294144,3.5683333333333334,ROUTE_CPMCDaviesCampusSutter,0.32734294144,3.5683333333333334
38.4563888888626,-121.82999999995485,34.59818100323399,NLVO,ROUTE_JohnMuirMedicalCenterWalnutCreekCampus,0.4236203369824016,58.95666666666667,ROUTE_KaiserFoundationHospitalVacaville,0.36801649495912453,12.026666666666667,ROUTE_JohnMuirMedicalCenterWalnutCreekCampus,0.4236203369824016,58.95666666666667,ROUTE_KaiserFoundationHospitalVacaville,0.36801649495912453,12.026666666666667
37.536388888861865,-122.00555555551054,45.494981065940046,HEMORRHAGIC,ROUTE_SutterEdenMedicalCenter,0.4293903571966145,23.46333333333333,ROUTE_WashingtonHospitalHealthcareSystem,0.4249531468466755,8.411666666666667,ROUTE_SutterEdenMedicalCenter,0.4293903571966145,23.46333333333333,ROUTE_WashingtonHospitalHealthcareSystem,0.4249531468466755,8.411666666666667
38.256666666640214,-122.01694444439944,64.04921203460214,HEMORRHAGIC,ROUTE_JohnMuirMedicalCenterWalnutCreekCampus,0.4197295045496482,46.218333333333334,ROUTE_NorthBayMedicalCenter,0.3624966907083756,10.571666666666665,ROUTE_JohnMuirMedicalCenterWalnutCreekCampus,0.4197295045496482,46.218333333333334,ROUTE_NorthBayMedicalCenter,0.3624966907083756,10.571666666666665
37.431388888861775,-121.88472222217712,264.6347475125482,MIMIC,ROUTE_RegionalMedicalCenterOfSanJose,0.32734294144,11.631666666666666,ROUTE_RegionalMedicalCenterOfSanJose,0.32734294144,11.631666666666666,ROUTE_RegionalMedicalCenterOfSanJose,0.32734294144,11.631666666666666,ROUTE_RegionalMedicalCenterOfSanJose,0.32734294144,11.631666666666666
37.66527777775085,-122.48388888884426,55.58693273336584,MIMIC,ROUTE_MillsPeninsulaMedicalCenterSutter,0.4286071074867698,16.696666666666665,ROUTE_AHMCSetonMedicalCenter,0.42371465984504136,7.088333333333334,ROUTE_MillsPeninsulaMedicalCenterSutter,0.4286071074867698,16.696666666666665,ROUTE_AHMCSetonMedicalCenter,0.42371465984504136,7.088333333333334
37.778611111084274,-122.1930555555107,57.52003780471534,NLVO,ROUTE_SutterEdenMedicalCenter,0.4276881870143876,18.671666666666667,ROUTE_HighlandHospitalWilmaChanCampus,0.42278396597986595,8.471666666666668,ROUTE_SutterEdenMedicalCenter,0.4276881870143876,18.671666666666667,ROUTE_HighlandHospitalWilmaChanCampus,0.42278396597986595,8.471666666666668
38.09749999997342,-122.22361111106628,80.50458186051756,HEMORRHAGIC,ROUTE_JohnMuirMedicalCenterWalnutCreekCampus,0.4200826429137009,28.241666666666667,ROUTE_SutterSolanoMedicalCenter,0.3597248603627305,8.401666666666667,ROUTE_JohnMuirMedicalCenterWalnutCreekCampus,0.4200826429137009,28.241666666666667,ROUTE_SutterSolanoMedicalCenter,0.3597248603627305,8.401666666666667
37.72916666663979,-122.42194444439977,235.1724353356568,LVO,ROUTE_CPMCMissionBernalCampusSutter,0.32734294144,7.421666666666667,ROUTE_CPMCMissionBernalCampusSutter,0.32734294144,7.421666666666667,ROUTE_CPMCDaviesCampusSutter,0.32734294144,13.44,ROUTE_CPMCMissionBernalCampusSutter,0.32734294144,7.421666666666667
37.9588888888622,-121.75666666662146,113.83949548544851,HEMORRHAGIC,ROUTE_JohnMuirMedicalCenterWalnutCreekCampus,0.41070214991838494,35.63,ROUTE_KaiserFoundationHospitalAntioch,0.3536785901853924,6.778333333333333,ROUTE_JohnMuirMedicalCenterWalnutCreekCampus,0.41070214991838494,35.63,ROUTE_KaiserFoundationHospitalAntioch,0.3536785901853924,6.778333333333333
37.34027777775059,-122.00527777773277,40.063538184205576,LVO,ROUTE_KaiserFoundationHospitalSantaClara,0.4353211489458127,3.835,ROUTE_KaiserFoundationHospitalSantaClara,0.4353211489458127,3.835,ROUTE_KaiserFoundationHospitalSantaClara,0.4353211489458127,3.835,ROUTE_KaiserFoundationHospitalSantaClara,0.4353211489458127,3.835
37.686388888861984,-121.74833333328812,257.63545805482346,NLVO,ROUTE_StanfordHealthCareTriValley,0.32734294144,18.833333333333332,ROUTE_StanfordHealthCareTriValley,0.32734294144,18.833333333333332,ROUTE_SutterEdenMedicalCenter,0.32734294144,30.23,ROUTE_StanfordHealthCareTriValley,0.32734294144,18.833333333333332
37.46944444441736,-122.2294444443996,85.4015421582946,HEMORRHAGIC,ROUTE_KaiserFoundationHospitalRedwoodCity,0.4236534545975891,8.011666666666667,ROUTE_SequoiaHospital,0.35885852107429544,8.0,ROUTE_KaiserFoundationHospitalRedwoodCity,0.4236534545975891,8.011666666666667,ROUTE_SequoiaHospital,0.35885852107429544,8.0
37.442499999972895,-122.15472222217733,171.33836155954907,LVO,ROUTE_StanfordHealthCare,0.40390394168926236,8.076666666666666,ROUTE_StanfordHealthCare,0.40390394168926236,8.076666666666666,ROUTE_StanfordHealthCare,0.40390394168926236,8.076666666666666,ROUTE_StanfordHealthCare,0.40390394168926236,8.076666666666666
37.765555555528714,-122.44277777773311,183.27582375023562,NLVO,ROUTE_CPMCDaviesCampusSutter,0.3415694723552575,3.341666666666667,ROUTE_CPMCDaviesCampusSutter,0.3415694723552575,3.341666666666667,ROUTE_CPMCDaviesCampusSutter,0.3415694723552575,3.341666666666667,ROUTE_CPMCDaviesCampusSutter,0.3415694723552575,3.341666666666667
37.99583333330667,-122.02805555551056,43.00781642232817,HEMORRHAGIC,ROUTE_JohnMuirMedicalCenterWalnutCreekCampus,0.43170626111916766,16.14,ROUTE_JohnMuirMedicalCenterConcordCampus,0.42739036575735,4.448333333333333,ROUTE_JohnMuirMedicalCenterWalnutCreekCampus,0.43170626111916766,16.14,ROUTE_JohnMuirMedicalCenterConcordCampus,0.42739036575735,4.448333333333333
37.80333333330652,-122.21583333328849,54.97889817462884,NLVO,ROUTE_SutterEdenMedicalCenter,0.4281897642963362,19.078333333333333,ROUTE_HighlandHospitalWilmaChanCampus,0.42445115707686987,3.955,ROUTE_SutterEdenMedicalCenter,0.4281897642963362,19.078333333333333,ROUTE_HighlandHospitalWilmaChanCampus,0.42445115707686987,3.955
37.53527777775075,-122.2408333332885,99.22270596435882,HEMORRHAGIC,ROUTE_KaiserFoundationHospitalRedwoodCity,0.41855572499366783,16.108333333333334,ROUTE_KaiserFoundationHospitalRedwoodCity,0.41855572499366783,16.108333333333334,ROUTE_KaiserFoundationHospitalRedwoodCity,0.41855572499366783,16.108333333333334,ROUTE_KaiserFoundationHospitalRedwoodCity,0.41855572499366783,16.108333333333334
37.52416666663963,-121.96194444439939,180.5604930211909,MIMIC,ROUTE_RegionalMedicalCenterOfSanJose,0.33878602455843915,21.743333333333332,ROUTE_KaiserFoundationHospitalFremont,0.34097788006054736,9.375,ROUTE_RegionalMedicalCenterOfSanJose,0.33878602455843915,21.743333333333332,ROUTE_KaiserFoundationHospitalFremont,0.34097788006054736,9.375
38.02083333330669,-121.87638888884378,88.01012089465763,MIMIC,ROUTE_JohnMuirMedicalCenterWalnutCreekCampus,0.41898286633094123,25.476666666666667,ROUTE_SutterDeltaMedicalCenter,0.32734294144,13.6,ROUTE_JohnMuirMedicalCenterWalnutCreekCampus,0.41898286633094123,25.476666666666667,ROUTE_JohnMuirMedicalCenterConcordCampus,0.35686540400812994,15.796666666666665
37.93249999997329,-122.04805555551057,93.33290724241584,LVO,ROUTE_JohnMuirMedicalCenterWalnutCreekCampus,0.4217791621714219,8.116666666666667,ROUTE_JohnMuirMedicalCenterWalnutCreekCampus,0.4217791621714219,8.116666666666667,ROUTE_JohnMuirMedicalCenterWalnutCreekCampus,0.4217791621714219,8.116666666666667,ROUTE_JohnMuirMedicalCenterWalnutCreekCampus,0.4217791621714219,8.116666666666667
37.9172222221955,-122.05805555551059,79.57646523266173,HEMORRHAGIC,ROUTE_JohnMuirMedicalCenterWalnutCreekCampus,0.42552631453387185,5.828333333333333,ROUTE_JohnMuirMedicalCenterWalnutCreekCampus,0.42552631453387185,5.828333333333333,ROUTE_JohnMuirMedicalCenterWalnutCreekCampus,0.42552631453387185,5.828333333333333,ROUTE_JohnMuirMedicalCenterWalnutCreekCampus,0.42552631453387185,5.828333333333333
37.82999999997321,-122.25166666662184,34.973491687819575,LVO,ROUTE_SutterEdenMedicalCenter,0.43211958017714924,22.426666666666666,ROUTE_KaiserFoundationHospitalOaklandRichmond,0.42911878907867607,3.6133333333333337,ROUTE_SutterEdenMedicalCenter,0.43211958017714924,22.426666666666666,ROUTE_KaiserFoundationHospitalOaklandRichmond,0.42911878907867607,3.6133333333333337
37.94305555552885,-122.51777777773317,210.3720952412342,HEMORRHAGIC,ROUTE_MarinHealthMedicalCenter,0.33654845460568583,4.6899999999999995,ROUTE_MarinHealthMedicalCenter,0.33654845460568583,4.6899999999999995,ROUTE_UCSFMedicalCenter,0.32734294144,32.608333333333334,ROUTE_MarinHealthMedicalCenter,0.33654845460568583,4.6899999999999995
37.746666666639804,-122.17805555551068,214.05447797290427,HEMORRHAGIC,ROUTE_KaiserFoundationHospitalSanLeandro,0.32734294144,12.346666666666666,ROUTE_KaiserFoundationHospitalSanLeandro,0.32734294144,12.346666666666666,ROUTE_SutterEdenMedicalCenter,0.32734294144,16.943333333333335,ROUTE_KaiserFoundationHospitalSanLeandro,0.32734294144,12.346666666666666
37.798333333306516,-122.41027777773309,257.61652831577953,LVO,ROUTE_ChineseHospital,0.32734294144,2.0516666666666667,ROUTE_ChineseHospital,0.32734294144,2.0516666666666667,ROUTE_CPMCDaviesCampusSutter,0.32734294144,11.695,ROUTE_ChineseHospital,0.32734294144,2.0516666666666667
37.78805555552873,-122.44694444439979,169.7000607625174,HEMORRHAGIC,ROUTE_CPMCDaviesCampusSutter,0.4044786408325686,7.168333333333334,ROUTE_KaiserFoundationHospitalSanFrancisco,0.3441945602489418,2.308333333333333,ROUTE_CPMCDaviesCampusSutter,0.4044786408325686,7.168333333333334,ROUTE_KaiserFoundationHospitalSanFrancisco,0.3441945602489418,2.308333333333333
38.256666666640214,-122.62583333328882,192.0014201690351,HEMORRHAGIC,ROUTE_PetalumaValleyHospitalProvidence,0.3399536827442697,3.6966666666666668,ROUTE_PetalumaValleyHospitalProvidence,0.3399536827442697,3.6966666666666668,ROUTE_UCSFMedicalCenter,0.32734294144,62.19666666666667,ROUTE_PetalumaValleyHospitalProvidence,0.3399536827442697,3.6966666666666668
37.820555555528756,-122.27972222217743,84.55546881463056,LVO,ROUTE_SutterEdenMedicalCenter,0.4203719017986293,22.945,ROUTE_KaiserFoundationHospitalOaklandRichmond,0.3593851816258868,6.111666666666666,ROUTE_SutterEdenMedicalCenter,0.4203719017986293,22.945,ROUTE_KaiserFoundationHospitalOaklandRichmond,0.3593851816258868,6.111666666666666
37.79388888886207,-122.42361111106644,200.61789008170456,HEMORRHAGIC,ROUTE_UCSFHealthHydeHospital,0.3385210759341657,3.1883333333333335,ROUTE_UCSFHealthHydeHospital,0.3385210759341657,3.1883333333333335,ROUTE_CPMCDaviesCampusSutter,0.3374193703816731,9.461666666666668,ROUTE_UCSFHealthHydeHospital,0.3385210759341657,3.1883333333333335
37.93972222219552,-121.69972222217696,123.3859306520444,HEMORRHAGIC,ROUTE_JohnMuirMedicalCenterWalnutCreekCampus,0.40759173550444094,39.73833333333334,ROUTE_KaiserFoundationHospitalAntioch,0.35063073809512163,13.518333333333334,ROUTE_JohnMuirMedicalCenterWalnutCreekCampus,0.40759173550444094,39.73833333333334,ROUTE_KaiserFoundationHospitalAntioch,0.35063073809512163,13.518333333333334
38.00166666664001,-122.297777777733,208.3240399877671,LVO,ROUTE_KaiserFoundationHospitalRichmondCampus,0.33529649210695994,13.938333333333333,ROUTE_KaiserFoundationHospitalRichmondCampus,0.33529649210695994,13.938333333333333,ROUTE_JohnMuirMedicalCenterWalnutCreekCampus,0.32734294144,31.834999999999997,ROUTE_KaiserFoundationHospitalRichmondCampus,0.33529649210695994,13.938333333333333
37.776111111084276,-121.93249999995493,245.8908221696172,LVO,ROUTE_SanRamonRegionalMedicalCenter,0.32734294144,6.376666666666667,ROUTE_SanRamonRegionalMedicalCenter,0.32734294144,6.376666666666667,ROUTE_JohnMuirMedicalCenterWalnutCreekCampus,0.32734294144,24.491666666666667,ROUTE_SanRamonRegionalMedicalCenter,0.32734294144,6.376666666666667
37.45749999997291,-122.1374999999551,35.38274931133512,HEMORRHAGIC,ROUTE_KaiserFoundationHospitalRedwoodCity,0.4345135445964679,11.915,ROUTE_KaiserFoundationHospitalRedwoodCity,0.4345135445964679,11.915,ROUTE_KaiserFoundationHospitalRedwoodCity,0.4345135445964679,11.915,ROUTE_KaiserFoundationHospitalRedwoodCity,0.4345135445964679,11.915
37.56027777775077,-122.29999999995522,90.2568817860452,LVO,ROUTE_MillsPeninsulaMedicalCenterSutter,0.42169228440278717,11.566666666666666,ROUTE_SanMateoMedicalCenter,0.32734294144,10.941666666666666,ROUTE_MillsPeninsulaMedicalCenterSutter,0.42169228440278717,11.566666666666666,ROUTE_MillsPeninsulaMedicalCenterSutter,0.42169228440278717,11.566666666666666
37.60055555552858,-122.40583333328864,121.97036672725518,HEMORRHAGIC,ROUTE_MillsPeninsulaMedicalCenterSutter,0.4158817047230543,4.931666666666667,ROUTE_MillsPeninsulaMedicalCenterSutter,0.4158817047230543,4.931666666666667,ROUTE_MillsPeninsulaMedicalCenterSutter,0.4158817047230543,4.931666666666667,ROUTE_MillsPeninsulaMedicalCenterSutter,0.4158817047230543,4.931666666666667
37.99388888886223,-121.72638888884366,202.84377626714465,NLVO,ROUTE_KaiserFoundationHospitalAntioch,0.3360029269016779,15.35,ROUTE_KaiserFoundationHospitalAntioch,0.3360029269016779,15.35,ROUTE_JohnMuirMedicalCenterWalnutCreekCampus,0.32734294144,36.96,ROUTE_KaiserFoundationHospitalAntioch,0.3360029269016779,15.35
38.0030555555289,-121.7283333332881,171.3199137053921,HEMORRHAGIC,ROUTE_JohnMuirMedicalCenterWalnutCreekCampus,0.3376595908304488,37.39,ROUTE_SutterDeltaMedicalCenter,0.32734294144,15.831666666666667,ROUTE_JohnMuirMedicalCenterWalnutCreekCampus,0.3376595908304488,37.39,ROUTE_KaiserFoundationHospitalAntioch,0.3412912064937864,16.856666666666666
37.782222222195394,-122.42055555551087,168.898092928997,HEMORRHAGIC,ROUTE_CPMCDaviesCampusSutter,0.4047467017819218,6.785,ROUTE_CPMCVanNessCampusSutter,0.34447008857072353,1.5883333333333334,ROUTE_CPMCDaviesCampusSutter,0.4047467017819218,6.785,ROUTE_CPMCVanNessCampusSutter,0.34447008857072353,1.5883333333333334
37.564999999973,-121.9833333332883,88.87602273945383,LVO,ROUTE_SutterEdenMedicalCenter,0.4179771071614284,28.953333333333333,ROUTE_WashingtonHospitalHealthcareSystem,0.359019655601999,3.6883333333333335,ROUTE_SutterEdenMedicalCenter,0.4179771071614284,28.953333333333333,ROUTE_WashingtonHospitalHealthcareSystem,0.359019655601999,3.6883333333333335
37.54166666663964,-122.05611111106614,123.70963823799016,NLVO,ROUTE_SutterEdenMedicalCenter,0.41110506677187936,23.996666666666666,ROUTE_StRoseHospital,0.32734294144,14.835,ROUTE_SutterEdenMedicalCenter,0.41110506677187936,23.996666666666666,ROUTE_WashingtonHospitalHealthcareSystem,0.34980251242054966,17.658333333333335
37.62194444441749,-122.42861111106643,140.93530759546636,MIMIC,ROUTE_MillsPeninsulaMedicalCenterSutter,0.41056544201572015,9.133333333333333,ROUTE_KaiserFoundationHospitalSouthSanFrancisco,0.34821929385985406,9.006666666666666,ROUTE_MillsPeninsulaMedicalCenterSutter,0.41056544201572015,9.133333333333333,ROUTE_KaiserFoundationHospitalSouthSanFrancisco,0.34821929385985406,9.006666666666666
37.94916666663997,-122.50527777773317,45.40960957321205,LVO,ROUTE_UCSFMedicalCenter,0.42667477888424277,35.09666666666667,ROUTE_MarinHealthMedicalCenter,0.4246485452349841,7.826666666666667,ROUTE_UCSFMedicalCenter,0.42667477888424277,35.09666666666667,ROUTE_MarinHealthMedicalCenter,0.4246485452349841,7.826666666666667
37.988611111084445,-122.08472222217728,234.6473698265828,MIMIC,ROUTE_JohnMuirMedicalCenterConcordCampus,0.32734294144,8.723333333333333,ROUTE_JohnMuirMedicalCenterConcordCampus,0.32734294144,8.723333333333333,ROUTE_JohnMuirMedicalCenterWalnutCreekCampus,0.32734294144,16.265,ROUTE_JohnMuirMedicalCenterConcordCampus,0.32734294144,8.723333333333333
37.945555555528856,-122.3533333332886,142.4622658675881,LVO,ROUTE_CPMCDaviesCampusSutter,0.4043711952855928,34.88333333333333,ROUTE_KaiserFoundationHospitalRichmondCampus,0.3489816016554677,3.3433333333333333,ROUTE_CPMCDaviesCampusSutter,0.4043711952855928,34.88333333333333,ROUTE_KaiserFoundationHospitalRichmondCampus,0.3489816016554677,3.3433333333333333
37.87777777775102,-122.17805555551068,99.8608411178864,NLVO,ROUTE_JohnMuirMedicalCenterWalnutCreekCampus,0.41863336451914046,15.135,ROUTE_KaiserFoundationHospitalWalnutCreek,0.3551697691658269,12.863333333333333,ROUTE_JohnMuirMedicalCenterWalnutCreekCampus,0.41863336451914046,15.135,ROUTE_KaiserFoundationHospitalWalnutCreek,0.3551697691658269,12.863333333333333
37.77638888886205,-121.92083333328826,193.74171682956862,HEMORRHAGIC,ROUTE_SanRamonRegionalMedicalCenter,0.3389054654238624,7.883333333333334,ROUTE_SanRamonRegionalMedicalCenter,0.3389054654238624,7.883333333333334,ROUTE_JohnMuirMedicalCenterWalnutCreekCampus,0.33573387215383893,26.0,ROUTE_SanRamonRegionalMedicalCenter,0.3389054654238624,7.883333333333334
37.84583333330655,-122.23416666662183,113.22752928614594,LVO,ROUTE_SutterEdenMedicalCenter,0.4141942364334839,21.003333333333334,ROUTE_AltaBatesSummitMedicalCenterAltaBatesCampus,0.32734294144,7.8100000000000005,ROUTE_SutterEdenMedicalCenter,0.4141942364334839,21.003333333333334,ROUTE_KaiserFoundationHospitalOaklandRichmond,0.35310283370675544,10.451666666666666
37.78388888886206,-122.28305555551077,220.8350799440396,HEMORRHAGIC,ROUTE_AlamedaHospital,0.32734294144,9.68,ROUTE_AlamedaHospital,0.32734294144,9.68,ROUTE_SutterEdenMedicalCenter,0.32734294144,26.048333333333336,ROUTE_AlamedaHospital,0.32734294144,9.68
37.91861111108439,-122.01583333328833,137.81869949118217,HEMORRHAGIC,ROUTE_JohnMuirMedicalCenterWalnutCreekCampus,0.41187836742250944,6.508333333333334,ROUTE_JohnMuirMedicalCenterWalnutCreekCampus,0.41187836742250944,6.508333333333334,ROUTE_JohnMuirMedicalCenterWalnutCreekCampus,0.41187836742250944,6.508333333333334,ROUTE_JohnMuirMedicalCenterWalnutCreekCampus,0.41187836742250944,6.508333333333334
38.11722222219566,-122.54888888884432,60.42313928092735,HEMORRHAGIC,ROUTE_UCSFMedicalCenter,0.4196040276951396,50.385,ROUTE_NovatoCommunityHospitalSutter,0.36348575039689596,9.138333333333332,ROUTE_UCSFMedicalCenter,0.4196040276951396,50.385,ROUTE_NovatoCommunityHospitalSutter,0.36348575039689596,9.138333333333332
37.9008333333066,-122.27777777773298,101.29553451817226,LVO,ROUTE_JohnMuirMedicalCenterWalnutCreekCampus,0.4137936933752941,34.68,ROUTE_AltaBatesSummitMedicalCenterAltaBatesCampus,0.32734294144,14.303333333333335,ROUTE_JohnMuirMedicalCenterWalnutCreekCampus,0.4137936933752941,34.68,ROUTE_KaiserFoundationHospitalRichmondCampus,0.35385630407922625,18.378333333333334
37.99944444441779,-122.24916666662185,55.65929381101444,HEMORRHAGIC,ROUTE_JohnMuirMedicalCenterWalnutCreekCampus,0.4253036301197067,30.696666666666665,ROUTE_ContraCostaRegionalMedicalCenter,0.3378999374210002,17.65,ROUTE_JohnMuirMedicalCenterWalnutCreekCampus,0.4253036301197067,30.696666666666665,ROUTE_KaiserFoundationHospitalRichmondCampus,0.3621207676881723,20.89
37.71944444441756,-122.17083333328846,210.1746331973035,NLVO,ROUTE_KaiserFoundationHospitalSanLeandro,0.3361574045813852,7.131666666666666,ROUTE_KaiserFoundationHospitalSanLeandro,0.3361574045813852,7.131666666666666,ROUTE_SutterEdenMedicalCenter,0.3351370403601015,13.006666666666666,ROUTE_KaiserFoundationHospitalSanLeandro,0.3361574045813852,7.131666666666666
37.74722222219536,-121.94999999995494,125.21455079637616,LVO,ROUTE_SutterEdenMedicalCenter,0.41132498731584594,21.529999999999998,ROUTE_SanRamonRegionalMedicalCenter,0.3511827705918602,8.725,ROUTE_SutterEdenMedicalCenter,0.41132498731584594,21.529999999999998,ROUTE_SanRamonRegionalMedicalCenter,0.3511827705918602,8.725
37.764166666639824,-122.24805555551073,108.58109148687225,NLVO,ROUTE_SutterEdenMedicalCenter,0.4153235145171269,20.743333333333332,ROUTE_AlamedaHospital,0.3556606449534225,1.555,ROUTE_SutterEdenMedicalCenter,0.4153235145171269,20.743333333333332,ROUTE_AlamedaHospital,0.3556606449534225,1.555
37.927499999973286,-121.75416666662146,152.38205043092458,HEMORRHAGIC,ROUTE_JohnMuirMedicalCenterWalnutCreekCampus,0.34073901751763963,38.894999999999996,ROUTE_KaiserFoundationHospitalAntioch,0.34606627108201043,9.315,ROUTE_JohnMuirMedicalCenterWalnutCreekCampus,0.34073901751763963,38.894999999999996,ROUTE_KaiserFoundationHospitalAntioch,0.34606627108201043,9.315
37.735833333306466,-122.158888888844,56.54701917850076,HEMORRHAGIC,ROUTE_SutterEdenMedicalCenter,0.42910952984613115,13.603333333333333,ROUTE_SanLeandroHospitalAlamedaHealthSystem,0.4024011130509847,7.871666666666667,ROUTE_SutterEdenMedicalCenter,0.42910952984613115,13.603333333333333,ROUTE_KaiserFoundationHospitalSanLeandro,0.42263433948034035,11.386666666666667
37.72083333330645,-121.86416666662154,218.9182484881316,LVO,ROUTE_StanfordHealthCareTriValley,0.32734294144,8.993333333333334,ROUTE_StanfordHealthCareTriValley,0.32734294144,8.993333333333334,ROUTE_SutterEdenMedicalCenter,0.32734294144,21.201666666666664,ROUTE_StanfordHealthCareTriValley,0.32734294144,8.993333333333334
37.63888888886194,-121.87749999995488,178.18290559173485,HEMORRHAGIC,ROUTE_SutterEdenMedicalCenter,0.33890622594733055,23.438333333333333,ROUTE_StanfordHealthCareTriValley,0.34028885379197865,15.626666666666667,ROUTE_SutterEdenMedicalCenter,0.33890622594733055,23.438333333333333,ROUTE_StanfordHealthCareTriValley,0.34028885379197865,15.626666666666667
37.777499999973166,-122.48361111106648,161.97250037235986,HEMORRHAGIC,ROUTE_UCSFMedicalCenter,0.405930224758693,8.476666666666667,ROUTE_UCSFHealthStanyanHospital,0.3447392762782046,7.026666666666667,ROUTE_UCSFMedicalCenter,0.405930224758693,8.476666666666667,ROUTE_UCSFHealthStanyanHospital,0.3447392762782046,7.026666666666667
37.91611111108439,-122.32305555551079,222.6910285501033,HEMORRHAGIC,ROUTE_KaiserFoundationHospitalRichmondCampus,0.32734294144,8.648333333333333,ROUTE_KaiserFoundationHospitalRichmondCampus,0.32734294144,8.648333333333333,ROUTE_CPMCDaviesCampusSutter,0.32734294144,29.983333333333334,ROUTE_KaiserFoundationHospitalRichmondCampus,0.32734294144,8.648333333333333
37.95999999997331,-122.05361111106613,266.61944476452777,MIMIC,ROUTE_JohnMuirMedicalCenterConcordCampus,0.32734294144,10.001666666666667,ROUTE_JohnMuirMedicalCenterConcordCampus,0.32734294144,10.001666666666667,ROUTE_JohnMuirMedicalCenterWalnutCreekCampus,0.32734294144,12.835,ROUTE_JohnMuirMedicalCenterConcordCampus,0.32734294144,10.001666666666667
37.64916666663973,-121.88916666662156,166.9648324360755,NLVO,ROUTE_SutterEdenMedicalCenter,0.34087500647788116,23.548333333333336,ROUTE_StanfordHealthCareTriValley,0.34251711306058913,14.360000000000001,ROUTE_SutterEdenMedicalCenter,0.34087500647788116,23.548333333333336,ROUTE_StanfordHealthCareTriValley,0.34251711306058913,14.360000000000001
38.25861111108466,-122.61944444439992,202.25432613588154,LVO,ROUTE_PetalumaValleyHospitalProvidence,0.33793349634434355,4.8933333333333335,ROUTE_PetalumaValleyHospitalProvidence,0.33793349634434355,4.8933333333333335,ROUTE_UCSFMedicalCenter,0.32734294144,61.835,ROUTE_PetalumaValleyHospitalProvidence,0.33793349634434355,4.8933333333333335
38.02361111108447,-121.91055555551047,144.07195096029633,NLVO,ROUTE_JohnMuirMedicalCenterWalnutCreekCampus,0.40636634821140133,24.451666666666664,ROUTE_JohnMuirMedicalCenterConcordCampus,0.3466016144044387,14.691666666666666,ROUTE_JohnMuirMedicalCenterWalnutCreekCampus,0.40636634821140133,24.451666666666664,ROUTE_JohnMuirMedicalCenterConcordCampus,0.3466016144044387,14.691666666666666
37.866388888862126,-122.2547222221774,251.63628836853198,LVO,ROUTE_AltaBatesSummitMedicalCenterAltaBatesCampus,0.32734294144,4.098333333333334,ROUTE_AltaBatesSummitMedicalCenterAltaBatesCampus,0.32734294144,4.098333333333334,ROUTE_SutterEdenMedicalCenter,0.32734294144,26.271666666666665,ROUTE_AltaBatesSummitMedicalCenterSummitCampus,0.32734294144,13.258333333333333
37.99499999997334,-122.35444444439972,127.72002381271433,LVO,ROUTE_JohnMuirMedicalCenterWalnutCreekCampus,0.407409193514406,36.20666666666667,ROUTE_KaiserFoundationHospitalRichmondCampus,0.35027208734038423,11.115,ROUTE_JohnMuirMedicalCenterWalnutCreekCampus,0.407409193514406,36.20666666666667,ROUTE_KaiserFoundationHospitalRichmondCampus,0.35027208734038423,11.115
37.591111111084125,-122.07944444439948,147.24171185542917,MIMIC,ROUTE_SutterEdenMedicalCenter,0.4063344491156151,21.423333333333336,ROUTE_StRoseHospital,0.32734294144,11.476666666666667,ROUTE_SutterEdenMedicalCenter,0.4063344491156151,21.423333333333336,ROUTE_KaiserFoundationHospitalSanLeandro,0.3451069067119585,19.73
37.59166666663968,-122.48027777773315,144.4842211973862,MIMIC,ROUTE_MillsPeninsulaMedicalCenterSutter,0.40609757712980843,25.226666666666667,ROUTE_AHMCSetonMedicalCenter,0.3460026023675933,17.563333333333333,ROUTE_MillsPeninsulaMedicalCenterSutter,0.40609757712980843,25.226666666666667,ROUTE_AHMCSetonMedicalCenter,0.3460026023675933,17.563333333333333
37.81444444441764,-121.97055555551051,89.65218133436188,LVO,ROUTE_JohnMuirMedicalCenterWalnutCreekCampus,0.42005231877735544,19.225,ROUTE_SanRamonRegionalMedicalCenter,0.357515958376057,10.75,ROUTE_JohnMuirMedicalCenterWalnutCreekCampus,0.42005231877735544,19.225,ROUTE_SanRamonRegionalMedicalCenter,0.357515958376057,10.75
37.96805555552887,-122.50055555551094,246.28970810269252,HEMORRHAGIC,ROUTE_MarinHealthMedicalCenter,0.32734294144,10.9,ROUTE_MarinHealthMedicalCenter,0.32734294144,10.9,ROUTE_UCSFMedicalCenter,0.32734294144,38.23166666666667,ROUTE_MarinHealthMedicalCenter,0.32734294144,10.9
37.776666666639834,-122.28361111106632,172.63681684619561,NLVO,ROUTE_SutterEdenMedicalCenter,0.3393536955322564,26.45,ROUTE_AlamedaHospital,0.34262005167033266,8.113333333333333,ROUTE_SutterEdenMedicalCenter,0.3393536955322564,26.45,ROUTE_AlamedaHospital,0.34262005167033266,8.113333333333333
38.29361111108469,-122.47305555551091,137.90553909928596,NLVO,ROUTE_JohnMuirMedicalCenterWalnutCreekCampus,0.3384279514254278,66.43,ROUTE_SonomaValleyHospital,0.3499764440156017,2.5233333333333334,ROUTE_JohnMuirMedicalCenterWalnutCreekCampus,0.3384279514254278,66.43,ROUTE_SonomaValleyHospital,0.3499764440156017,2.5233333333333334
37.78111111108428,-122.4013888888442,128.0487120737335,HEMORRHAGIC,ROUTE_CPMCDaviesCampusSutter,0.4133863531681861,9.7,ROUTE_UCSFHealthHydeHospital,0.35096662295654474,7.051666666666667,ROUTE_CPMCDaviesCampusSutter,0.4133863531681861,9.7,ROUTE_UCSFHealthHydeHospital,0.35096662295654474,7.051666666666667
37.737777777750914,-122.39916666662197,117.14021490339641,MIMIC,ROUTE_CPMCDaviesCampusSutter,0.4151834600224384,12.791666666666666,ROUTE_ZuckerbergSanFranciscoGeneralHospital,0.3530282545165589,6.9350000000000005,ROUTE_CPMCDaviesCampusSutter,0.4151834600224384,12.791666666666666,ROUTE_ZuckerbergSanFranciscoGeneralHospital,0.3530282545165589,6.9350000000000005
38.25083333330688,-122.02583333328833,130.93703412611373,HEMORRHAGIC,ROUTE_JohnMuirMedicalCenterWalnutCreekCampus,0.40507000361337886,43.315000000000005,ROUTE_NorthBayMedicalCenter,0.3498108382925304,10.385,ROUTE_JohnMuirMedicalCenterWalnutCreekCampus,0.40507000361337886,43.315000000000005,ROUTE_NorthBayMedicalCenter,0.3498108382925304,10.385
37.35111111108394,-122.01666666662166,242.75393879409486,MIMIC,ROUTE_KaiserFoundationHospitalSantaClara,0.32734294144,8.116666666666667,ROUTE_KaiserFoundationHospitalSantaClara,0.32734294144,8.116666666666667,ROUTE_KaiserFoundationHospitalSantaClara,0.32734294144,8.116666666666667,ROUTE_KaiserFoundationHospitalSantaClara,0.32734294144,8.116666666666667
37.78527777775095,-122.22777777773294,209.13977951930752,NLVO,ROUTE_HighlandHospitalWilmaChanCampus,0.3371006669152804,2.7616666666666663,ROUTE_HighlandHospitalWilmaChanCampus,0.3371006669152804,2.7616666666666663,ROUTE_SutterEdenMedicalCenter,0.32734294144,20.121666666666666,ROUTE_HighlandHospitalWilmaChanCampus,0.3371006669152804,2.7616666666666663
37.969166666639985,-122.03722222217723,177.42837630650908,LVO,ROUTE_JohnMuirMedicalCenterWalnutCreekCampus,0.3408654737225544,13.138333333333332,ROUTE_JohnMuirMedicalCenterConcordCampus,0.34218583887876736,5.743333333333334,ROUTE_JohnMuirMedicalCenterWalnutCreekCampus,0.3408654737225544,13.138333333333332,ROUTE_JohnMuirMedicalCenterConcordCampus,0.34218583887876736,5.743333333333334
37.792777777750956,-122.42388888884422,98.36565263880149,HEMORRHAGIC,ROUTE_CPMCDaviesCampusSutter,0.4203893986489635,9.06,ROUTE_UCSFHealthHydeHospital,0.35752578428963633,1.9849999999999999,ROUTE_CPMCDaviesCampusSutter,0.4203893986489635,9.06,ROUTE_UCSFHealthHydeHospital,0.35752578428963633,1.9849999999999999
37.5372222221952,-121.95972222217718,196.1592419017578,LVO,ROUTE_KaiserFoundationHospitalFremont,0.33891575151839504,5.408333333333333,ROUTE_KaiserFoundationHospitalFremont,0.33891575151839504,5.408333333333333,ROUTE_RegionalMedicalCenterOfSanJose,0.3360507210890117,21.759999999999998,ROUTE_KaiserFoundationHospitalFremont,0.33891575151839504,5.408333333333333
37.526666666639635,-122.25666666662185,163.70269308280461,NLVO,ROUTE_KaiserFoundationHospitalRedwoodCity,0.4042798984826155,14.046666666666665,ROUTE_SanMateoMedicalCenter,0.32734294144,13.403333333333334,ROUTE_KaiserFoundationHospitalRedwoodCity,0.4042798984826155,14.046666666666665,ROUTE_KaiserFoundationHospitalRedwoodCity,0.4042798984826155,14.046666666666665
38.085833333306745,-122.57527777773322,38.83942726052734,HEMORRHAGIC,ROUTE_UCSFMedicalCenter,0.42443705865584114,51.22,ROUTE_NovatoCommunityHospitalSutter,0.3678137511617055,8.803333333333335,ROUTE_UCSFMedicalCenter,0.42443705865584114,51.22,ROUTE_NovatoCommunityHospitalSutter,0.3678137511617055,8.803333333333335
37.82555555552876,-122.01861111106611,152.55610411533175,HEMORRHAGIC,ROUTE_JohnMuirMedicalCenterWalnutCreekCampus,0.40557371935524783,19.46833333333333,ROUTE_KaiserFoundationHospitalWalnutCreek,0.3452084711206974,13.856666666666666,ROUTE_JohnMuirMedicalCenterWalnutCreekCampus,0.40557371935524783,19.46833333333333,ROUTE_KaiserFoundationHospitalWalnutCreek,0.3452084711206974,13.856666666666666
38.088611111084525,-122.55694444439987,94.56847861862815,NLVO,ROUTE_UCSFMedicalCenter,0.4121953979108884,48.373333333333335,ROUTE_NovatoCommunityHospitalSutter,0.3574922448089764,5.956666666666666,ROUTE_UCSFMedicalCenter,0.4121953979108884,48.373333333333335,ROUTE_NovatoCommunityHospitalSutter,0.3574922448089764,5.956666666666666
38.01305555552891,-122.52277777773318,232.06955579751045,LVO,ROUTE_KaiserFoundationHospitalSanRafael,0.32734294144,14.879999999999999,ROUTE_KaiserFoundationHospitalSanRafael,0.32734294144,14.879999999999999,ROUTE_UCSFMedicalCenter,0.32734294144,45.455000000000005,ROUTE_KaiserFoundationHospitalSanRafael,0.32734294144,14.879999999999999
37.7505555555287,-122.4152777777331,164.8601987985107,NLVO,ROUTE_CPMCDaviesCampusSutter,0.40531376117447726,8.313333333333334,ROUTE_CPMCMissionBernalCampusSutter,0.34486627213173626,3.4383333333333335,ROUTE_CPMCDaviesCampusSutter,0.40531376117447726,8.313333333333334,ROUTE_CPMCMissionBernalCampusSutter,0.34486627213173626,3.4383333333333335
37.8591666666399,-122.25388888884407,126.84904854485607,LVO,ROUTE_SutterEdenMedicalCenter,0.4103580032786187,24.126666666666665,ROUTE_AltaBatesSummitMedicalCenterAltaBatesCampus,0.32734294144,1.9533333333333334,ROUTE_SutterEdenMedicalCenter,0.4103580032786187,24.126666666666665,ROUTE_AltaBatesSummitMedicalCenterSummitCampus,0.35043414611595103,11.113333333333333
37.63805555552861,-122.08583333328839,128.3997942772911,HEMORRHAGIC,ROUTE_SutterEdenMedicalCenter,0.4118592677881423,16.01,ROUTE_StRoseHospital,0.32734294144,5.261666666666667,ROUTE_SutterEdenMedicalCenter,0.4118592677881423,16.01,ROUTE_KaiserFoundationHospitalSanLeandro,0.34955265249835943,14.316666666666666
37.85416666663989,-122.25972222217742,227.10182842204392,HEMORRHAGIC,ROUTE_AltaBatesSummitMedicalCenterAltaBatesCampus,0.32734294144,1.0466666666666666,ROUTE_AltaBatesSummitMedicalCenterAltaBatesCampus,0.32734294144,1.0466666666666666,ROUTE_JohnMuirMedicalCenterWalnutCreekCampus,0.32734294144,24.421666666666667,ROUTE_KaiserFoundationHospitalOaklandRichmond,0.32734294144,9.983333333333333
37.759166666639814,-122.24166666662184,190.28352467559122,NLVO,ROUTE_SutterEdenMedicalCenter,0.3374701202649681,19.506666666666668,ROUTE_AlamedaHospital,0.34026344378118656,3.6683333333333334,ROUTE_SutterEdenMedicalCenter,0.3374701202649681,19.506666666666668,ROUTE_AlamedaHospital,0.34026344378118656,3.6683333333333334
37.672499999973084,-122.07972222217727,110.84256529686202,HEMORRHAGIC,ROUTE_SutterEdenMedicalCenter,0.41732592272901997,9.803333333333335,ROUTE_SutterEdenMedicalCenter,0.41732592272901997,9.803333333333335,ROUTE_SutterEdenMedicalCenter,0.41732592272901997,9.803333333333335,ROUTE_SutterEdenMedicalCenter,0.41732592272901997,9.803333333333335
37.37277777775062,-122.09611111106616,95.68772566221352,MIMIC,ROUTE_ElCaminoHealthMountainView,0.4216625603772488,6.263333333333334,ROUTE_ElCaminoHealthMountainView,0.4216625603772488,6.263333333333334,ROUTE_ElCaminoHealthMountainView,0.4216625603772488,6.263333333333334,ROUTE_ElCaminoHealthMountainView,0.4216625603772488,6.263333333333334
37.55472222219521,-122.00916666662165,211.73724410832386,LVO,ROUTE_WashingtonHospitalHealthcareSystem,0.3356773523783481,8.33,ROUTE_WashingtonHospitalHealthcareSystem,0.3356773523783481,8.33,ROUTE_SutterEdenMedicalCenter,0.32734294144,22.878333333333334,ROUTE_WashingtonHospitalHealthcareSystem,0.3356773523783481,8.33
37.645277777750835,-122.46138888884424,197.28517699129947,HEMORRHAGIC,ROUTE_KaiserFoundationHospitalSouthSanFrancisco,0.33813639989892924,8.708333333333334,ROUTE_KaiserFoundationHospitalSouthSanFrancisco,0.33813639989892924,8.708333333333334,ROUTE_MillsPeninsulaMedicalCenterSutter,0.33712925254755305,14.451666666666666,ROUTE_KaiserFoundationHospitalSouthSanFrancisco,0.33813639989892924,8.708333333333334
37.700833333306434,-122.06999999995504,253.15398882772183,LVO,ROUTE_SutterEdenMedicalCenter,0.32734294144,6.39,ROUTE_SutterEdenMedicalCenter,0.32734294144,6.39,ROUTE_SutterEdenMedicalCenter,0.32734294144,6.39,ROUTE_SutterEdenMedicalCenter,0.32734294144,6.39
37.94666666663997,-122.33583333328859,103.99980089125926,HEMORRHAGIC,ROUTE_CPMCDaviesCampusSutter,0.4135822148593857,32.895,ROUTE_KaiserFoundationHospitalRichmondCampus,0.35567839036227616,6.043333333333334,ROUTE_CPMCDaviesCampusSutter,0.4135822148593857,32.895,ROUTE_KaiserFoundationHospitalRichmondCampus,0.35567839036227616,6.043333333333334
37.83499999997321,-122.20999999995514,247.20978307127797,HEMORRHAGIC,ROUTE_HighlandHospitalWilmaChanCampus,0.32734294144,12.35,ROUTE_HighlandHospitalWilmaChanCampus,0.32734294144,12.35,ROUTE_SutterEdenMedicalCenter,0.32734294144,22.561666666666667,ROUTE_HighlandHospitalWilmaChanCampus,0.32734294144,12.35
37.653055555528624,-122.47666666662204,163.3222944122553,HEMORRHAGIC,ROUTE_MillsPeninsulaMedicalCenterSutter,0.34275470492223425,16.678333333333335,ROUTE_AHMCSetonMedicalCenter,0.3444197733204545,7.441666666666666,ROUTE_MillsPeninsulaMedicalCenterSutter,0.34275470492223425,16.678333333333335,ROUTE_AHMCSetonMedicalCenter,0.3444197733204545,7.441666666666666
37.72083333330645,-122.38861111106641,87.53815258892332,HEMORRHAGIC,ROUTE_MillsPeninsulaMedicalCenterSutter,0.421091589933103,16.866666666666667,ROUTE_CPMCMissionBernalCampusSutter,0.35759504843059,12.45,ROUTE_MillsPeninsulaMedicalCenterSutter,0.421091589933103,16.866666666666667,ROUTE_CPMCMissionBernalCampusSutter,0.35759504843059,12.45
37.844166666639886,-122.25666666662185,253.82476974745862,LVO,ROUTE_AltaBatesSummitMedicalCenterAltaBatesCampus,0.32734294144,4.433333333333334,ROUTE_AltaBatesSummitMedicalCenterAltaBatesCampus,0.32734294144,4.433333333333334,ROUTE_SutterEdenMedicalCenter,0.32734294144,22.77,ROUTE_AltaBatesSummitMedicalCenterSummitCampus,0.32734294144,7.746666666666667
37.795277777750954,-121.91972222217714,193.53240845401487,MIMIC,ROUTE_SanRamonRegionalMedicalCenter,0.3385942187692653,9.858333333333333,ROUTE_SanRamonRegionalMedicalCenter,0.3385942187692653,9.858333333333333,ROUTE_JohnMuirMedicalCenterWalnutCreekCampus,0.33610142122273096,24.095000000000002,ROUTE_SanRamonRegionalMedicalCenter,0.3385942187692653,9.858333333333333
37.47361111108403,-122.43472222217756,150.4077842905826,HEMORRHAGIC,ROUTE_MillsPeninsulaMedicalCenterSutter,0.4044897680797846,26.41166666666667,ROUTE_SanMateoMedicalCenter,0.32734294144,26.201666666666664,ROUTE_MillsPeninsulaMedicalCenterSutter,0.4044897680797846,26.41166666666667,ROUTE_MillsPeninsulaMedicalCenterSutter,0.4044897680797846,26.41166666666667
37.78527777775095,-122.17361111106624,265.8999095017683,MIMIC,ROUTE_HighlandHospitalWilmaChanCampus,0.32734294144,7.955,ROUTE_HighlandHospitalWilmaChanCampus,0.32734294144,7.955,ROUTE_SutterEdenMedicalCenter,0.32734294144,15.768333333333334,ROUTE_HighlandHospitalWilmaChanCampus,0.32734294144,7.955
37.69583333330643,-121.749722222177,212.01790222846623,HEMORRHAGIC,ROUTE_StanfordHealthCareTriValley,0.32734294144,15.261666666666667,ROUTE_StanfordHealthCareTriValley,0.32734294144,15.261666666666667,ROUTE_SutterEdenMedicalCenter,0.32734294144,26.658333333333335,ROUTE_StanfordHealthCareTriValley,0.32734294144,15.261666666666667
37.78944444441762,-122.43749999995534,44.09628595976202,HEMORRHAGIC,ROUTE_CPMCDaviesCampusSutter,0.4335948735221734,7.075,ROUTE_KaiserFoundationHospitalSanFrancisco,0.42793352076091473,3.6116666666666664,ROUTE_CPMCDaviesCampusSutter,0.4335948735221734,7.075,ROUTE_KaiserFoundationHospitalSanFrancisco,0.42793352076091473,3.6116666666666664
37.70972222219533,-122.41194444439975,243.069998225441,LVO,ROUTE_CPMCMissionBernalCampusSutter,0.32734294144,13.263333333333332,ROUTE_CPMCMissionBernalCampusSutter,0.32734294144,13.263333333333332,ROUTE_MillsPeninsulaMedicalCenterSutter,0.32734294144,17.165000000000003,ROUTE_CPMCMissionBernalCampusSutter,0.32734294144,13.263333333333332
37.75972222219537,-121.98138888884385,133.98033264169953,HEMORRHAGIC,ROUTE_SutterEdenMedicalCenter,0.40924650722343914,21.87,ROUTE_SanRamonRegionalMedicalCenter,0.3497167105033924,7.85,ROUTE_SutterEdenMedicalCenter,0.40924650722343914,21.87,ROUTE_SanRamonRegionalMedicalCenter,0.3497167105033924,7.85
38.270555555529114,-122.0263888888439,152.2134455767424,HEMORRHAGIC,ROUTE_JohnMuirMedicalCenterWalnutCreekCampus,0.3399191711054418,43.68,ROUTE_NorthBayMedicalCenter,0.34634857724510115,7.9366666666666665,ROUTE_JohnMuirMedicalCenterWalnutCreekCampus,0.3399191711054418,43.68,ROUTE_NorthBayMedicalCenter,0.34634857724510115,7.9366666666666665
38.00722222219557,-121.72777777773254,106.95844847785521,HEMORRHAGIC,ROUTE_JohnMuirMedicalCenterWalnutCreekCampus,0.41199344051492,36.865,ROUTE_SutterDeltaMedicalCenter,0.32734294144,15.308333333333334,ROUTE_JohnMuirMedicalCenterWalnutCreekCampus,0.41199344051492,36.865,ROUTE_KaiserFoundationHospitalAntioch,0.35308237115217767,16.828333333333333
37.58166666663968,-121.96222222217718,116.70335963281703,HEMORRHAGIC,ROUTE_RegionalMedicalCenterOfSanJose,0.4112916020511844,30.186666666666667,ROUTE_WashingtonHospitalHealthcareSystem,0.35228355974885744,11.343333333333334,ROUTE_RegionalMedicalCenterOfSanJose,0.4112916020511844,30.186666666666667,ROUTE_WashingtonHospitalHealthcareSystem,0.35228355974885744,11.343333333333334
37.89916666663993,-122.30361111106633,193.85248555016238,HEMORRHAGIC,ROUTE_KaiserFoundationHospitalRichmondCampus,0.3382623460085096,11.425,ROUTE_KaiserFoundationHospitalRichmondCampus,0.3382623460085096,11.425,ROUTE_CPMCDaviesCampusSutter,0.33510784958902556,29.498333333333335,ROUTE_KaiserFoundationHospitalRichmondCampus,0.3382623460085096,11.425
37.758611111084264,-122.14138888884399,224.32460420846036,LVO,ROUTE_HighlandHospitalWilmaChanCampus,0.32734294144,10.371666666666666,ROUTE_HighlandHospitalWilmaChanCampus,0.32734294144,10.371666666666666,ROUTE_SutterEdenMedicalCenter,0.32734294144,13.043333333333333,ROUTE_HighlandHospitalWilmaChanCampus,0.32734294144,10.371666666666666
37.561388888861885,-122.04861111106614,242.76478608452118,HEMORRHAGIC,ROUTE_StRoseHospital,0.32734294144,13.023333333333333,ROUTE_StRoseHospital,0.32734294144,13.023333333333333,ROUTE_SutterEdenMedicalCenter,0.32734294144,22.185,ROUTE_WashingtonHospitalHealthcareSystem,0.32734294144,17.875
37.62333333330638,-122.09416666662173,247.64827433116997,LVO,ROUTE_StRoseHospital,0.32734294144,4.631666666666666,ROUTE_StRoseHospital,0.32734294144,4.631666666666666,ROUTE_SutterEdenMedicalCenter,0.32734294144,15.826666666666666,ROUTE_KaiserFoundationHospitalSanLeandro,0.32734294144,14.133333333333333
37.77416666663983,-122.45277777773312,197.9044827562679,LVO,ROUTE_UCSFMedicalCenter,0.3387791505891235,4.4383333333333335,ROUTE_UCSFHealthStanyanHospital,0.3393807739151253,1.03,ROUTE_UCSFMedicalCenter,0.3387791505891235,4.4383333333333335,ROUTE_UCSFHealthStanyanHospital,0.3393807739151253,1.03
37.39305555552841,-122.01833333328833,266.5488344528502,LVO,ROUTE_KaiserFoundationHospitalSantaClara,0.32734294144,14.948333333333332,ROUTE_KaiserFoundationHospitalSantaClara,0.32734294144,14.948333333333332,ROUTE_KaiserFoundationHospitalSantaClara,0.32734294144,14.948333333333332,ROUTE_KaiserFoundationHospitalSantaClara,0.32734294144,14.948333333333332
38.14361111108457,-122.25638888884407,175.04480619733818,HEMORRHAGIC,ROUTE_KaiserFoundationHospitalVallejo,0.3424454322520868,6.678333333333333,ROUTE_KaiserFoundationHospitalVallejo,0.3424454322520868,6.678333333333333,ROUTE_JohnMuirMedicalCenterWalnutCreekCampus,0.3374232386365323,35.013333333333335,ROUTE_KaiserFoundationHospitalVallejo,0.3424454322520868,6.678333333333333
37.66777777775086,-122.48166666662203,265.09511796152674,MIMIC,ROUTE_AHMCSetonMedicalCenter,0.32734294144,5.908333333333333,ROUTE_AHMCSetonMedicalCenter,0.32734294144,5.908333333333333,ROUTE_MillsPeninsulaMedicalCenterSutter,0.32734294144,17.17,ROUTE_AHMCSetonMedicalCenter,0.32734294144,5.908333333333333
37.77722222219539,-122.26666666662186,87.67903314651014,LVO,ROUTE_SutterEdenMedicalCenter,0.41953568954203296,23.423333333333336,ROUTE_AlamedaHospital,0.35893376846012764,5.331666666666666,ROUTE_SutterEdenMedicalCenter,0.41953568954203296,23.423333333333336,ROUTE_AlamedaHospital,0.35893376846012764,5.331666666666666
37.5333333333063,-122.00166666662165,116.68463305110384,MIMIC,ROUTE_SutterEdenMedicalCenter,0.4131151029976917,22.246666666666666,ROUTE_WashingtonHospitalHealthcareSystem,0.35297324531983426,7.683333333333334,ROUTE_SutterEdenMedicalCenter,0.4131151029976917,22.246666666666666,ROUTE_WashingtonHospitalHealthcareSystem,0.35297324531983426,7.683333333333334
37.69361111108421,-122.46611111106647,64.09338754460038,HEMORRHAGIC,ROUTE_CPMCDaviesCampusSutter,0.42667451810491763,16.415,ROUTE_AHMCSetonMedicalCenter,0.4221022065938193,5.416666666666667,ROUTE_CPMCDaviesCampusSutter,0.42667451810491763,16.415,ROUTE_AHMCSetonMedicalCenter,0.4221022065938193,5.416666666666667
38.25277777775133,-122.05444444439946,32.3612120205964,LVO,ROUTE_JohnMuirMedicalCenterWalnutCreekCampus,0.42832906565468554,41.105000000000004,ROUTE_NorthBayMedicalCenter,0.4279719578758554,5.391666666666667,ROUTE_JohnMuirMedicalCenterWalnutCreekCampus,0.42832906565468554,41.105000000000004,ROUTE_NorthBayMedicalCenter,0.4279719578758554,5.391666666666667
37.543888888861865,-122.00277777773276,124.88554238761427,HEMORRHAGIC,ROUTE_SutterEdenMedicalCenter,0.41076584346855133,24.305,ROUTE_WashingtonHospitalHealthcareSystem,0.3512461764805784,8.713333333333333,ROUTE_SutterEdenMedicalCenter,0.41076584346855133,24.305,ROUTE_WashingtonHospitalHealthcareSystem,0.3512461764805784,8.713333333333333
37.798055555528734,-122.41194444439975,45.596651888695654,MIMIC,ROUTE_CPMCDaviesCampusSutter,0.43206217086441756,12.045,ROUTE_ChineseHospital,0.4274865990459465,2.5083333333333333,ROUTE_CPMCDaviesCampusSutter,0.43206217086441756,12.045,ROUTE_ChineseHospital,0.4274865990459465,2.5083333333333333
38.294444444418026,-122.2724999999552,47.29514740369523,LVO,ROUTE_JohnMuirMedicalCenterWalnutCreekCampus,0.4220478287098315,53.001666666666665,ROUTE_ProvidenceQueenOfTheValleyMedicalCenter,0.36559577445290303,11.535,ROUTE_JohnMuirMedicalCenterWalnutCreekCampus,0.4220478287098315,53.001666666666665,ROUTE_ProvidenceQueenOfTheValleyMedicalCenter,0.36559577445290303,11.535
37.798333333306516,-121.94138888884383,69.0660374328364,LVO,ROUTE_JohnMuirMedicalCenterWalnutCreekCampus,0.4234217793501478,25.33833333333333,ROUTE_SanRamonRegionalMedicalCenter,0.36074360984636333,14.571666666666665,ROUTE_JohnMuirMedicalCenterWalnutCreekCampus,0.4234217793501478,25.33833333333333,ROUTE_SanRamonRegionalMedicalCenter,0.36074360984636333,14.571666666666665
37.95416666663997,-121.9316666666216,121.82539299841935,LVO,ROUTE_JohnMuirMedicalCenterWalnutCreekCampus,0.41298821314854445,17.658333333333335,ROUTE_JohnMuirMedicalCenterWalnutCreekCampus,0.41298821314854445,17.658333333333335,ROUTE_JohnMuirMedicalCenterWalnutCreekCampus,0.41298821314854445,17.658333333333335,ROUTE_JohnMuirMedicalCenterWalnutCreekCampus,0.41298821314854445,17.658333333333335
37.738611111084246,-122.43416666662199,199.94602417574367,LVO,ROUTE_CPMCDaviesCampusSutter,0.3374676383262158,9.858333333333333,ROUTE_CPMCMissionBernalCampusSutter,0.33808411486199236,6.345,ROUTE_CPMCDaviesCampusSutter,0.3374676383262158,9.858333333333333,ROUTE_CPMCMissionBernalCampusSutter,0.33808411486199236,6.345
37.343888888861706,-122.02444444439945,53.863634543560686,HEMORRHAGIC,ROUTE_KaiserFoundationHospitalSantaClara,0.4308084695655495,9.083333333333334,ROUTE_KaiserFoundationHospitalSantaClara,0.4308084695655495,9.083333333333334,ROUTE_KaiserFoundationHospitalSantaClara,0.4308084695655495,9.083333333333334,ROUTE_KaiserFoundationHospitalSantaClara,0.4308084695655495,9.083333333333334
37.7694444444176,-121.92472222217715,54.503153330178804,LVO,ROUTE_JohnMuirMedicalCenterWalnutCreekCampus,0.4263602437168814,27.345000000000002,ROUTE_SanRamonRegionalMedicalCenter,0.42308783675613393,9.228333333333333,ROUTE_JohnMuirMedicalCenterWalnutCreekCampus,0.4263602437168814,27.345000000000002,ROUTE_SanRamonRegionalMedicalCenter,0.42308783675613393,9.228333333333333
37.734999999973134,-122.40277777773308,78.49059396540358,LVO,ROUTE_CPMCDaviesCampusSutter,0.4241362175509835,12.854999999999999,ROUTE_CPMCMissionBernalCampusSutter,0.3602425169536308,7.735,ROUTE_CPMCDaviesCampusSutter,0.4241362175509835,12.854999999999999,ROUTE_CPMCMissionBernalCampusSutter,0.3602425169536308,7.735
37.63666666663972,-122.45277777773312,120.10170091961562,LVO,ROUTE_MillsPeninsulaMedicalCenterSutter,0.41405716603069714,14.726666666666667,ROUTE_KaiserFoundationHospitalSouthSanFrancisco,0.35205206212752965,9.181666666666667,ROUTE_MillsPeninsulaMedicalCenterSutter,0.41405716603069714,14.726666666666667,ROUTE_KaiserFoundationHospitalSouthSanFrancisco,0.35205206212752965,9.181666666666667
38.016388888862245,-121.89305555551046,152.37187750760418,NLVO,ROUTE_JohnMuirMedicalCenterWalnutCreekCampus,0.4047046544711037,23.496666666666666,ROUTE_SutterDeltaMedicalCenter,0.32734294144,12.370000000000001,ROUTE_JohnMuirMedicalCenterWalnutCreekCampus,0.4047046544711037,23.496666666666666,ROUTE_JohnMuirMedicalCenterConcordCampus,0.3450625333122775,14.845
37.36249999997283,-122.02472222217723,213.67333935852523,LVO,ROUTE_KaiserFoundationHospitalSantaClara,0.33514113337984547,9.485000000000001,ROUTE_KaiserFoundationHospitalSantaClara,0.33514113337984547,9.485000000000001,ROUTE_KaiserFoundationHospitalSantaClara,0.33514113337984547,9.485000000000001,ROUTE_KaiserFoundationHospitalSantaClara,0.33514113337984547,9.485000000000001
37.977499999973325,-122.08416666662171,111.21744689406809,HEMORRHAGIC,ROUTE_JohnMuirMedicalCenterWalnutCreekCampus,0.41601396381504807,15.110000000000001,ROUTE_JohnMuirMedicalCenterConcordCampus,0.3534661025601766,10.528333333333334,ROUTE_JohnMuirMedicalCenterWalnutCreekCampus,0.41601396381504807,15.110000000000001,ROUTE_JohnMuirMedicalCenterConcordCampus,0.3534661025601766,10.528333333333334
37.555833333306325,-122.03611111106612,199.624382299365,HEMORRHAGIC,ROUTE_WashingtonHospitalHealthcareSystem,0.3364919851441259,15.761666666666667,ROUTE_StRoseHospital,0.32734294144,15.17,ROUTE_SutterEdenMedicalCenter,0.33500281560889866,24.333333333333332,ROUTE_WashingtonHospitalHealthcareSystem,0.3364919851441259,15.761666666666667
37.54138888886187,-122.02222222217722,37.555674202674155,LVO,ROUTE_SutterEdenMedicalCenter,0.4316193656771753,21.958333333333332,ROUTE_WashingtonHospitalHealthcareSystem,0.4258027697565787,12.768333333333334,ROUTE_SutterEdenMedicalCenter,0.4316193656771753,21.958333333333332,ROUTE_WashingtonHospitalHealthcareSystem,0.4258027697565787,12.768333333333334
37.7694444444176,-122.42083333328866,30.638574709384663,LVO,ROUTE_CPMCDaviesCampusSutter,0.43718928258353845,5.411666666666666,ROUTE_CPMCDaviesCampusSutter,0.43718928258353845,5.411666666666666,ROUTE_CPMCDaviesCampusSutter,0.43718928258353845,5.411666666666666,ROUTE_CPMCDaviesCampusSutter,0.43718928258353845,5.411666666666666
37.95555555552886,-122.0338888888439,82.84524404207828,NLVO,ROUTE_JohnMuirMedicalCenterWalnutCreekCampus,0.42338005949565066,11.738333333333333,ROUTE_JohnMuirMedicalCenterConcordCampus,0.3594362408923689,7.556666666666667,ROUTE_JohnMuirMedicalCenterWalnutCreekCampus,0.42338005949565066,11.738333333333333,ROUTE_JohnMuirMedicalCenterConcordCampus,0.3594362408923689,7.556666666666667
38.45777777775149,-121.82722222217707,118.75876527842011,NLVO,ROUTE_JohnMuirMedicalCenterWalnutCreekCampus,0.4042789792928884,58.995,ROUTE_KaiserFoundationHospitalVacaville,0.35176419544291204,12.065,ROUTE_JohnMuirMedicalCenterWalnutCreekCampus,0.4042789792928884,58.995,ROUTE_KaiserFoundationHospitalVacaville,0.35176419544291204,12.065
37.41833333330621,-122.1172222221773,128.9151359876236,HEMORRHAGIC,ROUTE_StanfordHealthCare,0.4118198529261024,15.666666666666666,ROUTE_StanfordHealthCare,0.4118198529261024,15.666666666666666,ROUTE_StanfordHealthCare,0.4118198529261024,15.666666666666666,ROUTE_StanfordHealthCare,0.4118198529261024,15.666666666666666
37.7783333333065,-121.92944444439937,243.89106952463615,LVO,ROUTE_SanRamonRegionalMedicalCenter,0.32734294144,6.7716666666666665,ROUTE_SanRamonRegionalMedicalCenter,0.32734294144,6.7716666666666665,ROUTE_JohnMuirMedicalCenterWalnutCreekCampus,0.32734294144,24.888333333333332,ROUTE_SanRamonRegionalMedicalCenter,0.32734294144,6.7716666666666665
38.28111111108468,-122.29583333328856,96.42728360248547,HEMORRHAGIC,ROUTE_JohnMuirMedicalCenterWalnutCreekCampus,0.4120887828942452,46.980000000000004,ROUTE_ProvidenceQueenOfTheValleyMedicalCenter,0.35691104245212485,7.14,ROUTE_JohnMuirMedicalCenterWalnutCreekCampus,0.4120887828942452,46.980000000000004,ROUTE_ProvidenceQueenOfTheValleyMedicalCenter,0.35691104245212485,7.14
37.93249999997329,-122.37138888884417,41.39320322965719,HEMORRHAGIC,ROUTE_CPMCDaviesCampusSutter,0.42759856977833,35.18,ROUTE_KaiserFoundationHospitalRichmondCampus,0.4264555473112024,4.336666666666667,ROUTE_CPMCDaviesCampusSutter,0.42759856977833,35.18,ROUTE_KaiserFoundationHospitalRichmondCampus,0.4264555473112024,4.336666666666667
37.7783333333065,-122.44138888884423,101.2185396044887,HEMORRHAGIC,ROUTE_CPMCDaviesCampusSutter,0.4207598872628949,4.611666666666666,ROUTE_KaiserFoundationHospitalSanFrancisco,0.35665327513168926,3.7,ROUTE_CPMCDaviesCampusSutter,0.4207598872628949,4.611666666666666,ROUTE_KaiserFoundationHospitalSanFrancisco,0.35665327513168926,3.7
38.06972222219562,-122.54305555551097,73.12727332100299,MIMIC,ROUTE_UCSFMedicalCenter,0.41763023197071647,46.20166666666667,ROUTE_NovatoCommunityHospitalSutter,0.36093853942745374,9.504999999999999,ROUTE_UCSFMedicalCenter,0.41763023197071647,46.20166666666667,ROUTE_NovatoCommunityHospitalSutter,0.36093853942745374,9.504999999999999
38.01249999997335,-122.13194444439954,255.09800826706498,HEMORRHAGIC,ROUTE_ContraCostaRegionalMedicalCenter,0.32734294144,1.5583333333333333,ROUTE_ContraCostaRegionalMedicalCenter,0.32734294144,1.5583333333333333,ROUTE_JohnMuirMedicalCenterWalnutCreekCampus,0.32734294144,21.4,ROUTE_JohnMuirMedicalCenterConcordCampus,0.32734294144,14.371666666666666
37.51999999997296,-122.0011111110661,264.4192172010888,HEMORRHAGIC,ROUTE_KaiserFoundationHospitalFremont,0.32734294144,12.203333333333335,ROUTE_KaiserFoundationHospitalFremont,0.32734294144,12.203333333333335,ROUTE_RegionalMedicalCenterOfSanJose,0.32734294144,24.336666666666666,ROUTE_KaiserFoundationHospitalFremont,0.32734294144,12.203333333333335
37.578055555528564,-122.35472222217749,268.26582999981605,MIMIC,ROUTE_MillsPeninsulaMedicalCenterSutter,0.32734294144,5.891666666666667,ROUTE_MillsPeninsulaMedicalCenterSutter,0.32734294144,5.891666666666667,ROUTE_MillsPeninsulaMedicalCenterSutter,0.32734294144,5.891666666666667,ROUTE_MillsPeninsulaMedicalCenterSutter,0.32734294144,5.891666666666667
37.759166666639814,-121.95111111106606,126.88565128647991,HEMORRHAGIC,ROUTE_JohnMuirMedicalCenterWalnutCreekCampus,0.4101572929381483,24.970000000000002,ROUTE_SanRamonRegionalMedicalCenter,0.3512199971175959,6.8533333333333335,ROUTE_JohnMuirMedicalCenterWalnutCreekCampus,0.4101572929381483,24.970000000000002,ROUTE_SanRamonRegionalMedicalCenter,0.3512199971175959,6.8533333333333335
37.751666666639814,-121.89111111106601,102.1622366742841,HEMORRHAGIC,ROUTE_SutterEdenMedicalCenter,0.41586317521568233,24.82,ROUTE_SanRamonRegionalMedicalCenter,0.3545205797922375,13.991666666666667,ROUTE_SutterEdenMedicalCenter,0.41586317521568233,24.82,ROUTE_SanRamonRegionalMedicalCenter,0.3545205797922375,13.991666666666667
37.830277777750986,-122.21611111106627,261.4483028296093,NLVO,ROUTE_KaiserFoundationHospitalOaklandRichmond,0.32734294144,9.848333333333333,ROUTE_KaiserFoundationHospitalOaklandRichmond,0.32734294144,9.848333333333333,ROUTE_SutterEdenMedicalCenter,0.32734294144,19.208333333333332,ROUTE_KaiserFoundationHospitalOaklandRichmond,0.32734294144,9.848333333333333
37.96805555552887,-121.76388888884368,226.33993126339078,HEMORRHAGIC,ROUTE_KaiserFoundationHospitalAntioch,0.32734294144,7.3533333333333335,ROUTE_KaiserFoundationHospitalAntioch,0.32734294144,7.3533333333333335,ROUTE_JohnMuirMedicalCenterWalnutCreekCampus,0.32734294144,36.20333333333333,ROUTE_KaiserFoundationHospitalAntioch,0.32734294144,7.3533333333333335
37.77499999997316,-122.18333333328846,56.17374859359772,LVO,ROUTE_SutterEdenMedicalCenter,0.42879044083058776,15.331666666666667,ROUTE_HighlandHospitalWilmaChanCampus,0.42310098869655033,8.475,ROUTE_SutterEdenMedicalCenter,0.42879044083058776,15.331666666666667,ROUTE_HighlandHospitalWilmaChanCampus,0.42310098869655033,8.475
37.6394444444175,-122.06388888884392,42.746954764226444,HEMORRHAGIC,ROUTE_SutterEdenMedicalCenter,0.4317044156307361,16.408333333333335,ROUTE_StRoseHospital,0.40458054279098704,7.88,ROUTE_SutterEdenMedicalCenter,0.4317044156307361,16.408333333333335,ROUTE_SutterEdenMedicalCenter,0.4317044156307361,16.408333333333335
37.68722222219532,-121.7536111110659,61.509272481980815,LVO,ROUTE_SutterEdenMedicalCenter,0.42426263549699017,29.296666666666667,ROUTE_StanfordHealthCareTriValley,0.3615645627236725,17.898333333333333,ROUTE_SutterEdenMedicalCenter,0.42426263549699017,29.296666666666667,ROUTE_StanfordHealthCareTriValley,0.3615645627236725,17.898333333333333
37.44972222219513,-122.14944444439955,75.10883076734234,MIMIC,ROUTE_StanfordHealthCare,0.4255364184851723,10.253333333333334,ROUTE_StanfordHealthCare,0.4255364184851723,10.253333333333334,ROUTE_StanfordHealthCare,0.4255364184851723,10.253333333333334,ROUTE_StanfordHealthCare,0.4255364184851723,10.253333333333334
38.08333333330674,-122.56055555551099,32.673803700214336,HEMORRHAGIC,ROUTE_UCSFMedicalCenter,0.4263874163718243,49.05833333333333,ROUTE_NovatoCommunityHospitalSutter,0.3693440593140932,7.303333333333333,ROUTE_UCSFMedicalCenter,0.4263874163718243,49.05833333333333,ROUTE_NovatoCommunityHospitalSutter,0.3693440593140932,7.303333333333333
37.759999999973154,-122.1891666666218,191.08242945041832,HEMORRHAGIC,ROUTE_SutterEdenMedicalCenter,0.3376111061037014,17.903333333333332,ROUTE_KaiserFoundationHospitalSanLeandro,0.33864377626994496,12.028333333333334,ROUTE_SutterEdenMedicalCenter,0.3376111061037014,17.903333333333332,ROUTE_KaiserFoundationHospitalSanLeandro,0.33864377626994496,12.028333333333334
37.781666666639836,-122.47472222217759,154.56348160402126,LVO,ROUTE_UCSFMedicalCenter,0.4073063118671419,9.816666666666666,ROUTE_UCSFHealthStanyanHospital,0.3461123143606612,6.881666666666666,ROUTE_UCSFMedicalCenter,0.4073063118671419,9.816666666666666,ROUTE_UCSFHealthStanyanHospital,0.3461123143606612,6.881666666666666
37.86444444441768,-122.287777777733,258.823507503226,LVO,ROUTE_AltaBatesSummitMedicalCenterAltaBatesCampus,0.32734294144,8.328333333333333,ROUTE_AltaBatesSummitMedicalCenterAltaBatesCampus,0.32734294144,8.328333333333333,ROUTE_CPMCDaviesCampusSutter,0.32734294144,29.928333333333335,ROUTE_KaiserFoundationHospitalOaklandRichmond,0.32734294144,13.046666666666665
37.65611111108418,-122.08749999995506,30.363462962863625,NLVO,ROUTE_SutterEdenMedicalCenter,0.43540250017994847,13.193333333333333,ROUTE_StRoseHospital,0.40781407008810133,5.946666666666667,ROUTE_SutterEdenMedicalCenter,0.43540250017994847,13.193333333333333,ROUTE_KaiserFoundationHospitalSanLeandro,0.42853727509000583,12.646666666666667
37.828888888862096,-122.25527777773297,114.03633328214052,LVO,ROUTE_SutterEdenMedicalCenter,0.41371564036922565,22.278333333333332,ROUTE_KaiserFoundationHospitalOaklandRichmond,0.3543606703278569,2.9650000000000003,ROUTE_SutterEdenMedicalCenter,0.41371564036922565,22.278333333333332,ROUTE_KaiserFoundationHospitalOaklandRichmond,0.3543606703278569,2.9650000000000003
37.743888888862024,-122.49888888884428,245.6622159279667,HEMORRHAGIC,ROUTE_UCSFMedicalCenter,0.32734294144,11.718333333333334,ROUTE_UCSFMedicalCenter,0.32734294144,11.718333333333334,ROUTE_UCSFMedicalCenter,0.32734294144,11.718333333333334,ROUTE_UCSFMedicalCenter,0.32734294144,11.718333333333334
38.00916666664002,-122.56361111106655,226.01997012421927,HEMORRHAGIC,ROUTE_KaiserFoundationHospitalSanRafael,0.32734294144,5.1,ROUTE_KaiserFoundationHospitalSanRafael,0.32734294144,5.1,ROUTE_UCSFMedicalCenter,0.32734294144,43.333333333333336,ROUTE_KaiserFoundationHospitalSanRafael,0.32734294144,5.1
37.43749999997289,-122.14555555551065,126.70843592048388,HEMORRHAGIC,ROUTE_StanfordHealthCare,0.413820976715408,9.148333333333333,ROUTE_StanfordHealthCare,0.413820976715408,9.148333333333333,ROUTE_StanfordHealthCare,0.413820976715408,9.148333333333333,ROUTE_StanfordHealthCare,0.413820976715408,9.148333333333333
37.99666666664001,-121.8344444443993,54.86090923507854,HEMORRHAGIC,ROUTE_JohnMuirMedicalCenterWalnutCreekCampus,0.4259559142425112,28.709999999999997,ROUTE_SutterDeltaMedicalCenter,0.3405086606132023,8.79,ROUTE_JohnMuirMedicalCenterWalnutCreekCampus,0.4259559142425112,28.709999999999997,ROUTE_KaiserFoundationHospitalAntioch,0.36351370448197057,14.558333333333334
38.4424999999737,-121.83472222217708,247.52506935342814,HEMORRHAGIC,ROUTE_KaiserFoundationHospitalVacaville,0.32734294144,12.895000000000001,ROUTE_KaiserFoundationHospitalVacaville,0.32734294144,12.895000000000001,ROUTE_JohnMuirMedicalCenterWalnutCreekCampus,0.32734294144,59.825,ROUTE_KaiserFoundationHospitalVacaville,0.32734294144,12.895000000000001
37.974722222195545,-122.2724999999552,184.22555680666756,LVO,ROUTE_KaiserFoundationHospitalRichmondCampus,0.3385738782638931,19.28166666666667,ROUTE_KaiserFoundationHospitalRichmondCampus,0.3385738782638931,19.28166666666667,ROUTE_JohnMuirMedicalCenterWalnutCreekCampus,0.33570427972877775,35.68666666666666,ROUTE_KaiserFoundationHospitalRichmondCampus,0.3385738782638931,19.28166666666667
37.72499999997312,-121.7308333332881,218.4140769644007,HEMORRHAGIC,ROUTE_StanfordHealthCareTriValley,0.32734294144,18.84,ROUTE_StanfordHealthCareTriValley,0.32734294144,18.84,ROUTE_SutterEdenMedicalCenter,0.32734294144,30.238333333333333,ROUTE_StanfordHealthCareTriValley,0.32734294144,18.84
37.386944444417296,-122.02944444439945,158.82570473242546,LVO,ROUTE_KaiserFoundationHospitalSantaClara,0.4055190516518649,13.44,ROUTE_KaiserFoundationHospitalSantaClara,0.4055190516518649,13.44,ROUTE_KaiserFoundationHospitalSantaClara,0.4055190516518649,13.44,ROUTE_KaiserFoundationHospitalSantaClara,0.4055190516518649,13.44
37.97638888886221,-121.72722222217699,254.30478065079308,LVO,ROUTE_KaiserFoundationHospitalAntioch,0.32734294144,13.211666666666668,ROUTE_KaiserFoundationHospitalAntioch,0.32734294144,13.211666666666668,ROUTE_JohnMuirMedicalCenterWalnutCreekCampus,0.32734294144,34.96333333333334,ROUTE_KaiserFoundationHospitalAntioch,0.32734294144,13.211666666666668
37.639166666639724,-122.07722222217727,247.9909494254302,HEMORRHAGIC,ROUTE_StRoseHospital,0.32734294144,6.614999999999999,ROUTE_StRoseHospital,0.32734294144,6.614999999999999,ROUTE_SutterEdenMedicalCenter,0.32734294144,17.361666666666668,ROUTE_KaiserFoundationHospitalSanLeandro,0.32734294144,15.668333333333333
37.71027777775089,-122.39694444439975,106.96397479965844,HEMORRHAGIC,ROUTE_MillsPeninsulaMedicalCenterSutter,0.41734770850982045,13.586666666666668,ROUTE_ZuckerbergSanFranciscoGeneralHospital,0.3541267276404957,11.276666666666667,ROUTE_MillsPeninsulaMedicalCenterSutter,0.41734770850982045,13.586666666666668,ROUTE_ZuckerbergSanFranciscoGeneralHospital,0.3541267276404957,11.276666666666667
38.052499999973385,-122.51361111106651,31.21121846500821,HEMORRHAGIC,ROUTE_UCSFMedicalCenter,0.42635287937000743,50.666666666666664,ROUTE_NovatoCommunityHospitalSutter,0.36851565844367234,12.91,ROUTE_UCSFMedicalCenter,0.42635287937000743,50.666666666666664,ROUTE_NovatoCommunityHospitalSutter,0.36851565844367234,12.91
37.684166666639754,-122.47666666662204,66.22439594264851,LVO,ROUTE_MillsPeninsulaMedicalCenterSutter,0.42634623147120165,15.683333333333334,ROUTE_AHMCSetonMedicalCenter,0.42219213202279504,2.9033333333333333,ROUTE_MillsPeninsulaMedicalCenterSutter,0.42634623147120165,15.683333333333334,ROUTE_AHMCSetonMedicalCenter,0.42219213202279504,2.9033333333333333
38.08944444441786,-122.20749999995515,68.85375959630889,NLVO,ROUTE_JohnMuirMedicalCenterWalnutCreekCampus,0.42347702156612615,25.315,ROUTE_SutterSolanoMedicalCenter,0.3617152640998955,9.778333333333334,ROUTE_JohnMuirMedicalCenterWalnutCreekCampus,0.42347702156612615,25.315,ROUTE_SutterSolanoMedicalCenter,0.3617152640998955,9.778333333333334
37.92444444441773,-122.29083333328855,178.37544477443296,HEMORRHAGIC,ROUTE_KaiserFoundationHospitalRichmondCampus,0.3404843649239017,14.333333333333334,ROUTE_KaiserFoundationHospitalRichmondCampus,0.3404843649239017,14.333333333333334,ROUTE_CPMCDaviesCampusSutter,0.33675618221708303,35.49666666666667,ROUTE_KaiserFoundationHospitalRichmondCampus,0.3404843649239017,14.333333333333334
37.74027777775091,-122.43055555551088,217.1289637104865,MIMIC,ROUTE_CPMCMissionBernalCampusSutter,0.33554928661433536,3.675,ROUTE_CPMCMissionBernalCampusSutter,0.33554928661433536,3.675,ROUTE_CPMCDaviesCampusSutter,0.32734294144,9.556666666666667,ROUTE_CPMCMissionBernalCampusSutter,0.33554928661433536,3.675
37.37333333330618,-122.02444444439945,221.39032754477998,MIMIC,ROUTE_KaiserFoundationHospitalSantaClara,0.32734294144,12.088333333333333,ROUTE_KaiserFoundationHospitalSantaClara,0.32734294144,12.088333333333333,ROUTE_KaiserFoundationHospitalSantaClara,0.32734294144,12.088333333333333,ROUTE_KaiserFoundationHospitalSantaClara,0.32734294144,12.088333333333333
37.44277777775068,-121.876111111066,163.78093611872808,HEMORRHAGIC,ROUTE_RegionalMedicalCenterOfSanJose,0.4043236358439728,13.775,ROUTE_RegionalMedicalCenterOfSanJose,0.4043236358439728,13.775,ROUTE_RegionalMedicalCenterOfSanJose,0.4043236358439728,13.775,ROUTE_RegionalMedicalCenterOfSanJose,0.4043236358439728,13.775
37.80277777775096,-122.26555555551076,69.0307246747673,LVO,ROUTE_SutterEdenMedicalCenter,0.4239651211804316,23.046666666666667,ROUTE_HighlandHospitalWilmaChanCampus,0.36224890304733304,6.861666666666666,ROUTE_SutterEdenMedicalCenter,0.4239651211804316,23.046666666666667,ROUTE_HighlandHospitalWilmaChanCampus,0.36224890304733304,6.861666666666666
37.569999999973,-122.03416666662167,47.57630647909984,LVO,ROUTE_SutterEdenMedicalCenter,0.4298210443480939,19.555,ROUTE_StRoseHospital,0.4029301192703605,10.393333333333334,ROUTE_SutterEdenMedicalCenter,0.4298210443480939,19.555,ROUTE_WashingtonHospitalHealthcareSystem,0.3651524423139103,13.501666666666667
37.71805555552867,-121.89027777773268,89.31986279404143,LVO,ROUTE_SutterEdenMedicalCenter,0.42012116242521574,19.259999999999998,ROUTE_StanfordHealthCareTriValley,0.3580465578186787,8.311666666666666,ROUTE_SutterEdenMedicalCenter,0.42012116242521574,19.259999999999998,ROUTE_StanfordHealthCareTriValley,0.3580465578186787,8.311666666666666
37.89722222219548,-121.608333333288,180.08747164648346,LVO,ROUTE_KaiserFoundationHospitalAntioch,0.3378749776547077,27.395,ROUTE_KaiserFoundationHospitalAntioch,0.3378749776547077,27.395,ROUTE_JohnMuirMedicalCenterWalnutCreekCampus,0.32734294144,52.919999999999995,ROUTE_KaiserFoundationHospitalAntioch,0.3378749776547077,27.395
38.33416666664028,-122.31111111106634,173.42240374605967,LVO,ROUTE_ProvidenceQueenOfTheValleyMedicalCenter,0.3431377503805566,4.446666666666667,ROUTE_ProvidenceQueenOfTheValleyMedicalCenter,0.3431377503805566,4.446666666666667,ROUTE_JohnMuirMedicalCenterWalnutCreekCampus,0.33493977793658597,50.89833333333333,ROUTE_ProvidenceQueenOfTheValleyMedicalCenter,0.3431377503805566,4.446666666666667
37.91583333330661,-122.51722222217762,238.28073295455212,HEMORRHAGIC,ROUTE_MarinHealthMedicalCenter,0.32734294144,13.406666666666666,ROUTE_MarinHealthMedicalCenter,0.32734294144,13.406666666666666,ROUTE_UCSFMedicalCenter,0.32734294144,29.355,ROUTE_MarinHealthMedicalCenter,0.32734294144,13.406666666666666
37.394722222195085,-122.11194444439951,34.358707089833736,HEMORRHAGIC,ROUTE_ElCaminoHealthMountainView,0.43411833223374086,14.604999999999999,ROUTE_ElCaminoHealthMountainView,0.43411833223374086,14.604999999999999,ROUTE_ElCaminoHealthMountainView,0.43411833223374086,14.604999999999999,ROUTE_ElCaminoHealthMountainView,0.43411833223374086,14.604999999999999
38.274722222195784,-122.0477777777328,90.90664903309603,HEMORRHAGIC,ROUTE_JohnMuirMedicalCenterWalnutCreekCampus,0.4144611631903521,42.165,ROUTE_NorthBayMedicalCenter,0.35779449840424526,8.04,ROUTE_JohnMuirMedicalCenterWalnutCreekCampus,0.4144611631903521,42.165,ROUTE_NorthBayMedicalCenter,0.35779449840424526,8.04
38.119166666640105,-122.59499999995546,140.46076769812885,LVO,ROUTE_UCSFMedicalCenter,0.3399825487846725,55.075,ROUTE_NovatoCommunityHospitalSutter,0.3474208545155614,13.828333333333335,ROUTE_UCSFMedicalCenter,0.3399825487846725,55.075,ROUTE_NovatoCommunityHospitalSutter,0.3474208545155614,13.828333333333335
37.432777777750665,-122.18749999995514,160.51180993496249,LVO,ROUTE_StanfordHealthCare,0.4066462238381528,6.778333333333333,ROUTE_StanfordHealthCare,0.4066462238381528,6.778333333333333,ROUTE_StanfordHealthCare,0.4066462238381528,6.778333333333333,ROUTE_StanfordHealthCare,0.4066462238381528,6.778333333333333
37.785833333306506,-122.431666666622,74.4127680992609,HEMORRHAGIC,ROUTE_CPMCDaviesCampusSutter,0.4266318784488341,6.276666666666667,ROUTE_CPMCVanNessCampusSutter,0.42089270079202995,2.4016666666666664,ROUTE_CPMCDaviesCampusSutter,0.4266318784488341,6.276666666666667,ROUTE_CPMCVanNessCampusSutter,0.42089270079202995,2.4016666666666664
37.78833333330651,-122.41222222217753,90.87546431842728,LVO,ROUTE_CPMCDaviesCampusSutter,0.4219338935564392,9.91,ROUTE_UCSFHealthHydeHospital,0.35888629769235364,2.381666666666667,ROUTE_CPMCDaviesCampusSutter,0.4219338935564392,9.91,ROUTE_UCSFHealthHydeHospital,0.35888629769235364,2.381666666666667
38.08694444441786,-122.23666666662184,164.0327167438631,HEMORRHAGIC,ROUTE_JohnMuirMedicalCenterWalnutCreekCampus,0.3402499767000427,29.995,ROUTE_SutterSolanoMedicalCenter,0.3435197455592584,11.715,ROUTE_JohnMuirMedicalCenterWalnutCreekCampus,0.3402499767000427,29.995,ROUTE_SutterSolanoMedicalCenter,0.3435197455592584,11.715
37.457222222195135,-122.16055555551067,60.951705582513455,HEMORRHAGIC,ROUTE_StanfordHealthCare,0.4285984528029513,11.370000000000001,ROUTE_StanfordHealthCare,0.4285984528029513,11.370000000000001,ROUTE_StanfordHealthCare,0.4285984528029513,11.370000000000001,ROUTE_StanfordHealthCare,0.4285984528029513,11.370000000000001
37.91249999997327,-122.34027777773304,196.58910898924938,HEMORRHAGIC,ROUTE_KaiserFoundationHospitalRichmondCampus,0.33815384228125134,9.305,ROUTE_KaiserFoundationHospitalRichmondCampus,0.33815384228125134,9.305,ROUTE_CPMCDaviesCampusSutter,0.32734294144,32.46333333333333,ROUTE_KaiserFoundationHospitalRichmondCampus,0.33815384228125134,9.305
37.94777777775108,-122.02916666662168,188.57026941438556,LVO,ROUTE_JohnMuirMedicalCenterWalnutCreekCampus,0.3397360061884706,8.356666666666666,ROUTE_JohnMuirMedicalCenterWalnutCreekCampus,0.3397360061884706,8.356666666666666,ROUTE_JohnMuirMedicalCenterWalnutCreekCampus,0.3397360061884706,8.356666666666666,ROUTE_JohnMuirMedicalCenterWalnutCreekCampus,0.3397360061884706,8.356666666666666
38.28138888886246,-122.02083333328834,35.49446910219647,LVO,ROUTE_JohnMuirMedicalCenterWalnutCreekCampus,0.4267567918047133,44.663333333333334,ROUTE_NorthBayMedicalCenter,0.42602179120534633,10.45,ROUTE_JohnMuirMedicalCenterWalnutCreekCampus,0.4267567918047133,44.663333333333334,ROUTE_NorthBayMedicalCenter,0.42602179120534633,10.45
37.96472222219554,-122.49972222217761,222.3634123525584,HEMORRHAGIC,ROUTE_MarinHealthMedicalCenter,0.32734294144,10.771666666666667,ROUTE_MarinHealthMedicalCenter,0.32734294144,10.771666666666667,ROUTE_UCSFMedicalCenter,0.32734294144,38.105000000000004,ROUTE_MarinHealthMedicalCenter,0.32734294144,10.771666666666667
37.77166666663983,-122.42194444439977,208.95533887233432,NLVO,ROUTE_CPMCVanNessCampusSutter,0.33679199723582215,4.711666666666667,ROUTE_CPMCVanNessCampusSutter,0.33679199723582215,4.711666666666667,ROUTE_CPMCDaviesCampusSutter,0.33673964326827904,5.011666666666667,ROUTE_CPMCVanNessCampusSutter,0.33679199723582215,4.711666666666667
37.56527777775077,-122.00777777773277,193.1177659953613,LVO,ROUTE_WashingtonHospitalHealthcareSystem,0.33895964929896255,8.201666666666666,ROUTE_WashingtonHospitalHealthcareSystem,0.33895964929896255,8.201666666666666,ROUTE_SutterEdenMedicalCenter,0.33607389005483607,24.668333333333333,ROUTE_WashingtonHospitalHealthcareSystem,0.33895964929896255,8.201666666666666
37.77166666663983,-122.20638888884403,260.4754870163924,HEMORRHAGIC,ROUTE_HighlandHospitalWilmaChanCampus,0.32734294144,9.17,ROUTE_HighlandHospitalWilmaChanCampus,0.32734294144,9.17,ROUTE_SutterEdenMedicalCenter,0.32734294144,18.138333333333332,ROUTE_HighlandHospitalWilmaChanCampus,0.32734294144,9.17
37.83833333330655,-122.21361111106627,81.54530329607519,HEMORRHAGIC,ROUTE_SutterEdenMedicalCenter,0.42138720120427337,21.58833333333333,ROUTE_AltaBatesSummitMedicalCenterAltaBatesCampus,0.3349892688446641,10.998333333333333,ROUTE_SutterEdenMedicalCenter,0.42138720120427337,21.58833333333333,ROUTE_KaiserFoundationHospitalOaklandRichmond,0.3588023157993792,12.15
37.77361111108427,-122.50972222217761,54.4036047230584,NLVO,ROUTE_UCSFMedicalCenter,0.43020498713076316,11.1,ROUTE_UCSFHealthStanyanHospital,0.4238601865300152,10.79,ROUTE_UCSFMedicalCenter,0.43020498713076316,11.1,ROUTE_UCSFHealthStanyanHospital,0.4238601865300152,10.79
38.25194444441799,-122.0627777777328,37.511238213623834,HEMORRHAGIC,ROUTE_JohnMuirMedicalCenterWalnutCreekCampus,0.42742566745464644,39.79666666666667,ROUTE_NorthBayMedicalCenter,0.4263777019859173,6.9366666666666665,ROUTE_JohnMuirMedicalCenterWalnutCreekCampus,0.42742566745464644,39.79666666666667,ROUTE_NorthBayMedicalCenter,0.4263777019859173,6.9366666666666665
37.582777777750785,-122.02527777773278,32.22663299658889,HEMORRHAGIC,ROUTE_SutterEdenMedicalCenter,0.4326908815864513,22.759999999999998,ROUTE_WashingtonHospitalHealthcareSystem,0.4269208421169522,13.388333333333332,ROUTE_SutterEdenMedicalCenter,0.4326908815864513,22.759999999999998,ROUTE_WashingtonHospitalHealthcareSystem,0.4269208421169522,13.388333333333332
37.780277777750946,-122.45527777773313,146.9548102987411,NLVO,ROUTE_UCSFMedicalCenter,0.40993059736538634,5.895,ROUTE_KaiserFoundationHospitalSanFrancisco,0.34833242696070565,2.3733333333333335,ROUTE_UCSFMedicalCenter,0.40993059736538634,5.895,ROUTE_KaiserFoundationHospitalSanFrancisco,0.34833242696070565,2.3733333333333335
37.86805555552879,-122.25249999995519,135.33914439304382,HEMORRHAGIC,ROUTE_SutterEdenMedicalCenter,0.40795422572918694,26.188333333333333,ROUTE_AltaBatesSummitMedicalCenterAltaBatesCampus,0.32734294144,4.178333333333333,ROUTE_SutterEdenMedicalCenter,0.40795422572918694,26.188333333333333,ROUTE_AltaBatesSummitMedicalCenterSummitCampus,0.34845206285596303,13.338333333333333
37.57083333330633,-122.03944444439946,219.89405352185088,NLVO,ROUTE_StRoseHospital,0.32734294144,11.731666666666666,ROUTE_StRoseHospital,0.32734294144,11.731666666666666,ROUTE_SutterEdenMedicalCenter,0.32734294144,20.89333333333333,ROUTE_WashingtonHospitalHealthcareSystem,0.32734294144,14.511666666666667
38.00916666664002,-122.30222222217745,178.48741629290942,LVO,ROUTE_KaiserFoundationHospitalRichmondCampus,0.3399972389245001,16.965,ROUTE_KaiserFoundationHospitalRichmondCampus,0.3399972389245001,16.965,ROUTE_JohnMuirMedicalCenterWalnutCreekCampus,0.33695768864495235,34.23166666666667,ROUTE_KaiserFoundationHospitalRichmondCampus,0.3399972389245001,16.965
37.766388888862046,-122.43472222217756,171.73131258855202,HEMORRHAGIC,ROUTE_CPMCDaviesCampusSutter,0.4051981740619754,1.9533333333333334,ROUTE_CPMCDaviesCampusSutter,0.4051981740619754,1.9533333333333334,ROUTE_CPMCDaviesCampusSutter,0.4051981740619754,1.9533333333333334,ROUTE_CPMCDaviesCampusSutter,0.4051981740619754,1.9533333333333334
37.71361111108423,-122.43749999995534,202.65551532560085,LVO,ROUTE_CPMCMissionBernalCampusSutter,0.33700011611316244,9.82,ROUTE_CPMCMissionBernalCampusSutter,0.33700011611316244,9.82,ROUTE_CPMCDaviesCampusSutter,0.33590687853629675,16.09,ROUTE_CPMCMissionBernalCampusSutter,0.33700011611316244,9.82
37.66249999997307,-121.87777777773266,73.26839465453561,LVO,ROUTE_SutterEdenMedicalCenter,0.42287477807889473,23.48,ROUTE_StanfordHealthCareTriValley,0.36071628503451886,10.51,ROUTE_SutterEdenMedicalCenter,0.42287477807889473,23.48,ROUTE_StanfordHealthCareTriValley,0.36071628503451886,10.51
37.99777777775112,-121.82999999995485,39.51362207048648,NLVO,ROUTE_JohnMuirMedicalCenterWalnutCreekCampus,0.42908281207437166,30.75,ROUTE_SutterDeltaMedicalCenter,0.40490637446082417,8.493333333333334,ROUTE_JohnMuirMedicalCenterWalnutCreekCampus,0.42908281207437166,30.75,ROUTE_KaiserFoundationHospitalAntioch,0.36652994301759884,14.593333333333334
37.800833333306514,-122.4074999999553,232.1361234743749,HEMORRHAGIC,ROUTE_ChineseHospital,0.32734294144,3.5433333333333334,ROUTE_ChineseHospital,0.32734294144,3.5433333333333334,ROUTE_CPMCDaviesCampusSutter,0.32734294144,13.033333333333333,ROUTE_ChineseHospital,0.32734294144,3.5433333333333334
37.71583333330645,-122.47527777773314,200.1586244725426,HEMORRHAGIC,ROUTE_AHMCSetonMedicalCenter,0.33796051609460814,6.836666666666667,ROUTE_AHMCSetonMedicalCenter,0.33796051609460814,6.836666666666667,ROUTE_UCSFMedicalCenter,0.33686146265520633,13.110000000000001,ROUTE_AHMCSetonMedicalCenter,0.33796051609460814,6.836666666666667
37.59027777775079,-122.06361111106615,112.59126480684242,HEMORRHAGIC,ROUTE_SutterEdenMedicalCenter,0.4141363701416706,21.891666666666666,ROUTE_StRoseHospital,0.32734294144,12.729999999999999,ROUTE_SutterEdenMedicalCenter,0.4141363701416706,21.891666666666666,ROUTE_KaiserFoundationHospitalSanLeandro,0.3513970566582878,20.198333333333334
37.730833333306464,-121.9238888888438,114.8143453957612,LVO,ROUTE_SutterEdenMedicalCenter,0.4132634477579924,23.470000000000002,ROUTE_SanRamonRegionalMedicalCenter,0.35230571949573886,13.113333333333333,ROUTE_SutterEdenMedicalCenter,0.4132634477579924,23.470000000000002,ROUTE_SanRamonRegionalMedicalCenter,0.35230571949573886,13.113333333333333
37.57138888886189,-122.03999999995501,134.21803795162145,HEMORRHAGIC,ROUTE_SutterEdenMedicalCenter,0.4095216935571269,20.425,ROUTE_StRoseHospital,0.32734294144,11.261666666666667,ROUTE_SutterEdenMedicalCenter,0.4095216935571269,20.425,ROUTE_WashingtonHospitalHealthcareSystem,0.3483700369923588,14.905
37.80055555552874,-122.1727777777329,35.157722205762205,HEMORRHAGIC,ROUTE_SutterEdenMedicalCenter,0.4330095755752524,18.483333333333334,ROUTE_HighlandHospitalWilmaChanCampus,0.4274742667169773,11.026666666666667,ROUTE_SutterEdenMedicalCenter,0.4330095755752524,18.483333333333334,ROUTE_HighlandHospitalWilmaChanCampus,0.4274742667169773,11.026666666666667
37.718333333306454,-122.39472222217752,149.45058377224615,HEMORRHAGIC,ROUTE_MillsPeninsulaMedicalCenterSutter,0.40717005173435294,15.53,ROUTE_ZuckerbergSanFranciscoGeneralHospital,0.34615642112004613,11.753333333333334,ROUTE_MillsPeninsulaMedicalCenterSutter,0.40717005173435294,15.53,ROUTE_ZuckerbergSanFranciscoGeneralHospital,0.34615642112004613,11.753333333333334
37.66166666663974,-121.76666666662146,110.03685489415689,LVO,ROUTE_SutterEdenMedicalCenter,0.4125461263341835,31.375,ROUTE_StanfordHealthCareTriValley,0.351915524481914,19.976666666666667,ROUTE_SutterEdenMedicalCenter,0.4125461263341835,31.375,ROUTE_StanfordHealthCareTriValley,0.351915524481914,19.976666666666667
37.435555555528445,-122.19611111106624,171.52783348865145,LVO,ROUTE_StanfordHealthCare,0.3427081896815954,8.731666666666666,ROUTE_StanfordHealthCare,0.3427081896815954,8.731666666666666,ROUTE_StanfordHealthCare,0.3427081896815954,8.731666666666666,ROUTE_StanfordHealthCare,0.3427081896815954,8.731666666666666
38.11027777775121,-122.20472222217737,83.84177954950036,LVO,ROUTE_JohnMuirMedicalCenterWalnutCreekCampus,0.419078521017899,29.23166666666667,ROUTE_SutterSolanoMedicalCenter,0.3587874824002108,9.93,ROUTE_JohnMuirMedicalCenterWalnutCreekCampus,0.419078521017899,29.23166666666667,ROUTE_SutterSolanoMedicalCenter,0.3587874824002108,9.93
37.692499999973094,-122.17694444439957,198.73979442068918,LVO,ROUTE_KaiserFoundationHospitalSanLeandro,0.3383401566237145,6.095,ROUTE_KaiserFoundationHospitalSanLeandro,0.3383401566237145,6.095,ROUTE_SutterEdenMedicalCenter,0.33658197068958406,16.13,ROUTE_KaiserFoundationHospitalSanLeandro,0.3383401566237145,6.095
37.40555555552842,-122.00805555551055,96.23814931470547,HEMORRHAGIC,ROUTE_KaiserFoundationHospitalSantaClara,0.4193012079539257,15.875,ROUTE_KaiserFoundationHospitalSantaClara,0.4193012079539257,15.875,ROUTE_KaiserFoundationHospitalSantaClara,0.4193012079539257,15.875,ROUTE_KaiserFoundationHospitalSantaClara,0.4193012079539257,15.875
37.775833333306494,-122.43222222217756,216.92719725377776,LVO,ROUTE_CPMCDaviesCampusSutter,0.3355204913906056,4.043333333333333,ROUTE_CPMCDaviesCampusSutter,0.3355204913906056,4.043333333333333,ROUTE_CPMCDaviesCampusSutter,0.3355204913906056,4.043333333333333,ROUTE_CPMCDaviesCampusSutter,0.3355204913906056,4.043333333333333
37.92416666663995,-121.71388888884364,248.79739200121776,HEMORRHAGIC,ROUTE_KaiserFoundationHospitalAntioch,0.32734294144,12.673333333333334,ROUTE_KaiserFoundationHospitalAntioch,0.32734294144,12.673333333333334,ROUTE_JohnMuirMedicalCenterWalnutCreekCampus,0.32734294144,38.19833333333334,ROUTE_KaiserFoundationHospitalAntioch,0.32734294144,12.673333333333334
37.738333333306464,-122.49277777773315,57.356238246432156,NLVO,ROUTE_UCSFMedicalCenter,0.4296529645420885,10.488333333333333,ROUTE_UCSFMedicalCenter,0.4296529645420885,10.488333333333333,ROUTE_UCSFMedicalCenter,0.4296529645420885,10.488333333333333,ROUTE_UCSFMedicalCenter,0.4296529645420885,10.488333333333333
38.27972222219579,-122.01444444439944,228.36391465047998,MIMIC,ROUTE_NorthBayMedicalCenter,0.32734294144,10.886666666666667,ROUTE_NorthBayMedicalCenter,0.32734294144,10.886666666666667,ROUTE_JohnMuirMedicalCenterWalnutCreekCampus,0.32734294144,45.1,ROUTE_NorthBayMedicalCenter,0.32734294144,10.886666666666667
37.69166666663976,-122.07138888884393,249.84183630436348,LVO,ROUTE_SutterEdenMedicalCenter,0.32734294144,6.069999999999999,ROUTE_SutterEdenMedicalCenter,0.32734294144,6.069999999999999,ROUTE_SutterEdenMedicalCenter,0.32734294144,6.069999999999999,ROUTE_SutterEdenMedicalCenter,0.32734294144,6.069999999999999
37.80055555552874,-122.40777777773309,203.37695235032177,LVO,ROUTE_ChineseHospital,0.3381069427716228,2.783333333333333,ROUTE_ChineseHospital,0.3381069427716228,2.783333333333333,ROUTE_CPMCDaviesCampusSutter,0.33641621903985486,12.443333333333333,ROUTE_ChineseHospital,0.3381069427716228,2.783333333333333
37.41777777775066,-122.12805555551064,77.55912105491325,LVO,ROUTE_StanfordHealthCare,0.4241046586960694,13.921666666666665,ROUTE_StanfordHealthCare,0.4241046586960694,13.921666666666665,ROUTE_StanfordHealthCare,0.4241046586960694,13.921666666666665,ROUTE_StanfordHealthCare,0.4241046586960694,13.921666666666665
37.785833333306506,-122.49166666662204,134.55854812088955,LVO,ROUTE_UCSFMedicalCenter,0.4114243719550333,11.751666666666667,ROUTE_KaiserFoundationHospitalSanFrancisco,0.3491805633477012,10.17,ROUTE_UCSFMedicalCenter,0.4114243719550333,11.751666666666667,ROUTE_KaiserFoundationHospitalSanFrancisco,0.3491805633477012,10.17
38.24111111108465,-122.00888888884388,87.72167892240748,LVO,ROUTE_JohnMuirMedicalCenterWalnutCreekCampus,0.4144821239845318,45.25833333333333,ROUTE_NorthBayMedicalCenter,0.3573132601546159,13.74,ROUTE_JohnMuirMedicalCenterWalnutCreekCampus,0.4144821239845318,45.25833333333333,ROUTE_NorthBayMedicalCenter,0.3573132601546159,13.74
37.76388888886204,-122.42444444439977,175.5059654148987,HEMORRHAGIC,ROUTE_CPMCDaviesCampusSutter,0.34272253041321993,4.673333333333333,ROUTE_CPMCMissionBernalCampusSutter,0.34285682341825374,3.925,ROUTE_CPMCDaviesCampusSutter,0.34272253041321993,4.673333333333333,ROUTE_CPMCMissionBernalCampusSutter,0.34285682341825374,3.925
37.94083333330663,-122.07138888884393,112.76479685317696,HEMORRHAGIC,ROUTE_JohnMuirMedicalCenterWalnutCreekCampus,0.4164554360543267,11.65,ROUTE_JohnMuirMedicalCenterConcordCampus,0.35344066761066867,9.116666666666667,ROUTE_JohnMuirMedicalCenterWalnutCreekCampus,0.4164554360543267,11.65,ROUTE_JohnMuirMedicalCenterConcordCampus,0.35344066761066867,9.116666666666667
38.456111111084816,-121.82361111106596,193.59741306126503,LVO,ROUTE_KaiserFoundationHospitalVacaville,0.33816158172638977,12.253333333333334,ROUTE_KaiserFoundationHospitalVacaville,0.33816158172638977,12.253333333333334,ROUTE_JohnMuirMedicalCenterWalnutCreekCampus,0.32734294144,59.181666666666665,ROUTE_KaiserFoundationHospitalVacaville,0.33816158172638977,12.253333333333334
38.08361111108452,-122.55444444439988,101.68443712872514,LVO,ROUTE_UCSFMedicalCenter,0.40989874476852584,51.305,ROUTE_NovatoCommunityHospitalSutter,0.35557787312020855,8.888333333333332,ROUTE_UCSFMedicalCenter,0.40989874476852584,51.305,ROUTE_NovatoCommunityHospitalSutter,0.35557787312020855,8.888333333333332
37.79111111108429,-121.94638888884383,149.9288388643048,LVO,ROUTE_JohnMuirMedicalCenterWalnutCreekCampus,0.4052334067320275,23.6,ROUTE_SanRamonRegionalMedicalCenter,0.3469835827160784,6.746666666666667,ROUTE_JohnMuirMedicalCenterWalnutCreekCampus,0.4052334067320275,23.6,ROUTE_SanRamonRegionalMedicalCenter,0.3469835827160784,6.746666666666667
37.729444444417574,-122.43333333328866,167.9807161078774,NLVO,ROUTE_CPMCDaviesCampusSutter,0.4038723971440323,11.575,ROUTE_CPMCMissionBernalCampusSutter,0.34396402763238715,5.305000000000001,ROUTE_CPMCDaviesCampusSutter,0.4038723971440323,11.575,ROUTE_CPMCMissionBernalCampusSutter,0.34396402763238715,5.305000000000001
37.995555555528895,-122.3141666666219,226.32183464004737,LVO,ROUTE_KaiserFoundationHospitalRichmondCampus,0.32734294144,14.01,ROUTE_KaiserFoundationHospitalRichmondCampus,0.32734294144,14.01,ROUTE_JohnMuirMedicalCenterWalnutCreekCampus,0.32734294144,33.32833333333333,ROUTE_KaiserFoundationHospitalRichmondCampus,0.32734294144,14.01
37.752222222195364,-122.47944444439982,198.51503832335902,HEMORRHAGIC,ROUTE_UCSFMedicalCenter,0.338311350758712,6.483333333333333,ROUTE_UCSFMedicalCenter,0.338311350758712,6.483333333333333,ROUTE_UCSFMedicalCenter,0.338311350758712,6.483333333333333,ROUTE_UCSFMedicalCenter,0.338311350758712,6.483333333333333
37.71249999997311,-122.449166666622,60.38455416409857,LVO,ROUTE_CPMCDaviesCampusSutter,0.42793547853752123,14.754999999999999,ROUTE_CPMCMissionBernalCampusSutter,0.42277922827103376,8.485000000000001,ROUTE_CPMCDaviesCampusSutter,0.42793547853752123,14.754999999999999,ROUTE_CPMCMissionBernalCampusSutter,0.42277922827103376,8.485000000000001
37.741388888862026,-122.49138888884427,189.27691436827715,LVO,ROUTE_UCSFMedicalCenter,0.33933196515304626,9.933333333333334,ROUTE_UCSFMedicalCenter,0.33933196515304626,9.933333333333334,ROUTE_UCSFMedicalCenter,0.33933196515304626,9.933333333333334,ROUTE_UCSFMedicalCenter,0.33933196515304626,9.933333333333334
37.777499999973166,-122.43833333328867,127.16217522808236,HEMORRHAGIC,ROUTE_CPMCDaviesCampusSutter,0.4150385273620803,3.4,ROUTE_CPMCDaviesCampusSutter,0.4150385273620803,3.4,ROUTE_CPMCDaviesCampusSutter,0.4150385273620803,3.4,ROUTE_CPMCDaviesCampusSutter,0.4150385273620803,3.4
37.789999999973176,-122.4277777777331,130.0698629657719,NLVO,ROUTE_CPMCDaviesCampusSutter,0.41339963284491854,7.621666666666667,ROUTE_UCSFHealthHydeHospital,0.35153219122856316,1.9966666666666666,ROUTE_CPMCDaviesCampusSutter,0.41339963284491854,7.621666666666667,ROUTE_UCSFHealthHydeHospital,0.35153219122856316,1.9966666666666666
37.699444444417544,-122.08083333328838,98.97620766035179,MIMIC,ROUTE_SutterEdenMedicalCenter,0.4214351219115329,3.9516666666666667,ROUTE_SutterEdenMedicalCenter,0.4214351219115329,3.9516666666666667,ROUTE_SutterEdenMedicalCenter,0.4214351219115329,3.9516666666666667,ROUTE_SutterEdenMedicalCenter,0.4214351219115329,3.9516666666666667
37.98638888886222,-122.46722222217758,219.41038741246598,LVO,ROUTE_MarinHealthMedicalCenter,0.32734294144,19.618333333333332,ROUTE_MarinHealthMedicalCenter,0.32734294144,19.618333333333332,ROUTE_UCSFMedicalCenter,0.32734294144,46.51166666666666,ROUTE_MarinHealthMedicalCenter,0.32734294144,19.618333333333332
37.34722222219504,-121.99777777773276,105.49188802485487,HEMORRHAGIC,ROUTE_KaiserFoundationHospitalSantaClara,0.4198835338048886,4.111666666666666,ROUTE_KaiserFoundationHospitalSantaClara,0.4198835338048886,4.111666666666666,ROUTE_KaiserFoundationHospitalSantaClara,0.4198835338048886,4.111666666666666,ROUTE_KaiserFoundationHospitalSantaClara,0.4198835338048886,4.111666666666666
38.15027777775124,-122.26333333328853,42.987432988642624,NLVO,ROUTE_JohnMuirMedicalCenterWalnutCreekCampus,0.42700691117515555,36.105000000000004,ROUTE_KaiserFoundationHospitalVallejo,0.42543462357929873,7.77,ROUTE_JohnMuirMedicalCenterWalnutCreekCampus,0.42700691117515555,36.105000000000004,ROUTE_KaiserFoundationHospitalVallejo,0.42543462357929873,7.77
37.96277777775109,-122.34694444439971,141.28437717156362,NLVO,ROUTE_JohnMuirMedicalCenterWalnutCreekCampus,0.40431014239207397,36.33166666666667,ROUTE_KaiserFoundationHospitalRichmondCampus,0.34809299178596814,9.345,ROUTE_JohnMuirMedicalCenterWalnutCreekCampus,0.40431014239207397,36.33166666666667,ROUTE_KaiserFoundationHospitalRichmondCampus,0.34809299178596814,9.345
37.81138888886208,-122.300277777733,236.96092659996157,LVO,ROUTE_KaiserFoundationHospitalOaklandRichmond,0.32734294144,10.055,ROUTE_KaiserFoundationHospitalOaklandRichmond,0.32734294144,10.055,ROUTE_CPMCDaviesCampusSutter,0.32734294144,24.846666666666668,ROUTE_KaiserFoundationHospitalOaklandRichmond,0.32734294144,10.055
37.796944444417626,-122.40027777773308,94.66532267241908,HEMORRHAGIC,ROUTE_CPMCDaviesCampusSutter,0.420207793199363,13.541666666666666,ROUTE_ChineseHospital,0.3579115416495441,3.67,ROUTE_CPMCDaviesCampusSutter,0.420207793199363,13.541666666666666,ROUTE_ChineseHospital,0.3579115416495441,3.67
37.48805555552849,-122.26527777773298,131.56633322432168,HEMORRHAGIC,ROUTE_KaiserFoundationHospitalRedwoodCity,0.4119504572913154,12.445,ROUTE_SequoiaHospital,0.35069766970464084,4.9783333333333335,ROUTE_KaiserFoundationHospitalRedwoodCity,0.4119504572913154,12.445,ROUTE_SequoiaHospital,0.35069766970464084,4.9783333333333335
38.32388888886249,-122.31277777773302,114.34486106555103,HEMORRHAGIC,ROUTE_JohnMuirMedicalCenterWalnutCreekCampus,0.4073493248462218,49.84666666666667,ROUTE_ProvidenceQueenOfTheValleyMedicalCenter,0.3540035111542104,4.548333333333333,ROUTE_JohnMuirMedicalCenterWalnutCreekCampus,0.4073493248462218,49.84666666666667,ROUTE_ProvidenceQueenOfTheValleyMedicalCenter,0.3540035111542104,4.548333333333333
37.65694444441751,-122.42416666662199,202.44984240372435,LVO,ROUTE_KaiserFoundationHospitalSouthSanFrancisco,0.33786344410007946,5.098333333333333,ROUTE_KaiserFoundationHospitalSouthSanFrancisco,0.33786344410007946,5.098333333333333,ROUTE_MillsPeninsulaMedicalCenterSutter,0.3365635581158465,12.526666666666667,ROUTE_KaiserFoundationHospitalSouthSanFrancisco,0.33786344410007946,5.098333333333333
37.772499999973164,-122.43194444439978,223.0736117111962,LVO,ROUTE_CPMCDaviesCampusSutter,0.32734294144,2.7150000000000003,ROUTE_CPMCDaviesCampusSutter,0.32734294144,2.7150000000000003,ROUTE_CPMCDaviesCampusSutter,0.32734294144,2.7150000000000003,ROUTE_CPMCDaviesCampusSutter,0.32734294144,2.7150000000000003
37.74722222219536,-122.48638888884426,71.87576909382557,LVO,ROUTE_UCSFMedicalCenter,0.42649556389104487,9.395000000000001,ROUTE_UCSFMedicalCenter,0.42649556389104487,9.395000000000001,ROUTE_UCSFMedicalCenter,0.42649556389104487,9.395000000000001,ROUTE_UCSFMedicalCenter,0.42649556389104487,9.395000000000001
37.76388888886204,-122.46722222217758,215.25463964834745,HEMORRHAGIC,ROUTE_UCSFMedicalCenter,0.3360215948701455,2.8316666666666666,ROUTE_UCSFMedicalCenter,0.3360215948701455,2.8316666666666666,ROUTE_UCSFMedicalCenter,0.3360215948701455,2.8316666666666666,ROUTE_UCSFMedicalCenter,0.3360215948701455,2.8316666666666666
37.537777777750755,-122.36055555551083,216.9134579879902,HEMORRHAGIC,ROUTE_MillsPeninsulaMedicalCenterSutter,0.32734294144,13.7,ROUTE_MillsPeninsulaMedicalCenterSutter,0.32734294144,13.7,ROUTE_MillsPeninsulaMedicalCenterSutter,0.32734294144,13.7,ROUTE_MillsPeninsulaMedicalCenterSutter,0.32734294144,13.7
37.57972222219523,-122.03749999995502,157.52815561371006,HEMORRHAGIC,ROUTE_SutterEdenMedicalCenter,0.4043456719181768,19.93,ROUTE_StRoseHospital,0.32734294144,10.768333333333334,ROUTE_SutterEdenMedicalCenter,0.4043456719181768,19.93,ROUTE_WashingtonHospitalHealthcareSystem,0.3444584339754546,13.021666666666667
37.786944444417614,-121.97583333328829,54.862763090685675,LVO,ROUTE_JohnMuirMedicalCenterWalnutCreekCampus,0.42790713772334493,20.396666666666665,ROUTE_SanRamonRegionalMedicalCenter,0.42373731220705296,6.12,ROUTE_JohnMuirMedicalCenterWalnutCreekCampus,0.42790713772334493,20.396666666666665,ROUTE_SanRamonRegionalMedicalCenter,0.42373731220705296,6.12
37.36222222219506,-122.03333333328834,91.34285162811767,HEMORRHAGIC,ROUTE_KaiserFoundationHospitalSantaClara,0.4209842545515896,13.523333333333333,ROUTE_KaiserFoundationHospitalSantaClara,0.4209842545515896,13.523333333333333,ROUTE_KaiserFoundationHospitalSantaClara,0.4209842545515896,13.523333333333333,ROUTE_KaiserFoundationHospitalSantaClara,0.4209842545515896,13.523333333333333
37.466111111084025,-122.13638888884398,111.21776735113399,LVO,ROUTE_KaiserFoundationHospitalRedwoodCity,0.4167283316275158,12.014999999999999,ROUTE_KaiserFoundationHospitalRedwoodCity,0.4167283316275158,12.014999999999999,ROUTE_KaiserFoundationHospitalRedwoodCity,0.4167283316275158,12.014999999999999,ROUTE_KaiserFoundationHospitalRedwoodCity,0.4167283316275158,12.014999999999999
37.781388888862054,-122.20777777773293,245.30017749547264,NLVO,ROUTE_HighlandHospitalWilmaChanCampus,0.32734294144,7.468333333333334,ROUTE_HighlandHospitalWilmaChanCampus,0.32734294144,7.468333333333334,ROUTE_SutterEdenMedicalCenter,0.32734294144,18.386666666666667,ROUTE_HighlandHospitalWilmaChanCampus,0.32734294144,7.468333333333334
37.92944444441773,-122.52416666662207,253.55736268698757,HEMORRHAGIC,ROUTE_MarinHealthMedicalCenter,0.32734294144,10.128333333333334,ROUTE_MarinHealthMedicalCenter,0.32734294144,10.128333333333334,ROUTE_UCSFMedicalCenter,0.32734294144,31.665000000000003,ROUTE_MarinHealthMedicalCenter,0.32734294144,10.128333333333334
38.306666666640254,-122.27777777773298,242.47985583066057,LVO,ROUTE_ProvidenceQueenOfTheValleyMedicalCenter,0.32734294144,7.260000000000001,ROUTE_ProvidenceQueenOfTheValleyMedicalCenter,0.32734294144,7.260000000000001,ROUTE_JohnMuirMedicalCenterWalnutCreekCampus,0.32734294144,52.90333333333333,ROUTE_ProvidenceQueenOfTheValleyMedicalCenter,0.32734294144,7.260000000000001
37.46249999997291,-122.22555555551072,244.73233431607898,LVO,ROUTE_SequoiaHospital,0.32734294144,8.76,ROUTE_SequoiaHospital,0.32734294144,8.76,ROUTE_KaiserFoundationHospitalRedwoodCity,0.32734294144,9.981666666666666,ROUTE_SequoiaHospital,0.32734294144,8.76
37.86138888886212,-122.49333333328872,123.10640602410345,HEMORRHAGIC,ROUTE_UCSFMedicalCenter,0.41086085448005394,25.668333333333333,ROUTE_MarinHealthMedicalCenter,0.3498363085706977,18.078333333333333,ROUTE_UCSFMedicalCenter,0.41086085448005394,25.668333333333333,ROUTE_MarinHealthMedicalCenter,0.3498363085706977,18.078333333333333
38.32722222219583,-122.25083333328851,150.372327364695,MIMIC,ROUTE_ProvidenceQueenOfTheValleyMedicalCenter,0.3456342027735462,13.698333333333332,ROUTE_ProvidenceQueenOfTheValleyMedicalCenter,0.3456342027735462,13.698333333333332,ROUTE_JohnMuirMedicalCenterWalnutCreekCampus,0.336848151135815,62.973333333333336,ROUTE_ProvidenceQueenOfTheValleyMedicalCenter,0.3456342027735462,13.698333333333332
38.21888888886241,-122.15083333328843,34.90769402159962,HEMORRHAGIC,ROUTE_JohnMuirMedicalCenterWalnutCreekCampus,0.4287764069647334,36.656666666666666,ROUTE_NorthBayMedicalCenter,0.3671912025178873,15.865,ROUTE_JohnMuirMedicalCenterWalnutCreekCampus,0.4287764069647334,36.656666666666666,ROUTE_NorthBayMedicalCenter,0.3671912025178873,15.865
38.06527777775117,-122.16194444439955,224.9533471523608,HEMORRHAGIC,ROUTE_ContraCostaRegionalMedicalCenter,0.32734294144,12.205,ROUTE_ContraCostaRegionalMedicalCenter,0.32734294144,12.205,ROUTE_JohnMuirMedicalCenterWalnutCreekCampus,0.32734294144,23.02,ROUTE_SutterSolanoMedicalCenter,0.32734294144,13.07
37.7694444444176,-122.27138888884409,179.6689923466955,HEMORRHAGIC,ROUTE_SutterEdenMedicalCenter,0.33842461557203185,24.685,ROUTE_AlamedaHospital,0.3418777396162017,5.225,ROUTE_SutterEdenMedicalCenter,0.33842461557203185,24.685,ROUTE_AlamedaHospital,0.3418777396162017,5.225
37.74444444441758,-122.48583333328871,129.5445386959717,HEMORRHAGIC,ROUTE_UCSFMedicalCenter,0.41304312195836485,9.7,ROUTE_UCSFMedicalCenter,0.41304312195836485,9.7,ROUTE_UCSFMedicalCenter,0.41304312195836485,9.7,ROUTE_UCSFMedicalCenter,0.41304312195836485,9.7
38.0005555555289,-122.27666666662188,32.69414032132177,LVO,ROUTE_JohnMuirMedicalCenterWalnutCreekCampus,0.4309673277618978,29.58,ROUTE_ContraCostaRegionalMedicalCenter,0.40457994406056863,16.533333333333335,ROUTE_JohnMuirMedicalCenterWalnutCreekCampus,0.4309673277618978,29.58,ROUTE_KaiserFoundationHospitalRichmondCampus,0.42511205797274393,18.69333333333333
37.891388888862146,-122.26944444439964,237.38004973487287,LVO,ROUTE_AltaBatesSummitMedicalCenterAltaBatesCampus,0.32734294144,11.551666666666668,ROUTE_AltaBatesSummitMedicalCenterAltaBatesCampus,0.32734294144,11.551666666666668,ROUTE_JohnMuirMedicalCenterWalnutCreekCampus,0.32734294144,31.59,ROUTE_KaiserFoundationHospitalRichmondCampus,0.32734294144,19.14333333333333
37.79944444441763,-122.4213888888442,198.2265661936681,HEMORRHAGIC,ROUTE_CPMCDaviesCampusSutter,0.3375549576436552,11.08,ROUTE_UCSFHealthHydeHospital,0.3390137733348226,2.7849999999999997,ROUTE_CPMCDaviesCampusSutter,0.3375549576436552,11.08,ROUTE_UCSFHealthHydeHospital,0.3390137733348226,2.7849999999999997
37.75694444441759,-122.41222222217753,221.39015885352865,HEMORRHAGIC,ROUTE_ZuckerbergSanFranciscoGeneralHospital,0.3349509544201998,2.8666666666666667,ROUTE_ZuckerbergSanFranciscoGeneralHospital,0.3349509544201998,2.8666666666666667,ROUTE_CPMCDaviesCampusSutter,0.32734294144,7.278333333333333,ROUTE_ZuckerbergSanFranciscoGeneralHospital,0.3349509544201998,2.8666666666666667
37.66805555552863,-121.77222222217702,181.38087242390256,LVO,ROUTE_StanfordHealthCareTriValley,0.33886331088565586,20.483333333333334,ROUTE_StanfordHealthCareTriValley,0.33886331088565586,20.483333333333334,ROUTE_SutterEdenMedicalCenter,0.3368626421795649,31.881666666666668,ROUTE_StanfordHealthCareTriValley,0.33886331088565586,20.483333333333334
37.794166666639846,-122.22249999995516,194.64643495602272,HEMORRHAGIC,ROUTE_HighlandHospitalWilmaChanCampus,0.3393160242458687,4.655,ROUTE_HighlandHospitalWilmaChanCampus,0.3393160242458687,4.655,ROUTE_SutterEdenMedicalCenter,0.33663347501836605,19.928333333333335,ROUTE_HighlandHospitalWilmaChanCampus,0.3393160242458687,4.655
37.66638888886197,-122.44861111106646,154.9129618117248,LVO,ROUTE_MillsPeninsulaMedicalCenterSutter,0.40567800380082386,16.65,ROUTE_KaiserFoundationHospitalSouthSanFrancisco,0.3465679652566233,4.035,ROUTE_MillsPeninsulaMedicalCenterSutter,0.40567800380082386,16.65,ROUTE_KaiserFoundationHospitalSouthSanFrancisco,0.3465679652566233,4.035
37.9172222221955,-121.72527777773254,51.80718839472472,LVO,ROUTE_JohnMuirMedicalCenterWalnutCreekCampus,0.42450664670870536,37.955000000000005,ROUTE_KaiserFoundationHospitalAntioch,0.3645306223932151,12.43,ROUTE_JohnMuirMedicalCenterWalnutCreekCampus,0.42450664670870536,37.955000000000005,ROUTE_KaiserFoundationHospitalAntioch,0.3645306223932151,12.43
37.934444444417736,-122.35444444439972,111.46123752388016,LVO,ROUTE_CPMCDaviesCampusSutter,0.4116347444273115,33.93,ROUTE_KaiserFoundationHospitalRichmondCampus,0.3546738314769932,3.8833333333333333,ROUTE_CPMCDaviesCampusSutter,0.4116347444273115,33.93,ROUTE_KaiserFoundationHospitalRichmondCampus,0.3546738314769932,3.8833333333333333
37.778611111084274,-122.39444444439974,263.0627965925894,HEMORRHAGIC,ROUTE_ChineseHospital,0.32734294144,7.355,ROUTE_ChineseHospital,0.32734294144,7.355,ROUTE_CPMCDaviesCampusSutter,0.32734294144,11.086666666666668,ROUTE_ChineseHospital,0.32734294144,7.355
37.992777777751115,-122.57611111106655,184.55154617110145,LVO,ROUTE_MarinHealthMedicalCenter,0.33937707938732464,14.403333333333334,ROUTE_MarinHealthMedicalCenter,0.33937707938732464,14.403333333333334,ROUTE_UCSFMedicalCenter,0.32734294144,47.03,ROUTE_MarinHealthMedicalCenter,0.33937707938732464,14.403333333333334
37.96861111108443,-122.3533333332886,253.45868405983617,HEMORRHAGIC,ROUTE_KaiserFoundationHospitalRichmondCampus,0.32734294144,9.08,ROUTE_KaiserFoundationHospitalRichmondCampus,0.32734294144,9.08,ROUTE_JohnMuirMedicalCenterWalnutCreekCampus,0.32734294144,38.53333333333333,ROUTE_KaiserFoundationHospitalRichmondCampus,0.32734294144,9.08
38.28138888886246,-122.26611111106631,160.3405178860287,NLVO,ROUTE_JohnMuirMedicalCenterWalnutCreekCampus,0.33752049837163933,49.16166666666666,ROUTE_ProvidenceQueenOfTheValleyMedicalCenter,0.3443050722398878,11.056666666666667,ROUTE_JohnMuirMedicalCenterWalnutCreekCampus,0.33752049837163933,49.16166666666666,ROUTE_ProvidenceQueenOfTheValleyMedicalCenter,0.3443050722398878,11.056666666666667
37.793333333306514,-122.41083333328865,52.09709308426789,LVO,ROUTE_CPMCDaviesCampusSutter,0.43086570541885083,10.606666666666666,ROUTE_ChineseHospital,0.42620415949658874,1.4133333333333333,ROUTE_CPMCDaviesCampusSutter,0.43086570541885083,10.606666666666666,ROUTE_ChineseHospital,0.42620415949658874,1.4133333333333333
37.783055555528726,-122.19361111106625,50.89865933803694,LVO,ROUTE_SutterEdenMedicalCenter,0.4294881112259907,17.645,ROUTE_HighlandHospitalWilmaChanCampus,0.42476084770224154,6.7266666666666675,ROUTE_SutterEdenMedicalCenter,0.4294881112259907,17.645,ROUTE_HighlandHospitalWilmaChanCampus,0.42476084770224154,6.7266666666666675
37.73388888886202,-122.16027777773289,192.0421425136886,LVO,ROUTE_SutterEdenMedicalCenter,0.33809000998825195,14.215,ROUTE_SanLeandroHospitalAlamedaHealthSystem,0.32734294144,7.583333333333333,ROUTE_SutterEdenMedicalCenter,0.33809000998825195,14.215,ROUTE_KaiserFoundationHospitalSanLeandro,0.33863860003332885,11.096666666666666
38.26611111108467,-122.64916666662216,66.76029389931244,HEMORRHAGIC,ROUTE_UCSFMedicalCenter,0.41468349525489906,65.34333333333333,ROUTE_PetalumaValleyHospitalProvidence,0.3629403814836107,5.588333333333334,ROUTE_UCSFMedicalCenter,0.41468349525489906,65.34333333333333,ROUTE_PetalumaValleyHospitalProvidence,0.3629403814836107,5.588333333333334
37.848333333306556,-122.27472222217743,267.3537713458626,HEMORRHAGIC,ROUTE_AltaBatesSummitMedicalCenterAltaBatesCampus,0.32734294144,5.010000000000001,ROUTE_AltaBatesSummitMedicalCenterAltaBatesCampus,0.32734294144,5.010000000000001,ROUTE_JohnMuirMedicalCenterWalnutCreekCampus,0.32734294144,24.625,ROUTE_KaiserFoundationHospitalOaklandRichmond,0.32734294144,7.65
37.72555555552868,-122.40861111106642,173.04660723147603,LVO,ROUTE_CPMCDaviesCampusSutter,0.34135269347174196,14.785,ROUTE_CPMCMissionBernalCampusSutter,0.3422162202916886,9.955,ROUTE_CPMCDaviesCampusSutter,0.34135269347174196,14.785,ROUTE_CPMCMissionBernalCampusSutter,0.3422162202916886,9.955
37.600833333306355,-122.05611111106614,110.78693148406009,HEMORRHAGIC,ROUTE_SutterEdenMedicalCenter,0.4154985165770248,17.776666666666664,ROUTE_StRoseHospital,0.32734294144,8.615,ROUTE_SutterEdenMedicalCenter,0.4154985165770248,17.776666666666664,ROUTE_KaiserFoundationHospitalSanLeandro,0.35250377304398756,16.085
37.72972222219535,-122.37583333328861,173.95636169110801,MIMIC,ROUTE_CPMCDaviesCampusSutter,0.3404233129473602,19.095000000000002,ROUTE_ZuckerbergSanFranciscoGeneralHospital,0.34140083080541767,13.606666666666666,ROUTE_CPMCDaviesCampusSutter,0.3404233129473602,19.095000000000002,ROUTE_ZuckerbergSanFranciscoGeneralHospital,0.34140083080541767,13.606666666666666
37.98527777775111,-122.32277777773302,257.2922924144466,LVO,ROUTE_KaiserFoundationHospitalRichmondCampus,0.32734294144,12.908333333333333,ROUTE_KaiserFoundationHospitalRichmondCampus,0.32734294144,12.908333333333333,ROUTE_JohnMuirMedicalCenterWalnutCreekCampus,0.32734294144,33.595,ROUTE_KaiserFoundationHospitalRichmondCampus,0.32734294144,12.908333333333333
37.603611111084135,-122.06111111106614,238.95178216416414,NLVO,ROUTE_StRoseHospital,0.32734294144,8.286666666666667,ROUTE_StRoseHospital,0.32734294144,8.286666666666667,ROUTE_SutterEdenMedicalCenter,0.32734294144,17.618333333333332,ROUTE_KaiserFoundationHospitalSanLeandro,0.32734294144,15.925
37.95444444441775,-122.35249999995527,233.16605531532474,HEMORRHAGIC,ROUTE_KaiserFoundationHospitalRichmondCampus,0.32734294144,5.781666666666666,ROUTE_KaiserFoundationHospitalRichmondCampus,0.32734294144,5.781666666666666,ROUTE_CPMCDaviesCampusSutter,0.32734294144,37.24166666666667,ROUTE_KaiserFoundationHospitalRichmondCampus,0.32734294144,5.781666666666666
37.46499999997292,-122.14666666662177,207.957099266745,HEMORRHAGIC,ROUTE_KaiserFoundationHospitalRedwoodCity,0.3360759783883013,9.816666666666666,ROUTE_KaiserFoundationHospitalRedwoodCity,0.3360759783883013,9.816666666666666,ROUTE_KaiserFoundationHospitalRedwoodCity,0.3360759783883013,9.816666666666666,ROUTE_KaiserFoundationHospitalRedwoodCity,0.3360759783883013,9.816666666666666
37.48055555552848,-122.2611111110663,245.30771093953774,HEMORRHAGIC,ROUTE_SequoiaHospital,0.32734294144,3.3983333333333334,ROUTE_SequoiaHospital,0.32734294144,3.3983333333333334,ROUTE_KaiserFoundationHospitalRedwoodCity,0.32734294144,10.865,ROUTE_SequoiaHospital,0.32734294144,3.3983333333333334
37.81666666663986,-122.23527777773295,240.35828211271945,HEMORRHAGIC,ROUTE_KaiserFoundationHospitalOaklandRichmond,0.32734294144,7.391666666666667,ROUTE_KaiserFoundationHospitalOaklandRichmond,0.32734294144,7.391666666666667,ROUTE_SutterEdenMedicalCenter,0.32734294144,21.55,ROUTE_KaiserFoundationHospitalOaklandRichmond,0.32734294144,7.391666666666667
37.87416666663991,-122.28611111106632,130.99004487867433,HEMORRHAGIC,ROUTE_CPMCDaviesCampusSutter,0.4079476566118724,30.566666666666666,ROUTE_AltaBatesSummitMedicalCenterAltaBatesCampus,0.32734294144,10.158333333333333,ROUTE_CPMCDaviesCampusSutter,0.4079476566118724,30.566666666666666,ROUTE_KaiserFoundationHospitalOaklandRichmond,0.348970627034861,14.875
37.69027777775087,-121.76444444439925,249.8167177625163,NLVO,ROUTE_StanfordHealthCareTriValley,0.32734294144,14.975,ROUTE_StanfordHealthCareTriValley,0.32734294144,14.975,ROUTE_SutterEdenMedicalCenter,0.32734294144,26.371666666666666,ROUTE_StanfordHealthCareTriValley,0.32734294144,14.975
37.534166666639635,-122.27972222217743,244.03649033805232,LVO,ROUTE_SanMateoMedicalCenter,0.32734294144,8.7,ROUTE_SanMateoMedicalCenter,0.32734294144,8.7,ROUTE_KaiserFoundationHospitalRedwoodCity,0.32734294144,14.66,ROUTE_KaiserFoundationHospitalRedwoodCity,0.32734294144,14.66
37.678055555528644,-122.12166666662175,170.2209484486182,LVO,ROUTE_SutterEdenMedicalCenter,0.342530038801602,11.031666666666666,ROUTE_StRoseHospital,0.32734294144,10.175,ROUTE_SutterEdenMedicalCenter,0.342530038801602,11.031666666666666,ROUTE_SutterEdenMedicalCenter,0.342530038801602,11.031666666666666
37.79361111108429,-122.2144444443996,199.47193539095215,LVO,ROUTE_HighlandHospitalWilmaChanCampus,0.33837215393136466,5.181666666666667,ROUTE_HighlandHospitalWilmaChanCampus,0.33837215393136466,5.181666666666667,ROUTE_SutterEdenMedicalCenter,0.3363481050088397,16.74,ROUTE_HighlandHospitalWilmaChanCampus,0.33837215393136466,5.181666666666667
37.35388888886172,-122.04138888884391,64.85963506744353,HEMORRHAGIC,ROUTE_ElCaminoHealthMountainView,0.42750909806463094,12.093333333333334,ROUTE_ElCaminoHealthMountainView,0.42750909806463094,12.093333333333334,ROUTE_ElCaminoHealthMountainView,0.42750909806463094,12.093333333333334,ROUTE_ElCaminoHealthMountainView,0.42750909806463094,12.093333333333334
37.764166666639824,-122.5061111110665,172.23441344786062,HEMORRHAGIC,ROUTE_UCSFMedicalCenter,0.3426252093164666,8.486666666666666,ROUTE_UCSFMedicalCenter,0.3426252093164666,8.486666666666666,ROUTE_UCSFMedicalCenter,0.3426252093164666,8.486666666666666,ROUTE_UCSFMedicalCenter,0.3426252093164666,8.486666666666666
37.741111111084244,-122.16166666662178,194.87729522864626,LVO,ROUTE_SutterEdenMedicalCenter,0.33759920812619704,14.176666666666668,ROUTE_SanLeandroHospitalAlamedaHealthSystem,0.32734294144,10.438333333333333,ROUTE_SutterEdenMedicalCenter,0.33759920812619704,14.176666666666668,ROUTE_HighlandHospitalWilmaChanCampus,0.33802854772323976,11.729999999999999
37.52916666663963,-122.03833333328835,86.8142955430066,HEMORRHAGIC,ROUTE_SutterEdenMedicalCenter,0.41942950390550116,24.746666666666666,ROUTE_WashingtonHospitalHealthcareSystem,0.35713983243335284,15.555,ROUTE_SutterEdenMedicalCenter,0.41942950390550116,24.746666666666666,ROUTE_WashingtonHospitalHealthcareSystem,0.35713983243335284,15.555
37.737222222195356,-122.46722222217758,47.38338969786896,HEMORRHAGIC,ROUTE_UCSFMedicalCenter,0.4327431535178338,7.381666666666666,ROUTE_UCSFMedicalCenter,0.4327431535178338,7.381666666666666,ROUTE_UCSFMedicalCenter,0.4327431535178338,7.381666666666666,ROUTE_UCSFMedicalCenter,0.4327431535178338,7.381666666666666
38.27166666664023,-122.04555555551057,261.9476659157243,LVO,ROUTE_NorthBayMedicalCenter,0.32734294144,6.006666666666666,ROUTE_NorthBayMedicalCenter,0.32734294144,6.006666666666666,ROUTE_JohnMuirMedicalCenterWalnutCreekCampus,0.32734294144,42.526666666666664,ROUTE_NorthBayMedicalCenter,0.32734294144,6.006666666666666
37.789999999973176,-122.42722222217755,68.8792023777505,NLVO,ROUTE_CPMCDaviesCampusSutter,0.4275841179552675,7.755,ROUTE_UCSFHealthHydeHospital,0.4221738371989729,2.0266666666666664,ROUTE_CPMCDaviesCampusSutter,0.4275841179552675,7.755,ROUTE_UCSFHealthHydeHospital,0.4221738371989729,2.0266666666666664
37.717499999973114,-122.14638888884399,234.25949798872065,LVO,ROUTE_SanLeandroHospitalAlamedaHealthSystem,0.32734294144,1.2083333333333333,ROUTE_SanLeandroHospitalAlamedaHealthSystem,0.32734294144,1.2083333333333333,ROUTE_SutterEdenMedicalCenter,0.32734294144,12.146666666666667,ROUTE_KaiserFoundationHospitalSanLeandro,0.32734294144,8.979999999999999
37.66499999997308,-122.40166666662198,35.9571267113445,HEMORRHAGIC,ROUTE_MillsPeninsulaMedicalCenterSutter,0.434788474161353,10.183333333333334,ROUTE_MillsPeninsulaMedicalCenterSutter,0.434788474161353,10.183333333333334,ROUTE_MillsPeninsulaMedicalCenterSutter,0.434788474161353,10.183333333333334,ROUTE_MillsPeninsulaMedicalCenterSutter,0.434788474161353,10.183333333333334
37.99305555552889,-121.89527777773267,151.6159025463596,HEMORRHAGIC,ROUTE_JohnMuirMedicalCenterWalnutCreekCampus,0.40528005416924806,21.706666666666667,ROUTE_SutterDeltaMedicalCenter,0.32734294144,13.585,ROUTE_JohnMuirMedicalCenterWalnutCreekCampus,0.40528005416924806,21.706666666666667,ROUTE_JohnMuirMedicalCenterConcordCampus,0.34497912904311245,16.06
37.91111111108438,-122.33777777773304,100.60556302276419,HEMORRHAGIC,ROUTE_CPMCDaviesCampusSutter,0.4143683518152115,32.86833333333333,ROUTE_KaiserFoundationHospitalRichmondCampus,0.35562657099475803,9.71,ROUTE_CPMCDaviesCampusSutter,0.4143683518152115,32.86833333333333,ROUTE_KaiserFoundationHospitalRichmondCampus,0.35562657099475803,9.71
37.737777777750914,-122.24194444439962,60.87677742677003,HEMORRHAGIC,ROUTE_SutterEdenMedicalCenter,0.42572654905315654,23.673333333333336,ROUTE_AlamedaHospital,0.36312519889278705,10.526666666666667,ROUTE_SutterEdenMedicalCenter,0.42572654905315654,23.673333333333336,ROUTE_AlamedaHospital,0.36312519889278705,10.526666666666667
38.295555555529134,-122.48444444439981,53.42561447147481,MIMIC,ROUTE_JohnMuirMedicalCenterWalnutCreekCampus,0.4170518586095326,68.40666666666667,ROUTE_SonomaValleyHospital,0.36537305135650905,6.533333333333333,ROUTE_JohnMuirMedicalCenterWalnutCreekCampus,0.4170518586095326,68.40666666666667,ROUTE_SonomaValleyHospital,0.36537305135650905,6.533333333333333
37.773333333306496,-122.42416666662199,235.24738540859346,MIMIC,ROUTE_CPMCDaviesCampusSutter,0.32734294144,5.111666666666666,ROUTE_CPMCDaviesCampusSutter,0.32734294144,5.111666666666666,ROUTE_CPMCDaviesCampusSutter,0.32734294144,5.111666666666666,ROUTE_CPMCDaviesCampusSutter,0.32734294144,5.111666666666666
37.52499999997296,-121.96361111106607,182.1742809132535,HEMORRHAGIC,ROUTE_RegionalMedicalCenterOfSanJose,0.33855660833996537,21.43,ROUTE_KaiserFoundationHospitalFremont,0.34074609373823717,9.061666666666667,ROUTE_RegionalMedicalCenterOfSanJose,0.33855660833996537,21.43,ROUTE_KaiserFoundationHospitalFremont,0.34074609373823717,9.061666666666667
37.560555555528545,-121.94749999995494,119.89055448554244,HEMORRHAGIC,ROUTE_RegionalMedicalCenterOfSanJose,0.41199368339140424,23.93166666666667,ROUTE_KaiserFoundationHospitalFremont,0.3525507626055139,6.73,ROUTE_RegionalMedicalCenterOfSanJose,0.41199368339140424,23.93166666666667,ROUTE_KaiserFoundationHospitalFremont,0.3525507626055139,6.73
37.80444444441763,-122.22138888884405,220.76569225358065,LVO,ROUTE_HighlandHospitalWilmaChanCampus,0.33495957365990237,3.441666666666667,ROUTE_HighlandHospitalWilmaChanCampus,0.33495957365990237,3.441666666666667,ROUTE_SutterEdenMedicalCenter,0.32734294144,19.53666666666667,ROUTE_HighlandHospitalWilmaChanCampus,0.33495957365990237,3.441666666666667
38.251111111084654,-122.05999999995502,203.77529528125802,LVO,ROUTE_NorthBayMedicalCenter,0.33738129310831405,6.5216666666666665,ROUTE_NorthBayMedicalCenter,0.33738129310831405,6.5216666666666665,ROUTE_JohnMuirMedicalCenterWalnutCreekCampus,0.32734294144,39.07833333333333,ROUTE_NorthBayMedicalCenter,0.33738129310831405,6.5216666666666665
38.27972222219579,-122.01444444439944,166.3575790000246,LVO,ROUTE_NorthBayMedicalCenter,0.34325012580523373,10.886666666666667,ROUTE_NorthBayMedicalCenter,0.34325012580523373,10.886666666666667,ROUTE_JohnMuirMedicalCenterWalnutCreekCampus,0.3371783103478394,45.1,ROUTE_NorthBayMedicalCenter,0.34325012580523373,10.886666666666667
37.76333333330649,-122.27027777773297,255.52425997169243,HEMORRHAGIC,ROUTE_AlamedaHospital,0.32734294144,5.16,ROUTE_AlamedaHospital,0.32734294144,5.16,ROUTE_SutterEdenMedicalCenter,0.32734294144,25.483333333333334,ROUTE_AlamedaHospital,0.32734294144,5.16
37.51027777775073,-122.297777777733,191.24018424291924,NLVO,ROUTE_KaiserFoundationHospitalRedwoodCity,0.3376213764221478,17.686666666666667,ROUTE_SanMateoMedicalCenter,0.32734294144,7.3933333333333335,ROUTE_KaiserFoundationHospitalRedwoodCity,0.3376213764221478,17.686666666666667,ROUTE_SequoiaHospital,0.3383831958533455,13.35
37.455833333306245,-121.90444444439935,183.4149166431697,LVO,ROUTE_RegionalMedicalCenterOfSanJose,0.3397237903439285,13.581666666666667,ROUTE_RegionalMedicalCenterOfSanJose,0.3397237903439285,13.581666666666667,ROUTE_RegionalMedicalCenterOfSanJose,0.3397237903439285,13.581666666666667,ROUTE_RegionalMedicalCenterOfSanJose,0.3397237903439285,13.581666666666667
37.75694444441759,-122.19944444439959,109.7403200687097,HEMORRHAGIC,ROUTE_SutterEdenMedicalCenter,0.4160300206033056,16.518333333333334,ROUTE_HighlandHospitalWilmaChanCampus,0.35385317199665745,9.95,ROUTE_SutterEdenMedicalCenter,0.4160300206033056,16.518333333333334,ROUTE_HighlandHospitalWilmaChanCampus,0.35385317199665745,9.95
37.79027777775095,-122.45166666662202,152.20414638180375,HEMORRHAGIC,ROUTE_CPMCDaviesCampusSutter,0.4080100688710859,9.078333333333335,ROUTE_KaiserFoundationHospitalSanFrancisco,0.34702989634613274,4.218333333333333,ROUTE_CPMCDaviesCampusSutter,0.4080100688710859,9.078333333333335,ROUTE_KaiserFoundationHospitalSanFrancisco,0.34702989634613274,4.218333333333333
37.776111111084276,-122.41472222217753,88.71379869566181,LVO,ROUTE_CPMCDaviesCampusSutter,0.4230279917553615,7.378333333333333,ROUTE_CPMCVanNessCampusSutter,0.3589824290444322,4.045,ROUTE_CPMCDaviesCampusSutter,0.4230279917553615,7.378333333333333,ROUTE_CPMCVanNessCampusSutter,0.3589824290444322,4.045
38.10694444441787,-122.24999999995518,156.41050204555305,LVO,ROUTE_JohnMuirMedicalCenterWalnutCreekCampus,0.3417184851032998,29.373333333333335,ROUTE_KaiserFoundationHospitalVallejo,0.34601223995205055,5.583333333333333,ROUTE_JohnMuirMedicalCenterWalnutCreekCampus,0.3417184851032998,29.373333333333335,ROUTE_KaiserFoundationHospitalVallejo,0.34601223995205055,5.583333333333333
37.64222222219528,-122.42694444439977,209.40305512831586,LVO,ROUTE_KaiserFoundationHospitalSouthSanFrancisco,0.336501982055419,5.925,ROUTE_KaiserFoundationHospitalSouthSanFrancisco,0.336501982055419,5.925,ROUTE_MillsPeninsulaMedicalCenterSutter,0.335336454547223,12.628333333333334,ROUTE_KaiserFoundationHospitalSouthSanFrancisco,0.336501982055419,5.925
37.604999999973025,-122.02166666662167,68.79343718506996,LVO,ROUTE_SutterEdenMedicalCenter,0.42398123353889505,23.216666666666665,ROUTE_StRoseHospital,0.3361936539945509,13.883333333333333,ROUTE_SutterEdenMedicalCenter,0.42398123353889505,23.216666666666665,ROUTE_WashingtonHospitalHealthcareSystem,0.36047910827050583,16.21
37.493888888861825,-121.90861111106602,119.64236232418807,HEMORRHAGIC,ROUTE_RegionalMedicalCenterOfSanJose,0.41312292803521206,19.253333333333334,ROUTE_KaiserFoundationHospitalFremont,0.3505020912145244,17.955,ROUTE_RegionalMedicalCenterOfSanJose,0.41312292803521206,19.253333333333334,ROUTE_KaiserFoundationHospitalFremont,0.3505020912145244,17.955
37.96305555552887,-122.30083333328855,256.91585218067405,HEMORRHAGIC,ROUTE_KaiserFoundationHospitalRichmondCampus,0.32734294144,15.731666666666666,ROUTE_KaiserFoundationHospitalRichmondCampus,0.32734294144,15.731666666666666,ROUTE_JohnMuirMedicalCenterWalnutCreekCampus,0.32734294144,34.82,ROUTE_KaiserFoundationHospitalRichmondCampus,0.32734294144,15.731666666666666
37.76111111108426,-122.24444444439962,79.37493519230523,MIMIC,ROUTE_SutterEdenMedicalCenter,0.4220781618935993,20.791666666666668,ROUTE_AlamedaHospital,0.3609488505683719,3.203333333333333,ROUTE_SutterEdenMedicalCenter,0.4220781618935993,20.791666666666668,ROUTE_AlamedaHospital,0.3609488505683719,3.203333333333333
37.70944444441756,-122.41416666662198,121.54140119132339,LVO,ROUTE_MillsPeninsulaMedicalCenterSutter,0.4128192124067575,18.678333333333335,ROUTE_CPMCMissionBernalCampusSutter,0.3508386127181479,14.246666666666666,ROUTE_MillsPeninsulaMedicalCenterSutter,0.4128192124067575,18.678333333333335,ROUTE_CPMCMissionBernalCampusSutter,0.3508386127181479,14.246666666666666
37.88972222219548,-122.2511111110663,42.733872189568906,LVO,ROUTE_JohnMuirMedicalCenterWalnutCreekCampus,0.4290340402395106,27.736666666666668,ROUTE_AltaBatesSummitMedicalCenterAltaBatesCampus,0.4033129284215706,12.55,ROUTE_JohnMuirMedicalCenterWalnutCreekCampus,0.4290340402395106,27.736666666666668,ROUTE_AltaBatesSummitMedicalCenterSummitCampus,0.422942340206704,21.708333333333332
37.535555555528525,-122.0502777777328,188.50716539559227,LVO,ROUTE_WashingtonHospitalHealthcareSystem,0.33773511213188767,19.771666666666665,ROUTE_StRoseHospital,0.32734294144,18.753333333333334,ROUTE_KaiserFoundationHospitalRedwoodCity,0.3364102843206517,27.348333333333336,ROUTE_WashingtonHospitalHealthcareSystem,0.33773511213188767,19.771666666666665
37.93472222219551,-121.74916666662145,127.5728079615172,LVO,ROUTE_JohnMuirMedicalCenterWalnutCreekCampus,0.40645269435296233,40.57,ROUTE_KaiserFoundationHospitalAntioch,0.3503223501263222,10.991666666666667,ROUTE_JohnMuirMedicalCenterWalnutCreekCampus,0.40645269435296233,40.57,ROUTE_KaiserFoundationHospitalAntioch,0.3503223501263222,10.991666666666667
37.69416666663977,-121.72027777773253,144.3638294484644,HEMORRHAGIC,ROUTE_SutterEdenMedicalCenter,0.40526141300351815,29.041666666666668,ROUTE_StanfordHealthCareTriValley,0.3460098112097773,17.64333333333333,ROUTE_SutterEdenMedicalCenter,0.40526141300351815,29.041666666666668,ROUTE_StanfordHealthCareTriValley,0.3460098112097773,17.64333333333333
37.709999999973114,-122.41361111106643,233.9297096653601,MIMIC,ROUTE_CPMCMissionBernalCampusSutter,0.32734294144,13.335,ROUTE_CPMCMissionBernalCampusSutter,0.32734294144,13.335,ROUTE_MillsPeninsulaMedicalCenterSutter,0.32734294144,17.46833333333333,ROUTE_CPMCMissionBernalCampusSutter,0.32734294144,13.335
37.78555555552873,-121.92305555551047,76.72462259240729,LVO,ROUTE_JohnMuirMedicalCenterWalnutCreekCampus,0.42137929286000286,26.44333333333333,ROUTE_SanRamonRegionalMedicalCenter,0.36018649908750094,9.791666666666666,ROUTE_JohnMuirMedicalCenterWalnutCreekCampus,0.42137929286000286,26.44333333333333,ROUTE_SanRamonRegionalMedicalCenter,0.36018649908750094,9.791666666666666
37.739166666639804,-122.50527777773317,198.1814306949198,HEMORRHAGIC,ROUTE_UCSFMedicalCenter,0.33725571110541647,12.833333333333334,ROUTE_UCSFMedicalCenter,0.33725571110541647,12.833333333333334,ROUTE_UCSFMedicalCenter,0.33725571110541647,12.833333333333334,ROUTE_UCSFMedicalCenter,0.33725571110541647,12.833333333333334
38.2530555555291,-122.05861111106614,138.16272897588004,LVO,ROUTE_JohnMuirMedicalCenterWalnutCreekCampus,0.4042212431958891,39.84666666666667,ROUTE_NorthBayMedicalCenter,0.3492120060626164,6.3966666666666665,ROUTE_JohnMuirMedicalCenterWalnutCreekCampus,0.4042212431958891,39.84666666666667,ROUTE_NorthBayMedicalCenter,0.3492120060626164,6.3966666666666665
37.8111111110843,-122.20638888884403,110.20176589270139,MIMIC,ROUTE_SutterEdenMedicalCenter,0.41518306448409203,19.73166666666667,ROUTE_HighlandHospitalWilmaChanCampus,0.35425809085353793,7.341666666666667,ROUTE_SutterEdenMedicalCenter,0.41518306448409203,19.73166666666667,ROUTE_HighlandHospitalWilmaChanCampus,0.35425809085353793,7.341666666666667
37.79777777775096,-122.41083333328865,63.55476795257126,HEMORRHAGIC,ROUTE_CPMCDaviesCampusSutter,0.4279762613758954,11.411666666666667,ROUTE_ChineseHospital,0.4234042757905636,1.7950000000000002,ROUTE_CPMCDaviesCampusSutter,0.4279762613758954,11.411666666666667,ROUTE_ChineseHospital,0.4234042757905636,1.7950000000000002
37.3641666666395,-122.022499999955,45.9685745731598,LVO,ROUTE_KaiserFoundationHospitalSantaClara,0.4320670389229501,11.653333333333334,ROUTE_KaiserFoundationHospitalSantaClara,0.4320670389229501,11.653333333333334,ROUTE_KaiserFoundationHospitalSantaClara,0.4320670389229501,11.653333333333334,ROUTE_KaiserFoundationHospitalSantaClara,0.4320670389229501,11.653333333333334
37.65249999997307,-122.44833333328867,104.71026008787688,LVO,ROUTE_MillsPeninsulaMedicalCenterSutter,0.4175694974340901,14.881666666666666,ROUTE_KaiserFoundationHospitalSouthSanFrancisco,0.35537097893273123,6.951666666666667,ROUTE_MillsPeninsulaMedicalCenterSutter,0.4175694974340901,14.881666666666666,ROUTE_KaiserFoundationHospitalSouthSanFrancisco,0.35537097893273123,6.951666666666667
37.98916666664,-121.99999999995498,137.1974546224144,LVO,ROUTE_JohnMuirMedicalCenterWalnutCreekCampus,0.40903006768746003,19.603333333333335,ROUTE_JohnMuirMedicalCenterConcordCampus,0.3490276957064529,8.358333333333333,ROUTE_JohnMuirMedicalCenterWalnutCreekCampus,0.40903006768746003,19.603333333333335,ROUTE_JohnMuirMedicalCenterConcordCampus,0.3490276957064529,8.358333333333333
37.67888888886198,-122.10166666662172,264.72406598265826,LVO,ROUTE_SutterEdenMedicalCenter,0.32734294144,8.653333333333334,ROUTE_SutterEdenMedicalCenter,0.32734294144,8.653333333333334,ROUTE_SutterEdenMedicalCenter,0.32734294144,8.653333333333334,ROUTE_SutterEdenMedicalCenter,0.32734294144,8.653333333333334
37.85611111108434,-122.09416666662173,231.70611372081322,LVO,ROUTE_KaiserFoundationHospitalWalnutCreek,0.32734294144,15.868333333333334,ROUTE_KaiserFoundationHospitalWalnutCreek,0.32734294144,15.868333333333334,ROUTE_JohnMuirMedicalCenterWalnutCreekCampus,0.32734294144,18.138333333333332,ROUTE_KaiserFoundationHospitalWalnutCreek,0.32734294144,15.868333333333334
37.53944444441742,-122.05055555551058,136.70238185273706,HEMORRHAGIC,ROUTE_SutterEdenMedicalCenter,0.40795886936255055,24.805,ROUTE_StRoseHospital,0.32734294144,15.643333333333334,ROUTE_SutterEdenMedicalCenter,0.40795886936255055,24.805,ROUTE_WashingtonHospitalHealthcareSystem,0.34725949282544866,18.466666666666665
37.938611111084406,-121.96499999995496,217.68856128747666,HEMORRHAGIC,ROUTE_JohnMuirMedicalCenterWalnutCreekCampus,0.32734294144,11.868333333333334,ROUTE_JohnMuirMedicalCenterWalnutCreekCampus,0.32734294144,11.868333333333334,ROUTE_JohnMuirMedicalCenterWalnutCreekCampus,0.32734294144,11.868333333333334,ROUTE_JohnMuirMedicalCenterWalnutCreekCampus,0.32734294144,11.868333333333334
37.710555555528664,-121.73805555551033,266.30797511708784,NLVO,ROUTE_StanfordHealthCareTriValley,0.32734294144,16.628333333333334,ROUTE_StanfordHealthCareTriValley,0.32734294144,16.628333333333334,ROUTE_SutterEdenMedicalCenter,0.32734294144,28.026666666666664,ROUTE_StanfordHealthCareTriValley,0.32734294144,16.628333333333334
37.988611111084445,-122.31999999995524,199.46578653036892,HEMORRHAGIC,ROUTE_KaiserFoundationHospitalRichmondCampus,0.33687203252515,13.743333333333334,ROUTE_KaiserFoundationHospitalRichmondCampus,0.33687203252515,13.743333333333334,ROUTE_JohnMuirMedicalCenterWalnutCreekCampus,0.32734294144,35.505,ROUTE_KaiserFoundationHospitalRichmondCampus,0.33687203252515,13.743333333333334
37.67777777775086,-122.158888888844,256.34013630980496,LVO,ROUTE_KaiserFoundationHospitalSanLeandro,0.32734294144,9.1,ROUTE_KaiserFoundationHospitalSanLeandro,0.32734294144,9.1,ROUTE_SutterEdenMedicalCenter,0.32734294144,13.631666666666666,ROUTE_KaiserFoundationHospitalSanLeandro,0.32734294144,9.1
37.48861111108405,-122.20638888884403,203.94351905935554,HEMORRHAGIC,ROUTE_KaiserFoundationHospitalRedwoodCity,0.3374451563298352,5.989999999999999,ROUTE_KaiserFoundationHospitalRedwoodCity,0.3374451563298352,5.989999999999999,ROUTE_KaiserFoundationHospitalRedwoodCity,0.3374451563298352,5.989999999999999,ROUTE_KaiserFoundationHospitalRedwoodCity,0.3374451563298352,5.989999999999999
37.92833333330662,-122.3305555555108,251.92001925113547,LVO,ROUTE_KaiserFoundationHospitalRichmondCampus,0.32734294144,8.613333333333333,ROUTE_KaiserFoundationHospitalRichmondCampus,0.32734294144,8.613333333333333,ROUTE_CPMCDaviesCampusSutter,0.32734294144,33.29666666666667,ROUTE_KaiserFoundationHospitalRichmondCampus,0.32734294144,8.613333333333333
37.46305555552847,-121.90166666662157,75.00293913739314,LVO,ROUTE_RegionalMedicalCenterOfSanJose,0.4248719525061038,13.196666666666665,ROUTE_RegionalMedicalCenterOfSanJose,0.4248719525061038,13.196666666666665,ROUTE_RegionalMedicalCenterOfSanJose,0.4248719525061038,13.196666666666665,ROUTE_RegionalMedicalCenterOfSanJose,0.4248719525061038,13.196666666666665
37.77083333330649,-122.25055555551074,142.24888792773453,NLVO,ROUTE_SutterEdenMedicalCenter,0.4076323685495306,20.695,ROUTE_AlamedaHospital,0.34908209591593875,3.0133333333333336,ROUTE_SutterEdenMedicalCenter,0.4076323685495306,20.695,ROUTE_AlamedaHospital,0.34908209591593875,3.0133333333333336
37.92944444441773,-122.39472222217752,118.76250372706272,LVO,ROUTE_CPMCDaviesCampusSutter,0.40945373478362923,36.17833333333333,ROUTE_KaiserFoundationHospitalRichmondCampus,0.35240220639569914,8.65,ROUTE_CPMCDaviesCampusSutter,0.40945373478362923,36.17833333333333,ROUTE_KaiserFoundationHospitalRichmondCampus,0.35240220639569914,8.65
37.8338888888621,-122.18944444439958,94.32766516435612,NLVO,ROUTE_SutterEdenMedicalCenter,0.41829963147960053,22.108333333333334,ROUTE_HighlandHospitalWilmaChanCampus,0.3564044031243514,11.896666666666667,ROUTE_SutterEdenMedicalCenter,0.41829963147960053,22.108333333333334,ROUTE_HighlandHospitalWilmaChanCampus,0.3564044031243514,11.896666666666667
37.65277777775084,-122.07249999995504,169.77995320125888,HEMORRHAGIC,ROUTE_SutterEdenMedicalCenter,0.3420837800826297,13.961666666666668,ROUTE_StRoseHospital,0.32734294144,8.57,ROUTE_SutterEdenMedicalCenter,0.3420837800826297,13.961666666666668,ROUTE_SutterEdenMedicalCenter,0.3420837800826297,13.961666666666668
38.304166666640256,-122.47416666662203,173.55626184221282,HEMORRHAGIC,ROUTE_SonomaValleyHospital,0.34283386328677934,6.003333333333333,ROUTE_SonomaValleyHospital,0.34283386328677934,6.003333333333333,ROUTE_JohnMuirMedicalCenterWalnutCreekCampus,0.32734294144,69.91000000000001,ROUTE_SonomaValleyHospital,0.34283386328677934,6.003333333333333
37.699444444417544,-122.04861111106614,98.80942782447013,MIMIC,ROUTE_SutterEdenMedicalCenter,0.41977787999661553,11.25,ROUTE_SutterEdenMedicalCenter,0.41977787999661553,11.25,ROUTE_SutterEdenMedicalCenter,0.41977787999661553,11.25,ROUTE_SutterEdenMedicalCenter,0.41977787999661553,11.25
38.327499999973604,-122.28999999995521,214.58711766536413,LVO,ROUTE_ProvidenceQueenOfTheValleyMedicalCenter,0.33612566611348066,2.9016666666666664,ROUTE_ProvidenceQueenOfTheValleyMedicalCenter,0.33612566611348066,2.9016666666666664,ROUTE_JohnMuirMedicalCenterWalnutCreekCampus,0.32734294144,52.17666666666666,ROUTE_ProvidenceQueenOfTheValleyMedicalCenter,0.33612566611348066,2.9016666666666664
37.6861111110842,-121.74583333328812,42.206777230618826,HEMORRHAGIC,ROUTE_SutterEdenMedicalCenter,0.4281948497223345,31.83,ROUTE_StanfordHealthCareTriValley,0.42349341498524173,20.43166666666667,ROUTE_SutterEdenMedicalCenter,0.4281948497223345,31.83,ROUTE_StanfordHealthCareTriValley,0.42349341498524173,20.43166666666667
38.387499999973656,-121.69277777773252,195.5543552992469,LVO,ROUTE_KaiserFoundationHospitalVacaville,0.32734294144,37.315000000000005,ROUTE_KaiserFoundationHospitalVacaville,0.32734294144,37.315000000000005,ROUTE_JohnMuirMedicalCenterWalnutCreekCampus,0.32734294144,84.24499999999999,ROUTE_KaiserFoundationHospitalVacaville,0.32734294144,37.315000000000005
38.273611111084676,-122.01749999995499,231.163244725772,LVO,ROUTE_NorthBayMedicalCenter,0.32734294144,10.958333333333334,ROUTE_NorthBayMedicalCenter,0.32734294144,10.958333333333334,ROUTE_JohnMuirMedicalCenterWalnutCreekCampus,0.32734294144,45.169999999999995,ROUTE_NorthBayMedicalCenter,0.32734294144,10.958333333333334
37.73749999997313,-122.44666666662201,51.07906909942276,LVO,ROUTE_UCSFMedicalCenter,0.4315156103677328,8.875,ROUTE_CPMCMissionBernalCampusSutter,0.4251035528496165,7.944999999999999,ROUTE_UCSFMedicalCenter,0.4315156103677328,8.875,ROUTE_CPMCMissionBernalCampusSutter,0.4251035528496165,7.944999999999999
37.830277777750986,-122.23138888884405,186.4982278315907,LVO,ROUTE_SutterEdenMedicalCenter,0.33799559448751904,20.296666666666667,ROUTE_KaiserFoundationHospitalOaklandRichmond,0.3404350630398729,6.488333333333333,ROUTE_SutterEdenMedicalCenter,0.33799559448751904,20.296666666666667,ROUTE_KaiserFoundationHospitalOaklandRichmond,0.3404350630398729,6.488333333333333
37.976111111084435,-122.56777777773321,121.56724327775952,HEMORRHAGIC,ROUTE_UCSFMedicalCenter,0.4072731074744944,42.96,ROUTE_MarinHealthMedicalCenter,0.3515631671666067,10.333333333333334,ROUTE_UCSFMedicalCenter,0.4072731074744944,42.96,ROUTE_MarinHealthMedicalCenter,0.3515631671666067,10.333333333333334
37.659999999973074,-122.47472222217759,84.30858345306004,HEMORRHAGIC,ROUTE_MillsPeninsulaMedicalCenterSutter,0.4218735468577538,16.735,ROUTE_AHMCSetonMedicalCenter,0.35916036901713977,7.525,ROUTE_MillsPeninsulaMedicalCenterSutter,0.4218735468577538,16.735,ROUTE_AHMCSetonMedicalCenter,0.35916036901713977,7.525
37.991388888862225,-121.71138888884364,260.84180638272267,HEMORRHAGIC,ROUTE_KaiserFoundationHospitalAntioch,0.32734294144,15.798333333333334,ROUTE_KaiserFoundationHospitalAntioch,0.32734294144,15.798333333333334,ROUTE_JohnMuirMedicalCenterWalnutCreekCampus,0.32734294144,37.406666666666666,ROUTE_KaiserFoundationHospitalAntioch,0.32734294144,15.798333333333334
37.461388888861805,-122.22527777773294,96.69656145289407,LVO,ROUTE_KaiserFoundationHospitalRedwoodCity,0.42056918109037905,9.955,ROUTE_SequoiaHospital,0.35653557988112894,8.84,ROUTE_KaiserFoundationHospitalRedwoodCity,0.42056918109037905,9.955,ROUTE_SequoiaHospital,0.35653557988112894,8.84
37.779444444417614,-122.21277777773292,43.91545170710047,LVO,ROUTE_SutterEdenMedicalCenter,0.43095422443419784,18.413333333333334,ROUTE_HighlandHospitalWilmaChanCampus,0.4260429183735588,8.298333333333334,ROUTE_SutterEdenMedicalCenter,0.43095422443419784,18.413333333333334,ROUTE_HighlandHospitalWilmaChanCampus,0.4260429183735588,8.298333333333334
37.766944444417604,-122.1791666666218,235.61467851911993,NLVO,ROUTE_HighlandHospitalWilmaChanCampus,0.32734294144,11.073333333333332,ROUTE_HighlandHospitalWilmaChanCampus,0.32734294144,11.073333333333332,ROUTE_SutterEdenMedicalCenter,0.32734294144,17.166666666666668,ROUTE_HighlandHospitalWilmaChanCampus,0.32734294144,11.073333333333332
37.6622222221953,-122.46861111106647,258.22317877846285,LVO,ROUTE_AHMCSetonMedicalCenter,0.32734294144,6.038333333333333,ROUTE_AHMCSetonMedicalCenter,0.32734294144,6.038333333333333,ROUTE_MillsPeninsulaMedicalCenterSutter,0.32734294144,13.728333333333333,ROUTE_AHMCSetonMedicalCenter,0.32734294144,6.038333333333333
37.744166666639806,-122.43027777773311,80.74054200184062,HEMORRHAGIC,ROUTE_CPMCDaviesCampusSutter,0.4247956878521585,7.785,ROUTE_CPMCMissionBernalCampusSutter,0.3605888655543933,3.6966666666666668,ROUTE_CPMCDaviesCampusSutter,0.4247956878521585,7.785,ROUTE_CPMCMissionBernalCampusSutter,0.3605888655543933,3.6966666666666668
37.43249999997289,-121.888611111066,160.0525507642847,HEMORRHAGIC,ROUTE_RegionalMedicalCenterOfSanJose,0.40591613661121334,10.46,ROUTE_RegionalMedicalCenterOfSanJose,0.40591613661121334,10.46,ROUTE_RegionalMedicalCenterOfSanJose,0.40591613661121334,10.46,ROUTE_RegionalMedicalCenterOfSanJose,0.40591613661121334,10.46
38.363055555529186,-122.2824999999552,63.115710979164284,HEMORRHAGIC,ROUTE_JohnMuirMedicalCenterWalnutCreekCampus,0.41722828451648136,57.95166666666667,ROUTE_ProvidenceQueenOfTheValleyMedicalCenter,0.3630490806598014,8.676666666666668,ROUTE_JohnMuirMedicalCenterWalnutCreekCampus,0.41722828451648136,57.95166666666667,ROUTE_ProvidenceQueenOfTheValleyMedicalCenter,0.3630490806598014,8.676666666666668
37.71527777775089,-122.47472222217759,259.06955319653264,LVO,ROUTE_AHMCSetonMedicalCenter,0.32734294144,6.355,ROUTE_AHMCSetonMedicalCenter,0.32734294144,6.355,ROUTE_UCSFMedicalCenter,0.32734294144,12.629999999999999,ROUTE_AHMCSetonMedicalCenter,0.32734294144,6.355
37.998333333306675,-121.8319444443993,78.5716355565893,LVO,ROUTE_JohnMuirMedicalCenterWalnutCreekCampus,0.42042092088372207,28.71833333333333,ROUTE_SutterDeltaMedicalCenter,0.33647008660858396,8.02,ROUTE_JohnMuirMedicalCenterWalnutCreekCampus,0.42042092088372207,28.71833333333333,ROUTE_KaiserFoundationHospitalAntioch,0.35905931515188905,13.786666666666667
37.86888888886213,-122.25388888884407,79.11703612244374,LVO,ROUTE_SutterEdenMedicalCenter,0.4207817394244723,26.62,ROUTE_AltaBatesSummitMedicalCenterAltaBatesCampus,0.3364805367965119,4.843333333333334,ROUTE_SutterEdenMedicalCenter,0.4207817394244723,26.62,ROUTE_AltaBatesSummitMedicalCenterSummitCampus,0.35891289433968304,14.001666666666667
37.967777777751095,-122.53472222217763,174.15374296675833,LVO,ROUTE_MarinHealthMedicalCenter,0.34265539485986496,6.4,ROUTE_MarinHealthMedicalCenter,0.34265539485986496,6.4,ROUTE_UCSFMedicalCenter,0.33713763715940404,37.535,ROUTE_MarinHealthMedicalCenter,0.34265539485986496,6.4
37.96027777775109,-122.04166666662168,125.6114677088608,LVO,ROUTE_JohnMuirMedicalCenterWalnutCreekCampus,0.4137790068709026,10.426666666666668,ROUTE_JohnMuirMedicalCenterConcordCampus,0.35128412930393826,7.785,ROUTE_JohnMuirMedicalCenterWalnutCreekCampus,0.4137790068709026,10.426666666666668,ROUTE_JohnMuirMedicalCenterConcordCampus,0.35128412930393826,7.785
37.781666666639836,-122.43361111106644,63.7731131597874,LVO,ROUTE_CPMCDaviesCampusSutter,0.4293410014855332,5.395,ROUTE_KaiserFoundationHospitalSanFrancisco,0.4230837668932398,4.430000000000001,ROUTE_CPMCDaviesCampusSutter,0.4293410014855332,5.395,ROUTE_KaiserFoundationHospitalSanFrancisco,0.4230837668932398,4.430000000000001
37.763611111084266,-122.171388888844,54.96998876218655,HEMORRHAGIC,ROUTE_SutterEdenMedicalCenter,0.4289522961808991,15.848333333333333,ROUTE_HighlandHospitalWilmaChanCampus,0.4225367089183072,12.07,ROUTE_SutterEdenMedicalCenter,0.4289522961808991,15.848333333333333,ROUTE_HighlandHospitalWilmaChanCampus,0.4225367089183072,12.07
37.546111111084095,-121.96916666662163,131.45199987544493,LVO,ROUTE_RegionalMedicalCenterOfSanJose,0.40915769190481205,24.788333333333334,ROUTE_KaiserFoundationHospitalFremont,0.35099003124234507,3.521666666666667,ROUTE_RegionalMedicalCenterOfSanJose,0.40915769190481205,24.788333333333334,ROUTE_KaiserFoundationHospitalFremont,0.35099003124234507,3.521666666666667
37.80277777775096,-122.40999999995532,73.9459009935327,LVO,ROUTE_CPMCDaviesCampusSutter,0.4251854825240284,12.915,ROUTE_ChineseHospital,0.4204992972920339,3.743333333333333,ROUTE_CPMCDaviesCampusSutter,0.4251854825240284,12.915,ROUTE_ChineseHospital,0.4204992972920339,3.743333333333333
37.783055555528726,-122.42305555551087,143.0801992969283,LVO,ROUTE_CPMCDaviesCampusSutter,0.41060718890730935,6.805000000000001,ROUTE_CPMCVanNessCampusSutter,0.34919026730417285,1.5966666666666667,ROUTE_CPMCDaviesCampusSutter,0.41060718890730935,6.805000000000001,ROUTE_CPMCVanNessCampusSutter,0.34919026730417285,1.5966666666666667
37.750277777750924,-121.89027777773268,156.61611455795858,LVO,ROUTE_SutterEdenMedicalCenter,0.34255440920377633,24.5,ROUTE_SanRamonRegionalMedicalCenter,0.34440029460103944,14.254999999999999,ROUTE_SutterEdenMedicalCenter,0.34255440920377633,24.5,ROUTE_SanRamonRegionalMedicalCenter,0.34440029460103944,14.254999999999999
38.002499999973345,-121.73694444439921,30.753786119784337,LVO,ROUTE_JohnMuirMedicalCenterWalnutCreekCampus,0.4298248217728651,36.361666666666665,ROUTE_KaiserFoundationHospitalAntioch,0.42629195468267184,14.751666666666667,ROUTE_JohnMuirMedicalCenterWalnutCreekCampus,0.4298248217728651,36.361666666666665,ROUTE_KaiserFoundationHospitalAntioch,0.42629195468267184,14.751666666666667
37.687777777750874,-122.49111111106649,75.81327927492777,LVO,ROUTE_MillsPeninsulaMedicalCenterSutter,0.4230601168059882,20.141666666666666,ROUTE_AHMCSetonMedicalCenter,0.3608332621988088,7.361666666666666,ROUTE_MillsPeninsulaMedicalCenterSutter,0.4230601168059882,20.141666666666666,ROUTE_AHMCSetonMedicalCenter,0.3608332621988088,7.361666666666666
37.976111111084435,-122.55611111106654,43.28860975070444,MIMIC,ROUTE_UCSFMedicalCenter,0.42581204079661317,40.89666666666667,ROUTE_MarinHealthMedicalCenter,0.4247229048470375,9.633333333333333,ROUTE_UCSFMedicalCenter,0.42581204079661317,40.89666666666667,ROUTE_MarinHealthMedicalCenter,0.4247229048470375,9.633333333333333
37.70833333330644,-121.74138888884366,85.51349779019881,MIMIC,ROUTE_SutterEdenMedicalCenter,0.4194310806206245,26.040000000000003,ROUTE_StanfordHealthCareTriValley,0.35756293097139,14.641666666666667,ROUTE_SutterEdenMedicalCenter,0.4194310806206245,26.040000000000003,ROUTE_StanfordHealthCareTriValley,0.35756293097139,14.641666666666667
37.963611111084425,-122.3583333332886,67.29242654549097,LVO,ROUTE_JohnMuirMedicalCenterWalnutCreekCampus,0.42044036909298543,39.913333333333334,ROUTE_KaiserFoundationHospitalRichmondCampus,0.36204279563547354,9.656666666666666,ROUTE_JohnMuirMedicalCenterWalnutCreekCampus,0.42044036909298543,39.913333333333334,ROUTE_KaiserFoundationHospitalRichmondCampus,0.36204279563547354,9.656666666666666
38.21666666664019,-122.12805555551064,192.75669095409063,LVO,ROUTE_NorthBayMedicalCenter,0.3384365491536735,11.53,ROUTE_NorthBayMedicalCenter,0.3384365491536735,11.53,ROUTE_JohnMuirMedicalCenterWalnutCreekCampus,0.32734294144,35.69666666666667,ROUTE_NorthBayMedicalCenter,0.3384365491536735,11.53
37.782222222195394,-122.45666666662201,269.6559020811836,LVO,ROUTE_KaiserFoundationHospitalSanFrancisco,0.32734294144,3.828333333333333,ROUTE_KaiserFoundationHospitalSanFrancisco,0.32734294144,3.828333333333333,ROUTE_UCSFMedicalCenter,0.32734294144,6.951666666666667,ROUTE_KaiserFoundationHospitalSanFrancisco,0.32734294144,3.828333333333333
37.35138888886171,-122.07027777773281,177.4208476553158,MIMIC,ROUTE_ElCaminoHealthMountainView,0.34196972275245047,6.958333333333333,ROUTE_ElCaminoHealthMountainView,0.34196972275245047,6.958333333333333,ROUTE_ElCaminoHealthMountainView,0.34196972275245047,6.958333333333333,ROUTE_ElCaminoHealthMountainView,0.34196972275245047,6.958333333333333
37.69916666663977,-122.18222222217734,87.65250264763228,LVO,ROUTE_SutterEdenMedicalCenter,0.4215793529864933,14.655,ROUTE_KaiserFoundationHospitalSanLeandro,0.3591481249546748,4.245,ROUTE_SutterEdenMedicalCenter,0.4215793529864933,14.655,ROUTE_KaiserFoundationHospitalSanLeandro,0.3591481249546748,4.245
37.724444444417564,-122.42416666662199,190.1196200867913,HEMORRHAGIC,ROUTE_CPMCDaviesCampusSutter,0.3384423114609387,14.135,ROUTE_CPMCMissionBernalCampusSutter,0.33954904211905185,7.863333333333333,ROUTE_CPMCDaviesCampusSutter,0.3384423114609387,14.135,ROUTE_CPMCMissionBernalCampusSutter,0.33954904211905185,7.863333333333333
37.46222222219514,-122.1474999999551,30.29418618972783,LVO,ROUTE_StanfordHealthCare,0.4353368013011698,13.538333333333332,ROUTE_StanfordHealthCare,0.4353368013011698,13.538333333333332,ROUTE_StanfordHealthCare,0.4353368013011698,13.538333333333332,ROUTE_StanfordHealthCare,0.4353368013011698,13.538333333333332
37.81416666663986,-122.2699999999552,72.43217263674214,HEMORRHAGIC,ROUTE_SutterEdenMedicalCenter,0.42353650500260653,21.48166666666667,ROUTE_AltaBatesSummitMedicalCenterSummitCampus,0.3620763126443714,4.345,ROUTE_SutterEdenMedicalCenter,0.42353650500260653,21.48166666666667,ROUTE_AltaBatesSummitMedicalCenterSummitCampus,0.3620763126443714,4.345
37.48305555552849,-122.19749999995514,252.4494959234076,LVO,ROUTE_KaiserFoundationHospitalRedwoodCity,0.32734294144,6.778333333333333,ROUTE_KaiserFoundationHospitalRedwoodCity,0.32734294144,6.778333333333333,ROUTE_KaiserFoundationHospitalRedwoodCity,0.32734294144,6.778333333333333,ROUTE_KaiserFoundationHospitalRedwoodCity,0.32734294144,6.778333333333333
37.43527777775067,-122.18222222217734,148.64875943928217,MIMIC,ROUTE_StanfordHealthCare,0.4099418636583666,4.151666666666666,ROUTE_StanfordHealthCare,0.4099418636583666,4.151666666666666,ROUTE_StanfordHealthCare,0.4099418636583666,4.151666666666666,ROUTE_StanfordHealthCare,0.4099418636583666,4.151666666666666
37.80055555552874,-122.22166666662183,97.17345723674927,LVO,ROUTE_SutterEdenMedicalCenter,0.41861179569248175,17.915000000000003,ROUTE_HighlandHospitalWilmaChanCampus,0.3577856297370793,1.8183333333333331,ROUTE_SutterEdenMedicalCenter,0.41861179569248175,17.915000000000003,ROUTE_HighlandHospitalWilmaChanCampus,0.3577856297370793,1.8183333333333331
37.9752777777511,-122.54916666662209,49.114556636231306,MIMIC,ROUTE_UCSFMedicalCenter,0.42453587241394847,40.52166666666667,ROUTE_MarinHealthMedicalCenter,0.36537625175016336,10.828333333333335,ROUTE_UCSFMedicalCenter,0.42453587241394847,40.52166666666667,ROUTE_MarinHealthMedicalCenter,0.36537625175016336,10.828333333333335
37.592499999973015,-122.07861111106615,141.32904498265987,LVO,ROUTE_SutterEdenMedicalCenter,0.4077755045571961,20.985,ROUTE_StRoseHospital,0.32734294144,10.945,ROUTE_SutterEdenMedicalCenter,0.4077755045571961,20.985,ROUTE_KaiserFoundationHospitalSanLeandro,0.34626252240717875,19.291666666666668
37.52749999997297,-122.2511111110663,39.858470702771555,HEMORRHAGIC,ROUTE_KaiserFoundationHospitalRedwoodCity,0.4330590701456032,13.573333333333332,ROUTE_SanMateoMedicalCenter,0.4037333967521166,12.808333333333334,ROUTE_KaiserFoundationHospitalRedwoodCity,0.4330590701456032,13.573333333333332,ROUTE_KaiserFoundationHospitalRedwoodCity,0.4330590701456032,13.573333333333332
38.024722222195585,-122.54944444439987,125.85383154647567,LVO,ROUTE_UCSFMedicalCenter,0.4063517958771223,42.735,ROUTE_KaiserFoundationHospitalSanRafael,0.3512183170231923,7.895,ROUTE_UCSFMedicalCenter,0.4063517958771223,42.735,ROUTE_KaiserFoundationHospitalSanRafael,0.3512183170231923,7.895
37.98249999997333,-121.77277777773259,179.7682601823181,LVO,ROUTE_KaiserFoundationHospitalAntioch,0.3414151868461859,7.713333333333334,ROUTE_SutterDeltaMedicalCenter,0.32734294144,5.966666666666667,ROUTE_JohnMuirMedicalCenterWalnutCreekCampus,0.3370708824508656,32.303333333333335,ROUTE_KaiserFoundationHospitalAntioch,0.3414151868461859,7.713333333333334
37.998333333306675,-122.04249999995501,152.93528713470326,HEMORRHAGIC,ROUTE_JohnMuirMedicalCenterWalnutCreekCampus,0.4067457797505374,13.915,ROUTE_JohnMuirMedicalCenterConcordCampus,0.34690762084229365,4.155,ROUTE_JohnMuirMedicalCenterWalnutCreekCampus,0.4067457797505374,13.915,ROUTE_JohnMuirMedicalCenterConcordCampus,0.34690762084229365,4.155
37.693333333306434,-122.10805555551063,141.50064998496123,LVO,ROUTE_SutterEdenMedicalCenter,0.41145946325847577,4.656666666666666,ROUTE_SutterEdenMedicalCenter,0.41145946325847577,4.656666666666666,ROUTE_SutterEdenMedicalCenter,0.41145946325847577,4.656666666666666,ROUTE_SutterEdenMedicalCenter,0.41145946325847577,4.656666666666666
37.80888888886208,-122.23416666662183,66.80203322365914,LVO,ROUTE_SutterEdenMedicalCenter,0.4247157153953539,22.066666666666666,ROUTE_HighlandHospitalWilmaChanCampus,0.36277710264362195,6.383333333333334,ROUTE_SutterEdenMedicalCenter,0.4247157153953539,22.066666666666666,ROUTE_HighlandHospitalWilmaChanCampus,0.36277710264362195,6.383333333333334
37.572499999973004,-122.32444444439969,222.7930893874493,LVO,ROUTE_MillsPeninsulaMedicalCenterSutter,0.32734294144,11.551666666666668,ROUTE_MillsPeninsulaMedicalCenterSutter,0.32734294144,11.551666666666668,ROUTE_MillsPeninsulaMedicalCenterSutter,0.32734294144,11.551666666666668,ROUTE_MillsPeninsulaMedicalCenterSutter,0.32734294144,11.551666666666668
37.71722222219534,-121.93749999995494,115.63521620006163,NLVO,ROUTE_SutterEdenMedicalCenter,0.4142412060744222,18.391666666666666,ROUTE_StanfordHealthCareTriValley,0.3523855574723388,11.866666666666667,ROUTE_SutterEdenMedicalCenter,0.4142412060744222,18.391666666666666,ROUTE_StanfordHealthCareTriValley,0.3523855574723388,11.866666666666667
37.76805555552871,-122.2511111110663,94.35437781875709,HEMORRHAGIC,ROUTE_SutterEdenMedicalCenter,0.41852221882628593,21.12,ROUTE_AlamedaHospital,0.3583055308578775,1.9266666666666665,ROUTE_SutterEdenMedicalCenter,0.41852221882628593,21.12,ROUTE_AlamedaHospital,0.3583055308578775,1.9266666666666665
37.75777777775093,-122.49361111106649,108.55797637786188,LVO,ROUTE_UCSFMedicalCenter,0.4182289922847083,8.183333333333334,ROUTE_UCSFMedicalCenter,0.4182289922847083,8.183333333333334,ROUTE_UCSFMedicalCenter,0.4182289922847083,8.183333333333334,ROUTE_UCSFMedicalCenter,0.4182289922847083,8.183333333333334
37.96444444441776,-122.50499999995539,46.83761142291408,LVO,ROUTE_UCSFMedicalCenter,0.4257992296206806,37.40333333333333,ROUTE_MarinHealthMedicalCenter,0.36597569571577987,10.07,ROUTE_UCSFMedicalCenter,0.4257992296206806,37.40333333333333,ROUTE_MarinHealthMedicalCenter,0.36597569571577987,10.07
37.44277777775068,-122.14944444439955,201.7725022150874,HEMORRHAGIC,ROUTE_StanfordHealthCare,0.33719488709403783,9.59,ROUTE_StanfordHealthCare,0.33719488709403783,9.59,ROUTE_StanfordHealthCare,0.33719488709403783,9.59,ROUTE_StanfordHealthCare,0.33719488709403783,9.59
37.99527777775112,-121.873611111066,127.42084266017812,LVO,ROUTE_JohnMuirMedicalCenterWalnutCreekCampus,0.40980551121653314,25.976666666666667,ROUTE_SutterDeltaMedicalCenter,0.32734294144,14.688333333333333,ROUTE_JohnMuirMedicalCenterWalnutCreekCampus,0.40980551121653314,25.976666666666667,ROUTE_JohnMuirMedicalCenterConcordCampus,0.348805034724943,19.341666666666665
37.764722222195374,-122.42388888884422,57.50296691631501,LVO,ROUTE_CPMCDaviesCampusSutter,0.4310750413597316,4.3149999999999995,ROUTE_CPMCMissionBernalCampusSutter,0.424469149945758,4.205,ROUTE_CPMCDaviesCampusSutter,0.4310750413597316,4.3149999999999995,ROUTE_CPMCMissionBernalCampusSutter,0.424469149945758,4.205
38.109444444417875,-122.57638888884433,48.55439789072775,HEMORRHAGIC,ROUTE_UCSFMedicalCenter,0.42234578043003856,50.46333333333334,ROUTE_NovatoCommunityHospitalSutter,0.36580510762718926,9.216666666666667,ROUTE_UCSFMedicalCenter,0.42234578043003856,50.46333333333334,ROUTE_NovatoCommunityHospitalSutter,0.36580510762718926,9.216666666666667
37.63583333330639,-122.06916666662171,118.15374719303121,NLVO,ROUTE_SutterEdenMedicalCenter,0.4138462526923939,17.591666666666665,ROUTE_StRoseHospital,0.32734294144,6.845,ROUTE_SutterEdenMedicalCenter,0.4138462526923939,17.591666666666665,ROUTE_KaiserFoundationHospitalSanLeandro,0.3511616754738021,15.898333333333333
37.522499999972965,-121.96972222217718,64.00750273666212,MIMIC,ROUTE_RegionalMedicalCenterOfSanJose,0.4252873853740729,22.418333333333333,ROUTE_KaiserFoundationHospitalFremont,0.36292473915039525,8.421666666666667,ROUTE_RegionalMedicalCenterOfSanJose,0.4252873853740729,22.418333333333333,ROUTE_KaiserFoundationHospitalFremont,0.36292473915039525,8.421666666666667
37.45138888886179,-122.22888888884405,41.297139624122146,MIMIC,ROUTE_KaiserFoundationHospitalRedwoodCity,0.4329780881088674,12.476666666666667,ROUTE_SequoiaHospital,0.42658874986336465,10.808333333333334,ROUTE_KaiserFoundationHospitalRedwoodCity,0.4329780881088674,12.476666666666667,ROUTE_SequoiaHospital,0.42658874986336465,10.808333333333334
37.88388888886214,-122.300277777733,260.5083026023281,HEMORRHAGIC,ROUTE_KaiserFoundationHospitalRichmondCampus,0.32734294144,13.348333333333333,ROUTE_KaiserFoundationHospitalRichmondCampus,0.32734294144,13.348333333333333,ROUTE_CPMCDaviesCampusSutter,0.32734294144,30.16166666666667,ROUTE_KaiserFoundationHospitalRichmondCampus,0.32734294144,13.348333333333333
37.67138888886197,-122.10138888884396,90.70136581802173,NLVO,ROUTE_SutterEdenMedicalCenter,0.42165942375148757,11.263333333333332,ROUTE_StRoseHospital,0.32734294144,9.173333333333334,ROUTE_SutterEdenMedicalCenter,0.42165942375148757,11.263333333333332,ROUTE_SutterEdenMedicalCenter,0.42165942375148757,11.263333333333332
37.771944444417606,-122.42388888884422,170.0354998129651,LVO,ROUTE_CPMCDaviesCampusSutter,0.4050782252027102,4.180000000000001,ROUTE_CPMCDaviesCampusSutter,0.4050782252027102,4.180000000000001,ROUTE_CPMCDaviesCampusSutter,0.4050782252027102,4.180000000000001,ROUTE_CPMCDaviesCampusSutter,0.4050782252027102,4.180000000000001
37.52277777775074,-122.3344444443997,75.66031474956341,HEMORRHAGIC,ROUTE_MillsPeninsulaMedicalCenterSutter,0.42456091527270406,13.870000000000001,ROUTE_SanMateoMedicalCenter,0.3356130268944936,8.110000000000001,ROUTE_MillsPeninsulaMedicalCenterSutter,0.42456091527270406,13.870000000000001,ROUTE_MillsPeninsulaMedicalCenterSutter,0.42456091527270406,13.870000000000001
37.983055555528885,-122.06972222217726,123.01437846186356,NLVO,ROUTE_JohnMuirMedicalCenterWalnutCreekCampus,0.4135917652035349,13.84,ROUTE_JohnMuirMedicalCenterConcordCampus,0.3515167908189731,9.133333333333333,ROUTE_JohnMuirMedicalCenterWalnutCreekCampus,0.4135917652035349,13.84,ROUTE_JohnMuirMedicalCenterConcordCampus,0.3515167908189731,9.133333333333333
38.24361111108465,-122.60749999995546,59.021477006845046,HEMORRHAGIC,ROUTE_UCSFMedicalCenter,0.41731935605176373,61.651666666666664,ROUTE_PetalumaValleyHospitalProvidence,0.36408417855255437,7.488333333333333,ROUTE_UCSFMedicalCenter,0.41731935605176373,61.651666666666664,ROUTE_PetalumaValleyHospitalProvidence,0.36408417855255437,7.488333333333333
37.91944444441772,-122.3116666666219,164.58015633702536,HEMORRHAGIC,ROUTE_CPMCDaviesCampusSutter,0.3399504499154534,31.136666666666667,ROUTE_KaiserFoundationHospitalRichmondCampus,0.34336257626347333,12.04,ROUTE_CPMCDaviesCampusSutter,0.3399504499154534,31.136666666666667,ROUTE_KaiserFoundationHospitalRichmondCampus,0.34336257626347333,12.04
37.85611111108434,-122.24388888884407,106.69023029778283,HEMORRHAGIC,ROUTE_SutterEdenMedicalCenter,0.4151220522687921,23.508333333333333,ROUTE_AltaBatesSummitMedicalCenterAltaBatesCampus,0.32734294144,4.236666666666666,ROUTE_SutterEdenMedicalCenter,0.4151220522687921,23.508333333333333,ROUTE_AltaBatesSummitMedicalCenterSummitCampus,0.35414111369575996,11.473333333333333
38.30472222219581,-122.30222222217745,67.20172764806438,LVO,ROUTE_JohnMuirMedicalCenterWalnutCreekCampus,0.4180610959785982,50.265,ROUTE_ProvidenceQueenOfTheValleyMedicalCenter,0.36276313300296764,6.055000000000001,ROUTE_JohnMuirMedicalCenterWalnutCreekCampus,0.4180610959785982,50.265,ROUTE_ProvidenceQueenOfTheValleyMedicalCenter,0.36276313300296764,6.055000000000001
37.74777777775092,-122.16694444439956,101.44617404658406,LVO,ROUTE_SutterEdenMedicalCenter,0.4183994177366264,14.558333333333334,ROUTE_SanLeandroHospitalAlamedaHealthSystem,0.32734294144,12.376666666666667,ROUTE_SutterEdenMedicalCenter,0.4183994177366264,14.558333333333334,ROUTE_HighlandHospitalWilmaChanCampus,0.3548096895435598,13.18
37.68944444441754,-122.07388888884392,147.76949822661527,LVO,ROUTE_SutterEdenMedicalCenter,0.40985307072250476,5.42,ROUTE_SutterEdenMedicalCenter,0.40985307072250476,5.42,ROUTE_SutterEdenMedicalCenter,0.40985307072250476,5.42,ROUTE_SutterEdenMedicalCenter,0.40985307072250476,5.42
37.48805555552849,-122.25583333328852,169.22368229343994,LVO,ROUTE_KaiserFoundationHospitalRedwoodCity,0.34266725347386107,11.263333333333332,ROUTE_SequoiaHospital,0.34389121343046725,4.465,ROUTE_KaiserFoundationHospitalRedwoodCity,0.34266725347386107,11.263333333333332,ROUTE_SequoiaHospital,0.34389121343046725,4.465
38.00083333330668,-122.13499999995508,133.5789626896995,LVO,ROUTE_JohnMuirMedicalCenterWalnutCreekCampus,0.4096625337321068,20.445,ROUTE_ContraCostaRegionalMedicalCenter,0.32734294144,3.631666666666667,ROUTE_JohnMuirMedicalCenterWalnutCreekCampus,0.4096625337321068,20.445,ROUTE_JohnMuirMedicalCenterConcordCampus,0.34885667261028946,12.903333333333334
37.66999999997308,-122.47638888884426,156.79032221466719,LVO,ROUTE_MillsPeninsulaMedicalCenterSutter,0.4056403528317856,14.94,ROUTE_AHMCSetonMedicalCenter,0.3463170582907542,3.5316666666666667,ROUTE_MillsPeninsulaMedicalCenterSutter,0.4056403528317856,14.94,ROUTE_AHMCSetonMedicalCenter,0.3463170582907542,3.5316666666666667
37.67555555552864,-122.48249999995537,61.63137066703019,LVO,ROUTE_MillsPeninsulaMedicalCenterSutter,0.42708523001716886,17.126666666666665,ROUTE_AHMCSetonMedicalCenter,0.42316580008874405,3.368333333333333,ROUTE_MillsPeninsulaMedicalCenterSutter,0.42708523001716886,17.126666666666665,ROUTE_AHMCSetonMedicalCenter,0.42316580008874405,3.368333333333333
38.25916666664022,-122.0072222221772,250.38244479818468,LVO,ROUTE_NorthBayMedicalCenter,0.32734294144,11.471666666666666,ROUTE_NorthBayMedicalCenter,0.32734294144,11.471666666666666,ROUTE_JohnMuirMedicalCenterWalnutCreekCampus,0.32734294144,47.11666666666667,ROUTE_NorthBayMedicalCenter,0.32734294144,11.471666666666666
37.785833333306506,-122.41222222217753,134.06881130062823,HEMORRHAGIC,ROUTE_CPMCDaviesCampusSutter,0.41189314675147826,10.193333333333333,ROUTE_UCSFHealthHydeHospital,0.3506405218367133,2.783333333333333,ROUTE_CPMCDaviesCampusSutter,0.41189314675147826,10.193333333333333,ROUTE_UCSFHealthHydeHospital,0.3506405218367133,2.783333333333333
37.702222222195324,-122.4530555555109,68.92293237224463,LVO,ROUTE_CPMCDaviesCampusSutter,0.4258521177192419,15.091666666666667,ROUTE_CPMCMissionBernalCampusSutter,0.4206911769026014,8.821666666666665,ROUTE_CPMCDaviesCampusSutter,0.4258521177192419,15.091666666666667,ROUTE_CPMCMissionBernalCampusSutter,0.4206911769026014,8.821666666666665
37.486944444417375,-122.26055555551075,202.98538465292188,HEMORRHAGIC,ROUTE_SequoiaHospital,0.3380447236849269,3.5300000000000002,ROUTE_SequoiaHospital,0.3380447236849269,3.5300000000000002,ROUTE_KaiserFoundationHospitalRedwoodCity,0.3367370746650323,10.996666666666666,ROUTE_SequoiaHospital,0.3380447236849269,3.5300000000000002
37.76333333330649,-122.20083333328847,214.76687898020984,HEMORRHAGIC,ROUTE_HighlandHospitalWilmaChanCampus,0.32734294144,10.526666666666667,ROUTE_HighlandHospitalWilmaChanCampus,0.32734294144,10.526666666666667,ROUTE_SutterEdenMedicalCenter,0.32734294144,17.975,ROUTE_HighlandHospitalWilmaChanCampus,0.32734294144,10.526666666666667
37.783611111084284,-122.22027777773293,221.93259668354895,HEMORRHAGIC,ROUTE_HighlandHospitalWilmaChanCampus,0.32734294144,5.739999999999999,ROUTE_HighlandHospitalWilmaChanCampus,0.32734294144,5.739999999999999,ROUTE_SutterEdenMedicalCenter,0.32734294144,18.58833333333333,ROUTE_HighlandHospitalWilmaChanCampus,0.32734294144,5.739999999999999
37.759999999973154,-122.4986111110665,30.8629669633204,LVO,ROUTE_UCSFMedicalCenter,0.4364673494573459,8.218333333333334,ROUTE_UCSFMedicalCenter,0.4364673494573459,8.218333333333334,ROUTE_UCSFMedicalCenter,0.4364673494573459,8.218333333333334,ROUTE_UCSFMedicalCenter,0.4364673494573459,8.218333333333334
38.4336111110848,-121.8330555555104,57.464505015880086,NLVO,ROUTE_JohnMuirMedicalCenterWalnutCreekCampus,0.41706659230628496,64.30333333333333,ROUTE_KaiserFoundationHospitalVacaville,0.36245439837655646,17.373333333333335,ROUTE_JohnMuirMedicalCenterWalnutCreekCampus,0.41706659230628496,64.30333333333333,ROUTE_KaiserFoundationHospitalVacaville,0.36245439837655646,17.373333333333335
37.375833333306176,-122.02416666662167,207.42173219596296,LVO,ROUTE_KaiserFoundationHospitalSantaClara,0.3357611771547652,12.163333333333332,ROUTE_KaiserFoundationHospitalSantaClara,0.3357611771547652,12.163333333333332,ROUTE_KaiserFoundationHospitalSantaClara,0.3357611771547652,12.163333333333332,ROUTE_KaiserFoundationHospitalSantaClara,0.3357611771547652,12.163333333333332
37.736944444417574,-122.4227777777331,96.7033523823254,LVO,ROUTE_CPMCDaviesCampusSutter,0.4205780603374236,9.91,ROUTE_CPMCMissionBernalCampusSutter,0.35752730845226366,3.6383333333333336,ROUTE_CPMCDaviesCampusSutter,0.4205780603374236,9.91,ROUTE_CPMCMissionBernalCampusSutter,0.35752730845226366,3.6383333333333336
37.894166666639926,-122.11138888884396,103.59376414157641,LVO,ROUTE_JohnMuirMedicalCenterWalnutCreekCampus,0.41874376800205365,10.925,ROUTE_KaiserFoundationHospitalWalnutCreek,0.3552601237982153,8.653333333333334,ROUTE_JohnMuirMedicalCenterWalnutCreekCampus,0.41874376800205365,10.925,ROUTE_KaiserFoundationHospitalWalnutCreek,0.3552601237982153,8.653333333333334
37.787777777750954,-122.41194444439975,84.61978026469984,HEMORRHAGIC,ROUTE_CPMCDaviesCampusSutter,0.42330885386460104,10.268333333333334,ROUTE_UCSFHealthHydeHospital,0.36015447170789155,2.0616666666666665,ROUTE_CPMCDaviesCampusSutter,0.42330885386460104,10.268333333333334,ROUTE_UCSFHealthHydeHospital,0.36015447170789155,2.0616666666666665
37.56444444441744,-122.34805555551081,233.73498061464812,LVO,ROUTE_MillsPeninsulaMedicalCenterSutter,0.32734294144,11.604999999999999,ROUTE_MillsPeninsulaMedicalCenterSutter,0.32734294144,11.604999999999999,ROUTE_MillsPeninsulaMedicalCenterSutter,0.32734294144,11.604999999999999,ROUTE_MillsPeninsulaMedicalCenterSutter,0.32734294144,11.604999999999999
37.78833333330651,-122.45527777773313,156.29026742888078,LVO,ROUTE_CPMCDaviesCampusSutter,0.40707442665607463,9.111666666666668,ROUTE_KaiserFoundationHospitalSanFrancisco,0.34629431979308595,4.156666666666667,ROUTE_CPMCDaviesCampusSutter,0.40707442665607463,9.111666666666668,ROUTE_KaiserFoundationHospitalSanFrancisco,0.34629431979308595,4.156666666666667
37.776111111084276,-122.40416666662198,135.76130206608542,LVO,ROUTE_CPMCDaviesCampusSutter,0.41194191632536686,8.288333333333334,ROUTE_UCSFHealthHydeHospital,0.34963391317563675,6.516666666666667,ROUTE_CPMCDaviesCampusSutter,0.41194191632536686,8.288333333333334,ROUTE_UCSFHealthHydeHospital,0.34963391317563675,6.516666666666667
37.758611111084264,-122.1930555555107,252.3494220890732,LVO,ROUTE_HighlandHospitalWilmaChanCampus,0.32734294144,11.014999999999999,ROUTE_HighlandHospitalWilmaChanCampus,0.32734294144,11.014999999999999,ROUTE_SutterEdenMedicalCenter,0.32734294144,17.583333333333332,ROUTE_HighlandHospitalWilmaChanCampus,0.32734294144,11.014999999999999
37.5333333333063,-121.9872222221772,218.16202167941006,LVO,ROUTE_KaiserFoundationHospitalFremont,0.32734294144,7.725,ROUTE_KaiserFoundationHospitalFremont,0.32734294144,7.725,ROUTE_RegionalMedicalCenterOfSanJose,0.32734294144,24.645,ROUTE_KaiserFoundationHospitalFremont,0.32734294144,7.725
37.727499999973126,-122.38666666662196,254.64887980480162,HEMORRHAGIC,ROUTE_ZuckerbergSanFranciscoGeneralHospital,0.32734294144,11.360000000000001,ROUTE_ZuckerbergSanFranciscoGeneralHospital,0.32734294144,11.360000000000001,ROUTE_CPMCDaviesCampusSutter,0.32734294144,17.216666666666665,ROUTE_ZuckerbergSanFranciscoGeneralHospital,0.32734294144,11.360000000000001
37.92833333330662,-121.71777777773254,30.368750306772966,HEMORRHAGIC,ROUTE_JohnMuirMedicalCenterWalnutCreekCampus,0.42930492056119574,38.95166666666667,ROUTE_KaiserFoundationHospitalAntioch,0.42669862218905885,13.426666666666668,ROUTE_JohnMuirMedicalCenterWalnutCreekCampus,0.42930492056119574,38.95166666666667,ROUTE_KaiserFoundationHospitalAntioch,0.42669862218905885,13.426666666666668
37.721666666639784,-122.39472222217752,115.55941905073522,LVO,ROUTE_MillsPeninsulaMedicalCenterSutter,0.41496043192056875,15.341666666666667,ROUTE_CPMCMissionBernalCampusSutter,0.35257621927335503,10.925,ROUTE_MillsPeninsulaMedicalCenterSutter,0.41496043192056875,15.341666666666667,ROUTE_CPMCMissionBernalCampusSutter,0.35257621927335503,10.925
37.9752777777511,-121.7144444443992,186.28449701136375,LVO,ROUTE_KaiserFoundationHospitalAntioch,0.33911885551495624,14.131666666666666,ROUTE_KaiserFoundationHospitalAntioch,0.33911885551495624,14.131666666666666,ROUTE_JohnMuirMedicalCenterWalnutCreekCampus,0.3352231783675889,36.4,ROUTE_KaiserFoundationHospitalAntioch,0.33911885551495624,14.131666666666666
37.79027777775095,-121.92472222217715,251.089625807361,HEMORRHAGIC,ROUTE_SanRamonRegionalMedicalCenter,0.32734294144,9.333333333333334,ROUTE_SanRamonRegionalMedicalCenter,0.32734294144,9.333333333333334,ROUTE_JohnMuirMedicalCenterWalnutCreekCampus,0.32734294144,23.89,ROUTE_SanRamonRegionalMedicalCenter,0.32734294144,9.333333333333334
37.36138888886172,-122.04222222217724,233.72626218589383,NLVO,ROUTE_KaiserFoundationHospitalSantaClara,0.32734294144,12.56,ROUTE_KaiserFoundationHospitalSantaClara,0.32734294144,12.56,ROUTE_KaiserFoundationHospitalSantaClara,0.32734294144,12.56,ROUTE_KaiserFoundationHospitalSantaClara,0.32734294144,12.56
38.242777777751314,-122.03583333328835,81.51853482994002,HEMORRHAGIC,ROUTE_JohnMuirMedicalCenterWalnutCreekCampus,0.4168440735083455,41.21333333333334,ROUTE_NorthBayMedicalCenter,0.35927995701886745,9.695,ROUTE_JohnMuirMedicalCenterWalnutCreekCampus,0.4168440735083455,41.21333333333334,ROUTE_NorthBayMedicalCenter,0.35927995701886745,9.695
37.69583333330643,-122.49361111106649,180.40404957277477,HEMORRHAGIC,ROUTE_CPMCDaviesCampusSutter,0.33921148401341,19.488333333333333,ROUTE_AHMCSetonMedicalCenter,0.3414383396503679,6.948333333333333,ROUTE_CPMCDaviesCampusSutter,0.33921148401341,19.488333333333333,ROUTE_AHMCSetonMedicalCenter,0.3414383396503679,6.948333333333333
37.97305555552888,-122.02305555551055,204.24923754029376,LVO,ROUTE_JohnMuirMedicalCenterConcordCampus,0.3375915339015078,4.848333333333333,ROUTE_JohnMuirMedicalCenterConcordCampus,0.3375915339015078,4.848333333333333,ROUTE_JohnMuirMedicalCenterWalnutCreekCampus,0.3358357044080424,14.906666666666666,ROUTE_JohnMuirMedicalCenterConcordCampus,0.3375915339015078,4.848333333333333
37.69638888886199,-121.8672222221771,158.12777138334383,HEMORRHAGIC,ROUTE_SutterEdenMedicalCenter,0.4040192357690037,20.776666666666664,ROUTE_StanfordHealthCareTriValley,0.3454515969763799,6.946666666666667,ROUTE_SutterEdenMedicalCenter,0.4040192357690037,20.776666666666664,ROUTE_StanfordHealthCareTriValley,0.3454515969763799,6.946666666666667
37.40527777775065,-122.10777777773285,252.3517923656099,LVO,ROUTE_ElCaminoHealthMountainView,0.32734294144,15.941666666666666,ROUTE_ElCaminoHealthMountainView,0.32734294144,15.941666666666666,ROUTE_ElCaminoHealthMountainView,0.32734294144,15.941666666666666,ROUTE_ElCaminoHealthMountainView,0.32734294144,15.941666666666666
37.40138888886175,-122.07138888884393,199.0698972554076,LVO,ROUTE_ElCaminoHealthMountainView,0.3377214764360324,9.286666666666667,ROUTE_ElCaminoHealthMountainView,0.3377214764360324,9.286666666666667,ROUTE_ElCaminoHealthMountainView,0.3377214764360324,9.286666666666667,ROUTE_ElCaminoHealthMountainView,0.3377214764360324,9.286666666666667
37.758055555528706,-122.47472222217759,57.774746110350534,LVO,ROUTE_UCSFMedicalCenter,0.4309303791532042,4.655,ROUTE_UCSFMedicalCenter,0.4309303791532042,4.655,ROUTE_UCSFMedicalCenter,0.4309303791532042,4.655,ROUTE_UCSFMedicalCenter,0.4309303791532042,4.655
37.79166666663984,-122.44499999995534,111.5901920375297,LVO,ROUTE_CPMCDaviesCampusSutter,0.4175061615771624,8.275,ROUTE_KaiserFoundationHospitalSanFrancisco,0.3546177142270905,4.05,ROUTE_CPMCDaviesCampusSutter,0.4175061615771624,8.275,ROUTE_KaiserFoundationHospitalSanFrancisco,0.3546177142270905,4.05
37.76333333330649,-122.4213888888442,66.44585219951114,LVO,ROUTE_CPMCDaviesCampusSutter,0.42879861703277244,5.025,ROUTE_CPMCMissionBernalCampusSutter,0.42234239439747984,4.276666666666667,ROUTE_CPMCDaviesCampusSutter,0.42879861703277244,5.025,ROUTE_CPMCMissionBernalCampusSutter,0.42234239439747984,4.276666666666667
37.54444444441742,-121.9694444443994,236.60674783766328,MIMIC,ROUTE_KaiserFoundationHospitalFremont,0.32734294144,4.38,ROUTE_KaiserFoundationHospitalFremont,0.32734294144,4.38,ROUTE_RegionalMedicalCenterOfSanJose,0.32734294144,25.216666666666665,ROUTE_KaiserFoundationHospitalFremont,0.32734294144,4.38
37.68027777775087,-121.9177777777327,87.45285763346027,NLVO,ROUTE_SutterEdenMedicalCenter,0.420480076940208,19.581666666666667,ROUTE_StanfordHealthCareTriValley,0.3585294014926062,7.661666666666666,ROUTE_SutterEdenMedicalCenter,0.420480076940208,19.581666666666667,ROUTE_StanfordHealthCareTriValley,0.3585294014926062,7.661666666666666
37.97833333330666,-122.03333333328834,200.451756877843,LVO,ROUTE_JohnMuirMedicalCenterConcordCampus,0.33879088524809536,1.8233333333333335,ROUTE_JohnMuirMedicalCenterConcordCampus,0.33879088524809536,1.8233333333333335,ROUTE_JohnMuirMedicalCenterWalnutCreekCampus,0.33674282929306065,13.496666666666666,ROUTE_JohnMuirMedicalCenterConcordCampus,0.33879088524809536,1.8233333333333335
37.80305555552874,-122.40694444439976,74.47388772261705,HEMORRHAGIC,ROUTE_CPMCDaviesCampusSutter,0.4248583926519107,13.785,ROUTE_ChineseHospital,0.36162691568431643,4.613333333333333,ROUTE_CPMCDaviesCampusSutter,0.4248583926519107,13.785,ROUTE_ChineseHospital,0.36162691568431643,4.613333333333333
37.84944444441767,-122.28499999995522,97.21979916247702,HEMORRHAGIC,ROUTE_JohnMuirMedicalCenterWalnutCreekCampus,0.4165160963692412,26.93166666666667,ROUTE_AltaBatesSummitMedicalCenterAltaBatesCampus,0.32734294144,7.11,ROUTE_JohnMuirMedicalCenterWalnutCreekCampus,0.4165160963692412,26.93166666666667,ROUTE_KaiserFoundationHospitalOaklandRichmond,0.3562231396746623,9.956666666666667
37.85694444441767,-122.4847222221776,175.60658644237822,LVO,ROUTE_UCSFMedicalCenter,0.3396152932017464,22.001666666666665,ROUTE_KaiserFoundationHospitalSanFrancisco,0.34018601240677543,18.78166666666667,ROUTE_UCSFMedicalCenter,0.3396152932017464,22.001666666666665,ROUTE_KaiserFoundationHospitalSanFrancisco,0.34018601240677543,18.78166666666667
37.677222222195304,-122.0488888888439,174.58096655028706,HEMORRHAGIC,ROUTE_SutterEdenMedicalCenter,0.3413752917506959,13.125,ROUTE_SutterEdenMedicalCenter,0.3413752917506959,13.125,ROUTE_SutterEdenMedicalCenter,0.3413752917506959,13.125,ROUTE_SutterEdenMedicalCenter,0.3413752917506959,13.125
38.177499999973485,-122.2433333332885,146.3186400625828,HEMORRHAGIC,ROUTE_JohnMuirMedicalCenterWalnutCreekCampus,0.3422158262616368,36.68666666666666,ROUTE_KaiserFoundationHospitalVallejo,0.34731256140206906,8.56,ROUTE_JohnMuirMedicalCenterWalnutCreekCampus,0.3422158262616368,36.68666666666666,ROUTE_KaiserFoundationHospitalVallejo,0.34731256140206906,8.56
37.59027777775079,-122.4769444443998,107.93130365036681,LVO,ROUTE_MillsPeninsulaMedicalCenterSutter,0.41436089976877827,25.575,ROUTE_AHMCSetonMedicalCenter,0.352696529452363,17.91166666666667,ROUTE_MillsPeninsulaMedicalCenterSutter,0.41436089976877827,25.575,ROUTE_AHMCSetonMedicalCenter,0.352696529452363,17.91166666666667
37.45416666663957,-122.15972222217734,258.37918480216933,NLVO,ROUTE_StanfordHealthCare,0.32734294144,9.248333333333333,ROUTE_StanfordHealthCare,0.32734294144,9.248333333333333,ROUTE_StanfordHealthCare,0.32734294144,9.248333333333333,ROUTE_StanfordHealthCare,0.32734294144,9.248333333333333
37.96666666663998,-122.25833333328852,127.23001173700928,HEMORRHAGIC,ROUTE_JohnMuirMedicalCenterWalnutCreekCampus,0.4080576885663693,33.843333333333334,ROUTE_KaiserFoundationHospitalRichmondCampus,0.3481566395497338,23.053333333333335,ROUTE_JohnMuirMedicalCenterWalnutCreekCampus,0.4080576885663693,33.843333333333334,ROUTE_KaiserFoundationHospitalRichmondCampus,0.3481566395497338,23.053333333333335
37.536388888861865,-122.26527777773298,249.46592137593564,HEMORRHAGIC,ROUTE_SanMateoMedicalCenter,0.32734294144,13.368333333333334,ROUTE_SanMateoMedicalCenter,0.32734294144,13.368333333333334,ROUTE_MillsPeninsulaMedicalCenterSutter,0.32734294144,18.333333333333332,ROUTE_MillsPeninsulaMedicalCenterSutter,0.32734294144,18.333333333333332
37.37611111108396,-122.04416666662169,89.03665335460354,MIMIC,ROUTE_ElCaminoHealthMountainView,0.42205004031630683,11.25,ROUTE_ElCaminoHealthMountainView,0.42205004031630683,11.25,ROUTE_ElCaminoHealthMountainView,0.42205004031630683,11.25,ROUTE_ElCaminoHealthMountainView,0.42205004031630683,11.25
37.74861111108425,-122.50388888884427,97.3037848693413,NLVO,ROUTE_UCSFMedicalCenter,0.42013000465930056,11.238333333333333,ROUTE_UCSFMedicalCenter,0.42013000465930056,11.238333333333333,ROUTE_UCSFMedicalCenter,0.42013000465930056,11.238333333333333,ROUTE_UCSFMedicalCenter,0.42013000465930056,11.238333333333333
37.5233333333063,-121.9530555555105,178.9223638608097,LVO,ROUTE_RegionalMedicalCenterOfSanJose,0.3392457326865388,20.776666666666664,ROUTE_KaiserFoundationHospitalFremont,0.3410474128383371,10.621666666666666,ROUTE_RegionalMedicalCenterOfSanJose,0.3392457326865388,20.776666666666664,ROUTE_KaiserFoundationHospitalFremont,0.3410474128383371,10.621666666666666
37.69444444441754,-122.48499999995538,77.39668277881051,MIMIC,ROUTE_CPMCDaviesCampusSutter,0.4230252967986225,18.706666666666667,ROUTE_AHMCSetonMedicalCenter,0.36062895988628635,6.833333333333333,ROUTE_CPMCDaviesCampusSutter,0.4230252967986225,18.706666666666667,ROUTE_AHMCSetonMedicalCenter,0.36062895988628635,6.833333333333333
37.459999999972915,-122.27166666662187,82.45978852388573,LVO,ROUTE_KaiserFoundationHospitalRedwoodCity,0.4223300746627797,16.625,ROUTE_SequoiaHospital,0.3587153864102282,11.686666666666667,ROUTE_KaiserFoundationHospitalRedwoodCity,0.4223300746627797,16.625,ROUTE_SequoiaHospital,0.3587153864102282,11.686666666666667
37.93499999997329,-121.70277777773252,126.83027926679628,NLVO,ROUTE_JohnMuirMedicalCenterWalnutCreekCampus,0.40658958516877186,40.71,ROUTE_KaiserFoundationHospitalAntioch,0.3498111016733533,14.491666666666667,ROUTE_JohnMuirMedicalCenterWalnutCreekCampus,0.40658958516877186,40.71,ROUTE_KaiserFoundationHospitalAntioch,0.3498111016733533,14.491666666666667
37.97861111108444,-122.07999999995505,213.34509573398552,HEMORRHAGIC,ROUTE_JohnMuirMedicalCenterConcordCampus,0.32734294144,11.796666666666665,ROUTE_JohnMuirMedicalCenterConcordCampus,0.32734294144,11.796666666666665,ROUTE_JohnMuirMedicalCenterWalnutCreekCampus,0.32734294144,16.378333333333334,ROUTE_JohnMuirMedicalCenterConcordCampus,0.32734294144,11.796666666666665
37.780277777750946,-122.42111111106644,211.9505495517473,LVO,ROUTE_CPMCVanNessCampusSutter,0.33669081485158076,2.296666666666667,ROUTE_CPMCVanNessCampusSutter,0.33669081485158076,2.296666666666667,ROUTE_CPMCDaviesCampusSutter,0.3359556820193141,6.515,ROUTE_CPMCVanNessCampusSutter,0.33669081485158076,2.296666666666667
37.82861111108432,-122.23166666662183,233.1622102209168,HEMORRHAGIC,ROUTE_KaiserFoundationHospitalOaklandRichmond,0.32734294144,6.613333333333333,ROUTE_KaiserFoundationHospitalOaklandRichmond,0.32734294144,6.613333333333333,ROUTE_SutterEdenMedicalCenter,0.32734294144,21.043333333333333,ROUTE_KaiserFoundationHospitalOaklandRichmond,0.32734294144,6.613333333333333
37.4499999999729,-122.20666666662181,128.8721465171742,NLVO,ROUTE_KaiserFoundationHospitalRedwoodCity,0.4123087601449657,13.575,ROUTE_KaiserFoundationHospitalRedwoodCity,0.4123087601449657,13.575,ROUTE_KaiserFoundationHospitalRedwoodCity,0.4123087601449657,13.575,ROUTE_KaiserFoundationHospitalRedwoodCity,0.4123087601449657,13.575
37.89166666663992,-122.27138888884409,227.91139836209794,LVO,ROUTE_AltaBatesSummitMedicalCenterAltaBatesCampus,0.32734294144,11.865,ROUTE_AltaBatesSummitMedicalCenterAltaBatesCampus,0.32734294144,11.865,ROUTE_JohnMuirMedicalCenterWalnutCreekCampus,0.32734294144,31.865000000000002,ROUTE_KaiserFoundationHospitalRichmondCampus,0.32734294144,18.96333333333333
37.738333333306464,-122.38805555551085,180.94667221541397,LVO,ROUTE_CPMCDaviesCampusSutter,0.34006186352002715,14.141666666666667,ROUTE_ZuckerbergSanFranciscoGeneralHospital,0.3410377065470216,8.651666666666667,ROUTE_CPMCDaviesCampusSutter,0.34006186352002715,14.141666666666667,ROUTE_ZuckerbergSanFranciscoGeneralHospital,0.3410377065470216,8.651666666666667
37.94611111108441,-122.53166666662207,72.54462418771523,HEMORRHAGIC,ROUTE_UCSFMedicalCenter,0.42035068727139385,35.04666666666667,ROUTE_MarinHealthMedicalCenter,0.3621153784721848,4.033333333333333,ROUTE_UCSFMedicalCenter,0.42035068727139385,35.04666666666667,ROUTE_MarinHealthMedicalCenter,0.3621153784721848,4.033333333333333
37.502222222195165,-122.46666666662202,48.29447776287928,LVO,ROUTE_MillsPeninsulaMedicalCenterSutter,0.4259470301616689,35.315000000000005,ROUTE_SanMateoMedicalCenter,0.33567736969158657,35.105000000000004,ROUTE_MillsPeninsulaMedicalCenterSutter,0.4259470301616689,35.315000000000005,ROUTE_MillsPeninsulaMedicalCenterSutter,0.4259470301616689,35.315000000000005
37.98472222219555,-122.24611111106628,110.82067195579882,NLVO,ROUTE_JohnMuirMedicalCenterWalnutCreekCampus,0.4103383026430122,40.24166666666667,ROUTE_KaiserFoundationHospitalRichmondCampus,0.3506113262801101,26.188333333333333,ROUTE_JohnMuirMedicalCenterWalnutCreekCampus,0.4103383026430122,40.24166666666667,ROUTE_KaiserFoundationHospitalRichmondCampus,0.3506113262801101,26.188333333333333
37.692499999973094,-121.88666666662157,213.0297314169486,LVO,ROUTE_StanfordHealthCareTriValley,0.3361814142155574,4.138333333333334,ROUTE_StanfordHealthCareTriValley,0.3361814142155574,4.138333333333334,ROUTE_SutterEdenMedicalCenter,0.32734294144,20.08,ROUTE_StanfordHealthCareTriValley,0.3361814142155574,4.138333333333334
37.87722222219547,-122.287777777733,263.7161910290671,HEMORRHAGIC,ROUTE_AltaBatesSummitMedicalCenterAltaBatesCampus,0.32734294144,11.046666666666665,ROUTE_AltaBatesSummitMedicalCenterAltaBatesCampus,0.32734294144,11.046666666666665,ROUTE_CPMCDaviesCampusSutter,0.32734294144,31.191666666666666,ROUTE_KaiserFoundationHospitalRichmondCampus,0.32734294144,15.25
37.733611111084244,-122.44083333328867,70.82007913895292,MIMIC,ROUTE_UCSFMedicalCenter,0.4262827482894721,11.358333333333333,ROUTE_CPMCMissionBernalCampusSutter,0.4208942543582084,6.0600000000000005,ROUTE_UCSFMedicalCenter,0.4262827482894721,11.358333333333333,ROUTE_CPMCMissionBernalCampusSutter,0.4208942543582084,6.0600000000000005
37.78833333330651,-122.41555555551088,117.20974525885237,LVO,ROUTE_CPMCDaviesCampusSutter,0.41594967398677823,9.396666666666667,ROUTE_UCSFHealthHydeHospital,0.3540086561767774,1.6566666666666667,ROUTE_CPMCDaviesCampusSutter,0.41594967398677823,9.396666666666667,ROUTE_UCSFHealthHydeHospital,0.3540086561767774,1.6566666666666667
37.88472222219547,-122.27361111106632,245.53793866096706,LVO,ROUTE_AltaBatesSummitMedicalCenterAltaBatesCampus,0.32734294144,11.088333333333333,ROUTE_AltaBatesSummitMedicalCenterAltaBatesCampus,0.32734294144,11.088333333333333,ROUTE_SutterEdenMedicalCenter,0.32734294144,33.7,ROUTE_KaiserFoundationHospitalOaklandRichmond,0.32734294144,17.008333333333333
37.99916666664001,-122.25694444439964,36.35708361920553,HEMORRHAGIC,ROUTE_JohnMuirMedicalCenterWalnutCreekCampus,0.42979009144650565,30.904999999999998,ROUTE_ContraCostaRegionalMedicalCenter,0.4034572053299071,17.858333333333334,ROUTE_JohnMuirMedicalCenterWalnutCreekCampus,0.42979009144650565,30.904999999999998,ROUTE_KaiserFoundationHospitalRichmondCampus,0.3659428842459814,20.716666666666665
37.773333333306496,-122.48527777773315,116.60024510189007,HEMORRHAGIC,ROUTE_UCSFMedicalCenter,0.4165627338983965,7.35,ROUTE_UCSFHealthStanyanHospital,0.35307783811416954,7.211666666666667,ROUTE_UCSFMedicalCenter,0.4165627338983965,7.35,ROUTE_UCSFHealthStanyanHospital,0.35307783811416954,7.211666666666667
38.00138888886223,-121.80222222217705,168.15240330811687,LVO,ROUTE_JohnMuirMedicalCenterWalnutCreekCampus,0.3396214320606577,29.421666666666667,ROUTE_SutterDeltaMedicalCenter,0.32734294144,7.3133333333333335,ROUTE_JohnMuirMedicalCenterWalnutCreekCampus,0.3396214320606577,29.421666666666667,ROUTE_KaiserFoundationHospitalAntioch,0.34254018342008463,13.043333333333333
37.795555555528736,-122.40555555551086,205.61706926208944,LVO,ROUTE_ChineseHospital,0.3379812493137817,1.26,ROUTE_ChineseHospital,0.3379812493137817,1.26,ROUTE_CPMCDaviesCampusSutter,0.33619377610243395,11.479999999999999,ROUTE_ChineseHospital,0.3379812493137817,1.26
37.94222222219552,-121.94861111106606,148.53399842126555,MIMIC,ROUTE_JohnMuirMedicalCenterWalnutCreekCampus,0.4079490309727156,13.016666666666667,ROUTE_JohnMuirMedicalCenterWalnutCreekCampus,0.4079490309727156,13.016666666666667,ROUTE_JohnMuirMedicalCenterWalnutCreekCampus,0.4079490309727156,13.016666666666667,ROUTE_JohnMuirMedicalCenterWalnutCreekCampus,0.4079490309727156,13.016666666666667
38.12666666664011,-122.21499999995515,246.53834186267423,HEMORRHAGIC,ROUTE_SutterSolanoMedicalCenter,0.32734294144,7.581666666666666,ROUTE_SutterSolanoMedicalCenter,0.32734294144,7.581666666666666,ROUTE_JohnMuirMedicalCenterWalnutCreekCampus,0.32734294144,32.413333333333334,ROUTE_SutterSolanoMedicalCenter,0.32734294144,7.581666666666666
37.715555555528674,-122.06999999995504,74.03434169217178,NLVO,ROUTE_SutterEdenMedicalCenter,0.4261422649363959,8.741666666666667,ROUTE_SutterEdenMedicalCenter,0.4261422649363959,8.741666666666667,ROUTE_SutterEdenMedicalCenter,0.4261422649363959,8.741666666666667,ROUTE_SutterEdenMedicalCenter,0.4261422649363959,8.741666666666667
37.93555555552885,-121.73916666662144,86.0295890511269,HEMORRHAGIC,ROUTE_JohnMuirMedicalCenterWalnutCreekCampus,0.4159850672026308,40.42333333333333,ROUTE_KaiserFoundationHospitalAntioch,0.3577343806934186,13.229999999999999,ROUTE_JohnMuirMedicalCenterWalnutCreekCampus,0.4159850672026308,40.42333333333333,ROUTE_KaiserFoundationHospitalAntioch,0.3577343806934186,13.229999999999999
37.713888888862,-122.1652777777329,150.90840022591192,HEMORRHAGIC,ROUTE_SutterEdenMedicalCenter,0.40747011801069494,12.75,ROUTE_KaiserFoundationHospitalSanLeandro,0.34709539397807526,5.156666666666666,ROUTE_SutterEdenMedicalCenter,0.40747011801069494,12.75,ROUTE_KaiserFoundationHospitalSanLeandro,0.34709539397807526,5.156666666666666
37.723888888862014,-122.158888888844,158.94168372261967,HEMORRHAGIC,ROUTE_SutterEdenMedicalCenter,0.4054834591812317,13.481666666666666,ROUTE_SanLeandroHospitalAlamedaHealthSystem,0.32734294144,4.581666666666666,ROUTE_SutterEdenMedicalCenter,0.4054834591812317,13.481666666666666,ROUTE_KaiserFoundationHospitalSanLeandro,0.3449863644439025,8.695
37.62888888886194,-122.09972222217729,209.4282215223513,LVO,ROUTE_KaiserFoundationHospitalSanLeandro,0.3352235149531902,13.254999999999999,ROUTE_StRoseHospital,0.32734294144,3.8316666666666666,ROUTE_SutterEdenMedicalCenter,0.33493026232238987,14.948333333333332,ROUTE_KaiserFoundationHospitalSanLeandro,0.3352235149531902,13.254999999999999
37.34555555552838,-122.0288888888439,242.53947855379508,LVO,ROUTE_KaiserFoundationHospitalSantaClara,0.32734294144,8.723333333333333,ROUTE_KaiserFoundationHospitalSantaClara,0.32734294144,8.723333333333333,ROUTE_KaiserFoundationHospitalSantaClara,0.32734294144,8.723333333333333,ROUTE_KaiserFoundationHospitalSantaClara,0.32734294144,8.723333333333333
37.97916666663999,-121.80388888884372,91.31428618809221,HEMORRHAGIC,ROUTE_JohnMuirMedicalCenterWalnutCreekCampus,0.4163760542656976,33.445,ROUTE_SutterDeltaMedicalCenter,0.3350844159127259,3.25,ROUTE_JohnMuirMedicalCenterWalnutCreekCampus,0.4163760542656976,33.445,ROUTE_KaiserFoundationHospitalAntioch,0.3577570971386873,7.826666666666667
37.701666666639774,-122.12111111106618,261.23773604937736,LVO,ROUTE_SanLeandroHospitalAlamedaHealthSystem,0.32734294144,5.636666666666667,ROUTE_SanLeandroHospitalAlamedaHealthSystem,0.32734294144,5.636666666666667,ROUTE_SutterEdenMedicalCenter,0.32734294144,9.406666666666666,ROUTE_SutterEdenMedicalCenter,0.32734294144,9.406666666666666
37.74638888886203,-122.41999999995532,52.55221294495228,LVO,ROUTE_CPMCDaviesCampusSutter,0.43131763434886083,8.238333333333333,ROUTE_CPMCMissionBernalCampusSutter,0.42639102234569953,1.035,ROUTE_CPMCDaviesCampusSutter,0.43131763434886083,8.238333333333333,ROUTE_CPMCMissionBernalCampusSutter,0.42639102234569953,1.035
38.00027777775112,-121.83416666662151,72.51128298947516,HEMORRHAGIC,ROUTE_JohnMuirMedicalCenterWalnutCreekCampus,0.42191584724370607,28.351666666666667,ROUTE_SutterDeltaMedicalCenter,0.3375012050392256,8.18,ROUTE_JohnMuirMedicalCenterWalnutCreekCampus,0.42191584724370607,28.351666666666667,ROUTE_KaiserFoundationHospitalAntioch,0.3601973601833989,13.948333333333332
38.25333333330688,-122.16833333328844,121.69042871314777,MIMIC,ROUTE_JohnMuirMedicalCenterWalnutCreekCampus,0.40795211538259596,39.84666666666667,ROUTE_NorthBayMedicalCenter,0.3503708587015733,16.613333333333333,ROUTE_JohnMuirMedicalCenterWalnutCreekCampus,0.40795211538259596,39.84666666666667,ROUTE_NorthBayMedicalCenter,0.3503708587015733,16.613333333333333
37.632777777750825,-122.42972222217755,127.5665113128842,NLVO,ROUTE_MillsPeninsulaMedicalCenterSutter,0.4130344487705183,11.715,ROUTE_KaiserFoundationHospitalSouthSanFrancisco,0.35083722753325286,8.228333333333333,ROUTE_MillsPeninsulaMedicalCenterSutter,0.4130344487705183,11.715,ROUTE_KaiserFoundationHospitalSouthSanFrancisco,0.35083722753325286,8.228333333333333
37.8174999999732,-122.25166666662184,56.95636557135582,HEMORRHAGIC,ROUTE_SutterEdenMedicalCenter,0.42736913872750215,20.59333333333333,ROUTE_KaiserFoundationHospitalOaklandRichmond,0.42387260474666927,3.731666666666667,ROUTE_SutterEdenMedicalCenter,0.42736913872750215,20.59333333333333,ROUTE_KaiserFoundationHospitalOaklandRichmond,0.42387260474666927,3.731666666666667
37.77166666663983,-122.16861111106623,110.7883292649272,NLVO,ROUTE_SutterEdenMedicalCenter,0.4159946585485701,15.623333333333333,ROUTE_HighlandHospitalWilmaChanCampus,0.35393158404534136,8.486666666666666,ROUTE_SutterEdenMedicalCenter,0.4159946585485701,15.623333333333333,ROUTE_HighlandHospitalWilmaChanCampus,0.35393158404534136,8.486666666666666
37.71222222219534,-122.06972222217726,51.37577430252379,LVO,ROUTE_SutterEdenMedicalCenter,0.4315634705434514,8.375,ROUTE_SutterEdenMedicalCenter,0.4315634705434514,8.375,ROUTE_SutterEdenMedicalCenter,0.4315634705434514,8.375,ROUTE_SutterEdenMedicalCenter,0.4315634705434514,8.375
38.06861111108451,-122.16027777773289,216.83731065647726,LVO,ROUTE_ContraCostaRegionalMedicalCenter,0.32734294144,12.071666666666665,ROUTE_ContraCostaRegionalMedicalCenter,0.32734294144,12.071666666666665,ROUTE_JohnMuirMedicalCenterWalnutCreekCampus,0.32734294144,22.886666666666667,ROUTE_SutterSolanoMedicalCenter,0.32734294144,12.936666666666667
37.532222222195195,-122.29694444439967,268.93248159461115,LVO,ROUTE_SanMateoMedicalCenter,0.32734294144,2.0900000000000003,ROUTE_SanMateoMedicalCenter,0.32734294144,2.0900000000000003,ROUTE_KaiserFoundationHospitalRedwoodCity,0.32734294144,14.898333333333333,ROUTE_KaiserFoundationHospitalRedwoodCity,0.32734294144,14.898333333333333
37.79305555552873,-122.45083333328867,256.3235334677896,LVO,ROUTE_KaiserFoundationHospitalSanFrancisco,0.32734294144,6.161666666666666,ROUTE_KaiserFoundationHospitalSanFrancisco,0.32734294144,6.161666666666666,ROUTE_CPMCDaviesCampusSutter,0.32734294144,11.021666666666667,ROUTE_KaiserFoundationHospitalSanFrancisco,0.32734294144,6.161666666666666
37.96583333330665,-122.50694444439983,81.4786781158022,LVO,ROUTE_UCSFMedicalCenter,0.41764162371145336,37.80166666666666,ROUTE_MarinHealthMedicalCenter,0.359138559884774,10.468333333333334,ROUTE_UCSFMedicalCenter,0.41764162371145336,37.80166666666666,ROUTE_MarinHealthMedicalCenter,0.359138559884774,10.468333333333334
37.73805555552869,-122.18305555551069,127.8701884312538,LVO,ROUTE_SutterEdenMedicalCenter,0.4122754534106222,14.721666666666666,ROUTE_KaiserFoundationHospitalSanLeandro,0.3506657096640217,8.846666666666666,ROUTE_SutterEdenMedicalCenter,0.4122754534106222,14.721666666666666,ROUTE_KaiserFoundationHospitalSanLeandro,0.3506657096640217,8.846666666666666
37.79916666663985,-122.20638888884403,267.55342286152313,NLVO,ROUTE_HighlandHospitalWilmaChanCampus,0.32734294144,5.458333333333333,ROUTE_HighlandHospitalWilmaChanCampus,0.32734294144,5.458333333333333,ROUTE_SutterEdenMedicalCenter,0.32734294144,17.513333333333332,ROUTE_HighlandHospitalWilmaChanCampus,0.32734294144,5.458333333333333
38.29638888886247,-121.97138888884385,240.9101938519325,LVO,ROUTE_NorthBayVacaValleyHospital,0.32734294144,13.486666666666668,ROUTE_NorthBayVacaValleyHospital,0.32734294144,13.486666666666668,ROUTE_JohnMuirMedicalCenterWalnutCreekCampus,0.32734294144,52.986666666666665,ROUTE_NorthBayVacaValleyHospital,0.32734294144,13.486666666666668
37.755277777750926,-121.9024999999549,58.3423972148899,LVO,ROUTE_SutterEdenMedicalCenter,0.42648701025866614,22.965,ROUTE_SanRamonRegionalMedicalCenter,0.3631920368073342,12.72,ROUTE_SutterEdenMedicalCenter,0.42648701025866614,22.965,ROUTE_SanRamonRegionalMedicalCenter,0.3631920368073342,12.72
37.53444444441742,-122.26722222217742,94.09434949176313,HEMORRHAGIC,ROUTE_MillsPeninsulaMedicalCenterSutter,0.4187985432335637,20.188333333333333,ROUTE_SanMateoMedicalCenter,0.32734294144,15.221666666666666,ROUTE_MillsPeninsulaMedicalCenterSutter,0.4187985432335637,20.188333333333333,ROUTE_MillsPeninsulaMedicalCenterSutter,0.4187985432335637,20.188333333333333
37.703611111084214,-122.15194444439955,246.09402749425647,NLVO,ROUTE_KaiserFoundationHospitalSanLeandro,0.32734294144,5.136666666666667,ROUTE_KaiserFoundationHospitalSanLeandro,0.32734294144,5.136666666666667,ROUTE_SutterEdenMedicalCenter,0.32734294144,14.246666666666666,ROUTE_KaiserFoundationHospitalSanLeandro,0.32734294144,5.136666666666667
37.95916666663998,-122.32083333328858,68.93682178952832,LVO,ROUTE_CPMCDaviesCampusSutter,0.42068702823763915,37.20666666666667,ROUTE_KaiserFoundationHospitalRichmondCampus,0.36077472140564676,14.54,ROUTE_CPMCDaviesCampusSutter,0.42068702823763915,37.20666666666667,ROUTE_KaiserFoundationHospitalRichmondCampus,0.36077472140564676,14.54
38.29055555552913,-122.02749999995501,220.9732961437032,LVO,ROUTE_NorthBayMedicalCenter,0.32734294144,12.504999999999999,ROUTE_NorthBayMedicalCenter,0.32734294144,12.504999999999999,ROUTE_JohnMuirMedicalCenterWalnutCreekCampus,0.32734294144,43.80333333333333,ROUTE_NorthBayMedicalCenter,0.32734294144,12.504999999999999
37.69694444441755,-122.10749999995507,83.24778371588346,HEMORRHAGIC,ROUTE_SutterEdenMedicalCenter,0.42489558436754654,4.8516666666666675,ROUTE_SutterEdenMedicalCenter,0.42489558436754654,4.8516666666666675,ROUTE_SutterEdenMedicalCenter,0.42489558436754654,4.8516666666666675,ROUTE_SutterEdenMedicalCenter,0.42489558436754654,4.8516666666666675
37.73749999997313,-121.92999999995493,42.123348587194144,LVO,ROUTE_SutterEdenMedicalCenter,0.4303531848393156,22.751666666666665,ROUTE_SanRamonRegionalMedicalCenter,0.42586178469110125,9.885,ROUTE_SutterEdenMedicalCenter,0.4303531848393156,22.751666666666665,ROUTE_SanRamonRegionalMedicalCenter,0.42586178469110125,9.885
37.678611111084194,-122.48888888884426,75.79736918322801,HEMORRHAGIC,ROUTE_MillsPeninsulaMedicalCenterSutter,0.4234078499607366,18.666666666666668,ROUTE_AHMCSetonMedicalCenter,0.36134976465689234,4.715,ROUTE_MillsPeninsulaMedicalCenterSutter,0.4234078499607366,18.666666666666668,ROUTE_AHMCSetonMedicalCenter,0.36134976465689234,4.715
38.10166666664009,-122.23305555551073,232.96335815643653,LVO,ROUTE_SutterSolanoMedicalCenter,0.32734294144,6.785,ROUTE_SutterSolanoMedicalCenter,0.32734294144,6.785,ROUTE_JohnMuirMedicalCenterWalnutCreekCampus,0.32734294144,27.118333333333332,ROUTE_SutterSolanoMedicalCenter,0.32734294144,6.785
37.985833333306665,-122.54499999995542,234.87658412209151,LVO,ROUTE_MarinHealthMedicalCenter,0.32734294144,11.879999999999999,ROUTE_MarinHealthMedicalCenter,0.32734294144,11.879999999999999,ROUTE_UCSFMedicalCenter,0.32734294144,41.515,ROUTE_MarinHealthMedicalCenter,0.32734294144,11.879999999999999
37.92999999997329,-121.68222222217695,206.95956776749514,NLVO,ROUTE_KaiserFoundationHospitalAntioch,0.3349808275849103,17.125,ROUTE_KaiserFoundationHospitalAntioch,0.3349808275849103,17.125,ROUTE_JohnMuirMedicalCenterWalnutCreekCampus,0.32734294144,43.105000000000004,ROUTE_KaiserFoundationHospitalAntioch,0.3349808275849103,17.125
37.92583333330662,-122.33666666662192,265.08180415698513,NLVO,ROUTE_KaiserFoundationHospitalRichmondCampus,0.32734294144,7.931666666666667,ROUTE_KaiserFoundationHospitalRichmondCampus,0.32734294144,7.931666666666667,ROUTE_CPMCDaviesCampusSutter,0.32734294144,32.528333333333336,ROUTE_KaiserFoundationHospitalRichmondCampus,0.32734294144,7.931666666666667
37.37249999997284,-122.06555555551058,54.056693358479926,HEMORRHAGIC,ROUTE_ElCaminoHealthMountainView,0.43057818373830814,9.865,ROUTE_ElCaminoHealthMountainView,0.43057818373830814,9.865,ROUTE_ElCaminoHealthMountainView,0.43057818373830814,9.865,ROUTE_ElCaminoHealthMountainView,0.43057818373830814,9.865
37.76305555552871,-122.42166666662199,147.31280774461285,HEMORRHAGIC,ROUTE_CPMCDaviesCampusSutter,0.4100436876842825,5.041666666666667,ROUTE_CPMCMissionBernalCampusSutter,0.3479317715999304,4.193333333333333,ROUTE_CPMCDaviesCampusSutter,0.4100436876842825,5.041666666666667,ROUTE_CPMCMissionBernalCampusSutter,0.3479317715999304,4.193333333333333
37.721944444417566,-122.4352777777331,248.4873227207383,HEMORRHAGIC,ROUTE_CPMCMissionBernalCampusSutter,0.32734294144,7.233333333333333,ROUTE_CPMCMissionBernalCampusSutter,0.32734294144,7.233333333333333,ROUTE_CPMCDaviesCampusSutter,0.32734294144,13.503333333333334,ROUTE_CPMCMissionBernalCampusSutter,0.32734294144,7.233333333333333
37.496111111084055,-122.2486111110663,148.41529770189044,MIMIC,ROUTE_KaiserFoundationHospitalRedwoodCity,0.4090607754944232,8.25,ROUTE_SequoiaHospital,0.3472647612516136,6.725,ROUTE_KaiserFoundationHospitalRedwoodCity,0.4090607754944232,8.25,ROUTE_SequoiaHospital,0.3472647612516136,6.725
37.439722222195115,-122.20666666662181,234.06363993597245,NLVO,ROUTE_StanfordHealthCare,0.32734294144,13.773333333333333,ROUTE_StanfordHealthCare,0.32734294144,13.773333333333333,ROUTE_StanfordHealthCare,0.32734294144,13.773333333333333,ROUTE_StanfordHealthCare,0.32734294144,13.773333333333333
37.726666666639794,-122.45666666662201,195.60350094779943,HEMORRHAGIC,ROUTE_UCSFMedicalCenter,0.33807539180024654,10.736666666666668,ROUTE_CPMCMissionBernalCampusSutter,0.3385098754034796,8.266666666666667,ROUTE_UCSFMedicalCenter,0.33807539180024654,10.736666666666668,ROUTE_CPMCMissionBernalCampusSutter,0.3385098754034796,8.266666666666667
38.01027777775113,-122.54805555551097,241.41611667585826,HEMORRHAGIC,ROUTE_KaiserFoundationHospitalSanRafael,0.32734294144,5.88,ROUTE_KaiserFoundationHospitalSanRafael,0.32734294144,5.88,ROUTE_UCSFMedicalCenter,0.32734294144,42.46666666666667,ROUTE_KaiserFoundationHospitalSanRafael,0.32734294144,5.88
37.82527777775098,-122.23638888884406,249.74772868767846,NLVO,ROUTE_KaiserFoundationHospitalOaklandRichmond,0.32734294144,5.638333333333334,ROUTE_KaiserFoundationHospitalOaklandRichmond,0.32734294144,5.638333333333334,ROUTE_SutterEdenMedicalCenter,0.32734294144,21.545,ROUTE_KaiserFoundationHospitalOaklandRichmond,0.32734294144,5.638333333333334
38.262222222195774,-122.02388888884389,100.29922443131694,LVO,ROUTE_JohnMuirMedicalCenterWalnutCreekCampus,0.4117697406772889,44.501666666666665,ROUTE_NorthBayMedicalCenter,0.35618690328771035,7.068333333333333,ROUTE_JohnMuirMedicalCenterWalnutCreekCampus,0.4117697406772889,44.501666666666665,ROUTE_NorthBayMedicalCenter,0.35618690328771035,7.068333333333333
37.35194444441727,-122.00888888884388,142.57601144261832,HEMORRHAGIC,ROUTE_KaiserFoundationHospitalSantaClara,0.41085530785796964,6.223333333333333,ROUTE_KaiserFoundationHospitalSantaClara,0.41085530785796964,6.223333333333333,ROUTE_KaiserFoundationHospitalSantaClara,0.41085530785796964,6.223333333333333,ROUTE_KaiserFoundationHospitalSantaClara,0.41085530785796964,6.223333333333333
37.90222222219549,-122.05444444439946,70.22642188881312,LVO,ROUTE_JohnMuirMedicalCenterWalnutCreekCampus,0.427863920694642,5.216666666666667,ROUTE_JohnMuirMedicalCenterWalnutCreekCampus,0.427863920694642,5.216666666666667,ROUTE_JohnMuirMedicalCenterWalnutCreekCampus,0.427863920694642,5.216666666666667,ROUTE_JohnMuirMedicalCenterWalnutCreekCampus,0.427863920694642,5.216666666666667
37.660555555528624,-122.40583333328864,157.86545638825714,LVO,ROUTE_MillsPeninsulaMedicalCenterSutter,0.40619844391493,11.4,ROUTE_KaiserFoundationHospitalSouthSanFrancisco,0.3451515775270958,8.860000000000001,ROUTE_MillsPeninsulaMedicalCenterSutter,0.40619844391493,11.4,ROUTE_KaiserFoundationHospitalSouthSanFrancisco,0.3451515775270958,8.860000000000001
37.88527777775103,-122.30083333328855,247.42310891507478,NLVO,ROUTE_KaiserFoundationHospitalRichmondCampus,0.32734294144,12.966666666666667,ROUTE_KaiserFoundationHospitalRichmondCampus,0.32734294144,12.966666666666667,ROUTE_CPMCDaviesCampusSutter,0.32734294144,30.2,ROUTE_KaiserFoundationHospitalRichmondCampus,0.32734294144,12.966666666666667
38.08249999997341,-122.55083333328875,136.32707849790734,HEMORRHAGIC,ROUTE_UCSFMedicalCenter,0.34205651592629954,47.56666666666667,ROUTE_NovatoCommunityHospitalSutter,0.34918126605477223,8.398333333333333,ROUTE_UCSFMedicalCenter,0.34205651592629954,47.56666666666667,ROUTE_NovatoCommunityHospitalSutter,0.34918126605477223,8.398333333333333
37.98611111108444,-122.27861111106631,252.14196814143185,LVO,ROUTE_KaiserFoundationHospitalRichmondCampus,0.32734294144,16.970000000000002,ROUTE_KaiserFoundationHospitalRichmondCampus,0.32734294144,16.970000000000002,ROUTE_JohnMuirMedicalCenterWalnutCreekCampus,0.32734294144,32.13166666666667,ROUTE_KaiserFoundationHospitalRichmondCampus,0.32734294144,16.970000000000002
37.45472222219513,-121.91749999995491,34.5217900426838,LVO,ROUTE_RegionalMedicalCenterOfSanJose,0.4337029200628577,16.193333333333335,ROUTE_OConnorHospital,0.42693469787130994,15.766666666666667,ROUTE_RegionalMedicalCenterOfSanJose,0.4337029200628577,16.193333333333335,ROUTE_OConnorHospital,0.42693469787130994,15.766666666666667
37.64583333330639,-122.43083333328866,66.21278753720777,LVO,ROUTE_MillsPeninsulaMedicalCenterSutter,0.42687250798936605,13.451666666666666,ROUTE_KaiserFoundationHospitalSouthSanFrancisco,0.4214892578414007,5.738333333333333,ROUTE_MillsPeninsulaMedicalCenterSutter,0.42687250798936605,13.451666666666666,ROUTE_KaiserFoundationHospitalSouthSanFrancisco,0.4214892578414007,5.738333333333333
37.39638888886175,-122.09944444439951,243.90684197772902,HEMORRHAGIC,ROUTE_ElCaminoHealthMountainView,0.32734294144,12.191666666666666,ROUTE_ElCaminoHealthMountainView,0.32734294144,12.191666666666666,ROUTE_ElCaminoHealthMountainView,0.32734294144,12.191666666666666,ROUTE_ElCaminoHealthMountainView,0.32734294144,12.191666666666666
37.734999999973134,-122.47999999995537,66.22013553519182,MIMIC,ROUTE_UCSFMedicalCenter,0.42769423560763853,9.945,ROUTE_UCSFMedicalCenter,0.42769423560763853,9.945,ROUTE_UCSFMedicalCenter,0.42769423560763853,9.945,ROUTE_UCSFMedicalCenter,0.42769423560763853,9.945
37.92138888886217,-122.0944444443995,155.5691621322103,LVO,ROUTE_JohnMuirMedicalCenterWalnutCreekCampus,0.40652023948120364,12.276666666666667,ROUTE_JohnMuirMedicalCenterWalnutCreekCampus,0.40652023948120364,12.276666666666667,ROUTE_JohnMuirMedicalCenterWalnutCreekCampus,0.40652023948120364,12.276666666666667,ROUTE_JohnMuirMedicalCenterWalnutCreekCampus,0.40652023948120364,12.276666666666667
37.70666666663978,-122.44777777773312,187.20469060931399,HEMORRHAGIC,ROUTE_CPMCDaviesCampusSutter,0.3386573851194328,15.828333333333335,ROUTE_CPMCMissionBernalCampusSutter,0.33976512494101674,9.558333333333334,ROUTE_CPMCDaviesCampusSutter,0.3386573851194328,15.828333333333335,ROUTE_CPMCMissionBernalCampusSutter,0.33976512494101674,9.558333333333334
37.93527777775107,-122.33249999995525,141.5347978500102,NLVO,ROUTE_CPMCDaviesCampusSutter,0.40536696740988154,31.403333333333332,ROUTE_KaiserFoundationHospitalRichmondCampus,0.3486334177928045,6.158333333333333,ROUTE_CPMCDaviesCampusSutter,0.40536696740988154,31.403333333333332,ROUTE_KaiserFoundationHospitalRichmondCampus,0.3486334177928045,6.158333333333333
37.45694444441735,-122.1236111110662,135.26504635301808,LVO,ROUTE_KaiserFoundationHospitalRedwoodCity,0.41060646246035054,14.623333333333333,ROUTE_KaiserFoundationHospitalRedwoodCity,0.41060646246035054,14.623333333333333,ROUTE_KaiserFoundationHospitalRedwoodCity,0.41060646246035054,14.623333333333333,ROUTE_KaiserFoundationHospitalRedwoodCity,0.41060646246035054,14.623333333333333
37.399444444417306,-122.09861111106618,70.67351548847215,HEMORRHAGIC,ROUTE_ElCaminoHealthMountainView,0.4258183902588601,13.485000000000001,ROUTE_ElCaminoHealthMountainView,0.4258183902588601,13.485000000000001,ROUTE_ElCaminoHealthMountainView,0.4258183902588601,13.485000000000001,ROUTE_ElCaminoHealthMountainView,0.4258183902588601,13.485000000000001
37.725277777750904,-122.40944444439975,259.5450447984511,LVO,ROUTE_CPMCMissionBernalCampusSutter,0.32734294144,9.618333333333334,ROUTE_CPMCMissionBernalCampusSutter,0.32734294144,9.618333333333334,ROUTE_CPMCDaviesCampusSutter,0.32734294144,14.843333333333334,ROUTE_CPMCMissionBernalCampusSutter,0.32734294144,9.618333333333334
37.746666666639804,-122.47749999995537,114.49422519365221,LVO,ROUTE_UCSFMedicalCenter,0.4171594978680853,6.871666666666667,ROUTE_UCSFMedicalCenter,0.4171594978680853,6.871666666666667,ROUTE_UCSFMedicalCenter,0.4171594978680853,6.871666666666667,ROUTE_UCSFMedicalCenter,0.4171594978680853,6.871666666666667
37.58027777775079,-122.3658333332886,81.8538225496813,LVO,ROUTE_MillsPeninsulaMedicalCenterSutter,0.4251807405473215,5.026666666666667,ROUTE_MillsPeninsulaMedicalCenterSutter,0.4251807405473215,5.026666666666667,ROUTE_MillsPeninsulaMedicalCenterSutter,0.4251807405473215,5.026666666666667,ROUTE_MillsPeninsulaMedicalCenterSutter,0.4251807405473215,5.026666666666667
37.77416666663983,-121.97694444439941,47.837040878728686,MIMIC,ROUTE_JohnMuirMedicalCenterWalnutCreekCampus,0.4298691309342372,19.09,ROUTE_SanRamonRegionalMedicalCenter,0.4254995843364512,5.7,ROUTE_JohnMuirMedicalCenterWalnutCreekCampus,0.4298691309342372,19.09,ROUTE_SanRamonRegionalMedicalCenter,0.4254995843364512,5.7
37.92944444441773,-122.0616666666217,172.9713363831138,HEMORRHAGIC,ROUTE_JohnMuirMedicalCenterWalnutCreekCampus,0.34268535765736646,7.415,ROUTE_KaiserFoundationHospitalWalnutCreek,0.3427205784186498,7.218333333333334,ROUTE_JohnMuirMedicalCenterWalnutCreekCampus,0.34268535765736646,7.415,ROUTE_KaiserFoundationHospitalWalnutCreek,0.3427205784186498,7.218333333333334
37.484999999972935,-122.19999999995514,103.10982848078835,LVO,ROUTE_KaiserFoundationHospitalRedwoodCity,0.41991886976629494,6.341666666666667,ROUTE_KaiserFoundationHospitalRedwoodCity,0.41991886976629494,6.341666666666667,ROUTE_KaiserFoundationHospitalRedwoodCity,0.41991886976629494,6.341666666666667,ROUTE_KaiserFoundationHospitalRedwoodCity,0.41991886976629494,6.341666666666667
38.0863888888623,-122.16972222217734,252.20876764637535,MIMIC,ROUTE_SutterSolanoMedicalCenter,0.32734294144,15.29,ROUTE_SutterSolanoMedicalCenter,0.32734294144,15.29,ROUTE_JohnMuirMedicalCenterWalnutCreekCampus,0.32734294144,26.415000000000003,ROUTE_SutterSolanoMedicalCenter,0.32734294144,15.29
37.48194444441737,-122.23194444439962,214.25470269966294,HEMORRHAGIC,ROUTE_KaiserFoundationHospitalRedwoodCity,0.3357841490214773,5.198333333333333,ROUTE_KaiserFoundationHospitalRedwoodCity,0.3357841490214773,5.198333333333333,ROUTE_KaiserFoundationHospitalRedwoodCity,0.3357841490214773,5.198333333333333,ROUTE_KaiserFoundationHospitalRedwoodCity,0.3357841490214773,5.198333333333333
37.733611111084244,-122.441666666622,137.01397947950872,MIMIC,ROUTE_UCSFMedicalCenter,0.4110241010603224,11.046666666666665,ROUTE_CPMCMissionBernalCampusSutter,0.34950604567497595,5.955,ROUTE_UCSFMedicalCenter,0.4110241010603224,11.046666666666665,ROUTE_CPMCMissionBernalCampusSutter,0.34950604567497595,5.955
37.771944444417606,-121.90749999995491,174.52965903074465,HEMORRHAGIC,ROUTE_SutterEdenMedicalCenter,0.3391050244886504,25.965,ROUTE_SanRamonRegionalMedicalCenter,0.3419203142035913,10.125,ROUTE_SutterEdenMedicalCenter,0.3391050244886504,25.965,ROUTE_SanRamonRegionalMedicalCenter,0.3419203142035913,10.125
37.784166666639834,-122.21222222217737,155.96452751375904,MIMIC,ROUTE_SutterEdenMedicalCenter,0.40498715813428854,18.653333333333332,ROUTE_HighlandHospitalWilmaChanCampus,0.3457326131651825,7.5649999999999995,ROUTE_SutterEdenMedicalCenter,0.40498715813428854,18.653333333333332,ROUTE_HighlandHospitalWilmaChanCampus,0.3457326131651825,7.5649999999999995
37.71861111108423,-122.14472222217732,253.8391732571804,NLVO,ROUTE_SanLeandroHospitalAlamedaHealthSystem,0.32734294144,1.91,ROUTE_SanLeandroHospitalAlamedaHealthSystem,0.32734294144,1.91,ROUTE_SutterEdenMedicalCenter,0.32734294144,11.688333333333333,ROUTE_KaiserFoundationHospitalSanLeandro,0.32734294144,9.681666666666667
37.91833333330661,-121.99944444439943,153.46834740083852,HEMORRHAGIC,ROUTE_JohnMuirMedicalCenterWalnutCreekCampus,0.4076537696647023,9.381666666666666,ROUTE_JohnMuirMedicalCenterWalnutCreekCampus,0.4076537696647023,9.381666666666666,ROUTE_JohnMuirMedicalCenterWalnutCreekCampus,0.4076537696647023,9.381666666666666,ROUTE_JohnMuirMedicalCenterWalnutCreekCampus,0.4076537696647023,9.381666666666666
38.15722222219569,-122.26277777773296,46.841475209961,LVO,ROUTE_JohnMuirMedicalCenterWalnutCreekCampus,0.4261355904440347,35.96333333333334,ROUTE_KaiserFoundationHospitalVallejo,0.42455407864678885,7.63,ROUTE_JohnMuirMedicalCenterWalnutCreekCampus,0.4261355904440347,35.96333333333334,ROUTE_KaiserFoundationHospitalVallejo,0.42455407864678885,7.63
37.654444444417514,-121.86138888884376,233.56507633006254,HEMORRHAGIC,ROUTE_StanfordHealthCareTriValley,0.32734294144,13.163333333333332,ROUTE_StanfordHealthCareTriValley,0.32734294144,13.163333333333332,ROUTE_SutterEdenMedicalCenter,0.32734294144,25.783333333333335,ROUTE_StanfordHealthCareTriValley,0.32734294144,13.163333333333332
37.34583333330615,-122.02861111106611,56.49475367629071,MIMIC,ROUTE_KaiserFoundationHospitalSantaClara,0.43014687791344797,9.254999999999999,ROUTE_KaiserFoundationHospitalSantaClara,0.43014687791344797,9.254999999999999,ROUTE_KaiserFoundationHospitalSantaClara,0.43014687791344797,9.254999999999999,ROUTE_KaiserFoundationHospitalSantaClara,0.43014687791344797,9.254999999999999
37.90305555552882,-122.05499999995503,225.49327143734544,HEMORRHAGIC,ROUTE_JohnMuirMedicalCenterWalnutCreekCampus,0.32734294144,4.886666666666667,ROUTE_JohnMuirMedicalCenterWalnutCreekCampus,0.32734294144,4.886666666666667,ROUTE_JohnMuirMedicalCenterWalnutCreekCampus,0.32734294144,4.886666666666667,ROUTE_JohnMuirMedicalCenterWalnutCreekCampus,0.32734294144,4.886666666666667
37.76388888886204,-122.47972222217759,122.42551610711065,LVO,ROUTE_UCSFMedicalCenter,0.4157088172113893,5.2266666666666675,ROUTE_UCSFMedicalCenter,0.4157088172113893,5.2266666666666675,ROUTE_UCSFMedicalCenter,0.4157088172113893,5.2266666666666675,ROUTE_UCSFMedicalCenter,0.4157088172113893,5.2266666666666675
37.505833333306285,-122.4669444443998,127.6171081726864,MIMIC,ROUTE_MillsPeninsulaMedicalCenterSutter,0.4072727219540762,36.91166666666666,ROUTE_SanMateoMedicalCenter,0.32734294144,36.70166666666667,ROUTE_MillsPeninsulaMedicalCenterSutter,0.4072727219540762,36.91166666666666,ROUTE_MillsPeninsulaMedicalCenterSutter,0.4072727219540762,36.91166666666666
37.78555555552873,-122.41444444439976,254.0954489690831,LVO,ROUTE_UCSFHealthHydeHospital,0.32734294144,3.1333333333333333,ROUTE_UCSFHealthHydeHospital,0.32734294144,3.1333333333333333,ROUTE_CPMCDaviesCampusSutter,0.32734294144,9.318333333333333,ROUTE_UCSFHealthHydeHospital,0.32734294144,3.1333333333333333
37.95499999997331,-121.79249999995481,194.89713614627775,NLVO,ROUTE_KaiserFoundationHospitalAntioch,0.33884689205116897,7.0600000000000005,ROUTE_SutterDeltaMedicalCenter,0.32734294144,6.98,ROUTE_JohnMuirMedicalCenterWalnutCreekCampus,0.32734294144,37.17333333333333,ROUTE_KaiserFoundationHospitalAntioch,0.33884689205116897,7.0600000000000005
37.77416666663983,-122.17722222217735,204.07112182764016,NLVO,ROUTE_HighlandHospitalWilmaChanCampus,0.3368149132367311,9.465,ROUTE_HighlandHospitalWilmaChanCampus,0.3368149132367311,9.465,ROUTE_SutterEdenMedicalCenter,0.33566666299370673,16.058333333333334,ROUTE_HighlandHospitalWilmaChanCampus,0.3368149132367311,9.465
37.91749999997328,-122.31333333328857,226.3664904255282,MIMIC,ROUTE_KaiserFoundationHospitalRichmondCampus,0.32734294144,12.298333333333334,ROUTE_KaiserFoundationHospitalRichmondCampus,0.32734294144,12.298333333333334,ROUTE_CPMCDaviesCampusSutter,0.32734294144,31.395,ROUTE_KaiserFoundationHospitalRichmondCampus,0.32734294144,12.298333333333334
37.654999999973064,-121.89444444439934,91.16028981161966,HEMORRHAGIC,ROUTE_SutterEdenMedicalCenter,0.4194290026849448,20.401666666666664,ROUTE_StanfordHealthCareTriValley,0.35713884662659706,11.213333333333333,ROUTE_SutterEdenMedicalCenter,0.4194290026849448,20.401666666666664,ROUTE_StanfordHealthCareTriValley,0.35713884662659706,11.213333333333333
37.73055555552868,-122.41833333328866,213.19904714796883,HEMORRHAGIC,ROUTE_CPMCMissionBernalCampusSutter,0.335601700528553,7.303333333333333,ROUTE_CPMCMissionBernalCampusSutter,0.335601700528553,7.303333333333333,ROUTE_CPMCDaviesCampusSutter,0.32734294144,13.575,ROUTE_CPMCMissionBernalCampusSutter,0.335601700528553,7.303333333333333
37.79999999997318,-122.40583333328864,245.70935481512558,MIMIC,ROUTE_ChineseHospital,0.32734294144,3.0366666666666666,ROUTE_ChineseHospital,0.32734294144,3.0366666666666666,ROUTE_CPMCDaviesCampusSutter,0.32734294144,13.16,ROUTE_ChineseHospital,0.32734294144,3.0366666666666666
37.71666666663978,-122.431666666622,195.94071777486474,LVO,ROUTE_CPMCMissionBernalCampusSutter,0.338260546503791,9.346666666666666,ROUTE_CPMCMissionBernalCampusSutter,0.338260546503791,9.346666666666666,ROUTE_CPMCDaviesCampusSutter,0.33716064526180356,15.616666666666667,ROUTE_CPMCMissionBernalCampusSutter,0.338260546503791,9.346666666666666
37.71499999997312,-122.45111111106645,141.8666141412238,HEMORRHAGIC,ROUTE_CPMCDaviesCampusSutter,0.4094216478392035,13.215,ROUTE_CPMCMissionBernalCampusSutter,0.34842757143733843,6.943333333333333,ROUTE_CPMCDaviesCampusSutter,0.4094216478392035,13.215,ROUTE_CPMCMissionBernalCampusSutter,0.34842757143733843,6.943333333333333
37.382777777750626,-122.05361111106613,69.72830748315165,LVO,ROUTE_ElCaminoHealthMountainView,0.42684136290154184,10.068333333333333,ROUTE_ElCaminoHealthMountainView,0.42684136290154184,10.068333333333333,ROUTE_ElCaminoHealthMountainView,0.42684136290154184,10.068333333333333,ROUTE_ElCaminoHealthMountainView,0.42684136290154184,10.068333333333333
37.66499999997308,-122.40416666662198,256.62120764872117,NLVO,ROUTE_KaiserFoundationHospitalSouthSanFrancisco,0.32734294144,10.748333333333333,ROUTE_KaiserFoundationHospitalSouthSanFrancisco,0.32734294144,10.748333333333333,ROUTE_MillsPeninsulaMedicalCenterSutter,0.32734294144,11.770000000000001,ROUTE_KaiserFoundationHospitalSouthSanFrancisco,0.32734294144,10.748333333333333
37.441111111084005,-122.13916666662176,50.10029449748389,LVO,ROUTE_StanfordHealthCare,0.43145079118926416,10.126666666666667,ROUTE_StanfordHealthCare,0.43145079118926416,10.126666666666667,ROUTE_StanfordHealthCare,0.43145079118926416,10.126666666666667,ROUTE_StanfordHealthCare,0.43145079118926416,10.126666666666667
37.67055555552864,-122.07499999995504,143.5773042150891,LVO,ROUTE_SutterEdenMedicalCenter,0.40953052346746904,11.026666666666667,ROUTE_SutterEdenMedicalCenter,0.40953052346746904,11.026666666666667,ROUTE_SutterEdenMedicalCenter,0.40953052346746904,11.026666666666667,ROUTE_SutterEdenMedicalCenter,0.40953052346746904,11.026666666666667
37.51638888886185,-122.33249999995525,71.4428326906514,HEMORRHAGIC,ROUTE_MillsPeninsulaMedicalCenterSutter,0.4255677685883892,13.785,ROUTE_SanMateoMedicalCenter,0.33590256322158235,10.66,ROUTE_MillsPeninsulaMedicalCenterSutter,0.4255677685883892,13.785,ROUTE_MillsPeninsulaMedicalCenterSutter,0.4255677685883892,13.785
37.79999999997318,-122.27694444439965,96.24614582298621,MIMIC,ROUTE_SutterEdenMedicalCenter,0.41788121712055354,21.998333333333335,ROUTE_AltaBatesSummitMedicalCenterSummitCampus,0.3567395655573164,8.22,ROUTE_SutterEdenMedicalCenter,0.41788121712055354,21.998333333333335,ROUTE_AltaBatesSummitMedicalCenterSummitCampus,0.3567395655573164,8.22
37.537777777750755,-122.01305555551055,101.46731984388323,LVO,ROUTE_SutterEdenMedicalCenter,0.416146877480852,24.285,ROUTE_WashingtonHospitalHealthcareSystem,0.3552391362067631,10.889999999999999,ROUTE_SutterEdenMedicalCenter,0.416146877480852,24.285,ROUTE_WashingtonHospitalHealthcareSystem,0.3552391362067631,10.889999999999999
37.459999999972915,-122.18999999995513,163.25504865399856,HEMORRHAGIC,ROUTE_StanfordHealthCare,0.40522876117698736,10.295,ROUTE_StanfordHealthCare,0.40522876117698736,10.295,ROUTE_StanfordHealthCare,0.40522876117698736,10.295,ROUTE_StanfordHealthCare,0.40522876117698736,10.295
37.837222222195436,-122.2486111110663,242.6493297912978,LVO,ROUTE_KaiserFoundationHospitalOaklandRichmond,0.32734294144,5.7283333333333335,ROUTE_KaiserFoundationHospitalOaklandRichmond,0.32734294144,5.7283333333333335,ROUTE_SutterEdenMedicalCenter,0.32734294144,21.67,ROUTE_KaiserFoundationHospitalOaklandRichmond,0.32734294144,5.7283333333333335
37.78249999997317,-122.21722222217738,120.9713185209138,NLVO,ROUTE_SutterEdenMedicalCenter,0.4128613138785273,19.065,ROUTE_HighlandHospitalWilmaChanCampus,0.35238166717381025,6.551666666666667,ROUTE_SutterEdenMedicalCenter,0.4128613138785273,19.065,ROUTE_HighlandHospitalWilmaChanCampus,0.35238166717381025,6.551666666666667
37.784166666639834,-122.42999999995533,167.3208753544915,NLVO,ROUTE_CPMCDaviesCampusSutter,0.40499694962749555,7.253333333333333,ROUTE_CPMCVanNessCampusSutter,0.3445925094247614,2.4883333333333337,ROUTE_CPMCDaviesCampusSutter,0.40499694962749555,7.253333333333333,ROUTE_CPMCVanNessCampusSutter,0.3445925094247614,2.4883333333333337
37.89055555552881,-122.54083333328875,102.69883094908269,HEMORRHAGIC,ROUTE_UCSFMedicalCenter,0.4144523051947547,30.41,ROUTE_MarinHealthMedicalCenter,0.3530942600868455,21.025,ROUTE_UCSFMedicalCenter,0.4144523051947547,30.41,ROUTE_MarinHealthMedicalCenter,0.3530942600868455,21.025
37.71222222219534,-122.44499999995534,155.67523011740838,LVO,ROUTE_CPMCDaviesCampusSutter,0.4058771888051934,15.008333333333333,ROUTE_CPMCMissionBernalCampusSutter,0.3455718263985895,8.738333333333333,ROUTE_CPMCDaviesCampusSutter,0.4058771888051934,15.008333333333333,ROUTE_CPMCMissionBernalCampusSutter,0.3455718263985895,8.738333333333333
37.97166666663999,-122.0402777777328,78.50522227232659,LVO,ROUTE_JohnMuirMedicalCenterWalnutCreekCampus,0.4240903784930816,13.036666666666667,ROUTE_JohnMuirMedicalCenterConcordCampus,0.3609318269051605,4.161666666666666,ROUTE_JohnMuirMedicalCenterWalnutCreekCampus,0.4240903784930816,13.036666666666667,ROUTE_JohnMuirMedicalCenterConcordCampus,0.3609318269051605,4.161666666666666
37.69722222219532,-122.08138888884393,203.4298420237747,HEMORRHAGIC,ROUTE_SutterEdenMedicalCenter,0.33768573397384155,5.13,ROUTE_SutterEdenMedicalCenter,0.33768573397384155,5.13,ROUTE_SutterEdenMedicalCenter,0.33768573397384155,5.13,ROUTE_SutterEdenMedicalCenter,0.33768573397384155,5.13
37.970555555528875,-122.50333333328872,56.53321728474203,HEMORRHAGIC,ROUTE_UCSFMedicalCenter,0.42294192348470977,39.92666666666666,ROUTE_MarinHealthMedicalCenter,0.3634846579898777,13.033333333333333,ROUTE_UCSFMedicalCenter,0.42294192348470977,39.92666666666666,ROUTE_MarinHealthMedicalCenter,0.3634846579898777,13.033333333333333
38.26611111108467,-122.04972222217725,256.79747381938364,HEMORRHAGIC,ROUTE_NorthBayMedicalCenter,0.32734294144,3.2816666666666667,ROUTE_NorthBayMedicalCenter,0.32734294144,3.2816666666666667,ROUTE_JohnMuirMedicalCenterWalnutCreekCampus,0.32734294144,41.05333333333333,ROUTE_NorthBayMedicalCenter,0.32734294144,3.2816666666666667
37.39555555552842,-122.11999999995508,71.94603019459265,LVO,ROUTE_ElCaminoHealthMountainView,0.4251320760621905,15.143333333333334,ROUTE_ElCaminoHealthMountainView,0.4251320760621905,15.143333333333334,ROUTE_ElCaminoHealthMountainView,0.4251320760621905,15.143333333333334,ROUTE_ElCaminoHealthMountainView,0.4251320760621905,15.143333333333334
37.83055555552876,-122.28805555551077,49.816044739097656,NLVO,ROUTE_SutterEdenMedicalCenter,0.42802106861768263,24.959999999999997,ROUTE_KaiserFoundationHospitalOaklandRichmond,0.4246382578573443,7.635000000000001,ROUTE_SutterEdenMedicalCenter,0.42802106861768263,24.959999999999997,ROUTE_KaiserFoundationHospitalOaklandRichmond,0.4246382578573443,7.635000000000001
37.51111111108406,-122.47416666662203,135.35928100375133,MIMIC,ROUTE_MillsPeninsulaMedicalCenterSutter,0.40502628102701593,39.086666666666666,ROUTE_AHMCSetonMedicalCenter,0.34416918484238307,36.79,ROUTE_MillsPeninsulaMedicalCenterSutter,0.40502628102701593,39.086666666666666,ROUTE_AHMCSetonMedicalCenter,0.34416918484238307,36.79
37.68194444441753,-121.87499999995488,176.11900110102633,LVO,ROUTE_SutterEdenMedicalCenter,0.33952022378485514,22.026666666666664,ROUTE_StanfordHealthCareTriValley,0.3426964891904928,4.205,ROUTE_SutterEdenMedicalCenter,0.33952022378485514,22.026666666666664,ROUTE_StanfordHealthCareTriValley,0.3426964891904928,4.205
37.791944444417624,-121.92694444439937,201.65890395196018,LVO,ROUTE_SanRamonRegionalMedicalCenter,0.33724375624572694,9.423333333333334,ROUTE_SanRamonRegionalMedicalCenter,0.33724375624572694,9.423333333333334,ROUTE_JohnMuirMedicalCenterWalnutCreekCampus,0.32734294144,25.240000000000002,ROUTE_SanRamonRegionalMedicalCenter,0.33724375624572694,9.423333333333334
37.56166666663966,-122.26777777773297,224.85327985068488,MIMIC,ROUTE_SanMateoMedicalCenter,0.32734294144,12.343333333333334,ROUTE_SanMateoMedicalCenter,0.32734294144,12.343333333333334,ROUTE_MillsPeninsulaMedicalCenterSutter,0.32734294144,15.341666666666667,ROUTE_MillsPeninsulaMedicalCenterSutter,0.32734294144,15.341666666666667
38.31277777775137,-122.30499999995523,33.705398773702726,LVO,ROUTE_JohnMuirMedicalCenterWalnutCreekCampus,0.42588106978424384,50.184999999999995,ROUTE_ProvidenceQueenOfTheValleyMedicalCenter,0.36969607986005387,4.515,ROUTE_JohnMuirMedicalCenterWalnutCreekCampus,0.42588106978424384,50.184999999999995,ROUTE_ProvidenceQueenOfTheValleyMedicalCenter,0.36969607986005387,4.515
37.96416666663998,-122.34083333328859,212.12697783823256,HEMORRHAGIC,ROUTE_KaiserFoundationHospitalRichmondCampus,0.33536857859574093,9.718333333333334,ROUTE_KaiserFoundationHospitalRichmondCampus,0.33536857859574093,9.718333333333334,ROUTE_JohnMuirMedicalCenterWalnutCreekCampus,0.32734294144,34.623333333333335,ROUTE_KaiserFoundationHospitalRichmondCampus,0.33536857859574093,9.718333333333334
37.516111111084065,-122.34277777773303,124.00614836335573,LVO,ROUTE_MillsPeninsulaMedicalCenterSutter,0.41290527343311145,15.838333333333333,ROUTE_SanMateoMedicalCenter,0.32734294144,13.578333333333335,ROUTE_MillsPeninsulaMedicalCenterSutter,0.41290527343311145,15.838333333333333,ROUTE_MillsPeninsulaMedicalCenterSutter,0.41290527343311145,15.838333333333333
37.43222222219511,-121.878611111066,191.06737481598302,MIMIC,ROUTE_RegionalMedicalCenterOfSanJose,0.3384290363773047,13.261666666666667,ROUTE_RegionalMedicalCenterOfSanJose,0.3384290363773047,13.261666666666667,ROUTE_RegionalMedicalCenterOfSanJose,0.3384290363773047,13.261666666666667,ROUTE_RegionalMedicalCenterOfSanJose,0.3384290363773047,13.261666666666667
38.3174999999736,-122.29333333328856,144.8906156209133,NLVO,ROUTE_JohnMuirMedicalCenterWalnutCreekCampus,0.33977532288928136,51.815000000000005,ROUTE_ProvidenceQueenOfTheValleyMedicalCenter,0.3484055629311179,4.04,ROUTE_JohnMuirMedicalCenterWalnutCreekCampus,0.33977532288928136,51.815000000000005,ROUTE_ProvidenceQueenOfTheValleyMedicalCenter,0.3484055629311179,4.04
38.116388888862325,-122.22861111106627,106.70384781943028,LVO,ROUTE_JohnMuirMedicalCenterWalnutCreekCampus,0.4137531156654135,29.446666666666665,ROUTE_SutterSolanoMedicalCenter,0.3552173028043852,5.77,ROUTE_JohnMuirMedicalCenterWalnutCreekCampus,0.4137531156654135,29.446666666666665,ROUTE_SutterSolanoMedicalCenter,0.3552173028043852,5.77
37.91416666663994,-122.17888888884401,227.7018463877744,LVO,ROUTE_KaiserFoundationHospitalWalnutCreek,0.32734294144,21.58,ROUTE_KaiserFoundationHospitalWalnutCreek,0.32734294144,21.58,ROUTE_JohnMuirMedicalCenterWalnutCreekCampus,0.32734294144,23.851666666666667,ROUTE_KaiserFoundationHospitalWalnutCreek,0.32734294144,21.58
37.566111111084105,-122.25222222217741,241.81320285520937,LVO,ROUTE_SanMateoMedicalCenter,0.32734294144,15.21,ROUTE_SanMateoMedicalCenter,0.32734294144,15.21,ROUTE_MillsPeninsulaMedicalCenterSutter,0.32734294144,18.208333333333332,ROUTE_MillsPeninsulaMedicalCenterSutter,0.32734294144,18.208333333333332
37.71249999997311,-122.44527777773311,96.19604484740145,LVO,ROUTE_CPMCDaviesCampusSutter,0.41950889290359633,15.021666666666667,ROUTE_CPMCMissionBernalCampusSutter,0.3566477774558258,8.751666666666667,ROUTE_CPMCDaviesCampusSutter,0.41950889290359633,15.021666666666667,ROUTE_CPMCMissionBernalCampusSutter,0.3566477774558258,8.751666666666667
37.51083333330629,-121.91333333328825,137.16563851760458,LVO,ROUTE_RegionalMedicalCenterOfSanJose,0.4088198853494358,20.55666666666667,ROUTE_KaiserFoundationHospitalFremont,0.34720093794225315,18.323333333333334,ROUTE_RegionalMedicalCenterOfSanJose,0.4088198853494358,20.55666666666667,ROUTE_KaiserFoundationHospitalFremont,0.34720093794225315,18.323333333333334
38.458333333307046,-121.82999999995485,140.86088113609202,HEMORRHAGIC,ROUTE_JohnMuirMedicalCenterWalnutCreekCampus,0.3390646720694832,59.86333333333334,ROUTE_KaiserFoundationHospitalVacaville,0.3475116207998713,12.933333333333334,ROUTE_JohnMuirMedicalCenterWalnutCreekCampus,0.3390646720694832,59.86333333333334,ROUTE_KaiserFoundationHospitalVacaville,0.3475116207998713,12.933333333333334
37.771111111084274,-122.43472222217756,190.17296004170433,LVO,ROUTE_CPMCDaviesCampusSutter,0.3405889741859807,1.9466666666666665,ROUTE_CPMCDaviesCampusSutter,0.3405889741859807,1.9466666666666665,ROUTE_CPMCDaviesCampusSutter,0.3405889741859807,1.9466666666666665,ROUTE_CPMCDaviesCampusSutter,0.3405889741859807,1.9466666666666665
37.53444444441742,-122.28361111106632,122.72877639260639,NLVO,ROUTE_KaiserFoundationHospitalRedwoodCity,0.4136485885474789,13.878333333333334,ROUTE_SanMateoMedicalCenter,0.32734294144,7.918333333333334,ROUTE_KaiserFoundationHospitalRedwoodCity,0.4136485885474789,13.878333333333334,ROUTE_KaiserFoundationHospitalRedwoodCity,0.4136485885474789,13.878333333333334
37.522499999972965,-122.28027777773299,117.22373011838906,HEMORRHAGIC,ROUTE_KaiserFoundationHospitalRedwoodCity,0.4153354600777282,12.048333333333334,ROUTE_SanMateoMedicalCenter,0.32734294144,8.253333333333334,ROUTE_KaiserFoundationHospitalRedwoodCity,0.4153354600777282,12.048333333333334,ROUTE_KaiserFoundationHospitalRedwoodCity,0.4153354600777282,12.048333333333334
37.34416666663949,-122.06638888884393,135.89604317287495,HEMORRHAGIC,ROUTE_ElCaminoHealthMountainView,0.41167762159164073,9.306666666666667,ROUTE_ElCaminoHealthMountainView,0.41167762159164073,9.306666666666667,ROUTE_ElCaminoHealthMountainView,0.41167762159164073,9.306666666666667,ROUTE_ElCaminoHealthMountainView,0.41167762159164073,9.306666666666667
37.89055555552881,-122.29749999995522,242.03001658907323,NLVO,ROUTE_KaiserFoundationHospitalRichmondCampus,0.32734294144,13.008333333333333,ROUTE_KaiserFoundationHospitalRichmondCampus,0.32734294144,13.008333333333333,ROUTE_CPMCDaviesCampusSutter,0.32734294144,30.241666666666667,ROUTE_KaiserFoundationHospitalRichmondCampus,0.32734294144,13.008333333333333
37.725833333306454,-121.91499999995492,117.86640175031303,HEMORRHAGIC,ROUTE_SutterEdenMedicalCenter,0.41333527432326556,20.105,ROUTE_StanfordHealthCareTriValley,0.35191367744008945,12.156666666666666,ROUTE_SutterEdenMedicalCenter,0.41333527432326556,20.105,ROUTE_StanfordHealthCareTriValley,0.35191367744008945,12.156666666666666
37.379999999972846,-122.12555555551064,89.2522429448584,NLVO,ROUTE_ElCaminoHealthMountainView,0.42172716186319176,12.42,ROUTE_ElCaminoHealthMountainView,0.42172716186319176,12.42,ROUTE_ElCaminoHealthMountainView,0.42172716186319176,12.42,ROUTE_ElCaminoHealthMountainView,0.42172716186319176,12.42
37.94361111108441,-121.6941666666214,51.42520305042996,LVO,ROUTE_JohnMuirMedicalCenterWalnutCreekCampus,0.42399160879016373,40.54,ROUTE_KaiserFoundationHospitalAntioch,0.3642339474653926,14.321666666666665,ROUTE_JohnMuirMedicalCenterWalnutCreekCampus,0.42399160879016373,40.54,ROUTE_KaiserFoundationHospitalAntioch,0.3642339474653926,14.321666666666665
37.88666666663992,-122.30111111106633,145.43199075248776,NLVO,ROUTE_CPMCDaviesCampusSutter,0.40488538704931537,29.636666666666667,ROUTE_KaiserFoundationHospitalRichmondCampus,0.34677144158051065,12.403333333333334,ROUTE_CPMCDaviesCampusSutter,0.40488538704931537,29.636666666666667,ROUTE_KaiserFoundationHospitalRichmondCampus,0.34677144158051065,12.403333333333334
37.37111111108395,-122.00305555551054,61.149191104190166,LVO,ROUTE_KaiserFoundationHospitalSantaClara,0.4291880845117474,8.668333333333333,ROUTE_KaiserFoundationHospitalSantaClara,0.4291880845117474,8.668333333333333,ROUTE_KaiserFoundationHospitalSantaClara,0.4291880845117474,8.668333333333333,ROUTE_KaiserFoundationHospitalSantaClara,0.4291880845117474,8.668333333333333
37.529999999972965,-122.29166666662188,158.87575951847498,HEMORRHAGIC,ROUTE_KaiserFoundationHospitalRedwoodCity,0.40531197575962874,14.306666666666667,ROUTE_SanMateoMedicalCenter,0.32734294144,4.246666666666667,ROUTE_KaiserFoundationHospitalRedwoodCity,0.40531197575962874,14.306666666666667,ROUTE_KaiserFoundationHospitalRedwoodCity,0.40531197575962874,14.306666666666667
37.70694444441755,-122.4569444443998,88.91860639959592,HEMORRHAGIC,ROUTE_CPMCDaviesCampusSutter,0.4214098577282315,14.118333333333334,ROUTE_CPMCMissionBernalCampusSutter,0.35821242811560117,7.846666666666667,ROUTE_CPMCDaviesCampusSutter,0.4214098577282315,14.118333333333334,ROUTE_CPMCMissionBernalCampusSutter,0.35821242811560117,7.846666666666667
37.80416666663985,-122.26138888884408,190.1190168937154,HEMORRHAGIC,ROUTE_AltaBatesSummitMedicalCenterSummitCampus,0.3397412162781458,6.778333333333333,ROUTE_AltaBatesSummitMedicalCenterSummitCampus,0.3397412162781458,6.778333333333333,ROUTE_SutterEdenMedicalCenter,0.3367064721914217,24.038333333333334,ROUTE_AltaBatesSummitMedicalCenterSummitCampus,0.3397412162781458,6.778333333333333
37.489722222195155,-122.23555555551073,126.28507259071581,MIMIC,ROUTE_KaiserFoundationHospitalRedwoodCity,0.41492982064312867,4.748333333333333,ROUTE_KaiserFoundationHospitalRedwoodCity,0.41492982064312867,4.748333333333333,ROUTE_KaiserFoundationHospitalRedwoodCity,0.41492982064312867,4.748333333333333,ROUTE_KaiserFoundationHospitalRedwoodCity,0.41492982064312867,4.748333333333333
37.778611111084274,-122.48694444439981,169.9799740856707,LVO,ROUTE_UCSFMedicalCenter,0.4039638810004391,9.17,ROUTE_UCSFHealthStanyanHospital,0.343100351451215,8.096666666666668,ROUTE_UCSFMedicalCenter,0.4039638810004391,9.17,ROUTE_UCSFHealthStanyanHospital,0.343100351451215,8.096666666666668
37.43527777775067,-121.90972222217714,188.03436444941144,HEMORRHAGIC,ROUTE_RegionalMedicalCenterOfSanJose,0.33898913050290513,13.116666666666667,ROUTE_RegionalMedicalCenterOfSanJose,0.33898913050290513,13.116666666666667,ROUTE_RegionalMedicalCenterOfSanJose,0.33898913050290513,13.116666666666667,ROUTE_RegionalMedicalCenterOfSanJose,0.33898913050290513,13.116666666666667
37.78249999997317,-122.3988888888442,207.1419488240634,LVO,ROUTE_ChineseHospital,0.33685072101625974,6.1883333333333335,ROUTE_ChineseHospital,0.33685072101625974,6.1883333333333335,ROUTE_CPMCDaviesCampusSutter,0.33634241032604406,9.101666666666667,ROUTE_ChineseHospital,0.33685072101625974,6.1883333333333335
37.67694444441753,-122.08083333328838,119.00653975288216,HEMORRHAGIC,ROUTE_SutterEdenMedicalCenter,0.41576616760016,8.396666666666667,ROUTE_SutterEdenMedicalCenter,0.41576616760016,8.396666666666667,ROUTE_SutterEdenMedicalCenter,0.41576616760016,8.396666666666667,ROUTE_SutterEdenMedicalCenter,0.41576616760016,8.396666666666667
37.87222222219546,-122.27361111106632,139.86871119722713,LVO,ROUTE_JohnMuirMedicalCenterWalnutCreekCampus,0.4058693818071131,30.85,ROUTE_AltaBatesSummitMedicalCenterAltaBatesCampus,0.32734294144,8.703333333333335,ROUTE_JohnMuirMedicalCenterWalnutCreekCampus,0.4058693818071131,30.85,ROUTE_KaiserFoundationHospitalOaklandRichmond,0.34749401138886,14.021666666666667
37.984444444417775,-121.82222222217706,172.07670721691878,HEMORRHAGIC,ROUTE_JohnMuirMedicalCenterWalnutCreekCampus,0.3384739816964393,31.996666666666666,ROUTE_SutterDeltaMedicalCenter,0.32734294144,6.308333333333334,ROUTE_JohnMuirMedicalCenterWalnutCreekCampus,0.3384739816964393,31.996666666666666,ROUTE_KaiserFoundationHospitalAntioch,0.34202427268534635,11.998333333333333
37.635555555528605,-122.06749999995503,232.70037577110375,LVO,ROUTE_StRoseHospital,0.32734294144,6.818333333333333,ROUTE_StRoseHospital,0.32734294144,6.818333333333333,ROUTE_SutterEdenMedicalCenter,0.32734294144,17.566666666666666,ROUTE_KaiserFoundationHospitalSanLeandro,0.32734294144,15.873333333333333
37.77694444441761,-122.39416666662197,147.03447223763303,LVO,ROUTE_CPMCDaviesCampusSutter,0.40871763401293154,11.138333333333332,ROUTE_ChineseHospital,0.3472773736264053,8.036666666666667,ROUTE_CPMCDaviesCampusSutter,0.40871763401293154,11.138333333333332,ROUTE_ChineseHospital,0.3472773736264053,8.036666666666667
37.77444444441761,-122.1991666666218,215.85663346474652,LVO,ROUTE_HighlandHospitalWilmaChanCampus,0.32734294144,10.353333333333333,ROUTE_HighlandHospitalWilmaChanCampus,0.32734294144,10.353333333333333,ROUTE_SutterEdenMedicalCenter,0.32734294144,18.803333333333335,ROUTE_HighlandHospitalWilmaChanCampus,0.32734294144,10.353333333333333
37.680833333306424,-121.76305555551035,98.91351420952076,MIMIC,ROUTE_SutterEdenMedicalCenter,0.41605499812680924,27.236666666666668,ROUTE_StanfordHealthCareTriValley,0.35478565982080545,15.838333333333333,ROUTE_SutterEdenMedicalCenter,0.41605499812680924,27.236666666666668,ROUTE_StanfordHealthCareTriValley,0.35478565982080545,15.838333333333333
37.98333333330666,-121.99833333328831,211.35351808003514,HEMORRHAGIC,ROUTE_JohnMuirMedicalCenterConcordCampus,0.3359540062151986,7.121666666666667,ROUTE_JohnMuirMedicalCenterConcordCampus,0.3359540062151986,7.121666666666667,ROUTE_JohnMuirMedicalCenterWalnutCreekCampus,0.32734294144,16.978333333333335,ROUTE_JohnMuirMedicalCenterConcordCampus,0.3359540062151986,7.121666666666667
37.79777777775096,-122.24833333328851,42.361904294889484,LVO,ROUTE_SutterEdenMedicalCenter,0.4308071464766682,20.59,ROUTE_HighlandHospitalWilmaChanCampus,0.42761545108844157,3.228333333333333,ROUTE_SutterEdenMedicalCenter,0.4308071464766682,20.59,ROUTE_HighlandHospitalWilmaChanCampus,0.42761545108844157,3.228333333333333
37.69722222219532,-122.4847222221776,199.3161825888592,LVO,ROUTE_AHMCSetonMedicalCenter,0.3380745691877135,7.028333333333333,ROUTE_AHMCSetonMedicalCenter,0.3380745691877135,7.028333333333333,ROUTE_CPMCDaviesCampusSutter,0.33627799318244744,17.298333333333336,ROUTE_AHMCSetonMedicalCenter,0.3380745691877135,7.028333333333333
37.47416666663959,-122.20833333328848,224.5920081104702,NLVO,ROUTE_KaiserFoundationHospitalRedwoodCity,0.32734294144,7.6899999999999995,ROUTE_KaiserFoundationHospitalRedwoodCity,0.32734294144,7.6899999999999995,ROUTE_KaiserFoundationHospitalRedwoodCity,0.32734294144,7.6899999999999995,ROUTE_KaiserFoundationHospitalRedwoodCity,0.32734294144,7.6899999999999995
37.40555555552842,-122.0919444443995,169.984594684862,HEMORRHAGIC,ROUTE_ElCaminoHealthMountainView,0.34197788025502107,14.348333333333333,ROUTE_ElCaminoHealthMountainView,0.34197788025502107,14.348333333333333,ROUTE_ElCaminoHealthMountainView,0.34197788025502107,14.348333333333333,ROUTE_ElCaminoHealthMountainView,0.34197788025502107,14.348333333333333
37.675833333306414,-121.90555555551046,156.23867418050844,LVO,ROUTE_SutterEdenMedicalCenter,0.40431402575405434,21.36,ROUTE_StanfordHealthCareTriValley,0.345686784852023,7.543333333333334,ROUTE_SutterEdenMedicalCenter,0.40431402575405434,21.36,ROUTE_StanfordHealthCareTriValley,0.345686784852023,7.543333333333334
37.698888888861994,-122.48499999995538,147.1445472401026,LVO,ROUTE_CPMCDaviesCampusSutter,0.40737830738975217,16.918333333333333,ROUTE_AHMCSetonMedicalCenter,0.34735113259760836,7.525,ROUTE_CPMCDaviesCampusSutter,0.40737830738975217,16.918333333333333,ROUTE_AHMCSetonMedicalCenter,0.34735113259760836,7.525
37.700277777750884,-122.4152777777331,180.32355315103817,LVO,ROUTE_MillsPeninsulaMedicalCenterSutter,0.3392320063455439,19.451666666666664,ROUTE_CPMCMissionBernalCampusSutter,0.340085327904872,14.631666666666666,ROUTE_MillsPeninsulaMedicalCenterSutter,0.3392320063455439,19.451666666666664,ROUTE_CPMCMissionBernalCampusSutter,0.340085327904872,14.631666666666666
37.768333333306494,-122.42499999995532,83.59928417039299,LVO,ROUTE_CPMCDaviesCampusSutter,0.42490556873391566,4.456666666666666,ROUTE_CPMCDaviesCampusSutter,0.42490556873391566,4.456666666666666,ROUTE_CPMCDaviesCampusSutter,0.42490556873391566,4.456666666666666,ROUTE_CPMCDaviesCampusSutter,0.42490556873391566,4.456666666666666
37.78749999997317,-122.4138888888442,192.69638790443352,LVO,ROUTE_CPMCDaviesCampusSutter,0.3387745835827155,9.671666666666665,ROUTE_UCSFHealthHydeHospital,0.34006696896217764,2.3633333333333337,ROUTE_CPMCDaviesCampusSutter,0.3387745835827155,9.671666666666665,ROUTE_UCSFHealthHydeHospital,0.34006696896217764,2.3633333333333337
