start_lat,start_lon,t_onset,stroke_type,optimal_action,optimal_action_reward,travel_time_optimal,nearest_hospital_action,nearest_hospital_reward,travel_time_nh,heuristic_1_action,heuristic_1_reward,travel_time_h1,heuristic_2_action,heuristic_2_reward,travel_time_h2
37.72138888886201,-122.43999999995533,150.96719817608476,HEMORRHAGIC,ROUTE_CPMCDaviesCampusSutter,0.40730490053600715,13.42,ROUTE_CPMCMissionBernalCampusSutter,0.3467200591338495,7.1483333333333325,ROUTE_CPMCDaviesCampusSutter,0.40730490053600715,13.42,ROUTE_CPMCMissionBernalCampusSutter,0.3467200591338495,7.1483333333333325
37.57777777775078,-122.31333333328857,227.92517153041322,HEMORRHAGIC,ROUTE_MillsPeninsulaMedicalCenterSutter,0.32734294144,12.263333333333332,ROUTE_MillsPeninsulaMedicalCenterSutter,0.32734294144,12.263333333333332,ROUTE_MillsPeninsulaMedicalCenterSutter,0.32734294144,12.263333333333332,ROUTE_MillsPeninsulaMedicalCenterSutter,0.32734294144,12.263333333333332
38.10333333330676,-122.20583333328848,264.3376255892689,LVO,ROUTE_SutterSolanoMedicalCenter,0.32734294144,10.751666666666667,ROUTE_SutterSolanoMedicalCenter,0.32734294144,10.751666666666667,ROUTE_JohnMuirMedicalCenterWalnutCreekCampus,0.32734294144,28.84333333333333,ROUTE_SutterSolanoMedicalCenter,0.32734294144,10.751666666666667
37.76305555552871,-122.44472222217756,138.7015996201144,HEMORRHAGIC,ROUTE_CPMCDaviesCampusSutter,0.4121829242435215,4.295,ROUTE_CPMCDaviesCampusSutter,0.4121829242435215,4.295,ROUTE_CPMCDaviesCampusSutter,0.4121829242435215,4.295,ROUTE_CPMCDaviesCampusSutter,0.4121829242435215,4.295
37.56805555552855,-122.05499999995503,105.31669109137349,HEMORRHAGIC,ROUTE_SutterEdenMedicalCenter,0.41597105426370695,21.198333333333334,ROUTE_StRoseHospital,0.32734294144,12.035,ROUTE_SutterEdenMedicalCenter,0.41597105426370695,21.198333333333334,ROUTE_WashingtonHospitalHealthcareSystem,0.3533238485868994,17.186666666666667
37.778055555528724,-122.39305555551086,262.8055866528702,LVO,ROUTE_ChineseHospital,0.32734294144,7.114999999999999,ROUTE_ChineseHospital,0.32734294144,7.114999999999999,ROUTE_CPMCDaviesCampusSutter,0.32734294144,10.845,ROUTE_ChineseHospital,0.32734294144,7.114999999999999
37.77444444441761,-122.19999999995514,101.56422955099464,HEMORRHAGIC,ROUTE_SutterEdenMedicalCenter,0.4173899874794687,18.805,ROUTE_HighlandHospitalWilmaChanCampus,0.35532266145458336,10.353333333333333,ROUTE_SutterEdenMedicalCenter,0.4173899874794687,18.805,ROUTE_HighlandHospitalWilmaChanCampus,0.35532266145458336,10.353333333333333
37.338333333306146,-121.99972222217721,196.59504648541343,HEMORRHAGIC,ROUTE_KaiserFoundationHospitalSantaClara,0.33926637394907805,2.9866666666666664,ROUTE_KaiserFoundationHospitalSantaClara,0.33926637394907805,2.9866666666666664,ROUTE_KaiserFoundationHospitalSantaClara,0.33926637394907805,2.9866666666666664,ROUTE_KaiserFoundationHospitalSantaClara,0.33926637394907805,2.9866666666666664
37.94305555552885,-121.73555555551033,59.81438127907485,NLVO,ROUTE_JohnMuirMedicalCenterWalnutCreekCampus,0.42337753736545497,34.78,ROUTE_KaiserFoundationHospitalAntioch,0.36371807548809226,8.561666666666667,ROUTE_JohnMuirMedicalCenterWalnutCreekCampus,0.42337753736545497,34.78,ROUTE_KaiserFoundationHospitalAntioch,0.36371807548809226,8.561666666666667
38.00166666664001,-121.89416666662157,226.128110356218,HEMORRHAGIC,ROUTE_SutterDeltaMedicalCenter,0.32734294144,11.266666666666667,ROUTE_SutterDeltaMedicalCenter,0.32734294144,11.266666666666667,ROUTE_JohnMuirMedicalCenterWalnutCreekCampus,0.32734294144,20.798333333333336,ROUTE_JohnMuirMedicalCenterConcordCampus,0.32734294144,13.741666666666667
37.77361111108427,-122.47638888884426,90.14148908690713,LVO,ROUTE_UCSFMedicalCenter,0.4224566661630794,8.4,ROUTE_UCSFHealthStanyanHospital,0.35839431546917633,5.676666666666667,ROUTE_UCSFMedicalCenter,0.4224566661630794,8.4,ROUTE_UCSFHealthStanyanHospital,0.35839431546917633,5.676666666666667
37.841388888862106,-122.22138888884405,122.19959573014228,NLVO,ROUTE_SutterEdenMedicalCenter,0.4123183565290491,20.206666666666667,ROUTE_AltaBatesSummitMedicalCenterAltaBatesCampus,0.32734294144,9.158333333333333,ROUTE_SutterEdenMedicalCenter,0.4123183565290491,20.206666666666667,ROUTE_HighlandHospitalWilmaChanCampus,0.35128413650925167,11.196666666666665
37.786388888862064,-122.43972222217755,75.69975253254944,HEMORRHAGIC,ROUTE_CPMCDaviesCampusSutter,0.4263051044718754,6.383333333333334,ROUTE_KaiserFoundationHospitalSanFrancisco,0.42062752376501766,2.945,ROUTE_CPMCDaviesCampusSutter,0.4263051044718754,6.383333333333334,ROUTE_KaiserFoundationHospitalSanFrancisco,0.42062752376501766,2.945
38.099722222195645,-122.6072222221777,171.71440800582167,HEMORRHAGIC,ROUTE_NovatoCommunityHospitalSutter,0.34056344049472254,20.548333333333336,ROUTE_NovatoCommunityHospitalSutter,0.34056344049472254,20.548333333333336,ROUTE_UCSFMedicalCenter,0.32734294144,61.79666666666667,ROUTE_NovatoCommunityHospitalSutter,0.34056344049472254,20.548333333333336
37.596111111084134,-122.48611111106648,233.140158124419,LVO,ROUTE_AHMCSetonMedicalCenter,0.32734294144,18.623333333333335,ROUTE_AHMCSetonMedicalCenter,0.32734294144,18.623333333333335,ROUTE_MillsPeninsulaMedicalCenterSutter,0.32734294144,26.28666666666667,ROUTE_AHMCSetonMedicalCenter,0.32734294144,18.623333333333335
37.410555555528425,-122.13083333328842,226.58742777494533,NLVO,ROUTE_StanfordHealthCare,0.32734294144,15.71,ROUTE_StanfordHealthCare,0.32734294144,15.71,ROUTE_StanfordHealthCare,0.32734294144,15.71,ROUTE_StanfordHealthCare,0.32734294144,15.71
37.51527777775073,-122.29194444439966,106.48120964484589,NLVO,ROUTE_KaiserFoundationHospitalRedwoodCity,0.41678734075967283,16.495,ROUTE_SanMateoMedicalCenter,0.32734294144,7.345,ROUTE_KaiserFoundationHospitalRedwoodCity,0.41678734075967283,16.495,ROUTE_SequoiaHospital,0.3534660531205948,15.264999999999999
37.8338888888621,-122.25249999995519,222.7077705740957,LVO,ROUTE_KaiserFoundationHospitalOaklandRichmond,0.32734294144,4.4383333333333335,ROUTE_KaiserFoundationHospitalOaklandRichmond,0.32734294144,4.4383333333333335,ROUTE_SutterEdenMedicalCenter,0.32734294144,23.220000000000002,ROUTE_KaiserFoundationHospitalOaklandRichmond,0.32734294144,4.4383333333333335
37.708888888862,-122.42722222217755,197.75676661966554,HEMORRHAGIC,ROUTE_CPMCMissionBernalCampusSutter,0.3374652014529306,12.061666666666667,ROUTE_CPMCMissionBernalCampusSutter,0.3374652014529306,12.061666666666667,ROUTE_CPMCDaviesCampusSutter,0.33636951114903213,18.331666666666667,ROUTE_CPMCMissionBernalCampusSutter,0.3374652014529306,12.061666666666667
38.1786111110846,-122.26138888884408,222.53331371488616,NLVO,ROUTE_KaiserFoundationHospitalVallejo,0.32734294144,8.778333333333334,ROUTE_KaiserFoundationHospitalVallejo,0.32734294144,8.778333333333334,ROUTE_JohnMuirMedicalCenterWalnutCreekCampus,0.32734294144,37.11333333333334,ROUTE_KaiserFoundationHospitalVallejo,0.32734294144,8.778333333333334
37.75777777775093,-122.47583333328869,52.38031791230908,HEMORRHAGIC,ROUTE_UCSFMedicalCenter,0.4321539675879772,4.873333333333333,ROUTE_UCSFMedicalCenter,0.4321539675879772,4.873333333333333,ROUTE_UCSFMedicalCenter,0.4321539675879772,4.873333333333333,ROUTE_UCSFMedicalCenter,0.4321539675879772,4.873333333333333
37.78944444441762,-122.4252777777331,198.58218789589978,LVO,ROUTE_CPMCDaviesCampusSutter,0.3381274636176605,7.461666666666667,ROUTE_UCSFHealthHydeHospital,0.3391554952820396,1.6266666666666665,ROUTE_CPMCDaviesCampusSutter,0.3381274636176605,7.461666666666667,ROUTE_UCSFHealthHydeHospital,0.3391554952820396,1.6266666666666665
38.00722222219557,-121.80499999995483,89.15585614635035,HEMORRHAGIC,ROUTE_JohnMuirMedicalCenterWalnutCreekCampus,0.41776597005901606,29.586666666666666,ROUTE_SutterDeltaMedicalCenter,0.32734294144,7.4783333333333335,ROUTE_JohnMuirMedicalCenterWalnutCreekCampus,0.41776597005901606,29.586666666666666,ROUTE_KaiserFoundationHospitalAntioch,0.357147557027567,13.173333333333334
37.53666666663964,-122.00972222217722,121.9715185024609,HEMORRHAGIC,ROUTE_SutterEdenMedicalCenter,0.4114593026982772,24.186666666666667,ROUTE_WashingtonHospitalHealthcareSystem,0.3516735862145734,9.336666666666668,ROUTE_SutterEdenMedicalCenter,0.4114593026982772,24.186666666666667,ROUTE_WashingtonHospitalHealthcareSystem,0.3516735862145734,9.336666666666668
37.76305555552871,-122.2372222221774,172.97498651841036,HEMORRHAGIC,ROUTE_SutterEdenMedicalCenter,0.3406963600942978,18.541666666666668,ROUTE_AlamedaHospital,0.3433178902699297,3.893333333333333,ROUTE_SutterEdenMedicalCenter,0.3406963600942978,18.541666666666668,ROUTE_AlamedaHospital,0.3433178902699297,3.893333333333333
37.36138888886172,-122.05805555551059,109.42177089778593,LVO,ROUTE_ElCaminoHealthMountainView,0.417462255937483,10.633333333333333,ROUTE_ElCaminoHealthMountainView,0.417462255937483,10.633333333333333,ROUTE_ElCaminoHealthMountainView,0.417462255937483,10.633333333333333,ROUTE_ElCaminoHealthMountainView,0.417462255937483,10.633333333333333
37.35722222219505,-122.0288888888439,210.87164983142648,HEMORRHAGIC,ROUTE_KaiserFoundationHospitalSantaClara,0.3352717986154457,11.533333333333333,ROUTE_KaiserFoundationHospitalSantaClara,0.3352717986154457,11.533333333333333,ROUTE_KaiserFoundationHospitalSantaClara,0.3352717986154457,11.533333333333333,ROUTE_KaiserFoundationHospitalSantaClara,0.3352717986154457,11.533333333333333
38.28833333330691,-122.01861111106611,262.62604182981613,HEMORRHAGIC,ROUTE_NorthBayMedicalCenter,0.32734294144,13.753333333333334,ROUTE_NorthBayMedicalCenter,0.32734294144,13.753333333333334,ROUTE_JohnMuirMedicalCenterWalnutCreekCampus,0.32734294144,45.769999999999996,ROUTE_NorthBayMedicalCenter,0.32734294144,13.753333333333334
38.12499999997344,-122.24111111106629,53.63831634808892,LVO,ROUTE_JohnMuirMedicalCenterWalnutCreekCampus,0.4258157419273333,30.53166666666667,ROUTE_SutterSolanoMedicalCenter,0.4241791225048007,2.8233333333333333,ROUTE_JohnMuirMedicalCenterWalnutCreekCampus,0.4258157419273333,30.53166666666667,ROUTE_SutterSolanoMedicalCenter,0.4241791225048007,2.8233333333333333
37.49999999997294,-121.9227777777327,148.484789916442,HEMORRHAGIC,ROUTE_RegionalMedicalCenterOfSanJose,0.4071428071326636,16.616666666666667,ROUTE_KaiserFoundationHospitalFremont,0.3456830939989021,15.316666666666666,ROUTE_RegionalMedicalCenterOfSanJose,0.4071428071326636,16.616666666666667,ROUTE_KaiserFoundationHospitalFremont,0.3456830939989021,15.316666666666666
37.725833333306454,-122.47888888884425,152.12339120159766,HEMORRHAGIC,ROUTE_UCSFMedicalCenter,0.40743590517420764,11.686666666666667,ROUTE_AHMCSetonMedicalCenter,0.3461107507543232,9.33,ROUTE_UCSFMedicalCenter,0.40743590517420764,11.686666666666667,ROUTE_AHMCSetonMedicalCenter,0.3461107507543232,9.33
37.852499999973226,-122.28444444439965,203.0624393728829,MIMIC,ROUTE_KaiserFoundationHospitalOaklandRichmond,0.33686344571420873,10.195,ROUTE_AltaBatesSummitMedicalCenterAltaBatesCampus,0.32734294144,5.4783333333333335,ROUTE_CPMCDaviesCampusSutter,0.32734294144,26.733333333333334,ROUTE_KaiserFoundationHospitalOaklandRichmond,0.33686344571420873,10.195
37.771111111084274,-121.94083333328827,250.49867643536487,LVO,ROUTE_SanRamonRegionalMedicalCenter,0.32734294144,6.295,ROUTE_SanRamonRegionalMedicalCenter,0.32734294144,6.295,ROUTE_JohnMuirMedicalCenterWalnutCreekCampus,0.32734294144,24.41166666666667,ROUTE_SanRamonRegionalMedicalCenter,0.32734294144,6.295
38.25999999997355,-121.98361111106608,173.9579212209389,LVO,ROUTE_NorthBayMedicalCenter,0.3410221021507802,15.728333333333333,ROUTE_NorthBayMedicalCenter,0.3410221021507802,15.728333333333333,ROUTE_JohnMuirMedicalCenterWalnutCreekCampus,0.3349553224367542,50.27333333333333,ROUTE_NorthBayMedicalCenter,0.3410221021507802,15.728333333333333
37.85194444441767,-122.27138888884409,147.40584171045248,HEMORRHAGIC,ROUTE_JohnMuirMedicalCenterWalnutCreekCampus,0.4054857990238741,25.006666666666668,ROUTE_AltaBatesSummitMedicalCenterAltaBatesCampus,0.32734294144,4.3533333333333335,ROUTE_JohnMuirMedicalCenterWalnutCreekCampus,0.4054857990238741,25.006666666666668,ROUTE_KaiserFoundationHospitalOaklandRichmond,0.3472101217303495,8.031666666666666
37.42777777775066,-121.86666666662154,119.53059693038838,HEMORRHAGIC,ROUTE_RegionalMedicalCenterOfSanJose,0.4144901544582121,13.415,ROUTE_RegionalMedicalCenterOfSanJose,0.4144901544582121,13.415,ROUTE_RegionalMedicalCenterOfSanJose,0.4144901544582121,13.415,ROUTE_RegionalMedicalCenterOfSanJose,0.4144901544582121,13.415
37.529444444417415,-121.95638888884383,38.54556037044274,HEMORRHAGIC,ROUTE_RegionalMedicalCenterOfSanJose,0.4318860865165338,19.841666666666665,ROUTE_KaiserFoundationHospitalFremont,0.4267578874682707,8.313333333333334,ROUTE_RegionalMedicalCenterOfSanJose,0.4318860865165338,19.841666666666665,ROUTE_KaiserFoundationHospitalFremont,0.4267578874682707,8.313333333333334
38.01305555552891,-122.11944444439952,247.3576916379355,HEMORRHAGIC,ROUTE_ContraCostaRegionalMedicalCenter,0.32734294144,2.0533333333333332,ROUTE_ContraCostaRegionalMedicalCenter,0.32734294144,2.0533333333333332,ROUTE_JohnMuirMedicalCenterWalnutCreekCampus,0.32734294144,18.918333333333333,ROUTE_JohnMuirMedicalCenterConcordCampus,0.32734294144,13.356666666666666
37.681388888861974,-121.74444444439922,77.69226817147334,NLVO,ROUTE_SutterEdenMedicalCenter,0.42008383804161326,31.048333333333336,ROUTE_StanfordHealthCareTriValley,0.35810169895102517,19.65,ROUTE_SutterEdenMedicalCenter,0.42008383804161326,31.048333333333336,ROUTE_StanfordHealthCareTriValley,0.35810169895102517,19.65
37.80194444441763,-122.1791666666218,101.68573202187194,HEMORRHAGIC,ROUTE_SutterEdenMedicalCenter,0.41693683364923806,20.64333333333333,ROUTE_HighlandHospitalWilmaChanCampus,0.35476269606699634,13.188333333333333,ROUTE_SutterEdenMedicalCenter,0.41693683364923806,20.64333333333333,ROUTE_HighlandHospitalWilmaChanCampus,0.35476269606699634,13.188333333333333
37.693888888861984,-122.15916666662177,87.68748118756524,LVO,ROUTE_SutterEdenMedicalCenter,0.4223242423145536,11.421666666666665,ROUTE_KaiserFoundationHospitalSanLeandro,0.35910451919185515,4.4366666666666665,ROUTE_SutterEdenMedicalCenter,0.4223242423145536,11.421666666666665,ROUTE_KaiserFoundationHospitalSanLeandro,0.35910451919185515,4.4366666666666665
37.400833333306196,-122.02277777773278,110.77239872977442,HEMORRHAGIC,ROUTE_ElCaminoHealthMountainView,0.4161419000806683,15.001666666666667,ROUTE_ElCaminoHealthMountainView,0.4161419000806683,15.001666666666667,ROUTE_ElCaminoHealthMountainView,0.4161419000806683,15.001666666666667,ROUTE_ElCaminoHealthMountainView,0.4161419000806683,15.001666666666667
37.733611111084244,-122.39861111106642,146.41568259659212,LVO,ROUTE_CPMCDaviesCampusSutter,0.40825760022469554,13.778333333333334,ROUTE_ZuckerbergSanFranciscoGeneralHospital,0.3473101709150446,8.476666666666667,ROUTE_CPMCDaviesCampusSutter,0.40825760022469554,13.778333333333334,ROUTE_ZuckerbergSanFranciscoGeneralHospital,0.3473101709150446,8.476666666666667
37.791944444417624,-122.40777777773309,174.65908362270008,HEMORRHAGIC,ROUTE_CPMCDaviesCampusSutter,0.3418004961484896,10.666666666666666,ROUTE_ChineseHospital,0.34334104023953255,2.08,ROUTE_CPMCDaviesCampusSutter,0.3418004961484896,10.666666666666666,ROUTE_ChineseHospital,0.34334104023953255,2.08
37.603611111084135,-122.02972222217723,239.46684724391469,HEMORRHAGIC,ROUTE_StRoseHospital,0.32734294144,12.363333333333333,ROUTE_StRoseHospital,0.32734294144,12.363333333333333,ROUTE_SutterEdenMedicalCenter,0.32734294144,21.695,ROUTE_WashingtonHospitalHealthcareSystem,0.32734294144,17.256666666666668
38.29916666664025,-122.29499999995522,170.06297021321552,HEMORRHAGIC,ROUTE_ProvidenceQueenOfTheValleyMedicalCenter,0.3433103312995902,6.846666666666667,ROUTE_ProvidenceQueenOfTheValleyMedicalCenter,0.3433103312995902,6.846666666666667,ROUTE_JohnMuirMedicalCenterWalnutCreekCampus,0.33558403371477674,50.541666666666664,ROUTE_ProvidenceQueenOfTheValleyMedicalCenter,0.3433103312995902,6.846666666666667
38.25333333330688,-122.01861111106611,69.7567318401975,LVO,ROUTE_JohnMuirMedicalCenterWalnutCreekCampus,0.41894293828427476,43.901666666666664,ROUTE_NorthBayMedicalCenter,0.361649502064813,9.213333333333333,ROUTE_JohnMuirMedicalCenterWalnutCreekCampus,0.41894293828427476,43.901666666666664,ROUTE_NorthBayMedicalCenter,0.361649502064813,9.213333333333333
37.6533333333064,-122.4127777777331,30.236454418518548,MIMIC,ROUTE_MillsPeninsulaMedicalCenterSutter,0.4360305457280592,10.68,ROUTE_KaiserFoundationHospitalSouthSanFrancisco,0.4296869146858359,7.113333333333333,ROUTE_MillsPeninsulaMedicalCenterSutter,0.4360305457280592,10.68,ROUTE_KaiserFoundationHospitalSouthSanFrancisco,0.4296869146858359,7.113333333333333
37.3780555555284,-122.08833333328839,136.85426462544004,HEMORRHAGIC,ROUTE_ElCaminoHealthMountainView,0.41216822654322194,6.206666666666666,ROUTE_ElCaminoHealthMountainView,0.41216822654322194,6.206666666666666,ROUTE_ElCaminoHealthMountainView,0.41216822654322194,6.206666666666666,ROUTE_ElCaminoHealthMountainView,0.41216822654322194,6.206666666666666
37.507777777750725,-122.29833333328855,146.43967772226074,LVO,ROUTE_KaiserFoundationHospitalRedwoodCity,0.407189890610211,18.453333333333333,ROUTE_SanMateoMedicalCenter,0.32734294144,8.264999999999999,ROUTE_KaiserFoundationHospitalRedwoodCity,0.407189890610211,18.453333333333333,ROUTE_SequoiaHospital,0.34643512158980405,13.236666666666668
38.01166666664002,-122.28472222217744,108.26681334629933,LVO,ROUTE_JohnMuirMedicalCenterWalnutCreekCampus,0.4132937505316518,29.884999999999998,ROUTE_ContraCostaRegionalMedicalCenter,0.32734294144,16.83833333333333,ROUTE_JohnMuirMedicalCenterWalnutCreekCampus,0.4132937505316518,29.884999999999998,ROUTE_KaiserFoundationHospitalRichmondCampus,0.35264379823071446,17.85666666666667
37.99638888886223,-122.29805555551077,87.22391891696701,LVO,ROUTE_JohnMuirMedicalCenterWalnutCreekCampus,0.41785948505901366,31.113333333333333,ROUTE_KaiserFoundationHospitalRichmondCampus,0.3575085478637656,13.216666666666667,ROUTE_JohnMuirMedicalCenterWalnutCreekCampus,0.41785948505901366,31.113333333333333,ROUTE_KaiserFoundationHospitalRichmondCampus,0.3575085478637656,13.216666666666667
37.84999999997322,-122.00777777773277,246.3358866933424,LVO,ROUTE_KaiserFoundationHospitalWalnutCreek,0.32734294144,8.653333333333334,ROUTE_KaiserFoundationHospitalWalnutCreek,0.32734294144,8.653333333333334,ROUTE_JohnMuirMedicalCenterWalnutCreekCampus,0.32734294144,14.264999999999999,ROUTE_KaiserFoundationHospitalWalnutCreek,0.32734294144,8.653333333333334
37.738611111084246,-122.17611111106623,254.27955581784875,LVO,ROUTE_KaiserFoundationHospitalSanLeandro,0.32734294144,9.618333333333334,ROUTE_KaiserFoundationHospitalSanLeandro,0.32734294144,9.618333333333334,ROUTE_SutterEdenMedicalCenter,0.32734294144,15.493333333333334,ROUTE_KaiserFoundationHospitalSanLeandro,0.32734294144,9.618333333333334
37.771111111084274,-122.4455555555109,137.60677874616346,HEMORRHAGIC,ROUTE_CPMCDaviesCampusSutter,0.4127356199066916,2.978333333333333,ROUTE_UCSFHealthStanyanHospital,0.3500414881597296,2.4716666666666667,ROUTE_CPMCDaviesCampusSutter,0.4127356199066916,2.978333333333333,ROUTE_UCSFHealthStanyanHospital,0.3500414881597296,2.4716666666666667
37.71638888886201,-122.15333333328844,168.33408838184903,HEMORRHAGIC,ROUTE_SutterEdenMedicalCenter,0.34233290853544096,14.016666666666667,ROUTE_SanLeandroHospitalAlamedaHealthSystem,0.32734294144,3.5566666666666666,ROUTE_SutterEdenMedicalCenter,0.34233290853544096,14.016666666666667,ROUTE_KaiserFoundationHospitalSanLeandro,0.3437025807713302,6.4
37.666111111084184,-121.90472222217713,106.24059840341522,LVO,ROUTE_SutterEdenMedicalCenter,0.4154188790831845,22.67,ROUTE_StanfordHealthCareTriValley,0.35459580193581447,9.516666666666667,ROUTE_SutterEdenMedicalCenter,0.4154188790831845,22.67,ROUTE_StanfordHealthCareTriValley,0.35459580193581447,9.516666666666667
37.728055555528684,-122.39305555551086,179.90835644942752,LVO,ROUTE_CPMCDaviesCampusSutter,0.33996657655878365,15.716666666666667,ROUTE_ZuckerbergSanFranciscoGeneralHospital,0.34100744552947804,9.860000000000001,ROUTE_CPMCDaviesCampusSutter,0.33996657655878365,15.716666666666667,ROUTE_ZuckerbergSanFranciscoGeneralHospital,0.34100744552947804,9.860000000000001
38.15027777775124,-122.26333333328853,80.32637537621636,MIMIC,ROUTE_JohnMuirMedicalCenterWalnutCreekCampus,0.41830093327848195,36.105000000000004,ROUTE_KaiserFoundationHospitalVallejo,0.3598811136818326,7.77,ROUTE_JohnMuirMedicalCenterWalnutCreekCampus,0.41830093327848195,36.105000000000004,ROUTE_KaiserFoundationHospitalVallejo,0.3598811136818326,7.77
37.90416666663993,-122.31472222217745,211.69894842812676,HEMORRHAGIC,ROUTE_KaiserFoundationHospitalRichmondCampus,0.3352764561492082,10.678333333333335,ROUTE_KaiserFoundationHospitalRichmondCampus,0.3352764561492082,10.678333333333335,ROUTE_CPMCDaviesCampusSutter,0.32734294144,28.990000000000002,ROUTE_KaiserFoundationHospitalRichmondCampus,0.3352764561492082,10.678333333333335
37.66361111108419,-122.07222222217726,65.78302807584468,LVO,ROUTE_SutterEdenMedicalCenter,0.4270804968851552,12.995000000000001,ROUTE_StRoseHospital,0.3372632201725844,10.768333333333334,ROUTE_SutterEdenMedicalCenter,0.4270804968851552,12.995000000000001,ROUTE_SutterEdenMedicalCenter,0.4270804968851552,12.995000000000001
37.873333333306576,-122.17861111106623,125.4103790790375,LVO,ROUTE_JohnMuirMedicalCenterWalnutCreekCampus,0.41272008183625153,15.241666666666667,ROUTE_KaiserFoundationHospitalWalnutCreek,0.35035638184990536,12.971666666666666,ROUTE_JohnMuirMedicalCenterWalnutCreekCampus,0.41272008183625153,15.241666666666667,ROUTE_KaiserFoundationHospitalWalnutCreek,0.35035638184990536,12.971666666666666
37.97388888886221,-121.7913888888437,172.93534188634328,LVO,ROUTE_JohnMuirMedicalCenterWalnutCreekCampus,0.3380892427766322,33.32666666666667,ROUTE_SutterDeltaMedicalCenter,0.32734294144,3.4516666666666667,ROUTE_JohnMuirMedicalCenterWalnutCreekCampus,0.3380892427766322,33.32666666666667,ROUTE_KaiserFoundationHospitalAntioch,0.34287726918843026,6.383333333333334
37.758055555528706,-122.41833333328866,41.937245005581076,LVO,ROUTE_CPMCDaviesCampusSutter,0.43422225955080795,6.588333333333334,ROUTE_CPMCMissionBernalCampusSutter,0.4279621476645842,5.028333333333333,ROUTE_CPMCDaviesCampusSutter,0.43422225955080795,6.588333333333334,ROUTE_CPMCMissionBernalCampusSutter,0.4279621476645842,5.028333333333333
37.96972222219554,-122.55916666662209,110.16536068988766,LVO,ROUTE_UCSFMedicalCenter,0.41047324123464896,40.306666666666665,ROUTE_MarinHealthMedicalCenter,0.35420128830003184,7.680000000000001,ROUTE_UCSFMedicalCenter,0.41047324123464896,40.306666666666665,ROUTE_MarinHealthMedicalCenter,0.35420128830003184,7.680000000000001
38.00749999997335,-121.89722222217712,218.51792834120198,NLVO,ROUTE_SutterDeltaMedicalCenter,0.32734294144,11.975,ROUTE_SutterDeltaMedicalCenter,0.32734294144,11.975,ROUTE_JohnMuirMedicalCenterWalnutCreekCampus,0.32734294144,22.25,ROUTE_JohnMuirMedicalCenterConcordCampus,0.32734294144,14.45
37.994166666640005,-121.7208333332881,204.3399263030705,LVO,ROUTE_KaiserFoundationHospitalAntioch,0.3356890741122426,15.66,ROUTE_KaiserFoundationHospitalAntioch,0.3356890741122426,15.66,ROUTE_JohnMuirMedicalCenterWalnutCreekCampus,0.32734294144,37.26833333333333,ROUTE_KaiserFoundationHospitalAntioch,0.3356890741122426,15.66
37.789722222195394,-122.44777777773312,247.5534684018063,HEMORRHAGIC,ROUTE_KaiserFoundationHospitalSanFrancisco,0.32734294144,2.7766666666666664,ROUTE_KaiserFoundationHospitalSanFrancisco,0.32734294144,2.7766666666666664,ROUTE_CPMCDaviesCampusSutter,0.32734294144,7.636666666666667,ROUTE_KaiserFoundationHospitalSanFrancisco,0.32734294144,2.7766666666666664
37.3666666666395,-122.09638888884395,133.83328302304562,HEMORRHAGIC,ROUTE_ElCaminoHealthMountainView,0.41288888184627776,6.083333333333333,ROUTE_ElCaminoHealthMountainView,0.41288888184627776,6.083333333333333,ROUTE_ElCaminoHealthMountainView,0.41288888184627776,6.083333333333333,ROUTE_ElCaminoHealthMountainView,0.41288888184627776,6.083333333333333
38.08194444441785,-122.2294444443996,266.8660378878494,LVO,ROUTE_SutterSolanoMedicalCenter,0.32734294144,9.773333333333333,ROUTE_SutterSolanoMedicalCenter,0.32734294144,9.773333333333333,ROUTE_JohnMuirMedicalCenterWalnutCreekCampus,0.32734294144,28.053333333333335,ROUTE_SutterSolanoMedicalCenter,0.32734294144,9.773333333333333
37.795277777750954,-122.431666666622,188.26595000572559,LVO,ROUTE_CPMCDaviesCampusSutter,0.33970336149243413,8.845,ROUTE_UCSFHealthHydeHospital,0.34065874560707105,3.4616666666666664,ROUTE_CPMCDaviesCampusSutter,0.33970336149243413,8.845,ROUTE_UCSFHealthHydeHospital,0.34065874560707105,3.4616666666666664
37.794722222195404,-122.20999999995514,235.69424074802836,LVO,ROUTE_HighlandHospitalWilmaChanCampus,0.32734294144,5.180000000000001,ROUTE_HighlandHospitalWilmaChanCampus,0.32734294144,5.180000000000001,ROUTE_SutterEdenMedicalCenter,0.32734294144,16.52,ROUTE_HighlandHospitalWilmaChanCampus,0.32734294144,5.180000000000001
37.56027777775077,-121.98222222217719,165.83606234486567,HEMORRHAGIC,ROUTE_SutterEdenMedicalCenter,0.33995631671112236,29.846666666666668,ROUTE_WashingtonHospitalHealthcareSystem,0.34494161358126185,2.0466666666666664,ROUTE_SutterEdenMedicalCenter,0.33995631671112236,29.846666666666668,ROUTE_WashingtonHospitalHealthcareSystem,0.34494161358126185,2.0466666666666664
37.38472222219507,-122.09277777773283,95.37320606714574,LVO,ROUTE_ElCaminoHealthMountainView,0.42095076442646706,9.636666666666667,ROUTE_ElCaminoHealthMountainView,0.42095076442646706,9.636666666666667,ROUTE_ElCaminoHealthMountainView,0.42095076442646706,9.636666666666667,ROUTE_ElCaminoHealthMountainView,0.42095076442646706,9.636666666666667
37.78277777775095,-122.43722222217755,97.48239100357351,HEMORRHAGIC,ROUTE_CPMCDaviesCampusSutter,0.4214497791961578,5.381666666666666,ROUTE_KaiserFoundationHospitalSanFrancisco,0.35751311250198853,2.933333333333333,ROUTE_CPMCDaviesCampusSutter,0.4214497791961578,5.381666666666666,ROUTE_KaiserFoundationHospitalSanFrancisco,0.35751311250198853,2.933333333333333
37.79638888886207,-122.39833333328863,75.7000037720547,HEMORRHAGIC,ROUTE_CPMCDaviesCampusSutter,0.4246209825209525,13.573333333333332,ROUTE_ChineseHospital,0.3615187098788823,3.9433333333333334,ROUTE_CPMCDaviesCampusSutter,0.4246209825209525,13.573333333333332,ROUTE_ChineseHospital,0.3615187098788823,3.9433333333333334
37.99194444441778,-122.03361111106612,38.29501878504103,HEMORRHAGIC,ROUTE_JohnMuirMedicalCenterWalnutCreekCampus,0.4328020908280779,16.221666666666668,ROUTE_JohnMuirMedicalCenterConcordCampus,0.42888504019159646,2.875,ROUTE_JohnMuirMedicalCenterWalnutCreekCampus,0.4328020908280779,16.221666666666668,ROUTE_JohnMuirMedicalCenterConcordCampus,0.42888504019159646,2.875
37.53055555552852,-121.99027777773276,241.9055585673626,HEMORRHAGIC,ROUTE_WashingtonHospitalHealthcareSystem,0.32734294144,9.168333333333333,ROUTE_WashingtonHospitalHealthcareSystem,0.32734294144,9.168333333333333,ROUTE_RegionalMedicalCenterOfSanJose,0.32734294144,25.183333333333334,ROUTE_WashingtonHospitalHealthcareSystem,0.32734294144,9.168333333333333
38.29638888886247,-122.46638888884425,30.015038332414356,HEMORRHAGIC,ROUTE_JohnMuirMedicalCenterWalnutCreekCampus,0.42289212249079966,66.66,ROUTE_SonomaValleyHospital,0.3707911552890591,2.753333333333333,ROUTE_JohnMuirMedicalCenterWalnutCreekCampus,0.42289212249079966,66.66,ROUTE_SonomaValleyHospital,0.3707911552890591,2.753333333333333
37.94472222219552,-122.01972222217722,33.95514821560559,LVO,ROUTE_JohnMuirMedicalCenterWalnutCreekCampus,0.43591729573805704,7.4366666666666665,ROUTE_JohnMuirMedicalCenterWalnutCreekCampus,0.43591729573805704,7.4366666666666665,ROUTE_JohnMuirMedicalCenterWalnutCreekCampus,0.43591729573805704,7.4366666666666665,ROUTE_JohnMuirMedicalCenterWalnutCreekCampus,0.43591729573805704,7.4366666666666665
38.12666666664011,-122.21499999995515,43.41753855664869,LVO,ROUTE_JohnMuirMedicalCenterWalnutCreekCampus,0.4277727237409824,32.413333333333334,ROUTE_SutterSolanoMedicalCenter,0.42547388001586817,7.581666666666666,ROUTE_JohnMuirMedicalCenterWalnutCreekCampus,0.4277727237409824,32.413333333333334,ROUTE_SutterSolanoMedicalCenter,0.42547388001586817,7.581666666666666
38.0258333333067,-122.55472222217765,207.28033575856816,HEMORRHAGIC,ROUTE_KaiserFoundationHospitalSanRafael,0.336062827560157,10.57,ROUTE_KaiserFoundationHospitalSanRafael,0.336062827560157,10.57,ROUTE_UCSFMedicalCenter,0.32734294144,45.04,ROUTE_KaiserFoundationHospitalSanRafael,0.336062827560157,10.57
37.791944444417624,-122.44277777773311,165.08490190198032,MIMIC,ROUTE_CPMCDaviesCampusSutter,0.4054043051661481,7.6883333333333335,ROUTE_KaiserFoundationHospitalSanFrancisco,0.3446827647955899,4.226666666666667,ROUTE_CPMCDaviesCampusSutter,0.4054043051661481,7.6883333333333335,ROUTE_KaiserFoundationHospitalSanFrancisco,0.3446827647955899,4.226666666666667
37.80999999997319,-122.2586111110663,108.45044035937609,LVO,ROUTE_SutterEdenMedicalCenter,0.41504303237298773,22.091666666666665,ROUTE_AltaBatesSummitMedicalCenterSummitCampus,0.35496253696050767,5.368333333333334,ROUTE_SutterEdenMedicalCenter,0.41504303237298773,22.091666666666665,ROUTE_AltaBatesSummitMedicalCenterSummitCampus,0.35496253696050767,5.368333333333334
37.88194444441769,-122.18611111106624,143.20519370952906,HEMORRHAGIC,ROUTE_JohnMuirMedicalCenterWalnutCreekCampus,0.40854848466782395,15.71,ROUTE_AltaBatesSummitMedicalCenterAltaBatesCampus,0.32734294144,13.021666666666667,ROUTE_JohnMuirMedicalCenterWalnutCreekCampus,0.40854848466782395,15.71,ROUTE_KaiserFoundationHospitalWalnutCreek,0.34698931349433976,13.438333333333333
37.778888888862056,-122.27833333328854,42.22684571665439,HEMORRHAGIC,ROUTE_SutterEdenMedicalCenter,0.4297578861088306,25.171666666666667,ROUTE_AlamedaHospital,0.42631241929190694,7.680000000000001,ROUTE_SutterEdenMedicalCenter,0.4297578861088306,25.171666666666667,ROUTE_AlamedaHospital,0.42631241929190694,7.680000000000001
38.297222222195806,-122.47249999995536,238.13659238098361,HEMORRHAGIC,ROUTE_SonomaValleyHospital,0.32734294144,4.1466666666666665,ROUTE_SonomaValleyHospital,0.32734294144,4.1466666666666665,ROUTE_JohnMuirMedicalCenterWalnutCreekCampus,0.32734294144,68.05333333333333,ROUTE_SonomaValleyHospital,0.32734294144,4.1466666666666665
37.976111111084435,-122.56722222217766,131.9937691272226,HEMORRHAGIC,ROUTE_UCSFMedicalCenter,0.40495772031227156,42.755,ROUTE_MarinHealthMedicalCenter,0.34966280284929446,10.128333333333334,ROUTE_UCSFMedicalCenter,0.40495772031227156,42.755,ROUTE_MarinHealthMedicalCenter,0.34966280284929446,10.128333333333334
37.571111111084114,-122.30055555551078,98.35521571799009,HEMORRHAGIC,ROUTE_MillsPeninsulaMedicalCenterSutter,0.4197663639864039,11.753333333333334,ROUTE_MillsPeninsulaMedicalCenterSutter,0.4197663639864039,11.753333333333334,ROUTE_MillsPeninsulaMedicalCenterSutter,0.4197663639864039,11.753333333333334,ROUTE_MillsPeninsulaMedicalCenterSutter,0.4197663639864039,11.753333333333334
37.37499999997284,-122.04944444439947,204.08639448153536,NLVO,ROUTE_ElCaminoHealthMountainView,0.3366521542786748,10.381666666666666,ROUTE_ElCaminoHealthMountainView,0.3366521542786748,10.381666666666666,ROUTE_ElCaminoHealthMountainView,0.3366521542786748,10.381666666666666,ROUTE_ElCaminoHealthMountainView,0.3366521542786748,10.381666666666666
37.62611111108416,-122.09638888884395,247.2653256316692,LVO,ROUTE_StRoseHospital,0.32734294144,4.65,ROUTE_StRoseHospital,0.32734294144,4.65,ROUTE_SutterEdenMedicalCenter,0.32734294144,15.845,ROUTE_KaiserFoundationHospitalSanLeandro,0.32734294144,14.151666666666667
37.742499999973134,-122.50416666662206,83.08901336269685,LVO,ROUTE_UCSFMedicalCenter,0.4232962338026642,11.853333333333333,ROUTE_UCSFMedicalCenter,0.4232962338026642,11.853333333333333,ROUTE_UCSFMedicalCenter,0.4232962338026642,11.853333333333333,ROUTE_UCSFMedicalCenter,0.4232962338026642,11.853333333333333
37.404999999972866,-122.06388888884392,47.86209131397602,LVO,ROUTE_ElCaminoHealthMountainView,0.4314535179728276,12.353333333333333,ROUTE_ElCaminoHealthMountainView,0.4314535179728276,12.353333333333333,ROUTE_ElCaminoHealthMountainView,0.4314535179728276,12.353333333333333,ROUTE_ElCaminoHealthMountainView,0.4314535179728276,12.353333333333333
38.01666666664002,-122.26388888884408,150.143185037434,LVO,ROUTE_JohnMuirMedicalCenterWalnutCreekCampus,0.34247677987354785,31.404999999999998,ROUTE_ContraCostaRegionalMedicalCenter,0.32734294144,18.358333333333334,ROUTE_JohnMuirMedicalCenterWalnutCreekCampus,0.34247677987354785,31.404999999999998,ROUTE_SutterSolanoMedicalCenter,0.3446510428168237,19.34333333333333
37.981666666639995,-122.52527777773318,180.18906474236758,LVO,ROUTE_MarinHealthMedicalCenter,0.3407154704766826,11.22,ROUTE_MarinHealthMedicalCenter,0.3407154704766826,11.22,ROUTE_UCSFMedicalCenter,0.33569350841945095,39.785,ROUTE_MarinHealthMedicalCenter,0.3407154704766826,11.22
37.97166666663999,-122.0402777777328,99.55344713753465,LVO,ROUTE_JohnMuirMedicalCenterWalnutCreekCampus,0.4191906116783334,13.036666666666667,ROUTE_JohnMuirMedicalCenterConcordCampus,0.35688289616306074,4.161666666666666,ROUTE_JohnMuirMedicalCenterWalnutCreekCampus,0.4191906116783334,13.036666666666667,ROUTE_JohnMuirMedicalCenterConcordCampus,0.35688289616306074,4.161666666666666
38.02222222219558,-122.52555555551096,101.38350551773593,LVO,ROUTE_UCSFMedicalCenter,0.41127807568918684,45.56666666666667,ROUTE_KaiserFoundationHospitalSanRafael,0.35484015454712103,13.081666666666667,ROUTE_UCSFMedicalCenter,0.41127807568918684,45.56666666666667,ROUTE_KaiserFoundationHospitalSanRafael,0.35484015454712103,13.081666666666667
37.960833333306645,-122.07694444439949,194.31588609496933,LVO,ROUTE_JohnMuirMedicalCenterWalnutCreekCampus,0.33784006259059374,13.365,ROUTE_JohnMuirMedicalCenterConcordCampus,0.3384645320532482,9.811666666666667,ROUTE_JohnMuirMedicalCenterWalnutCreekCampus,0.33784006259059374,13.365,ROUTE_JohnMuirMedicalCenterConcordCampus,0.3384645320532482,9.811666666666667
37.81472222219542,-122.23111111106628,47.33701285321899,HEMORRHAGIC,ROUTE_SutterEdenMedicalCenter,0.42913453787674183,22.706666666666667,ROUTE_HighlandHospitalWilmaChanCampus,0.425153466344119,8.629999999999999,ROUTE_SutterEdenMedicalCenter,0.42913453787674183,22.706666666666667,ROUTE_HighlandHospitalWilmaChanCampus,0.425153466344119,8.629999999999999
38.25277777775133,-121.99583333328832,184.9541313533433,LVO,ROUTE_NorthBayMedicalCenter,0.33919583575799195,15.026666666666667,ROUTE_NorthBayMedicalCenter,0.33919583575799195,15.026666666666667,ROUTE_JohnMuirMedicalCenterWalnutCreekCampus,0.32734294144,47.998333333333335,ROUTE_NorthBayMedicalCenter,0.33919583575799195,15.026666666666667
37.90027777775104,-122.28527777773299,254.055399229974,NLVO,ROUTE_KaiserFoundationHospitalRichmondCampus,0.32734294144,15.011666666666667,ROUTE_KaiserFoundationHospitalRichmondCampus,0.32734294144,15.011666666666667,ROUTE_CPMCDaviesCampusSutter,0.32734294144,33.085,ROUTE_KaiserFoundationHospitalRichmondCampus,0.32734294144,15.011666666666667
37.48305555552849,-122.21333333328849,224.4773538893708,NLVO,ROUTE_KaiserFoundationHospitalRedwoodCity,0.32734294144,4.5,ROUTE_KaiserFoundationHospitalRedwoodCity,0.32734294144,4.5,ROUTE_KaiserFoundationHospitalRedwoodCity,0.32734294144,4.5,ROUTE_KaiserFoundationHospitalRedwoodCity,0.32734294144,4.5
38.23805555552909,-122.59805555551101,132.23753462980272,MIMIC,ROUTE_UCSFMedicalCenter,0.340219802686847,61.96,ROUTE_PetalumaValleyHospitalProvidence,0.34979021124478205,9.196666666666665,ROUTE_UCSFMedicalCenter,0.340219802686847,61.96,ROUTE_PetalumaValleyHospitalProvidence,0.34979021124478205,9.196666666666665
37.36249999997283,-122.02472222217723,225.18300299657759,LVO,ROUTE_KaiserFoundationHospitalSantaClara,0.32734294144,9.485000000000001,ROUTE_KaiserFoundationHospitalSantaClara,0.32734294144,9.485000000000001,ROUTE_KaiserFoundationHospitalSantaClara,0.32734294144,9.485000000000001,ROUTE_KaiserFoundationHospitalSantaClara,0.32734294144,9.485000000000001
37.52749999997297,-122.30388888884411,33.493307216172866,HEMORRHAGIC,ROUTE_KaiserFoundationHospitalRedwoodCity,0.43401944889945476,15.886666666666667,ROUTE_SanMateoMedicalCenter,0.4074131972979226,2.8583333333333334,ROUTE_KaiserFoundationHospitalRedwoodCity,0.43401944889945476,15.886666666666667,ROUTE_KaiserFoundationHospitalRedwoodCity,0.43401944889945476,15.886666666666667
37.96194444441776,-122.34555555551081,225.83191280478863,LVO,ROUTE_KaiserFoundationHospitalRichmondCampus,0.32734294144,9.216666666666667,ROUTE_KaiserFoundationHospitalRichmondCampus,0.32734294144,9.216666666666667,ROUTE_JohnMuirMedicalCenterWalnutCreekCampus,0.32734294144,35.723333333333336,ROUTE_KaiserFoundationHospitalRichmondCampus,0.32734294144,9.216666666666667
38.24944444441799,-122.06611111106615,216.5674264887152,LVO,ROUTE_NorthBayMedicalCenter,0.335317259123114,5.575,ROUTE_NorthBayMedicalCenter,0.335317259123114,5.575,ROUTE_JohnMuirMedicalCenterWalnutCreekCampus,0.32734294144,37.513333333333335,ROUTE_NorthBayMedicalCenter,0.335317259123114,5.575
37.456388888861795,-122.1891666666218,162.93597287730634,LVO,ROUTE_StanfordHealthCare,0.40558427140309905,9.041666666666666,ROUTE_StanfordHealthCare,0.40558427140309905,9.041666666666666,ROUTE_StanfordHealthCare,0.40558427140309905,9.041666666666666,ROUTE_StanfordHealthCare,0.40558427140309905,9.041666666666666
37.97833333330666,-122.03333333328834,223.7968782767367,HEMORRHAGIC,ROUTE_JohnMuirMedicalCenterConcordCampus,0.32734294144,1.8233333333333335,ROUTE_JohnMuirMedicalCenterConcordCampus,0.32734294144,1.8233333333333335,ROUTE_JohnMuirMedicalCenterWalnutCreekCampus,0.32734294144,13.496666666666666,ROUTE_JohnMuirMedicalCenterConcordCampus,0.32734294144,1.8233333333333335
37.5838888888619,-122.0072222221772,100.41646867408807,NLVO,ROUTE_SutterEdenMedicalCenter,0.41547308734503413,28.258333333333333,ROUTE_StRoseHospital,0.32734294144,19.096666666666668,ROUTE_SutterEdenMedicalCenter,0.41547308734503413,28.258333333333333,ROUTE_WashingtonHospitalHealthcareSystem,0.35360136188408103,20.611666666666668
37.35722222219505,-122.05527777773281,146.87536601640784,HEMORRHAGIC,ROUTE_ElCaminoHealthMountainView,0.4088367191994398,10.773333333333333,ROUTE_ElCaminoHealthMountainView,0.4088367191994398,10.773333333333333,ROUTE_ElCaminoHealthMountainView,0.4088367191994398,10.773333333333333,ROUTE_ElCaminoHealthMountainView,0.4088367191994398,10.773333333333333
37.65111111108418,-122.08138888884393,178.6555394200143,NLVO,ROUTE_SutterEdenMedicalCenter,0.34015697683236973,15.896666666666667,ROUTE_StRoseHospital,0.32734294144,8.65,ROUTE_SutterEdenMedicalCenter,0.34015697683236973,15.896666666666667,ROUTE_KaiserFoundationHospitalSanLeandro,0.34025391371763114,15.35
37.48333333330626,-122.19277777773291,140.47040949177546,LVO,ROUTE_KaiserFoundationHospitalRedwoodCity,0.4107310316740807,8.873333333333333,ROUTE_KaiserFoundationHospitalRedwoodCity,0.4107310316740807,8.873333333333333,ROUTE_KaiserFoundationHospitalRedwoodCity,0.4107310316740807,8.873333333333333,ROUTE_KaiserFoundationHospitalRedwoodCity,0.4107310316740807,8.873333333333333
38.241388888862424,-122.0363888888439,267.6022640676596,MIMIC,ROUTE_NorthBayMedicalCenter,0.32734294144,9.758333333333333,ROUTE_NorthBayMedicalCenter,0.32734294144,9.758333333333333,ROUTE_JohnMuirMedicalCenterWalnutCreekCampus,0.32734294144,41.276666666666664,ROUTE_NorthBayMedicalCenter,0.32734294144,9.758333333333333
37.781388888862054,-122.40055555551086,215.74476328251012,LVO,ROUTE_ChineseHospital,0.33527804840278874,6.623333333333333,ROUTE_ChineseHospital,0.33527804840278874,6.623333333333333,ROUTE_CPMCDaviesCampusSutter,0.3349313222774108,8.625,ROUTE_ChineseHospital,0.33527804840278874,6.623333333333333
37.7783333333065,-122.48861111106649,68.40128820132861,LVO,ROUTE_UCSFMedicalCenter,0.42732550387311247,9.333333333333334,ROUTE_UCSFHealthStanyanHospital,0.42115955623670054,8.261666666666667,ROUTE_UCSFMedicalCenter,0.42732550387311247,9.333333333333334,ROUTE_UCSFHealthStanyanHospital,0.42115955623670054,8.261666666666667
37.419722222195105,-121.91194444439935,169.3104700893737,MIMIC,ROUTE_RegionalMedicalCenterOfSanJose,0.34217859766713415,13.901666666666667,ROUTE_OConnorHospital,0.34255539205108365,11.8,ROUTE_RegionalMedicalCenterOfSanJose,0.34217859766713415,13.901666666666667,ROUTE_OConnorHospital,0.34255539205108365,11.8
37.72499999997312,-122.41944444439976,161.01871302126634,HEMORRHAGIC,ROUTE_CPMCDaviesCampusSutter,0.40500700731722367,13.511666666666667,ROUTE_CPMCMissionBernalCampusSutter,0.34487340118581633,7.239999999999999,ROUTE_CPMCDaviesCampusSutter,0.40500700731722367,13.511666666666667,ROUTE_CPMCMissionBernalCampusSutter,0.34487340118581633,7.239999999999999
37.394722222195085,-122.11194444439951,130.4486410549032,LVO,ROUTE_ElCaminoHealthMountainView,0.41171192874644746,14.604999999999999,ROUTE_ElCaminoHealthMountainView,0.41171192874644746,14.604999999999999,ROUTE_ElCaminoHealthMountainView,0.41171192874644746,14.604999999999999,ROUTE_ElCaminoHealthMountainView,0.41171192874644746,14.604999999999999
37.805277777750966,-121.9847222221772,113.27419761217752,HEMORRHAGIC,ROUTE_JohnMuirMedicalCenterWalnutCreekCampus,0.41470529852201093,18.735,ROUTE_SanRamonRegionalMedicalCenter,0.35305327026216343,10.668333333333333,ROUTE_JohnMuirMedicalCenterWalnutCreekCampus,0.41470529852201093,18.735,ROUTE_SanRamonRegionalMedicalCenter,0.35305327026216343,10.668333333333333
37.37944444441729,-122.13694444439953,104.32994020020692,LVO,ROUTE_ElCaminoHealthMountainView,0.41758537182412,15.193333333333333,ROUTE_ElCaminoHealthMountainView,0.41758537182412,15.193333333333333,ROUTE_ElCaminoHealthMountainView,0.41758537182412,15.193333333333333,ROUTE_ElCaminoHealthMountainView,0.41758537182412,15.193333333333333
37.68194444441753,-121.87499999995488,170.56169350532437,HEMORRHAGIC,ROUTE_SutterEdenMedicalCenter,0.34050567744507804,22.026666666666664,ROUTE_StanfordHealthCareTriValley,0.34369651974467225,4.205,ROUTE_SutterEdenMedicalCenter,0.34050567744507804,22.026666666666664,ROUTE_StanfordHealthCareTriValley,0.34369651974467225,4.205
37.711388888862004,-122.43222222217756,63.01835516223133,LVO,ROUTE_CPMCDaviesCampusSutter,0.4268739396331863,16.64,ROUTE_CPMCMissionBernalCampusSutter,0.42171527264750636,10.368333333333334,ROUTE_CPMCDaviesCampusSutter,0.4268739396331863,16.64,ROUTE_CPMCMissionBernalCampusSutter,0.42171527264750636,10.368333333333334
37.3641666666395,-122.10805555551063,86.45155974933226,HEMORRHAGIC,ROUTE_ElCaminoHealthMountainView,0.42260763942484586,11.441666666666666,ROUTE_ElCaminoHealthMountainView,0.42260763942484586,11.441666666666666,ROUTE_ElCaminoHealthMountainView,0.42260763942484586,11.441666666666666,ROUTE_ElCaminoHealthMountainView,0.42260763942484586,11.441666666666666
37.76527777775093,-122.44527777773311,123.10689343682557,HEMORRHAGIC,ROUTE_UCSFMedicalCenter,0.4160548722299168,3.0433333333333334,ROUTE_UCSFMedicalCenter,0.4160548722299168,3.0433333333333334,ROUTE_UCSFMedicalCenter,0.4160548722299168,3.0433333333333334,ROUTE_UCSFMedicalCenter,0.4160548722299168,3.0433333333333334
37.92999999997329,-121.68222222217695,214.3998136033411,HEMORRHAGIC,ROUTE_KaiserFoundationHospitalAntioch,0.32734294144,17.125,ROUTE_KaiserFoundationHospitalAntioch,0.32734294144,17.125,ROUTE_JohnMuirMedicalCenterWalnutCreekCampus,0.32734294144,43.105000000000004,ROUTE_KaiserFoundationHospitalAntioch,0.32734294144,17.125
37.74999999997314,-122.41694444439976,114.0157564625257,LVO,ROUTE_CPMCDaviesCampusSutter,0.41693109217928026,8.338333333333333,ROUTE_CPMCMissionBernalCampusSutter,0.3543600553035288,2.9883333333333337,ROUTE_CPMCDaviesCampusSutter,0.41693109217928026,8.338333333333333,ROUTE_CPMCMissionBernalCampusSutter,0.3543600553035288,2.9883333333333337
37.71722222219534,-121.88972222217711,262.2127588911495,NLVO,ROUTE_StanfordHealthCareTriValley,0.32734294144,8.461666666666666,ROUTE_StanfordHealthCareTriValley,0.32734294144,8.461666666666666,ROUTE_SutterEdenMedicalCenter,0.32734294144,19.41166666666667,ROUTE_StanfordHealthCareTriValley,0.32734294144,8.461666666666666
37.564166666639665,-121.98666666662164,267.0096401849509,LVO,ROUTE_WashingtonHospitalHealthcareSystem,0.32734294144,5.015,ROUTE_WashingtonHospitalHealthcareSystem,0.32734294144,5.015,ROUTE_SutterEdenMedicalCenter,0.32734294144,28.69,ROUTE_WashingtonHospitalHealthcareSystem,0.32734294144,5.015
38.027499999973365,-121.89055555551045,50.308489163922864,HEMORRHAGIC,ROUTE_JohnMuirMedicalCenterWalnutCreekCampus,0.42762306000730654,26.16,ROUTE_SutterDeltaMedicalCenter,0.3403131949725998,14.443333333333333,ROUTE_JohnMuirMedicalCenterWalnutCreekCampus,0.42762306000730654,26.16,ROUTE_JohnMuirMedicalCenterConcordCampus,0.4228330585567471,16.4
37.48722222219516,-122.4430555555109,211.44504453392221,LVO,ROUTE_SanMateoMedicalCenter,0.32734294144,32.085,ROUTE_SanMateoMedicalCenter,0.32734294144,32.085,ROUTE_MillsPeninsulaMedicalCenterSutter,0.32734294144,32.295,ROUTE_MillsPeninsulaMedicalCenterSutter,0.32734294144,32.295
37.96999999997332,-121.75944444439924,76.23476854256853,HEMORRHAGIC,ROUTE_JohnMuirMedicalCenterWalnutCreekCampus,0.4193949898308855,35.475,ROUTE_KaiserFoundationHospitalAntioch,0.36059595466700706,8.165,ROUTE_JohnMuirMedicalCenterWalnutCreekCampus,0.4193949898308855,35.475,ROUTE_KaiserFoundationHospitalAntioch,0.36059595466700706,8.165
37.78194444441761,-122.4138888888442,107.22520526713593,LVO,ROUTE_CPMCDaviesCampusSutter,0.4185376600314914,8.183333333333334,ROUTE_UCSFHealthHydeHospital,0.3556874914800702,2.77,ROUTE_CPMCDaviesCampusSutter,0.4185376600314914,8.183333333333334,ROUTE_UCSFHealthHydeHospital,0.3556874914800702,2.77
37.798333333306516,-121.94138888884383,162.65491519895014,LVO,ROUTE_JohnMuirMedicalCenterWalnutCreekCampus,0.341323942174425,25.33833333333333,ROUTE_SanRamonRegionalMedicalCenter,0.3432534251870718,14.571666666666665,ROUTE_JohnMuirMedicalCenterWalnutCreekCampus,0.341323942174425,25.33833333333333,ROUTE_SanRamonRegionalMedicalCenter,0.3432534251870718,14.571666666666665
37.793333333306514,-122.41083333328865,244.9527770760577,MIMIC,ROUTE_ChineseHospital,0.32734294144,1.4133333333333333,ROUTE_ChineseHospital,0.32734294144,1.4133333333333333,ROUTE_CPMCDaviesCampusSutter,0.32734294144,10.606666666666666,ROUTE_ChineseHospital,0.32734294144,1.4133333333333333
37.773333333306496,-122.20027777773292,198.8603965639148,MIMIC,ROUTE_HighlandHospitalWilmaChanCampus,0.33750737665408337,10.716666666666667,ROUTE_HighlandHospitalWilmaChanCampus,0.33750737665408337,10.716666666666667,ROUTE_SutterEdenMedicalCenter,0.3361057745704932,18.743333333333332,ROUTE_HighlandHospitalWilmaChanCampus,0.33750737665408337,10.716666666666667
37.4866666666396,-121.92361111106604,263.55443280393604,MIMIC,ROUTE_KaiserFoundationHospitalFremont,0.32734294144,16.253333333333334,ROUTE_KaiserFoundationHospitalFremont,0.32734294144,16.253333333333334,ROUTE_RegionalMedicalCenterOfSanJose,0.32734294144,16.875,ROUTE_KaiserFoundationHospitalFremont,0.32734294144,16.253333333333334
38.24888888886243,-122.59638888884434,90.67774245159674,MIMIC,ROUTE_UCSFMedicalCenter,0.40950470199239264,64.04,ROUTE_PetalumaValleyHospitalProvidence,0.3577334897030514,8.586666666666668,ROUTE_UCSFMedicalCenter,0.40950470199239264,64.04,ROUTE_PetalumaValleyHospitalProvidence,0.3577334897030514,8.586666666666668
37.810833333306526,-122.23583333328851,264.6192476061357,LVO,ROUTE_HighlandHospitalWilmaChanCampus,0.32734294144,6.213333333333334,ROUTE_HighlandHospitalWilmaChanCampus,0.32734294144,6.213333333333334,ROUTE_SutterEdenMedicalCenter,0.32734294144,20.290000000000003,ROUTE_HighlandHospitalWilmaChanCampus,0.32734294144,6.213333333333334
37.74222222219536,-122.41194444439975,86.49574702576614,NLVO,ROUTE_CPMCDaviesCampusSutter,0.4228077157238249,10.54,ROUTE_CPMCMissionBernalCampusSutter,0.359199142186786,5.136666666666667,ROUTE_CPMCDaviesCampusSutter,0.4228077157238249,10.54,ROUTE_CPMCMissionBernalCampusSutter,0.359199142186786,5.136666666666667
37.501666666639615,-122.46166666662202,41.25998566114628,LVO,ROUTE_MillsPeninsulaMedicalCenterSutter,0.4274042699724014,36.14,ROUTE_SanMateoMedicalCenter,0.3367587941262626,35.93,ROUTE_MillsPeninsulaMedicalCenterSutter,0.4274042699724014,36.14,ROUTE_MillsPeninsulaMedicalCenterSutter,0.4274042699724014,36.14
37.782222222195394,-122.4405555555109,237.6212504986468,HEMORRHAGIC,ROUTE_KaiserFoundationHospitalSanFrancisco,0.32734294144,2.07,ROUTE_KaiserFoundationHospitalSanFrancisco,0.32734294144,2.07,ROUTE_CPMCDaviesCampusSutter,0.32734294144,5.04,ROUTE_KaiserFoundationHospitalSanFrancisco,0.32734294144,2.07
38.08249999997341,-122.55083333328875,190.73399633684824,LVO,ROUTE_NovatoCommunityHospitalSutter,0.33934582678262293,8.398333333333333,ROUTE_NovatoCommunityHospitalSutter,0.33934582678262293,8.398333333333333,ROUTE_UCSFMedicalCenter,0.32734294144,47.56666666666667,ROUTE_NovatoCommunityHospitalSutter,0.33934582678262293,8.398333333333333
37.93666666663996,-122.36333333328861,196.26135763724912,HEMORRHAGIC,ROUTE_KaiserFoundationHospitalRichmondCampus,0.33959905070206536,1.4383333333333332,ROUTE_KaiserFoundationHospitalRichmondCampus,0.33959905070206536,1.4383333333333332,ROUTE_CPMCDaviesCampusSutter,0.32734294144,33.88,ROUTE_KaiserFoundationHospitalRichmondCampus,0.33959905070206536,1.4383333333333332
37.549444444417425,-122.26277777773296,199.2201062123693,LVO,ROUTE_MillsPeninsulaMedicalCenterSutter,0.3362838712552136,17.36,ROUTE_SanMateoMedicalCenter,0.32734294144,12.395000000000001,ROUTE_MillsPeninsulaMedicalCenterSutter,0.3362838712552136,17.36,ROUTE_MillsPeninsulaMedicalCenterSutter,0.3362838712552136,17.36
37.650833333306394,-122.08138888884393,173.5021979331596,HEMORRHAGIC,ROUTE_SutterEdenMedicalCenter,0.34103690017993143,16.101666666666667,ROUTE_StRoseHospital,0.32734294144,7.708333333333333,ROUTE_SutterEdenMedicalCenter,0.34103690017993143,16.101666666666667,ROUTE_KaiserFoundationHospitalSanLeandro,0.34133878956264524,14.408333333333333
37.77722222219539,-122.46472222217757,100.43180520910221,LVO,ROUTE_UCSFMedicalCenter,0.42046525762342246,6.666666666666667,ROUTE_UCSFHealthStanyanHospital,0.3567973254976454,3.731666666666667,ROUTE_UCSFMedicalCenter,0.42046525762342246,6.666666666666667,ROUTE_UCSFHealthStanyanHospital,0.3567973254976454,3.731666666666667
37.762777777750934,-122.39666666662197,163.5354339657516,LVO,ROUTE_CPMCDaviesCampusSutter,0.40506818004572587,10.725,ROUTE_ZuckerbergSanFranciscoGeneralHospital,0.3446698365596171,5.846666666666667,ROUTE_CPMCDaviesCampusSutter,0.40506818004572587,10.725,ROUTE_ZuckerbergSanFranciscoGeneralHospital,0.3446698365596171,5.846666666666667
38.00083333330668,-121.81249999995484,246.4062290455925,HEMORRHAGIC,ROUTE_SutterDeltaMedicalCenter,0.32734294144,7.239999999999999,ROUTE_SutterDeltaMedicalCenter,0.32734294144,7.239999999999999,ROUTE_JohnMuirMedicalCenterWalnutCreekCampus,0.32734294144,29.383333333333333,ROUTE_KaiserFoundationHospitalAntioch,0.32734294144,13.093333333333334
38.15499999997347,-122.23694444439961,160.8280923701963,HEMORRHAGIC,ROUTE_JohnMuirMedicalCenterWalnutCreekCampus,0.3401840887739784,33.571666666666665,ROUTE_SutterSolanoMedicalCenter,0.34477064076941444,7.998333333333333,ROUTE_JohnMuirMedicalCenterWalnutCreekCampus,0.3401840887739784,33.571666666666665,ROUTE_SutterSolanoMedicalCenter,0.34477064076941444,7.998333333333333
37.743888888862024,-122.44527777773311,199.31308389649246,LVO,ROUTE_CPMCDaviesCampusSutter,0.337670170654157,9.335,ROUTE_CPMCMissionBernalCampusSutter,0.3380409993299783,7.223333333333333,ROUTE_CPMCDaviesCampusSutter,0.337670170654157,9.335,ROUTE_CPMCMissionBernalCampusSutter,0.3380409993299783,7.223333333333333
37.53749999997297,-122.022499999955,43.86655615276723,NLVO,ROUTE_SutterEdenMedicalCenter,0.42988453345985567,22.995,ROUTE_WashingtonHospitalHealthcareSystem,0.42418373070301624,13.288333333333332,ROUTE_SutterEdenMedicalCenter,0.42988453345985567,22.995,ROUTE_WashingtonHospitalHealthcareSystem,0.42418373070301624,13.288333333333332
37.802499999973186,-122.2422222221774,227.1253077558249,LVO,ROUTE_HighlandHospitalWilmaChanCampus,0.32734294144,3.1766666666666667,ROUTE_HighlandHospitalWilmaChanCampus,0.32734294144,3.1766666666666667,ROUTE_SutterEdenMedicalCenter,0.32734294144,18.86,ROUTE_HighlandHospitalWilmaChanCampus,0.32734294144,3.1766666666666667
38.10777777775121,-122.20388888884403,88.64934709798501,HEMORRHAGIC,ROUTE_JohnMuirMedicalCenterWalnutCreekCampus,0.4179143694421097,29.451666666666664,ROUTE_SutterSolanoMedicalCenter,0.35782277472534757,10.148333333333333,ROUTE_JohnMuirMedicalCenterWalnutCreekCampus,0.4179143694421097,29.451666666666664,ROUTE_SutterSolanoMedicalCenter,0.35782277472534757,10.148333333333333
37.764999999973156,-122.42583333328865,232.04164590494204,HEMORRHAGIC,ROUTE_CPMCDaviesCampusSutter,0.32734294144,4.013333333333334,ROUTE_CPMCDaviesCampusSutter,0.32734294144,4.013333333333334,ROUTE_CPMCDaviesCampusSutter,0.32734294144,4.013333333333334,ROUTE_CPMCDaviesCampusSutter,0.32734294144,4.013333333333334
37.90416666663993,-122.07138888884393,224.6927181955004,MIMIC,ROUTE_KaiserFoundationHospitalWalnutCreek,0.32734294144,8.2,ROUTE_KaiserFoundationHospitalWalnutCreek,0.32734294144,8.2,ROUTE_JohnMuirMedicalCenterWalnutCreekCampus,0.32734294144,9.293333333333333,ROUTE_KaiserFoundationHospitalWalnutCreek,0.32734294144,8.2
37.70972222219533,-121.8683333332882,222.7695337425735,MIMIC,ROUTE_StanfordHealthCareTriValley,0.32734294144,6.194999999999999,ROUTE_StanfordHealthCareTriValley,0.32734294144,6.194999999999999,ROUTE_SutterEdenMedicalCenter,0.32734294144,18.403333333333332,ROUTE_StanfordHealthCareTriValley,0.32734294144,6.194999999999999
37.68472222219531,-121.86416666662154,77.47049330490701,HEMORRHAGIC,ROUTE_SutterEdenMedicalCenter,0.42162001346917644,24.663333333333334,ROUTE_StanfordHealthCareTriValley,0.36061298592066277,6.841666666666667,ROUTE_SutterEdenMedicalCenter,0.42162001346917644,24.663333333333334,ROUTE_StanfordHealthCareTriValley,0.36061298592066277,6.841666666666667
37.66499999997308,-121.86166666662155,115.9263645843351,LVO,ROUTE_SutterEdenMedicalCenter,0.4124341267668659,25.973333333333336,ROUTE_StanfordHealthCareTriValley,0.35240182658506425,11.488333333333333,ROUTE_SutterEdenMedicalCenter,0.4124341267668659,25.973333333333336,ROUTE_StanfordHealthCareTriValley,0.35240182658506425,11.488333333333333
37.9172222221955,-122.05805555551059,218.31268297292473,HEMORRHAGIC,ROUTE_JohnMuirMedicalCenterWalnutCreekCampus,0.3349709123874734,5.828333333333333,ROUTE_JohnMuirMedicalCenterWalnutCreekCampus,0.3349709123874734,5.828333333333333,ROUTE_JohnMuirMedicalCenterWalnutCreekCampus,0.3349709123874734,5.828333333333333,ROUTE_JohnMuirMedicalCenterWalnutCreekCampus,0.3349709123874734,5.828333333333333
37.41305555552843,-121.96222222217718,242.56016931835268,LVO,ROUTE_OConnorHospital,0.32734294144,17.971666666666668,ROUTE_OConnorHospital,0.32734294144,17.971666666666668,ROUTE_RegionalMedicalCenterOfSanJose,0.32734294144,20.001666666666665,ROUTE_OConnorHospital,0.32734294144,17.971666666666668
38.01249999997335,-121.94638888884383,54.49775097706773,LVO,ROUTE_JohnMuirMedicalCenterWalnutCreekCampus,0.4273946932608856,22.94333333333333,ROUTE_JohnMuirMedicalCenterConcordCampus,0.4226038690991558,13.183333333333334,ROUTE_JohnMuirMedicalCenterWalnutCreekCampus,0.4273946932608856,22.94333333333333,ROUTE_JohnMuirMedicalCenterConcordCampus,0.4226038690991558,13.183333333333334
37.80555555552874,-122.43749999995534,123.21801265048887,NLVO,ROUTE_CPMCDaviesCampusSutter,0.4143192709329691,10.47,ROUTE_UCSFHealthHydeHospital,0.3520148768723007,6.265,ROUTE_CPMCDaviesCampusSutter,0.4143192709329691,10.47,ROUTE_UCSFHealthHydeHospital,0.3520148768723007,6.265
37.94361111108441,-121.6941666666214,267.8487842524289,LVO,ROUTE_KaiserFoundationHospitalAntioch,0.32734294144,14.321666666666665,ROUTE_KaiserFoundationHospitalAntioch,0.32734294144,14.321666666666665,ROUTE_JohnMuirMedicalCenterWalnutCreekCampus,0.32734294144,40.54,ROUTE_KaiserFoundationHospitalAntioch,0.32734294144,14.321666666666665
37.62277777775082,-122.429166666622,108.97468400621287,MIMIC,ROUTE_MillsPeninsulaMedicalCenterSutter,0.41793160500775167,9.051666666666668,ROUTE_KaiserFoundationHospitalSouthSanFrancisco,0.3541909414028116,8.925,ROUTE_MillsPeninsulaMedicalCenterSutter,0.41793160500775167,9.051666666666668,ROUTE_KaiserFoundationHospitalSouthSanFrancisco,0.3541909414028116,8.925
37.992777777751115,-121.87166666662155,106.83744579340511,LVO,ROUTE_JohnMuirMedicalCenterWalnutCreekCampus,0.4141405809241214,27.628333333333334,ROUTE_SutterDeltaMedicalCenter,0.32734294144,15.528333333333334,ROUTE_JohnMuirMedicalCenterWalnutCreekCampus,0.4141405809241214,27.628333333333334,ROUTE_KaiserFoundationHospitalAntioch,0.35236687741612815,20.765
37.92388888886217,-122.02277777773278,89.29530492745869,LVO,ROUTE_JohnMuirMedicalCenterWalnutCreekCampus,0.42379715891188613,3.5016666666666665,ROUTE_JohnMuirMedicalCenterWalnutCreekCampus,0.42379715891188613,3.5016666666666665,ROUTE_JohnMuirMedicalCenterWalnutCreekCampus,0.42379715891188613,3.5016666666666665,ROUTE_JohnMuirMedicalCenterWalnutCreekCampus,0.42379715891188613,3.5016666666666665
37.36944444441728,-122.02305555551055,44.763050492612166,LVO,ROUTE_KaiserFoundationHospitalSantaClara,0.43232381606601783,11.773333333333333,ROUTE_KaiserFoundationHospitalSantaClara,0.43232381606601783,11.773333333333333,ROUTE_KaiserFoundationHospitalSantaClara,0.43232381606601783,11.773333333333333,ROUTE_KaiserFoundationHospitalSantaClara,0.43232381606601783,11.773333333333333
37.655833333306404,-122.41083333328865,120.43619298097941,LVO,ROUTE_MillsPeninsulaMedicalCenterSutter,0.41491095712583603,10.68,ROUTE_KaiserFoundationHospitalSouthSanFrancisco,0.352352034902762,7.245,ROUTE_MillsPeninsulaMedicalCenterSutter,0.41491095712583603,10.68,ROUTE_KaiserFoundationHospitalSouthSanFrancisco,0.352352034902762,7.245
37.88361111108436,-122.12083333328842,81.4208828531865,LVO,ROUTE_JohnMuirMedicalCenterWalnutCreekCampus,0.4233422876881199,13.323333333333332,ROUTE_KaiserFoundationHospitalWalnutCreek,0.3590371325301474,11.053333333333335,ROUTE_JohnMuirMedicalCenterWalnutCreekCampus,0.4233422876881199,13.323333333333332,ROUTE_KaiserFoundationHospitalWalnutCreek,0.3590371325301474,11.053333333333335
37.38388888886174,-122.02277777773278,244.59958549826518,LVO,ROUTE_KaiserFoundationHospitalSantaClara,0.32734294144,11.911666666666667,ROUTE_KaiserFoundationHospitalSantaClara,0.32734294144,11.911666666666667,ROUTE_KaiserFoundationHospitalSantaClara,0.32734294144,11.911666666666667,ROUTE_KaiserFoundationHospitalSantaClara,0.32734294144,11.911666666666667
37.611944444417475,-122.41833333328866,66.90467727537174,HEMORRHAGIC,ROUTE_MillsPeninsulaMedicalCenterSutter,0.4276186290801288,9.583333333333334,ROUTE_MillsPeninsulaMedicalCenterSutter,0.4276186290801288,9.583333333333334,ROUTE_MillsPeninsulaMedicalCenterSutter,0.4276186290801288,9.583333333333334,ROUTE_MillsPeninsulaMedicalCenterSutter,0.4276186290801288,9.583333333333334
37.62694444441749,-122.06027777773281,255.97623926981495,LVO,ROUTE_StRoseHospital,0.32734294144,7.781666666666666,ROUTE_StRoseHospital,0.32734294144,7.781666666666666,ROUTE_SutterEdenMedicalCenter,0.32734294144,18.473333333333336,ROUTE_KaiserFoundationHospitalSanLeandro,0.32734294144,16.779999999999998
37.664722222195294,-122.11666666662174,269.22173908396763,HEMORRHAGIC,ROUTE_StRoseHospital,0.32734294144,7.194999999999999,ROUTE_StRoseHospital,0.32734294144,7.194999999999999,ROUTE_SutterEdenMedicalCenter,0.32734294144,12.551666666666668,ROUTE_KaiserFoundationHospitalSanLeandro,0.32734294144,10.858333333333333
37.799722222195406,-122.44194444439978,56.49312594063623,MIMIC,ROUTE_CPMCDaviesCampusSutter,0.43026553866241524,8.753333333333334,ROUTE_KaiserFoundationHospitalSanFrancisco,0.42459881683701317,5.291666666666667,ROUTE_CPMCDaviesCampusSutter,0.43026553866241524,8.753333333333334,ROUTE_KaiserFoundationHospitalSanFrancisco,0.42459881683701317,5.291666666666667
38.259444444417994,-122.63333333328882,216.18261538668776,HEMORRHAGIC,ROUTE_PetalumaValleyHospitalProvidence,0.335908368143326,2.555,ROUTE_PetalumaValleyHospitalProvidence,0.335908368143326,2.555,ROUTE_UCSFMedicalCenter,0.32734294144,62.309999999999995,ROUTE_PetalumaValleyHospitalProvidence,0.335908368143326,2.555
37.728055555528684,-122.15722222217732,118.21685676343003,HEMORRHAGIC,ROUTE_SutterEdenMedicalCenter,0.41460092715320324,14.246666666666666,ROUTE_SanLeandroHospitalAlamedaHealthSystem,0.32734294144,5.925,ROUTE_SutterEdenMedicalCenter,0.41460092715320324,14.246666666666666,ROUTE_KaiserFoundationHospitalSanLeandro,0.35213188647198285,10.639999999999999
37.709999999973114,-121.92833333328826,88.42020824406043,LVO,ROUTE_SutterEdenMedicalCenter,0.4209723895794561,16.496666666666666,ROUTE_StanfordHealthCareTriValley,0.3577510483313444,10.753333333333334,ROUTE_SutterEdenMedicalCenter,0.4209723895794561,16.496666666666666,ROUTE_StanfordHealthCareTriValley,0.3577510483313444,10.753333333333334
37.94722222219552,-121.72527777773254,99.34031773685817,HEMORRHAGIC,ROUTE_JohnMuirMedicalCenterWalnutCreekCampus,0.4133322331654546,38.64333333333333,ROUTE_KaiserFoundationHospitalAntioch,0.3553514036687189,12.425,ROUTE_JohnMuirMedicalCenterWalnutCreekCampus,0.4133322331654546,38.64333333333333,ROUTE_KaiserFoundationHospitalAntioch,0.3553514036687189,12.425
37.721666666639784,-122.48444444439981,79.90781501181749,MIMIC,ROUTE_UCSFMedicalCenter,0.4237583408560487,13.055,ROUTE_AHMCSetonMedicalCenter,0.3597832996486461,8.695,ROUTE_UCSFMedicalCenter,0.4237583408560487,13.055,ROUTE_AHMCSetonMedicalCenter,0.3597832996486461,8.695
37.650277777750844,-122.08749999995506,56.36382787012525,LVO,ROUTE_SutterEdenMedicalCenter,0.429078327869987,13.918333333333333,ROUTE_StRoseHospital,0.4020509194080141,5.526666666666667,ROUTE_SutterEdenMedicalCenter,0.429078327869987,13.918333333333333,ROUTE_KaiserFoundationHospitalSanLeandro,0.4224797169485802,12.225
37.51111111108406,-122.47416666662203,196.92630033967743,LVO,ROUTE_AHMCSetonMedicalCenter,0.32734294144,36.79,ROUTE_AHMCSetonMedicalCenter,0.32734294144,36.79,ROUTE_MillsPeninsulaMedicalCenterSutter,0.32734294144,39.086666666666666,ROUTE_AHMCSetonMedicalCenter,0.32734294144,36.79
37.38499999997285,-122.09666666662173,168.89222985252505,HEMORRHAGIC,ROUTE_ElCaminoHealthMountainView,0.40436123229701504,8.496666666666666,ROUTE_ElCaminoHealthMountainView,0.40436123229701504,8.496666666666666,ROUTE_ElCaminoHealthMountainView,0.40436123229701504,8.496666666666666,ROUTE_ElCaminoHealthMountainView,0.40436123229701504,8.496666666666666
37.984444444417775,-121.82972222217707,76.49530645223942,LVO,ROUTE_JohnMuirMedicalCenterWalnutCreekCampus,0.4203859556339163,30.945,ROUTE_SutterDeltaMedicalCenter,0.3372418481791795,5.678333333333333,ROUTE_JohnMuirMedicalCenterWalnutCreekCampus,0.4203859556339163,30.945,ROUTE_KaiserFoundationHospitalAntioch,0.3599262875783514,11.366666666666667
37.561944444417435,-122.30555555551078,243.9990488830236,NLVO,ROUTE_SanMateoMedicalCenter,0.32734294144,10.18,ROUTE_SanMateoMedicalCenter,0.32734294144,10.18,ROUTE_MillsPeninsulaMedicalCenterSutter,0.32734294144,13.188333333333333,ROUTE_MillsPeninsulaMedicalCenterSutter,0.32734294144,13.188333333333333
37.97999999997333,-122.5224999999554,82.43673080809214,HEMORRHAGIC,ROUTE_UCSFMedicalCenter,0.4175915863763472,37.059999999999995,ROUTE_MarinHealthMedicalCenter,0.35904437952265594,10.0,ROUTE_UCSFMedicalCenter,0.4175915863763472,37.059999999999995,ROUTE_MarinHealthMedicalCenter,0.35904437952265594,10.0
37.68333333330642,-122.47722222217759,47.90884986502209,NLVO,ROUTE_MillsPeninsulaMedicalCenterSutter,0.43062980552565855,15.795,ROUTE_AHMCSetonMedicalCenter,0.4265327867108314,2.8616666666666664,ROUTE_MillsPeninsulaMedicalCenterSutter,0.43062980552565855,15.795,ROUTE_AHMCSetonMedicalCenter,0.4265327867108314,2.8616666666666664
37.79361111108429,-122.40638888884419,86.74212022497893,LVO,ROUTE_CPMCDaviesCampusSutter,0.4224625408319066,11.775,ROUTE_ChineseHospital,0.35984267175500284,1.5533333333333335,ROUTE_CPMCDaviesCampusSutter,0.4224625408319066,11.775,ROUTE_ChineseHospital,0.35984267175500284,1.5533333333333335
37.75888888886204,-122.45166666662202,184.27795847323878,LVO,ROUTE_UCSFMedicalCenter,0.341312902986529,3.7766666666666664,ROUTE_UCSFMedicalCenter,0.341312902986529,3.7766666666666664,ROUTE_UCSFMedicalCenter,0.341312902986529,3.7766666666666664,ROUTE_UCSFMedicalCenter,0.341312902986529,3.7766666666666664
37.82166666663987,-121.9972222221772,33.09396136124494,LVO,ROUTE_JohnMuirMedicalCenterWalnutCreekCampus,0.4339237296369901,16.69,ROUTE_KaiserFoundationHospitalWalnutCreek,0.42860695416032374,11.078333333333335,ROUTE_JohnMuirMedicalCenterWalnutCreekCampus,0.4339237296369901,16.69,ROUTE_KaiserFoundationHospitalWalnutCreek,0.42860695416032374,11.078333333333335
37.721111111084234,-121.85388888884376,254.038160265658,HEMORRHAGIC,ROUTE_StanfordHealthCareTriValley,0.32734294144,10.366666666666667,ROUTE_StanfordHealthCareTriValley,0.32734294144,10.366666666666667,ROUTE_SutterEdenMedicalCenter,0.32734294144,22.543333333333333,ROUTE_StanfordHealthCareTriValley,0.32734294144,10.366666666666667
38.28416666664024,-122.2699999999552,66.88418644960728,HEMORRHAGIC,ROUTE_JohnMuirMedicalCenterWalnutCreekCampus,0.4183809299959485,49.2,ROUTE_ProvidenceQueenOfTheValleyMedicalCenter,0.36185704831535,11.020000000000001,ROUTE_JohnMuirMedicalCenterWalnutCreekCampus,0.4183809299959485,49.2,ROUTE_ProvidenceQueenOfTheValleyMedicalCenter,0.36185704831535,11.020000000000001
37.64277777775084,-122.44638888884423,50.28609224642433,LVO,ROUTE_MillsPeninsulaMedicalCenterSutter,0.4313879699843587,10.206666666666667,ROUTE_KaiserFoundationHospitalSouthSanFrancisco,0.4243272669217495,9.635,ROUTE_MillsPeninsulaMedicalCenterSutter,0.4313879699843587,10.206666666666667,ROUTE_KaiserFoundationHospitalSouthSanFrancisco,0.4243272669217495,9.635
37.761388888862044,-122.44249999995533,192.51590347772407,HEMORRHAGIC,ROUTE_CPMCDaviesCampusSutter,0.33978740557103987,4.12,ROUTE_CPMCDaviesCampusSutter,0.33978740557103987,4.12,ROUTE_CPMCDaviesCampusSutter,0.33978740557103987,4.12,ROUTE_CPMCDaviesCampusSutter,0.33978740557103987,4.12
37.600277777750804,-122.01638888884389,64.38214716989569,HEMORRHAGIC,ROUTE_SutterEdenMedicalCenter,0.424769614857428,24.255,ROUTE_StRoseHospital,0.3367518982714199,15.093333333333334,ROUTE_SutterEdenMedicalCenter,0.424769614857428,24.255,ROUTE_WashingtonHospitalHealthcareSystem,0.361510097990107,15.305
38.013611111084465,-121.93972222217715,103.31162898552648,HEMORRHAGIC,ROUTE_JohnMuirMedicalCenterWalnutCreekCampus,0.4162624944793292,21.94,ROUTE_JohnMuirMedicalCenterConcordCampus,0.35464605532019966,12.178333333333335,ROUTE_JohnMuirMedicalCenterWalnutCreekCampus,0.4162624944793292,21.94,ROUTE_JohnMuirMedicalCenterConcordCampus,0.35464605532019966,12.178333333333335
37.793333333306514,-121.99027777773276,69.39484762919182,HEMORRHAGIC,ROUTE_JohnMuirMedicalCenterWalnutCreekCampus,0.42425268256383747,21.453333333333333,ROUTE_SanRamonRegionalMedicalCenter,0.3616670461348594,9.485000000000001,ROUTE_JohnMuirMedicalCenterWalnutCreekCampus,0.42425268256383747,21.453333333333333,ROUTE_SanRamonRegionalMedicalCenter,0.3616670461348594,9.485000000000001
37.43194444441733,-121.91611111106603,196.86961350126,LVO,ROUTE_OConnorHospital,0.3372841514103064,13.983333333333333,ROUTE_OConnorHospital,0.3372841514103064,13.983333333333333,ROUTE_RegionalMedicalCenterOfSanJose,0.3371543656604406,14.723333333333333,ROUTE_OConnorHospital,0.3372841514103064,13.983333333333333
37.5372222221952,-122.04388888884391,53.610839749484,NLVO,ROUTE_SutterEdenMedicalCenter,0.4270126852273084,25.456666666666667,ROUTE_StRoseHospital,0.400258303319342,16.293333333333333,ROUTE_SutterEdenMedicalCenter,0.4270126852273084,25.456666666666667,ROUTE_WashingtonHospitalHealthcareSystem,0.36332918225109784,16.75
37.43777777775067,-122.20249999995515,51.66962330679241,LVO,ROUTE_StanfordHealthCare,0.43102161868815525,10.375,ROUTE_StanfordHealthCare,0.43102161868815525,10.375,ROUTE_StanfordHealthCare,0.43102161868815525,10.375,ROUTE_StanfordHealthCare,0.43102161868815525,10.375
37.83416666663988,-122.2649999999552,241.63352434282046,HEMORRHAGIC,ROUTE_KaiserFoundationHospitalOaklandRichmond,0.32734294144,5.48,ROUTE_KaiserFoundationHospitalOaklandRichmond,0.32734294144,5.48,ROUTE_JohnMuirMedicalCenterWalnutCreekCampus,0.32734294144,23.246666666666666,ROUTE_KaiserFoundationHospitalOaklandRichmond,0.32734294144,5.48
37.56583333330633,-122.3294444443997,87.62584178860983,LVO,ROUTE_MillsPeninsulaMedicalCenterSutter,0.42254035033343573,10.556666666666667,ROUTE_MillsPeninsulaMedicalCenterSutter,0.42254035033343573,10.556666666666667,ROUTE_MillsPeninsulaMedicalCenterSutter,0.42254035033343573,10.556666666666667,ROUTE_MillsPeninsulaMedicalCenterSutter,0.42254035033343573,10.556666666666667
38.26583333330689,-122.49333333328872,228.89861604225894,NLVO,ROUTE_SonomaValleyHospital,0.32734294144,8.695,ROUTE_SonomaValleyHospital,0.32734294144,8.695,ROUTE_JohnMuirMedicalCenterWalnutCreekCampus,0.32734294144,65.09333333333333,ROUTE_SonomaValleyHospital,0.32734294144,8.695
37.70666666663978,-121.73638888884366,245.77739395213973,LVO,ROUTE_StanfordHealthCareTriValley,0.32734294144,13.941666666666666,ROUTE_StanfordHealthCareTriValley,0.32734294144,13.941666666666666,ROUTE_SutterEdenMedicalCenter,0.32734294144,25.34,ROUTE_StanfordHealthCareTriValley,0.32734294144,13.941666666666666
37.728611111084234,-121.93222222217715,53.87049045413999,NLVO,ROUTE_SutterEdenMedicalCenter,0.42842142356763413,19.203333333333333,ROUTE_SanRamonRegionalMedicalCenter,0.4227918553703145,11.115,ROUTE_SutterEdenMedicalCenter,0.42842142356763413,19.203333333333333,ROUTE_SanRamonRegionalMedicalCenter,0.4227918553703145,11.115
37.842777777750996,-122.03361111106612,168.24770903904178,MIMIC,ROUTE_JohnMuirMedicalCenterWalnutCreekCampus,0.3420320584701733,15.783333333333333,ROUTE_KaiserFoundationHospitalWalnutCreek,0.34303889199080106,10.171666666666665,ROUTE_JohnMuirMedicalCenterWalnutCreekCampus,0.3420320584701733,15.783333333333333,ROUTE_KaiserFoundationHospitalWalnutCreek,0.34303889199080106,10.171666666666665
37.682777777750864,-122.40416666662198,213.36466843468736,LVO,ROUTE_MillsPeninsulaMedicalCenterSutter,0.32734294144,14.025,ROUTE_MillsPeninsulaMedicalCenterSutter,0.32734294144,14.025,ROUTE_MillsPeninsulaMedicalCenterSutter,0.32734294144,14.025,ROUTE_MillsPeninsulaMedicalCenterSutter,0.32734294144,14.025
37.98638888886222,-122.46722222217758,102.77464480069537,MIMIC,ROUTE_UCSFMedicalCenter,0.41074411486154805,46.51166666666666,ROUTE_MarinHealthMedicalCenter,0.353344637740214,19.618333333333332,ROUTE_UCSFMedicalCenter,0.41074411486154805,46.51166666666666,ROUTE_MarinHealthMedicalCenter,0.353344637740214,19.618333333333332
37.94888888886219,-122.02416666662167,234.42936630908875,HEMORRHAGIC,ROUTE_JohnMuirMedicalCenterWalnutCreekCampus,0.32734294144,7.506666666666666,ROUTE_JohnMuirMedicalCenterWalnutCreekCampus,0.32734294144,7.506666666666666,ROUTE_JohnMuirMedicalCenterWalnutCreekCampus,0.32734294144,7.506666666666666,ROUTE_JohnMuirMedicalCenterWalnutCreekCampus,0.32734294144,7.506666666666666
37.69277777775088,-122.0983333332884,106.6839002789171,NLVO,ROUTE_SutterEdenMedicalCenter,0.4192563567277617,5.623333333333333,ROUTE_SutterEdenMedicalCenter,0.4192563567277617,5.623333333333333,ROUTE_SutterEdenMedicalCenter,0.4192563567277617,5.623333333333333,ROUTE_SutterEdenMedicalCenter,0.4192563567277617,5.623333333333333
37.72416666663979,-121.92194444439937,205.73596587179438,LVO,ROUTE_StanfordHealthCareTriValley,0.3356747085226067,14.346666666666666,ROUTE_StanfordHealthCareTriValley,0.3356747085226067,14.346666666666666,ROUTE_SutterEdenMedicalCenter,0.32734294144,22.293333333333333,ROUTE_StanfordHealthCareTriValley,0.3356747085226067,14.346666666666666
37.816388888862086,-122.29166666662188,239.86371818832194,LVO,ROUTE_KaiserFoundationHospitalOaklandRichmond,0.32734294144,7.808333333333334,ROUTE_KaiserFoundationHospitalOaklandRichmond,0.32734294144,7.808333333333334,ROUTE_CPMCDaviesCampusSutter,0.32734294144,23.315,ROUTE_KaiserFoundationHospitalOaklandRichmond,0.32734294144,7.808333333333334
37.95777777775109,-122.06249999995504,41.24421128556903,HEMORRHAGIC,ROUTE_JohnMuirMedicalCenterWalnutCreekCampus,0.4331115713215028,11.965,ROUTE_JohnMuirMedicalCenterConcordCampus,0.42669699268703914,9.131666666666666,ROUTE_JohnMuirMedicalCenterWalnutCreekCampus,0.4331115713215028,11.965,ROUTE_JohnMuirMedicalCenterConcordCampus,0.42669699268703914,9.131666666666666
37.666111111084184,-122.48861111106649,33.20163523101115,LVO,ROUTE_MillsPeninsulaMedicalCenterSutter,0.433565074673215,18.095000000000002,ROUTE_AHMCSetonMedicalCenter,0.428691648044985,8.485000000000001,ROUTE_MillsPeninsulaMedicalCenterSutter,0.433565074673215,18.095000000000002,ROUTE_AHMCSetonMedicalCenter,0.428691648044985,8.485000000000001
37.750833333306474,-122.16638888884401,83.7823990923984,HEMORRHAGIC,ROUTE_SutterEdenMedicalCenter,0.42255043943687504,14.356666666666666,ROUTE_SanLeandroHospitalAlamedaHealthSystem,0.32734294144,12.173333333333334,ROUTE_SutterEdenMedicalCenter,0.42255043943687504,14.356666666666666,ROUTE_HighlandHospitalWilmaChanCampus,0.3582135869443627,12.976666666666667
37.53111111108408,-121.95999999995495,182.60094602047118,HEMORRHAGIC,ROUTE_RegionalMedicalCenterOfSanJose,0.33861168055792223,20.691666666666666,ROUTE_KaiserFoundationHospitalFremont,0.340890713720462,7.823333333333333,ROUTE_RegionalMedicalCenterOfSanJose,0.33861168055792223,20.691666666666666,ROUTE_KaiserFoundationHospitalFremont,0.340890713720462,7.823333333333333
37.784999999973174,-122.41555555551088,92.6517997769976,HEMORRHAGIC,ROUTE_CPMCDaviesCampusSutter,0.42190947753474034,8.238333333333333,ROUTE_UCSFHealthHydeHospital,0.35854221835439926,2.396666666666667,ROUTE_CPMCDaviesCampusSutter,0.42190947753474034,8.238333333333333,ROUTE_UCSFHealthHydeHospital,0.35854221835439926,2.396666666666667
37.764722222195374,-121.90499999995491,190.02757057835447,HEMORRHAGIC,ROUTE_SanRamonRegionalMedicalCenter,0.33892272077466296,11.5,ROUTE_SanRamonRegionalMedicalCenter,0.33892272077466296,11.5,ROUTE_SutterEdenMedicalCenter,0.3366279256366483,24.58,ROUTE_SanRamonRegionalMedicalCenter,0.33892272077466296,11.5
38.24749999997354,-122.05388888884391,240.25789370564274,HEMORRHAGIC,ROUTE_NorthBayMedicalCenter,0.32734294144,5.673333333333333,ROUTE_NorthBayMedicalCenter,0.32734294144,5.673333333333333,ROUTE_JohnMuirMedicalCenterWalnutCreekCampus,0.32734294144,40.336666666666666,ROUTE_NorthBayMedicalCenter,0.32734294144,5.673333333333333
37.47555555552848,-122.22472222217739,206.35303844598673,NLVO,ROUTE_KaiserFoundationHospitalRedwoodCity,0.3368587117633121,6.931666666666667,ROUTE_KaiserFoundationHospitalRedwoodCity,0.3368587117633121,6.931666666666667,ROUTE_KaiserFoundationHospitalRedwoodCity,0.3368587117633121,6.931666666666667,ROUTE_KaiserFoundationHospitalRedwoodCity,0.3368587117633121,6.931666666666667
37.398055555528416,-122.11527777773286,119.4322676836694,LVO,ROUTE_ElCaminoHealthMountainView,0.4142204653005805,14.685,ROUTE_ElCaminoHealthMountainView,0.4142204653005805,14.685,ROUTE_ElCaminoHealthMountainView,0.4142204653005805,14.685,ROUTE_ElCaminoHealthMountainView,0.4142204653005805,14.685
37.96694444441776,-121.79083333328815,169.10966853846182,LVO,ROUTE_JohnMuirMedicalCenterWalnutCreekCampus,0.338481939985726,34.919999999999995,ROUTE_SutterDeltaMedicalCenter,0.32734294144,4.725,ROUTE_JohnMuirMedicalCenterWalnutCreekCampus,0.338481939985726,34.919999999999995,ROUTE_KaiserFoundationHospitalAntioch,0.34363337800729404,6.008333333333334
37.71944444441756,-122.17083333328846,82.33833636723114,HEMORRHAGIC,ROUTE_SutterEdenMedicalCenter,0.42320209912561296,13.006666666666666,ROUTE_KaiserFoundationHospitalSanLeandro,0.35961592109381574,7.131666666666666,ROUTE_SutterEdenMedicalCenter,0.42320209912561296,13.006666666666666,ROUTE_KaiserFoundationHospitalSanLeandro,0.35961592109381574,7.131666666666666
37.586944444417455,-122.01527777773278,256.4006606235962,LVO,ROUTE_StRoseHospital,0.32734294144,14.125,ROUTE_StRoseHospital,0.32734294144,14.125,ROUTE_SutterEdenMedicalCenter,0.32734294144,23.28666666666667,ROUTE_WashingtonHospitalHealthcareSystem,0.32734294144,15.113333333333333
37.36305555552839,-122.0211111110661,193.7156955083725,LVO,ROUTE_KaiserFoundationHospitalSantaClara,0.3385965168146718,9.663333333333332,ROUTE_KaiserFoundationHospitalSantaClara,0.3385965168146718,9.663333333333332,ROUTE_KaiserFoundationHospitalSantaClara,0.3385965168146718,9.663333333333332,ROUTE_KaiserFoundationHospitalSantaClara,0.3385965168146718,9.663333333333332
37.69555555552866,-122.16027777773289,194.14678535489958,LVO,ROUTE_SutterEdenMedicalCenter,0.33822111509889563,11.365,ROUTE_KaiserFoundationHospitalSanLeandro,0.33955555978348806,3.8,ROUTE_SutterEdenMedicalCenter,0.33822111509889563,11.365,ROUTE_KaiserFoundationHospitalSanLeandro,0.33955555978348806,3.8
37.67888888886198,-122.13499999995508,80.61701394802726,LVO,ROUTE_SutterEdenMedicalCenter,0.42399784538485596,11.321666666666665,ROUTE_StRoseHospital,0.3350218655165615,8.808333333333334,ROUTE_SutterEdenMedicalCenter,0.42399784538485596,11.321666666666665,ROUTE_KaiserFoundationHospitalSanLeandro,0.35936853393928075,10.136666666666667
37.482777777750705,-122.28444444439965,113.82099500418775,LVO,ROUTE_KaiserFoundationHospitalRedwoodCity,0.4157524627068023,13.641666666666667,ROUTE_SequoiaHospital,0.35355746327069243,7.4399999999999995,ROUTE_KaiserFoundationHospitalRedwoodCity,0.4157524627068023,13.641666666666667,ROUTE_SequoiaHospital,0.35355746327069243,7.4399999999999995
37.71861111108423,-122.44944444439979,190.36310553146893,LVO,ROUTE_CPMCDaviesCampusSutter,0.33864054455745835,12.764999999999999,ROUTE_CPMCMissionBernalCampusSutter,0.33974819616519103,6.495,ROUTE_CPMCDaviesCampusSutter,0.33864054455745835,12.764999999999999,ROUTE_CPMCMissionBernalCampusSutter,0.33974819616519103,6.495
37.9563888888622,-122.0919444443995,117.13712476828378,HEMORRHAGIC,ROUTE_JohnMuirMedicalCenterWalnutCreekCampus,0.4145622959822092,15.493333333333334,ROUTE_ContraCostaRegionalMedicalCenter,0.32734294144,11.879999999999999,ROUTE_JohnMuirMedicalCenterWalnutCreekCampus,0.4145622959822092,15.493333333333334,ROUTE_JohnMuirMedicalCenterConcordCampus,0.35187634350742264,13.086666666666668
37.39305555552841,-122.12583333328841,207.87035565010004,HEMORRHAGIC,ROUTE_ElCaminoHealthMountainView,0.3351184957319828,15.418333333333333,ROUTE_ElCaminoHealthMountainView,0.3351184957319828,15.418333333333333,ROUTE_ElCaminoHealthMountainView,0.3351184957319828,15.418333333333333,ROUTE_ElCaminoHealthMountainView,0.3351184957319828,15.418333333333333
37.734999999973134,-122.1852777777329,256.22312712631333,LVO,ROUTE_KaiserFoundationHospitalSanLeandro,0.32734294144,7.765,ROUTE_KaiserFoundationHospitalSanLeandro,0.32734294144,7.765,ROUTE_SutterEdenMedicalCenter,0.32734294144,13.639999999999999,ROUTE_KaiserFoundationHospitalSanLeandro,0.32734294144,7.765
37.722499999973124,-122.40194444439975,93.53536088911875,LVO,ROUTE_CPMCDaviesCampusSutter,0.4202429318631523,14.520000000000001,ROUTE_ZuckerbergSanFranciscoGeneralHospital,0.3569654540937898,9.746666666666666,ROUTE_CPMCDaviesCampusSutter,0.4202429318631523,14.520000000000001,ROUTE_ZuckerbergSanFranciscoGeneralHospital,0.3569654540937898,9.746666666666666
37.35166666663949,-122.00666666662165,204.26142010280768,HEMORRHAGIC,ROUTE_KaiserFoundationHospitalSantaClara,0.3373891521685802,5.991666666666666,ROUTE_KaiserFoundationHospitalSantaClara,0.3373891521685802,5.991666666666666,ROUTE_KaiserFoundationHospitalSantaClara,0.3373891521685802,5.991666666666666,ROUTE_KaiserFoundationHospitalSantaClara,0.3373891521685802,5.991666666666666
37.84083333330655,-122.2422222221774,95.52181127204784,HEMORRHAGIC,ROUTE_SutterEdenMedicalCenter,0.41822860612279583,21.221666666666668,ROUTE_KaiserFoundationHospitalOaklandRichmond,0.35705490660992567,7.291666666666667,ROUTE_SutterEdenMedicalCenter,0.41822860612279583,21.221666666666668,ROUTE_KaiserFoundationHospitalOaklandRichmond,0.35705490660992567,7.291666666666667
37.50388888886184,-122.46388888884424,180.86821393505,HEMORRHAGIC,ROUTE_MillsPeninsulaMedicalCenterSutter,0.3360893009933946,36.830000000000005,ROUTE_SanMateoMedicalCenter,0.32734294144,36.62,ROUTE_MillsPeninsulaMedicalCenterSutter,0.3360893009933946,36.830000000000005,ROUTE_MillsPeninsulaMedicalCenterSutter,0.3360893009933946,36.830000000000005
37.873333333306576,-122.10166666662172,197.17500858014904,LVO,ROUTE_KaiserFoundationHospitalWalnutCreek,0.3373355814799178,13.383333333333333,ROUTE_KaiserFoundationHospitalWalnutCreek,0.3373355814799178,13.383333333333333,ROUTE_JohnMuirMedicalCenterWalnutCreekCampus,0.33693833199618006,15.655,ROUTE_KaiserFoundationHospitalWalnutCreek,0.3373355814799178,13.383333333333333
38.12444444441789,-122.21083333328849,31.545761190184535,NLVO,ROUTE_JohnMuirMedicalCenterWalnutCreekCampus,0.4305297781515913,32.58166666666667,ROUTE_SutterSolanoMedicalCenter,0.42825680895685225,7.748333333333333,ROUTE_JohnMuirMedicalCenterWalnutCreekCampus,0.4305297781515913,32.58166666666667,ROUTE_SutterSolanoMedicalCenter,0.42825680895685225,7.748333333333333
37.661388888861964,-122.10027777773284,73.05017443122253,LVO,ROUTE_SutterEdenMedicalCenter,0.4252659595109454,13.466666666666667,ROUTE_StRoseHospital,0.3364352396760709,8.24,ROUTE_SutterEdenMedicalCenter,0.4252659595109454,13.466666666666667,ROUTE_KaiserFoundationHospitalSanLeandro,0.360513874974208,11.773333333333333
38.278888888862454,-122.26777777773297,210.6079923214288,HEMORRHAGIC,ROUTE_ProvidenceQueenOfTheValleyMedicalCenter,0.33533733244586594,11.418333333333333,ROUTE_ProvidenceQueenOfTheValleyMedicalCenter,0.33533733244586594,11.418333333333333,ROUTE_JohnMuirMedicalCenterWalnutCreekCampus,0.32734294144,48.61666666666667,ROUTE_ProvidenceQueenOfTheValleyMedicalCenter,0.33533733244586594,11.418333333333333
37.52972222219519,-122.02277777773278,103.40314534017313,HEMORRHAGIC,ROUTE_SutterEdenMedicalCenter,0.4155321456422455,25.015,ROUTE_WashingtonHospitalHealthcareSystem,0.3543382010503166,13.716666666666667,ROUTE_SutterEdenMedicalCenter,0.4155321456422455,25.015,ROUTE_WashingtonHospitalHealthcareSystem,0.3543382010503166,13.716666666666667
37.646666666639724,-122.10305555551062,84.57596204274986,HEMORRHAGIC,ROUTE_SutterEdenMedicalCenter,0.4220773791136072,15.593333333333334,ROUTE_StRoseHospital,0.3349393928755257,5.326666666666667,ROUTE_SutterEdenMedicalCenter,0.4220773791136072,15.593333333333334,ROUTE_KaiserFoundationHospitalSanLeandro,0.35788456364545757,13.9
37.65611111108418,-122.47638888884426,171.97225635233053,HEMORRHAGIC,ROUTE_MillsPeninsulaMedicalCenterSutter,0.34113380853393316,17.086666666666666,ROUTE_AHMCSetonMedicalCenter,0.3428535670335288,7.4783333333333335,ROUTE_MillsPeninsulaMedicalCenterSutter,0.34113380853393316,17.086666666666666,ROUTE_AHMCSetonMedicalCenter,0.3428535670335288,7.4783333333333335
37.672499999973084,-122.48416666662203,142.5674418938998,LVO,ROUTE_MillsPeninsulaMedicalCenterSutter,0.40838696503791333,17.058333333333334,ROUTE_AHMCSetonMedicalCenter,0.34872275320064183,4.641666666666667,ROUTE_MillsPeninsulaMedicalCenterSutter,0.40838696503791333,17.058333333333334,ROUTE_AHMCSetonMedicalCenter,0.34872275320064183,4.641666666666667
37.43249999997289,-122.153888888844,85.10881272937655,LVO,ROUTE_StanfordHealthCare,0.4241015755911377,6.385000000000001,ROUTE_StanfordHealthCare,0.4241015755911377,6.385000000000001,ROUTE_StanfordHealthCare,0.4241015755911377,6.385000000000001,ROUTE_StanfordHealthCare,0.4241015755911377,6.385000000000001
37.82111111108431,-121.98249999995497,77.00308831046016,LVO,ROUTE_JohnMuirMedicalCenterWalnutCreekCampus,0.42364600922997125,16.441666666666666,ROUTE_KaiserFoundationHospitalWalnutCreek,0.35993209204891147,10.828333333333335,ROUTE_JohnMuirMedicalCenterWalnutCreekCampus,0.42364600922997125,16.441666666666666,ROUTE_KaiserFoundationHospitalWalnutCreek,0.35993209204891147,10.828333333333335
37.714166666639784,-121.93583333328827,256.21088298996995,LVO,ROUTE_StanfordHealthCareTriValley,0.32734294144,12.593333333333334,ROUTE_StanfordHealthCareTriValley,0.32734294144,12.593333333333334,ROUTE_SutterEdenMedicalCenter,0.32734294144,17.826666666666664,ROUTE_StanfordHealthCareTriValley,0.32734294144,12.593333333333334
37.533611111084085,-121.9808333332883,246.0438216927067,LVO,ROUTE_KaiserFoundationHospitalFremont,0.32734294144,5.746666666666667,ROUTE_KaiserFoundationHospitalFremont,0.32734294144,5.746666666666667,ROUTE_RegionalMedicalCenterOfSanJose,0.32734294144,23.89333333333333,ROUTE_KaiserFoundationHospitalFremont,0.32734294144,5.746666666666667
37.76888888886205,-122.4455555555109,193.5809537702833,MIMIC,ROUTE_UCSFMedicalCenter,0.33974716040765035,3.283333333333333,ROUTE_UCSFMedicalCenter,0.33974716040765035,3.283333333333333,ROUTE_UCSFMedicalCenter,0.33974716040765035,3.283333333333333,ROUTE_UCSFMedicalCenter,0.33974716040765035,3.283333333333333
37.81722222219542,-122.24777777773296,61.35177779330904,LVO,ROUTE_SutterEdenMedicalCenter,0.42617409001468626,21.290000000000003,ROUTE_KaiserFoundationHospitalOaklandRichmond,0.4225727380981081,4.841666666666667,ROUTE_SutterEdenMedicalCenter,0.42617409001468626,21.290000000000003,ROUTE_KaiserFoundationHospitalOaklandRichmond,0.4225727380981081,4.841666666666667
37.81249999997319,-121.97555555551052,215.85538186393757,NLVO,ROUTE_SanRamonRegionalMedicalCenter,0.33485211477044824,8.973333333333333,ROUTE_SanRamonRegionalMedicalCenter,0.33485211477044824,8.973333333333333,ROUTE_JohnMuirMedicalCenterWalnutCreekCampus,0.32734294144,17.448333333333334,ROUTE_SanRamonRegionalMedicalCenter,0.33485211477044824,8.973333333333333
37.69972222219533,-122.11249999995508,246.91112998687547,LVO,ROUTE_SutterEdenMedicalCenter,0.32734294144,6.92,ROUTE_SutterEdenMedicalCenter,0.32734294144,6.92,ROUTE_SutterEdenMedicalCenter,0.32734294144,6.92,ROUTE_SutterEdenMedicalCenter,0.32734294144,6.92
37.80138888886207,-122.22638888884406,165.2176073271825,NLVO,ROUTE_SutterEdenMedicalCenter,0.34225730820881756,17.555,ROUTE_HighlandHospitalWilmaChanCampus,0.3451038703700592,1.7716666666666667,ROUTE_SutterEdenMedicalCenter,0.34225730820881756,17.555,ROUTE_HighlandHospitalWilmaChanCampus,0.3451038703700592,1.7716666666666667
37.748055555528694,-122.16444444439956,95.42597695637777,LVO,ROUTE_SutterEdenMedicalCenter,0.4200110385239718,13.628333333333334,ROUTE_SanLeandroHospitalAlamedaHealthSystem,0.32734294144,11.445,ROUTE_SutterEdenMedicalCenter,0.4200110385239718,13.628333333333334,ROUTE_HighlandHospitalWilmaChanCampus,0.3561284468728983,12.248333333333333
37.69722222219532,-122.05916666662169,228.88179197838224,HEMORRHAGIC,ROUTE_SutterEdenMedicalCenter,0.32734294144,8.746666666666666,ROUTE_SutterEdenMedicalCenter,0.32734294144,8.746666666666666,ROUTE_SutterEdenMedicalCenter,0.32734294144,8.746666666666666,ROUTE_SutterEdenMedicalCenter,0.32734294144,8.746666666666666
37.862222222195456,-121.97694444439941,173.86701874027105,HEMORRHAGIC,ROUTE_JohnMuirMedicalCenterWalnutCreekCampus,0.3400880539490871,21.073333333333334,ROUTE_KaiserFoundationHospitalWalnutCreek,0.34108587614647184,15.461666666666668,ROUTE_JohnMuirMedicalCenterWalnutCreekCampus,0.3400880539490871,21.073333333333334,ROUTE_KaiserFoundationHospitalWalnutCreek,0.34108587614647184,15.461666666666668
37.484999999972935,-122.19999999995514,45.462534716577935,MIMIC,ROUTE_KaiserFoundationHospitalRedwoodCity,0.4334447062784474,6.341666666666667,ROUTE_KaiserFoundationHospitalRedwoodCity,0.4334447062784474,6.341666666666667,ROUTE_KaiserFoundationHospitalRedwoodCity,0.4334447062784474,6.341666666666667,ROUTE_KaiserFoundationHospitalRedwoodCity,0.4334447062784474,6.341666666666667
37.79999999997318,-122.44638888884423,101.58660084642479,MIMIC,ROUTE_CPMCDaviesCampusSutter,0.41952136813002644,9.578333333333335,ROUTE_KaiserFoundationHospitalSanFrancisco,0.35612328707708457,6.114999999999999,ROUTE_CPMCDaviesCampusSutter,0.41952136813002644,9.578333333333335,ROUTE_KaiserFoundationHospitalSanFrancisco,0.35612328707708457,6.114999999999999
37.735555555528684,-122.40249999995531,156.44267459129946,HEMORRHAGIC,ROUTE_CPMCDaviesCampusSutter,0.40613685096250646,13.095,ROUTE_CPMCMissionBernalCampusSutter,0.3455710483452576,7.975,ROUTE_CPMCDaviesCampusSutter,0.40613685096250646,13.095,ROUTE_CPMCMissionBernalCampusSutter,0.3455710483452576,7.975
38.03749999997337,-122.26222222217741,136.61941389314615,HEMORRHAGIC,ROUTE_JohnMuirMedicalCenterWalnutCreekCampus,0.40611633418399856,33.00833333333333,ROUTE_SutterSolanoMedicalCenter,0.34733126813438375,18.158333333333335,ROUTE_JohnMuirMedicalCenterWalnutCreekCampus,0.40611633418399856,33.00833333333333,ROUTE_SutterSolanoMedicalCenter,0.34733126813438375,18.158333333333335
38.25222222219577,-122.06472222217725,130.5079017567311,HEMORRHAGIC,ROUTE_JohnMuirMedicalCenterWalnutCreekCampus,0.4062706941401864,38.43833333333334,ROUTE_NorthBayMedicalCenter,0.3507804341361849,5.591666666666667,ROUTE_JohnMuirMedicalCenterWalnutCreekCampus,0.4062706941401864,38.43833333333334,ROUTE_NorthBayMedicalCenter,0.3507804341361849,5.591666666666667
37.77555555552872,-122.41027777773309,56.85579726554573,LVO,ROUTE_CPMCDaviesCampusSutter,0.43027540801145203,8.348333333333333,ROUTE_CPMCVanNessCampusSutter,0.4242724135904659,5.613333333333333,ROUTE_CPMCDaviesCampusSutter,0.43027540801145203,8.348333333333333,ROUTE_CPMCVanNessCampusSutter,0.4242724135904659,5.613333333333333
37.774722222195386,-122.43499999995534,119.28559487846711,MIMIC,ROUTE_CPMCDaviesCampusSutter,0.41688478301312887,3.27,ROUTE_CPMCDaviesCampusSutter,0.41688478301312887,3.27,ROUTE_CPMCDaviesCampusSutter,0.41688478301312887,3.27,ROUTE_CPMCDaviesCampusSutter,0.41688478301312887,3.27
37.655833333306404,-122.4708333332887,269.2297515790123,HEMORRHAGIC,ROUTE_AHMCSetonMedicalCenter,0.32734294144,7.005,ROUTE_AHMCSetonMedicalCenter,0.32734294144,7.005,ROUTE_MillsPeninsulaMedicalCenterSutter,0.32734294144,16.00166666666667,ROUTE_AHMCSetonMedicalCenter,0.32734294144,7.005
38.33777777775139,-122.30944444439967,37.52402805212726,HEMORRHAGIC,ROUTE_JohnMuirMedicalCenterWalnutCreekCampus,0.42462140567282897,51.74666666666667,ROUTE_ProvidenceQueenOfTheValleyMedicalCenter,0.368898907828172,4.678333333333333,ROUTE_JohnMuirMedicalCenterWalnutCreekCampus,0.42462140567282897,51.74666666666667,ROUTE_ProvidenceQueenOfTheValleyMedicalCenter,0.368898907828172,4.678333333333333
37.81972222219542,-122.3711111110664,155.91640290990642,HEMORRHAGIC,ROUTE_CPMCDaviesCampusSutter,0.40552040209129986,16.343333333333334,ROUTE_ChineseHospital,0.3446591847654572,13.525,ROUTE_CPMCDaviesCampusSutter,0.40552040209129986,16.343333333333334,ROUTE_ChineseHospital,0.3446591847654572,13.525
38.11944444441788,-122.27055555551075,181.41770283666378,HEMORRHAGIC,ROUTE_KaiserFoundationHospitalVallejo,0.34141543506346705,6.0633333333333335,ROUTE_KaiserFoundationHospitalVallejo,0.34141543506346705,6.0633333333333335,ROUTE_JohnMuirMedicalCenterWalnutCreekCampus,0.3365572736564886,33.593333333333334,ROUTE_KaiserFoundationHospitalVallejo,0.34141543506346705,6.0633333333333335
37.38666666663952,-122.13416666662175,208.74352422210362,LVO,ROUTE_ElCaminoHealthMountainView,0.3350063976912087,15.193333333333333,ROUTE_ElCaminoHealthMountainView,0.3350063976912087,15.193333333333333,ROUTE_ElCaminoHealthMountainView,0.3350063976912087,15.193333333333333,ROUTE_ElCaminoHealthMountainView,0.3350063976912087,15.193333333333333
37.93527777775107,-122.33249999995525,123.95562595826888,HEMORRHAGIC,ROUTE_CPMCDaviesCampusSutter,0.40935828690273707,31.403333333333332,ROUTE_KaiserFoundationHospitalRichmondCampus,0.35189674892336537,6.158333333333333,ROUTE_CPMCDaviesCampusSutter,0.40935828690273707,31.403333333333332,ROUTE_KaiserFoundationHospitalRichmondCampus,0.35189674892336537,6.158333333333333
37.91611111108439,-122.32305555551079,151.294639265198,HEMORRHAGIC,ROUTE_CPMCDaviesCampusSutter,0.3425253401339101,29.983333333333334,ROUTE_KaiserFoundationHospitalRichmondCampus,0.3463864765523944,8.648333333333333,ROUTE_CPMCDaviesCampusSutter,0.3425253401339101,29.983333333333334,ROUTE_KaiserFoundationHospitalRichmondCampus,0.3463864765523944,8.648333333333333
37.37083333330617,-122.14527777773287,142.27961828648415,LVO,ROUTE_ElCaminoHealthMountainView,0.4086893001302927,16.016666666666666,ROUTE_ElCaminoHealthMountainView,0.4086893001302927,16.016666666666666,ROUTE_ElCaminoHealthMountainView,0.4086893001302927,16.016666666666666,ROUTE_ElCaminoHealthMountainView,0.4086893001302927,16.016666666666666
37.431111111084,-121.88444444439934,83.11060511454173,MIMIC,ROUTE_RegionalMedicalCenterOfSanJose,0.42339530505482426,11.406666666666666,ROUTE_RegionalMedicalCenterOfSanJose,0.42339530505482426,11.406666666666666,ROUTE_RegionalMedicalCenterOfSanJose,0.42339530505482426,11.406666666666666,ROUTE_RegionalMedicalCenterOfSanJose,0.42339530505482426,11.406666666666666
37.774722222195386,-122.23527777773295,155.06232039201203,LVO,ROUTE_SutterEdenMedicalCenter,0.40551491508659615,17.221666666666668,ROUTE_HighlandHospitalWilmaChanCampus,0.3460259109253568,6.8566666666666665,ROUTE_SutterEdenMedicalCenter,0.40551491508659615,17.221666666666668,ROUTE_HighlandHospitalWilmaChanCampus,0.3460259109253568,6.8566666666666665
37.99583333330667,-121.83472222217708,180.986757815011,NLVO,ROUTE_KaiserFoundationHospitalAntioch,0.33991527541631417,14.928333333333335,ROUTE_SutterDeltaMedicalCenter,0.32734294144,9.16,ROUTE_JohnMuirMedicalCenterWalnutCreekCampus,0.3374214079025109,29.081666666666667,ROUTE_KaiserFoundationHospitalAntioch,0.33991527541631417,14.928333333333335
37.771944444417606,-122.44527777773311,188.14363309762297,LVO,ROUTE_CPMCDaviesCampusSutter,0.34065749765932923,3.591666666666667,ROUTE_CPMCDaviesCampusSutter,0.34065749765932923,3.591666666666667,ROUTE_CPMCDaviesCampusSutter,0.34065749765932923,3.591666666666667,ROUTE_CPMCDaviesCampusSutter,0.34065749765932923,3.591666666666667
38.25361111108466,-122.05555555551058,262.0432983742469,HEMORRHAGIC,ROUTE_NorthBayMedicalCenter,0.32734294144,5.338333333333334,ROUTE_NorthBayMedicalCenter,0.32734294144,5.338333333333334,ROUTE_JohnMuirMedicalCenterWalnutCreekCampus,0.32734294144,40.425,ROUTE_NorthBayMedicalCenter,0.32734294144,5.338333333333334
37.378611111083956,-122.13916666662176,73.58228054297177,HEMORRHAGIC,ROUTE_ElCaminoHealthMountainView,0.42466816892434445,15.488333333333333,ROUTE_ElCaminoHealthMountainView,0.42466816892434445,15.488333333333333,ROUTE_ElCaminoHealthMountainView,0.42466816892434445,15.488333333333333,ROUTE_ElCaminoHealthMountainView,0.42466816892434445,15.488333333333333
37.763611111084266,-122.41222222217753,121.84166932473433,NLVO,ROUTE_CPMCDaviesCampusSutter,0.41542777053340385,7.03,ROUTE_ZuckerbergSanFranciscoGeneralHospital,0.35280749003270184,3.4099999999999997,ROUTE_CPMCDaviesCampusSutter,0.41542777053340385,7.03,ROUTE_ZuckerbergSanFranciscoGeneralHospital,0.35280749003270184,3.4099999999999997
37.476666666639595,-122.24944444439963,140.69151690719858,LVO,ROUTE_KaiserFoundationHospitalRedwoodCity,0.41102413060270343,7.368333333333334,ROUTE_SequoiaHospital,0.349437461459519,2.6483333333333334,ROUTE_KaiserFoundationHospitalRedwoodCity,0.41102413060270343,7.368333333333334,ROUTE_SequoiaHospital,0.349437461459519,2.6483333333333334
37.82083333330653,-122.2611111110663,218.72786950154727,HEMORRHAGIC,ROUTE_AltaBatesSummitMedicalCenterSummitCampus,0.3358484000175793,0.35500000000000004,ROUTE_AltaBatesSummitMedicalCenterSummitCampus,0.3358484000175793,0.35500000000000004,ROUTE_SutterEdenMedicalCenter,0.32734294144,20.863333333333333,ROUTE_AltaBatesSummitMedicalCenterSummitCampus,0.3358484000175793,0.35500000000000004
37.66249999997307,-121.87777777773266,60.45507665759645,LVO,ROUTE_SutterEdenMedicalCenter,0.4258707158437279,23.48,ROUTE_StanfordHealthCareTriValley,0.36321094507147783,10.51,ROUTE_SutterEdenMedicalCenter,0.4258707158437279,23.48,ROUTE_StanfordHealthCareTriValley,0.36321094507147783,10.51
38.06972222219562,-122.54305555551097,70.82621195566853,HEMORRHAGIC,ROUTE_UCSFMedicalCenter,0.4181625837424002,46.20166666666667,ROUTE_NovatoCommunityHospitalSutter,0.36138514757346657,9.504999999999999,ROUTE_UCSFMedicalCenter,0.4181625837424002,46.20166666666667,ROUTE_NovatoCommunityHospitalSutter,0.36138514757346657,9.504999999999999
37.64305555552861,-122.43944444439978,49.49867403474063,LVO,ROUTE_MillsPeninsulaMedicalCenterSutter,0.43117531861950226,11.895000000000001,ROUTE_KaiserFoundationHospitalSouthSanFrancisco,0.425217544759074,6.66,ROUTE_MillsPeninsulaMedicalCenterSutter,0.43117531861950226,11.895000000000001,ROUTE_KaiserFoundationHospitalSouthSanFrancisco,0.425217544759074,6.66
37.78194444441761,-122.41249999995532,209.74391252078553,LVO,ROUTE_UCSFHealthHydeHospital,0.336796292015572,3.8983333333333334,ROUTE_UCSFHealthHydeHospital,0.336796292015572,3.8983333333333334,ROUTE_CPMCDaviesCampusSutter,0.33590608495208746,9.006666666666666,ROUTE_UCSFHealthHydeHospital,0.336796292015572,3.8983333333333334
37.810833333306526,-122.29944444439967,250.92458158787707,NLVO,ROUTE_KaiserFoundationHospitalOaklandRichmond,0.32734294144,9.875,ROUTE_KaiserFoundationHospitalOaklandRichmond,0.32734294144,9.875,ROUTE_CPMCDaviesCampusSutter,0.32734294144,24.666666666666668,ROUTE_KaiserFoundationHospitalOaklandRichmond,0.32734294144,9.875
37.96027777775109,-122.04166666662168,251.19277259411885,LVO,ROUTE_JohnMuirMedicalCenterConcordCampus,0.32734294144,7.785,ROUTE_JohnMuirMedicalCenterConcordCampus,0.32734294144,7.785,ROUTE_JohnMuirMedicalCenterWalnutCreekCampus,0.32734294144,10.426666666666668,ROUTE_JohnMuirMedicalCenterConcordCampus,0.32734294144,7.785
37.63527777775083,-122.11249999995508,55.05232942068115,LVO,ROUTE_SutterEdenMedicalCenter,0.4291521294093339,14.916666666666666,ROUTE_StRoseHospital,0.402214951719301,6.105,ROUTE_SutterEdenMedicalCenter,0.4291521294093339,14.916666666666666,ROUTE_KaiserFoundationHospitalSanLeandro,0.42255352951513225,13.223333333333333
38.13222222219567,-122.2611111110663,152.13522441386272,LVO,ROUTE_JohnMuirMedicalCenterWalnutCreekCampus,0.34155299874648887,34.575,ROUTE_KaiserFoundationHospitalVallejo,0.34697381227432084,4.593333333333334,ROUTE_JohnMuirMedicalCenterWalnutCreekCampus,0.34155299874648887,34.575,ROUTE_KaiserFoundationHospitalVallejo,0.34697381227432084,4.593333333333334
38.255277777751324,-122.61027777773324,45.35641793129463,MIMIC,ROUTE_UCSFMedicalCenter,0.42003825544813594,63.580000000000005,ROUTE_PetalumaValleyHospitalProvidence,0.36689708242826763,6.8983333333333325,ROUTE_UCSFMedicalCenter,0.42003825544813594,63.580000000000005,ROUTE_PetalumaValleyHospitalProvidence,0.36689708242826763,6.8983333333333325
37.761388888862044,-122.42222222217754,61.88827351210023,HEMORRHAGIC,ROUTE_CPMCDaviesCampusSutter,0.42997562929252653,4.586666666666667,ROUTE_CPMCMissionBernalCampusSutter,0.4235554207937566,3.6883333333333335,ROUTE_CPMCDaviesCampusSutter,0.42997562929252653,4.586666666666667,ROUTE_CPMCMissionBernalCampusSutter,0.4235554207937566,3.6883333333333335
37.78555555552873,-122.20861111106626,138.77848929682028,HEMORRHAGIC,ROUTE_SutterEdenMedicalCenter,0.4090798268504451,17.803333333333335,ROUTE_HighlandHospitalWilmaChanCampus,0.34904246234008107,6.698333333333333,ROUTE_SutterEdenMedicalCenter,0.4090798268504451,17.803333333333335,ROUTE_HighlandHospitalWilmaChanCampus,0.34904246234008107,6.698333333333333
37.95166666663997,-122.52555555551096,130.10538547773385,HEMORRHAGIC,ROUTE_UCSFMedicalCenter,0.4068979164469835,36.075,ROUTE_MarinHealthMedicalCenter,0.35081823913326976,5.791666666666667,ROUTE_UCSFMedicalCenter,0.4068979164469835,36.075,ROUTE_MarinHealthMedicalCenter,0.35081823913326976,5.791666666666667
37.578055555528564,-122.3166666666219,72.93785584577974,LVO,ROUTE_MillsPeninsulaMedicalCenterSutter,0.42576617013429174,11.443333333333333,ROUTE_MillsPeninsulaMedicalCenterSutter,0.42576617013429174,11.443333333333333,ROUTE_MillsPeninsulaMedicalCenterSutter,0.42576617013429174,11.443333333333333,ROUTE_MillsPeninsulaMedicalCenterSutter,0.42576617013429174,11.443333333333333
38.06388888886228,-122.52194444439985,252.2182594978815,HEMORRHAGIC,ROUTE_NovatoCommunityHospitalSutter,0.32734294144,11.083333333333334,ROUTE_NovatoCommunityHospitalSutter,0.32734294144,11.083333333333334,ROUTE_UCSFMedicalCenter,0.32734294144,49.505,ROUTE_NovatoCommunityHospitalSutter,0.32734294144,11.083333333333334
37.775277777750944,-121.77722222217703,41.31975382704931,NLVO,ROUTE_SutterEdenMedicalCenter,0.4285059147134689,31.395,ROUTE_StanfordHealthCareTriValley,0.4238057746897919,19.996666666666666,ROUTE_SutterEdenMedicalCenter,0.4285059147134689,31.395,ROUTE_StanfordHealthCareTriValley,0.4238057746897919,19.996666666666666
37.38166666663952,-122.08111111106616,221.21591638473853,LVO,ROUTE_ElCaminoHealthMountainView,0.32734294144,6.248333333333333,ROUTE_ElCaminoHealthMountainView,0.32734294144,6.248333333333333,ROUTE_ElCaminoHealthMountainView,0.32734294144,6.248333333333333,ROUTE_ElCaminoHealthMountainView,0.32734294144,6.248333333333333
37.51027777775073,-122.48555555551093,239.36778963501655,LVO,ROUTE_AHMCSetonMedicalCenter,0.32734294144,33.83833333333333,ROUTE_AHMCSetonMedicalCenter,0.32734294144,33.83833333333333,ROUTE_MillsPeninsulaMedicalCenterSutter,0.32734294144,38.17333333333333,ROUTE_AHMCSetonMedicalCenter,0.32734294144,33.83833333333333
37.668888888861964,-121.86916666662154,244.61433345285369,HEMORRHAGIC,ROUTE_StanfordHealthCareTriValley,0.32734294144,9.101666666666667,ROUTE_StanfordHealthCareTriValley,0.32734294144,9.101666666666667,ROUTE_SutterEdenMedicalCenter,0.32734294144,26.003333333333334,ROUTE_StanfordHealthCareTriValley,0.32734294144,9.101666666666667
37.42472222219511,-122.14277777773287,117.34896916253345,LVO,ROUTE_StanfordHealthCare,0.4158586259279748,9.653333333333334,ROUTE_StanfordHealthCare,0.4158586259279748,9.653333333333334,ROUTE_StanfordHealthCare,0.4158586259279748,9.653333333333334,ROUTE_StanfordHealthCare,0.4158586259279748,9.653333333333334
37.548055555528535,-122.01194444439943,64.30578588973096,MIMIC,ROUTE_SutterEdenMedicalCenter,0.42512928508659265,22.795,ROUTE_WashingtonHospitalHealthcareSystem,0.36238721720973394,10.876666666666667,ROUTE_SutterEdenMedicalCenter,0.42512928508659265,22.795,ROUTE_WashingtonHospitalHealthcareSystem,0.36238721720973394,10.876666666666667
38.264999999973554,-122.0111111110661,178.28996407514748,LVO,ROUTE_NorthBayMedicalCenter,0.34153167383741856,8.54,ROUTE_NorthBayMedicalCenter,0.34153167383741856,8.54,ROUTE_JohnMuirMedicalCenterWalnutCreekCampus,0.33494977661893083,45.973333333333336,ROUTE_NorthBayMedicalCenter,0.34153167383741856,8.54
37.7644444444176,-122.49249999995537,32.94532833867087,LVO,ROUTE_UCSFMedicalCenter,0.4363333607791044,6.698333333333333,ROUTE_UCSFMedicalCenter,0.4363333607791044,6.698333333333333,ROUTE_UCSFMedicalCenter,0.4363333607791044,6.698333333333333,ROUTE_UCSFMedicalCenter,0.4363333607791044,6.698333333333333
37.51027777775073,-122.297777777733,222.21788371290594,HEMORRHAGIC,ROUTE_SanMateoMedicalCenter,0.32734294144,7.3933333333333335,ROUTE_SanMateoMedicalCenter,0.32734294144,7.3933333333333335,ROUTE_KaiserFoundationHospitalRedwoodCity,0.32734294144,17.686666666666667,ROUTE_SequoiaHospital,0.32734294144,13.35
37.744166666639806,-122.43027777773311,215.76538580175225,LVO,ROUTE_CPMCMissionBernalCampusSutter,0.3357826111074916,3.6966666666666668,ROUTE_CPMCMissionBernalCampusSutter,0.3357826111074916,3.6966666666666668,ROUTE_CPMCDaviesCampusSutter,0.33507314180938275,7.785,ROUTE_CPMCMissionBernalCampusSutter,0.3357826111074916,3.6966666666666668
37.457777777750685,-122.13861111106621,91.6194086877684,LVO,ROUTE_KaiserFoundationHospitalRedwoodCity,0.42138240643222347,11.535,ROUTE_KaiserFoundationHospitalRedwoodCity,0.42138240643222347,11.535,ROUTE_KaiserFoundationHospitalRedwoodCity,0.42138240643222347,11.535,ROUTE_KaiserFoundationHospitalRedwoodCity,0.42138240643222347,11.535
37.707777777750884,-122.12916666662176,228.7140541733104,NLVO,ROUTE_SanLeandroHospitalAlamedaHealthSystem,0.32734294144,3.033333333333333,ROUTE_SanLeandroHospitalAlamedaHealthSystem,0.32734294144,3.033333333333333,ROUTE_SutterEdenMedicalCenter,0.32734294144,8.706666666666667,ROUTE_SutterEdenMedicalCenter,0.32734294144,8.706666666666667
37.75694444441759,-122.19999999995514,106.40108657794543,LVO,ROUTE_SutterEdenMedicalCenter,0.4169094204805076,16.046666666666667,ROUTE_HighlandHospitalWilmaChanCampus,0.3545723639540961,9.479999999999999,ROUTE_SutterEdenMedicalCenter,0.4169094204805076,16.046666666666667,ROUTE_HighlandHospitalWilmaChanCampus,0.3545723639540961,9.479999999999999
37.58805555552857,-122.36166666662194,37.57820786967159,HEMORRHAGIC,ROUTE_MillsPeninsulaMedicalCenterSutter,0.43553561434669047,5.418333333333334,ROUTE_MillsPeninsulaMedicalCenterSutter,0.43553561434669047,5.418333333333334,ROUTE_MillsPeninsulaMedicalCenterSutter,0.43553561434669047,5.418333333333334,ROUTE_MillsPeninsulaMedicalCenterSutter,0.43553561434669047,5.418333333333334
37.60249999997303,-122.06333333328837,90.7533377069943,HEMORRHAGIC,ROUTE_SutterEdenMedicalCenter,0.4208423070439858,14.723333333333333,ROUTE_StRoseHospital,0.32734294144,5.5616666666666665,ROUTE_SutterEdenMedicalCenter,0.4208423070439858,14.723333333333333,ROUTE_KaiserFoundationHospitalSanLeandro,0.35686984652686105,13.03
37.541111111084085,-122.03805555551057,221.54198054341757,HEMORRHAGIC,ROUTE_StRoseHospital,0.32734294144,15.751666666666667,ROUTE_StRoseHospital,0.32734294144,15.751666666666667,ROUTE_SutterEdenMedicalCenter,0.32734294144,24.913333333333334,ROUTE_WashingtonHospitalHealthcareSystem,0.32734294144,15.975
38.10333333330676,-122.24916666662185,94.2125201452963,NLVO,ROUTE_JohnMuirMedicalCenterWalnutCreekCampus,0.41683988155223406,28.53666666666667,ROUTE_KaiserFoundationHospitalVallejo,0.35755256269714286,5.996666666666667,ROUTE_JohnMuirMedicalCenterWalnutCreekCampus,0.41683988155223406,28.53666666666667,ROUTE_KaiserFoundationHospitalVallejo,0.35755256269714286,5.996666666666667
37.52749999997297,-121.93472222217716,158.46116637553084,LVO,ROUTE_RegionalMedicalCenterOfSanJose,0.404209333084446,19.601666666666667,ROUTE_KaiserFoundationHospitalFremont,0.3445069697013047,11.82,ROUTE_RegionalMedicalCenterOfSanJose,0.404209333084446,19.601666666666667,ROUTE_KaiserFoundationHospitalFremont,0.3445069697013047,11.82
38.29611111108469,-122.29555555551077,145.75876416989212,HEMORRHAGIC,ROUTE_JohnMuirMedicalCenterWalnutCreekCampus,0.34005209225962446,49.385,ROUTE_ProvidenceQueenOfTheValleyMedicalCenter,0.3478257621948706,6.323333333333333,ROUTE_JohnMuirMedicalCenterWalnutCreekCampus,0.34005209225962446,49.385,ROUTE_ProvidenceQueenOfTheValleyMedicalCenter,0.3478257621948706,6.323333333333333
37.93083333330662,-122.0755555555106,133.92691826911914,LVO,ROUTE_JohnMuirMedicalCenterWalnutCreekCampus,0.411744137009118,10.986666666666668,ROUTE_JohnMuirMedicalCenterConcordCampus,0.3492481954710808,10.436666666666667,ROUTE_JohnMuirMedicalCenterWalnutCreekCampus,0.411744137009118,10.986666666666668,ROUTE_JohnMuirMedicalCenterConcordCampus,0.3492481954710808,10.436666666666667
37.48805555552849,-122.23138888884405,155.7001623024497,HEMORRHAGIC,ROUTE_KaiserFoundationHospitalRedwoodCity,0.4084130384641322,3.81,ROUTE_KaiserFoundationHospitalRedwoodCity,0.4084130384641322,3.81,ROUTE_KaiserFoundationHospitalRedwoodCity,0.4084130384641322,3.81,ROUTE_KaiserFoundationHospitalRedwoodCity,0.4084130384641322,3.81
37.78805555552873,-122.20749999995515,242.6133273056146,LVO,ROUTE_HighlandHospitalWilmaChanCampus,0.32734294144,5.426666666666667,ROUTE_HighlandHospitalWilmaChanCampus,0.32734294144,5.426666666666667,ROUTE_SutterEdenMedicalCenter,0.32734294144,17.941666666666666,ROUTE_HighlandHospitalWilmaChanCampus,0.32734294144,5.426666666666667
37.766388888862046,-122.16027777773289,76.93607483503665,LVO,ROUTE_SutterEdenMedicalCenter,0.42387267071865975,15.538333333333332,ROUTE_HighlandHospitalWilmaChanCampus,0.3598995504353994,11.065,ROUTE_SutterEdenMedicalCenter,0.42387267071865975,15.538333333333332,ROUTE_HighlandHospitalWilmaChanCampus,0.3598995504353994,11.065
38.07388888886229,-122.16222222217733,247.31402248553198,LVO,ROUTE_ContraCostaRegionalMedicalCenter,0.32734294144,14.103333333333333,ROUTE_ContraCostaRegionalMedicalCenter,0.32734294144,14.103333333333333,ROUTE_JohnMuirMedicalCenterWalnutCreekCampus,0.32734294144,24.918333333333333,ROUTE_SutterSolanoMedicalCenter,0.32734294144,14.97
38.03222222219559,-122.27222222217742,64.05670533007081,HEMORRHAGIC,ROUTE_JohnMuirMedicalCenterWalnutCreekCampus,0.4233337699922729,30.725,ROUTE_ContraCostaRegionalMedicalCenter,0.3364259368268028,17.678333333333335,ROUTE_JohnMuirMedicalCenterWalnutCreekCampus,0.4233337699922729,30.725,ROUTE_KaiserFoundationHospitalRichmondCampus,0.3607550423261144,19.521666666666665
37.38222222219507,-122.08527777773283,85.78739972569934,LVO,ROUTE_ElCaminoHealthMountainView,0.42359794466006645,7.863333333333333,ROUTE_ElCaminoHealthMountainView,0.42359794466006645,7.863333333333333,ROUTE_ElCaminoHealthMountainView,0.42359794466006645,7.863333333333333,ROUTE_ElCaminoHealthMountainView,0.42359794466006645,7.863333333333333
37.77361111108427,-122.44444444439978,252.74854973621532,HEMORRHAGIC,ROUTE_UCSFHealthStanyanHospital,0.32734294144,2.4650000000000003,ROUTE_UCSFHealthStanyanHospital,0.32734294144,2.4650000000000003,ROUTE_CPMCDaviesCampusSutter,0.32734294144,3.9433333333333334,ROUTE_UCSFHealthStanyanHospital,0.32734294144,2.4650000000000003
37.35166666663949,-122.00194444439943,204.47416024975388,HEMORRHAGIC,ROUTE_KaiserFoundationHospitalSantaClara,0.33744489802008504,5.46,ROUTE_KaiserFoundationHospitalSantaClara,0.33744489802008504,5.46,ROUTE_KaiserFoundationHospitalSantaClara,0.33744489802008504,5.46,ROUTE_KaiserFoundationHospitalSantaClara,0.33744489802008504,5.46
37.79361111108429,-122.24583333328852,97.38632449368376,LVO,ROUTE_SutterEdenMedicalCenter,0.4181263747404833,19.798333333333336,ROUTE_HighlandHospitalWilmaChanCampus,0.3576265288007674,2.4366666666666665,ROUTE_SutterEdenMedicalCenter,0.4181263747404833,19.798333333333336,ROUTE_HighlandHospitalWilmaChanCampus,0.3576265288007674,2.4366666666666665
37.99527777775112,-122.32638888884414,245.10459586763125,HEMORRHAGIC,ROUTE_KaiserFoundationHospitalRichmondCampus,0.32734294144,10.865,ROUTE_KaiserFoundationHospitalRichmondCampus,0.32734294144,10.865,ROUTE_JohnMuirMedicalCenterWalnutCreekCampus,0.32734294144,33.92666666666666,ROUTE_KaiserFoundationHospitalRichmondCampus,0.32734294144,10.865
37.731388888862014,-122.18333333328846,252.79354196661328,NLVO,ROUTE_KaiserFoundationHospitalSanLeandro,0.32734294144,9.281666666666666,ROUTE_KaiserFoundationHospitalSanLeandro,0.32734294144,9.281666666666666,ROUTE_SutterEdenMedicalCenter,0.32734294144,15.156666666666666,ROUTE_KaiserFoundationHospitalSanLeandro,0.32734294144,9.281666666666666
37.70527777775089,-121.93722222217716,167.63354814367668,NLVO,ROUTE_SutterEdenMedicalCenter,0.34238406530738835,14.431666666666667,ROUTE_StanfordHealthCareTriValley,0.3432770419681766,9.461666666666668,ROUTE_SutterEdenMedicalCenter,0.34238406530738835,14.431666666666667,ROUTE_StanfordHealthCareTriValley,0.3432770419681766,9.461666666666668
37.7694444444176,-122.19499999995514,232.04308245724548,MIMIC,ROUTE_HighlandHospitalWilmaChanCampus,0.32734294144,9.323333333333332,ROUTE_HighlandHospitalWilmaChanCampus,0.32734294144,9.323333333333332,ROUTE_SutterEdenMedicalCenter,0.32734294144,16.83,ROUTE_HighlandHospitalWilmaChanCampus,0.32734294144,9.323333333333332
38.109444444417875,-122.57638888884433,201.81198677401528,LVO,ROUTE_NovatoCommunityHospitalSutter,0.33725333849753847,9.216666666666667,ROUTE_NovatoCommunityHospitalSutter,0.33725333849753847,9.216666666666667,ROUTE_UCSFMedicalCenter,0.32734294144,50.46333333333334,ROUTE_NovatoCommunityHospitalSutter,0.33725333849753847,9.216666666666667
37.984444444417775,-121.69249999995473,195.43672151536515,HEMORRHAGIC,ROUTE_KaiserFoundationHospitalAntioch,0.3370701314559864,16.638333333333332,ROUTE_KaiserFoundationHospitalAntioch,0.3370701314559864,16.638333333333332,ROUTE_JohnMuirMedicalCenterWalnutCreekCampus,0.32734294144,38.248333333333335,ROUTE_KaiserFoundationHospitalAntioch,0.3370701314559864,16.638333333333332
37.79388888886207,-122.19277777773291,62.843671240504676,LVO,ROUTE_SutterEdenMedicalCenter,0.42665978542225624,17.726666666666667,ROUTE_HighlandHospitalWilmaChanCampus,0.4219208111648861,6.8100000000000005,ROUTE_SutterEdenMedicalCenter,0.42665978542225624,17.726666666666667,ROUTE_HighlandHospitalWilmaChanCampus,0.4219208111648861,6.8100000000000005
37.93499999997329,-121.6941666666214,183.15626874086385,HEMORRHAGIC,ROUTE_KaiserFoundationHospitalAntioch,0.3396716415666191,14.133333333333333,ROUTE_KaiserFoundationHospitalAntioch,0.3396716415666191,14.133333333333333,ROUTE_JohnMuirMedicalCenterWalnutCreekCampus,0.3350804356692534,40.35166666666667,ROUTE_KaiserFoundationHospitalAntioch,0.3396716415666191,14.133333333333333
37.81722222219542,-122.26138888884408,241.7185203344828,LVO,ROUTE_AltaBatesSummitMedicalCenterSummitCampus,0.32734294144,2.175,ROUTE_AltaBatesSummitMedicalCenterSummitCampus,0.32734294144,2.175,ROUTE_SutterEdenMedicalCenter,0.32734294144,20.988333333333333,ROUTE_AltaBatesSummitMedicalCenterSummitCampus,0.32734294144,2.175
37.35305555552838,-122.0086111110661,54.617144447820834,HEMORRHAGIC,ROUTE_KaiserFoundationHospitalSantaClara,0.43127925057429795,6.336666666666667,ROUTE_KaiserFoundationHospitalSantaClara,0.43127925057429795,6.336666666666667,ROUTE_KaiserFoundationHospitalSantaClara,0.43127925057429795,6.336666666666667,ROUTE_KaiserFoundationHospitalSantaClara,0.43127925057429795,6.336666666666667
38.01527777775113,-122.28833333328855,57.597507109168205,MIMIC,ROUTE_JohnMuirMedicalCenterWalnutCreekCampus,0.4251049268660598,29.60666666666667,ROUTE_ContraCostaRegionalMedicalCenter,0.3377509872606777,16.56,ROUTE_JohnMuirMedicalCenterWalnutCreekCampus,0.4251049268660598,29.60666666666667,ROUTE_KaiserFoundationHospitalRichmondCampus,0.3621657969901024,18.721666666666668
37.744722222195364,-122.50527777773317,267.3685298196576,HEMORRHAGIC,ROUTE_UCSFMedicalCenter,0.32734294144,12.483333333333333,ROUTE_UCSFMedicalCenter,0.32734294144,12.483333333333333,ROUTE_UCSFMedicalCenter,0.32734294144,12.483333333333333,ROUTE_UCSFMedicalCenter,0.32734294144,12.483333333333333
37.65138888886195,-122.08361111106616,152.60189852690718,LVO,ROUTE_SutterEdenMedicalCenter,0.40644583620602653,15.571666666666665,ROUTE_StRoseHospital,0.32734294144,7.178333333333333,ROUTE_SutterEdenMedicalCenter,0.40644583620602653,15.571666666666665,ROUTE_KaiserFoundationHospitalSanLeandro,0.3451961608490715,13.878333333333334
37.90916666663994,-122.54916666662209,78.29707309151885,MIMIC,ROUTE_UCSFMedicalCenter,0.41959449190315606,32.55166666666666,ROUTE_MarinHealthMedicalCenter,0.35825835201640527,18.23,ROUTE_UCSFMedicalCenter,0.41959449190315606,32.55166666666666,ROUTE_MarinHealthMedicalCenter,0.35825835201640527,18.23
37.783055555528726,-122.41583333328865,184.5353853961632,LVO,ROUTE_CPMCDaviesCampusSutter,0.34057233382532165,7.678333333333333,ROUTE_UCSFHealthHydeHospital,0.3414770188273841,2.6,ROUTE_CPMCDaviesCampusSutter,0.34057233382532165,7.678333333333333,ROUTE_UCSFHealthHydeHospital,0.3414770188273841,2.6
37.74222222219536,-122.48388888884426,31.953627637468003,HEMORRHAGIC,ROUTE_UCSFMedicalCenter,0.4360617924119162,8.83,ROUTE_UCSFMedicalCenter,0.4360617924119162,8.83,ROUTE_UCSFMedicalCenter,0.4360617924119162,8.83,ROUTE_UCSFMedicalCenter,0.4360617924119162,8.83
38.03499999997337,-122.58916666662212,52.72980562042363,HEMORRHAGIC,ROUTE_UCSFMedicalCenter,0.42171465246259826,48.99666666666667,ROUTE_KaiserFoundationHospitalSanRafael,0.3644517969049058,11.908333333333333,ROUTE_UCSFMedicalCenter,0.42171465246259826,48.99666666666667,ROUTE_KaiserFoundationHospitalSanRafael,0.3644517969049058,11.908333333333333
37.813611111084306,-122.2686111110663,262.87769105352027,LVO,ROUTE_AltaBatesSummitMedicalCenterSummitCampus,0.32734294144,4.5183333333333335,ROUTE_AltaBatesSummitMedicalCenterSummitCampus,0.32734294144,4.5183333333333335,ROUTE_SutterEdenMedicalCenter,0.32734294144,21.94333333333333,ROUTE_AltaBatesSummitMedicalCenterSummitCampus,0.32734294144,4.5183333333333335
37.739166666639804,-122.49999999995538,182.8407500836165,LVO,ROUTE_UCSFMedicalCenter,0.3401048359160076,12.004999999999999,ROUTE_UCSFMedicalCenter,0.3401048359160076,12.004999999999999,ROUTE_UCSFMedicalCenter,0.3401048359160076,12.004999999999999,ROUTE_UCSFMedicalCenter,0.3401048359160076,12.004999999999999
37.752222222195364,-122.16555555551066,185.7373974332424,HEMORRHAGIC,ROUTE_SutterEdenMedicalCenter,0.3392785049574973,13.775,ROUTE_SanLeandroHospitalAlamedaHealthSystem,0.32734294144,11.593333333333334,ROUTE_SutterEdenMedicalCenter,0.3392785049574973,13.775,ROUTE_HighlandHospitalWilmaChanCampus,0.33952245359665106,12.396666666666667
38.02722222219559,-122.24972222217741,90.58653434399898,HEMORRHAGIC,ROUTE_JohnMuirMedicalCenterWalnutCreekCampus,0.4172331011867718,30.459999999999997,ROUTE_ContraCostaRegionalMedicalCenter,0.32734294144,17.413333333333334,ROUTE_JohnMuirMedicalCenterWalnutCreekCampus,0.4172331011867718,30.459999999999997,ROUTE_SutterSolanoMedicalCenter,0.3558929140140427,18.326666666666664
37.784166666639834,-122.42999999995533,118.84766743720184,NLVO,ROUTE_CPMCDaviesCampusSutter,0.4160662250943455,7.253333333333333,ROUTE_CPMCVanNessCampusSutter,0.3535433137558477,2.4883333333333337,ROUTE_CPMCDaviesCampusSutter,0.4160662250943455,7.253333333333333,ROUTE_CPMCVanNessCampusSutter,0.3535433137558477,2.4883333333333337
37.92722222219551,-122.31388888884412,153.88652173580556,LVO,ROUTE_CPMCDaviesCampusSutter,0.341799374793263,31.445,ROUTE_KaiserFoundationHospitalRichmondCampus,0.3456456900727845,10.120000000000001,ROUTE_CPMCDaviesCampusSutter,0.341799374793263,31.445,ROUTE_KaiserFoundationHospitalRichmondCampus,0.3456456900727845,10.120000000000001
37.94027777775107,-122.35999999995528,169.71542126719578,HEMORRHAGIC,ROUTE_CPMCDaviesCampusSutter,0.3384028048499315,34.763333333333335,ROUTE_KaiserFoundationHospitalRichmondCampus,0.3443567595856771,1.3966666666666667,ROUTE_CPMCDaviesCampusSutter,0.3384028048499315,34.763333333333335,ROUTE_KaiserFoundationHospitalRichmondCampus,0.3443567595856771,1.3966666666666667
37.58666666663968,-122.36194444439971,97.02393332844828,NLVO,ROUTE_MillsPeninsulaMedicalCenterSutter,0.421532778321908,5.483333333333333,ROUTE_MillsPeninsulaMedicalCenterSutter,0.421532778321908,5.483333333333333,ROUTE_MillsPeninsulaMedicalCenterSutter,0.421532778321908,5.483333333333333,ROUTE_MillsPeninsulaMedicalCenterSutter,0.421532778321908,5.483333333333333
38.33111111108472,-122.29444444439966,71.00705124963908,LVO,ROUTE_JohnMuirMedicalCenterWalnutCreekCampus,0.41592193408784994,55.72,ROUTE_ProvidenceQueenOfTheValleyMedicalCenter,0.36194495806186533,6.444999999999999,ROUTE_JohnMuirMedicalCenterWalnutCreekCampus,0.41592193408784994,55.72,ROUTE_ProvidenceQueenOfTheValleyMedicalCenter,0.36194495806186533,6.444999999999999
37.99249999997334,-122.11749999995507,86.60855629607079,HEMORRHAGIC,ROUTE_JohnMuirMedicalCenterWalnutCreekCampus,0.4210665713510529,17.903333333333332,ROUTE_ContraCostaRegionalMedicalCenter,0.32734294144,5.913333333333333,ROUTE_JohnMuirMedicalCenterWalnutCreekCampus,0.4210665713510529,17.903333333333332,ROUTE_JohnMuirMedicalCenterConcordCampus,0.3581732098756917,10.361666666666668
37.764166666639824,-122.24805555551073,170.83675854366513,HEMORRHAGIC,ROUTE_SutterEdenMedicalCenter,0.3406850454728822,20.743333333333332,ROUTE_AlamedaHospital,0.34412536304213565,1.555,ROUTE_SutterEdenMedicalCenter,0.3406850454728822,20.743333333333332,ROUTE_AlamedaHospital,0.34412536304213565,1.555
38.26749999997356,-122.03916666662168,85.07173895615998,HEMORRHAGIC,ROUTE_JohnMuirMedicalCenterWalnutCreekCampus,0.41574211067823186,42.434999999999995,ROUTE_NorthBayMedicalCenter,0.3596073232924977,4.443333333333333,ROUTE_JohnMuirMedicalCenterWalnutCreekCampus,0.41574211067823186,42.434999999999995,ROUTE_NorthBayMedicalCenter,0.3596073232924977,4.443333333333333
37.69361111108421,-122.14388888884399,224.15410092817507,LVO,ROUTE_KaiserFoundationHospitalSanLeandro,0.32734294144,7.566666666666666,ROUTE_KaiserFoundationHospitalSanLeandro,0.32734294144,7.566666666666666,ROUTE_SutterEdenMedicalCenter,0.32734294144,9.483333333333333,ROUTE_KaiserFoundationHospitalSanLeandro,0.32734294144,7.566666666666666
37.82555555552876,-122.01861111106611,197.0824925959008,HEMORRHAGIC,ROUTE_KaiserFoundationHospitalWalnutCreek,0.3372689440753887,13.856666666666666,ROUTE_KaiserFoundationHospitalWalnutCreek,0.3372689440753887,13.856666666666666,ROUTE_JohnMuirMedicalCenterWalnutCreekCampus,0.33628897204640373,19.46833333333333,ROUTE_KaiserFoundationHospitalWalnutCreek,0.3372689440753887,13.856666666666666
37.743888888862024,-122.47638888884426,163.7695283307289,LVO,ROUTE_UCSFMedicalCenter,0.405777319207407,7.355,ROUTE_UCSFMedicalCenter,0.405777319207407,7.355,ROUTE_UCSFMedicalCenter,0.405777319207407,7.355,ROUTE_UCSFMedicalCenter,0.405777319207407,7.355
37.364722222195056,-122.0263888888439,245.88384060093978,LVO,ROUTE_KaiserFoundationHospitalSantaClara,0.32734294144,10.948333333333332,ROUTE_KaiserFoundationHospitalSantaClara,0.32734294144,10.948333333333332,ROUTE_KaiserFoundationHospitalSantaClara,0.32734294144,10.948333333333332,ROUTE_KaiserFoundationHospitalSantaClara,0.32734294144,10.948333333333332
37.34833333330616,-122.06388888884392,52.642498965127956,HEMORRHAGIC,ROUTE_ElCaminoHealthMountainView,0.43108590042786044,9.129999999999999,ROUTE_ElCaminoHealthMountainView,0.43108590042786044,9.129999999999999,ROUTE_ElCaminoHealthMountainView,0.43108590042786044,9.129999999999999,ROUTE_ElCaminoHealthMountainView,0.43108590042786044,9.129999999999999
38.0536111110845,-122.21361111106627,182.43056186515201,HEMORRHAGIC,ROUTE_SutterSolanoMedicalCenter,0.33954306600986656,15.586666666666668,ROUTE_SutterSolanoMedicalCenter,0.33954306600986656,15.586666666666668,ROUTE_JohnMuirMedicalCenterWalnutCreekCampus,0.3366787983995198,31.884999999999998,ROUTE_SutterSolanoMedicalCenter,0.33954306600986656,15.586666666666668
37.45138888886179,-122.22888888884405,77.72958263322195,MIMIC,ROUTE_KaiserFoundationHospitalRedwoodCity,0.4244028436681138,12.476666666666667,ROUTE_SequoiaHospital,0.35979573152841426,10.808333333333334,ROUTE_KaiserFoundationHospitalRedwoodCity,0.4244028436681138,12.476666666666667,ROUTE_SequoiaHospital,0.35979573152841426,10.808333333333334
37.41805555552843,-122.1652777777329,79.43162281180801,NLVO,ROUTE_StanfordHealthCare,0.4249278771156688,8.53,ROUTE_StanfordHealthCare,0.4249278771156688,8.53,ROUTE_StanfordHealthCare,0.4249278771156688,8.53,ROUTE_StanfordHealthCare,0.4249278771156688,8.53
38.24388888886243,-122.07583333328837,66.484427325496,LVO,ROUTE_JohnMuirMedicalCenterWalnutCreekCampus,0.4205254481530037,40.355000000000004,ROUTE_NorthBayMedicalCenter,0.3624037989367747,8.613333333333333,ROUTE_JohnMuirMedicalCenterWalnutCreekCampus,0.4205254481530037,40.355000000000004,ROUTE_NorthBayMedicalCenter,0.3624037989367747,8.613333333333333
37.83194444441765,-122.01472222217721,49.41767644164137,HEMORRHAGIC,ROUTE_JohnMuirMedicalCenterWalnutCreekCampus,0.43041855469587076,15.18,ROUTE_KaiserFoundationHospitalWalnutCreek,0.4250932119898586,9.568333333333333,ROUTE_JohnMuirMedicalCenterWalnutCreekCampus,0.43041855469587076,15.18,ROUTE_KaiserFoundationHospitalWalnutCreek,0.4250932119898586,9.568333333333333
37.43861111108401,-121.88472222217712,127.82554534952877,HEMORRHAGIC,ROUTE_RegionalMedicalCenterOfSanJose,0.413101088949378,11.166666666666666,ROUTE_RegionalMedicalCenterOfSanJose,0.413101088949378,11.166666666666666,ROUTE_RegionalMedicalCenterOfSanJose,0.413101088949378,11.166666666666666,ROUTE_RegionalMedicalCenterOfSanJose,0.413101088949378,11.166666666666666
37.5333333333063,-122.28722222217743,236.4810923436539,HEMORRHAGIC,ROUTE_SanMateoMedicalCenter,0.32734294144,6.766666666666667,ROUTE_SanMateoMedicalCenter,0.32734294144,6.766666666666667,ROUTE_KaiserFoundationHospitalRedwoodCity,0.32734294144,14.408333333333333,ROUTE_KaiserFoundationHospitalRedwoodCity,0.32734294144,14.408333333333333
37.958055555528865,-121.7913888888437,129.2228093884442,NLVO,ROUTE_JohnMuirMedicalCenterWalnutCreekCampus,0.4068166129968091,37.315000000000005,ROUTE_KaiserFoundationHospitalAntioch,0.35079493257237965,6.8,ROUTE_JohnMuirMedicalCenterWalnutCreekCampus,0.4068166129968091,37.315000000000005,ROUTE_KaiserFoundationHospitalAntioch,0.35079493257237965,6.8
37.671111111084194,-122.41666666662198,38.44240231816738,HEMORRHAGIC,ROUTE_MillsPeninsulaMedicalCenterSutter,0.4331523196471199,14.595,ROUTE_KaiserFoundationHospitalSouthSanFrancisco,0.42699454245823365,10.221666666666666,ROUTE_MillsPeninsulaMedicalCenterSutter,0.4331523196471199,14.595,ROUTE_KaiserFoundationHospitalSouthSanFrancisco,0.42699454245823365,10.221666666666666
37.38666666663952,-122.1097222221773,31.196613793256596,NLVO,ROUTE_ElCaminoHealthMountainView,0.43571179879768457,11.06,ROUTE_ElCaminoHealthMountainView,0.43571179879768457,11.06,ROUTE_ElCaminoHealthMountainView,0.43571179879768457,11.06,ROUTE_ElCaminoHealthMountainView,0.43571179879768457,11.06
37.52555555552852,-121.99083333328831,164.27491132922012,LVO,ROUTE_RegionalMedicalCenterOfSanJose,0.34141474340097006,23.209999999999997,ROUTE_KaiserFoundationHospitalFremont,0.34400375273398814,8.79,ROUTE_RegionalMedicalCenterOfSanJose,0.34141474340097006,23.209999999999997,ROUTE_KaiserFoundationHospitalFremont,0.34400375273398814,8.79
37.95166666663997,-122.35055555551082,87.15652993600557,MIMIC,ROUTE_CPMCDaviesCampusSutter,0.41672684716850256,36.08166666666667,ROUTE_KaiserFoundationHospitalRichmondCampus,0.3590151636028388,5.431666666666667,ROUTE_CPMCDaviesCampusSutter,0.41672684716850256,36.08166666666667,ROUTE_KaiserFoundationHospitalRichmondCampus,0.3590151636028388,5.431666666666667
38.15694444441792,-122.2611111110663,80.26072289561007,HEMORRHAGIC,ROUTE_JohnMuirMedicalCenterWalnutCreekCampus,0.41844749292942995,35.53666666666666,ROUTE_KaiserFoundationHospitalVallejo,0.36000338177927044,7.203333333333333,ROUTE_JohnMuirMedicalCenterWalnutCreekCampus,0.41844749292942995,35.53666666666666,ROUTE_KaiserFoundationHospitalVallejo,0.36000338177927044,7.203333333333333
37.565555555528555,-122.33722222217747,229.57903463508043,MIMIC,ROUTE_MillsPeninsulaMedicalCenterSutter,0.32734294144,10.436666666666667,ROUTE_MillsPeninsulaMedicalCenterSutter,0.32734294144,10.436666666666667,ROUTE_MillsPeninsulaMedicalCenterSutter,0.32734294144,10.436666666666667,ROUTE_MillsPeninsulaMedicalCenterSutter,0.32734294144,10.436666666666667
37.77499999997316,-122.40805555551087,39.64568810544061,LVO,ROUTE_CPMCDaviesCampusSutter,0.43440574182634567,8.106666666666666,ROUTE_CPMCVanNessCampusSutter,0.4282109020052326,6.201666666666667,ROUTE_CPMCDaviesCampusSutter,0.43440574182634567,8.106666666666666,ROUTE_CPMCVanNessCampusSutter,0.4282109020052326,6.201666666666667
37.783055555528726,-122.48555555551093,159.12291934487686,NLVO,ROUTE_UCSFMedicalCenter,0.40619890541504117,10.139999999999999,ROUTE_KaiserFoundationHospitalSanFrancisco,0.3449647957448856,8.631666666666666,ROUTE_UCSFMedicalCenter,0.40619890541504117,10.139999999999999,ROUTE_KaiserFoundationHospitalSanFrancisco,0.3449647957448856,8.631666666666666
37.588333333306345,-122.49777777773316,108.837116257738,MIMIC,ROUTE_MillsPeninsulaMedicalCenterSutter,0.4139791649722186,26.33,ROUTE_AHMCSetonMedicalCenter,0.3523852640025015,18.666666666666668,ROUTE_MillsPeninsulaMedicalCenterSutter,0.4139791649722186,26.33,ROUTE_AHMCSetonMedicalCenter,0.3523852640025015,18.666666666666668
37.80305555552874,-122.4352777777331,84.17102774167296,LVO,ROUTE_CPMCDaviesCampusSutter,0.42331233631241616,10.701666666666666,ROUTE_UCSFHealthHydeHospital,0.35951115463338656,5.841666666666667,ROUTE_CPMCDaviesCampusSutter,0.42331233631241616,10.701666666666666,ROUTE_UCSFHealthHydeHospital,0.35951115463338656,5.841666666666667
37.378611111083956,-122.05694444439948,221.99667785826205,LVO,ROUTE_ElCaminoHealthMountainView,0.32734294144,9.91,ROUTE_ElCaminoHealthMountainView,0.32734294144,9.91,ROUTE_ElCaminoHealthMountainView,0.32734294144,9.91,ROUTE_ElCaminoHealthMountainView,0.32734294144,9.91
37.90027777775104,-122.28694444439965,56.99328684708719,LVO,ROUTE_CPMCDaviesCampusSutter,0.42453574061429816,32.64333333333333,ROUTE_KaiserFoundationHospitalRichmondCampus,0.3630939075457779,14.57,ROUTE_CPMCDaviesCampusSutter,0.42453574061429816,32.64333333333333,ROUTE_KaiserFoundationHospitalRichmondCampus,0.3630939075457779,14.57
37.74999999997314,-122.41999999995532,111.75448117227273,HEMORRHAGIC,ROUTE_CPMCDaviesCampusSutter,0.4176792872642976,7.363333333333333,ROUTE_CPMCMissionBernalCampusSutter,0.35494113605916605,2.1766666666666667,ROUTE_CPMCDaviesCampusSutter,0.4176792872642976,7.363333333333333,ROUTE_CPMCMissionBernalCampusSutter,0.35494113605916605,2.1766666666666667
37.97555555552888,-122.27444444439965,48.70165111524897,LVO,ROUTE_JohnMuirMedicalCenterWalnutCreekCampus,0.4257460270626626,35.765,ROUTE_KaiserFoundationHospitalRichmondCampus,0.36386076184514843,18.946666666666665,ROUTE_JohnMuirMedicalCenterWalnutCreekCampus,0.4257460270626626,35.765,ROUTE_KaiserFoundationHospitalRichmondCampus,0.36386076184514843,18.946666666666665
37.76111111108426,-122.42361111106644,101.21513016637529,HEMORRHAGIC,ROUTE_CPMCDaviesCampusSutter,0.4208097302822146,4.401666666666667,ROUTE_CPMCMissionBernalCampusSutter,0.3566915155794109,3.503333333333333,ROUTE_CPMCDaviesCampusSutter,0.4208097302822146,4.401666666666667,ROUTE_CPMCMissionBernalCampusSutter,0.3566915155794109,3.503333333333333
37.34361111108393,-122.06472222217725,135.12427150239125,HEMORRHAGIC,ROUTE_ElCaminoHealthMountainView,0.41154824222787817,10.645000000000001,ROUTE_ElCaminoHealthMountainView,0.41154824222787817,10.645000000000001,ROUTE_ElCaminoHealthMountainView,0.41154824222787817,10.645000000000001,ROUTE_ElCaminoHealthMountainView,0.41154824222787817,10.645000000000001
37.96166666663998,-121.9872222221772,38.511352368033805,LVO,ROUTE_JohnMuirMedicalCenterWalnutCreekCampus,0.4333489485317203,13.696666666666665,ROUTE_JohnMuirMedicalCenterConcordCampus,0.4271747358439387,9.851666666666667,ROUTE_JohnMuirMedicalCenterWalnutCreekCampus,0.4333489485317203,13.696666666666665,ROUTE_JohnMuirMedicalCenterConcordCampus,0.4271747358439387,9.851666666666667
38.29499999997358,-122.01416666662166,181.78344178985571,NLVO,ROUTE_NorthBayMedicalCenter,0.3399673887731761,13.838333333333333,ROUTE_NorthBayMedicalCenter,0.3399673887731761,13.838333333333333,ROUTE_JohnMuirMedicalCenterWalnutCreekCampus,0.32734294144,45.13666666666666,ROUTE_NorthBayMedicalCenter,0.3399673887731761,13.838333333333333
38.27249999997356,-122.01305555551055,240.91338566994767,HEMORRHAGIC,ROUTE_NorthBayMedicalCenter,0.32734294144,10.193333333333333,ROUTE_NorthBayMedicalCenter,0.32734294144,10.193333333333333,ROUTE_JohnMuirMedicalCenterWalnutCreekCampus,0.32734294144,44.45166666666667,ROUTE_NorthBayMedicalCenter,0.32734294144,10.193333333333333
37.65416666663973,-122.41416666662198,126.89378658907816,MIMIC,ROUTE_MillsPeninsulaMedicalCenterSutter,0.41346079312101275,10.53,ROUTE_KaiserFoundationHospitalSouthSanFrancisco,0.3512699003119149,6.578333333333333,ROUTE_MillsPeninsulaMedicalCenterSutter,0.41346079312101275,10.53,ROUTE_KaiserFoundationHospitalSouthSanFrancisco,0.3512699003119149,6.578333333333333
38.25027777775132,-122.60472222217768,41.505949510454386,MIMIC,ROUTE_UCSFMedicalCenter,0.42134923892037357,61.79,ROUTE_PetalumaValleyHospitalProvidence,0.36777350473707043,6.338333333333334,ROUTE_UCSFMedicalCenter,0.42134923892037357,61.79,ROUTE_PetalumaValleyHospitalProvidence,0.36777350473707043,6.338333333333334
37.56027777775077,-121.97694444439941,156.48319181703363,HEMORRHAGIC,ROUTE_SutterEdenMedicalCenter,0.34158036184696644,30.073333333333334,ROUTE_WashingtonHospitalHealthcareSystem,0.3466030321059407,2.2733333333333334,ROUTE_SutterEdenMedicalCenter,0.34158036184696644,30.073333333333334,ROUTE_WashingtonHospitalHealthcareSystem,0.3466030321059407,2.2733333333333334
38.268055555529116,-122.0388888888439,56.882492834318725,LVO,ROUTE_JohnMuirMedicalCenterWalnutCreekCampus,0.4222666399725479,42.475,ROUTE_NorthBayMedicalCenter,0.36509604360120584,4.4816666666666665,ROUTE_JohnMuirMedicalCenterWalnutCreekCampus,0.4222666399725479,42.475,ROUTE_NorthBayMedicalCenter,0.36509604360120584,4.4816666666666665
37.63805555552861,-122.46722222217758,154.68597525286708,LVO,ROUTE_MillsPeninsulaMedicalCenterSutter,0.4059110967429825,15.848333333333333,ROUTE_KaiserFoundationHospitalSouthSanFrancisco,0.34547046628038053,10.285,ROUTE_MillsPeninsulaMedicalCenterSutter,0.4059110967429825,15.848333333333333,ROUTE_KaiserFoundationHospitalSouthSanFrancisco,0.34547046628038053,10.285
37.73388888886202,-122.44416666662201,181.52602925473332,LVO,ROUTE_UCSFMedicalCenter,0.34065384037861635,10.228333333333333,ROUTE_CPMCMissionBernalCampusSutter,0.34126564874581233,6.793333333333334,ROUTE_UCSFMedicalCenter,0.34065384037861635,10.228333333333333,ROUTE_CPMCMissionBernalCampusSutter,0.34126564874581233,6.793333333333334
37.537777777750755,-121.96027777773273,269.4390047360682,HEMORRHAGIC,ROUTE_KaiserFoundationHospitalFremont,0.32734294144,5.093333333333334,ROUTE_KaiserFoundationHospitalFremont,0.32734294144,5.093333333333334,ROUTE_RegionalMedicalCenterOfSanJose,0.32734294144,21.90666666666667,ROUTE_KaiserFoundationHospitalFremont,0.32734294144,5.093333333333334
37.80999999997319,-121.96249999995496,253.49256542876577,HEMORRHAGIC,ROUTE_SanRamonRegionalMedicalCenter,0.32734294144,13.686666666666667,ROUTE_SanRamonRegionalMedicalCenter,0.32734294144,13.686666666666667,ROUTE_JohnMuirMedicalCenterWalnutCreekCampus,0.32734294144,22.16166666666667,ROUTE_SanRamonRegionalMedicalCenter,0.32734294144,13.686666666666667
37.529444444417415,-122.33499999995526,147.50210815556056,HEMORRHAGIC,ROUTE_MillsPeninsulaMedicalCenterSutter,0.407328835013418,16.779999999999998,ROUTE_SanMateoMedicalCenter,0.32734294144,8.663333333333332,ROUTE_MillsPeninsulaMedicalCenterSutter,0.407328835013418,16.779999999999998,ROUTE_MillsPeninsulaMedicalCenterSutter,0.407328835013418,16.779999999999998
37.511388888861845,-122.32277777773302,90.17663677810668,HEMORRHAGIC,ROUTE_MillsPeninsulaMedicalCenterSutter,0.42117486417983263,13.870000000000001,ROUTE_SanMateoMedicalCenter,0.32734294144,9.56,ROUTE_MillsPeninsulaMedicalCenterSutter,0.42117486417983263,13.870000000000001,ROUTE_MillsPeninsulaMedicalCenterSutter,0.42117486417983263,13.870000000000001
37.9727777777511,-122.50361111106649,86.81723956295785,MIMIC,ROUTE_UCSFMedicalCenter,0.4156961274428359,40.89,ROUTE_MarinHealthMedicalCenter,0.3574371746958168,13.996666666666666,ROUTE_UCSFMedicalCenter,0.4156961274428359,40.89,ROUTE_MarinHealthMedicalCenter,0.3574371746958168,13.996666666666666
38.00416666664001,-121.82583333328817,60.177923770169066,MIMIC,ROUTE_JohnMuirMedicalCenterWalnutCreekCampus,0.42497515872481484,27.581666666666667,ROUTE_SutterDeltaMedicalCenter,0.3396314587283777,8.418333333333333,ROUTE_JohnMuirMedicalCenterWalnutCreekCampus,0.42497515872481484,27.581666666666667,ROUTE_KaiserFoundationHospitalAntioch,0.3626383615576783,13.716666666666667
38.177499999973485,-122.13444444439953,65.91098966933802,LVO,ROUTE_JohnMuirMedicalCenterWalnutCreekCampus,0.4225930447536515,32.045,ROUTE_NorthBayMedicalCenter,0.3609605081734282,16.608333333333334,ROUTE_JohnMuirMedicalCenterWalnutCreekCampus,0.4225930447536515,32.045,ROUTE_NorthBayMedicalCenter,0.3609605081734282,16.608333333333334
37.3705555555284,-121.98861111106609,94.48198931022642,MIMIC,ROUTE_KaiserFoundationHospitalSantaClara,0.4211368283116809,9.728333333333333,ROUTE_KaiserFoundationHospitalSantaClara,0.4211368283116809,9.728333333333333,ROUTE_KaiserFoundationHospitalSantaClara,0.4211368283116809,9.728333333333333,ROUTE_KaiserFoundationHospitalSantaClara,0.4211368283116809,9.728333333333333
37.37611111108396,-122.08583333328839,179.62898805955274,LVO,ROUTE_ElCaminoHealthMountainView,0.3417878185394956,5.766666666666667,ROUTE_ElCaminoHealthMountainView,0.3417878185394956,5.766666666666667,ROUTE_ElCaminoHealthMountainView,0.3417878185394956,5.766666666666667,ROUTE_ElCaminoHealthMountainView,0.3417878185394956,5.766666666666667
37.60333333330636,-122.3988888888442,125.5213126521225,LVO,ROUTE_MillsPeninsulaMedicalCenterSutter,0.4153358249650885,3.75,ROUTE_MillsPeninsulaMedicalCenterSutter,0.4153358249650885,3.75,ROUTE_MillsPeninsulaMedicalCenterSutter,0.4153358249650885,3.75,ROUTE_MillsPeninsulaMedicalCenterSutter,0.4153358249650885,3.75
37.98333333330666,-122.10944444439951,47.87921349208942,LVO,ROUTE_JohnMuirMedicalCenterWalnutCreekCampus,0.42970958700185746,19.725,ROUTE_ContraCostaRegionalMedicalCenter,0.40284791522840363,9.048333333333334,ROUTE_JohnMuirMedicalCenterWalnutCreekCampus,0.42970958700185746,19.725,ROUTE_JohnMuirMedicalCenterConcordCampus,0.42440257090288425,12.183333333333334
37.7416666666398,-121.94388888884383,242.06157100745324,LVO,ROUTE_SanRamonRegionalMedicalCenter,0.32734294144,9.085,ROUTE_SanRamonRegionalMedicalCenter,0.32734294144,9.085,ROUTE_SutterEdenMedicalCenter,0.32734294144,20.165000000000003,ROUTE_SanRamonRegionalMedicalCenter,0.32734294144,9.085
38.08333333330674,-122.56055555551099,32.764349011165606,MIMIC,ROUTE_UCSFMedicalCenter,0.426366178774168,49.05833333333333,ROUTE_NovatoCommunityHospitalSutter,0.369325933044897,7.303333333333333,ROUTE_UCSFMedicalCenter,0.426366178774168,49.05833333333333,ROUTE_NovatoCommunityHospitalSutter,0.369325933044897,7.303333333333333
37.5422222221952,-122.00472222217721,74.91928828129204,HEMORRHAGIC,ROUTE_SutterEdenMedicalCenter,0.4223935071436481,23.89333333333333,ROUTE_WashingtonHospitalHealthcareSystem,0.36081051773386114,8.373333333333333,ROUTE_SutterEdenMedicalCenter,0.4223935071436481,23.89333333333333,ROUTE_WashingtonHospitalHealthcareSystem,0.36081051773386114,8.373333333333333
37.95333333330664,-122.34777777773304,259.53721441179016,HEMORRHAGIC,ROUTE_KaiserFoundationHospitalRichmondCampus,0.32734294144,6.121666666666667,ROUTE_KaiserFoundationHospitalRichmondCampus,0.32734294144,6.121666666666667,ROUTE_CPMCDaviesCampusSutter,0.32734294144,35.86,ROUTE_KaiserFoundationHospitalRichmondCampus,0.32734294144,6.121666666666667
37.44861111108401,-122.18249999995513,63.87394147418931,MIMIC,ROUTE_StanfordHealthCare,0.42866939947852317,8.145,ROUTE_StanfordHealthCare,0.42866939947852317,8.145,ROUTE_StanfordHealthCare,0.42866939947852317,8.145,ROUTE_StanfordHealthCare,0.42866939947852317,8.145
37.554999999972985,-122.02361111106612,188.12067139216177,HEMORRHAGIC,ROUTE_WashingtonHospitalHealthcareSystem,0.33916512382787695,12.033333333333333,ROUTE_WashingtonHospitalHealthcareSystem,0.33916512382787695,12.033333333333333,ROUTE_SutterEdenMedicalCenter,0.33733812097301047,22.423333333333336,ROUTE_WashingtonHospitalHealthcareSystem,0.33916512382787695,12.033333333333333
37.49138888886183,-121.91305555551047,174.17918241198257,HEMORRHAGIC,ROUTE_RegionalMedicalCenterOfSanJose,0.34020069629344213,20.126666666666665,ROUTE_KaiserFoundationHospitalFremont,0.3403696074123837,19.175,ROUTE_RegionalMedicalCenterOfSanJose,0.34020069629344213,20.126666666666665,ROUTE_KaiserFoundationHospitalFremont,0.3403696074123837,19.175
37.89527777775104,-122.51444444439984,193.51968504246287,LVO,ROUTE_MarinHealthMedicalCenter,0.3380851701914809,12.764999999999999,ROUTE_MarinHealthMedicalCenter,0.3380851701914809,12.764999999999999,ROUTE_UCSFMedicalCenter,0.335296900377806,28.740000000000002,ROUTE_MarinHealthMedicalCenter,0.3380851701914809,12.764999999999999
37.81249999997319,-121.95527777773273,53.64095915899365,LVO,ROUTE_JohnMuirMedicalCenterWalnutCreekCampus,0.42826898043148187,20.08,ROUTE_SanRamonRegionalMedicalCenter,0.4226131546049221,12.101666666666667,ROUTE_JohnMuirMedicalCenterWalnutCreekCampus,0.42826898043148187,20.08,ROUTE_SanRamonRegionalMedicalCenter,0.4226131546049221,12.101666666666667
37.991388888862225,-121.71833333328809,221.1592035712981,LVO,ROUTE_KaiserFoundationHospitalAntioch,0.32734294144,14.813333333333333,ROUTE_KaiserFoundationHospitalAntioch,0.32734294144,14.813333333333333,ROUTE_JohnMuirMedicalCenterWalnutCreekCampus,0.32734294144,36.42333333333333,ROUTE_KaiserFoundationHospitalAntioch,0.32734294144,14.813333333333333
37.974722222195545,-122.32111111106636,245.64942450184344,LVO,ROUTE_KaiserFoundationHospitalRichmondCampus,0.32734294144,12.388333333333332,ROUTE_KaiserFoundationHospitalRichmondCampus,0.32734294144,12.388333333333332,ROUTE_JohnMuirMedicalCenterWalnutCreekCampus,0.32734294144,33.735,ROUTE_KaiserFoundationHospitalRichmondCampus,0.32734294144,12.388333333333332
37.90638888886216,-122.49305555551094,179.26571889316375,LVO,ROUTE_MarinHealthMedicalCenter,0.3401743945229536,15.188333333333333,ROUTE_MarinHealthMedicalCenter,0.3401743945229536,15.188333333333333,ROUTE_UCSFMedicalCenter,0.3372340173224976,31.873333333333335,ROUTE_MarinHealthMedicalCenter,0.3401743945229536,15.188333333333333
37.716111111084224,-122.0263888888439,44.8247295201028,LVO,ROUTE_SutterEdenMedicalCenter,0.43213529696147446,12.508333333333333,ROUTE_SutterEdenMedicalCenter,0.43213529696147446,12.508333333333333,ROUTE_SutterEdenMedicalCenter,0.43213529696147446,12.508333333333333,ROUTE_SutterEdenMedicalCenter,0.43213529696147446,12.508333333333333
37.83944444441766,-122.22916666662184,182.1717179987177,HEMORRHAGIC,ROUTE_SutterEdenMedicalCenter,0.33888726692837623,19.55666666666667,ROUTE_AltaBatesSummitMedicalCenterAltaBatesCampus,0.32734294144,9.106666666666666,ROUTE_SutterEdenMedicalCenter,0.33888726692837623,19.55666666666667,ROUTE_KaiserFoundationHospitalOaklandRichmond,0.34072161078843943,9.201666666666666
37.7177777777509,-122.40611111106642,228.1117158425647,LVO,ROUTE_ZuckerbergSanFranciscoGeneralHospital,0.32734294144,12.306666666666667,ROUTE_ZuckerbergSanFranciscoGeneralHospital,0.32734294144,12.306666666666667,ROUTE_CPMCDaviesCampusSutter,0.32734294144,17.08,ROUTE_ZuckerbergSanFranciscoGeneralHospital,0.32734294144,12.306666666666667
37.758055555528706,-122.47472222217759,174.85074903624763,NLVO,ROUTE_UCSFMedicalCenter,0.40388347916246786,4.655,ROUTE_UCSFMedicalCenter,0.40388347916246786,4.655,ROUTE_UCSFMedicalCenter,0.40388347916246786,4.655,ROUTE_UCSFMedicalCenter,0.40388347916246786,4.655
37.79944444441763,-122.4227777777331,185.099028531985,MIMIC,ROUTE_CPMCDaviesCampusSutter,0.3399224946049304,10.775,ROUTE_UCSFHealthHydeHospital,0.34135029865855393,2.746666666666667,ROUTE_CPMCDaviesCampusSutter,0.3399224946049304,10.775,ROUTE_UCSFHealthHydeHospital,0.34135029865855393,2.746666666666667
38.0005555555289,-122.27666666662188,150.20711342632063,HEMORRHAGIC,ROUTE_JohnMuirMedicalCenterWalnutCreekCampus,0.40382020913431693,29.58,ROUTE_ContraCostaRegionalMedicalCenter,0.32734294144,16.533333333333335,ROUTE_JohnMuirMedicalCenterWalnutCreekCampus,0.40382020913431693,29.58,ROUTE_KaiserFoundationHospitalRichmondCampus,0.34475716576985016,18.69333333333333
37.99111111108445,-122.32194444439969,157.17872055281902,HEMORRHAGIC,ROUTE_JohnMuirMedicalCenterWalnutCreekCampus,0.34080405935776514,33.73166666666667,ROUTE_KaiserFoundationHospitalRichmondCampus,0.3447120570381597,11.97,ROUTE_JohnMuirMedicalCenterWalnutCreekCampus,0.34080405935776514,33.73166666666667,ROUTE_KaiserFoundationHospitalRichmondCampus,0.3447120570381597,11.97
38.01472222219558,-122.51611111106651,223.16040720621834,LVO,ROUTE_KaiserFoundationHospitalSanRafael,0.32734294144,15.466666666666667,ROUTE_KaiserFoundationHospitalSanRafael,0.32734294144,15.466666666666667,ROUTE_UCSFMedicalCenter,0.32734294144,46.04,ROUTE_KaiserFoundationHospitalSanRafael,0.32734294144,15.466666666666667
37.78611111108428,-122.20777777773293,227.22981506244915,LVO,ROUTE_HighlandHospitalWilmaChanCampus,0.32734294144,6.366666666666666,ROUTE_HighlandHospitalWilmaChanCampus,0.32734294144,6.366666666666666,ROUTE_SutterEdenMedicalCenter,0.32734294144,17.915000000000003,ROUTE_HighlandHospitalWilmaChanCampus,0.32734294144,6.366666666666666
37.368888888861726,-122.01694444439944,98.63856364218492,LVO,ROUTE_KaiserFoundationHospitalSantaClara,0.41984380162738,11.136666666666667,ROUTE_KaiserFoundationHospitalSantaClara,0.41984380162738,11.136666666666667,ROUTE_KaiserFoundationHospitalSantaClara,0.41984380162738,11.136666666666667,ROUTE_KaiserFoundationHospitalSantaClara,0.41984380162738,11.136666666666667
37.77444444441761,-122.50333333328872,46.38165274653326,MIMIC,ROUTE_UCSFMedicalCenter,0.43223690232388057,10.521666666666667,ROUTE_UCSFHealthStanyanHospital,0.42599141825875125,9.796666666666665,ROUTE_UCSFMedicalCenter,0.43223690232388057,10.521666666666667,ROUTE_UCSFHealthStanyanHospital,0.42599141825875125,9.796666666666665
37.529999999972965,-122.29166666662188,147.6548561830545,HEMORRHAGIC,ROUTE_KaiserFoundationHospitalRedwoodCity,0.4078559539533056,14.306666666666667,ROUTE_SanMateoMedicalCenter,0.32734294144,4.246666666666667,ROUTE_KaiserFoundationHospitalRedwoodCity,0.4078559539533056,14.306666666666667,ROUTE_KaiserFoundationHospitalRedwoodCity,0.4078559539533056,14.306666666666667
37.58666666663968,-122.3658333332886,221.6934430621237,LVO,ROUTE_MillsPeninsulaMedicalCenterSutter,0.32734294144,5.1850000000000005,ROUTE_MillsPeninsulaMedicalCenterSutter,0.32734294144,5.1850000000000005,ROUTE_MillsPeninsulaMedicalCenterSutter,0.32734294144,5.1850000000000005,ROUTE_MillsPeninsulaMedicalCenterSutter,0.32734294144,5.1850000000000005
37.86805555552879,-122.04555555551057,72.03789506554098,MIMIC,ROUTE_JohnMuirMedicalCenterWalnutCreekCampus,0.42604991828182104,11.133333333333333,ROUTE_KaiserFoundationHospitalWalnutCreek,0.42071541347043384,5.5216666666666665,ROUTE_JohnMuirMedicalCenterWalnutCreekCampus,0.42604991828182104,11.133333333333333,ROUTE_KaiserFoundationHospitalWalnutCreek,0.42071541347043384,5.5216666666666665
37.78527777775095,-122.44638888884423,178.96078546624662,HEMORRHAGIC,ROUTE_CPMCDaviesCampusSutter,0.3417797794127385,6.48,ROUTE_KaiserFoundationHospitalSanFrancisco,0.3426975752235695,1.3583333333333334,ROUTE_CPMCDaviesCampusSutter,0.3417797794127385,6.48,ROUTE_KaiserFoundationHospitalSanFrancisco,0.3426975752235695,1.3583333333333334
37.39583333330619,-122.10666666662173,177.3062238066832,LVO,ROUTE_ElCaminoHealthMountainView,0.34088039676787685,13.175,ROUTE_ElCaminoHealthMountainView,0.34088039676787685,13.175,ROUTE_ElCaminoHealthMountainView,0.34088039676787685,13.175,ROUTE_ElCaminoHealthMountainView,0.34088039676787685,13.175
38.322222222195826,-122.47861111106647,198.3935577198671,NLVO,ROUTE_SonomaValleyHospital,0.3371784890286275,13.061666666666667,ROUTE_SonomaValleyHospital,0.3371784890286275,13.061666666666667,ROUTE_JohnMuirMedicalCenterWalnutCreekCampus,0.32734294144,76.84166666666667,ROUTE_SonomaValleyHospital,0.3371784890286275,13.061666666666667
37.69861111108421,-122.15222222217733,123.65957493648138,LVO,ROUTE_SutterEdenMedicalCenter,0.41382228487486966,12.19,ROUTE_KaiserFoundationHospitalSanLeandro,0.35165947615960536,7.725,ROUTE_SutterEdenMedicalCenter,0.41382228487486966,12.19,ROUTE_KaiserFoundationHospitalSanLeandro,0.35165947615960536,7.725
37.92388888886217,-122.06694444439948,79.92433502438479,LVO,ROUTE_JohnMuirMedicalCenterWalnutCreekCampus,0.42482845426341553,8.461666666666666,ROUTE_JohnMuirMedicalCenterWalnutCreekCampus,0.42482845426341553,8.461666666666666,ROUTE_JohnMuirMedicalCenterWalnutCreekCampus,0.42482845426341553,8.461666666666666,ROUTE_JohnMuirMedicalCenterWalnutCreekCampus,0.42482845426341553,8.461666666666666
38.11111111108454,-122.26277777773296,265.1935442738088,HEMORRHAGIC,ROUTE_KaiserFoundationHospitalVallejo,0.32734294144,6.5183333333333335,ROUTE_KaiserFoundationHospitalVallejo,0.32734294144,6.5183333333333335,ROUTE_JohnMuirMedicalCenterWalnutCreekCampus,0.32734294144,32.0,ROUTE_KaiserFoundationHospitalVallejo,0.32734294144,6.5183333333333335
37.66305555552863,-122.11111111106618,129.4356186608901,LVO,ROUTE_SutterEdenMedicalCenter,0.41245939203920473,12.354999999999999,ROUTE_StRoseHospital,0.32734294144,6.996666666666667,ROUTE_SutterEdenMedicalCenter,0.41245939203920473,12.354999999999999,ROUTE_KaiserFoundationHospitalSanLeandro,0.3500380558919185,10.661666666666667
37.805277777750966,-122.2649999999552,192.9452208644962,LVO,ROUTE_AltaBatesSummitMedicalCenterSummitCampus,0.33925812649227466,6.683333333333334,ROUTE_AltaBatesSummitMedicalCenterSummitCampus,0.33925812649227466,6.683333333333334,ROUTE_SutterEdenMedicalCenter,0.33620901543424564,24.065,ROUTE_AltaBatesSummitMedicalCenterSummitCampus,0.33925812649227466,6.683333333333334
38.29388888886247,-122.26833333328852,213.60078379383398,HEMORRHAGIC,ROUTE_ProvidenceQueenOfTheValleyMedicalCenter,0.3350589305486238,10.031666666666666,ROUTE_ProvidenceQueenOfTheValleyMedicalCenter,0.3350589305486238,10.031666666666666,ROUTE_JohnMuirMedicalCenterWalnutCreekCampus,0.32734294144,51.736666666666665,ROUTE_ProvidenceQueenOfTheValleyMedicalCenter,0.3350589305486238,10.031666666666666
37.76611111108427,-122.18944444439958,136.92611670556954,HEMORRHAGIC,ROUTE_SutterEdenMedicalCenter,0.40925958184838374,18.866666666666667,ROUTE_HighlandHospitalWilmaChanCampus,0.3485244075954725,11.358333333333333,ROUTE_SutterEdenMedicalCenter,0.40925958184838374,18.866666666666667,ROUTE_HighlandHospitalWilmaChanCampus,0.3485244075954725,11.358333333333333
37.4499999999729,-122.16111111106622,68.5636420024373,HEMORRHAGIC,ROUTE_StanfordHealthCare,0.4277439838566326,7.39,ROUTE_StanfordHealthCare,0.4277439838566326,7.39,ROUTE_StanfordHealthCare,0.4277439838566326,7.39,ROUTE_StanfordHealthCare,0.4277439838566326,7.39
37.43666666663956,-122.12527777773286,234.31832874545628,LVO,ROUTE_StanfordHealthCare,0.32734294144,13.946666666666665,ROUTE_StanfordHealthCare,0.32734294144,13.946666666666665,ROUTE_StanfordHealthCare,0.32734294144,13.946666666666665,ROUTE_StanfordHealthCare,0.32734294144,13.946666666666665
37.97916666663999,-122.08111111106616,187.56037739978498,NLVO,ROUTE_JohnMuirMedicalCenterWalnutCreekCampus,0.33852022709835977,16.25166666666667,ROUTE_JohnMuirMedicalCenterConcordCampus,0.33932855435357273,11.67,ROUTE_JohnMuirMedicalCenterWalnutCreekCampus,0.33852022709835977,16.25166666666667,ROUTE_JohnMuirMedicalCenterConcordCampus,0.33932855435357273,11.67
37.802499999973186,-121.9099999999549,248.1685949489124,LVO,ROUTE_SanRamonRegionalMedicalCenter,0.32734294144,10.966666666666667,ROUTE_SanRamonRegionalMedicalCenter,0.32734294144,10.966666666666667,ROUTE_JohnMuirMedicalCenterWalnutCreekCampus,0.32734294144,23.978333333333335,ROUTE_SanRamonRegionalMedicalCenter,0.32734294144,10.966666666666667
37.95277777775108,-121.92583333328825,52.3159893854543,HEMORRHAGIC,ROUTE_JohnMuirMedicalCenterWalnutCreekCampus,0.42866907436253476,19.705,ROUTE_JohnMuirMedicalCenterWalnutCreekCampus,0.42866907436253476,19.705,ROUTE_JohnMuirMedicalCenterWalnutCreekCampus,0.42866907436253476,19.705,ROUTE_JohnMuirMedicalCenterWalnutCreekCampus,0.42866907436253476,19.705
37.680833333306424,-121.76305555551035,56.243700560370364,LVO,ROUTE_SutterEdenMedicalCenter,0.4259772937826219,27.236666666666668,ROUTE_StanfordHealthCareTriValley,0.3629923898583919,15.838333333333333,ROUTE_SutterEdenMedicalCenter,0.4259772937826219,27.236666666666668,ROUTE_StanfordHealthCareTriValley,0.3629923898583919,15.838333333333333
37.72416666663979,-122.47388888884426,191.4139898446475,HEMORRHAGIC,ROUTE_UCSFMedicalCenter,0.33881887915265324,10.703333333333335,ROUTE_AHMCSetonMedicalCenter,0.33912388944248034,8.973333333333333,ROUTE_UCSFMedicalCenter,0.33881887915265324,10.703333333333335,ROUTE_AHMCSetonMedicalCenter,0.33912388944248034,8.973333333333333
37.703888888862,-122.41638888884421,95.58584590025701,LVO,ROUTE_MillsPeninsulaMedicalCenterSutter,0.41883048117739197,18.558333333333334,ROUTE_CPMCMissionBernalCampusSutter,0.3557538090715218,14.06,ROUTE_MillsPeninsulaMedicalCenterSutter,0.41883048117739197,18.558333333333334,ROUTE_CPMCMissionBernalCampusSutter,0.3557538090715218,14.06
37.39277777775064,-122.0983333332884,38.15808453975663,LVO,ROUTE_ElCaminoHealthMountainView,0.43403579282206006,11.153333333333334,ROUTE_ElCaminoHealthMountainView,0.43403579282206006,11.153333333333334,ROUTE_ElCaminoHealthMountainView,0.43403579282206006,11.153333333333334,ROUTE_ElCaminoHealthMountainView,0.43403579282206006,11.153333333333334
37.434166666639555,-121.9024999999549,71.57011674760714,HEMORRHAGIC,ROUTE_RegionalMedicalCenterOfSanJose,0.42604345851140546,11.628333333333334,ROUTE_RegionalMedicalCenterOfSanJose,0.42604345851140546,11.628333333333334,ROUTE_RegionalMedicalCenterOfSanJose,0.42604345851140546,11.628333333333334,ROUTE_RegionalMedicalCenterOfSanJose,0.42604345851140546,11.628333333333334
37.69555555552866,-121.78722222217704,266.0212494025312,LVO,ROUTE_StanfordHealthCareTriValley,0.32734294144,13.595,ROUTE_StanfordHealthCareTriValley,0.32734294144,13.595,ROUTE_SutterEdenMedicalCenter,0.32734294144,24.991666666666667,ROUTE_StanfordHealthCareTriValley,0.32734294144,13.595
37.65944444441752,-122.46916666662203,38.00570668615717,HEMORRHAGIC,ROUTE_MillsPeninsulaMedicalCenterSutter,0.4332007448776013,14.828333333333335,ROUTE_AHMCSetonMedicalCenter,0.42804769949152677,6.386666666666667,ROUTE_MillsPeninsulaMedicalCenterSutter,0.4332007448776013,14.828333333333335,ROUTE_AHMCSetonMedicalCenter,0.42804769949152677,6.386666666666667
37.808055555528746,-122.27444444439965,126.07904579189474,LVO,ROUTE_SutterEdenMedicalCenter,0.41083896125521757,22.791666666666668,ROUTE_AltaBatesSummitMedicalCenterSummitCampus,0.35135786601183083,6.921666666666667,ROUTE_SutterEdenMedicalCenter,0.41083896125521757,22.791666666666668,ROUTE_AltaBatesSummitMedicalCenterSummitCampus,0.35135786601183083,6.921666666666667
37.33583333330615,-122.05472222217725,142.3551831582104,HEMORRHAGIC,ROUTE_ElCaminoHealthMountainView,0.4097798130518099,11.155,ROUTE_ElCaminoHealthMountainView,0.4097798130518099,11.155,ROUTE_ElCaminoHealthMountainView,0.4097798130518099,11.155,ROUTE_ElCaminoHealthMountainView,0.4097798130518099,11.155
37.78249999997317,-122.39083333328863,184.18395739051377,LVO,ROUTE_CPMCDaviesCampusSutter,0.33997601421635965,11.388333333333332,ROUTE_ChineseHospital,0.3407225763757275,7.1850000000000005,ROUTE_CPMCDaviesCampusSutter,0.33997601421635965,11.388333333333332,ROUTE_ChineseHospital,0.3407225763757275,7.1850000000000005
37.38333333330618,-122.04166666662168,66.05353723374027,HEMORRHAGIC,ROUTE_ElCaminoHealthMountainView,0.427080181657958,12.726666666666667,ROUTE_ElCaminoHealthMountainView,0.427080181657958,12.726666666666667,ROUTE_ElCaminoHealthMountainView,0.427080181657958,12.726666666666667,ROUTE_ElCaminoHealthMountainView,0.427080181657958,12.726666666666667
38.295833333306916,-122.27027777773297,141.46418042198616,LVO,ROUTE_JohnMuirMedicalCenterWalnutCreekCampus,0.3403537999914094,51.980000000000004,ROUTE_ProvidenceQueenOfTheValleyMedicalCenter,0.3479978433180803,9.681666666666667,ROUTE_JohnMuirMedicalCenterWalnutCreekCampus,0.3403537999914094,51.980000000000004,ROUTE_ProvidenceQueenOfTheValleyMedicalCenter,0.3479978433180803,9.681666666666667
37.76722222219538,-122.18444444439957,195.9803615633819,LVO,ROUTE_HighlandHospitalWilmaChanCampus,0.3381118794221856,10.153333333333334,ROUTE_HighlandHospitalWilmaChanCampus,0.3381118794221856,10.153333333333334,ROUTE_SutterEdenMedicalCenter,0.33679665018670607,17.66,ROUTE_HighlandHospitalWilmaChanCampus,0.3381118794221856,10.153333333333334
38.03249999997337,-121.95388888884384,250.0073367718692,HEMORRHAGIC,ROUTE_JohnMuirMedicalCenterConcordCampus,0.32734294144,12.663333333333332,ROUTE_JohnMuirMedicalCenterConcordCampus,0.32734294144,12.663333333333332,ROUTE_JohnMuirMedicalCenterWalnutCreekCampus,0.32734294144,22.423333333333336,ROUTE_JohnMuirMedicalCenterConcordCampus,0.32734294144,12.663333333333332
37.37472222219507,-122.02833333328834,196.88677523693238,NLVO,ROUTE_KaiserFoundationHospitalSantaClara,0.3374645575487051,12.935,ROUTE_KaiserFoundationHospitalSantaClara,0.3374645575487051,12.935,ROUTE_KaiserFoundationHospitalSantaClara,0.3374645575487051,12.935,ROUTE_KaiserFoundationHospitalSantaClara,0.3374645575487051,12.935
37.74999999997314,-122.41583333328865,122.76377807313649,LVO,ROUTE_CPMCDaviesCampusSutter,0.41485780931847493,8.583333333333334,ROUTE_CPMCMissionBernalCampusSutter,0.3526788731353395,3.1733333333333333,ROUTE_CPMCDaviesCampusSutter,0.41485780931847493,8.583333333333334,ROUTE_CPMCMissionBernalCampusSutter,0.3526788731353395,3.1733333333333333
37.948333333306635,-122.0627777777328,86.68174801523304,HEMORRHAGIC,ROUTE_JohnMuirMedicalCenterWalnutCreekCampus,0.4227033916564875,10.801666666666668,ROUTE_JohnMuirMedicalCenterConcordCampus,0.3586187242546893,7.968333333333334,ROUTE_JohnMuirMedicalCenterWalnutCreekCampus,0.4227033916564875,10.801666666666668,ROUTE_JohnMuirMedicalCenterConcordCampus,0.3586187242546893,7.968333333333334
37.34194444441726,-122.11388888884396,218.4914704152172,HEMORRHAGIC,ROUTE_ElCaminoHealthMountainView,0.32734294144,15.014999999999999,ROUTE_ElCaminoHealthMountainView,0.32734294144,15.014999999999999,ROUTE_ElCaminoHealthMountainView,0.32734294144,15.014999999999999,ROUTE_ElCaminoHealthMountainView,0.32734294144,15.014999999999999
37.384166666639516,-122.01861111106611,61.876715833184065,LVO,ROUTE_KaiserFoundationHospitalSantaClara,0.42831040127401937,11.668333333333333,ROUTE_KaiserFoundationHospitalSantaClara,0.42831040127401937,11.668333333333333,ROUTE_KaiserFoundationHospitalSantaClara,0.42831040127401937,11.668333333333333,ROUTE_KaiserFoundationHospitalSantaClara,0.42831040127401937,11.668333333333333
37.64361111108417,-122.11555555551062,87.18628179206672,LVO,ROUTE_SutterEdenMedicalCenter,0.421286844919846,16.378333333333334,ROUTE_StRoseHospital,0.32734294144,8.521666666666667,ROUTE_SutterEdenMedicalCenter,0.421286844919846,16.378333333333334,ROUTE_KaiserFoundationHospitalSanLeandro,0.35723485068292904,14.685
37.76527777775093,-122.48194444439982,190.8028640889699,LVO,ROUTE_UCSFMedicalCenter,0.33983155422849615,5.585,ROUTE_UCSFMedicalCenter,0.33983155422849615,5.585,ROUTE_UCSFMedicalCenter,0.33983155422849615,5.585,ROUTE_UCSFMedicalCenter,0.33983155422849615,5.585
38.406944444418116,-122.20999999995514,177.29592253621647,LVO,ROUTE_ProvidenceQueenOfTheValleyMedicalCenter,0.33916340157713926,22.868333333333332,ROUTE_ProvidenceQueenOfTheValleyMedicalCenter,0.33916340157713926,22.868333333333332,ROUTE_JohnMuirMedicalCenterWalnutCreekCampus,0.32734294144,66.20166666666667,ROUTE_ProvidenceQueenOfTheValleyMedicalCenter,0.33916340157713926,22.868333333333332
37.56916666663967,-122.05361111106613,259.6160158285399,HEMORRHAGIC,ROUTE_StRoseHospital,0.32734294144,10.748333333333333,ROUTE_StRoseHospital,0.32734294144,10.748333333333333,ROUTE_SutterEdenMedicalCenter,0.32734294144,19.91166666666667,ROUTE_WashingtonHospitalHealthcareSystem,0.32734294144,16.216666666666665
37.749722222195366,-122.41166666662198,151.37181807534535,LVO,ROUTE_CPMCDaviesCampusSutter,0.40838570412098957,8.258333333333333,ROUTE_ZuckerbergSanFranciscoGeneralHospital,0.34739590806938536,3.0533333333333332,ROUTE_CPMCDaviesCampusSutter,0.40838570412098957,8.258333333333333,ROUTE_ZuckerbergSanFranciscoGeneralHospital,0.34739590806938536,3.0533333333333332
37.34833333330616,-122.0211111110661,166.79839125724249,LVO,ROUTE_KaiserFoundationHospitalSantaClara,0.40485881908163135,8.388333333333334,ROUTE_KaiserFoundationHospitalSantaClara,0.40485881908163135,8.388333333333334,ROUTE_KaiserFoundationHospitalSantaClara,0.40485881908163135,8.388333333333334,ROUTE_KaiserFoundationHospitalSantaClara,0.40485881908163135,8.388333333333334
37.94805555552886,-121.9555555555105,112.28340622082924,LVO,ROUTE_JohnMuirMedicalCenterWalnutCreekCampus,0.4160795082572946,13.76,ROUTE_JohnMuirMedicalCenterWalnutCreekCampus,0.4160795082572946,13.76,ROUTE_JohnMuirMedicalCenterWalnutCreekCampus,0.4160795082572946,13.76,ROUTE_JohnMuirMedicalCenterWalnutCreekCampus,0.4160795082572946,13.76
37.7783333333065,-122.47444444439981,68.19869866705466,LVO,ROUTE_UCSFMedicalCenter,0.4274536343117801,8.991666666666667,ROUTE_UCSFHealthStanyanHospital,0.4217255922398157,6.055000000000001,ROUTE_UCSFMedicalCenter,0.4274536343117801,8.991666666666667,ROUTE_UCSFHealthStanyanHospital,0.4217255922398157,6.055000000000001
37.80305555552874,-122.41305555551087,267.91943594148836,NLVO,ROUTE_ChineseHospital,0.32734294144,3.605,ROUTE_ChineseHospital,0.32734294144,3.605,ROUTE_CPMCDaviesCampusSutter,0.32734294144,12.601666666666667,ROUTE_ChineseHospital,0.32734294144,3.605
37.710555555528664,-121.73805555551033,49.76848134706691,HEMORRHAGIC,ROUTE_SutterEdenMedicalCenter,0.42731136487903815,28.026666666666664,ROUTE_StanfordHealthCareTriValley,0.42260614528257107,16.628333333333334,ROUTE_SutterEdenMedicalCenter,0.42731136487903815,28.026666666666664,ROUTE_StanfordHealthCareTriValley,0.42260614528257107,16.628333333333334
37.45666666663958,-122.13527777773287,46.198813806078405,HEMORRHAGIC,ROUTE_KaiserFoundationHospitalRedwoodCity,0.4318335623392452,12.41,ROUTE_KaiserFoundationHospitalRedwoodCity,0.4318335623392452,12.41,ROUTE_KaiserFoundationHospitalRedwoodCity,0.4318335623392452,12.41,ROUTE_KaiserFoundationHospitalRedwoodCity,0.4318335623392452,12.41
37.739722222195354,-122.15805555551067,95.78483181784954,HEMORRHAGIC,ROUTE_SutterEdenMedicalCenter,0.41984602176091496,13.979999999999999,ROUTE_SanLeandroHospitalAlamedaHealthSystem,0.32734294144,10.323333333333332,ROUTE_SutterEdenMedicalCenter,0.41984602176091496,13.979999999999999,ROUTE_HighlandHospitalWilmaChanCampus,0.356196206646963,11.533333333333333
37.76888888886205,-122.25166666662184,137.55681863082873,LVO,ROUTE_SutterEdenMedicalCenter,0.4084946424572835,21.595000000000002,ROUTE_AlamedaHospital,0.35006389199399196,2.4,ROUTE_SutterEdenMedicalCenter,0.4084946424572835,21.595000000000002,ROUTE_AlamedaHospital,0.35006389199399196,2.4
37.3805555555284,-122.09972222217729,89.58481114806189,LVO,ROUTE_ElCaminoHealthMountainView,0.4224742681185017,8.881666666666666,ROUTE_ElCaminoHealthMountainView,0.4224742681185017,8.881666666666666,ROUTE_ElCaminoHealthMountainView,0.4224742681185017,8.881666666666666,ROUTE_ElCaminoHealthMountainView,0.4224742681185017,8.881666666666666
37.33777777775059,-122.03833333328835,129.98584332335145,HEMORRHAGIC,ROUTE_KaiserFoundationHospitalSantaClara,0.41297996646573215,9.533333333333333,ROUTE_KaiserFoundationHospitalSantaClara,0.41297996646573215,9.533333333333333,ROUTE_KaiserFoundationHospitalSantaClara,0.41297996646573215,9.533333333333333,ROUTE_KaiserFoundationHospitalSantaClara,0.41297996646573215,9.533333333333333
37.3527777777506,-122.00972222217722,115.141608858261,NLVO,ROUTE_KaiserFoundationHospitalSantaClara,0.41678359243315755,7.8516666666666675,ROUTE_KaiserFoundationHospitalSantaClara,0.41678359243315755,7.8516666666666675,ROUTE_KaiserFoundationHospitalSantaClara,0.41678359243315755,7.8516666666666675,ROUTE_KaiserFoundationHospitalSantaClara,0.41678359243315755,7.8516666666666675
37.47611111108404,-122.20805555551071,149.82628747268456,HEMORRHAGIC,ROUTE_KaiserFoundationHospitalRedwoodCity,0.4088498285622588,7.765,ROUTE_KaiserFoundationHospitalRedwoodCity,0.4088498285622588,7.765,ROUTE_KaiserFoundationHospitalRedwoodCity,0.4088498285622588,7.765,ROUTE_KaiserFoundationHospitalRedwoodCity,0.4088498285622588,7.765
37.727222222195344,-122.13472222217732,168.09641038523168,LVO,ROUTE_SutterEdenMedicalCenter,0.4040567322012384,10.641666666666667,ROUTE_SanLeandroHospitalAlamedaHealthSystem,0.32734294144,8.021666666666667,ROUTE_SutterEdenMedicalCenter,0.4040567322012384,10.641666666666667,ROUTE_SutterEdenMedicalCenter,0.4040567322012384,10.641666666666667
37.83249999997321,-121.99194444439942,169.5927007172408,HEMORRHAGIC,ROUTE_JohnMuirMedicalCenterWalnutCreekCampus,0.34183272187732944,15.551666666666668,ROUTE_KaiserFoundationHospitalWalnutCreek,0.34283863510744383,9.94,ROUTE_JohnMuirMedicalCenterWalnutCreekCampus,0.34183272187732944,15.551666666666668,ROUTE_KaiserFoundationHospitalWalnutCreek,0.34283863510744383,9.94
37.496111111084055,-122.2824999999552,246.56857689963678,MIMIC,ROUTE_SequoiaHospital,0.32734294144,12.865,ROUTE_SequoiaHospital,0.32734294144,12.865,ROUTE_KaiserFoundationHospitalRedwoodCity,0.32734294144,18.671666666666667,ROUTE_SequoiaHospital,0.32734294144,12.865
37.67972222219531,-122.0477777777328,96.5408629540503,MIMIC,ROUTE_SutterEdenMedicalCenter,0.4196580760518678,14.035,ROUTE_SutterEdenMedicalCenter,0.4196580760518678,14.035,ROUTE_SutterEdenMedicalCenter,0.4196580760518678,14.035,ROUTE_SutterEdenMedicalCenter,0.4196580760518678,14.035
37.82305555552876,-121.97777777773274,238.50712994104376,LVO,ROUTE_KaiserFoundationHospitalWalnutCreek,0.32734294144,12.666666666666666,ROUTE_KaiserFoundationHospitalWalnutCreek,0.32734294144,12.666666666666666,ROUTE_JohnMuirMedicalCenterWalnutCreekCampus,0.32734294144,18.278333333333332,ROUTE_KaiserFoundationHospitalWalnutCreek,0.32734294144,12.666666666666666
37.741111111084244,-122.2572222221774,85.75958079590933,LVO,ROUTE_SutterEdenMedicalCenter,0.4190924372488125,27.255,ROUTE_AlamedaHospital,0.35771028998553916,13.626666666666667,ROUTE_SutterEdenMedicalCenter,0.4190924372488125,27.255,ROUTE_AlamedaHospital,0.35771028998553916,13.626666666666667
37.671111111084194,-121.87083333328822,234.61207371910442,HEMORRHAGIC,ROUTE_StanfordHealthCareTriValley,0.32734294144,7.288333333333333,ROUTE_StanfordHealthCareTriValley,0.32734294144,7.288333333333333,ROUTE_SutterEdenMedicalCenter,0.32734294144,24.303333333333335,ROUTE_StanfordHealthCareTriValley,0.32734294144,7.288333333333333
37.627222222195265,-122.05611111106614,248.76032517287433,NLVO,ROUTE_StRoseHospital,0.32734294144,9.82,ROUTE_StRoseHospital,0.32734294144,9.82,ROUTE_SutterEdenMedicalCenter,0.32734294144,19.611666666666668,ROUTE_KaiserFoundationHospitalSanLeandro,0.32734294144,17.918333333333333
37.71444444441756,-121.9516666666216,192.19106163320373,NLVO,ROUTE_StanfordHealthCareTriValley,0.33796061493731744,14.803333333333335,ROUTE_StanfordHealthCareTriValley,0.33796061493731744,14.803333333333335,ROUTE_SutterEdenMedicalCenter,0.3370895122168584,19.773333333333333,ROUTE_StanfordHealthCareTriValley,0.33796061493731744,14.803333333333335
37.67777777775086,-122.158888888844,220.05403203336292,HEMORRHAGIC,ROUTE_KaiserFoundationHospitalSanLeandro,0.32734294144,9.1,ROUTE_KaiserFoundationHospitalSanLeandro,0.32734294144,9.1,ROUTE_SutterEdenMedicalCenter,0.32734294144,13.631666666666666,ROUTE_KaiserFoundationHospitalSanLeandro,0.32734294144,9.1
37.92916666663995,-122.33999999995525,243.75595190701048,HEMORRHAGIC,ROUTE_KaiserFoundationHospitalRichmondCampus,0.32734294144,7.413333333333333,ROUTE_KaiserFoundationHospitalRichmondCampus,0.32734294144,7.413333333333333,ROUTE_CPMCDaviesCampusSutter,0.32734294144,33.85333333333333,ROUTE_KaiserFoundationHospitalRichmondCampus,0.32734294144,7.413333333333333
38.00333333330668,-122.10388888884395,35.236866757643455,HEMORRHAGIC,ROUTE_JohnMuirMedicalCenterWalnutCreekCampus,0.43288265339596127,18.94,ROUTE_ContraCostaRegionalMedicalCenter,0.4059695875434431,7.83,ROUTE_JohnMuirMedicalCenterWalnutCreekCampus,0.43288265339596127,18.94,ROUTE_JohnMuirMedicalCenterConcordCampus,0.42751084320180843,11.711666666666668
37.783611111084284,-122.4113888888442,114.62985347417145,LVO,ROUTE_CPMCDaviesCampusSutter,0.41656759472685845,9.298333333333334,ROUTE_UCSFHealthHydeHospital,0.35418260554619185,3.315,ROUTE_CPMCDaviesCampusSutter,0.41656759472685845,9.298333333333334,ROUTE_UCSFHealthHydeHospital,0.35418260554619185,3.315
37.58583333330635,-122.022499999955,163.01437297920117,HEMORRHAGIC,ROUTE_SutterEdenMedicalCenter,0.3416763007335316,23.005,ROUTE_WashingtonHospitalHealthcareSystem,0.3434480041344948,13.131666666666666,ROUTE_SutterEdenMedicalCenter,0.3416763007335316,23.005,ROUTE_WashingtonHospitalHealthcareSystem,0.3434480041344948,13.131666666666666
37.739999999973136,-122.1599999999551,109.63416887851488,LVO,ROUTE_SutterEdenMedicalCenter,0.4165831799784315,14.226666666666667,ROUTE_SanLeandroHospitalAlamedaHealthSystem,0.32734294144,10.351666666666667,ROUTE_SutterEdenMedicalCenter,0.4165831799784315,14.226666666666667,ROUTE_HighlandHospitalWilmaChanCampus,0.35352853851806887,11.78
37.41777777775066,-122.11027777773285,52.238776766432096,HEMORRHAGIC,ROUTE_ElCaminoHealthMountainView,0.4297867843275667,15.038333333333332,ROUTE_ElCaminoHealthMountainView,0.4297867843275667,15.038333333333332,ROUTE_ElCaminoHealthMountainView,0.4297867843275667,15.038333333333332,ROUTE_ElCaminoHealthMountainView,0.4297867843275667,15.038333333333332
37.3666666666395,-122.07166666662171,213.2244584878069,HEMORRHAGIC,ROUTE_ElCaminoHealthMountainView,0.3362809645840872,3.3733333333333335,ROUTE_ElCaminoHealthMountainView,0.3362809645840872,3.3733333333333335,ROUTE_ElCaminoHealthMountainView,0.3362809645840872,3.3733333333333335,ROUTE_ElCaminoHealthMountainView,0.3362809645840872,3.3733333333333335
37.58611111108412,-122.05972222217726,251.1422521636352,HEMORRHAGIC,ROUTE_StRoseHospital,0.32734294144,11.713333333333333,ROUTE_StRoseHospital,0.32734294144,11.713333333333333,ROUTE_SutterEdenMedicalCenter,0.32734294144,20.875,ROUTE_WashingtonHospitalHealthcareSystem,0.32734294144,17.18
38.27805555552912,-122.26777777773297,120.41909711518815,HEMORRHAGIC,ROUTE_JohnMuirMedicalCenterWalnutCreekCampus,0.4063098882671649,48.355000000000004,ROUTE_ProvidenceQueenOfTheValleyMedicalCenter,0.3516138488733713,11.21,ROUTE_JohnMuirMedicalCenterWalnutCreekCampus,0.4063098882671649,48.355000000000004,ROUTE_ProvidenceQueenOfTheValleyMedicalCenter,0.3516138488733713,11.21
37.796111111084294,-122.19805555551069,87.08755750598144,NLVO,ROUTE_SutterEdenMedicalCenter,0.42114898534161604,17.07,ROUTE_HighlandHospitalWilmaChanCampus,0.3590651690141129,5.239999999999999,ROUTE_SutterEdenMedicalCenter,0.42114898534161604,17.07,ROUTE_HighlandHospitalWilmaChanCampus,0.3590651690141129,5.239999999999999
37.751111111084256,-122.48944444439982,113.47859840969741,NLVO,ROUTE_UCSFMedicalCenter,0.4170336505852422,8.431666666666667,ROUTE_UCSFMedicalCenter,0.4170336505852422,8.431666666666667,ROUTE_UCSFMedicalCenter,0.4170336505852422,8.431666666666667,ROUTE_UCSFMedicalCenter,0.4170336505852422,8.431666666666667
37.71666666663978,-121.93611111106604,169.84379354926875,HEMORRHAGIC,ROUTE_SutterEdenMedicalCenter,0.3412982742123387,18.293333333333333,ROUTE_StanfordHealthCareTriValley,0.342419014264201,12.026666666666667,ROUTE_SutterEdenMedicalCenter,0.3412982742123387,18.293333333333333,ROUTE_StanfordHealthCareTriValley,0.342419014264201,12.026666666666667
38.17388888886237,-121.69499999995475,129.33551155977813,LVO,ROUTE_JohnMuirMedicalCenterWalnutCreekCampus,0.3422738403611028,53.345,ROUTE_SutterDeltaMedicalCenter,0.32734294144,31.788333333333334,ROUTE_JohnMuirMedicalCenterWalnutCreekCampus,0.3422738403611028,53.345,ROUTE_KaiserFoundationHospitalAntioch,0.34568708740707493,34.443333333333335
37.95694444441775,-122.10749999995507,137.5007290953972,HEMORRHAGIC,ROUTE_JohnMuirMedicalCenterWalnutCreekCampus,0.409445173944027,17.476666666666667,ROUTE_ContraCostaRegionalMedicalCenter,0.32734294144,11.651666666666667,ROUTE_JohnMuirMedicalCenterWalnutCreekCampus,0.409445173944027,17.476666666666667,ROUTE_JohnMuirMedicalCenterConcordCampus,0.34762155847362114,15.693333333333333
37.876111111084356,-122.28666666662188,132.75252707169471,HEMORRHAGIC,ROUTE_CPMCDaviesCampusSutter,0.4074793624210302,30.866666666666667,ROUTE_AltaBatesSummitMedicalCenterAltaBatesCampus,0.32734294144,10.156666666666666,ROUTE_CPMCDaviesCampusSutter,0.4074793624210302,30.866666666666667,ROUTE_KaiserFoundationHospitalOaklandRichmond,0.34864572681581035,14.875
37.95166666663997,-122.55138888884431,77.85278129770862,LVO,ROUTE_UCSFMedicalCenter,0.4182052340122583,38.99166666666667,ROUTE_MarinHealthMedicalCenter,0.36063129729735166,6.364999999999999,ROUTE_UCSFMedicalCenter,0.4182052340122583,38.99166666666667,ROUTE_MarinHealthMedicalCenter,0.36063129729735166,6.364999999999999
37.71222222219534,-122.43944444439978,190.3834985700313,LVO,ROUTE_CPMCDaviesCampusSutter,0.3380704430933994,15.985000000000001,ROUTE_CPMCMissionBernalCampusSutter,0.3391751042418737,9.715,ROUTE_CPMCDaviesCampusSutter,0.3380704430933994,15.985000000000001,ROUTE_CPMCMissionBernalCampusSutter,0.3391751042418737,9.715
37.87638888886213,-122.27333333328853,83.43919628294739,LVO,ROUTE_JohnMuirMedicalCenterWalnutCreekCampus,0.4186239009919552,31.596666666666668,ROUTE_AltaBatesSummitMedicalCenterAltaBatesCampus,0.33495536136843707,9.3,ROUTE_JohnMuirMedicalCenterWalnutCreekCampus,0.4186239009919552,31.596666666666668,ROUTE_KaiserFoundationHospitalOaklandRichmond,0.3579360608702147,14.768333333333334
37.50472222219517,-122.26527777773298,126.00513273971762,LVO,ROUTE_KaiserFoundationHospitalRedwoodCity,0.4133039290715928,12.103333333333333,ROUTE_SequoiaHospital,0.3509489497604726,9.19,ROUTE_KaiserFoundationHospitalRedwoodCity,0.4133039290715928,12.103333333333333,ROUTE_SequoiaHospital,0.3509489497604726,9.19
37.54444444441742,-121.99694444439943,31.81014509003724,HEMORRHAGIC,ROUTE_SutterEdenMedicalCenter,0.43228872888889835,24.875,ROUTE_WashingtonHospitalHealthcareSystem,0.42870163274043893,6.325,ROUTE_SutterEdenMedicalCenter,0.43228872888889835,24.875,ROUTE_WashingtonHospitalHealthcareSystem,0.42870163274043893,6.325
37.80444444441763,-122.40694444439976,233.63683367708285,LVO,ROUTE_ChineseHospital,0.32734294144,5.364999999999999,ROUTE_ChineseHospital,0.32734294144,5.364999999999999,ROUTE_CPMCDaviesCampusSutter,0.32734294144,14.423333333333334,ROUTE_ChineseHospital,0.32734294144,5.364999999999999
37.48444444441738,-122.2208333332885,95.13715579179112,HEMORRHAGIC,ROUTE_KaiserFoundationHospitalRedwoodCity,0.42250763953219295,3.185,ROUTE_KaiserFoundationHospitalRedwoodCity,0.42250763953219295,3.185,ROUTE_KaiserFoundationHospitalRedwoodCity,0.42250763953219295,3.185,ROUTE_KaiserFoundationHospitalRedwoodCity,0.42250763953219295,3.185
38.10138888886231,-122.24999999995518,120.7838118209711,HEMORRHAGIC,ROUTE_JohnMuirMedicalCenterWalnutCreekCampus,0.410783717907318,28.328333333333333,ROUTE_KaiserFoundationHospitalVallejo,0.3524057079289584,6.61,ROUTE_JohnMuirMedicalCenterWalnutCreekCampus,0.410783717907318,28.328333333333333,ROUTE_KaiserFoundationHospitalVallejo,0.3524057079289584,6.61
37.91194444441772,-122.32083333328858,226.49492930216744,LVO,ROUTE_KaiserFoundationHospitalRichmondCampus,0.32734294144,8.604999999999999,ROUTE_KaiserFoundationHospitalRichmondCampus,0.32734294144,8.604999999999999,ROUTE_CPMCDaviesCampusSutter,0.32734294144,28.861666666666668,ROUTE_KaiserFoundationHospitalRichmondCampus,0.32734294144,8.604999999999999
38.19388888886239,-122.14027777773288,194.09455899226646,HEMORRHAGIC,ROUTE_NorthBayMedicalCenter,0.33756635203702906,15.146666666666667,ROUTE_NorthBayMedicalCenter,0.33756635203702906,15.146666666666667,ROUTE_JohnMuirMedicalCenterWalnutCreekCampus,0.32734294144,32.961666666666666,ROUTE_NorthBayMedicalCenter,0.33756635203702906,15.146666666666667
37.64277777775084,-122.42999999995533,93.0865415682282,HEMORRHAGIC,ROUTE_MillsPeninsulaMedicalCenterSutter,0.42047774943188165,13.958333333333334,ROUTE_KaiserFoundationHospitalSouthSanFrancisco,0.3576338877089773,6.698333333333333,ROUTE_MillsPeninsulaMedicalCenterSutter,0.42047774943188165,13.958333333333334,ROUTE_KaiserFoundationHospitalSouthSanFrancisco,0.3576338877089773,6.698333333333333
37.799722222195406,-122.21888888884405,192.86382484757834,HEMORRHAGIC,ROUTE_HighlandHospitalWilmaChanCampus,0.34000396359293156,2.55,ROUTE_HighlandHospitalWilmaChanCampus,0.34000396359293156,2.55,ROUTE_SutterEdenMedicalCenter,0.33732671343814236,17.745,ROUTE_HighlandHospitalWilmaChanCampus,0.34000396359293156,2.55
37.71083333330645,-122.41027777773309,114.41922754938498,HEMORRHAGIC,ROUTE_MillsPeninsulaMedicalCenterSutter,0.4149966167868781,16.325,ROUTE_ZuckerbergSanFranciscoGeneralHospital,0.35247688860139115,12.595,ROUTE_MillsPeninsulaMedicalCenterSutter,0.4149966167868781,16.325,ROUTE_ZuckerbergSanFranciscoGeneralHospital,0.35247688860139115,12.595
38.31027777775137,-122.4922222221776,247.6398124246112,HEMORRHAGIC,ROUTE_SonomaValleyHospital,0.32734294144,10.796666666666665,ROUTE_SonomaValleyHospital,0.32734294144,10.796666666666665,ROUTE_JohnMuirMedicalCenterWalnutCreekCampus,0.32734294144,71.40833333333333,ROUTE_SonomaValleyHospital,0.32734294144,10.796666666666665
37.70944444441756,-121.86694444439932,180.3724395290228,HEMORRHAGIC,ROUTE_SutterEdenMedicalCenter,0.33944228764438217,18.21333333333333,ROUTE_StanfordHealthCareTriValley,0.34161229336991344,6.005,ROUTE_SutterEdenMedicalCenter,0.33944228764438217,18.21333333333333,ROUTE_StanfordHealthCareTriValley,0.34161229336991344,6.005
37.59027777775079,-122.00194444439943,178.07652202014077,MIMIC,ROUTE_SutterEdenMedicalCenter,0.3384795891069776,25.965,ROUTE_WashingtonHospitalHealthcareSystem,0.3408667236833777,12.481666666666666,ROUTE_SutterEdenMedicalCenter,0.3384795891069776,25.965,ROUTE_WashingtonHospitalHealthcareSystem,0.3408667236833777,12.481666666666666
37.540555555528535,-121.9594444443994,96.17976339693314,LVO,ROUTE_RegionalMedicalCenterOfSanJose,0.41750972865521124,23.67,ROUTE_KaiserFoundationHospitalFremont,0.3569018544866562,7.4350000000000005,ROUTE_RegionalMedicalCenterOfSanJose,0.41750972865521124,23.67,ROUTE_KaiserFoundationHospitalFremont,0.3569018544866562,7.4350000000000005
38.02666666664003,-121.95138888884384,267.3821394970994,HEMORRHAGIC,ROUTE_JohnMuirMedicalCenterConcordCampus,0.32734294144,10.643333333333334,ROUTE_JohnMuirMedicalCenterConcordCampus,0.32734294144,10.643333333333334,ROUTE_JohnMuirMedicalCenterWalnutCreekCampus,0.32734294144,20.403333333333332,ROUTE_JohnMuirMedicalCenterConcordCampus,0.32734294144,10.643333333333334
37.863611111084346,-122.29416666662189,145.9312468389017,LVO,ROUTE_CPMCDaviesCampusSutter,0.4050226719936603,28.529999999999998,ROUTE_AltaBatesSummitMedicalCenterAltaBatesCampus,0.32734294144,9.488333333333333,ROUTE_CPMCDaviesCampusSutter,0.4050226719936603,28.529999999999998,ROUTE_AltaBatesSummitMedicalCenterSummitCampus,0.3465988501161621,12.848333333333333
37.730833333306464,-121.92833333328826,155.4313115100095,LVO,ROUTE_SutterEdenMedicalCenter,0.4046359224509563,20.741666666666667,ROUTE_SanRamonRegionalMedicalCenter,0.34531662510591854,10.385,ROUTE_SutterEdenMedicalCenter,0.4046359224509563,20.741666666666667,ROUTE_SanRamonRegionalMedicalCenter,0.34531662510591854,10.385
37.536388888861865,-121.97916666662164,208.9800573199321,LVO,ROUTE_KaiserFoundationHospitalFremont,0.33656776536705135,5.971666666666667,ROUTE_KaiserFoundationHospitalFremont,0.33656776536705135,5.971666666666667,ROUTE_RegionalMedicalCenterOfSanJose,0.32734294144,25.065,ROUTE_KaiserFoundationHospitalFremont,0.33656776536705135,5.971666666666667
37.79305555552873,-122.43333333328866,166.73912974134424,HEMORRHAGIC,ROUTE_CPMCDaviesCampusSutter,0.4049416294242816,8.08,ROUTE_UCSFHealthHydeHospital,0.34451065706050077,3.521666666666667,ROUTE_CPMCDaviesCampusSutter,0.4049416294242816,8.08,ROUTE_UCSFHealthHydeHospital,0.34451065706050077,3.521666666666667
38.10777777775121,-122.2069444443996,163.43281568810607,HEMORRHAGIC,ROUTE_JohnMuirMedicalCenterWalnutCreekCampus,0.34053545798102286,28.988333333333333,ROUTE_SutterSolanoMedicalCenter,0.34399404747479445,9.685,ROUTE_JohnMuirMedicalCenterWalnutCreekCampus,0.34053545798102286,28.988333333333333,ROUTE_SutterSolanoMedicalCenter,0.34399404747479445,9.685
37.751666666639814,-121.89111111106601,255.33255422675958,NLVO,ROUTE_SanRamonRegionalMedicalCenter,0.32734294144,13.991666666666667,ROUTE_SanRamonRegionalMedicalCenter,0.32734294144,13.991666666666667,ROUTE_SutterEdenMedicalCenter,0.32734294144,24.82,ROUTE_SanRamonRegionalMedicalCenter,0.32734294144,13.991666666666667
38.14388888886235,-122.2347222221774,75.26884323762498,LVO,ROUTE_JohnMuirMedicalCenterWalnutCreekCampus,0.42059932629452534,31.253333333333334,ROUTE_SutterSolanoMedicalCenter,0.36126519630448745,5.680000000000001,ROUTE_JohnMuirMedicalCenterWalnutCreekCampus,0.42059932629452534,31.253333333333334,ROUTE_SutterSolanoMedicalCenter,0.36126519630448745,5.680000000000001
37.81249999997319,-122.12083333328842,186.9843048513153,LVO,ROUTE_KaiserFoundationHospitalWalnutCreek,0.33720932811772664,24.295,ROUTE_KaiserFoundationHospitalWalnutCreek,0.33720932811772664,24.295,ROUTE_JohnMuirMedicalCenterWalnutCreekCampus,0.3368122906224097,26.566666666666666,ROUTE_KaiserFoundationHospitalWalnutCreek,0.33720932811772664,24.295
37.74444444441758,-121.9569444443994,78.75943719524113,LVO,ROUTE_SutterEdenMedicalCenter,0.4222377192093967,20.721666666666668,ROUTE_SanRamonRegionalMedicalCenter,0.35976423019350745,9.941666666666666,ROUTE_SutterEdenMedicalCenter,0.4222377192093967,20.721666666666668,ROUTE_SanRamonRegionalMedicalCenter,0.35976423019350745,9.941666666666666
37.766388888862046,-122.43472222217756,126.53197475975611,LVO,ROUTE_CPMCDaviesCampusSutter,0.41551670879520586,1.9533333333333334,ROUTE_CPMCDaviesCampusSutter,0.41551670879520586,1.9533333333333334,ROUTE_CPMCDaviesCampusSutter,0.41551670879520586,1.9533333333333334,ROUTE_CPMCDaviesCampusSutter,0.41551670879520586,1.9533333333333334
38.11722222219566,-122.2144444443996,157.38646081642383,LVO,ROUTE_JohnMuirMedicalCenterWalnutCreekCampus,0.34132414218206525,30.60666666666667,ROUTE_SutterSolanoMedicalCenter,0.34554477664009037,7.175,ROUTE_JohnMuirMedicalCenterWalnutCreekCampus,0.34132414218206525,30.60666666666667,ROUTE_SutterSolanoMedicalCenter,0.34554477664009037,7.175
37.445277777750675,-122.17722222217735,246.53587145762057,MIMIC,ROUTE_StanfordHealthCare,0.32734294144,7.166666666666667,ROUTE_StanfordHealthCare,0.32734294144,7.166666666666667,ROUTE_StanfordHealthCare,0.32734294144,7.166666666666667,ROUTE_StanfordHealthCare,0.32734294144,7.166666666666667
37.53944444441742,-122.04305555551058,37.19080435007787,NLVO,ROUTE_SutterEdenMedicalCenter,0.4310837021907318,24.59,ROUTE_StRoseHospital,0.4041322481997273,15.428333333333335,ROUTE_SutterEdenMedicalCenter,0.4310837021907318,24.59,ROUTE_WashingtonHospitalHealthcareSystem,0.42514158544422576,15.92
37.553611111084095,-122.0086111110661,135.58644620102453,LVO,ROUTE_SutterEdenMedicalCenter,0.4085943950291296,23.126666666666665,ROUTE_WashingtonHospitalHealthcareSystem,0.34926997078793004,8.658333333333333,ROUTE_SutterEdenMedicalCenter,0.4085943950291296,23.126666666666665,ROUTE_WashingtonHospitalHealthcareSystem,0.34926997078793004,8.658333333333333
38.00888888886224,-121.72999999995477,244.81810408878644,HEMORRHAGIC,ROUTE_SutterDeltaMedicalCenter,0.32734294144,15.045,ROUTE_SutterDeltaMedicalCenter,0.32734294144,15.045,ROUTE_JohnMuirMedicalCenterWalnutCreekCampus,0.32734294144,36.60166666666667,ROUTE_KaiserFoundationHospitalAntioch,0.32734294144,16.566666666666666
37.58444444441746,-122.33638888884414,68.93831428720063,HEMORRHAGIC,ROUTE_MillsPeninsulaMedicalCenterSutter,0.4272141272893395,9.271666666666667,ROUTE_MillsPeninsulaMedicalCenterSutter,0.4272141272893395,9.271666666666667,ROUTE_MillsPeninsulaMedicalCenterSutter,0.4272141272893395,9.271666666666667,ROUTE_MillsPeninsulaMedicalCenterSutter,0.4272141272893395,9.271666666666667
37.460555555528465,-121.91611111106603,130.0268179138693,LVO,ROUTE_RegionalMedicalCenterOfSanJose,0.41165593218388646,15.271666666666667,ROUTE_RegionalMedicalCenterOfSanJose,0.41165593218388646,15.271666666666667,ROUTE_RegionalMedicalCenterOfSanJose,0.41165593218388646,15.271666666666667,ROUTE_RegionalMedicalCenterOfSanJose,0.41165593218388646,15.271666666666667
37.77694444441761,-122.39416666662197,111.90814779706889,LVO,ROUTE_CPMCDaviesCampusSutter,0.4167714221228046,11.138333333333332,ROUTE_ChineseHospital,0.35380530793067716,8.036666666666667,ROUTE_CPMCDaviesCampusSutter,0.4167714221228046,11.138333333333332,ROUTE_ChineseHospital,0.35380530793067716,8.036666666666667
37.98833333330667,-122.34083333328859,96.48186010843985,LVO,ROUTE_JohnMuirMedicalCenterWalnutCreekCampus,0.4151637765268736,33.535,ROUTE_KaiserFoundationHospitalRichmondCampus,0.35648731920058,9.308333333333334,ROUTE_JohnMuirMedicalCenterWalnutCreekCampus,0.4151637765268736,33.535,ROUTE_KaiserFoundationHospitalRichmondCampus,0.35648731920058,9.308333333333334
37.770277777750934,-122.24888888884406,39.16337362412894,HEMORRHAGIC,ROUTE_SutterEdenMedicalCenter,0.4316019419326699,20.425,ROUTE_AlamedaHospital,0.42821438010932167,2.7416666666666667,ROUTE_SutterEdenMedicalCenter,0.4316019419326699,20.425,ROUTE_AlamedaHospital,0.42821438010932167,2.7416666666666667
37.77138888886205,-121.97416666662163,255.945597919225,NLVO,ROUTE_SanRamonRegionalMedicalCenter,0.32734294144,5.225,ROUTE_SanRamonRegionalMedicalCenter,0.32734294144,5.225,ROUTE_JohnMuirMedicalCenterWalnutCreekCampus,0.32734294144,19.991666666666667,ROUTE_SanRamonRegionalMedicalCenter,0.32734294144,5.225
37.684999999973094,-122.08749999995506,147.4011594083845,HEMORRHAGIC,ROUTE_SutterEdenMedicalCenter,0.4096060945101828,6.871666666666667,ROUTE_SutterEdenMedicalCenter,0.4096060945101828,6.871666666666667,ROUTE_SutterEdenMedicalCenter,0.4096060945101828,6.871666666666667,ROUTE_SutterEdenMedicalCenter,0.4096060945101828,6.871666666666667
37.94583333330663,-122.03444444439945,113.20226824419935,LVO,ROUTE_JohnMuirMedicalCenterWalnutCreekCampus,0.41712598494410447,8.308333333333334,ROUTE_JohnMuirMedicalCenterWalnutCreekCampus,0.41712598494410447,8.308333333333334,ROUTE_JohnMuirMedicalCenterWalnutCreekCampus,0.41712598494410447,8.308333333333334,ROUTE_JohnMuirMedicalCenterWalnutCreekCampus,0.41712598494410447,8.308333333333334
37.62083333330637,-122.08722222217727,31.774755053461547,LVO,ROUTE_SutterEdenMedicalCenter,0.4340871587993434,17.32,ROUTE_StRoseHospital,0.4076570286166984,5.23,ROUTE_SutterEdenMedicalCenter,0.4340871587993434,17.32,ROUTE_KaiserFoundationHospitalSanLeandro,0.42749322587688926,15.626666666666667
38.287222222195794,-122.45972222217758,71.52881095075487,LVO,ROUTE_JohnMuirMedicalCenterWalnutCreekCampus,0.4138571125387494,64.17,ROUTE_SonomaValleyHospital,0.36283265232418976,1.3716666666666666,ROUTE_JohnMuirMedicalCenterWalnutCreekCampus,0.4138571125387494,64.17,ROUTE_SonomaValleyHospital,0.36283265232418976,1.3716666666666666
37.93972222219552,-122.36749999995527,254.77411501234113,NLVO,ROUTE_KaiserFoundationHospitalRichmondCampus,0.32734294144,1.9383333333333332,ROUTE_KaiserFoundationHospitalRichmondCampus,0.32734294144,1.9383333333333332,ROUTE_CPMCDaviesCampusSutter,0.32734294144,34.65,ROUTE_KaiserFoundationHospitalRichmondCampus,0.32734294144,1.9383333333333332
37.36249999997283,-122.06055555551059,36.428794346610715,LVO,ROUTE_ElCaminoHealthMountainView,0.4344844512713196,10.991666666666667,ROUTE_ElCaminoHealthMountainView,0.4344844512713196,10.991666666666667,ROUTE_ElCaminoHealthMountainView,0.4344844512713196,10.991666666666667,ROUTE_ElCaminoHealthMountainView,0.4344844512713196,10.991666666666667
37.558611111084105,-121.9933333332883,203.5498242144532,MIMIC,ROUTE_WashingtonHospitalHealthcareSystem,0.3377701137997491,4.53,ROUTE_WashingtonHospitalHealthcareSystem,0.3377701137997491,4.53,ROUTE_SutterEdenMedicalCenter,0.32734294144,28.033333333333335,ROUTE_WashingtonHospitalHealthcareSystem,0.3377701137997491,4.53
37.771111111084274,-122.28416666662187,31.137061767627642,LVO,ROUTE_SutterEdenMedicalCenter,0.4322390141205019,25.758333333333333,ROUTE_AlamedaHospital,0.42921613459406693,6.5633333333333335,ROUTE_SutterEdenMedicalCenter,0.4322390141205019,25.758333333333333,ROUTE_AlamedaHospital,0.42921613459406693,6.5633333333333335
37.93388888886218,-121.97972222217719,211.48334668871587,LVO,ROUTE_JohnMuirMedicalCenterWalnutCreekCampus,0.3350271462734895,12.333333333333334,ROUTE_JohnMuirMedicalCenterWalnutCreekCampus,0.3350271462734895,12.333333333333334,ROUTE_JohnMuirMedicalCenterWalnutCreekCampus,0.3350271462734895,12.333333333333334,ROUTE_JohnMuirMedicalCenterWalnutCreekCampus,0.3350271462734895,12.333333333333334
37.6305555555286,-122.03361111106612,161.4528098271828,LVO,ROUTE_SutterEdenMedicalCenter,0.3415632234605128,25.2,ROUTE_StRoseHospital,0.32734294144,15.748333333333333,ROUTE_SutterEdenMedicalCenter,0.3415632234605128,25.2,ROUTE_KaiserFoundationHospitalSanLeandro,0.3418658779099125,23.506666666666668
37.528055555528525,-122.03694444439945,207.12079639186555,MIMIC,ROUTE_WashingtonHospitalHealthcareSystem,0.3352421909209761,15.455,ROUTE_WashingtonHospitalHealthcareSystem,0.3352421909209761,15.455,ROUTE_SutterEdenMedicalCenter,0.32734294144,25.084999999999997,ROUTE_WashingtonHospitalHealthcareSystem,0.3352421909209761,15.455
37.655833333306404,-122.46416666662202,87.64976229073045,LVO,ROUTE_MillsPeninsulaMedicalCenterSutter,0.42160338459739294,14.555,ROUTE_AHMCSetonMedicalCenter,0.35864443887067277,6.866666666666666,ROUTE_MillsPeninsulaMedicalCenterSutter,0.42160338459739294,14.555,ROUTE_AHMCSetonMedicalCenter,0.35864443887067277,6.866666666666666
37.720277777750894,-122.14694444439955,252.8919334529203,MIMIC,ROUTE_SanLeandroHospitalAlamedaHealthSystem,0.32734294144,2.5883333333333334,ROUTE_SanLeandroHospitalAlamedaHealthSystem,0.32734294144,2.5883333333333334,ROUTE_SutterEdenMedicalCenter,0.32734294144,12.31,ROUTE_KaiserFoundationHospitalSanLeandro,0.32734294144,9.366666666666667
37.53472222219519,-122.02805555551056,151.17098157799924,HEMORRHAGIC,ROUTE_SutterEdenMedicalCenter,0.4048862554066281,23.89333333333333,ROUTE_WashingtonHospitalHealthcareSystem,0.34530642063953204,14.701666666666666,ROUTE_SutterEdenMedicalCenter,0.4048862554066281,23.89333333333333,ROUTE_WashingtonHospitalHealthcareSystem,0.34530642063953204,14.701666666666666
37.64916666663973,-122.44944444439979,30.76515209185274,MIMIC,ROUTE_MillsPeninsulaMedicalCenterSutter,0.43524597708151236,13.45,ROUTE_KaiserFoundationHospitalSouthSanFrancisco,0.4297663871013191,6.25,ROUTE_MillsPeninsulaMedicalCenterSutter,0.43524597708151236,13.45,ROUTE_KaiserFoundationHospitalSouthSanFrancisco,0.4297663871013191,6.25
37.78833333330651,-122.41361111106643,59.18378360655437,LVO,ROUTE_CPMCDaviesCampusSutter,0.4294119647491857,9.683333333333334,ROUTE_UCSFHealthHydeHospital,0.42437901709147974,2.375,ROUTE_CPMCDaviesCampusSutter,0.4294119647491857,9.683333333333334,ROUTE_UCSFHealthHydeHospital,0.42437901709147974,2.375
37.42277777775066,-121.90861111106602,183.69021303025505,LVO,ROUTE_RegionalMedicalCenterOfSanJose,0.33955899356782204,14.236666666666668,ROUTE_OConnorHospital,0.33960090512043734,14.0,ROUTE_RegionalMedicalCenterOfSanJose,0.33955899356782204,14.236666666666668,ROUTE_OConnorHospital,0.33960090512043734,14.0
37.682777777750864,-122.09972222217729,119.72364242237465,HEMORRHAGIC,ROUTE_SutterEdenMedicalCenter,0.41598601571878346,6.7266666666666675,ROUTE_SutterEdenMedicalCenter,0.41598601571878346,6.7266666666666675,ROUTE_SutterEdenMedicalCenter,0.41598601571878346,6.7266666666666675,ROUTE_SutterEdenMedicalCenter,0.41598601571878346,6.7266666666666675
38.26611111108467,-122.64916666662216,58.42838658787333,LVO,ROUTE_UCSFMedicalCenter,0.4166036743432649,65.34333333333333,ROUTE_PetalumaValleyHospitalProvidence,0.36457381193024097,5.588333333333334,ROUTE_UCSFMedicalCenter,0.4166036743432649,65.34333333333333,ROUTE_PetalumaValleyHospitalProvidence,0.36457381193024097,5.588333333333334
38.25138888886244,-122.61222222217769,176.8657045578932,HEMORRHAGIC,ROUTE_PetalumaValleyHospitalProvidence,0.342315113658064,5.585,ROUTE_PetalumaValleyHospitalProvidence,0.342315113658064,5.585,ROUTE_UCSFMedicalCenter,0.32734294144,61.84,ROUTE_PetalumaValleyHospitalProvidence,0.342315113658064,5.585
37.338333333306146,-122.03722222217723,189.40466172079383,HEMORRHAGIC,ROUTE_KaiserFoundationHospitalSantaClara,0.33920419183481193,10.528333333333334,ROUTE_KaiserFoundationHospitalSantaClara,0.33920419183481193,10.528333333333334,ROUTE_KaiserFoundationHospitalSantaClara,0.33920419183481193,10.528333333333334,ROUTE_KaiserFoundationHospitalSantaClara,0.33920419183481193,10.528333333333334
37.783055555528726,-122.19111111106625,47.802450925368646,LVO,ROUTE_SutterEdenMedicalCenter,0.43018355468413744,17.791666666666668,ROUTE_HighlandHospitalWilmaChanCampus,0.42546626201628257,6.845,ROUTE_SutterEdenMedicalCenter,0.43018355468413744,17.791666666666668,ROUTE_HighlandHospitalWilmaChanCampus,0.42546626201628257,6.845
37.54166666663964,-122.30749999995523,223.63930987752818,LVO,ROUTE_SanMateoMedicalCenter,0.32734294144,5.5233333333333325,ROUTE_SanMateoMedicalCenter,0.32734294144,5.5233333333333325,ROUTE_KaiserFoundationHospitalRedwoodCity,0.32734294144,15.32,ROUTE_KaiserFoundationHospitalRedwoodCity,0.32734294144,15.32
37.88361111108436,-122.20027777773292,119.99832371795432,LVO,ROUTE_JohnMuirMedicalCenterWalnutCreekCampus,0.4126175377250549,21.101666666666667,ROUTE_AltaBatesSummitMedicalCenterAltaBatesCampus,0.32734294144,18.334999999999997,ROUTE_JohnMuirMedicalCenterWalnutCreekCampus,0.4126175377250549,21.101666666666667,ROUTE_KaiserFoundationHospitalWalnutCreek,0.3502733311914024,18.83
37.733611111084244,-122.17472222217735,66.79428264533453,LVO,ROUTE_SutterEdenMedicalCenter,0.4261061328562444,16.136666666666667,ROUTE_KaiserFoundationHospitalSanLeandro,0.36202224538158567,10.261666666666667,ROUTE_SutterEdenMedicalCenter,0.4261061328562444,16.136666666666667,ROUTE_KaiserFoundationHospitalSanLeandro,0.36202224538158567,10.261666666666667
37.839999999973216,-122.29138888884411,153.32180185362387,HEMORRHAGIC,ROUTE_CPMCDaviesCampusSutter,0.40411775457129384,25.146666666666665,ROUTE_AltaBatesSummitMedicalCenterSummitCampus,0.34586783854142394,9.465,ROUTE_CPMCDaviesCampusSutter,0.40411775457129384,25.146666666666665,ROUTE_AltaBatesSummitMedicalCenterSummitCampus,0.34586783854142394,9.465
37.774722222195386,-121.9152777777327,94.68773904389462,HEMORRHAGIC,ROUTE_JohnMuirMedicalCenterWalnutCreekCampus,0.4170153684276509,27.301666666666666,ROUTE_SanRamonRegionalMedicalCenter,0.35685259806235536,9.185,ROUTE_JohnMuirMedicalCenterWalnutCreekCampus,0.4170153684276509,27.301666666666666,ROUTE_SanRamonRegionalMedicalCenter,0.35685259806235536,9.185
37.761388888862044,-122.43333333328866,114.21637296428945,HEMORRHAGIC,ROUTE_CPMCDaviesCampusSutter,0.41803059350274546,3.381666666666667,ROUTE_CPMCDaviesCampusSutter,0.41803059350274546,3.381666666666667,ROUTE_CPMCDaviesCampusSutter,0.41803059350274546,3.381666666666667,ROUTE_CPMCDaviesCampusSutter,0.41803059350274546,3.381666666666667
37.5472222221952,-122.02722222217723,89.02762678402273,HEMORRHAGIC,ROUTE_SutterEdenMedicalCenter,0.4192173497481937,23.446666666666665,ROUTE_WashingtonHospitalHealthcareSystem,0.3569651488346268,14.256666666666666,ROUTE_SutterEdenMedicalCenter,0.4192173497481937,23.446666666666665,ROUTE_WashingtonHospitalHealthcareSystem,0.3569651488346268,14.256666666666666
38.30472222219581,-122.30222222217745,136.18977656528506,LVO,ROUTE_JohnMuirMedicalCenterWalnutCreekCampus,0.34159862650906203,50.265,ROUTE_ProvidenceQueenOfTheValleyMedicalCenter,0.3496401201574654,6.055000000000001,ROUTE_JohnMuirMedicalCenterWalnutCreekCampus,0.34159862650906203,50.265,ROUTE_ProvidenceQueenOfTheValleyMedicalCenter,0.3496401201574654,6.055000000000001
37.360555555528386,-122.02833333328834,223.19669639570535,HEMORRHAGIC,ROUTE_KaiserFoundationHospitalSantaClara,0.32734294144,10.846666666666666,ROUTE_KaiserFoundationHospitalSantaClara,0.32734294144,10.846666666666666,ROUTE_KaiserFoundationHospitalSantaClara,0.32734294144,10.846666666666666,ROUTE_KaiserFoundationHospitalSantaClara,0.32734294144,10.846666666666666
37.95611111108442,-121.95611111106606,179.54942383987787,LVO,ROUTE_JohnMuirMedicalCenterWalnutCreekCampus,0.3404400624317799,13.408333333333333,ROUTE_JohnMuirMedicalCenterWalnutCreekCampus,0.3404400624317799,13.408333333333333,ROUTE_JohnMuirMedicalCenterWalnutCreekCampus,0.3404400624317799,13.408333333333333,ROUTE_JohnMuirMedicalCenterWalnutCreekCampus,0.3404400624317799,13.408333333333333
38.12583333330678,-122.22166666662183,54.08672478894508,LVO,ROUTE_JohnMuirMedicalCenterWalnutCreekCampus,0.42567013309551555,30.705,ROUTE_SutterSolanoMedicalCenter,0.3653731939754943,5.871666666666667,ROUTE_JohnMuirMedicalCenterWalnutCreekCampus,0.42567013309551555,30.705,ROUTE_SutterSolanoMedicalCenter,0.3653731939754943,5.871666666666667
38.14944444441791,-122.26833333328852,97.88152208753732,HEMORRHAGIC,ROUTE_JohnMuirMedicalCenterWalnutCreekCampus,0.4142983837085291,35.89666666666667,ROUTE_KaiserFoundationHospitalVallejo,0.3565530866068757,7.5633333333333335,ROUTE_JohnMuirMedicalCenterWalnutCreekCampus,0.4142983837085291,35.89666666666667,ROUTE_KaiserFoundationHospitalVallejo,0.3565530866068757,7.5633333333333335
37.721944444417566,-122.4352777777331,154.90864725979336,LVO,ROUTE_CPMCDaviesCampusSutter,0.4063918752925621,13.503333333333334,ROUTE_CPMCMissionBernalCampusSutter,0.34598542613902816,7.233333333333333,ROUTE_CPMCDaviesCampusSutter,0.4063918752925621,13.503333333333334,ROUTE_CPMCMissionBernalCampusSutter,0.34598542613902816,7.233333333333333
37.724444444417564,-122.17499999995512,112.38741799127725,LVO,ROUTE_SutterEdenMedicalCenter,0.4160787751991461,13.66,ROUTE_KaiserFoundationHospitalSanLeandro,0.35376258216232537,7.785,ROUTE_SutterEdenMedicalCenter,0.4160787751991461,13.66,ROUTE_KaiserFoundationHospitalSanLeandro,0.35376258216232537,7.785
37.89611111108437,-121.59777777773245,37.39292453044395,HEMORRHAGIC,ROUTE_JohnMuirMedicalCenterWalnutCreekCampus,0.42489211928960535,50.72166666666667,ROUTE_KaiserFoundationHospitalAntioch,0.3648548154815289,25.196666666666665,ROUTE_JohnMuirMedicalCenterWalnutCreekCampus,0.42489211928960535,50.72166666666667,ROUTE_KaiserFoundationHospitalAntioch,0.3648548154815289,25.196666666666665
37.70111111108422,-122.14638888884399,158.91486168736023,HEMORRHAGIC,ROUTE_SutterEdenMedicalCenter,0.4057086950496041,12.513333333333332,ROUTE_SanLeandroHospitalAlamedaHealthSystem,0.32734294144,6.013333333333334,ROUTE_SutterEdenMedicalCenter,0.4057086950496041,12.513333333333332,ROUTE_KaiserFoundationHospitalSanLeandro,0.34516639082216666,7.73
37.68444444441754,-122.04611111106612,188.0586484689373,LVO,ROUTE_SutterEdenMedicalCenter,0.33890794716167927,13.553333333333335,ROUTE_SutterEdenMedicalCenter,0.33890794716167927,13.553333333333335,ROUTE_SutterEdenMedicalCenter,0.33890794716167927,13.553333333333335,ROUTE_SutterEdenMedicalCenter,0.33890794716167927,13.553333333333335
37.87944444441769,-122.26749999995519,207.49182358443147,HEMORRHAGIC,ROUTE_KaiserFoundationHospitalOaklandRichmond,0.3350055668233974,16.45,ROUTE_AltaBatesSummitMedicalCenterAltaBatesCampus,0.32734294144,8.596666666666666,ROUTE_SutterEdenMedicalCenter,0.32734294144,31.208333333333332,ROUTE_KaiserFoundationHospitalOaklandRichmond,0.3350055668233974,16.45
37.597499999973024,-122.39277777773307,119.68982600241651,LVO,ROUTE_MillsPeninsulaMedicalCenterSutter,0.4169462049574506,2.5983333333333336,ROUTE_MillsPeninsulaMedicalCenterSutter,0.4169462049574506,2.5983333333333336,ROUTE_MillsPeninsulaMedicalCenterSutter,0.4169462049574506,2.5983333333333336,ROUTE_MillsPeninsulaMedicalCenterSutter,0.4169462049574506,2.5983333333333336
37.88777777775103,-122.29499999995522,263.945215824598,NLVO,ROUTE_KaiserFoundationHospitalRichmondCampus,0.32734294144,13.685,ROUTE_KaiserFoundationHospitalRichmondCampus,0.32734294144,13.685,ROUTE_CPMCDaviesCampusSutter,0.32734294144,30.918333333333333,ROUTE_KaiserFoundationHospitalRichmondCampus,0.32734294144,13.685
37.788611111084286,-122.441666666622,220.42124923281654,LVO,ROUTE_KaiserFoundationHospitalSanFrancisco,0.33506026413969464,3.203333333333333,ROUTE_KaiserFoundationHospitalSanFrancisco,0.33506026413969464,3.203333333333333,ROUTE_CPMCDaviesCampusSutter,0.32734294144,6.723333333333333,ROUTE_KaiserFoundationHospitalSanFrancisco,0.33506026413969464,3.203333333333333
37.731666666639796,-122.41333333328865,232.56735035307037,LVO,ROUTE_CPMCMissionBernalCampusSutter,0.32734294144,7.73,ROUTE_CPMCMissionBernalCampusSutter,0.32734294144,7.73,ROUTE_CPMCDaviesCampusSutter,0.32734294144,13.22,ROUTE_CPMCMissionBernalCampusSutter,0.32734294144,7.73
37.456388888861795,-122.426666666622,104.98037958148649,LVO,ROUTE_MillsPeninsulaMedicalCenterSutter,0.4144504924642707,28.136666666666667,ROUTE_SanMateoMedicalCenter,0.32734294144,27.926666666666666,ROUTE_MillsPeninsulaMedicalCenterSutter,0.4144504924642707,28.136666666666667,ROUTE_MillsPeninsulaMedicalCenterSutter,0.4144504924642707,28.136666666666667
38.11472222219566,-122.22416666662183,224.82819911459916,LVO,ROUTE_SutterSolanoMedicalCenter,0.32734294144,6.105,ROUTE_SutterSolanoMedicalCenter,0.32734294144,6.105,ROUTE_JohnMuirMedicalCenterWalnutCreekCampus,0.32734294144,29.32,ROUTE_SutterSolanoMedicalCenter,0.32734294144,6.105
38.306666666640254,-122.27777777773298,265.13906306265983,HEMORRHAGIC,ROUTE_ProvidenceQueenOfTheValleyMedicalCenter,0.32734294144,7.260000000000001,ROUTE_ProvidenceQueenOfTheValleyMedicalCenter,0.32734294144,7.260000000000001,ROUTE_JohnMuirMedicalCenterWalnutCreekCampus,0.32734294144,52.90333333333333,ROUTE_ProvidenceQueenOfTheValleyMedicalCenter,0.32734294144,7.260000000000001
38.28694444441802,-122.28833333328855,158.33361727848427,LVO,ROUTE_JohnMuirMedicalCenterWalnutCreekCampus,0.3378729626160348,49.16,ROUTE_ProvidenceQueenOfTheValleyMedicalCenter,0.34505743897052266,8.911666666666667,ROUTE_JohnMuirMedicalCenterWalnutCreekCampus,0.3378729626160348,49.16,ROUTE_ProvidenceQueenOfTheValleyMedicalCenter,0.34505743897052266,8.911666666666667
37.41666666663954,-122.0880555555106,175.47770176674388,LVO,ROUTE_ElCaminoHealthMountainView,0.3414298931436883,11.921666666666665,ROUTE_ElCaminoHealthMountainView,0.3414298931436883,11.921666666666665,ROUTE_ElCaminoHealthMountainView,0.3414298931436883,11.921666666666665,ROUTE_ElCaminoHealthMountainView,0.3414298931436883,11.921666666666665
37.487777777750715,-122.21138888884404,42.085853599649695,LVO,ROUTE_KaiserFoundationHospitalRedwoodCity,0.43462883349021475,4.7266666666666675,ROUTE_KaiserFoundationHospitalRedwoodCity,0.43462883349021475,4.7266666666666675,ROUTE_KaiserFoundationHospitalRedwoodCity,0.43462883349021475,4.7266666666666675,ROUTE_KaiserFoundationHospitalRedwoodCity,0.43462883349021475,4.7266666666666675
37.41666666663954,-121.9038888888438,121.58348112499982,LVO,ROUTE_RegionalMedicalCenterOfSanJose,0.4141968145157599,12.636666666666667,ROUTE_RegionalMedicalCenterOfSanJose,0.4141968145157599,12.636666666666667,ROUTE_RegionalMedicalCenterOfSanJose,0.4141968145157599,12.636666666666667,ROUTE_RegionalMedicalCenterOfSanJose,0.4141968145157599,12.636666666666667
37.50249999997295,-122.26055555551075,36.39612293565391,HEMORRHAGIC,ROUTE_KaiserFoundationHospitalRedwoodCity,0.4342330073395499,12.085,ROUTE_SequoiaHospital,0.42816475037735446,9.071666666666665,ROUTE_KaiserFoundationHospitalRedwoodCity,0.4342330073395499,12.085,ROUTE_SequoiaHospital,0.42816475037735446,9.071666666666665
37.746666666639804,-122.47638888884426,30.80632209896364,LVO,ROUTE_UCSFMedicalCenter,0.43689425457079833,6.4816666666666665,ROUTE_UCSFMedicalCenter,0.43689425457079833,6.4816666666666665,ROUTE_UCSFMedicalCenter,0.43689425457079833,6.4816666666666665,ROUTE_UCSFMedicalCenter,0.43689425457079833,6.4816666666666665
37.75611111108426,-122.18499999995512,70.58971948798323,HEMORRHAGIC,ROUTE_SutterEdenMedicalCenter,0.424860849976512,17.658333333333335,ROUTE_KaiserFoundationHospitalSanLeandro,0.3606797997482699,13.376666666666667,ROUTE_SutterEdenMedicalCenter,0.424860849976512,17.658333333333335,ROUTE_KaiserFoundationHospitalSanLeandro,0.3606797997482699,13.376666666666667
37.56083333330633,-122.2599999999552,167.76239352824138,NLVO,ROUTE_MillsPeninsulaMedicalCenterSutter,0.3418745377034318,17.148333333333333,ROUTE_SanMateoMedicalCenter,0.32734294144,14.151666666666667,ROUTE_MillsPeninsulaMedicalCenterSutter,0.3418745377034318,17.148333333333333,ROUTE_MillsPeninsulaMedicalCenterSutter,0.3418745377034318,17.148333333333333
37.706388888861994,-122.18194444439958,227.03052779909993,LVO,ROUTE_KaiserFoundationHospitalSanLeandro,0.32734294144,5.371666666666667,ROUTE_KaiserFoundationHospitalSanLeandro,0.32734294144,5.371666666666667,ROUTE_SutterEdenMedicalCenter,0.32734294144,13.551666666666668,ROUTE_KaiserFoundationHospitalSanLeandro,0.32734294144,5.371666666666667
37.96555555552887,-122.25555555551074,257.3987343205771,NLVO,ROUTE_KaiserFoundationHospitalRichmondCampus,0.32734294144,21.745,ROUTE_KaiserFoundationHospitalRichmondCampus,0.32734294144,21.745,ROUTE_JohnMuirMedicalCenterWalnutCreekCampus,0.32734294144,32.53666666666667,ROUTE_KaiserFoundationHospitalRichmondCampus,0.32734294144,21.745
37.775833333306494,-122.26694444439964,250.03817480625685,HEMORRHAGIC,ROUTE_AlamedaHospital,0.32734294144,5.1850000000000005,ROUTE_AlamedaHospital,0.32734294144,5.1850000000000005,ROUTE_SutterEdenMedicalCenter,0.32734294144,23.276666666666664,ROUTE_AlamedaHospital,0.32734294144,5.1850000000000005
37.609166666639695,-122.40194444439975,34.71615272900103,LVO,ROUTE_MillsPeninsulaMedicalCenterSutter,0.43636863141791504,4.778333333333333,ROUTE_MillsPeninsulaMedicalCenterSutter,0.43636863141791504,4.778333333333333,ROUTE_MillsPeninsulaMedicalCenterSutter,0.43636863141791504,4.778333333333333,ROUTE_MillsPeninsulaMedicalCenterSutter,0.43636863141791504,4.778333333333333
37.80472222219541,-122.44111111106645,212.17612075976075,NLVO,ROUTE_KaiserFoundationHospitalSanFrancisco,0.3358824598350086,6.71,ROUTE_KaiserFoundationHospitalSanFrancisco,0.3358824598350086,6.71,ROUTE_CPMCDaviesCampusSutter,0.3352813379245086,10.173333333333334,ROUTE_KaiserFoundationHospitalSanFrancisco,0.3358824598350086,6.71
37.848333333306556,-122.27472222217743,57.27738702693571,HEMORRHAGIC,ROUTE_JohnMuirMedicalCenterWalnutCreekCampus,0.42634724990752226,24.625,ROUTE_AltaBatesSummitMedicalCenterAltaBatesCampus,0.40174004796543983,5.010000000000001,ROUTE_JohnMuirMedicalCenterWalnutCreekCampus,0.42634724990752226,24.625,ROUTE_KaiserFoundationHospitalOaklandRichmond,0.4228712715557242,7.65
37.7972222221954,-122.43444444439977,209.92535148991337,LVO,ROUTE_UCSFHealthHydeHospital,0.33664800256326805,4.566666666666666,ROUTE_UCSFHealthHydeHospital,0.33664800256326805,4.566666666666666,ROUTE_CPMCDaviesCampusSutter,0.3357839204204708,9.528333333333334,ROUTE_UCSFHealthHydeHospital,0.33664800256326805,4.566666666666666
38.02805555552892,-121.9569444443994,32.034436474445364,HEMORRHAGIC,ROUTE_JohnMuirMedicalCenterWalnutCreekCampus,0.433480841086353,19.616666666666667,ROUTE_JohnMuirMedicalCenterConcordCampus,0.4287134552414129,9.856666666666666,ROUTE_JohnMuirMedicalCenterWalnutCreekCampus,0.433480841086353,19.616666666666667,ROUTE_JohnMuirMedicalCenterConcordCampus,0.4287134552414129,9.856666666666666
37.87777777775102,-122.28861111106633,51.22665993301716,LVO,ROUTE_CPMCDaviesCampusSutter,0.42628808418895986,30.928333333333335,ROUTE_AltaBatesSummitMedicalCenterAltaBatesCampus,0.40162329075170716,11.581666666666667,ROUTE_CPMCDaviesCampusSutter,0.42628808418895986,30.928333333333335,ROUTE_KaiserFoundationHospitalRichmondCampus,0.3641422513894226,14.986666666666668
37.627222222195265,-122.07749999995505,252.36169195099956,LVO,ROUTE_StRoseHospital,0.32734294144,4.975,ROUTE_StRoseHospital,0.32734294144,4.975,ROUTE_SutterEdenMedicalCenter,0.32734294144,15.723333333333333,ROUTE_KaiserFoundationHospitalSanLeandro,0.32734294144,14.03
37.78277777775095,-122.28333333328854,57.86513314770569,LVO,ROUTE_SutterEdenMedicalCenter,0.4258569141361593,26.128333333333334,ROUTE_AlamedaHospital,0.36391924954353894,9.485000000000001,ROUTE_SutterEdenMedicalCenter,0.4258569141361593,26.128333333333334,ROUTE_AlamedaHospital,0.36391924954353894,9.485000000000001
37.8666666666399,-122.26361111106631,259.26926432781113,HEMORRHAGIC,ROUTE_AltaBatesSummitMedicalCenterAltaBatesCampus,0.32734294144,4.86,ROUTE_AltaBatesSummitMedicalCenterAltaBatesCampus,0.32734294144,4.86,ROUTE_SutterEdenMedicalCenter,0.32734294144,27.858333333333334,ROUTE_KaiserFoundationHospitalOaklandRichmond,0.32734294144,13.985000000000001
37.82111111108431,-122.12249999995508,46.56629478849892,HEMORRHAGIC,ROUTE_JohnMuirMedicalCenterWalnutCreekCampus,0.4291071095748219,23.595000000000002,ROUTE_KaiserFoundationHospitalWalnutCreek,0.4229907419130214,21.323333333333334,ROUTE_JohnMuirMedicalCenterWalnutCreekCampus,0.4291071095748219,23.595000000000002,ROUTE_KaiserFoundationHospitalWalnutCreek,0.4229907419130214,21.323333333333334
37.635555555528605,-122.07333333328837,244.87085256963434,MIMIC,ROUTE_StRoseHospital,0.32734294144,6.301666666666667,ROUTE_StRoseHospital,0.32734294144,6.301666666666667,ROUTE_SutterEdenMedicalCenter,0.32734294144,17.05,ROUTE_KaiserFoundationHospitalSanLeandro,0.32734294144,15.356666666666666
37.589166666639684,-122.4074999999553,32.932987041457366,LVO,ROUTE_MillsPeninsulaMedicalCenterSutter,0.4366641775762853,5.319999999999999,ROUTE_MillsPeninsulaMedicalCenterSutter,0.4366641775762853,5.319999999999999,ROUTE_MillsPeninsulaMedicalCenterSutter,0.4366641775762853,5.319999999999999,ROUTE_MillsPeninsulaMedicalCenterSutter,0.4366641775762853,5.319999999999999
37.738333333306464,-121.9316666666216,113.75766126543444,LVO,ROUTE_SutterEdenMedicalCenter,0.4137421711629997,22.441666666666666,ROUTE_SanRamonRegionalMedicalCenter,0.3531440514873273,9.701666666666666,ROUTE_SutterEdenMedicalCenter,0.4137421711629997,22.441666666666666,ROUTE_SanRamonRegionalMedicalCenter,0.3531440514873273,9.701666666666666
37.88194444441769,-122.07499999995504,113.00533363987238,HEMORRHAGIC,ROUTE_JohnMuirMedicalCenterWalnutCreekCampus,0.4158842100509926,13.885,ROUTE_KaiserFoundationHospitalWalnutCreek,0.35313944667769037,10.478333333333333,ROUTE_JohnMuirMedicalCenterWalnutCreekCampus,0.4158842100509926,13.885,ROUTE_KaiserFoundationHospitalWalnutCreek,0.35313944667769037,10.478333333333333
37.70694444441755,-122.06444444439948,50.42051449131064,NLVO,ROUTE_SutterEdenMedicalCenter,0.4319860310522864,7.543333333333334,ROUTE_SutterEdenMedicalCenter,0.4319860310522864,7.543333333333334,ROUTE_SutterEdenMedicalCenter,0.4319860310522864,7.543333333333334,ROUTE_SutterEdenMedicalCenter,0.4319860310522864,7.543333333333334
37.97694444441777,-122.28805555551077,33.140901857684156,HEMORRHAGIC,ROUTE_JohnMuirMedicalCenterWalnutCreekCampus,0.429499484185269,35.355000000000004,ROUTE_KaiserFoundationHospitalRichmondCampus,0.42517375416604036,17.986666666666668,ROUTE_JohnMuirMedicalCenterWalnutCreekCampus,0.429499484185269,35.355000000000004,ROUTE_KaiserFoundationHospitalRichmondCampus,0.42517375416604036,17.986666666666668
37.611944444417475,-122.47805555551092,255.3188666622023,HEMORRHAGIC,ROUTE_AHMCSetonMedicalCenter,0.32734294144,15.195,ROUTE_AHMCSetonMedicalCenter,0.32734294144,15.195,ROUTE_MillsPeninsulaMedicalCenterSutter,0.32734294144,22.858333333333334,ROUTE_AHMCSetonMedicalCenter,0.32734294144,15.195
37.79888888886207,-122.41194444439975,255.18143755102963,MIMIC,ROUTE_ChineseHospital,0.32734294144,2.82,ROUTE_ChineseHospital,0.32734294144,2.82,ROUTE_CPMCDaviesCampusSutter,0.32734294144,11.821666666666665,ROUTE_ChineseHospital,0.32734294144,2.82
37.579999999973005,-122.3519444443997,204.65194891792711,LVO,ROUTE_MillsPeninsulaMedicalCenterSutter,0.33717244295071847,6.838333333333334,ROUTE_MillsPeninsulaMedicalCenterSutter,0.33717244295071847,6.838333333333334,ROUTE_MillsPeninsulaMedicalCenterSutter,0.33717244295071847,6.838333333333334,ROUTE_MillsPeninsulaMedicalCenterSutter,0.33717244295071847,6.838333333333334
37.902499999973266,-122.26888888884409,220.76682338072922,LVO,ROUTE_AltaBatesSummitMedicalCenterAltaBatesCampus,0.32734294144,14.123333333333333,ROUTE_AltaBatesSummitMedicalCenterAltaBatesCampus,0.32734294144,14.123333333333333,ROUTE_JohnMuirMedicalCenterWalnutCreekCampus,0.32734294144,31.955,ROUTE_KaiserFoundationHospitalRichmondCampus,0.32734294144,18.551666666666666
37.72555555552868,-122.40499999995531,129.83958039817367,LVO,ROUTE_CPMCDaviesCampusSutter,0.4119125076634797,14.338333333333333,ROUTE_ZuckerbergSanFranciscoGeneralHospital,0.3501665916375503,9.565,ROUTE_CPMCDaviesCampusSutter,0.4119125076634797,14.338333333333333,ROUTE_ZuckerbergSanFranciscoGeneralHospital,0.3501665916375503,9.565
37.996944444417785,-122.02222222217722,102.7290137638576,LVO,ROUTE_JohnMuirMedicalCenterWalnutCreekCampus,0.4174202420211425,17.508333333333333,ROUTE_JohnMuirMedicalCenterConcordCampus,0.3559627396839996,5.816666666666666,ROUTE_JohnMuirMedicalCenterWalnutCreekCampus,0.4174202420211425,17.508333333333333,ROUTE_JohnMuirMedicalCenterConcordCampus,0.3559627396839996,5.816666666666666
37.51388888886184,-122.3394444443997,210.56705324519922,HEMORRHAGIC,ROUTE_SanMateoMedicalCenter,0.32734294144,11.676666666666668,ROUTE_SanMateoMedicalCenter,0.32734294144,11.676666666666668,ROUTE_MillsPeninsulaMedicalCenterSutter,0.32734294144,16.11,ROUTE_MillsPeninsulaMedicalCenterSutter,0.32734294144,16.11
37.65611111108418,-122.11027777773285,265.81373902236413,MIMIC,ROUTE_StRoseHospital,0.32734294144,6.676666666666667,ROUTE_StRoseHospital,0.32734294144,6.676666666666667,ROUTE_SutterEdenMedicalCenter,0.32734294144,14.371666666666666,ROUTE_KaiserFoundationHospitalSanLeandro,0.32734294144,12.678333333333335
37.54305555552853,-122.02472222217723,30.167625473555056,HEMORRHAGIC,ROUTE_SutterEdenMedicalCenter,0.43341315786916274,21.77,ROUTE_WashingtonHospitalHealthcareSystem,0.42760346440861546,12.578333333333335,ROUTE_SutterEdenMedicalCenter,0.43341315786916274,21.77,ROUTE_WashingtonHospitalHealthcareSystem,0.42760346440861546,12.578333333333335
37.36388888886172,-122.05833333328836,253.91291463404087,MIMIC,ROUTE_ElCaminoHealthMountainView,0.32734294144,10.428333333333335,ROUTE_ElCaminoHealthMountainView,0.32734294144,10.428333333333335,ROUTE_ElCaminoHealthMountainView,0.32734294144,10.428333333333335,ROUTE_ElCaminoHealthMountainView,0.32734294144,10.428333333333335
37.770277777750934,-122.16888888884401,50.60423259785105,NLVO,ROUTE_SutterEdenMedicalCenter,0.4299004878751193,16.19,ROUTE_HighlandHospitalWilmaChanCampus,0.4242558405566064,9.156666666666666,ROUTE_SutterEdenMedicalCenter,0.4299004878751193,16.19,ROUTE_HighlandHospitalWilmaChanCampus,0.4242558405566064,9.156666666666666
37.73055555552868,-122.16999999995512,30.204201505999357,LVO,ROUTE_SutterEdenMedicalCenter,0.43432997974052157,17.868333333333332,ROUTE_SanLeandroHospitalAlamedaHealthSystem,0.4078250537361266,10.15,ROUTE_SutterEdenMedicalCenter,0.43432997974052157,17.868333333333332,ROUTE_KaiserFoundationHospitalSanLeandro,0.42884037801420116,11.533333333333333
37.860833333306566,-122.2788888888441,126.39328107186978,HEMORRHAGIC,ROUTE_JohnMuirMedicalCenterWalnutCreekCampus,0.40950986020162833,28.301666666666666,ROUTE_AltaBatesSummitMedicalCenterAltaBatesCampus,0.32734294144,6.608333333333333,ROUTE_JohnMuirMedicalCenterWalnutCreekCampus,0.40950986020162833,28.301666666666666,ROUTE_KaiserFoundationHospitalOaklandRichmond,0.35047937438757565,11.326666666666666
37.58666666663968,-122.48499999995538,194.73584922309055,LVO,ROUTE_AHMCSetonMedicalCenter,0.3367750567880938,19.028333333333332,ROUTE_AHMCSetonMedicalCenter,0.3367750567880938,19.028333333333332,ROUTE_MillsPeninsulaMedicalCenterSutter,0.3354411357780818,26.691666666666666,ROUTE_AHMCSetonMedicalCenter,0.3367750567880938,19.028333333333332
37.466944444417365,-122.12777777773286,176.79139946015474,LVO,ROUTE_KaiserFoundationHospitalRedwoodCity,0.34090585707144316,13.548333333333334,ROUTE_KaiserFoundationHospitalRedwoodCity,0.34090585707144316,13.548333333333334,ROUTE_KaiserFoundationHospitalRedwoodCity,0.34090585707144316,13.548333333333334,ROUTE_KaiserFoundationHospitalRedwoodCity,0.34090585707144316,13.548333333333334
37.52277777775074,-121.93861111106605,260.68993486563704,LVO,ROUTE_KaiserFoundationHospitalFremont,0.32734294144,14.82,ROUTE_KaiserFoundationHospitalFremont,0.32734294144,14.82,ROUTE_RegionalMedicalCenterOfSanJose,0.32734294144,23.175,ROUTE_KaiserFoundationHospitalFremont,0.32734294144,14.82
37.85083333330656,-122.28499999995522,241.763173287483,LVO,ROUTE_AltaBatesSummitMedicalCenterAltaBatesCampus,0.32734294144,6.381666666666666,ROUTE_AltaBatesSummitMedicalCenterAltaBatesCampus,0.32734294144,6.381666666666666,ROUTE_CPMCDaviesCampusSutter,0.32734294144,27.258333333333333,ROUTE_KaiserFoundationHospitalOaklandRichmond,0.32734294144,10.518333333333334
37.96333333330665,-121.99749999995498,39.02390395700489,LVO,ROUTE_JohnMuirMedicalCenterWalnutCreekCampus,0.4334723146114866,12.663333333333332,ROUTE_JohnMuirMedicalCenterConcordCampus,0.4271719926641646,9.351666666666667,ROUTE_JohnMuirMedicalCenterWalnutCreekCampus,0.4334723146114866,12.663333333333332,ROUTE_JohnMuirMedicalCenterConcordCampus,0.4271719926641646,9.351666666666667
37.389722222195076,-122.09666666662173,231.10441150136037,LVO,ROUTE_ElCaminoHealthMountainView,0.32734294144,10.506666666666666,ROUTE_ElCaminoHealthMountainView,0.32734294144,10.506666666666666,ROUTE_ElCaminoHealthMountainView,0.32734294144,10.506666666666666,ROUTE_ElCaminoHealthMountainView,0.32734294144,10.506666666666666
37.759444444417596,-122.429166666622,106.09751954416029,NLVO,ROUTE_CPMCDaviesCampusSutter,0.41961673901718544,4.655,ROUTE_CPMCDaviesCampusSutter,0.41961673901718544,4.655,ROUTE_CPMCDaviesCampusSutter,0.41961673901718544,4.655,ROUTE_CPMCDaviesCampusSutter,0.41961673901718544,4.655
37.42638888886177,-122.25555555551074,218.09955831404127,HEMORRHAGIC,ROUTE_SequoiaHospital,0.32734294144,15.253333333333334,ROUTE_SequoiaHospital,0.32734294144,15.253333333333334,ROUTE_StanfordHealthCare,0.32734294144,17.863333333333333,ROUTE_SequoiaHospital,0.32734294144,15.253333333333334
37.64972222219529,-122.0780555555106,160.2921279145158,LVO,ROUTE_SutterEdenMedicalCenter,0.4047609274561514,15.326666666666666,ROUTE_StRoseHospital,0.32734294144,6.933333333333334,ROUTE_SutterEdenMedicalCenter,0.4047609274561514,15.326666666666666,ROUTE_KaiserFoundationHospitalSanLeandro,0.3438482644778153,13.633333333333333
37.970555555528875,-122.3116666666219,51.29432009056809,LVO,ROUTE_JohnMuirMedicalCenterWalnutCreekCampus,0.42477413669021263,37.32333333333334,ROUTE_KaiserFoundationHospitalRichmondCampus,0.36395357719483445,15.879999999999999,ROUTE_JohnMuirMedicalCenterWalnutCreekCampus,0.42477413669021263,37.32333333333334,ROUTE_KaiserFoundationHospitalRichmondCampus,0.36395357719483445,15.879999999999999
38.29194444441802,-122.41972222217754,103.25176385541712,LVO,ROUTE_JohnMuirMedicalCenterWalnutCreekCampus,0.4045812358304145,73.16333333333334,ROUTE_SonomaValleyHospital,0.35486331937994564,11.09,ROUTE_JohnMuirMedicalCenterWalnutCreekCampus,0.4045812358304145,73.16333333333334,ROUTE_SonomaValleyHospital,0.35486331937994564,11.09
37.58861111108413,-122.03027777773279,199.59098964232842,LVO,ROUTE_WashingtonHospitalHealthcareSystem,0.3366852107893947,14.688333333333333,ROUTE_StRoseHospital,0.32734294144,12.26,ROUTE_SutterEdenMedicalCenter,0.33551297781696415,21.423333333333336,ROUTE_WashingtonHospitalHealthcareSystem,0.3366852107893947,14.688333333333333
37.688333333306424,-121.73861111106588,43.38054907783431,HEMORRHAGIC,ROUTE_SutterEdenMedicalCenter,0.42859539082000914,28.953333333333333,ROUTE_StanfordHealthCareTriValley,0.42389563601676944,17.555,ROUTE_SutterEdenMedicalCenter,0.42859539082000914,28.953333333333333,ROUTE_StanfordHealthCareTriValley,0.42389563601676944,17.555
37.99472222219556,-122.11499999995507,250.33427250321262,HEMORRHAGIC,ROUTE_ContraCostaRegionalMedicalCenter,0.32734294144,5.9383333333333335,ROUTE_ContraCostaRegionalMedicalCenter,0.32734294144,5.9383333333333335,ROUTE_JohnMuirMedicalCenterWalnutCreekCampus,0.32734294144,17.928333333333335,ROUTE_JohnMuirMedicalCenterConcordCampus,0.32734294144,10.386666666666667
37.70111111108422,-122.11277777773284,48.200904569349206,LVO,ROUTE_SutterEdenMedicalCenter,0.43279864439500026,6.33,ROUTE_SutterEdenMedicalCenter,0.43279864439500026,6.33,ROUTE_SutterEdenMedicalCenter,0.43279864439500026,6.33,ROUTE_SutterEdenMedicalCenter,0.43279864439500026,6.33
37.761944444417594,-122.4013888888442,143.7253163484721,HEMORRHAGIC,ROUTE_CPMCDaviesCampusSutter,0.4096803530587095,10.221666666666666,ROUTE_ZuckerbergSanFranciscoGeneralHospital,0.3483799597679859,5.343333333333334,ROUTE_CPMCDaviesCampusSutter,0.4096803530587095,10.221666666666666,ROUTE_ZuckerbergSanFranciscoGeneralHospital,0.3483799597679859,5.343333333333334
37.47749999997293,-122.18277777773291,43.84463260629518,MIMIC,ROUTE_KaiserFoundationHospitalRedwoodCity,0.4330148875969029,9.773333333333333,ROUTE_KaiserFoundationHospitalRedwoodCity,0.4330148875969029,9.773333333333333,ROUTE_KaiserFoundationHospitalRedwoodCity,0.4330148875969029,9.773333333333333,ROUTE_KaiserFoundationHospitalRedwoodCity,0.4330148875969029,9.773333333333333
37.761944444417594,-122.4227777777331,112.40461343644874,LVO,ROUTE_CPMCDaviesCampusSutter,0.41802903373918904,5.2,ROUTE_CPMCMissionBernalCampusSutter,0.3543877832946058,4.453333333333333,ROUTE_CPMCDaviesCampusSutter,0.41802903373918904,5.2,ROUTE_CPMCMissionBernalCampusSutter,0.3543877832946058,4.453333333333333
38.114999999973435,-122.22527777773294,84.33099464740097,LVO,ROUTE_JohnMuirMedicalCenterWalnutCreekCampus,0.41879634705285174,29.959999999999997,ROUTE_SutterSolanoMedicalCenter,0.35937682489424677,6.378333333333333,ROUTE_JohnMuirMedicalCenterWalnutCreekCampus,0.41879634705285174,29.959999999999997,ROUTE_SutterSolanoMedicalCenter,0.35937682489424677,6.378333333333333
37.729999999973124,-122.40611111106642,215.74011279444375,LVO,ROUTE_ZuckerbergSanFranciscoGeneralHospital,0.3350714573196028,7.819999999999999,ROUTE_ZuckerbergSanFranciscoGeneralHospital,0.3350714573196028,7.819999999999999,ROUTE_CPMCDaviesCampusSutter,0.32734294144,12.593333333333334,ROUTE_ZuckerbergSanFranciscoGeneralHospital,0.3350714573196028,7.819999999999999
37.94166666663996,-121.92999999995493,136.12242620368895,LVO,ROUTE_JohnMuirMedicalCenterWalnutCreekCampus,0.4100281065789011,16.3,ROUTE_JohnMuirMedicalCenterWalnutCreekCampus,0.4100281065789011,16.3,ROUTE_JohnMuirMedicalCenterWalnutCreekCampus,0.4100281065789011,16.3,ROUTE_JohnMuirMedicalCenterWalnutCreekCampus,0.4100281065789011,16.3
37.805277777750966,-122.44333333328868,43.94555803721835,MIMIC,ROUTE_CPMCDaviesCampusSutter,0.43300187576432325,9.726666666666667,ROUTE_KaiserFoundationHospitalSanFrancisco,0.42733952481805426,6.265,ROUTE_CPMCDaviesCampusSutter,0.43300187576432325,9.726666666666667,ROUTE_KaiserFoundationHospitalSanFrancisco,0.42733952481805426,6.265
37.74361111108425,-122.46527777773314,194.15156426635738,HEMORRHAGIC,ROUTE_UCSFMedicalCenter,0.33908653150161866,6.448333333333333,ROUTE_UCSFMedicalCenter,0.33908653150161866,6.448333333333333,ROUTE_UCSFMedicalCenter,0.33908653150161866,6.448333333333333,ROUTE_UCSFMedicalCenter,0.33908653150161866,6.448333333333333
37.745277777750914,-122.18027777773291,116.04867002226474,LVO,ROUTE_SutterEdenMedicalCenter,0.414411981271534,17.236666666666668,ROUTE_KaiserFoundationHospitalSanLeandro,0.3524029557763573,11.360000000000001,ROUTE_SutterEdenMedicalCenter,0.414411981271534,17.236666666666668,ROUTE_KaiserFoundationHospitalSanLeandro,0.3524029557763573,11.360000000000001
37.99777777775112,-122.0844444443995,265.55357020592163,LVO,ROUTE_ContraCostaRegionalMedicalCenter,0.32734294144,12.361666666666668,ROUTE_ContraCostaRegionalMedicalCenter,0.32734294144,12.361666666666668,ROUTE_JohnMuirMedicalCenterWalnutCreekCampus,0.32734294144,20.138333333333332,ROUTE_JohnMuirMedicalCenterConcordCampus,0.32734294144,12.596666666666666
37.814999999973196,-122.27916666662188,144.87486781411152,LVO,ROUTE_SutterEdenMedicalCenter,0.40642563304187157,23.388333333333332,ROUTE_AltaBatesSummitMedicalCenterSummitCampus,0.34797311511551765,6.405,ROUTE_SutterEdenMedicalCenter,0.40642563304187157,23.388333333333332,ROUTE_AltaBatesSummitMedicalCenterSummitCampus,0.34797311511551765,6.405
37.738333333306464,-122.39277777773307,188.33784910763856,LVO,ROUTE_CPMCDaviesCampusSutter,0.33881370222907753,13.808333333333334,ROUTE_ZuckerbergSanFranciscoGeneralHospital,0.339848950328474,7.951666666666667,ROUTE_CPMCDaviesCampusSutter,0.33881370222907753,13.808333333333334,ROUTE_ZuckerbergSanFranciscoGeneralHospital,0.339848950328474,7.951666666666667
37.96194444441776,-122.08249999995505,162.7131833806607,HEMORRHAGIC,ROUTE_JohnMuirMedicalCenterWalnutCreekCampus,0.403944960136637,16.52,ROUTE_JohnMuirMedicalCenterConcordCampus,0.34353176612620545,12.968333333333334,ROUTE_JohnMuirMedicalCenterWalnutCreekCampus,0.403944960136637,16.52,ROUTE_JohnMuirMedicalCenterConcordCampus,0.34353176612620545,12.968333333333334
37.751111111084256,-122.48944444439982,225.22382046969173,HEMORRHAGIC,ROUTE_UCSFMedicalCenter,0.32734294144,8.431666666666667,ROUTE_UCSFMedicalCenter,0.32734294144,8.431666666666667,ROUTE_UCSFMedicalCenter,0.32734294144,8.431666666666667,ROUTE_UCSFMedicalCenter,0.32734294144,8.431666666666667
37.86722222219546,-122.14777777773288,216.6865224028002,LVO,ROUTE_KaiserFoundationHospitalWalnutCreek,0.32734294144,16.523333333333333,ROUTE_KaiserFoundationHospitalWalnutCreek,0.32734294144,16.523333333333333,ROUTE_JohnMuirMedicalCenterWalnutCreekCampus,0.32734294144,18.793333333333333,ROUTE_KaiserFoundationHospitalWalnutCreek,0.32734294144,16.523333333333333
37.38527777775063,-122.04055555551057,127.06900504058126,HEMORRHAGIC,ROUTE_KaiserFoundationHospitalSantaClara,0.41301498879975956,12.298333333333334,ROUTE_KaiserFoundationHospitalSantaClara,0.41301498879975956,12.298333333333334,ROUTE_KaiserFoundationHospitalSantaClara,0.41301498879975956,12.298333333333334,ROUTE_KaiserFoundationHospitalSantaClara,0.41301498879975956,12.298333333333334
37.56305555552855,-122.0086111110661,69.79545257112376,LVO,ROUTE_SutterEdenMedicalCenter,0.42337934938342464,24.790000000000003,ROUTE_WashingtonHospitalHealthcareSystem,0.36197826986483334,7.485,ROUTE_SutterEdenMedicalCenter,0.42337934938342464,24.790000000000003,ROUTE_WashingtonHospitalHealthcareSystem,0.36197826986483334,7.485
37.57611111108412,-121.99194444439942,67.2599427174541,LVO,ROUTE_SutterEdenMedicalCenter,0.42321117619683946,28.046666666666667,ROUTE_WashingtonHospitalHealthcareSystem,0.36152963844151736,12.326666666666666,ROUTE_SutterEdenMedicalCenter,0.42321117619683946,28.046666666666667,ROUTE_WashingtonHospitalHealthcareSystem,0.36152963844151736,12.326666666666666
37.717499999973114,-121.92805555551048,214.36375049501044,HEMORRHAGIC,ROUTE_StanfordHealthCareTriValley,0.32734294144,12.42,ROUTE_StanfordHealthCareTriValley,0.32734294144,12.42,ROUTE_SutterEdenMedicalCenter,0.32734294144,18.685,ROUTE_StanfordHealthCareTriValley,0.32734294144,12.42
37.71166666663978,-122.08138888884393,163.62192606557363,MIMIC,ROUTE_SutterEdenMedicalCenter,0.4059232975168603,6.858333333333333,ROUTE_SutterEdenMedicalCenter,0.4059232975168603,6.858333333333333,ROUTE_SutterEdenMedicalCenter,0.4059232975168603,6.858333333333333,ROUTE_SutterEdenMedicalCenter,0.4059232975168603,6.858333333333333
37.76805555552871,-121.92138888884381,210.06258591918154,HEMORRHAGIC,ROUTE_SanRamonRegionalMedicalCenter,0.33591341602215047,8.646666666666667,ROUTE_SanRamonRegionalMedicalCenter,0.33591341602215047,8.646666666666667,ROUTE_JohnMuirMedicalCenterWalnutCreekCampus,0.32734294144,26.761666666666667,ROUTE_SanRamonRegionalMedicalCenter,0.33591341602215047,8.646666666666667
37.35194444441727,-122.00888888884388,77.95730588748256,HEMORRHAGIC,ROUTE_KaiserFoundationHospitalSantaClara,0.4258132056212478,6.223333333333333,ROUTE_KaiserFoundationHospitalSantaClara,0.4258132056212478,6.223333333333333,ROUTE_KaiserFoundationHospitalSantaClara,0.4258132056212478,6.223333333333333,ROUTE_KaiserFoundationHospitalSantaClara,0.4258132056212478,6.223333333333333
37.65277777775084,-122.07249999995504,148.25081079506685,NLVO,ROUTE_SutterEdenMedicalCenter,0.4077986596743645,13.961666666666668,ROUTE_StRoseHospital,0.32734294144,8.57,ROUTE_SutterEdenMedicalCenter,0.4077986596743645,13.961666666666668,ROUTE_SutterEdenMedicalCenter,0.4077986596743645,13.961666666666668
38.00333333330668,-122.03999999995501,192.6006098605165,LVO,ROUTE_JohnMuirMedicalCenterWalnutCreekCampus,0.3375444045950397,16.765,ROUTE_JohnMuirMedicalCenterConcordCampus,0.33926200406094464,7.005,ROUTE_JohnMuirMedicalCenterWalnutCreekCampus,0.3375444045950397,16.765,ROUTE_JohnMuirMedicalCenterConcordCampus,0.33926200406094464,7.005
38.27277777775134,-122.02166666662167,236.89559535401946,NLVO,ROUTE_NorthBayMedicalCenter,0.32734294144,10.945,ROUTE_NorthBayMedicalCenter,0.32734294144,10.945,ROUTE_JohnMuirMedicalCenterWalnutCreekCampus,0.32734294144,45.205000000000005,ROUTE_NorthBayMedicalCenter,0.32734294144,10.945
37.45277777775068,-122.18611111106624,136.90562822965117,LVO,ROUTE_StanfordHealthCare,0.4115684100768911,8.775,ROUTE_StanfordHealthCare,0.4115684100768911,8.775,ROUTE_StanfordHealthCare,0.4115684100768911,8.775,ROUTE_StanfordHealthCare,0.4115684100768911,8.775
37.52222222219518,-121.94749999995494,259.96895053118465,LVO,ROUTE_KaiserFoundationHospitalFremont,0.32734294144,10.72,ROUTE_KaiserFoundationHospitalFremont,0.32734294144,10.72,ROUTE_RegionalMedicalCenterOfSanJose,0.32734294144,17.146666666666665,ROUTE_KaiserFoundationHospitalFremont,0.32734294144,10.72
37.783055555528726,-122.19861111106626,64.63886449711694,HEMORRHAGIC,ROUTE_SutterEdenMedicalCenter,0.42632786672863193,17.346666666666668,ROUTE_HighlandHospitalWilmaChanCampus,0.36319086948140367,6.428333333333333,ROUTE_SutterEdenMedicalCenter,0.42632786672863193,17.346666666666668,ROUTE_HighlandHospitalWilmaChanCampus,0.36319086948140367,6.428333333333333
37.996944444417785,-122.33277777773303,30.192472643833757,LVO,ROUTE_JohnMuirMedicalCenterWalnutCreekCampus,0.4302186626962742,35.25333333333333,ROUTE_KaiserFoundationHospitalRichmondCampus,0.42725113261103875,12.193333333333333,ROUTE_JohnMuirMedicalCenterWalnutCreekCampus,0.4302186626962742,35.25333333333333,ROUTE_KaiserFoundationHospitalRichmondCampus,0.42725113261103875,12.193333333333333
37.93805555552885,-122.3558333332886,172.35175390865513,MIMIC,ROUTE_CPMCDaviesCampusSutter,0.3380504564939211,34.13,ROUTE_KaiserFoundationHospitalRichmondCampus,0.3436682245590924,2.5716666666666668,ROUTE_CPMCDaviesCampusSutter,0.3380504564939211,34.13,ROUTE_KaiserFoundationHospitalRichmondCampus,0.3436682245590924,2.5716666666666668
38.00861111108446,-121.7988888888437,132.27343373867495,LVO,ROUTE_JohnMuirMedicalCenterWalnutCreekCampus,0.40766113329733045,30.545,ROUTE_SutterDeltaMedicalCenter,0.32734294144,6.571666666666667,ROUTE_JohnMuirMedicalCenterWalnutCreekCampus,0.40766113329733045,30.545,ROUTE_KaiserFoundationHospitalAntioch,0.3492482850281894,12.088333333333333
37.71861111108423,-122.14472222217732,268.5350248812301,MIMIC,ROUTE_SanLeandroHospitalAlamedaHealthSystem,0.32734294144,1.91,ROUTE_SanLeandroHospitalAlamedaHealthSystem,0.32734294144,1.91,ROUTE_SutterEdenMedicalCenter,0.32734294144,11.688333333333333,ROUTE_KaiserFoundationHospitalSanLeandro,0.32734294144,9.681666666666667
37.98749999997333,-121.8558333332882,154.9232963100811,NLVO,ROUTE_JohnMuirMedicalCenterWalnutCreekCampus,0.34173660478012674,30.759999999999998,ROUTE_SutterDeltaMedicalCenter,0.32734294144,9.483333333333333,ROUTE_JohnMuirMedicalCenterWalnutCreekCampus,0.34173660478012674,30.759999999999998,ROUTE_KaiserFoundationHospitalAntioch,0.3445406784003221,15.171666666666665
37.44222222219512,-121.90527777773269,197.77746217032598,LVO,ROUTE_RegionalMedicalCenterOfSanJose,0.3373314166728915,12.805,ROUTE_RegionalMedicalCenterOfSanJose,0.3373314166728915,12.805,ROUTE_RegionalMedicalCenterOfSanJose,0.3373314166728915,12.805,ROUTE_RegionalMedicalCenterOfSanJose,0.3373314166728915,12.805
37.7227777777509,-122.46777777773313,264.5708092222396,NLVO,ROUTE_AHMCSetonMedicalCenter,0.32734294144,8.555,ROUTE_AHMCSetonMedicalCenter,0.32734294144,8.555,ROUTE_UCSFMedicalCenter,0.32734294144,11.701666666666666,ROUTE_AHMCSetonMedicalCenter,0.32734294144,8.555
37.6583333333064,-122.40999999995532,96.87917540823376,HEMORRHAGIC,ROUTE_MillsPeninsulaMedicalCenterSutter,0.42021769792522357,11.285,ROUTE_KaiserFoundationHospitalSouthSanFrancisco,0.35668133821259695,7.891666666666667,ROUTE_MillsPeninsulaMedicalCenterSutter,0.42021769792522357,11.285,ROUTE_KaiserFoundationHospitalSouthSanFrancisco,0.35668133821259695,7.891666666666667
37.714166666639784,-122.39916666662197,188.38044556512565,HEMORRHAGIC,ROUTE_CPMCDaviesCampusSutter,0.3386003186701505,14.976666666666667,ROUTE_ZuckerbergSanFranciscoGeneralHospital,0.3394428466086787,10.203333333333335,ROUTE_CPMCDaviesCampusSutter,0.3386003186701505,14.976666666666667,ROUTE_ZuckerbergSanFranciscoGeneralHospital,0.3394428466086787,10.203333333333335
37.55527777775077,-121.9708333332883,42.65301298336806,HEMORRHAGIC,ROUTE_RegionalMedicalCenterOfSanJose,0.4294140314921624,26.205,ROUTE_KaiserFoundationHospitalFremont,0.42720721972834447,2.316666666666667,ROUTE_RegionalMedicalCenterOfSanJose,0.4294140314921624,26.205,ROUTE_KaiserFoundationHospitalFremont,0.42720721972834447,2.316666666666667
37.728611111084234,-122.37944444439974,262.02786361659844,LVO,ROUTE_ZuckerbergSanFranciscoGeneralHospital,0.32734294144,12.981666666666666,ROUTE_ZuckerbergSanFranciscoGeneralHospital,0.32734294144,12.981666666666666,ROUTE_CPMCDaviesCampusSutter,0.32734294144,18.83833333333333,ROUTE_ZuckerbergSanFranciscoGeneralHospital,0.32734294144,12.981666666666666
37.77222222219538,-122.42305555551087,121.1897589663903,HEMORRHAGIC,ROUTE_CPMCDaviesCampusSutter,0.41621367190598196,4.2733333333333325,ROUTE_CPMCDaviesCampusSutter,0.41621367190598196,4.2733333333333325,ROUTE_CPMCDaviesCampusSutter,0.41621367190598196,4.2733333333333325,ROUTE_CPMCDaviesCampusSutter,0.41621367190598196,4.2733333333333325
38.02249999997336,-121.9277777777327,86.40812298302629,LVO,ROUTE_JohnMuirMedicalCenterWalnutCreekCampus,0.42003019766046823,22.563333333333333,ROUTE_JohnMuirMedicalCenterConcordCampus,0.357743628807255,12.803333333333335,ROUTE_JohnMuirMedicalCenterWalnutCreekCampus,0.42003019766046823,22.563333333333333,ROUTE_JohnMuirMedicalCenterConcordCampus,0.357743628807255,12.803333333333335
37.844166666639886,-122.23166666662183,179.24990907098308,MIMIC,ROUTE_SutterEdenMedicalCenter,0.33938402831404113,19.666666666666668,ROUTE_AltaBatesSummitMedicalCenterAltaBatesCampus,0.32734294144,8.25,ROUTE_SutterEdenMedicalCenter,0.33938402831404113,19.666666666666668,ROUTE_KaiserFoundationHospitalOaklandRichmond,0.34120747224101866,9.396666666666667
37.9449999999733,-122.33749999995526,131.43803746068997,HEMORRHAGIC,ROUTE_CPMCDaviesCampusSutter,0.4073241589838267,32.86333333333333,ROUTE_KaiserFoundationHospitalRichmondCampus,0.35059892628982225,5.638333333333334,ROUTE_CPMCDaviesCampusSutter,0.4073241589838267,32.86333333333333,ROUTE_KaiserFoundationHospitalRichmondCampus,0.35059892628982225,5.638333333333334
37.945555555528856,-122.36138888884416,30.61239718432443,MIMIC,ROUTE_CPMCDaviesCampusSutter,0.4299443516634025,35.995,ROUTE_KaiserFoundationHospitalRichmondCampus,0.42933964647860123,3.0116666666666663,ROUTE_CPMCDaviesCampusSutter,0.4299443516634025,35.995,ROUTE_KaiserFoundationHospitalRichmondCampus,0.42933964647860123,3.0116666666666663
37.88972222219548,-122.2511111110663,240.45732331705878,HEMORRHAGIC,ROUTE_AltaBatesSummitMedicalCenterAltaBatesCampus,0.32734294144,12.55,ROUTE_AltaBatesSummitMedicalCenterAltaBatesCampus,0.32734294144,12.55,ROUTE_JohnMuirMedicalCenterWalnutCreekCampus,0.32734294144,27.736666666666668,ROUTE_AltaBatesSummitMedicalCenterSummitCampus,0.32734294144,21.708333333333332
37.70694444441755,-122.06777777773281,108.18731089634295,HEMORRHAGIC,ROUTE_SutterEdenMedicalCenter,0.4183460169005868,8.048333333333334,ROUTE_SutterEdenMedicalCenter,0.4183460169005868,8.048333333333334,ROUTE_SutterEdenMedicalCenter,0.4183460169005868,8.048333333333334,ROUTE_SutterEdenMedicalCenter,0.4183460169005868,8.048333333333334
37.89055555552881,-122.04805555551057,89.30465218073292,MIMIC,ROUTE_JohnMuirMedicalCenterWalnutCreekCampus,0.4227594217563507,7.9383333333333335,ROUTE_KaiserFoundationHospitalWalnutCreek,0.3588860692016843,3.955,ROUTE_JohnMuirMedicalCenterWalnutCreekCampus,0.4227594217563507,7.9383333333333335,ROUTE_KaiserFoundationHospitalWalnutCreek,0.3588860692016843,3.955
37.54083333330631,-121.97638888884386,174.07691314988955,LVO,ROUTE_RegionalMedicalCenterOfSanJose,0.3392580041664643,25.551666666666666,ROUTE_KaiserFoundationHospitalFremont,0.3429046605003226,5.088333333333334,ROUTE_RegionalMedicalCenterOfSanJose,0.3392580041664643,25.551666666666666,ROUTE_KaiserFoundationHospitalFremont,0.3429046605003226,5.088333333333334
37.72916666663979,-122.39222222217752,269.0209442667022,LVO,ROUTE_ZuckerbergSanFranciscoGeneralHospital,0.32734294144,9.595,ROUTE_ZuckerbergSanFranciscoGeneralHospital,0.32734294144,9.595,ROUTE_CPMCDaviesCampusSutter,0.32734294144,15.451666666666666,ROUTE_ZuckerbergSanFranciscoGeneralHospital,0.32734294144,9.595
37.86472222219546,-122.28583333328855,252.06790426308396,LVO,ROUTE_AltaBatesSummitMedicalCenterAltaBatesCampus,0.32734294144,8.225,ROUTE_AltaBatesSummitMedicalCenterAltaBatesCampus,0.32734294144,8.225,ROUTE_JohnMuirMedicalCenterWalnutCreekCampus,0.32734294144,29.916666666666668,ROUTE_KaiserFoundationHospitalOaklandRichmond,0.32734294144,12.941666666666666
37.695277777750874,-122.45805555551091,199.38321787090945,LVO,ROUTE_AHMCSetonMedicalCenter,0.3378298540831449,8.355,ROUTE_AHMCSetonMedicalCenter,0.3378298540831449,8.355,ROUTE_CPMCDaviesCampusSutter,0.3359415942085075,19.163333333333334,ROUTE_AHMCSetonMedicalCenter,0.3378298540831449,8.355
37.79444444441762,-122.25694444439964,104.35688236475141,LVO,ROUTE_SutterEdenMedicalCenter,0.4161179157434577,21.52,ROUTE_HighlandHospitalWilmaChanCampus,0.35589630047725124,4.538333333333333,ROUTE_SutterEdenMedicalCenter,0.4161179157434577,21.52,ROUTE_HighlandHospitalWilmaChanCampus,0.35589630047725124,4.538333333333333
37.90916666663994,-122.34944444439971,180.35529456649036,LVO,ROUTE_KaiserFoundationHospitalRichmondCampus,0.3409348133866933,9.821666666666665,ROUTE_KaiserFoundationHospitalRichmondCampus,0.3409348133866933,9.821666666666665,ROUTE_CPMCDaviesCampusSutter,0.33684990366857515,32.98,ROUTE_KaiserFoundationHospitalRichmondCampus,0.3409348133866933,9.821666666666665
37.78888888886206,-122.38972222217751,109.414646126316,MIMIC,ROUTE_CPMCDaviesCampusSutter,0.417198220232381,11.783333333333333,ROUTE_ChineseHospital,0.35479373867417224,5.295,ROUTE_CPMCDaviesCampusSutter,0.417198220232381,11.783333333333333,ROUTE_ChineseHospital,0.35479373867417224,5.295
37.653055555528624,-122.42972222217755,63.46056726096195,LVO,ROUTE_MillsPeninsulaMedicalCenterSutter,0.4273631402700084,14.115,ROUTE_KaiserFoundationHospitalSouthSanFrancisco,0.422561889874775,3.9366666666666665,ROUTE_MillsPeninsulaMedicalCenterSutter,0.4273631402700084,14.115,ROUTE_KaiserFoundationHospitalSouthSanFrancisco,0.422561889874775,3.9366666666666665
37.95583333330664,-122.04833333328835,220.54417078474884,HEMORRHAGIC,ROUTE_JohnMuirMedicalCenterConcordCampus,0.32734294144,10.035,ROUTE_JohnMuirMedicalCenterConcordCampus,0.32734294144,10.035,ROUTE_JohnMuirMedicalCenterWalnutCreekCampus,0.32734294144,10.94,ROUTE_JohnMuirMedicalCenterConcordCampus,0.32734294144,10.035
37.99444444441778,-121.7155555555103,181.03636374418974,HEMORRHAGIC,ROUTE_KaiserFoundationHospitalAntioch,0.3396736902548612,16.241666666666667,ROUTE_KaiserFoundationHospitalAntioch,0.3396736902548612,16.241666666666667,ROUTE_JohnMuirMedicalCenterWalnutCreekCampus,0.3358822727021521,37.85166666666667,ROUTE_KaiserFoundationHospitalAntioch,0.3396736902548612,16.241666666666667
37.848333333306556,-121.98444444439941,118.4665169211735,LVO,ROUTE_JohnMuirMedicalCenterWalnutCreekCampus,0.4134947580501854,18.81,ROUTE_KaiserFoundationHospitalWalnutCreek,0.35160717360496285,13.198333333333332,ROUTE_JohnMuirMedicalCenterWalnutCreekCampus,0.4134947580501854,18.81,ROUTE_KaiserFoundationHospitalWalnutCreek,0.35160717360496285,13.198333333333332
37.79388888886207,-122.4505555555109,102.76408249370782,HEMORRHAGIC,ROUTE_CPMCDaviesCampusSutter,0.4189722910030727,10.768333333333334,ROUTE_KaiserFoundationHospitalSanFrancisco,0.35593877463138246,5.908333333333333,ROUTE_CPMCDaviesCampusSutter,0.4189722910030727,10.768333333333334,ROUTE_KaiserFoundationHospitalSanFrancisco,0.35593877463138246,5.908333333333333
37.776111111084276,-122.2030555555107,168.45634512977927,LVO,ROUTE_SutterEdenMedicalCenter,0.34123072527264586,20.06,ROUTE_HighlandHospitalWilmaChanCampus,0.34318645956456,9.141666666666667,ROUTE_SutterEdenMedicalCenter,0.34123072527264586,20.06,ROUTE_HighlandHospitalWilmaChanCampus,0.34318645956456,9.141666666666667
37.76305555552871,-122.42166666662199,242.12100470401572,NLVO,ROUTE_CPMCMissionBernalCampusSutter,0.32734294144,4.193333333333333,ROUTE_CPMCMissionBernalCampusSutter,0.32734294144,4.193333333333333,ROUTE_CPMCDaviesCampusSutter,0.32734294144,5.041666666666667,ROUTE_CPMCMissionBernalCampusSutter,0.32734294144,4.193333333333333
37.81888888886209,-122.25138888884408,81.2321894202528,HEMORRHAGIC,ROUTE_SutterEdenMedicalCenter,0.4216755669748661,20.663333333333334,ROUTE_KaiserFoundationHospitalOaklandRichmond,0.36047318790525656,3.8016666666666667,ROUTE_SutterEdenMedicalCenter,0.4216755669748661,20.663333333333334,ROUTE_KaiserFoundationHospitalOaklandRichmond,0.36047318790525656,3.8016666666666667
37.82944444441765,-122.01444444439944,56.094630006016786,HEMORRHAGIC,ROUTE_JohnMuirMedicalCenterWalnutCreekCampus,0.4286448761351411,16.028333333333332,ROUTE_KaiserFoundationHospitalWalnutCreek,0.4233156104698702,10.416666666666666,ROUTE_JohnMuirMedicalCenterWalnutCreekCampus,0.4286448761351411,16.028333333333332,ROUTE_KaiserFoundationHospitalWalnutCreek,0.4233156104698702,10.416666666666666
37.742499999973134,-122.49555555551093,234.71508149276036,HEMORRHAGIC,ROUTE_UCSFMedicalCenter,0.32734294144,10.398333333333333,ROUTE_UCSFMedicalCenter,0.32734294144,10.398333333333333,ROUTE_UCSFMedicalCenter,0.32734294144,10.398333333333333,ROUTE_UCSFMedicalCenter,0.32734294144,10.398333333333333
38.281944444418016,-122.46472222217757,208.94858002754512,LVO,ROUTE_SonomaValleyHospital,0.3367964665048509,4.693333333333333,ROUTE_SonomaValleyHospital,0.3367964665048509,4.693333333333333,ROUTE_JohnMuirMedicalCenterWalnutCreekCampus,0.32734294144,64.14333333333333,ROUTE_SonomaValleyHospital,0.3367964665048509,4.693333333333333
38.27111111108467,-122.00833333328832,201.28572198554312,LVO,ROUTE_NorthBayMedicalCenter,0.3371423638141354,10.376666666666667,ROUTE_NorthBayMedicalCenter,0.3371423638141354,10.376666666666667,ROUTE_JohnMuirMedicalCenterWalnutCreekCampus,0.32734294144,44.635,ROUTE_NorthBayMedicalCenter,0.3371423638141354,10.376666666666667
37.96999999997332,-122.33833333328859,132.7376057865066,HEMORRHAGIC,ROUTE_JohnMuirMedicalCenterWalnutCreekCampus,0.40641961065568344,35.55166666666666,ROUTE_KaiserFoundationHospitalRichmondCampus,0.3492441561374356,11.646666666666667,ROUTE_JohnMuirMedicalCenterWalnutCreekCampus,0.40641961065568344,35.55166666666666,ROUTE_KaiserFoundationHospitalRichmondCampus,0.3492441561374356,11.646666666666667
38.02277777775114,-121.92055555551048,56.11228467554178,LVO,ROUTE_JohnMuirMedicalCenterWalnutCreekCampus,0.42714172433199016,22.404999999999998,ROUTE_JohnMuirMedicalCenterConcordCampus,0.4223499938637692,12.645000000000001,ROUTE_JohnMuirMedicalCenterWalnutCreekCampus,0.42714172433199016,22.404999999999998,ROUTE_JohnMuirMedicalCenterConcordCampus,0.4223499938637692,12.645000000000001
37.78527777775095,-122.41611111106643,225.90999028524743,MIMIC,ROUTE_UCSFHealthHydeHospital,0.32734294144,2.3866666666666663,ROUTE_UCSFHealthHydeHospital,0.32734294144,2.3866666666666663,ROUTE_CPMCDaviesCampusSutter,0.32734294144,8.195,ROUTE_UCSFHealthHydeHospital,0.32734294144,2.3866666666666663
38.053888888862275,-122.21583333328849,250.67069681505546,LVO,ROUTE_SutterSolanoMedicalCenter,0.32734294144,14.7,ROUTE_SutterSolanoMedicalCenter,0.32734294144,14.7,ROUTE_JohnMuirMedicalCenterWalnutCreekCampus,0.32734294144,31.0,ROUTE_SutterSolanoMedicalCenter,0.32734294144,14.7
37.585555555528565,-122.06749999995503,135.96955796276492,LVO,ROUTE_SutterEdenMedicalCenter,0.4086627596488665,22.44333333333333,ROUTE_StRoseHospital,0.32734294144,13.281666666666666,ROUTE_SutterEdenMedicalCenter,0.4086627596488665,22.44333333333333,ROUTE_WashingtonHospitalHealthcareSystem,0.3473419344710438,18.75
37.44694444441735,-122.15416666662178,92.89958768767359,HEMORRHAGIC,ROUTE_StanfordHealthCare,0.4217991451139534,8.465,ROUTE_StanfordHealthCare,0.4217991451139534,8.465,ROUTE_StanfordHealthCare,0.4217991451139534,8.465,ROUTE_StanfordHealthCare,0.4217991451139534,8.465
37.716111111084224,-122.17555555551068,174.7292953598859,LVO,ROUTE_SutterEdenMedicalCenter,0.34125412690721524,13.655,ROUTE_KaiserFoundationHospitalSanLeandro,0.34255999876405896,6.355,ROUTE_SutterEdenMedicalCenter,0.34125412690721524,13.655,ROUTE_KaiserFoundationHospitalSanLeandro,0.34255999876405896,6.355
37.7783333333065,-122.43472222217756,204.97270097263495,MIMIC,ROUTE_CPMCDaviesCampusSutter,0.33754044519468385,4.416666666666667,ROUTE_CPMCDaviesCampusSutter,0.33754044519468385,4.416666666666667,ROUTE_CPMCDaviesCampusSutter,0.33754044519468385,4.416666666666667,ROUTE_CPMCDaviesCampusSutter,0.33754044519468385,4.416666666666667
37.974722222195545,-122.2724999999552,116.73067269871984,HEMORRHAGIC,ROUTE_JohnMuirMedicalCenterWalnutCreekCampus,0.4100291912057631,35.68666666666666,ROUTE_KaiserFoundationHospitalRichmondCampus,0.3507968496262564,19.28166666666667,ROUTE_JohnMuirMedicalCenterWalnutCreekCampus,0.4100291912057631,35.68666666666666,ROUTE_KaiserFoundationHospitalRichmondCampus,0.3507968496262564,19.28166666666667
37.58611111108412,-122.05583333328836,236.66593138435792,MIMIC,ROUTE_StRoseHospital,0.32734294144,12.171666666666665,ROUTE_StRoseHospital,0.32734294144,12.171666666666665,ROUTE_SutterEdenMedicalCenter,0.32734294144,21.334999999999997,ROUTE_WashingtonHospitalHealthcareSystem,0.32734294144,17.64
37.40249999997287,-122.08277777773283,44.91245617219232,NLVO,ROUTE_ElCaminoHealthMountainView,0.4319579752074621,13.17,ROUTE_ElCaminoHealthMountainView,0.4319579752074621,13.17,ROUTE_ElCaminoHealthMountainView,0.4319579752074621,13.17,ROUTE_ElCaminoHealthMountainView,0.4319579752074621,13.17
37.75777777775093,-121.9455555555105,182.3875655425252,HEMORRHAGIC,ROUTE_JohnMuirMedicalCenterWalnutCreekCampus,0.3379783520629805,24.505,ROUTE_SanRamonRegionalMedicalCenter,0.3411842052142619,6.39,ROUTE_JohnMuirMedicalCenterWalnutCreekCampus,0.3379783520629805,24.505,ROUTE_SanRamonRegionalMedicalCenter,0.3411842052142619,6.39
37.76805555552871,-122.2511111110663,84.34987460779165,LVO,ROUTE_SutterEdenMedicalCenter,0.4208436933974423,21.12,ROUTE_AlamedaHospital,0.3602328578496471,1.9266666666666665,ROUTE_SutterEdenMedicalCenter,0.4208436933974423,21.12,ROUTE_AlamedaHospital,0.3602328578496471,1.9266666666666665
38.08361111108452,-122.55444444439988,147.20970664307526,LVO,ROUTE_UCSFMedicalCenter,0.33945506255241403,51.305,ROUTE_NovatoCommunityHospitalSutter,0.3470894173779129,8.888333333333332,ROUTE_UCSFMedicalCenter,0.33945506255241403,51.305,ROUTE_NovatoCommunityHospitalSutter,0.3470894173779129,8.888333333333332
37.98527777775111,-122.02333333328833,190.11103419987714,LVO,ROUTE_JohnMuirMedicalCenterWalnutCreekCampus,0.33804791832683906,16.385,ROUTE_JohnMuirMedicalCenterConcordCampus,0.34022080858647646,4.081666666666667,ROUTE_JohnMuirMedicalCenterWalnutCreekCampus,0.33804791832683906,16.385,ROUTE_JohnMuirMedicalCenterConcordCampus,0.34022080858647646,4.081666666666667
37.78833333330651,-122.48499999995538,145.31324300733473,LVO,ROUTE_UCSFMedicalCenter,0.4091549028042012,10.938333333333333,ROUTE_KaiserFoundationHospitalSanFrancisco,0.3473508828419875,9.356666666666666,ROUTE_UCSFMedicalCenter,0.4091549028042012,10.938333333333333,ROUTE_KaiserFoundationHospitalSanFrancisco,0.3473508828419875,9.356666666666666
37.99888888886223,-121.73611111106588,203.11023003680026,LVO,ROUTE_KaiserFoundationHospitalAntioch,0.33621121962530837,13.886666666666667,ROUTE_KaiserFoundationHospitalAntioch,0.33621121962530837,13.886666666666667,ROUTE_JohnMuirMedicalCenterWalnutCreekCampus,0.32734294144,35.49666666666667,ROUTE_KaiserFoundationHospitalAntioch,0.33621121962530837,13.886666666666667
37.81138888886208,-122.25527777773297,138.86389277623718,LVO,ROUTE_SutterEdenMedicalCenter,0.40837514708732436,20.813333333333333,ROUTE_AltaBatesSummitMedicalCenterSummitCampus,0.34906313321875393,6.5,ROUTE_SutterEdenMedicalCenter,0.40837514708732436,20.813333333333333,ROUTE_AltaBatesSummitMedicalCenterSummitCampus,0.34906313321875393,6.5
37.792499999973174,-122.19749999995514,106.96559354761165,HEMORRHAGIC,ROUTE_SutterEdenMedicalCenter,0.41665872356685824,16.568333333333335,ROUTE_HighlandHospitalWilmaChanCampus,0.3551946720524572,5.626666666666667,ROUTE_SutterEdenMedicalCenter,0.41665872356685824,16.568333333333335,ROUTE_HighlandHospitalWilmaChanCampus,0.3551946720524572,5.626666666666667
37.57916666663967,-122.02944444439945,31.215448246162474,LVO,ROUTE_SutterEdenMedicalCenter,0.43342193086831005,20.685,ROUTE_StRoseHospital,0.40635995557123317,11.521666666666667,ROUTE_SutterEdenMedicalCenter,0.43342193086831005,20.685,ROUTE_WashingtonHospitalHealthcareSystem,0.42745736851178073,12.145000000000001
37.74638888886203,-122.5047222221776,67.76825689314377,HEMORRHAGIC,ROUTE_UCSFMedicalCenter,0.42680824083874525,12.17,ROUTE_UCSFMedicalCenter,0.42680824083874525,12.17,ROUTE_UCSFMedicalCenter,0.42680824083874525,12.17,ROUTE_UCSFMedicalCenter,0.42680824083874525,12.17
37.63527777775083,-122.08138888884393,192.6537481801107,LVO,ROUTE_SutterEdenMedicalCenter,0.3378409643654716,15.021666666666667,ROUTE_StRoseHospital,0.32734294144,4.2733333333333325,ROUTE_SutterEdenMedicalCenter,0.3378409643654716,15.021666666666667,ROUTE_KaiserFoundationHospitalSanLeandro,0.33813835006843634,13.328333333333335
37.54499999997298,-122.05055555551058,252.28230645800198,MIMIC,ROUTE_StRoseHospital,0.32734294144,14.208333333333334,ROUTE_StRoseHospital,0.32734294144,14.208333333333334,ROUTE_SutterEdenMedicalCenter,0.32734294144,23.37,ROUTE_WashingtonHospitalHealthcareSystem,0.32734294144,17.031666666666666
37.77555555552872,-122.39444444439974,86.11216261661758,HEMORRHAGIC,ROUTE_CPMCDaviesCampusSutter,0.4226343125100962,11.668333333333333,ROUTE_ChineseHospital,0.35868786004747005,8.178333333333333,ROUTE_CPMCDaviesCampusSutter,0.4226343125100962,11.668333333333333,ROUTE_ChineseHospital,0.35868786004747005,8.178333333333333
37.48805555552849,-122.26527777773298,207.0553589127984,MIMIC,ROUTE_SequoiaHospital,0.3370773353723378,4.9783333333333335,ROUTE_SequoiaHospital,0.3370773353723378,4.9783333333333335,ROUTE_KaiserFoundationHospitalRedwoodCity,0.335775751605403,12.445,ROUTE_SequoiaHospital,0.3370773353723378,4.9783333333333335
38.11305555552899,-122.22722222217739,69.4665232951356,LVO,ROUTE_JohnMuirMedicalCenterWalnutCreekCampus,0.42244756734168454,29.113333333333333,ROUTE_SutterSolanoMedicalCenter,0.362245433931271,6.443333333333333,ROUTE_JohnMuirMedicalCenterWalnutCreekCampus,0.42244756734168454,29.113333333333333,ROUTE_SutterSolanoMedicalCenter,0.362245433931271,6.443333333333333
37.74305555552869,-122.4683333332887,118.11716907214434,MIMIC,ROUTE_UCSFMedicalCenter,0.4164876223183207,6.158333333333333,ROUTE_UCSFMedicalCenter,0.4164876223183207,6.158333333333333,ROUTE_UCSFMedicalCenter,0.4164876223183207,6.158333333333333,ROUTE_UCSFMedicalCenter,0.4164876223183207,6.158333333333333
37.77777777775094,-122.43638888884422,97.68334934607172,LVO,ROUTE_CPMCDaviesCampusSutter,0.421744443983015,3.915,ROUTE_CPMCDaviesCampusSutter,0.421744443983015,3.915,ROUTE_CPMCDaviesCampusSutter,0.421744443983015,3.915,ROUTE_CPMCDaviesCampusSutter,0.421744443983015,3.915
37.65805555552863,-122.47277777773314,81.32063311949338,HEMORRHAGIC,ROUTE_MillsPeninsulaMedicalCenterSutter,0.4227492037298241,15.966666666666667,ROUTE_AHMCSetonMedicalCenter,0.3598436025111285,6.97,ROUTE_MillsPeninsulaMedicalCenterSutter,0.4227492037298241,15.966666666666667,ROUTE_AHMCSetonMedicalCenter,0.3598436025111285,6.97
37.756666666639816,-122.4972222221776,71.32567034881711,HEMORRHAGIC,ROUTE_UCSFMedicalCenter,0.42676574109890925,8.793333333333333,ROUTE_UCSFMedicalCenter,0.42676574109890925,8.793333333333333,ROUTE_UCSFMedicalCenter,0.42676574109890925,8.793333333333333,ROUTE_UCSFMedicalCenter,0.42676574109890925,8.793333333333333
37.49305555552849,-121.9291666666216,162.84957973099748,HEMORRHAGIC,ROUTE_RegionalMedicalCenterOfSanJose,0.403969872819633,16.273333333333333,ROUTE_KaiserFoundationHospitalFremont,0.3430032837488459,15.766666666666667,ROUTE_RegionalMedicalCenterOfSanJose,0.403969872819633,16.273333333333333,ROUTE_KaiserFoundationHospitalFremont,0.3430032837488459,15.766666666666667
37.409166666639535,-122.11888888884397,94.49968412805005,MIMIC,ROUTE_StanfordHealthCare,0.4194850447760001,16.821666666666665,ROUTE_StanfordHealthCare,0.4194850447760001,16.821666666666665,ROUTE_StanfordHealthCare,0.4194850447760001,16.821666666666665,ROUTE_StanfordHealthCare,0.4194850447760001,16.821666666666665
37.63999999997306,-122.05999999995502,113.2915870378805,LVO,ROUTE_SutterEdenMedicalCenter,0.41483664172705903,18.146666666666665,ROUTE_StRoseHospital,0.32734294144,9.665,ROUTE_SutterEdenMedicalCenter,0.41483664172705903,18.146666666666665,ROUTE_SutterEdenMedicalCenter,0.41483664172705903,18.146666666666665
37.67916666663975,-122.09749999995506,32.08207769062393,HEMORRHAGIC,ROUTE_SutterEdenMedicalCenter,0.4363339361650253,7.558333333333334,ROUTE_SutterEdenMedicalCenter,0.4363339361650253,7.558333333333334,ROUTE_SutterEdenMedicalCenter,0.4363339361650253,7.558333333333334,ROUTE_SutterEdenMedicalCenter,0.4363339361650253,7.558333333333334
37.540555555528535,-122.31444444439968,265.9715128479071,LVO,ROUTE_SanMateoMedicalCenter,0.32734294144,4.173333333333334,ROUTE_SanMateoMedicalCenter,0.32734294144,4.173333333333334,ROUTE_KaiserFoundationHospitalRedwoodCity,0.32734294144,15.846666666666666,ROUTE_KaiserFoundationHospitalRedwoodCity,0.32734294144,15.846666666666666
37.734166666639794,-122.24416666662185,154.87559609231982,LVO,ROUTE_SutterEdenMedicalCenter,0.4039671620769871,24.259999999999998,ROUTE_AlamedaHospital,0.3452855091340074,11.113333333333333,ROUTE_SutterEdenMedicalCenter,0.4039671620769871,24.259999999999998,ROUTE_AlamedaHospital,0.3452855091340074,11.113333333333333
37.48944444441738,-122.24277777773295,181.44272718154056,LVO,ROUTE_KaiserFoundationHospitalRedwoodCity,0.34128276669008284,6.781666666666666,ROUTE_SequoiaHospital,0.34176340167068525,4.09,ROUTE_KaiserFoundationHospitalRedwoodCity,0.34128276669008284,6.781666666666666,ROUTE_SequoiaHospital,0.34176340167068525,4.09
37.48333333330626,-122.22111111106626,67.50787119824213,HEMORRHAGIC,ROUTE_KaiserFoundationHospitalRedwoodCity,0.42884895623374664,3.7483333333333335,ROUTE_KaiserFoundationHospitalRedwoodCity,0.42884895623374664,3.7483333333333335,ROUTE_KaiserFoundationHospitalRedwoodCity,0.42884895623374664,3.7483333333333335,ROUTE_KaiserFoundationHospitalRedwoodCity,0.42884895623374664,3.7483333333333335
37.74444444441758,-122.23249999995517,116.22876397213663,LVO,ROUTE_SutterEdenMedicalCenter,0.4133273488337637,21.776666666666664,ROUTE_AlamedaHospital,0.3530589243199005,7.683333333333334,ROUTE_SutterEdenMedicalCenter,0.4133273488337637,21.776666666666664,ROUTE_AlamedaHospital,0.3530589243199005,7.683333333333334
38.30999999997359,-122.29194444439966,40.554677280033545,LVO,ROUTE_JohnMuirMedicalCenterWalnutCreekCampus,0.42410799550121436,50.91166666666666,ROUTE_ProvidenceQueenOfTheValleyMedicalCenter,0.3682893634628956,4.7,ROUTE_JohnMuirMedicalCenterWalnutCreekCampus,0.42410799550121436,50.91166666666666,ROUTE_ProvidenceQueenOfTheValleyMedicalCenter,0.3682893634628956,4.7
37.641111111084165,-122.06083333328837,167.00349523409486,LVO,ROUTE_SutterEdenMedicalCenter,0.3419344772539549,17.573333333333334,ROUTE_StRoseHospital,0.32734294144,10.24,ROUTE_SutterEdenMedicalCenter,0.3419344772539549,17.573333333333334,ROUTE_SutterEdenMedicalCenter,0.3419344772539549,17.573333333333334
37.769166666639826,-121.79805555551037,207.895580696742,HEMORRHAGIC,ROUTE_StanfordHealthCareTriValley,0.32734294144,19.295,ROUTE_StanfordHealthCareTriValley,0.32734294144,19.295,ROUTE_SutterEdenMedicalCenter,0.32734294144,30.69333333333333,ROUTE_StanfordHealthCareTriValley,0.32734294144,19.295
37.70277777775088,-122.49194444439982,116.31224802575501,HEMORRHAGIC,ROUTE_CPMCDaviesCampusSutter,0.41408787607980985,18.381666666666668,ROUTE_AHMCSetonMedicalCenter,0.3527408703423973,9.295,ROUTE_CPMCDaviesCampusSutter,0.41408787607980985,18.381666666666668,ROUTE_AHMCSetonMedicalCenter,0.3527408703423973,9.295
37.96749999997332,-122.00194444439943,39.821646707660804,NLVO,ROUTE_JohnMuirMedicalCenterWalnutCreekCampus,0.4331165622845146,13.366666666666667,ROUTE_JohnMuirMedicalCenterConcordCampus,0.42736471142102483,7.741666666666666,ROUTE_JohnMuirMedicalCenterWalnutCreekCampus,0.4331165622845146,13.366666666666667,ROUTE_JohnMuirMedicalCenterConcordCampus,0.42736471142102483,7.741666666666666
37.65055555552862,-121.77999999995481,226.75870849476294,LVO,ROUTE_StanfordHealthCareTriValley,0.32734294144,21.290000000000003,ROUTE_StanfordHealthCareTriValley,0.32734294144,21.290000000000003,ROUTE_SutterEdenMedicalCenter,0.32734294144,32.68666666666667,ROUTE_StanfordHealthCareTriValley,0.32734294144,21.290000000000003
37.769722222195384,-122.19833333328847,138.30967054502358,HEMORRHAGIC,ROUTE_SutterEdenMedicalCenter,0.40912112872042106,18.09,ROUTE_HighlandHospitalWilmaChanCampus,0.34841245893915224,10.583333333333334,ROUTE_SutterEdenMedicalCenter,0.40912112872042106,18.09,ROUTE_HighlandHospitalWilmaChanCampus,0.34841245893915224,10.583333333333334
37.70833333330644,-121.85722222217709,68.1640363774201,HEMORRHAGIC,ROUTE_SutterEdenMedicalCenter,0.42479588414512875,20.361666666666668,ROUTE_StanfordHealthCareTriValley,0.36216605108445415,8.153333333333332,ROUTE_SutterEdenMedicalCenter,0.42479588414512875,20.361666666666668,ROUTE_StanfordHealthCareTriValley,0.36216605108445415,8.153333333333332
37.41777777775066,-121.90194444439935,186.36311493412114,MIMIC,ROUTE_RegionalMedicalCenterOfSanJose,0.3392112369205384,13.53,ROUTE_RegionalMedicalCenterOfSanJose,0.3392112369205384,13.53,ROUTE_RegionalMedicalCenterOfSanJose,0.3392112369205384,13.53,ROUTE_RegionalMedicalCenterOfSanJose,0.3392112369205384,13.53
38.02222222219558,-121.89805555551045,145.38685024960256,LVO,ROUTE_JohnMuirMedicalCenterWalnutCreekCampus,0.40595848884173835,24.938333333333333,ROUTE_SutterDeltaMedicalCenter,0.32734294144,13.22,ROUTE_JohnMuirMedicalCenterWalnutCreekCampus,0.40595848884173835,24.938333333333333,ROUTE_JohnMuirMedicalCenterConcordCampus,0.3462728964238135,15.178333333333335
37.493888888861825,-122.45583333328868,252.2126578633579,HEMORRHAGIC,ROUTE_SanMateoMedicalCenter,0.32734294144,31.98166666666667,ROUTE_SanMateoMedicalCenter,0.32734294144,31.98166666666667,ROUTE_MillsPeninsulaMedicalCenterSutter,0.32734294144,32.19166666666667,ROUTE_MillsPeninsulaMedicalCenterSutter,0.32734294144,32.19166666666667
37.621666666639705,-122.07472222217727,104.19758094454379,LVO,ROUTE_SutterEdenMedicalCenter,0.41713423049623616,17.276666666666664,ROUTE_StRoseHospital,0.32734294144,6.53,ROUTE_SutterEdenMedicalCenter,0.41713423049623616,17.276666666666664,ROUTE_KaiserFoundationHospitalSanLeandro,0.35383606744018037,15.585
37.44333333330623,-122.12805555551064,37.905575751218954,LVO,ROUTE_StanfordHealthCare,0.4337047494176649,12.801666666666668,ROUTE_StanfordHealthCare,0.4337047494176649,12.801666666666668,ROUTE_StanfordHealthCare,0.4337047494176649,12.801666666666668,ROUTE_StanfordHealthCare,0.4337047494176649,12.801666666666668
37.77999999997317,-122.39472222217752,169.83540138142303,MIMIC,ROUTE_CPMCDaviesCampusSutter,0.342717364626323,10.373333333333333,ROUTE_ChineseHospital,0.34338825577123616,6.641666666666667,ROUTE_CPMCDaviesCampusSutter,0.342717364626323,10.373333333333333,ROUTE_ChineseHospital,0.34338825577123616,6.641666666666667
38.11249999997343,-122.55861111106654,145.43104218995762,HEMORRHAGIC,ROUTE_UCSFMedicalCenter,0.339605006024985,52.235,ROUTE_NovatoCommunityHospitalSutter,0.3470303425544933,10.988333333333333,ROUTE_UCSFMedicalCenter,0.339605006024985,52.235,ROUTE_NovatoCommunityHospitalSutter,0.3470303425544933,10.988333333333333
37.99583333330667,-122.04138888884391,72.45974307151616,HEMORRHAGIC,ROUTE_JohnMuirMedicalCenterWalnutCreekCampus,0.42517213600285847,14.458333333333334,ROUTE_JohnMuirMedicalCenterConcordCampus,0.36200235798597313,4.698333333333333,ROUTE_JohnMuirMedicalCenterWalnutCreekCampus,0.42517213600285847,14.458333333333334,ROUTE_JohnMuirMedicalCenterConcordCampus,0.36200235798597313,4.698333333333333
37.75277777775092,-122.50277777773316,221.9309736408165,LVO,ROUTE_UCSFMedicalCenter,0.32734294144,9.67,ROUTE_UCSFMedicalCenter,0.32734294144,9.67,ROUTE_UCSFMedicalCenter,0.32734294144,9.67,ROUTE_UCSFMedicalCenter,0.32734294144,9.67
37.77999999997317,-122.40833333328864,239.38943545913477,LVO,ROUTE_UCSFHealthHydeHospital,0.32734294144,4.6466666666666665,ROUTE_UCSFHealthHydeHospital,0.32734294144,4.6466666666666665,ROUTE_CPMCDaviesCampusSutter,0.32734294144,9.728333333333333,ROUTE_UCSFHealthHydeHospital,0.32734294144,4.6466666666666665
38.063611111084505,-122.17444444439957,64.10818472226637,LVO,ROUTE_JohnMuirMedicalCenterWalnutCreekCampus,0.4251301671196584,22.988333333333333,ROUTE_ContraCostaRegionalMedicalCenter,0.3373786855626835,12.173333333333334,ROUTE_JohnMuirMedicalCenterWalnutCreekCampus,0.4251301671196584,22.988333333333333,ROUTE_SutterSolanoMedicalCenter,0.3620549827405087,12.778333333333334
37.39888888886175,-122.01722222217722,197.5601069689192,LVO,ROUTE_KaiserFoundationHospitalSantaClara,0.33703774540914566,14.7,ROUTE_KaiserFoundationHospitalSantaClara,0.33703774540914566,14.7,ROUTE_KaiserFoundationHospitalSantaClara,0.33703774540914566,14.7,ROUTE_KaiserFoundationHospitalSantaClara,0.33703774540914566,14.7
37.800833333306514,-122.24611111106628,228.21203294027455,LVO,ROUTE_HighlandHospitalWilmaChanCampus,0.32734294144,3.945,ROUTE_HighlandHospitalWilmaChanCampus,0.32734294144,3.945,ROUTE_SutterEdenMedicalCenter,0.32734294144,19.628333333333334,ROUTE_HighlandHospitalWilmaChanCampus,0.32734294144,3.945
37.96999999997332,-121.98388888884386,257.3909954105102,MIMIC,ROUTE_JohnMuirMedicalCenterConcordCampus,0.32734294144,11.191666666666666,ROUTE_JohnMuirMedicalCenterConcordCampus,0.32734294144,11.191666666666666,ROUTE_JohnMuirMedicalCenterWalnutCreekCampus,0.32734294144,15.655,ROUTE_JohnMuirMedicalCenterConcordCampus,0.32734294144,11.191666666666666
37.552222222195205,-122.28972222217743,254.2544481515239,LVO,ROUTE_SanMateoMedicalCenter,0.32734294144,8.098333333333333,ROUTE_SanMateoMedicalCenter,0.32734294144,8.098333333333333,ROUTE_MillsPeninsulaMedicalCenterSutter,0.32734294144,11.308333333333334,ROUTE_MillsPeninsulaMedicalCenterSutter,0.32734294144,11.308333333333334
37.998333333306675,-122.27472222217743,170.87750489322724,LVO,ROUTE_JohnMuirMedicalCenterWalnutCreekCampus,0.3388908323359039,30.831666666666667,ROUTE_ContraCostaRegionalMedicalCenter,0.32734294144,17.785,ROUTE_JohnMuirMedicalCenterWalnutCreekCampus,0.3388908323359039,30.831666666666667,ROUTE_KaiserFoundationHospitalRichmondCampus,0.34081979036318966,19.945
37.831666666639876,-122.12749999995509,188.92655593765983,HEMORRHAGIC,ROUTE_KaiserFoundationHospitalWalnutCreek,0.33767453064627984,19.698333333333334,ROUTE_KaiserFoundationHospitalWalnutCreek,0.33767453064627984,19.698333333333334,ROUTE_JohnMuirMedicalCenterWalnutCreekCampus,0.3372766054450193,21.96833333333333,ROUTE_KaiserFoundationHospitalWalnutCreek,0.33767453064627984,19.698333333333334
37.57555555552856,-122.31388888884412,140.1680593601237,LVO,ROUTE_MillsPeninsulaMedicalCenterSutter,0.4102858592166205,11.125,ROUTE_MillsPeninsulaMedicalCenterSutter,0.4102858592166205,11.125,ROUTE_MillsPeninsulaMedicalCenterSutter,0.4102858592166205,11.125,ROUTE_MillsPeninsulaMedicalCenterSutter,0.4102858592166205,11.125
37.79861111108429,-122.24583333328852,230.3478515601929,HEMORRHAGIC,ROUTE_HighlandHospitalWilmaChanCampus,0.32734294144,4.415,ROUTE_HighlandHospitalWilmaChanCampus,0.32734294144,4.415,ROUTE_SutterEdenMedicalCenter,0.32734294144,20.793333333333333,ROUTE_HighlandHospitalWilmaChanCampus,0.32734294144,4.415
37.728055555528684,-122.3949999999553,133.58873937799387,HEMORRHAGIC,ROUTE_CPMCDaviesCampusSutter,0.41050702905271447,16.735,ROUTE_ZuckerbergSanFranciscoGeneralHospital,0.3492289143152279,10.878333333333334,ROUTE_CPMCDaviesCampusSutter,0.41050702905271447,16.735,ROUTE_ZuckerbergSanFranciscoGeneralHospital,0.3492289143152279,10.878333333333334
38.059444444417835,-122.51722222217762,249.97329841330577,HEMORRHAGIC,ROUTE_NovatoCommunityHospitalSutter,0.32734294144,10.0,ROUTE_NovatoCommunityHospitalSutter,0.32734294144,10.0,ROUTE_UCSFMedicalCenter,0.32734294144,48.405,ROUTE_NovatoCommunityHospitalSutter,0.32734294144,10.0
38.24527777775132,-122.6211111110666,262.28046400495424,NLVO,ROUTE_PetalumaValleyHospitalProvidence,0.32734294144,4.626666666666667,ROUTE_PetalumaValleyHospitalProvidence,0.32734294144,4.626666666666667,ROUTE_UCSFMedicalCenter,0.32734294144,61.17166666666667,ROUTE_PetalumaValleyHospitalProvidence,0.32734294144,4.626666666666667
37.707222222195334,-121.87249999995488,63.27242006034431,LVO,ROUTE_SutterEdenMedicalCenter,0.42676298352286757,16.858333333333334,ROUTE_StanfordHealthCareTriValley,0.4222465103020068,4.65,ROUTE_SutterEdenMedicalCenter,0.42676298352286757,16.858333333333334,ROUTE_StanfordHealthCareTriValley,0.4222465103020068,4.65
38.28527777775135,-122.26611111106631,93.83824334763221,LVO,ROUTE_JohnMuirMedicalCenterWalnutCreekCampus,0.4119255971563967,50.281666666666666,ROUTE_ProvidenceQueenOfTheValleyMedicalCenter,0.3564587983269984,12.101666666666667,ROUTE_JohnMuirMedicalCenterWalnutCreekCampus,0.4119255971563967,50.281666666666666,ROUTE_ProvidenceQueenOfTheValleyMedicalCenter,0.3564587983269984,12.101666666666667
37.86861111108435,-122.2788888888441,52.34217606022725,LVO,ROUTE_JohnMuirMedicalCenterWalnutCreekCampus,0.42605348612770416,30.813333333333333,ROUTE_AltaBatesSummitMedicalCenterAltaBatesCampus,0.40196668895151266,8.935,ROUTE_JohnMuirMedicalCenterWalnutCreekCampus,0.42605348612770416,30.813333333333333,ROUTE_KaiserFoundationHospitalOaklandRichmond,0.4225756714903967,13.838333333333333
37.47472222219515,-122.24638888884407,237.77996305419077,HEMORRHAGIC,ROUTE_SequoiaHospital,0.32734294144,4.163333333333333,ROUTE_SequoiaHospital,0.32734294144,4.163333333333333,ROUTE_KaiserFoundationHospitalRedwoodCity,0.32734294144,8.853333333333333,ROUTE_SequoiaHospital,0.32734294144,4.163333333333333
37.3944444444173,-122.01055555551055,77.84109996564929,MIMIC,ROUTE_KaiserFoundationHospitalSantaClara,0.4242649356577358,12.955,ROUTE_KaiserFoundationHospitalSantaClara,0.4242649356577358,12.955,ROUTE_KaiserFoundationHospitalSantaClara,0.4242649356577358,12.955,ROUTE_KaiserFoundationHospitalSantaClara,0.4242649356577358,12.955
37.554444444417435,-121.99666666662165,182.9842830548653,LVO,ROUTE_WashingtonHospitalHealthcareSystem,0.341139686239807,6.041666666666667,ROUTE_WashingtonHospitalHealthcareSystem,0.341139686239807,6.041666666666667,ROUTE_SutterEdenMedicalCenter,0.33739828338364386,27.216666666666665,ROUTE_WashingtonHospitalHealthcareSystem,0.341139686239807,6.041666666666667
37.80194444441763,-122.40305555551086,57.76293411841184,LVO,ROUTE_CPMCDaviesCampusSutter,0.4286020470086908,14.543333333333333,ROUTE_ChineseHospital,0.42409271884675687,4.671666666666667,ROUTE_CPMCDaviesCampusSutter,0.4286020470086908,14.543333333333333,ROUTE_ChineseHospital,0.42409271884675687,4.671666666666667
38.063611111084505,-122.56194444439987,84.14441607509553,HEMORRHAGIC,ROUTE_UCSFMedicalCenter,0.4139867559371444,50.99,ROUTE_NovatoCommunityHospitalSutter,0.35789102261692074,14.298333333333334,ROUTE_UCSFMedicalCenter,0.4139867559371444,50.99,ROUTE_NovatoCommunityHospitalSutter,0.35789102261692074,14.298333333333334
37.759999999973154,-122.47999999995537,111.06553540731932,LVO,ROUTE_UCSFMedicalCenter,0.41834500022946347,5.175,ROUTE_UCSFMedicalCenter,0.41834500022946347,5.175,ROUTE_UCSFMedicalCenter,0.41834500022946347,5.175,ROUTE_UCSFMedicalCenter,0.41834500022946347,5.175
37.71999999997312,-122.4769444443998,162.82162355775213,LVO,ROUTE_UCSFMedicalCenter,0.4050160692059284,11.668333333333333,ROUTE_AHMCSetonMedicalCenter,0.34450260289576534,7.485,ROUTE_UCSFMedicalCenter,0.4050160692059284,11.668333333333333,ROUTE_AHMCSetonMedicalCenter,0.34450260289576534,7.485
37.791388888862066,-122.43999999995533,244.90543017422692,HEMORRHAGIC,ROUTE_KaiserFoundationHospitalSanFrancisco,0.32734294144,3.8,ROUTE_KaiserFoundationHospitalSanFrancisco,0.32734294144,3.8,ROUTE_CPMCDaviesCampusSutter,0.32734294144,7.261666666666667,ROUTE_KaiserFoundationHospitalSanFrancisco,0.32734294144,3.8
37.67555555552864,-122.14861111106622,122.86671542071093,HEMORRHAGIC,ROUTE_SutterEdenMedicalCenter,0.41353462573447736,14.236666666666668,ROUTE_StRoseHospital,0.32734294144,12.203333333333335,ROUTE_SutterEdenMedicalCenter,0.41353462573447736,14.236666666666668,ROUTE_KaiserFoundationHospitalSanLeandro,0.35081439416738797,13.051666666666668
37.50194444441739,-122.2599999999552,175.52528050046197,LVO,ROUTE_KaiserFoundationHospitalRedwoodCity,0.34156054959010024,11.143333333333334,ROUTE_SequoiaHospital,0.34194065847466426,9.016666666666667,ROUTE_KaiserFoundationHospitalRedwoodCity,0.34156054959010024,11.143333333333334,ROUTE_SequoiaHospital,0.34194065847466426,9.016666666666667
37.75194444441759,-122.18138888884401,241.1115742736059,MIMIC,ROUTE_SanLeandroHospitalAlamedaHealthSystem,0.32734294144,14.146666666666667,ROUTE_SanLeandroHospitalAlamedaHealthSystem,0.32734294144,14.146666666666667,ROUTE_SutterEdenMedicalCenter,0.32734294144,17.470000000000002,ROUTE_KaiserFoundationHospitalSanLeandro,0.32734294144,14.471666666666666
38.29611111108469,-122.2447222221774,42.40933343767829,LVO,ROUTE_JohnMuirMedicalCenterWalnutCreekCampus,0.42261492010602014,55.45333333333333,ROUTE_ProvidenceQueenOfTheValleyMedicalCenter,0.3663617859050466,12.546666666666665,ROUTE_JohnMuirMedicalCenterWalnutCreekCampus,0.42261492010602014,55.45333333333333,ROUTE_ProvidenceQueenOfTheValleyMedicalCenter,0.3663617859050466,12.546666666666665
37.714166666639784,-122.40277777773308,103.69230009928489,LVO,ROUTE_MillsPeninsulaMedicalCenterSutter,0.4175821670246462,15.845,ROUTE_ZuckerbergSanFranciscoGeneralHospital,0.35458605978784946,12.115,ROUTE_MillsPeninsulaMedicalCenterSutter,0.4175821670246462,15.845,ROUTE_ZuckerbergSanFranciscoGeneralHospital,0.35458605978784946,12.115
37.63611111108416,-122.05527777773281,259.1547827491979,HEMORRHAGIC,ROUTE_StRoseHospital,0.32734294144,8.366666666666667,ROUTE_StRoseHospital,0.32734294144,8.366666666666667,ROUTE_SutterEdenMedicalCenter,0.32734294144,18.765,ROUTE_KaiserFoundationHospitalSanLeandro,0.32734294144,17.421666666666667
37.79583333330651,-122.40972222217754,245.42005683177103,HEMORRHAGIC,ROUTE_ChineseHospital,0.32734294144,0.9733333333333333,ROUTE_ChineseHospital,0.32734294144,0.9733333333333333,ROUTE_CPMCDaviesCampusSutter,0.32734294144,11.168333333333333,ROUTE_ChineseHospital,0.32734294144,0.9733333333333333
37.768333333306494,-122.41694444439976,259.6937479777033,HEMORRHAGIC,ROUTE_ZuckerbergSanFranciscoGeneralHospital,0.32734294144,4.8516666666666675,ROUTE_ZuckerbergSanFranciscoGeneralHospital,0.32734294144,4.8516666666666675,ROUTE_CPMCDaviesCampusSutter,0.32734294144,6.2283333333333335,ROUTE_ZuckerbergSanFranciscoGeneralHospital,0.32734294144,4.8516666666666675
37.82555555552876,-122.27527777773298,133.87079424546087,HEMORRHAGIC,ROUTE_SutterEdenMedicalCenter,0.40954245610081663,20.68,ROUTE_KaiserFoundationHospitalOaklandRichmond,0.35047971259271216,3.8466666666666667,ROUTE_SutterEdenMedicalCenter,0.40954245610081663,20.68,ROUTE_KaiserFoundationHospitalOaklandRichmond,0.35047971259271216,3.8466666666666667
38.09916666664009,-122.21277777773292,89.05093811192397,LVO,ROUTE_JohnMuirMedicalCenterWalnutCreekCampus,0.41832603795512247,27.271666666666665,ROUTE_SutterSolanoMedicalCenter,0.35804625581313404,8.581666666666667,ROUTE_JohnMuirMedicalCenterWalnutCreekCampus,0.41832603795512247,27.271666666666665,ROUTE_SutterSolanoMedicalCenter,0.35804625581313404,8.581666666666667
37.43499999997289,-122.14027777773288,221.55252412592273,LVO,ROUTE_StanfordHealthCare,0.32734294144,10.441666666666666,ROUTE_StanfordHealthCare,0.32734294144,10.441666666666666,ROUTE_StanfordHealthCare,0.32734294144,10.441666666666666,ROUTE_StanfordHealthCare,0.32734294144,10.441666666666666
37.67333333330642,-122.14166666662176,68.66746347781674,HEMORRHAGIC,ROUTE_SutterEdenMedicalCenter,0.42608475555089287,14.354999999999999,ROUTE_StRoseHospital,0.3364876696783767,12.321666666666665,ROUTE_SutterEdenMedicalCenter,0.42608475555089287,14.354999999999999,ROUTE_KaiserFoundationHospitalSanLeandro,0.3610927142900813,13.17
37.525833333306295,-121.95833333328828,182.3974116474385,HEMORRHAGIC,ROUTE_RegionalMedicalCenterOfSanJose,0.3386662736989181,20.584999999999997,ROUTE_KaiserFoundationHospitalFremont,0.3406446721944497,9.41,ROUTE_RegionalMedicalCenterOfSanJose,0.3386662736989181,20.584999999999997,ROUTE_KaiserFoundationHospitalFremont,0.3406446721944497,9.41
37.7694444444176,-121.98916666662164,122.22603291110971,HEMORRHAGIC,ROUTE_SutterEdenMedicalCenter,0.41179782480188315,22.451666666666664,ROUTE_SanRamonRegionalMedicalCenter,0.3517952539238811,8.431666666666667,ROUTE_SutterEdenMedicalCenter,0.41179782480188315,22.451666666666664,ROUTE_SanRamonRegionalMedicalCenter,0.3517952539238811,8.431666666666667
38.05333333330672,-122.52777777773318,208.1427510408681,MIMIC,ROUTE_NovatoCommunityHospitalSutter,0.33598689805057197,10.143333333333334,ROUTE_NovatoCommunityHospitalSutter,0.33598689805057197,10.143333333333334,ROUTE_UCSFMedicalCenter,0.32734294144,46.52833333333333,ROUTE_NovatoCommunityHospitalSutter,0.33598689805057197,10.143333333333334
37.41999999997288,-122.1236111110662,85.42879837845035,LVO,ROUTE_StanfordHealthCare,0.42231612820460046,13.716666666666667,ROUTE_StanfordHealthCare,0.42231612820460046,13.716666666666667,ROUTE_StanfordHealthCare,0.42231612820460046,13.716666666666667,ROUTE_StanfordHealthCare,0.42231612820460046,13.716666666666667
38.450555555529256,-121.81749999995483,103.23549558344423,HEMORRHAGIC,ROUTE_JohnMuirMedicalCenterWalnutCreekCampus,0.4069096123557814,62.89333333333333,ROUTE_KaiserFoundationHospitalVacaville,0.3539459753029877,15.963333333333333,ROUTE_JohnMuirMedicalCenterWalnutCreekCampus,0.4069096123557814,62.89333333333333,ROUTE_KaiserFoundationHospitalVacaville,0.3539459753029877,15.963333333333333
37.94611111108441,-122.35611111106638,242.62561616070025,LVO,ROUTE_KaiserFoundationHospitalRichmondCampus,0.32734294144,3.0900000000000003,ROUTE_KaiserFoundationHospitalRichmondCampus,0.32734294144,3.0900000000000003,ROUTE_CPMCDaviesCampusSutter,0.32734294144,35.044999999999995,ROUTE_KaiserFoundationHospitalRichmondCampus,0.32734294144,3.0900000000000003
37.61916666663971,-122.0919444443995,217.80441170202366,LVO,ROUTE_StRoseHospital,0.32734294144,4.663333333333333,ROUTE_StRoseHospital,0.32734294144,4.663333333333333,ROUTE_SutterEdenMedicalCenter,0.32734294144,16.753333333333334,ROUTE_KaiserFoundationHospitalSanLeandro,0.32734294144,15.061666666666667
38.24111111108465,-122.07138888884393,155.64878039636747,MIMIC,ROUTE_JohnMuirMedicalCenterWalnutCreekCampus,0.3401476183769842,38.95666666666667,ROUTE_NorthBayMedicalCenter,0.34537362340029315,9.854999999999999,ROUTE_JohnMuirMedicalCenterWalnutCreekCampus,0.3401476183769842,38.95666666666667,ROUTE_NorthBayMedicalCenter,0.34537362340029315,9.854999999999999
38.31138888886248,-122.30249999995523,74.19005709181576,HEMORRHAGIC,ROUTE_JohnMuirMedicalCenterWalnutCreekCampus,0.41653519420232943,49.87833333333333,ROUTE_ProvidenceQueenOfTheValleyMedicalCenter,0.3617048327297326,4.496666666666667,ROUTE_JohnMuirMedicalCenterWalnutCreekCampus,0.41653519420232943,49.87833333333333,ROUTE_ProvidenceQueenOfTheValleyMedicalCenter,0.3617048327297326,4.496666666666667
38.03611111108448,-121.97277777773274,38.71923084337686,HEMORRHAGIC,ROUTE_JohnMuirMedicalCenterWalnutCreekCampus,0.43104690767323944,23.21833333333333,ROUTE_JohnMuirMedicalCenterConcordCampus,0.42626979725018627,13.458333333333334,ROUTE_JohnMuirMedicalCenterWalnutCreekCampus,0.43104690767323944,23.21833333333333,ROUTE_JohnMuirMedicalCenterConcordCampus,0.42626979725018627,13.458333333333334
37.853888888862116,-122.48805555551093,67.4552376410252,LVO,ROUTE_UCSFMedicalCenter,0.42418998271816477,23.66166666666667,ROUTE_KaiserFoundationHospitalSanFrancisco,0.35991979827848264,20.44,ROUTE_UCSFMedicalCenter,0.42418998271816477,23.66166666666667,ROUTE_KaiserFoundationHospitalSanFrancisco,0.35991979827848264,20.44
38.280555555529126,-122.26444444439964,231.19906816584074,LVO,ROUTE_ProvidenceQueenOfTheValleyMedicalCenter,0.32734294144,10.831666666666667,ROUTE_ProvidenceQueenOfTheValleyMedicalCenter,0.32734294144,10.831666666666667,ROUTE_JohnMuirMedicalCenterWalnutCreekCampus,0.32734294144,48.93666666666666,ROUTE_ProvidenceQueenOfTheValleyMedicalCenter,0.32734294144,10.831666666666667
37.35166666663949,-122.07694444439949,125.13898492322389,LVO,ROUTE_ElCaminoHealthMountainView,0.4146444544459685,7.135000000000001,ROUTE_ElCaminoHealthMountainView,0.4146444544459685,7.135000000000001,ROUTE_ElCaminoHealthMountainView,0.4146444544459685,7.135000000000001,ROUTE_ElCaminoHealthMountainView,0.4146444544459685,7.135000000000001
37.99861111108445,-122.08999999995505,198.94809916578532,LVO,ROUTE_JohnMuirMedicalCenterConcordCampus,0.33717614902068593,12.521666666666667,ROUTE_ContraCostaRegionalMedicalCenter,0.32734294144,10.81,ROUTE_JohnMuirMedicalCenterWalnutCreekCampus,0.3358608766067897,20.063333333333333,ROUTE_JohnMuirMedicalCenterConcordCampus,0.33717614902068593,12.521666666666667
37.74999999997314,-122.45333333328868,241.3174778414206,HEMORRHAGIC,ROUTE_UCSFMedicalCenter,0.32734294144,5.786666666666666,ROUTE_UCSFMedicalCenter,0.32734294144,5.786666666666666,ROUTE_UCSFMedicalCenter,0.32734294144,5.786666666666666,ROUTE_UCSFMedicalCenter,0.32734294144,5.786666666666666
37.62777777775082,-122.09611111106616,125.10053061999953,HEMORRHAGIC,ROUTE_SutterEdenMedicalCenter,0.4126926483797905,15.671666666666665,ROUTE_StRoseHospital,0.32734294144,4.4766666666666675,ROUTE_SutterEdenMedicalCenter,0.4126926483797905,15.671666666666665,ROUTE_KaiserFoundationHospitalSanLeandro,0.35022685463436426,13.978333333333333
37.795555555528736,-122.40555555551086,155.54074233079007,HEMORRHAGIC,ROUTE_CPMCDaviesCampusSutter,0.4067071239053475,11.479999999999999,ROUTE_ChineseHospital,0.3469607849664494,1.26,ROUTE_CPMCDaviesCampusSutter,0.4067071239053475,11.479999999999999,ROUTE_ChineseHospital,0.3469607849664494,1.26
37.73888888886202,-122.41944444439976,212.71336841545008,HEMORRHAGIC,ROUTE_CPMCMissionBernalCampusSutter,0.3364209692911322,3.08,ROUTE_CPMCMissionBernalCampusSutter,0.3364209692911322,3.08,ROUTE_CPMCDaviesCampusSutter,0.33527326306460403,9.681666666666667,ROUTE_CPMCMissionBernalCampusSutter,0.3364209692911322,3.08
37.70138888886199,-122.45361111106645,164.01678885275336,HEMORRHAGIC,ROUTE_CPMCDaviesCampusSutter,0.40398155636477034,15.055,ROUTE_CPMCMissionBernalCampusSutter,0.344051460571762,8.783333333333333,ROUTE_CPMCDaviesCampusSutter,0.40398155636477034,15.055,ROUTE_CPMCMissionBernalCampusSutter,0.344051460571762,8.783333333333333
37.93249999997329,-122.37138888884417,123.29302045173134,HEMORRHAGIC,ROUTE_CPMCDaviesCampusSutter,0.4086492639732852,35.18,ROUTE_KaiserFoundationHospitalRichmondCampus,0.3523616503146021,4.336666666666667,ROUTE_CPMCDaviesCampusSutter,0.4086492639732852,35.18,ROUTE_KaiserFoundationHospitalRichmondCampus,0.3523616503146021,4.336666666666667
38.06472222219562,-122.53694444439985,161.5927388991539,LVO,ROUTE_UCSFMedicalCenter,0.33799922254652365,45.181666666666665,ROUTE_NovatoCommunityHospitalSutter,0.34451869287545767,8.625,ROUTE_UCSFMedicalCenter,0.33799922254652365,45.181666666666665,ROUTE_NovatoCommunityHospitalSutter,0.34451869287545767,8.625
38.02527777775114,-122.53333333328874,210.45588633231213,HEMORRHAGIC,ROUTE_KaiserFoundationHospitalSanRafael,0.3351764971872625,12.498333333333333,ROUTE_KaiserFoundationHospitalSanRafael,0.3351764971872625,12.498333333333333,ROUTE_UCSFMedicalCenter,0.32734294144,44.983333333333334,ROUTE_KaiserFoundationHospitalSanRafael,0.3351764971872625,12.498333333333333
37.58472222219523,-122.05305555551058,242.68664774248458,HEMORRHAGIC,ROUTE_StRoseHospital,0.32734294144,12.695,ROUTE_StRoseHospital,0.32734294144,12.695,ROUTE_SutterEdenMedicalCenter,0.32734294144,21.85666666666667,ROUTE_WashingtonHospitalHealthcareSystem,0.32734294144,18.163333333333334
37.96722222219554,-122.32749999995525,190.1725477969381,HEMORRHAGIC,ROUTE_KaiserFoundationHospitalRichmondCampus,0.3386252273294807,13.043333333333333,ROUTE_KaiserFoundationHospitalRichmondCampus,0.3386252273294807,13.043333333333333,ROUTE_JohnMuirMedicalCenterWalnutCreekCampus,0.32734294144,35.92166666666667,ROUTE_KaiserFoundationHospitalRichmondCampus,0.3386252273294807,13.043333333333333
37.508611111084065,-121.92861111106603,137.92775408687191,LVO,ROUTE_RegionalMedicalCenterOfSanJose,0.4092120073602377,18.073333333333334,ROUTE_KaiserFoundationHospitalFremont,0.3476044247939865,15.360000000000001,ROUTE_RegionalMedicalCenterOfSanJose,0.4092120073602377,18.073333333333334,ROUTE_KaiserFoundationHospitalFremont,0.3476044247939865,15.360000000000001
37.776666666639834,-122.45611111106646,223.41899969998,HEMORRHAGIC,ROUTE_UCSFHealthStanyanHospital,0.32734294144,2.2633333333333336,ROUTE_UCSFHealthStanyanHospital,0.32734294144,2.2633333333333336,ROUTE_UCSFMedicalCenter,0.32734294144,5.2,ROUTE_UCSFHealthStanyanHospital,0.32734294144,2.2633333333333336
37.77416666663983,-122.43972222217755,161.10148790146647,HEMORRHAGIC,ROUTE_CPMCDaviesCampusSutter,0.40736734649728307,3.01,ROUTE_CPMCDaviesCampusSutter,0.40736734649728307,3.01,ROUTE_CPMCDaviesCampusSutter,0.40736734649728307,3.01,ROUTE_CPMCDaviesCampusSutter,0.40736734649728307,3.01
37.772499999973164,-122.43194444439978,135.09447016932756,HEMORRHAGIC,ROUTE_CPMCDaviesCampusSutter,0.4133724060479863,2.7150000000000003,ROUTE_CPMCDaviesCampusSutter,0.4133724060479863,2.7150000000000003,ROUTE_CPMCDaviesCampusSutter,0.4133724060479863,2.7150000000000003,ROUTE_CPMCDaviesCampusSutter,0.4133724060479863,2.7150000000000003
37.68027777775087,-122.47777777773314,101.7689547707894,MIMIC,ROUTE_MillsPeninsulaMedicalCenterSutter,0.41778275525370506,16.901666666666667,ROUTE_AHMCSetonMedicalCenter,0.3567890630876908,2.4383333333333335,ROUTE_MillsPeninsulaMedicalCenterSutter,0.41778275525370506,16.901666666666667,ROUTE_AHMCSetonMedicalCenter,0.3567890630876908,2.4383333333333335
37.700277777750884,-122.09805555551061,244.59275776049373,MIMIC,ROUTE_SutterEdenMedicalCenter,0.32734294144,3.775,ROUTE_SutterEdenMedicalCenter,0.32734294144,3.775,ROUTE_SutterEdenMedicalCenter,0.32734294144,3.775,ROUTE_SutterEdenMedicalCenter,0.32734294144,3.775
37.812222222195416,-122.25805555551075,85.01375097413352,HEMORRHAGIC,ROUTE_SutterEdenMedicalCenter,0.42054140650894156,21.756666666666668,ROUTE_AltaBatesSummitMedicalCenterSummitCampus,0.35953579530043156,4.871666666666667,ROUTE_SutterEdenMedicalCenter,0.42054140650894156,21.756666666666668,ROUTE_AltaBatesSummitMedicalCenterSummitCampus,0.35953579530043156,4.871666666666667
37.71999999997312,-122.45277777773312,67.85177331807164,HEMORRHAGIC,ROUTE_UCSFMedicalCenter,0.4264254617897829,13.716666666666667,ROUTE_CPMCMissionBernalCampusSutter,0.4212368099059296,7.569999999999999,ROUTE_UCSFMedicalCenter,0.4264254617897829,13.716666666666667,ROUTE_CPMCMissionBernalCampusSutter,0.4212368099059296,7.569999999999999
38.14777777775124,-122.2624999999552,176.57127261148327,MIMIC,ROUTE_KaiserFoundationHospitalVallejo,0.34225363531011743,6.221666666666667,ROUTE_KaiserFoundationHospitalVallejo,0.34225363531011743,6.221666666666667,ROUTE_JohnMuirMedicalCenterWalnutCreekCampus,0.3372358746439094,34.556666666666665,ROUTE_KaiserFoundationHospitalVallejo,0.34225363531011743,6.221666666666667
37.589722222195235,-122.37638888884418,101.6968699493806,LVO,ROUTE_MillsPeninsulaMedicalCenterSutter,0.42113212654506854,2.533333333333333,ROUTE_MillsPeninsulaMedicalCenterSutter,0.42113212654506854,2.533333333333333,ROUTE_MillsPeninsulaMedicalCenterSutter,0.42113212654506854,2.533333333333333,ROUTE_MillsPeninsulaMedicalCenterSutter,0.42113212654506854,2.533333333333333
37.90749999997327,-122.31055555551079,221.7472202792719,HEMORRHAGIC,ROUTE_KaiserFoundationHospitalRichmondCampus,0.32734294144,10.825,ROUTE_KaiserFoundationHospitalRichmondCampus,0.32734294144,10.825,ROUTE_CPMCDaviesCampusSutter,0.32734294144,30.311666666666667,ROUTE_KaiserFoundationHospitalRichmondCampus,0.32734294144,10.825
37.67083333330641,-121.86999999995489,58.92329987291221,HEMORRHAGIC,ROUTE_SutterEdenMedicalCenter,0.42596808965210325,24.596666666666668,ROUTE_StanfordHealthCareTriValley,0.42258098891873186,7.58,ROUTE_SutterEdenMedicalCenter,0.42596808965210325,24.596666666666668,ROUTE_StanfordHealthCareTriValley,0.42258098891873186,7.58
37.3566666666395,-122.00805555551055,215.7948893624752,HEMORRHAGIC,ROUTE_KaiserFoundationHospitalSantaClara,0.33512651572904956,7.448333333333333,ROUTE_KaiserFoundationHospitalSantaClara,0.33512651572904956,7.448333333333333,ROUTE_KaiserFoundationHospitalSantaClara,0.33512651572904956,7.448333333333333,ROUTE_KaiserFoundationHospitalSantaClara,0.33512651572904956,7.448333333333333
37.566111111084105,-122.26805555551076,190.5519185032063,NLVO,ROUTE_MillsPeninsulaMedicalCenterSutter,0.3381827050681327,15.178333333333335,ROUTE_SanMateoMedicalCenter,0.32734294144,12.18,ROUTE_MillsPeninsulaMedicalCenterSutter,0.3381827050681327,15.178333333333335,ROUTE_MillsPeninsulaMedicalCenterSutter,0.3381827050681327,15.178333333333335
37.77083333330649,-122.43249999995533,245.80080029380943,LVO,ROUTE_CPMCDaviesCampusSutter,0.32734294144,2.253333333333333,ROUTE_CPMCDaviesCampusSutter,0.32734294144,2.253333333333333,ROUTE_CPMCDaviesCampusSutter,0.32734294144,2.253333333333333,ROUTE_CPMCDaviesCampusSutter,0.32734294144,2.253333333333333
37.876111111084356,-122.46361111106647,57.188303006646535,HEMORRHAGIC,ROUTE_UCSFMedicalCenter,0.42294831879400985,39.245,ROUTE_MarinHealthMedicalCenter,0.3614982772945399,22.56,ROUTE_UCSFMedicalCenter,0.42294831879400985,39.245,ROUTE_MarinHealthMedicalCenter,0.3614982772945399,22.56
37.698888888861994,-122.1399999999551,64.29248567737976,HEMORRHAGIC,ROUTE_SutterEdenMedicalCenter,0.42788757189239124,11.05,ROUTE_SanLeandroHospitalAlamedaHealthSystem,0.4011841682540809,5.5616666666666665,ROUTE_SutterEdenMedicalCenter,0.42788757189239124,11.05,ROUTE_KaiserFoundationHospitalSanLeandro,0.42148734299590546,8.511666666666667
37.748055555528694,-122.47055555551091,60.62044717262286,MIMIC,ROUTE_UCSFMedicalCenter,0.4302147365719568,4.841666666666667,ROUTE_UCSFMedicalCenter,0.4302147365719568,4.841666666666667,ROUTE_UCSFMedicalCenter,0.4302147365719568,4.841666666666667,ROUTE_UCSFMedicalCenter,0.4302147365719568,4.841666666666667
37.94333333330663,-122.33361111106636,257.1227836656512,LVO,ROUTE_KaiserFoundationHospitalRichmondCampus,0.32734294144,5.6466666666666665,ROUTE_KaiserFoundationHospitalRichmondCampus,0.32734294144,5.6466666666666665,ROUTE_CPMCDaviesCampusSutter,0.32734294144,32.126666666666665,ROUTE_KaiserFoundationHospitalRichmondCampus,0.32734294144,5.6466666666666665
37.99611111108445,-122.3533333332886,156.22422078540177,HEMORRHAGIC,ROUTE_JohnMuirMedicalCenterWalnutCreekCampus,0.34032366063306463,37.388333333333335,ROUTE_KaiserFoundationHospitalRichmondCampus,0.34482590014462394,12.296666666666665,ROUTE_JohnMuirMedicalCenterWalnutCreekCampus,0.34032366063306463,37.388333333333335,ROUTE_KaiserFoundationHospitalRichmondCampus,0.34482590014462394,12.296666666666665
37.723055555528674,-121.93027777773271,122.56967317382318,LVO,ROUTE_SutterEdenMedicalCenter,0.4122370836548355,20.19,ROUTE_SanRamonRegionalMedicalCenter,0.35100871428136526,12.305,ROUTE_SutterEdenMedicalCenter,0.4122370836548355,20.19,ROUTE_SanRamonRegionalMedicalCenter,0.35100871428136526,12.305
38.01611111108447,-121.89888888884379,196.45329134639962,HEMORRHAGIC,ROUTE_JohnMuirMedicalCenterConcordCampus,0.3372643409556364,14.511666666666667,ROUTE_SutterDeltaMedicalCenter,0.32734294144,12.036666666666667,ROUTE_JohnMuirMedicalCenterWalnutCreekCampus,0.33575551971161116,23.163333333333334,ROUTE_JohnMuirMedicalCenterConcordCampus,0.3372643409556364,14.511666666666667
37.725833333306454,-122.44249999995533,198.88477378571295,LVO,ROUTE_CPMCMissionBernalCampusSutter,0.3383778131328893,5.736666666666666,ROUTE_CPMCMissionBernalCampusSutter,0.3383778131328893,5.736666666666666,ROUTE_CPMCDaviesCampusSutter,0.33727732582187114,12.006666666666666,ROUTE_CPMCMissionBernalCampusSutter,0.3383778131328893,5.736666666666666
37.54583333330631,-122.012499999955,212.35328655809806,LVO,ROUTE_WashingtonHospitalHealthcareSystem,0.33528223374142246,9.99,ROUTE_WashingtonHospitalHealthcareSystem,0.33528223374142246,9.99,ROUTE_SutterEdenMedicalCenter,0.32734294144,21.908333333333335,ROUTE_WashingtonHospitalHealthcareSystem,0.33528223374142246,9.99
38.24888888886243,-122.61888888884437,98.846509350125,NLVO,ROUTE_UCSFMedicalCenter,0.4081110802922402,61.99166666666667,ROUTE_PetalumaValleyHospitalProvidence,0.35684529649712626,5.0649999999999995,ROUTE_UCSFMedicalCenter,0.4081110802922402,61.99166666666667,ROUTE_PetalumaValleyHospitalProvidence,0.35684529649712626,5.0649999999999995
37.66805555552863,-122.11666666662174,222.06996233404308,LVO,ROUTE_StRoseHospital,0.32734294144,7.696666666666667,ROUTE_StRoseHospital,0.32734294144,7.696666666666667,ROUTE_SutterEdenMedicalCenter,0.32734294144,13.053333333333335,ROUTE_KaiserFoundationHospitalSanLeandro,0.32734294144,11.360000000000001
37.53444444441742,-122.28527777773299,161.52740923048626,LVO,ROUTE_KaiserFoundationHospitalRedwoodCity,0.4046966276163123,14.376666666666667,ROUTE_SanMateoMedicalCenter,0.32734294144,7.694999999999999,ROUTE_KaiserFoundationHospitalRedwoodCity,0.4046966276163123,14.376666666666667,ROUTE_KaiserFoundationHospitalRedwoodCity,0.4046966276163123,14.376666666666667
37.976111111084435,-122.0072222221772,123.40194295183339,LVO,ROUTE_JohnMuirMedicalCenterWalnutCreekCampus,0.4132117509488123,15.106666666666666,ROUTE_JohnMuirMedicalCenterConcordCampus,0.35190126949366723,6.6883333333333335,ROUTE_JohnMuirMedicalCenterWalnutCreekCampus,0.4132117509488123,15.106666666666666,ROUTE_JohnMuirMedicalCenterConcordCampus,0.35190126949366723,6.6883333333333335
37.81666666663986,-122.25916666662185,155.71268291204177,LVO,ROUTE_SutterEdenMedicalCenter,0.4047037194960725,20.16,ROUTE_AltaBatesSummitMedicalCenterSummitCampus,0.3466102815135451,3.0050000000000003,ROUTE_SutterEdenMedicalCenter,0.4047037194960725,20.16,ROUTE_AltaBatesSummitMedicalCenterSummitCampus,0.3466102815135451,3.0050000000000003
37.737222222195356,-122.42749999995533,98.66116066110912,MIMIC,ROUTE_CPMCDaviesCampusSutter,0.42005839914292964,10.19,ROUTE_CPMCMissionBernalCampusSutter,0.3570425876961488,4.216666666666667,ROUTE_CPMCDaviesCampusSutter,0.42005839914292964,10.19,ROUTE_CPMCMissionBernalCampusSutter,0.3570425876961488,4.216666666666667
37.81583333330653,-121.97444444439941,36.78504586340948,LVO,ROUTE_JohnMuirMedicalCenterWalnutCreekCampus,0.4324598729385384,19.176666666666666,ROUTE_SanRamonRegionalMedicalCenter,0.4266815604952392,11.770000000000001,ROUTE_JohnMuirMedicalCenterWalnutCreekCampus,0.4324598729385384,19.176666666666666,ROUTE_SanRamonRegionalMedicalCenter,0.4266815604952392,11.770000000000001
37.76333333330649,-121.97194444439941,74.94372835941667,HEMORRHAGIC,ROUTE_SutterEdenMedicalCenter,0.42297718646641097,21.366666666666667,ROUTE_SanRamonRegionalMedicalCenter,0.3610447082829632,7.14,ROUTE_SutterEdenMedicalCenter,0.42297718646641097,21.366666666666667,ROUTE_SanRamonRegionalMedicalCenter,0.3610447082829632,7.14
37.914999999973276,-122.08166666662171,158.80500833640943,MIMIC,ROUTE_JohnMuirMedicalCenterWalnutCreekCampus,0.40594614936932805,11.575,ROUTE_KaiserFoundationHospitalWalnutCreek,0.3446870934145038,10.481666666666666,ROUTE_JohnMuirMedicalCenterWalnutCreekCampus,0.40594614936932805,11.575,ROUTE_KaiserFoundationHospitalWalnutCreek,0.3446870934145038,10.481666666666666
37.65666666663974,-121.91249999995492,74.53319562195813,LVO,ROUTE_SutterEdenMedicalCenter,0.42306701950867476,21.391666666666666,ROUTE_StanfordHealthCareTriValley,0.3604335412229212,10.705,ROUTE_SutterEdenMedicalCenter,0.42306701950867476,21.391666666666666,ROUTE_StanfordHealthCareTriValley,0.3604335412229212,10.705
38.2947222221958,-122.2169444443996,220.33566306686444,NLVO,ROUTE_ProvidenceQueenOfTheValleyMedicalCenter,0.32734294144,16.365,ROUTE_ProvidenceQueenOfTheValleyMedicalCenter,0.32734294144,16.365,ROUTE_JohnMuirMedicalCenterWalnutCreekCampus,0.32734294144,59.27166666666667,ROUTE_ProvidenceQueenOfTheValleyMedicalCenter,0.32734294144,16.365
37.98333333330666,-122.1083333332884,225.5460155105768,HEMORRHAGIC,ROUTE_ContraCostaRegionalMedicalCenter,0.32734294144,9.155,ROUTE_ContraCostaRegionalMedicalCenter,0.32734294144,9.155,ROUTE_JohnMuirMedicalCenterWalnutCreekCampus,0.32734294144,19.331666666666667,ROUTE_JohnMuirMedicalCenterConcordCampus,0.32734294144,11.79
37.80222222219541,-122.22277777773294,102.05080542150735,LVO,ROUTE_SutterEdenMedicalCenter,0.4173285637175684,18.583333333333332,ROUTE_HighlandHospitalWilmaChanCampus,0.3567257729686242,2.4883333333333337,ROUTE_SutterEdenMedicalCenter,0.4173285637175684,18.583333333333332,ROUTE_HighlandHospitalWilmaChanCampus,0.3567257729686242,2.4883333333333337
38.24916666664021,-122.0402777777328,79.94507594490625,LVO,ROUTE_JohnMuirMedicalCenterWalnutCreekCampus,0.41734040440617215,40.638333333333335,ROUTE_NorthBayMedicalCenter,0.3601453929905564,6.783333333333333,ROUTE_JohnMuirMedicalCenterWalnutCreekCampus,0.41734040440617215,40.638333333333335,ROUTE_NorthBayMedicalCenter,0.3601453929905564,6.783333333333333
37.795555555528736,-122.40777777773309,259.4222742897773,NLVO,ROUTE_ChineseHospital,0.32734294144,0.7933333333333333,ROUTE_ChineseHospital,0.32734294144,0.7933333333333333,ROUTE_CPMCDaviesCampusSutter,0.32734294144,11.014999999999999,ROUTE_ChineseHospital,0.32734294144,0.7933333333333333
37.97444444441777,-121.77999999995481,41.29458730622887,HEMORRHAGIC,ROUTE_JohnMuirMedicalCenterWalnutCreekCampus,0.42781106696929383,34.373333333333335,ROUTE_SutterDeltaMedicalCenter,0.40500598671868143,6.2716666666666665,ROUTE_JohnMuirMedicalCenterWalnutCreekCampus,0.42781106696929383,34.373333333333335,ROUTE_KaiserFoundationHospitalAntioch,0.4257726381858596,6.3966666666666665
37.591111111084125,-122.08361111106616,124.36328691628992,LVO,ROUTE_SutterEdenMedicalCenter,0.4114112785965429,22.005,ROUTE_StRoseHospital,0.32734294144,11.503333333333334,ROUTE_SutterEdenMedicalCenter,0.4114112785965429,22.005,ROUTE_KaiserFoundationHospitalSanLeandro,0.3491906514845922,20.311666666666667
37.67972222219531,-121.87055555551044,116.53977830320825,HEMORRHAGIC,ROUTE_SutterEdenMedicalCenter,0.4127403586851034,24.025,ROUTE_StanfordHealthCareTriValley,0.35327867304070626,6.203333333333333,ROUTE_SutterEdenMedicalCenter,0.4127403586851034,24.025,ROUTE_StanfordHealthCareTriValley,0.35327867304070626,6.203333333333333
38.177499999973485,-122.53027777773319,176.41377793421634,MIMIC,ROUTE_NovatoCommunityHospitalSutter,0.340394903071847,16.798333333333332,ROUTE_NovatoCommunityHospitalSutter,0.340394903071847,16.798333333333332,ROUTE_JohnMuirMedicalCenterWalnutCreekCampus,0.32734294144,56.42166666666667,ROUTE_NovatoCommunityHospitalSutter,0.340394903071847,16.798333333333332
37.99499999997334,-121.896111111066,36.385143755655456,LVO,ROUTE_JohnMuirMedicalCenterWalnutCreekCampus,0.4322391919147221,20.508333333333333,ROUTE_SutterDeltaMedicalCenter,0.4048211600561116,12.0,ROUTE_JohnMuirMedicalCenterWalnutCreekCampus,0.4322391919147221,20.508333333333333,ROUTE_JohnMuirMedicalCenterConcordCampus,0.42658224622648633,14.475
37.77722222219539,-122.27861111106631,177.14808238268415,LVO,ROUTE_SutterEdenMedicalCenter,0.33869126619018575,25.691666666666666,ROUTE_AlamedaHospital,0.3419474929543416,7.355,ROUTE_SutterEdenMedicalCenter,0.33869126619018575,25.691666666666666,ROUTE_AlamedaHospital,0.3419474929543416,7.355
37.6444444444175,-122.47222222217758,56.03714922304274,LVO,ROUTE_MillsPeninsulaMedicalCenterSutter,0.4286550318420089,16.043333333333333,ROUTE_AHMCSetonMedicalCenter,0.4232289869144431,8.693333333333333,ROUTE_MillsPeninsulaMedicalCenterSutter,0.4286550318420089,16.043333333333333,ROUTE_AHMCSetonMedicalCenter,0.4232289869144431,8.693333333333333
37.823333333306536,-122.24305555551074,168.37678268056965,LVO,ROUTE_SutterEdenMedicalCenter,0.3408306285301416,22.384999999999998,ROUTE_KaiserFoundationHospitalOaklandRichmond,0.343991163848934,4.758333333333334,ROUTE_SutterEdenMedicalCenter,0.3408306285301416,22.384999999999998,ROUTE_KaiserFoundationHospitalOaklandRichmond,0.343991163848934,4.758333333333334
37.384166666639516,-122.12305555551063,46.69396693145896,LVO,ROUTE_StanfordHealthCare,0.4310193328910633,15.360000000000001,ROUTE_StanfordHealthCare,0.4310193328910633,15.360000000000001,ROUTE_StanfordHealthCare,0.4310193328910633,15.360000000000001,ROUTE_StanfordHealthCare,0.4310193328910633,15.360000000000001
37.33527777775059,-122.08722222217727,148.0066075474253,HEMORRHAGIC,ROUTE_KaiserFoundationHospitalSantaClara,0.4071282477652475,17.158333333333335,ROUTE_KaiserFoundationHospitalSantaClara,0.4071282477652475,17.158333333333335,ROUTE_KaiserFoundationHospitalSantaClara,0.4071282477652475,17.158333333333335,ROUTE_KaiserFoundationHospitalSantaClara,0.4071282477652475,17.158333333333335
37.74999999997314,-122.42972222217755,139.95985662483653,NLVO,ROUTE_CPMCDaviesCampusSutter,0.41145590823874506,6.213333333333334,ROUTE_CPMCMissionBernalCampusSutter,0.34952293831487413,2.9166666666666665,ROUTE_CPMCDaviesCampusSutter,0.41145590823874506,6.213333333333334,ROUTE_CPMCMissionBernalCampusSutter,0.34952293831487413,2.9166666666666665
37.73888888886202,-122.47499999995536,235.84389983689323,LVO,ROUTE_UCSFMedicalCenter,0.32734294144,7.383333333333334,ROUTE_UCSFMedicalCenter,0.32734294144,7.383333333333334,ROUTE_UCSFMedicalCenter,0.32734294144,7.383333333333334,ROUTE_UCSFMedicalCenter,0.32734294144,7.383333333333334
37.759999999973154,-122.1891666666218,149.6585035704689,LVO,ROUTE_SutterEdenMedicalCenter,0.4065845464647426,17.903333333333332,ROUTE_KaiserFoundationHospitalSanLeandro,0.3460683758690161,12.028333333333334,ROUTE_SutterEdenMedicalCenter,0.4065845464647426,17.903333333333332,ROUTE_KaiserFoundationHospitalSanLeandro,0.3460683758690161,12.028333333333334
37.823333333306536,-122.25027777773296,43.30088865503977,HEMORRHAGIC,ROUTE_SutterEdenMedicalCenter,0.43049768697580537,20.961666666666666,ROUTE_KaiserFoundationHospitalOaklandRichmond,0.4271548679311704,3.5383333333333336,ROUTE_SutterEdenMedicalCenter,0.43049768697580537,20.961666666666666,ROUTE_KaiserFoundationHospitalOaklandRichmond,0.4271548679311704,3.5383333333333336
37.754444444417594,-121.95333333328828,118.29507211087375,LVO,ROUTE_SutterEdenMedicalCenter,0.4123354697871304,24.035,ROUTE_SanRamonRegionalMedicalCenter,0.3522594303838614,9.879999999999999,ROUTE_SutterEdenMedicalCenter,0.4123354697871304,24.035,ROUTE_SanRamonRegionalMedicalCenter,0.3522594303838614,9.879999999999999
37.934444444417736,-122.35527777773305,198.07224789547936,LVO,ROUTE_KaiserFoundationHospitalRichmondCampus,0.33893245156648244,3.4,ROUTE_KaiserFoundationHospitalRichmondCampus,0.33893245156648244,3.4,ROUTE_CPMCDaviesCampusSutter,0.32734294144,33.513333333333335,ROUTE_KaiserFoundationHospitalRichmondCampus,0.33893245156648244,3.4
37.428611111083995,-121.86999999995489,118.97983859023411,LVO,ROUTE_RegionalMedicalCenterOfSanJose,0.4147106347959944,13.006666666666666,ROUTE_RegionalMedicalCenterOfSanJose,0.4147106347959944,13.006666666666666,ROUTE_RegionalMedicalCenterOfSanJose,0.4147106347959944,13.006666666666666,ROUTE_RegionalMedicalCenterOfSanJose,0.4147106347959944,13.006666666666666
37.99638888886223,-121.71999999995477,225.35336698530307,HEMORRHAGIC,ROUTE_KaiserFoundationHospitalAntioch,0.32734294144,16.396666666666665,ROUTE_KaiserFoundationHospitalAntioch,0.32734294144,16.396666666666665,ROUTE_JohnMuirMedicalCenterWalnutCreekCampus,0.32734294144,38.005,ROUTE_KaiserFoundationHospitalAntioch,0.32734294144,16.396666666666665
37.765555555528714,-122.17361111106624,149.05645376588194,LVO,ROUTE_SutterEdenMedicalCenter,0.4070885297810919,16.283333333333335,ROUTE_HighlandHospitalWilmaChanCampus,0.3463750715456436,10.948333333333332,ROUTE_SutterEdenMedicalCenter,0.4070885297810919,16.283333333333335,ROUTE_HighlandHospitalWilmaChanCampus,0.3463750715456436,10.948333333333332
37.541944444417425,-121.94277777773272,250.02364270063748,HEMORRHAGIC,ROUTE_KaiserFoundationHospitalFremont,0.32734294144,7.085,ROUTE_KaiserFoundationHospitalFremont,0.32734294144,7.085,ROUTE_RegionalMedicalCenterOfSanJose,0.32734294144,21.683333333333334,ROUTE_KaiserFoundationHospitalFremont,0.32734294144,7.085
37.91277777775105,-122.0780555555106,150.84523104490842,HEMORRHAGIC,ROUTE_JohnMuirMedicalCenterWalnutCreekCampus,0.407704496446342,11.781666666666666,ROUTE_KaiserFoundationHospitalWalnutCreek,0.34609589120033707,10.69,ROUTE_JohnMuirMedicalCenterWalnutCreekCampus,0.407704496446342,11.781666666666666,ROUTE_KaiserFoundationHospitalWalnutCreek,0.34609589120033707,10.69
37.734999999973134,-122.49777777773316,245.10907413023057,HEMORRHAGIC,ROUTE_UCSFMedicalCenter,0.32734294144,12.728333333333333,ROUTE_UCSFMedicalCenter,0.32734294144,12.728333333333333,ROUTE_UCSFMedicalCenter,0.32734294144,12.728333333333333,ROUTE_UCSFMedicalCenter,0.32734294144,12.728333333333333
37.561388888861885,-122.31111111106634,157.42952014794355,HEMORRHAGIC,ROUTE_MillsPeninsulaMedicalCenterSutter,0.40599574055877174,12.731666666666666,ROUTE_SanMateoMedicalCenter,0.32734294144,10.514999999999999,ROUTE_MillsPeninsulaMedicalCenterSutter,0.40599574055877174,12.731666666666666,ROUTE_MillsPeninsulaMedicalCenterSutter,0.40599574055877174,12.731666666666666
37.46999999997292,-122.14333333328842,138.2502526633123,LVO,ROUTE_KaiserFoundationHospitalRedwoodCity,0.41075151558734097,11.003333333333334,ROUTE_KaiserFoundationHospitalRedwoodCity,0.41075151558734097,11.003333333333334,ROUTE_KaiserFoundationHospitalRedwoodCity,0.41075151558734097,11.003333333333334,ROUTE_KaiserFoundationHospitalRedwoodCity,0.41075151558734097,11.003333333333334
37.72972222219535,-122.46888888884425,80.79408608647047,LVO,ROUTE_UCSFMedicalCenter,0.4243739658721697,9.535,ROUTE_AHMCSetonMedicalCenter,0.3595014698233742,9.270000000000001,ROUTE_UCSFMedicalCenter,0.4243739658721697,9.535,ROUTE_AHMCSetonMedicalCenter,0.3595014698233742,9.270000000000001
37.42055555552844,-122.15083333328843,117.35476765840309,HEMORRHAGIC,ROUTE_StanfordHealthCare,0.41601143002108326,8.985000000000001,ROUTE_StanfordHealthCare,0.41601143002108326,8.985000000000001,ROUTE_StanfordHealthCare,0.41601143002108326,8.985000000000001,ROUTE_StanfordHealthCare,0.41601143002108326,8.985000000000001
37.971944444417765,-122.34416666662193,183.2127956769517,HEMORRHAGIC,ROUTE_KaiserFoundationHospitalRichmondCampus,0.3403413176605879,10.301666666666668,ROUTE_KaiserFoundationHospitalRichmondCampus,0.3403413176605879,10.301666666666668,ROUTE_JohnMuirMedicalCenterWalnutCreekCampus,0.3357947047996578,36.17833333333333,ROUTE_KaiserFoundationHospitalRichmondCampus,0.3403413176605879,10.301666666666668
37.43444444441734,-122.25027777773296,167.9488523955393,HEMORRHAGIC,ROUTE_StanfordHealthCare,0.3417359989184779,17.736666666666668,ROUTE_SequoiaHospital,0.3420037535579182,16.24,ROUTE_StanfordHealthCare,0.3417359989184779,17.736666666666668,ROUTE_SequoiaHospital,0.3420037535579182,16.24
37.773055555528714,-121.92083333328826,203.49753160019694,LVO,ROUTE_SanRamonRegionalMedicalCenter,0.33710164303540524,8.398333333333333,ROUTE_SanRamonRegionalMedicalCenter,0.33710164303540524,8.398333333333333,ROUTE_JohnMuirMedicalCenterWalnutCreekCampus,0.32734294144,26.513333333333332,ROUTE_SanRamonRegionalMedicalCenter,0.33710164303540524,8.398333333333333
38.00888888886224,-121.8747222221771,60.18723927183464,HEMORRHAGIC,ROUTE_JohnMuirMedicalCenterWalnutCreekCampus,0.4257071492236389,24.446666666666665,ROUTE_SutterDeltaMedicalCenter,0.3391670252426137,11.035,ROUTE_JohnMuirMedicalCenterWalnutCreekCampus,0.4257071492236389,24.446666666666665,ROUTE_JohnMuirMedicalCenterConcordCampus,0.3622573139791762,15.661666666666667
37.664722222195294,-121.84388888884375,254.5804726300273,NLVO,ROUTE_StanfordHealthCareTriValley,0.32734294144,11.238333333333333,ROUTE_StanfordHealthCareTriValley,0.32734294144,11.238333333333333,ROUTE_SutterEdenMedicalCenter,0.32734294144,27.796666666666667,ROUTE_StanfordHealthCareTriValley,0.32734294144,11.238333333333333
37.668333333306414,-122.09777777773284,102.81228883489581,HEMORRHAGIC,ROUTE_SutterEdenMedicalCenter,0.41870673312759155,11.866666666666667,ROUTE_StRoseHospital,0.32734294144,8.493333333333334,ROUTE_SutterEdenMedicalCenter,0.41870673312759155,11.866666666666667,ROUTE_KaiserFoundationHospitalSanLeandro,0.3548411732581622,11.646666666666667
37.793333333306514,-121.90666666662158,260.979769976444,MIMIC,ROUTE_SanRamonRegionalMedicalCenter,0.32734294144,14.305,ROUTE_SanRamonRegionalMedicalCenter,0.32734294144,14.305,ROUTE_JohnMuirMedicalCenterWalnutCreekCampus,0.32734294144,27.316666666666666,ROUTE_SanRamonRegionalMedicalCenter,0.32734294144,14.305
38.449999999973706,-121.84472222217708,192.87635242801645,LVO,ROUTE_KaiserFoundationHospitalVacaville,0.3381831561859386,12.851666666666667,ROUTE_KaiserFoundationHospitalVacaville,0.3381831561859386,12.851666666666667,ROUTE_JohnMuirMedicalCenterWalnutCreekCampus,0.32734294144,59.78,ROUTE_KaiserFoundationHospitalVacaville,0.3381831561859386,12.851666666666667
37.78555555552873,-122.41361111106643,92.24272085401552,HEMORRHAGIC,ROUTE_CPMCDaviesCampusSutter,0.4217868506826128,9.173333333333334,ROUTE_UCSFHealthHydeHospital,0.3585070192779453,2.9883333333333337,ROUTE_CPMCDaviesCampusSutter,0.4217868506826128,9.173333333333334,ROUTE_UCSFHealthHydeHospital,0.3585070192779453,2.9883333333333337
37.981666666639995,-122.0805555555106,236.85198878503869,HEMORRHAGIC,ROUTE_JohnMuirMedicalCenterConcordCampus,0.32734294144,10.851666666666667,ROUTE_JohnMuirMedicalCenterConcordCampus,0.32734294144,10.851666666666667,ROUTE_JohnMuirMedicalCenterWalnutCreekCampus,0.32734294144,15.93,ROUTE_JohnMuirMedicalCenterConcordCampus,0.32734294144,10.851666666666667
37.511944444417395,-122.31944444439968,40.49400014960342,HEMORRHAGIC,ROUTE_MillsPeninsulaMedicalCenterSutter,0.43260022822367145,14.875,ROUTE_SanMateoMedicalCenter,0.40409506694887926,10.565,ROUTE_MillsPeninsulaMedicalCenterSutter,0.43260022822367145,14.875,ROUTE_MillsPeninsulaMedicalCenterSutter,0.43260022822367145,14.875
37.75499999997315,-122.41027777773309,129.7131227418585,LVO,ROUTE_CPMCDaviesCampusSutter,0.41327669552732005,8.513333333333334,ROUTE_ZuckerbergSanFranciscoGeneralHospital,0.3515081603831292,2.481666666666667,ROUTE_CPMCDaviesCampusSutter,0.41327669552732005,8.513333333333334,ROUTE_ZuckerbergSanFranciscoGeneralHospital,0.3515081603831292,2.481666666666667
37.917777777751056,-121.99138888884387,169.46259775127282,LVO,ROUTE_JohnMuirMedicalCenterWalnutCreekCampus,0.3421469931979724,13.926666666666668,ROUTE_JohnMuirMedicalCenterWalnutCreekCampus,0.3421469931979724,13.926666666666668,ROUTE_JohnMuirMedicalCenterWalnutCreekCampus,0.3421469931979724,13.926666666666668,ROUTE_JohnMuirMedicalCenterWalnutCreekCampus,0.3421469931979724,13.926666666666668
37.86861111108435,-122.297777777733,264.0707535037045,LVO,ROUTE_AltaBatesSummitMedicalCenterSummitCampus,0.32734294144,10.878333333333334,ROUTE_AltaBatesSummitMedicalCenterSummitCampus,0.32734294144,10.878333333333334,ROUTE_CPMCDaviesCampusSutter,0.32734294144,26.56,ROUTE_AltaBatesSummitMedicalCenterSummitCampus,0.32734294144,10.878333333333334
37.723888888862014,-121.9252777777327,169.7295443342863,LVO,ROUTE_SutterEdenMedicalCenter,0.34101044062428615,20.021666666666665,ROUTE_SanRamonRegionalMedicalCenter,0.3422011539897188,13.356666666666666,ROUTE_SutterEdenMedicalCenter,0.34101044062428615,20.021666666666665,ROUTE_SanRamonRegionalMedicalCenter,0.3422011539897188,13.356666666666666
37.56444444441744,-122.30222222217745,171.65357819342753,HEMORRHAGIC,ROUTE_MillsPeninsulaMedicalCenterSutter,0.3425161720122144,9.675,ROUTE_MillsPeninsulaMedicalCenterSutter,0.3425161720122144,9.675,ROUTE_MillsPeninsulaMedicalCenterSutter,0.3425161720122144,9.675,ROUTE_MillsPeninsulaMedicalCenterSutter,0.3425161720122144,9.675
37.574999999973,-122.32333333328857,214.3749462844186,HEMORRHAGIC,ROUTE_SanMateoMedicalCenter,0.32734294144,10.96,ROUTE_SanMateoMedicalCenter,0.32734294144,10.96,ROUTE_MillsPeninsulaMedicalCenterSutter,0.32734294144,11.536666666666667,ROUTE_MillsPeninsulaMedicalCenterSutter,0.32734294144,11.536666666666667
37.3983333333062,-121.98972222217719,136.09142578502818,MIMIC,ROUTE_KaiserFoundationHospitalSantaClara,0.41052004196304565,14.175,ROUTE_KaiserFoundationHospitalSantaClara,0.41052004196304565,14.175,ROUTE_KaiserFoundationHospitalSantaClara,0.41052004196304565,14.175,ROUTE_KaiserFoundationHospitalSantaClara,0.41052004196304565,14.175
37.96194444441776,-122.03416666662167,141.27468089833786,LVO,ROUTE_JohnMuirMedicalCenterWalnutCreekCampus,0.410169572575309,10.526666666666667,ROUTE_JohnMuirMedicalCenterConcordCampus,0.34861061272708305,6.543333333333334,ROUTE_JohnMuirMedicalCenterWalnutCreekCampus,0.410169572575309,10.526666666666667,ROUTE_JohnMuirMedicalCenterConcordCampus,0.34861061272708305,6.543333333333334
37.52361111108407,-122.32499999995524,150.1361036355242,LVO,ROUTE_MillsPeninsulaMedicalCenterSutter,0.4071492042695003,14.936666666666667,ROUTE_SanMateoMedicalCenter,0.32734294144,7.08,ROUTE_MillsPeninsulaMedicalCenterSutter,0.4071492042695003,14.936666666666667,ROUTE_MillsPeninsulaMedicalCenterSutter,0.4071492042695003,14.936666666666667
37.95472222219553,-122.36611111106639,97.10745902376107,HEMORRHAGIC,ROUTE_CPMCDaviesCampusSutter,0.41431227039830754,36.61,ROUTE_KaiserFoundationHospitalRichmondCampus,0.3572997311075844,4.425,ROUTE_CPMCDaviesCampusSutter,0.41431227039830754,36.61,ROUTE_KaiserFoundationHospitalRichmondCampus,0.3572997311075844,4.425
37.46944444441736,-122.13083333328842,102.81333740855348,MIMIC,ROUTE_KaiserFoundationHospitalRedwoodCity,0.4183200418252298,13.535,ROUTE_KaiserFoundationHospitalRedwoodCity,0.4183200418252298,13.535,ROUTE_KaiserFoundationHospitalRedwoodCity,0.4183200418252298,13.535,ROUTE_KaiserFoundationHospitalRedwoodCity,0.4183200418252298,13.535
37.782222222195394,-122.48777777773316,50.95465400993149,LVO,ROUTE_UCSFMedicalCenter,0.4311889480710573,10.381666666666666,ROUTE_KaiserFoundationHospitalSanFrancisco,0.42496485434212133,9.281666666666666,ROUTE_UCSFMedicalCenter,0.4311889480710573,10.381666666666666,ROUTE_KaiserFoundationHospitalSanFrancisco,0.42496485434212133,9.281666666666666
37.75694444441759,-122.41222222217753,188.05718193039098,LVO,ROUTE_CPMCDaviesCampusSutter,0.34001796802182144,7.278333333333333,ROUTE_ZuckerbergSanFranciscoGeneralHospital,0.34080178214629936,2.8666666666666667,ROUTE_CPMCDaviesCampusSutter,0.34001796802182144,7.278333333333333,ROUTE_ZuckerbergSanFranciscoGeneralHospital,0.34080178214629936,2.8666666666666667
37.50111111108406,-121.92361111106604,193.23400494485654,LVO,ROUTE_RegionalMedicalCenterOfSanJose,0.3375187481946857,16.278333333333332,ROUTE_KaiserFoundationHospitalFremont,0.3377465432407371,14.979999999999999,ROUTE_RegionalMedicalCenterOfSanJose,0.3375187481946857,16.278333333333332,ROUTE_KaiserFoundationHospitalFremont,0.3377465432407371,14.979999999999999
37.36361111108395,-122.05861111106614,268.6651098988159,LVO,ROUTE_ElCaminoHealthMountainView,0.32734294144,10.566666666666666,ROUTE_ElCaminoHealthMountainView,0.32734294144,10.566666666666666,ROUTE_ElCaminoHealthMountainView,0.32734294144,10.566666666666666,ROUTE_ElCaminoHealthMountainView,0.32734294144,10.566666666666666
38.293055555529136,-121.97916666662164,145.28714753756856,LVO,ROUTE_JohnMuirMedicalCenterWalnutCreekCampus,0.33964684898461533,52.14333333333333,ROUTE_NorthBayVacaValleyHospital,0.3460529776151279,16.483333333333334,ROUTE_JohnMuirMedicalCenterWalnutCreekCampus,0.33964684898461533,52.14333333333333,ROUTE_NorthBayVacaValleyHospital,0.3460529776151279,16.483333333333334
38.0472222221956,-122.20722222217736,119.68719966236304,NLVO,ROUTE_JohnMuirMedicalCenterWalnutCreekCampus,0.4103164177173726,31.471666666666668,ROUTE_SutterSolanoMedicalCenter,0.35054703431149714,17.668333333333333,ROUTE_JohnMuirMedicalCenterWalnutCreekCampus,0.4103164177173726,31.471666666666668,ROUTE_SutterSolanoMedicalCenter,0.35054703431149714,17.668333333333333
37.98361111108444,-121.7813888888437,136.8220858754234,HEMORRHAGIC,ROUTE_JohnMuirMedicalCenterWalnutCreekCampus,0.40637292759800375,31.673333333333336,ROUTE_SutterDeltaMedicalCenter,0.32734294144,4.6016666666666675,ROUTE_JohnMuirMedicalCenterWalnutCreekCampus,0.40637292759800375,31.673333333333336,ROUTE_KaiserFoundationHospitalAntioch,0.3494622069628334,6.383333333333334
37.84388888886211,-122.2372222221774,254.78164877937743,HEMORRHAGIC,ROUTE_AltaBatesSummitMedicalCenterAltaBatesCampus,0.32734294144,7.858333333333333,ROUTE_AltaBatesSummitMedicalCenterAltaBatesCampus,0.32734294144,7.858333333333333,ROUTE_SutterEdenMedicalCenter,0.32734294144,21.051666666666666,ROUTE_KaiserFoundationHospitalOaklandRichmond,0.32734294144,10.5
37.5838888888619,-122.06638888884393,132.97440671062142,HEMORRHAGIC,ROUTE_SutterEdenMedicalCenter,0.40931488679424777,22.575,ROUTE_StRoseHospital,0.32734294144,13.413333333333332,ROUTE_SutterEdenMedicalCenter,0.40931488679424777,22.575,ROUTE_WashingtonHospitalHealthcareSystem,0.34786743891603433,18.881666666666668
37.67888888886198,-122.49277777773315,33.0445420945819,LVO,ROUTE_MillsPeninsulaMedicalCenterSutter,0.4330676612837697,20.35,ROUTE_AHMCSetonMedicalCenter,0.42894663347446976,7.571666666666667,ROUTE_MillsPeninsulaMedicalCenterSutter,0.4330676612837697,20.35,ROUTE_AHMCSetonMedicalCenter,0.42894663347446976,7.571666666666667
37.721944444417566,-122.45111111106645,105.23191377106484,HEMORRHAGIC,ROUTE_UCSFMedicalCenter,0.41770374042563824,13.78,ROUTE_CPMCMissionBernalCampusSutter,0.3551572178343,7.558333333333334,ROUTE_UCSFMedicalCenter,0.41770374042563824,13.78,ROUTE_CPMCMissionBernalCampusSutter,0.3551572178343,7.558333333333334
37.654999999973064,-122.07472222217727,168.0462478923005,NLVO,ROUTE_SutterEdenMedicalCenter,0.3424190822217822,13.825,ROUTE_StRoseHospital,0.32734294144,9.463333333333333,ROUTE_SutterEdenMedicalCenter,0.3424190822217822,13.825,ROUTE_SutterEdenMedicalCenter,0.3424190822217822,13.825
37.99916666664001,-121.86305555551043,54.936038212163886,LVO,ROUTE_JohnMuirMedicalCenterWalnutCreekCampus,0.4263999884207981,26.741666666666667,ROUTE_SutterDeltaMedicalCenter,0.3399880563237319,11.646666666666667,ROUTE_JohnMuirMedicalCenterWalnutCreekCampus,0.4263999884207981,26.741666666666667,ROUTE_KaiserFoundationHospitalAntioch,0.36304399854117875,16.883333333333333
37.38111111108396,-122.05055555551058,33.6822793247556,HEMORRHAGIC,ROUTE_ElCaminoHealthMountainView,0.4352175864225444,10.651666666666667,ROUTE_ElCaminoHealthMountainView,0.4352175864225444,10.651666666666667,ROUTE_ElCaminoHealthMountainView,0.4352175864225444,10.651666666666667,ROUTE_ElCaminoHealthMountainView,0.4352175864225444,10.651666666666667
37.45277777775068,-122.16277777773288,132.08859759747088,HEMORRHAGIC,ROUTE_StanfordHealthCare,0.4126287078939924,8.963333333333333,ROUTE_StanfordHealthCare,0.4126287078939924,8.963333333333333,ROUTE_StanfordHealthCare,0.4126287078939924,8.963333333333333,ROUTE_StanfordHealthCare,0.4126287078939924,8.963333333333333
37.79499999997318,-122.25555555551074,57.986034003271584,LVO,ROUTE_SutterEdenMedicalCenter,0.42692018079779326,21.475,ROUTE_HighlandHospitalWilmaChanCampus,0.42369676308000775,4.14,ROUTE_SutterEdenMedicalCenter,0.42692018079779326,21.475,ROUTE_HighlandHospitalWilmaChanCampus,0.42369676308000775,4.14
37.94805555552886,-122.06555555551058,212.8133164623402,LVO,ROUTE_JohnMuirMedicalCenterConcordCampus,0.33564054971871876,7.465,ROUTE_JohnMuirMedicalCenterConcordCampus,0.33564054971871876,7.465,ROUTE_JohnMuirMedicalCenterWalnutCreekCampus,0.3351489908323736,10.3,ROUTE_JohnMuirMedicalCenterConcordCampus,0.33564054971871876,7.465
37.908055555528826,-122.29138888884411,95.32816765204771,NLVO,ROUTE_CPMCDaviesCampusSutter,0.4155196213002767,33.145,ROUTE_KaiserFoundationHospitalRichmondCampus,0.35561066803608904,15.071666666666665,ROUTE_CPMCDaviesCampusSutter,0.4155196213002767,33.145,ROUTE_KaiserFoundationHospitalRichmondCampus,0.35561066803608904,15.071666666666665
37.88194444441769,-122.26583333328853,47.6988530723269,HEMORRHAGIC,ROUTE_SutterEdenMedicalCenter,0.42692734404918276,31.73166666666667,ROUTE_AltaBatesSummitMedicalCenterAltaBatesCampus,0.4029248294725799,9.31,ROUTE_SutterEdenMedicalCenter,0.42692734404918276,31.73166666666667,ROUTE_KaiserFoundationHospitalOaklandRichmond,0.42288665973094164,17.163333333333334
37.41388888886176,-122.10749999995507,31.601329713409527,LVO,ROUTE_ElCaminoHealthMountainView,0.4346282455290915,15.215,ROUTE_ElCaminoHealthMountainView,0.4346282455290915,15.215,ROUTE_ElCaminoHealthMountainView,0.4346282455290915,15.215,ROUTE_ElCaminoHealthMountainView,0.4346282455290915,15.215
37.750277777750924,-121.89027777773268,220.4328637362,HEMORRHAGIC,ROUTE_SanRamonRegionalMedicalCenter,0.32734294144,14.254999999999999,ROUTE_SanRamonRegionalMedicalCenter,0.32734294144,14.254999999999999,ROUTE_SutterEdenMedicalCenter,0.32734294144,24.5,ROUTE_SanRamonRegionalMedicalCenter,0.32734294144,14.254999999999999
37.74638888886203,-122.40638888884419,47.368368056067865,LVO,ROUTE_CPMCDaviesCampusSutter,0.4319833454084343,10.606666666666666,ROUTE_ZuckerbergSanFranciscoGeneralHospital,0.42634415620931587,5.825,ROUTE_CPMCDaviesCampusSutter,0.4319833454084343,10.606666666666666,ROUTE_ZuckerbergSanFranciscoGeneralHospital,0.42634415620931587,5.825
37.86138888886212,-122.49333333328872,125.2036340197177,LVO,ROUTE_UCSFMedicalCenter,0.4103818047449732,25.668333333333333,ROUTE_MarinHealthMedicalCenter,0.3494480149193097,18.078333333333333,ROUTE_UCSFMedicalCenter,0.4103818047449732,25.668333333333333,ROUTE_MarinHealthMedicalCenter,0.3494480149193097,18.078333333333333
38.32527777775138,-122.27333333328853,158.77377606974167,MIMIC,ROUTE_ProvidenceQueenOfTheValleyMedicalCenter,0.34567575711387527,5.068333333333333,ROUTE_ProvidenceQueenOfTheValleyMedicalCenter,0.34567575711387527,5.068333333333333,ROUTE_JohnMuirMedicalCenterWalnutCreekCampus,0.33688804911384373,54.343333333333334,ROUTE_ProvidenceQueenOfTheValleyMedicalCenter,0.34567575711387527,5.068333333333333
37.44027777775067,-122.1499999999551,151.2916962039492,LVO,ROUTE_StanfordHealthCare,0.40856907811057114,7.533333333333333,ROUTE_StanfordHealthCare,0.40856907811057114,7.533333333333333,ROUTE_StanfordHealthCare,0.40856907811057114,7.533333333333333,ROUTE_StanfordHealthCare,0.40856907811057114,7.533333333333333
37.47333333330626,-122.23944444439962,268.18673261660535,HEMORRHAGIC,ROUTE_SequoiaHospital,0.32734294144,5.861666666666666,ROUTE_SequoiaHospital,0.32734294144,5.861666666666666,ROUTE_KaiserFoundationHospitalRedwoodCity,0.32734294144,8.048333333333334,ROUTE_SequoiaHospital,0.32734294144,5.861666666666666
37.974722222195545,-122.30194444439967,254.7292281406544,HEMORRHAGIC,ROUTE_KaiserFoundationHospitalRichmondCampus,0.32734294144,15.875,ROUTE_KaiserFoundationHospitalRichmondCampus,0.32734294144,15.875,ROUTE_JohnMuirMedicalCenterWalnutCreekCampus,0.32734294144,35.080000000000005,ROUTE_KaiserFoundationHospitalRichmondCampus,0.32734294144,15.875
37.81527777775097,-122.25972222217742,209.70581976315597,NLVO,ROUTE_AltaBatesSummitMedicalCenterSummitCampus,0.33676985256016817,4.088333333333334,ROUTE_AltaBatesSummitMedicalCenterSummitCampus,0.33676985256016817,4.088333333333334,ROUTE_SutterEdenMedicalCenter,0.32734294144,20.241666666666667,ROUTE_AltaBatesSummitMedicalCenterSummitCampus,0.33676985256016817,4.088333333333334
37.98222222219555,-122.09638888884395,44.54832337036315,HEMORRHAGIC,ROUTE_JohnMuirMedicalCenterWalnutCreekCampus,0.4307762718900463,18.535,ROUTE_ContraCostaRegionalMedicalCenter,0.4034344830732906,9.768333333333334,ROUTE_JohnMuirMedicalCenterWalnutCreekCampus,0.4307762718900463,18.535,ROUTE_JohnMuirMedicalCenterConcordCampus,0.42529547814593105,11.74
37.883055555528806,-122.05999999995502,120.68395219724468,LVO,ROUTE_JohnMuirMedicalCenterWalnutCreekCampus,0.41436600114248107,12.8,ROUTE_KaiserFoundationHospitalWalnutCreek,0.3524704442326639,6.364999999999999,ROUTE_JohnMuirMedicalCenterWalnutCreekCampus,0.41436600114248107,12.8,ROUTE_KaiserFoundationHospitalWalnutCreek,0.3524704442326639,6.364999999999999
37.79166666663984,-122.20527777773293,113.88641305645548,HEMORRHAGIC,ROUTE_SutterEdenMedicalCenter,0.4148773027811912,17.375,ROUTE_HighlandHospitalWilmaChanCampus,0.35408862942161173,4.556666666666667,ROUTE_SutterEdenMedicalCenter,0.4148773027811912,17.375,ROUTE_HighlandHospitalWilmaChanCampus,0.35408862942161173,4.556666666666667
37.56361111108411,-122.30972222217746,147.77693768347308,LVO,ROUTE_MillsPeninsulaMedicalCenterSutter,0.40825587438535965,12.425,ROUTE_SanMateoMedicalCenter,0.32734294144,10.604999999999999,ROUTE_MillsPeninsulaMedicalCenterSutter,0.40825587438535965,12.425,ROUTE_MillsPeninsulaMedicalCenterSutter,0.40825587438535965,12.425
37.835833333306546,-122.29305555551078,185.58095189257003,LVO,ROUTE_AltaBatesSummitMedicalCenterSummitCampus,0.3401319148379932,9.111666666666668,ROUTE_AltaBatesSummitMedicalCenterSummitCampus,0.3401319148379932,9.111666666666668,ROUTE_CPMCDaviesCampusSutter,0.33736781042922837,24.793333333333333,ROUTE_AltaBatesSummitMedicalCenterSummitCampus,0.3401319148379932,9.111666666666668
37.9752777777511,-122.54916666662209,226.6582528866941,HEMORRHAGIC,ROUTE_MarinHealthMedicalCenter,0.32734294144,10.828333333333335,ROUTE_MarinHealthMedicalCenter,0.32734294144,10.828333333333335,ROUTE_UCSFMedicalCenter,0.32734294144,40.52166666666667,ROUTE_MarinHealthMedicalCenter,0.32734294144,10.828333333333335
38.271944444418004,-122.014999999955,62.80907385126507,NLVO,ROUTE_JohnMuirMedicalCenterWalnutCreekCampus,0.41990527176579473,46.7,ROUTE_NorthBayMedicalCenter,0.3627522591008824,10.503333333333334,ROUTE_JohnMuirMedicalCenterWalnutCreekCampus,0.41990527176579473,46.7,ROUTE_NorthBayMedicalCenter,0.3627522591008824,10.503333333333334
37.799722222195406,-122.16749999995511,152.8767017060796,LVO,ROUTE_SutterEdenMedicalCenter,0.4052738802840722,20.473333333333336,ROUTE_HighlandHospitalWilmaChanCampus,0.3453025656807785,13.018333333333334,ROUTE_SutterEdenMedicalCenter,0.4052738802840722,20.473333333333336,ROUTE_HighlandHospitalWilmaChanCampus,0.3453025656807785,13.018333333333334
38.00138888886223,-121.80222222217705,57.31342143898615,LVO,ROUTE_JohnMuirMedicalCenterWalnutCreekCampus,0.4252148989988121,29.421666666666667,ROUTE_SutterDeltaMedicalCenter,0.3403353754561831,7.3133333333333335,ROUTE_JohnMuirMedicalCenterWalnutCreekCampus,0.4252148989988121,29.421666666666667,ROUTE_KaiserFoundationHospitalAntioch,0.3633300796456263,13.043333333333333
37.641944444417504,-122.42944444439978,225.72202785334719,HEMORRHAGIC,ROUTE_KaiserFoundationHospitalSouthSanFrancisco,0.32734294144,6.33,ROUTE_KaiserFoundationHospitalSouthSanFrancisco,0.32734294144,6.33,ROUTE_MillsPeninsulaMedicalCenterSutter,0.32734294144,13.031666666666666,ROUTE_KaiserFoundationHospitalSouthSanFrancisco,0.32734294144,6.33
37.77722222219539,-122.45749999995535,73.93052787694229,HEMORRHAGIC,ROUTE_UCSFMedicalCenter,0.4269913544046581,5.2266666666666675,ROUTE_UCSFHealthStanyanHospital,0.42126289268146744,2.2916666666666665,ROUTE_UCSFMedicalCenter,0.4269913544046581,5.2266666666666675,ROUTE_UCSFHealthStanyanHospital,0.42126289268146744,2.2916666666666665
37.68472222219531,-121.79083333328815,204.14936687966238,NLVO,ROUTE_StanfordHealthCareTriValley,0.3357882333426772,15.28,ROUTE_StanfordHealthCareTriValley,0.3357882333426772,15.28,ROUTE_SutterEdenMedicalCenter,0.32734294144,26.676666666666666,ROUTE_StanfordHealthCareTriValley,0.3357882333426772,15.28
37.7177777777509,-122.08972222217727,261.68818753458663,LVO,ROUTE_SutterEdenMedicalCenter,0.32734294144,8.088333333333333,ROUTE_SutterEdenMedicalCenter,0.32734294144,8.088333333333333,ROUTE_SutterEdenMedicalCenter,0.32734294144,8.088333333333333,ROUTE_SutterEdenMedicalCenter,0.32734294144,8.088333333333333
37.98777777775111,-122.08694444439949,59.44581376475088,HEMORRHAGIC,ROUTE_JohnMuirMedicalCenterWalnutCreekCampus,0.4277043392290664,16.676666666666666,ROUTE_ContraCostaRegionalMedicalCenter,0.40029023025434096,8.9,ROUTE_JohnMuirMedicalCenterWalnutCreekCampus,0.4277043392290664,16.676666666666666,ROUTE_JohnMuirMedicalCenterConcordCampus,0.42239158393654247,9.135
37.713333333306444,-122.40166666662198,48.71994914955688,LVO,ROUTE_MillsPeninsulaMedicalCenterSutter,0.43065641955621314,14.870000000000001,ROUTE_ZuckerbergSanFranciscoGeneralHospital,0.42476532950743906,11.141666666666667,ROUTE_MillsPeninsulaMedicalCenterSutter,0.43065641955621314,14.870000000000001,ROUTE_ZuckerbergSanFranciscoGeneralHospital,0.42476532950743906,11.141666666666667
37.52194444441741,-121.96666666662162,75.17779359739407,LVO,ROUTE_RegionalMedicalCenterOfSanJose,0.4227960822259835,21.908333333333335,ROUTE_KaiserFoundationHospitalFremont,0.36061889936293656,9.103333333333333,ROUTE_RegionalMedicalCenterOfSanJose,0.4227960822259835,21.908333333333335,ROUTE_KaiserFoundationHospitalFremont,0.36061889936293656,9.103333333333333
37.44555555552846,-121.88527777773267,107.670491897816,NLVO,ROUTE_RegionalMedicalCenterOfSanJose,0.41774053480535966,11.181666666666667,ROUTE_RegionalMedicalCenterOfSanJose,0.41774053480535966,11.181666666666667,ROUTE_RegionalMedicalCenterOfSanJose,0.41774053480535966,11.181666666666667,ROUTE_RegionalMedicalCenterOfSanJose,0.41774053480535966,11.181666666666667
37.675833333306414,-121.76694444439924,216.41918203333097,NLVO,ROUTE_StanfordHealthCareTriValley,0.32734294144,17.384999999999998,ROUTE_StanfordHealthCareTriValley,0.32734294144,17.384999999999998,ROUTE_SutterEdenMedicalCenter,0.32734294144,28.783333333333335,ROUTE_StanfordHealthCareTriValley,0.32734294144,17.384999999999998
37.987222222195555,-121.73694444439921,258.6926750049968,HEMORRHAGIC,ROUTE_KaiserFoundationHospitalAntioch,0.32734294144,13.166666666666666,ROUTE_KaiserFoundationHospitalAntioch,0.32734294144,13.166666666666666,ROUTE_JohnMuirMedicalCenterWalnutCreekCampus,0.32734294144,34.775,ROUTE_KaiserFoundationHospitalAntioch,0.32734294144,13.166666666666666
37.781388888862054,-122.41361111106643,79.57235183220618,HEMORRHAGIC,ROUTE_CPMCDaviesCampusSutter,0.42491471847220996,8.445,ROUTE_UCSFHealthHydeHospital,0.36094398629991464,3.0316666666666667,ROUTE_CPMCDaviesCampusSutter,0.42491471847220996,8.445,ROUTE_UCSFHealthHydeHospital,0.36094398629991464,3.0316666666666667
38.34472222219584,-122.31833333328858,169.82536568735298,LVO,ROUTE_ProvidenceQueenOfTheValleyMedicalCenter,0.3433837595962319,6.676666666666667,ROUTE_ProvidenceQueenOfTheValleyMedicalCenter,0.3433837595962319,6.676666666666667,ROUTE_JohnMuirMedicalCenterWalnutCreekCampus,0.3352569117403355,52.665,ROUTE_ProvidenceQueenOfTheValleyMedicalCenter,0.3433837595962319,6.676666666666667
37.66027777775085,-122.41583333328865,72.10801491657182,MIMIC,ROUTE_MillsPeninsulaMedicalCenterSutter,0.425362472172383,13.996666666666666,ROUTE_KaiserFoundationHospitalSouthSanFrancisco,0.36148482680193006,7.71,ROUTE_MillsPeninsulaMedicalCenterSutter,0.425362472172383,13.996666666666666,ROUTE_KaiserFoundationHospitalSouthSanFrancisco,0.36148482680193006,7.71
37.801111111084296,-122.4074999999553,124.25850757324658,MIMIC,ROUTE_CPMCDaviesCampusSutter,0.41351037310354716,12.95,ROUTE_ChineseHospital,0.35234510885554854,3.46,ROUTE_CPMCDaviesCampusSutter,0.41351037310354716,12.95,ROUTE_ChineseHospital,0.35234510885554854,3.46
37.74999999997314,-122.17305555551067,163.05272707984872,LVO,ROUTE_SutterEdenMedicalCenter,0.4042824490154543,14.685,ROUTE_SanLeandroHospitalAlamedaHealthSystem,0.32734294144,11.9,ROUTE_SutterEdenMedicalCenter,0.4042824490154543,14.685,ROUTE_HighlandHospitalWilmaChanCampus,0.3434097208212012,13.305
37.748055555528694,-122.41694444439976,252.6932504203624,LVO,ROUTE_CPMCMissionBernalCampusSutter,0.32734294144,2.6983333333333333,ROUTE_CPMCMissionBernalCampusSutter,0.32734294144,2.6983333333333333,ROUTE_CPMCDaviesCampusSutter,0.32734294144,8.811666666666667,ROUTE_CPMCMissionBernalCampusSutter,0.32734294144,2.6983333333333333
37.8616666666399,-122.2824999999552,234.53047156054467,NLVO,ROUTE_AltaBatesSummitMedicalCenterAltaBatesCampus,0.32734294144,6.6483333333333325,ROUTE_AltaBatesSummitMedicalCenterAltaBatesCampus,0.32734294144,6.6483333333333325,ROUTE_JohnMuirMedicalCenterWalnutCreekCampus,0.32734294144,28.341666666666665,ROUTE_KaiserFoundationHospitalOaklandRichmond,0.32734294144,11.366666666666667
38.265277777751336,-122.65277777773328,241.47779914464635,NLVO,ROUTE_PetalumaValleyHospitalProvidence,0.32734294144,6.265,ROUTE_PetalumaValleyHospitalProvidence,0.32734294144,6.265,ROUTE_UCSFMedicalCenter,0.32734294144,66.02,ROUTE_PetalumaValleyHospitalProvidence,0.32734294144,6.265
37.52638888886185,-122.3255555555108,261.6754763888347,HEMORRHAGIC,ROUTE_SanMateoMedicalCenter,0.32734294144,6.489999999999999,ROUTE_SanMateoMedicalCenter,0.32734294144,6.489999999999999,ROUTE_MillsPeninsulaMedicalCenterSutter,0.32734294144,15.775,ROUTE_MillsPeninsulaMedicalCenterSutter,0.32734294144,15.775
37.7644444444176,-122.42555555551088,151.8569065502091,LVO,ROUTE_CPMCDaviesCampusSutter,0.40917457136695523,4.308333333333334,ROUTE_CPMCDaviesCampusSutter,0.40917457136695523,4.308333333333334,ROUTE_CPMCDaviesCampusSutter,0.40917457136695523,4.308333333333334,ROUTE_CPMCDaviesCampusSutter,0.40917457136695523,4.308333333333334
37.68444444441754,-121.9152777777327,184.43213393405986,HEMORRHAGIC,ROUTE_SutterEdenMedicalCenter,0.33870993786336423,18.301666666666666,ROUTE_StanfordHealthCareTriValley,0.3402828356460148,9.411666666666667,ROUTE_SutterEdenMedicalCenter,0.33870993786336423,18.301666666666666,ROUTE_StanfordHealthCareTriValley,0.3402828356460148,9.411666666666667
37.99305555552889,-121.87555555551045,192.4723831336696,NLVO,ROUTE_JohnMuirMedicalCenterConcordCampus,0.3369987990337792,20.011666666666667,ROUTE_SutterDeltaMedicalCenter,0.32734294144,15.736666666666668,ROUTE_JohnMuirMedicalCenterWalnutCreekCampus,0.33587331553705996,26.466666666666665,ROUTE_JohnMuirMedicalCenterConcordCampus,0.3369987990337792,20.011666666666667
37.81583333330653,-122.12027777773285,44.12527371990266,LVO,ROUTE_JohnMuirMedicalCenterWalnutCreekCampus,0.429329614806994,25.09,ROUTE_KaiserFoundationHospitalWalnutCreek,0.42321345214995953,22.82,ROUTE_JohnMuirMedicalCenterWalnutCreekCampus,0.429329614806994,25.09,ROUTE_KaiserFoundationHospitalWalnutCreek,0.42321345214995953,22.82
37.73194444441757,-122.44388888884423,185.0112924587596,HEMORRHAGIC,ROUTE_UCSFMedicalCenter,0.33986936772851156,11.163333333333332,ROUTE_CPMCMissionBernalCampusSutter,0.3408324958354993,5.739999999999999,ROUTE_UCSFMedicalCenter,0.33986936772851156,11.163333333333332,ROUTE_CPMCMissionBernalCampusSutter,0.3408324958354993,5.739999999999999
37.39916666663953,-122.19833333328847,250.4916063289942,LVO,ROUTE_StanfordHealthCare,0.32734294144,15.69,ROUTE_StanfordHealthCare,0.32734294144,15.69,ROUTE_StanfordHealthCare,0.32734294144,15.69,ROUTE_StanfordHealthCare,0.32734294144,15.69
37.87833333330658,-122.49749999995538,104.18211710299718,MIMIC,ROUTE_UCSFMedicalCenter,0.413348040670589,33.733333333333334,ROUTE_MarinHealthMedicalCenter,0.3532634432925131,18.641666666666666,ROUTE_UCSFMedicalCenter,0.413348040670589,33.733333333333334,ROUTE_MarinHealthMedicalCenter,0.3532634432925131,18.641666666666666
37.788611111084286,-122.41611111106643,233.65274260406193,MIMIC,ROUTE_UCSFHealthHydeHospital,0.32734294144,1.4833333333333334,ROUTE_UCSFHealthHydeHospital,0.32734294144,1.4833333333333334,ROUTE_CPMCDaviesCampusSutter,0.32734294144,9.225,ROUTE_UCSFHealthHydeHospital,0.32734294144,1.4833333333333334
37.778055555528724,-122.17666666662178,129.36474171049923,LVO,ROUTE_SutterEdenMedicalCenter,0.41183730285087294,15.141666666666667,ROUTE_HighlandHospitalWilmaChanCampus,0.3504433991495093,8.548333333333334,ROUTE_SutterEdenMedicalCenter,0.41183730285087294,15.141666666666667,ROUTE_HighlandHospitalWilmaChanCampus,0.3504433991495093,8.548333333333334
37.995555555528895,-122.02777777773278,215.1032860746094,MIMIC,ROUTE_JohnMuirMedicalCenterConcordCampus,0.3357553468711577,4.515,ROUTE_JohnMuirMedicalCenterConcordCampus,0.3357553468711577,4.515,ROUTE_JohnMuirMedicalCenterWalnutCreekCampus,0.32734294144,16.206666666666667,ROUTE_JohnMuirMedicalCenterConcordCampus,0.3357553468711577,4.515
37.68388888886198,-122.47583333328869,235.51784149296577,NLVO,ROUTE_AHMCSetonMedicalCenter,0.32734294144,2.9233333333333333,ROUTE_AHMCSetonMedicalCenter,0.32734294144,2.9233333333333333,ROUTE_MillsPeninsulaMedicalCenterSutter,0.32734294144,15.701666666666666,ROUTE_AHMCSetonMedicalCenter,0.32734294144,2.9233333333333333
37.802499999973186,-122.42027777773309,249.98271518490424,HEMORRHAGIC,ROUTE_UCSFHealthHydeHospital,0.32734294144,2.8333333333333335,ROUTE_UCSFHealthHydeHospital,0.32734294144,2.8333333333333335,ROUTE_CPMCDaviesCampusSutter,0.32734294144,11.18,ROUTE_UCSFHealthHydeHospital,0.32734294144,2.8333333333333335
38.02555555552892,-122.27055555551075,230.93785518523998,MIMIC,ROUTE_ContraCostaRegionalMedicalCenter,0.32734294144,15.74,ROUTE_ContraCostaRegionalMedicalCenter,0.32734294144,15.74,ROUTE_JohnMuirMedicalCenterWalnutCreekCampus,0.32734294144,28.78666666666667,ROUTE_KaiserFoundationHospitalRichmondCampus,0.32734294144,17.584999999999997
37.64499999997306,-121.89666666662157,69.15991596746338,LVO,ROUTE_SutterEdenMedicalCenter,0.4238091246670096,23.586666666666666,ROUTE_StanfordHealthCareTriValley,0.3605630708715687,15.41,ROUTE_SutterEdenMedicalCenter,0.4238091246670096,23.586666666666666,ROUTE_StanfordHealthCareTriValley,0.3605630708715687,15.41
38.02222222219558,-121.92805555551048,177.53836572515576,LVO,ROUTE_JohnMuirMedicalCenterWalnutCreekCampus,0.3393019855759291,21.841666666666665,ROUTE_JohnMuirMedicalCenterConcordCampus,0.34103396012719206,12.081666666666667,ROUTE_JohnMuirMedicalCenterWalnutCreekCampus,0.3393019855759291,21.841666666666665,ROUTE_JohnMuirMedicalCenterConcordCampus,0.34103396012719206,12.081666666666667
37.992777777751115,-121.73388888884367,202.3500687816481,HEMORRHAGIC,ROUTE_KaiserFoundationHospitalAntioch,0.3363822391111383,13.665,ROUTE_KaiserFoundationHospitalAntioch,0.3363822391111383,13.665,ROUTE_JohnMuirMedicalCenterWalnutCreekCampus,0.32734294144,35.275,ROUTE_KaiserFoundationHospitalAntioch,0.3363822391111383,13.665
37.426111111084,-122.12638888884398,109.84172075757363,MIMIC,ROUTE_StanfordHealthCare,0.41687001159998494,12.776666666666667,ROUTE_StanfordHealthCare,0.41687001159998494,12.776666666666667,ROUTE_StanfordHealthCare,0.41687001159998494,12.776666666666667,ROUTE_StanfordHealthCare,0.41687001159998494,12.776666666666667
37.43666666663956,-122.12777777773286,162.52833655471318,NLVO,ROUTE_StanfordHealthCare,0.40464777555472903,13.591666666666667,ROUTE_StanfordHealthCare,0.40464777555472903,13.591666666666667,ROUTE_StanfordHealthCare,0.40464777555472903,13.591666666666667,ROUTE_StanfordHealthCare,0.40464777555472903,13.591666666666667
37.605833333306364,-122.05361111106613,215.51219727372177,LVO,ROUTE_StRoseHospital,0.32734294144,8.535,ROUTE_StRoseHospital,0.32734294144,8.535,ROUTE_SutterEdenMedicalCenter,0.32734294144,17.868333333333332,ROUTE_KaiserFoundationHospitalSanLeandro,0.32734294144,16.175
37.770277777750934,-122.40333333328864,66.0323260361443,NLVO,ROUTE_CPMCDaviesCampusSutter,0.42809284377301243,8.438333333333334,ROUTE_ZuckerbergSanFranciscoGeneralHospital,0.4219311492888398,5.841666666666667,ROUTE_CPMCDaviesCampusSutter,0.42809284377301243,8.438333333333334,ROUTE_ZuckerbergSanFranciscoGeneralHospital,0.4219311492888398,5.841666666666667
37.88555555552881,-122.16638888884401,199.87308209340978,MIMIC,ROUTE_KaiserFoundationHospitalWalnutCreek,0.3365788384855932,15.014999999999999,ROUTE_KaiserFoundationHospitalWalnutCreek,0.3365788384855932,15.014999999999999,ROUTE_JohnMuirMedicalCenterWalnutCreekCampus,0.33618303629349294,17.28666666666667,ROUTE_KaiserFoundationHospitalWalnutCreek,0.3365788384855932,15.014999999999999
37.43888888886178,-121.89972222217713,55.55451490114284,HEMORRHAGIC,ROUTE_RegionalMedicalCenterOfSanJose,0.4295567681897087,12.698333333333332,ROUTE_RegionalMedicalCenterOfSanJose,0.4295567681897087,12.698333333333332,ROUTE_RegionalMedicalCenterOfSanJose,0.4295567681897087,12.698333333333332,ROUTE_RegionalMedicalCenterOfSanJose,0.4295567681897087,12.698333333333332
38.244166666640204,-122.08166666662171,183.12445839562494,HEMORRHAGIC,ROUTE_NorthBayMedicalCenter,0.3409580261698662,6.921666666666667,ROUTE_NorthBayMedicalCenter,0.3409580261698662,6.921666666666667,ROUTE_JohnMuirMedicalCenterWalnutCreekCampus,0.3357390134385543,36.58833333333334,ROUTE_NorthBayMedicalCenter,0.3409580261698662,6.921666666666667
37.764166666639824,-121.888611111066,260.76349370244316,LVO,ROUTE_SanRamonRegionalMedicalCenter,0.32734294144,12.708333333333334,ROUTE_SanRamonRegionalMedicalCenter,0.32734294144,12.708333333333334,ROUTE_SutterEdenMedicalCenter,0.32734294144,26.016666666666666,ROUTE_SanRamonRegionalMedicalCenter,0.32734294144,12.708333333333334
38.24916666664021,-122.00694444439944,173.7424482074396,HEMORRHAGIC,ROUTE_NorthBayMedicalCenter,0.34194188090571886,10.791666666666666,ROUTE_NorthBayMedicalCenter,0.34194188090571886,10.791666666666666,ROUTE_JohnMuirMedicalCenterWalnutCreekCampus,0.3360596757166092,44.125,ROUTE_NorthBayMedicalCenter,0.34194188090571886,10.791666666666666
37.711944444417554,-122.46222222217757,112.85362465944694,LVO,ROUTE_UCSFMedicalCenter,0.41603921348004197,13.365,ROUTE_AHMCSetonMedicalCenter,0.35378078666518686,7.221666666666667,ROUTE_UCSFMedicalCenter,0.41603921348004197,13.365,ROUTE_AHMCSetonMedicalCenter,0.35378078666518686,7.221666666666667
37.68388888886198,-122.10555555551062,142.3036622494632,LVO,ROUTE_SutterEdenMedicalCenter,0.4107482614538888,6.963333333333334,ROUTE_SutterEdenMedicalCenter,0.4107482614538888,6.963333333333334,ROUTE_SutterEdenMedicalCenter,0.4107482614538888,6.963333333333334,ROUTE_SutterEdenMedicalCenter,0.4107482614538888,6.963333333333334
37.95749999997331,-122.33333333328858,219.92743646963171,MIMIC,ROUTE_KaiserFoundationHospitalRichmondCampus,0.32734294144,8.451666666666666,ROUTE_KaiserFoundationHospitalRichmondCampus,0.32734294144,8.451666666666666,ROUTE_CPMCDaviesCampusSutter,0.32734294144,34.894999999999996,ROUTE_KaiserFoundationHospitalRichmondCampus,0.32734294144,8.451666666666666
37.89166666663992,-122.26666666662186,90.07018981267348,LVO,ROUTE_JohnMuirMedicalCenterWalnutCreekCampus,0.4171585432873594,31.3,ROUTE_AltaBatesSummitMedicalCenterAltaBatesCampus,0.32734294144,11.408333333333333,ROUTE_JohnMuirMedicalCenterWalnutCreekCampus,0.4171585432873594,31.3,ROUTE_KaiserFoundationHospitalOaklandRichmond,0.3558132029716128,19.263333333333332
37.784999999973174,-122.44472222217756,179.55804552834874,NLVO,ROUTE_CPMCDaviesCampusSutter,0.3416996214792881,6.331666666666666,ROUTE_KaiserFoundationHospitalSanFrancisco,0.3425239815589405,1.7283333333333333,ROUTE_CPMCDaviesCampusSutter,0.3416996214792881,6.331666666666666,ROUTE_KaiserFoundationHospitalSanFrancisco,0.3425239815589405,1.7283333333333333
38.12638888886233,-122.23777777773294,129.63617806490691,LVO,ROUTE_JohnMuirMedicalCenterWalnutCreekCampus,0.40837432392143164,30.045,ROUTE_SutterSolanoMedicalCenter,0.35155123294782803,2.328333333333333,ROUTE_JohnMuirMedicalCenterWalnutCreekCampus,0.40837432392143164,30.045,ROUTE_SutterSolanoMedicalCenter,0.35155123294782803,2.328333333333333
