start_lat,start_lon,t_onset,stroke_type,optimal_action,optimal_action_reward,travel_time_optimal,nearest_hospital_action,nearest_hospital_reward,travel_time_nh,heuristic_1_action,heuristic_1_reward,travel_time_h1,heuristic_2_action,heuristic_2_reward,travel_time_h2
38.001111111084455,-121.8558333332882,246.05963621914313,LVO,ROUTE_SutterDeltaMedicalCenter,0.24466880000000002,11.26,ROUTE_SutterDeltaMedicalCenter,0.24466880000000002,11.26,ROUTE_JohnMuirMedicalCenterWalnutCreekCampus,0.24466880000000002,28.005,ROUTE_KaiserFoundationHospitalAntioch,0.24466880000000002,16.495
37.62749999997305,-122.41416666662198,92.87978470862342,MIMIC,ROUTE_MillsPeninsulaMedicalCenterSutter,0.9,9.318333333333333,ROUTE_MillsPeninsulaMedicalCenterSutter,0.9,9.318333333333333,ROUTE_MillsPeninsulaMedicalCenterSutter,0.9,9.318333333333333,ROUTE_MillsPeninsulaMedicalCenterSutter,0.9,9.318333333333333
37.420277777750655,-121.87138888884377,61.69953790448812,MIMIC,ROUTE_RegionalMedicalCenterOfSanJose,0.9,11.638333333333332,ROUTE_RegionalMedicalCenterOfSanJose,0.9,11.638333333333332,ROUTE_RegionalMedicalCenterOfSanJose,0.9,11.638333333333332,ROUTE_RegionalMedicalCenterOfSanJose,0.9,11.638333333333332
37.526666666639635,-122.29805555551077,150.92209242042355,HEMORRHAGIC,ROUTE_KaiserFoundationHospitalRedwoodCity,0.24,15.153333333333334,ROUTE_SanMateoMedicalCenter,0.24,4.161666666666666,ROUTE_KaiserFoundationHospitalRedwoodCity,0.24,15.153333333333334,ROUTE_KaiserFoundationHospitalRedwoodCity,0.24,15.153333333333334
37.683611111084204,-121.80083333328815,226.79066351945758,LVO,ROUTE_StanfordHealthCareTriValley,0.24466880000000002,14.198333333333332,ROUTE_StanfordHealthCareTriValley,0.24466880000000002,14.198333333333332,ROUTE_SutterEdenMedicalCenter,0.24466880000000002,25.596666666666668,ROUTE_StanfordHealthCareTriValley,0.24466880000000002,14.198333333333332
38.0005555555289,-121.73777777773255,161.41231737211945,MIMIC,ROUTE_JohnMuirMedicalCenterWalnutCreekCampus,0.9,36.83166666666667,ROUTE_KaiserFoundationHospitalAntioch,0.9,15.221666666666666,ROUTE_JohnMuirMedicalCenterWalnutCreekCampus,0.9,36.83166666666667,ROUTE_KaiserFoundationHospitalAntioch,0.9,15.221666666666666
37.966388888862205,-122.34972222217749,190.68670378222464,HEMORRHAGIC,ROUTE_KaiserFoundationHospitalRichmondCampus,0.24,9.033333333333333,ROUTE_KaiserFoundationHospitalRichmondCampus,0.24,9.033333333333333,ROUTE_JohnMuirMedicalCenterWalnutCreekCampus,0.24,37.35166666666667,ROUTE_KaiserFoundationHospitalRichmondCampus,0.24,9.033333333333333
38.11027777775121,-122.20472222217737,217.7342871628809,HEMORRHAGIC,ROUTE_SutterSolanoMedicalCenter,0.24,9.93,ROUTE_SutterSolanoMedicalCenter,0.24,9.93,ROUTE_JohnMuirMedicalCenterWalnutCreekCampus,0.24,29.23166666666667,ROUTE_SutterSolanoMedicalCenter,0.24,9.93
38.00861111108446,-122.12777777773286,199.59545645759306,HEMORRHAGIC,ROUTE_JohnMuirMedicalCenterConcordCampus,0.24,13.479999999999999,ROUTE_ContraCostaRegionalMedicalCenter,0.24,2.658333333333333,ROUTE_JohnMuirMedicalCenterWalnutCreekCampus,0.24,21.021666666666665,ROUTE_JohnMuirMedicalCenterConcordCampus,0.24,13.479999999999999
37.95305555552886,-121.7016666666214,82.27390318546199,LVO,ROUTE_JohnMuirMedicalCenterWalnutCreekCampus,0.4180311073116171,40.165,ROUTE_KaiserFoundationHospitalAntioch,0.2877165718775077,14.483333333333333,ROUTE_JohnMuirMedicalCenterWalnutCreekCampus,0.4180311073116171,40.165,ROUTE_KaiserFoundationHospitalAntioch,0.2877165718775077,14.483333333333333
37.94611111108441,-122.52805555551096,37.316020094598116,LVO,ROUTE_UCSFMedicalCenter,0.43730976629342755,36.25666666666667,ROUTE_MarinHealthMedicalCenter,0.4334742978070961,5.241666666666666,ROUTE_UCSFMedicalCenter,0.43730976629342755,36.25666666666667,ROUTE_MarinHealthMedicalCenter,0.4334742978070961,5.241666666666666
37.76305555552871,-122.44472222217756,137.0029888949397,NLVO,ROUTE_CPMCDaviesCampusSutter,0.538970118627919,4.295,ROUTE_CPMCDaviesCampusSutter,0.538970118627919,4.295,ROUTE_CPMCDaviesCampusSutter,0.538970118627919,4.295,ROUTE_CPMCDaviesCampusSutter,0.538970118627919,4.295
38.02361111108447,-121.93694444439937,87.51102123279381,LVO,ROUTE_JohnMuirMedicalCenterWalnutCreekCampus,0.42480120921054726,21.138333333333332,ROUTE_JohnMuirMedicalCenterConcordCampus,0.28726665258234607,11.378333333333334,ROUTE_JohnMuirMedicalCenterWalnutCreekCampus,0.42480120921054726,21.138333333333332,ROUTE_JohnMuirMedicalCenterConcordCampus,0.28726665258234607,11.378333333333334
37.39861111108397,-122.02416666662167,68.51549741304484,MIMIC,ROUTE_ElCaminoHealthMountainView,0.9,14.091666666666667,ROUTE_ElCaminoHealthMountainView,0.9,14.091666666666667,ROUTE_ElCaminoHealthMountainView,0.9,14.091666666666667,ROUTE_ElCaminoHealthMountainView,0.9,14.091666666666667
37.67083333330641,-122.12416666662175,97.26998062917275,LVO,ROUTE_SutterEdenMedicalCenter,0.4252441914728303,12.051666666666668,ROUTE_StRoseHospital,0.24466880000000002,9.475,ROUTE_SutterEdenMedicalCenter,0.4252441914728303,12.051666666666668,ROUTE_KaiserFoundationHospitalSanLeandro,0.28424847454876634,11.751666666666667
37.60333333330636,-122.07083333328838,226.8780422595786,LVO,ROUTE_StRoseHospital,0.24466880000000002,8.153333333333332,ROUTE_StRoseHospital,0.24466880000000002,8.153333333333332,ROUTE_SutterEdenMedicalCenter,0.24466880000000002,17.485,ROUTE_KaiserFoundationHospitalSanLeandro,0.24466880000000002,15.791666666666666
37.99472222219556,-121.69444444439918,153.9967217909304,HEMORRHAGIC,ROUTE_JohnMuirMedicalCenterWalnutCreekCampus,0.24,41.54,ROUTE_KaiserFoundationHospitalAntioch,0.24,19.93,ROUTE_JohnMuirMedicalCenterWalnutCreekCampus,0.24,41.54,ROUTE_KaiserFoundationHospitalAntioch,0.24,19.93
37.988611111084445,-122.08472222217728,147.34994215961083,NLVO,ROUTE_JohnMuirMedicalCenterWalnutCreekCampus,0.5261216276744471,16.265,ROUTE_JohnMuirMedicalCenterConcordCampus,0.5308342730371016,8.723333333333333,ROUTE_JohnMuirMedicalCenterWalnutCreekCampus,0.5261216276744471,16.265,ROUTE_JohnMuirMedicalCenterConcordCampus,0.5308342730371016,8.723333333333333
37.566944444417445,-122.32666666662192,101.10139463004157,HEMORRHAGIC,ROUTE_MillsPeninsulaMedicalCenterSutter,0.24,11.376666666666667,ROUTE_MillsPeninsulaMedicalCenterSutter,0.24,11.376666666666667,ROUTE_MillsPeninsulaMedicalCenterSutter,0.24,11.376666666666667,ROUTE_MillsPeninsulaMedicalCenterSutter,0.24,11.376666666666667
37.775833333306494,-122.40499999995531,165.49248442013422,LVO,ROUTE_CPMCDaviesCampusSutter,0.39957016010441093,11.610000000000001,ROUTE_ChineseHospital,0.2662667234647541,7.878333333333333,ROUTE_CPMCDaviesCampusSutter,0.39957016010441093,11.610000000000001,ROUTE_ChineseHospital,0.2662667234647541,7.878333333333333
38.28249999997357,-122.04583333328836,35.3558929260639,LVO,ROUTE_JohnMuirMedicalCenterWalnutCreekCampus,0.43463289103744374,43.56666666666667,ROUTE_NorthBayMedicalCenter,0.3029184962615512,12.268333333333334,ROUTE_JohnMuirMedicalCenterWalnutCreekCampus,0.43463289103744374,43.56666666666667,ROUTE_NorthBayMedicalCenter,0.3029184962615512,12.268333333333334
37.96583333330665,-121.74638888884367,42.61574584522613,LVO,ROUTE_JohnMuirMedicalCenterWalnutCreekCampus,0.4351171421371287,36.48833333333334,ROUTE_KaiserFoundationHospitalAntioch,0.3017613180237065,9.283333333333333,ROUTE_JohnMuirMedicalCenterWalnutCreekCampus,0.4351171421371287,36.48833333333334,ROUTE_KaiserFoundationHospitalAntioch,0.3017613180237065,9.283333333333333
37.92944444441773,-121.75027777773256,67.08890427542339,LVO,ROUTE_JohnMuirMedicalCenterWalnutCreekCampus,0.42426621403013803,39.309999999999995,ROUTE_KaiserFoundationHospitalAntioch,0.2940169491071037,9.731666666666666,ROUTE_JohnMuirMedicalCenterWalnutCreekCampus,0.42426621403013803,39.309999999999995,ROUTE_KaiserFoundationHospitalAntioch,0.2940169491071037,9.731666666666666
37.666944444417524,-122.08555555551061,210.00906181836706,LVO,ROUTE_SutterEdenMedicalCenter,0.24466880000000002,12.595,ROUTE_StRoseHospital,0.24466880000000002,8.503333333333334,ROUTE_SutterEdenMedicalCenter,0.24466880000000002,12.595,ROUTE_SutterEdenMedicalCenter,0.24466880000000002,12.595
37.98611111108444,-122.57583333328877,146.82753402371162,LVO,ROUTE_UCSFMedicalCenter,0.25943852873724305,44.718333333333334,ROUTE_MarinHealthMedicalCenter,0.2699974991445039,12.091666666666667,ROUTE_UCSFMedicalCenter,0.25943852873724305,44.718333333333334,ROUTE_MarinHealthMedicalCenter,0.2699974991445039,12.091666666666667
37.569999999973,-122.03416666662167,153.54042653874353,HEMORRHAGIC,ROUTE_SutterEdenMedicalCenter,0.24,19.555,ROUTE_StRoseHospital,0.24,10.393333333333334,ROUTE_SutterEdenMedicalCenter,0.24,19.555,ROUTE_WashingtonHospitalHealthcareSystem,0.24,13.501666666666667
38.291388888862464,-122.31138888884412,73.94648103219988,LVO,ROUTE_JohnMuirMedicalCenterWalnutCreekCampus,0.4164473025180205,50.556666666666665,ROUTE_ProvidenceQueenOfTheValleyMedicalCenter,0.29137553861548765,11.263333333333332,ROUTE_JohnMuirMedicalCenterWalnutCreekCampus,0.4164473025180205,50.556666666666665,ROUTE_ProvidenceQueenOfTheValleyMedicalCenter,0.29137553861548765,11.263333333333332
38.29361111108469,-122.30888888884412,105.11169437449789,LVO,ROUTE_JohnMuirMedicalCenterWalnutCreekCampus,0.4049319456634731,49.95,ROUTE_ProvidenceQueenOfTheValleyMedicalCenter,0.28265070022360006,9.761666666666667,ROUTE_JohnMuirMedicalCenterWalnutCreekCampus,0.4049319456634731,49.95,ROUTE_ProvidenceQueenOfTheValleyMedicalCenter,0.28265070022360006,9.761666666666667
38.06888888886229,-122.2016666666218,222.8712864599264,LVO,ROUTE_SutterSolanoMedicalCenter,0.24466880000000002,13.431666666666667,ROUTE_SutterSolanoMedicalCenter,0.24466880000000002,13.431666666666667,ROUTE_JohnMuirMedicalCenterWalnutCreekCampus,0.24466880000000002,28.275,ROUTE_SutterSolanoMedicalCenter,0.24466880000000002,13.431666666666667
37.794166666639846,-122.40999999995532,65.29682192671842,HEMORRHAGIC,ROUTE_CPMCDaviesCampusSutter,0.24,10.821666666666665,ROUTE_ChineseHospital,0.24,1.5816666666666668,ROUTE_CPMCDaviesCampusSutter,0.24,10.821666666666665,ROUTE_ChineseHospital,0.24,1.5816666666666668
37.82527777775098,-122.24944444439963,93.04909225341785,HEMORRHAGIC,ROUTE_SutterEdenMedicalCenter,0.24,22.098333333333336,ROUTE_KaiserFoundationHospitalOaklandRichmond,0.24,3.5366666666666666,ROUTE_SutterEdenMedicalCenter,0.24,22.098333333333336,ROUTE_KaiserFoundationHospitalOaklandRichmond,0.24,3.5366666666666666
37.92305555552884,-121.6197222221769,179.25000077605895,LVO,ROUTE_KaiserFoundationHospitalAntioch,0.25783198656085465,22.813333333333333,ROUTE_KaiserFoundationHospitalAntioch,0.25783198656085465,22.813333333333333,ROUTE_JohnMuirMedicalCenterWalnutCreekCampus,0.24466880000000002,48.33833333333334,ROUTE_KaiserFoundationHospitalAntioch,0.25783198656085465,22.813333333333333
37.76388888886204,-122.46722222217758,243.7321200124213,LVO,ROUTE_UCSFMedicalCenter,0.24466880000000002,2.8316666666666666,ROUTE_UCSFMedicalCenter,0.24466880000000002,2.8316666666666666,ROUTE_UCSFMedicalCenter,0.24466880000000002,2.8316666666666666,ROUTE_UCSFMedicalCenter,0.24466880000000002,2.8316666666666666
37.92694444441773,-121.7069444443992,208.5214586078448,LVO,ROUTE_KaiserFoundationHospitalAntioch,0.25317398867832075,13.49,ROUTE_KaiserFoundationHospitalAntioch,0.25317398867832075,13.49,ROUTE_JohnMuirMedicalCenterWalnutCreekCampus,0.24466880000000002,39.015,ROUTE_KaiserFoundationHospitalAntioch,0.25317398867832075,13.49
37.84499999997322,-122.28555555551077,162.61372226418754,HEMORRHAGIC,ROUTE_CPMCDaviesCampusSutter,0.24,26.583333333333332,ROUTE_AltaBatesSummitMedicalCenterAltaBatesCampus,0.24,7.568333333333333,ROUTE_CPMCDaviesCampusSutter,0.24,26.583333333333332,ROUTE_KaiserFoundationHospitalOaklandRichmond,0.24,9.933333333333334
37.7922222221954,-122.4177777777331,239.11421008183356,LVO,ROUTE_UCSFHealthHydeHospital,0.24466880000000002,0.6583333333333333,ROUTE_UCSFHealthHydeHospital,0.24466880000000002,0.6583333333333333,ROUTE_CPMCDaviesCampusSutter,0.24466880000000002,9.004999999999999,ROUTE_UCSFHealthHydeHospital,0.24466880000000002,0.6583333333333333
37.76666666663982,-122.19499999995514,154.8670390643909,HEMORRHAGIC,ROUTE_SutterEdenMedicalCenter,0.24,17.16166666666667,ROUTE_HighlandHospitalWilmaChanCampus,0.24,9.653333333333334,ROUTE_SutterEdenMedicalCenter,0.24,17.16166666666667,ROUTE_HighlandHospitalWilmaChanCampus,0.24,9.653333333333334
37.71999999997312,-122.45861111106646,130.21861919485218,LVO,ROUTE_UCSFMedicalCenter,0.41209236517734227,13.2,ROUTE_CPMCMissionBernalCampusSutter,0.275723578147263,8.895000000000001,ROUTE_UCSFMedicalCenter,0.41209236517734227,13.2,ROUTE_CPMCMissionBernalCampusSutter,0.275723578147263,8.895000000000001
38.03277777775115,-122.54111111106653,90.4040967464127,LVO,ROUTE_UCSFMedicalCenter,0.41390178906760344,42.40833333333333,ROUTE_KaiserFoundationHospitalSanRafael,0.28692565423384087,9.923333333333334,ROUTE_UCSFMedicalCenter,0.41390178906760344,42.40833333333333,ROUTE_KaiserFoundationHospitalSanRafael,0.28692565423384087,9.923333333333334
37.96611111108443,-122.50833333328872,168.49080585390726,HEMORRHAGIC,ROUTE_UCSFMedicalCenter,0.24,37.541666666666664,ROUTE_MarinHealthMedicalCenter,0.24,10.208333333333334,ROUTE_UCSFMedicalCenter,0.24,37.541666666666664,ROUTE_MarinHealthMedicalCenter,0.24,10.208333333333334
37.93972222219552,-122.36749999995527,198.609493032822,LVO,ROUTE_KaiserFoundationHospitalRichmondCampus,0.2593213334923052,1.9383333333333332,ROUTE_KaiserFoundationHospitalRichmondCampus,0.2593213334923052,1.9383333333333332,ROUTE_CPMCDaviesCampusSutter,0.24466880000000002,34.65,ROUTE_KaiserFoundationHospitalRichmondCampus,0.2593213334923052,1.9383333333333332
37.783055555528726,-122.42499999995532,57.3498900508308,LVO,ROUTE_CPMCDaviesCampusSutter,0.4435683962134336,6.37,ROUTE_CPMCVanNessCampusSutter,0.4306570620143756,2.7216666666666667,ROUTE_CPMCDaviesCampusSutter,0.4435683962134336,6.37,ROUTE_CPMCVanNessCampusSutter,0.4306570620143756,2.7216666666666667
38.12777777775122,-122.2194444443996,216.9992996553764,HEMORRHAGIC,ROUTE_SutterSolanoMedicalCenter,0.24,5.715,ROUTE_SutterSolanoMedicalCenter,0.24,5.715,ROUTE_JohnMuirMedicalCenterWalnutCreekCampus,0.24,30.546666666666667,ROUTE_SutterSolanoMedicalCenter,0.24,5.715
37.75888888886204,-122.48194444439982,219.17290228762698,MIMIC,ROUTE_UCSFMedicalCenter,0.9,5.901666666666667,ROUTE_UCSFMedicalCenter,0.9,5.901666666666667,ROUTE_UCSFMedicalCenter,0.9,5.901666666666667,ROUTE_UCSFMedicalCenter,0.9,5.901666666666667
37.95749999997331,-122.33333333328858,100.88607341901107,HEMORRHAGIC,ROUTE_CPMCDaviesCampusSutter,0.24,34.894999999999996,ROUTE_KaiserFoundationHospitalRichmondCampus,0.24,8.451666666666666,ROUTE_CPMCDaviesCampusSutter,0.24,34.894999999999996,ROUTE_KaiserFoundationHospitalRichmondCampus,0.24,8.451666666666666
37.66027777775085,-121.86694444439932,267.1854729608459,HEMORRHAGIC,ROUTE_StanfordHealthCareTriValley,0.24,11.741666666666667,ROUTE_StanfordHealthCareTriValley,0.24,11.741666666666667,ROUTE_SutterEdenMedicalCenter,0.24,25.36,ROUTE_StanfordHealthCareTriValley,0.24,11.741666666666667
37.759444444417596,-122.4352777777331,174.89671132291954,LVO,ROUTE_CPMCDaviesCampusSutter,0.3997357113023252,3.4016666666666664,ROUTE_CPMCDaviesCampusSutter,0.3997357113023252,3.4016666666666664,ROUTE_CPMCDaviesCampusSutter,0.3997357113023252,3.4016666666666664,ROUTE_CPMCDaviesCampusSutter,0.3997357113023252,3.4016666666666664
37.409166666639535,-121.93888888884382,220.70132846534707,LVO,ROUTE_OConnorHospital,0.24466880000000002,15.71,ROUTE_OConnorHospital,0.24466880000000002,15.71,ROUTE_RegionalMedicalCenterOfSanJose,0.24466880000000002,18.123333333333335,ROUTE_OConnorHospital,0.24466880000000002,15.71
37.375833333306176,-122.0477777777328,51.45196395957582,HEMORRHAGIC,ROUTE_ElCaminoHealthMountainView,0.24,10.21,ROUTE_ElCaminoHealthMountainView,0.24,10.21,ROUTE_ElCaminoHealthMountainView,0.24,10.21,ROUTE_ElCaminoHealthMountainView,0.24,10.21
37.565555555528555,-122.33722222217747,45.33693370495201,HEMORRHAGIC,ROUTE_MillsPeninsulaMedicalCenterSutter,0.24,10.436666666666667,ROUTE_MillsPeninsulaMedicalCenterSutter,0.24,10.436666666666667,ROUTE_MillsPeninsulaMedicalCenterSutter,0.24,10.436666666666667,ROUTE_MillsPeninsulaMedicalCenterSutter,0.24,10.436666666666667
38.326388888862496,-122.32166666662191,250.62173640014598,HEMORRHAGIC,ROUTE_ProvidenceQueenOfTheValleyMedicalCenter,0.24,5.948333333333333,ROUTE_ProvidenceQueenOfTheValleyMedicalCenter,0.24,5.948333333333333,ROUTE_JohnMuirMedicalCenterWalnutCreekCampus,0.24,50.638333333333335,ROUTE_ProvidenceQueenOfTheValleyMedicalCenter,0.24,5.948333333333333
37.550833333306315,-121.98944444439942,118.67224809213796,HEMORRHAGIC,ROUTE_SutterEdenMedicalCenter,0.24,26.486666666666668,ROUTE_WashingtonHospitalHealthcareSystem,0.24,5.056666666666667,ROUTE_SutterEdenMedicalCenter,0.24,26.486666666666668,ROUTE_WashingtonHospitalHealthcareSystem,0.24,5.056666666666667
38.258055555529104,-122.01555555551055,98.13965329837393,LVO,ROUTE_JohnMuirMedicalCenterWalnutCreekCampus,0.4099855920553954,44.57,ROUTE_NorthBayMedicalCenter,0.2849915348849541,8.923333333333334,ROUTE_JohnMuirMedicalCenterWalnutCreekCampus,0.4099855920553954,44.57,ROUTE_NorthBayMedicalCenter,0.2849915348849541,8.923333333333334
37.782222222195394,-122.40333333328864,127.14505192076057,LVO,ROUTE_CPMCDaviesCampusSutter,0.41468384941811215,10.078333333333335,ROUTE_UCSFHealthHydeHospital,0.2775166973726911,6.208333333333333,ROUTE_CPMCDaviesCampusSutter,0.41468384941811215,10.078333333333335,ROUTE_UCSFHealthHydeHospital,0.2775166973726911,6.208333333333333
37.978888888862215,-122.56388888884432,52.32884037747755,HEMORRHAGIC,ROUTE_UCSFMedicalCenter,0.24,42.32666666666667,ROUTE_MarinHealthMedicalCenter,0.24,9.7,ROUTE_UCSFMedicalCenter,0.24,42.32666666666667,ROUTE_MarinHealthMedicalCenter,0.24,9.7
37.998333333306675,-122.27472222217743,130.96210629606418,HEMORRHAGIC,ROUTE_JohnMuirMedicalCenterWalnutCreekCampus,0.24,30.831666666666667,ROUTE_ContraCostaRegionalMedicalCenter,0.24,17.785,ROUTE_JohnMuirMedicalCenterWalnutCreekCampus,0.24,30.831666666666667,ROUTE_KaiserFoundationHospitalRichmondCampus,0.24,19.945
37.82444444441765,-122.27694444439965,31.006747069213993,LVO,ROUTE_SutterEdenMedicalCenter,0.44676671755605335,21.623333333333335,ROUTE_KaiserFoundationHospitalOaklandRichmond,0.4384094869391001,4.79,ROUTE_SutterEdenMedicalCenter,0.44676671755605335,21.623333333333335,ROUTE_KaiserFoundationHospitalOaklandRichmond,0.4384094869391001,4.79
37.84055555552877,-122.28166666662187,204.56254541380068,LVO,ROUTE_KaiserFoundationHospitalOaklandRichmond,0.2556333528651009,8.786666666666667,ROUTE_AltaBatesSummitMedicalCenterAltaBatesCampus,0.24466880000000002,7.998333333333333,ROUTE_CPMCDaviesCampusSutter,0.24466880000000002,25.58,ROUTE_KaiserFoundationHospitalOaklandRichmond,0.2556333528651009,8.786666666666667
37.55749999997299,-122.33249999995525,229.1329804385005,HEMORRHAGIC,ROUTE_SanMateoMedicalCenter,0.24,9.506666666666666,ROUTE_SanMateoMedicalCenter,0.24,9.506666666666666,ROUTE_MillsPeninsulaMedicalCenterSutter,0.24,12.479999999999999,ROUTE_MillsPeninsulaMedicalCenterSutter,0.24,12.479999999999999
37.76527777775093,-122.44861111106646,186.15349645136934,MIMIC,ROUTE_UCSFMedicalCenter,0.9,2.868333333333333,ROUTE_UCSFMedicalCenter,0.9,2.868333333333333,ROUTE_UCSFMedicalCenter,0.9,2.868333333333333,ROUTE_UCSFMedicalCenter,0.9,2.868333333333333
37.462777777750695,-122.14916666662177,134.57396946716477,HEMORRHAGIC,ROUTE_StanfordHealthCare,0.24,13.171666666666665,ROUTE_StanfordHealthCare,0.24,13.171666666666665,ROUTE_StanfordHealthCare,0.24,13.171666666666665,ROUTE_StanfordHealthCare,0.24,13.171666666666665
37.77361111108427,-122.48361111106648,89.1978868657111,LVO,ROUTE_UCSFMedicalCenter,0.4305300820978678,7.4399999999999995,ROUTE_UCSFHealthStanyanHospital,0.28835749003724515,6.923333333333333,ROUTE_UCSFMedicalCenter,0.4305300820978678,7.4399999999999995,ROUTE_UCSFHealthStanyanHospital,0.28835749003724515,6.923333333333333
37.94083333330663,-121.6866666666214,164.60498793956447,LVO,ROUTE_JohnMuirMedicalCenterWalnutCreekCampus,0.2556610809255517,41.995,ROUTE_KaiserFoundationHospitalAntioch,0.2639449321778561,15.776666666666667,ROUTE_JohnMuirMedicalCenterWalnutCreekCampus,0.2556610809255517,41.995,ROUTE_KaiserFoundationHospitalAntioch,0.2639449321778561,15.776666666666667
37.43472222219511,-121.90416666662158,56.014376286425325,LVO,ROUTE_RegionalMedicalCenterOfSanJose,0.4411534479363216,12.56,ROUTE_RegionalMedicalCenterOfSanJose,0.4411534479363216,12.56,ROUTE_RegionalMedicalCenterOfSanJose,0.4411534479363216,12.56,ROUTE_RegionalMedicalCenterOfSanJose,0.4411534479363216,12.56
37.96277777775109,-122.31194444439967,78.75691181093669,HEMORRHAGIC,ROUTE_JohnMuirMedicalCenterWalnutCreekCampus,0.24,35.48166666666667,ROUTE_KaiserFoundationHospitalRichmondCampus,0.24,13.978333333333333,ROUTE_JohnMuirMedicalCenterWalnutCreekCampus,0.24,35.48166666666667,ROUTE_KaiserFoundationHospitalRichmondCampus,0.24,13.978333333333333
37.99222222219556,-121.84111111106597,88.76790781903028,HEMORRHAGIC,ROUTE_JohnMuirMedicalCenterWalnutCreekCampus,0.24,29.303333333333335,ROUTE_SutterDeltaMedicalCenter,0.24,8.408333333333333,ROUTE_JohnMuirMedicalCenterWalnutCreekCampus,0.24,29.303333333333335,ROUTE_KaiserFoundationHospitalAntioch,0.24,14.22
37.725833333306454,-121.91499999995492,264.93701007276167,LVO,ROUTE_StanfordHealthCareTriValley,0.24466880000000002,12.156666666666666,ROUTE_StanfordHealthCareTriValley,0.24466880000000002,12.156666666666666,ROUTE_SutterEdenMedicalCenter,0.24466880000000002,20.105,ROUTE_StanfordHealthCareTriValley,0.24466880000000002,12.156666666666666
37.51916666663963,-122.30722222217746,183.81834270269476,HEMORRHAGIC,ROUTE_KaiserFoundationHospitalRedwoodCity,0.24,19.758333333333333,ROUTE_SanMateoMedicalCenter,0.24,7.126666666666667,ROUTE_KaiserFoundationHospitalRedwoodCity,0.24,19.758333333333333,ROUTE_SequoiaHospital,0.24,18.46333333333333
37.67555555552864,-122.48805555551093,237.04311019072932,LVO,ROUTE_AHMCSetonMedicalCenter,0.24466880000000002,4.251666666666667,ROUTE_AHMCSetonMedicalCenter,0.24466880000000002,4.251666666666667,ROUTE_MillsPeninsulaMedicalCenterSutter,0.24466880000000002,18.16,ROUTE_AHMCSetonMedicalCenter,0.24466880000000002,4.251666666666667
37.99249999997334,-122.11749999995507,199.2777017774239,HEMORRHAGIC,ROUTE_JohnMuirMedicalCenterConcordCampus,0.24,10.361666666666668,ROUTE_ContraCostaRegionalMedicalCenter,0.24,5.913333333333333,ROUTE_JohnMuirMedicalCenterWalnutCreekCampus,0.24,17.903333333333332,ROUTE_JohnMuirMedicalCenterConcordCampus,0.24,10.361666666666668
37.41833333330621,-121.90722222217713,33.945695525858056,HEMORRHAGIC,ROUTE_RegionalMedicalCenterOfSanJose,0.24,13.608333333333333,ROUTE_OConnorHospital,0.24,13.078333333333335,ROUTE_RegionalMedicalCenterOfSanJose,0.24,13.608333333333333,ROUTE_OConnorHospital,0.24,13.078333333333335
37.79361111108429,-122.24638888884407,94.08962795557257,LVO,ROUTE_SutterEdenMedicalCenter,0.4227343085144082,20.116666666666667,ROUTE_HighlandHospitalWilmaChanCampus,0.2883904321090407,2.7550000000000003,ROUTE_SutterEdenMedicalCenter,0.4227343085144082,20.116666666666667,ROUTE_HighlandHospitalWilmaChanCampus,0.2883904321090407,2.7550000000000003
37.77361111108427,-122.45222222217757,235.3689417087352,LVO,ROUTE_UCSFHealthStanyanHospital,0.24466880000000002,0.9700000000000001,ROUTE_UCSFHealthStanyanHospital,0.24466880000000002,0.9700000000000001,ROUTE_UCSFMedicalCenter,0.24466880000000002,4.376666666666667,ROUTE_UCSFHealthStanyanHospital,0.24466880000000002,0.9700000000000001
37.58444444441746,-122.34111111106637,204.38508189747782,HEMORRHAGIC,ROUTE_MillsPeninsulaMedicalCenterSutter,0.24,8.621666666666666,ROUTE_MillsPeninsulaMedicalCenterSutter,0.24,8.621666666666666,ROUTE_MillsPeninsulaMedicalCenterSutter,0.24,8.621666666666666,ROUTE_MillsPeninsulaMedicalCenterSutter,0.24,8.621666666666666
37.90555555552882,-122.4947222221776,60.83476907917099,HEMORRHAGIC,ROUTE_UCSFMedicalCenter,0.24,31.93166666666667,ROUTE_MarinHealthMedicalCenter,0.24,15.246666666666666,ROUTE_UCSFMedicalCenter,0.24,31.93166666666667,ROUTE_MarinHealthMedicalCenter,0.24,15.246666666666666
38.00999999997335,-122.09555555551061,114.68575250300637,MIMIC,ROUTE_JohnMuirMedicalCenterWalnutCreekCampus,0.9,16.798333333333332,ROUTE_ContraCostaRegionalMedicalCenter,0.9,7.071666666666667,ROUTE_JohnMuirMedicalCenterWalnutCreekCampus,0.9,16.798333333333332,ROUTE_JohnMuirMedicalCenterConcordCampus,0.9,11.236666666666668
37.99611111108445,-121.79638888884371,142.51116060154948,HEMORRHAGIC,ROUTE_JohnMuirMedicalCenterWalnutCreekCampus,0.24,29.525,ROUTE_SutterDeltaMedicalCenter,0.24,4.471666666666667,ROUTE_JohnMuirMedicalCenterWalnutCreekCampus,0.24,29.525,ROUTE_KaiserFoundationHospitalAntioch,0.24,9.988333333333333
37.55055555552854,-121.98499999995497,30.319518831504784,NLVO,ROUTE_SutterEdenMedicalCenter,0.5799264653561278,26.891666666666666,ROUTE_WashingtonHospitalHealthcareSystem,0.5943480101899473,3.296666666666667,ROUTE_SutterEdenMedicalCenter,0.5799264653561278,26.891666666666666,ROUTE_WashingtonHospitalHealthcareSystem,0.5943480101899473,3.296666666666667
37.5422222221952,-122.00472222217721,214.3011577303708,LVO,ROUTE_WashingtonHospitalHealthcareSystem,0.2532656838064833,8.373333333333333,ROUTE_WashingtonHospitalHealthcareSystem,0.2532656838064833,8.373333333333333,ROUTE_SutterEdenMedicalCenter,0.24466880000000002,23.89333333333333,ROUTE_WashingtonHospitalHealthcareSystem,0.2532656838064833,8.373333333333333
37.54499999997298,-122.04722222217724,261.6228221615986,LVO,ROUTE_StRoseHospital,0.24466880000000002,14.418333333333333,ROUTE_StRoseHospital,0.24466880000000002,14.418333333333333,ROUTE_SutterEdenMedicalCenter,0.24466880000000002,23.58,ROUTE_WashingtonHospitalHealthcareSystem,0.24466880000000002,17.228333333333335
38.0005555555289,-121.79666666662149,248.11809411544064,MIMIC,ROUTE_SutterDeltaMedicalCenter,0.9,4.581666666666666,ROUTE_SutterDeltaMedicalCenter,0.9,4.581666666666666,ROUTE_JohnMuirMedicalCenterWalnutCreekCampus,0.9,29.18,ROUTE_KaiserFoundationHospitalAntioch,0.9,10.098333333333333
37.42361111108399,-121.87777777773266,230.51219593408874,LVO,ROUTE_RegionalMedicalCenterOfSanJose,0.24466880000000002,11.148333333333333,ROUTE_RegionalMedicalCenterOfSanJose,0.24466880000000002,11.148333333333333,ROUTE_RegionalMedicalCenterOfSanJose,0.24466880000000002,11.148333333333333,ROUTE_RegionalMedicalCenterOfSanJose,0.24466880000000002,11.148333333333333
37.88499999997325,-122.29361111106633,184.22743787223857,HEMORRHAGIC,ROUTE_KaiserFoundationHospitalRichmondCampus,0.24,14.146666666666667,ROUTE_AltaBatesSummitMedicalCenterAltaBatesCampus,0.24,13.103333333333333,ROUTE_CPMCDaviesCampusSutter,0.24,31.38,ROUTE_KaiserFoundationHospitalRichmondCampus,0.24,14.146666666666667
38.160833333306805,-122.25777777773297,63.11259066363145,HEMORRHAGIC,ROUTE_JohnMuirMedicalCenterWalnutCreekCampus,0.24,35.54,ROUTE_KaiserFoundationHospitalVallejo,0.24,7.205,ROUTE_JohnMuirMedicalCenterWalnutCreekCampus,0.24,35.54,ROUTE_KaiserFoundationHospitalVallejo,0.24,7.205
37.93388888886218,-121.70499999995475,147.4891022600013,NLVO,ROUTE_JohnMuirMedicalCenterWalnutCreekCampus,0.5107895020430069,40.595,ROUTE_KaiserFoundationHospitalAntioch,0.5272309243191577,14.375,ROUTE_JohnMuirMedicalCenterWalnutCreekCampus,0.5107895020430069,40.595,ROUTE_KaiserFoundationHospitalAntioch,0.5272309243191577,14.375
37.71583333330645,-122.47638888884426,190.81840407131205,HEMORRHAGIC,ROUTE_UCSFMedicalCenter,0.24,12.621666666666666,ROUTE_AHMCSetonMedicalCenter,0.24,7.051666666666667,ROUTE_UCSFMedicalCenter,0.24,12.621666666666666,ROUTE_AHMCSetonMedicalCenter,0.24,7.051666666666667
38.25916666664022,-122.0072222221772,132.22156952577313,HEMORRHAGIC,ROUTE_JohnMuirMedicalCenterWalnutCreekCampus,0.24,47.11666666666667,ROUTE_NorthBayMedicalCenter,0.24,11.471666666666666,ROUTE_JohnMuirMedicalCenterWalnutCreekCampus,0.24,47.11666666666667,ROUTE_NorthBayMedicalCenter,0.24,11.471666666666666
37.739166666639804,-122.42388888884422,233.21259675283977,LVO,ROUTE_CPMCMissionBernalCampusSutter,0.24466880000000002,2.5733333333333333,ROUTE_CPMCMissionBernalCampusSutter,0.24466880000000002,2.5733333333333333,ROUTE_CPMCDaviesCampusSutter,0.24466880000000002,8.845,ROUTE_CPMCMissionBernalCampusSutter,0.24466880000000002,2.5733333333333333
37.76583333330649,-122.44388888884423,81.3426055430979,HEMORRHAGIC,ROUTE_CPMCDaviesCampusSutter,0.24,3.371666666666667,ROUTE_CPMCDaviesCampusSutter,0.24,3.371666666666667,ROUTE_CPMCDaviesCampusSutter,0.24,3.371666666666667,ROUTE_CPMCDaviesCampusSutter,0.24,3.371666666666667
37.70277777775088,-122.47361111106648,146.41483746890702,NLVO,ROUTE_CPMCDaviesCampusSutter,0.5273540093201703,15.073333333333332,ROUTE_AHMCSetonMedicalCenter,0.5329931556500516,6.043333333333334,ROUTE_CPMCDaviesCampusSutter,0.5273540093201703,15.073333333333332,ROUTE_AHMCSetonMedicalCenter,0.5329931556500516,6.043333333333334
37.95555555552886,-122.54361111106653,213.32643978692,HEMORRHAGIC,ROUTE_MarinHealthMedicalCenter,0.24,5.878333333333333,ROUTE_MarinHealthMedicalCenter,0.24,5.878333333333333,ROUTE_UCSFMedicalCenter,0.24,38.505,ROUTE_MarinHealthMedicalCenter,0.24,5.878333333333333
37.98916666664,-121.99999999995498,203.11368796962452,LVO,ROUTE_JohnMuirMedicalCenterConcordCampus,0.25614000721721975,8.358333333333333,ROUTE_JohnMuirMedicalCenterConcordCampus,0.25614000721721975,8.358333333333333,ROUTE_JohnMuirMedicalCenterWalnutCreekCampus,0.24466880000000002,19.603333333333335,ROUTE_JohnMuirMedicalCenterConcordCampus,0.25614000721721975,8.358333333333333
37.4638888888618,-122.25055555551074,73.01383057948922,LVO,ROUTE_KaiserFoundationHospitalRedwoodCity,0.4351155388435013,11.16,ROUTE_SequoiaHospital,0.29349453875519516,6.221666666666667,ROUTE_KaiserFoundationHospitalRedwoodCity,0.4351155388435013,11.16,ROUTE_SequoiaHospital,0.29349453875519516,6.221666666666667
37.80472222219541,-121.97194444439941,99.20859546866464,HEMORRHAGIC,ROUTE_JohnMuirMedicalCenterWalnutCreekCampus,0.24,20.748333333333335,ROUTE_SanRamonRegionalMedicalCenter,0.24,9.421666666666665,ROUTE_JohnMuirMedicalCenterWalnutCreekCampus,0.24,20.748333333333335,ROUTE_SanRamonRegionalMedicalCenter,0.24,9.421666666666665
37.532777777750745,-122.02944444439945,35.806256985573796,LVO,ROUTE_SutterEdenMedicalCenter,0.4431808633402934,25.136666666666667,ROUTE_WashingtonHospitalHealthcareSystem,0.43026531673009694,15.298333333333334,ROUTE_SutterEdenMedicalCenter,0.4431808633402934,25.136666666666667,ROUTE_WashingtonHospitalHealthcareSystem,0.43026531673009694,15.298333333333334
37.56388888886188,-122.29555555551077,57.18637593493953,LVO,ROUTE_MillsPeninsulaMedicalCenterSutter,0.4410426472272722,11.816666666666666,ROUTE_MillsPeninsulaMedicalCenterSutter,0.4410426472272722,11.816666666666666,ROUTE_MillsPeninsulaMedicalCenterSutter,0.4410426472272722,11.816666666666666,ROUTE_MillsPeninsulaMedicalCenterSutter,0.4410426472272722,11.816666666666666
37.466944444417365,-122.24611111106628,150.21645808483288,LVO,ROUTE_KaiserFoundationHospitalRedwoodCity,0.4060727937604055,9.828333333333335,ROUTE_SequoiaHospital,0.27145484471039,4.89,ROUTE_KaiserFoundationHospitalRedwoodCity,0.4060727937604055,9.828333333333335,ROUTE_SequoiaHospital,0.27145484471039,4.89
37.794722222195404,-122.40999999995532,250.2112917047073,LVO,ROUTE_ChineseHospital,0.24466880000000002,1.3783333333333334,ROUTE_ChineseHospital,0.24466880000000002,1.3783333333333334,ROUTE_CPMCDaviesCampusSutter,0.24466880000000002,10.618333333333334,ROUTE_ChineseHospital,0.24466880000000002,1.3783333333333334
37.543333333306315,-122.28416666662187,195.32378964545796,HEMORRHAGIC,ROUTE_MillsPeninsulaMedicalCenterSutter,0.24,12.791666666666666,ROUTE_SanMateoMedicalCenter,0.24,7.826666666666667,ROUTE_MillsPeninsulaMedicalCenterSutter,0.24,12.791666666666666,ROUTE_MillsPeninsulaMedicalCenterSutter,0.24,12.791666666666666
37.86805555552879,-122.04555555551057,154.12574781611164,HEMORRHAGIC,ROUTE_JohnMuirMedicalCenterWalnutCreekCampus,0.24,11.133333333333333,ROUTE_KaiserFoundationHospitalWalnutCreek,0.24,5.5216666666666665,ROUTE_JohnMuirMedicalCenterWalnutCreekCampus,0.24,11.133333333333333,ROUTE_KaiserFoundationHospitalWalnutCreek,0.24,5.5216666666666665
37.62277777775082,-122.08722222217727,120.00197460076085,MIMIC,ROUTE_SutterEdenMedicalCenter,0.9,15.603333333333333,ROUTE_StRoseHospital,0.9,2.94,ROUTE_SutterEdenMedicalCenter,0.9,15.603333333333333,ROUTE_KaiserFoundationHospitalSanLeandro,0.9,13.91
38.06666666664006,-122.56111111106654,153.43068171552233,HEMORRHAGIC,ROUTE_UCSFMedicalCenter,0.24,49.415,ROUTE_NovatoCommunityHospitalSutter,0.24,12.723333333333333,ROUTE_UCSFMedicalCenter,0.24,49.415,ROUTE_NovatoCommunityHospitalSutter,0.24,12.723333333333333
38.362222222195854,-122.28444444439965,242.89383779384414,LVO,ROUTE_ProvidenceQueenOfTheValleyMedicalCenter,0.24466880000000002,7.953333333333333,ROUTE_ProvidenceQueenOfTheValleyMedicalCenter,0.24466880000000002,7.953333333333333,ROUTE_JohnMuirMedicalCenterWalnutCreekCampus,0.24466880000000002,57.22833333333333,ROUTE_ProvidenceQueenOfTheValleyMedicalCenter,0.24466880000000002,7.953333333333333
37.795555555528736,-122.42944444439978,206.62636603669608,MIMIC,ROUTE_UCSFHealthHydeHospital,0.9,3.65,ROUTE_UCSFHealthHydeHospital,0.9,3.65,ROUTE_CPMCDaviesCampusSutter,0.9,9.514999999999999,ROUTE_UCSFHealthHydeHospital,0.9,3.65
37.35527777775061,-122.06444444439948,249.29449547892884,LVO,ROUTE_ElCaminoHealthMountainView,0.24466880000000002,7.531666666666666,ROUTE_ElCaminoHealthMountainView,0.24466880000000002,7.531666666666666,ROUTE_ElCaminoHealthMountainView,0.24466880000000002,7.531666666666666,ROUTE_ElCaminoHealthMountainView,0.24466880000000002,7.531666666666666
37.66499999997308,-121.86166666662155,260.94197628839106,NLVO,ROUTE_StanfordHealthCareTriValley,0.4622,11.488333333333333,ROUTE_StanfordHealthCareTriValley,0.4622,11.488333333333333,ROUTE_SutterEdenMedicalCenter,0.4622,25.973333333333336,ROUTE_StanfordHealthCareTriValley,0.4622,11.488333333333333
37.762777777750934,-122.47999999995537,67.1144581878251,HEMORRHAGIC,ROUTE_UCSFMedicalCenter,0.24,5.0600000000000005,ROUTE_UCSFMedicalCenter,0.24,5.0600000000000005,ROUTE_UCSFMedicalCenter,0.24,5.0600000000000005,ROUTE_UCSFMedicalCenter,0.24,5.0600000000000005
37.71527777775089,-121.9138888888438,222.86473869625783,LVO,ROUTE_StanfordHealthCareTriValley,0.24466880000000002,10.538333333333332,ROUTE_StanfordHealthCareTriValley,0.24466880000000002,10.538333333333332,ROUTE_SutterEdenMedicalCenter,0.24466880000000002,18.486666666666668,ROUTE_StanfordHealthCareTriValley,0.24466880000000002,10.538333333333332
37.86111111108434,-122.07833333328838,174.05790703024496,HEMORRHAGIC,ROUTE_JohnMuirMedicalCenterWalnutCreekCampus,0.24,18.85666666666667,ROUTE_KaiserFoundationHospitalWalnutCreek,0.24,16.585,ROUTE_JohnMuirMedicalCenterWalnutCreekCampus,0.24,18.85666666666667,ROUTE_KaiserFoundationHospitalWalnutCreek,0.24,16.585
37.39916666663953,-121.99111111106609,30.70867487488968,HEMORRHAGIC,ROUTE_KaiserFoundationHospitalSantaClara,0.24,14.073333333333332,ROUTE_KaiserFoundationHospitalSantaClara,0.24,14.073333333333332,ROUTE_KaiserFoundationHospitalSantaClara,0.24,14.073333333333332,ROUTE_KaiserFoundationHospitalSantaClara,0.24,14.073333333333332
37.753888888862036,-122.12388888884396,216.60479170964973,HEMORRHAGIC,ROUTE_HighlandHospitalWilmaChanCampus,0.24,12.533333333333333,ROUTE_HighlandHospitalWilmaChanCampus,0.24,12.533333333333333,ROUTE_SutterEdenMedicalCenter,0.24,15.205,ROUTE_HighlandHospitalWilmaChanCampus,0.24,12.533333333333333
37.727499999973126,-122.40861111106642,223.08179621723744,NLVO,ROUTE_ZuckerbergSanFranciscoGeneralHospital,0.4622,8.978333333333333,ROUTE_ZuckerbergSanFranciscoGeneralHospital,0.4622,8.978333333333333,ROUTE_CPMCDaviesCampusSutter,0.4622,13.751666666666667,ROUTE_ZuckerbergSanFranciscoGeneralHospital,0.4622,8.978333333333333
37.732777777750904,-122.23555555551073,120.11882742674403,LVO,ROUTE_SutterEdenMedicalCenter,0.4118170340070859,22.221666666666668,ROUTE_AlamedaHospital,0.2781917152844774,10.098333333333333,ROUTE_SutterEdenMedicalCenter,0.4118170340070859,22.221666666666668,ROUTE_AlamedaHospital,0.2781917152844774,10.098333333333333
37.9361111110844,-121.74249999995477,132.06990004659085,LVO,ROUTE_JohnMuirMedicalCenterWalnutCreekCampus,0.3994961166646881,39.62833333333333,ROUTE_KaiserFoundationHospitalAntioch,0.27367096074324565,13.41,ROUTE_JohnMuirMedicalCenterWalnutCreekCampus,0.3994961166646881,39.62833333333333,ROUTE_KaiserFoundationHospitalAntioch,0.27367096074324565,13.41
38.26472222219578,-122.0766666666217,145.86551493410877,HEMORRHAGIC,ROUTE_JohnMuirMedicalCenterWalnutCreekCampus,0.24,41.99333333333333,ROUTE_NorthBayMedicalCenter,0.24,9.803333333333335,ROUTE_JohnMuirMedicalCenterWalnutCreekCampus,0.24,41.99333333333333,ROUTE_NorthBayMedicalCenter,0.24,9.803333333333335
37.45694444441735,-122.1236111110662,43.36918468460923,MIMIC,ROUTE_KaiserFoundationHospitalRedwoodCity,0.9,14.623333333333333,ROUTE_KaiserFoundationHospitalRedwoodCity,0.9,14.623333333333333,ROUTE_KaiserFoundationHospitalRedwoodCity,0.9,14.623333333333333,ROUTE_KaiserFoundationHospitalRedwoodCity,0.9,14.623333333333333
37.38249999997285,-122.02083333328834,178.58901877161946,LVO,ROUTE_KaiserFoundationHospitalSantaClara,0.26133453213852764,12.268333333333334,ROUTE_KaiserFoundationHospitalSantaClara,0.26133453213852764,12.268333333333334,ROUTE_KaiserFoundationHospitalSantaClara,0.26133453213852764,12.268333333333334,ROUTE_KaiserFoundationHospitalSantaClara,0.26133453213852764,12.268333333333334
37.98472222219555,-122.07027777773281,237.20664183626258,LVO,ROUTE_JohnMuirMedicalCenterConcordCampus,0.24466880000000002,9.661666666666667,ROUTE_JohnMuirMedicalCenterConcordCampus,0.24466880000000002,9.661666666666667,ROUTE_JohnMuirMedicalCenterWalnutCreekCampus,0.24466880000000002,14.915,ROUTE_JohnMuirMedicalCenterConcordCampus,0.24466880000000002,9.661666666666667
37.703611111084214,-122.46555555551092,55.03373196975797,LVO,ROUTE_CPMCDaviesCampusSutter,0.4405445010286685,14.66,ROUTE_AHMCSetonMedicalCenter,0.42827291145893287,7.296666666666667,ROUTE_CPMCDaviesCampusSutter,0.4405445010286685,14.66,ROUTE_AHMCSetonMedicalCenter,0.42827291145893287,7.296666666666667
37.43222222219511,-122.15166666662176,49.504861730784896,HEMORRHAGIC,ROUTE_StanfordHealthCare,0.24,7.131666666666666,ROUTE_StanfordHealthCare,0.24,7.131666666666666,ROUTE_StanfordHealthCare,0.24,7.131666666666666,ROUTE_StanfordHealthCare,0.24,7.131666666666666
38.13361111108456,-122.57444444439989,127.14849905074624,MIMIC,ROUTE_UCSFMedicalCenter,0.9,54.776666666666664,ROUTE_NovatoCommunityHospitalSutter,0.9,13.53,ROUTE_UCSFMedicalCenter,0.9,54.776666666666664,ROUTE_NovatoCommunityHospitalSutter,0.9,13.53
37.97666666663999,-122.55666666662209,61.85761016445146,LVO,ROUTE_UCSFMedicalCenter,0.42551606147923116,40.97666666666667,ROUTE_MarinHealthMedicalCenter,0.2957637148137552,9.338333333333333,ROUTE_UCSFMedicalCenter,0.42551606147923116,40.97666666666667,ROUTE_MarinHealthMedicalCenter,0.2957637148137552,9.338333333333333
37.939999999973296,-122.34638888884415,35.31432512424567,LVO,ROUTE_CPMCDaviesCampusSutter,0.4393352503600365,33.64333333333333,ROUTE_KaiserFoundationHospitalRichmondCampus,0.43487688226479293,4.118333333333333,ROUTE_CPMCDaviesCampusSutter,0.4393352503600365,33.64333333333333,ROUTE_KaiserFoundationHospitalRichmondCampus,0.43487688226479293,4.118333333333333
37.76722222219538,-122.24805555551073,165.72077408482144,LVO,ROUTE_SutterEdenMedicalCenter,0.2620848656146674,20.64,ROUTE_AlamedaHospital,0.2681512518581837,1.9349999999999998,ROUTE_SutterEdenMedicalCenter,0.2620848656146674,20.64,ROUTE_AlamedaHospital,0.2681512518581837,1.9349999999999998
37.856666666639896,-122.21611111106627,39.43606677057406,NLVO,ROUTE_JohnMuirMedicalCenterWalnutCreekCampus,0.5770797065791369,23.936666666666667,ROUTE_AltaBatesSummitMedicalCenterAltaBatesCampus,0.5160659164922353,12.665,ROUTE_JohnMuirMedicalCenterWalnutCreekCampus,0.5770797065791369,23.936666666666667,ROUTE_HighlandHospitalWilmaChanCampus,0.5824062727375653,15.246666666666666
37.46083333330625,-122.22027777773293,166.98440664052922,LVO,ROUTE_KaiserFoundationHospitalRedwoodCity,0.2647540692611707,11.29,ROUTE_SequoiaHospital,0.2651154063154218,10.175,ROUTE_KaiserFoundationHospitalRedwoodCity,0.2647540692611707,11.29,ROUTE_SequoiaHospital,0.2651154063154218,10.175
37.639722222195275,-122.07749999995505,100.89072267491699,NLVO,ROUTE_SutterEdenMedicalCenter,0.5499218266661118,16.758333333333333,ROUTE_StRoseHospital,0.4622,6.010000000000001,ROUTE_SutterEdenMedicalCenter,0.5499218266661118,16.758333333333333,ROUTE_KaiserFoundationHospitalSanLeandro,0.5509713515617594,15.065
37.78888888886206,-122.38972222217751,257.2607797321099,LVO,ROUTE_ChineseHospital,0.24466880000000002,5.295,ROUTE_ChineseHospital,0.24466880000000002,5.295,ROUTE_CPMCDaviesCampusSutter,0.24466880000000002,11.783333333333333,ROUTE_ChineseHospital,0.24466880000000002,5.295
37.80555555552874,-122.23444444439961,71.94650171867762,LVO,ROUTE_SutterEdenMedicalCenter,0.4316538906329736,19.416666666666668,ROUTE_KaiserFoundationHospitalOaklandRichmond,0.29423940798129455,5.076666666666667,ROUTE_SutterEdenMedicalCenter,0.4316538906329736,19.416666666666668,ROUTE_KaiserFoundationHospitalOaklandRichmond,0.29423940798129455,5.076666666666667
37.661388888861964,-122.48249999995537,223.94206915435072,HEMORRHAGIC,ROUTE_AHMCSetonMedicalCenter,0.24,8.33,ROUTE_AHMCSetonMedicalCenter,0.24,8.33,ROUTE_MillsPeninsulaMedicalCenterSutter,0.24,17.938333333333333,ROUTE_AHMCSetonMedicalCenter,0.24,8.33
37.789166666639844,-122.4227777777331,54.15007701234004,HEMORRHAGIC,ROUTE_CPMCDaviesCampusSutter,0.24,7.931666666666667,ROUTE_UCSFHealthHydeHospital,0.24,1.885,ROUTE_CPMCDaviesCampusSutter,0.24,7.931666666666667,ROUTE_UCSFHealthHydeHospital,0.24,1.885
37.77166666663983,-122.42194444439977,126.6465034407235,LVO,ROUTE_CPMCDaviesCampusSutter,0.4171938671852926,5.011666666666667,ROUTE_CPMCVanNessCampusSutter,0.27817346321749414,4.711666666666667,ROUTE_CPMCDaviesCampusSutter,0.4171938671852926,5.011666666666667,ROUTE_CPMCVanNessCampusSutter,0.27817346321749414,4.711666666666667
37.78611111108428,-122.20777777773293,213.8188093870537,LVO,ROUTE_HighlandHospitalWilmaChanCampus,0.2540029025643646,6.366666666666666,ROUTE_HighlandHospitalWilmaChanCampus,0.2540029025643646,6.366666666666666,ROUTE_SutterEdenMedicalCenter,0.24466880000000002,17.915000000000003,ROUTE_HighlandHospitalWilmaChanCampus,0.2540029025643646,6.366666666666666
37.533611111084085,-121.9252777777327,240.2193973523982,MIMIC,ROUTE_KaiserFoundationHospitalFremont,0.9,10.645000000000001,ROUTE_KaiserFoundationHospitalFremont,0.9,10.645000000000001,ROUTE_RegionalMedicalCenterOfSanJose,0.9,20.466666666666665,ROUTE_KaiserFoundationHospitalFremont,0.9,10.645000000000001
37.71444444441756,-121.92416666662159,59.40830240786905,NLVO,ROUTE_SutterEdenMedicalCenter,0.5702343529246942,18.435,ROUTE_StanfordHealthCareTriValley,0.5740856523898443,12.17,ROUTE_SutterEdenMedicalCenter,0.5702343529246942,18.435,ROUTE_StanfordHealthCareTriValley,0.5740856523898443,12.17
37.87388888886213,-122.2788888888441,65.90862264323067,LVO,ROUTE_CPMCDaviesCampusSutter,0.42795599925692906,32.358333333333334,ROUTE_AltaBatesSummitMedicalCenterAltaBatesCampus,0.257000776162991,10.35,ROUTE_CPMCDaviesCampusSutter,0.42795599925692906,32.358333333333334,ROUTE_KaiserFoundationHospitalOaklandRichmond,0.2923111116613846,15.386666666666667
37.725277777750904,-122.158888888844,146.34428310440975,LVO,ROUTE_SutterEdenMedicalCenter,0.4059437061514003,13.341666666666667,ROUTE_SanLeandroHospitalAlamedaHealthSystem,0.24466880000000002,4.631666666666666,ROUTE_SutterEdenMedicalCenter,0.4059437061514003,13.341666666666667,ROUTE_KaiserFoundationHospitalSanLeandro,0.27131966023358756,8.521666666666667
37.72916666663979,-122.18555555551069,145.13360136661825,HEMORRHAGIC,ROUTE_SutterEdenMedicalCenter,0.24,15.29,ROUTE_KaiserFoundationHospitalSanLeandro,0.24,9.413333333333332,ROUTE_SutterEdenMedicalCenter,0.24,15.29,ROUTE_KaiserFoundationHospitalSanLeandro,0.24,9.413333333333332
37.590555555528574,-122.05916666662169,211.96727439267747,NLVO,ROUTE_StRoseHospital,0.4622,12.879999999999999,ROUTE_StRoseHospital,0.4622,12.879999999999999,ROUTE_SutterEdenMedicalCenter,0.4622,22.043333333333333,ROUTE_WashingtonHospitalHealthcareSystem,0.4622,18.348333333333336
37.76527777775093,-122.25277777773296,216.6055668399318,HEMORRHAGIC,ROUTE_AlamedaHospital,0.24,1.3150000000000002,ROUTE_AlamedaHospital,0.24,1.3150000000000002,ROUTE_SutterEdenMedicalCenter,0.24,21.926666666666666,ROUTE_AlamedaHospital,0.24,1.3150000000000002
37.97833333330666,-121.77166666662147,226.4746424355536,LVO,ROUTE_SutterDeltaMedicalCenter,0.24466880000000002,6.198333333333333,ROUTE_SutterDeltaMedicalCenter,0.24466880000000002,6.198333333333333,ROUTE_JohnMuirMedicalCenterWalnutCreekCampus,0.24466880000000002,32.83833333333333,ROUTE_KaiserFoundationHospitalAntioch,0.24466880000000002,6.77
37.84083333330655,-122.24972222217741,236.65940022020607,LVO,ROUTE_AltaBatesSummitMedicalCenterAltaBatesCampus,0.24466880000000002,6.755,ROUTE_AltaBatesSummitMedicalCenterAltaBatesCampus,0.24466880000000002,6.755,ROUTE_JohnMuirMedicalCenterWalnutCreekCampus,0.24466880000000002,22.341666666666665,ROUTE_KaiserFoundationHospitalOaklandRichmond,0.24466880000000002,6.821666666666667
37.659166666639734,-122.4644444443998,53.64273431901769,LVO,ROUTE_MillsPeninsulaMedicalCenterSutter,0.4405970934045006,15.708333333333334,ROUTE_AHMCSetonMedicalCenter,0.4284815585632872,8.018333333333334,ROUTE_MillsPeninsulaMedicalCenterSutter,0.4405970934045006,15.708333333333334,ROUTE_AHMCSetonMedicalCenter,0.4284815585632872,8.018333333333334
37.6811111110842,-121.86749999995487,232.11125998593585,NLVO,ROUTE_StanfordHealthCareTriValley,0.4622,7.096666666666667,ROUTE_StanfordHealthCareTriValley,0.4622,7.096666666666667,ROUTE_SutterEdenMedicalCenter,0.4622,24.918333333333333,ROUTE_StanfordHealthCareTriValley,0.4622,7.096666666666667
37.69555555552866,-122.16027777773289,85.17020502002484,HEMORRHAGIC,ROUTE_SutterEdenMedicalCenter,0.24,11.365,ROUTE_KaiserFoundationHospitalSanLeandro,0.24,3.8,ROUTE_SutterEdenMedicalCenter,0.24,11.365,ROUTE_KaiserFoundationHospitalSanLeandro,0.24,3.8
37.66111111108418,-122.11416666662174,33.3484017271244,HEMORRHAGIC,ROUTE_SutterEdenMedicalCenter,0.24,14.181666666666667,ROUTE_StRoseHospital,0.24,8.825,ROUTE_SutterEdenMedicalCenter,0.24,14.181666666666667,ROUTE_KaiserFoundationHospitalSanLeandro,0.24,12.488333333333333
37.687777777750874,-121.876111111066,36.688511748365826,NLVO,ROUTE_SutterEdenMedicalCenter,0.5805500311112389,20.566666666666666,ROUTE_StanfordHealthCareTriValley,0.591447642760664,2.7449999999999997,ROUTE_SutterEdenMedicalCenter,0.5805500311112389,20.566666666666666,ROUTE_StanfordHealthCareTriValley,0.591447642760664,2.7449999999999997
37.77555555552872,-122.44027777773312,174.1029201149795,LVO,ROUTE_CPMCDaviesCampusSutter,0.3999563079287454,3.5683333333333334,ROUTE_CPMCDaviesCampusSutter,0.3999563079287454,3.5683333333333334,ROUTE_CPMCDaviesCampusSutter,0.3999563079287454,3.5683333333333334,ROUTE_CPMCDaviesCampusSutter,0.3999563079287454,3.5683333333333334
37.35555555552838,-122.00249999995499,158.3433837063327,LVO,ROUTE_KaiserFoundationHospitalSantaClara,0.4040018755861157,7.66,ROUTE_KaiserFoundationHospitalSantaClara,0.4040018755861157,7.66,ROUTE_KaiserFoundationHospitalSantaClara,0.4040018755861157,7.66,ROUTE_KaiserFoundationHospitalSantaClara,0.4040018755861157,7.66
37.34138888886171,-122.03361111106612,236.3587731254708,NLVO,ROUTE_KaiserFoundationHospitalSantaClara,0.4622,9.773333333333333,ROUTE_KaiserFoundationHospitalSantaClara,0.4622,9.773333333333333,ROUTE_KaiserFoundationHospitalSantaClara,0.4622,9.773333333333333,ROUTE_KaiserFoundationHospitalSantaClara,0.4622,9.773333333333333
37.826111111084316,-122.19138888884403,190.91221529431556,LVO,ROUTE_HighlandHospitalWilmaChanCampus,0.2575823078805807,13.893333333333334,ROUTE_HighlandHospitalWilmaChanCampus,0.2575823078805807,13.893333333333334,ROUTE_SutterEdenMedicalCenter,0.25472924052296253,23.091666666666665,ROUTE_HighlandHospitalWilmaChanCampus,0.2575823078805807,13.893333333333334
37.64166666663972,-122.07722222217727,214.40190472204716,LVO,ROUTE_StRoseHospital,0.24466880000000002,5.8533333333333335,ROUTE_StRoseHospital,0.24466880000000002,5.8533333333333335,ROUTE_SutterEdenMedicalCenter,0.24466880000000002,16.601666666666667,ROUTE_KaiserFoundationHospitalSanLeandro,0.24466880000000002,14.908333333333333
37.72361111108423,-122.45972222217758,72.97457694502492,HEMORRHAGIC,ROUTE_UCSFMedicalCenter,0.24,12.348333333333333,ROUTE_CPMCMissionBernalCampusSutter,0.24,8.491666666666667,ROUTE_UCSFMedicalCenter,0.24,12.348333333333333,ROUTE_CPMCMissionBernalCampusSutter,0.24,8.491666666666667
37.98416666664,-121.6891666666214,233.96554441200348,HEMORRHAGIC,ROUTE_KaiserFoundationHospitalAntioch,0.24,17.14333333333333,ROUTE_KaiserFoundationHospitalAntioch,0.24,17.14333333333333,ROUTE_JohnMuirMedicalCenterWalnutCreekCampus,0.24,38.75333333333333,ROUTE_KaiserFoundationHospitalAntioch,0.24,17.14333333333333
38.02972222219559,-121.96861111106607,97.95652765621593,HEMORRHAGIC,ROUTE_JohnMuirMedicalCenterWalnutCreekCampus,0.24,21.271666666666665,ROUTE_JohnMuirMedicalCenterConcordCampus,0.24,11.511666666666667,ROUTE_JohnMuirMedicalCenterWalnutCreekCampus,0.24,21.271666666666665,ROUTE_JohnMuirMedicalCenterConcordCampus,0.24,11.511666666666667
37.99638888886223,-121.71999999995477,46.11237670825817,LVO,ROUTE_JohnMuirMedicalCenterWalnutCreekCampus,0.43303334462447485,38.005,ROUTE_KaiserFoundationHospitalAntioch,0.2980083715757008,16.396666666666665,ROUTE_JohnMuirMedicalCenterWalnutCreekCampus,0.43303334462447485,38.005,ROUTE_KaiserFoundationHospitalAntioch,0.2980083715757008,16.396666666666665
37.93944444441774,-122.35361111106637,255.7520687474547,LVO,ROUTE_KaiserFoundationHospitalRichmondCampus,0.24466880000000002,3.878333333333333,ROUTE_KaiserFoundationHospitalRichmondCampus,0.24466880000000002,3.878333333333333,ROUTE_CPMCDaviesCampusSutter,0.24466880000000002,35.25333333333333,ROUTE_KaiserFoundationHospitalRichmondCampus,0.24466880000000002,3.878333333333333
37.96888888886221,-122.01527777773278,104.90121495974493,HEMORRHAGIC,ROUTE_JohnMuirMedicalCenterWalnutCreekCampus,0.24,14.086666666666668,ROUTE_JohnMuirMedicalCenterConcordCampus,0.24,6.556666666666667,ROUTE_JohnMuirMedicalCenterWalnutCreekCampus,0.24,14.086666666666668,ROUTE_JohnMuirMedicalCenterConcordCampus,0.24,6.556666666666667
37.54777777775076,-121.9430555555105,64.239508217299,LVO,ROUTE_RegionalMedicalCenterOfSanJose,0.43384584571886864,21.17,ROUTE_KaiserFoundationHospitalFremont,0.29539773177813,8.346666666666668,ROUTE_RegionalMedicalCenterOfSanJose,0.43384584571886864,21.17,ROUTE_KaiserFoundationHospitalFremont,0.29539773177813,8.346666666666668
38.294444444418026,-122.2724999999552,230.49667294806108,HEMORRHAGIC,ROUTE_ProvidenceQueenOfTheValleyMedicalCenter,0.24,11.535,ROUTE_ProvidenceQueenOfTheValleyMedicalCenter,0.24,11.535,ROUTE_JohnMuirMedicalCenterWalnutCreekCampus,0.24,53.001666666666665,ROUTE_ProvidenceQueenOfTheValleyMedicalCenter,0.24,11.535
37.71666666663978,-122.13916666662176,148.53157798210947,LVO,ROUTE_SutterEdenMedicalCenter,0.4062165773129961,10.913333333333332,ROUTE_SanLeandroHospitalAlamedaHealthSystem,0.24466880000000002,1.775,ROUTE_SutterEdenMedicalCenter,0.4062165773129961,10.913333333333332,ROUTE_KaiserFoundationHospitalSanLeandro,0.2701927912804395,10.083333333333334
37.76249999997315,-122.24249999995517,57.58050474721117,HEMORRHAGIC,ROUTE_SutterEdenMedicalCenter,0.24,19.998333333333335,ROUTE_AlamedaHospital,0.24,2.981666666666667,ROUTE_SutterEdenMedicalCenter,0.24,19.998333333333335,ROUTE_AlamedaHospital,0.24,2.981666666666667
37.537777777750755,-122.04583333328836,240.801665444349,LVO,ROUTE_StRoseHospital,0.24466880000000002,16.42,ROUTE_StRoseHospital,0.24466880000000002,16.42,ROUTE_SutterEdenMedicalCenter,0.24466880000000002,25.583333333333332,ROUTE_WashingtonHospitalHealthcareSystem,0.24466880000000002,17.25
37.86249999997323,-122.2599999999552,259.48905187429597,LVO,ROUTE_AltaBatesSummitMedicalCenterAltaBatesCampus,0.24466880000000002,2.665,ROUTE_AltaBatesSummitMedicalCenterAltaBatesCampus,0.24466880000000002,2.665,ROUTE_JohnMuirMedicalCenterWalnutCreekCampus,0.24466880000000002,26.46333333333333,ROUTE_KaiserFoundationHospitalOaklandRichmond,0.24466880000000002,11.791666666666666
37.64027777775083,-122.41416666662198,102.07617344905353,HEMORRHAGIC,ROUTE_MillsPeninsulaMedicalCenterSutter,0.24,11.82,ROUTE_KaiserFoundationHospitalSouthSanFrancisco,0.24,9.378333333333334,ROUTE_MillsPeninsulaMedicalCenterSutter,0.24,11.82,ROUTE_KaiserFoundationHospitalSouthSanFrancisco,0.24,9.378333333333334
37.68749999997309,-121.88583333328822,192.4450788084212,LVO,ROUTE_StanfordHealthCareTriValley,0.260663710038994,2.8316666666666666,ROUTE_StanfordHealthCareTriValley,0.260663710038994,2.8316666666666666,ROUTE_SutterEdenMedicalCenter,0.2551281241433036,20.52,ROUTE_StanfordHealthCareTriValley,0.260663710038994,2.8316666666666666
37.88777777775103,-122.29499999995522,191.45563894599243,HEMORRHAGIC,ROUTE_KaiserFoundationHospitalRichmondCampus,0.24,13.685,ROUTE_KaiserFoundationHospitalRichmondCampus,0.24,13.685,ROUTE_CPMCDaviesCampusSutter,0.24,30.918333333333333,ROUTE_KaiserFoundationHospitalRichmondCampus,0.24,13.685
37.74722222219536,-122.16249999995512,189.33077070236902,HEMORRHAGIC,ROUTE_SutterEdenMedicalCenter,0.24,13.216666666666667,ROUTE_SanLeandroHospitalAlamedaHealthSystem,0.24,11.033333333333333,ROUTE_SutterEdenMedicalCenter,0.24,13.216666666666667,ROUTE_HighlandHospitalWilmaChanCampus,0.24,11.836666666666668
37.675833333306414,-121.90555555551046,234.98785963845603,HEMORRHAGIC,ROUTE_StanfordHealthCareTriValley,0.24,7.543333333333334,ROUTE_StanfordHealthCareTriValley,0.24,7.543333333333334,ROUTE_SutterEdenMedicalCenter,0.24,21.36,ROUTE_StanfordHealthCareTriValley,0.24,7.543333333333334
37.756666666639816,-122.4972222221776,53.105437341367065,NLVO,ROUTE_UCSFMedicalCenter,0.5793809593948368,8.793333333333333,ROUTE_UCSFMedicalCenter,0.5793809593948368,8.793333333333333,ROUTE_UCSFMedicalCenter,0.5793809593948368,8.793333333333333,ROUTE_UCSFMedicalCenter,0.5793809593948368,8.793333333333333
37.51166666663962,-121.91305555551047,118.87140355740891,LVO,ROUTE_RegionalMedicalCenterOfSanJose,0.413177581200052,20.273333333333333,ROUTE_KaiserFoundationHospitalFremont,0.27587600158498415,17.903333333333332,ROUTE_RegionalMedicalCenterOfSanJose,0.413177581200052,20.273333333333333,ROUTE_KaiserFoundationHospitalFremont,0.27587600158498415,17.903333333333332
37.553611111084095,-122.34777777773304,161.94321336926234,LVO,ROUTE_MillsPeninsulaMedicalCenterSutter,0.40035541156525234,12.806666666666667,ROUTE_MillsPeninsulaMedicalCenterSutter,0.40035541156525234,12.806666666666667,ROUTE_MillsPeninsulaMedicalCenterSutter,0.40035541156525234,12.806666666666667,ROUTE_MillsPeninsulaMedicalCenterSutter,0.40035541156525234,12.806666666666667
37.38305555552841,-122.21777777773293,60.33409830421411,LVO,ROUTE_StanfordHealthCare,0.4339592497404659,24.183333333333334,ROUTE_StanfordHealthCare,0.4339592497404659,24.183333333333334,ROUTE_StanfordHealthCare,0.4339592497404659,24.183333333333334,ROUTE_StanfordHealthCare,0.4339592497404659,24.183333333333334
37.708611111084224,-121.734722222177,34.25452966615211,NLVO,ROUTE_SutterEdenMedicalCenter,0.578651804983333,25.691666666666666,ROUTE_StanfordHealthCareTriValley,0.5856320242188104,14.293333333333333,ROUTE_SutterEdenMedicalCenter,0.578651804983333,25.691666666666666,ROUTE_StanfordHealthCareTriValley,0.5856320242188104,14.293333333333333
37.52222222219518,-121.94749999995494,265.76206645091924,LVO,ROUTE_KaiserFoundationHospitalFremont,0.24466880000000002,10.72,ROUTE_KaiserFoundationHospitalFremont,0.24466880000000002,10.72,ROUTE_RegionalMedicalCenterOfSanJose,0.24466880000000002,17.146666666666665,ROUTE_KaiserFoundationHospitalFremont,0.24466880000000002,10.72
37.7694444444176,-122.19805555551069,156.98438992649966,MIMIC,ROUTE_SutterEdenMedicalCenter,0.9,18.011666666666667,ROUTE_HighlandHospitalWilmaChanCampus,0.9,10.504999999999999,ROUTE_SutterEdenMedicalCenter,0.9,18.011666666666667,ROUTE_HighlandHospitalWilmaChanCampus,0.9,10.504999999999999
37.506388888861835,-122.48111111106648,263.05666760422827,LVO,ROUTE_AHMCSetonMedicalCenter,0.24466880000000002,33.986666666666665,ROUTE_AHMCSetonMedicalCenter,0.24466880000000002,33.986666666666665,ROUTE_MillsPeninsulaMedicalCenterSutter,0.24466880000000002,36.37,ROUTE_AHMCSetonMedicalCenter,0.24466880000000002,33.986666666666665
37.64083333330639,-122.45333333328868,61.368798419284346,HEMORRHAGIC,ROUTE_MillsPeninsulaMedicalCenterSutter,0.24,12.938333333333333,ROUTE_KaiserFoundationHospitalSouthSanFrancisco,0.24,7.193333333333333,ROUTE_MillsPeninsulaMedicalCenterSutter,0.24,12.938333333333333,ROUTE_KaiserFoundationHospitalSouthSanFrancisco,0.24,7.193333333333333
37.80749999997319,-122.29499999995522,99.15092363085091,NLVO,ROUTE_CPMCDaviesCampusSutter,0.5459388681598945,24.628333333333334,ROUTE_KaiserFoundationHospitalOaklandRichmond,0.555581777814098,9.068333333333333,ROUTE_CPMCDaviesCampusSutter,0.5459388681598945,24.628333333333334,ROUTE_KaiserFoundationHospitalOaklandRichmond,0.555581777814098,9.068333333333333
37.80138888886207,-122.21083333328849,84.70538539158086,LVO,ROUTE_SutterEdenMedicalCenter,0.42759678720655825,17.465,ROUTE_HighlandHospitalWilmaChanCampus,0.2906388129841303,4.331666666666666,ROUTE_SutterEdenMedicalCenter,0.42759678720655825,17.465,ROUTE_HighlandHospitalWilmaChanCampus,0.2906388129841303,4.331666666666666
38.05638888886228,-122.51583333328873,95.19452839402933,MIMIC,ROUTE_UCSFMedicalCenter,0.9,49.568333333333335,ROUTE_NovatoCommunityHospitalSutter,0.9,11.403333333333334,ROUTE_UCSFMedicalCenter,0.9,49.568333333333335,ROUTE_NovatoCommunityHospitalSutter,0.9,11.403333333333334
38.293055555529136,-121.97916666662164,226.6021560315215,HEMORRHAGIC,ROUTE_NorthBayVacaValleyHospital,0.24,16.483333333333334,ROUTE_NorthBayVacaValleyHospital,0.24,16.483333333333334,ROUTE_JohnMuirMedicalCenterWalnutCreekCampus,0.24,52.14333333333333,ROUTE_NorthBayVacaValleyHospital,0.24,16.483333333333334
37.810833333306526,-122.23583333328851,147.28459307452968,HEMORRHAGIC,ROUTE_SutterEdenMedicalCenter,0.24,20.290000000000003,ROUTE_HighlandHospitalWilmaChanCampus,0.24,6.213333333333334,ROUTE_SutterEdenMedicalCenter,0.24,20.290000000000003,ROUTE_HighlandHospitalWilmaChanCampus,0.24,6.213333333333334
37.6205555555286,-122.40805555551087,42.640302119885845,LVO,ROUTE_MillsPeninsulaMedicalCenterSutter,0.4488715170303982,7.535,ROUTE_MillsPeninsulaMedicalCenterSutter,0.4488715170303982,7.535,ROUTE_MillsPeninsulaMedicalCenterSutter,0.4488715170303982,7.535,ROUTE_MillsPeninsulaMedicalCenterSutter,0.4488715170303982,7.535
37.7227777777509,-122.18249999995513,136.40495483838396,LVO,ROUTE_SutterEdenMedicalCenter,0.4094358436254198,13.895000000000001,ROUTE_KaiserFoundationHospitalSanLeandro,0.27427132926270065,8.02,ROUTE_SutterEdenMedicalCenter,0.4094358436254198,13.895000000000001,ROUTE_KaiserFoundationHospitalSanLeandro,0.27427132926270065,8.02
37.63111111108416,-122.45083333328867,68.21880509606063,HEMORRHAGIC,ROUTE_MillsPeninsulaMedicalCenterSutter,0.24,14.478333333333333,ROUTE_KaiserFoundationHospitalSouthSanFrancisco,0.24,11.346666666666666,ROUTE_MillsPeninsulaMedicalCenterSutter,0.24,14.478333333333333,ROUTE_KaiserFoundationHospitalSouthSanFrancisco,0.24,11.346666666666666
37.623055555528595,-122.12388888884396,38.41487752882933,LVO,ROUTE_SutterEdenMedicalCenter,0.4468248734651513,15.328333333333335,ROUTE_StRoseHospital,0.4034018844928715,6.516666666666667,ROUTE_SutterEdenMedicalCenter,0.4468248734651513,15.328333333333335,ROUTE_KaiserFoundationHospitalSanLeandro,0.43221739024427347,13.635
38.03472222219559,-122.2624999999552,119.95769103137866,LVO,ROUTE_JohnMuirMedicalCenterWalnutCreekCampus,0.40760853637437355,31.64,ROUTE_ContraCostaRegionalMedicalCenter,0.24466880000000002,18.59333333333333,ROUTE_JohnMuirMedicalCenterWalnutCreekCampus,0.40760853637437355,31.64,ROUTE_KaiserFoundationHospitalRichmondCampus,0.275168585357495,19.078333333333333
37.976111111084435,-122.34694444439971,84.33081227445967,HEMORRHAGIC,ROUTE_JohnMuirMedicalCenterWalnutCreekCampus,0.24,38.09166666666667,ROUTE_KaiserFoundationHospitalRichmondCampus,0.24,11.423333333333334,ROUTE_JohnMuirMedicalCenterWalnutCreekCampus,0.24,38.09166666666667,ROUTE_KaiserFoundationHospitalRichmondCampus,0.24,11.423333333333334
38.23055555552909,-122.12999999995509,107.7560440473448,MIMIC,ROUTE_JohnMuirMedicalCenterWalnutCreekCampus,0.9,37.235,ROUTE_NorthBayMedicalCenter,0.9,11.703333333333335,ROUTE_JohnMuirMedicalCenterWalnutCreekCampus,0.9,37.235,ROUTE_NorthBayMedicalCenter,0.9,11.703333333333335
37.95027777775108,-122.34722222217748,41.2323016945427,HEMORRHAGIC,ROUTE_CPMCDaviesCampusSutter,0.24,34.665,ROUTE_KaiserFoundationHospitalRichmondCampus,0.24,4.926666666666667,ROUTE_CPMCDaviesCampusSutter,0.24,34.665,ROUTE_KaiserFoundationHospitalRichmondCampus,0.24,4.926666666666667
37.91694444441772,-122.30833333328856,206.1047327891914,HEMORRHAGIC,ROUTE_KaiserFoundationHospitalRichmondCampus,0.24,12.121666666666666,ROUTE_KaiserFoundationHospitalRichmondCampus,0.24,12.121666666666666,ROUTE_CPMCDaviesCampusSutter,0.24,31.881666666666668,ROUTE_KaiserFoundationHospitalRichmondCampus,0.24,12.121666666666666
37.6444444444175,-122.47222222217758,181.57592716682888,LVO,ROUTE_MillsPeninsulaMedicalCenterSutter,0.25934959478990616,16.043333333333333,ROUTE_AHMCSetonMedicalCenter,0.2616806325385303,8.693333333333333,ROUTE_MillsPeninsulaMedicalCenterSutter,0.25934959478990616,16.043333333333333,ROUTE_AHMCSetonMedicalCenter,0.2616806325385303,8.693333333333333
37.69694444441755,-122.06638888884393,125.77346990329919,LVO,ROUTE_SutterEdenMedicalCenter,0.4160369484030859,8.263333333333334,ROUTE_SutterEdenMedicalCenter,0.4160369484030859,8.263333333333334,ROUTE_SutterEdenMedicalCenter,0.4160369484030859,8.263333333333334,ROUTE_SutterEdenMedicalCenter,0.4160369484030859,8.263333333333334
38.00916666664002,-122.56361111106655,193.32489432546657,LVO,ROUTE_KaiserFoundationHospitalSanRafael,0.259713324785231,5.1,ROUTE_KaiserFoundationHospitalSanRafael,0.259713324785231,5.1,ROUTE_UCSFMedicalCenter,0.24466880000000002,43.333333333333336,ROUTE_KaiserFoundationHospitalSanRafael,0.259713324785231,5.1
37.9449999999733,-121.94527777773271,75.62066837268904,HEMORRHAGIC,ROUTE_JohnMuirMedicalCenterWalnutCreekCampus,0.24,13.788333333333332,ROUTE_JohnMuirMedicalCenterWalnutCreekCampus,0.24,13.788333333333332,ROUTE_JohnMuirMedicalCenterWalnutCreekCampus,0.24,13.788333333333332,ROUTE_JohnMuirMedicalCenterWalnutCreekCampus,0.24,13.788333333333332
37.8919444444177,-121.58888888884354,255.53772363011058,LVO,ROUTE_KaiserFoundationHospitalAntioch,0.24466880000000002,25.075,ROUTE_KaiserFoundationHospitalAntioch,0.24466880000000002,25.075,ROUTE_JohnMuirMedicalCenterWalnutCreekCampus,0.24466880000000002,50.6,ROUTE_KaiserFoundationHospitalAntioch,0.24466880000000002,25.075
37.80305555552874,-121.92805555551048,178.89294183136573,LVO,ROUTE_JohnMuirMedicalCenterWalnutCreekCampus,0.25779472059830044,23.23,ROUTE_SanRamonRegionalMedicalCenter,0.261468875626563,11.593333333333334,ROUTE_JohnMuirMedicalCenterWalnutCreekCampus,0.25779472059830044,23.23,ROUTE_SanRamonRegionalMedicalCenter,0.261468875626563,11.593333333333334
37.93249999997329,-122.37138888884417,177.41667308263703,LVO,ROUTE_KaiserFoundationHospitalRichmondCampus,0.2641913634539113,4.336666666666667,ROUTE_KaiserFoundationHospitalRichmondCampus,0.2641913634539113,4.336666666666667,ROUTE_CPMCDaviesCampusSutter,0.2544701813776798,35.18,ROUTE_KaiserFoundationHospitalRichmondCampus,0.2641913634539113,4.336666666666667
37.540555555528535,-121.9594444443994,253.1199612361895,HEMORRHAGIC,ROUTE_KaiserFoundationHospitalFremont,0.24,7.4350000000000005,ROUTE_KaiserFoundationHospitalFremont,0.24,7.4350000000000005,ROUTE_RegionalMedicalCenterOfSanJose,0.24,23.67,ROUTE_KaiserFoundationHospitalFremont,0.24,7.4350000000000005
37.798055555528734,-121.88444444439934,49.57842191350388,MIMIC,ROUTE_JohnMuirMedicalCenterWalnutCreekCampus,0.9,28.220000000000002,ROUTE_SanRamonRegionalMedicalCenter,0.9,15.208333333333334,ROUTE_JohnMuirMedicalCenterWalnutCreekCampus,0.9,28.220000000000002,ROUTE_SanRamonRegionalMedicalCenter,0.9,15.208333333333334
37.44916666663957,-121.9063888888438,110.16129996167345,LVO,ROUTE_RegionalMedicalCenterOfSanJose,0.41965489028009695,13.395000000000001,ROUTE_RegionalMedicalCenterOfSanJose,0.41965489028009695,13.395000000000001,ROUTE_RegionalMedicalCenterOfSanJose,0.41965489028009695,13.395000000000001,ROUTE_RegionalMedicalCenterOfSanJose,0.41965489028009695,13.395000000000001
37.439166666639565,-122.11861111106619,247.15570797952603,HEMORRHAGIC,ROUTE_StanfordHealthCare,0.24,14.866666666666667,ROUTE_StanfordHealthCare,0.24,14.866666666666667,ROUTE_StanfordHealthCare,0.24,14.866666666666667,ROUTE_StanfordHealthCare,0.24,14.866666666666667
37.66305555552863,-122.11111111106618,266.42879567216744,HEMORRHAGIC,ROUTE_StRoseHospital,0.24,6.996666666666667,ROUTE_StRoseHospital,0.24,6.996666666666667,ROUTE_SutterEdenMedicalCenter,0.24,12.354999999999999,ROUTE_KaiserFoundationHospitalSanLeandro,0.24,10.661666666666667
37.86722222219546,-122.26444444439964,59.22903790379622,LVO,ROUTE_SutterEdenMedicalCenter,0.4326817240319908,27.823333333333334,ROUTE_AltaBatesSummitMedicalCenterAltaBatesCampus,0.2604865465220967,4.826666666666667,ROUTE_SutterEdenMedicalCenter,0.4326817240319908,27.823333333333334,ROUTE_KaiserFoundationHospitalOaklandRichmond,0.29487183180272447,13.951666666666666
37.94361111108441,-121.72999999995477,89.94636894386039,NLVO,ROUTE_JohnMuirMedicalCenterWalnutCreekCampus,0.5440573352052126,35.32833333333333,ROUTE_KaiserFoundationHospitalAntioch,0.5602967906017837,9.110000000000001,ROUTE_JohnMuirMedicalCenterWalnutCreekCampus,0.5440573352052126,35.32833333333333,ROUTE_KaiserFoundationHospitalAntioch,0.5602967906017837,9.110000000000001
37.444722222195125,-121.91861111106603,266.76510920170665,HEMORRHAGIC,ROUTE_OConnorHospital,0.24,16.568333333333335,ROUTE_OConnorHospital,0.24,16.568333333333335,ROUTE_RegionalMedicalCenterOfSanJose,0.24,18.688333333333333,ROUTE_OConnorHospital,0.24,16.568333333333335
37.751111111084256,-122.41361111106643,238.81011688759884,LVO,ROUTE_ZuckerbergSanFranciscoGeneralHospital,0.24466880000000002,3.356666666666667,ROUTE_ZuckerbergSanFranciscoGeneralHospital,0.24466880000000002,3.356666666666667,ROUTE_CPMCDaviesCampusSutter,0.24466880000000002,7.991666666666666,ROUTE_ZuckerbergSanFranciscoGeneralHospital,0.24466880000000002,3.356666666666667
37.908055555528826,-122.26916666662187,162.74468590747804,LVO,ROUTE_JohnMuirMedicalCenterWalnutCreekCampus,0.25861138710130527,34.08166666666667,ROUTE_AltaBatesSummitMedicalCenterAltaBatesCampus,0.24466880000000002,16.58,ROUTE_JohnMuirMedicalCenterWalnutCreekCampus,0.25861138710130527,34.08166666666667,ROUTE_KaiserFoundationHospitalRichmondCampus,0.26342531241882133,18.94
37.93194444441773,-122.3433333332886,158.40853974419682,HEMORRHAGIC,ROUTE_CPMCDaviesCampusSutter,0.24,34.76833333333333,ROUTE_KaiserFoundationHospitalRichmondCampus,0.24,6.951666666666667,ROUTE_CPMCDaviesCampusSutter,0.24,34.76833333333333,ROUTE_KaiserFoundationHospitalRichmondCampus,0.24,6.951666666666667
37.68333333330642,-122.47722222217759,198.02977886695123,MIMIC,ROUTE_AHMCSetonMedicalCenter,0.9,2.8616666666666664,ROUTE_AHMCSetonMedicalCenter,0.9,2.8616666666666664,ROUTE_MillsPeninsulaMedicalCenterSutter,0.9,15.795,ROUTE_AHMCSetonMedicalCenter,0.9,2.8616666666666664
37.80305555552874,-122.23416666662183,125.85220712002675,LVO,ROUTE_SutterEdenMedicalCenter,0.41157548163998614,17.975,ROUTE_HighlandHospitalWilmaChanCampus,0.2792358829637944,2.2916666666666665,ROUTE_SutterEdenMedicalCenter,0.41157548163998614,17.975,ROUTE_HighlandHospitalWilmaChanCampus,0.2792358829637944,2.2916666666666665
38.10861111108454,-122.21111111106626,152.47698699771797,LVO,ROUTE_JohnMuirMedicalCenterWalnutCreekCampus,0.2629726348010177,28.904999999999998,ROUTE_SutterSolanoMedicalCenter,0.26955070971671496,8.731666666666666,ROUTE_JohnMuirMedicalCenterWalnutCreekCampus,0.2629726348010177,28.904999999999998,ROUTE_SutterSolanoMedicalCenter,0.26955070971671496,8.731666666666666
37.729444444417574,-122.43333333328866,256.74591834111544,MIMIC,ROUTE_CPMCMissionBernalCampusSutter,0.9,5.305000000000001,ROUTE_CPMCMissionBernalCampusSutter,0.9,5.305000000000001,ROUTE_CPMCDaviesCampusSutter,0.9,11.575,ROUTE_CPMCMissionBernalCampusSutter,0.9,5.305000000000001
37.473055555528475,-121.91805555551048,132.29065537582943,LVO,ROUTE_RegionalMedicalCenterOfSanJose,0.4099406197802833,16.21,ROUTE_RegionalMedicalCenterOfSanJose,0.4099406197802833,16.21,ROUTE_RegionalMedicalCenterOfSanJose,0.4099406197802833,16.21,ROUTE_RegionalMedicalCenterOfSanJose,0.4099406197802833,16.21
37.783611111084284,-122.3974999999553,86.31624111359467,LVO,ROUTE_CPMCDaviesCampusSutter,0.43019619893045474,10.555,ROUTE_ChineseHospital,0.2897881916810814,5.345,ROUTE_CPMCDaviesCampusSutter,0.43019619893045474,10.555,ROUTE_ChineseHospital,0.2897881916810814,5.345
37.42694444441733,-122.16305555551067,45.50873933078387,LVO,ROUTE_StanfordHealthCare,0.4474511384776731,8.108333333333333,ROUTE_StanfordHealthCare,0.4474511384776731,8.108333333333333,ROUTE_StanfordHealthCare,0.4474511384776731,8.108333333333333,ROUTE_StanfordHealthCare,0.4474511384776731,8.108333333333333
37.743333333306474,-122.48138888884425,204.02096040298778,LVO,ROUTE_UCSFMedicalCenter,0.25593095453479536,8.276666666666667,ROUTE_UCSFMedicalCenter,0.25593095453479536,8.276666666666667,ROUTE_UCSFMedicalCenter,0.25593095453479536,8.276666666666667,ROUTE_UCSFMedicalCenter,0.25593095453479536,8.276666666666667
37.763611111084266,-121.89944444439935,224.19396611533585,HEMORRHAGIC,ROUTE_SanRamonRegionalMedicalCenter,0.24,10.770000000000001,ROUTE_SanRamonRegionalMedicalCenter,0.24,10.770000000000001,ROUTE_SutterEdenMedicalCenter,0.24,24.185,ROUTE_SanRamonRegionalMedicalCenter,0.24,10.770000000000001
37.776666666639834,-122.45222222217757,95.39023123581245,LVO,ROUTE_UCSFMedicalCenter,0.42872744303652244,6.136666666666667,ROUTE_UCSFHealthStanyanHospital,0.2878422621804918,3.2016666666666667,ROUTE_UCSFMedicalCenter,0.42872744303652244,6.136666666666667,ROUTE_UCSFHealthStanyanHospital,0.2878422621804918,3.2016666666666667
37.853888888862116,-122.48805555551093,208.6807876672131,LVO,ROUTE_KaiserFoundationHospitalSanFrancisco,0.24466880000000002,20.44,ROUTE_KaiserFoundationHospitalSanFrancisco,0.24466880000000002,20.44,ROUTE_UCSFMedicalCenter,0.24466880000000002,23.66166666666667,ROUTE_KaiserFoundationHospitalSanFrancisco,0.24466880000000002,20.44
37.550277777750765,-121.98888888884386,216.1910693662963,HEMORRHAGIC,ROUTE_WashingtonHospitalHealthcareSystem,0.24,5.355,ROUTE_WashingtonHospitalHealthcareSystem,0.24,5.355,ROUTE_SutterEdenMedicalCenter,0.24,26.785,ROUTE_WashingtonHospitalHealthcareSystem,0.24,5.355
37.796111111084294,-122.24833333328851,184.72053765236222,MIMIC,ROUTE_SutterEdenMedicalCenter,0.9,20.28666666666667,ROUTE_HighlandHospitalWilmaChanCampus,0.9,2.925,ROUTE_SutterEdenMedicalCenter,0.9,20.28666666666667,ROUTE_HighlandHospitalWilmaChanCampus,0.9,2.925
37.375833333306176,-122.02416666662167,236.20781378143582,LVO,ROUTE_KaiserFoundationHospitalSantaClara,0.24466880000000002,12.163333333333332,ROUTE_KaiserFoundationHospitalSantaClara,0.24466880000000002,12.163333333333332,ROUTE_KaiserFoundationHospitalSantaClara,0.24466880000000002,12.163333333333332,ROUTE_KaiserFoundationHospitalSantaClara,0.24466880000000002,12.163333333333332
37.62472222219527,-122.04666666662169,245.0108549031916,MIMIC,ROUTE_StRoseHospital,0.9,11.2,ROUTE_StRoseHospital,0.9,11.2,ROUTE_SutterEdenMedicalCenter,0.9,20.53166666666667,ROUTE_KaiserFoundationHospitalSanLeandro,0.9,18.83833333333333
37.67888888886198,-122.10166666662172,135.11120796000665,LVO,ROUTE_SutterEdenMedicalCenter,0.4123060584346674,8.653333333333334,ROUTE_SutterEdenMedicalCenter,0.4123060584346674,8.653333333333334,ROUTE_SutterEdenMedicalCenter,0.4123060584346674,8.653333333333334,ROUTE_SutterEdenMedicalCenter,0.4123060584346674,8.653333333333334
37.85638888886212,-122.22055555551071,191.96563487489902,HEMORRHAGIC,ROUTE_HighlandHospitalWilmaChanCampus,0.24,13.165,ROUTE_AltaBatesSummitMedicalCenterAltaBatesCampus,0.24,10.065,ROUTE_JohnMuirMedicalCenterWalnutCreekCampus,0.24,21.336666666666666,ROUTE_HighlandHospitalWilmaChanCampus,0.24,13.165
37.565555555528555,-121.99027777773276,79.02691504467379,LVO,ROUTE_SutterEdenMedicalCenter,0.4245986271587373,28.645,ROUTE_WashingtonHospitalHealthcareSystem,0.29030461557330467,9.988333333333333,ROUTE_SutterEdenMedicalCenter,0.4245986271587373,28.645,ROUTE_WashingtonHospitalHealthcareSystem,0.29030461557330467,9.988333333333333
37.56361111108411,-122.32166666662191,135.55325967150242,HEMORRHAGIC,ROUTE_MillsPeninsulaMedicalCenterSutter,0.24,12.754999999999999,ROUTE_SanMateoMedicalCenter,0.24,10.468333333333334,ROUTE_MillsPeninsulaMedicalCenterSutter,0.24,12.754999999999999,ROUTE_MillsPeninsulaMedicalCenterSutter,0.24,12.754999999999999
37.7505555555287,-122.41583333328865,122.55378872175334,HEMORRHAGIC,ROUTE_CPMCDaviesCampusSutter,0.24,8.403333333333332,ROUTE_CPMCMissionBernalCampusSutter,0.24,3.3516666666666666,ROUTE_CPMCDaviesCampusSutter,0.24,8.403333333333332,ROUTE_CPMCMissionBernalCampusSutter,0.24,3.3516666666666666
37.55388888886188,-122.25249999995519,225.55865565914982,LVO,ROUTE_SanMateoMedicalCenter,0.24466880000000002,14.681666666666667,ROUTE_SanMateoMedicalCenter,0.24466880000000002,14.681666666666667,ROUTE_MillsPeninsulaMedicalCenterSutter,0.24466880000000002,17.90666666666667,ROUTE_MillsPeninsulaMedicalCenterSutter,0.24466880000000002,17.90666666666667
37.42694444441733,-122.10694444439952,61.50793587386908,LVO,ROUTE_ElCaminoHealthMountainView,0.43774535744221293,15.175,ROUTE_ElCaminoHealthMountainView,0.43774535744221293,15.175,ROUTE_ElCaminoHealthMountainView,0.43774535744221293,15.175,ROUTE_ElCaminoHealthMountainView,0.43774535744221293,15.175
38.23222222219575,-122.14027777773288,100.90573561470853,LVO,ROUTE_JohnMuirMedicalCenterWalnutCreekCampus,0.41202520282152766,37.775,ROUTE_NorthBayMedicalCenter,0.28135174448220224,16.983333333333334,ROUTE_JohnMuirMedicalCenterWalnutCreekCampus,0.41202520282152766,37.775,ROUTE_NorthBayMedicalCenter,0.28135174448220224,16.983333333333334
37.82277777775098,-121.9238888888438,92.11139592082247,LVO,ROUTE_JohnMuirMedicalCenterWalnutCreekCampus,0.4213293930420856,24.805,ROUTE_SanRamonRegionalMedicalCenter,0.2853072457382828,13.055,ROUTE_JohnMuirMedicalCenterWalnutCreekCampus,0.4213293930420856,24.805,ROUTE_SanRamonRegionalMedicalCenter,0.2853072457382828,13.055
38.03055555552892,-122.58083333328878,94.05954982159913,HEMORRHAGIC,ROUTE_UCSFMedicalCenter,0.24,48.84166666666667,ROUTE_KaiserFoundationHospitalSanRafael,0.24,11.751666666666667,ROUTE_UCSFMedicalCenter,0.24,48.84166666666667,ROUTE_KaiserFoundationHospitalSanRafael,0.24,11.751666666666667
37.774722222195386,-122.50944444439983,125.82186568103803,LVO,ROUTE_UCSFMedicalCenter,0.41465231534345365,11.25,ROUTE_UCSFHealthStanyanHospital,0.27653584437751266,10.176666666666668,ROUTE_UCSFMedicalCenter,0.41465231534345365,11.25,ROUTE_UCSFHealthStanyanHospital,0.27653584437751266,10.176666666666668
37.860833333306566,-122.28694444439965,65.19737709942851,MIMIC,ROUTE_JohnMuirMedicalCenterWalnutCreekCampus,0.9,29.27,ROUTE_AltaBatesSummitMedicalCenterAltaBatesCampus,0.9,7.576666666666667,ROUTE_JohnMuirMedicalCenterWalnutCreekCampus,0.9,29.27,ROUTE_KaiserFoundationHospitalOaklandRichmond,0.9,12.295
37.47416666663959,-122.20777777773293,114.01235327081348,NLVO,ROUTE_KaiserFoundationHospitalRedwoodCity,0.5487366738974512,7.735,ROUTE_KaiserFoundationHospitalRedwoodCity,0.5487366738974512,7.735,ROUTE_KaiserFoundationHospitalRedwoodCity,0.5487366738974512,7.735,ROUTE_KaiserFoundationHospitalRedwoodCity,0.5487366738974512,7.735
37.73749999997313,-122.4177777777331,208.86733429305966,HEMORRHAGIC,ROUTE_CPMCMissionBernalCampusSutter,0.24,3.675,ROUTE_CPMCMissionBernalCampusSutter,0.24,3.675,ROUTE_CPMCDaviesCampusSutter,0.24,10.276666666666667,ROUTE_CPMCMissionBernalCampusSutter,0.24,3.675
37.63888888886194,-121.87749999995488,37.00859680976643,HEMORRHAGIC,ROUTE_SutterEdenMedicalCenter,0.24,23.438333333333333,ROUTE_StanfordHealthCareTriValley,0.24,15.626666666666667,ROUTE_SutterEdenMedicalCenter,0.24,23.438333333333333,ROUTE_StanfordHealthCareTriValley,0.24,15.626666666666667
37.763611111084266,-121.90444444439935,163.91249597273992,NLVO,ROUTE_SutterEdenMedicalCenter,0.5123072527124898,24.495,ROUTE_SanRamonRegionalMedicalCenter,0.5205169803677685,11.415,ROUTE_SutterEdenMedicalCenter,0.5123072527124898,24.495,ROUTE_SanRamonRegionalMedicalCenter,0.5205169803677685,11.415
37.98416666664,-122.33416666662191,219.63242334059987,HEMORRHAGIC,ROUTE_KaiserFoundationHospitalRichmondCampus,0.24,11.818333333333333,ROUTE_KaiserFoundationHospitalRichmondCampus,0.24,11.818333333333333,ROUTE_JohnMuirMedicalCenterWalnutCreekCampus,0.24,35.248333333333335,ROUTE_KaiserFoundationHospitalRichmondCampus,0.24,11.818333333333333
37.98805555552889,-122.32611111106635,163.67732963203534,MIMIC,ROUTE_JohnMuirMedicalCenterWalnutCreekCampus,0.9,32.346666666666664,ROUTE_KaiserFoundationHospitalRichmondCampus,0.9,10.033333333333333,ROUTE_JohnMuirMedicalCenterWalnutCreekCampus,0.9,32.346666666666664,ROUTE_KaiserFoundationHospitalRichmondCampus,0.9,10.033333333333333
37.683611111084204,-122.11055555551063,125.00309547903959,LVO,ROUTE_SutterEdenMedicalCenter,0.4168496659450164,7.131666666666666,ROUTE_SutterEdenMedicalCenter,0.4168496659450164,7.131666666666666,ROUTE_SutterEdenMedicalCenter,0.4168496659450164,7.131666666666666,ROUTE_SutterEdenMedicalCenter,0.4168496659450164,7.131666666666666
38.07916666664007,-122.55472222217765,200.6080142684463,LVO,ROUTE_NovatoCommunityHospitalSutter,0.2574272238675432,6.3100000000000005,ROUTE_NovatoCommunityHospitalSutter,0.2574272238675432,6.3100000000000005,ROUTE_UCSFMedicalCenter,0.24466880000000002,45.480000000000004,ROUTE_NovatoCommunityHospitalSutter,0.2574272238675432,6.3100000000000005
37.68055555552864,-122.08722222217727,112.98436398038118,LVO,ROUTE_SutterEdenMedicalCenter,0.4212197649469813,7.6483333333333325,ROUTE_SutterEdenMedicalCenter,0.4212197649469813,7.6483333333333325,ROUTE_SutterEdenMedicalCenter,0.4212197649469813,7.6483333333333325,ROUTE_SutterEdenMedicalCenter,0.4212197649469813,7.6483333333333325
37.72222222219534,-122.4569444443998,257.08248359250973,LVO,ROUTE_CPMCMissionBernalCampusSutter,0.24466880000000002,7.903333333333333,ROUTE_CPMCMissionBernalCampusSutter,0.24466880000000002,7.903333333333333,ROUTE_UCSFMedicalCenter,0.24466880000000002,12.206666666666667,ROUTE_CPMCMissionBernalCampusSutter,0.24466880000000002,7.903333333333333
37.782222222195394,-122.42194444439977,135.683083571785,NLVO,ROUTE_CPMCDaviesCampusSutter,0.5381140524737633,6.77,ROUTE_CPMCVanNessCampusSutter,0.5411135857581012,1.95,ROUTE_CPMCDaviesCampusSutter,0.5381140524737633,6.77,ROUTE_CPMCVanNessCampusSutter,0.5411135857581012,1.95
37.58666666663968,-122.01361111106611,88.49100573644982,HEMORRHAGIC,ROUTE_SutterEdenMedicalCenter,0.24,23.398333333333333,ROUTE_StRoseHospital,0.24,14.236666666666668,ROUTE_SutterEdenMedicalCenter,0.24,23.398333333333333,ROUTE_WashingtonHospitalHealthcareSystem,0.24,14.596666666666666
37.436111111084,-122.18277777773291,66.89582542463356,HEMORRHAGIC,ROUTE_StanfordHealthCare,0.24,4.185,ROUTE_StanfordHealthCare,0.24,4.185,ROUTE_StanfordHealthCare,0.24,4.185,ROUTE_StanfordHealthCare,0.24,4.185
37.43333333330622,-121.86666666662154,169.2939725372077,LVO,ROUTE_RegionalMedicalCenterOfSanJose,0.26304621830888886,14.661666666666667,ROUTE_RegionalMedicalCenterOfSanJose,0.26304621830888886,14.661666666666667,ROUTE_RegionalMedicalCenterOfSanJose,0.26304621830888886,14.661666666666667,ROUTE_RegionalMedicalCenterOfSanJose,0.26304621830888886,14.661666666666667
38.09583333330675,-122.57083333328877,121.94173859572206,LVO,ROUTE_UCSFMedicalCenter,0.26449483932638873,49.626666666666665,ROUTE_NovatoCommunityHospitalSutter,0.2786631781253772,7.21,ROUTE_UCSFMedicalCenter,0.26449483932638873,49.626666666666665,ROUTE_NovatoCommunityHospitalSutter,0.2786631781253772,7.21
38.028888888862255,-121.89694444439934,236.60736507315312,HEMORRHAGIC,ROUTE_SutterDeltaMedicalCenter,0.24,14.891666666666667,ROUTE_SutterDeltaMedicalCenter,0.24,14.891666666666667,ROUTE_JohnMuirMedicalCenterWalnutCreekCampus,0.24,26.105,ROUTE_JohnMuirMedicalCenterConcordCampus,0.24,16.345000000000002
37.600277777750804,-122.01638888884389,98.61030255036489,NLVO,ROUTE_SutterEdenMedicalCenter,0.5464503026664841,24.255,ROUTE_StRoseHospital,0.4622,15.093333333333334,ROUTE_SutterEdenMedicalCenter,0.5464503026664841,24.255,ROUTE_WashingtonHospitalHealthcareSystem,0.5520000325954232,15.305
37.70111111108422,-122.11277777773284,208.42546550133463,NLVO,ROUTE_SutterEdenMedicalCenter,0.5003826569767094,6.33,ROUTE_SutterEdenMedicalCenter,0.5003826569767094,6.33,ROUTE_SutterEdenMedicalCenter,0.5003826569767094,6.33,ROUTE_SutterEdenMedicalCenter,0.5003826569767094,6.33
37.81055555552875,-122.22972222217739,107.67438338023791,MIMIC,ROUTE_SutterEdenMedicalCenter,0.9,21.383333333333333,ROUTE_HighlandHospitalWilmaChanCampus,0.9,5.7,ROUTE_SutterEdenMedicalCenter,0.9,21.383333333333333,ROUTE_HighlandHospitalWilmaChanCampus,0.9,5.7
37.399444444417306,-121.9252777777327,70.44787312451442,HEMORRHAGIC,ROUTE_RegionalMedicalCenterOfSanJose,0.24,16.548333333333332,ROUTE_OConnorHospital,0.24,14.096666666666666,ROUTE_RegionalMedicalCenterOfSanJose,0.24,16.548333333333332,ROUTE_OConnorHospital,0.24,14.096666666666666
37.723888888862014,-122.43611111106644,143.06683186290348,NLVO,ROUTE_CPMCDaviesCampusSutter,0.5304987278710647,12.83,ROUTE_CPMCMissionBernalCampusSutter,0.5344120219645246,6.558333333333334,ROUTE_CPMCDaviesCampusSutter,0.5304987278710647,12.83,ROUTE_CPMCMissionBernalCampusSutter,0.5344120219645246,6.558333333333334
37.74777777775092,-121.89305555551046,204.66943760438204,NLVO,ROUTE_SanRamonRegionalMedicalCenter,0.4971189163620413,14.626666666666667,ROUTE_SanRamonRegionalMedicalCenter,0.4971189163620413,14.626666666666667,ROUTE_SutterEdenMedicalCenter,0.4622,24.871666666666666,ROUTE_SanRamonRegionalMedicalCenter,0.4971189163620413,14.626666666666667
37.77722222219539,-122.4177777777331,104.22933255004365,LVO,ROUTE_CPMCDaviesCampusSutter,0.42440054175514186,8.07,ROUTE_CPMCVanNessCampusSutter,0.2845751311168693,5.026666666666667,ROUTE_CPMCDaviesCampusSutter,0.42440054175514186,8.07,ROUTE_CPMCVanNessCampusSutter,0.2845751311168693,5.026666666666667
37.34916666663949,-122.04666666662169,203.60379056921238,HEMORRHAGIC,ROUTE_ElCaminoHealthMountainView,0.24,11.588333333333333,ROUTE_ElCaminoHealthMountainView,0.24,11.588333333333333,ROUTE_ElCaminoHealthMountainView,0.24,11.588333333333333,ROUTE_ElCaminoHealthMountainView,0.24,11.588333333333333
37.71583333330645,-122.45499999995535,210.66632166044658,LVO,ROUTE_CPMCMissionBernalCampusSutter,0.25423573645351005,8.235000000000001,ROUTE_CPMCMissionBernalCampusSutter,0.25423573645351005,8.235000000000001,ROUTE_UCSFMedicalCenter,0.24466880000000002,13.848333333333333,ROUTE_CPMCMissionBernalCampusSutter,0.25423573645351005,8.235000000000001
37.71444444441756,-121.86333333328821,197.3309801238588,HEMORRHAGIC,ROUTE_StanfordHealthCareTriValley,0.24,7.158333333333333,ROUTE_StanfordHealthCareTriValley,0.24,7.158333333333333,ROUTE_SutterEdenMedicalCenter,0.24,19.366666666666667,ROUTE_StanfordHealthCareTriValley,0.24,7.158333333333333
37.735833333306466,-122.39777777773308,52.8301100681373,LVO,ROUTE_CPMCDaviesCampusSutter,0.4419644803207553,13.506666666666666,ROUTE_ZuckerbergSanFranciscoGeneralHospital,0.42983069941361235,7.65,ROUTE_CPMCDaviesCampusSutter,0.4419644803207553,13.506666666666666,ROUTE_ZuckerbergSanFranciscoGeneralHospital,0.42983069941361235,7.65
37.539166666639645,-121.99611111106609,76.50334262929653,HEMORRHAGIC,ROUTE_SutterEdenMedicalCenter,0.24,23.243333333333332,ROUTE_WashingtonHospitalHealthcareSystem,0.24,6.1433333333333335,ROUTE_SutterEdenMedicalCenter,0.24,23.243333333333332,ROUTE_WashingtonHospitalHealthcareSystem,0.24,6.1433333333333335
38.27138888886245,-122.00138888884388,190.66795529084422,HEMORRHAGIC,ROUTE_NorthBayMedicalCenter,0.24,11.965,ROUTE_NorthBayMedicalCenter,0.24,11.965,ROUTE_JohnMuirMedicalCenterWalnutCreekCampus,0.24,46.225,ROUTE_NorthBayMedicalCenter,0.24,11.965
37.86694444441768,-122.50416666662206,264.04971688474507,NLVO,ROUTE_MarinHealthMedicalCenter,0.4622,16.183333333333334,ROUTE_MarinHealthMedicalCenter,0.4622,16.183333333333334,ROUTE_UCSFMedicalCenter,0.4622,24.78166666666667,ROUTE_MarinHealthMedicalCenter,0.4622,16.183333333333334
37.76388888886204,-122.47972222217759,223.23467653219,NLVO,ROUTE_UCSFMedicalCenter,0.4622,5.2266666666666675,ROUTE_UCSFMedicalCenter,0.4622,5.2266666666666675,ROUTE_UCSFMedicalCenter,0.4622,5.2266666666666675,ROUTE_UCSFMedicalCenter,0.4622,5.2266666666666675
37.85694444441767,-122.1474999999551,86.79113773730316,LVO,ROUTE_JohnMuirMedicalCenterWalnutCreekCampus,0.4245444154329352,22.291666666666668,ROUTE_KaiserFoundationHospitalWalnutCreek,0.28441219582752164,20.02,ROUTE_JohnMuirMedicalCenterWalnutCreekCampus,0.4245444154329352,22.291666666666668,ROUTE_KaiserFoundationHospitalWalnutCreek,0.28441219582752164,20.02
37.96416666663998,-122.50055555551094,218.2122901523044,HEMORRHAGIC,ROUTE_MarinHealthMedicalCenter,0.24,10.405,ROUTE_MarinHealthMedicalCenter,0.24,10.405,ROUTE_UCSFMedicalCenter,0.24,37.73833333333334,ROUTE_MarinHealthMedicalCenter,0.24,10.405
37.79444444441762,-122.25694444439964,263.5997250477252,HEMORRHAGIC,ROUTE_HighlandHospitalWilmaChanCampus,0.24,4.538333333333333,ROUTE_HighlandHospitalWilmaChanCampus,0.24,4.538333333333333,ROUTE_SutterEdenMedicalCenter,0.24,21.52,ROUTE_HighlandHospitalWilmaChanCampus,0.24,4.538333333333333
37.702222222195324,-122.1311111110662,111.40120558500715,MIMIC,ROUTE_SutterEdenMedicalCenter,0.9,9.406666666666666,ROUTE_SanLeandroHospitalAlamedaHealthSystem,0.9,4.788333333333333,ROUTE_SutterEdenMedicalCenter,0.9,9.406666666666666,ROUTE_KaiserFoundationHospitalSanLeandro,0.9,8.931666666666667
37.76999999997316,-122.41472222217753,201.71724924237273,MIMIC,ROUTE_CPMCDaviesCampusSutter,0.9,5.861666666666666,ROUTE_ZuckerbergSanFranciscoGeneralHospital,0.9,5.033333333333333,ROUTE_CPMCDaviesCampusSutter,0.9,5.861666666666666,ROUTE_ZuckerbergSanFranciscoGeneralHospital,0.9,5.033333333333333
38.05999999997339,-122.14388888884399,165.18660905126234,HEMORRHAGIC,ROUTE_JohnMuirMedicalCenterWalnutCreekCampus,0.24,22.458333333333332,ROUTE_ContraCostaRegionalMedicalCenter,0.24,11.643333333333334,ROUTE_JohnMuirMedicalCenterWalnutCreekCampus,0.24,22.458333333333332,ROUTE_SutterSolanoMedicalCenter,0.24,14.906666666666666
37.75749999997315,-122.38944444439974,258.7368890727414,HEMORRHAGIC,ROUTE_ZuckerbergSanFranciscoGeneralHospital,0.24,8.543333333333333,ROUTE_ZuckerbergSanFranciscoGeneralHospital,0.24,8.543333333333333,ROUTE_CPMCDaviesCampusSutter,0.24,13.42,ROUTE_ZuckerbergSanFranciscoGeneralHospital,0.24,8.543333333333333
37.92916666663995,-122.3899999999553,102.91557766043825,HEMORRHAGIC,ROUTE_CPMCDaviesCampusSutter,0.24,34.1,ROUTE_KaiserFoundationHospitalRichmondCampus,0.24,6.571666666666667,ROUTE_CPMCDaviesCampusSutter,0.24,34.1,ROUTE_KaiserFoundationHospitalRichmondCampus,0.24,6.571666666666667
37.906666666639936,-122.47777777773314,230.29007649469452,LVO,ROUTE_MarinHealthMedicalCenter,0.24466880000000002,18.071666666666665,ROUTE_MarinHealthMedicalCenter,0.24466880000000002,18.071666666666665,ROUTE_UCSFMedicalCenter,0.24466880000000002,34.75666666666667,ROUTE_MarinHealthMedicalCenter,0.24466880000000002,18.071666666666665
37.64638888886195,-122.4783333332887,254.9532337072629,HEMORRHAGIC,ROUTE_AHMCSetonMedicalCenter,0.24,8.336666666666666,ROUTE_AHMCSetonMedicalCenter,0.24,8.336666666666666,ROUTE_MillsPeninsulaMedicalCenterSutter,0.24,16.085,ROUTE_AHMCSetonMedicalCenter,0.24,8.336666666666666
37.76861111108427,-122.42611111106643,176.332069891924,HEMORRHAGIC,ROUTE_CPMCDaviesCampusSutter,0.24,4.921666666666667,ROUTE_CPMCDaviesCampusSutter,0.24,4.921666666666667,ROUTE_CPMCDaviesCampusSutter,0.24,4.921666666666667,ROUTE_CPMCDaviesCampusSutter,0.24,4.921666666666667
37.40055555552842,-122.02527777773278,111.02649009817387,HEMORRHAGIC,ROUTE_ElCaminoHealthMountainView,0.24,14.296666666666665,ROUTE_ElCaminoHealthMountainView,0.24,14.296666666666665,ROUTE_ElCaminoHealthMountainView,0.24,14.296666666666665,ROUTE_ElCaminoHealthMountainView,0.24,14.296666666666665
37.64777777775084,-122.06694444439948,234.39505404963148,LVO,ROUTE_StRoseHospital,0.24466880000000002,12.055,ROUTE_StRoseHospital,0.24466880000000002,12.055,ROUTE_SutterEdenMedicalCenter,0.24466880000000002,17.548333333333336,ROUTE_SutterEdenMedicalCenter,0.24466880000000002,17.548333333333336
37.79027777775095,-122.40722222217754,31.772569194236855,HEMORRHAGIC,ROUTE_CPMCDaviesCampusSutter,0.24,10.623333333333333,ROUTE_ChineseHospital,0.24,1.475,ROUTE_CPMCDaviesCampusSutter,0.24,10.623333333333333,ROUTE_ChineseHospital,0.24,1.475
37.52916666663963,-121.98138888884385,94.36320525295213,LVO,ROUTE_RegionalMedicalCenterOfSanJose,0.421189437685743,23.23166666666667,ROUTE_KaiserFoundationHospitalFremont,0.28707093402712225,6.216666666666667,ROUTE_RegionalMedicalCenterOfSanJose,0.421189437685743,23.23166666666667,ROUTE_KaiserFoundationHospitalFremont,0.28707093402712225,6.216666666666667
37.86138888886212,-122.49277777773315,205.9989590193638,LVO,ROUTE_MarinHealthMedicalCenter,0.24466880000000002,18.216666666666665,ROUTE_MarinHealthMedicalCenter,0.24466880000000002,18.216666666666665,ROUTE_UCSFMedicalCenter,0.24466880000000002,25.133333333333333,ROUTE_MarinHealthMedicalCenter,0.24466880000000002,18.216666666666665
37.94222222219552,-122.53694444439985,255.98401030945055,HEMORRHAGIC,ROUTE_MarinHealthMedicalCenter,0.24,4.185,ROUTE_MarinHealthMedicalCenter,0.24,4.185,ROUTE_UCSFMedicalCenter,0.24,35.705000000000005,ROUTE_MarinHealthMedicalCenter,0.24,4.185
37.93472222219551,-122.07194444439949,239.19833408075075,HEMORRHAGIC,ROUTE_JohnMuirMedicalCenterConcordCampus,0.24,9.58,ROUTE_JohnMuirMedicalCenterConcordCampus,0.24,9.58,ROUTE_JohnMuirMedicalCenterWalnutCreekCampus,0.24,10.129999999999999,ROUTE_JohnMuirMedicalCenterConcordCampus,0.24,9.58
37.873333333306576,-122.17861111106623,97.4199482043836,MIMIC,ROUTE_JohnMuirMedicalCenterWalnutCreekCampus,0.9,15.241666666666667,ROUTE_KaiserFoundationHospitalWalnutCreek,0.9,12.971666666666666,ROUTE_JohnMuirMedicalCenterWalnutCreekCampus,0.9,15.241666666666667,ROUTE_KaiserFoundationHospitalWalnutCreek,0.9,12.971666666666666
37.99777777775112,-122.0844444443995,263.7194476755292,LVO,ROUTE_ContraCostaRegionalMedicalCenter,0.24466880000000002,12.361666666666668,ROUTE_ContraCostaRegionalMedicalCenter,0.24466880000000002,12.361666666666668,ROUTE_JohnMuirMedicalCenterWalnutCreekCampus,0.24466880000000002,20.138333333333332,ROUTE_JohnMuirMedicalCenterConcordCampus,0.24466880000000002,12.596666666666666
37.46944444441736,-122.13083333328842,230.29143575418325,HEMORRHAGIC,ROUTE_KaiserFoundationHospitalRedwoodCity,0.24,13.535,ROUTE_KaiserFoundationHospitalRedwoodCity,0.24,13.535,ROUTE_KaiserFoundationHospitalRedwoodCity,0.24,13.535,ROUTE_KaiserFoundationHospitalRedwoodCity,0.24,13.535
37.90722222219549,-122.54499999995542,243.43208432403537,HEMORRHAGIC,ROUTE_MarinHealthMedicalCenter,0.24,17.39333333333333,ROUTE_MarinHealthMedicalCenter,0.24,17.39333333333333,ROUTE_UCSFMedicalCenter,0.24,31.715,ROUTE_MarinHealthMedicalCenter,0.24,17.39333333333333
37.964999999973315,-122.33777777773304,216.0189879433603,HEMORRHAGIC,ROUTE_KaiserFoundationHospitalRichmondCampus,0.24,10.593333333333334,ROUTE_KaiserFoundationHospitalRichmondCampus,0.24,10.593333333333334,ROUTE_JohnMuirMedicalCenterWalnutCreekCampus,0.24,34.980000000000004,ROUTE_KaiserFoundationHospitalRichmondCampus,0.24,10.593333333333334
37.756666666639816,-122.46916666662203,136.45624269205334,LVO,ROUTE_UCSFMedicalCenter,0.4139055367721771,4.023333333333333,ROUTE_UCSFMedicalCenter,0.4139055367721771,4.023333333333333,ROUTE_UCSFMedicalCenter,0.4139055367721771,4.023333333333333,ROUTE_UCSFMedicalCenter,0.4139055367721771,4.023333333333333
37.65749999997307,-122.44833333328867,201.6009337191633,LVO,ROUTE_KaiserFoundationHospitalSouthSanFrancisco,0.25707656267730083,6.6066666666666665,ROUTE_KaiserFoundationHospitalSouthSanFrancisco,0.25707656267730083,6.6066666666666665,ROUTE_MillsPeninsulaMedicalCenterSutter,0.2541184220788817,16.171666666666667,ROUTE_KaiserFoundationHospitalSouthSanFrancisco,0.25707656267730083,6.6066666666666665
38.285833333306904,-122.310277777733,127.14962355981822,HEMORRHAGIC,ROUTE_JohnMuirMedicalCenterWalnutCreekCampus,0.24,48.43,ROUTE_ProvidenceQueenOfTheValleyMedicalCenter,0.24,9.136666666666667,ROUTE_JohnMuirMedicalCenterWalnutCreekCampus,0.24,48.43,ROUTE_ProvidenceQueenOfTheValleyMedicalCenter,0.24,9.136666666666667
37.665555555528634,-122.44138888884423,105.52055235081481,LVO,ROUTE_MillsPeninsulaMedicalCenterSutter,0.41993614565310283,16.651666666666667,ROUTE_KaiserFoundationHospitalSouthSanFrancisco,0.2845718290734342,3.96,ROUTE_MillsPeninsulaMedicalCenterSutter,0.41993614565310283,16.651666666666667,ROUTE_KaiserFoundationHospitalSouthSanFrancisco,0.2845718290734342,3.96
37.9172222221955,-122.05805555551059,86.22754663304313,HEMORRHAGIC,ROUTE_JohnMuirMedicalCenterWalnutCreekCampus,0.24,5.828333333333333,ROUTE_JohnMuirMedicalCenterWalnutCreekCampus,0.24,5.828333333333333,ROUTE_JohnMuirMedicalCenterWalnutCreekCampus,0.24,5.828333333333333,ROUTE_JohnMuirMedicalCenterWalnutCreekCampus,0.24,5.828333333333333
37.670277777750854,-121.7763888888437,245.14513804965534,HEMORRHAGIC,ROUTE_StanfordHealthCareTriValley,0.24,19.83,ROUTE_StanfordHealthCareTriValley,0.24,19.83,ROUTE_SutterEdenMedicalCenter,0.24,31.228333333333335,ROUTE_StanfordHealthCareTriValley,0.24,19.83
37.74083333330647,-122.15694444439956,113.6290351793058,LVO,ROUTE_SutterEdenMedicalCenter,0.4184656748503025,13.09,ROUTE_SanLeandroHospitalAlamedaHealthSystem,0.24466880000000002,10.333333333333334,ROUTE_SutterEdenMedicalCenter,0.4184656748503025,13.09,ROUTE_HighlandHospitalWilmaChanCampus,0.2798704817922355,10.643333333333334
37.78194444441761,-122.43749999995534,211.98586307995626,LVO,ROUTE_KaiserFoundationHospitalSanFrancisco,0.2554778937205322,3.103333333333333,ROUTE_KaiserFoundationHospitalSanFrancisco,0.2554778937205322,3.103333333333333,ROUTE_CPMCDaviesCampusSutter,0.25485970534433755,5.1066666666666665,ROUTE_KaiserFoundationHospitalSanFrancisco,0.2554778937205322,3.103333333333333
37.687777777750874,-121.74083333328811,193.77900115350423,LVO,ROUTE_StanfordHealthCareTriValley,0.255627048796107,17.793333333333333,ROUTE_StanfordHealthCareTriValley,0.255627048796107,17.793333333333333,ROUTE_SutterEdenMedicalCenter,0.24466880000000002,29.191666666666666,ROUTE_StanfordHealthCareTriValley,0.255627048796107,17.793333333333333
37.39027777775063,-122.04305555551058,236.03748432711023,LVO,ROUTE_ElCaminoHealthMountainView,0.24466880000000002,12.686666666666667,ROUTE_ElCaminoHealthMountainView,0.24466880000000002,12.686666666666667,ROUTE_ElCaminoHealthMountainView,0.24466880000000002,12.686666666666667,ROUTE_ElCaminoHealthMountainView,0.24466880000000002,12.686666666666667
38.33111111108472,-122.30388888884411,122.12553614925575,HEMORRHAGIC,ROUTE_JohnMuirMedicalCenterWalnutCreekCampus,0.24,51.986666666666665,ROUTE_ProvidenceQueenOfTheValleyMedicalCenter,0.24,4.218333333333333,ROUTE_JohnMuirMedicalCenterWalnutCreekCampus,0.24,51.986666666666665,ROUTE_ProvidenceQueenOfTheValleyMedicalCenter,0.24,4.218333333333333
37.43666666663956,-121.88805555551045,117.52291641856462,NLVO,ROUTE_RegionalMedicalCenterOfSanJose,0.5446337454871979,11.42,ROUTE_RegionalMedicalCenterOfSanJose,0.5446337454871979,11.42,ROUTE_RegionalMedicalCenterOfSanJose,0.5446337454871979,11.42,ROUTE_RegionalMedicalCenterOfSanJose,0.5446337454871979,11.42
37.68305555552865,-122.03861111106613,136.37473301132624,LVO,ROUTE_SutterEdenMedicalCenter,0.41056897861707675,11.421666666666665,ROUTE_SutterEdenMedicalCenter,0.41056897861707675,11.421666666666665,ROUTE_SutterEdenMedicalCenter,0.41056897861707675,11.421666666666665,ROUTE_SutterEdenMedicalCenter,0.41056897861707675,11.421666666666665
37.38861111108397,-122.04499999995502,212.60552096108677,LVO,ROUTE_ElCaminoHealthMountainView,0.24466880000000002,11.596666666666666,ROUTE_ElCaminoHealthMountainView,0.24466880000000002,11.596666666666666,ROUTE_ElCaminoHealthMountainView,0.24466880000000002,11.596666666666666,ROUTE_ElCaminoHealthMountainView,0.24466880000000002,11.596666666666666
38.28111111108468,-122.0427777777328,85.77342053670543,HEMORRHAGIC,ROUTE_JohnMuirMedicalCenterWalnutCreekCampus,0.24,42.434999999999995,ROUTE_NorthBayVacaValleyHospital,0.24,11.048333333333334,ROUTE_JohnMuirMedicalCenterWalnutCreekCampus,0.24,42.434999999999995,ROUTE_NorthBayVacaValleyHospital,0.24,11.048333333333334
38.02166666664003,-121.91444444439936,41.19939080301748,LVO,ROUTE_JohnMuirMedicalCenterWalnutCreekCampus,0.4410810240677583,25.058333333333334,ROUTE_JohnMuirMedicalCenterConcordCampus,0.43011218266890017,15.298333333333334,ROUTE_JohnMuirMedicalCenterWalnutCreekCampus,0.4410810240677583,25.058333333333334,ROUTE_JohnMuirMedicalCenterConcordCampus,0.43011218266890017,15.298333333333334
37.98194444441777,-122.02999999995501,254.66311401498126,MIMIC,ROUTE_JohnMuirMedicalCenterConcordCampus,0.9,1.8,ROUTE_JohnMuirMedicalCenterConcordCampus,0.9,1.8,ROUTE_JohnMuirMedicalCenterWalnutCreekCampus,0.9,14.8,ROUTE_JohnMuirMedicalCenterConcordCampus,0.9,1.8
37.94194444441774,-122.36611111106639,235.31747176485578,LVO,ROUTE_KaiserFoundationHospitalRichmondCampus,0.24466880000000002,2.2483333333333335,ROUTE_KaiserFoundationHospitalRichmondCampus,0.24466880000000002,2.2483333333333335,ROUTE_CPMCDaviesCampusSutter,0.24466880000000002,35.24166666666667,ROUTE_KaiserFoundationHospitalRichmondCampus,0.24466880000000002,2.2483333333333335
38.458888888862596,-121.82583333328817,44.702806127703965,HEMORRHAGIC,ROUTE_JohnMuirMedicalCenterWalnutCreekCampus,0.24,59.74166666666667,ROUTE_KaiserFoundationHospitalVacaville,0.24,12.811666666666667,ROUTE_JohnMuirMedicalCenterWalnutCreekCampus,0.24,59.74166666666667,ROUTE_KaiserFoundationHospitalVacaville,0.24,12.811666666666667
37.81472222219542,-122.25499999995519,50.18785076217664,MIMIC,ROUTE_SutterEdenMedicalCenter,0.9,20.46333333333333,ROUTE_AltaBatesSummitMedicalCenterSummitCampus,0.9,5.441666666666666,ROUTE_SutterEdenMedicalCenter,0.9,20.46333333333333,ROUTE_AltaBatesSummitMedicalCenterSummitCampus,0.9,5.441666666666666
37.87861111108436,-122.17305555551067,192.83684087458153,HEMORRHAGIC,ROUTE_KaiserFoundationHospitalWalnutCreek,0.24,15.456666666666667,ROUTE_KaiserFoundationHospitalWalnutCreek,0.24,15.456666666666667,ROUTE_JohnMuirMedicalCenterWalnutCreekCampus,0.24,17.726666666666667,ROUTE_KaiserFoundationHospitalWalnutCreek,0.24,15.456666666666667
37.71916666663979,-122.45472222217757,248.43404405620183,HEMORRHAGIC,ROUTE_CPMCMissionBernalCampusSutter,0.24,8.138333333333334,ROUTE_CPMCMissionBernalCampusSutter,0.24,8.138333333333334,ROUTE_UCSFMedicalCenter,0.24,13.21,ROUTE_CPMCMissionBernalCampusSutter,0.24,8.138333333333334
38.271944444418004,-122.63888888884438,214.1920076479564,HEMORRHAGIC,ROUTE_PetalumaValleyHospitalProvidence,0.24,6.298333333333333,ROUTE_PetalumaValleyHospitalProvidence,0.24,6.298333333333333,ROUTE_UCSFMedicalCenter,0.24,66.05333333333333,ROUTE_PetalumaValleyHospitalProvidence,0.24,6.298333333333333
37.508611111084065,-122.2763888888441,54.430637413682994,HEMORRHAGIC,ROUTE_KaiserFoundationHospitalRedwoodCity,0.24,17.223333333333336,ROUTE_SequoiaHospital,0.24,12.155,ROUTE_KaiserFoundationHospitalRedwoodCity,0.24,17.223333333333336,ROUTE_SequoiaHospital,0.24,12.155
37.64305555552861,-122.43944444439978,160.55734643144567,LVO,ROUTE_MillsPeninsulaMedicalCenterSutter,0.40127825434837616,11.895000000000001,ROUTE_KaiserFoundationHospitalSouthSanFrancisco,0.26801240663282233,6.66,ROUTE_MillsPeninsulaMedicalCenterSutter,0.40127825434837616,11.895000000000001,ROUTE_KaiserFoundationHospitalSouthSanFrancisco,0.26801240663282233,6.66
37.68027777775087,-122.15527777773289,149.47010441478955,LVO,ROUTE_SutterEdenMedicalCenter,0.40527292726071373,12.226666666666667,ROUTE_KaiserFoundationHospitalSanLeandro,0.27054385452746904,8.245,ROUTE_SutterEdenMedicalCenter,0.40527292726071373,12.226666666666667,ROUTE_KaiserFoundationHospitalSanLeandro,0.27054385452746904,8.245
37.99055555552889,-122.54972222217765,154.09869434543361,NLVO,ROUTE_UCSFMedicalCenter,0.5051790555961753,43.998333333333335,ROUTE_MarinHealthMedicalCenter,0.5237926178284066,14.363333333333333,ROUTE_UCSFMedicalCenter,0.5051790555961753,43.998333333333335,ROUTE_MarinHealthMedicalCenter,0.5237926178284066,14.363333333333333
37.65944444441752,-122.44999999995534,259.42037056046155,LVO,ROUTE_KaiserFoundationHospitalSouthSanFrancisco,0.24466880000000002,7.091666666666667,ROUTE_KaiserFoundationHospitalSouthSanFrancisco,0.24466880000000002,7.091666666666667,ROUTE_MillsPeninsulaMedicalCenterSutter,0.24466880000000002,16.803333333333335,ROUTE_KaiserFoundationHospitalSouthSanFrancisco,0.24466880000000002,7.091666666666667
38.01249999997335,-121.94638888884383,224.48491280954727,HEMORRHAGIC,ROUTE_JohnMuirMedicalCenterConcordCampus,0.24,13.183333333333334,ROUTE_JohnMuirMedicalCenterConcordCampus,0.24,13.183333333333334,ROUTE_JohnMuirMedicalCenterWalnutCreekCampus,0.24,22.94333333333333,ROUTE_JohnMuirMedicalCenterConcordCampus,0.24,13.183333333333334
37.64916666663973,-122.08555555551061,165.04363325440895,LVO,ROUTE_SutterEdenMedicalCenter,0.2644151140505047,13.955,ROUTE_StRoseHospital,0.24466880000000002,5.5616666666666665,ROUTE_SutterEdenMedicalCenter,0.2644151140505047,13.955,ROUTE_KaiserFoundationHospitalSanLeandro,0.2649632266777706,12.261666666666667
37.514722222195175,-121.92194444439937,40.38900787978979,LVO,ROUTE_RegionalMedicalCenterOfSanJose,0.44443949931910315,18.676666666666666,ROUTE_KaiserFoundationHospitalFremont,0.42842634093594445,15.931666666666667,ROUTE_RegionalMedicalCenterOfSanJose,0.44443949931910315,18.676666666666666,ROUTE_KaiserFoundationHospitalFremont,0.42842634093594445,15.931666666666667
37.830277777750986,-122.21611111106627,183.48509582220424,HEMORRHAGIC,ROUTE_SutterEdenMedicalCenter,0.24,19.208333333333332,ROUTE_KaiserFoundationHospitalOaklandRichmond,0.24,9.848333333333333,ROUTE_SutterEdenMedicalCenter,0.24,19.208333333333332,ROUTE_KaiserFoundationHospitalOaklandRichmond,0.24,9.848333333333333
37.51916666663963,-121.97249999995496,204.26980550273072,LVO,ROUTE_KaiserFoundationHospitalFremont,0.255513456349207,9.418333333333333,ROUTE_KaiserFoundationHospitalFremont,0.255513456349207,9.418333333333333,ROUTE_RegionalMedicalCenterOfSanJose,0.24466880000000002,22.045,ROUTE_KaiserFoundationHospitalFremont,0.255513456349207,9.418333333333333
37.69277777775088,-121.92166666662159,106.04018385867084,MIMIC,ROUTE_SutterEdenMedicalCenter,0.9,17.983333333333334,ROUTE_StanfordHealthCareTriValley,0.9,10.631666666666666,ROUTE_SutterEdenMedicalCenter,0.9,17.983333333333334,ROUTE_StanfordHealthCareTriValley,0.9,10.631666666666666
37.8666666666399,-122.26361111106631,52.81818440537396,NLVO,ROUTE_SutterEdenMedicalCenter,0.5678146035018277,27.858333333333334,ROUTE_AltaBatesSummitMedicalCenterAltaBatesCampus,0.5139642282005953,4.86,ROUTE_SutterEdenMedicalCenter,0.5678146035018277,27.858333333333334,ROUTE_KaiserFoundationHospitalOaklandRichmond,0.5763432476840258,13.985000000000001
37.746111111084254,-122.1752777777329,79.99667146028952,HEMORRHAGIC,ROUTE_SutterEdenMedicalCenter,0.24,16.633333333333333,ROUTE_SanLeandroHospitalAlamedaHealthSystem,0.24,11.961666666666668,ROUTE_SutterEdenMedicalCenter,0.24,16.633333333333333,ROUTE_KaiserFoundationHospitalSanLeandro,0.24,12.718333333333334
37.73527777775091,-122.24944444439963,62.191895332863496,LVO,ROUTE_SutterEdenMedicalCenter,0.43286839469172506,24.956666666666667,ROUTE_AlamedaHospital,0.29475154465077213,11.81,ROUTE_SutterEdenMedicalCenter,0.43286839469172506,24.956666666666667,ROUTE_AlamedaHospital,0.29475154465077213,11.81
37.99611111108445,-122.59805555551101,105.87136486653456,LVO,ROUTE_UCSFMedicalCenter,0.4052642050790522,48.57833333333333,ROUTE_MarinHealthMedicalCenter,0.28027141528593,15.951666666666666,ROUTE_UCSFMedicalCenter,0.4052642050790522,48.57833333333333,ROUTE_MarinHealthMedicalCenter,0.28027141528593,15.951666666666666
37.8338888888621,-122.18944444439958,205.11994972676226,LVO,ROUTE_HighlandHospitalWilmaChanCampus,0.25453084013119587,11.896666666666667,ROUTE_HighlandHospitalWilmaChanCampus,0.25453084013119587,11.896666666666667,ROUTE_SutterEdenMedicalCenter,0.24466880000000002,22.108333333333334,ROUTE_HighlandHospitalWilmaChanCampus,0.25453084013119587,11.896666666666667
37.79388888886207,-122.21194444439959,245.30699632154344,HEMORRHAGIC,ROUTE_HighlandHospitalWilmaChanCampus,0.24,4.983333333333333,ROUTE_HighlandHospitalWilmaChanCampus,0.24,4.983333333333333,ROUTE_SutterEdenMedicalCenter,0.24,16.323333333333334,ROUTE_HighlandHospitalWilmaChanCampus,0.24,4.983333333333333
37.86583333330657,-122.28277777773299,143.25070106453745,HEMORRHAGIC,ROUTE_JohnMuirMedicalCenterWalnutCreekCampus,0.24,29.138333333333332,ROUTE_AltaBatesSummitMedicalCenterAltaBatesCampus,0.24,7.444999999999999,ROUTE_JohnMuirMedicalCenterWalnutCreekCampus,0.24,29.138333333333332,ROUTE_KaiserFoundationHospitalOaklandRichmond,0.24,12.163333333333332
38.00972222219557,-122.31333333328857,250.87310184923317,HEMORRHAGIC,ROUTE_KaiserFoundationHospitalRichmondCampus,0.24,15.628333333333334,ROUTE_KaiserFoundationHospitalRichmondCampus,0.24,15.628333333333334,ROUTE_JohnMuirMedicalCenterWalnutCreekCampus,0.24,34.67833333333333,ROUTE_KaiserFoundationHospitalRichmondCampus,0.24,15.628333333333334
37.799722222195406,-122.44194444439978,76.54779596967964,LVO,ROUTE_CPMCDaviesCampusSutter,0.4348620367151106,8.753333333333334,ROUTE_KaiserFoundationHospitalSanFrancisco,0.4222051492987774,5.291666666666667,ROUTE_CPMCDaviesCampusSutter,0.4348620367151106,8.753333333333334,ROUTE_KaiserFoundationHospitalSanFrancisco,0.4222051492987774,5.291666666666667
37.85833333330656,-122.48638888884426,161.73584063471958,HEMORRHAGIC,ROUTE_UCSFMedicalCenter,0.24,23.688333333333333,ROUTE_MarinHealthMedicalCenter,0.24,20.116666666666667,ROUTE_UCSFMedicalCenter,0.24,23.688333333333333,ROUTE_MarinHealthMedicalCenter,0.24,20.116666666666667
37.80499999997319,-122.44527777773311,92.81292851957143,NLVO,ROUTE_CPMCDaviesCampusSutter,0.5582507407309196,10.033333333333333,ROUTE_KaiserFoundationHospitalSanFrancisco,0.5603901559912123,6.569999999999999,ROUTE_CPMCDaviesCampusSutter,0.5582507407309196,10.033333333333333,ROUTE_KaiserFoundationHospitalSanFrancisco,0.5603901559912123,6.569999999999999
37.81333333330653,-122.27388888884408,208.91238369270417,NLVO,ROUTE_AltaBatesSummitMedicalCenterSummitCampus,0.5009219021769837,5.069999999999999,ROUTE_AltaBatesSummitMedicalCenterSummitCampus,0.5009219021769837,5.069999999999999,ROUTE_SutterEdenMedicalCenter,0.4622,22.206666666666667,ROUTE_AltaBatesSummitMedicalCenterSummitCampus,0.5009219021769837,5.069999999999999
37.71527777775089,-122.47472222217759,222.13399707244156,LVO,ROUTE_AHMCSetonMedicalCenter,0.24466880000000002,6.355,ROUTE_AHMCSetonMedicalCenter,0.24466880000000002,6.355,ROUTE_UCSFMedicalCenter,0.24466880000000002,12.629999999999999,ROUTE_AHMCSetonMedicalCenter,0.24466880000000002,6.355
38.09916666664009,-122.24888888884406,79.7322404234807,LVO,ROUTE_JohnMuirMedicalCenterWalnutCreekCampus,0.42487267576257615,27.466666666666665,ROUTE_KaiserFoundationHospitalVallejo,0.2912758877585863,6.716666666666667,ROUTE_JohnMuirMedicalCenterWalnutCreekCampus,0.42487267576257615,27.466666666666665,ROUTE_KaiserFoundationHospitalVallejo,0.2912758877585863,6.716666666666667
38.246944444417984,-122.04388888884391,203.97284347829654,HEMORRHAGIC,ROUTE_NorthBayMedicalCenter,0.24,6.511666666666667,ROUTE_NorthBayMedicalCenter,0.24,6.511666666666667,ROUTE_JohnMuirMedicalCenterWalnutCreekCampus,0.24,39.25333333333333,ROUTE_NorthBayMedicalCenter,0.24,6.511666666666667
38.32027777775138,-122.28749999995522,140.43757396553843,LVO,ROUTE_JohnMuirMedicalCenterWalnutCreekCampus,0.25835739913523376,53.480000000000004,ROUTE_ProvidenceQueenOfTheValleyMedicalCenter,0.27428524746487903,4.618333333333334,ROUTE_JohnMuirMedicalCenterWalnutCreekCampus,0.25835739913523376,53.480000000000004,ROUTE_ProvidenceQueenOfTheValleyMedicalCenter,0.27428524746487903,4.618333333333334
37.7555555555287,-121.9505555555105,74.99785662741333,HEMORRHAGIC,ROUTE_SutterEdenMedicalCenter,0.24,23.745,ROUTE_SanRamonRegionalMedicalCenter,0.24,9.59,ROUTE_SutterEdenMedicalCenter,0.24,23.745,ROUTE_SanRamonRegionalMedicalCenter,0.24,9.59
37.692499999973094,-122.1158333332884,188.50087560437444,HEMORRHAGIC,ROUTE_SutterEdenMedicalCenter,0.24,7.37,ROUTE_SutterEdenMedicalCenter,0.24,7.37,ROUTE_SutterEdenMedicalCenter,0.24,7.37,ROUTE_SutterEdenMedicalCenter,0.24,7.37
37.770555555528716,-122.43833333328867,68.45440513805471,HEMORRHAGIC,ROUTE_CPMCDaviesCampusSutter,0.24,2.2333333333333334,ROUTE_CPMCDaviesCampusSutter,0.24,2.2333333333333334,ROUTE_CPMCDaviesCampusSutter,0.24,2.2333333333333334,ROUTE_CPMCDaviesCampusSutter,0.24,2.2333333333333334
37.63999999997306,-122.05999999995502,173.61709991066002,LVO,ROUTE_SutterEdenMedicalCenter,0.2607827603519532,18.146666666666665,ROUTE_StRoseHospital,0.24466880000000002,9.665,ROUTE_SutterEdenMedicalCenter,0.2607827603519532,18.146666666666665,ROUTE_SutterEdenMedicalCenter,0.2607827603519532,18.146666666666665
37.65249999997307,-121.883611111066,252.75979692924338,HEMORRHAGIC,ROUTE_StanfordHealthCareTriValley,0.24,12.648333333333333,ROUTE_StanfordHealthCareTriValley,0.24,12.648333333333333,ROUTE_SutterEdenMedicalCenter,0.24,22.42,ROUTE_StanfordHealthCareTriValley,0.24,12.648333333333333
37.686388888861984,-122.46194444439979,45.62875640146606,HEMORRHAGIC,ROUTE_CPMCDaviesCampusSutter,0.24,17.505,ROUTE_AHMCSetonMedicalCenter,0.24,6.6433333333333335,ROUTE_CPMCDaviesCampusSutter,0.24,17.505,ROUTE_AHMCSetonMedicalCenter,0.24,6.6433333333333335
37.69361111108421,-121.87777777773266,48.954967672452355,LVO,ROUTE_SutterEdenMedicalCenter,0.44098068831309223,18.80666666666667,ROUTE_StanfordHealthCareTriValley,0.43288652163389985,1.6633333333333333,ROUTE_SutterEdenMedicalCenter,0.44098068831309223,18.80666666666667,ROUTE_StanfordHealthCareTriValley,0.43288652163389985,1.6633333333333333
37.703888888862,-121.94444444439938,213.42658751491862,LVO,ROUTE_StanfordHealthCareTriValley,0.24466880000000002,10.666666666666666,ROUTE_StanfordHealthCareTriValley,0.24466880000000002,10.666666666666666,ROUTE_SutterEdenMedicalCenter,0.24466880000000002,15.636666666666667,ROUTE_StanfordHealthCareTriValley,0.24466880000000002,10.666666666666666
37.81277777775097,-122.25333333328852,170.76752965348547,HEMORRHAGIC,ROUTE_SutterEdenMedicalCenter,0.24,20.485,ROUTE_HighlandHospitalWilmaChanCampus,0.24,6.408333333333333,ROUTE_SutterEdenMedicalCenter,0.24,20.485,ROUTE_HighlandHospitalWilmaChanCampus,0.24,6.408333333333333
37.684166666639754,-122.47611111106647,81.55504631075647,NLVO,ROUTE_MillsPeninsulaMedicalCenterSutter,0.5606206125719125,15.578333333333335,ROUTE_AHMCSetonMedicalCenter,0.5684985808817256,2.8,ROUTE_MillsPeninsulaMedicalCenterSutter,0.5606206125719125,15.578333333333335,ROUTE_AHMCSetonMedicalCenter,0.5684985808817256,2.8
37.99638888886223,-121.9038888888438,231.58632319316422,LVO,ROUTE_SutterDeltaMedicalCenter,0.24466880000000002,13.136666666666667,ROUTE_SutterDeltaMedicalCenter,0.24466880000000002,13.136666666666667,ROUTE_JohnMuirMedicalCenterWalnutCreekCampus,0.24466880000000002,21.956666666666667,ROUTE_JohnMuirMedicalCenterConcordCampus,0.24466880000000002,15.611666666666668
37.79166666663984,-122.43111111106644,48.22735083835774,HEMORRHAGIC,ROUTE_CPMCDaviesCampusSutter,0.24,8.075,ROUTE_UCSFHealthHydeHospital,0.24,3.1266666666666665,ROUTE_CPMCDaviesCampusSutter,0.24,8.075,ROUTE_UCSFHealthHydeHospital,0.24,3.1266666666666665
37.96527777775109,-122.53305555551097,178.76985697259803,LVO,ROUTE_MarinHealthMedicalCenter,0.2633976537683553,5.671666666666667,ROUTE_MarinHealthMedicalCenter,0.2633976537683553,5.671666666666667,ROUTE_UCSFMedicalCenter,0.25334494502073074,37.723333333333336,ROUTE_MarinHealthMedicalCenter,0.2633976537683553,5.671666666666667
37.81194444441764,-122.26722222217742,146.64254761754884,HEMORRHAGIC,ROUTE_SutterEdenMedicalCenter,0.24,22.44333333333333,ROUTE_AltaBatesSummitMedicalCenterSummitCampus,0.24,4.58,ROUTE_SutterEdenMedicalCenter,0.24,22.44333333333333,ROUTE_AltaBatesSummitMedicalCenterSummitCampus,0.24,4.58
37.564999999973,-121.9833333332883,144.61737570926488,HEMORRHAGIC,ROUTE_SutterEdenMedicalCenter,0.24,28.953333333333333,ROUTE_WashingtonHospitalHealthcareSystem,0.24,3.6883333333333335,ROUTE_SutterEdenMedicalCenter,0.24,28.953333333333333,ROUTE_WashingtonHospitalHealthcareSystem,0.24,3.6883333333333335
37.78527777775095,-122.21361111106627,139.95622518354605,LVO,ROUTE_SutterEdenMedicalCenter,0.4060856478840861,18.35,ROUTE_HighlandHospitalWilmaChanCampus,0.27400900597280115,5.836666666666667,ROUTE_SutterEdenMedicalCenter,0.4060856478840861,18.35,ROUTE_HighlandHospitalWilmaChanCampus,0.27400900597280115,5.836666666666667
37.960833333306645,-122.07694444439949,173.6097661844924,LVO,ROUTE_JohnMuirMedicalCenterWalnutCreekCampus,0.26230899608267266,13.365,ROUTE_JohnMuirMedicalCenterConcordCampus,0.26344915346878217,9.811666666666667,ROUTE_JohnMuirMedicalCenterWalnutCreekCampus,0.26230899608267266,13.365,ROUTE_JohnMuirMedicalCenterConcordCampus,0.26344915346878217,9.811666666666667
37.703888888862,-122.45749999995535,149.47142096687554,LVO,ROUTE_CPMCDaviesCampusSutter,0.4042249127635311,14.556666666666667,ROUTE_CPMCMissionBernalCampusSutter,0.2705296300612637,8.286666666666667,ROUTE_CPMCDaviesCampusSutter,0.4042249127635311,14.556666666666667,ROUTE_CPMCMissionBernalCampusSutter,0.2705296300612637,8.286666666666667
37.83555555552877,-121.95583333328828,211.58676986255392,LVO,ROUTE_KaiserFoundationHospitalWalnutCreek,0.24466880000000002,18.56,ROUTE_KaiserFoundationHospitalWalnutCreek,0.24466880000000002,18.56,ROUTE_JohnMuirMedicalCenterWalnutCreekCampus,0.24466880000000002,24.171666666666667,ROUTE_KaiserFoundationHospitalWalnutCreek,0.24466880000000002,18.56
37.78194444441761,-122.23416666662183,91.67832199058753,HEMORRHAGIC,ROUTE_SutterEdenMedicalCenter,0.24,19.071666666666665,ROUTE_HighlandHospitalWilmaChanCampus,0.24,4.153333333333333,ROUTE_SutterEdenMedicalCenter,0.24,19.071666666666665,ROUTE_HighlandHospitalWilmaChanCampus,0.24,4.153333333333333
37.7416666666398,-122.16333333328845,177.76046774483194,LVO,ROUTE_SutterEdenMedicalCenter,0.26085174771746233,14.476666666666667,ROUTE_SanLeandroHospitalAlamedaHealthSystem,0.24466880000000002,10.586666666666668,ROUTE_SutterEdenMedicalCenter,0.26085174771746233,14.476666666666667,ROUTE_HighlandHospitalWilmaChanCampus,0.26163051966061146,12.03
37.791388888862066,-122.44388888884423,145.3318879331798,MIMIC,ROUTE_CPMCDaviesCampusSutter,0.9,7.828333333333333,ROUTE_KaiserFoundationHospitalSanFrancisco,0.9,4.045,ROUTE_CPMCDaviesCampusSutter,0.9,7.828333333333333,ROUTE_KaiserFoundationHospitalSanFrancisco,0.9,4.045
37.88972222219548,-122.2511111110663,230.79442304357275,HEMORRHAGIC,ROUTE_AltaBatesSummitMedicalCenterAltaBatesCampus,0.24,12.55,ROUTE_AltaBatesSummitMedicalCenterAltaBatesCampus,0.24,12.55,ROUTE_JohnMuirMedicalCenterWalnutCreekCampus,0.24,27.736666666666668,ROUTE_AltaBatesSummitMedicalCenterSummitCampus,0.24,21.708333333333332
37.80416666663985,-122.2486111110663,158.17474591848654,LVO,ROUTE_SutterEdenMedicalCenter,0.26412946077479865,20.563333333333333,ROUTE_HighlandHospitalWilmaChanCampus,0.2690937323884085,5.364999999999999,ROUTE_SutterEdenMedicalCenter,0.26412946077479865,20.563333333333333,ROUTE_HighlandHospitalWilmaChanCampus,0.2690937323884085,5.364999999999999
37.81027777775097,-121.9177777777327,195.02990412561192,HEMORRHAGIC,ROUTE_SanRamonRegionalMedicalCenter,0.24,11.893333333333334,ROUTE_SanRamonRegionalMedicalCenter,0.24,11.893333333333334,ROUTE_JohnMuirMedicalCenterWalnutCreekCampus,0.24,24.89,ROUTE_SanRamonRegionalMedicalCenter,0.24,11.893333333333334
37.84805555552878,-122.1374999999551,88.32499446518656,LVO,ROUTE_JohnMuirMedicalCenterWalnutCreekCampus,0.4226481946861499,25.10666666666667,ROUTE_KaiserFoundationHospitalWalnutCreek,0.2829711679714128,22.836666666666666,ROUTE_JohnMuirMedicalCenterWalnutCreekCampus,0.4226481946861499,25.10666666666667,ROUTE_KaiserFoundationHospitalWalnutCreek,0.2829711679714128,22.836666666666666
37.59083333330635,-122.07249999995504,202.87967522798388,LVO,ROUTE_WashingtonHospitalHealthcareSystem,0.24466880000000002,18.668333333333333,ROUTE_StRoseHospital,0.24466880000000002,11.475,ROUTE_SutterEdenMedicalCenter,0.24466880000000002,21.421666666666667,ROUTE_WashingtonHospitalHealthcareSystem,0.24466880000000002,18.668333333333333
37.97861111108444,-121.72861111106587,61.070787634841935,NLVO,ROUTE_JohnMuirMedicalCenterWalnutCreekCampus,0.5587811950766088,35.626666666666665,ROUTE_KaiserFoundationHospitalAntioch,0.5721353588888168,13.958333333333334,ROUTE_JohnMuirMedicalCenterWalnutCreekCampus,0.5587811950766088,35.626666666666665,ROUTE_KaiserFoundationHospitalAntioch,0.5721353588888168,13.958333333333334
37.712777777750894,-122.48388888884426,235.15597266906522,LVO,ROUTE_AHMCSetonMedicalCenter,0.24466880000000002,7.421666666666667,ROUTE_AHMCSetonMedicalCenter,0.24466880000000002,7.421666666666667,ROUTE_UCSFMedicalCenter,0.24466880000000002,14.673333333333334,ROUTE_AHMCSetonMedicalCenter,0.24466880000000002,7.421666666666667
37.69694444441755,-122.13916666662176,201.2463599187677,HEMORRHAGIC,ROUTE_KaiserFoundationHospitalSanLeandro,0.24,8.093333333333334,ROUTE_SanLeandroHospitalAlamedaHealthSystem,0.24,6.114999999999999,ROUTE_SutterEdenMedicalCenter,0.24,10.371666666666666,ROUTE_KaiserFoundationHospitalSanLeandro,0.24,8.093333333333334
37.99111111108445,-121.87888888884378,56.9969630776251,HEMORRHAGIC,ROUTE_JohnMuirMedicalCenterWalnutCreekCampus,0.24,26.256666666666668,ROUTE_SutterDeltaMedicalCenter,0.24,17.326666666666664,ROUTE_JohnMuirMedicalCenterWalnutCreekCampus,0.24,26.256666666666668,ROUTE_JohnMuirMedicalCenterConcordCampus,0.24,19.801666666666666
37.781388888862054,-122.4138888888442,185.05247701792905,LVO,ROUTE_CPMCDaviesCampusSutter,0.26087398447065835,8.33,ROUTE_UCSFHealthHydeHospital,0.2626012625155484,2.9166666666666665,ROUTE_CPMCDaviesCampusSutter,0.26087398447065835,8.33,ROUTE_UCSFHealthHydeHospital,0.2626012625155484,2.9166666666666665
37.58111111108412,-122.33083333328858,202.54114895711444,LVO,ROUTE_MillsPeninsulaMedicalCenterSutter,0.2559118014341728,9.571666666666665,ROUTE_MillsPeninsulaMedicalCenterSutter,0.2559118014341728,9.571666666666665,ROUTE_MillsPeninsulaMedicalCenterSutter,0.2559118014341728,9.571666666666665,ROUTE_MillsPeninsulaMedicalCenterSutter,0.2559118014341728,9.571666666666665
37.559999999972995,-122.03444444439945,64.15000961247185,LVO,ROUTE_SutterEdenMedicalCenter,0.43530154146377853,18.151666666666664,ROUTE_StRoseHospital,0.25712117702267034,8.988333333333333,ROUTE_SutterEdenMedicalCenter,0.43530154146377853,18.151666666666664,ROUTE_WashingtonHospitalHealthcareSystem,0.293331833284777,14.053333333333335
37.335555555528366,-122.04555555551057,216.39846994775237,LVO,ROUTE_KaiserFoundationHospitalSantaClara,0.24466880000000002,13.889999999999999,ROUTE_KaiserFoundationHospitalSantaClara,0.24466880000000002,13.889999999999999,ROUTE_KaiserFoundationHospitalSantaClara,0.24466880000000002,13.889999999999999,ROUTE_KaiserFoundationHospitalSantaClara,0.24466880000000002,13.889999999999999
37.87999999997325,-122.44972222217757,266.99849732256234,NLVO,ROUTE_MarinHealthMedicalCenter,0.4622,29.626666666666665,ROUTE_MarinHealthMedicalCenter,0.4622,29.626666666666665,ROUTE_UCSFMedicalCenter,0.4622,46.31166666666666,ROUTE_MarinHealthMedicalCenter,0.4622,29.626666666666665
37.721944444417566,-122.39305555551086,262.3509826458394,LVO,ROUTE_CPMCMissionBernalCampusSutter,0.24466880000000002,11.483333333333333,ROUTE_CPMCMissionBernalCampusSutter,0.24466880000000002,11.483333333333333,ROUTE_MillsPeninsulaMedicalCenterSutter,0.24466880000000002,15.9,ROUTE_CPMCMissionBernalCampusSutter,0.24466880000000002,11.483333333333333
38.005277777751125,-121.83083333328818,268.31265531675695,LVO,ROUTE_SutterDeltaMedicalCenter,0.24466880000000002,8.851666666666667,ROUTE_SutterDeltaMedicalCenter,0.24466880000000002,8.851666666666667,ROUTE_JohnMuirMedicalCenterWalnutCreekCampus,0.24466880000000002,26.75,ROUTE_KaiserFoundationHospitalAntioch,0.24466880000000002,14.15
37.763611111084266,-122.50416666662206,105.78768787009244,LVO,ROUTE_UCSFMedicalCenter,0.4236363158636514,8.42,ROUTE_UCSFMedicalCenter,0.4236363158636514,8.42,ROUTE_UCSFMedicalCenter,0.4236363158636514,8.42,ROUTE_UCSFMedicalCenter,0.4236363158636514,8.42
37.89749999997326,-122.54333333328876,68.10775799364166,NLVO,ROUTE_UCSFMedicalCenter,0.5581019936285081,30.861666666666668,ROUTE_MarinHealthMedicalCenter,0.5659104411810456,18.208333333333332,ROUTE_UCSFMedicalCenter,0.5581019936285081,30.861666666666668,ROUTE_MarinHealthMedicalCenter,0.5659104411810456,18.208333333333332
37.89666666663993,-122.25888888884408,123.14961198777401,LVO,ROUTE_JohnMuirMedicalCenterWalnutCreekCampus,0.4053916180242506,33.89666666666667,ROUTE_AltaBatesSummitMedicalCenterAltaBatesCampus,0.24466880000000002,16.778333333333332,ROUTE_JohnMuirMedicalCenterWalnutCreekCampus,0.4053916180242506,33.89666666666667,ROUTE_KaiserFoundationHospitalRichmondCampus,0.2724571339749828,24.451666666666664
37.524444444417405,-122.50333333328872,71.35474647159614,MIMIC,ROUTE_MillsPeninsulaMedicalCenterSutter,0.9,37.281666666666666,ROUTE_AHMCSetonMedicalCenter,0.9,29.618333333333332,ROUTE_MillsPeninsulaMedicalCenterSutter,0.9,37.281666666666666,ROUTE_AHMCSetonMedicalCenter,0.9,29.618333333333332
37.54444444441742,-121.99694444439943,32.63291101208612,LVO,ROUTE_SutterEdenMedicalCenter,0.44456594302395447,24.875,ROUTE_WashingtonHospitalHealthcareSystem,0.4358558462190134,6.325,ROUTE_SutterEdenMedicalCenter,0.44456594302395447,24.875,ROUTE_WashingtonHospitalHealthcareSystem,0.4358558462190134,6.325
37.809444444417636,-122.27277777773298,120.48514762493468,HEMORRHAGIC,ROUTE_SutterEdenMedicalCenter,0.24,22.376666666666665,ROUTE_AltaBatesSummitMedicalCenterSummitCampus,0.24,6.013333333333334,ROUTE_SutterEdenMedicalCenter,0.24,22.376666666666665,ROUTE_AltaBatesSummitMedicalCenterSummitCampus,0.24,6.013333333333334
37.63388888886194,-122.49249999995537,138.7339837050764,MIMIC,ROUTE_MillsPeninsulaMedicalCenterSutter,0.9,20.28666666666667,ROUTE_AHMCSetonMedicalCenter,0.9,10.441666666666666,ROUTE_MillsPeninsulaMedicalCenterSutter,0.9,20.28666666666667,ROUTE_AHMCSetonMedicalCenter,0.9,10.441666666666666
37.700833333306434,-122.09999999995506,171.2530704650316,LVO,ROUTE_SutterEdenMedicalCenter,0.40066640350035876,4.3516666666666675,ROUTE_SutterEdenMedicalCenter,0.40066640350035876,4.3516666666666675,ROUTE_SutterEdenMedicalCenter,0.40066640350035876,4.3516666666666675,ROUTE_SutterEdenMedicalCenter,0.40066640350035876,4.3516666666666675
37.78277777775095,-122.43722222217755,92.83975344274097,HEMORRHAGIC,ROUTE_CPMCDaviesCampusSutter,0.24,5.381666666666666,ROUTE_KaiserFoundationHospitalSanFrancisco,0.24,2.933333333333333,ROUTE_CPMCDaviesCampusSutter,0.24,5.381666666666666,ROUTE_KaiserFoundationHospitalSanFrancisco,0.24,2.933333333333333
37.723888888862014,-122.40527777773309,70.58504548493964,LVO,ROUTE_CPMCDaviesCampusSutter,0.43421129154623156,15.104999999999999,ROUTE_ZuckerbergSanFranciscoGeneralHospital,0.2927329437131318,10.331666666666667,ROUTE_CPMCDaviesCampusSutter,0.43421129154623156,15.104999999999999,ROUTE_ZuckerbergSanFranciscoGeneralHospital,0.2927329437131318,10.331666666666667
37.428055555528445,-121.88305555551044,113.84340209346533,NLVO,ROUTE_RegionalMedicalCenterOfSanJose,0.5467062883863153,11.148333333333333,ROUTE_RegionalMedicalCenterOfSanJose,0.5467062883863153,11.148333333333333,ROUTE_RegionalMedicalCenterOfSanJose,0.5467062883863153,11.148333333333333,ROUTE_RegionalMedicalCenterOfSanJose,0.5467062883863153,11.148333333333333
37.801111111084296,-122.25444444439964,123.57948715945379,HEMORRHAGIC,ROUTE_SutterEdenMedicalCenter,0.24,21.456666666666667,ROUTE_HighlandHospitalWilmaChanCampus,0.24,4.6066666666666665,ROUTE_SutterEdenMedicalCenter,0.24,21.456666666666667,ROUTE_HighlandHospitalWilmaChanCampus,0.24,4.6066666666666665
38.17944444441793,-122.13861111106621,110.80924224819653,LVO,ROUTE_JohnMuirMedicalCenterWalnutCreekCampus,0.4117857953646173,30.048333333333336,ROUTE_NorthBayMedicalCenter,0.2793110310479429,14.610000000000001,ROUTE_JohnMuirMedicalCenterWalnutCreekCampus,0.4117857953646173,30.048333333333336,ROUTE_NorthBayMedicalCenter,0.2793110310479429,14.610000000000001
38.012222222195575,-121.81527777773262,208.8453201353026,LVO,ROUTE_KaiserFoundationHospitalAntioch,0.24466880000000002,14.860000000000001,ROUTE_SutterDeltaMedicalCenter,0.24466880000000002,9.371666666666666,ROUTE_JohnMuirMedicalCenterWalnutCreekCampus,0.24466880000000002,29.303333333333335,ROUTE_KaiserFoundationHospitalAntioch,0.24466880000000002,14.860000000000001
37.404999999972866,-122.10472222217729,85.97261758717161,LVO,ROUTE_ElCaminoHealthMountainView,0.4271157180971016,17.441666666666666,ROUTE_ElCaminoHealthMountainView,0.4271157180971016,17.441666666666666,ROUTE_ElCaminoHealthMountainView,0.4271157180971016,17.441666666666666,ROUTE_ElCaminoHealthMountainView,0.4271157180971016,17.441666666666666
37.595277777750795,-122.40333333328864,250.1937276474843,HEMORRHAGIC,ROUTE_MillsPeninsulaMedicalCenterSutter,0.24,4.703333333333333,ROUTE_MillsPeninsulaMedicalCenterSutter,0.24,4.703333333333333,ROUTE_MillsPeninsulaMedicalCenterSutter,0.24,4.703333333333333,ROUTE_MillsPeninsulaMedicalCenterSutter,0.24,4.703333333333333
37.95472222219553,-121.99499999995498,58.01122593509764,LVO,ROUTE_JohnMuirMedicalCenterWalnutCreekCampus,0.440405524664231,12.471666666666666,ROUTE_JohnMuirMedicalCenterConcordCampus,0.424848625941445,12.341666666666667,ROUTE_JohnMuirMedicalCenterWalnutCreekCampus,0.440405524664231,12.471666666666666,ROUTE_JohnMuirMedicalCenterConcordCampus,0.424848625941445,12.341666666666667
37.3844444444173,-122.09666666662173,191.9118936741318,LVO,ROUTE_ElCaminoHealthMountainView,0.25901566291237876,8.49,ROUTE_ElCaminoHealthMountainView,0.25901566291237876,8.49,ROUTE_ElCaminoHealthMountainView,0.25901566291237876,8.49,ROUTE_ElCaminoHealthMountainView,0.25901566291237876,8.49
37.6722222221953,-121.88166666662156,222.8103568361781,MIMIC,ROUTE_StanfordHealthCareTriValley,0.9,8.629999999999999,ROUTE_StanfordHealthCareTriValley,0.9,8.629999999999999,ROUTE_SutterEdenMedicalCenter,0.9,23.821666666666665,ROUTE_StanfordHealthCareTriValley,0.9,8.629999999999999
37.846944444417666,-122.1322222221773,204.44259762832078,LVO,ROUTE_KaiserFoundationHospitalWalnutCreek,0.24466880000000002,20.326666666666664,ROUTE_KaiserFoundationHospitalWalnutCreek,0.24466880000000002,20.326666666666664,ROUTE_JohnMuirMedicalCenterWalnutCreekCampus,0.24466880000000002,22.596666666666668,ROUTE_KaiserFoundationHospitalWalnutCreek,0.24466880000000002,20.326666666666664
37.55055555552854,-122.35138888884416,101.14288934359428,LVO,ROUTE_MillsPeninsulaMedicalCenterSutter,0.42322751127025127,13.173333333333334,ROUTE_MillsPeninsulaMedicalCenterSutter,0.42322751127025127,13.173333333333334,ROUTE_MillsPeninsulaMedicalCenterSutter,0.42322751127025127,13.173333333333334,ROUTE_MillsPeninsulaMedicalCenterSutter,0.42322751127025127,13.173333333333334
38.0119444444178,-122.58499999995546,75.44894777596865,HEMORRHAGIC,ROUTE_UCSFMedicalCenter,0.24,50.81333333333334,ROUTE_MarinHealthMedicalCenter,0.24,18.186666666666667,ROUTE_UCSFMedicalCenter,0.24,50.81333333333334,ROUTE_MarinHealthMedicalCenter,0.24,18.186666666666667
38.10611111108454,-122.24944444439963,196.355822549743,NLVO,ROUTE_KaiserFoundationHospitalVallejo,0.507041207007104,5.828333333333333,ROUTE_KaiserFoundationHospitalVallejo,0.507041207007104,5.828333333333333,ROUTE_JohnMuirMedicalCenterWalnutCreekCampus,0.4622,29.096666666666668,ROUTE_KaiserFoundationHospitalVallejo,0.507041207007104,5.828333333333333
37.67916666663975,-121.7611111110659,60.48532175667481,HEMORRHAGIC,ROUTE_SutterEdenMedicalCenter,0.24,28.073333333333334,ROUTE_StanfordHealthCareTriValley,0.24,16.675,ROUTE_SutterEdenMedicalCenter,0.24,28.073333333333334,ROUTE_StanfordHealthCareTriValley,0.24,16.675
37.93472222219551,-122.32833333328858,182.20640782648525,LVO,ROUTE_KaiserFoundationHospitalRichmondCampus,0.2622357763804172,6.430000000000001,ROUTE_KaiserFoundationHospitalRichmondCampus,0.2622357763804172,6.430000000000001,ROUTE_CPMCDaviesCampusSutter,0.25463634142490466,30.648333333333333,ROUTE_KaiserFoundationHospitalRichmondCampus,0.2622357763804172,6.430000000000001
37.69916666663977,-122.11055555551063,89.14455446003265,LVO,ROUTE_SutterEdenMedicalCenter,0.4313328645227238,5.77,ROUTE_SutterEdenMedicalCenter,0.4313328645227238,5.77,ROUTE_SutterEdenMedicalCenter,0.4313328645227238,5.77,ROUTE_SutterEdenMedicalCenter,0.4313328645227238,5.77
38.23611111108465,-122.59694444439991,180.9439906647142,HEMORRHAGIC,ROUTE_PetalumaValleyHospitalProvidence,0.24,9.956666666666667,ROUTE_PetalumaValleyHospitalProvidence,0.24,9.956666666666667,ROUTE_UCSFMedicalCenter,0.24,62.72,ROUTE_PetalumaValleyHospitalProvidence,0.24,9.956666666666667
37.80583333330652,-121.91972222217714,122.65137908564836,NLVO,ROUTE_JohnMuirMedicalCenterWalnutCreekCampus,0.533156107307441,25.584999999999997,ROUTE_SanRamonRegionalMedicalCenter,0.5412512974766631,12.588333333333333,ROUTE_JohnMuirMedicalCenterWalnutCreekCampus,0.533156107307441,25.584999999999997,ROUTE_SanRamonRegionalMedicalCenter,0.5412512974766631,12.588333333333333
37.9449999999733,-122.33749999995526,200.83065130519634,HEMORRHAGIC,ROUTE_KaiserFoundationHospitalRichmondCampus,0.24,5.638333333333334,ROUTE_KaiserFoundationHospitalRichmondCampus,0.24,5.638333333333334,ROUTE_CPMCDaviesCampusSutter,0.24,32.86333333333333,ROUTE_KaiserFoundationHospitalRichmondCampus,0.24,5.638333333333334
38.12694444441789,-122.2016666666218,243.8643374605021,LVO,ROUTE_SutterSolanoMedicalCenter,0.24466880000000002,8.145,ROUTE_SutterSolanoMedicalCenter,0.24466880000000002,8.145,ROUTE_JohnMuirMedicalCenterWalnutCreekCampus,0.24466880000000002,32.97833333333333,ROUTE_SutterSolanoMedicalCenter,0.24466880000000002,8.145
37.37472222219507,-122.14333333328842,160.9328456856344,LVO,ROUTE_ElCaminoHealthMountainView,0.3998062381579164,14.879999999999999,ROUTE_ElCaminoHealthMountainView,0.3998062381579164,14.879999999999999,ROUTE_ElCaminoHealthMountainView,0.3998062381579164,14.879999999999999,ROUTE_ElCaminoHealthMountainView,0.3998062381579164,14.879999999999999
37.7416666666398,-121.94388888884383,224.66860540527688,HEMORRHAGIC,ROUTE_SanRamonRegionalMedicalCenter,0.24,9.085,ROUTE_SanRamonRegionalMedicalCenter,0.24,9.085,ROUTE_SutterEdenMedicalCenter,0.24,20.165000000000003,ROUTE_SanRamonRegionalMedicalCenter,0.24,9.085
37.67777777775086,-122.13138888884397,132.45578988540603,LVO,ROUTE_SutterEdenMedicalCenter,0.4124052352723618,10.648333333333333,ROUTE_StRoseHospital,0.24466880000000002,8.825,ROUTE_SutterEdenMedicalCenter,0.4124052352723618,10.648333333333333,ROUTE_KaiserFoundationHospitalSanLeandro,0.27461859162603053,10.285
37.633611111084164,-122.45722222217758,143.96119037638522,NLVO,ROUTE_MillsPeninsulaMedicalCenterSutter,0.529731442211839,13.313333333333333,ROUTE_KaiserFoundationHospitalSouthSanFrancisco,0.5315920883623176,10.333333333333334,ROUTE_MillsPeninsulaMedicalCenterSutter,0.529731442211839,13.313333333333333,ROUTE_KaiserFoundationHospitalSouthSanFrancisco,0.5315920883623176,10.333333333333334
37.471666666639585,-122.23416666662183,87.83911312828837,HEMORRHAGIC,ROUTE_KaiserFoundationHospitalRedwoodCity,0.24,6.84,ROUTE_SequoiaHospital,0.24,6.37,ROUTE_KaiserFoundationHospitalRedwoodCity,0.24,6.84,ROUTE_SequoiaHospital,0.24,6.37
37.955277777751085,-121.94333333328827,107.37770502312033,HEMORRHAGIC,ROUTE_JohnMuirMedicalCenterWalnutCreekCampus,0.24,14.41,ROUTE_JohnMuirMedicalCenterWalnutCreekCampus,0.24,14.41,ROUTE_JohnMuirMedicalCenterWalnutCreekCampus,0.24,14.41,ROUTE_JohnMuirMedicalCenterWalnutCreekCampus,0.24,14.41
37.86749999997324,-122.10777777773285,64.86216638616565,LVO,ROUTE_JohnMuirMedicalCenterWalnutCreekCampus,0.43509107194120705,18.005,ROUTE_KaiserFoundationHospitalWalnutCreek,0.2925024150407508,15.733333333333333,ROUTE_JohnMuirMedicalCenterWalnutCreekCampus,0.43509107194120705,18.005,ROUTE_KaiserFoundationHospitalWalnutCreek,0.2925024150407508,15.733333333333333
37.79888888886207,-122.41027777773309,41.570140339604514,HEMORRHAGIC,ROUTE_CPMCDaviesCampusSutter,0.24,11.965,ROUTE_ChineseHospital,0.24,2.6083333333333334,ROUTE_CPMCDaviesCampusSutter,0.24,11.965,ROUTE_ChineseHospital,0.24,2.6083333333333334
37.92694444441773,-122.32499999995524,212.45567007175802,HEMORRHAGIC,ROUTE_KaiserFoundationHospitalRichmondCampus,0.24,9.81,ROUTE_KaiserFoundationHospitalRichmondCampus,0.24,9.81,ROUTE_CPMCDaviesCampusSutter,0.24,31.96333333333333,ROUTE_KaiserFoundationHospitalRichmondCampus,0.24,9.81
37.468333333306255,-122.1449999999551,94.27744031312726,HEMORRHAGIC,ROUTE_KaiserFoundationHospitalRedwoodCity,0.24,11.58,ROUTE_KaiserFoundationHospitalRedwoodCity,0.24,11.58,ROUTE_KaiserFoundationHospitalRedwoodCity,0.24,11.58,ROUTE_KaiserFoundationHospitalRedwoodCity,0.24,11.58
37.400833333306196,-122.02277777773278,185.3143408085822,LVO,ROUTE_ElCaminoHealthMountainView,0.2586968339528986,15.001666666666667,ROUTE_ElCaminoHealthMountainView,0.2586968339528986,15.001666666666667,ROUTE_ElCaminoHealthMountainView,0.2586968339528986,15.001666666666667,ROUTE_ElCaminoHealthMountainView,0.2586968339528986,15.001666666666667
37.40416666663953,-122.10555555551062,151.80170622428736,HEMORRHAGIC,ROUTE_ElCaminoHealthMountainView,0.24,16.24,ROUTE_ElCaminoHealthMountainView,0.24,16.24,ROUTE_ElCaminoHealthMountainView,0.24,16.24,ROUTE_ElCaminoHealthMountainView,0.24,16.24
37.40277777775064,-122.08388888884394,50.423516325652244,LVO,ROUTE_ElCaminoHealthMountainView,0.44298515739234523,13.366666666666667,ROUTE_ElCaminoHealthMountainView,0.44298515739234523,13.366666666666667,ROUTE_ElCaminoHealthMountainView,0.44298515739234523,13.366666666666667,ROUTE_ElCaminoHealthMountainView,0.44298515739234523,13.366666666666667
37.87916666663991,-122.26833333328852,78.5992076630195,LVO,ROUTE_SutterEdenMedicalCenter,0.423490581364156,31.391666666666666,ROUTE_AltaBatesSummitMedicalCenterAltaBatesCampus,0.25421550931076725,8.78,ROUTE_SutterEdenMedicalCenter,0.423490581364156,31.391666666666666,ROUTE_KaiserFoundationHospitalOaklandRichmond,0.28806210000940047,16.58
37.541111111084085,-122.28111111106632,213.6064388291401,HEMORRHAGIC,ROUTE_SanMateoMedicalCenter,0.24,10.598333333333333,ROUTE_SanMateoMedicalCenter,0.24,10.598333333333333,ROUTE_MillsPeninsulaMedicalCenterSutter,0.24,15.563333333333333,ROUTE_MillsPeninsulaMedicalCenterSutter,0.24,15.563333333333333
38.08611111108452,-122.56499999995543,154.8801688133653,LVO,ROUTE_UCSFMedicalCenter,0.2560794122338139,48.748333333333335,ROUTE_NovatoCommunityHospitalSutter,0.26968232657647195,6.331666666666666,ROUTE_UCSFMedicalCenter,0.2560794122338139,48.748333333333335,ROUTE_NovatoCommunityHospitalSutter,0.26968232657647195,6.331666666666666
37.682777777750864,-122.06972222217726,65.77754777428797,LVO,ROUTE_SutterEdenMedicalCenter,0.4379850594560294,11.110000000000001,ROUTE_SutterEdenMedicalCenter,0.4379850594560294,11.110000000000001,ROUTE_SutterEdenMedicalCenter,0.4379850594560294,11.110000000000001,ROUTE_SutterEdenMedicalCenter,0.4379850594560294,11.110000000000001
37.96527777775109,-122.28666666662188,206.5949866617338,MIMIC,ROUTE_KaiserFoundationHospitalRichmondCampus,0.9,17.808333333333334,ROUTE_KaiserFoundationHospitalRichmondCampus,0.9,17.808333333333334,ROUTE_JohnMuirMedicalCenterWalnutCreekCampus,0.9,32.72666666666667,ROUTE_KaiserFoundationHospitalRichmondCampus,0.9,17.808333333333334
37.546666666639645,-122.29249999995521,95.27670391360031,HEMORRHAGIC,ROUTE_KaiserFoundationHospitalRedwoodCity,0.24,12.655,ROUTE_SanMateoMedicalCenter,0.24,6.566666666666666,ROUTE_KaiserFoundationHospitalRedwoodCity,0.24,12.655,ROUTE_KaiserFoundationHospitalRedwoodCity,0.24,12.655
37.75416666663981,-122.16833333328844,94.0085994897016,HEMORRHAGIC,ROUTE_SutterEdenMedicalCenter,0.24,14.685,ROUTE_SanLeandroHospitalAlamedaHealthSystem,0.24,12.501666666666667,ROUTE_SutterEdenMedicalCenter,0.24,14.685,ROUTE_HighlandHospitalWilmaChanCampus,0.24,13.305
37.45416666663957,-122.43722222217755,90.65451658532324,LVO,ROUTE_MillsPeninsulaMedicalCenterSutter,0.42025489008260636,28.348333333333336,ROUTE_SanMateoMedicalCenter,0.24466880000000002,28.138333333333332,ROUTE_MillsPeninsulaMedicalCenterSutter,0.42025489008260636,28.348333333333336,ROUTE_MillsPeninsulaMedicalCenterSutter,0.42025489008260636,28.348333333333336
37.77972222219539,-122.48861111106649,238.95198285443792,LVO,ROUTE_UCSFHealthStanyanHospital,0.24466880000000002,8.486666666666666,ROUTE_UCSFHealthStanyanHospital,0.24466880000000002,8.486666666666666,ROUTE_UCSFMedicalCenter,0.24466880000000002,9.558333333333334,ROUTE_UCSFHealthStanyanHospital,0.24466880000000002,8.486666666666666
37.55749999997299,-122.30499999995523,125.584354517941,HEMORRHAGIC,ROUTE_KaiserFoundationHospitalRedwoodCity,0.24,14.233333333333333,ROUTE_SanMateoMedicalCenter,0.24,10.188333333333333,ROUTE_KaiserFoundationHospitalRedwoodCity,0.24,14.233333333333333,ROUTE_KaiserFoundationHospitalRedwoodCity,0.24,14.233333333333333
38.01527777775113,-121.93805555551049,49.35521813026904,HEMORRHAGIC,ROUTE_JohnMuirMedicalCenterWalnutCreekCampus,0.24,21.348333333333336,ROUTE_JohnMuirMedicalCenterConcordCampus,0.24,11.588333333333333,ROUTE_JohnMuirMedicalCenterWalnutCreekCampus,0.24,21.348333333333336,ROUTE_JohnMuirMedicalCenterConcordCampus,0.24,11.588333333333333
37.678611111084194,-121.72472222217698,52.41174513878889,HEMORRHAGIC,ROUTE_SutterEdenMedicalCenter,0.24,31.51833333333333,ROUTE_StanfordHealthCareTriValley,0.24,20.12,ROUTE_SutterEdenMedicalCenter,0.24,31.51833333333333,ROUTE_StanfordHealthCareTriValley,0.24,20.12
37.39972222219509,-121.99249999995497,51.75226987647765,HEMORRHAGIC,ROUTE_KaiserFoundationHospitalSantaClara,0.24,13.770000000000001,ROUTE_KaiserFoundationHospitalSantaClara,0.24,13.770000000000001,ROUTE_KaiserFoundationHospitalSantaClara,0.24,13.770000000000001,ROUTE_KaiserFoundationHospitalSantaClara,0.24,13.770000000000001
37.93638888886218,-122.32499999995524,244.23556433155198,MIMIC,ROUTE_KaiserFoundationHospitalRichmondCampus,0.9,7.598333333333333,ROUTE_KaiserFoundationHospitalRichmondCampus,0.9,7.598333333333333,ROUTE_CPMCDaviesCampusSutter,0.9,31.205,ROUTE_KaiserFoundationHospitalRichmondCampus,0.9,7.598333333333333
37.7555555555287,-121.94249999995493,156.05169588606958,LVO,ROUTE_JohnMuirMedicalCenterWalnutCreekCampus,0.2634952965748347,24.3,ROUTE_SanRamonRegionalMedicalCenter,0.2694076196561618,6.1850000000000005,ROUTE_JohnMuirMedicalCenterWalnutCreekCampus,0.2634952965748347,24.3,ROUTE_SanRamonRegionalMedicalCenter,0.2694076196561618,6.1850000000000005
37.71999999997312,-122.43638888884422,203.01684128326986,HEMORRHAGIC,ROUTE_CPMCMissionBernalCampusSutter,0.24,8.175,ROUTE_CPMCMissionBernalCampusSutter,0.24,8.175,ROUTE_CPMCDaviesCampusSutter,0.24,14.445,ROUTE_CPMCMissionBernalCampusSutter,0.24,8.175
37.761388888862044,-122.44249999995533,42.84330872564797,HEMORRHAGIC,ROUTE_CPMCDaviesCampusSutter,0.24,4.12,ROUTE_CPMCDaviesCampusSutter,0.24,4.12,ROUTE_CPMCDaviesCampusSutter,0.24,4.12,ROUTE_CPMCDaviesCampusSutter,0.24,4.12
37.76027777775093,-122.42222222217754,190.1604570781783,NLVO,ROUTE_CPMCDaviesCampusSutter,0.5107615375568151,5.08,ROUTE_CPMCMissionBernalCampusSutter,0.5113264868986882,4.181666666666667,ROUTE_CPMCDaviesCampusSutter,0.5107615375568151,5.08,ROUTE_CPMCMissionBernalCampusSutter,0.5113264868986882,4.181666666666667
37.85194444441767,-122.27138888884409,243.22708508916764,HEMORRHAGIC,ROUTE_AltaBatesSummitMedicalCenterAltaBatesCampus,0.24,4.3533333333333335,ROUTE_AltaBatesSummitMedicalCenterAltaBatesCampus,0.24,4.3533333333333335,ROUTE_JohnMuirMedicalCenterWalnutCreekCampus,0.24,25.006666666666668,ROUTE_KaiserFoundationHospitalOaklandRichmond,0.24,8.031666666666666
37.7366666666398,-122.4177777777331,267.2314635916576,LVO,ROUTE_CPMCMissionBernalCampusSutter,0.24466880000000002,4.491666666666666,ROUTE_CPMCMissionBernalCampusSutter,0.24466880000000002,4.491666666666666,ROUTE_CPMCDaviesCampusSutter,0.24466880000000002,11.093333333333334,ROUTE_CPMCMissionBernalCampusSutter,0.24466880000000002,4.491666666666666
37.94388888886219,-122.53583333328875,34.048894729022344,HEMORRHAGIC,ROUTE_UCSFMedicalCenter,0.24,36.75666666666667,ROUTE_MarinHealthMedicalCenter,0.24,2.515,ROUTE_UCSFMedicalCenter,0.24,36.75666666666667,ROUTE_MarinHealthMedicalCenter,0.24,2.515
37.74444444441758,-122.49916666662205,268.53278620022536,LVO,ROUTE_UCSFMedicalCenter,0.24466880000000002,11.911666666666667,ROUTE_UCSFMedicalCenter,0.24466880000000002,11.911666666666667,ROUTE_UCSFMedicalCenter,0.24466880000000002,11.911666666666667,ROUTE_UCSFMedicalCenter,0.24466880000000002,11.911666666666667
38.00499999997335,-121.89916666662157,32.62845125098994,LVO,ROUTE_JohnMuirMedicalCenterWalnutCreekCampus,0.44560040959560565,22.711666666666666,ROUTE_SutterDeltaMedicalCenter,0.401400224468659,12.971666666666666,ROUTE_JohnMuirMedicalCenterWalnutCreekCampus,0.44560040959560565,22.711666666666666,ROUTE_JohnMuirMedicalCenterConcordCampus,0.4334627691359101,15.446666666666665
37.44888888886179,-122.16361111106623,135.9594205052768,LVO,ROUTE_StanfordHealthCare,0.41254197820318006,7.428333333333333,ROUTE_StanfordHealthCare,0.41254197820318006,7.428333333333333,ROUTE_StanfordHealthCare,0.41254197820318006,7.428333333333333,ROUTE_StanfordHealthCare,0.41254197820318006,7.428333333333333
37.7277777777509,-122.46222222217757,98.53382957575894,LVO,ROUTE_UCSFMedicalCenter,0.4254540349478574,10.546666666666665,ROUTE_CPMCMissionBernalCampusSutter,0.2846356194275269,9.601666666666667,ROUTE_UCSFMedicalCenter,0.4254540349478574,10.546666666666665,ROUTE_CPMCMissionBernalCampusSutter,0.2846356194275269,9.601666666666667
37.47555555552848,-122.43249999995533,265.26800374789605,LVO,ROUTE_SanMateoMedicalCenter,0.24466880000000002,26.785,ROUTE_SanMateoMedicalCenter,0.24466880000000002,26.785,ROUTE_MillsPeninsulaMedicalCenterSutter,0.24466880000000002,26.995,ROUTE_MillsPeninsulaMedicalCenterSutter,0.24466880000000002,26.995
37.92249999997328,-121.74888888884367,176.09270928153364,LVO,ROUTE_KaiserFoundationHospitalAntioch,0.2619426985877806,12.441666666666666,ROUTE_KaiserFoundationHospitalAntioch,0.2619426985877806,12.441666666666666,ROUTE_JohnMuirMedicalCenterWalnutCreekCampus,0.2533620461213495,39.89833333333333,ROUTE_KaiserFoundationHospitalAntioch,0.2619426985877806,12.441666666666666
37.445277777750675,-122.17722222217735,162.37079180755708,LVO,ROUTE_StanfordHealthCare,0.40271783472556444,7.166666666666667,ROUTE_StanfordHealthCare,0.40271783472556444,7.166666666666667,ROUTE_StanfordHealthCare,0.40271783472556444,7.166666666666667,ROUTE_StanfordHealthCare,0.40271783472556444,7.166666666666667
37.551666666639655,-122.30249999995523,204.64703831931408,HEMORRHAGIC,ROUTE_KaiserFoundationHospitalRedwoodCity,0.24,12.033333333333333,ROUTE_SanMateoMedicalCenter,0.24,7.723333333333333,ROUTE_KaiserFoundationHospitalRedwoodCity,0.24,12.033333333333333,ROUTE_KaiserFoundationHospitalRedwoodCity,0.24,12.033333333333333
37.558611111084105,-122.27194444439965,125.58735764633174,MIMIC,ROUTE_MillsPeninsulaMedicalCenterSutter,0.9,15.08,ROUTE_SanMateoMedicalCenter,0.9,10.113333333333333,ROUTE_MillsPeninsulaMedicalCenterSutter,0.9,15.08,ROUTE_MillsPeninsulaMedicalCenterSutter,0.9,15.08
37.701666666639774,-122.04972222217725,153.39554859634995,NLVO,ROUTE_SutterEdenMedicalCenter,0.5271806778290885,9.533333333333333,ROUTE_SutterEdenMedicalCenter,0.5271806778290885,9.533333333333333,ROUTE_SutterEdenMedicalCenter,0.5271806778290885,9.533333333333333,ROUTE_SutterEdenMedicalCenter,0.5271806778290885,9.533333333333333
37.973333333306655,-122.34749999995526,89.66040895359968,HEMORRHAGIC,ROUTE_JohnMuirMedicalCenterWalnutCreekCampus,0.24,37.31166666666666,ROUTE_KaiserFoundationHospitalRichmondCampus,0.24,10.54,ROUTE_JohnMuirMedicalCenterWalnutCreekCampus,0.24,37.31166666666666,ROUTE_KaiserFoundationHospitalRichmondCampus,0.24,10.54
37.94194444441774,-121.96777777773273,198.37574704624504,LVO,ROUTE_JohnMuirMedicalCenterWalnutCreekCampus,0.2558306036238542,13.305,ROUTE_JohnMuirMedicalCenterWalnutCreekCampus,0.2558306036238542,13.305,ROUTE_JohnMuirMedicalCenterWalnutCreekCampus,0.2558306036238542,13.305,ROUTE_JohnMuirMedicalCenterWalnutCreekCampus,0.2558306036238542,13.305
37.70611111108422,-122.46638888884425,106.02537253373565,LVO,ROUTE_CPMCDaviesCampusSutter,0.42081867190866135,14.316666666666666,ROUTE_AHMCSetonMedicalCenter,0.28336904618953945,6.953333333333333,ROUTE_CPMCDaviesCampusSutter,0.42081867190866135,14.316666666666666,ROUTE_AHMCSetonMedicalCenter,0.28336904618953945,6.953333333333333
37.806666666639856,-122.21361111106627,162.61092327313423,LVO,ROUTE_SutterEdenMedicalCenter,0.2636301813305729,18.415000000000003,ROUTE_HighlandHospitalWilmaChanCampus,0.2682296394950333,4.288333333333333,ROUTE_SutterEdenMedicalCenter,0.2636301813305729,18.415000000000003,ROUTE_HighlandHospitalWilmaChanCampus,0.2682296394950333,4.288333333333333
37.94333333330663,-122.36499999995527,142.11054344361685,HEMORRHAGIC,ROUTE_CPMCDaviesCampusSutter,0.24,36.026666666666664,ROUTE_KaiserFoundationHospitalRichmondCampus,0.24,2.871666666666667,ROUTE_CPMCDaviesCampusSutter,0.24,36.026666666666664,ROUTE_KaiserFoundationHospitalRichmondCampus,0.24,2.871666666666667
37.53472222219519,-122.02805555551056,164.41644605581172,LVO,ROUTE_SutterEdenMedicalCenter,0.26139360543306145,23.89333333333333,ROUTE_WashingtonHospitalHealthcareSystem,0.264342712100739,14.701666666666666,ROUTE_SutterEdenMedicalCenter,0.26139360543306145,23.89333333333333,ROUTE_WashingtonHospitalHealthcareSystem,0.264342712100739,14.701666666666666
37.699444444417544,-122.04861111106614,238.97435735063428,MIMIC,ROUTE_SutterEdenMedicalCenter,0.9,11.25,ROUTE_SutterEdenMedicalCenter,0.9,11.25,ROUTE_SutterEdenMedicalCenter,0.9,11.25,ROUTE_SutterEdenMedicalCenter,0.9,11.25
37.70333333330644,-122.45861111106646,147.52411652757934,HEMORRHAGIC,ROUTE_CPMCDaviesCampusSutter,0.24,15.135,ROUTE_CPMCMissionBernalCampusSutter,0.24,8.863333333333333,ROUTE_CPMCDaviesCampusSutter,0.24,15.135,ROUTE_CPMCMissionBernalCampusSutter,0.24,8.863333333333333
37.66805555552863,-122.14416666662177,205.19915706317553,MIMIC,ROUTE_KaiserFoundationHospitalSanLeandro,0.9,14.218333333333334,ROUTE_StRoseHospital,0.9,13.371666666666666,ROUTE_SutterEdenMedicalCenter,0.9,15.403333333333334,ROUTE_KaiserFoundationHospitalSanLeandro,0.9,14.218333333333334
37.47194444441737,-122.14944444439955,254.0014737999849,LVO,ROUTE_KaiserFoundationHospitalRedwoodCity,0.24466880000000002,9.508333333333333,ROUTE_KaiserFoundationHospitalRedwoodCity,0.24466880000000002,9.508333333333333,ROUTE_KaiserFoundationHospitalRedwoodCity,0.24466880000000002,9.508333333333333,ROUTE_KaiserFoundationHospitalRedwoodCity,0.24466880000000002,9.508333333333333
38.15999999997347,-122.23388888884406,215.17316446975502,HEMORRHAGIC,ROUTE_SutterSolanoMedicalCenter,0.24,9.371666666666666,ROUTE_SutterSolanoMedicalCenter,0.24,9.371666666666666,ROUTE_JohnMuirMedicalCenterWalnutCreekCampus,0.24,34.945,ROUTE_SutterSolanoMedicalCenter,0.24,9.371666666666666
38.02361111108447,-121.91055555551047,206.14825089345675,NLVO,ROUTE_JohnMuirMedicalCenterConcordCampus,0.4962987871456043,14.691666666666666,ROUTE_JohnMuirMedicalCenterConcordCampus,0.4962987871456043,14.691666666666666,ROUTE_JohnMuirMedicalCenterWalnutCreekCampus,0.4622,24.451666666666664,ROUTE_JohnMuirMedicalCenterConcordCampus,0.4962987871456043,14.691666666666666
37.527222222195185,-122.33472222217748,198.95830676728193,MIMIC,ROUTE_MillsPeninsulaMedicalCenterSutter,0.9,15.915,ROUTE_SanMateoMedicalCenter,0.9,9.225,ROUTE_MillsPeninsulaMedicalCenterSutter,0.9,15.915,ROUTE_MillsPeninsulaMedicalCenterSutter,0.9,15.915
38.25416666664022,-122.02722222217723,127.33183120297369,HEMORRHAGIC,ROUTE_JohnMuirMedicalCenterWalnutCreekCampus,0.24,45.225,ROUTE_NorthBayMedicalCenter,0.24,7.666666666666667,ROUTE_JohnMuirMedicalCenterWalnutCreekCampus,0.24,45.225,ROUTE_NorthBayMedicalCenter,0.24,7.666666666666667
37.785833333306506,-122.41333333328865,45.64210003004824,LVO,ROUTE_CPMCDaviesCampusSutter,0.4469152947588179,9.116666666666667,ROUTE_UCSFHealthHydeHospital,0.4349932552134023,2.93,ROUTE_CPMCDaviesCampusSutter,0.4469152947588179,9.116666666666667,ROUTE_UCSFHealthHydeHospital,0.4349932552134023,2.93
37.773333333306496,-122.47583333328869,115.13876462907088,HEMORRHAGIC,ROUTE_UCSFMedicalCenter,0.24,8.135,ROUTE_UCSFHealthStanyanHospital,0.24,5.38,ROUTE_UCSFMedicalCenter,0.24,8.135,ROUTE_UCSFHealthStanyanHospital,0.24,5.38
37.90777777775105,-122.3016666666219,77.07672271502106,LVO,ROUTE_CPMCDaviesCampusSutter,0.42421836780322164,31.09,ROUTE_KaiserFoundationHospitalRichmondCampus,0.28985715157784075,12.853333333333333,ROUTE_CPMCDaviesCampusSutter,0.42421836780322164,31.09,ROUTE_KaiserFoundationHospitalRichmondCampus,0.28985715157784075,12.853333333333333
38.08749999997341,-122.51944444439984,161.3441615413089,NLVO,ROUTE_NovatoCommunityHospitalSutter,0.519937383695342,14.479999999999999,ROUTE_NovatoCommunityHospitalSutter,0.519937383695342,14.479999999999999,ROUTE_UCSFMedicalCenter,0.49588256954350746,52.68666666666666,ROUTE_NovatoCommunityHospitalSutter,0.519937383695342,14.479999999999999
37.46222222219514,-122.1599999999551,236.9807507139969,HEMORRHAGIC,ROUTE_KaiserFoundationHospitalRedwoodCity,0.24,10.953333333333335,ROUTE_KaiserFoundationHospitalRedwoodCity,0.24,10.953333333333335,ROUTE_KaiserFoundationHospitalRedwoodCity,0.24,10.953333333333335,ROUTE_KaiserFoundationHospitalRedwoodCity,0.24,10.953333333333335
37.51999999997296,-122.0011111110661,210.08450073966898,MIMIC,ROUTE_KaiserFoundationHospitalFremont,0.9,12.203333333333335,ROUTE_KaiserFoundationHospitalFremont,0.9,12.203333333333335,ROUTE_RegionalMedicalCenterOfSanJose,0.9,24.336666666666666,ROUTE_KaiserFoundationHospitalFremont,0.9,12.203333333333335
37.68055555552864,-122.3949999999553,57.65792852206209,LVO,ROUTE_MillsPeninsulaMedicalCenterSutter,0.4407200123908661,12.103333333333333,ROUTE_MillsPeninsulaMedicalCenterSutter,0.4407200123908661,12.103333333333333,ROUTE_MillsPeninsulaMedicalCenterSutter,0.4407200123908661,12.103333333333333,ROUTE_MillsPeninsulaMedicalCenterSutter,0.4407200123908661,12.103333333333333
37.59027777775079,-122.0844444443995,52.81326173309485,LVO,ROUTE_SutterEdenMedicalCenter,0.4372683341999841,23.43,ROUTE_StRoseHospital,0.39525619333175677,12.928333333333335,ROUTE_SutterEdenMedicalCenter,0.4372683341999841,23.43,ROUTE_KaiserFoundationHospitalSanLeandro,0.29397715659338564,21.736666666666668
37.72138888886201,-121.85222222217709,148.24820535583592,LVO,ROUTE_SutterEdenMedicalCenter,0.40096964327381773,22.84333333333333,ROUTE_StanfordHealthCareTriValley,0.2700780698028029,10.665,ROUTE_SutterEdenMedicalCenter,0.40096964327381773,22.84333333333333,ROUTE_StanfordHealthCareTriValley,0.2700780698028029,10.665
37.79166666663984,-122.23583333328851,51.57003222556383,HEMORRHAGIC,ROUTE_SutterEdenMedicalCenter,0.24,18.695,ROUTE_HighlandHospitalWilmaChanCampus,0.24,1.335,ROUTE_SutterEdenMedicalCenter,0.24,18.695,ROUTE_HighlandHospitalWilmaChanCampus,0.24,1.335
37.83749999997321,-122.1436111110662,119.83727630245393,NLVO,ROUTE_JohnMuirMedicalCenterWalnutCreekCampus,0.5336000636417734,27.21833333333333,ROUTE_KaiserFoundationHospitalWalnutCreek,0.5350154914358382,24.948333333333334,ROUTE_JohnMuirMedicalCenterWalnutCreekCampus,0.5336000636417734,27.21833333333333,ROUTE_KaiserFoundationHospitalWalnutCreek,0.5350154914358382,24.948333333333334
37.89222222219548,-121.60527777773244,258.06336265379997,LVO,ROUTE_KaiserFoundationHospitalAntioch,0.24466880000000002,25.001666666666665,ROUTE_KaiserFoundationHospitalAntioch,0.24466880000000002,25.001666666666665,ROUTE_JohnMuirMedicalCenterWalnutCreekCampus,0.24466880000000002,50.526666666666664,ROUTE_KaiserFoundationHospitalAntioch,0.24466880000000002,25.001666666666665
37.364722222195056,-122.07444444439949,243.3410233809708,HEMORRHAGIC,ROUTE_ElCaminoHealthMountainView,0.24,3.7800000000000002,ROUTE_ElCaminoHealthMountainView,0.24,3.7800000000000002,ROUTE_ElCaminoHealthMountainView,0.24,3.7800000000000002,ROUTE_ElCaminoHealthMountainView,0.24,3.7800000000000002
37.97361111108443,-122.1058333332884,209.95345980773314,HEMORRHAGIC,ROUTE_ContraCostaRegionalMedicalCenter,0.24,10.191666666666666,ROUTE_ContraCostaRegionalMedicalCenter,0.24,10.191666666666666,ROUTE_JohnMuirMedicalCenterWalnutCreekCampus,0.24,19.236666666666668,ROUTE_JohnMuirMedicalCenterConcordCampus,0.24,16.513333333333332
37.9499999999733,-122.02027777773277,125.97891577420471,HEMORRHAGIC,ROUTE_JohnMuirMedicalCenterWalnutCreekCampus,0.24,8.421666666666667,ROUTE_JohnMuirMedicalCenterWalnutCreekCampus,0.24,8.421666666666667,ROUTE_JohnMuirMedicalCenterWalnutCreekCampus,0.24,8.421666666666667,ROUTE_JohnMuirMedicalCenterWalnutCreekCampus,0.24,8.421666666666667
38.17499999997349,-122.25055555551074,42.6834040242037,MIMIC,ROUTE_JohnMuirMedicalCenterWalnutCreekCampus,0.9,37.34166666666667,ROUTE_KaiserFoundationHospitalVallejo,0.9,9.006666666666666,ROUTE_JohnMuirMedicalCenterWalnutCreekCampus,0.9,37.34166666666667,ROUTE_KaiserFoundationHospitalVallejo,0.9,9.006666666666666
37.42083333330621,-121.90694444439936,156.12561091095466,LVO,ROUTE_RegionalMedicalCenterOfSanJose,0.4018490031252401,14.311666666666667,ROUTE_OConnorHospital,0.2671083963709601,13.108333333333333,ROUTE_RegionalMedicalCenterOfSanJose,0.4018490031252401,14.311666666666667,ROUTE_OConnorHospital,0.2671083963709601,13.108333333333333
38.24527777775132,-121.99916666662165,56.88020957494433,MIMIC,ROUTE_JohnMuirMedicalCenterWalnutCreekCampus,0.9,45.20666666666667,ROUTE_NorthBayMedicalCenter,0.9,13.021666666666667,ROUTE_JohnMuirMedicalCenterWalnutCreekCampus,0.9,45.20666666666667,ROUTE_NorthBayMedicalCenter,0.9,13.021666666666667
37.69138888886199,-122.1499999999551,116.88928291032504,HEMORRHAGIC,ROUTE_SutterEdenMedicalCenter,0.24,9.295,ROUTE_KaiserFoundationHospitalSanLeandro,0.24,5.87,ROUTE_SutterEdenMedicalCenter,0.24,9.295,ROUTE_KaiserFoundationHospitalSanLeandro,0.24,5.87
37.759166666639814,-122.23694444439961,59.46269046382344,LVO,ROUTE_SutterEdenMedicalCenter,0.4367490938395756,18.988333333333333,ROUTE_AlamedaHospital,0.42715753835271086,3.98,ROUTE_SutterEdenMedicalCenter,0.4367490938395756,18.988333333333333,ROUTE_AlamedaHospital,0.42715753835271086,3.98
37.62611111108416,-122.05916666662169,174.05166026852098,LVO,ROUTE_SutterEdenMedicalCenter,0.26019806557633873,19.628333333333334,ROUTE_StRoseHospital,0.24466880000000002,8.936666666666667,ROUTE_SutterEdenMedicalCenter,0.26019806557633873,19.628333333333334,ROUTE_KaiserFoundationHospitalSanLeandro,0.26073498126625916,17.935
38.31305555552915,-122.4908333332887,241.95994823650526,NLVO,ROUTE_SonomaValleyHospital,0.4622,10.476666666666667,ROUTE_SonomaValleyHospital,0.4622,10.476666666666667,ROUTE_JohnMuirMedicalCenterWalnutCreekCampus,0.4622,71.36666666666666,ROUTE_SonomaValleyHospital,0.4622,10.476666666666667
37.99527777775112,-122.26166666662186,40.01669459728624,LVO,ROUTE_JohnMuirMedicalCenterWalnutCreekCampus,0.43857987810637256,31.32,ROUTE_ContraCostaRegionalMedicalCenter,0.39685163329829476,18.273333333333333,ROUTE_JohnMuirMedicalCenterWalnutCreekCampus,0.43857987810637256,31.32,ROUTE_KaiserFoundationHospitalRichmondCampus,0.29813718054665184,21.13
37.980277777751105,-122.48444444439981,67.55227927643946,HEMORRHAGIC,ROUTE_UCSFMedicalCenter,0.24,43.28666666666666,ROUTE_MarinHealthMedicalCenter,0.24,16.393333333333334,ROUTE_UCSFMedicalCenter,0.24,43.28666666666666,ROUTE_MarinHealthMedicalCenter,0.24,16.393333333333334
37.762777777750934,-122.45249999995535,122.18725642240435,LVO,ROUTE_UCSFMedicalCenter,0.4204405397272728,1.6683333333333332,ROUTE_UCSFMedicalCenter,0.4204405397272728,1.6683333333333332,ROUTE_UCSFMedicalCenter,0.4204405397272728,1.6683333333333332,ROUTE_UCSFMedicalCenter,0.4204405397272728,1.6683333333333332
37.755833333306484,-122.41194444439975,130.25599567595827,NLVO,ROUTE_CPMCDaviesCampusSutter,0.5404496040209147,7.54,ROUTE_ZuckerbergSanFranciscoGeneralHospital,0.543517995342954,2.605,ROUTE_CPMCDaviesCampusSutter,0.5404496040209147,7.54,ROUTE_ZuckerbergSanFranciscoGeneralHospital,0.543517995342954,2.605
37.766388888862046,-122.43472222217756,71.89275220538424,HEMORRHAGIC,ROUTE_CPMCDaviesCampusSutter,0.24,1.9533333333333334,ROUTE_CPMCDaviesCampusSutter,0.24,1.9533333333333334,ROUTE_CPMCDaviesCampusSutter,0.24,1.9533333333333334,ROUTE_CPMCDaviesCampusSutter,0.24,1.9533333333333334
37.79999999997318,-122.23527777773295,56.061693144374075,LVO,ROUTE_SutterEdenMedicalCenter,0.43812845386168064,18.903333333333332,ROUTE_HighlandHospitalWilmaChanCampus,0.4298339117423289,2.49,ROUTE_SutterEdenMedicalCenter,0.43812845386168064,18.903333333333332,ROUTE_HighlandHospitalWilmaChanCampus,0.4298339117423289,2.49
37.94361111108441,-122.54527777773319,61.102723172294176,NLVO,ROUTE_UCSFMedicalCenter,0.5563416243407376,39.54666666666667,ROUTE_MarinHealthMedicalCenter,0.576611986290511,6.6433333333333335,ROUTE_UCSFMedicalCenter,0.5563416243407376,39.54666666666667,ROUTE_MarinHealthMedicalCenter,0.576611986290511,6.6433333333333335
37.7505555555287,-122.16166666662178,211.13161953476907,LVO,ROUTE_HighlandHospitalWilmaChanCampus,0.24466880000000002,11.905,ROUTE_SanLeandroHospitalAlamedaHealthSystem,0.24466880000000002,11.101666666666667,ROUTE_SutterEdenMedicalCenter,0.24466880000000002,13.283333333333333,ROUTE_HighlandHospitalWilmaChanCampus,0.24466880000000002,11.905
37.99444444441778,-122.24111111106629,259.8986248651312,LVO,ROUTE_ContraCostaRegionalMedicalCenter,0.24466880000000002,17.865000000000002,ROUTE_ContraCostaRegionalMedicalCenter,0.24466880000000002,17.865000000000002,ROUTE_JohnMuirMedicalCenterWalnutCreekCampus,0.24466880000000002,30.913333333333334,ROUTE_KaiserFoundationHospitalRichmondCampus,0.24466880000000002,21.525
37.81944444441764,-122.26944444439964,63.030705774539825,HEMORRHAGIC,ROUTE_SutterEdenMedicalCenter,0.24,21.923333333333336,ROUTE_AltaBatesSummitMedicalCenterSummitCampus,0.24,3.4566666666666666,ROUTE_SutterEdenMedicalCenter,0.24,21.923333333333336,ROUTE_AltaBatesSummitMedicalCenterSummitCampus,0.24,3.4566666666666666
38.27972222219579,-122.01444444439944,151.43085339709106,LVO,ROUTE_JohnMuirMedicalCenterWalnutCreekCampus,0.25811251486649495,45.1,ROUTE_NorthBayMedicalCenter,0.2691261989815506,10.886666666666667,ROUTE_JohnMuirMedicalCenterWalnutCreekCampus,0.25811251486649495,45.1,ROUTE_NorthBayMedicalCenter,0.2691261989815506,10.886666666666667
37.53583333330631,-121.96861111106607,240.82727201541422,HEMORRHAGIC,ROUTE_KaiserFoundationHospitalFremont,0.24,6.1016666666666675,ROUTE_KaiserFoundationHospitalFremont,0.24,6.1016666666666675,ROUTE_RegionalMedicalCenterOfSanJose,0.24,23.396666666666665,ROUTE_KaiserFoundationHospitalFremont,0.24,6.1016666666666675
37.92416666663995,-121.71388888884364,228.83287842276297,HEMORRHAGIC,ROUTE_KaiserFoundationHospitalAntioch,0.24,12.673333333333334,ROUTE_KaiserFoundationHospitalAntioch,0.24,12.673333333333334,ROUTE_JohnMuirMedicalCenterWalnutCreekCampus,0.24,38.19833333333334,ROUTE_KaiserFoundationHospitalAntioch,0.24,12.673333333333334
38.25583333330688,-122.022499999955,142.97171488113656,LVO,ROUTE_JohnMuirMedicalCenterWalnutCreekCampus,0.2601415896428814,45.70666666666667,ROUTE_NorthBayMedicalCenter,0.2724146109605892,8.06,ROUTE_JohnMuirMedicalCenterWalnutCreekCampus,0.2601415896428814,45.70666666666667,ROUTE_NorthBayMedicalCenter,0.2724146109605892,8.06
37.57638888886189,-122.03361111106612,43.67522719535139,LVO,ROUTE_SutterEdenMedicalCenter,0.44184994832178315,21.376666666666665,ROUTE_StRoseHospital,0.3989264889603654,12.215,ROUTE_SutterEdenMedicalCenter,0.44184994832178315,21.376666666666665,ROUTE_WashingtonHospitalHealthcareSystem,0.2993260412884582,14.891666666666667
37.541944444417425,-121.93861111106605,192.27083301504592,LVO,ROUTE_KaiserFoundationHospitalFremont,0.2590017768610527,8.235000000000001,ROUTE_KaiserFoundationHospitalFremont,0.2590017768610527,8.235000000000001,ROUTE_RegionalMedicalCenterOfSanJose,0.254777833555858,21.801666666666666,ROUTE_KaiserFoundationHospitalFremont,0.2590017768610527,8.235000000000001
38.25861111108466,-122.61944444439992,46.7257877548991,HEMORRHAGIC,ROUTE_UCSFMedicalCenter,0.24,61.835,ROUTE_PetalumaValleyHospitalProvidence,0.24,4.8933333333333335,ROUTE_UCSFMedicalCenter,0.24,61.835,ROUTE_PetalumaValleyHospitalProvidence,0.24,4.8933333333333335
37.98499999997333,-122.0705555555106,154.11964220508204,HEMORRHAGIC,ROUTE_JohnMuirMedicalCenterWalnutCreekCampus,0.24,14.901666666666667,ROUTE_JohnMuirMedicalCenterConcordCampus,0.24,9.65,ROUTE_JohnMuirMedicalCenterWalnutCreekCampus,0.24,14.901666666666667,ROUTE_JohnMuirMedicalCenterConcordCampus,0.24,9.65
37.72499999997312,-122.41944444439976,69.14051787722869,HEMORRHAGIC,ROUTE_CPMCDaviesCampusSutter,0.24,13.511666666666667,ROUTE_CPMCMissionBernalCampusSutter,0.24,7.239999999999999,ROUTE_CPMCDaviesCampusSutter,0.24,13.511666666666667,ROUTE_CPMCMissionBernalCampusSutter,0.24,7.239999999999999
37.791388888862066,-122.4430555555109,144.86138821437282,LVO,ROUTE_CPMCDaviesCampusSutter,0.40912160970042927,7.541666666666667,ROUTE_KaiserFoundationHospitalSanFrancisco,0.27322290864011595,4.08,ROUTE_CPMCDaviesCampusSutter,0.40912160970042927,7.541666666666667,ROUTE_KaiserFoundationHospitalSanFrancisco,0.27322290864011595,4.08
37.98388888886222,-121.79333333328815,95.76773323449416,HEMORRHAGIC,ROUTE_JohnMuirMedicalCenterWalnutCreekCampus,0.24,31.618333333333332,ROUTE_SutterDeltaMedicalCenter,0.24,3.3483333333333336,ROUTE_JohnMuirMedicalCenterWalnutCreekCampus,0.24,31.618333333333332,ROUTE_KaiserFoundationHospitalAntioch,0.24,6.92
38.29194444441802,-122.01666666662166,32.7285959988561,LVO,ROUTE_JohnMuirMedicalCenterWalnutCreekCampus,0.43456515229883297,45.9,ROUTE_NorthBayMedicalCenter,0.303135897022916,13.883333333333333,ROUTE_JohnMuirMedicalCenterWalnutCreekCampus,0.43456515229883297,45.9,ROUTE_NorthBayMedicalCenter,0.303135897022916,13.883333333333333
37.80749999997319,-122.24972222217741,58.76294052853752,LVO,ROUTE_SutterEdenMedicalCenter,0.4369457190633463,19.154999999999998,ROUTE_HighlandHospitalWilmaChanCampus,0.42752396018701566,5.078333333333333,ROUTE_SutterEdenMedicalCenter,0.4369457190633463,19.154999999999998,ROUTE_HighlandHospitalWilmaChanCampus,0.42752396018701566,5.078333333333333
37.73944444441758,-122.41861111106643,221.61516208676005,HEMORRHAGIC,ROUTE_CPMCMissionBernalCampusSutter,0.24,2.8366666666666664,ROUTE_CPMCMissionBernalCampusSutter,0.24,2.8366666666666664,ROUTE_CPMCDaviesCampusSutter,0.24,9.438333333333333,ROUTE_CPMCMissionBernalCampusSutter,0.24,2.8366666666666664
37.94027777775107,-121.72722222217699,95.33987997019881,HEMORRHAGIC,ROUTE_JohnMuirMedicalCenterWalnutCreekCampus,0.24,37.525,ROUTE_KaiserFoundationHospitalAntioch,0.24,11.306666666666667,ROUTE_JohnMuirMedicalCenterWalnutCreekCampus,0.24,37.525,ROUTE_KaiserFoundationHospitalAntioch,0.24,11.306666666666667
37.58444444441746,-122.33638888884414,189.2553407543272,LVO,ROUTE_MillsPeninsulaMedicalCenterSutter,0.2594669716975986,9.271666666666667,ROUTE_MillsPeninsulaMedicalCenterSutter,0.2594669716975986,9.271666666666667,ROUTE_MillsPeninsulaMedicalCenterSutter,0.2594669716975986,9.271666666666667,ROUTE_MillsPeninsulaMedicalCenterSutter,0.2594669716975986,9.271666666666667
37.77722222219539,-122.45749999995535,45.13081112569448,LVO,ROUTE_UCSFMedicalCenter,0.44898324981872584,5.2266666666666675,ROUTE_UCSFHealthStanyanHospital,0.4362534660457765,2.2916666666666665,ROUTE_UCSFMedicalCenter,0.44898324981872584,5.2266666666666675,ROUTE_UCSFHealthStanyanHospital,0.4362534660457765,2.2916666666666665
37.97916666663999,-121.78083333328814,263.8242949210892,LVO,ROUTE_SutterDeltaMedicalCenter,0.24466880000000002,5.6033333333333335,ROUTE_SutterDeltaMedicalCenter,0.24466880000000002,5.6033333333333335,ROUTE_JohnMuirMedicalCenterWalnutCreekCampus,0.24466880000000002,33.385,ROUTE_KaiserFoundationHospitalAntioch,0.24466880000000002,7.383333333333334
38.31027777775137,-122.4922222221776,86.8765598664452,HEMORRHAGIC,ROUTE_JohnMuirMedicalCenterWalnutCreekCampus,0.24,71.40833333333333,ROUTE_SonomaValleyHospital,0.24,10.796666666666665,ROUTE_JohnMuirMedicalCenterWalnutCreekCampus,0.24,71.40833333333333,ROUTE_SonomaValleyHospital,0.24,10.796666666666665
37.691111111084204,-121.74138888884366,89.61002779503366,HEMORRHAGIC,ROUTE_SutterEdenMedicalCenter,0.24,29.391666666666666,ROUTE_StanfordHealthCareTriValley,0.24,17.993333333333332,ROUTE_SutterEdenMedicalCenter,0.24,29.391666666666666,ROUTE_StanfordHealthCareTriValley,0.24,17.993333333333332
37.96805555552887,-122.3280555555108,236.19758902282882,HEMORRHAGIC,ROUTE_KaiserFoundationHospitalRichmondCampus,0.24,12.793333333333333,ROUTE_KaiserFoundationHospitalRichmondCampus,0.24,12.793333333333333,ROUTE_JohnMuirMedicalCenterWalnutCreekCampus,0.24,35.67333333333333,ROUTE_KaiserFoundationHospitalRichmondCampus,0.24,12.793333333333333
37.95305555552886,-121.94361111106605,114.76808952364942,LVO,ROUTE_JohnMuirMedicalCenterWalnutCreekCampus,0.41701589971501374,15.298333333333334,ROUTE_JohnMuirMedicalCenterWalnutCreekCampus,0.41701589971501374,15.298333333333334,ROUTE_JohnMuirMedicalCenterWalnutCreekCampus,0.41701589971501374,15.298333333333334,ROUTE_JohnMuirMedicalCenterWalnutCreekCampus,0.41701589971501374,15.298333333333334
37.771944444417606,-122.2511111110663,269.7504560633388,LVO,ROUTE_AlamedaHospital,0.24466880000000002,3.753333333333333,ROUTE_AlamedaHospital,0.24466880000000002,3.753333333333333,ROUTE_SutterEdenMedicalCenter,0.24466880000000002,20.91,ROUTE_AlamedaHospital,0.24466880000000002,3.753333333333333
37.978888888862215,-122.02416666662167,239.2069728411155,HEMORRHAGIC,ROUTE_JohnMuirMedicalCenterConcordCampus,0.24,3.485,ROUTE_JohnMuirMedicalCenterConcordCampus,0.24,3.485,ROUTE_JohnMuirMedicalCenterWalnutCreekCampus,0.24,15.035,ROUTE_JohnMuirMedicalCenterConcordCampus,0.24,3.485
37.555833333306325,-121.99777777773276,59.60867469912387,LVO,ROUTE_SutterEdenMedicalCenter,0.433218760779986,26.363333333333333,ROUTE_WashingtonHospitalHealthcareSystem,0.2971607317231565,7.433333333333334,ROUTE_SutterEdenMedicalCenter,0.433218760779986,26.363333333333333,ROUTE_WashingtonHospitalHealthcareSystem,0.2971607317231565,7.433333333333334
37.55055555552854,-121.99027777773276,87.43165817926283,LVO,ROUTE_SutterEdenMedicalCenter,0.42251765193663104,26.133333333333333,ROUTE_WashingtonHospitalHealthcareSystem,0.28968384348404136,4.705,ROUTE_SutterEdenMedicalCenter,0.42251765193663104,26.133333333333333,ROUTE_WashingtonHospitalHealthcareSystem,0.28968384348404136,4.705
37.58166666663968,-121.96222222217718,244.60654832077756,LVO,ROUTE_WashingtonHospitalHealthcareSystem,0.24466880000000002,11.343333333333334,ROUTE_WashingtonHospitalHealthcareSystem,0.24466880000000002,11.343333333333334,ROUTE_RegionalMedicalCenterOfSanJose,0.24466880000000002,30.186666666666667,ROUTE_WashingtonHospitalHealthcareSystem,0.24466880000000002,11.343333333333334
37.764999999973156,-122.19277777773291,97.12219055365286,HEMORRHAGIC,ROUTE_SutterEdenMedicalCenter,0.24,18.026666666666664,ROUTE_HighlandHospitalWilmaChanCampus,0.24,10.518333333333334,ROUTE_SutterEdenMedicalCenter,0.24,18.026666666666664,ROUTE_HighlandHospitalWilmaChanCampus,0.24,10.518333333333334
37.73249999997313,-122.39194444439974,70.8091555195508,MIMIC,ROUTE_CPMCDaviesCampusSutter,0.9,14.514999999999999,ROUTE_ZuckerbergSanFranciscoGeneralHospital,0.9,8.658333333333333,ROUTE_CPMCDaviesCampusSutter,0.9,14.514999999999999,ROUTE_ZuckerbergSanFranciscoGeneralHospital,0.9,8.658333333333333
37.92111111108439,-121.71055555551031,71.97574903893859,LVO,ROUTE_JohnMuirMedicalCenterWalnutCreekCampus,0.4216417359941037,40.90833333333333,ROUTE_KaiserFoundationHospitalAntioch,0.29047840813174386,15.383333333333333,ROUTE_JohnMuirMedicalCenterWalnutCreekCampus,0.4216417359941037,40.90833333333333,ROUTE_KaiserFoundationHospitalAntioch,0.29047840813174386,15.383333333333333
37.67194444441753,-121.90833333328824,71.2578755840932,HEMORRHAGIC,ROUTE_SutterEdenMedicalCenter,0.24,23.558333333333334,ROUTE_StanfordHealthCareTriValley,0.24,9.741666666666667,ROUTE_SutterEdenMedicalCenter,0.24,23.558333333333334,ROUTE_StanfordHealthCareTriValley,0.24,9.741666666666667
37.650833333306394,-121.77416666662147,249.1340393495304,LVO,ROUTE_StanfordHealthCareTriValley,0.24466880000000002,21.61,ROUTE_StanfordHealthCareTriValley,0.24466880000000002,21.61,ROUTE_SutterEdenMedicalCenter,0.24466880000000002,33.00833333333333,ROUTE_StanfordHealthCareTriValley,0.24466880000000002,21.61
37.3566666666395,-122.01388888884388,196.39959077815362,LVO,ROUTE_KaiserFoundationHospitalSantaClara,0.2579139810007668,8.26,ROUTE_KaiserFoundationHospitalSantaClara,0.2579139810007668,8.26,ROUTE_KaiserFoundationHospitalSantaClara,0.2579139810007668,8.26,ROUTE_KaiserFoundationHospitalSantaClara,0.2579139810007668,8.26
37.776666666639834,-122.42944444439978,42.528479758990755,HEMORRHAGIC,ROUTE_CPMCDaviesCampusSutter,0.24,4.483333333333333,ROUTE_CPMCVanNessCampusSutter,0.24,4.194999999999999,ROUTE_CPMCDaviesCampusSutter,0.24,4.483333333333333,ROUTE_CPMCVanNessCampusSutter,0.24,4.194999999999999
37.702222222195324,-122.07388888884392,163.6595464126502,LVO,ROUTE_SutterEdenMedicalCenter,0.40352829880017105,4.285,ROUTE_SutterEdenMedicalCenter,0.40352829880017105,4.285,ROUTE_SutterEdenMedicalCenter,0.40352829880017105,4.285,ROUTE_SutterEdenMedicalCenter,0.40352829880017105,4.285
37.82305555552876,-122.22999999995517,216.56086094533978,NLVO,ROUTE_KaiserFoundationHospitalOaklandRichmond,0.4622,7.586666666666667,ROUTE_KaiserFoundationHospitalOaklandRichmond,0.4622,7.586666666666667,ROUTE_SutterEdenMedicalCenter,0.4622,22.631666666666668,ROUTE_KaiserFoundationHospitalOaklandRichmond,0.4622,7.586666666666667
37.79916666663985,-122.42722222217755,151.0046995693813,HEMORRHAGIC,ROUTE_CPMCDaviesCampusSutter,0.24,9.775,ROUTE_UCSFHealthHydeHospital,0.24,3.5683333333333334,ROUTE_CPMCDaviesCampusSutter,0.24,9.775,ROUTE_UCSFHealthHydeHospital,0.24,3.5683333333333334
37.77083333330649,-122.20777777773293,66.80843650568983,LVO,ROUTE_SutterEdenMedicalCenter,0.4341252922024344,18.435,ROUTE_HighlandHospitalWilmaChanCampus,0.2941997115068865,9.466666666666667,ROUTE_SutterEdenMedicalCenter,0.4341252922024344,18.435,ROUTE_HighlandHospitalWilmaChanCampus,0.2941997115068865,9.466666666666667
37.77083333330649,-122.25055555551074,191.53037399669608,LVO,ROUTE_AlamedaHospital,0.26084806623995427,3.0133333333333336,ROUTE_AlamedaHospital,0.26084806623995427,3.0133333333333336,ROUTE_SutterEdenMedicalCenter,0.2553093868298252,20.695,ROUTE_AlamedaHospital,0.26084806623995427,3.0133333333333336
37.970555555528875,-122.33527777773303,129.4775906656626,LVO,ROUTE_JohnMuirMedicalCenterWalnutCreekCampus,0.40235400061906584,35.39,ROUTE_KaiserFoundationHospitalRichmondCampus,0.2747050401750123,12.511666666666667,ROUTE_JohnMuirMedicalCenterWalnutCreekCampus,0.40235400061906584,35.39,ROUTE_KaiserFoundationHospitalRichmondCampus,0.2747050401750123,12.511666666666667
37.79083333330651,-122.1955555555107,59.844397919461855,HEMORRHAGIC,ROUTE_SutterEdenMedicalCenter,0.24,16.336666666666666,ROUTE_HighlandHospitalWilmaChanCampus,0.24,5.7683333333333335,ROUTE_SutterEdenMedicalCenter,0.24,16.336666666666666,ROUTE_HighlandHospitalWilmaChanCampus,0.24,5.7683333333333335
37.93944444441774,-122.35249999995527,51.59484346299919,HEMORRHAGIC,ROUTE_CPMCDaviesCampusSutter,0.24,34.434999999999995,ROUTE_KaiserFoundationHospitalRichmondCampus,0.24,3.06,ROUTE_CPMCDaviesCampusSutter,0.24,34.434999999999995,ROUTE_KaiserFoundationHospitalRichmondCampus,0.24,3.06
37.75194444441759,-121.89305555551046,50.29237920501387,MIMIC,ROUTE_SutterEdenMedicalCenter,0.9,24.756666666666668,ROUTE_SanRamonRegionalMedicalCenter,0.9,14.513333333333332,ROUTE_SutterEdenMedicalCenter,0.9,24.756666666666668,ROUTE_SanRamonRegionalMedicalCenter,0.9,14.513333333333332
37.576666666639674,-122.36166666662194,79.85283191241095,HEMORRHAGIC,ROUTE_MillsPeninsulaMedicalCenterSutter,0.24,8.055,ROUTE_MillsPeninsulaMedicalCenterSutter,0.24,8.055,ROUTE_MillsPeninsulaMedicalCenterSutter,0.24,8.055,ROUTE_MillsPeninsulaMedicalCenterSutter,0.24,8.055
37.68333333330642,-121.74444444439922,107.42053832497503,MIMIC,ROUTE_SutterEdenMedicalCenter,0.9,31.91166666666667,ROUTE_StanfordHealthCareTriValley,0.9,20.513333333333332,ROUTE_SutterEdenMedicalCenter,0.9,31.91166666666667,ROUTE_StanfordHealthCareTriValley,0.9,20.513333333333332
37.75833333330648,-121.94361111106605,243.42936415198858,LVO,ROUTE_SanRamonRegionalMedicalCenter,0.24466880000000002,5.141666666666667,ROUTE_SanRamonRegionalMedicalCenter,0.24466880000000002,5.141666666666667,ROUTE_JohnMuirMedicalCenterWalnutCreekCampus,0.24466880000000002,23.258333333333333,ROUTE_SanRamonRegionalMedicalCenter,0.24466880000000002,5.141666666666667
37.53249999997297,-122.5047222221776,131.5279623700205,LVO,ROUTE_MillsPeninsulaMedicalCenterSutter,0.40124748634983187,36.155,ROUTE_AHMCSetonMedicalCenter,0.2687901506764135,28.490000000000002,ROUTE_MillsPeninsulaMedicalCenterSutter,0.40124748634983187,36.155,ROUTE_AHMCSetonMedicalCenter,0.2687901506764135,28.490000000000002
37.760833333306486,-122.49305555551094,230.9533069997958,HEMORRHAGIC,ROUTE_UCSFMedicalCenter,0.24,6.9783333333333335,ROUTE_UCSFMedicalCenter,0.24,6.9783333333333335,ROUTE_UCSFMedicalCenter,0.24,6.9783333333333335,ROUTE_UCSFMedicalCenter,0.24,6.9783333333333335
37.78888888886206,-122.19777777773292,251.21591764895786,MIMIC,ROUTE_HighlandHospitalWilmaChanCampus,0.9,5.656666666666666,ROUTE_HighlandHospitalWilmaChanCampus,0.9,5.656666666666666,ROUTE_SutterEdenMedicalCenter,0.9,16.225,ROUTE_HighlandHospitalWilmaChanCampus,0.9,5.656666666666666
37.95361111108442,-121.97194444439941,97.6311607817828,LVO,ROUTE_JohnMuirMedicalCenterWalnutCreekCampus,0.4255487570711207,11.095,ROUTE_JohnMuirMedicalCenterWalnutCreekCampus,0.4255487570711207,11.095,ROUTE_JohnMuirMedicalCenterWalnutCreekCampus,0.4255487570711207,11.095,ROUTE_JohnMuirMedicalCenterWalnutCreekCampus,0.4255487570711207,11.095
37.783055555528726,-122.42472222217755,168.9976186990754,HEMORRHAGIC,ROUTE_CPMCDaviesCampusSutter,0.24,6.276666666666667,ROUTE_CPMCVanNessCampusSutter,0.24,2.628333333333333,ROUTE_CPMCDaviesCampusSutter,0.24,6.276666666666667,ROUTE_CPMCVanNessCampusSutter,0.24,2.628333333333333
37.46944444441736,-122.2294444443996,136.0884712460229,NLVO,ROUTE_KaiserFoundationHospitalRedwoodCity,0.5371303927500215,8.011666666666667,ROUTE_SequoiaHospital,0.5371376597236813,8.0,ROUTE_KaiserFoundationHospitalRedwoodCity,0.5371303927500215,8.011666666666667,ROUTE_SequoiaHospital,0.5371376597236813,8.0
37.67138888886197,-122.09138888884395,121.9823431521325,LVO,ROUTE_SutterEdenMedicalCenter,0.4165680316399144,10.263333333333332,ROUTE_StRoseHospital,0.24466880000000002,9.853333333333333,ROUTE_SutterEdenMedicalCenter,0.4165680316399144,10.263333333333332,ROUTE_SutterEdenMedicalCenter,0.4165680316399144,10.263333333333332
37.59694444441747,-122.00416666662166,113.18076931369662,LVO,ROUTE_SutterEdenMedicalCenter,0.4118049265174941,28.029999999999998,ROUTE_WashingtonHospitalHealthcareSystem,0.2786508190299368,14.546666666666665,ROUTE_SutterEdenMedicalCenter,0.4118049265174941,28.029999999999998,ROUTE_WashingtonHospitalHealthcareSystem,0.2786508190299368,14.546666666666665
37.410555555528425,-122.13083333328842,65.28582538606193,LVO,ROUTE_StanfordHealthCare,0.4360062986971608,15.71,ROUTE_StanfordHealthCare,0.4360062986971608,15.71,ROUTE_StanfordHealthCare,0.4360062986971608,15.71,ROUTE_StanfordHealthCare,0.4360062986971608,15.71
37.93666666663996,-122.32888888884413,216.00642298283074,LVO,ROUTE_KaiserFoundationHospitalRichmondCampus,0.25346657151087304,6.295,ROUTE_KaiserFoundationHospitalRichmondCampus,0.25346657151087304,6.295,ROUTE_CPMCDaviesCampusSutter,0.24466880000000002,31.043333333333333,ROUTE_KaiserFoundationHospitalRichmondCampus,0.25346657151087304,6.295
37.697499999973104,-122.09944444439951,55.350866655429094,LVO,ROUTE_SutterEdenMedicalCenter,0.4459546069616229,3.0349999999999997,ROUTE_SutterEdenMedicalCenter,0.4459546069616229,3.0349999999999997,ROUTE_SutterEdenMedicalCenter,0.4459546069616229,3.0349999999999997,ROUTE_SutterEdenMedicalCenter,0.4459546069616229,3.0349999999999997
37.53249999997297,-122.02611111106611,102.43942540657456,LVO,ROUTE_SutterEdenMedicalCenter,0.41721568831659595,25.136666666666667,ROUTE_WashingtonHospitalHealthcareSystem,0.2817925816385526,14.441666666666666,ROUTE_SutterEdenMedicalCenter,0.41721568831659595,25.136666666666667,ROUTE_WashingtonHospitalHealthcareSystem,0.2817925816385526,14.441666666666666
38.16166666664014,-122.24583333328852,174.09874535117189,LVO,ROUTE_SutterSolanoMedicalCenter,0.26349662428407394,9.256666666666666,ROUTE_SutterSolanoMedicalCenter,0.26349662428407394,9.256666666666666,ROUTE_JohnMuirMedicalCenterWalnutCreekCampus,0.2544855356065504,37.894999999999996,ROUTE_SutterSolanoMedicalCenter,0.26349662428407394,9.256666666666666
38.03222222219559,-121.97277777773274,153.1563863755822,LVO,ROUTE_JohnMuirMedicalCenterWalnutCreekCampus,0.2646844715993195,23.028333333333332,ROUTE_JohnMuirMedicalCenterConcordCampus,0.2678674987571419,13.268333333333334,ROUTE_JohnMuirMedicalCenterWalnutCreekCampus,0.2646844715993195,23.028333333333332,ROUTE_JohnMuirMedicalCenterConcordCampus,0.2678674987571419,13.268333333333334
37.442499999972895,-122.15472222217733,184.7207346861763,LVO,ROUTE_StanfordHealthCare,0.2610423785370471,8.076666666666666,ROUTE_StanfordHealthCare,0.2610423785370471,8.076666666666666,ROUTE_StanfordHealthCare,0.2610423785370471,8.076666666666666,ROUTE_StanfordHealthCare,0.2610423785370471,8.076666666666666
37.59444444441746,-122.07944444439948,79.47214932341682,LVO,ROUTE_SutterEdenMedicalCenter,0.42819556450246166,20.541666666666668,ROUTE_StRoseHospital,0.24466880000000002,9.943333333333333,ROUTE_SutterEdenMedicalCenter,0.42819556450246166,20.541666666666668,ROUTE_KaiserFoundationHospitalSanLeandro,0.28699159817099656,18.848333333333336
38.17388888886237,-121.69499999995475,74.42426899317486,LVO,ROUTE_JohnMuirMedicalCenterWalnutCreekCampus,0.41498885519553963,53.345,ROUTE_SutterDeltaMedicalCenter,0.24466880000000002,31.788333333333334,ROUTE_JohnMuirMedicalCenterWalnutCreekCampus,0.41498885519553963,53.345,ROUTE_KaiserFoundationHospitalAntioch,0.28296319297396744,34.443333333333335
37.534166666639635,-122.30805555551079,51.90743845711702,NLVO,ROUTE_KaiserFoundationHospitalRedwoodCity,0.5759917210981413,15.316666666666666,ROUTE_SanMateoMedicalCenter,0.5124955061962687,3.643333333333333,ROUTE_KaiserFoundationHospitalRedwoodCity,0.5759917210981413,15.316666666666666,ROUTE_KaiserFoundationHospitalRedwoodCity,0.5759917210981413,15.316666666666666
37.582777777750785,-122.06583333328837,124.69856209775527,LVO,ROUTE_SutterEdenMedicalCenter,0.41001472748418766,22.373333333333335,ROUTE_StRoseHospital,0.24466880000000002,13.211666666666668,ROUTE_SutterEdenMedicalCenter,0.41001472748418766,22.373333333333335,ROUTE_WashingtonHospitalHealthcareSystem,0.27396612396618814,18.678333333333335
38.13277777775123,-122.24277777773295,32.94955580266331,NLVO,ROUTE_JohnMuirMedicalCenterWalnutCreekCampus,0.5752682594423302,32.29333333333333,ROUTE_SutterSolanoMedicalCenter,0.5935483895649939,2.4166666666666665,ROUTE_JohnMuirMedicalCenterWalnutCreekCampus,0.5752682594423302,32.29333333333333,ROUTE_SutterSolanoMedicalCenter,0.5935483895649939,2.4166666666666665
38.255277777751324,-122.61111111106658,252.20215973880067,LVO,ROUTE_PetalumaValleyHospitalProvidence,0.24466880000000002,6.131666666666666,ROUTE_PetalumaValleyHospitalProvidence,0.24466880000000002,6.131666666666666,ROUTE_UCSFMedicalCenter,0.24466880000000002,63.01,ROUTE_PetalumaValleyHospitalProvidence,0.24466880000000002,6.131666666666666
37.97222222219554,-122.52999999995541,234.3549732378723,NLVO,ROUTE_MarinHealthMedicalCenter,0.4622,7.485,ROUTE_MarinHealthMedicalCenter,0.4622,7.485,ROUTE_UCSFMedicalCenter,0.4622,36.943333333333335,ROUTE_MarinHealthMedicalCenter,0.4622,7.485
37.78111111108428,-122.21499999995515,161.4354759826836,LVO,ROUTE_SutterEdenMedicalCenter,0.2639818956212335,18.303333333333335,ROUTE_HighlandHospitalWilmaChanCampus,0.2674180663234987,7.738333333333333,ROUTE_SutterEdenMedicalCenter,0.2639818956212335,18.303333333333335,ROUTE_HighlandHospitalWilmaChanCampus,0.2674180663234987,7.738333333333333
37.99583333330667,-121.81527777773262,57.3619083278852,LVO,ROUTE_JohnMuirMedicalCenterWalnutCreekCampus,0.43325272805492143,28.163333333333334,ROUTE_SutterDeltaMedicalCenter,0.2616123316558577,4.985,ROUTE_JohnMuirMedicalCenterWalnutCreekCampus,0.43325272805492143,28.163333333333334,ROUTE_KaiserFoundationHospitalAntioch,0.2963843964632307,11.403333333333334
37.794722222195404,-122.2572222221774,236.9574215513873,HEMORRHAGIC,ROUTE_HighlandHospitalWilmaChanCampus,0.24,4.833333333333333,ROUTE_HighlandHospitalWilmaChanCampus,0.24,4.833333333333333,ROUTE_SutterEdenMedicalCenter,0.24,21.815,ROUTE_HighlandHospitalWilmaChanCampus,0.24,4.833333333333333
37.75777777775093,-121.9455555555105,166.69348116548846,LVO,ROUTE_JohnMuirMedicalCenterWalnutCreekCampus,0.26059590556228607,24.505,ROUTE_SanRamonRegionalMedicalCenter,0.266425769792754,6.39,ROUTE_JohnMuirMedicalCenterWalnutCreekCampus,0.26059590556228607,24.505,ROUTE_SanRamonRegionalMedicalCenter,0.266425769792754,6.39
37.71916666663979,-122.43388888884422,125.78770785460898,LVO,ROUTE_CPMCDaviesCampusSutter,0.4131197264200221,14.636666666666667,ROUTE_CPMCMissionBernalCampusSutter,0.2771646331429034,8.366666666666667,ROUTE_CPMCDaviesCampusSutter,0.4131197264200221,14.636666666666667,ROUTE_CPMCMissionBernalCampusSutter,0.2771646331429034,8.366666666666667
37.97166666663999,-122.02583333328833,124.57426806113898,LVO,ROUTE_JohnMuirMedicalCenterWalnutCreekCampus,0.41418322367095495,13.316666666666666,ROUTE_JohnMuirMedicalCenterConcordCampus,0.2787566792479693,4.745,ROUTE_JohnMuirMedicalCenterWalnutCreekCampus,0.41418322367095495,13.316666666666666,ROUTE_JohnMuirMedicalCenterConcordCampus,0.2787566792479693,4.745
37.775833333306494,-122.43222222217756,103.06847203513924,HEMORRHAGIC,ROUTE_CPMCDaviesCampusSutter,0.24,4.043333333333333,ROUTE_CPMCDaviesCampusSutter,0.24,4.043333333333333,ROUTE_CPMCDaviesCampusSutter,0.24,4.043333333333333,ROUTE_CPMCDaviesCampusSutter,0.24,4.043333333333333
37.41666666663954,-122.0880555555106,106.26919827015158,LVO,ROUTE_ElCaminoHealthMountainView,0.42183058439690135,11.921666666666665,ROUTE_ElCaminoHealthMountainView,0.42183058439690135,11.921666666666665,ROUTE_ElCaminoHealthMountainView,0.42183058439690135,11.921666666666665,ROUTE_ElCaminoHealthMountainView,0.42183058439690135,11.921666666666665
37.762222222195376,-122.4555555555109,61.58412531833108,LVO,ROUTE_UCSFMedicalCenter,0.44335950196589513,3.2800000000000002,ROUTE_UCSFMedicalCenter,0.44335950196589513,3.2800000000000002,ROUTE_UCSFMedicalCenter,0.44335950196589513,3.2800000000000002,ROUTE_UCSFMedicalCenter,0.44335950196589513,3.2800000000000002
38.01249999997335,-122.53749999995541,162.21103773208227,LVO,ROUTE_UCSFMedicalCenter,0.25499757532377443,46.138333333333335,ROUTE_KaiserFoundationHospitalSanRafael,0.2655730658877033,12.743333333333334,ROUTE_UCSFMedicalCenter,0.25499757532377443,46.138333333333335,ROUTE_KaiserFoundationHospitalSanRafael,0.2655730658877033,12.743333333333334
37.95444444441775,-121.77944444439925,209.5378016915339,LVO,ROUTE_KaiserFoundationHospitalAntioch,0.2562702872744763,2.585,ROUTE_KaiserFoundationHospitalAntioch,0.2562702872744763,2.585,ROUTE_JohnMuirMedicalCenterWalnutCreekCampus,0.24466880000000002,36.47833333333333,ROUTE_KaiserFoundationHospitalAntioch,0.2562702872744763,2.585
37.787777777750954,-122.297777777733,69.62729522067298,NLVO,ROUTE_SutterEdenMedicalCenter,0.558861254156252,28.366666666666667,ROUTE_AlamedaHospital,0.5686954345675863,12.42,ROUTE_SutterEdenMedicalCenter,0.558861254156252,28.366666666666667,ROUTE_AlamedaHospital,0.5686954345675863,12.42
37.708611111084224,-122.43555555551089,144.79848936660267,LVO,ROUTE_CPMCDaviesCampusSutter,0.4043697659187083,18.128333333333334,ROUTE_CPMCMissionBernalCampusSutter,0.27063690648791017,11.858333333333333,ROUTE_CPMCDaviesCampusSutter,0.4043697659187083,18.128333333333334,ROUTE_CPMCMissionBernalCampusSutter,0.27063690648791017,11.858333333333333
38.324999999973606,-122.30916666662189,35.41279562939931,LVO,ROUTE_JohnMuirMedicalCenterWalnutCreekCampus,0.43110557764457863,51.031666666666666,ROUTE_ProvidenceQueenOfTheValleyMedicalCenter,0.3058220167399381,4.585,ROUTE_JohnMuirMedicalCenterWalnutCreekCampus,0.43110557764457863,51.031666666666666,ROUTE_ProvidenceQueenOfTheValleyMedicalCenter,0.3058220167399381,4.585
37.80222222219541,-122.21888888884405,178.9563908561165,LVO,ROUTE_SutterEdenMedicalCenter,0.25917823179766997,18.77,ROUTE_HighlandHospitalWilmaChanCampus,0.26420812408730915,3.0016666666666665,ROUTE_SutterEdenMedicalCenter,0.25917823179766997,18.77,ROUTE_HighlandHospitalWilmaChanCampus,0.26420812408730915,3.0016666666666665
37.97805555552888,-121.83916666662152,124.78493285737503,NLVO,ROUTE_JohnMuirMedicalCenterWalnutCreekCampus,0.5273247862542964,33.145,ROUTE_SutterDeltaMedicalCenter,0.4622,9.071666666666665,ROUTE_JohnMuirMedicalCenterWalnutCreekCampus,0.5273247862542964,33.145,ROUTE_KaiserFoundationHospitalAntioch,0.5387927410801797,14.761666666666667
37.856666666639896,-121.97694444439941,226.90576862859533,NLVO,ROUTE_KaiserFoundationHospitalWalnutCreek,0.4622,14.398333333333333,ROUTE_KaiserFoundationHospitalWalnutCreek,0.4622,14.398333333333333,ROUTE_JohnMuirMedicalCenterWalnutCreekCampus,0.4622,20.009999999999998,ROUTE_KaiserFoundationHospitalWalnutCreek,0.4622,14.398333333333333
37.81444444441764,-121.97055555551051,190.66858795193806,LVO,ROUTE_JohnMuirMedicalCenterWalnutCreekCampus,0.255986309388717,19.225,ROUTE_SanRamonRegionalMedicalCenter,0.25863078489358515,10.75,ROUTE_JohnMuirMedicalCenterWalnutCreekCampus,0.255986309388717,19.225,ROUTE_SanRamonRegionalMedicalCenter,0.25863078489358515,10.75
38.11277777775121,-122.26555555551076,82.20259102010544,HEMORRHAGIC,ROUTE_JohnMuirMedicalCenterWalnutCreekCampus,0.24,32.54333333333333,ROUTE_KaiserFoundationHospitalVallejo,0.24,7.078333333333333,ROUTE_JohnMuirMedicalCenterWalnutCreekCampus,0.24,32.54333333333333,ROUTE_KaiserFoundationHospitalVallejo,0.24,7.078333333333333
37.682222222195314,-122.08999999995505,192.2579899801121,MIMIC,ROUTE_SutterEdenMedicalCenter,0.9,5.901666666666667,ROUTE_SutterEdenMedicalCenter,0.9,5.901666666666667,ROUTE_SutterEdenMedicalCenter,0.9,5.901666666666667,ROUTE_SutterEdenMedicalCenter,0.9,5.901666666666667
37.59027777775079,-122.38666666662196,68.9204522996297,MIMIC,ROUTE_MillsPeninsulaMedicalCenterSutter,0.9,2.271666666666667,ROUTE_MillsPeninsulaMedicalCenterSutter,0.9,2.271666666666667,ROUTE_MillsPeninsulaMedicalCenterSutter,0.9,2.271666666666667,ROUTE_MillsPeninsulaMedicalCenterSutter,0.9,2.271666666666667
37.77638888886205,-122.46722222217758,264.7650752752214,HEMORRHAGIC,ROUTE_UCSFHealthStanyanHospital,0.24,4.36,ROUTE_UCSFHealthStanyanHospital,0.24,4.36,ROUTE_UCSFMedicalCenter,0.24,7.295,ROUTE_UCSFHealthStanyanHospital,0.24,4.36
37.64361111108417,-122.11666666662174,246.9792710865876,LVO,ROUTE_StRoseHospital,0.24466880000000002,8.913333333333332,ROUTE_StRoseHospital,0.24466880000000002,8.913333333333332,ROUTE_SutterEdenMedicalCenter,0.24466880000000002,16.768333333333334,ROUTE_KaiserFoundationHospitalSanLeandro,0.24466880000000002,15.076666666666666
37.41805555552843,-122.0894444443995,36.358849939999295,LVO,ROUTE_ElCaminoHealthMountainView,0.4493495368786226,11.773333333333333,ROUTE_ElCaminoHealthMountainView,0.4493495368786226,11.773333333333333,ROUTE_ElCaminoHealthMountainView,0.4493495368786226,11.773333333333333,ROUTE_ElCaminoHealthMountainView,0.4493495368786226,11.773333333333333
37.5888888888619,-122.40444444439976,140.09203769914157,LVO,ROUTE_MillsPeninsulaMedicalCenterSutter,0.41225567152521214,4.613333333333333,ROUTE_MillsPeninsulaMedicalCenterSutter,0.41225567152521214,4.613333333333333,ROUTE_MillsPeninsulaMedicalCenterSutter,0.41225567152521214,4.613333333333333,ROUTE_MillsPeninsulaMedicalCenterSutter,0.41225567152521214,4.613333333333333
37.74722222219536,-122.48638888884426,206.70295437854077,LVO,ROUTE_UCSFMedicalCenter,0.2548948573351763,9.395000000000001,ROUTE_UCSFMedicalCenter,0.2548948573351763,9.395000000000001,ROUTE_UCSFMedicalCenter,0.2548948573351763,9.395000000000001,ROUTE_UCSFMedicalCenter,0.2548948573351763,9.395000000000001
37.81805555552875,-122.22305555551071,65.15914065154058,LVO,ROUTE_SutterEdenMedicalCenter,0.43331332048398574,21.53666666666667,ROUTE_KaiserFoundationHospitalOaklandRichmond,0.29500168320237874,8.656666666666666,ROUTE_SutterEdenMedicalCenter,0.43331332048398574,21.53666666666667,ROUTE_KaiserFoundationHospitalOaklandRichmond,0.29500168320237874,8.656666666666666
37.92361111108439,-122.52833333328874,59.260833597817786,LVO,ROUTE_UCSFMedicalCenter,0.43046029954345477,32.53666666666667,ROUTE_MarinHealthMedicalCenter,0.2967341894184532,8.875,ROUTE_UCSFMedicalCenter,0.43046029954345477,32.53666666666667,ROUTE_MarinHealthMedicalCenter,0.2967341894184532,8.875
37.760833333306486,-122.43055555551088,35.68869894627356,LVO,ROUTE_CPMCDaviesCampusSutter,0.45353965531623147,3.625,ROUTE_CPMCDaviesCampusSutter,0.45353965531623147,3.625,ROUTE_CPMCDaviesCampusSutter,0.45353965531623147,3.625,ROUTE_CPMCDaviesCampusSutter,0.45353965531623147,3.625
37.785833333306506,-121.97666666662163,173.9520358918517,NLVO,ROUTE_JohnMuirMedicalCenterWalnutCreekCampus,0.5101274931260187,19.595000000000002,ROUTE_SanRamonRegionalMedicalCenter,0.5191245174367167,5.27,ROUTE_JohnMuirMedicalCenterWalnutCreekCampus,0.5101274931260187,19.595000000000002,ROUTE_SanRamonRegionalMedicalCenter,0.5191245174367167,5.27
37.368888888861726,-122.1158333332884,269.9163150374136,HEMORRHAGIC,ROUTE_ElCaminoHealthMountainView,0.24,11.03,ROUTE_ElCaminoHealthMountainView,0.24,11.03,ROUTE_ElCaminoHealthMountainView,0.24,11.03,ROUTE_ElCaminoHealthMountainView,0.24,11.03
37.43305555552845,-122.43138888884421,47.91252837715475,LVO,ROUTE_MillsPeninsulaMedicalCenterSutter,0.4354207009080885,31.43,ROUTE_SanMateoMedicalCenter,0.25385335773370277,31.220000000000002,ROUTE_MillsPeninsulaMedicalCenterSutter,0.4354207009080885,31.43,ROUTE_MillsPeninsulaMedicalCenterSutter,0.4354207009080885,31.43
37.785833333306506,-122.39249999995529,136.44950043778715,NLVO,ROUTE_CPMCDaviesCampusSutter,0.5351556302960787,10.879999999999999,ROUTE_ChineseHospital,0.538123176007329,6.116666666666666,ROUTE_CPMCDaviesCampusSutter,0.5351556302960787,10.879999999999999,ROUTE_ChineseHospital,0.538123176007329,6.116666666666666
37.706388888861994,-121.87499999995488,198.9214489539214,LVO,ROUTE_StanfordHealthCareTriValley,0.25769659602244177,6.8533333333333335,ROUTE_StanfordHealthCareTriValley,0.25769659602244177,6.8533333333333335,ROUTE_SutterEdenMedicalCenter,0.25391688876212953,19.061666666666667,ROUTE_StanfordHealthCareTriValley,0.25769659602244177,6.8533333333333335
37.558611111084105,-121.96777777773273,40.39673700443053,HEMORRHAGIC,ROUTE_RegionalMedicalCenterOfSanJose,0.24,26.586666666666666,ROUTE_KaiserFoundationHospitalFremont,0.24,4.266666666666667,ROUTE_RegionalMedicalCenterOfSanJose,0.24,26.586666666666666,ROUTE_KaiserFoundationHospitalFremont,0.24,4.266666666666667
37.920555555528836,-122.32888888884413,266.96930705704244,MIMIC,ROUTE_KaiserFoundationHospitalRichmondCampus,0.9,8.883333333333333,ROUTE_KaiserFoundationHospitalRichmondCampus,0.9,8.883333333333333,ROUTE_CPMCDaviesCampusSutter,0.9,30.395,ROUTE_KaiserFoundationHospitalRichmondCampus,0.9,8.883333333333333
37.65611111108418,-121.8027777777326,58.275030335416496,HEMORRHAGIC,ROUTE_SutterEdenMedicalCenter,0.24,29.34333333333333,ROUTE_StanfordHealthCareTriValley,0.24,17.945,ROUTE_SutterEdenMedicalCenter,0.24,29.34333333333333,ROUTE_StanfordHealthCareTriValley,0.24,17.945
37.41111111108398,-122.08916666662172,172.35612762728906,HEMORRHAGIC,ROUTE_ElCaminoHealthMountainView,0.24,12.171666666666665,ROUTE_ElCaminoHealthMountainView,0.24,12.171666666666665,ROUTE_ElCaminoHealthMountainView,0.24,12.171666666666665,ROUTE_ElCaminoHealthMountainView,0.24,12.171666666666665
37.75499999997315,-122.41027777773309,211.62940628924022,MIMIC,ROUTE_ZuckerbergSanFranciscoGeneralHospital,0.9,2.481666666666667,ROUTE_ZuckerbergSanFranciscoGeneralHospital,0.9,2.481666666666667,ROUTE_CPMCDaviesCampusSutter,0.9,8.513333333333334,ROUTE_ZuckerbergSanFranciscoGeneralHospital,0.9,2.481666666666667
37.999722222195565,-121.73638888884366,80.3042775293405,HEMORRHAGIC,ROUTE_JohnMuirMedicalCenterWalnutCreekCampus,0.24,35.945,ROUTE_KaiserFoundationHospitalAntioch,0.24,14.335,ROUTE_JohnMuirMedicalCenterWalnutCreekCampus,0.24,35.945,ROUTE_KaiserFoundationHospitalAntioch,0.24,14.335
38.10749999997343,-122.61555555551104,232.46396231134304,LVO,ROUTE_NovatoCommunityHospitalSutter,0.24466880000000002,17.84,ROUTE_NovatoCommunityHospitalSutter,0.24466880000000002,17.84,ROUTE_UCSFMedicalCenter,0.24466880000000002,59.08833333333334,ROUTE_NovatoCommunityHospitalSutter,0.24466880000000002,17.84
37.69833333330644,-122.1172222221773,161.21613689886442,LVO,ROUTE_SutterEdenMedicalCenter,0.402777072607034,7.996666666666667,ROUTE_SanLeandroHospitalAlamedaHealthSystem,0.24466880000000002,6.165,ROUTE_SutterEdenMedicalCenter,0.402777072607034,7.996666666666667,ROUTE_SutterEdenMedicalCenter,0.402777072607034,7.996666666666667
37.553055555528545,-121.98611111106608,34.501250046073196,LVO,ROUTE_SutterEdenMedicalCenter,0.4425426644337328,27.565,ROUTE_WashingtonHospitalHealthcareSystem,0.4366837321788686,3.055,ROUTE_SutterEdenMedicalCenter,0.4425426644337328,27.565,ROUTE_WashingtonHospitalHealthcareSystem,0.4366837321788686,3.055
37.704444444417554,-122.45638888884423,246.8655927136982,NLVO,ROUTE_CPMCMissionBernalCampusSutter,0.4622,8.548333333333334,ROUTE_CPMCMissionBernalCampusSutter,0.4622,8.548333333333334,ROUTE_CPMCDaviesCampusSutter,0.4622,14.82,ROUTE_CPMCMissionBernalCampusSutter,0.4622,8.548333333333334
37.55888888886188,-122.0263888888439,162.99192613922344,HEMORRHAGIC,ROUTE_SutterEdenMedicalCenter,0.24,22.573333333333334,ROUTE_WashingtonHospitalHealthcareSystem,0.24,13.143333333333334,ROUTE_SutterEdenMedicalCenter,0.24,22.573333333333334,ROUTE_WashingtonHospitalHealthcareSystem,0.24,13.143333333333334
37.727499999973126,-122.47027777773313,46.56481407534952,LVO,ROUTE_UCSFMedicalCenter,0.44604941763424416,10.158333333333333,ROUTE_AHMCSetonMedicalCenter,0.43109853157064065,8.44,ROUTE_UCSFMedicalCenter,0.44604941763424416,10.158333333333333,ROUTE_AHMCSetonMedicalCenter,0.43109853157064065,8.44
37.54777777775076,-122.26166666662186,196.46642520232024,MIMIC,ROUTE_MillsPeninsulaMedicalCenterSutter,0.9,17.896666666666665,ROUTE_SanMateoMedicalCenter,0.9,12.931666666666667,ROUTE_MillsPeninsulaMedicalCenterSutter,0.9,17.896666666666665,ROUTE_MillsPeninsulaMedicalCenterSutter,0.9,17.896666666666665
37.678055555528644,-122.12166666662175,142.86395607076474,LVO,ROUTE_SutterEdenMedicalCenter,0.4082954709915858,11.031666666666666,ROUTE_StRoseHospital,0.24466880000000002,10.175,ROUTE_SutterEdenMedicalCenter,0.4082954709915858,11.031666666666666,ROUTE_SutterEdenMedicalCenter,0.4082954709915858,11.031666666666666
37.43527777775067,-121.9099999999549,188.53237977901165,LVO,ROUTE_RegionalMedicalCenterOfSanJose,0.25847591556814475,13.023333333333333,ROUTE_RegionalMedicalCenterOfSanJose,0.25847591556814475,13.023333333333333,ROUTE_RegionalMedicalCenterOfSanJose,0.25847591556814475,13.023333333333333,ROUTE_RegionalMedicalCenterOfSanJose,0.25847591556814475,13.023333333333333
37.659999999973074,-122.47472222217759,209.96143948934667,LVO,ROUTE_AHMCSetonMedicalCenter,0.2546345383194527,7.525,ROUTE_AHMCSetonMedicalCenter,0.2546345383194527,7.525,ROUTE_MillsPeninsulaMedicalCenterSutter,0.24466880000000002,16.735,ROUTE_AHMCSetonMedicalCenter,0.2546345383194527,7.525
37.97249999997332,-122.29583333328856,123.54594194518813,HEMORRHAGIC,ROUTE_JohnMuirMedicalCenterWalnutCreekCampus,0.24,36.184999999999995,ROUTE_KaiserFoundationHospitalRichmondCampus,0.24,18.576666666666664,ROUTE_JohnMuirMedicalCenterWalnutCreekCampus,0.24,36.184999999999995,ROUTE_KaiserFoundationHospitalRichmondCampus,0.24,18.576666666666664
37.523888888861855,-122.29527777773299,93.774014304444,HEMORRHAGIC,ROUTE_KaiserFoundationHospitalRedwoodCity,0.24,17.98,ROUTE_SanMateoMedicalCenter,0.24,5.585,ROUTE_KaiserFoundationHospitalRedwoodCity,0.24,17.98,ROUTE_SequoiaHospital,0.24,16.753333333333334
37.94027777775107,-121.69277777773252,215.26559557410744,MIMIC,ROUTE_KaiserFoundationHospitalAntioch,0.9,14.346666666666666,ROUTE_KaiserFoundationHospitalAntioch,0.9,14.346666666666666,ROUTE_JohnMuirMedicalCenterWalnutCreekCampus,0.9,40.565000000000005,ROUTE_KaiserFoundationHospitalAntioch,0.9,14.346666666666666
38.41194444441812,-122.21611111106627,248.61321950330876,HEMORRHAGIC,ROUTE_ProvidenceQueenOfTheValleyMedicalCenter,0.24,25.403333333333332,ROUTE_ProvidenceQueenOfTheValleyMedicalCenter,0.24,25.403333333333332,ROUTE_JohnMuirMedicalCenterWalnutCreekCampus,0.24,68.73666666666666,ROUTE_ProvidenceQueenOfTheValleyMedicalCenter,0.24,25.403333333333332
37.58111111108412,-122.48666666662204,71.31997072734266,HEMORRHAGIC,ROUTE_MillsPeninsulaMedicalCenterSutter,0.24,28.923333333333336,ROUTE_AHMCSetonMedicalCenter,0.24,21.259999999999998,ROUTE_MillsPeninsulaMedicalCenterSutter,0.24,28.923333333333336,ROUTE_AHMCSetonMedicalCenter,0.24,21.259999999999998
37.95749999997331,-122.0111111110661,105.6428733883928,MIMIC,ROUTE_JohnMuirMedicalCenterWalnutCreekCampus,0.9,13.748333333333333,ROUTE_JohnMuirMedicalCenterConcordCampus,0.9,10.963333333333333,ROUTE_JohnMuirMedicalCenterWalnutCreekCampus,0.9,13.748333333333333,ROUTE_JohnMuirMedicalCenterConcordCampus,0.9,10.963333333333333
37.6583333333064,-122.40805555551087,108.57180082794814,HEMORRHAGIC,ROUTE_MillsPeninsulaMedicalCenterSutter,0.24,11.275,ROUTE_KaiserFoundationHospitalSouthSanFrancisco,0.24,7.881666666666666,ROUTE_MillsPeninsulaMedicalCenterSutter,0.24,11.275,ROUTE_KaiserFoundationHospitalSouthSanFrancisco,0.24,7.881666666666666
37.94083333330663,-121.96777777773273,45.89009122719462,HEMORRHAGIC,ROUTE_JohnMuirMedicalCenterWalnutCreekCampus,0.24,11.796666666666665,ROUTE_JohnMuirMedicalCenterWalnutCreekCampus,0.24,11.796666666666665,ROUTE_JohnMuirMedicalCenterWalnutCreekCampus,0.24,11.796666666666665,ROUTE_JohnMuirMedicalCenterWalnutCreekCampus,0.24,11.796666666666665
37.63888888886194,-122.0894444443995,223.1885933298106,LVO,ROUTE_StRoseHospital,0.24466880000000002,4.903333333333333,ROUTE_StRoseHospital,0.24466880000000002,4.903333333333333,ROUTE_SutterEdenMedicalCenter,0.24466880000000002,11.953333333333335,ROUTE_KaiserFoundationHospitalSanLeandro,0.24466880000000002,10.26
37.79999999997318,-122.2763888888441,134.10653822905647,LVO,ROUTE_SutterEdenMedicalCenter,0.4066475341426211,21.978333333333335,ROUTE_HighlandHospitalWilmaChanCampus,0.27490082877711675,8.076666666666666,ROUTE_SutterEdenMedicalCenter,0.4066475341426211,21.978333333333335,ROUTE_HighlandHospitalWilmaChanCampus,0.27490082877711675,8.076666666666666
37.78055555552872,-122.40194444439975,113.35710553002727,MIMIC,ROUTE_CPMCDaviesCampusSutter,0.9,9.596666666666666,ROUTE_UCSFHealthHydeHospital,0.9,6.738333333333333,ROUTE_CPMCDaviesCampusSutter,0.9,9.596666666666666,ROUTE_UCSFHealthHydeHospital,0.9,6.738333333333333
37.69777777775088,-122.13916666662176,97.51967084080026,LVO,ROUTE_SutterEdenMedicalCenter,0.42583280284000125,10.576666666666666,ROUTE_SanLeandroHospitalAlamedaHealthSystem,0.24466880000000002,5.866666666666666,ROUTE_SutterEdenMedicalCenter,0.42583280284000125,10.576666666666666,ROUTE_KaiserFoundationHospitalSanLeandro,0.28539573194536233,8.298333333333334
37.76611111108427,-122.42694444439977,261.51699120658435,NLVO,ROUTE_CPMCDaviesCampusSutter,0.4622,3.466666666666667,ROUTE_CPMCDaviesCampusSutter,0.4622,3.466666666666667,ROUTE_CPMCDaviesCampusSutter,0.4622,3.466666666666667,ROUTE_CPMCDaviesCampusSutter,0.4622,3.466666666666667
37.967777777751095,-121.75055555551035,39.22620991544845,HEMORRHAGIC,ROUTE_JohnMuirMedicalCenterWalnutCreekCampus,0.24,34.830000000000005,ROUTE_KaiserFoundationHospitalAntioch,0.24,7.285,ROUTE_JohnMuirMedicalCenterWalnutCreekCampus,0.24,34.830000000000005,ROUTE_KaiserFoundationHospitalAntioch,0.24,7.285
37.48027777775071,-122.18722222217735,42.15498731519822,NLVO,ROUTE_KaiserFoundationHospitalRedwoodCity,0.584660234168659,9.298333333333334,ROUTE_KaiserFoundationHospitalRedwoodCity,0.584660234168659,9.298333333333334,ROUTE_KaiserFoundationHospitalRedwoodCity,0.584660234168659,9.298333333333334,ROUTE_KaiserFoundationHospitalRedwoodCity,0.584660234168659,9.298333333333334
37.69222222219532,-122.17944444439956,191.70958808855968,MIMIC,ROUTE_SutterEdenMedicalCenter,0.9,16.470000000000002,ROUTE_KaiserFoundationHospitalSanLeandro,0.9,6.433333333333334,ROUTE_SutterEdenMedicalCenter,0.9,16.470000000000002,ROUTE_KaiserFoundationHospitalSanLeandro,0.9,6.433333333333334
37.75138888886203,-122.47944444439982,170.34039598926273,LVO,ROUTE_UCSFMedicalCenter,0.3998651020099986,6.908333333333333,ROUTE_UCSFMedicalCenter,0.3998651020099986,6.908333333333333,ROUTE_UCSFMedicalCenter,0.3998651020099986,6.908333333333333,ROUTE_UCSFMedicalCenter,0.3998651020099986,6.908333333333333
37.71944444441756,-122.45611111106646,85.45135187199227,LVO,ROUTE_UCSFMedicalCenter,0.42949838050942823,12.768333333333334,ROUTE_CPMCMissionBernalCampusSutter,0.28903072180934375,8.17,ROUTE_UCSFMedicalCenter,0.42949838050942823,12.768333333333334,ROUTE_CPMCMissionBernalCampusSutter,0.28903072180934375,8.17
37.40611111108398,-122.11527777773286,266.71865965653757,HEMORRHAGIC,ROUTE_ElCaminoHealthMountainView,0.24,16.591666666666665,ROUTE_ElCaminoHealthMountainView,0.24,16.591666666666665,ROUTE_ElCaminoHealthMountainView,0.24,16.591666666666665,ROUTE_ElCaminoHealthMountainView,0.24,16.591666666666665
37.94333333330663,-122.00888888884388,99.95230381932404,HEMORRHAGIC,ROUTE_JohnMuirMedicalCenterWalnutCreekCampus,0.24,10.195,ROUTE_JohnMuirMedicalCenterWalnutCreekCampus,0.24,10.195,ROUTE_JohnMuirMedicalCenterWalnutCreekCampus,0.24,10.195,ROUTE_JohnMuirMedicalCenterWalnutCreekCampus,0.24,10.195
37.96666666663998,-121.72416666662143,242.93414179739142,HEMORRHAGIC,ROUTE_KaiserFoundationHospitalAntioch,0.24,14.555,ROUTE_KaiserFoundationHospitalAntioch,0.24,14.555,ROUTE_JohnMuirMedicalCenterWalnutCreekCampus,0.24,36.87,ROUTE_KaiserFoundationHospitalAntioch,0.24,14.555
37.67916666663975,-121.89055555551045,257.4766348260696,LVO,ROUTE_StanfordHealthCareTriValley,0.24466880000000002,8.395,ROUTE_StanfordHealthCareTriValley,0.24466880000000002,8.395,ROUTE_SutterEdenMedicalCenter,0.24466880000000002,22.211666666666666,ROUTE_StanfordHealthCareTriValley,0.24466880000000002,8.395
37.662777777750854,-122.44472222217756,182.4841607387818,MIMIC,ROUTE_MillsPeninsulaMedicalCenterSutter,0.9,16.63,ROUTE_KaiserFoundationHospitalSouthSanFrancisco,0.9,1.7666666666666666,ROUTE_MillsPeninsulaMedicalCenterSutter,0.9,16.63,ROUTE_KaiserFoundationHospitalSouthSanFrancisco,0.9,1.7666666666666666
37.37944444441729,-122.0880555555106,91.41016495390787,NLVO,ROUTE_ElCaminoHealthMountainView,0.5610768957895371,6.626666666666667,ROUTE_ElCaminoHealthMountainView,0.5610768957895371,6.626666666666667,ROUTE_ElCaminoHealthMountainView,0.5610768957895371,6.626666666666667,ROUTE_ElCaminoHealthMountainView,0.5610768957895371,6.626666666666667
37.75499999997315,-122.4277777777331,250.78055395752614,HEMORRHAGIC,ROUTE_CPMCMissionBernalCampusSutter,0.24,3.2633333333333336,ROUTE_CPMCMissionBernalCampusSutter,0.24,3.2633333333333336,ROUTE_CPMCDaviesCampusSutter,0.24,5.736666666666666,ROUTE_CPMCMissionBernalCampusSutter,0.24,3.2633333333333336
37.97999999997333,-122.35249999995527,255.02406778565955,HEMORRHAGIC,ROUTE_KaiserFoundationHospitalRichmondCampus,0.24,8.976666666666667,ROUTE_KaiserFoundationHospitalRichmondCampus,0.24,8.976666666666667,ROUTE_JohnMuirMedicalCenterWalnutCreekCampus,0.24,35.644999999999996,ROUTE_KaiserFoundationHospitalRichmondCampus,0.24,8.976666666666667
37.97861111108444,-121.72916666662144,119.78245236036358,HEMORRHAGIC,ROUTE_JohnMuirMedicalCenterWalnutCreekCampus,0.24,35.43333333333333,ROUTE_KaiserFoundationHospitalAntioch,0.24,13.825,ROUTE_JohnMuirMedicalCenterWalnutCreekCampus,0.24,35.43333333333333,ROUTE_KaiserFoundationHospitalAntioch,0.24,13.825
37.99194444441778,-121.78999999995482,244.68412303009353,LVO,ROUTE_SutterDeltaMedicalCenter,0.24466880000000002,4.35,ROUTE_SutterDeltaMedicalCenter,0.24466880000000002,4.35,ROUTE_JohnMuirMedicalCenterWalnutCreekCampus,0.24466880000000002,31.955,ROUTE_KaiserFoundationHospitalAntioch,0.24466880000000002,8.663333333333332
37.64861111108417,-122.03916666662168,181.28491656851259,LVO,ROUTE_SutterEdenMedicalCenter,0.2575253664753004,22.098333333333336,ROUTE_StRoseHospital,0.24466880000000002,18.341666666666665,ROUTE_SutterEdenMedicalCenter,0.2575253664753004,22.098333333333336,ROUTE_SutterEdenMedicalCenter,0.2575253664753004,22.098333333333336
37.33999999997282,-122.03749999995502,217.51494490856152,NLVO,ROUTE_KaiserFoundationHospitalSantaClara,0.4622,10.633333333333333,ROUTE_KaiserFoundationHospitalSantaClara,0.4622,10.633333333333333,ROUTE_KaiserFoundationHospitalSantaClara,0.4622,10.633333333333333,ROUTE_KaiserFoundationHospitalSantaClara,0.4622,10.633333333333333
37.786388888862064,-122.41416666662198,218.7750878368306,LVO,ROUTE_UCSFHealthHydeHospital,0.25416134906998633,1.72,ROUTE_UCSFHealthHydeHospital,0.25416134906998633,1.72,ROUTE_CPMCDaviesCampusSutter,0.24466880000000002,9.028333333333334,ROUTE_UCSFHealthHydeHospital,0.25416134906998633,1.72
37.74361111108425,-122.46527777773314,31.451897888638634,LVO,ROUTE_UCSFMedicalCenter,0.45388101832944283,6.448333333333333,ROUTE_UCSFMedicalCenter,0.45388101832944283,6.448333333333333,ROUTE_UCSFMedicalCenter,0.45388101832944283,6.448333333333333,ROUTE_UCSFMedicalCenter,0.45388101832944283,6.448333333333333
37.359166666639496,-122.09888888884394,256.51630474152967,LVO,ROUTE_ElCaminoHealthMountainView,0.24466880000000002,7.733333333333333,ROUTE_ElCaminoHealthMountainView,0.24466880000000002,7.733333333333333,ROUTE_ElCaminoHealthMountainView,0.24466880000000002,7.733333333333333,ROUTE_ElCaminoHealthMountainView,0.24466880000000002,7.733333333333333
37.78805555552873,-122.23305555551073,223.4852485335063,HEMORRHAGIC,ROUTE_HighlandHospitalWilmaChanCampus,0.24,2.1733333333333333,ROUTE_HighlandHospitalWilmaChanCampus,0.24,2.1733333333333333,ROUTE_SutterEdenMedicalCenter,0.24,19.535,ROUTE_HighlandHospitalWilmaChanCampus,0.24,2.1733333333333333
37.439722222195115,-122.18388888884402,76.08742510380593,HEMORRHAGIC,ROUTE_StanfordHealthCare,0.24,9.096666666666666,ROUTE_StanfordHealthCare,0.24,9.096666666666666,ROUTE_StanfordHealthCare,0.24,9.096666666666666,ROUTE_StanfordHealthCare,0.24,9.096666666666666
37.855277777751006,-122.2763888888441,164.6438230224968,LVO,ROUTE_JohnMuirMedicalCenterWalnutCreekCampus,0.26032208289191633,27.076666666666664,ROUTE_AltaBatesSummitMedicalCenterAltaBatesCampus,0.24466880000000002,4.986666666666666,ROUTE_JohnMuirMedicalCenterWalnutCreekCampus,0.26032208289191633,27.076666666666664,ROUTE_KaiserFoundationHospitalOaklandRichmond,0.26572514256186297,10.248333333333333
37.582777777750785,-122.02527777773278,144.91883447073798,HEMORRHAGIC,ROUTE_SutterEdenMedicalCenter,0.24,22.759999999999998,ROUTE_WashingtonHospitalHealthcareSystem,0.24,13.388333333333332,ROUTE_SutterEdenMedicalCenter,0.24,22.759999999999998,ROUTE_WashingtonHospitalHealthcareSystem,0.24,13.388333333333332
37.687777777750874,-121.74194444439922,168.64668054617914,HEMORRHAGIC,ROUTE_SutterEdenMedicalCenter,0.24,29.220000000000002,ROUTE_StanfordHealthCareTriValley,0.24,17.821666666666665,ROUTE_SutterEdenMedicalCenter,0.24,29.220000000000002,ROUTE_StanfordHealthCareTriValley,0.24,17.821666666666665
37.76527777775093,-122.48194444439982,75.1772960982899,HEMORRHAGIC,ROUTE_UCSFMedicalCenter,0.24,5.585,ROUTE_UCSFMedicalCenter,0.24,5.585,ROUTE_UCSFMedicalCenter,0.24,5.585,ROUTE_UCSFMedicalCenter,0.24,5.585
37.57916666663967,-122.35805555551083,40.18755660689158,HEMORRHAGIC,ROUTE_MillsPeninsulaMedicalCenterSutter,0.24,5.671666666666667,ROUTE_MillsPeninsulaMedicalCenterSutter,0.24,5.671666666666667,ROUTE_MillsPeninsulaMedicalCenterSutter,0.24,5.671666666666667,ROUTE_MillsPeninsulaMedicalCenterSutter,0.24,5.671666666666667
37.548055555528535,-121.95027777773272,42.84807122718537,LVO,ROUTE_RegionalMedicalCenterOfSanJose,0.4410229836525489,23.80666666666667,ROUTE_KaiserFoundationHospitalFremont,0.43136341982852905,7.75,ROUTE_RegionalMedicalCenterOfSanJose,0.4410229836525489,23.80666666666667,ROUTE_KaiserFoundationHospitalFremont,0.43136341982852905,7.75
37.736944444417574,-122.4227777777331,74.17116867885017,HEMORRHAGIC,ROUTE_CPMCDaviesCampusSutter,0.24,9.91,ROUTE_CPMCMissionBernalCampusSutter,0.24,3.6383333333333336,ROUTE_CPMCDaviesCampusSutter,0.24,9.91,ROUTE_CPMCMissionBernalCampusSutter,0.24,3.6383333333333336
37.42055555552844,-121.97194444439941,57.58931689374704,LVO,ROUTE_ElCaminoHealthMountainView,0.43796623581752425,17.973333333333336,ROUTE_ElCaminoHealthMountainView,0.43796623581752425,17.973333333333336,ROUTE_ElCaminoHealthMountainView,0.43796623581752425,17.973333333333336,ROUTE_ElCaminoHealthMountainView,0.43796623581752425,17.973333333333336
37.75611111108426,-122.18499999995512,31.49235208160856,HEMORRHAGIC,ROUTE_SutterEdenMedicalCenter,0.24,17.658333333333335,ROUTE_KaiserFoundationHospitalSanLeandro,0.24,13.376666666666667,ROUTE_SutterEdenMedicalCenter,0.24,17.658333333333335,ROUTE_KaiserFoundationHospitalSanLeandro,0.24,13.376666666666667
37.8730555555288,-122.27111111106632,122.18781686723179,LVO,ROUTE_SutterEdenMedicalCenter,0.40687711626557377,31.401666666666664,ROUTE_AltaBatesSummitMedicalCenterAltaBatesCampus,0.24466880000000002,8.403333333333332,ROUTE_SutterEdenMedicalCenter,0.40687711626557377,31.401666666666664,ROUTE_KaiserFoundationHospitalOaklandRichmond,0.2760297669943135,14.688333333333333
37.593333333306354,-122.02916666662168,77.53065806993743,LVO,ROUTE_SutterEdenMedicalCenter,0.4283539637817231,21.82,ROUTE_StRoseHospital,0.24466880000000002,12.658333333333333,ROUTE_SutterEdenMedicalCenter,0.4283539637817231,21.82,ROUTE_WashingtonHospitalHealthcareSystem,0.2884421188828427,16.41
37.56722222219522,-122.33416666662191,261.6333745795488,HEMORRHAGIC,ROUTE_MillsPeninsulaMedicalCenterSutter,0.24,10.401666666666667,ROUTE_MillsPeninsulaMedicalCenterSutter,0.24,10.401666666666667,ROUTE_MillsPeninsulaMedicalCenterSutter,0.24,10.401666666666667,ROUTE_MillsPeninsulaMedicalCenterSutter,0.24,10.401666666666667
37.667499999973074,-122.11499999995507,37.58730970307887,HEMORRHAGIC,ROUTE_SutterEdenMedicalCenter,0.24,13.01,ROUTE_StRoseHospital,0.24,7.653333333333333,ROUTE_SutterEdenMedicalCenter,0.24,13.01,ROUTE_KaiserFoundationHospitalSanLeandro,0.24,11.316666666666666
37.71944444441756,-122.17083333328846,258.3081105409602,NLVO,ROUTE_KaiserFoundationHospitalSanLeandro,0.4622,7.131666666666666,ROUTE_KaiserFoundationHospitalSanLeandro,0.4622,7.131666666666666,ROUTE_SutterEdenMedicalCenter,0.4622,13.006666666666666,ROUTE_KaiserFoundationHospitalSanLeandro,0.4622,7.131666666666666
37.625833333306375,-122.41027777773309,31.029424503627983,NLVO,ROUTE_MillsPeninsulaMedicalCenterSutter,0.590522563383393,8.976666666666667,ROUTE_MillsPeninsulaMedicalCenterSutter,0.590522563383393,8.976666666666667,ROUTE_MillsPeninsulaMedicalCenterSutter,0.590522563383393,8.976666666666667,ROUTE_MillsPeninsulaMedicalCenterSutter,0.590522563383393,8.976666666666667
38.15305555552902,-122.27333333328853,165.4150502861213,NLVO,ROUTE_JohnMuirMedicalCenterWalnutCreekCampus,0.5037026907836665,36.91,ROUTE_KaiserFoundationHospitalVallejo,0.5215119388958493,8.575,ROUTE_JohnMuirMedicalCenterWalnutCreekCampus,0.5037026907836665,36.91,ROUTE_KaiserFoundationHospitalVallejo,0.5215119388958493,8.575
37.593888888861905,-122.4986111110665,91.80770444684575,LVO,ROUTE_MillsPeninsulaMedicalCenterSutter,0.4211823219464276,25.376666666666665,ROUTE_AHMCSetonMedicalCenter,0.28375232829100117,17.711666666666666,ROUTE_MillsPeninsulaMedicalCenterSutter,0.4211823219464276,25.376666666666665,ROUTE_AHMCSetonMedicalCenter,0.28375232829100117,17.711666666666666
37.575277777750784,-122.31972222217746,40.06216583652403,MIMIC,ROUTE_MillsPeninsulaMedicalCenterSutter,0.9,12.26,ROUTE_SanMateoMedicalCenter,0.9,10.389999999999999,ROUTE_MillsPeninsulaMedicalCenterSutter,0.9,12.26,ROUTE_MillsPeninsulaMedicalCenterSutter,0.9,12.26
37.45111111108402,-122.15777777773289,106.34674054138247,LVO,ROUTE_StanfordHealthCare,0.42366911257597606,7.883333333333334,ROUTE_StanfordHealthCare,0.42366911257597606,7.883333333333334,ROUTE_StanfordHealthCare,0.42366911257597606,7.883333333333334,ROUTE_StanfordHealthCare,0.42366911257597606,7.883333333333334
37.91249999997327,-122.29694444439967,243.7299342845633,LVO,ROUTE_KaiserFoundationHospitalRichmondCampus,0.24466880000000002,13.621666666666666,ROUTE_KaiserFoundationHospitalRichmondCampus,0.24466880000000002,13.621666666666666,ROUTE_CPMCDaviesCampusSutter,0.24466880000000002,31.858333333333334,ROUTE_KaiserFoundationHospitalRichmondCampus,0.24466880000000002,13.621666666666666
37.42666666663955,-122.16333333328845,55.15088572024258,HEMORRHAGIC,ROUTE_StanfordHealthCare,0.24,8.06,ROUTE_StanfordHealthCare,0.24,8.06,ROUTE_StanfordHealthCare,0.24,8.06,ROUTE_StanfordHealthCare,0.24,8.06
38.265277777751336,-122.06055555551059,149.8966470219923,HEMORRHAGIC,ROUTE_JohnMuirMedicalCenterWalnutCreekCampus,0.24,42.005,ROUTE_NorthBayMedicalCenter,0.24,9.815,ROUTE_JohnMuirMedicalCenterWalnutCreekCampus,0.24,42.005,ROUTE_NorthBayMedicalCenter,0.24,9.815
37.561388888861885,-122.32472222217747,110.13584386536898,MIMIC,ROUTE_MillsPeninsulaMedicalCenterSutter,0.9,12.165,ROUTE_SanMateoMedicalCenter,0.9,9.729999999999999,ROUTE_MillsPeninsulaMedicalCenterSutter,0.9,12.165,ROUTE_MillsPeninsulaMedicalCenterSutter,0.9,12.165
37.55944444441744,-122.29972222217745,196.8111982231108,LVO,ROUTE_MillsPeninsulaMedicalCenterSutter,0.25683043405210654,11.388333333333332,ROUTE_SanMateoMedicalCenter,0.24466880000000002,10.761666666666667,ROUTE_MillsPeninsulaMedicalCenterSutter,0.25683043405210654,11.388333333333332,ROUTE_MillsPeninsulaMedicalCenterSutter,0.25683043405210654,11.388333333333332
37.529999999972965,-121.98888888884386,220.85265136343062,LVO,ROUTE_WashingtonHospitalHealthcareSystem,0.24466880000000002,8.806666666666667,ROUTE_WashingtonHospitalHealthcareSystem,0.24466880000000002,8.806666666666667,ROUTE_RegionalMedicalCenterOfSanJose,0.24466880000000002,24.821666666666665,ROUTE_WashingtonHospitalHealthcareSystem,0.24466880000000002,8.806666666666667
37.629444444417494,-122.09249999995505,178.26618776515585,HEMORRHAGIC,ROUTE_SutterEdenMedicalCenter,0.24,14.463333333333333,ROUTE_StRoseHospital,0.24,2.4183333333333334,ROUTE_SutterEdenMedicalCenter,0.24,14.463333333333333,ROUTE_KaiserFoundationHospitalSanLeandro,0.24,12.770000000000001
37.764999999973156,-121.89472222217712,124.95600519351576,NLVO,ROUTE_SutterEdenMedicalCenter,0.5323478368762196,24.959999999999997,ROUTE_SanRamonRegionalMedicalCenter,0.5405584672658326,11.781666666666666,ROUTE_SutterEdenMedicalCenter,0.5323478368762196,24.959999999999997,ROUTE_SanRamonRegionalMedicalCenter,0.5405584672658326,11.781666666666666
37.763611111084266,-122.41055555551087,192.18320141683955,NLVO,ROUTE_CPMCDaviesCampusSutter,0.50840786409061,7.135000000000001,ROUTE_ZuckerbergSanFranciscoGeneralHospital,0.5111542135949121,2.77,ROUTE_CPMCDaviesCampusSutter,0.50840786409061,7.135000000000001,ROUTE_ZuckerbergSanFranciscoGeneralHospital,0.5111542135949121,2.77
37.77277777775094,-122.42972222217755,59.382756951601536,NLVO,ROUTE_CPMCDaviesCampusSutter,0.5792924148412663,3.7066666666666666,ROUTE_CPMCDaviesCampusSutter,0.5792924148412663,3.7066666666666666,ROUTE_CPMCDaviesCampusSutter,0.5792924148412663,3.7066666666666666,ROUTE_CPMCDaviesCampusSutter,0.5792924148412663,3.7066666666666666
37.79888888886207,-121.94111111106605,113.45807904224242,MIMIC,ROUTE_JohnMuirMedicalCenterWalnutCreekCampus,0.9,25.09333333333333,ROUTE_SanRamonRegionalMedicalCenter,0.9,14.326666666666666,ROUTE_JohnMuirMedicalCenterWalnutCreekCampus,0.9,25.09333333333333,ROUTE_SanRamonRegionalMedicalCenter,0.9,14.326666666666666
37.681388888861974,-121.74444444439922,261.11276886907694,LVO,ROUTE_StanfordHealthCareTriValley,0.24466880000000002,19.65,ROUTE_StanfordHealthCareTriValley,0.24466880000000002,19.65,ROUTE_SutterEdenMedicalCenter,0.24466880000000002,31.048333333333336,ROUTE_StanfordHealthCareTriValley,0.24466880000000002,19.65
38.24166666664021,-122.00749999995499,173.08114779808736,LVO,ROUTE_NorthBayMedicalCenter,0.2623875708183427,13.56,ROUTE_NorthBayMedicalCenter,0.2623875708183427,13.56,ROUTE_JohnMuirMedicalCenterWalnutCreekCampus,0.24466880000000002,45.07833333333333,ROUTE_NorthBayMedicalCenter,0.2623875708183427,13.56
37.77916666663983,-122.46972222217758,70.53554033802695,HEMORRHAGIC,ROUTE_UCSFMedicalCenter,0.24,8.043333333333333,ROUTE_UCSFHealthStanyanHospital,0.24,5.108333333333333,ROUTE_UCSFMedicalCenter,0.24,8.043333333333333,ROUTE_UCSFHealthStanyanHospital,0.24,5.108333333333333
37.91194444441772,-122.32083333328858,131.75550143257325,LVO,ROUTE_CPMCDaviesCampusSutter,0.4044307933417543,28.861666666666668,ROUTE_KaiserFoundationHospitalRichmondCampus,0.2753866157415454,8.604999999999999,ROUTE_CPMCDaviesCampusSutter,0.4044307933417543,28.861666666666668,ROUTE_KaiserFoundationHospitalRichmondCampus,0.2753866157415454,8.604999999999999
37.700833333306434,-122.04305555551058,186.49861857586714,MIMIC,ROUTE_SutterEdenMedicalCenter,0.9,10.053333333333335,ROUTE_SutterEdenMedicalCenter,0.9,10.053333333333335,ROUTE_SutterEdenMedicalCenter,0.9,10.053333333333335,ROUTE_SutterEdenMedicalCenter,0.9,10.053333333333335
37.72972222219535,-122.46888888884425,201.858995499557,LVO,ROUTE_AHMCSetonMedicalCenter,0.25618154473139254,9.270000000000001,ROUTE_AHMCSetonMedicalCenter,0.25618154473139254,9.270000000000001,ROUTE_UCSFMedicalCenter,0.25609935339284434,9.535,ROUTE_AHMCSetonMedicalCenter,0.25618154473139254,9.270000000000001
37.758611111084264,-121.96805555551052,38.24631988636237,HEMORRHAGIC,ROUTE_SutterEdenMedicalCenter,0.24,19.35666666666667,ROUTE_SanRamonRegionalMedicalCenter,0.24,6.761666666666667,ROUTE_SutterEdenMedicalCenter,0.24,19.35666666666667,ROUTE_SanRamonRegionalMedicalCenter,0.24,6.761666666666667
37.86861111108435,-122.25305555551074,176.15985341870444,LVO,ROUTE_SutterEdenMedicalCenter,0.2575204368313326,26.384999999999998,ROUTE_AltaBatesSummitMedicalCenterAltaBatesCampus,0.24466880000000002,4.6066666666666665,ROUTE_SutterEdenMedicalCenter,0.2575204368313326,26.384999999999998,ROUTE_AltaBatesSummitMedicalCenterSummitCampus,0.2615020954249454,13.766666666666667
37.51027777775073,-122.28999999995521,223.7102906200207,HEMORRHAGIC,ROUTE_SanMateoMedicalCenter,0.24,8.315,ROUTE_SanMateoMedicalCenter,0.24,8.315,ROUTE_KaiserFoundationHospitalRedwoodCity,0.24,17.126666666666665,ROUTE_SequoiaHospital,0.24,12.24
37.9752777777511,-121.7144444443992,128.50980017880178,HEMORRHAGIC,ROUTE_JohnMuirMedicalCenterWalnutCreekCampus,0.24,36.4,ROUTE_KaiserFoundationHospitalAntioch,0.24,14.131666666666666,ROUTE_JohnMuirMedicalCenterWalnutCreekCampus,0.24,36.4,ROUTE_KaiserFoundationHospitalAntioch,0.24,14.131666666666666
37.89611111108437,-122.30055555551078,249.29601865054286,NLVO,ROUTE_KaiserFoundationHospitalRichmondCampus,0.4622,12.976666666666667,ROUTE_KaiserFoundationHospitalRichmondCampus,0.4622,12.976666666666667,ROUTE_CPMCDaviesCampusSutter,0.4622,31.05,ROUTE_KaiserFoundationHospitalRichmondCampus,0.4622,12.976666666666667
37.39972222219509,-122.01916666662167,201.0055006108059,HEMORRHAGIC,ROUTE_KaiserFoundationHospitalSantaClara,0.24,16.313333333333333,ROUTE_KaiserFoundationHospitalSantaClara,0.24,16.313333333333333,ROUTE_KaiserFoundationHospitalSantaClara,0.24,16.313333333333333,ROUTE_KaiserFoundationHospitalSantaClara,0.24,16.313333333333333
37.443888888861785,-121.88833333328823,78.20584286164191,HEMORRHAGIC,ROUTE_RegionalMedicalCenterOfSanJose,0.24,11.691666666666666,ROUTE_RegionalMedicalCenterOfSanJose,0.24,11.691666666666666,ROUTE_RegionalMedicalCenterOfSanJose,0.24,11.691666666666666,ROUTE_RegionalMedicalCenterOfSanJose,0.24,11.691666666666666
37.457222222195135,-121.90277777773268,120.05893897894293,MIMIC,ROUTE_RegionalMedicalCenterOfSanJose,0.9,13.311666666666667,ROUTE_RegionalMedicalCenterOfSanJose,0.9,13.311666666666667,ROUTE_RegionalMedicalCenterOfSanJose,0.9,13.311666666666667,ROUTE_RegionalMedicalCenterOfSanJose,0.9,13.311666666666667
37.79888888886207,-122.25777777773297,54.670244218226,LVO,ROUTE_SutterEdenMedicalCenter,0.4368979875888223,22.666666666666668,ROUTE_HighlandHospitalWilmaChanCampus,0.42904288420199066,5.305000000000001,ROUTE_SutterEdenMedicalCenter,0.4368979875888223,22.666666666666668,ROUTE_HighlandHospitalWilmaChanCampus,0.42904288420199066,5.305000000000001
37.729999999973124,-122.436666666622,203.559065651867,MIMIC,ROUTE_CPMCMissionBernalCampusSutter,0.9,6.428333333333333,ROUTE_CPMCMissionBernalCampusSutter,0.9,6.428333333333333,ROUTE_CPMCDaviesCampusSutter,0.9,12.698333333333332,ROUTE_CPMCMissionBernalCampusSutter,0.9,6.428333333333333
37.72916666663979,-122.40694444439976,185.7806649422887,NLVO,ROUTE_CPMCDaviesCampusSutter,0.5082738511712531,12.683333333333334,ROUTE_ZuckerbergSanFranciscoGeneralHospital,0.5112771198529322,7.91,ROUTE_CPMCDaviesCampusSutter,0.5082738511712531,12.683333333333334,ROUTE_ZuckerbergSanFranciscoGeneralHospital,0.5112771198529322,7.91
37.671111111084194,-122.09527777773283,102.19874020271243,MIMIC,ROUTE_SutterEdenMedicalCenter,0.9,11.646666666666667,ROUTE_StRoseHospital,0.9,9.246666666666666,ROUTE_SutterEdenMedicalCenter,0.9,11.646666666666667,ROUTE_SutterEdenMedicalCenter,0.9,11.646666666666667
37.47555555552848,-122.23916666662184,180.65827570798623,LVO,ROUTE_KaiserFoundationHospitalRedwoodCity,0.26240807758258067,7.181666666666667,ROUTE_SequoiaHospital,0.2628273486566637,5.873333333333333,ROUTE_KaiserFoundationHospitalRedwoodCity,0.26240807758258067,7.181666666666667,ROUTE_SequoiaHospital,0.2628273486566637,5.873333333333333
37.57833333330634,-122.35055555551082,267.548844669633,MIMIC,ROUTE_MillsPeninsulaMedicalCenterSutter,0.9,7.2283333333333335,ROUTE_MillsPeninsulaMedicalCenterSutter,0.9,7.2283333333333335,ROUTE_MillsPeninsulaMedicalCenterSutter,0.9,7.2283333333333335,ROUTE_MillsPeninsulaMedicalCenterSutter,0.9,7.2283333333333335
37.71944444441756,-122.40527777773309,129.52996399656334,MIMIC,ROUTE_CPMCDaviesCampusSutter,0.9,16.048333333333332,ROUTE_ZuckerbergSanFranciscoGeneralHospital,0.9,11.275,ROUTE_CPMCDaviesCampusSutter,0.9,16.048333333333332,ROUTE_ZuckerbergSanFranciscoGeneralHospital,0.9,11.275
37.572499999973004,-122.03833333328835,97.47580932829403,HEMORRHAGIC,ROUTE_SutterEdenMedicalCenter,0.24,20.42,ROUTE_StRoseHospital,0.24,11.256666666666666,ROUTE_SutterEdenMedicalCenter,0.24,20.42,ROUTE_WashingtonHospitalHealthcareSystem,0.24,13.553333333333335
37.47222222219514,-122.21416666662182,200.14895811955503,LVO,ROUTE_KaiserFoundationHospitalRedwoodCity,0.257177874459086,7.491666666666666,ROUTE_KaiserFoundationHospitalRedwoodCity,0.257177874459086,7.491666666666666,ROUTE_KaiserFoundationHospitalRedwoodCity,0.257177874459086,7.491666666666666,ROUTE_KaiserFoundationHospitalRedwoodCity,0.257177874459086,7.491666666666666
37.584166666639675,-122.33388888884414,266.7306585437449,NLVO,ROUTE_MillsPeninsulaMedicalCenterSutter,0.4622,9.683333333333334,ROUTE_MillsPeninsulaMedicalCenterSutter,0.4622,9.683333333333334,ROUTE_MillsPeninsulaMedicalCenterSutter,0.4622,9.683333333333334,ROUTE_MillsPeninsulaMedicalCenterSutter,0.4622,9.683333333333334
38.05722222219561,-122.52194444439985,242.374563577103,LVO,ROUTE_NovatoCommunityHospitalSutter,0.24466880000000002,10.036666666666667,ROUTE_NovatoCommunityHospitalSutter,0.24466880000000002,10.036666666666667,ROUTE_UCSFMedicalCenter,0.24466880000000002,48.458333333333336,ROUTE_NovatoCommunityHospitalSutter,0.24466880000000002,10.036666666666667
37.66916666663975,-122.10749999995507,146.65940092334495,LVO,ROUTE_SutterEdenMedicalCenter,0.40656903875332295,11.691666666666666,ROUTE_StRoseHospital,0.24466880000000002,6.843333333333334,ROUTE_SutterEdenMedicalCenter,0.40656903875332295,11.691666666666666,ROUTE_KaiserFoundationHospitalSanLeandro,0.27073983941514507,9.998333333333333
37.53472222219519,-121.98055555551052,231.15725199080464,LVO,ROUTE_KaiserFoundationHospitalFremont,0.24466880000000002,6.11,ROUTE_KaiserFoundationHospitalFremont,0.24466880000000002,6.11,ROUTE_RegionalMedicalCenterOfSanJose,0.24466880000000002,24.256666666666668,ROUTE_KaiserFoundationHospitalFremont,0.24466880000000002,6.11
37.76888888886205,-122.18388888884402,71.37900449565802,HEMORRHAGIC,ROUTE_SutterEdenMedicalCenter,0.24,17.65666666666667,ROUTE_HighlandHospitalWilmaChanCampus,0.24,10.15,ROUTE_SutterEdenMedicalCenter,0.24,17.65666666666667,ROUTE_HighlandHospitalWilmaChanCampus,0.24,10.15
37.482222222195155,-122.43833333328867,248.69052198230324,MIMIC,ROUTE_SanMateoMedicalCenter,0.9,29.758333333333333,ROUTE_SanMateoMedicalCenter,0.9,29.758333333333333,ROUTE_MillsPeninsulaMedicalCenterSutter,0.9,29.96833333333333,ROUTE_MillsPeninsulaMedicalCenterSutter,0.9,29.96833333333333
37.6672222221953,-121.79638888884371,250.1607465298534,MIMIC,ROUTE_StanfordHealthCareTriValley,0.9,17.566666666666666,ROUTE_StanfordHealthCareTriValley,0.9,17.566666666666666,ROUTE_SutterEdenMedicalCenter,0.9,29.756666666666668,ROUTE_StanfordHealthCareTriValley,0.9,17.566666666666666
37.57222222219522,-122.08166666662171,150.87982284047615,HEMORRHAGIC,ROUTE_SutterEdenMedicalCenter,0.24,25.448333333333334,ROUTE_StRoseHospital,0.24,14.948333333333332,ROUTE_SutterEdenMedicalCenter,0.24,25.448333333333334,ROUTE_WashingtonHospitalHealthcareSystem,0.24,22.211666666666666
37.714166666639784,-122.1261111110662,45.550107879264566,NLVO,ROUTE_SutterEdenMedicalCenter,0.5817867063932053,11.163333333333332,ROUTE_SanLeandroHospitalAlamedaHealthSystem,0.5164513146625883,7.931666666666667,ROUTE_SutterEdenMedicalCenter,0.5817867063932053,11.163333333333332,ROUTE_SutterEdenMedicalCenter,0.5817867063932053,11.163333333333332
37.920555555528836,-122.32777777773302,80.36440328970671,MIMIC,ROUTE_CPMCDaviesCampusSutter,0.9,30.26833333333333,ROUTE_KaiserFoundationHospitalRichmondCampus,0.9,9.096666666666666,ROUTE_CPMCDaviesCampusSutter,0.9,30.26833333333333,ROUTE_KaiserFoundationHospitalRichmondCampus,0.9,9.096666666666666
37.627222222195265,-122.05611111106614,215.36372457957773,HEMORRHAGIC,ROUTE_StRoseHospital,0.24,9.82,ROUTE_StRoseHospital,0.24,9.82,ROUTE_SutterEdenMedicalCenter,0.24,19.611666666666668,ROUTE_KaiserFoundationHospitalSanLeandro,0.24,17.918333333333333
37.86527777775101,-122.50222222217761,110.6978836962538,LVO,ROUTE_UCSFMedicalCenter,0.41360529057361484,26.146666666666665,ROUTE_MarinHealthMedicalCenter,0.2784696272207493,17.141666666666666,ROUTE_UCSFMedicalCenter,0.41360529057361484,26.146666666666665,ROUTE_MarinHealthMedicalCenter,0.2784696272207493,17.141666666666666
37.539722222195195,-122.31277777773302,75.68943642679432,HEMORRHAGIC,ROUTE_KaiserFoundationHospitalRedwoodCity,0.24,15.825,ROUTE_SanMateoMedicalCenter,0.24,4.173333333333334,ROUTE_KaiserFoundationHospitalRedwoodCity,0.24,15.825,ROUTE_KaiserFoundationHospitalRedwoodCity,0.24,15.825
37.75972222219537,-121.98138888884385,187.2714951346142,LVO,ROUTE_SutterEdenMedicalCenter,0.25604393300044226,21.87,ROUTE_SanRamonRegionalMedicalCenter,0.260439437565615,7.85,ROUTE_SutterEdenMedicalCenter,0.25604393300044226,21.87,ROUTE_SanRamonRegionalMedicalCenter,0.260439437565615,7.85
37.55805555552855,-121.95999999995495,201.07030630929478,LVO,ROUTE_KaiserFoundationHospitalFremont,0.25794822864340505,4.258333333333334,ROUTE_KaiserFoundationHospitalFremont,0.25794822864340505,4.258333333333334,ROUTE_RegionalMedicalCenterOfSanJose,0.24466880000000002,23.290000000000003,ROUTE_KaiserFoundationHospitalFremont,0.25794822864340505,4.258333333333334
37.36027777775061,-122.04805555551057,214.02611993637592,LVO,ROUTE_ElCaminoHealthMountainView,0.24466880000000002,12.083333333333334,ROUTE_ElCaminoHealthMountainView,0.24466880000000002,12.083333333333334,ROUTE_ElCaminoHealthMountainView,0.24466880000000002,12.083333333333334,ROUTE_ElCaminoHealthMountainView,0.24466880000000002,12.083333333333334
37.790555555528734,-122.44083333328867,70.67012294151053,LVO,ROUTE_CPMCDaviesCampusSutter,0.43817873565869003,6.623333333333333,ROUTE_KaiserFoundationHospitalSanFrancisco,0.4255293990991157,3.1599999999999997,ROUTE_CPMCDaviesCampusSutter,0.43817873565869003,6.623333333333333,ROUTE_KaiserFoundationHospitalSanFrancisco,0.4255293990991157,3.1599999999999997
37.66777777775086,-122.10749999995507,210.68724965759736,NLVO,ROUTE_KaiserFoundationHospitalSanLeandro,0.49734760334220807,9.25,ROUTE_StRoseHospital,0.4622,6.096666666666667,ROUTE_SutterEdenMedicalCenter,0.4962771857218776,10.943333333333333,ROUTE_KaiserFoundationHospitalSanLeandro,0.49734760334220807,9.25
38.15888888886236,-121.69083333328807,190.1000053815006,LVO,ROUTE_KaiserFoundationHospitalAntioch,0.24466880000000002,30.186666666666667,ROUTE_SutterDeltaMedicalCenter,0.24466880000000002,27.53166666666667,ROUTE_JohnMuirMedicalCenterWalnutCreekCampus,0.24466880000000002,49.08833333333334,ROUTE_KaiserFoundationHospitalAntioch,0.24466880000000002,30.186666666666667
37.78833333330651,-122.44999999995534,34.796502823546376,HEMORRHAGIC,ROUTE_CPMCDaviesCampusSutter,0.24,8.203333333333333,ROUTE_KaiserFoundationHospitalSanFrancisco,0.24,3.2483333333333335,ROUTE_CPMCDaviesCampusSutter,0.24,8.203333333333333,ROUTE_KaiserFoundationHospitalSanFrancisco,0.24,3.2483333333333335
37.43583333330623,-122.12416666662175,107.55084943946,LVO,ROUTE_StanfordHealthCare,0.42034541760658645,14.071666666666665,ROUTE_StanfordHealthCare,0.42034541760658645,14.071666666666665,ROUTE_StanfordHealthCare,0.42034541760658645,14.071666666666665,ROUTE_StanfordHealthCare,0.42034541760658645,14.071666666666665
37.64861111108417,-122.1122222221773,262.1086919231565,MIMIC,ROUTE_StRoseHospital,0.9,7.511666666666667,ROUTE_StRoseHospital,0.9,7.511666666666667,ROUTE_SutterEdenMedicalCenter,0.9,15.295,ROUTE_KaiserFoundationHospitalSanLeandro,0.9,13.601666666666667
37.98611111108444,-121.70222222217697,197.24152410556357,MIMIC,ROUTE_KaiserFoundationHospitalAntioch,0.9,15.856666666666666,ROUTE_KaiserFoundationHospitalAntioch,0.9,15.856666666666666,ROUTE_JohnMuirMedicalCenterWalnutCreekCampus,0.9,37.46666666666667,ROUTE_KaiserFoundationHospitalAntioch,0.9,15.856666666666666
37.71361111108423,-121.72999999995477,112.30817322476989,HEMORRHAGIC,ROUTE_SutterEdenMedicalCenter,0.24,27.595000000000002,ROUTE_StanfordHealthCareTriValley,0.24,16.196666666666665,ROUTE_SutterEdenMedicalCenter,0.24,27.595000000000002,ROUTE_StanfordHealthCareTriValley,0.24,16.196666666666665
37.80277777775096,-122.26361111106631,261.45996044230424,LVO,ROUTE_HighlandHospitalWilmaChanCampus,0.24466880000000002,6.739999999999999,ROUTE_HighlandHospitalWilmaChanCampus,0.24466880000000002,6.739999999999999,ROUTE_SutterEdenMedicalCenter,0.24466880000000002,22.926666666666666,ROUTE_HighlandHospitalWilmaChanCampus,0.24466880000000002,6.739999999999999
37.782222222195394,-122.48444444439981,49.89216940669192,HEMORRHAGIC,ROUTE_UCSFMedicalCenter,0.24,9.453333333333335,ROUTE_UCSFHealthStanyanHospital,0.24,8.38,ROUTE_UCSFMedicalCenter,0.24,9.453333333333335,ROUTE_UCSFHealthStanyanHospital,0.24,8.38
37.554999999972985,-122.00194444439943,111.37975131720025,LVO,ROUTE_SutterEdenMedicalCenter,0.41342746047494405,25.96833333333333,ROUTE_WashingtonHospitalHealthcareSystem,0.28181169317767174,6.9366666666666665,ROUTE_SutterEdenMedicalCenter,0.41342746047494405,25.96833333333333,ROUTE_WashingtonHospitalHealthcareSystem,0.28181169317767174,6.9366666666666665
38.17138888886237,-121.69583333328808,258.480549218743,LVO,ROUTE_SutterDeltaMedicalCenter,0.24466880000000002,32.82666666666667,ROUTE_SutterDeltaMedicalCenter,0.24466880000000002,32.82666666666667,ROUTE_JohnMuirMedicalCenterWalnutCreekCampus,0.24466880000000002,54.38333333333333,ROUTE_KaiserFoundationHospitalAntioch,0.24466880000000002,35.48166666666667
38.10861111108454,-122.24944444439963,92.55808499716933,LVO,ROUTE_JohnMuirMedicalCenterWalnutCreekCampus,0.419074611618811,29.325,ROUTE_KaiserFoundationHospitalVallejo,0.28799321405098666,5.14,ROUTE_JohnMuirMedicalCenterWalnutCreekCampus,0.419074611618811,29.325,ROUTE_KaiserFoundationHospitalVallejo,0.28799321405098666,5.14
37.65527777775085,-122.03694444439945,162.0704379228064,NLVO,ROUTE_SutterEdenMedicalCenter,0.5158460933928597,20.396666666666665,ROUTE_StRoseHospital,0.4622,16.64,ROUTE_SutterEdenMedicalCenter,0.5158460933928597,20.396666666666665,ROUTE_SutterEdenMedicalCenter,0.5158460933928597,20.396666666666665
37.86944444441768,-122.28527777773299,118.42654561345842,HEMORRHAGIC,ROUTE_CPMCDaviesCampusSutter,0.24,29.66,ROUTE_AltaBatesSummitMedicalCenterAltaBatesCampus,0.24,8.803333333333335,ROUTE_CPMCDaviesCampusSutter,0.24,29.66,ROUTE_KaiserFoundationHospitalOaklandRichmond,0.24,13.520000000000001
37.43027777775067,-122.11666666662174,61.66499904916242,LVO,ROUTE_StanfordHealthCare,0.43767088340632854,15.201666666666666,ROUTE_StanfordHealthCare,0.43767088340632854,15.201666666666666,ROUTE_StanfordHealthCare,0.43767088340632854,15.201666666666666,ROUTE_StanfordHealthCare,0.43767088340632854,15.201666666666666
38.04444444441782,-122.14166666662176,126.11574253099201,NLVO,ROUTE_JohnMuirMedicalCenterWalnutCreekCampus,0.5315564316756989,25.261666666666667,ROUTE_ContraCostaRegionalMedicalCenter,0.4622,14.446666666666665,ROUTE_JohnMuirMedicalCenterWalnutCreekCampus,0.5315564316756989,25.261666666666667,ROUTE_SutterSolanoMedicalCenter,0.5353217236043883,19.225
37.735555555528684,-122.3974999999553,41.75881127190565,LVO,ROUTE_CPMCDaviesCampusSutter,0.4463474049883681,13.54,ROUTE_ZuckerbergSanFranciscoGeneralHospital,0.4342317969926627,7.683333333333334,ROUTE_CPMCDaviesCampusSutter,0.4463474049883681,13.54,ROUTE_ZuckerbergSanFranciscoGeneralHospital,0.4342317969926627,7.683333333333334
37.50472222219517,-122.29888888884412,141.7155562953303,HEMORRHAGIC,ROUTE_KaiserFoundationHospitalRedwoodCity,0.24,20.933333333333334,ROUTE_SanMateoMedicalCenter,0.24,10.638333333333332,ROUTE_KaiserFoundationHospitalRedwoodCity,0.24,20.933333333333334,ROUTE_SequoiaHospital,0.24,16.595000000000002
37.74361111108425,-122.42055555551087,48.35238631882805,LVO,ROUTE_CPMCDaviesCampusSutter,0.44535526392626745,10.121666666666666,ROUTE_CPMCMissionBernalCampusSutter,0.43419040669579745,2.9183333333333334,ROUTE_CPMCDaviesCampusSutter,0.44535526392626745,10.121666666666666,ROUTE_CPMCMissionBernalCampusSutter,0.43419040669579745,2.9183333333333334
37.370277777750616,-122.2144444443996,214.42213907373875,NLVO,ROUTE_StanfordHealthCare,0.4622,19.966666666666665,ROUTE_StanfordHealthCare,0.4622,19.966666666666665,ROUTE_StanfordHealthCare,0.4622,19.966666666666665,ROUTE_StanfordHealthCare,0.4622,19.966666666666665
37.783055555528726,-122.4127777777331,239.40563983897843,LVO,ROUTE_UCSFHealthHydeHospital,0.24466880000000002,2.816666666666667,ROUTE_UCSFHealthHydeHospital,0.24466880000000002,2.816666666666667,ROUTE_CPMCDaviesCampusSutter,0.24466880000000002,8.23,ROUTE_UCSFHealthHydeHospital,0.24466880000000002,2.816666666666667
37.39222222219508,-122.09722222217728,246.20191908000177,HEMORRHAGIC,ROUTE_ElCaminoHealthMountainView,0.24,10.771666666666667,ROUTE_ElCaminoHealthMountainView,0.24,10.771666666666667,ROUTE_ElCaminoHealthMountainView,0.24,10.771666666666667,ROUTE_ElCaminoHealthMountainView,0.24,10.771666666666667
37.51305555552851,-122.29861111106634,124.44600556827888,HEMORRHAGIC,ROUTE_KaiserFoundationHospitalRedwoodCity,0.24,18.58,ROUTE_SanMateoMedicalCenter,0.24,7.5183333333333335,ROUTE_KaiserFoundationHospitalRedwoodCity,0.24,18.58,ROUTE_SequoiaHospital,0.24,14.928333333333335
37.53583333330631,-122.30999999995524,72.05384266236547,MIMIC,ROUTE_KaiserFoundationHospitalRedwoodCity,0.9,15.376666666666667,ROUTE_SanMateoMedicalCenter,0.9,3.703333333333333,ROUTE_KaiserFoundationHospitalRedwoodCity,0.9,15.376666666666667,ROUTE_KaiserFoundationHospitalRedwoodCity,0.9,15.376666666666667
37.817777777750976,-122.26611111106631,186.89521865594895,LVO,ROUTE_SutterEdenMedicalCenter,0.2558926809311348,22.671666666666667,ROUTE_AltaBatesSummitMedicalCenterSummitCampus,0.2621955812583858,2.6483333333333334,ROUTE_SutterEdenMedicalCenter,0.2558926809311348,22.671666666666667,ROUTE_AltaBatesSummitMedicalCenterSummitCampus,0.2621955812583858,2.6483333333333334
37.71722222219534,-121.86194444439931,179.6575180217875,HEMORRHAGIC,ROUTE_SutterEdenMedicalCenter,0.24,20.738333333333333,ROUTE_StanfordHealthCareTriValley,0.24,8.53,ROUTE_SutterEdenMedicalCenter,0.24,20.738333333333333,ROUTE_StanfordHealthCareTriValley,0.24,8.53
38.245555555529094,-122.01444444439944,140.1393764416273,LVO,ROUTE_JohnMuirMedicalCenterWalnutCreekCampus,0.26165632436036634,43.3,ROUTE_NorthBayMedicalCenter,0.27195840060278303,11.781666666666666,ROUTE_JohnMuirMedicalCenterWalnutCreekCampus,0.26165632436036634,43.3,ROUTE_NorthBayMedicalCenter,0.27195840060278303,11.781666666666666
37.78555555552873,-122.18416666662179,258.29019619163716,MIMIC,ROUTE_HighlandHospitalWilmaChanCampus,0.9,6.136666666666667,ROUTE_HighlandHospitalWilmaChanCampus,0.9,6.136666666666667,ROUTE_SutterEdenMedicalCenter,0.9,16.081666666666667,ROUTE_HighlandHospitalWilmaChanCampus,0.9,6.136666666666667
37.53611111108408,-121.94416666662161,40.99218122863582,HEMORRHAGIC,ROUTE_RegionalMedicalCenterOfSanJose,0.24,20.05666666666667,ROUTE_KaiserFoundationHospitalFremont,0.24,7.905,ROUTE_RegionalMedicalCenterOfSanJose,0.24,20.05666666666667,ROUTE_KaiserFoundationHospitalFremont,0.24,7.905
37.56805555552855,-122.05499999995503,93.87198504083092,NLVO,ROUTE_SutterEdenMedicalCenter,0.5507951189203786,21.198333333333334,ROUTE_StRoseHospital,0.4622,12.035,ROUTE_SutterEdenMedicalCenter,0.5507951189203786,21.198333333333334,ROUTE_WashingtonHospitalHealthcareSystem,0.5532800590173773,17.186666666666667
37.80166666663985,-122.42972222217755,220.5566609472979,HEMORRHAGIC,ROUTE_UCSFHealthHydeHospital,0.24,4.675,ROUTE_UCSFHealthHydeHospital,0.24,4.675,ROUTE_CPMCDaviesCampusSutter,0.24,10.883333333333333,ROUTE_UCSFHealthHydeHospital,0.24,4.675
37.45472222219513,-122.22166666662183,216.29111127349572,HEMORRHAGIC,ROUTE_SequoiaHospital,0.24,9.425,ROUTE_SequoiaHospital,0.24,9.425,ROUTE_KaiserFoundationHospitalRedwoodCity,0.24,10.921666666666665,ROUTE_SequoiaHospital,0.24,9.425
37.83833333330655,-122.19833333328847,137.0625584914077,HEMORRHAGIC,ROUTE_SutterEdenMedicalCenter,0.24,23.271666666666665,ROUTE_HighlandHospitalWilmaChanCampus,0.24,13.06,ROUTE_SutterEdenMedicalCenter,0.24,23.271666666666665,ROUTE_HighlandHospitalWilmaChanCampus,0.24,13.06
37.53194444441741,-122.28805555551077,67.0948453464176,NLVO,ROUTE_KaiserFoundationHospitalRedwoodCity,0.5691603597847716,13.775,ROUTE_SanMateoMedicalCenter,0.5029588069354631,6.133333333333334,ROUTE_KaiserFoundationHospitalRedwoodCity,0.5691603597847716,13.775,ROUTE_KaiserFoundationHospitalRedwoodCity,0.5691603597847716,13.775
37.734166666639794,-122.14194444439954,116.59184193488207,LVO,ROUTE_SutterEdenMedicalCenter,0.4184109747298036,10.74,ROUTE_SanLeandroHospitalAlamedaHealthSystem,0.24466880000000002,8.12,ROUTE_SutterEdenMedicalCenter,0.4184109747298036,10.74,ROUTE_HighlandHospitalWilmaChanCampus,0.27898505683858715,10.735000000000001
37.95611111108442,-121.95611111106606,116.58569314806333,NLVO,ROUTE_JohnMuirMedicalCenterWalnutCreekCampus,0.543883720829186,13.408333333333333,ROUTE_JohnMuirMedicalCenterWalnutCreekCampus,0.543883720829186,13.408333333333333,ROUTE_JohnMuirMedicalCenterWalnutCreekCampus,0.543883720829186,13.408333333333333,ROUTE_JohnMuirMedicalCenterWalnutCreekCampus,0.543883720829186,13.408333333333333
37.91749999997328,-122.31333333328857,145.27976475756844,HEMORRHAGIC,ROUTE_CPMCDaviesCampusSutter,0.24,31.395,ROUTE_KaiserFoundationHospitalRichmondCampus,0.24,12.298333333333334,ROUTE_CPMCDaviesCampusSutter,0.24,31.395,ROUTE_KaiserFoundationHospitalRichmondCampus,0.24,12.298333333333334
37.739166666639804,-122.50527777773317,232.37089373710614,LVO,ROUTE_UCSFMedicalCenter,0.24466880000000002,12.833333333333334,ROUTE_UCSFMedicalCenter,0.24466880000000002,12.833333333333334,ROUTE_UCSFMedicalCenter,0.24466880000000002,12.833333333333334,ROUTE_UCSFMedicalCenter,0.24466880000000002,12.833333333333334
37.896944444417706,-122.27138888884409,205.59853153158417,LVO,ROUTE_AltaBatesSummitMedicalCenterAltaBatesCampus,0.24466880000000002,13.253333333333334,ROUTE_AltaBatesSummitMedicalCenterAltaBatesCampus,0.24466880000000002,13.253333333333334,ROUTE_JohnMuirMedicalCenterWalnutCreekCampus,0.24466880000000002,32.461666666666666,ROUTE_KaiserFoundationHospitalRichmondCampus,0.24466880000000002,19.85666666666667
37.431111111084,-121.87083333328822,72.13414635456701,HEMORRHAGIC,ROUTE_RegionalMedicalCenterOfSanJose,0.24,13.285,ROUTE_RegionalMedicalCenterOfSanJose,0.24,13.285,ROUTE_RegionalMedicalCenterOfSanJose,0.24,13.285,ROUTE_RegionalMedicalCenterOfSanJose,0.24,13.285
37.77555555552872,-122.50222222217761,168.78323716296023,LVO,ROUTE_UCSFMedicalCenter,0.26460819088381005,10.241666666666667,ROUTE_UCSFHealthStanyanHospital,0.26495577114826896,9.168333333333333,ROUTE_UCSFMedicalCenter,0.26460819088381005,10.241666666666667,ROUTE_UCSFHealthStanyanHospital,0.26495577114826896,9.168333333333333
38.0258333333067,-122.55472222217765,46.174803546079,LVO,ROUTE_UCSFMedicalCenter,0.42971280024256864,45.04,ROUTE_KaiserFoundationHospitalSanRafael,0.3001635274616409,10.57,ROUTE_UCSFMedicalCenter,0.42971280024256864,45.04,ROUTE_KaiserFoundationHospitalSanRafael,0.3001635274616409,10.57
37.774722222195386,-122.48527777773315,154.8923634313952,LVO,ROUTE_UCSFMedicalCenter,0.40515584737168137,7.968333333333334,ROUTE_UCSFHealthStanyanHospital,0.26926408355591147,7.585,ROUTE_UCSFMedicalCenter,0.40515584737168137,7.968333333333334,ROUTE_UCSFHealthStanyanHospital,0.26926408355591147,7.585
37.9563888888622,-121.93749999995494,216.2144630446374,NLVO,ROUTE_JohnMuirMedicalCenterWalnutCreekCampus,0.4622,15.218333333333334,ROUTE_JohnMuirMedicalCenterWalnutCreekCampus,0.4622,15.218333333333334,ROUTE_JohnMuirMedicalCenterWalnutCreekCampus,0.4622,15.218333333333334,ROUTE_JohnMuirMedicalCenterWalnutCreekCampus,0.4622,15.218333333333334
37.66444444441752,-121.86194444439931,195.48751630650554,LVO,ROUTE_StanfordHealthCareTriValley,0.25725050324898824,11.143333333333334,ROUTE_StanfordHealthCareTriValley,0.25725050324898824,11.143333333333334,ROUTE_SutterEdenMedicalCenter,0.24466880000000002,25.628333333333334,ROUTE_StanfordHealthCareTriValley,0.25725050324898824,11.143333333333334
37.55277777775076,-122.26277777773296,98.83034387172265,HEMORRHAGIC,ROUTE_MillsPeninsulaMedicalCenterSutter,0.24,17.598333333333336,ROUTE_SanMateoMedicalCenter,0.24,12.703333333333335,ROUTE_MillsPeninsulaMedicalCenterSutter,0.24,17.598333333333336,ROUTE_MillsPeninsulaMedicalCenterSutter,0.24,17.598333333333336
37.67916666663975,-122.48722222217759,101.02151001284219,HEMORRHAGIC,ROUTE_MillsPeninsulaMedicalCenterSutter,0.24,17.938333333333333,ROUTE_AHMCSetonMedicalCenter,0.24,4.066666666666666,ROUTE_MillsPeninsulaMedicalCenterSutter,0.24,17.938333333333333,ROUTE_AHMCSetonMedicalCenter,0.24,4.066666666666666
37.80222222219541,-122.2624999999552,172.33283650250883,HEMORRHAGIC,ROUTE_SutterEdenMedicalCenter,0.24,24.51833333333333,ROUTE_AltaBatesSummitMedicalCenterSummitCampus,0.24,7.260000000000001,ROUTE_SutterEdenMedicalCenter,0.24,24.51833333333333,ROUTE_AltaBatesSummitMedicalCenterSummitCampus,0.24,7.260000000000001
37.43861111108401,-121.88472222217712,245.11079482475026,HEMORRHAGIC,ROUTE_RegionalMedicalCenterOfSanJose,0.24,11.166666666666666,ROUTE_RegionalMedicalCenterOfSanJose,0.24,11.166666666666666,ROUTE_RegionalMedicalCenterOfSanJose,0.24,11.166666666666666,ROUTE_RegionalMedicalCenterOfSanJose,0.24,11.166666666666666
37.68249999997309,-121.78722222217704,156.3254873920232,LVO,ROUTE_SutterEdenMedicalCenter,0.2625529329655928,27.006666666666668,ROUTE_StanfordHealthCareTriValley,0.2662365582619391,15.610000000000001,ROUTE_SutterEdenMedicalCenter,0.2625529329655928,27.006666666666668,ROUTE_StanfordHealthCareTriValley,0.2662365582619391,15.610000000000001
37.6583333333064,-122.09999999995506,98.61216704249367,LVO,ROUTE_SutterEdenMedicalCenter,0.42485645939454064,11.768333333333334,ROUTE_StRoseHospital,0.24466880000000002,6.541666666666667,ROUTE_SutterEdenMedicalCenter,0.42485645939454064,11.768333333333334,ROUTE_KaiserFoundationHospitalSanLeandro,0.28444542431434033,10.075
37.782222222195394,-122.42055555551087,131.3045715554349,LVO,ROUTE_CPMCDaviesCampusSutter,0.4146048324347168,6.785,ROUTE_CPMCVanNessCampusSutter,0.2779127560313052,1.5883333333333334,ROUTE_CPMCDaviesCampusSutter,0.4146048324347168,6.785,ROUTE_CPMCVanNessCampusSutter,0.2779127560313052,1.5883333333333334
37.40444444441731,-122.05805555551059,66.80453718217493,LVO,ROUTE_ElCaminoHealthMountainView,0.4373221611118237,11.656666666666666,ROUTE_ElCaminoHealthMountainView,0.4373221611118237,11.656666666666666,ROUTE_ElCaminoHealthMountainView,0.4373221611118237,11.656666666666666,ROUTE_ElCaminoHealthMountainView,0.4373221611118237,11.656666666666666
37.828888888862096,-122.25527777773297,157.09176621681124,LVO,ROUTE_SutterEdenMedicalCenter,0.2638673295398596,22.278333333333332,ROUTE_KaiserFoundationHospitalOaklandRichmond,0.270187757599367,2.9650000000000003,ROUTE_SutterEdenMedicalCenter,0.2638673295398596,22.278333333333332,ROUTE_KaiserFoundationHospitalOaklandRichmond,0.270187757599367,2.9650000000000003
38.26888888886245,-122.03027777773279,151.72880397566132,MIMIC,ROUTE_JohnMuirMedicalCenterWalnutCreekCampus,0.9,43.82833333333333,ROUTE_NorthBayMedicalCenter,0.9,6.7,ROUTE_JohnMuirMedicalCenterWalnutCreekCampus,0.9,43.82833333333333,ROUTE_NorthBayMedicalCenter,0.9,6.7
37.554444444417435,-122.32666666662192,203.9821209572317,LVO,ROUTE_MillsPeninsulaMedicalCenterSutter,0.25407925263840453,14.315,ROUTE_SanMateoMedicalCenter,0.24466880000000002,8.19,ROUTE_MillsPeninsulaMedicalCenterSutter,0.25407925263840453,14.315,ROUTE_MillsPeninsulaMedicalCenterSutter,0.25407925263840453,14.315
37.686944444417534,-122.06194444439947,155.14303750381688,MIMIC,ROUTE_SutterEdenMedicalCenter,0.9,9.139999999999999,ROUTE_SutterEdenMedicalCenter,0.9,9.139999999999999,ROUTE_SutterEdenMedicalCenter,0.9,9.139999999999999,ROUTE_SutterEdenMedicalCenter,0.9,9.139999999999999
37.734444444417576,-122.44361111106645,195.7750819105433,HEMORRHAGIC,ROUTE_UCSFMedicalCenter,0.24,10.123333333333333,ROUTE_CPMCMissionBernalCampusSutter,0.24,6.876666666666667,ROUTE_UCSFMedicalCenter,0.24,10.123333333333333,ROUTE_CPMCMissionBernalCampusSutter,0.24,6.876666666666667
37.99861111108445,-122.08999999995505,241.40807851983885,LVO,ROUTE_ContraCostaRegionalMedicalCenter,0.24466880000000002,10.81,ROUTE_ContraCostaRegionalMedicalCenter,0.24466880000000002,10.81,ROUTE_JohnMuirMedicalCenterWalnutCreekCampus,0.24466880000000002,20.063333333333333,ROUTE_JohnMuirMedicalCenterConcordCampus,0.24466880000000002,12.521666666666667
37.839999999973216,-122.28416666662187,268.7865285177096,LVO,ROUTE_AltaBatesSummitMedicalCenterAltaBatesCampus,0.24466880000000002,8.185,ROUTE_AltaBatesSummitMedicalCenterAltaBatesCampus,0.24466880000000002,8.185,ROUTE_CPMCDaviesCampusSutter,0.24466880000000002,25.64,ROUTE_KaiserFoundationHospitalOaklandRichmond,0.24466880000000002,8.663333333333332
38.035833333306705,-121.886111111066,116.58019938248471,LVO,ROUTE_JohnMuirMedicalCenterWalnutCreekCampus,0.41104070467570597,26.878333333333334,ROUTE_SutterDeltaMedicalCenter,0.24466880000000002,15.161666666666667,ROUTE_JohnMuirMedicalCenterWalnutCreekCampus,0.41104070467570597,26.878333333333334,ROUTE_JohnMuirMedicalCenterConcordCampus,0.27679547765262086,17.118333333333332
37.91166666663994,-122.27972222217743,199.6568689115596,LVO,ROUTE_KaiserFoundationHospitalRichmondCampus,0.25491439548074235,15.203333333333335,ROUTE_KaiserFoundationHospitalRichmondCampus,0.25491439548074235,15.203333333333335,ROUTE_JohnMuirMedicalCenterWalnutCreekCampus,0.24466880000000002,34.45666666666667,ROUTE_KaiserFoundationHospitalRichmondCampus,0.25491439548074235,15.203333333333335
37.775833333306494,-122.43888888884422,218.85430632885004,LVO,ROUTE_CPMCDaviesCampusSutter,0.2536797638665404,3.225,ROUTE_CPMCDaviesCampusSutter,0.2536797638665404,3.225,ROUTE_CPMCDaviesCampusSutter,0.2536797638665404,3.225,ROUTE_CPMCDaviesCampusSutter,0.2536797638665404,3.225
37.589722222195235,-122.03666666662168,96.42822006822858,HEMORRHAGIC,ROUTE_SutterEdenMedicalCenter,0.24,20.551666666666666,ROUTE_StRoseHospital,0.24,11.389999999999999,ROUTE_SutterEdenMedicalCenter,0.24,20.551666666666666,ROUTE_WashingtonHospitalHealthcareSystem,0.24,16.633333333333333
37.65666666663974,-121.91249999995492,116.67626994353022,LVO,ROUTE_SutterEdenMedicalCenter,0.41350175413901696,21.391666666666666,ROUTE_StanfordHealthCareTriValley,0.2789711287071015,10.705,ROUTE_SutterEdenMedicalCenter,0.41350175413901696,21.391666666666666,ROUTE_StanfordHealthCareTriValley,0.2789711287071015,10.705
37.38888888886174,-122.01305555551055,198.84017194268412,HEMORRHAGIC,ROUTE_KaiserFoundationHospitalSantaClara,0.24,13.488333333333333,ROUTE_KaiserFoundationHospitalSantaClara,0.24,13.488333333333333,ROUTE_KaiserFoundationHospitalSantaClara,0.24,13.488333333333333,ROUTE_KaiserFoundationHospitalSantaClara,0.24,13.488333333333333
37.58527777775079,-122.01666666662166,213.5587481856122,LVO,ROUTE_StRoseHospital,0.24466880000000002,13.733333333333333,ROUTE_StRoseHospital,0.24466880000000002,13.733333333333333,ROUTE_SutterEdenMedicalCenter,0.24466880000000002,22.895,ROUTE_WashingtonHospitalHealthcareSystem,0.24466880000000002,14.191666666666666
37.43527777775067,-122.20666666662181,252.17253239902908,HEMORRHAGIC,ROUTE_StanfordHealthCare,0.24,11.236666666666668,ROUTE_StanfordHealthCare,0.24,11.236666666666668,ROUTE_StanfordHealthCare,0.24,11.236666666666668,ROUTE_StanfordHealthCare,0.24,11.236666666666668
37.471666666639585,-122.22583333328849,124.08132235475986,LVO,ROUTE_KaiserFoundationHospitalRedwoodCity,0.41693823067550895,7.706666666666666,ROUTE_KaiserFoundationHospitalRedwoodCity,0.41693823067550895,7.706666666666666,ROUTE_KaiserFoundationHospitalRedwoodCity,0.41693823067550895,7.706666666666666,ROUTE_KaiserFoundationHospitalRedwoodCity,0.41693823067550895,7.706666666666666
37.51027777775073,-122.28083333328854,89.47319641540766,LVO,ROUTE_KaiserFoundationHospitalRedwoodCity,0.4258469307542442,17.251666666666665,ROUTE_SanMateoMedicalCenter,0.24466880000000002,12.256666666666666,ROUTE_KaiserFoundationHospitalRedwoodCity,0.4258469307542442,17.251666666666665,ROUTE_SequoiaHospital,0.2861280456937906,12.94
37.92805555552884,-122.35277777773304,229.41636269722164,MIMIC,ROUTE_KaiserFoundationHospitalRichmondCampus,0.9,4.5233333333333325,ROUTE_KaiserFoundationHospitalRichmondCampus,0.9,4.5233333333333325,ROUTE_CPMCDaviesCampusSutter,0.9,33.485,ROUTE_KaiserFoundationHospitalRichmondCampus,0.9,4.5233333333333325
38.23777777775131,-122.5894444443999,154.37057630422976,LVO,ROUTE_PetalumaValleyHospitalProvidence,0.268859289474114,9.245000000000001,ROUTE_PetalumaValleyHospitalProvidence,0.268859289474114,9.245000000000001,ROUTE_UCSFMedicalCenter,0.24466880000000002,62.39333333333333,ROUTE_PetalumaValleyHospitalProvidence,0.268859289474114,9.245000000000001
38.01527777775113,-121.94583333328828,52.30956119449043,LVO,ROUTE_JohnMuirMedicalCenterWalnutCreekCampus,0.43850855168498715,21.226666666666667,ROUTE_JohnMuirMedicalCenterConcordCampus,0.42752306004419527,11.466666666666667,ROUTE_JohnMuirMedicalCenterWalnutCreekCampus,0.43850855168498715,21.226666666666667,ROUTE_JohnMuirMedicalCenterConcordCampus,0.42752306004419527,11.466666666666667
38.112222222195655,-122.58111111106656,193.82177115476304,HEMORRHAGIC,ROUTE_NovatoCommunityHospitalSutter,0.24,10.656666666666666,ROUTE_NovatoCommunityHospitalSutter,0.24,10.656666666666666,ROUTE_UCSFMedicalCenter,0.24,51.905,ROUTE_NovatoCommunityHospitalSutter,0.24,10.656666666666666
37.776666666639834,-122.28027777773299,175.749918743127,LVO,ROUTE_SutterEdenMedicalCenter,0.2576276999352152,26.383333333333333,ROUTE_AlamedaHospital,0.26344374994740993,8.045,ROUTE_SutterEdenMedicalCenter,0.2576276999352152,26.383333333333333,ROUTE_AlamedaHospital,0.26344374994740993,8.045
37.59916666663969,-122.40333333328864,55.97027845547143,NLVO,ROUTE_MillsPeninsulaMedicalCenterSutter,0.5794244637898136,6.335,ROUTE_MillsPeninsulaMedicalCenterSutter,0.5794244637898136,6.335,ROUTE_MillsPeninsulaMedicalCenterSutter,0.5794244637898136,6.335,ROUTE_MillsPeninsulaMedicalCenterSutter,0.5794244637898136,6.335
37.766944444417604,-122.22861111106627,139.48245717930627,MIMIC,ROUTE_SutterEdenMedicalCenter,0.9,18.345000000000002,ROUTE_AlamedaHospital,0.9,7.251666666666667,ROUTE_SutterEdenMedicalCenter,0.9,18.345000000000002,ROUTE_AlamedaHospital,0.9,7.251666666666667
37.97111111108443,-122.03972222217723,268.7381453202083,LVO,ROUTE_JohnMuirMedicalCenterConcordCampus,0.24466880000000002,5.010000000000001,ROUTE_JohnMuirMedicalCenterConcordCampus,0.24466880000000002,5.010000000000001,ROUTE_JohnMuirMedicalCenterWalnutCreekCampus,0.24466880000000002,13.596666666666666,ROUTE_JohnMuirMedicalCenterConcordCampus,0.24466880000000002,5.010000000000001
37.70138888886199,-122.45388888884423,236.45802873982632,HEMORRHAGIC,ROUTE_CPMCMissionBernalCampusSutter,0.24,8.711666666666668,ROUTE_CPMCMissionBernalCampusSutter,0.24,8.711666666666668,ROUTE_CPMCDaviesCampusSutter,0.24,14.983333333333333,ROUTE_CPMCMissionBernalCampusSutter,0.24,8.711666666666668
37.686944444417534,-122.13972222217731,31.495685860643867,LVO,ROUTE_SutterEdenMedicalCenter,0.45259972673653426,9.068333333333333,ROUTE_KaiserFoundationHospitalSanLeandro,0.43775743001311196,7.883333333333334,ROUTE_SutterEdenMedicalCenter,0.45259972673653426,9.068333333333333,ROUTE_KaiserFoundationHospitalSanLeandro,0.43775743001311196,7.883333333333334
37.787777777750954,-122.20583333328848,241.24873955516023,LVO,ROUTE_HighlandHospitalWilmaChanCampus,0.24466880000000002,5.845,ROUTE_HighlandHospitalWilmaChanCampus,0.24466880000000002,5.845,ROUTE_SutterEdenMedicalCenter,0.24466880000000002,17.85,ROUTE_HighlandHospitalWilmaChanCampus,0.24466880000000002,5.845
37.503055555528505,-121.92833333328826,209.12831534793892,LVO,ROUTE_KaiserFoundationHospitalFremont,0.24466880000000002,17.783333333333335,ROUTE_KaiserFoundationHospitalFremont,0.24466880000000002,17.783333333333335,ROUTE_RegionalMedicalCenterOfSanJose,0.24466880000000002,19.081666666666667,ROUTE_KaiserFoundationHospitalFremont,0.24466880000000002,17.783333333333335
38.0169444444178,-122.52833333328874,84.31541081373395,LVO,ROUTE_UCSFMedicalCenter,0.41549150840055404,44.00333333333333,ROUTE_KaiserFoundationHospitalSanRafael,0.288168891133326,11.518333333333334,ROUTE_UCSFMedicalCenter,0.41549150840055404,44.00333333333333,ROUTE_KaiserFoundationHospitalSanRafael,0.288168891133326,11.518333333333334
37.37277777775062,-122.09611111106616,157.31825126284534,LVO,ROUTE_ElCaminoHealthMountainView,0.40501344158038427,6.263333333333334,ROUTE_ElCaminoHealthMountainView,0.40501344158038427,6.263333333333334,ROUTE_ElCaminoHealthMountainView,0.40501344158038427,6.263333333333334,ROUTE_ElCaminoHealthMountainView,0.40501344158038427,6.263333333333334
38.08777777775119,-122.22666666662182,258.23996706461185,LVO,ROUTE_SutterSolanoMedicalCenter,0.24466880000000002,9.418333333333333,ROUTE_SutterSolanoMedicalCenter,0.24466880000000002,9.418333333333333,ROUTE_JohnMuirMedicalCenterWalnutCreekCampus,0.24466880000000002,26.295,ROUTE_SutterSolanoMedicalCenter,0.24466880000000002,9.418333333333333
37.741944444417584,-122.49749999995538,164.94176056744422,LVO,ROUTE_UCSFMedicalCenter,0.40023772008140357,10.571666666666665,ROUTE_UCSFMedicalCenter,0.40023772008140357,10.571666666666665,ROUTE_UCSFMedicalCenter,0.40023772008140357,10.571666666666665,ROUTE_UCSFMedicalCenter,0.40023772008140357,10.571666666666665
38.02166666664003,-121.93333333328826,122.05182336110693,HEMORRHAGIC,ROUTE_JohnMuirMedicalCenterWalnutCreekCampus,0.24,24.6,ROUTE_JohnMuirMedicalCenterConcordCampus,0.24,14.84,ROUTE_JohnMuirMedicalCenterWalnutCreekCampus,0.24,24.6,ROUTE_JohnMuirMedicalCenterConcordCampus,0.24,14.84
37.43055555552844,-122.1172222221773,239.59911896104524,HEMORRHAGIC,ROUTE_StanfordHealthCare,0.24,14.926666666666668,ROUTE_StanfordHealthCare,0.24,14.926666666666668,ROUTE_StanfordHealthCare,0.24,14.926666666666668,ROUTE_StanfordHealthCare,0.24,14.926666666666668
37.78388888886206,-122.43277777773311,56.8222771146194,LVO,ROUTE_CPMCDaviesCampusSutter,0.44394311623379407,6.0233333333333325,ROUTE_CPMCVanNessCampusSutter,0.4307309520003826,3.006666666666667,ROUTE_CPMCDaviesCampusSutter,0.44394311623379407,6.0233333333333325,ROUTE_CPMCVanNessCampusSutter,0.4307309520003826,3.006666666666667
37.39555555552842,-122.11999999995508,126.15490029573772,LVO,ROUTE_ElCaminoHealthMountainView,0.41274941378708296,15.143333333333334,ROUTE_ElCaminoHealthMountainView,0.41274941378708296,15.143333333333334,ROUTE_ElCaminoHealthMountainView,0.41274941378708296,15.143333333333334,ROUTE_ElCaminoHealthMountainView,0.41274941378708296,15.143333333333334
37.58249999997301,-122.04055555551057,216.0543814177214,HEMORRHAGIC,ROUTE_StRoseHospital,0.24,10.883333333333333,ROUTE_StRoseHospital,0.24,10.883333333333333,ROUTE_SutterEdenMedicalCenter,0.24,20.045,ROUTE_WashingtonHospitalHealthcareSystem,0.24,15.056666666666667
37.39722222219508,-122.00916666662165,61.21426396385825,LVO,ROUTE_KaiserFoundationHospitalSantaClara,0.43710025376983874,16.785,ROUTE_KaiserFoundationHospitalSantaClara,0.43710025376983874,16.785,ROUTE_KaiserFoundationHospitalSantaClara,0.43710025376983874,16.785,ROUTE_KaiserFoundationHospitalSantaClara,0.43710025376983874,16.785
37.76888888886205,-122.4455555555109,216.4818008435471,LVO,ROUTE_UCSFMedicalCenter,0.2542681137637483,3.283333333333333,ROUTE_UCSFMedicalCenter,0.2542681137637483,3.283333333333333,ROUTE_UCSFMedicalCenter,0.2542681137637483,3.283333333333333,ROUTE_UCSFMedicalCenter,0.2542681137637483,3.283333333333333
37.92305555552884,-121.74388888884367,64.63817550564269,HEMORRHAGIC,ROUTE_JohnMuirMedicalCenterWalnutCreekCampus,0.24,38.205000000000005,ROUTE_KaiserFoundationHospitalAntioch,0.24,10.75,ROUTE_JohnMuirMedicalCenterWalnutCreekCampus,0.24,38.205000000000005,ROUTE_KaiserFoundationHospitalAntioch,0.24,10.75
37.994166666640005,-122.04972222217725,224.0416690707405,LVO,ROUTE_JohnMuirMedicalCenterConcordCampus,0.24466880000000002,4.286666666666666,ROUTE_JohnMuirMedicalCenterConcordCampus,0.24466880000000002,4.286666666666666,ROUTE_JohnMuirMedicalCenterWalnutCreekCampus,0.24466880000000002,14.886666666666667,ROUTE_JohnMuirMedicalCenterConcordCampus,0.24466880000000002,4.286666666666666
38.00416666664001,-121.8999999999549,265.1526010236251,MIMIC,ROUTE_SutterDeltaMedicalCenter,0.9,13.043333333333333,ROUTE_SutterDeltaMedicalCenter,0.9,13.043333333333333,ROUTE_JohnMuirMedicalCenterWalnutCreekCampus,0.9,22.785,ROUTE_JohnMuirMedicalCenterConcordCampus,0.9,15.518333333333334
38.17416666664015,-122.26888888884409,174.36791636467717,NLVO,ROUTE_KaiserFoundationHospitalVallejo,0.5165169682586814,9.08,ROUTE_KaiserFoundationHospitalVallejo,0.5165169682586814,9.08,ROUTE_JohnMuirMedicalCenterWalnutCreekCampus,0.49867627094304157,37.413333333333334,ROUTE_KaiserFoundationHospitalVallejo,0.5165169682586814,9.08
38.314999999973594,-122.31611111106635,196.03176833043213,LVO,ROUTE_ProvidenceQueenOfTheValleyMedicalCenter,0.25874989211619664,5.901666666666667,ROUTE_ProvidenceQueenOfTheValleyMedicalCenter,0.25874989211619664,5.901666666666667,ROUTE_JohnMuirMedicalCenterWalnutCreekCampus,0.24466880000000002,51.111666666666665,ROUTE_ProvidenceQueenOfTheValleyMedicalCenter,0.25874989211619664,5.901666666666667
37.64694444441751,-122.06694444439948,60.19972866620201,NLVO,ROUTE_SutterEdenMedicalCenter,0.5705678503624452,17.233333333333334,ROUTE_StRoseHospital,0.5042271421550144,11.74,ROUTE_SutterEdenMedicalCenter,0.5705678503624452,17.233333333333334,ROUTE_SutterEdenMedicalCenter,0.5705678503624452,17.233333333333334
37.554999999972985,-122.02361111106612,263.7681968558591,HEMORRHAGIC,ROUTE_WashingtonHospitalHealthcareSystem,0.24,12.033333333333333,ROUTE_WashingtonHospitalHealthcareSystem,0.24,12.033333333333333,ROUTE_SutterEdenMedicalCenter,0.24,22.423333333333336,ROUTE_WashingtonHospitalHealthcareSystem,0.24,12.033333333333333
37.56083333330633,-122.26277777773296,133.7505749473412,LVO,ROUTE_MillsPeninsulaMedicalCenterSutter,0.4090879523589087,16.875,ROUTE_SanMateoMedicalCenter,0.24466880000000002,13.876666666666667,ROUTE_MillsPeninsulaMedicalCenterSutter,0.4090879523589087,16.875,ROUTE_MillsPeninsulaMedicalCenterSutter,0.4090879523589087,16.875
37.702222222195324,-122.4530555555109,55.424912670932535,HEMORRHAGIC,ROUTE_CPMCDaviesCampusSutter,0.24,15.091666666666667,ROUTE_CPMCMissionBernalCampusSutter,0.24,8.821666666666665,ROUTE_CPMCDaviesCampusSutter,0.24,15.091666666666667,ROUTE_CPMCMissionBernalCampusSutter,0.24,8.821666666666665
38.24361111108465,-122.03805555551057,50.27360609419045,HEMORRHAGIC,ROUTE_JohnMuirMedicalCenterWalnutCreekCampus,0.24,41.85,ROUTE_NorthBayMedicalCenter,0.24,10.331666666666667,ROUTE_JohnMuirMedicalCenterWalnutCreekCampus,0.24,41.85,ROUTE_NorthBayMedicalCenter,0.24,10.331666666666667
38.45361111108482,-121.84305555551042,155.23503197144797,LVO,ROUTE_KaiserFoundationHospitalVacaville,0.26742966415090647,12.870000000000001,ROUTE_KaiserFoundationHospitalVacaville,0.26742966415090647,12.870000000000001,ROUTE_JohnMuirMedicalCenterWalnutCreekCampus,0.24466880000000002,59.8,ROUTE_KaiserFoundationHospitalVacaville,0.26742966415090647,12.870000000000001
37.995555555528895,-121.82916666662152,58.32062906243641,MIMIC,ROUTE_JohnMuirMedicalCenterWalnutCreekCampus,0.9,30.39,ROUTE_SutterDeltaMedicalCenter,0.9,7.625,ROUTE_JohnMuirMedicalCenterWalnutCreekCampus,0.9,30.39,ROUTE_KaiserFoundationHospitalAntioch,0.9,13.725
37.792499999973174,-122.25583333328852,130.183485992443,HEMORRHAGIC,ROUTE_SutterEdenMedicalCenter,0.24,21.351666666666667,ROUTE_HighlandHospitalWilmaChanCampus,0.24,4.37,ROUTE_SutterEdenMedicalCenter,0.24,21.351666666666667,ROUTE_HighlandHospitalWilmaChanCampus,0.24,4.37
37.74861111108425,-122.15527777773289,193.18170750967528,MIMIC,ROUTE_SutterEdenMedicalCenter,0.9,12.388333333333332,ROUTE_SanLeandroHospitalAlamedaHealthSystem,0.9,10.205,ROUTE_SutterEdenMedicalCenter,0.9,12.388333333333332,ROUTE_HighlandHospitalWilmaChanCampus,0.9,11.008333333333333
37.71638888886201,-121.7283333332881,201.14164192008198,HEMORRHAGIC,ROUTE_StanfordHealthCareTriValley,0.24,15.563333333333333,ROUTE_StanfordHealthCareTriValley,0.24,15.563333333333333,ROUTE_SutterEdenMedicalCenter,0.24,26.961666666666666,ROUTE_StanfordHealthCareTriValley,0.24,15.563333333333333
37.698888888861994,-122.46888888884425,150.541032198367,LVO,ROUTE_CPMCDaviesCampusSutter,0.4037790404691656,14.658333333333333,ROUTE_AHMCSetonMedicalCenter,0.27065339555600143,7.0233333333333325,ROUTE_CPMCDaviesCampusSutter,0.4037790404691656,14.658333333333333,ROUTE_AHMCSetonMedicalCenter,0.27065339555600143,7.0233333333333325
37.91333333330661,-122.50944444439983,180.7505651855572,HEMORRHAGIC,ROUTE_MarinHealthMedicalCenter,0.24,11.203333333333335,ROUTE_MarinHealthMedicalCenter,0.24,11.203333333333335,ROUTE_UCSFMedicalCenter,0.24,33.50333333333334,ROUTE_MarinHealthMedicalCenter,0.24,11.203333333333335
37.787222222195396,-122.23305555551073,245.71736863698004,LVO,ROUTE_HighlandHospitalWilmaChanCampus,0.24466880000000002,2.6983333333333333,ROUTE_HighlandHospitalWilmaChanCampus,0.24466880000000002,2.6983333333333333,ROUTE_SutterEdenMedicalCenter,0.24466880000000002,20.06,ROUTE_HighlandHospitalWilmaChanCampus,0.24466880000000002,2.6983333333333333
38.00583333330668,-122.03083333328834,208.40988960030504,LVO,ROUTE_JohnMuirMedicalCenterConcordCampus,0.25489256297330176,7.98,ROUTE_JohnMuirMedicalCenterConcordCampus,0.25489256297330176,7.98,ROUTE_JohnMuirMedicalCenterWalnutCreekCampus,0.24466880000000002,17.986666666666668,ROUTE_JohnMuirMedicalCenterConcordCampus,0.25489256297330176,7.98
38.273611111084676,-122.64944444439995,96.10944486841176,LVO,ROUTE_UCSFMedicalCenter,0.40132738079764396,65.49166666666666,ROUTE_PetalumaValleyHospitalProvidence,0.2867233226117696,5.736666666666666,ROUTE_UCSFMedicalCenter,0.40132738079764396,65.49166666666666,ROUTE_PetalumaValleyHospitalProvidence,0.2867233226117696,5.736666666666666
37.534999999972975,-122.27083333328854,186.19076282128648,HEMORRHAGIC,ROUTE_MillsPeninsulaMedicalCenterSutter,0.24,19.466666666666665,ROUTE_SanMateoMedicalCenter,0.24,14.501666666666667,ROUTE_MillsPeninsulaMedicalCenterSutter,0.24,19.466666666666665,ROUTE_MillsPeninsulaMedicalCenterSutter,0.24,19.466666666666665
37.65972222219529,-121.76472222217701,254.72039029695475,LVO,ROUTE_StanfordHealthCareTriValley,0.24466880000000002,20.128333333333334,ROUTE_StanfordHealthCareTriValley,0.24466880000000002,20.128333333333334,ROUTE_SutterEdenMedicalCenter,0.24466880000000002,31.526666666666664,ROUTE_StanfordHealthCareTriValley,0.24466880000000002,20.128333333333334
37.909444444417716,-121.9933333332883,52.44198227798598,LVO,ROUTE_JohnMuirMedicalCenterWalnutCreekCampus,0.4439916944680693,9.571666666666665,ROUTE_JohnMuirMedicalCenterWalnutCreekCampus,0.4439916944680693,9.571666666666665,ROUTE_JohnMuirMedicalCenterWalnutCreekCampus,0.4439916944680693,9.571666666666665,ROUTE_JohnMuirMedicalCenterWalnutCreekCampus,0.4439916944680693,9.571666666666665
37.94861111108441,-122.35611111106638,196.2590033659099,HEMORRHAGIC,ROUTE_KaiserFoundationHospitalRichmondCampus,0.24,3.4516666666666667,ROUTE_KaiserFoundationHospitalRichmondCampus,0.24,3.4516666666666667,ROUTE_CPMCDaviesCampusSutter,0.24,35.845,ROUTE_KaiserFoundationHospitalRichmondCampus,0.24,3.4516666666666667
37.98944444441778,-122.12555555551064,37.37800970953688,LVO,ROUTE_JohnMuirMedicalCenterWalnutCreekCampus,0.4444565898979727,21.15,ROUTE_ContraCostaRegionalMedicalCenter,0.40261518778237204,7.473333333333333,ROUTE_JohnMuirMedicalCenterWalnutCreekCampus,0.4444565898979727,21.15,ROUTE_JohnMuirMedicalCenterConcordCampus,0.432445722156935,13.608333333333333
37.86749999997324,-122.25916666662185,229.15084593212865,HEMORRHAGIC,ROUTE_AltaBatesSummitMedicalCenterAltaBatesCampus,0.24,4.751666666666667,ROUTE_AltaBatesSummitMedicalCenterAltaBatesCampus,0.24,4.751666666666667,ROUTE_SutterEdenMedicalCenter,0.24,26.925,ROUTE_AltaBatesSummitMedicalCenterSummitCampus,0.24,13.911666666666667
37.919166666639946,-122.06083333328837,61.021043660185306,HEMORRHAGIC,ROUTE_JohnMuirMedicalCenterWalnutCreekCampus,0.24,7.873333333333333,ROUTE_JohnMuirMedicalCenterWalnutCreekCampus,0.24,7.873333333333333,ROUTE_JohnMuirMedicalCenterWalnutCreekCampus,0.24,7.873333333333333,ROUTE_JohnMuirMedicalCenterWalnutCreekCampus,0.24,7.873333333333333
37.721666666639784,-122.43555555551089,231.10778125623077,LVO,ROUTE_CPMCMissionBernalCampusSutter,0.24466880000000002,7.278333333333333,ROUTE_CPMCMissionBernalCampusSutter,0.24466880000000002,7.278333333333333,ROUTE_CPMCDaviesCampusSutter,0.24466880000000002,13.548333333333334,ROUTE_CPMCMissionBernalCampusSutter,0.24466880000000002,7.278333333333333
37.92722222219551,-122.03083333328834,216.23743251727586,LVO,ROUTE_JohnMuirMedicalCenterWalnutCreekCampus,0.2537897228244294,5.046666666666667,ROUTE_JohnMuirMedicalCenterWalnutCreekCampus,0.2537897228244294,5.046666666666667,ROUTE_JohnMuirMedicalCenterWalnutCreekCampus,0.2537897228244294,5.046666666666667,ROUTE_JohnMuirMedicalCenterWalnutCreekCampus,0.2537897228244294,5.046666666666667
38.25749999997355,-122.02333333328833,173.20174041639336,LVO,ROUTE_NorthBayMedicalCenter,0.26439730643533793,7.211666666666667,ROUTE_NorthBayMedicalCenter,0.26439730643533793,7.211666666666667,ROUTE_JohnMuirMedicalCenterWalnutCreekCampus,0.24466880000000002,44.858333333333334,ROUTE_NorthBayMedicalCenter,0.26439730643533793,7.211666666666667
38.02805555552892,-121.92722222217715,103.47499090781116,LVO,ROUTE_JohnMuirMedicalCenterWalnutCreekCampus,0.41693606447211506,24.883333333333333,ROUTE_JohnMuirMedicalCenterConcordCampus,0.28125380308317566,15.123333333333333,ROUTE_JohnMuirMedicalCenterWalnutCreekCampus,0.41693606447211506,24.883333333333333,ROUTE_JohnMuirMedicalCenterConcordCampus,0.28125380308317566,15.123333333333333
37.78388888886206,-122.41444444439976,176.8212723778607,LVO,ROUTE_CPMCDaviesCampusSutter,0.26291317886487203,8.803333333333335,ROUTE_UCSFHealthHydeHospital,0.2650308586776186,2.2383333333333337,ROUTE_CPMCDaviesCampusSutter,0.26291317886487203,8.803333333333335,ROUTE_UCSFHealthHydeHospital,0.2650308586776186,2.2383333333333337
37.58666666663968,-122.3722222221775,60.30642445982937,HEMORRHAGIC,ROUTE_MillsPeninsulaMedicalCenterSutter,0.24,3.1866666666666665,ROUTE_MillsPeninsulaMedicalCenterSutter,0.24,3.1866666666666665,ROUTE_MillsPeninsulaMedicalCenterSutter,0.24,3.1866666666666665,ROUTE_MillsPeninsulaMedicalCenterSutter,0.24,3.1866666666666665
37.89361111108437,-122.06361111106615,44.71682083270272,HEMORRHAGIC,ROUTE_JohnMuirMedicalCenterWalnutCreekCampus,0.24,7.278333333333333,ROUTE_KaiserFoundationHospitalWalnutCreek,0.24,3.268333333333333,ROUTE_JohnMuirMedicalCenterWalnutCreekCampus,0.24,7.278333333333333,ROUTE_KaiserFoundationHospitalWalnutCreek,0.24,3.268333333333333
37.96805555552887,-122.28194444439966,214.48967103146305,LVO,ROUTE_KaiserFoundationHospitalRichmondCampus,0.24466880000000002,18.561666666666667,ROUTE_KaiserFoundationHospitalRichmondCampus,0.24466880000000002,18.561666666666667,ROUTE_JohnMuirMedicalCenterWalnutCreekCampus,0.24466880000000002,33.013333333333335,ROUTE_KaiserFoundationHospitalRichmondCampus,0.24466880000000002,18.561666666666667
37.77777777775094,-122.40527777773309,247.57058393452482,HEMORRHAGIC,ROUTE_UCSFHealthHydeHospital,0.24,6.54,ROUTE_UCSFHealthHydeHospital,0.24,6.54,ROUTE_CPMCDaviesCampusSutter,0.24,8.383333333333333,ROUTE_UCSFHealthHydeHospital,0.24,6.54
38.09944444441787,-122.22916666662184,153.50457993687854,HEMORRHAGIC,ROUTE_JohnMuirMedicalCenterWalnutCreekCampus,0.24,27.34,ROUTE_SutterSolanoMedicalCenter,0.24,7.113333333333333,ROUTE_JohnMuirMedicalCenterWalnutCreekCampus,0.24,27.34,ROUTE_SutterSolanoMedicalCenter,0.24,7.113333333333333
37.85583333330656,-122.28527777773299,51.36546084553051,LVO,ROUTE_CPMCDaviesCampusSutter,0.43567247550222477,28.01833333333333,ROUTE_AltaBatesSummitMedicalCenterAltaBatesCampus,0.3977508797376621,6.528333333333333,ROUTE_CPMCDaviesCampusSutter,0.43567247550222477,28.01833333333333,ROUTE_KaiserFoundationHospitalOaklandRichmond,0.427161932279404,11.245000000000001
37.791944444417624,-122.23111111106628,203.0571835324745,LVO,ROUTE_HighlandHospitalWilmaChanCampus,0.2580513389395603,2.2733333333333334,ROUTE_HighlandHospitalWilmaChanCampus,0.2580513389395603,2.2733333333333334,ROUTE_SutterEdenMedicalCenter,0.24466880000000002,19.634999999999998,ROUTE_HighlandHospitalWilmaChanCampus,0.2580513389395603,2.2733333333333334
37.741111111084244,-122.17666666662178,195.16016555109977,LVO,ROUTE_KaiserFoundationHospitalSanLeandro,0.25773132644423535,9.876666666666667,ROUTE_KaiserFoundationHospitalSanLeandro,0.25773132644423535,9.876666666666667,ROUTE_SutterEdenMedicalCenter,0.25590276194100525,15.751666666666667,ROUTE_KaiserFoundationHospitalSanLeandro,0.25773132644423535,9.876666666666667
37.6949999999731,-122.17833333328846,36.99590937094409,HEMORRHAGIC,ROUTE_SutterEdenMedicalCenter,0.24,15.676666666666668,ROUTE_KaiserFoundationHospitalSanLeandro,0.24,5.265,ROUTE_SutterEdenMedicalCenter,0.24,15.676666666666668,ROUTE_KaiserFoundationHospitalSanLeandro,0.24,5.265
37.41027777775065,-122.12083333328842,254.65702410872512,MIMIC,ROUTE_StanfordHealthCare,0.9,16.135,ROUTE_StanfordHealthCare,0.9,16.135,ROUTE_StanfordHealthCare,0.9,16.135,ROUTE_StanfordHealthCare,0.9,16.135
37.92249999997328,-122.52111111106652,157.0199578639975,MIMIC,ROUTE_UCSFMedicalCenter,0.9,30.720000000000002,ROUTE_MarinHealthMedicalCenter,0.9,10.979999999999999,ROUTE_UCSFMedicalCenter,0.9,30.720000000000002,ROUTE_MarinHealthMedicalCenter,0.9,10.979999999999999
37.88111111108436,-122.46666666662202,166.0551546576336,LVO,ROUTE_UCSFMedicalCenter,0.2568465283113344,36.96666666666667,ROUTE_MarinHealthMedicalCenter,0.26211033598791544,20.28166666666667,ROUTE_UCSFMedicalCenter,0.2568465283113344,36.96666666666667,ROUTE_MarinHealthMedicalCenter,0.26211033598791544,20.28166666666667
37.78277777775095,-122.41333333328865,167.03902670476313,MIMIC,ROUTE_CPMCDaviesCampusSutter,0.9,8.103333333333333,ROUTE_UCSFHealthHydeHospital,0.9,2.69,ROUTE_CPMCDaviesCampusSutter,0.9,8.103333333333333,ROUTE_UCSFHealthHydeHospital,0.9,2.69
38.03222222219559,-122.27027777773297,90.96750296364254,LVO,ROUTE_JohnMuirMedicalCenterWalnutCreekCampus,0.41946296366586566,29.80666666666667,ROUTE_ContraCostaRegionalMedicalCenter,0.24466880000000002,16.76,ROUTE_JohnMuirMedicalCenterWalnutCreekCampus,0.41946296366586566,29.80666666666667,ROUTE_KaiserFoundationHospitalRichmondCampus,0.28416339274565305,17.245
37.45972222219513,-122.22583333328849,129.3680341930744,HEMORRHAGIC,ROUTE_KaiserFoundationHospitalRedwoodCity,0.24,10.233333333333333,ROUTE_SequoiaHospital,0.24,9.118333333333334,ROUTE_KaiserFoundationHospitalRedwoodCity,0.24,10.233333333333333,ROUTE_SequoiaHospital,0.24,9.118333333333334
37.43249999997289,-122.19222222217736,201.09368301841778,LVO,ROUTE_StanfordHealthCare,0.25674991365254396,8.078333333333333,ROUTE_StanfordHealthCare,0.25674991365254396,8.078333333333333,ROUTE_StanfordHealthCare,0.25674991365254396,8.078333333333333,ROUTE_StanfordHealthCare,0.25674991365254396,8.078333333333333
37.69027777775087,-121.7788888888437,240.52192925833359,LVO,ROUTE_StanfordHealthCareTriValley,0.24466880000000002,13.856666666666666,ROUTE_StanfordHealthCareTriValley,0.24466880000000002,13.856666666666666,ROUTE_SutterEdenMedicalCenter,0.24466880000000002,25.255,ROUTE_StanfordHealthCareTriValley,0.24466880000000002,13.856666666666666
37.700833333306434,-121.86749999995487,86.6808049619091,LVO,ROUTE_SutterEdenMedicalCenter,0.4263988807967385,18.391666666666666,ROUTE_StanfordHealthCareTriValley,0.28996111889057596,4.5616666666666665,ROUTE_SutterEdenMedicalCenter,0.4263988807967385,18.391666666666666,ROUTE_StanfordHealthCareTriValley,0.28996111889057596,4.5616666666666665
38.01527777775113,-121.92583333328825,143.56509347996825,LVO,ROUTE_JohnMuirMedicalCenterWalnutCreekCampus,0.40244598180900754,23.445,ROUTE_JohnMuirMedicalCenterConcordCampus,0.2703712298511233,13.685,ROUTE_JohnMuirMedicalCenterWalnutCreekCampus,0.40244598180900754,23.445,ROUTE_JohnMuirMedicalCenterConcordCampus,0.2703712298511233,13.685
37.54305555552853,-122.2586111110663,146.10109479491524,LVO,ROUTE_MillsPeninsulaMedicalCenterSutter,0.4031524705385378,19.755,ROUTE_SanMateoMedicalCenter,0.24466880000000002,14.79,ROUTE_MillsPeninsulaMedicalCenterSutter,0.4031524705385378,19.755,ROUTE_MillsPeninsulaMedicalCenterSutter,0.4031524705385378,19.755
37.759166666639814,-122.22749999995517,200.32159535039014,LVO,ROUTE_AlamedaHospital,0.2576038232749366,5.983333333333333,ROUTE_AlamedaHospital,0.2576038232749366,5.983333333333333,ROUTE_SutterEdenMedicalCenter,0.253827465759777,18.186666666666667,ROUTE_AlamedaHospital,0.2576038232749366,5.983333333333333
38.03222222219559,-121.95805555551051,207.18936393405576,MIMIC,ROUTE_JohnMuirMedicalCenterConcordCampus,0.9,11.078333333333335,ROUTE_JohnMuirMedicalCenterConcordCampus,0.9,11.078333333333335,ROUTE_JohnMuirMedicalCenterWalnutCreekCampus,0.9,20.83833333333333,ROUTE_JohnMuirMedicalCenterConcordCampus,0.9,11.078333333333335
37.529999999972965,-122.25416666662186,36.56212743259744,NLVO,ROUTE_KaiserFoundationHospitalRedwoodCity,0.5847187926721379,13.863333333333333,ROUTE_SanMateoMedicalCenter,0.5145884776424136,13.1,ROUTE_KaiserFoundationHospitalRedwoodCity,0.5847187926721379,13.863333333333333,ROUTE_KaiserFoundationHospitalRedwoodCity,0.5847187926721379,13.863333333333333
37.97944444441777,-121.76611111106591,137.23406715330987,LVO,ROUTE_JohnMuirMedicalCenterWalnutCreekCampus,0.39937800043538607,35.59,ROUTE_SutterDeltaMedicalCenter,0.24466880000000002,8.921666666666665,ROUTE_JohnMuirMedicalCenterWalnutCreekCampus,0.39937800043538607,35.59,ROUTE_KaiserFoundationHospitalAntioch,0.2736911540403824,9.046666666666665
37.96583333330665,-122.32999999995525,112.67222873716433,MIMIC,ROUTE_JohnMuirMedicalCenterWalnutCreekCampus,0.9,33.233333333333334,ROUTE_KaiserFoundationHospitalRichmondCampus,0.9,11.168333333333333,ROUTE_JohnMuirMedicalCenterWalnutCreekCampus,0.9,33.233333333333334,ROUTE_KaiserFoundationHospitalRichmondCampus,0.9,11.168333333333333
37.69722222219532,-122.4847222221776,197.21233038786585,LVO,ROUTE_AHMCSetonMedicalCenter,0.2580875866404761,7.028333333333333,ROUTE_AHMCSetonMedicalCenter,0.2580875866404761,7.028333333333333,ROUTE_CPMCDaviesCampusSutter,0.2548965582433892,17.298333333333336,ROUTE_AHMCSetonMedicalCenter,0.2580875866404761,7.028333333333333
38.02166666664003,-121.94777777773272,128.36891645753997,HEMORRHAGIC,ROUTE_JohnMuirMedicalCenterWalnutCreekCampus,0.24,22.36,ROUTE_JohnMuirMedicalCenterConcordCampus,0.24,12.6,ROUTE_JohnMuirMedicalCenterWalnutCreekCampus,0.24,22.36,ROUTE_JohnMuirMedicalCenterConcordCampus,0.24,12.6
37.84083333330655,-122.2422222221774,51.82063810259335,LVO,ROUTE_SutterEdenMedicalCenter,0.4387037456001483,21.221666666666668,ROUTE_KaiserFoundationHospitalOaklandRichmond,0.42886717411963426,7.291666666666667,ROUTE_SutterEdenMedicalCenter,0.4387037456001483,21.221666666666668,ROUTE_KaiserFoundationHospitalOaklandRichmond,0.42886717411963426,7.291666666666667
37.725277777750904,-122.46777777773313,32.43520237765588,LVO,ROUTE_UCSFMedicalCenter,0.45112412104914806,11.35,ROUTE_AHMCSetonMedicalCenter,0.4361814485890782,9.633333333333333,ROUTE_UCSFMedicalCenter,0.45112412104914806,11.35,ROUTE_AHMCSetonMedicalCenter,0.4361814485890782,9.633333333333333
37.6344444444175,-122.06638888884393,182.85331856021955,LVO,ROUTE_SutterEdenMedicalCenter,0.2587091488342011,17.013333333333332,ROUTE_StRoseHospital,0.24466880000000002,6.265,ROUTE_SutterEdenMedicalCenter,0.2587091488342011,17.013333333333332,ROUTE_KaiserFoundationHospitalSanLeandro,0.25924205494403035,15.32
37.94166666663996,-122.33888888884414,162.01539591632445,NLVO,ROUTE_CPMCDaviesCampusSutter,0.5079188151590348,33.05166666666666,ROUTE_KaiserFoundationHospitalRichmondCampus,0.5248853761037081,6.02,ROUTE_CPMCDaviesCampusSutter,0.5079188151590348,33.05166666666666,ROUTE_KaiserFoundationHospitalRichmondCampus,0.5248853761037081,6.02
37.50611111108406,-121.92111111106603,93.6843154294044,LVO,ROUTE_RegionalMedicalCenterOfSanJose,0.4240670700107462,17.576666666666664,ROUTE_KaiserFoundationHospitalFremont,0.283706980214331,16.276666666666667,ROUTE_RegionalMedicalCenterOfSanJose,0.4240670700107462,17.576666666666664,ROUTE_KaiserFoundationHospitalFremont,0.283706980214331,16.276666666666667
37.963611111084425,-122.0338888888439,142.97059235728608,HEMORRHAGIC,ROUTE_JohnMuirMedicalCenterWalnutCreekCampus,0.24,11.016666666666667,ROUTE_JohnMuirMedicalCenterConcordCampus,0.24,5.92,ROUTE_JohnMuirMedicalCenterWalnutCreekCampus,0.24,11.016666666666667,ROUTE_JohnMuirMedicalCenterConcordCampus,0.24,5.92
37.725833333306454,-122.4088888888442,196.7760469365465,LVO,ROUTE_CPMCMissionBernalCampusSutter,0.2574459500997737,9.443333333333333,ROUTE_CPMCMissionBernalCampusSutter,0.2574459500997737,9.443333333333333,ROUTE_CPMCDaviesCampusSutter,0.25582072077134904,14.67,ROUTE_CPMCMissionBernalCampusSutter,0.2574459500997737,9.443333333333333
37.753888888862036,-122.43583333328867,145.19943625136415,MIMIC,ROUTE_CPMCDaviesCampusSutter,0.9,4.616666666666666,ROUTE_CPMCMissionBernalCampusSutter,0.9,4.178333333333333,ROUTE_CPMCDaviesCampusSutter,0.9,4.616666666666666,ROUTE_CPMCMissionBernalCampusSutter,0.9,4.178333333333333
37.515555555528515,-121.96527777773274,209.57175574737795,LVO,ROUTE_KaiserFoundationHospitalFremont,0.253872878428065,10.33,ROUTE_KaiserFoundationHospitalFremont,0.253872878428065,10.33,ROUTE_RegionalMedicalCenterOfSanJose,0.24466880000000002,20.878333333333334,ROUTE_KaiserFoundationHospitalFremont,0.253872878428065,10.33
37.70249999997311,-122.47305555551091,205.32102475704954,HEMORRHAGIC,ROUTE_AHMCSetonMedicalCenter,0.24,6.421666666666667,ROUTE_AHMCSetonMedicalCenter,0.24,6.421666666666667,ROUTE_CPMCDaviesCampusSutter,0.24,15.451666666666666,ROUTE_AHMCSetonMedicalCenter,0.24,6.421666666666667
37.775277777750944,-122.39472222217752,69.55387860588854,HEMORRHAGIC,ROUTE_CPMCDaviesCampusSutter,0.24,11.726666666666667,ROUTE_ChineseHospital,0.24,8.236666666666666,ROUTE_CPMCDaviesCampusSutter,0.24,11.726666666666667,ROUTE_ChineseHospital,0.24,8.236666666666666
38.27999999997357,-122.2611111110663,189.51997354125848,LVO,ROUTE_ProvidenceQueenOfTheValleyMedicalCenter,0.25882320000269116,11.095,ROUTE_ProvidenceQueenOfTheValleyMedicalCenter,0.25882320000269116,11.095,ROUTE_JohnMuirMedicalCenterWalnutCreekCampus,0.24466880000000002,49.2,ROUTE_ProvidenceQueenOfTheValleyMedicalCenter,0.25882320000269116,11.095
37.48611111108404,-122.22111111106626,139.68219093839252,LVO,ROUTE_KaiserFoundationHospitalRedwoodCity,0.4135245892327095,2.17,ROUTE_KaiserFoundationHospitalRedwoodCity,0.4135245892327095,2.17,ROUTE_KaiserFoundationHospitalRedwoodCity,0.4135245892327095,2.17,ROUTE_KaiserFoundationHospitalRedwoodCity,0.4135245892327095,2.17
37.774722222195386,-122.26416666662186,51.62144291554504,HEMORRHAGIC,ROUTE_SutterEdenMedicalCenter,0.24,22.331666666666667,ROUTE_AlamedaHospital,0.24,4.24,ROUTE_SutterEdenMedicalCenter,0.24,22.331666666666667,ROUTE_AlamedaHospital,0.24,4.24
38.03249999997337,-121.97805555551052,89.678876469317,LVO,ROUTE_JohnMuirMedicalCenterWalnutCreekCampus,0.4224624541219677,24.38,ROUTE_JohnMuirMedicalCenterConcordCampus,0.28547156884769376,14.618333333333334,ROUTE_JohnMuirMedicalCenterWalnutCreekCampus,0.4224624541219677,24.38,ROUTE_JohnMuirMedicalCenterConcordCampus,0.28547156884769376,14.618333333333334
37.730277777750906,-122.45083333328867,78.30486699120151,MIMIC,ROUTE_UCSFMedicalCenter,0.9,10.721666666666666,ROUTE_CPMCMissionBernalCampusSutter,0.9,6.868333333333334,ROUTE_UCSFMedicalCenter,0.9,10.721666666666666,ROUTE_CPMCMissionBernalCampusSutter,0.9,6.868333333333334
37.9588888888622,-121.79749999995482,63.54620303424149,LVO,ROUTE_JohnMuirMedicalCenterWalnutCreekCampus,0.4271562387316533,36.04333333333333,ROUTE_SutterDeltaMedicalCenter,0.2597021879472259,5.85,ROUTE_JohnMuirMedicalCenterWalnutCreekCampus,0.4271562387316533,36.04333333333333,ROUTE_KaiserFoundationHospitalAntioch,0.2961854301002434,6.788333333333333
37.796944444417626,-122.18083333328846,51.64478944154463,LVO,ROUTE_SutterEdenMedicalCenter,0.44160853104170794,15.243333333333334,ROUTE_HighlandHospitalWilmaChanCampus,0.42906097419962286,7.788333333333333,ROUTE_SutterEdenMedicalCenter,0.44160853104170794,15.243333333333334,ROUTE_HighlandHospitalWilmaChanCampus,0.42906097419962286,7.788333333333333
37.783611111084284,-121.94138888884383,220.75549116364567,HEMORRHAGIC,ROUTE_SanRamonRegionalMedicalCenter,0.24,6.745,ROUTE_SanRamonRegionalMedicalCenter,0.24,6.745,ROUTE_JohnMuirMedicalCenterWalnutCreekCampus,0.24,23.598333333333336,ROUTE_SanRamonRegionalMedicalCenter,0.24,6.745
37.66111111108418,-121.79194444439926,109.19633996433119,HEMORRHAGIC,ROUTE_SutterEdenMedicalCenter,0.24,28.883333333333333,ROUTE_StanfordHealthCareTriValley,0.24,17.485,ROUTE_SutterEdenMedicalCenter,0.24,28.883333333333333,ROUTE_StanfordHealthCareTriValley,0.24,17.485
37.78749999997317,-122.21111111106626,114.67599000728374,HEMORRHAGIC,ROUTE_SutterEdenMedicalCenter,0.24,17.736666666666668,ROUTE_HighlandHospitalWilmaChanCampus,0.24,5.221666666666667,ROUTE_SutterEdenMedicalCenter,0.24,17.736666666666668,ROUTE_HighlandHospitalWilmaChanCampus,0.24,5.221666666666667
37.92277777775106,-122.03222222217723,244.72767101604032,HEMORRHAGIC,ROUTE_JohnMuirMedicalCenterWalnutCreekCampus,0.24,3.0716666666666668,ROUTE_JohnMuirMedicalCenterWalnutCreekCampus,0.24,3.0716666666666668,ROUTE_JohnMuirMedicalCenterWalnutCreekCampus,0.24,3.0716666666666668,ROUTE_JohnMuirMedicalCenterWalnutCreekCampus,0.24,3.0716666666666668
37.94638888886219,-121.96472222217717,214.4590046135029,HEMORRHAGIC,ROUTE_JohnMuirMedicalCenterWalnutCreekCampus,0.24,10.826666666666666,ROUTE_JohnMuirMedicalCenterWalnutCreekCampus,0.24,10.826666666666666,ROUTE_JohnMuirMedicalCenterWalnutCreekCampus,0.24,10.826666666666666,ROUTE_JohnMuirMedicalCenterWalnutCreekCampus,0.24,10.826666666666666
38.26999999997356,-122.03861111106613,40.412289410623224,HEMORRHAGIC,ROUTE_JohnMuirMedicalCenterWalnutCreekCampus,0.24,43.05,ROUTE_NorthBayMedicalCenter,0.24,5.423333333333333,ROUTE_JohnMuirMedicalCenterWalnutCreekCampus,0.24,43.05,ROUTE_NorthBayMedicalCenter,0.24,5.423333333333333
38.11194444441788,-122.19777777773292,200.49845924204928,LVO,ROUTE_SutterSolanoMedicalCenter,0.2559703314560886,11.085,ROUTE_SutterSolanoMedicalCenter,0.2559703314560886,11.085,ROUTE_JohnMuirMedicalCenterWalnutCreekCampus,0.24466880000000002,31.25,ROUTE_SutterSolanoMedicalCenter,0.2559703314560886,11.085
37.82999999997321,-122.25166666662184,259.13228554766727,LVO,ROUTE_KaiserFoundationHospitalOaklandRichmond,0.24466880000000002,3.6133333333333337,ROUTE_KaiserFoundationHospitalOaklandRichmond,0.24466880000000002,3.6133333333333337,ROUTE_SutterEdenMedicalCenter,0.24466880000000002,22.426666666666666,ROUTE_KaiserFoundationHospitalOaklandRichmond,0.24466880000000002,3.6133333333333337
37.41638888886177,-122.11555555551062,173.4610427688858,HEMORRHAGIC,ROUTE_StanfordHealthCare,0.24,15.421666666666665,ROUTE_StanfordHealthCare,0.24,15.421666666666665,ROUTE_StanfordHealthCare,0.24,15.421666666666665,ROUTE_StanfordHealthCare,0.24,15.421666666666665
37.33249999997281,-122.06694444439948,176.34011450925016,LVO,ROUTE_KaiserFoundationHospitalSantaClara,0.26238411195975164,10.854999999999999,ROUTE_KaiserFoundationHospitalSantaClara,0.26238411195975164,10.854999999999999,ROUTE_KaiserFoundationHospitalSantaClara,0.26238411195975164,10.854999999999999,ROUTE_KaiserFoundationHospitalSantaClara,0.26238411195975164,10.854999999999999
37.70111111108422,-122.49416666662205,53.6258668174144,LVO,ROUTE_CPMCDaviesCampusSutter,0.43916016887440185,18.753333333333334,ROUTE_AHMCSetonMedicalCenter,0.4277032608138591,9.665,ROUTE_CPMCDaviesCampusSutter,0.43916016887440185,18.753333333333334,ROUTE_AHMCSetonMedicalCenter,0.4277032608138591,9.665
37.56638888886189,-122.03083333328834,162.41373468785247,MIMIC,ROUTE_SutterEdenMedicalCenter,0.9,22.471666666666668,ROUTE_StRoseHospital,0.9,13.308333333333334,ROUTE_SutterEdenMedicalCenter,0.9,22.471666666666668,ROUTE_WashingtonHospitalHealthcareSystem,0.9,13.378333333333334
37.723333333306456,-122.40638888884419,245.52984454655893,HEMORRHAGIC,ROUTE_ZuckerbergSanFranciscoGeneralHospital,0.24,10.78,ROUTE_ZuckerbergSanFranciscoGeneralHospital,0.24,10.78,ROUTE_CPMCDaviesCampusSutter,0.24,15.555,ROUTE_ZuckerbergSanFranciscoGeneralHospital,0.24,10.78
37.623888888861934,-122.0819444443995,173.55889728573086,LVO,ROUTE_SutterEdenMedicalCenter,0.26145348621273057,16.086666666666666,ROUTE_StRoseHospital,0.24466880000000002,3.4233333333333333,ROUTE_SutterEdenMedicalCenter,0.26145348621273057,16.086666666666666,ROUTE_KaiserFoundationHospitalSanLeandro,0.26199375953601345,14.393333333333334
37.52638888886185,-122.034999999955,48.13591011250253,HEMORRHAGIC,ROUTE_SutterEdenMedicalCenter,0.24,26.326666666666664,ROUTE_WashingtonHospitalHealthcareSystem,0.24,16.62333333333333,ROUTE_SutterEdenMedicalCenter,0.24,26.326666666666664,ROUTE_WashingtonHospitalHealthcareSystem,0.24,16.62333333333333
37.51527777775073,-121.96249999995496,108.08845994487585,MIMIC,ROUTE_RegionalMedicalCenterOfSanJose,0.9,19.901666666666664,ROUTE_KaiserFoundationHospitalFremont,0.9,10.981666666666666,ROUTE_RegionalMedicalCenterOfSanJose,0.9,19.901666666666664,ROUTE_KaiserFoundationHospitalFremont,0.9,10.981666666666666
37.971944444417765,-121.98777777773275,50.87834654591184,HEMORRHAGIC,ROUTE_JohnMuirMedicalCenterWalnutCreekCampus,0.24,13.613333333333333,ROUTE_JohnMuirMedicalCenterConcordCampus,0.24,9.123333333333333,ROUTE_JohnMuirMedicalCenterWalnutCreekCampus,0.24,13.613333333333333,ROUTE_JohnMuirMedicalCenterConcordCampus,0.24,9.123333333333333
37.87777777775102,-122.27222222217742,180.4994119454931,MIMIC,ROUTE_KaiserFoundationHospitalOaklandRichmond,0.9,15.385,ROUTE_AltaBatesSummitMedicalCenterAltaBatesCampus,0.9,9.303333333333335,ROUTE_SutterEdenMedicalCenter,0.9,31.915000000000003,ROUTE_KaiserFoundationHospitalOaklandRichmond,0.9,15.385
37.946944444417746,-122.54666666662209,36.75188205988094,LVO,ROUTE_UCSFMedicalCenter,0.43704451733301974,37.288333333333334,ROUTE_MarinHealthMedicalCenter,0.4341142861304338,4.385000000000001,ROUTE_UCSFMedicalCenter,0.43704451733301974,37.288333333333334,ROUTE_MarinHealthMedicalCenter,0.4341142861304338,4.385000000000001
37.53388888886186,-122.34416666662193,213.23287489280358,MIMIC,ROUTE_SanMateoMedicalCenter,0.9,9.806666666666667,ROUTE_SanMateoMedicalCenter,0.9,9.806666666666667,ROUTE_MillsPeninsulaMedicalCenterSutter,0.9,17.435,ROUTE_MillsPeninsulaMedicalCenterSutter,0.9,17.435
37.71999999997312,-122.45805555551091,146.13570579597024,HEMORRHAGIC,ROUTE_UCSFMedicalCenter,0.24,13.003333333333334,ROUTE_CPMCMissionBernalCampusSutter,0.24,8.7,ROUTE_UCSFMedicalCenter,0.24,13.003333333333334,ROUTE_CPMCMissionBernalCampusSutter,0.24,8.7
38.0055555555289,-121.81138888884372,74.66095597133877,HEMORRHAGIC,ROUTE_JohnMuirMedicalCenterWalnutCreekCampus,0.24,28.95,ROUTE_SutterDeltaMedicalCenter,0.24,7.21,ROUTE_JohnMuirMedicalCenterWalnutCreekCampus,0.24,28.95,ROUTE_KaiserFoundationHospitalAntioch,0.24,12.905
37.559999999972995,-121.98499999995497,118.83014655483947,LVO,ROUTE_SutterEdenMedicalCenter,0.40902094582445375,29.456666666666667,ROUTE_WashingtonHospitalHealthcareSystem,0.2812633395813541,2.3,ROUTE_SutterEdenMedicalCenter,0.40902094582445375,29.456666666666667,ROUTE_WashingtonHospitalHealthcareSystem,0.2812633395813541,2.3
37.54166666663964,-122.28444444439965,185.51659769507654,HEMORRHAGIC,ROUTE_MillsPeninsulaMedicalCenterSutter,0.24,13.095,ROUTE_SanMateoMedicalCenter,0.24,8.13,ROUTE_MillsPeninsulaMedicalCenterSutter,0.24,13.095,ROUTE_MillsPeninsulaMedicalCenterSutter,0.24,13.095
37.996944444417785,-121.83972222217707,264.69806281206377,HEMORRHAGIC,ROUTE_SutterDeltaMedicalCenter,0.24,8.878333333333334,ROUTE_SutterDeltaMedicalCenter,0.24,8.878333333333334,ROUTE_JohnMuirMedicalCenterWalnutCreekCampus,0.24,28.3,ROUTE_KaiserFoundationHospitalAntioch,0.24,14.561666666666667
37.909444444417716,-122.54111111106653,127.15880472269139,HEMORRHAGIC,ROUTE_UCSFMedicalCenter,0.24,32.736666666666665,ROUTE_MarinHealthMedicalCenter,0.24,18.413333333333334,ROUTE_UCSFMedicalCenter,0.24,32.736666666666665,ROUTE_MarinHealthMedicalCenter,0.24,18.413333333333334
37.428611111083995,-121.86999999995489,248.22677920847102,LVO,ROUTE_RegionalMedicalCenterOfSanJose,0.24466880000000002,13.006666666666666,ROUTE_RegionalMedicalCenterOfSanJose,0.24466880000000002,13.006666666666666,ROUTE_RegionalMedicalCenterOfSanJose,0.24466880000000002,13.006666666666666,ROUTE_RegionalMedicalCenterOfSanJose,0.24466880000000002,13.006666666666666
38.12111111108455,-122.2472222221774,42.16709659917427,HEMORRHAGIC,ROUTE_JohnMuirMedicalCenterWalnutCreekCampus,0.24,30.93166666666667,ROUTE_KaiserFoundationHospitalVallejo,0.24,3.4716666666666667,ROUTE_JohnMuirMedicalCenterWalnutCreekCampus,0.24,30.93166666666667,ROUTE_KaiserFoundationHospitalVallejo,0.24,3.4716666666666667
37.788611111084286,-122.4138888888442,192.90976217154608,HEMORRHAGIC,ROUTE_CPMCDaviesCampusSutter,0.24,9.995000000000001,ROUTE_UCSFHealthHydeHospital,0.24,1.3666666666666667,ROUTE_CPMCDaviesCampusSutter,0.24,9.995000000000001,ROUTE_UCSFHealthHydeHospital,0.24,1.3666666666666667
37.3641666666395,-122.10805555551063,163.41826701529425,HEMORRHAGIC,ROUTE_ElCaminoHealthMountainView,0.24,11.441666666666666,ROUTE_ElCaminoHealthMountainView,0.24,11.441666666666666,ROUTE_ElCaminoHealthMountainView,0.24,11.441666666666666,ROUTE_ElCaminoHealthMountainView,0.24,11.441666666666666
37.53249999997297,-122.24749999995518,44.415842713219185,MIMIC,ROUTE_KaiserFoundationHospitalRedwoodCity,0.9,14.533333333333333,ROUTE_KaiserFoundationHospitalRedwoodCity,0.9,14.533333333333333,ROUTE_KaiserFoundationHospitalRedwoodCity,0.9,14.533333333333333,ROUTE_KaiserFoundationHospitalRedwoodCity,0.9,14.533333333333333
38.25472222219577,-122.03361111106612,131.89052000691896,LVO,ROUTE_JohnMuirMedicalCenterWalnutCreekCampus,0.2640004335826564,42.86666666666667,ROUTE_NorthBayMedicalCenter,0.2763985065743008,5.5216666666666665,ROUTE_JohnMuirMedicalCenterWalnutCreekCampus,0.2640004335826564,42.86666666666667,ROUTE_NorthBayMedicalCenter,0.2763985065743008,5.5216666666666665
37.536388888861865,-122.26527777773298,69.1895201412207,HEMORRHAGIC,ROUTE_MillsPeninsulaMedicalCenterSutter,0.24,18.333333333333332,ROUTE_SanMateoMedicalCenter,0.24,13.368333333333334,ROUTE_MillsPeninsulaMedicalCenterSutter,0.24,18.333333333333332,ROUTE_MillsPeninsulaMedicalCenterSutter,0.24,18.333333333333332
38.00194444441779,-122.30722222217746,213.03161878168856,LVO,ROUTE_KaiserFoundationHospitalRichmondCampus,0.24466880000000002,15.748333333333333,ROUTE_KaiserFoundationHospitalRichmondCampus,0.24466880000000002,15.748333333333333,ROUTE_JohnMuirMedicalCenterWalnutCreekCampus,0.24466880000000002,33.42,ROUTE_KaiserFoundationHospitalRichmondCampus,0.24466880000000002,15.748333333333333
38.005277777751125,-122.29916666662189,52.051370740275054,HEMORRHAGIC,ROUTE_JohnMuirMedicalCenterWalnutCreekCampus,0.24,31.601666666666667,ROUTE_KaiserFoundationHospitalRichmondCampus,0.24,14.336666666666668,ROUTE_JohnMuirMedicalCenterWalnutCreekCampus,0.24,31.601666666666667,ROUTE_KaiserFoundationHospitalRichmondCampus,0.24,14.336666666666668
38.15888888886236,-121.70194444439919,165.65040162188708,HEMORRHAGIC,ROUTE_KaiserFoundationHospitalAntioch,0.24,31.60666666666667,ROUTE_SutterDeltaMedicalCenter,0.24,28.95,ROUTE_JohnMuirMedicalCenterWalnutCreekCampus,0.24,50.50666666666667,ROUTE_KaiserFoundationHospitalAntioch,0.24,31.60666666666667
37.84583333330655,-122.23416666662183,152.35519864346097,HEMORRHAGIC,ROUTE_SutterEdenMedicalCenter,0.24,21.003333333333334,ROUTE_AltaBatesSummitMedicalCenterAltaBatesCampus,0.24,7.8100000000000005,ROUTE_SutterEdenMedicalCenter,0.24,21.003333333333334,ROUTE_KaiserFoundationHospitalOaklandRichmond,0.24,10.451666666666666
37.58249999997301,-122.01666666662166,48.31017367830952,LVO,ROUTE_SutterEdenMedicalCenter,0.4391253159988995,23.256666666666668,ROUTE_WashingtonHospitalHealthcareSystem,0.2982390231424434,13.945,ROUTE_SutterEdenMedicalCenter,0.4391253159988995,23.256666666666668,ROUTE_WashingtonHospitalHealthcareSystem,0.2982390231424434,13.945
38.3174999999736,-122.29333333328856,221.5495289152278,HEMORRHAGIC,ROUTE_ProvidenceQueenOfTheValleyMedicalCenter,0.24,4.04,ROUTE_ProvidenceQueenOfTheValleyMedicalCenter,0.24,4.04,ROUTE_JohnMuirMedicalCenterWalnutCreekCampus,0.24,51.815000000000005,ROUTE_ProvidenceQueenOfTheValleyMedicalCenter,0.24,4.04
37.539166666639645,-122.27361111106632,231.7461538841956,HEMORRHAGIC,ROUTE_SanMateoMedicalCenter,0.24,13.126666666666667,ROUTE_SanMateoMedicalCenter,0.24,13.126666666666667,ROUTE_MillsPeninsulaMedicalCenterSutter,0.24,18.091666666666665,ROUTE_MillsPeninsulaMedicalCenterSutter,0.24,18.091666666666665
37.593888888861905,-122.06916666662171,146.44870386657055,HEMORRHAGIC,ROUTE_SutterEdenMedicalCenter,0.24,19.76833333333333,ROUTE_StRoseHospital,0.24,10.606666666666666,ROUTE_SutterEdenMedicalCenter,0.24,19.76833333333333,ROUTE_KaiserFoundationHospitalSanLeandro,0.24,18.075
37.796111111084294,-122.45722222217758,33.70195467286324,HEMORRHAGIC,ROUTE_CPMCDaviesCampusSutter,0.24,12.383333333333333,ROUTE_KaiserFoundationHospitalSanFrancisco,0.24,7.5233333333333325,ROUTE_CPMCDaviesCampusSutter,0.24,12.383333333333333,ROUTE_KaiserFoundationHospitalSanFrancisco,0.24,7.5233333333333325
38.26333333330689,-122.00972222217722,172.81418296203677,NLVO,ROUTE_NorthBayMedicalCenter,0.5169665945609576,9.658333333333333,ROUTE_NorthBayMedicalCenter,0.5169665945609576,9.658333333333333,ROUTE_JohnMuirMedicalCenterWalnutCreekCampus,0.4622,46.40833333333333,ROUTE_NorthBayMedicalCenter,0.5169665945609576,9.658333333333333
37.732777777750904,-122.25083333328851,107.76953287066729,HEMORRHAGIC,ROUTE_SutterEdenMedicalCenter,0.24,25.23166666666667,ROUTE_AlamedaHospital,0.24,12.128333333333334,ROUTE_SutterEdenMedicalCenter,0.24,25.23166666666667,ROUTE_AlamedaHospital,0.24,12.128333333333334
37.70111111108422,-122.14638888884399,92.21453680775578,MIMIC,ROUTE_SutterEdenMedicalCenter,0.9,12.513333333333332,ROUTE_SanLeandroHospitalAlamedaHealthSystem,0.9,6.013333333333334,ROUTE_SutterEdenMedicalCenter,0.9,12.513333333333332,ROUTE_KaiserFoundationHospitalSanLeandro,0.9,7.73
37.85083333330656,-122.28499999995522,59.00167991144886,HEMORRHAGIC,ROUTE_CPMCDaviesCampusSutter,0.24,27.258333333333333,ROUTE_AltaBatesSummitMedicalCenterAltaBatesCampus,0.24,6.381666666666666,ROUTE_CPMCDaviesCampusSutter,0.24,27.258333333333333,ROUTE_KaiserFoundationHospitalOaklandRichmond,0.24,10.518333333333334
37.873333333306576,-122.18305555551069,34.11173216120587,LVO,ROUTE_JohnMuirMedicalCenterWalnutCreekCampus,0.4473023210179605,17.916666666666668,ROUTE_KaiserFoundationHospitalWalnutCreek,0.43373547650545535,15.645000000000001,ROUTE_JohnMuirMedicalCenterWalnutCreekCampus,0.4473023210179605,17.916666666666668,ROUTE_KaiserFoundationHospitalWalnutCreek,0.43373547650545535,15.645000000000001
37.80166666663985,-122.43055555551088,230.7548713782901,LVO,ROUTE_UCSFHealthHydeHospital,0.24466880000000002,4.965,ROUTE_UCSFHealthHydeHospital,0.24466880000000002,4.965,ROUTE_CPMCDaviesCampusSutter,0.24466880000000002,11.046666666666665,ROUTE_UCSFHealthHydeHospital,0.24466880000000002,4.965
37.78555555552873,-122.41444444439976,200.73416746619557,NLVO,ROUTE_UCSFHealthHydeHospital,0.5064405492869197,3.1333333333333333,ROUTE_UCSFHealthHydeHospital,0.5064405492869197,3.1333333333333333,ROUTE_CPMCDaviesCampusSutter,0.5025416204116262,9.318333333333333,ROUTE_UCSFHealthHydeHospital,0.5064405492869197,3.1333333333333333
37.78749999997317,-122.21333333328849,51.99408689785797,MIMIC,ROUTE_SutterEdenMedicalCenter,0.9,18.351666666666667,ROUTE_HighlandHospitalWilmaChanCampus,0.9,5.838333333333334,ROUTE_SutterEdenMedicalCenter,0.9,18.351666666666667,ROUTE_HighlandHospitalWilmaChanCampus,0.9,5.838333333333334
37.731388888862014,-122.18333333328846,121.29600676405059,NLVO,ROUTE_SutterEdenMedicalCenter,0.5403562791803888,15.156666666666666,ROUTE_KaiserFoundationHospitalSanLeandro,0.5440088552801574,9.281666666666666,ROUTE_SutterEdenMedicalCenter,0.5403562791803888,15.156666666666666,ROUTE_KaiserFoundationHospitalSanLeandro,0.5440088552801574,9.281666666666666
38.17027777775126,-122.24416666662185,183.39155194188012,NLVO,ROUTE_KaiserFoundationHospitalVallejo,0.5118016802506261,9.066666666666666,ROUTE_KaiserFoundationHospitalVallejo,0.5118016802506261,9.066666666666666,ROUTE_JohnMuirMedicalCenterWalnutCreekCampus,0.4622,36.916666666666664,ROUTE_KaiserFoundationHospitalVallejo,0.5118016802506261,9.066666666666666
37.70666666663978,-122.44777777773312,216.16906856233777,LVO,ROUTE_CPMCMissionBernalCampusSutter,0.24466880000000002,9.558333333333334,ROUTE_CPMCMissionBernalCampusSutter,0.24466880000000002,9.558333333333334,ROUTE_CPMCDaviesCampusSutter,0.24466880000000002,15.828333333333335,ROUTE_CPMCMissionBernalCampusSutter,0.24466880000000002,9.558333333333334
37.736944444417574,-122.16638888884401,234.27211334813774,MIMIC,ROUTE_SanLeandroHospitalAlamedaHealthSystem,0.9,8.501666666666667,ROUTE_SanLeandroHospitalAlamedaHealthSystem,0.9,8.501666666666667,ROUTE_SutterEdenMedicalCenter,0.9,15.415,ROUTE_KaiserFoundationHospitalSanLeandro,0.9,12.016666666666667
37.95444444441775,-122.35249999995527,250.5880135506052,LVO,ROUTE_KaiserFoundationHospitalRichmondCampus,0.24466880000000002,5.781666666666666,ROUTE_KaiserFoundationHospitalRichmondCampus,0.24466880000000002,5.781666666666666,ROUTE_CPMCDaviesCampusSutter,0.24466880000000002,37.24166666666667,ROUTE_KaiserFoundationHospitalRichmondCampus,0.24466880000000002,5.781666666666666
37.977499999973325,-122.06999999995504,149.8260917265855,NLVO,ROUTE_JohnMuirMedicalCenterWalnutCreekCampus,0.525774417129405,14.756666666666666,ROUTE_JohnMuirMedicalCenterConcordCampus,0.5286387569728364,10.175,ROUTE_JohnMuirMedicalCenterWalnutCreekCampus,0.525774417129405,14.756666666666666,ROUTE_JohnMuirMedicalCenterConcordCampus,0.5286387569728364,10.175
38.07416666664007,-122.2016666666218,139.24159723673318,HEMORRHAGIC,ROUTE_JohnMuirMedicalCenterWalnutCreekCampus,0.24,28.276666666666664,ROUTE_SutterSolanoMedicalCenter,0.24,13.433333333333334,ROUTE_JohnMuirMedicalCenterWalnutCreekCampus,0.24,28.276666666666664,ROUTE_SutterSolanoMedicalCenter,0.24,13.433333333333334
37.98333333330666,-122.55138888884431,149.80211670389463,LVO,ROUTE_UCSFMedicalCenter,0.26001700815591866,40.40833333333333,ROUTE_MarinHealthMedicalCenter,0.26963264597639314,10.713333333333333,ROUTE_UCSFMedicalCenter,0.26001700815591866,40.40833333333333,ROUTE_MarinHealthMedicalCenter,0.26963264597639314,10.713333333333333
37.944166666639966,-122.32972222217747,195.11205472899903,LVO,ROUTE_KaiserFoundationHospitalRichmondCampus,0.258856200374199,6.33,ROUTE_KaiserFoundationHospitalRichmondCampus,0.258856200374199,6.33,ROUTE_CPMCDaviesCampusSutter,0.24466880000000002,31.923333333333336,ROUTE_KaiserFoundationHospitalRichmondCampus,0.258856200374199,6.33
37.771944444417606,-122.43249999995533,194.53169467816355,HEMORRHAGIC,ROUTE_CPMCDaviesCampusSutter,0.24,2.5966666666666667,ROUTE_CPMCDaviesCampusSutter,0.24,2.5966666666666667,ROUTE_CPMCDaviesCampusSutter,0.24,2.5966666666666667,ROUTE_CPMCDaviesCampusSutter,0.24,2.5966666666666667
37.85972222219545,-122.01833333328833,250.91672413175567,LVO,ROUTE_KaiserFoundationHospitalWalnutCreek,0.24466880000000002,9.168333333333333,ROUTE_KaiserFoundationHospitalWalnutCreek,0.24466880000000002,9.168333333333333,ROUTE_JohnMuirMedicalCenterWalnutCreekCampus,0.24466880000000002,14.78,ROUTE_KaiserFoundationHospitalWalnutCreek,0.24466880000000002,9.168333333333333
37.79499999997318,-122.27027777773297,119.71068105741158,NLVO,ROUTE_SutterEdenMedicalCenter,0.5375465460379908,20.991666666666667,ROUTE_HighlandHospitalWilmaChanCampus,0.5463363046885366,6.855,ROUTE_SutterEdenMedicalCenter,0.5375465460379908,20.991666666666667,ROUTE_HighlandHospitalWilmaChanCampus,0.5463363046885366,6.855
37.777499999973166,-122.42499999995532,215.47580355504138,MIMIC,ROUTE_CPMCVanNessCampusSutter,0.9,3.4716666666666667,ROUTE_CPMCVanNessCampusSutter,0.9,3.4716666666666667,ROUTE_CPMCDaviesCampusSutter,0.9,5.6033333333333335,ROUTE_CPMCVanNessCampusSutter,0.9,3.4716666666666667
37.473888888861815,-122.2055555555107,92.15958939930837,HEMORRHAGIC,ROUTE_KaiserFoundationHospitalRedwoodCity,0.24,8.729999999999999,ROUTE_KaiserFoundationHospitalRedwoodCity,0.24,8.729999999999999,ROUTE_KaiserFoundationHospitalRedwoodCity,0.24,8.729999999999999,ROUTE_KaiserFoundationHospitalRedwoodCity,0.24,8.729999999999999
37.8061111110843,-121.92611111106604,142.13212602602732,HEMORRHAGIC,ROUTE_JohnMuirMedicalCenterWalnutCreekCampus,0.24,24.903333333333332,ROUTE_SanRamonRegionalMedicalCenter,0.24,13.266666666666667,ROUTE_JohnMuirMedicalCenterWalnutCreekCampus,0.24,24.903333333333332,ROUTE_SanRamonRegionalMedicalCenter,0.24,13.266666666666667
37.794722222195404,-122.20999999995514,261.61584906251915,LVO,ROUTE_HighlandHospitalWilmaChanCampus,0.24466880000000002,5.180000000000001,ROUTE_HighlandHospitalWilmaChanCampus,0.24466880000000002,5.180000000000001,ROUTE_SutterEdenMedicalCenter,0.24466880000000002,16.52,ROUTE_HighlandHospitalWilmaChanCampus,0.24466880000000002,5.180000000000001
38.24083333330687,-122.07916666662172,219.66455975023888,LVO,ROUTE_NorthBayMedicalCenter,0.24466880000000002,8.725,ROUTE_NorthBayMedicalCenter,0.24466880000000002,8.725,ROUTE_JohnMuirMedicalCenterWalnutCreekCampus,0.24466880000000002,39.17666666666666,ROUTE_NorthBayMedicalCenter,0.24466880000000002,8.725
38.265277777751336,-122.65277777773328,78.4043376662387,HEMORRHAGIC,ROUTE_UCSFMedicalCenter,0.24,66.02,ROUTE_PetalumaValleyHospitalProvidence,0.24,6.265,ROUTE_UCSFMedicalCenter,0.24,66.02,ROUTE_PetalumaValleyHospitalProvidence,0.24,6.265
37.416111111083985,-121.94111111106605,121.2502448369905,NLVO,ROUTE_RegionalMedicalCenterOfSanJose,0.5360028538654328,22.186666666666667,ROUTE_OConnorHospital,0.5374460864854975,19.87,ROUTE_RegionalMedicalCenterOfSanJose,0.5360028538654328,22.186666666666667,ROUTE_OConnorHospital,0.5374460864854975,19.87
37.77638888886205,-122.19027777773292,87.58687051321155,NLVO,ROUTE_SutterEdenMedicalCenter,0.5564672922673701,17.273333333333333,ROUTE_HighlandHospitalWilmaChanCampus,0.5623983038369753,7.671666666666667,ROUTE_SutterEdenMedicalCenter,0.5564672922673701,17.273333333333333,ROUTE_HighlandHospitalWilmaChanCampus,0.5623983038369753,7.671666666666667
37.96833333330665,-121.76583333328813,180.6983318214647,HEMORRHAGIC,ROUTE_KaiserFoundationHospitalAntioch,0.24,7.225,ROUTE_SutterDeltaMedicalCenter,0.24,7.1,ROUTE_JohnMuirMedicalCenterWalnutCreekCampus,0.24,35.82166666666667,ROUTE_KaiserFoundationHospitalAntioch,0.24,7.225
37.478611111084035,-122.17999999995513,247.42085630537363,HEMORRHAGIC,ROUTE_KaiserFoundationHospitalRedwoodCity,0.24,8.816666666666666,ROUTE_KaiserFoundationHospitalRedwoodCity,0.24,8.816666666666666,ROUTE_KaiserFoundationHospitalRedwoodCity,0.24,8.816666666666666,ROUTE_KaiserFoundationHospitalRedwoodCity,0.24,8.816666666666666
37.740555555528694,-121.95833333328828,236.96574084547834,HEMORRHAGIC,ROUTE_SanRamonRegionalMedicalCenter,0.24,10.138333333333332,ROUTE_SanRamonRegionalMedicalCenter,0.24,10.138333333333332,ROUTE_SutterEdenMedicalCenter,0.24,19.793333333333333,ROUTE_SanRamonRegionalMedicalCenter,0.24,10.138333333333332
37.67472222219531,-122.48249999995537,178.74248649437638,LVO,ROUTE_MillsPeninsulaMedicalCenterSutter,0.25986880174899385,16.76,ROUTE_AHMCSetonMedicalCenter,0.2641090862867552,3.4866666666666664,ROUTE_MillsPeninsulaMedicalCenterSutter,0.25986880174899385,16.76,ROUTE_AHMCSetonMedicalCenter,0.2641090862867552,3.4866666666666664
37.784166666639834,-122.42999999995533,187.23336095492385,NLVO,ROUTE_CPMCDaviesCampusSutter,0.5109287789273419,7.253333333333333,ROUTE_CPMCVanNessCampusSutter,0.5139239121341359,2.4883333333333337,ROUTE_CPMCDaviesCampusSutter,0.5109287789273419,7.253333333333333,ROUTE_CPMCVanNessCampusSutter,0.5139239121341359,2.4883333333333337
37.732222222195354,-122.44638888884423,99.24230080178278,LVO,ROUTE_UCSFMedicalCenter,0.42480071434581523,11.363333333333333,ROUTE_CPMCMissionBernalCampusSutter,0.2855461822876017,6.4383333333333335,ROUTE_UCSFMedicalCenter,0.42480071434581523,11.363333333333333,ROUTE_CPMCMissionBernalCampusSutter,0.2855461822876017,6.4383333333333335
37.81138888886208,-122.25138888884408,236.08147875223648,NLVO,ROUTE_HighlandHospitalWilmaChanCampus,0.4622,5.233333333333333,ROUTE_HighlandHospitalWilmaChanCampus,0.4622,5.233333333333333,ROUTE_SutterEdenMedicalCenter,0.4622,19.31,ROUTE_HighlandHospitalWilmaChanCampus,0.4622,5.233333333333333
38.00333333330668,-122.10388888884395,205.21956642794188,MIMIC,ROUTE_JohnMuirMedicalCenterConcordCampus,0.9,11.711666666666668,ROUTE_ContraCostaRegionalMedicalCenter,0.9,7.83,ROUTE_JohnMuirMedicalCenterWalnutCreekCampus,0.9,18.94,ROUTE_JohnMuirMedicalCenterConcordCampus,0.9,11.711666666666668
37.780277777750946,-122.42555555551088,68.81394993424351,LVO,ROUTE_CPMCDaviesCampusSutter,0.43908593836867515,6.253333333333333,ROUTE_CPMCVanNessCampusSutter,0.4261776756939465,2.575,ROUTE_CPMCDaviesCampusSutter,0.43908593836867515,6.253333333333333,ROUTE_CPMCVanNessCampusSutter,0.4261776756939465,2.575
37.535555555528525,-121.94916666662161,170.1904114846397,LVO,ROUTE_RegionalMedicalCenterOfSanJose,0.26089942107195613,20.634999999999998,ROUTE_KaiserFoundationHospitalFremont,0.265172714456761,7.326666666666667,ROUTE_RegionalMedicalCenterOfSanJose,0.26089942107195613,20.634999999999998,ROUTE_KaiserFoundationHospitalFremont,0.265172714456761,7.326666666666667
37.684999999973094,-122.08749999995506,211.81603079360428,MIMIC,ROUTE_SutterEdenMedicalCenter,0.9,6.871666666666667,ROUTE_SutterEdenMedicalCenter,0.9,6.871666666666667,ROUTE_SutterEdenMedicalCenter,0.9,6.871666666666667,ROUTE_SutterEdenMedicalCenter,0.9,6.871666666666667
38.00833333330668,-121.81555555551039,189.99455454846378,HEMORRHAGIC,ROUTE_KaiserFoundationHospitalAntioch,0.24,14.985000000000001,ROUTE_SutterDeltaMedicalCenter,0.24,9.685,ROUTE_JohnMuirMedicalCenterWalnutCreekCampus,0.24,29.426666666666666,ROUTE_KaiserFoundationHospitalAntioch,0.24,14.985000000000001
37.530833333306305,-122.02333333328833,71.10336052562543,HEMORRHAGIC,ROUTE_SutterEdenMedicalCenter,0.24,24.34333333333333,ROUTE_WashingtonHospitalHealthcareSystem,0.24,13.045,ROUTE_SutterEdenMedicalCenter,0.24,24.34333333333333,ROUTE_WashingtonHospitalHealthcareSystem,0.24,13.045
37.778611111084274,-122.39194444439974,115.66609711299148,NLVO,ROUTE_CPMCDaviesCampusSutter,0.5459837892612475,10.793333333333333,ROUTE_ChineseHospital,0.5482995328209346,7.0616666666666665,ROUTE_CPMCDaviesCampusSutter,0.5459837892612475,10.793333333333333,ROUTE_ChineseHospital,0.5482995328209346,7.0616666666666665
37.58666666663968,-122.48499999995538,106.81608483091631,HEMORRHAGIC,ROUTE_MillsPeninsulaMedicalCenterSutter,0.24,26.691666666666666,ROUTE_AHMCSetonMedicalCenter,0.24,19.028333333333332,ROUTE_MillsPeninsulaMedicalCenterSutter,0.24,26.691666666666666,ROUTE_AHMCSetonMedicalCenter,0.24,19.028333333333332
37.708888888862,-122.45527777773313,268.0146927691091,NLVO,ROUTE_CPMCMissionBernalCampusSutter,0.4622,7.6883333333333335,ROUTE_CPMCMissionBernalCampusSutter,0.4622,7.6883333333333335,ROUTE_CPMCDaviesCampusSutter,0.4622,13.958333333333334,ROUTE_CPMCMissionBernalCampusSutter,0.4622,7.6883333333333335
37.828888888862096,-121.93499999995493,32.128569386435416,LVO,ROUTE_JohnMuirMedicalCenterWalnutCreekCampus,0.44555020750732455,23.233333333333334,ROUTE_SanRamonRegionalMedicalCenter,0.432762532701171,15.266666666666667,ROUTE_JohnMuirMedicalCenterWalnutCreekCampus,0.44555020750732455,23.233333333333334,ROUTE_SanRamonRegionalMedicalCenter,0.432762532701171,15.266666666666667
38.21666666664019,-122.12805555551064,159.81491279380842,NLVO,ROUTE_JohnMuirMedicalCenterWalnutCreekCampus,0.5074079948727154,35.69666666666667,ROUTE_NorthBayMedicalCenter,0.5225841325198175,11.53,ROUTE_JohnMuirMedicalCenterWalnutCreekCampus,0.5074079948727154,35.69666666666667,ROUTE_NorthBayMedicalCenter,0.5225841325198175,11.53
37.884444444417696,-122.08416666662171,36.67367637193594,LVO,ROUTE_JohnMuirMedicalCenterWalnutCreekCampus,0.449798918849839,10.575,ROUTE_KaiserFoundationHospitalWalnutCreek,0.43648846240209416,7.781666666666666,ROUTE_JohnMuirMedicalCenterWalnutCreekCampus,0.449798918849839,10.575,ROUTE_KaiserFoundationHospitalWalnutCreek,0.43648846240209416,7.781666666666666
37.91666666663994,-122.03166666662167,253.52822979211896,HEMORRHAGIC,ROUTE_JohnMuirMedicalCenterWalnutCreekCampus,0.24,3.3216666666666668,ROUTE_JohnMuirMedicalCenterWalnutCreekCampus,0.24,3.3216666666666668,ROUTE_JohnMuirMedicalCenterWalnutCreekCampus,0.24,3.3216666666666668,ROUTE_JohnMuirMedicalCenterWalnutCreekCampus,0.24,3.3216666666666668
38.248333333306874,-122.05222222217725,157.676460366991,NLVO,ROUTE_JohnMuirMedicalCenterWalnutCreekCampus,0.5057190205961593,40.16,ROUTE_NorthBayMedicalCenter,0.5276677996994275,5.1866666666666665,ROUTE_JohnMuirMedicalCenterWalnutCreekCampus,0.5057190205961593,40.16,ROUTE_NorthBayMedicalCenter,0.5276677996994275,5.1866666666666665
37.77916666663983,-122.16333333328845,235.48987140896241,HEMORRHAGIC,ROUTE_HighlandHospitalWilmaChanCampus,0.24,7.8533333333333335,ROUTE_HighlandHospitalWilmaChanCampus,0.24,7.8533333333333335,ROUTE_SutterEdenMedicalCenter,0.24,14.863333333333333,ROUTE_HighlandHospitalWilmaChanCampus,0.24,7.8533333333333335
37.755833333306484,-122.41472222217753,70.94586749263082,LVO,ROUTE_CPMCDaviesCampusSutter,0.43785963323415117,7.068333333333333,ROUTE_ZuckerbergSanFranciscoGeneralHospital,0.42458773916819625,3.578333333333333,ROUTE_CPMCDaviesCampusSutter,0.43785963323415117,7.068333333333333,ROUTE_ZuckerbergSanFranciscoGeneralHospital,0.42458773916819625,3.578333333333333
37.93083333330662,-122.07166666662171,99.70252313075376,HEMORRHAGIC,ROUTE_JohnMuirMedicalCenterWalnutCreekCampus,0.24,9.421666666666665,ROUTE_JohnMuirMedicalCenterWalnutCreekCampus,0.24,9.421666666666665,ROUTE_JohnMuirMedicalCenterWalnutCreekCampus,0.24,9.421666666666665,ROUTE_JohnMuirMedicalCenterWalnutCreekCampus,0.24,9.421666666666665
38.00583333330668,-122.07888888884393,75.21031100668706,LVO,ROUTE_JohnMuirMedicalCenterWalnutCreekCampus,0.4303544467655418,19.471666666666668,ROUTE_JohnMuirMedicalCenterConcordCampus,0.2907524878443747,11.93,ROUTE_JohnMuirMedicalCenterWalnutCreekCampus,0.4303544467655418,19.471666666666668,ROUTE_JohnMuirMedicalCenterConcordCampus,0.2907524878443747,11.93
37.94222222219552,-121.94861111106606,155.93873850678995,LVO,ROUTE_JohnMuirMedicalCenterWalnutCreekCampus,0.40249836219657065,13.016666666666667,ROUTE_JohnMuirMedicalCenterWalnutCreekCampus,0.40249836219657065,13.016666666666667,ROUTE_JohnMuirMedicalCenterWalnutCreekCampus,0.40249836219657065,13.016666666666667,ROUTE_JohnMuirMedicalCenterWalnutCreekCampus,0.40249836219657065,13.016666666666667
37.573888888861894,-122.31833333328858,146.63924030375702,HEMORRHAGIC,ROUTE_MillsPeninsulaMedicalCenterSutter,0.24,11.99,ROUTE_SanMateoMedicalCenter,0.24,10.526666666666667,ROUTE_MillsPeninsulaMedicalCenterSutter,0.24,11.99,ROUTE_MillsPeninsulaMedicalCenterSutter,0.24,11.99
37.54083333330631,-121.97638888884386,220.35190547535734,LVO,ROUTE_KaiserFoundationHospitalFremont,0.24466880000000002,5.088333333333334,ROUTE_KaiserFoundationHospitalFremont,0.24466880000000002,5.088333333333334,ROUTE_RegionalMedicalCenterOfSanJose,0.24466880000000002,25.551666666666666,ROUTE_KaiserFoundationHospitalFremont,0.24466880000000002,5.088333333333334
37.894166666639926,-122.15277777773288,52.136917789202116,NLVO,ROUTE_JohnMuirMedicalCenterWalnutCreekCampus,0.5767806457892554,13.84,ROUTE_KaiserFoundationHospitalWalnutCreek,0.5781742811000447,11.568333333333333,ROUTE_JohnMuirMedicalCenterWalnutCreekCampus,0.5767806457892554,13.84,ROUTE_KaiserFoundationHospitalWalnutCreek,0.5781742811000447,11.568333333333333
37.704999999973104,-121.89944444439935,204.59989277167466,LVO,ROUTE_StanfordHealthCareTriValley,0.25616631928801636,7.035,ROUTE_StanfordHealthCareTriValley,0.25616631928801636,7.035,ROUTE_SutterEdenMedicalCenter,0.253332202979472,16.24,ROUTE_StanfordHealthCareTriValley,0.25616631928801636,7.035
37.733611111084244,-122.44083333328867,149.41322029014174,LVO,ROUTE_UCSFMedicalCenter,0.40568513181453375,11.358333333333333,ROUTE_CPMCMissionBernalCampusSutter,0.27128769012305737,6.0600000000000005,ROUTE_UCSFMedicalCenter,0.40568513181453375,11.358333333333333,ROUTE_CPMCMissionBernalCampusSutter,0.27128769012305737,6.0600000000000005
37.87416666663991,-122.26694444439964,170.2830326942654,LVO,ROUTE_SutterEdenMedicalCenter,0.25776133225628456,30.511666666666667,ROUTE_AltaBatesSummitMedicalCenterAltaBatesCampus,0.24466880000000002,7.513333333333334,ROUTE_SutterEdenMedicalCenter,0.25776133225628456,30.511666666666667,ROUTE_KaiserFoundationHospitalOaklandRichmond,0.2625557240465743,15.366666666666667
37.350833333306156,-122.01611111106611,252.22893749133024,LVO,ROUTE_KaiserFoundationHospitalSantaClara,0.24466880000000002,7.903333333333333,ROUTE_KaiserFoundationHospitalSantaClara,0.24466880000000002,7.903333333333333,ROUTE_KaiserFoundationHospitalSantaClara,0.24466880000000002,7.903333333333333,ROUTE_KaiserFoundationHospitalSantaClara,0.24466880000000002,7.903333333333333
37.732777777750904,-122.16888888884401,191.4997519160137,LVO,ROUTE_SutterEdenMedicalCenter,0.25649959043767867,16.878333333333334,ROUTE_SanLeandroHospitalAlamedaHealthSystem,0.24466880000000002,9.673333333333334,ROUTE_SutterEdenMedicalCenter,0.25649959043767867,16.878333333333334,ROUTE_KaiserFoundationHospitalSanLeandro,0.2579285467225684,12.296666666666665
37.6205555555286,-122.41944444439976,225.2083188380533,LVO,ROUTE_MillsPeninsulaMedicalCenterSutter,0.24466880000000002,10.125,ROUTE_MillsPeninsulaMedicalCenterSutter,0.24466880000000002,10.125,ROUTE_MillsPeninsulaMedicalCenterSutter,0.24466880000000002,10.125,ROUTE_MillsPeninsulaMedicalCenterSutter,0.24466880000000002,10.125
37.9222222221955,-121.7208333332881,174.22380094751185,LVO,ROUTE_KaiserFoundationHospitalAntioch,0.26249412491621754,12.275,ROUTE_KaiserFoundationHospitalAntioch,0.26249412491621754,12.275,ROUTE_JohnMuirMedicalCenterWalnutCreekCampus,0.25448270293137853,37.8,ROUTE_KaiserFoundationHospitalAntioch,0.26249412491621754,12.275
37.92444444441773,-122.34861111106638,176.75933920137476,LVO,ROUTE_CPMCDaviesCampusSutter,0.2557280343603122,31.65,ROUTE_KaiserFoundationHospitalRichmondCampus,0.2639706420206967,5.568333333333333,ROUTE_CPMCDaviesCampusSutter,0.2557280343603122,31.65,ROUTE_KaiserFoundationHospitalRichmondCampus,0.2639706420206967,5.568333333333333
38.01388888886224,-121.96277777773273,117.36839107253076,HEMORRHAGIC,ROUTE_JohnMuirMedicalCenterWalnutCreekCampus,0.24,21.779999999999998,ROUTE_JohnMuirMedicalCenterConcordCampus,0.24,12.020000000000001,ROUTE_JohnMuirMedicalCenterWalnutCreekCampus,0.24,21.779999999999998,ROUTE_JohnMuirMedicalCenterConcordCampus,0.24,12.020000000000001
