start_lat,start_lon,t_onset,stroke_type,optimal_action,optimal_action_reward,travel_time_optimal,nearest_hospital_action,nearest_hospital_reward,travel_time_nh,heuristic_1_action,heuristic_1_reward,travel_time_h1,heuristic_2_action,heuristic_2_reward,travel_time_h2
37.529444444417415,-122.31749999995523,52.687332980966346,HEMORRHAGIC,ROUTE_KaiserFoundationHospitalRedwoodCity,0.24,16.555,ROUTE_SanMateoMedicalCenter,0.24,4.881666666666666,ROUTE_KaiserFoundationHospitalRedwoodCity,0.24,16.555,ROUTE_KaiserFoundationHospitalRedwoodCity,0.24,16.555
37.4083333333062,-122.08972222217727,160.30290367647612,LVO,ROUTE_ElCaminoHealthMountainView,0.40232030367738225,13.036666666666667,ROUTE_ElCaminoHealthMountainView,0.40232030367738225,13.036666666666667,ROUTE_ElCaminoHealthMountainView,0.40232030367738225,13.036666666666667,ROUTE_ElCaminoHealthMountainView,0.40232030367738225,13.036666666666667
37.65249999997307,-122.46472222217757,264.47769026832157,HEMORRHAGIC,ROUTE_AHMCSetonMedicalCenter,0.24,8.41,ROUTE_AHMCSetonMedicalCenter,0.24,8.41,ROUTE_MillsPeninsulaMedicalCenterSutter,0.24,15.538333333333332,ROUTE_AHMCSetonMedicalCenter,0.24,8.41
37.546666666639645,-122.29249999995521,209.92680869318426,LVO,ROUTE_KaiserFoundationHospitalRedwoodCity,0.25403932439856747,12.655,ROUTE_SanMateoMedicalCenter,0.24466880000000002,6.566666666666666,ROUTE_KaiserFoundationHospitalRedwoodCity,0.25403932439856747,12.655,ROUTE_KaiserFoundationHospitalRedwoodCity,0.25403932439856747,12.655
37.65555555552862,-122.06944444439948,34.7844941430504,LVO,ROUTE_SutterEdenMedicalCenter,0.45052771572809425,14.176666666666668,ROUTE_StRoseHospital,0.40430868461213887,10.011666666666667,ROUTE_SutterEdenMedicalCenter,0.45052771572809425,14.176666666666668,ROUTE_SutterEdenMedicalCenter,0.45052771572809425,14.176666666666668
37.92944444441773,-122.39472222217752,50.393856430107974,LVO,ROUTE_CPMCDaviesCampusSutter,0.4364715418988345,36.17833333333333,ROUTE_KaiserFoundationHospitalRichmondCampus,0.3003758980911083,8.65,ROUTE_CPMCDaviesCampusSutter,0.4364715418988345,36.17833333333333,ROUTE_KaiserFoundationHospitalRichmondCampus,0.3003758980911083,8.65
38.0030555555289,-122.29472222217744,52.69236961126238,NLVO,ROUTE_JohnMuirMedicalCenterWalnutCreekCampus,0.5708988890894782,30.601666666666667,ROUTE_KaiserFoundationHospitalRichmondCampus,0.5782113603478728,14.726666666666667,ROUTE_JohnMuirMedicalCenterWalnutCreekCampus,0.5708988890894782,30.601666666666667,ROUTE_KaiserFoundationHospitalRichmondCampus,0.5782113603478728,14.726666666666667
37.60249999997303,-122.06333333328837,55.614895671184115,LVO,ROUTE_SutterEdenMedicalCenter,0.4420327102897387,14.723333333333333,ROUTE_StRoseHospital,0.3980843875489808,5.5616666666666665,ROUTE_SutterEdenMedicalCenter,0.4420327102897387,14.723333333333333,ROUTE_KaiserFoundationHospitalSanLeandro,0.42721693037706465,13.03
37.563333333306325,-121.95416666662162,126.38242023820307,LVO,ROUTE_RegionalMedicalCenterOfSanJose,0.4108396304166556,25.53666666666667,ROUTE_KaiserFoundationHospitalFremont,0.27772476789975914,8.316666666666666,ROUTE_RegionalMedicalCenterOfSanJose,0.4108396304166556,25.53666666666667,ROUTE_KaiserFoundationHospitalFremont,0.27772476789975914,8.316666666666666
37.56361111108411,-121.97805555551052,43.642875185381314,HEMORRHAGIC,ROUTE_RegionalMedicalCenterOfSanJose,0.24,29.476666666666667,ROUTE_WashingtonHospitalHealthcareSystem,0.24,2.356666666666667,ROUTE_RegionalMedicalCenterOfSanJose,0.24,29.476666666666667,ROUTE_WashingtonHospitalHealthcareSystem,0.24,2.356666666666667
37.90055555552882,-122.49694444439983,148.1057759715099,LVO,ROUTE_UCSFMedicalCenter,0.40088400978623556,30.871666666666666,ROUTE_MarinHealthMedicalCenter,0.270125771277954,14.186666666666667,ROUTE_UCSFMedicalCenter,0.40088400978623556,30.871666666666666,ROUTE_MarinHealthMedicalCenter,0.270125771277954,14.186666666666667
37.52277777775074,-122.01055555551055,172.5295965703807,LVO,ROUTE_RegionalMedicalCenterOfSanJose,0.26102916613909444,24.37,ROUTE_WashingtonHospitalHealthcareSystem,0.2641866748992538,11.231666666666666,ROUTE_RegionalMedicalCenterOfSanJose,0.26102916613909444,24.37,ROUTE_WashingtonHospitalHealthcareSystem,0.2641866748992538,11.231666666666666
37.88833333330659,-122.26611111106631,140.3887973202394,HEMORRHAGIC,ROUTE_JohnMuirMedicalCenterWalnutCreekCampus,0.24,32.29666666666667,ROUTE_AltaBatesSummitMedicalCenterAltaBatesCampus,0.24,10.81,ROUTE_JohnMuirMedicalCenterWalnutCreekCampus,0.24,32.29666666666667,ROUTE_KaiserFoundationHospitalOaklandRichmond,0.24,18.7
38.29888888886247,-122.48861111106649,63.166596381208215,HEMORRHAGIC,ROUTE_JohnMuirMedicalCenterWalnutCreekCampus,0.24,68.05333333333333,ROUTE_SonomaValleyHospital,0.24,8.093333333333334,ROUTE_JohnMuirMedicalCenterWalnutCreekCampus,0.24,68.05333333333333,ROUTE_SonomaValleyHospital,0.24,8.093333333333334
37.862222222195456,-121.97694444439941,100.12689195064107,LVO,ROUTE_JohnMuirMedicalCenterWalnutCreekCampus,0.42240155863818796,21.073333333333334,ROUTE_KaiserFoundationHospitalWalnutCreek,0.2834648294849885,15.461666666666668,ROUTE_JohnMuirMedicalCenterWalnutCreekCampus,0.42240155863818796,21.073333333333334,ROUTE_KaiserFoundationHospitalWalnutCreek,0.2834648294849885,15.461666666666668
38.0005555555289,-121.73777777773255,224.33679412641985,LVO,ROUTE_KaiserFoundationHospitalAntioch,0.24466880000000002,15.221666666666666,ROUTE_KaiserFoundationHospitalAntioch,0.24466880000000002,15.221666666666666,ROUTE_JohnMuirMedicalCenterWalnutCreekCampus,0.24466880000000002,36.83166666666667,ROUTE_KaiserFoundationHospitalAntioch,0.24466880000000002,15.221666666666666
37.702222222195324,-122.11499999995507,59.64961676565446,LVO,ROUTE_SutterEdenMedicalCenter,0.4430634717308123,7.3516666666666675,ROUTE_SanLeandroHospitalAlamedaHealthSystem,0.39765863876608615,6.908333333333333,ROUTE_SutterEdenMedicalCenter,0.4430634717308123,7.3516666666666675,ROUTE_SutterEdenMedicalCenter,0.4430634717308123,7.3516666666666675
37.39583333330619,-122.02361111106612,170.73422597002002,LVO,ROUTE_KaiserFoundationHospitalSantaClara,0.2639534692631403,14.19,ROUTE_KaiserFoundationHospitalSantaClara,0.2639534692631403,14.19,ROUTE_KaiserFoundationHospitalSantaClara,0.2639534692631403,14.19,ROUTE_KaiserFoundationHospitalSantaClara,0.2639534692631403,14.19
37.781388888862054,-122.40833333328864,133.6867659077082,LVO,ROUTE_CPMCDaviesCampusSutter,0.41360951690720704,9.306666666666667,ROUTE_UCSFHealthHydeHospital,0.27669560561166767,4.206666666666667,ROUTE_CPMCDaviesCampusSutter,0.41360951690720704,9.306666666666667,ROUTE_UCSFHealthHydeHospital,0.27669560561166767,4.206666666666667
37.946944444417746,-122.34361111106637,248.65686567167418,LVO,ROUTE_KaiserFoundationHospitalRichmondCampus,0.24466880000000002,5.446666666666667,ROUTE_KaiserFoundationHospitalRichmondCampus,0.24466880000000002,5.446666666666667,ROUTE_CPMCDaviesCampusSutter,0.24466880000000002,34.19666666666667,ROUTE_KaiserFoundationHospitalRichmondCampus,0.24466880000000002,5.446666666666667
37.783055555528726,-122.42499999995532,248.71646519342363,MIMIC,ROUTE_CPMCVanNessCampusSutter,0.9,2.7216666666666667,ROUTE_CPMCVanNessCampusSutter,0.9,2.7216666666666667,ROUTE_CPMCDaviesCampusSutter,0.9,6.37,ROUTE_CPMCVanNessCampusSutter,0.9,2.7216666666666667
38.28499999997357,-122.44138888884423,43.72187871339489,LVO,ROUTE_JohnMuirMedicalCenterWalnutCreekCampus,0.428919954118325,65.04166666666667,ROUTE_SonomaValleyHospital,0.3029475075046465,6.96,ROUTE_JohnMuirMedicalCenterWalnutCreekCampus,0.428919954118325,65.04166666666667,ROUTE_SonomaValleyHospital,0.3029475075046465,6.96
37.50611111108406,-121.92111111106603,250.27335206384774,HEMORRHAGIC,ROUTE_KaiserFoundationHospitalFremont,0.24,16.276666666666667,ROUTE_KaiserFoundationHospitalFremont,0.24,16.276666666666667,ROUTE_RegionalMedicalCenterOfSanJose,0.24,17.576666666666664,ROUTE_KaiserFoundationHospitalFremont,0.24,16.276666666666667
38.1647222221957,-122.13805555551065,256.03659558237825,NLVO,ROUTE_NorthBayMedicalCenter,0.4622,18.116666666666667,ROUTE_NorthBayMedicalCenter,0.4622,18.116666666666667,ROUTE_JohnMuirMedicalCenterWalnutCreekCampus,0.4622,33.555,ROUTE_NorthBayMedicalCenter,0.4622,18.116666666666667
37.88111111108436,-122.2838888888441,135.92686562806574,MIMIC,ROUTE_CPMCDaviesCampusSutter,0.9,31.933333333333334,ROUTE_AltaBatesSummitMedicalCenterAltaBatesCampus,0.9,10.99,ROUTE_CPMCDaviesCampusSutter,0.9,31.933333333333334,ROUTE_KaiserFoundationHospitalOaklandRichmond,0.9,15.708333333333334
38.273611111084676,-122.64944444439995,33.201426192522476,NLVO,ROUTE_UCSFMedicalCenter,0.5647876140791638,65.49166666666666,ROUTE_PetalumaValleyHospitalProvidence,0.5922703055260183,5.736666666666666,ROUTE_UCSFMedicalCenter,0.5647876140791638,65.49166666666666,ROUTE_PetalumaValleyHospitalProvidence,0.5922703055260183,5.736666666666666
37.65249999997307,-122.05249999995503,162.3462262552228,MIMIC,ROUTE_SutterEdenMedicalCenter,0.9,17.78166666666667,ROUTE_StRoseHospital,0.9,12.288333333333332,ROUTE_SutterEdenMedicalCenter,0.9,17.78166666666667,ROUTE_SutterEdenMedicalCenter,0.9,17.78166666666667
37.461388888861805,-122.22722222217739,236.47441607588408,HEMORRHAGIC,ROUTE_SequoiaHospital,0.24,8.02,ROUTE_SequoiaHospital,0.24,8.02,ROUTE_KaiserFoundationHospitalRedwoodCity,0.24,9.516666666666667,ROUTE_SequoiaHospital,0.24,8.02
37.79916666663985,-122.42722222217755,59.81568061412198,LVO,ROUTE_CPMCDaviesCampusSutter,0.4421328451633303,9.775,ROUTE_UCSFHealthHydeHospital,0.42945878442056284,3.5683333333333334,ROUTE_CPMCDaviesCampusSutter,0.4421328451633303,9.775,ROUTE_UCSFHealthHydeHospital,0.42945878442056284,3.5683333333333334
37.45472222219513,-122.12833333328842,223.9083837721642,HEMORRHAGIC,ROUTE_KaiserFoundationHospitalRedwoodCity,0.24,13.504999999999999,ROUTE_KaiserFoundationHospitalRedwoodCity,0.24,13.504999999999999,ROUTE_KaiserFoundationHospitalRedwoodCity,0.24,13.504999999999999,ROUTE_KaiserFoundationHospitalRedwoodCity,0.24,13.504999999999999
37.98416666664,-122.51388888884428,197.14461191367917,MIMIC,ROUTE_MarinHealthMedicalCenter,0.9,12.556666666666667,ROUTE_MarinHealthMedicalCenter,0.9,12.556666666666667,ROUTE_UCSFMedicalCenter,0.9,39.45,ROUTE_MarinHealthMedicalCenter,0.9,12.556666666666667
37.459166666639575,-122.15722222217732,107.51332043537084,LVO,ROUTE_StanfordHealthCare,0.4226731271265384,12.083333333333334,ROUTE_StanfordHealthCare,0.4226731271265384,12.083333333333334,ROUTE_StanfordHealthCare,0.4226731271265384,12.083333333333334,ROUTE_StanfordHealthCare,0.4226731271265384,12.083333333333334
37.600833333306355,-122.06138888884392,217.20943527875923,LVO,ROUTE_StRoseHospital,0.24466880000000002,5.745,ROUTE_StRoseHospital,0.24466880000000002,5.745,ROUTE_SutterEdenMedicalCenter,0.24466880000000002,14.906666666666666,ROUTE_KaiserFoundationHospitalSanLeandro,0.24466880000000002,13.215
37.95055555552886,-121.99111111106609,84.11337342878497,NLVO,ROUTE_JohnMuirMedicalCenterWalnutCreekCampus,0.5640367408084409,10.546666666666665,ROUTE_JohnMuirMedicalCenterWalnutCreekCampus,0.5640367408084409,10.546666666666665,ROUTE_JohnMuirMedicalCenterWalnutCreekCampus,0.5640367408084409,10.546666666666665,ROUTE_JohnMuirMedicalCenterWalnutCreekCampus,0.5640367408084409,10.546666666666665
37.738611111084246,-122.2547222221774,83.13747490350435,LVO,ROUTE_SutterEdenMedicalCenter,0.427480455825886,25.361666666666668,ROUTE_AlamedaHospital,0.2894977833222898,11.733333333333333,ROUTE_SutterEdenMedicalCenter,0.427480455825886,25.361666666666668,ROUTE_AlamedaHospital,0.2894977833222898,11.733333333333333
37.727499999973126,-122.15055555551066,75.20075314493903,LVO,ROUTE_SutterEdenMedicalCenter,0.4354070655133814,11.625,ROUTE_SanLeandroHospitalAlamedaHealthSystem,0.25691971442530487,5.123333333333333,ROUTE_SutterEdenMedicalCenter,0.4354070655133814,11.625,ROUTE_KaiserFoundationHospitalSanLeandro,0.29227770826596244,10.313333333333333
37.81527777775097,-122.25055555551074,98.84120706932731,HEMORRHAGIC,ROUTE_SutterEdenMedicalCenter,0.24,21.196666666666665,ROUTE_KaiserFoundationHospitalOaklandRichmond,0.24,4.748333333333333,ROUTE_SutterEdenMedicalCenter,0.24,21.196666666666665,ROUTE_KaiserFoundationHospitalOaklandRichmond,0.24,4.748333333333333
37.688333333306424,-121.79416666662148,260.085816491734,HEMORRHAGIC,ROUTE_StanfordHealthCareTriValley,0.24,14.168333333333333,ROUTE_StanfordHealthCareTriValley,0.24,14.168333333333333,ROUTE_SutterEdenMedicalCenter,0.24,25.565,ROUTE_StanfordHealthCareTriValley,0.24,14.168333333333333
38.041388888862265,-122.52361111106651,95.73686553808857,LVO,ROUTE_UCSFMedicalCenter,0.414636132730695,48.475,ROUTE_NovatoCommunityHospitalSutter,0.28564974126611675,12.09,ROUTE_UCSFMedicalCenter,0.414636132730695,48.475,ROUTE_NovatoCommunityHospitalSutter,0.28564974126611675,12.09
37.589166666639684,-122.48611111106648,102.80498709095788,HEMORRHAGIC,ROUTE_MillsPeninsulaMedicalCenterSutter,0.24,25.208333333333332,ROUTE_AHMCSetonMedicalCenter,0.24,17.545,ROUTE_MillsPeninsulaMedicalCenterSutter,0.24,25.208333333333332,ROUTE_AHMCSetonMedicalCenter,0.24,17.545
37.723888888862014,-122.48305555551093,166.70879875448426,MIMIC,ROUTE_UCSFMedicalCenter,0.9,13.361666666666668,ROUTE_AHMCSetonMedicalCenter,0.9,10.736666666666668,ROUTE_UCSFMedicalCenter,0.9,13.361666666666668,ROUTE_AHMCSetonMedicalCenter,0.9,10.736666666666668
38.12416666664011,-122.22388888884404,208.05379919707386,LVO,ROUTE_SutterSolanoMedicalCenter,0.2563301720204608,4.838333333333334,ROUTE_SutterSolanoMedicalCenter,0.2563301720204608,4.838333333333334,ROUTE_JohnMuirMedicalCenterWalnutCreekCampus,0.24466880000000002,29.671666666666667,ROUTE_SutterSolanoMedicalCenter,0.2563301720204608,4.838333333333334
37.43805555552845,-121.87638888884378,208.05969878490527,LVO,ROUTE_RegionalMedicalCenterOfSanJose,0.2546140871197638,12.235000000000001,ROUTE_RegionalMedicalCenterOfSanJose,0.2546140871197638,12.235000000000001,ROUTE_RegionalMedicalCenterOfSanJose,0.2546140871197638,12.235000000000001,ROUTE_RegionalMedicalCenterOfSanJose,0.2546140871197638,12.235000000000001
37.84083333330655,-122.21833333328848,208.59844121875616,LVO,ROUTE_HighlandHospitalWilmaChanCampus,0.2548453088882061,10.635,ROUTE_AltaBatesSummitMedicalCenterAltaBatesCampus,0.24466880000000002,8.596666666666666,ROUTE_SutterEdenMedicalCenter,0.24466880000000002,19.645,ROUTE_HighlandHospitalWilmaChanCampus,0.2548453088882061,10.635
37.91999999997328,-122.30361111106633,248.16879097958034,LVO,ROUTE_KaiserFoundationHospitalRichmondCampus,0.24466880000000002,13.118333333333334,ROUTE_KaiserFoundationHospitalRichmondCampus,0.24466880000000002,13.118333333333334,ROUTE_CPMCDaviesCampusSutter,0.24466880000000002,32.901666666666664,ROUTE_KaiserFoundationHospitalRichmondCampus,0.24466880000000002,13.118333333333334
37.42555555552844,-122.1955555555107,41.12089903053708,HEMORRHAGIC,ROUTE_StanfordHealthCare,0.24,8.695,ROUTE_StanfordHealthCare,0.24,8.695,ROUTE_StanfordHealthCare,0.24,8.695,ROUTE_StanfordHealthCare,0.24,8.695
37.67055555552864,-121.77444444439925,207.86709553780545,LVO,ROUTE_StanfordHealthCareTriValley,0.24466880000000002,20.873333333333335,ROUTE_StanfordHealthCareTriValley,0.24466880000000002,20.873333333333335,ROUTE_SutterEdenMedicalCenter,0.24466880000000002,32.27166666666667,ROUTE_StanfordHealthCareTriValley,0.24466880000000002,20.873333333333335
37.55888888886188,-122.32916666662192,212.7058935676682,MIMIC,ROUTE_SanMateoMedicalCenter,0.9,10.103333333333333,ROUTE_SanMateoMedicalCenter,0.9,10.103333333333333,ROUTE_MillsPeninsulaMedicalCenterSutter,0.9,12.576666666666666,ROUTE_MillsPeninsulaMedicalCenterSutter,0.9,12.576666666666666
37.98083333330666,-122.29305555551078,51.72243912510656,LVO,ROUTE_JohnMuirMedicalCenterWalnutCreekCampus,0.43680446669652573,33.76166666666667,ROUTE_KaiserFoundationHospitalRichmondCampus,0.29779482705361027,16.395,ROUTE_JohnMuirMedicalCenterWalnutCreekCampus,0.43680446669652573,33.76166666666667,ROUTE_KaiserFoundationHospitalRichmondCampus,0.29779482705361027,16.395
38.242777777751314,-122.06833333328836,50.43909650238404,NLVO,ROUTE_JohnMuirMedicalCenterWalnutCreekCampus,0.5689302020831049,37.37166666666667,ROUTE_NorthBayMedicalCenter,0.5823297154597716,8.27,ROUTE_JohnMuirMedicalCenterWalnutCreekCampus,0.5689302020831049,37.37166666666667,ROUTE_NorthBayMedicalCenter,0.5823297154597716,8.27
37.81138888886208,-122.300277777733,232.36422685024368,HEMORRHAGIC,ROUTE_KaiserFoundationHospitalOaklandRichmond,0.24,10.055,ROUTE_KaiserFoundationHospitalOaklandRichmond,0.24,10.055,ROUTE_CPMCDaviesCampusSutter,0.24,24.846666666666668,ROUTE_KaiserFoundationHospitalOaklandRichmond,0.24,10.055
37.776666666639834,-122.43999999995533,234.03359913514316,HEMORRHAGIC,ROUTE_CPMCDaviesCampusSutter,0.24,3.6266666666666665,ROUTE_CPMCDaviesCampusSutter,0.24,3.6266666666666665,ROUTE_CPMCDaviesCampusSutter,0.24,3.6266666666666665,ROUTE_CPMCDaviesCampusSutter,0.24,3.6266666666666665
37.526666666639635,-122.29805555551077,220.27834828191902,LVO,ROUTE_SanMateoMedicalCenter,0.24466880000000002,4.161666666666666,ROUTE_SanMateoMedicalCenter,0.24466880000000002,4.161666666666666,ROUTE_KaiserFoundationHospitalRedwoodCity,0.24466880000000002,15.153333333333334,ROUTE_KaiserFoundationHospitalRedwoodCity,0.24466880000000002,15.153333333333334
37.37527777775062,-122.12249999995508,130.71461569888794,LVO,ROUTE_ElCaminoHealthMountainView,0.41396624939689575,11.566666666666666,ROUTE_ElCaminoHealthMountainView,0.41396624939689575,11.566666666666666,ROUTE_ElCaminoHealthMountainView,0.41396624939689575,11.566666666666666,ROUTE_ElCaminoHealthMountainView,0.41396624939689575,11.566666666666666
37.84749999997322,-122.24055555551072,147.64234798831268,HEMORRHAGIC,ROUTE_SutterEdenMedicalCenter,0.24,21.738333333333333,ROUTE_AltaBatesSummitMedicalCenterAltaBatesCampus,0.24,8.128333333333334,ROUTE_SutterEdenMedicalCenter,0.24,21.738333333333333,ROUTE_KaiserFoundationHospitalOaklandRichmond,0.24,9.586666666666668
37.379999999972846,-122.05777777773281,148.3632915085377,LVO,ROUTE_ElCaminoHealthMountainView,0.40765706246853606,10.481666666666666,ROUTE_ElCaminoHealthMountainView,0.40765706246853606,10.481666666666666,ROUTE_ElCaminoHealthMountainView,0.40765706246853606,10.481666666666666,ROUTE_ElCaminoHealthMountainView,0.40765706246853606,10.481666666666666
37.69722222219532,-122.46527777773314,40.04494153803962,HEMORRHAGIC,ROUTE_CPMCDaviesCampusSutter,0.24,15.591666666666667,ROUTE_AHMCSetonMedicalCenter,0.24,7.056666666666667,ROUTE_CPMCDaviesCampusSutter,0.24,15.591666666666667,ROUTE_AHMCSetonMedicalCenter,0.24,7.056666666666667
37.77638888886205,-122.4833333332887,221.4143837324325,LVO,ROUTE_UCSFHealthStanyanHospital,0.24466880000000002,6.505,ROUTE_UCSFHealthStanyanHospital,0.24466880000000002,6.505,ROUTE_UCSFMedicalCenter,0.24466880000000002,7.9766666666666675,ROUTE_UCSFHealthStanyanHospital,0.24466880000000002,6.505
37.35305555552838,-122.02694444439945,45.86360834383305,HEMORRHAGIC,ROUTE_KaiserFoundationHospitalSantaClara,0.24,10.211666666666668,ROUTE_KaiserFoundationHospitalSantaClara,0.24,10.211666666666668,ROUTE_KaiserFoundationHospitalSantaClara,0.24,10.211666666666668,ROUTE_KaiserFoundationHospitalSantaClara,0.24,10.211666666666668
37.93972222219552,-121.69972222217696,45.275820138447465,MIMIC,ROUTE_JohnMuirMedicalCenterWalnutCreekCampus,0.9,39.73833333333334,ROUTE_KaiserFoundationHospitalAntioch,0.9,13.518333333333334,ROUTE_JohnMuirMedicalCenterWalnutCreekCampus,0.9,39.73833333333334,ROUTE_KaiserFoundationHospitalAntioch,0.9,13.518333333333334
37.42083333330621,-121.90694444439936,217.20334219678836,HEMORRHAGIC,ROUTE_OConnorHospital,0.24,13.108333333333333,ROUTE_OConnorHospital,0.24,13.108333333333333,ROUTE_RegionalMedicalCenterOfSanJose,0.24,14.311666666666667,ROUTE_OConnorHospital,0.24,13.108333333333333
37.79361111108429,-122.40638888884419,81.7353397898897,MIMIC,ROUTE_CPMCDaviesCampusSutter,0.9,11.775,ROUTE_ChineseHospital,0.9,1.5533333333333335,ROUTE_CPMCDaviesCampusSutter,0.9,11.775,ROUTE_ChineseHospital,0.9,1.5533333333333335
37.74083333330647,-122.42083333328866,230.8609077705413,LVO,ROUTE_CPMCMissionBernalCampusSutter,0.24466880000000002,2.628333333333333,ROUTE_CPMCMissionBernalCampusSutter,0.24466880000000002,2.628333333333333,ROUTE_CPMCDaviesCampusSutter,0.24466880000000002,9.229999999999999,ROUTE_CPMCMissionBernalCampusSutter,0.24466880000000002,2.628333333333333
37.81027777775097,-121.9177777777327,264.50552936215036,MIMIC,ROUTE_SanRamonRegionalMedicalCenter,0.9,11.893333333333334,ROUTE_SanRamonRegionalMedicalCenter,0.9,11.893333333333334,ROUTE_JohnMuirMedicalCenterWalnutCreekCampus,0.9,24.89,ROUTE_SanRamonRegionalMedicalCenter,0.9,11.893333333333334
37.764999999973156,-122.17638888884402,134.59188106388638,HEMORRHAGIC,ROUTE_SutterEdenMedicalCenter,0.24,15.936666666666667,ROUTE_HighlandHospitalWilmaChanCampus,0.24,11.073333333333332,ROUTE_SutterEdenMedicalCenter,0.24,15.936666666666667,ROUTE_HighlandHospitalWilmaChanCampus,0.24,11.073333333333332
37.81194444441764,-122.23361111106628,63.67317146048517,LVO,ROUTE_SutterEdenMedicalCenter,0.4367258914304125,20.705,ROUTE_HighlandHospitalWilmaChanCampus,0.4256275287995773,6.628333333333333,ROUTE_SutterEdenMedicalCenter,0.4367258914304125,20.705,ROUTE_HighlandHospitalWilmaChanCampus,0.4256275287995773,6.628333333333333
37.78277777775095,-122.28333333328854,52.935727278818234,LVO,ROUTE_SutterEdenMedicalCenter,0.43903334249267967,26.128333333333334,ROUTE_AlamedaHospital,0.4282573995881418,9.485000000000001,ROUTE_SutterEdenMedicalCenter,0.43903334249267967,26.128333333333334,ROUTE_AlamedaHospital,0.4282573995881418,9.485000000000001
38.25611111108466,-122.62416666662214,245.7547703699776,LVO,ROUTE_PetalumaValleyHospitalProvidence,0.24466880000000002,3.6633333333333336,ROUTE_PetalumaValleyHospitalProvidence,0.24466880000000002,3.6633333333333336,ROUTE_UCSFMedicalCenter,0.24466880000000002,61.42166666666667,ROUTE_PetalumaValleyHospitalProvidence,0.24466880000000002,3.6633333333333336
37.50611111108406,-122.26416666662186,122.64672853674023,LVO,ROUTE_KaiserFoundationHospitalRedwoodCity,0.4172241744575982,11.038333333333332,ROUTE_SequoiaHospital,0.27840955534164763,9.811666666666667,ROUTE_KaiserFoundationHospitalRedwoodCity,0.4172241744575982,11.038333333333332,ROUTE_SequoiaHospital,0.27840955534164763,9.811666666666667
37.92249999997328,-122.52111111106652,123.54780457158908,HEMORRHAGIC,ROUTE_UCSFMedicalCenter,0.24,30.720000000000002,ROUTE_MarinHealthMedicalCenter,0.24,10.979999999999999,ROUTE_UCSFMedicalCenter,0.24,30.720000000000002,ROUTE_MarinHealthMedicalCenter,0.24,10.979999999999999
37.99083333330667,-121.77694444439925,200.70889742924547,LVO,ROUTE_KaiserFoundationHospitalAntioch,0.25690562061558003,10.531666666666666,ROUTE_SutterDeltaMedicalCenter,0.24466880000000002,7.456666666666666,ROUTE_JohnMuirMedicalCenterWalnutCreekCampus,0.24466880000000002,33.47,ROUTE_KaiserFoundationHospitalAntioch,0.25690562061558003,10.531666666666666
37.796111111084294,-122.2333333332885,267.0655052801071,NLVO,ROUTE_HighlandHospitalWilmaChanCampus,0.4622,2.183333333333333,ROUTE_HighlandHospitalWilmaChanCampus,0.4622,2.183333333333333,ROUTE_SutterEdenMedicalCenter,0.4622,19.545,ROUTE_HighlandHospitalWilmaChanCampus,0.4622,2.183333333333333
38.05999999997339,-122.15333333328844,76.52584657841467,LVO,ROUTE_JohnMuirMedicalCenterWalnutCreekCampus,0.4310181354646037,22.61,ROUTE_ContraCostaRegionalMedicalCenter,0.25407629738592974,11.795,ROUTE_JohnMuirMedicalCenterWalnutCreekCampus,0.4310181354646037,22.61,ROUTE_SutterSolanoMedicalCenter,0.2902761919979542,16.201666666666668
37.36583333330617,-122.01916666662167,266.54868619723084,HEMORRHAGIC,ROUTE_KaiserFoundationHospitalSantaClara,0.24,10.685,ROUTE_KaiserFoundationHospitalSantaClara,0.24,10.685,ROUTE_KaiserFoundationHospitalSantaClara,0.24,10.685,ROUTE_KaiserFoundationHospitalSantaClara,0.24,10.685
38.00861111108446,-121.78666666662149,163.53154325402699,LVO,ROUTE_JohnMuirMedicalCenterWalnutCreekCampus,0.2614320735373251,32.68,ROUTE_SutterDeltaMedicalCenter,0.24466880000000002,9.293333333333333,ROUTE_JohnMuirMedicalCenterWalnutCreekCampus,0.2614320735373251,32.68,ROUTE_KaiserFoundationHospitalAntioch,0.2660165544940037,13.706666666666667
37.69972222219533,-122.04805555551057,61.73583098125076,HEMORRHAGIC,ROUTE_SutterEdenMedicalCenter,0.24,10.985000000000001,ROUTE_SutterEdenMedicalCenter,0.24,10.985000000000001,ROUTE_SutterEdenMedicalCenter,0.24,10.985000000000001,ROUTE_SutterEdenMedicalCenter,0.24,10.985000000000001
38.10611111108454,-122.23611111106628,264.5681405785808,HEMORRHAGIC,ROUTE_SutterSolanoMedicalCenter,0.24,5.756666666666666,ROUTE_SutterSolanoMedicalCenter,0.24,5.756666666666666,ROUTE_JohnMuirMedicalCenterWalnutCreekCampus,0.24,28.451666666666664,ROUTE_SutterSolanoMedicalCenter,0.24,5.756666666666666
37.36027777775061,-122.04805555551057,38.72037016970667,NLVO,ROUTE_ElCaminoHealthMountainView,0.5865549007122695,12.083333333333334,ROUTE_ElCaminoHealthMountainView,0.5865549007122695,12.083333333333334,ROUTE_ElCaminoHealthMountainView,0.5865549007122695,12.083333333333334,ROUTE_ElCaminoHealthMountainView,0.5865549007122695,12.083333333333334
37.4083333333062,-121.9377777777327,241.62518153298635,LVO,ROUTE_OConnorHospital,0.24466880000000002,16.201666666666668,ROUTE_OConnorHospital,0.24466880000000002,16.201666666666668,ROUTE_RegionalMedicalCenterOfSanJose,0.24466880000000002,18.653333333333332,ROUTE_OConnorHospital,0.24466880000000002,16.201666666666668
37.910833333306606,-122.31833333328858,103.19819235251495,LVO,ROUTE_CPMCDaviesCampusSutter,0.41849319498351334,28.96333333333333,ROUTE_KaiserFoundationHospitalRichmondCampus,0.28422475289368965,9.171666666666665,ROUTE_CPMCDaviesCampusSutter,0.41849319498351334,28.96333333333333,ROUTE_KaiserFoundationHospitalRichmondCampus,0.28422475289368965,9.171666666666665
37.95583333330664,-122.04833333328835,147.15019122076004,LVO,ROUTE_JohnMuirMedicalCenterWalnutCreekCampus,0.40795854751692495,10.94,ROUTE_JohnMuirMedicalCenterConcordCampus,0.2714277822748092,10.035,ROUTE_JohnMuirMedicalCenterWalnutCreekCampus,0.40795854751692495,10.94,ROUTE_JohnMuirMedicalCenterConcordCampus,0.2714277822748092,10.035
37.78194444441761,-122.43749999995534,74.36162507967178,LVO,ROUTE_CPMCDaviesCampusSutter,0.43804492849199844,5.1066666666666665,ROUTE_KaiserFoundationHospitalSanFrancisco,0.4244666340060846,3.103333333333333,ROUTE_CPMCDaviesCampusSutter,0.43804492849199844,5.1066666666666665,ROUTE_KaiserFoundationHospitalSanFrancisco,0.4244666340060846,3.103333333333333
37.82777777775098,-122.25166666662184,90.23413083986429,LVO,ROUTE_SutterEdenMedicalCenter,0.4260311620538564,21.628333333333334,ROUTE_KaiserFoundationHospitalOaklandRichmond,0.28970892743686794,3.066666666666667,ROUTE_SutterEdenMedicalCenter,0.4260311620538564,21.628333333333334,ROUTE_KaiserFoundationHospitalOaklandRichmond,0.28970892743686794,3.066666666666667
37.78277777775095,-122.22249999995516,136.07069909287475,LVO,ROUTE_SutterEdenMedicalCenter,0.4095348756826134,18.60666666666667,ROUTE_HighlandHospitalWilmaChanCampus,0.27573617758711894,5.308333333333334,ROUTE_SutterEdenMedicalCenter,0.4095348756826134,18.60666666666667,ROUTE_HighlandHospitalWilmaChanCampus,0.27573617758711894,5.308333333333334
37.750277777750924,-122.17194444439957,30.71171601052732,HEMORRHAGIC,ROUTE_SutterEdenMedicalCenter,0.24,14.648333333333333,ROUTE_SanLeandroHospitalAlamedaHealthSystem,0.24,12.118333333333334,ROUTE_SutterEdenMedicalCenter,0.24,14.648333333333333,ROUTE_HighlandHospitalWilmaChanCampus,0.24,13.268333333333334
37.792777777750956,-122.4013888888442,41.65392840352225,MIMIC,ROUTE_CPMCDaviesCampusSutter,0.9,11.401666666666667,ROUTE_ChineseHospital,0.9,2.3233333333333333,ROUTE_CPMCDaviesCampusSutter,0.9,11.401666666666667,ROUTE_ChineseHospital,0.9,2.3233333333333333
37.632777777750825,-122.06055555551059,184.43188436014384,HEMORRHAGIC,ROUTE_SutterEdenMedicalCenter,0.24,18.613333333333333,ROUTE_StRoseHospital,0.24,7.864999999999999,ROUTE_SutterEdenMedicalCenter,0.24,18.613333333333333,ROUTE_KaiserFoundationHospitalSanLeandro,0.24,16.92
38.272222222195786,-122.04527777773279,172.36849978187593,LVO,ROUTE_NorthBayMedicalCenter,0.2655206674188247,5.92,ROUTE_NorthBayMedicalCenter,0.2655206674188247,5.92,ROUTE_JohnMuirMedicalCenterWalnutCreekCampus,0.2567587770077425,42.65,ROUTE_NorthBayMedicalCenter,0.2655206674188247,5.92
37.976111111084435,-122.06888888884393,168.40177994056427,LVO,ROUTE_JohnMuirMedicalCenterWalnutCreekCampus,0.26472375039036034,13.603333333333333,ROUTE_JohnMuirMedicalCenterConcordCampus,0.2658391722833727,9.021666666666667,ROUTE_JohnMuirMedicalCenterWalnutCreekCampus,0.26472375039036034,13.603333333333333,ROUTE_JohnMuirMedicalCenterConcordCampus,0.2658391722833727,9.021666666666667
37.639166666639724,-122.05611111106614,230.47582861387477,HEMORRHAGIC,ROUTE_StRoseHospital,0.24,9.025,ROUTE_StRoseHospital,0.24,9.025,ROUTE_SutterEdenMedicalCenter,0.24,17.758333333333333,ROUTE_SutterEdenMedicalCenter,0.24,17.758333333333333
37.73388888886202,-122.46249999995536,128.51468556936592,HEMORRHAGIC,ROUTE_UCSFMedicalCenter,0.24,9.03,ROUTE_UCSFMedicalCenter,0.24,9.03,ROUTE_UCSFMedicalCenter,0.24,9.03,ROUTE_UCSFMedicalCenter,0.24,9.03
37.662777777750854,-122.431666666622,153.72187998711485,HEMORRHAGIC,ROUTE_MillsPeninsulaMedicalCenterSutter,0.24,16.495,ROUTE_KaiserFoundationHospitalSouthSanFrancisco,0.24,6.703333333333333,ROUTE_MillsPeninsulaMedicalCenterSutter,0.24,16.495,ROUTE_KaiserFoundationHospitalSouthSanFrancisco,0.24,6.703333333333333
37.66999999997308,-122.47888888884425,142.34244072765946,HEMORRHAGIC,ROUTE_MillsPeninsulaMedicalCenterSutter,0.24,15.368333333333334,ROUTE_AHMCSetonMedicalCenter,0.24,4.283333333333333,ROUTE_MillsPeninsulaMedicalCenterSutter,0.24,15.368333333333334,ROUTE_AHMCSetonMedicalCenter,0.24,4.283333333333333
38.372777777751416,-121.739722222177,262.66157099855775,HEMORRHAGIC,ROUTE_NorthBayVacaValleyHospital,0.24,27.441666666666666,ROUTE_NorthBayVacaValleyHospital,0.24,27.441666666666666,ROUTE_JohnMuirMedicalCenterWalnutCreekCampus,0.24,75.91000000000001,ROUTE_NorthBayVacaValleyHospital,0.24,27.441666666666666
37.846944444417666,-122.27361111106632,119.850344706367,LVO,ROUTE_JohnMuirMedicalCenterWalnutCreekCampus,0.41377220919325364,24.205,ROUTE_AltaBatesSummitMedicalCenterAltaBatesCampus,0.24466880000000002,5.341666666666667,ROUTE_JohnMuirMedicalCenterWalnutCreekCampus,0.41377220919325364,24.205,ROUTE_KaiserFoundationHospitalOaklandRichmond,0.2798830948599768,7.23
37.36999999997284,-122.0211111110661,179.46583558717785,MIMIC,ROUTE_KaiserFoundationHospitalSantaClara,0.9,12.175,ROUTE_KaiserFoundationHospitalSantaClara,0.9,12.175,ROUTE_KaiserFoundationHospitalSantaClara,0.9,12.175,ROUTE_KaiserFoundationHospitalSantaClara,0.9,12.175
38.45305555552926,-121.84333333328819,185.13451298320737,LVO,ROUTE_KaiserFoundationHospitalVacaville,0.26061612484023366,12.098333333333333,ROUTE_KaiserFoundationHospitalVacaville,0.26061612484023366,12.098333333333333,ROUTE_JohnMuirMedicalCenterWalnutCreekCampus,0.24466880000000002,59.02833333333333,ROUTE_KaiserFoundationHospitalVacaville,0.26061612484023366,12.098333333333333
37.62833333330638,-122.0983333332884,152.64233301444352,LVO,ROUTE_SutterEdenMedicalCenter,0.4043031832880365,15.653333333333334,ROUTE_StRoseHospital,0.24466880000000002,4.538333333333333,ROUTE_SutterEdenMedicalCenter,0.4043031832880365,15.653333333333334,ROUTE_KaiserFoundationHospitalSanLeandro,0.26893033714270775,13.96
37.727499999973126,-121.91361111106602,85.93979009031719,NLVO,ROUTE_SutterEdenMedicalCenter,0.5588599696305665,19.7,ROUTE_StanfordHealthCareTriValley,0.562539740709239,11.753333333333334,ROUTE_SutterEdenMedicalCenter,0.5588599696305665,19.7,ROUTE_StanfordHealthCareTriValley,0.562539740709239,11.753333333333334
37.84305555552877,-122.2963888888441,193.53512330019447,HEMORRHAGIC,ROUTE_AltaBatesSummitMedicalCenterSummitCampus,0.24,8.731666666666666,ROUTE_AltaBatesSummitMedicalCenterSummitCampus,0.24,8.731666666666666,ROUTE_CPMCDaviesCampusSutter,0.24,24.413333333333334,ROUTE_AltaBatesSummitMedicalCenterSummitCampus,0.24,8.731666666666666
37.43861111108401,-121.88888888884378,193.80513454136505,LVO,ROUTE_RegionalMedicalCenterOfSanJose,0.2585137834898483,11.345,ROUTE_RegionalMedicalCenterOfSanJose,0.2585137834898483,11.345,ROUTE_RegionalMedicalCenterOfSanJose,0.2585137834898483,11.345,ROUTE_RegionalMedicalCenterOfSanJose,0.2585137834898483,11.345
37.652222222195284,-122.08555555551061,84.94218785596331,LVO,ROUTE_SutterEdenMedicalCenter,0.43064891936450106,14.31,ROUTE_StRoseHospital,0.2531793583363603,5.916666666666667,ROUTE_SutterEdenMedicalCenter,0.43064891936450106,14.31,ROUTE_KaiserFoundationHospitalSanLeandro,0.28871884451154617,12.616666666666667
38.10499999997343,-122.24805555551073,81.9062136781414,HEMORRHAGIC,ROUTE_JohnMuirMedicalCenterWalnutCreekCampus,0.24,28.52,ROUTE_KaiserFoundationHospitalVallejo,0.24,5.583333333333333,ROUTE_JohnMuirMedicalCenterWalnutCreekCampus,0.24,28.52,ROUTE_KaiserFoundationHospitalVallejo,0.24,5.583333333333333
38.44944444441815,-121.8319444443993,150.47900704466886,LVO,ROUTE_KaiserFoundationHospitalVacaville,0.26976660242014683,12.993333333333334,ROUTE_KaiserFoundationHospitalVacaville,0.26976660242014683,12.993333333333334,ROUTE_JohnMuirMedicalCenterWalnutCreekCampus,0.25841062579679996,59.92333333333333,ROUTE_KaiserFoundationHospitalVacaville,0.26976660242014683,12.993333333333334
37.91611111108439,-122.32305555551079,39.409215947813614,LVO,ROUTE_CPMCDaviesCampusSutter,0.4430126500138042,29.983333333333334,ROUTE_KaiserFoundationHospitalRichmondCampus,0.4320900611297912,8.648333333333333,ROUTE_CPMCDaviesCampusSutter,0.4430126500138042,29.983333333333334,ROUTE_KaiserFoundationHospitalRichmondCampus,0.4320900611297912,8.648333333333333
37.40555555552842,-122.05999999995502,93.7381425539499,LVO,ROUTE_ElCaminoHealthMountainView,0.428409953937229,10.925,ROUTE_ElCaminoHealthMountainView,0.428409953937229,10.925,ROUTE_ElCaminoHealthMountainView,0.428409953937229,10.925,ROUTE_ElCaminoHealthMountainView,0.428409953937229,10.925
38.11194444441788,-122.19777777773292,200.8458360541172,LVO,ROUTE_SutterSolanoMedicalCenter,0.2567409288988787,11.085,ROUTE_SutterSolanoMedicalCenter,0.2567409288988787,11.085,ROUTE_JohnMuirMedicalCenterWalnutCreekCampus,0.24466880000000002,31.25,ROUTE_SutterSolanoMedicalCenter,0.2567409288988787,11.085
37.974722222195545,-122.30194444439967,211.0470174600434,MIMIC,ROUTE_KaiserFoundationHospitalRichmondCampus,0.9,15.875,ROUTE_KaiserFoundationHospitalRichmondCampus,0.9,15.875,ROUTE_JohnMuirMedicalCenterWalnutCreekCampus,0.9,35.080000000000005,ROUTE_KaiserFoundationHospitalRichmondCampus,0.9,15.875
37.75499999997315,-122.4277777777331,136.55355972576348,LVO,ROUTE_CPMCDaviesCampusSutter,0.41374113852409744,5.736666666666666,ROUTE_CPMCMissionBernalCampusSutter,0.2761215937381286,3.2633333333333336,ROUTE_CPMCDaviesCampusSutter,0.41374113852409744,5.736666666666666,ROUTE_CPMCMissionBernalCampusSutter,0.2761215937381286,3.2633333333333336
38.00472222219557,-121.86805555551044,234.92687291178845,LVO,ROUTE_SutterDeltaMedicalCenter,0.24466880000000002,11.8,ROUTE_SutterDeltaMedicalCenter,0.24466880000000002,11.8,ROUTE_JohnMuirMedicalCenterWalnutCreekCampus,0.24466880000000002,25.91166666666667,ROUTE_KaiserFoundationHospitalAntioch,0.24466880000000002,17.03666666666667
37.79777777775096,-121.88805555551045,160.88443293998705,LVO,ROUTE_JohnMuirMedicalCenterWalnutCreekCampus,0.26330878822235254,27.803333333333335,ROUTE_SanRamonRegionalMedicalCenter,0.26647052742418226,14.791666666666666,ROUTE_JohnMuirMedicalCenterWalnutCreekCampus,0.26330878822235254,27.803333333333335,ROUTE_SanRamonRegionalMedicalCenter,0.26647052742418226,14.791666666666666
37.5372222221952,-121.95972222217718,263.42528849914737,HEMORRHAGIC,ROUTE_KaiserFoundationHospitalFremont,0.24,5.408333333333333,ROUTE_KaiserFoundationHospitalFremont,0.24,5.408333333333333,ROUTE_RegionalMedicalCenterOfSanJose,0.24,21.759999999999998,ROUTE_KaiserFoundationHospitalFremont,0.24,5.408333333333333
37.68722222219532,-122.06499999995503,238.46215437494655,HEMORRHAGIC,ROUTE_SutterEdenMedicalCenter,0.24,8.143333333333334,ROUTE_SutterEdenMedicalCenter,0.24,8.143333333333334,ROUTE_SutterEdenMedicalCenter,0.24,8.143333333333334,ROUTE_SutterEdenMedicalCenter,0.24,8.143333333333334
37.79388888886207,-122.4505555555109,123.59226312346769,NLVO,ROUTE_CPMCDaviesCampusSutter,0.5435688634285929,10.768333333333334,ROUTE_KaiserFoundationHospitalSanFrancisco,0.5458328881527831,5.908333333333333,ROUTE_CPMCDaviesCampusSutter,0.5435688634285929,10.768333333333334,ROUTE_KaiserFoundationHospitalSanFrancisco,0.5458328881527831,5.908333333333333
37.776666666639834,-122.28305555551077,155.19498154803568,HEMORRHAGIC,ROUTE_SutterEdenMedicalCenter,0.24,26.555,ROUTE_AlamedaHospital,0.24,8.218333333333334,ROUTE_SutterEdenMedicalCenter,0.24,26.555,ROUTE_AlamedaHospital,0.24,8.218333333333334
37.671111111084194,-122.13499999995508,162.35418431986454,LVO,ROUTE_SutterEdenMedicalCenter,0.40148672801128094,13.241666666666667,ROUTE_StRoseHospital,0.24466880000000002,11.21,ROUTE_SutterEdenMedicalCenter,0.40148672801128094,13.241666666666667,ROUTE_KaiserFoundationHospitalSanLeandro,0.2667404859121995,12.056666666666667
37.63249999997305,-122.41638888884421,235.25112827117232,NLVO,ROUTE_KaiserFoundationHospitalSouthSanFrancisco,0.4622,9.583333333333334,ROUTE_KaiserFoundationHospitalSouthSanFrancisco,0.4622,9.583333333333334,ROUTE_MillsPeninsulaMedicalCenterSutter,0.4622,10.09,ROUTE_KaiserFoundationHospitalSouthSanFrancisco,0.4622,9.583333333333334
37.935833333306626,-122.01972222217722,235.67900092406524,HEMORRHAGIC,ROUTE_JohnMuirMedicalCenterWalnutCreekCampus,0.24,7.525,ROUTE_JohnMuirMedicalCenterWalnutCreekCampus,0.24,7.525,ROUTE_JohnMuirMedicalCenterWalnutCreekCampus,0.24,7.525,ROUTE_JohnMuirMedicalCenterWalnutCreekCampus,0.24,7.525
37.523888888861855,-121.9291666666216,150.00605488295048,HEMORRHAGIC,ROUTE_RegionalMedicalCenterOfSanJose,0.24,19.283333333333335,ROUTE_KaiserFoundationHospitalFremont,0.24,10.93,ROUTE_RegionalMedicalCenterOfSanJose,0.24,19.283333333333335,ROUTE_KaiserFoundationHospitalFremont,0.24,10.93
38.002499999973345,-121.87749999995488,124.20912929358674,LVO,ROUTE_JohnMuirMedicalCenterWalnutCreekCampus,0.4120072324222952,24.526666666666664,ROUTE_SutterDeltaMedicalCenter,0.24466880000000002,13.161666666666667,ROUTE_JohnMuirMedicalCenterWalnutCreekCampus,0.4120072324222952,24.526666666666664,ROUTE_JohnMuirMedicalCenterConcordCampus,0.27633504894328137,16.145
37.47416666663959,-122.2447222221774,193.37243929413881,LVO,ROUTE_KaiserFoundationHospitalRedwoodCity,0.2590327018565467,9.625,ROUTE_SequoiaHospital,0.2599928017900053,5.568333333333333,ROUTE_KaiserFoundationHospitalRedwoodCity,0.2590327018565467,9.625,ROUTE_SequoiaHospital,0.2599928017900053,5.568333333333333
37.97555555552888,-122.27416666662187,194.68250922430317,LVO,ROUTE_KaiserFoundationHospitalRichmondCampus,0.2564975817165073,18.976666666666667,ROUTE_KaiserFoundationHospitalRichmondCampus,0.2564975817165073,18.976666666666667,ROUTE_JohnMuirMedicalCenterWalnutCreekCampus,0.24466880000000002,35.735,ROUTE_KaiserFoundationHospitalRichmondCampus,0.2564975817165073,18.976666666666667
37.977499999973325,-122.30083333328855,64.38232238535781,MIMIC,ROUTE_JohnMuirMedicalCenterWalnutCreekCampus,0.9,34.16,ROUTE_KaiserFoundationHospitalRichmondCampus,0.9,14.885,ROUTE_JohnMuirMedicalCenterWalnutCreekCampus,0.9,34.16,ROUTE_KaiserFoundationHospitalRichmondCampus,0.9,14.885
37.76999999997316,-122.1955555555107,73.32793771216606,HEMORRHAGIC,ROUTE_SutterEdenMedicalCenter,0.24,17.416666666666668,ROUTE_HighlandHospitalWilmaChanCampus,0.24,9.908333333333333,ROUTE_SutterEdenMedicalCenter,0.24,17.416666666666668,ROUTE_HighlandHospitalWilmaChanCampus,0.24,9.908333333333333
37.439722222195115,-122.20666666662181,98.79108983909194,LVO,ROUTE_StanfordHealthCare,0.4254550955479016,13.773333333333333,ROUTE_StanfordHealthCare,0.4254550955479016,13.773333333333333,ROUTE_StanfordHealthCare,0.4254550955479016,13.773333333333333,ROUTE_StanfordHealthCare,0.4254550955479016,13.773333333333333
37.664166666639744,-121.79944444439927,135.13895727357965,LVO,ROUTE_SutterEdenMedicalCenter,0.40638791022628046,28.925,ROUTE_StanfordHealthCareTriValley,0.2729052536977833,17.501666666666665,ROUTE_SutterEdenMedicalCenter,0.40638791022628046,28.925,ROUTE_StanfordHealthCareTriValley,0.2729052536977833,17.501666666666665
37.892777777751036,-122.25416666662186,174.152416252798,NLVO,ROUTE_JohnMuirMedicalCenterWalnutCreekCampus,0.5090644403440527,28.15666666666667,ROUTE_AltaBatesSummitMedicalCenterAltaBatesCampus,0.4622,12.97,ROUTE_JohnMuirMedicalCenterWalnutCreekCampus,0.5090644403440527,28.15666666666667,ROUTE_AltaBatesSummitMedicalCenterSummitCampus,0.5119075825842283,22.13
37.95333333330664,-122.3658333332886,184.32995178720014,HEMORRHAGIC,ROUTE_KaiserFoundationHospitalRichmondCampus,0.24,4.125,ROUTE_KaiserFoundationHospitalRichmondCampus,0.24,4.125,ROUTE_CPMCDaviesCampusSutter,0.24,36.31166666666666,ROUTE_KaiserFoundationHospitalRichmondCampus,0.24,4.125
37.960833333306645,-122.024999999955,124.01745850925107,HEMORRHAGIC,ROUTE_JohnMuirMedicalCenterWalnutCreekCampus,0.24,13.68,ROUTE_JohnMuirMedicalCenterConcordCampus,0.24,8.336666666666666,ROUTE_JohnMuirMedicalCenterWalnutCreekCampus,0.24,13.68,ROUTE_JohnMuirMedicalCenterConcordCampus,0.24,8.336666666666666
37.92083333330661,-121.69055555551029,84.75768620065853,NLVO,ROUTE_JohnMuirMedicalCenterWalnutCreekCampus,0.5488747501345451,42.52166666666667,ROUTE_KaiserFoundationHospitalAntioch,0.5607206138002321,16.996666666666666,ROUTE_JohnMuirMedicalCenterWalnutCreekCampus,0.5488747501345451,42.52166666666667,ROUTE_KaiserFoundationHospitalAntioch,0.5607206138002321,16.996666666666666
37.68027777775087,-122.15527777773289,202.63488126558585,HEMORRHAGIC,ROUTE_KaiserFoundationHospitalSanLeandro,0.24,8.245,ROUTE_KaiserFoundationHospitalSanLeandro,0.24,8.245,ROUTE_SutterEdenMedicalCenter,0.24,12.226666666666667,ROUTE_KaiserFoundationHospitalSanLeandro,0.24,8.245
37.6949999999731,-122.0983333332884,255.3083146680243,NLVO,ROUTE_SutterEdenMedicalCenter,0.4622,4.6,ROUTE_SutterEdenMedicalCenter,0.4622,4.6,ROUTE_SutterEdenMedicalCenter,0.4622,4.6,ROUTE_SutterEdenMedicalCenter,0.4622,4.6
37.730833333306464,-122.42055555551087,132.47024243264715,LVO,ROUTE_CPMCDaviesCampusSutter,0.41274226097219274,13.195,ROUTE_CPMCMissionBernalCampusSutter,0.27608119981298823,7.958333333333333,ROUTE_CPMCDaviesCampusSutter,0.41274226097219274,13.195,ROUTE_CPMCMissionBernalCampusSutter,0.27608119981298823,7.958333333333333
37.63999999997306,-122.05999999995502,151.7833075176701,HEMORRHAGIC,ROUTE_SutterEdenMedicalCenter,0.24,18.146666666666665,ROUTE_StRoseHospital,0.24,9.665,ROUTE_SutterEdenMedicalCenter,0.24,18.146666666666665,ROUTE_SutterEdenMedicalCenter,0.24,18.146666666666665
37.96416666663998,-122.5402777777332,223.28841488792787,LVO,ROUTE_MarinHealthMedicalCenter,0.24466880000000002,7.998333333333333,ROUTE_MarinHealthMedicalCenter,0.24466880000000002,7.998333333333333,ROUTE_UCSFMedicalCenter,0.24466880000000002,40.625,ROUTE_MarinHealthMedicalCenter,0.24466880000000002,7.998333333333333
37.988611111084445,-122.0288888888439,31.406255243208214,MIMIC,ROUTE_JohnMuirMedicalCenterWalnutCreekCampus,0.9,17.68,ROUTE_JohnMuirMedicalCenterConcordCampus,0.9,4.191666666666666,ROUTE_JohnMuirMedicalCenterWalnutCreekCampus,0.9,17.68,ROUTE_JohnMuirMedicalCenterConcordCampus,0.9,4.191666666666666
38.29388888886247,-122.28833333328855,65.66594002857565,LVO,ROUTE_JohnMuirMedicalCenterWalnutCreekCampus,0.42535663921657685,50.861666666666665,ROUTE_ProvidenceQueenOfTheValleyMedicalCenter,0.29582906913027507,7.983333333333333,ROUTE_JohnMuirMedicalCenterWalnutCreekCampus,0.42535663921657685,50.861666666666665,ROUTE_ProvidenceQueenOfTheValleyMedicalCenter,0.29582906913027507,7.983333333333333
38.0144444444178,-121.87333333328822,247.7525254127517,LVO,ROUTE_SutterDeltaMedicalCenter,0.24466880000000002,11.423333333333334,ROUTE_SutterDeltaMedicalCenter,0.24466880000000002,11.423333333333334,ROUTE_JohnMuirMedicalCenterWalnutCreekCampus,0.24466880000000002,24.766666666666666,ROUTE_JohnMuirMedicalCenterConcordCampus,0.24466880000000002,15.004999999999999
37.998333333306675,-122.27472222217743,74.68837737359684,HEMORRHAGIC,ROUTE_JohnMuirMedicalCenterWalnutCreekCampus,0.24,30.831666666666667,ROUTE_ContraCostaRegionalMedicalCenter,0.24,17.785,ROUTE_JohnMuirMedicalCenterWalnutCreekCampus,0.24,30.831666666666667,ROUTE_KaiserFoundationHospitalRichmondCampus,0.24,19.945
37.73888888886202,-122.47499999995536,75.72176357149678,LVO,ROUTE_UCSFMedicalCenter,0.43670264605148534,7.383333333333334,ROUTE_UCSFMedicalCenter,0.43670264605148534,7.383333333333334,ROUTE_UCSFMedicalCenter,0.43670264605148534,7.383333333333334,ROUTE_UCSFMedicalCenter,0.43670264605148534,7.383333333333334
37.68055555552864,-122.08722222217727,246.44047058489193,LVO,ROUTE_SutterEdenMedicalCenter,0.24466880000000002,7.6483333333333325,ROUTE_SutterEdenMedicalCenter,0.24466880000000002,7.6483333333333325,ROUTE_SutterEdenMedicalCenter,0.24466880000000002,7.6483333333333325,ROUTE_SutterEdenMedicalCenter,0.24466880000000002,7.6483333333333325
37.97361111108443,-121.76194444439923,146.0998487190059,LVO,ROUTE_JohnMuirMedicalCenterWalnutCreekCampus,0.3999977667918331,35.748333333333335,ROUTE_KaiserFoundationHospitalAntioch,0.2721441412021638,8.346666666666668,ROUTE_JohnMuirMedicalCenterWalnutCreekCampus,0.3999977667918331,35.748333333333335,ROUTE_KaiserFoundationHospitalAntioch,0.2721441412021638,8.346666666666668
37.74305555552869,-122.15916666662177,67.75658326952177,LVO,ROUTE_SutterEdenMedicalCenter,0.43763323462539516,13.606666666666666,ROUTE_SanLeandroHospitalAlamedaHealthSystem,0.39336004162055005,10.943333333333333,ROUTE_SutterEdenMedicalCenter,0.43763323462539516,13.606666666666666,ROUTE_HighlandHospitalWilmaChanCampus,0.2943121098712811,11.16
38.28527777775135,-122.00916666662165,40.48145881828795,MIMIC,ROUTE_JohnMuirMedicalCenterWalnutCreekCampus,0.9,48.245,ROUTE_NorthBayMedicalCenter,0.9,14.303333333333335,ROUTE_JohnMuirMedicalCenterWalnutCreekCampus,0.9,48.245,ROUTE_NorthBayMedicalCenter,0.9,14.303333333333335
37.65472222219529,-122.04583333328836,246.9587923015317,LVO,ROUTE_StRoseHospital,0.24466880000000002,13.928333333333335,ROUTE_StRoseHospital,0.24466880000000002,13.928333333333335,ROUTE_SutterEdenMedicalCenter,0.24466880000000002,17.685,ROUTE_SutterEdenMedicalCenter,0.24466880000000002,17.685
38.28805555552913,-122.31138888884412,119.56053318057046,LVO,ROUTE_JohnMuirMedicalCenterWalnutCreekCampus,0.40559477555949264,48.58166666666667,ROUTE_ProvidenceQueenOfTheValleyMedicalCenter,0.2794323734977438,9.288333333333332,ROUTE_JohnMuirMedicalCenterWalnutCreekCampus,0.40559477555949264,48.58166666666667,ROUTE_ProvidenceQueenOfTheValleyMedicalCenter,0.2794323734977438,9.288333333333332
37.37944444441729,-122.0880555555106,218.66591156080955,LVO,ROUTE_ElCaminoHealthMountainView,0.25319422919229806,6.626666666666667,ROUTE_ElCaminoHealthMountainView,0.25319422919229806,6.626666666666667,ROUTE_ElCaminoHealthMountainView,0.25319422919229806,6.626666666666667,ROUTE_ElCaminoHealthMountainView,0.25319422919229806,6.626666666666667
37.41277777775065,-121.91083333328825,177.97555060216504,LVO,ROUTE_RegionalMedicalCenterOfSanJose,0.2621588522864859,13.595,ROUTE_OConnorHospital,0.2621780377673766,13.514999999999999,ROUTE_RegionalMedicalCenterOfSanJose,0.2621588522864859,13.595,ROUTE_OConnorHospital,0.2621780377673766,13.514999999999999
38.24472222219576,-122.61138888884436,218.4566282848499,HEMORRHAGIC,ROUTE_PetalumaValleyHospitalProvidence,0.24,7.2283333333333335,ROUTE_PetalumaValleyHospitalProvidence,0.24,7.2283333333333335,ROUTE_UCSFMedicalCenter,0.24,61.39333333333333,ROUTE_PetalumaValleyHospitalProvidence,0.24,7.2283333333333335
37.77499999997316,-122.46555555551092,35.50012688939785,LVO,ROUTE_UCSFMedicalCenter,0.4528678757806716,6.9,ROUTE_UCSFHealthStanyanHospital,0.439794467688279,3.9633333333333334,ROUTE_UCSFMedicalCenter,0.4528678757806716,6.9,ROUTE_UCSFHealthStanyanHospital,0.439794467688279,3.9633333333333334
38.080277777751185,-122.22972222217739,200.6950668638263,LVO,ROUTE_SutterSolanoMedicalCenter,0.25714952375423844,9.503333333333334,ROUTE_SutterSolanoMedicalCenter,0.25714952375423844,9.503333333333334,ROUTE_JohnMuirMedicalCenterWalnutCreekCampus,0.24466880000000002,27.783333333333335,ROUTE_SutterSolanoMedicalCenter,0.25714952375423844,9.503333333333334
37.634999999973054,-122.41361111106643,90.31139415442034,LVO,ROUTE_MillsPeninsulaMedicalCenterSutter,0.42997496513852745,10.264999999999999,ROUTE_KaiserFoundationHospitalSouthSanFrancisco,0.2878508600864811,9.879999999999999,ROUTE_MillsPeninsulaMedicalCenterSutter,0.42997496513852745,10.264999999999999,ROUTE_KaiserFoundationHospitalSouthSanFrancisco,0.2878508600864811,9.879999999999999
37.782222222195394,-122.45666666662201,197.3930169708832,LVO,ROUTE_UCSFMedicalCenter,0.2586095989222368,6.951666666666667,ROUTE_KaiserFoundationHospitalSanFrancisco,0.2593468123008307,3.828333333333333,ROUTE_UCSFMedicalCenter,0.2586095989222368,6.951666666666667,ROUTE_KaiserFoundationHospitalSanFrancisco,0.2593468123008307,3.828333333333333
37.711944444417554,-122.46222222217757,31.67475001232645,NLVO,ROUTE_UCSFMedicalCenter,0.5895549616656993,13.365,ROUTE_AHMCSetonMedicalCenter,0.5923669772005811,7.221666666666667,ROUTE_UCSFMedicalCenter,0.5895549616656993,13.365,ROUTE_AHMCSetonMedicalCenter,0.5923669772005811,7.221666666666667
37.95777777775109,-122.06249999995504,173.55009771229302,LVO,ROUTE_JohnMuirMedicalCenterWalnutCreekCampus,0.26373495931155994,11.965,ROUTE_JohnMuirMedicalCenterConcordCampus,0.26442078081848036,9.131666666666666,ROUTE_JohnMuirMedicalCenterWalnutCreekCampus,0.26373495931155994,11.965,ROUTE_JohnMuirMedicalCenterConcordCampus,0.26442078081848036,9.131666666666666
37.84805555552878,-122.28305555551077,269.1489239410572,HEMORRHAGIC,ROUTE_AltaBatesSummitMedicalCenterAltaBatesCampus,0.24,6.626666666666667,ROUTE_AltaBatesSummitMedicalCenterAltaBatesCampus,0.24,6.626666666666667,ROUTE_JohnMuirMedicalCenterWalnutCreekCampus,0.24,26.043333333333333,ROUTE_KaiserFoundationHospitalOaklandRichmond,0.24,9.068333333333333
37.584166666639675,-122.38972222217751,247.45714825610065,HEMORRHAGIC,ROUTE_MillsPeninsulaMedicalCenterSutter,0.24,3.5300000000000002,ROUTE_MillsPeninsulaMedicalCenterSutter,0.24,3.5300000000000002,ROUTE_MillsPeninsulaMedicalCenterSutter,0.24,3.5300000000000002,ROUTE_MillsPeninsulaMedicalCenterSutter,0.24,3.5300000000000002
37.402222222195086,-122.12749999995509,107.22736434437388,LVO,ROUTE_StanfordHealthCare,0.4210753366433828,17.011666666666667,ROUTE_StanfordHealthCare,0.4210753366433828,17.011666666666667,ROUTE_StanfordHealthCare,0.4210753366433828,17.011666666666667,ROUTE_StanfordHealthCare,0.4210753366433828,17.011666666666667
37.725833333306454,-122.4088888888442,64.79051726699232,HEMORRHAGIC,ROUTE_CPMCDaviesCampusSutter,0.24,14.67,ROUTE_CPMCMissionBernalCampusSutter,0.24,9.443333333333333,ROUTE_CPMCDaviesCampusSutter,0.24,14.67,ROUTE_CPMCMissionBernalCampusSutter,0.24,9.443333333333333
37.69638888886199,-122.06638888884393,53.91072551976543,LVO,ROUTE_SutterEdenMedicalCenter,0.445112223527227,7.998333333333333,ROUTE_SutterEdenMedicalCenter,0.445112223527227,7.998333333333333,ROUTE_SutterEdenMedicalCenter,0.445112223527227,7.998333333333333,ROUTE_SutterEdenMedicalCenter,0.445112223527227,7.998333333333333
37.841388888862106,-122.22138888884405,145.9376207911274,HEMORRHAGIC,ROUTE_SutterEdenMedicalCenter,0.24,20.206666666666667,ROUTE_AltaBatesSummitMedicalCenterAltaBatesCampus,0.24,9.158333333333333,ROUTE_SutterEdenMedicalCenter,0.24,20.206666666666667,ROUTE_HighlandHospitalWilmaChanCampus,0.24,11.196666666666665
37.88888888886214,-122.26055555551075,127.18602307976286,NLVO,ROUTE_JohnMuirMedicalCenterWalnutCreekCampus,0.5322170467261427,31.081666666666667,ROUTE_AltaBatesSummitMedicalCenterAltaBatesCampus,0.4622,11.633333333333333,ROUTE_JohnMuirMedicalCenterWalnutCreekCampus,0.5322170467261427,31.081666666666667,ROUTE_AltaBatesSummitMedicalCenterSummitCampus,0.5370278475195258,20.793333333333333
37.751111111084256,-121.96055555551051,93.08573496153903,HEMORRHAGIC,ROUTE_SutterEdenMedicalCenter,0.24,21.285,ROUTE_SanRamonRegionalMedicalCenter,0.24,8.889999999999999,ROUTE_SutterEdenMedicalCenter,0.24,21.285,ROUTE_SanRamonRegionalMedicalCenter,0.24,8.889999999999999
37.566111111084105,-122.02777777773278,124.32289847622341,HEMORRHAGIC,ROUTE_SutterEdenMedicalCenter,0.24,21.833333333333332,ROUTE_StRoseHospital,0.24,12.67,ROUTE_SutterEdenMedicalCenter,0.24,21.833333333333332,ROUTE_WashingtonHospitalHealthcareSystem,0.24,12.7
37.780277777750946,-122.20472222217737,138.72910803402402,HEMORRHAGIC,ROUTE_SutterEdenMedicalCenter,0.24,18.151666666666664,ROUTE_HighlandHospitalWilmaChanCampus,0.24,7.235,ROUTE_SutterEdenMedicalCenter,0.24,18.151666666666664,ROUTE_HighlandHospitalWilmaChanCampus,0.24,7.235
37.93666666663996,-121.9569444443994,30.00716021647669,LVO,ROUTE_JohnMuirMedicalCenterWalnutCreekCampus,0.4526147978955715,13.703333333333335,ROUTE_JohnMuirMedicalCenterWalnutCreekCampus,0.4526147978955715,13.703333333333335,ROUTE_JohnMuirMedicalCenterWalnutCreekCampus,0.4526147978955715,13.703333333333335,ROUTE_JohnMuirMedicalCenterWalnutCreekCampus,0.4526147978955715,13.703333333333335
37.749722222195366,-122.42472222217755,144.37288149763305,MIMIC,ROUTE_CPMCDaviesCampusSutter,0.9,6.285,ROUTE_CPMCMissionBernalCampusSutter,0.9,1.6783333333333335,ROUTE_CPMCDaviesCampusSutter,0.9,6.285,ROUTE_CPMCMissionBernalCampusSutter,0.9,1.6783333333333335
37.63111111108416,-122.06999999995504,102.192855690541,LVO,ROUTE_SutterEdenMedicalCenter,0.42352024606608063,15.555,ROUTE_StRoseHospital,0.24466880000000002,4.806666666666667,ROUTE_SutterEdenMedicalCenter,0.42352024606608063,15.555,ROUTE_KaiserFoundationHospitalSanLeandro,0.2832814968569296,13.861666666666668
37.43249999997289,-122.153888888844,38.744436005037535,HEMORRHAGIC,ROUTE_StanfordHealthCare,0.24,6.385000000000001,ROUTE_StanfordHealthCare,0.24,6.385000000000001,ROUTE_StanfordHealthCare,0.24,6.385000000000001,ROUTE_StanfordHealthCare,0.24,6.385000000000001
37.69722222219532,-122.4847222221776,42.91038569753189,HEMORRHAGIC,ROUTE_CPMCDaviesCampusSutter,0.24,17.298333333333336,ROUTE_AHMCSetonMedicalCenter,0.24,7.028333333333333,ROUTE_CPMCDaviesCampusSutter,0.24,17.298333333333336,ROUTE_AHMCSetonMedicalCenter,0.24,7.028333333333333
37.706388888861994,-122.41055555551087,141.33344491132334,HEMORRHAGIC,ROUTE_MillsPeninsulaMedicalCenterSutter,0.24,17.42,ROUTE_ZuckerbergSanFranciscoGeneralHospital,0.24,13.69,ROUTE_MillsPeninsulaMedicalCenterSutter,0.24,17.42,ROUTE_ZuckerbergSanFranciscoGeneralHospital,0.24,13.69
37.991388888862225,-122.32333333328857,32.84945910987059,LVO,ROUTE_JohnMuirMedicalCenterWalnutCreekCampus,0.44404056513251594,34.394999999999996,ROUTE_KaiserFoundationHospitalRichmondCampus,0.4334273508687345,12.235000000000001,ROUTE_JohnMuirMedicalCenterWalnutCreekCampus,0.44404056513251594,34.394999999999996,ROUTE_KaiserFoundationHospitalRichmondCampus,0.4334273508687345,12.235000000000001
38.038611111084485,-122.54472222217764,154.54032085959187,MIMIC,ROUTE_UCSFMedicalCenter,0.9,44.394999999999996,ROUTE_KaiserFoundationHospitalSanRafael,0.9,11.91,ROUTE_UCSFMedicalCenter,0.9,44.394999999999996,ROUTE_KaiserFoundationHospitalSanRafael,0.9,11.91
37.538333333306305,-121.99611111106609,199.32959430705188,LVO,ROUTE_WashingtonHospitalHealthcareSystem,0.25831138671949816,6.066666666666666,ROUTE_WashingtonHospitalHealthcareSystem,0.25831138671949816,6.066666666666666,ROUTE_SutterEdenMedicalCenter,0.25430707156846194,23.266666666666666,ROUTE_WashingtonHospitalHealthcareSystem,0.25831138671949816,6.066666666666666
37.75138888886203,-122.47944444439982,163.57129893439128,HEMORRHAGIC,ROUTE_UCSFMedicalCenter,0.24,6.908333333333333,ROUTE_UCSFMedicalCenter,0.24,6.908333333333333,ROUTE_UCSFMedicalCenter,0.24,6.908333333333333,ROUTE_UCSFMedicalCenter,0.24,6.908333333333333
37.80277777775096,-122.26555555551076,64.0693049820755,NLVO,ROUTE_SutterEdenMedicalCenter,0.5685517987639047,23.046666666666667,ROUTE_HighlandHospitalWilmaChanCampus,0.5760135292551943,6.861666666666666,ROUTE_SutterEdenMedicalCenter,0.5685517987639047,23.046666666666667,ROUTE_HighlandHospitalWilmaChanCampus,0.5760135292551943,6.861666666666666
38.02138888886225,-122.26555555551076,37.37409685018206,HEMORRHAGIC,ROUTE_JohnMuirMedicalCenterWalnutCreekCampus,0.24,28.971666666666668,ROUTE_ContraCostaRegionalMedicalCenter,0.24,15.925,ROUTE_JohnMuirMedicalCenterWalnutCreekCampus,0.24,28.971666666666668,ROUTE_KaiserFoundationHospitalRichmondCampus,0.24,17.648333333333333
37.76388888886204,-122.19444444439958,192.1269999021325,HEMORRHAGIC,ROUTE_HighlandHospitalWilmaChanCampus,0.24,11.001666666666667,ROUTE_HighlandHospitalWilmaChanCampus,0.24,11.001666666666667,ROUTE_SutterEdenMedicalCenter,0.24,18.361666666666668,ROUTE_HighlandHospitalWilmaChanCampus,0.24,11.001666666666667
37.431111111084,-121.96833333328829,65.91797422883857,LVO,ROUTE_ElCaminoHealthMountainView,0.4357101810928091,21.081666666666667,ROUTE_OConnorHospital,0.29241218376406486,20.134999999999998,ROUTE_ElCaminoHealthMountainView,0.4357101810928091,21.081666666666667,ROUTE_OConnorHospital,0.29241218376406486,20.134999999999998
37.696666666639764,-121.86499999995488,85.96824487864897,NLVO,ROUTE_SutterEdenMedicalCenter,0.5579338429248324,21.666666666666668,ROUTE_StanfordHealthCareTriValley,0.5643368843587828,7.836666666666667,ROUTE_SutterEdenMedicalCenter,0.5579338429248324,21.666666666666668,ROUTE_StanfordHealthCareTriValley,0.5643368843587828,7.836666666666667
37.794166666639846,-122.40694444439976,30.775535502255565,LVO,ROUTE_CPMCDaviesCampusSutter,0.4533903597351705,10.705,ROUTE_ChineseHospital,0.441707075683077,1.4033333333333333,ROUTE_CPMCDaviesCampusSutter,0.4533903597351705,10.705,ROUTE_ChineseHospital,0.441707075683077,1.4033333333333333
37.8111111110843,-122.24555555551073,115.72147467092981,HEMORRHAGIC,ROUTE_SutterEdenMedicalCenter,0.24,18.918333333333333,ROUTE_HighlandHospitalWilmaChanCampus,0.24,4.841666666666667,ROUTE_SutterEdenMedicalCenter,0.24,18.918333333333333,ROUTE_HighlandHospitalWilmaChanCampus,0.24,4.841666666666667
37.69083333330643,-121.87777777773266,265.72118947900094,NLVO,ROUTE_StanfordHealthCareTriValley,0.4622,1.6966666666666665,ROUTE_StanfordHealthCareTriValley,0.4622,1.6966666666666665,ROUTE_SutterEdenMedicalCenter,0.4622,19.51833333333333,ROUTE_StanfordHealthCareTriValley,0.4622,1.6966666666666665
37.70944444441756,-122.43083333328866,168.32690338976127,MIMIC,ROUTE_CPMCDaviesCampusSutter,0.9,17.154999999999998,ROUTE_CPMCMissionBernalCampusSutter,0.9,10.883333333333333,ROUTE_CPMCDaviesCampusSutter,0.9,17.154999999999998,ROUTE_CPMCMissionBernalCampusSutter,0.9,10.883333333333333
37.42472222219511,-122.14277777773287,237.89444693900566,HEMORRHAGIC,ROUTE_StanfordHealthCare,0.24,9.653333333333334,ROUTE_StanfordHealthCare,0.24,9.653333333333334,ROUTE_StanfordHealthCare,0.24,9.653333333333334,ROUTE_StanfordHealthCare,0.24,9.653333333333334
37.534999999972975,-122.03444444439945,171.88612337188152,LVO,ROUTE_SutterEdenMedicalCenter,0.26118104474259557,24.448333333333334,ROUTE_WashingtonHospitalHealthcareSystem,0.26338659188981894,15.256666666666666,ROUTE_SutterEdenMedicalCenter,0.26118104474259557,24.448333333333334,ROUTE_WashingtonHospitalHealthcareSystem,0.26338659188981894,15.256666666666666
38.00694444441779,-121.87999999995489,142.32890050062616,LVO,ROUTE_JohnMuirMedicalCenterWalnutCreekCampus,0.4050682989748591,24.84333333333333,ROUTE_SutterDeltaMedicalCenter,0.24466880000000002,13.986666666666668,ROUTE_JohnMuirMedicalCenterWalnutCreekCampus,0.4050682989748591,24.84333333333333,ROUTE_JohnMuirMedicalCenterConcordCampus,0.2711600137430664,16.461666666666666
37.800833333306514,-122.431666666622,140.55792191631903,LVO,ROUTE_CPMCDaviesCampusSutter,0.4105324037229986,10.688333333333333,ROUTE_UCSFHealthHydeHospital,0.2745684561387582,4.908333333333333,ROUTE_CPMCDaviesCampusSutter,0.4105324037229986,10.688333333333333,ROUTE_UCSFHealthHydeHospital,0.2745684561387582,4.908333333333333
37.68805555552865,-122.4847222221776,71.94490071572017,NLVO,ROUTE_MillsPeninsulaMedicalCenterSutter,0.5669789927487817,17.701666666666664,ROUTE_AHMCSetonMedicalCenter,0.5728754441784122,4.923333333333333,ROUTE_MillsPeninsulaMedicalCenterSutter,0.5669789927487817,17.701666666666664,ROUTE_AHMCSetonMedicalCenter,0.5728754441784122,4.923333333333333
37.7833333333065,-122.41416666662198,86.77886065402554,LVO,ROUTE_CPMCDaviesCampusSutter,0.4319739251728003,8.498333333333333,ROUTE_UCSFHealthHydeHospital,0.2909310402864319,2.395,ROUTE_CPMCDaviesCampusSutter,0.4319739251728003,8.498333333333333,ROUTE_UCSFHealthHydeHospital,0.2909310402864319,2.395
37.99083333330667,-122.06388888884392,167.72570156242907,LVO,ROUTE_JohnMuirMedicalCenterWalnutCreekCampus,0.264375499602743,15.79,ROUTE_JohnMuirMedicalCenterConcordCampus,0.2662324241257439,8.163333333333334,ROUTE_JohnMuirMedicalCenterWalnutCreekCampus,0.264375499602743,15.79,ROUTE_JohnMuirMedicalCenterConcordCampus,0.2662324241257439,8.163333333333334
37.63333333330638,-122.44499999995534,64.33990483704528,HEMORRHAGIC,ROUTE_MillsPeninsulaMedicalCenterSutter,0.24,13.753333333333334,ROUTE_KaiserFoundationHospitalSouthSanFrancisco,0.24,9.213333333333333,ROUTE_MillsPeninsulaMedicalCenterSutter,0.24,13.753333333333334,ROUTE_KaiserFoundationHospitalSouthSanFrancisco,0.24,9.213333333333333
37.739166666639804,-122.42388888884422,121.54637431986298,NLVO,ROUTE_CPMCDaviesCampusSutter,0.545523930380824,8.845,ROUTE_CPMCMissionBernalCampusSutter,0.5484430877670214,2.5733333333333333,ROUTE_CPMCDaviesCampusSutter,0.545523930380824,8.845,ROUTE_CPMCMissionBernalCampusSutter,0.5484430877670214,2.5733333333333333
37.71583333330645,-121.72166666662143,249.2122244826843,LVO,ROUTE_StanfordHealthCareTriValley,0.24466880000000002,15.888333333333332,ROUTE_StanfordHealthCareTriValley,0.24466880000000002,15.888333333333332,ROUTE_SutterEdenMedicalCenter,0.24466880000000002,27.285,ROUTE_StanfordHealthCareTriValley,0.24466880000000002,15.888333333333332
37.94583333330663,-122.33666666662192,92.28952014651796,LVO,ROUTE_CPMCDaviesCampusSutter,0.4213537763769963,32.805,ROUTE_KaiserFoundationHospitalRichmondCampus,0.2883662635227044,5.763333333333334,ROUTE_CPMCDaviesCampusSutter,0.4213537763769963,32.805,ROUTE_KaiserFoundationHospitalRichmondCampus,0.2883662635227044,5.763333333333334
37.73527777775091,-122.41361111106643,31.445788534263144,HEMORRHAGIC,ROUTE_CPMCDaviesCampusSutter,0.24,11.966666666666667,ROUTE_CPMCMissionBernalCampusSutter,0.24,5.363333333333333,ROUTE_CPMCDaviesCampusSutter,0.24,11.966666666666667,ROUTE_CPMCMissionBernalCampusSutter,0.24,5.363333333333333
37.770277777750934,-122.43499999995534,192.08909454685858,HEMORRHAGIC,ROUTE_CPMCDaviesCampusSutter,0.24,1.1866666666666668,ROUTE_CPMCDaviesCampusSutter,0.24,1.1866666666666668,ROUTE_CPMCDaviesCampusSutter,0.24,1.1866666666666668,ROUTE_CPMCDaviesCampusSutter,0.24,1.1866666666666668
37.83055555552876,-122.26305555551075,99.01246176021127,LVO,ROUTE_SutterEdenMedicalCenter,0.421966989134975,23.565,ROUTE_KaiserFoundationHospitalOaklandRichmond,0.28685514848931226,3.93,ROUTE_SutterEdenMedicalCenter,0.421966989134975,23.565,ROUTE_KaiserFoundationHospitalOaklandRichmond,0.28685514848931226,3.93
37.505833333306285,-122.47888888884425,63.45724410993189,HEMORRHAGIC,ROUTE_MillsPeninsulaMedicalCenterSutter,0.24,36.13333333333333,ROUTE_AHMCSetonMedicalCenter,0.24,34.16166666666666,ROUTE_MillsPeninsulaMedicalCenterSutter,0.24,36.13333333333333,ROUTE_AHMCSetonMedicalCenter,0.24,34.16166666666666
37.591111111084125,-122.07944444439948,241.19734506019407,LVO,ROUTE_StRoseHospital,0.24466880000000002,11.476666666666667,ROUTE_StRoseHospital,0.24466880000000002,11.476666666666667,ROUTE_SutterEdenMedicalCenter,0.24466880000000002,21.423333333333336,ROUTE_KaiserFoundationHospitalSanLeandro,0.24466880000000002,19.73
37.666944444417524,-122.07194444439949,81.60221602332928,MIMIC,ROUTE_SutterEdenMedicalCenter,0.9,13.928333333333335,ROUTE_StRoseHospital,0.9,11.845,ROUTE_SutterEdenMedicalCenter,0.9,13.928333333333335,ROUTE_SutterEdenMedicalCenter,0.9,13.928333333333335
37.80694444441763,-122.41111111106642,63.026565650853755,HEMORRHAGIC,ROUTE_CPMCDaviesCampusSutter,0.24,13.238333333333333,ROUTE_ChineseHospital,0.24,4.845,ROUTE_CPMCDaviesCampusSutter,0.24,13.238333333333333,ROUTE_ChineseHospital,0.24,4.845
38.255277777751324,-122.61111111106658,244.12812613410483,LVO,ROUTE_PetalumaValleyHospitalProvidence,0.24466880000000002,6.131666666666666,ROUTE_PetalumaValleyHospitalProvidence,0.24466880000000002,6.131666666666666,ROUTE_UCSFMedicalCenter,0.24466880000000002,63.01,ROUTE_PetalumaValleyHospitalProvidence,0.24466880000000002,6.131666666666666
37.96999999997332,-122.03777777773279,178.49781238954776,LVO,ROUTE_JohnMuirMedicalCenterWalnutCreekCampus,0.26203851479465334,13.516666666666667,ROUTE_JohnMuirMedicalCenterConcordCampus,0.26404552661587943,5.183333333333334,ROUTE_JohnMuirMedicalCenterWalnutCreekCampus,0.26203851479465334,13.516666666666667,ROUTE_JohnMuirMedicalCenterConcordCampus,0.26404552661587943,5.183333333333334
37.54166666663964,-122.30749999995523,184.9364248020112,LVO,ROUTE_KaiserFoundationHospitalRedwoodCity,0.25990306829067067,15.32,ROUTE_SanMateoMedicalCenter,0.24466880000000002,5.5233333333333325,ROUTE_KaiserFoundationHospitalRedwoodCity,0.25990306829067067,15.32,ROUTE_KaiserFoundationHospitalRedwoodCity,0.25990306829067067,15.32
37.42361111108399,-122.1574999999551,112.95046309623157,LVO,ROUTE_StanfordHealthCare,0.42250847695690896,6.516666666666667,ROUTE_StanfordHealthCare,0.42250847695690896,6.516666666666667,ROUTE_StanfordHealthCare,0.42250847695690896,6.516666666666667,ROUTE_StanfordHealthCare,0.42250847695690896,6.516666666666667
37.3780555555284,-122.11138888884396,132.7075059307472,MIMIC,ROUTE_ElCaminoHealthMountainView,0.9,11.215,ROUTE_ElCaminoHealthMountainView,0.9,11.215,ROUTE_ElCaminoHealthMountainView,0.9,11.215,ROUTE_ElCaminoHealthMountainView,0.9,11.215
37.7644444444176,-122.18555555551069,168.724115401688,LVO,ROUTE_SutterEdenMedicalCenter,0.26331584017608994,19.063333333333333,ROUTE_HighlandHospitalWilmaChanCampus,0.26513413592708734,11.556666666666667,ROUTE_SutterEdenMedicalCenter,0.26331584017608994,19.063333333333333,ROUTE_HighlandHospitalWilmaChanCampus,0.26513413592708734,11.556666666666667
37.70666666663978,-122.46222222217757,61.79596528389957,LVO,ROUTE_CPMCDaviesCampusSutter,0.4396031028876217,14.68,ROUTE_AHMCSetonMedicalCenter,0.4263194600849834,7.6850000000000005,ROUTE_CPMCDaviesCampusSutter,0.4396031028876217,14.68,ROUTE_AHMCSetonMedicalCenter,0.4263194600849834,7.6850000000000005
37.80166666663985,-122.27611111106631,62.85976564056628,HEMORRHAGIC,ROUTE_SutterEdenMedicalCenter,0.24,22.53666666666667,ROUTE_AltaBatesSummitMedicalCenterSummitCampus,0.24,8.428333333333333,ROUTE_SutterEdenMedicalCenter,0.24,22.53666666666667,ROUTE_AltaBatesSummitMedicalCenterSummitCampus,0.24,8.428333333333333
37.46499999997292,-122.14666666662177,62.108548165527246,LVO,ROUTE_KaiserFoundationHospitalRedwoodCity,0.44120997380892574,9.816666666666666,ROUTE_KaiserFoundationHospitalRedwoodCity,0.44120997380892574,9.816666666666666,ROUTE_KaiserFoundationHospitalRedwoodCity,0.44120997380892574,9.816666666666666,ROUTE_KaiserFoundationHospitalRedwoodCity,0.44120997380892574,9.816666666666666
37.677222222195304,-121.86055555551043,231.6462033556814,HEMORRHAGIC,ROUTE_StanfordHealthCareTriValley,0.24,8.823333333333332,ROUTE_StanfordHealthCareTriValley,0.24,8.823333333333332,ROUTE_SutterEdenMedicalCenter,0.24,25.873333333333335,ROUTE_StanfordHealthCareTriValley,0.24,8.823333333333332
37.796111111084294,-122.24944444439963,130.93985647466587,LVO,ROUTE_SutterEdenMedicalCenter,0.4105596639956985,21.295,ROUTE_HighlandHospitalWilmaChanCampus,0.27754962589315146,3.933333333333333,ROUTE_SutterEdenMedicalCenter,0.4105596639956985,21.295,ROUTE_HighlandHospitalWilmaChanCampus,0.27754962589315146,3.933333333333333
37.728055555528684,-122.13166666662175,197.71202091759065,LVO,ROUTE_SutterEdenMedicalCenter,0.25743060466397755,11.616666666666667,ROUTE_SanLeandroHospitalAlamedaHealthSystem,0.24466880000000002,9.793333333333333,ROUTE_SutterEdenMedicalCenter,0.25743060466397755,11.616666666666667,ROUTE_SutterEdenMedicalCenter,0.25743060466397755,11.616666666666667
37.58305555552857,-122.34611111106638,127.36865242993335,MIMIC,ROUTE_MillsPeninsulaMedicalCenterSutter,0.9,7.988333333333333,ROUTE_MillsPeninsulaMedicalCenterSutter,0.9,7.988333333333333,ROUTE_MillsPeninsulaMedicalCenterSutter,0.9,7.988333333333333,ROUTE_MillsPeninsulaMedicalCenterSutter,0.9,7.988333333333333
37.46111111108402,-121.91166666662158,116.50586856966416,HEMORRHAGIC,ROUTE_RegionalMedicalCenterOfSanJose,0.24,15.216666666666667,ROUTE_RegionalMedicalCenterOfSanJose,0.24,15.216666666666667,ROUTE_RegionalMedicalCenterOfSanJose,0.24,15.216666666666667,ROUTE_RegionalMedicalCenterOfSanJose,0.24,15.216666666666667
37.96888888886221,-122.04222222217724,118.5058318058334,MIMIC,ROUTE_JohnMuirMedicalCenterWalnutCreekCampus,0.9,12.65,ROUTE_JohnMuirMedicalCenterConcordCampus,0.9,5.155,ROUTE_JohnMuirMedicalCenterWalnutCreekCampus,0.9,12.65,ROUTE_JohnMuirMedicalCenterConcordCampus,0.9,5.155
37.79888888886207,-121.94111111106605,240.07424731028073,HEMORRHAGIC,ROUTE_SanRamonRegionalMedicalCenter,0.24,14.326666666666666,ROUTE_SanRamonRegionalMedicalCenter,0.24,14.326666666666666,ROUTE_JohnMuirMedicalCenterWalnutCreekCampus,0.24,25.09333333333333,ROUTE_SanRamonRegionalMedicalCenter,0.24,14.326666666666666
38.01277777775113,-122.51555555551096,225.87270563446614,NLVO,ROUTE_KaiserFoundationHospitalSanRafael,0.4622,14.715,ROUTE_KaiserFoundationHospitalSanRafael,0.4622,14.715,ROUTE_UCSFMedicalCenter,0.4622,45.29,ROUTE_KaiserFoundationHospitalSanRafael,0.4622,14.715
37.796944444417626,-122.40027777773308,247.7228523749343,HEMORRHAGIC,ROUTE_ChineseHospital,0.24,3.67,ROUTE_ChineseHospital,0.24,3.67,ROUTE_CPMCDaviesCampusSutter,0.24,13.541666666666666,ROUTE_ChineseHospital,0.24,3.67
37.712777777750894,-121.71805555551032,33.20262154863699,HEMORRHAGIC,ROUTE_SutterEdenMedicalCenter,0.24,26.998333333333335,ROUTE_StanfordHealthCareTriValley,0.24,15.6,ROUTE_SutterEdenMedicalCenter,0.24,26.998333333333335,ROUTE_StanfordHealthCareTriValley,0.24,15.6
37.55388888886188,-122.28222222217744,205.69989599401777,MIMIC,ROUTE_MillsPeninsulaMedicalCenterSutter,0.9,14.233333333333333,ROUTE_SanMateoMedicalCenter,0.9,9.268333333333334,ROUTE_MillsPeninsulaMedicalCenterSutter,0.9,14.233333333333333,ROUTE_MillsPeninsulaMedicalCenterSutter,0.9,14.233333333333333
38.28138888886246,-122.02083333328834,214.99388969999788,LVO,ROUTE_NorthBayMedicalCenter,0.253253024529132,10.45,ROUTE_NorthBayMedicalCenter,0.253253024529132,10.45,ROUTE_JohnMuirMedicalCenterWalnutCreekCampus,0.24466880000000002,44.663333333333334,ROUTE_NorthBayMedicalCenter,0.253253024529132,10.45
37.81444444441764,-122.24416666662185,30.7934977334289,NLVO,ROUTE_SutterEdenMedicalCenter,0.5868525977485438,20.241666666666667,ROUTE_KaiserFoundationHospitalOaklandRichmond,0.5933172300657013,6.123333333333333,ROUTE_SutterEdenMedicalCenter,0.5868525977485438,20.241666666666667,ROUTE_KaiserFoundationHospitalOaklandRichmond,0.5933172300657013,6.123333333333333
37.97722222219555,-122.51666666662206,144.27725711813022,HEMORRHAGIC,ROUTE_UCSFMedicalCenter,0.24,37.169999999999995,ROUTE_MarinHealthMedicalCenter,0.24,10.276666666666667,ROUTE_UCSFMedicalCenter,0.24,37.169999999999995,ROUTE_MarinHealthMedicalCenter,0.24,10.276666666666667
37.44027777775067,-122.1499999999551,185.55679674519016,HEMORRHAGIC,ROUTE_StanfordHealthCare,0.24,7.533333333333333,ROUTE_StanfordHealthCare,0.24,7.533333333333333,ROUTE_StanfordHealthCare,0.24,7.533333333333333,ROUTE_StanfordHealthCare,0.24,7.533333333333333
37.775833333306494,-122.43888888884422,163.38594980403295,HEMORRHAGIC,ROUTE_CPMCDaviesCampusSutter,0.24,3.225,ROUTE_CPMCDaviesCampusSutter,0.24,3.225,ROUTE_CPMCDaviesCampusSutter,0.24,3.225,ROUTE_CPMCDaviesCampusSutter,0.24,3.225
37.8641666666399,-122.27083333328854,122.33831652448302,LVO,ROUTE_JohnMuirMedicalCenterWalnutCreekCampus,0.41138999486824473,28.415000000000003,ROUTE_AltaBatesSummitMedicalCenterAltaBatesCampus,0.24466880000000002,6.266666666666667,ROUTE_JohnMuirMedicalCenterWalnutCreekCampus,0.41138999486824473,28.415000000000003,ROUTE_KaiserFoundationHospitalOaklandRichmond,0.27804041540782193,11.585
37.98333333330666,-122.31722222217746,244.08276795486955,HEMORRHAGIC,ROUTE_KaiserFoundationHospitalRichmondCampus,0.24,11.888333333333332,ROUTE_KaiserFoundationHospitalRichmondCampus,0.24,11.888333333333332,ROUTE_JohnMuirMedicalCenterWalnutCreekCampus,0.24,32.575,ROUTE_KaiserFoundationHospitalRichmondCampus,0.24,11.888333333333332
37.87416666663991,-122.27833333328854,34.82192977361493,NLVO,ROUTE_CPMCDaviesCampusSutter,0.5793109737157042,32.19166666666667,ROUTE_AltaBatesSummitMedicalCenterAltaBatesCampus,0.5215343637395882,10.386666666666667,ROUTE_CPMCDaviesCampusSutter,0.5793109737157042,32.19166666666667,ROUTE_KaiserFoundationHospitalOaklandRichmond,0.5871035002778264,15.218333333333334
37.76722222219538,-122.18444444439957,173.54792225742187,LVO,ROUTE_SutterEdenMedicalCenter,0.26236389148314193,17.66,ROUTE_HighlandHospitalWilmaChanCampus,0.2641738058411461,10.153333333333334,ROUTE_SutterEdenMedicalCenter,0.26236389148314193,17.66,ROUTE_HighlandHospitalWilmaChanCampus,0.2641738058411461,10.153333333333334
37.881666666639916,-122.04388888884391,267.4793317188145,HEMORRHAGIC,ROUTE_KaiserFoundationHospitalWalnutCreek,0.24,6.258333333333334,ROUTE_KaiserFoundationHospitalWalnutCreek,0.24,6.258333333333334,ROUTE_JohnMuirMedicalCenterWalnutCreekCampus,0.24,10.563333333333333,ROUTE_KaiserFoundationHospitalWalnutCreek,0.24,6.258333333333334
37.828888888862096,-122.2094444443996,143.8546823763296,LVO,ROUTE_SutterEdenMedicalCenter,0.4059854153804013,20.43166666666667,ROUTE_HighlandHospitalWilmaChanCampus,0.27230031694247,10.22,ROUTE_SutterEdenMedicalCenter,0.4059854153804013,20.43166666666667,ROUTE_HighlandHospitalWilmaChanCampus,0.27230031694247,10.22
37.95555555552886,-122.01055555551055,238.6927819319357,HEMORRHAGIC,ROUTE_JohnMuirMedicalCenterConcordCampus,0.24,10.4,ROUTE_JohnMuirMedicalCenterConcordCampus,0.24,10.4,ROUTE_JohnMuirMedicalCenterWalnutCreekCampus,0.24,12.245000000000001,ROUTE_JohnMuirMedicalCenterConcordCampus,0.24,10.4
37.49999999997294,-121.9227777777327,255.16042718885862,MIMIC,ROUTE_KaiserFoundationHospitalFremont,0.9,15.316666666666666,ROUTE_KaiserFoundationHospitalFremont,0.9,15.316666666666666,ROUTE_RegionalMedicalCenterOfSanJose,0.9,16.616666666666667,ROUTE_KaiserFoundationHospitalFremont,0.9,15.316666666666666
37.73055555552868,-122.39638888884419,241.25837584095854,LVO,ROUTE_CPMCMissionBernalCampusSutter,0.24466880000000002,10.553333333333335,ROUTE_CPMCMissionBernalCampusSutter,0.24466880000000002,10.553333333333335,ROUTE_CPMCDaviesCampusSutter,0.24466880000000002,15.673333333333334,ROUTE_CPMCMissionBernalCampusSutter,0.24466880000000002,10.553333333333335
37.63805555552861,-122.07388888884392,172.4464543922802,LVO,ROUTE_SutterEdenMedicalCenter,0.26259779719249887,17.91,ROUTE_StRoseHospital,0.24466880000000002,7.161666666666666,ROUTE_SutterEdenMedicalCenter,0.26259779719249887,17.91,ROUTE_KaiserFoundationHospitalSanLeandro,0.2630051490978692,16.216666666666665
37.567499999972995,-122.02055555551055,99.35423084293919,LVO,ROUTE_SutterEdenMedicalCenter,0.4223571132428996,22.06,ROUTE_WashingtonHospitalHealthcareSystem,0.2848372322523841,11.129999999999999,ROUTE_SutterEdenMedicalCenter,0.4223571132428996,22.06,ROUTE_WashingtonHospitalHealthcareSystem,0.2848372322523841,11.129999999999999
37.77916666663983,-122.46972222217758,85.39252071882616,NLVO,ROUTE_UCSFMedicalCenter,0.5645371178658181,8.043333333333333,ROUTE_UCSFHealthStanyanHospital,0.5658938743559034,5.108333333333333,ROUTE_UCSFMedicalCenter,0.5645371178658181,8.043333333333333,ROUTE_UCSFHealthStanyanHospital,0.5658938743559034,5.108333333333333
37.99916666664001,-121.86305555551043,74.27839735435592,NLVO,ROUTE_JohnMuirMedicalCenterWalnutCreekCampus,0.5615996490084058,26.741666666666667,ROUTE_SutterDeltaMedicalCenter,0.5016134980559619,11.646666666666667,ROUTE_JohnMuirMedicalCenterWalnutCreekCampus,0.5615996490084058,26.741666666666667,ROUTE_KaiserFoundationHospitalAntioch,0.5661591465930209,16.883333333333333
38.248333333306874,-122.05222222217725,165.92019445900354,LVO,ROUTE_JohnMuirMedicalCenterWalnutCreekCampus,0.2590250274096796,40.16,ROUTE_NorthBayMedicalCenter,0.2674544876130774,5.1866666666666665,ROUTE_JohnMuirMedicalCenterWalnutCreekCampus,0.2590250274096796,40.16,ROUTE_NorthBayMedicalCenter,0.2674544876130774,5.1866666666666665
37.529999999972965,-121.98888888884386,92.31567105830186,LVO,ROUTE_RegionalMedicalCenterOfSanJose,0.4241138723366175,24.821666666666665,ROUTE_WashingtonHospitalHealthcareSystem,0.28754147571594457,8.806666666666667,ROUTE_RegionalMedicalCenterOfSanJose,0.4241138723366175,24.821666666666665,ROUTE_WashingtonHospitalHealthcareSystem,0.28754147571594457,8.806666666666667
37.534166666639635,-122.02583333328833,251.83397844569794,LVO,ROUTE_WashingtonHospitalHealthcareSystem,0.24466880000000002,13.308333333333334,ROUTE_WashingtonHospitalHealthcareSystem,0.24466880000000002,13.308333333333334,ROUTE_SutterEdenMedicalCenter,0.24466880000000002,24.60666666666667,ROUTE_WashingtonHospitalHealthcareSystem,0.24466880000000002,13.308333333333334
37.71999999997312,-122.43638888884422,257.0386753307662,HEMORRHAGIC,ROUTE_CPMCMissionBernalCampusSutter,0.24,8.175,ROUTE_CPMCMissionBernalCampusSutter,0.24,8.175,ROUTE_CPMCDaviesCampusSutter,0.24,14.445,ROUTE_CPMCMissionBernalCampusSutter,0.24,8.175
37.700833333306434,-122.09999999995506,251.31044176058197,HEMORRHAGIC,ROUTE_SutterEdenMedicalCenter,0.24,4.3516666666666675,ROUTE_SutterEdenMedicalCenter,0.24,4.3516666666666675,ROUTE_SutterEdenMedicalCenter,0.24,4.3516666666666675,ROUTE_SutterEdenMedicalCenter,0.24,4.3516666666666675
38.327499999973604,-122.30999999995524,231.227669195677,HEMORRHAGIC,ROUTE_ProvidenceQueenOfTheValleyMedicalCenter,0.24,3.4183333333333334,ROUTE_ProvidenceQueenOfTheValleyMedicalCenter,0.24,3.4183333333333334,ROUTE_JohnMuirMedicalCenterWalnutCreekCampus,0.24,50.09166666666667,ROUTE_ProvidenceQueenOfTheValleyMedicalCenter,0.24,3.4183333333333334
37.79388888886207,-122.42361111106644,161.27578767456316,NLVO,ROUTE_CPMCDaviesCampusSutter,0.5245975912996735,9.461666666666668,ROUTE_UCSFHealthHydeHospital,0.5275402685948946,3.1883333333333335,ROUTE_CPMCDaviesCampusSutter,0.5245975912996735,9.461666666666668,ROUTE_UCSFHealthHydeHospital,0.5275402685948946,3.1883333333333335
37.93499999997329,-121.70277777773252,230.3847895503656,HEMORRHAGIC,ROUTE_KaiserFoundationHospitalAntioch,0.24,14.491666666666667,ROUTE_KaiserFoundationHospitalAntioch,0.24,14.491666666666667,ROUTE_JohnMuirMedicalCenterWalnutCreekCampus,0.24,40.71,ROUTE_KaiserFoundationHospitalAntioch,0.24,14.491666666666667
37.759444444417596,-122.39805555551085,105.42057826756064,LVO,ROUTE_CPMCDaviesCampusSutter,0.4235591479362826,11.856666666666666,ROUTE_ZuckerbergSanFranciscoGeneralHospital,0.2842165575850982,6.733333333333333,ROUTE_CPMCDaviesCampusSutter,0.4235591479362826,11.856666666666666,ROUTE_ZuckerbergSanFranciscoGeneralHospital,0.2842165575850982,6.733333333333333
37.96166666663998,-122.04138888884391,259.8412521915466,LVO,ROUTE_JohnMuirMedicalCenterConcordCampus,0.24466880000000002,8.126666666666667,ROUTE_JohnMuirMedicalCenterConcordCampus,0.24466880000000002,8.126666666666667,ROUTE_JohnMuirMedicalCenterWalnutCreekCampus,0.24466880000000002,11.126666666666667,ROUTE_JohnMuirMedicalCenterConcordCampus,0.24466880000000002,8.126666666666667
37.67888888886198,-122.13499999995508,219.86881088761945,HEMORRHAGIC,ROUTE_StRoseHospital,0.24,8.808333333333334,ROUTE_StRoseHospital,0.24,8.808333333333334,ROUTE_SutterEdenMedicalCenter,0.24,11.321666666666665,ROUTE_KaiserFoundationHospitalSanLeandro,0.24,10.136666666666667
37.800833333306514,-122.40833333328864,226.9201373553853,LVO,ROUTE_ChineseHospital,0.24466880000000002,2.6983333333333333,ROUTE_ChineseHospital,0.24466880000000002,2.6983333333333333,ROUTE_CPMCDaviesCampusSutter,0.24466880000000002,12.358333333333333,ROUTE_ChineseHospital,0.24466880000000002,2.6983333333333333
37.99444444441778,-121.80972222217706,220.46018855654899,HEMORRHAGIC,ROUTE_SutterDeltaMedicalCenter,0.24,3.808333333333333,ROUTE_SutterDeltaMedicalCenter,0.24,3.808333333333333,ROUTE_JohnMuirMedicalCenterWalnutCreekCampus,0.24,28.791666666666668,ROUTE_KaiserFoundationHospitalAntioch,0.24,10.276666666666667
37.78527777775095,-122.46861111106647,136.15539827851214,NLVO,ROUTE_UCSFMedicalCenter,0.5374415952640494,9.941666666666666,ROUTE_KaiserFoundationHospitalSanFrancisco,0.5393350573742636,5.886666666666667,ROUTE_UCSFMedicalCenter,0.5374415952640494,9.941666666666666,ROUTE_KaiserFoundationHospitalSanFrancisco,0.5393350573742636,5.886666666666667
37.78888888886206,-122.43972222217755,145.3728981281906,LVO,ROUTE_CPMCDaviesCampusSutter,0.41008433502469505,6.655,ROUTE_KaiserFoundationHospitalSanFrancisco,0.27364706883755874,3.1933333333333334,ROUTE_CPMCDaviesCampusSutter,0.41008433502469505,6.655,ROUTE_KaiserFoundationHospitalSanFrancisco,0.27364706883755874,3.1933333333333334
38.31194444441804,-122.48999999995537,71.64395023112206,LVO,ROUTE_JohnMuirMedicalCenterWalnutCreekCampus,0.41615030294207866,70.83166666666666,ROUTE_SonomaValleyHospital,0.2935066898895335,9.773333333333333,ROUTE_JohnMuirMedicalCenterWalnutCreekCampus,0.41615030294207866,70.83166666666666,ROUTE_SonomaValleyHospital,0.2935066898895335,9.773333333333333
37.780833333306504,-122.49583333328872,191.12754397879905,HEMORRHAGIC,ROUTE_UCSFMedicalCenter,0.24,11.475,ROUTE_UCSFHealthStanyanHospital,0.24,10.403333333333334,ROUTE_UCSFMedicalCenter,0.24,11.475,ROUTE_UCSFHealthStanyanHospital,0.24,10.403333333333334
37.78611111108428,-122.23944444439962,171.7841888430461,NLVO,ROUTE_SutterEdenMedicalCenter,0.5140606380532567,20.19333333333333,ROUTE_HighlandHospitalWilmaChanCampus,0.521699805466163,3.9566666666666666,ROUTE_SutterEdenMedicalCenter,0.5140606380532567,20.19333333333333,ROUTE_HighlandHospitalWilmaChanCampus,0.521699805466163,3.9566666666666666
37.76111111108426,-122.42361111106644,218.7255895746745,NLVO,ROUTE_CPMCMissionBernalCampusSutter,0.4972994961339943,3.503333333333333,ROUTE_CPMCMissionBernalCampusSutter,0.4972994961339943,3.503333333333333,ROUTE_CPMCDaviesCampusSutter,0.49687363631641474,4.401666666666667,ROUTE_CPMCMissionBernalCampusSutter,0.4972994961339943,3.503333333333333
37.823333333306536,-122.23527777773295,60.623074761910345,HEMORRHAGIC,ROUTE_SutterEdenMedicalCenter,0.24,22.723333333333336,ROUTE_KaiserFoundationHospitalOaklandRichmond,0.24,6.855,ROUTE_SutterEdenMedicalCenter,0.24,22.723333333333336,ROUTE_KaiserFoundationHospitalOaklandRichmond,0.24,6.855
37.758611111084264,-122.49305555551094,260.28017013947556,MIMIC,ROUTE_UCSFMedicalCenter,0.9,7.71,ROUTE_UCSFMedicalCenter,0.9,7.71,ROUTE_UCSFMedicalCenter,0.9,7.71,ROUTE_UCSFMedicalCenter,0.9,7.71
37.751666666639814,-122.42166666662199,222.49877588382063,MIMIC,ROUTE_CPMCMissionBernalCampusSutter,0.9,1.8900000000000001,ROUTE_CPMCMissionBernalCampusSutter,0.9,1.8900000000000001,ROUTE_CPMCDaviesCampusSutter,0.9,6.553333333333333,ROUTE_CPMCMissionBernalCampusSutter,0.9,1.8900000000000001
38.25222222219577,-122.0338888888439,69.0587708563607,MIMIC,ROUTE_JohnMuirMedicalCenterWalnutCreekCampus,0.9,42.36,ROUTE_NorthBayMedicalCenter,0.9,5.843333333333334,ROUTE_JohnMuirMedicalCenterWalnutCreekCampus,0.9,42.36,ROUTE_NorthBayMedicalCenter,0.9,5.843333333333334
37.9222222221955,-121.7208333332881,234.4758615282781,NLVO,ROUTE_KaiserFoundationHospitalAntioch,0.4622,12.275,ROUTE_KaiserFoundationHospitalAntioch,0.4622,12.275,ROUTE_JohnMuirMedicalCenterWalnutCreekCampus,0.4622,37.8,ROUTE_KaiserFoundationHospitalAntioch,0.4622,12.275
37.98611111108444,-121.81222222217706,55.558459505878574,LVO,ROUTE_JohnMuirMedicalCenterWalnutCreekCampus,0.4363087165312638,30.9,ROUTE_SutterDeltaMedicalCenter,0.26273442509695816,3.9716666666666667,ROUTE_JohnMuirMedicalCenterWalnutCreekCampus,0.4363087165312638,30.9,ROUTE_KaiserFoundationHospitalAntioch,0.29826684137553494,10.44
37.343888888861706,-122.08138888884393,260.3676357842828,MIMIC,ROUTE_ElCaminoHealthMountainView,0.9,9.601666666666667,ROUTE_ElCaminoHealthMountainView,0.9,9.601666666666667,ROUTE_ElCaminoHealthMountainView,0.9,9.601666666666667,ROUTE_ElCaminoHealthMountainView,0.9,9.601666666666667
37.74083333330647,-122.15694444439956,181.4401714786038,HEMORRHAGIC,ROUTE_SutterEdenMedicalCenter,0.24,13.09,ROUTE_SanLeandroHospitalAlamedaHealthSystem,0.24,10.333333333333334,ROUTE_SutterEdenMedicalCenter,0.24,13.09,ROUTE_HighlandHospitalWilmaChanCampus,0.24,10.643333333333334
37.9613888888622,-122.32527777773302,191.80228821112144,HEMORRHAGIC,ROUTE_KaiserFoundationHospitalRichmondCampus,0.24,11.948333333333332,ROUTE_KaiserFoundationHospitalRichmondCampus,0.24,11.948333333333332,ROUTE_CPMCDaviesCampusSutter,0.24,34.615,ROUTE_KaiserFoundationHospitalRichmondCampus,0.24,11.948333333333332
37.53666666663964,-122.00361111106609,36.12467208460735,LVO,ROUTE_SutterEdenMedicalCenter,0.44665114190588207,23.466666666666665,ROUTE_WashingtonHospitalHealthcareSystem,0.4344317919957372,8.488333333333333,ROUTE_SutterEdenMedicalCenter,0.44665114190588207,23.466666666666665,ROUTE_WashingtonHospitalHealthcareSystem,0.4344317919957372,8.488333333333333
37.553611111084095,-122.0086111110661,140.66551433250982,LVO,ROUTE_SutterEdenMedicalCenter,0.4062721891697253,23.126666666666665,ROUTE_WashingtonHospitalHealthcareSystem,0.27358773758306454,8.658333333333333,ROUTE_SutterEdenMedicalCenter,0.4062721891697253,23.126666666666665,ROUTE_WashingtonHospitalHealthcareSystem,0.27358773758306454,8.658333333333333
37.89749999997326,-121.60527777773244,75.92469358576898,NLVO,ROUTE_JohnMuirMedicalCenterWalnutCreekCampus,0.5490744830998195,51.906666666666666,ROUTE_KaiserFoundationHospitalAntioch,0.560919458895347,26.381666666666668,ROUTE_JohnMuirMedicalCenterWalnutCreekCampus,0.5490744830998195,51.906666666666666,ROUTE_KaiserFoundationHospitalAntioch,0.560919458895347,26.381666666666668
37.779444444417614,-122.40999999995532,47.85865826655073,LVO,ROUTE_CPMCDaviesCampusSutter,0.4470921353603874,9.2,ROUTE_UCSFHealthHydeHospital,0.4337423513737638,4.916666666666667,ROUTE_CPMCDaviesCampusSutter,0.4470921353603874,9.2,ROUTE_UCSFHealthHydeHospital,0.4337423513737638,4.916666666666667
37.654999999973064,-122.04555555551057,82.10825183537804,LVO,ROUTE_SutterEdenMedicalCenter,0.4306022851820538,17.591666666666665,ROUTE_StRoseHospital,0.24466880000000002,13.835,ROUTE_SutterEdenMedicalCenter,0.4306022851820538,17.591666666666665,ROUTE_SutterEdenMedicalCenter,0.4306022851820538,17.591666666666665
37.554444444417435,-121.9694444443994,164.02770487338728,LVO,ROUTE_RegionalMedicalCenterOfSanJose,0.2628456801832614,26.233333333333334,ROUTE_KaiserFoundationHospitalFremont,0.2686740707213685,2.3449999999999998,ROUTE_RegionalMedicalCenterOfSanJose,0.2628456801832614,26.233333333333334,ROUTE_KaiserFoundationHospitalFremont,0.2686740707213685,2.3449999999999998
37.60138888886191,-122.39416666662197,174.92494754300418,HEMORRHAGIC,ROUTE_MillsPeninsulaMedicalCenterSutter,0.24,2.665,ROUTE_MillsPeninsulaMedicalCenterSutter,0.24,2.665,ROUTE_MillsPeninsulaMedicalCenterSutter,0.24,2.665,ROUTE_MillsPeninsulaMedicalCenterSutter,0.24,2.665
37.396666666639526,-122.20444444439958,32.458586977182705,LVO,ROUTE_StanfordHealthCare,0.44935244197092555,20.023333333333333,ROUTE_StanfordHealthCare,0.44935244197092555,20.023333333333333,ROUTE_StanfordHealthCare,0.44935244197092555,20.023333333333333,ROUTE_StanfordHealthCare,0.44935244197092555,20.023333333333333
37.782222222195394,-122.22638888884406,91.53086825982905,MIMIC,ROUTE_SutterEdenMedicalCenter,0.9,20.06833333333333,ROUTE_HighlandHospitalWilmaChanCampus,0.9,4.926666666666667,ROUTE_SutterEdenMedicalCenter,0.9,20.06833333333333,ROUTE_HighlandHospitalWilmaChanCampus,0.9,4.926666666666667
37.40444444441731,-122.05805555551059,209.3057799483656,LVO,ROUTE_ElCaminoHealthMountainView,0.2544281415656816,11.656666666666666,ROUTE_ElCaminoHealthMountainView,0.2544281415656816,11.656666666666666,ROUTE_ElCaminoHealthMountainView,0.2544281415656816,11.656666666666666,ROUTE_ElCaminoHealthMountainView,0.2544281415656816,11.656666666666666
38.01527777775113,-122.25527777773297,261.0157908514399,NLVO,ROUTE_ContraCostaRegionalMedicalCenter,0.4622,14.558333333333334,ROUTE_ContraCostaRegionalMedicalCenter,0.4622,14.558333333333334,ROUTE_JohnMuirMedicalCenterWalnutCreekCampus,0.4622,27.605,ROUTE_KaiserFoundationHospitalRichmondCampus,0.4622,16.176666666666666
37.97861111108444,-122.07999999995505,239.21643609149453,HEMORRHAGIC,ROUTE_JohnMuirMedicalCenterConcordCampus,0.24,11.796666666666665,ROUTE_JohnMuirMedicalCenterConcordCampus,0.24,11.796666666666665,ROUTE_JohnMuirMedicalCenterWalnutCreekCampus,0.24,16.378333333333334,ROUTE_JohnMuirMedicalCenterConcordCampus,0.24,11.796666666666665
37.425833333306215,-122.1777777777329,38.571599679836226,LVO,ROUTE_StanfordHealthCare,0.4519062629889252,6.1483333333333325,ROUTE_StanfordHealthCare,0.4519062629889252,6.1483333333333325,ROUTE_StanfordHealthCare,0.4519062629889252,6.1483333333333325,ROUTE_StanfordHealthCare,0.4519062629889252,6.1483333333333325
37.708888888862,-121.87694444439933,68.15344732998123,NLVO,ROUTE_SutterEdenMedicalCenter,0.568544287505003,18.525,ROUTE_StanfordHealthCareTriValley,0.5741638979240299,6.34,ROUTE_SutterEdenMedicalCenter,0.568544287505003,18.525,ROUTE_StanfordHealthCareTriValley,0.5741638979240299,6.34
37.969166666639985,-122.03722222217723,213.88016283432103,LVO,ROUTE_JohnMuirMedicalCenterConcordCampus,0.25461973716907127,5.743333333333334,ROUTE_JohnMuirMedicalCenterConcordCampus,0.25461973716907127,5.743333333333334,ROUTE_JohnMuirMedicalCenterWalnutCreekCampus,0.24466880000000002,13.138333333333332,ROUTE_JohnMuirMedicalCenterConcordCampus,0.25461973716907127,5.743333333333334
38.24388888886243,-122.07583333328837,186.69566350533873,HEMORRHAGIC,ROUTE_NorthBayMedicalCenter,0.24,8.613333333333333,ROUTE_NorthBayMedicalCenter,0.24,8.613333333333333,ROUTE_JohnMuirMedicalCenterWalnutCreekCampus,0.24,40.355000000000004,ROUTE_NorthBayMedicalCenter,0.24,8.613333333333333
37.75694444441759,-122.41749999995531,77.65767180831538,LVO,ROUTE_CPMCDaviesCampusSutter,0.43609301902191955,6.955,ROUTE_CPMCMissionBernalCampusSutter,0.2931019882148152,4.568333333333333,ROUTE_CPMCDaviesCampusSutter,0.43609301902191955,6.955,ROUTE_CPMCMissionBernalCampusSutter,0.2931019882148152,4.568333333333333
37.733055555528686,-122.2333333332885,161.1531086521705,LVO,ROUTE_SutterEdenMedicalCenter,0.264825935338594,21.236666666666668,ROUTE_AlamedaHospital,0.2677223648704913,9.395000000000001,ROUTE_SutterEdenMedicalCenter,0.264825935338594,21.236666666666668,ROUTE_AlamedaHospital,0.2677223648704913,9.395000000000001
37.58583333330635,-122.34361111106637,41.208579430589715,LVO,ROUTE_MillsPeninsulaMedicalCenterSutter,0.4500941703628645,8.241666666666667,ROUTE_MillsPeninsulaMedicalCenterSutter,0.4500941703628645,8.241666666666667,ROUTE_MillsPeninsulaMedicalCenterSutter,0.4500941703628645,8.241666666666667,ROUTE_MillsPeninsulaMedicalCenterSutter,0.4500941703628645,8.241666666666667
37.78249999997317,-122.3988888888442,202.859371738722,HEMORRHAGIC,ROUTE_ChineseHospital,0.24,6.1883333333333335,ROUTE_ChineseHospital,0.24,6.1883333333333335,ROUTE_CPMCDaviesCampusSutter,0.24,9.101666666666667,ROUTE_ChineseHospital,0.24,6.1883333333333335
37.58861111108413,-122.02861111106611,135.6951739954092,NLVO,ROUTE_SutterEdenMedicalCenter,0.5324340661986747,21.163333333333334,ROUTE_StRoseHospital,0.4622,12.001666666666667,ROUTE_SutterEdenMedicalCenter,0.5324340661986747,21.163333333333334,ROUTE_WashingtonHospitalHealthcareSystem,0.535548216193629,14.504999999999999
38.24888888886243,-122.59638888884434,207.17797622328453,LVO,ROUTE_PetalumaValleyHospitalProvidence,0.25568506237402766,8.586666666666668,ROUTE_PetalumaValleyHospitalProvidence,0.25568506237402766,8.586666666666668,ROUTE_UCSFMedicalCenter,0.24466880000000002,64.04,ROUTE_PetalumaValleyHospitalProvidence,0.25568506237402766,8.586666666666668
37.709166666639774,-122.12638888884398,253.5649047882301,LVO,ROUTE_SanLeandroHospitalAlamedaHealthSystem,0.24466880000000002,4.136666666666667,ROUTE_SanLeandroHospitalAlamedaHealthSystem,0.24466880000000002,4.136666666666667,ROUTE_SutterEdenMedicalCenter,0.24466880000000002,7.795,ROUTE_SutterEdenMedicalCenter,0.24466880000000002,7.795
37.466944444417365,-122.14666666662177,125.1339112940495,HEMORRHAGIC,ROUTE_KaiserFoundationHospitalRedwoodCity,0.24,10.668333333333333,ROUTE_KaiserFoundationHospitalRedwoodCity,0.24,10.668333333333333,ROUTE_KaiserFoundationHospitalRedwoodCity,0.24,10.668333333333333,ROUTE_KaiserFoundationHospitalRedwoodCity,0.24,10.668333333333333
37.69777777775088,-122.13916666662176,91.98633512107789,HEMORRHAGIC,ROUTE_SutterEdenMedicalCenter,0.24,10.576666666666666,ROUTE_SanLeandroHospitalAlamedaHealthSystem,0.24,5.866666666666666,ROUTE_SutterEdenMedicalCenter,0.24,10.576666666666666,ROUTE_KaiserFoundationHospitalSanLeandro,0.24,8.298333333333334
38.0119444444178,-121.7952777777326,231.87240873005888,LVO,ROUTE_SutterDeltaMedicalCenter,0.24466880000000002,7.458333333333333,ROUTE_SutterDeltaMedicalCenter,0.24466880000000002,7.458333333333333,ROUTE_JohnMuirMedicalCenterWalnutCreekCampus,0.24466880000000002,32.056666666666665,ROUTE_KaiserFoundationHospitalAntioch,0.24466880000000002,12.976666666666667
37.831666666639876,-122.01583333328833,122.85656363784584,LVO,ROUTE_JohnMuirMedicalCenterWalnutCreekCampus,0.4155770529597569,15.598333333333333,ROUTE_KaiserFoundationHospitalWalnutCreek,0.27830418477426944,9.986666666666668,ROUTE_JohnMuirMedicalCenterWalnutCreekCampus,0.4155770529597569,15.598333333333333,ROUTE_KaiserFoundationHospitalWalnutCreek,0.27830418477426944,9.986666666666668
38.273611111084676,-122.01749999995499,147.75602531227526,LVO,ROUTE_JohnMuirMedicalCenterWalnutCreekCampus,0.2626395720547401,45.169999999999995,ROUTE_NorthBayMedicalCenter,0.2710282590577147,10.958333333333334,ROUTE_JohnMuirMedicalCenterWalnutCreekCampus,0.2626395720547401,45.169999999999995,ROUTE_NorthBayMedicalCenter,0.2710282590577147,10.958333333333334
37.66583333330641,-121.79055555551037,106.85774589760146,HEMORRHAGIC,ROUTE_SutterEdenMedicalCenter,0.24,30.098333333333336,ROUTE_StanfordHealthCareTriValley,0.24,18.133333333333333,ROUTE_SutterEdenMedicalCenter,0.24,30.098333333333336,ROUTE_StanfordHealthCareTriValley,0.24,18.133333333333333
38.00499999997335,-121.71749999995475,242.96067000127934,LVO,ROUTE_SutterDeltaMedicalCenter,0.24466880000000002,17.091666666666665,ROUTE_SutterDeltaMedicalCenter,0.24466880000000002,17.091666666666665,ROUTE_JohnMuirMedicalCenterWalnutCreekCampus,0.24466880000000002,38.65,ROUTE_KaiserFoundationHospitalAntioch,0.24466880000000002,17.641666666666666
37.78555555552873,-122.41361111106643,51.20987254271303,HEMORRHAGIC,ROUTE_CPMCDaviesCampusSutter,0.24,9.173333333333334,ROUTE_UCSFHealthHydeHospital,0.24,2.9883333333333337,ROUTE_CPMCDaviesCampusSutter,0.24,9.173333333333334,ROUTE_UCSFHealthHydeHospital,0.24,2.9883333333333337
37.77638888886205,-122.48888888884426,242.1396841671447,LVO,ROUTE_UCSFHealthStanyanHospital,0.24466880000000002,7.401666666666667,ROUTE_UCSFHealthStanyanHospital,0.24466880000000002,7.401666666666667,ROUTE_UCSFMedicalCenter,0.24466880000000002,8.475,ROUTE_UCSFHealthStanyanHospital,0.24466880000000002,7.401666666666667
37.984444444417775,-122.27222222217742,160.0627844089265,LVO,ROUTE_JohnMuirMedicalCenterWalnutCreekCampus,0.2621456010217085,33.553333333333335,ROUTE_KaiserFoundationHospitalRichmondCampus,0.26581408452838606,18.39,ROUTE_JohnMuirMedicalCenterWalnutCreekCampus,0.2621456010217085,33.553333333333335,ROUTE_KaiserFoundationHospitalRichmondCampus,0.26581408452838606,18.39
37.95166666663997,-122.09499999995506,94.45834493715199,MIMIC,ROUTE_JohnMuirMedicalCenterWalnutCreekCampus,0.9,15.888333333333332,ROUTE_JohnMuirMedicalCenterConcordCampus,0.9,14.103333333333333,ROUTE_JohnMuirMedicalCenterWalnutCreekCampus,0.9,15.888333333333332,ROUTE_JohnMuirMedicalCenterConcordCampus,0.9,14.103333333333333
37.83944444441766,-122.20499999995515,93.62539158676033,NLVO,ROUTE_SutterEdenMedicalCenter,0.5539082017444552,21.836666666666666,ROUTE_AltaBatesSummitMedicalCenterAltaBatesCampus,0.4622,11.981666666666666,ROUTE_SutterEdenMedicalCenter,0.5539082017444552,21.836666666666666,ROUTE_KaiserFoundationHospitalOaklandRichmond,0.5582870659651473,12.396666666666667
37.611944444417475,-122.41833333328866,100.21097033076639,LVO,ROUTE_MillsPeninsulaMedicalCenterSutter,0.42636586672898635,9.583333333333334,ROUTE_MillsPeninsulaMedicalCenterSutter,0.42636586672898635,9.583333333333334,ROUTE_MillsPeninsulaMedicalCenterSutter,0.42636586672898635,9.583333333333334,ROUTE_MillsPeninsulaMedicalCenterSutter,0.42636586672898635,9.583333333333334
37.99194444441778,-121.69999999995474,260.4423391145608,LVO,ROUTE_KaiserFoundationHospitalAntioch,0.24466880000000002,16.483333333333334,ROUTE_KaiserFoundationHospitalAntioch,0.24466880000000002,16.483333333333334,ROUTE_JohnMuirMedicalCenterWalnutCreekCampus,0.24466880000000002,38.093333333333334,ROUTE_KaiserFoundationHospitalAntioch,0.24466880000000002,16.483333333333334
37.724444444417564,-122.40444444439976,39.084284114768394,LVO,ROUTE_CPMCDaviesCampusSutter,0.44865789003586753,14.591666666666667,ROUTE_ZuckerbergSanFranciscoGeneralHospital,0.43545651337651803,9.818333333333333,ROUTE_CPMCDaviesCampusSutter,0.44865789003586753,14.591666666666667,ROUTE_ZuckerbergSanFranciscoGeneralHospital,0.43545651337651803,9.818333333333333
37.99527777775112,-121.89861111106602,130.4387123347907,HEMORRHAGIC,ROUTE_JohnMuirMedicalCenterWalnutCreekCampus,0.24,20.336666666666666,ROUTE_SutterDeltaMedicalCenter,0.24,11.926666666666668,ROUTE_JohnMuirMedicalCenterWalnutCreekCampus,0.24,20.336666666666666,ROUTE_JohnMuirMedicalCenterConcordCampus,0.24,14.401666666666667
37.792499999973174,-122.21916666662183,104.55796692399927,MIMIC,ROUTE_SutterEdenMedicalCenter,0.9,17.223333333333336,ROUTE_HighlandHospitalWilmaChanCampus,0.9,4.568333333333333,ROUTE_SutterEdenMedicalCenter,0.9,17.223333333333336,ROUTE_HighlandHospitalWilmaChanCampus,0.9,4.568333333333333
37.657777777750844,-122.40944444439975,62.55394494125969,HEMORRHAGIC,ROUTE_MillsPeninsulaMedicalCenterSutter,0.24,10.94,ROUTE_KaiserFoundationHospitalSouthSanFrancisco,0.24,7.546666666666667,ROUTE_MillsPeninsulaMedicalCenterSutter,0.24,10.94,ROUTE_KaiserFoundationHospitalSouthSanFrancisco,0.24,7.546666666666667
37.93833333330663,-122.32277777773302,197.02903009954673,HEMORRHAGIC,ROUTE_KaiserFoundationHospitalRichmondCampus,0.24,8.565,ROUTE_KaiserFoundationHospitalRichmondCampus,0.24,8.565,ROUTE_CPMCDaviesCampusSutter,0.24,32.10166666666667,ROUTE_KaiserFoundationHospitalRichmondCampus,0.24,8.565
37.38472222219507,-122.04166666662168,255.00555776080284,MIMIC,ROUTE_ElCaminoHealthMountainView,0.9,12.571666666666665,ROUTE_ElCaminoHealthMountainView,0.9,12.571666666666665,ROUTE_ElCaminoHealthMountainView,0.9,12.571666666666665,ROUTE_ElCaminoHealthMountainView,0.9,12.571666666666665
37.76333333330649,-122.4213888888442,163.2753876797229,LVO,ROUTE_CPMCDaviesCampusSutter,0.4039036611112635,5.025,ROUTE_CPMCMissionBernalCampusSutter,0.2684031982011928,4.276666666666667,ROUTE_CPMCDaviesCampusSutter,0.4039036611112635,5.025,ROUTE_CPMCMissionBernalCampusSutter,0.2684031982011928,4.276666666666667
37.76388888886204,-122.47972222217759,107.24457234651322,NLVO,ROUTE_UCSFMedicalCenter,0.554594071108663,5.2266666666666675,ROUTE_UCSFMedicalCenter,0.554594071108663,5.2266666666666675,ROUTE_UCSFMedicalCenter,0.554594071108663,5.2266666666666675,ROUTE_UCSFMedicalCenter,0.554594071108663,5.2266666666666675
37.80138888886207,-122.1930555555107,75.91828109827497,LVO,ROUTE_SutterEdenMedicalCenter,0.43328722973671485,16.835,ROUTE_HighlandHospitalWilmaChanCampus,0.2928089876239098,7.571666666666667,ROUTE_SutterEdenMedicalCenter,0.43328722973671485,16.835,ROUTE_HighlandHospitalWilmaChanCampus,0.2928089876239098,7.571666666666667
37.785833333306506,-122.23222222217738,225.05420955324382,LVO,ROUTE_HighlandHospitalWilmaChanCampus,0.24466880000000002,3.06,ROUTE_HighlandHospitalWilmaChanCampus,0.24466880000000002,3.06,ROUTE_SutterEdenMedicalCenter,0.24466880000000002,20.421666666666667,ROUTE_HighlandHospitalWilmaChanCampus,0.24466880000000002,3.06
37.90194444441771,-122.03749999995502,180.4785773239696,HEMORRHAGIC,ROUTE_JohnMuirMedicalCenterWalnutCreekCampus,0.24,8.753333333333334,ROUTE_JohnMuirMedicalCenterWalnutCreekCampus,0.24,8.753333333333334,ROUTE_JohnMuirMedicalCenterWalnutCreekCampus,0.24,8.753333333333334,ROUTE_JohnMuirMedicalCenterWalnutCreekCampus,0.24,8.753333333333334
37.40249999997287,-122.08277777773283,227.09889101072324,HEMORRHAGIC,ROUTE_ElCaminoHealthMountainView,0.24,13.17,ROUTE_ElCaminoHealthMountainView,0.24,13.17,ROUTE_ElCaminoHealthMountainView,0.24,13.17,ROUTE_ElCaminoHealthMountainView,0.24,13.17
37.72083333330645,-121.73138888884365,203.93580719376993,HEMORRHAGIC,ROUTE_StanfordHealthCareTriValley,0.24,17.561666666666667,ROUTE_StanfordHealthCareTriValley,0.24,17.561666666666667,ROUTE_SutterEdenMedicalCenter,0.24,28.958333333333332,ROUTE_StanfordHealthCareTriValley,0.24,17.561666666666667
37.91138888886216,-121.59527777773243,50.7164391027349,HEMORRHAGIC,ROUTE_JohnMuirMedicalCenterWalnutCreekCampus,0.24,53.708333333333336,ROUTE_KaiserFoundationHospitalAntioch,0.24,28.183333333333334,ROUTE_JohnMuirMedicalCenterWalnutCreekCampus,0.24,53.708333333333336,ROUTE_KaiserFoundationHospitalAntioch,0.24,28.183333333333334
37.97249999997332,-122.29583333328856,55.126974675049325,HEMORRHAGIC,ROUTE_JohnMuirMedicalCenterWalnutCreekCampus,0.24,36.184999999999995,ROUTE_KaiserFoundationHospitalRichmondCampus,0.24,18.576666666666664,ROUTE_JohnMuirMedicalCenterWalnutCreekCampus,0.24,36.184999999999995,ROUTE_KaiserFoundationHospitalRichmondCampus,0.24,18.576666666666664
37.439722222195115,-122.18888888884402,91.00162880826882,MIMIC,ROUTE_StanfordHealthCare,0.9,9.133333333333333,ROUTE_StanfordHealthCare,0.9,9.133333333333333,ROUTE_StanfordHealthCare,0.9,9.133333333333333,ROUTE_StanfordHealthCare,0.9,9.133333333333333
38.003888888862235,-122.56055555551099,57.23269086172315,LVO,ROUTE_UCSFMedicalCenter,0.43036989420666993,45.89333333333333,ROUTE_KaiserFoundationHospitalSanRafael,0.29950774358762966,4.1433333333333335,ROUTE_UCSFMedicalCenter,0.43036989420666993,45.89333333333333,ROUTE_KaiserFoundationHospitalSanRafael,0.29950774358762966,4.1433333333333335
38.26555555552911,-122.4908333332887,259.7913091037789,HEMORRHAGIC,ROUTE_SonomaValleyHospital,0.24,7.066666666666666,ROUTE_SonomaValleyHospital,0.24,7.066666666666666,ROUTE_JohnMuirMedicalCenterWalnutCreekCampus,0.24,63.46666666666667,ROUTE_SonomaValleyHospital,0.24,7.066666666666666
38.3224999999736,-122.28999999995521,194.72976517122586,HEMORRHAGIC,ROUTE_ProvidenceQueenOfTheValleyMedicalCenter,0.24,3.7083333333333335,ROUTE_ProvidenceQueenOfTheValleyMedicalCenter,0.24,3.7083333333333335,ROUTE_JohnMuirMedicalCenterWalnutCreekCampus,0.24,52.983333333333334,ROUTE_ProvidenceQueenOfTheValleyMedicalCenter,0.24,3.7083333333333335
38.00916666664002,-121.8066666666215,241.23942390757875,HEMORRHAGIC,ROUTE_SutterDeltaMedicalCenter,0.24,7.598333333333333,ROUTE_SutterDeltaMedicalCenter,0.24,7.598333333333333,ROUTE_JohnMuirMedicalCenterWalnutCreekCampus,0.24,29.706666666666667,ROUTE_KaiserFoundationHospitalAntioch,0.24,13.291666666666666
37.94444444441774,-122.33138888884413,243.555472994662,NLVO,ROUTE_KaiserFoundationHospitalRichmondCampus,0.4622,6.236666666666666,ROUTE_KaiserFoundationHospitalRichmondCampus,0.4622,6.236666666666666,ROUTE_CPMCDaviesCampusSutter,0.4622,32.05166666666666,ROUTE_KaiserFoundationHospitalRichmondCampus,0.4622,6.236666666666666
37.79999999997318,-122.2763888888441,190.61135637008982,HEMORRHAGIC,ROUTE_HighlandHospitalWilmaChanCampus,0.24,8.076666666666666,ROUTE_HighlandHospitalWilmaChanCampus,0.24,8.076666666666666,ROUTE_SutterEdenMedicalCenter,0.24,21.978333333333335,ROUTE_HighlandHospitalWilmaChanCampus,0.24,8.076666666666666
37.93333333330662,-121.93305555551049,74.28267527554954,MIMIC,ROUTE_JohnMuirMedicalCenterWalnutCreekCampus,0.9,16.84,ROUTE_JohnMuirMedicalCenterWalnutCreekCampus,0.9,16.84,ROUTE_JohnMuirMedicalCenterWalnutCreekCampus,0.9,16.84,ROUTE_JohnMuirMedicalCenterWalnutCreekCampus,0.9,16.84
37.67972222219531,-121.89166666662156,81.87859164899068,MIMIC,ROUTE_SutterEdenMedicalCenter,0.9,21.788333333333334,ROUTE_StanfordHealthCareTriValley,0.9,7.971666666666667,ROUTE_SutterEdenMedicalCenter,0.9,21.788333333333334,ROUTE_StanfordHealthCareTriValley,0.9,7.971666666666667
37.632222222195274,-122.04361111106613,177.496630988363,LVO,ROUTE_SutterEdenMedicalCenter,0.2603057637895549,21.89,ROUTE_StRoseHospital,0.24466880000000002,12.436666666666667,ROUTE_SutterEdenMedicalCenter,0.2603057637895549,21.89,ROUTE_KaiserFoundationHospitalSanLeandro,0.2607085323406283,20.196666666666665
37.787222222195396,-122.40722222217754,84.76954044254967,LVO,ROUTE_CPMCDaviesCampusSutter,0.4320053137117429,10.641666666666667,ROUTE_UCSFHealthHydeHospital,0.2913108471254743,3.23,ROUTE_CPMCDaviesCampusSutter,0.4320053137117429,10.641666666666667,ROUTE_UCSFHealthHydeHospital,0.2913108471254743,3.23
37.88194444441769,-122.26583333328853,89.67144868028677,NLVO,ROUTE_SutterEdenMedicalCenter,0.5513528248525481,31.73166666666667,ROUTE_AltaBatesSummitMedicalCenterAltaBatesCampus,0.4622,9.31,ROUTE_SutterEdenMedicalCenter,0.5513528248525481,31.73166666666667,ROUTE_KaiserFoundationHospitalOaklandRichmond,0.5581139982281478,17.163333333333334
37.46999999997292,-122.14333333328842,195.74246160011936,LVO,ROUTE_KaiserFoundationHospitalRedwoodCity,0.2580878134592108,11.003333333333334,ROUTE_KaiserFoundationHospitalRedwoodCity,0.2580878134592108,11.003333333333334,ROUTE_KaiserFoundationHospitalRedwoodCity,0.2580878134592108,11.003333333333334,ROUTE_KaiserFoundationHospitalRedwoodCity,0.2580878134592108,11.003333333333334
37.748055555528694,-122.16444444439956,53.021832818840586,LVO,ROUTE_SutterEdenMedicalCenter,0.44345190415258523,13.628333333333334,ROUTE_SanLeandroHospitalAlamedaHealthSystem,0.3985949616359954,11.445,ROUTE_SutterEdenMedicalCenter,0.44345190415258523,13.628333333333334,ROUTE_HighlandHospitalWilmaChanCampus,0.4278463464853672,12.248333333333333
37.459999999972915,-122.27555555551076,127.42054766762784,LVO,ROUTE_KaiserFoundationHospitalRedwoodCity,0.4130233139478122,17.983333333333334,ROUTE_SequoiaHospital,0.27621523476807275,13.045,ROUTE_KaiserFoundationHospitalRedwoodCity,0.4130233139478122,17.983333333333334,ROUTE_SequoiaHospital,0.27621523476807275,13.045
37.764999999973156,-122.44388888884423,188.3432115863324,HEMORRHAGIC,ROUTE_CPMCDaviesCampusSutter,0.24,3.3133333333333335,ROUTE_CPMCDaviesCampusSutter,0.24,3.3133333333333335,ROUTE_CPMCDaviesCampusSutter,0.24,3.3133333333333335,ROUTE_CPMCDaviesCampusSutter,0.24,3.3133333333333335
37.68472222219531,-122.10694444439952,106.62740361546439,LVO,ROUTE_SutterEdenMedicalCenter,0.42493662849403113,6.555000000000001,ROUTE_SutterEdenMedicalCenter,0.42493662849403113,6.555000000000001,ROUTE_SutterEdenMedicalCenter,0.42493662849403113,6.555000000000001,ROUTE_SutterEdenMedicalCenter,0.42493662849403113,6.555000000000001
37.70277777775088,-122.41361111106643,122.99937182514714,HEMORRHAGIC,ROUTE_MillsPeninsulaMedicalCenterSutter,0.24,19.571666666666665,ROUTE_CPMCMissionBernalCampusSutter,0.24,15.528333333333334,ROUTE_MillsPeninsulaMedicalCenterSutter,0.24,19.571666666666665,ROUTE_CPMCMissionBernalCampusSutter,0.24,15.528333333333334
37.776111111084276,-122.41472222217753,57.3237056967934,LVO,ROUTE_CPMCDaviesCampusSutter,0.4439773053965171,7.378333333333333,ROUTE_CPMCVanNessCampusSutter,0.43051842263294904,4.045,ROUTE_CPMCDaviesCampusSutter,0.4439773053965171,7.378333333333333,ROUTE_CPMCVanNessCampusSutter,0.43051842263294904,4.045
37.7416666666398,-122.16333333328845,204.19877454677956,LVO,ROUTE_HighlandHospitalWilmaChanCampus,0.2556541750251733,12.03,ROUTE_SanLeandroHospitalAlamedaHealthSystem,0.24466880000000002,10.586666666666668,ROUTE_SutterEdenMedicalCenter,0.25508732862846445,14.476666666666667,ROUTE_HighlandHospitalWilmaChanCampus,0.2556541750251733,12.03
37.974722222195545,-122.2724999999552,139.103618858824,LVO,ROUTE_JohnMuirMedicalCenterWalnutCreekCampus,0.40262419428211105,35.68666666666666,ROUTE_KaiserFoundationHospitalRichmondCampus,0.2713511416923018,19.28166666666667,ROUTE_JohnMuirMedicalCenterWalnutCreekCampus,0.40262419428211105,35.68666666666666,ROUTE_KaiserFoundationHospitalRichmondCampus,0.2713511416923018,19.28166666666667
37.714722222195334,-122.12444444439953,166.67059907954967,NLVO,ROUTE_SutterEdenMedicalCenter,0.5212926349880781,10.504999999999999,ROUTE_SanLeandroHospitalAlamedaHealthSystem,0.4622,7.2716666666666665,ROUTE_SutterEdenMedicalCenter,0.5212926349880781,10.504999999999999,ROUTE_SutterEdenMedicalCenter,0.5212926349880781,10.504999999999999
37.77916666663983,-122.43777777773312,215.233831587404,HEMORRHAGIC,ROUTE_KaiserFoundationHospitalSanFrancisco,0.24,3.4583333333333335,ROUTE_KaiserFoundationHospitalSanFrancisco,0.24,3.4583333333333335,ROUTE_CPMCDaviesCampusSutter,0.24,4.358333333333333,ROUTE_KaiserFoundationHospitalSanFrancisco,0.24,3.4583333333333335
37.725277777750904,-122.40499999995531,147.72973362600916,HEMORRHAGIC,ROUTE_CPMCDaviesCampusSutter,0.24,14.455,ROUTE_ZuckerbergSanFranciscoGeneralHospital,0.24,9.681666666666667,ROUTE_CPMCDaviesCampusSutter,0.24,14.455,ROUTE_ZuckerbergSanFranciscoGeneralHospital,0.24,9.681666666666667
38.07694444441785,-122.1791666666218,209.8943908541881,HEMORRHAGIC,ROUTE_SutterSolanoMedicalCenter,0.24,13.1,ROUTE_SutterSolanoMedicalCenter,0.24,13.1,ROUTE_JohnMuirMedicalCenterWalnutCreekCampus,0.24,24.58833333333333,ROUTE_SutterSolanoMedicalCenter,0.24,13.1
37.77972222219539,-121.89694444439934,166.12276202224487,HEMORRHAGIC,ROUTE_SutterEdenMedicalCenter,0.24,29.081666666666667,ROUTE_SanRamonRegionalMedicalCenter,0.24,12.604999999999999,ROUTE_SutterEdenMedicalCenter,0.24,29.081666666666667,ROUTE_SanRamonRegionalMedicalCenter,0.24,12.604999999999999
37.77138888886205,-121.97416666662163,46.01817940135916,HEMORRHAGIC,ROUTE_JohnMuirMedicalCenterWalnutCreekCampus,0.24,19.991666666666667,ROUTE_SanRamonRegionalMedicalCenter,0.24,5.225,ROUTE_JohnMuirMedicalCenterWalnutCreekCampus,0.24,19.991666666666667,ROUTE_SanRamonRegionalMedicalCenter,0.24,5.225
37.56666666663966,-122.05083333328835,142.93795439994625,HEMORRHAGIC,ROUTE_SutterEdenMedicalCenter,0.24,20.865000000000002,ROUTE_StRoseHospital,0.24,11.703333333333335,ROUTE_SutterEdenMedicalCenter,0.24,20.865000000000002,ROUTE_WashingtonHospitalHealthcareSystem,0.24,16.555
37.90749999997327,-121.72472222217698,182.17692040220786,LVO,ROUTE_KaiserFoundationHospitalAntioch,0.26164873767236163,11.056666666666667,ROUTE_KaiserFoundationHospitalAntioch,0.26164873767236163,11.056666666666667,ROUTE_JohnMuirMedicalCenterWalnutCreekCampus,0.255634931770262,36.58166666666667,ROUTE_KaiserFoundationHospitalAntioch,0.26164873767236163,11.056666666666667
37.771944444417606,-121.90749999995491,204.3458370712837,MIMIC,ROUTE_SanRamonRegionalMedicalCenter,0.9,10.125,ROUTE_SanRamonRegionalMedicalCenter,0.9,10.125,ROUTE_SutterEdenMedicalCenter,0.9,25.965,ROUTE_SanRamonRegionalMedicalCenter,0.9,10.125
37.6444444444175,-122.47222222217758,194.3076082832818,HEMORRHAGIC,ROUTE_AHMCSetonMedicalCenter,0.24,8.693333333333333,ROUTE_AHMCSetonMedicalCenter,0.24,8.693333333333333,ROUTE_MillsPeninsulaMedicalCenterSutter,0.24,16.043333333333333,ROUTE_AHMCSetonMedicalCenter,0.24,8.693333333333333
37.736944444417574,-122.16638888884401,70.69423685343585,HEMORRHAGIC,ROUTE_SutterEdenMedicalCenter,0.24,15.415,ROUTE_SanLeandroHospitalAlamedaHealthSystem,0.24,8.501666666666667,ROUTE_SutterEdenMedicalCenter,0.24,15.415,ROUTE_KaiserFoundationHospitalSanLeandro,0.24,12.016666666666667
37.534166666639635,-121.99888888884387,248.53607081848847,MIMIC,ROUTE_WashingtonHospitalHealthcareSystem,0.9,7.068333333333333,ROUTE_WashingtonHospitalHealthcareSystem,0.9,7.068333333333333,ROUTE_SutterEdenMedicalCenter,0.9,22.598333333333336,ROUTE_WashingtonHospitalHealthcareSystem,0.9,7.068333333333333
37.707222222195334,-122.12666666662174,85.46021275171658,NLVO,ROUTE_SutterEdenMedicalCenter,0.5646025231979183,7.826666666666667,ROUTE_SanLeandroHospitalAlamedaHealthSystem,0.49871147299947177,3.795,ROUTE_SutterEdenMedicalCenter,0.5646025231979183,7.826666666666667,ROUTE_SutterEdenMedicalCenter,0.5646025231979183,7.826666666666667
38.01055555552891,-122.26472222217741,217.72381384717374,HEMORRHAGIC,ROUTE_ContraCostaRegionalMedicalCenter,0.24,14.811666666666667,ROUTE_ContraCostaRegionalMedicalCenter,0.24,14.811666666666667,ROUTE_JohnMuirMedicalCenterWalnutCreekCampus,0.24,27.86,ROUTE_KaiserFoundationHospitalRichmondCampus,0.24,18.38
37.916388888862166,-122.48055555551092,172.2901591759882,LVO,ROUTE_UCSFMedicalCenter,0.25841738527439245,35.66,ROUTE_MarinHealthMedicalCenter,0.2636346803504085,13.78,ROUTE_UCSFMedicalCenter,0.25841738527439245,35.66,ROUTE_MarinHealthMedicalCenter,0.2636346803504085,13.78
37.98916666664,-122.02583333328833,229.36889777471035,HEMORRHAGIC,ROUTE_JohnMuirMedicalCenterConcordCampus,0.24,5.178333333333333,ROUTE_JohnMuirMedicalCenterConcordCampus,0.24,5.178333333333333,ROUTE_JohnMuirMedicalCenterWalnutCreekCampus,0.24,18.043333333333333,ROUTE_JohnMuirMedicalCenterConcordCampus,0.24,5.178333333333333
37.79638888886207,-122.39833333328863,220.5100376888053,HEMORRHAGIC,ROUTE_ChineseHospital,0.24,3.9433333333333334,ROUTE_ChineseHospital,0.24,3.9433333333333334,ROUTE_CPMCDaviesCampusSutter,0.24,13.573333333333332,ROUTE_ChineseHospital,0.24,3.9433333333333334
37.9499999999733,-122.33749999995526,53.14182097993005,NLVO,ROUTE_CPMCDaviesCampusSutter,0.5692565322390098,33.66166666666667,ROUTE_KaiserFoundationHospitalRichmondCampus,0.5820213685785368,5.9383333333333335,ROUTE_CPMCDaviesCampusSutter,0.5692565322390098,33.66166666666667,ROUTE_KaiserFoundationHospitalRichmondCampus,0.5820213685785368,5.9383333333333335
37.93416666663996,-122.37416666662195,171.5628091882013,LVO,ROUTE_CPMCDaviesCampusSutter,0.2585915919729219,35.72833333333333,ROUTE_KaiserFoundationHospitalRichmondCampus,0.2659916461212394,4.885000000000001,ROUTE_CPMCDaviesCampusSutter,0.2585915919729219,35.72833333333333,ROUTE_KaiserFoundationHospitalRichmondCampus,0.2659916461212394,4.885000000000001
37.53944444441742,-122.04305555551058,264.48244220954746,HEMORRHAGIC,ROUTE_StRoseHospital,0.24,15.428333333333335,ROUTE_StRoseHospital,0.24,15.428333333333335,ROUTE_SutterEdenMedicalCenter,0.24,24.59,ROUTE_WashingtonHospitalHealthcareSystem,0.24,15.92
37.73944444441758,-122.15694444439956,201.71456218119974,LVO,ROUTE_HighlandHospitalWilmaChanCampus,0.25641097063600765,11.535,ROUTE_SanLeandroHospitalAlamedaHealthSystem,0.24466880000000002,10.103333333333333,ROUTE_SutterEdenMedicalCenter,0.25584187663194125,13.981666666666666,ROUTE_HighlandHospitalWilmaChanCampus,0.25641097063600765,11.535
37.99777777775112,-122.31222222217745,100.40507635900971,HEMORRHAGIC,ROUTE_JohnMuirMedicalCenterWalnutCreekCampus,0.24,32.20166666666667,ROUTE_KaiserFoundationHospitalRichmondCampus,0.24,13.33,ROUTE_JohnMuirMedicalCenterWalnutCreekCampus,0.24,32.20166666666667,ROUTE_KaiserFoundationHospitalRichmondCampus,0.24,13.33
37.6583333333064,-122.40999999995532,36.47393265086423,HEMORRHAGIC,ROUTE_MillsPeninsulaMedicalCenterSutter,0.24,11.285,ROUTE_KaiserFoundationHospitalSouthSanFrancisco,0.24,7.891666666666667,ROUTE_MillsPeninsulaMedicalCenterSutter,0.24,11.285,ROUTE_KaiserFoundationHospitalSouthSanFrancisco,0.24,7.891666666666667
37.57972222219523,-122.38583333328863,124.3957285057956,NLVO,ROUTE_MillsPeninsulaMedicalCenterSutter,0.545733047743444,5.23,ROUTE_MillsPeninsulaMedicalCenterSutter,0.545733047743444,5.23,ROUTE_MillsPeninsulaMedicalCenterSutter,0.545733047743444,5.23,ROUTE_MillsPeninsulaMedicalCenterSutter,0.545733047743444,5.23
37.55055555552854,-122.35138888884416,69.64988334640582,HEMORRHAGIC,ROUTE_MillsPeninsulaMedicalCenterSutter,0.24,13.173333333333334,ROUTE_MillsPeninsulaMedicalCenterSutter,0.24,13.173333333333334,ROUTE_MillsPeninsulaMedicalCenterSutter,0.24,13.173333333333334,ROUTE_MillsPeninsulaMedicalCenterSutter,0.24,13.173333333333334
37.781388888862054,-122.2069444443996,59.452574020625015,HEMORRHAGIC,ROUTE_SutterEdenMedicalCenter,0.24,18.19333333333333,ROUTE_HighlandHospitalWilmaChanCampus,0.24,7.275,ROUTE_SutterEdenMedicalCenter,0.24,18.19333333333333,ROUTE_HighlandHospitalWilmaChanCampus,0.24,7.275
37.96111111108442,-122.35666666662193,225.0078417156192,HEMORRHAGIC,ROUTE_KaiserFoundationHospitalRichmondCampus,0.24,6.6866666666666665,ROUTE_KaiserFoundationHospitalRichmondCampus,0.24,6.6866666666666665,ROUTE_CPMCDaviesCampusSutter,0.24,38.69666666666667,ROUTE_KaiserFoundationHospitalRichmondCampus,0.24,6.6866666666666665
37.724444444417564,-122.46166666662202,156.82502846546504,HEMORRHAGIC,ROUTE_UCSFMedicalCenter,0.24,11.811666666666667,ROUTE_CPMCMissionBernalCampusSutter,0.24,8.581666666666667,ROUTE_UCSFMedicalCenter,0.24,11.811666666666667,ROUTE_CPMCMissionBernalCampusSutter,0.24,8.581666666666667
37.39999999997286,-121.99833333328831,115.29138853933743,MIMIC,ROUTE_KaiserFoundationHospitalSantaClara,0.9,14.453333333333335,ROUTE_KaiserFoundationHospitalSantaClara,0.9,14.453333333333335,ROUTE_KaiserFoundationHospitalSantaClara,0.9,14.453333333333335,ROUTE_KaiserFoundationHospitalSantaClara,0.9,14.453333333333335
37.76388888886204,-122.42444444439977,117.86624657921101,MIMIC,ROUTE_CPMCDaviesCampusSutter,0.9,4.673333333333333,ROUTE_CPMCMissionBernalCampusSutter,0.9,3.925,ROUTE_CPMCDaviesCampusSutter,0.9,4.673333333333333,ROUTE_CPMCMissionBernalCampusSutter,0.9,3.925
37.68166666663976,-122.05555555551058,44.17674653437747,LVO,ROUTE_SutterEdenMedicalCenter,0.4469387626915282,13.718333333333334,ROUTE_SutterEdenMedicalCenter,0.4469387626915282,13.718333333333334,ROUTE_SutterEdenMedicalCenter,0.4469387626915282,13.718333333333334,ROUTE_SutterEdenMedicalCenter,0.4469387626915282,13.718333333333334
37.95583333330664,-121.9708333332883,97.43565438155015,LVO,ROUTE_JohnMuirMedicalCenterWalnutCreekCampus,0.4270233510329656,10.783333333333333,ROUTE_JohnMuirMedicalCenterWalnutCreekCampus,0.4270233510329656,10.783333333333333,ROUTE_JohnMuirMedicalCenterWalnutCreekCampus,0.4270233510329656,10.783333333333333,ROUTE_JohnMuirMedicalCenterWalnutCreekCampus,0.4270233510329656,10.783333333333333
37.44138888886179,-121.90666666662158,218.95328873851113,HEMORRHAGIC,ROUTE_RegionalMedicalCenterOfSanJose,0.24,13.818333333333333,ROUTE_RegionalMedicalCenterOfSanJose,0.24,13.818333333333333,ROUTE_RegionalMedicalCenterOfSanJose,0.24,13.818333333333333,ROUTE_RegionalMedicalCenterOfSanJose,0.24,13.818333333333333
38.09666666664009,-122.21166666662182,198.0938007440992,NLVO,ROUTE_SutterSolanoMedicalCenter,0.5051424987924171,9.858333333333333,ROUTE_SutterSolanoMedicalCenter,0.5051424987924171,9.858333333333333,ROUTE_JohnMuirMedicalCenterWalnutCreekCampus,0.4969277817277149,27.211666666666666,ROUTE_SutterSolanoMedicalCenter,0.5051424987924171,9.858333333333333
37.792499999973174,-121.98027777773275,101.96819395213794,LVO,ROUTE_JohnMuirMedicalCenterWalnutCreekCampus,0.42241454459300515,18.990000000000002,ROUTE_SanRamonRegionalMedicalCenter,0.2851787908013172,6.9383333333333335,ROUTE_JohnMuirMedicalCenterWalnutCreekCampus,0.42241454459300515,18.990000000000002,ROUTE_SanRamonRegionalMedicalCenter,0.2851787908013172,6.9383333333333335
37.43055555552844,-122.1172222221773,223.15758016411,LVO,ROUTE_StanfordHealthCare,0.24466880000000002,14.926666666666668,ROUTE_StanfordHealthCare,0.24466880000000002,14.926666666666668,ROUTE_StanfordHealthCare,0.24466880000000002,14.926666666666668,ROUTE_StanfordHealthCare,0.24466880000000002,14.926666666666668
37.96749999997332,-122.06583333328837,73.01463082958804,NLVO,ROUTE_JohnMuirMedicalCenterWalnutCreekCampus,0.5681604544031108,13.955,ROUTE_JohnMuirMedicalCenterConcordCampus,0.5699575936777536,10.061666666666667,ROUTE_JohnMuirMedicalCenterWalnutCreekCampus,0.5681604544031108,13.955,ROUTE_JohnMuirMedicalCenterConcordCampus,0.5699575936777536,10.061666666666667
37.77555555552872,-122.21527777773294,192.87068910167113,LVO,ROUTE_HighlandHospitalWilmaChanCampus,0.25946543411958095,8.351666666666667,ROUTE_HighlandHospitalWilmaChanCampus,0.25946543411958095,8.351666666666667,ROUTE_SutterEdenMedicalCenter,0.25719678499203513,17.995,ROUTE_HighlandHospitalWilmaChanCampus,0.25946543411958095,8.351666666666667
37.9702777777511,-121.7888888888437,222.20403799396502,HEMORRHAGIC,ROUTE_SutterDeltaMedicalCenter,0.24,4.043333333333333,ROUTE_SutterDeltaMedicalCenter,0.24,4.043333333333333,ROUTE_JohnMuirMedicalCenterWalnutCreekCampus,0.24,34.236666666666665,ROUTE_KaiserFoundationHospitalAntioch,0.24,5.7716666666666665
37.560555555528545,-121.94749999995494,125.46939859438483,LVO,ROUTE_RegionalMedicalCenterOfSanJose,0.41173248440226706,23.93166666666667,ROUTE_KaiserFoundationHospitalFremont,0.2783954481193189,6.73,ROUTE_RegionalMedicalCenterOfSanJose,0.41173248440226706,23.93166666666667,ROUTE_KaiserFoundationHospitalFremont,0.2783954481193189,6.73
37.760833333306486,-122.48277777773315,169.50625660967088,LVO,ROUTE_UCSFMedicalCenter,0.40153364633561905,5.155,ROUTE_UCSFMedicalCenter,0.40153364633561905,5.155,ROUTE_UCSFMedicalCenter,0.40153364633561905,5.155,ROUTE_UCSFMedicalCenter,0.40153364633561905,5.155
38.18333333330683,-122.25249999995519,172.0826596410679,LVO,ROUTE_JohnMuirMedicalCenterWalnutCreekCampus,0.25802289536242795,37.568333333333335,ROUTE_KaiserFoundationHospitalVallejo,0.2647917798287489,9.233333333333333,ROUTE_JohnMuirMedicalCenterWalnutCreekCampus,0.25802289536242795,37.568333333333335,ROUTE_KaiserFoundationHospitalVallejo,0.2647917798287489,9.233333333333333
37.67749999997309,-121.883611111066,81.92561170864154,LVO,ROUTE_SutterEdenMedicalCenter,0.42889593538232995,22.66166666666667,ROUTE_StanfordHealthCareTriValley,0.29092402467089107,7.8133333333333335,ROUTE_SutterEdenMedicalCenter,0.42889593538232995,22.66166666666667,ROUTE_StanfordHealthCareTriValley,0.29092402467089107,7.8133333333333335
37.54444444441742,-122.30749999995523,64.99786963540141,HEMORRHAGIC,ROUTE_KaiserFoundationHospitalRedwoodCity,0.24,14.495000000000001,ROUTE_SanMateoMedicalCenter,0.24,6.15,ROUTE_KaiserFoundationHospitalRedwoodCity,0.24,14.495000000000001,ROUTE_KaiserFoundationHospitalRedwoodCity,0.24,14.495000000000001
37.95611111108442,-122.06499999995503,207.04295512518107,HEMORRHAGIC,ROUTE_JohnMuirMedicalCenterConcordCampus,0.24,9.058333333333334,ROUTE_JohnMuirMedicalCenterConcordCampus,0.24,9.058333333333334,ROUTE_JohnMuirMedicalCenterWalnutCreekCampus,0.24,11.893333333333334,ROUTE_JohnMuirMedicalCenterConcordCampus,0.24,9.058333333333334
37.94805555552886,-122.04555555551057,44.77070880574342,LVO,ROUTE_JohnMuirMedicalCenterWalnutCreekCampus,0.4478903958758863,10.408333333333333,ROUTE_JohnMuirMedicalCenterConcordCampus,0.4327377905160935,9.118333333333334,ROUTE_JohnMuirMedicalCenterWalnutCreekCampus,0.4478903958758863,10.408333333333333,ROUTE_JohnMuirMedicalCenterConcordCampus,0.4327377905160935,9.118333333333334
37.7694444444176,-122.18805555551069,166.4130870976314,LVO,ROUTE_SutterEdenMedicalCenter,0.2642584025426665,17.73166666666667,ROUTE_HighlandHospitalWilmaChanCampus,0.26608536629438073,10.223333333333333,ROUTE_SutterEdenMedicalCenter,0.2642584025426665,17.73166666666667,ROUTE_HighlandHospitalWilmaChanCampus,0.26608536629438073,10.223333333333333
37.554999999972985,-122.25305555551074,70.58804283698855,LVO,ROUTE_MillsPeninsulaMedicalCenterSutter,0.4349519944117657,18.038333333333334,ROUTE_SanMateoMedicalCenter,0.25422105245575427,14.833333333333334,ROUTE_MillsPeninsulaMedicalCenterSutter,0.4349519944117657,18.038333333333334,ROUTE_MillsPeninsulaMedicalCenterSutter,0.4349519944117657,18.038333333333334
37.74027777775091,-122.41249999995532,121.36703146052044,HEMORRHAGIC,ROUTE_CPMCDaviesCampusSutter,0.24,10.95,ROUTE_CPMCMissionBernalCampusSutter,0.24,4.346666666666667,ROUTE_CPMCDaviesCampusSutter,0.24,10.95,ROUTE_CPMCMissionBernalCampusSutter,0.24,4.346666666666667
37.99472222219556,-121.88388888884379,160.5178021697563,MIMIC,ROUTE_JohnMuirMedicalCenterWalnutCreekCampus,0.9,24.295,ROUTE_SutterDeltaMedicalCenter,0.9,15.363333333333333,ROUTE_JohnMuirMedicalCenterWalnutCreekCampus,0.9,24.295,ROUTE_JohnMuirMedicalCenterConcordCampus,0.9,17.83833333333333
37.80333333330652,-122.40444444439976,111.93601179307112,HEMORRHAGIC,ROUTE_CPMCDaviesCampusSutter,0.24,14.911666666666667,ROUTE_ChineseHospital,0.24,5.04,ROUTE_CPMCDaviesCampusSutter,0.24,14.911666666666667,ROUTE_ChineseHospital,0.24,5.04
38.27138888886245,-122.63944444439994,186.60596858418052,HEMORRHAGIC,ROUTE_PetalumaValleyHospitalProvidence,0.24,5.918333333333334,ROUTE_PetalumaValleyHospitalProvidence,0.24,5.918333333333334,ROUTE_UCSFMedicalCenter,0.24,65.67333333333333,ROUTE_PetalumaValleyHospitalProvidence,0.24,5.918333333333334
37.96749999997332,-122.56972222217766,174.1352019213517,LVO,ROUTE_MarinHealthMedicalCenter,0.2642648321431069,9.125,ROUTE_MarinHealthMedicalCenter,0.2642648321431069,9.125,ROUTE_UCSFMedicalCenter,0.2565104794653658,41.751666666666665,ROUTE_MarinHealthMedicalCenter,0.2642648321431069,9.125
37.89583333330659,-122.53083333328874,204.36685432739233,HEMORRHAGIC,ROUTE_MarinHealthMedicalCenter,0.24,15.091666666666667,ROUTE_MarinHealthMedicalCenter,0.24,15.091666666666667,ROUTE_UCSFMedicalCenter,0.24,29.391666666666666,ROUTE_MarinHealthMedicalCenter,0.24,15.091666666666667
37.76611111108427,-122.4544444443998,34.69101418222727,HEMORRHAGIC,ROUTE_UCSFMedicalCenter,0.24,2.065,ROUTE_UCSFMedicalCenter,0.24,2.065,ROUTE_UCSFMedicalCenter,0.24,2.065,ROUTE_UCSFMedicalCenter,0.24,2.065
37.94611111108441,-122.52805555551096,177.50554633766455,LVO,ROUTE_MarinHealthMedicalCenter,0.26429839114344755,5.241666666666666,ROUTE_MarinHealthMedicalCenter,0.26429839114344755,5.241666666666666,ROUTE_UCSFMedicalCenter,0.2569188165536304,36.25666666666667,ROUTE_MarinHealthMedicalCenter,0.26429839114344755,5.241666666666666
37.657222222195294,-122.46749999995535,130.4034704465553,LVO,ROUTE_MillsPeninsulaMedicalCenterSutter,0.4130064429868139,14.718333333333334,ROUTE_AHMCSetonMedicalCenter,0.27690712700583625,7.03,ROUTE_MillsPeninsulaMedicalCenterSutter,0.4130064429868139,14.718333333333334,ROUTE_AHMCSetonMedicalCenter,0.27690712700583625,7.03
37.653055555528624,-122.1183333332884,251.25565927965462,LVO,ROUTE_StRoseHospital,0.24466880000000002,7.138333333333334,ROUTE_StRoseHospital,0.24466880000000002,7.138333333333334,ROUTE_SutterEdenMedicalCenter,0.24466880000000002,14.831666666666667,ROUTE_KaiserFoundationHospitalSanLeandro,0.24466880000000002,13.138333333333332
37.64638888886195,-121.87527777773266,64.56967386471379,LVO,ROUTE_SutterEdenMedicalCenter,0.4351222730268285,24.243333333333332,ROUTE_StanfordHealthCareTriValley,0.2939202632899967,16.12666666666667,ROUTE_SutterEdenMedicalCenter,0.4351222730268285,24.243333333333332,ROUTE_StanfordHealthCareTriValley,0.2939202632899967,16.12666666666667
37.45333333330624,-121.91861111106603,226.31488851910314,HEMORRHAGIC,ROUTE_OConnorHospital,0.24,15.576666666666666,ROUTE_OConnorHospital,0.24,15.576666666666666,ROUTE_RegionalMedicalCenterOfSanJose,0.24,16.835,ROUTE_OConnorHospital,0.24,15.576666666666666
37.76166666663982,-122.47638888884426,55.510095573579584,HEMORRHAGIC,ROUTE_UCSFMedicalCenter,0.24,3.69,ROUTE_UCSFMedicalCenter,0.24,3.69,ROUTE_UCSFMedicalCenter,0.24,3.69,ROUTE_UCSFMedicalCenter,0.24,3.69
37.582222222195234,-122.01944444439944,148.42109011076215,HEMORRHAGIC,ROUTE_SutterEdenMedicalCenter,0.24,23.351666666666667,ROUTE_WashingtonHospitalHealthcareSystem,0.24,13.658333333333333,ROUTE_SutterEdenMedicalCenter,0.24,23.351666666666667,ROUTE_WashingtonHospitalHealthcareSystem,0.24,13.658333333333333
37.771111111084274,-121.94111111106605,164.62481502598413,HEMORRHAGIC,ROUTE_JohnMuirMedicalCenterWalnutCreekCampus,0.24,24.508333333333333,ROUTE_SanRamonRegionalMedicalCenter,0.24,6.3933333333333335,ROUTE_JohnMuirMedicalCenterWalnutCreekCampus,0.24,24.508333333333333,ROUTE_SanRamonRegionalMedicalCenter,0.24,6.3933333333333335
37.664722222195294,-121.90083333328823,143.76954986232556,HEMORRHAGIC,ROUTE_SutterEdenMedicalCenter,0.24,22.183333333333334,ROUTE_StanfordHealthCareTriValley,0.24,9.298333333333334,ROUTE_SutterEdenMedicalCenter,0.24,22.183333333333334,ROUTE_StanfordHealthCareTriValley,0.24,9.298333333333334
37.65138888886195,-122.08361111106616,222.99232324135485,LVO,ROUTE_StRoseHospital,0.24466880000000002,7.178333333333333,ROUTE_StRoseHospital,0.24466880000000002,7.178333333333333,ROUTE_SutterEdenMedicalCenter,0.24466880000000002,15.571666666666665,ROUTE_KaiserFoundationHospitalSanLeandro,0.24466880000000002,13.878333333333334
37.36138888886172,-122.04305555551058,48.21796254203477,LVO,ROUTE_KaiserFoundationHospitalSantaClara,0.4456997297187542,12.683333333333334,ROUTE_KaiserFoundationHospitalSantaClara,0.4456997297187542,12.683333333333334,ROUTE_KaiserFoundationHospitalSantaClara,0.4456997297187542,12.683333333333334,ROUTE_KaiserFoundationHospitalSantaClara,0.4456997297187542,12.683333333333334
38.41194444441812,-122.21611111106627,253.4214525061597,LVO,ROUTE_ProvidenceQueenOfTheValleyMedicalCenter,0.24466880000000002,25.403333333333332,ROUTE_ProvidenceQueenOfTheValleyMedicalCenter,0.24466880000000002,25.403333333333332,ROUTE_JohnMuirMedicalCenterWalnutCreekCampus,0.24466880000000002,68.73666666666666,ROUTE_ProvidenceQueenOfTheValleyMedicalCenter,0.24466880000000002,25.403333333333332
37.775277777750944,-122.44277777773311,36.044151166567104,HEMORRHAGIC,ROUTE_CPMCDaviesCampusSutter,0.24,4.233333333333333,ROUTE_UCSFHealthStanyanHospital,0.24,3.4466666666666668,ROUTE_CPMCDaviesCampusSutter,0.24,4.233333333333333,ROUTE_UCSFHealthStanyanHospital,0.24,3.4466666666666668
37.7694444444176,-122.19805555551069,69.03705715841178,HEMORRHAGIC,ROUTE_SutterEdenMedicalCenter,0.24,18.011666666666667,ROUTE_HighlandHospitalWilmaChanCampus,0.24,10.504999999999999,ROUTE_SutterEdenMedicalCenter,0.24,18.011666666666667,ROUTE_HighlandHospitalWilmaChanCampus,0.24,10.504999999999999
37.792499999973174,-122.27027777773297,197.14527518751086,LVO,ROUTE_HighlandHospitalWilmaChanCampus,0.2586269398319251,7.153333333333333,ROUTE_HighlandHospitalWilmaChanCampus,0.2586269398319251,7.153333333333333,ROUTE_SutterEdenMedicalCenter,0.2553243386032743,21.290000000000003,ROUTE_HighlandHospitalWilmaChanCampus,0.2586269398319251,7.153333333333333
37.99222222219556,-121.7308333332881,213.02473722681057,LVO,ROUTE_KaiserFoundationHospitalAntioch,0.24466880000000002,13.586666666666668,ROUTE_KaiserFoundationHospitalAntioch,0.24466880000000002,13.586666666666668,ROUTE_JohnMuirMedicalCenterWalnutCreekCampus,0.24466880000000002,35.195,ROUTE_KaiserFoundationHospitalAntioch,0.24466880000000002,13.586666666666668
37.94861111108441,-122.0211111110661,92.25039556130338,LVO,ROUTE_JohnMuirMedicalCenterWalnutCreekCampus,0.4299827580816711,8.088333333333333,ROUTE_JohnMuirMedicalCenterWalnutCreekCampus,0.4299827580816711,8.088333333333333,ROUTE_JohnMuirMedicalCenterWalnutCreekCampus,0.4299827580816711,8.088333333333333,ROUTE_JohnMuirMedicalCenterWalnutCreekCampus,0.4299827580816711,8.088333333333333
37.91611111108439,-121.98999999995497,167.28433202781304,LVO,ROUTE_JohnMuirMedicalCenterWalnutCreekCampus,0.4003183709862028,11.251666666666667,ROUTE_JohnMuirMedicalCenterWalnutCreekCampus,0.4003183709862028,11.251666666666667,ROUTE_JohnMuirMedicalCenterWalnutCreekCampus,0.4003183709862028,11.251666666666667,ROUTE_JohnMuirMedicalCenterWalnutCreekCampus,0.4003183709862028,11.251666666666667
37.99861111108445,-122.08999999995505,133.5912347155557,HEMORRHAGIC,ROUTE_JohnMuirMedicalCenterWalnutCreekCampus,0.24,20.063333333333333,ROUTE_ContraCostaRegionalMedicalCenter,0.24,10.81,ROUTE_JohnMuirMedicalCenterWalnutCreekCampus,0.24,20.063333333333333,ROUTE_JohnMuirMedicalCenterConcordCampus,0.24,12.521666666666667
37.809444444417636,-122.27277777773298,264.2063767415107,LVO,ROUTE_AltaBatesSummitMedicalCenterSummitCampus,0.24466880000000002,6.013333333333334,ROUTE_AltaBatesSummitMedicalCenterSummitCampus,0.24466880000000002,6.013333333333334,ROUTE_SutterEdenMedicalCenter,0.24466880000000002,22.376666666666665,ROUTE_AltaBatesSummitMedicalCenterSummitCampus,0.24466880000000002,6.013333333333334
37.5472222221952,-122.02722222217723,103.93852836404078,HEMORRHAGIC,ROUTE_SutterEdenMedicalCenter,0.24,23.446666666666665,ROUTE_WashingtonHospitalHealthcareSystem,0.24,14.256666666666666,ROUTE_SutterEdenMedicalCenter,0.24,23.446666666666665,ROUTE_WashingtonHospitalHealthcareSystem,0.24,14.256666666666666
37.686388888861984,-122.48277777773315,187.2219960201054,MIMIC,ROUTE_MillsPeninsulaMedicalCenterSutter,0.9,17.31833333333333,ROUTE_AHMCSetonMedicalCenter,0.9,4.538333333333333,ROUTE_MillsPeninsulaMedicalCenterSutter,0.9,17.31833333333333,ROUTE_AHMCSetonMedicalCenter,0.9,4.538333333333333
37.35166666663949,-122.07694444439949,153.10366718224103,LVO,ROUTE_ElCaminoHealthMountainView,0.4070067156480127,7.135000000000001,ROUTE_ElCaminoHealthMountainView,0.4070067156480127,7.135000000000001,ROUTE_ElCaminoHealthMountainView,0.4070067156480127,7.135000000000001,ROUTE_ElCaminoHealthMountainView,0.4070067156480127,7.135000000000001
37.78944444441762,-122.43749999995534,122.45766921368879,LVO,ROUTE_CPMCDaviesCampusSutter,0.4186617758955298,7.075,ROUTE_KaiserFoundationHospitalSanFrancisco,0.2800705846540724,3.6116666666666664,ROUTE_CPMCDaviesCampusSutter,0.4186617758955298,7.075,ROUTE_KaiserFoundationHospitalSanFrancisco,0.2800705846540724,3.6116666666666664
37.68888888886198,-121.7913888888437,209.0942250074963,HEMORRHAGIC,ROUTE_StanfordHealthCareTriValley,0.24,14.403333333333334,ROUTE_StanfordHealthCareTriValley,0.24,14.403333333333334,ROUTE_SutterEdenMedicalCenter,0.24,25.801666666666666,ROUTE_StanfordHealthCareTriValley,0.24,14.403333333333334
38.0863888888623,-122.16972222217734,249.32867331354964,LVO,ROUTE_SutterSolanoMedicalCenter,0.24466880000000002,15.29,ROUTE_SutterSolanoMedicalCenter,0.24466880000000002,15.29,ROUTE_JohnMuirMedicalCenterWalnutCreekCampus,0.24466880000000002,26.415000000000003,ROUTE_SutterSolanoMedicalCenter,0.24466880000000002,15.29
37.721666666639784,-122.4669444443998,92.31347654460575,LVO,ROUTE_UCSFMedicalCenter,0.42874290671382914,11.556666666666667,ROUTE_AHMCSetonMedicalCenter,0.2876489124127585,8.408333333333333,ROUTE_UCSFMedicalCenter,0.42874290671382914,11.556666666666667,ROUTE_AHMCSetonMedicalCenter,0.2876489124127585,8.408333333333333
37.5372222221952,-122.02666666662167,91.68152803558942,LVO,ROUTE_SutterEdenMedicalCenter,0.4249017673693716,23.261666666666667,ROUTE_WashingtonHospitalHealthcareSystem,0.2863225863114376,14.07,ROUTE_SutterEdenMedicalCenter,0.4249017673693716,23.261666666666667,ROUTE_WashingtonHospitalHealthcareSystem,0.2863225863114376,14.07
37.96305555552887,-122.30083333328855,120.09073866581558,HEMORRHAGIC,ROUTE_JohnMuirMedicalCenterWalnutCreekCampus,0.24,34.82,ROUTE_KaiserFoundationHospitalRichmondCampus,0.24,15.731666666666666,ROUTE_JohnMuirMedicalCenterWalnutCreekCampus,0.24,34.82,ROUTE_KaiserFoundationHospitalRichmondCampus,0.24,15.731666666666666
37.76722222219538,-122.42194444439977,169.2667752831344,LVO,ROUTE_CPMCDaviesCampusSutter,0.40165195086116023,5.068333333333333,ROUTE_CPMCDaviesCampusSutter,0.40165195086116023,5.068333333333333,ROUTE_CPMCDaviesCampusSutter,0.40165195086116023,5.068333333333333,ROUTE_CPMCDaviesCampusSutter,0.40165195086116023,5.068333333333333
37.9752777777511,-122.55777777773321,266.3482583266236,HEMORRHAGIC,ROUTE_MarinHealthMedicalCenter,0.24,10.558333333333334,ROUTE_MarinHealthMedicalCenter,0.24,10.558333333333334,ROUTE_UCSFMedicalCenter,0.24,42.065000000000005,ROUTE_MarinHealthMedicalCenter,0.24,10.558333333333334
37.94916666663997,-122.34694444439971,111.53160343643873,LVO,ROUTE_CPMCDaviesCampusSutter,0.41333878538679936,34.715,ROUTE_KaiserFoundationHospitalRichmondCampus,0.2829405820033605,4.78,ROUTE_CPMCDaviesCampusSutter,0.41333878538679936,34.715,ROUTE_KaiserFoundationHospitalRichmondCampus,0.2829405820033605,4.78
37.671111111084194,-122.41666666662198,162.60960741392003,LVO,ROUTE_MillsPeninsulaMedicalCenterSutter,0.4009380408021004,14.595,ROUTE_KaiserFoundationHospitalSouthSanFrancisco,0.26712108511082777,10.221666666666666,ROUTE_MillsPeninsulaMedicalCenterSutter,0.4009380408021004,14.595,ROUTE_KaiserFoundationHospitalSouthSanFrancisco,0.26712108511082777,10.221666666666666
38.009444444417795,-121.96249999995496,250.04745262315618,HEMORRHAGIC,ROUTE_JohnMuirMedicalCenterConcordCampus,0.24,12.026666666666667,ROUTE_JohnMuirMedicalCenterConcordCampus,0.24,12.026666666666667,ROUTE_JohnMuirMedicalCenterWalnutCreekCampus,0.24,21.788333333333334,ROUTE_JohnMuirMedicalCenterConcordCampus,0.24,12.026666666666667
37.98083333330666,-122.30361111106633,113.20846548038618,MIMIC,ROUTE_JohnMuirMedicalCenterWalnutCreekCampus,0.9,33.17666666666666,ROUTE_KaiserFoundationHospitalRichmondCampus,0.9,13.901666666666667,ROUTE_JohnMuirMedicalCenterWalnutCreekCampus,0.9,33.17666666666666,ROUTE_KaiserFoundationHospitalRichmondCampus,0.9,13.901666666666667
37.572499999973004,-122.03833333328835,127.36211478701262,LVO,ROUTE_SutterEdenMedicalCenter,0.4122131599912845,20.42,ROUTE_StRoseHospital,0.24466880000000002,11.256666666666666,ROUTE_SutterEdenMedicalCenter,0.4122131599912845,20.42,ROUTE_WashingtonHospitalHealthcareSystem,0.2761018323542128,13.553333333333335
37.64916666663973,-122.08555555551061,102.53859291863046,HEMORRHAGIC,ROUTE_SutterEdenMedicalCenter,0.24,13.955,ROUTE_StRoseHospital,0.24,5.5616666666666665,ROUTE_SutterEdenMedicalCenter,0.24,13.955,ROUTE_KaiserFoundationHospitalSanLeandro,0.24,12.261666666666667
37.44861111108401,-122.13833333328843,98.02635878980992,HEMORRHAGIC,ROUTE_StanfordHealthCare,0.24,11.176666666666668,ROUTE_StanfordHealthCare,0.24,11.176666666666668,ROUTE_StanfordHealthCare,0.24,11.176666666666668,ROUTE_StanfordHealthCare,0.24,11.176666666666668
37.864999999973236,-122.26583333328853,73.3289602579795,LVO,ROUTE_JohnMuirMedicalCenterWalnutCreekCampus,0.4304150181993494,27.88,ROUTE_AltaBatesSummitMedicalCenterAltaBatesCampus,0.25707365557607403,5.243333333333334,ROUTE_JohnMuirMedicalCenterWalnutCreekCampus,0.4304150181993494,27.88,ROUTE_KaiserFoundationHospitalOaklandRichmond,0.29230949262592976,12.276666666666667
37.44861111108401,-121.89916666662157,268.21876066616505,NLVO,ROUTE_RegionalMedicalCenterOfSanJose,0.4622,11.685,ROUTE_RegionalMedicalCenterOfSanJose,0.4622,11.685,ROUTE_RegionalMedicalCenterOfSanJose,0.4622,11.685,ROUTE_RegionalMedicalCenterOfSanJose,0.4622,11.685
38.09861111108453,-122.25888888884408,152.59408191612582,LVO,ROUTE_JohnMuirMedicalCenterWalnutCreekCampus,0.3999462153176372,28.686666666666667,ROUTE_KaiserFoundationHospitalVallejo,0.2704695837953947,7.819999999999999,ROUTE_JohnMuirMedicalCenterWalnutCreekCampus,0.3999462153176372,28.686666666666667,ROUTE_KaiserFoundationHospitalVallejo,0.2704695837953947,7.819999999999999
37.44972222219513,-122.14944444439955,79.41339327348047,MIMIC,ROUTE_StanfordHealthCare,0.9,10.253333333333334,ROUTE_StanfordHealthCare,0.9,10.253333333333334,ROUTE_StanfordHealthCare,0.9,10.253333333333334,ROUTE_StanfordHealthCare,0.9,10.253333333333334
38.255277777751324,-122.42166666662199,42.63088832769136,HEMORRHAGIC,ROUTE_JohnMuirMedicalCenterWalnutCreekCampus,0.24,60.916666666666664,ROUTE_SonomaValleyHospital,0.24,16.686666666666667,ROUTE_JohnMuirMedicalCenterWalnutCreekCampus,0.24,60.916666666666664,ROUTE_SonomaValleyHospital,0.24,16.686666666666667
37.38638888886174,-122.1436111110662,219.14237433078,HEMORRHAGIC,ROUTE_ElCaminoHealthMountainView,0.24,16.768333333333334,ROUTE_ElCaminoHealthMountainView,0.24,16.768333333333334,ROUTE_ElCaminoHealthMountainView,0.24,16.768333333333334,ROUTE_ElCaminoHealthMountainView,0.24,16.768333333333334
37.535555555528525,-122.27055555551075,143.4000421408793,LVO,ROUTE_MillsPeninsulaMedicalCenterSutter,0.40650660642548486,19.395,ROUTE_SanMateoMedicalCenter,0.24466880000000002,14.43,ROUTE_MillsPeninsulaMedicalCenterSutter,0.40650660642548486,19.395,ROUTE_MillsPeninsulaMedicalCenterSutter,0.40650660642548486,19.395
37.778888888862056,-122.48555555551093,186.67431682447523,NLVO,ROUTE_UCSFMedicalCenter,0.5115783394182414,8.915,ROUTE_UCSFHealthStanyanHospital,0.5120844475695466,7.841666666666667,ROUTE_UCSFMedicalCenter,0.5115783394182414,8.915,ROUTE_UCSFHealthStanyanHospital,0.5120844475695466,7.841666666666667
37.88666666663992,-122.30111111106633,235.36078871129928,LVO,ROUTE_KaiserFoundationHospitalRichmondCampus,0.24466880000000002,12.403333333333334,ROUTE_KaiserFoundationHospitalRichmondCampus,0.24466880000000002,12.403333333333334,ROUTE_CPMCDaviesCampusSutter,0.24466880000000002,29.636666666666667,ROUTE_KaiserFoundationHospitalRichmondCampus,0.24466880000000002,12.403333333333334
37.90305555552882,-122.49694444439983,90.16214868312906,HEMORRHAGIC,ROUTE_UCSFMedicalCenter,0.24,31.653333333333332,ROUTE_MarinHealthMedicalCenter,0.24,14.968333333333334,ROUTE_UCSFMedicalCenter,0.24,31.653333333333332,ROUTE_MarinHealthMedicalCenter,0.24,14.968333333333334
37.70055555552866,-122.18555555551069,199.86026461322862,HEMORRHAGIC,ROUTE_KaiserFoundationHospitalSanLeandro,0.24,5.613333333333333,ROUTE_KaiserFoundationHospitalSanLeandro,0.24,5.613333333333333,ROUTE_SutterEdenMedicalCenter,0.24,14.825,ROUTE_KaiserFoundationHospitalSanLeandro,0.24,5.613333333333333
37.51111111108406,-121.91333333328825,269.6158820550286,LVO,ROUTE_KaiserFoundationHospitalFremont,0.24466880000000002,18.145,ROUTE_KaiserFoundationHospitalFremont,0.24466880000000002,18.145,ROUTE_RegionalMedicalCenterOfSanJose,0.24466880000000002,20.515,ROUTE_KaiserFoundationHospitalFremont,0.24466880000000002,18.145
37.73194444441757,-122.14722222217732,162.35033625316723,LVO,ROUTE_SutterEdenMedicalCenter,0.4018006436122229,12.31,ROUTE_SanLeandroHospitalAlamedaHealthSystem,0.24466880000000002,7.536666666666666,ROUTE_SutterEdenMedicalCenter,0.4018006436122229,12.31,ROUTE_HighlandHospitalWilmaChanCampus,0.2666810745648343,12.303333333333335
37.38111111108396,-122.05055555551058,161.86658974011627,HEMORRHAGIC,ROUTE_ElCaminoHealthMountainView,0.24,10.651666666666667,ROUTE_ElCaminoHealthMountainView,0.24,10.651666666666667,ROUTE_ElCaminoHealthMountainView,0.24,10.651666666666667,ROUTE_ElCaminoHealthMountainView,0.24,10.651666666666667
37.377222222195066,-122.05055555551058,166.70322031202704,LVO,ROUTE_ElCaminoHealthMountainView,0.40099327497906057,9.881666666666666,ROUTE_ElCaminoHealthMountainView,0.40099327497906057,9.881666666666666,ROUTE_ElCaminoHealthMountainView,0.40099327497906057,9.881666666666666,ROUTE_ElCaminoHealthMountainView,0.40099327497906057,9.881666666666666
37.663333333306404,-121.84861111106598,203.77070089967327,HEMORRHAGIC,ROUTE_StanfordHealthCareTriValley,0.24,12.028333333333334,ROUTE_StanfordHealthCareTriValley,0.24,12.028333333333334,ROUTE_SutterEdenMedicalCenter,0.24,28.586666666666666,ROUTE_StanfordHealthCareTriValley,0.24,12.028333333333334
38.458888888862596,-121.82583333328817,177.27050674238407,LVO,ROUTE_KaiserFoundationHospitalVacaville,0.262534908304257,12.811666666666667,ROUTE_KaiserFoundationHospitalVacaville,0.262534908304257,12.811666666666667,ROUTE_JohnMuirMedicalCenterWalnutCreekCampus,0.24466880000000002,59.74166666666667,ROUTE_KaiserFoundationHospitalVacaville,0.262534908304257,12.811666666666667
37.53666666663964,-122.05611111106614,226.74473011675556,LVO,ROUTE_StRoseHospital,0.24466880000000002,17.108333333333334,ROUTE_StRoseHospital,0.24466880000000002,17.108333333333334,ROUTE_KaiserFoundationHospitalRedwoodCity,0.24466880000000002,25.634999999999998,ROUTE_WashingtonHospitalHealthcareSystem,0.24466880000000002,19.93166666666667
37.835833333306546,-122.27916666662188,246.18177372491186,HEMORRHAGIC,ROUTE_KaiserFoundationHospitalOaklandRichmond,0.24,6.461666666666667,ROUTE_KaiserFoundationHospitalOaklandRichmond,0.24,6.461666666666667,ROUTE_SutterEdenMedicalCenter,0.24,24.40666666666667,ROUTE_KaiserFoundationHospitalOaklandRichmond,0.24,6.461666666666667
37.67888888886198,-122.49277777773315,204.8810485823188,LVO,ROUTE_AHMCSetonMedicalCenter,0.2565146626060366,7.571666666666667,ROUTE_AHMCSetonMedicalCenter,0.2565146626060366,7.571666666666667,ROUTE_MillsPeninsulaMedicalCenterSutter,0.2535594494606947,20.35,ROUTE_AHMCSetonMedicalCenter,0.2565146626060366,7.571666666666667
37.630833333306384,-122.40999999995532,221.80355009095697,LVO,ROUTE_MillsPeninsulaMedicalCenterSutter,0.24466880000000002,8.198333333333332,ROUTE_MillsPeninsulaMedicalCenterSutter,0.24466880000000002,8.198333333333332,ROUTE_MillsPeninsulaMedicalCenterSutter,0.24466880000000002,8.198333333333332,ROUTE_MillsPeninsulaMedicalCenterSutter,0.24466880000000002,8.198333333333332
37.84722222219544,-122.12305555551063,172.3634947938191,LVO,ROUTE_JohnMuirMedicalCenterWalnutCreekCampus,0.2614627540335859,22.738333333333333,ROUTE_KaiserFoundationHospitalWalnutCreek,0.2620059808225537,20.46833333333333,ROUTE_JohnMuirMedicalCenterWalnutCreekCampus,0.2614627540335859,22.738333333333333,ROUTE_KaiserFoundationHospitalWalnutCreek,0.2620059808225537,20.46833333333333
37.52638888886185,-122.034999999955,115.42305258527497,LVO,ROUTE_SutterEdenMedicalCenter,0.4147303075641583,26.326666666666664,ROUTE_WashingtonHospitalHealthcareSystem,0.2787234124592852,16.62333333333333,ROUTE_SutterEdenMedicalCenter,0.4147303075641583,26.326666666666664,ROUTE_WashingtonHospitalHealthcareSystem,0.2787234124592852,16.62333333333333
37.93972222219552,-121.72027777773253,259.4998615961665,LVO,ROUTE_KaiserFoundationHospitalAntioch,0.24466880000000002,10.971666666666666,ROUTE_KaiserFoundationHospitalAntioch,0.24466880000000002,10.971666666666666,ROUTE_JohnMuirMedicalCenterWalnutCreekCampus,0.24466880000000002,37.190000000000005,ROUTE_KaiserFoundationHospitalAntioch,0.24466880000000002,10.971666666666666
38.01722222219558,-122.08861111106617,181.0203727873223,MIMIC,ROUTE_JohnMuirMedicalCenterWalnutCreekCampus,0.9,17.73166666666667,ROUTE_ContraCostaRegionalMedicalCenter,0.9,9.196666666666665,ROUTE_JohnMuirMedicalCenterWalnutCreekCampus,0.9,17.73166666666667,ROUTE_JohnMuirMedicalCenterConcordCampus,0.9,12.17
37.88194444441769,-122.18611111106624,242.90333117014563,LVO,ROUTE_AltaBatesSummitMedicalCenterAltaBatesCampus,0.24466880000000002,13.021666666666667,ROUTE_AltaBatesSummitMedicalCenterAltaBatesCampus,0.24466880000000002,13.021666666666667,ROUTE_JohnMuirMedicalCenterWalnutCreekCampus,0.24466880000000002,15.71,ROUTE_KaiserFoundationHospitalWalnutCreek,0.24466880000000002,13.438333333333333
37.50194444441739,-122.2599999999552,71.72676835703336,LVO,ROUTE_KaiserFoundationHospitalRedwoodCity,0.43694303231582476,11.143333333333334,ROUTE_SequoiaHospital,0.2936890162778478,9.016666666666667,ROUTE_KaiserFoundationHospitalRedwoodCity,0.43694303231582476,11.143333333333334,ROUTE_SequoiaHospital,0.2936890162778478,9.016666666666667
37.98361111108444,-122.48111111106648,162.05978564033495,NLVO,ROUTE_UCSFMedicalCenter,0.506602429391573,46.806666666666665,ROUTE_MarinHealthMedicalCenter,0.5192790507334922,19.91166666666667,ROUTE_UCSFMedicalCenter,0.506602429391573,46.806666666666665,ROUTE_MarinHealthMedicalCenter,0.5192790507334922,19.91166666666667
37.56722222219522,-122.00888888884388,247.63559645166976,HEMORRHAGIC,ROUTE_WashingtonHospitalHealthcareSystem,0.24,8.870000000000001,ROUTE_WashingtonHospitalHealthcareSystem,0.24,8.870000000000001,ROUTE_SutterEdenMedicalCenter,0.24,24.278333333333332,ROUTE_WashingtonHospitalHealthcareSystem,0.24,8.870000000000001
37.66388888886196,-122.07777777773282,176.14646492384296,MIMIC,ROUTE_SutterEdenMedicalCenter,0.9,11.685,ROUTE_StRoseHospital,0.9,9.481666666666666,ROUTE_SutterEdenMedicalCenter,0.9,11.685,ROUTE_SutterEdenMedicalCenter,0.9,11.685
37.78249999997317,-122.21722222217738,175.00067834860891,LVO,ROUTE_SutterEdenMedicalCenter,0.2616404299607675,19.065,ROUTE_HighlandHospitalWilmaChanCampus,0.264655668092722,6.551666666666667,ROUTE_SutterEdenMedicalCenter,0.2616404299607675,19.065,ROUTE_HighlandHospitalWilmaChanCampus,0.264655668092722,6.551666666666667
37.43861111108401,-121.88472222217712,209.07285038437314,NLVO,ROUTE_RegionalMedicalCenterOfSanJose,0.4987505308030551,11.166666666666666,ROUTE_RegionalMedicalCenterOfSanJose,0.4987505308030551,11.166666666666666,ROUTE_RegionalMedicalCenterOfSanJose,0.4987505308030551,11.166666666666666,ROUTE_RegionalMedicalCenterOfSanJose,0.4987505308030551,11.166666666666666
37.62333333330638,-122.09416666662173,205.52208463067444,HEMORRHAGIC,ROUTE_KaiserFoundationHospitalSanLeandro,0.24,14.133333333333333,ROUTE_StRoseHospital,0.24,4.631666666666666,ROUTE_SutterEdenMedicalCenter,0.24,15.826666666666666,ROUTE_KaiserFoundationHospitalSanLeandro,0.24,14.133333333333333
37.95694444441775,-122.04083333328835,81.23528753630157,HEMORRHAGIC,ROUTE_JohnMuirMedicalCenterWalnutCreekCampus,0.24,9.356666666666666,ROUTE_JohnMuirMedicalCenterConcordCampus,0.24,6.89,ROUTE_JohnMuirMedicalCenterWalnutCreekCampus,0.24,9.356666666666666,ROUTE_JohnMuirMedicalCenterConcordCampus,0.24,6.89
37.98333333330666,-122.07027777773281,75.08926915056517,LVO,ROUTE_JohnMuirMedicalCenterWalnutCreekCampus,0.43465902436135506,13.866666666666667,ROUTE_JohnMuirMedicalCenterConcordCampus,0.2926265633804689,9.16,ROUTE_JohnMuirMedicalCenterWalnutCreekCampus,0.43465902436135506,13.866666666666667,ROUTE_JohnMuirMedicalCenterConcordCampus,0.2926265633804689,9.16
37.554999999972985,-121.97027777773273,103.47672883638896,HEMORRHAGIC,ROUTE_RegionalMedicalCenterOfSanJose,0.24,26.081666666666667,ROUTE_KaiserFoundationHospitalFremont,0.24,2.1933333333333334,ROUTE_RegionalMedicalCenterOfSanJose,0.24,26.081666666666667,ROUTE_KaiserFoundationHospitalFremont,0.24,2.1933333333333334
37.65527777775085,-122.03694444439945,254.02650581546789,HEMORRHAGIC,ROUTE_StRoseHospital,0.24,16.64,ROUTE_StRoseHospital,0.24,16.64,ROUTE_SutterEdenMedicalCenter,0.24,20.396666666666665,ROUTE_SutterEdenMedicalCenter,0.24,20.396666666666665
37.79083333330651,-121.9530555555105,190.09811277311306,HEMORRHAGIC,ROUTE_SanRamonRegionalMedicalCenter,0.24,6.835,ROUTE_SanRamonRegionalMedicalCenter,0.24,6.835,ROUTE_JohnMuirMedicalCenterWalnutCreekCampus,0.24,23.688333333333333,ROUTE_SanRamonRegionalMedicalCenter,0.24,6.835
38.07388888886229,-122.20277777773292,154.7514501498547,HEMORRHAGIC,ROUTE_JohnMuirMedicalCenterWalnutCreekCampus,0.24,27.551666666666666,ROUTE_SutterSolanoMedicalCenter,0.24,12.708333333333334,ROUTE_JohnMuirMedicalCenterWalnutCreekCampus,0.24,27.551666666666666,ROUTE_SutterSolanoMedicalCenter,0.24,12.708333333333334
37.535555555528525,-122.0288888888439,117.03288325955018,HEMORRHAGIC,ROUTE_SutterEdenMedicalCenter,0.24,23.12,ROUTE_WashingtonHospitalHealthcareSystem,0.24,13.928333333333335,ROUTE_SutterEdenMedicalCenter,0.24,23.12,ROUTE_WashingtonHospitalHealthcareSystem,0.24,13.928333333333335
37.35722222219505,-122.0288888888439,191.42941484241504,LVO,ROUTE_KaiserFoundationHospitalSantaClara,0.2590918732286984,11.533333333333333,ROUTE_KaiserFoundationHospitalSantaClara,0.2590918732286984,11.533333333333333,ROUTE_KaiserFoundationHospitalSantaClara,0.2590918732286984,11.533333333333333,ROUTE_KaiserFoundationHospitalSantaClara,0.2590918732286984,11.533333333333333
37.783055555528726,-122.19361111106625,194.0493957099103,LVO,ROUTE_HighlandHospitalWilmaChanCampus,0.25954005944798897,6.7266666666666675,ROUTE_HighlandHospitalWilmaChanCampus,0.25954005944798897,6.7266666666666675,ROUTE_SutterEdenMedicalCenter,0.25697245198545243,17.645,ROUTE_HighlandHospitalWilmaChanCampus,0.25954005944798897,6.7266666666666675
38.23888888886243,-122.59305555551101,246.6137530877944,HEMORRHAGIC,ROUTE_PetalumaValleyHospitalProvidence,0.24,10.068333333333333,ROUTE_PetalumaValleyHospitalProvidence,0.24,10.068333333333333,ROUTE_UCSFMedicalCenter,0.24,63.15,ROUTE_PetalumaValleyHospitalProvidence,0.24,10.068333333333333
37.74916666663981,-122.46361111106647,86.12827336496386,HEMORRHAGIC,ROUTE_UCSFMedicalCenter,0.24,5.293333333333334,ROUTE_UCSFMedicalCenter,0.24,5.293333333333334,ROUTE_UCSFMedicalCenter,0.24,5.293333333333334,ROUTE_UCSFMedicalCenter,0.24,5.293333333333334
37.65416666663973,-122.06888888884393,66.20175958882332,HEMORRHAGIC,ROUTE_SutterEdenMedicalCenter,0.24,13.783333333333333,ROUTE_StRoseHospital,0.24,9.618333333333334,ROUTE_SutterEdenMedicalCenter,0.24,13.783333333333333,ROUTE_SutterEdenMedicalCenter,0.24,13.783333333333333
37.58111111108412,-122.33083333328858,252.1233615314231,LVO,ROUTE_MillsPeninsulaMedicalCenterSutter,0.24466880000000002,9.571666666666665,ROUTE_MillsPeninsulaMedicalCenterSutter,0.24466880000000002,9.571666666666665,ROUTE_MillsPeninsulaMedicalCenterSutter,0.24466880000000002,9.571666666666665,ROUTE_MillsPeninsulaMedicalCenterSutter,0.24466880000000002,9.571666666666665
37.65944444441752,-122.40861111106642,103.97651499520502,HEMORRHAGIC,ROUTE_MillsPeninsulaMedicalCenterSutter,0.24,11.168333333333333,ROUTE_KaiserFoundationHospitalSouthSanFrancisco,0.24,7.775,ROUTE_MillsPeninsulaMedicalCenterSutter,0.24,11.168333333333333,ROUTE_KaiserFoundationHospitalSouthSanFrancisco,0.24,7.775
37.95472222219553,-122.36611111106639,247.3164877477763,LVO,ROUTE_KaiserFoundationHospitalRichmondCampus,0.24466880000000002,4.425,ROUTE_KaiserFoundationHospitalRichmondCampus,0.24466880000000002,4.425,ROUTE_CPMCDaviesCampusSutter,0.24466880000000002,36.61,ROUTE_KaiserFoundationHospitalRichmondCampus,0.24466880000000002,4.425
37.991388888862225,-121.71138888884364,52.81716487330346,LVO,ROUTE_JohnMuirMedicalCenterWalnutCreekCampus,0.4350851851353521,37.406666666666666,ROUTE_KaiserFoundationHospitalAntioch,0.29762223105160873,15.798333333333334,ROUTE_JohnMuirMedicalCenterWalnutCreekCampus,0.4350851851353521,37.406666666666666,ROUTE_KaiserFoundationHospitalAntioch,0.29762223105160873,15.798333333333334
37.91611111108439,-122.30888888884412,96.39844435487989,LVO,ROUTE_CPMCDaviesCampusSutter,0.42000049676609386,32.151666666666664,ROUTE_KaiserFoundationHospitalRichmondCampus,0.2852877508263701,12.716666666666667,ROUTE_CPMCDaviesCampusSutter,0.42000049676609386,32.151666666666664,ROUTE_KaiserFoundationHospitalRichmondCampus,0.2852877508263701,12.716666666666667
37.689166666639764,-122.45611111106646,120.88596274115335,HEMORRHAGIC,ROUTE_CPMCDaviesCampusSutter,0.24,18.695,ROUTE_AHMCSetonMedicalCenter,0.24,7.833333333333333,ROUTE_CPMCDaviesCampusSutter,0.24,18.695,ROUTE_AHMCSetonMedicalCenter,0.24,7.833333333333333
37.753888888862036,-122.47666666662204,30.919377079508948,LVO,ROUTE_UCSFMedicalCenter,0.4551289731601837,5.745,ROUTE_UCSFMedicalCenter,0.4551289731601837,5.745,ROUTE_UCSFMedicalCenter,0.4551289731601837,5.745,ROUTE_UCSFMedicalCenter,0.4551289731601837,5.745
38.11722222219566,-122.5477777777332,262.20752929895207,LVO,ROUTE_NovatoCommunityHospitalSutter,0.24466880000000002,9.385,ROUTE_NovatoCommunityHospitalSutter,0.24466880000000002,9.385,ROUTE_UCSFMedicalCenter,0.24466880000000002,50.63166666666667,ROUTE_NovatoCommunityHospitalSutter,0.24466880000000002,9.385
37.96166666663998,-122.03805555551057,166.48138210128525,HEMORRHAGIC,ROUTE_JohnMuirMedicalCenterWalnutCreekCampus,0.24,11.443333333333333,ROUTE_JohnMuirMedicalCenterConcordCampus,0.24,7.458333333333333,ROUTE_JohnMuirMedicalCenterWalnutCreekCampus,0.24,11.443333333333333,ROUTE_JohnMuirMedicalCenterConcordCampus,0.24,7.458333333333333
37.487777777750715,-122.24055555551072,91.34211715366634,LVO,ROUTE_KaiserFoundationHospitalRedwoodCity,0.43080888503419146,6.743333333333334,ROUTE_SequoiaHospital,0.288969993665535,4.573333333333333,ROUTE_KaiserFoundationHospitalRedwoodCity,0.43080888503419146,6.743333333333334,ROUTE_SequoiaHospital,0.288969993665535,4.573333333333333
37.664722222195294,-122.48972222217759,263.8211524030518,LVO,ROUTE_AHMCSetonMedicalCenter,0.24466880000000002,8.748333333333333,ROUTE_AHMCSetonMedicalCenter,0.24466880000000002,8.748333333333333,ROUTE_MillsPeninsulaMedicalCenterSutter,0.24466880000000002,18.358333333333334,ROUTE_AHMCSetonMedicalCenter,0.24466880000000002,8.748333333333333
38.29083333330691,-122.08388888884394,196.4763898477837,HEMORRHAGIC,ROUTE_NorthBayMedicalCenter,0.24,14.139999999999999,ROUTE_NorthBayMedicalCenter,0.24,14.139999999999999,ROUTE_JohnMuirMedicalCenterWalnutCreekCampus,0.24,45.675,ROUTE_NorthBayMedicalCenter,0.24,14.139999999999999
37.53583333330631,-122.30999999995524,127.20397390725903,LVO,ROUTE_KaiserFoundationHospitalRedwoodCity,0.4139973033515765,15.376666666666667,ROUTE_SanMateoMedicalCenter,0.24466880000000002,3.703333333333333,ROUTE_KaiserFoundationHospitalRedwoodCity,0.4139973033515765,15.376666666666667,ROUTE_KaiserFoundationHospitalRedwoodCity,0.4139973033515765,15.376666666666667
37.773333333306496,-122.20027777773292,87.65070288171572,HEMORRHAGIC,ROUTE_SutterEdenMedicalCenter,0.24,18.743333333333332,ROUTE_HighlandHospitalWilmaChanCampus,0.24,10.716666666666667,ROUTE_SutterEdenMedicalCenter,0.24,18.743333333333332,ROUTE_HighlandHospitalWilmaChanCampus,0.24,10.716666666666667
37.764722222195374,-122.25444444439964,266.2089856820247,HEMORRHAGIC,ROUTE_AlamedaHospital,0.24,1.3066666666666669,ROUTE_AlamedaHospital,0.24,1.3066666666666669,ROUTE_SutterEdenMedicalCenter,0.24,22.295,ROUTE_AlamedaHospital,0.24,1.3066666666666669
38.35083333330696,-122.25555555551074,185.62996684495852,HEMORRHAGIC,ROUTE_ProvidenceQueenOfTheValleyMedicalCenter,0.24,9.313333333333333,ROUTE_ProvidenceQueenOfTheValleyMedicalCenter,0.24,9.313333333333333,ROUTE_JohnMuirMedicalCenterWalnutCreekCampus,0.24,58.58833333333334,ROUTE_ProvidenceQueenOfTheValleyMedicalCenter,0.24,9.313333333333333
37.588333333306345,-122.49777777773316,109.51913176557842,HEMORRHAGIC,ROUTE_MillsPeninsulaMedicalCenterSutter,0.24,26.33,ROUTE_AHMCSetonMedicalCenter,0.24,18.666666666666668,ROUTE_MillsPeninsulaMedicalCenterSutter,0.24,26.33,ROUTE_AHMCSetonMedicalCenter,0.24,18.666666666666668
37.794166666639846,-122.26888888884409,54.211497313116546,LVO,ROUTE_SutterEdenMedicalCenter,0.4404491049107816,20.728333333333335,ROUTE_HighlandHospitalWilmaChanCampus,0.4293980619045068,6.591666666666667,ROUTE_SutterEdenMedicalCenter,0.4404491049107816,20.728333333333335,ROUTE_HighlandHospitalWilmaChanCampus,0.4293980619045068,6.591666666666667
37.41388888886176,-122.08361111106616,261.0328410942893,LVO,ROUTE_ElCaminoHealthMountainView,0.24466880000000002,9.595,ROUTE_ElCaminoHealthMountainView,0.24466880000000002,9.595,ROUTE_ElCaminoHealthMountainView,0.24466880000000002,9.595,ROUTE_ElCaminoHealthMountainView,0.24466880000000002,9.595
38.06388888886228,-122.54166666662208,90.71577702806887,HEMORRHAGIC,ROUTE_UCSFMedicalCenter,0.24,45.11833333333333,ROUTE_NovatoCommunityHospitalSutter,0.24,8.56,ROUTE_UCSFMedicalCenter,0.24,45.11833333333333,ROUTE_NovatoCommunityHospitalSutter,0.24,8.56
38.01111111108446,-121.62527777773246,130.20024976060972,LVO,ROUTE_JohnMuirMedicalCenterWalnutCreekCampus,0.39968778407967487,54.34166666666667,ROUTE_KaiserFoundationHospitalAntioch,0.27046219409469646,32.73166666666667,ROUTE_JohnMuirMedicalCenterWalnutCreekCampus,0.39968778407967487,54.34166666666667,ROUTE_KaiserFoundationHospitalAntioch,0.27046219409469646,32.73166666666667
37.94333333330663,-122.31249999995524,189.3280266114793,LVO,ROUTE_KaiserFoundationHospitalRichmondCampus,0.26002770949419424,9.915,ROUTE_KaiserFoundationHospitalRichmondCampus,0.26002770949419424,9.915,ROUTE_CPMCDaviesCampusSutter,0.254644773271933,32.915,ROUTE_KaiserFoundationHospitalRichmondCampus,0.26002770949419424,9.915
37.960833333306645,-122.07694444439949,247.109898367459,MIMIC,ROUTE_JohnMuirMedicalCenterConcordCampus,0.9,9.811666666666667,ROUTE_JohnMuirMedicalCenterConcordCampus,0.9,9.811666666666667,ROUTE_JohnMuirMedicalCenterWalnutCreekCampus,0.9,13.365,ROUTE_JohnMuirMedicalCenterConcordCampus,0.9,9.811666666666667
37.673888888861974,-122.1122222221773,48.18435998727694,HEMORRHAGIC,ROUTE_SutterEdenMedicalCenter,0.24,10.731666666666666,ROUTE_StRoseHospital,0.24,8.093333333333334,ROUTE_SutterEdenMedicalCenter,0.24,10.731666666666666,ROUTE_SutterEdenMedicalCenter,0.24,10.731666666666666
38.283333333306906,-122.01222222217721,96.31105947544972,HEMORRHAGIC,ROUTE_JohnMuirMedicalCenterWalnutCreekCampus,0.24,47.365,ROUTE_NorthBayMedicalCenter,0.24,13.153333333333334,ROUTE_JohnMuirMedicalCenterWalnutCreekCampus,0.24,47.365,ROUTE_NorthBayMedicalCenter,0.24,13.153333333333334
37.9286111110844,-121.6916666666214,101.93540044203773,LVO,ROUTE_JohnMuirMedicalCenterWalnutCreekCampus,0.41478215922756256,41.16166666666666,ROUTE_KaiserFoundationHospitalAntioch,0.2829517514979316,15.4,ROUTE_JohnMuirMedicalCenterWalnutCreekCampus,0.41478215922756256,41.16166666666666,ROUTE_KaiserFoundationHospitalAntioch,0.2829517514979316,15.4
37.774722222195386,-122.44972222217757,89.91629670820033,NLVO,ROUTE_UCSFMedicalCenter,0.5636146100638844,5.011666666666667,ROUTE_UCSFHealthStanyanHospital,0.5650180714387927,1.9766666666666666,ROUTE_UCSFMedicalCenter,0.5636146100638844,5.011666666666667,ROUTE_UCSFHealthStanyanHospital,0.5650180714387927,1.9766666666666666
37.9058333333066,-122.29944444439967,248.8825757154129,LVO,ROUTE_KaiserFoundationHospitalRichmondCampus,0.24466880000000002,12.32,ROUTE_KaiserFoundationHospitalRichmondCampus,0.24466880000000002,12.32,ROUTE_CPMCDaviesCampusSutter,0.24466880000000002,30.39333333333333,ROUTE_KaiserFoundationHospitalRichmondCampus,0.24466880000000002,12.32
37.91416666663994,-122.30888888884412,212.2788776960247,HEMORRHAGIC,ROUTE_KaiserFoundationHospitalRichmondCampus,0.24,12.486666666666668,ROUTE_KaiserFoundationHospitalRichmondCampus,0.24,12.486666666666668,ROUTE_CPMCDaviesCampusSutter,0.24,31.881666666666668,ROUTE_KaiserFoundationHospitalRichmondCampus,0.24,12.486666666666668
37.67499999997308,-122.48666666662204,217.05562175525947,MIMIC,ROUTE_AHMCSetonMedicalCenter,0.9,4.319999999999999,ROUTE_AHMCSetonMedicalCenter,0.9,4.319999999999999,ROUTE_MillsPeninsulaMedicalCenterSutter,0.9,17.605,ROUTE_AHMCSetonMedicalCenter,0.9,4.319999999999999
37.70749999997311,-121.88499999995489,229.03125084896573,LVO,ROUTE_StanfordHealthCareTriValley,0.24466880000000002,6.069999999999999,ROUTE_StanfordHealthCareTriValley,0.24466880000000002,6.069999999999999,ROUTE_SutterEdenMedicalCenter,0.24466880000000002,17.02,ROUTE_StanfordHealthCareTriValley,0.24466880000000002,6.069999999999999
37.778055555528724,-122.39305555551086,222.7905064686634,LVO,ROUTE_ChineseHospital,0.24466880000000002,7.114999999999999,ROUTE_ChineseHospital,0.24466880000000002,7.114999999999999,ROUTE_CPMCDaviesCampusSutter,0.24466880000000002,10.845,ROUTE_ChineseHospital,0.24466880000000002,7.114999999999999
38.17388888886237,-121.69499999995475,197.29357941405863,HEMORRHAGIC,ROUTE_SutterDeltaMedicalCenter,0.24,31.788333333333334,ROUTE_SutterDeltaMedicalCenter,0.24,31.788333333333334,ROUTE_JohnMuirMedicalCenterWalnutCreekCampus,0.24,53.345,ROUTE_KaiserFoundationHospitalAntioch,0.24,34.443333333333335
37.4083333333062,-121.93944444439938,255.87870182149237,LVO,ROUTE_OConnorHospital,0.24466880000000002,15.856666666666666,ROUTE_OConnorHospital,0.24466880000000002,15.856666666666666,ROUTE_RegionalMedicalCenterOfSanJose,0.24466880000000002,18.271666666666665,ROUTE_OConnorHospital,0.24466880000000002,15.856666666666666
38.07916666664007,-122.55472222217765,253.34217365966737,LVO,ROUTE_NovatoCommunityHospitalSutter,0.24466880000000002,6.3100000000000005,ROUTE_NovatoCommunityHospitalSutter,0.24466880000000002,6.3100000000000005,ROUTE_UCSFMedicalCenter,0.24466880000000002,45.480000000000004,ROUTE_NovatoCommunityHospitalSutter,0.24466880000000002,6.3100000000000005
37.564166666639665,-122.05555555551058,124.53537176676133,LVO,ROUTE_SutterEdenMedicalCenter,0.4123647983084379,23.116666666666667,ROUTE_StRoseHospital,0.24466880000000002,13.953333333333335,ROUTE_SutterEdenMedicalCenter,0.4123647983084379,23.116666666666667,ROUTE_WashingtonHospitalHealthcareSystem,0.2755627415108104,18.805
37.761388888862044,-122.39388888884419,186.8641694240861,NLVO,ROUTE_CPMCDaviesCampusSutter,0.510250094092762,11.520000000000001,ROUTE_ZuckerbergSanFranciscoGeneralHospital,0.5125507323022351,6.641666666666667,ROUTE_CPMCDaviesCampusSutter,0.510250094092762,11.520000000000001,ROUTE_ZuckerbergSanFranciscoGeneralHospital,0.5125507323022351,6.641666666666667
37.99944444441779,-122.58222222217768,30.069668084638835,HEMORRHAGIC,ROUTE_UCSFMedicalCenter,0.24,52.52166666666667,ROUTE_MarinHealthMedicalCenter,0.24,19.895,ROUTE_UCSFMedicalCenter,0.24,52.52166666666667,ROUTE_MarinHealthMedicalCenter,0.24,19.895
37.730277777750906,-122.40472222217753,231.3725002491726,HEMORRHAGIC,ROUTE_ZuckerbergSanFranciscoGeneralHospital,0.24,7.765,ROUTE_ZuckerbergSanFranciscoGeneralHospital,0.24,7.765,ROUTE_CPMCDaviesCampusSutter,0.24,12.538333333333332,ROUTE_ZuckerbergSanFranciscoGeneralHospital,0.24,7.765
37.52222222219518,-122.28611111106632,94.40044461560025,HEMORRHAGIC,ROUTE_KaiserFoundationHospitalRedwoodCity,0.24,14.465,ROUTE_SanMateoMedicalCenter,0.24,8.996666666666666,ROUTE_KaiserFoundationHospitalRedwoodCity,0.24,14.465,ROUTE_KaiserFoundationHospitalRedwoodCity,0.24,14.465
37.86611111108435,-122.27527777773298,81.99847984108736,MIMIC,ROUTE_JohnMuirMedicalCenterWalnutCreekCampus,0.9,29.66,ROUTE_AltaBatesSummitMedicalCenterAltaBatesCampus,0.9,7.513333333333334,ROUTE_JohnMuirMedicalCenterWalnutCreekCampus,0.9,29.66,ROUTE_KaiserFoundationHospitalOaklandRichmond,0.9,12.831666666666667
37.69027777775087,-122.49138888884427,65.59473119645952,HEMORRHAGIC,ROUTE_MillsPeninsulaMedicalCenterSutter,0.24,18.85,ROUTE_AHMCSetonMedicalCenter,0.24,6.071666666666667,ROUTE_MillsPeninsulaMedicalCenterSutter,0.24,18.85,ROUTE_AHMCSetonMedicalCenter,0.24,6.071666666666667
37.79888888886207,-122.42111111106644,195.51749349342097,LVO,ROUTE_CPMCDaviesCampusSutter,0.2582413775259875,10.6,ROUTE_UCSFHealthHydeHospital,0.2602076093549428,2.2800000000000002,ROUTE_CPMCDaviesCampusSutter,0.2582413775259875,10.6,ROUTE_UCSFHealthHydeHospital,0.2602076093549428,2.2800000000000002
37.94222222219552,-122.48749999995538,265.9453111703084,MIMIC,ROUTE_MarinHealthMedicalCenter,0.9,12.46,ROUTE_MarinHealthMedicalCenter,0.9,12.46,ROUTE_UCSFMedicalCenter,0.9,39.73166666666667,ROUTE_MarinHealthMedicalCenter,0.9,12.46
37.74027777775091,-122.43055555551088,36.20117153281224,MIMIC,ROUTE_CPMCDaviesCampusSutter,0.9,9.556666666666667,ROUTE_CPMCMissionBernalCampusSutter,0.9,3.675,ROUTE_CPMCDaviesCampusSutter,0.9,9.556666666666667,ROUTE_CPMCMissionBernalCampusSutter,0.9,3.675
37.744722222195364,-122.47055555551091,152.39775989552112,LVO,ROUTE_UCSFMedicalCenter,0.40783630532081916,5.47,ROUTE_UCSFMedicalCenter,0.40783630532081916,5.47,ROUTE_UCSFMedicalCenter,0.40783630532081916,5.47,ROUTE_UCSFMedicalCenter,0.40783630532081916,5.47
37.5233333333063,-121.9530555555105,95.04531932285344,HEMORRHAGIC,ROUTE_RegionalMedicalCenterOfSanJose,0.24,20.776666666666664,ROUTE_KaiserFoundationHospitalFremont,0.24,10.621666666666666,ROUTE_RegionalMedicalCenterOfSanJose,0.24,20.776666666666664,ROUTE_KaiserFoundationHospitalFremont,0.24,10.621666666666666
37.47361111108403,-122.14805555551065,133.49915216466064,LVO,ROUTE_KaiserFoundationHospitalRedwoodCity,0.4132002800108546,10.711666666666668,ROUTE_KaiserFoundationHospitalRedwoodCity,0.4132002800108546,10.711666666666668,ROUTE_KaiserFoundationHospitalRedwoodCity,0.4132002800108546,10.711666666666668,ROUTE_KaiserFoundationHospitalRedwoodCity,0.4132002800108546,10.711666666666668
37.54361111108409,-122.04527777773279,204.78316012636063,HEMORRHAGIC,ROUTE_WashingtonHospitalHealthcareSystem,0.24,16.165,ROUTE_StRoseHospital,0.24,14.675,ROUTE_SutterEdenMedicalCenter,0.24,23.83833333333333,ROUTE_WashingtonHospitalHealthcareSystem,0.24,16.165
37.97138888886221,-121.80111111106594,172.92439527643774,HEMORRHAGIC,ROUTE_JohnMuirMedicalCenterWalnutCreekCampus,0.24,34.695,ROUTE_SutterDeltaMedicalCenter,0.24,4.501666666666667,ROUTE_JohnMuirMedicalCenterWalnutCreekCampus,0.24,34.695,ROUTE_KaiserFoundationHospitalAntioch,0.24,7.78
37.67472222219531,-122.11111111106618,47.08599100467279,MIMIC,ROUTE_SutterEdenMedicalCenter,0.9,11.116666666666667,ROUTE_StRoseHospital,0.9,8.585,ROUTE_SutterEdenMedicalCenter,0.9,11.116666666666667,ROUTE_SutterEdenMedicalCenter,0.9,11.116666666666667
37.89166666663992,-122.26666666662186,57.54826822785798,MIMIC,ROUTE_JohnMuirMedicalCenterWalnutCreekCampus,0.9,31.3,ROUTE_AltaBatesSummitMedicalCenterAltaBatesCampus,0.9,11.408333333333333,ROUTE_JohnMuirMedicalCenterWalnutCreekCampus,0.9,31.3,ROUTE_KaiserFoundationHospitalOaklandRichmond,0.9,19.263333333333332
37.96749999997332,-122.04249999995501,95.15140171854738,HEMORRHAGIC,ROUTE_JohnMuirMedicalCenterWalnutCreekCampus,0.24,13.333333333333334,ROUTE_JohnMuirMedicalCenterConcordCampus,0.24,6.535,ROUTE_JohnMuirMedicalCenterWalnutCreekCampus,0.24,13.333333333333334,ROUTE_JohnMuirMedicalCenterConcordCampus,0.24,6.535
37.87499999997324,-122.29111111106633,243.11732463050274,HEMORRHAGIC,ROUTE_AltaBatesSummitMedicalCenterAltaBatesCampus,0.24,11.19,ROUTE_AltaBatesSummitMedicalCenterAltaBatesCampus,0.24,11.19,ROUTE_CPMCDaviesCampusSutter,0.24,30.06,ROUTE_KaiserFoundationHospitalRichmondCampus,0.24,14.351666666666667
37.529444444417415,-122.33499999995526,45.68976962156715,MIMIC,ROUTE_MillsPeninsulaMedicalCenterSutter,0.9,16.779999999999998,ROUTE_SanMateoMedicalCenter,0.9,8.663333333333332,ROUTE_MillsPeninsulaMedicalCenterSutter,0.9,16.779999999999998,ROUTE_MillsPeninsulaMedicalCenterSutter,0.9,16.779999999999998
37.759444444417596,-122.4352777777331,178.75311266712407,HEMORRHAGIC,ROUTE_CPMCDaviesCampusSutter,0.24,3.4016666666666664,ROUTE_CPMCDaviesCampusSutter,0.24,3.4016666666666664,ROUTE_CPMCDaviesCampusSutter,0.24,3.4016666666666664,ROUTE_CPMCDaviesCampusSutter,0.24,3.4016666666666664
38.31611111108471,-122.30305555551078,216.14553760748248,HEMORRHAGIC,ROUTE_ProvidenceQueenOfTheValleyMedicalCenter,0.24,4.03,ROUTE_ProvidenceQueenOfTheValleyMedicalCenter,0.24,4.03,ROUTE_JohnMuirMedicalCenterWalnutCreekCampus,0.24,50.541666666666664,ROUTE_ProvidenceQueenOfTheValleyMedicalCenter,0.24,4.03
37.40722222219509,-121.9416666666216,195.69995898141346,LVO,ROUTE_OConnorHospital,0.2569061236293172,16.095000000000002,ROUTE_OConnorHospital,0.2569061236293172,16.095000000000002,ROUTE_RegionalMedicalCenterOfSanJose,0.2563429376932606,18.509999999999998,ROUTE_OConnorHospital,0.2569061236293172,16.095000000000002
37.56222222219522,-121.98166666662163,40.763655855262456,LVO,ROUTE_SutterEdenMedicalCenter,0.4424927472291966,29.935,ROUTE_WashingtonHospitalHealthcareSystem,0.4339488511028212,4.67,ROUTE_SutterEdenMedicalCenter,0.4424927472291966,29.935,ROUTE_WashingtonHospitalHealthcareSystem,0.4339488511028212,4.67
37.680833333306424,-121.72111111106587,195.7725567237232,LVO,ROUTE_StanfordHealthCareTriValley,0.2558629111327791,20.493333333333332,ROUTE_StanfordHealthCareTriValley,0.2558629111327791,20.493333333333332,ROUTE_SutterEdenMedicalCenter,0.2532340196495696,31.89,ROUTE_StanfordHealthCareTriValley,0.2558629111327791,20.493333333333332
38.246944444417984,-122.0011111110661,144.38944547345295,MIMIC,ROUTE_JohnMuirMedicalCenterWalnutCreekCampus,0.9,44.73833333333334,ROUTE_NorthBayMedicalCenter,0.9,11.766666666666667,ROUTE_JohnMuirMedicalCenterWalnutCreekCampus,0.9,44.73833333333334,ROUTE_NorthBayMedicalCenter,0.9,11.766666666666667
37.916388888862166,-122.50749999995539,211.2268842039018,LVO,ROUTE_MarinHealthMedicalCenter,0.25430149387177825,10.071666666666665,ROUTE_MarinHealthMedicalCenter,0.25430149387177825,10.071666666666665,ROUTE_UCSFMedicalCenter,0.24466880000000002,32.37166666666666,ROUTE_MarinHealthMedicalCenter,0.25430149387177825,10.071666666666665
37.436944444417335,-122.12555555551064,100.11159710463235,NLVO,ROUTE_StanfordHealthCare,0.5542369156728661,13.921666666666665,ROUTE_StanfordHealthCare,0.5542369156728661,13.921666666666665,ROUTE_StanfordHealthCare,0.5542369156728661,13.921666666666665,ROUTE_StanfordHealthCare,0.5542369156728661,13.921666666666665
38.2922222221958,-122.45027777773312,106.89021045060595,LVO,ROUTE_JohnMuirMedicalCenterWalnutCreekCampus,0.4044398891324763,66.08333333333333,ROUTE_SonomaValleyHospital,0.2847828873406586,2.9616666666666664,ROUTE_JohnMuirMedicalCenterWalnutCreekCampus,0.4044398891324763,66.08333333333333,ROUTE_SonomaValleyHospital,0.2847828873406586,2.9616666666666664
37.598888888861914,-122.05638888884391,46.22537713570939,LVO,ROUTE_SutterEdenMedicalCenter,0.44498845221011407,16.883333333333333,ROUTE_StRoseHospital,0.4008303556344971,7.721666666666667,ROUTE_SutterEdenMedicalCenter,0.44498845221011407,16.883333333333333,ROUTE_KaiserFoundationHospitalSanLeandro,0.4301758173243719,15.19
37.724444444417564,-122.45833333328868,107.63014448623856,HEMORRHAGIC,ROUTE_UCSFMedicalCenter,0.24,11.603333333333333,ROUTE_CPMCMissionBernalCampusSutter,0.24,7.746666666666667,ROUTE_UCSFMedicalCenter,0.24,11.603333333333333,ROUTE_CPMCMissionBernalCampusSutter,0.24,7.746666666666667
37.52499999997296,-122.28222222217744,149.96679952291845,MIMIC,ROUTE_KaiserFoundationHospitalRedwoodCity,0.9,12.725,ROUTE_SanMateoMedicalCenter,0.9,7.035,ROUTE_KaiserFoundationHospitalRedwoodCity,0.9,12.725,ROUTE_KaiserFoundationHospitalRedwoodCity,0.9,12.725
38.00027777775112,-122.0388888888439,215.63688112009075,MIMIC,ROUTE_JohnMuirMedicalCenterConcordCampus,0.9,5.725,ROUTE_JohnMuirMedicalCenterConcordCampus,0.9,5.725,ROUTE_JohnMuirMedicalCenterWalnutCreekCampus,0.9,15.486666666666668,ROUTE_JohnMuirMedicalCenterConcordCampus,0.9,5.725
38.02361111108447,-121.93694444439937,34.105139466397425,LVO,ROUTE_JohnMuirMedicalCenterWalnutCreekCampus,0.4482931653051133,21.138333333333332,ROUTE_JohnMuirMedicalCenterConcordCampus,0.4361961893330887,11.378333333333334,ROUTE_JohnMuirMedicalCenterWalnutCreekCampus,0.4482931653051133,21.138333333333332,ROUTE_JohnMuirMedicalCenterConcordCampus,0.4361961893330887,11.378333333333334
37.49277777775072,-121.9227777777327,216.45684364518408,HEMORRHAGIC,ROUTE_RegionalMedicalCenterOfSanJose,0.24,15.736666666666668,ROUTE_RegionalMedicalCenterOfSanJose,0.24,15.736666666666668,ROUTE_RegionalMedicalCenterOfSanJose,0.24,15.736666666666668,ROUTE_RegionalMedicalCenterOfSanJose,0.24,15.736666666666668
37.98972222219556,-122.23444444439961,70.5480641289609,LVO,ROUTE_JohnMuirMedicalCenterWalnutCreekCampus,0.429611818884305,33.26,ROUTE_ContraCostaRegionalMedicalCenter,0.2536680052430261,20.21333333333333,ROUTE_JohnMuirMedicalCenterWalnutCreekCampus,0.429611818884305,33.26,ROUTE_KaiserFoundationHospitalRichmondCampus,0.2899974179677322,23.873333333333335
38.3224999999736,-122.29583333328856,222.4145810988004,HEMORRHAGIC,ROUTE_ProvidenceQueenOfTheValleyMedicalCenter,0.24,1.835,ROUTE_ProvidenceQueenOfTheValleyMedicalCenter,0.24,1.835,ROUTE_JohnMuirMedicalCenterWalnutCreekCampus,0.24,50.89,ROUTE_ProvidenceQueenOfTheValleyMedicalCenter,0.24,1.835
37.692499999973094,-122.10555555551062,264.9021768253609,LVO,ROUTE_SutterEdenMedicalCenter,0.24466880000000002,5.6433333333333335,ROUTE_SutterEdenMedicalCenter,0.24466880000000002,5.6433333333333335,ROUTE_SutterEdenMedicalCenter,0.24466880000000002,5.6433333333333335,ROUTE_SutterEdenMedicalCenter,0.24466880000000002,5.6433333333333335
37.69916666663977,-122.11111111106618,131.25076219058238,LVO,ROUTE_SutterEdenMedicalCenter,0.4156347513703215,6.1033333333333335,ROUTE_SutterEdenMedicalCenter,0.4156347513703215,6.1033333333333335,ROUTE_SutterEdenMedicalCenter,0.4156347513703215,6.1033333333333335,ROUTE_SutterEdenMedicalCenter,0.4156347513703215,6.1033333333333335
37.97166666663999,-122.28527777773299,121.47370086582698,NLVO,ROUTE_JohnMuirMedicalCenterWalnutCreekCampus,0.5338352794509812,33.97,ROUTE_KaiserFoundationHospitalRichmondCampus,0.5414983368716797,17.563333333333333,ROUTE_JohnMuirMedicalCenterWalnutCreekCampus,0.5338352794509812,33.97,ROUTE_KaiserFoundationHospitalRichmondCampus,0.5414983368716797,17.563333333333333
37.728888888862016,-122.3836111110664,221.45014464920305,HEMORRHAGIC,ROUTE_ZuckerbergSanFranciscoGeneralHospital,0.24,11.533333333333333,ROUTE_ZuckerbergSanFranciscoGeneralHospital,0.24,11.533333333333333,ROUTE_CPMCDaviesCampusSutter,0.24,17.39,ROUTE_ZuckerbergSanFranciscoGeneralHospital,0.24,11.533333333333333
37.5561111110841,-121.99777777773276,99.1083113373829,HEMORRHAGIC,ROUTE_SutterEdenMedicalCenter,0.24,26.56833333333333,ROUTE_WashingtonHospitalHealthcareSystem,0.24,7.4766666666666675,ROUTE_SutterEdenMedicalCenter,0.24,26.56833333333333,ROUTE_WashingtonHospitalHealthcareSystem,0.24,7.4766666666666675
37.87083333330657,-122.290277777733,55.34775264271693,HEMORRHAGIC,ROUTE_CPMCDaviesCampusSutter,0.24,28.605,ROUTE_AltaBatesSummitMedicalCenterAltaBatesCampus,0.24,10.343333333333334,ROUTE_CPMCDaviesCampusSutter,0.24,28.605,ROUTE_AltaBatesSummitMedicalCenterSummitCampus,0.24,12.923333333333334
37.596111111084134,-122.48611111106648,195.27545489678172,LVO,ROUTE_AHMCSetonMedicalCenter,0.25642639927317795,18.623333333333335,ROUTE_AHMCSetonMedicalCenter,0.25642639927317795,18.623333333333335,ROUTE_MillsPeninsulaMedicalCenterSutter,0.25464940762647675,26.28666666666667,ROUTE_AHMCSetonMedicalCenter,0.25642639927317795,18.623333333333335
37.895555555528816,-121.59888888884355,253.6835985056869,HEMORRHAGIC,ROUTE_KaiserFoundationHospitalAntioch,0.24,25.196666666666665,ROUTE_KaiserFoundationHospitalAntioch,0.24,25.196666666666665,ROUTE_JohnMuirMedicalCenterWalnutCreekCampus,0.24,50.72166666666667,ROUTE_KaiserFoundationHospitalAntioch,0.24,25.196666666666665
37.78611111108428,-122.47416666662203,119.6747604175298,LVO,ROUTE_UCSFMedicalCenter,0.41851481263674783,10.593333333333334,ROUTE_KaiserFoundationHospitalSanFrancisco,0.2798965440803204,7.373333333333333,ROUTE_UCSFMedicalCenter,0.41851481263674783,10.593333333333334,ROUTE_KaiserFoundationHospitalSanFrancisco,0.2798965440803204,7.373333333333333
37.625277777750824,-122.09638888884395,194.4422584389181,LVO,ROUTE_KaiserFoundationHospitalSanLeandro,0.25761875601027157,14.446666666666665,ROUTE_StRoseHospital,0.24466880000000002,4.944999999999999,ROUTE_SutterEdenMedicalCenter,0.2572222372103823,16.14,ROUTE_KaiserFoundationHospitalSanLeandro,0.25761875601027157,14.446666666666665
37.75277777775092,-122.41166666662198,219.4326995897951,LVO,ROUTE_ZuckerbergSanFranciscoGeneralHospital,0.25392806480348595,2.5766666666666667,ROUTE_ZuckerbergSanFranciscoGeneralHospital,0.25392806480348595,2.5766666666666667,ROUTE_CPMCDaviesCampusSutter,0.24466880000000002,7.868333333333334,ROUTE_ZuckerbergSanFranciscoGeneralHospital,0.25392806480348595,2.5766666666666667
37.49305555552849,-122.45805555551091,130.27430873804576,MIMIC,ROUTE_MillsPeninsulaMedicalCenterSutter,0.9,33.041666666666664,ROUTE_SanMateoMedicalCenter,0.9,32.83166666666667,ROUTE_MillsPeninsulaMedicalCenterSutter,0.9,33.041666666666664,ROUTE_MillsPeninsulaMedicalCenterSutter,0.9,33.041666666666664
37.750277777750924,-122.1727777777329,162.72155963119638,LVO,ROUTE_SutterEdenMedicalCenter,0.40091312089008985,14.545,ROUTE_SanLeandroHospitalAlamedaHealthSystem,0.24466880000000002,11.871666666666666,ROUTE_SutterEdenMedicalCenter,0.40091312089008985,14.545,ROUTE_HighlandHospitalWilmaChanCampus,0.26636904935575023,13.165
38.00499999997335,-122.64305555551105,65.54077446354628,LVO,ROUTE_UCSFMedicalCenter,0.4208913721678581,63.861666666666665,ROUTE_MarinHealthMedicalCenter,0.2895113473267644,31.235,ROUTE_UCSFMedicalCenter,0.4208913721678581,63.861666666666665,ROUTE_MarinHealthMedicalCenter,0.2895113473267644,31.235
37.38888888886174,-122.01305555551055,50.76857915915959,LVO,ROUTE_KaiserFoundationHospitalSantaClara,0.44439694311702194,13.488333333333333,ROUTE_KaiserFoundationHospitalSantaClara,0.44439694311702194,13.488333333333333,ROUTE_KaiserFoundationHospitalSantaClara,0.44439694311702194,13.488333333333333,ROUTE_KaiserFoundationHospitalSantaClara,0.44439694311702194,13.488333333333333
37.34027777775059,-122.01694444439944,99.25152449844643,LVO,ROUTE_KaiserFoundationHospitalSantaClara,0.42800324643156307,5.961666666666667,ROUTE_KaiserFoundationHospitalSantaClara,0.42800324643156307,5.961666666666667,ROUTE_KaiserFoundationHospitalSantaClara,0.42800324643156307,5.961666666666667,ROUTE_KaiserFoundationHospitalSantaClara,0.42800324643156307,5.961666666666667
37.723888888862014,-122.158888888844,232.17130987356023,HEMORRHAGIC,ROUTE_SanLeandroHospitalAlamedaHealthSystem,0.24,4.581666666666666,ROUTE_SanLeandroHospitalAlamedaHealthSystem,0.24,4.581666666666666,ROUTE_SutterEdenMedicalCenter,0.24,13.481666666666666,ROUTE_KaiserFoundationHospitalSanLeandro,0.24,8.695
37.566111111084105,-122.25222222217741,180.276470669048,HEMORRHAGIC,ROUTE_MillsPeninsulaMedicalCenterSutter,0.24,18.208333333333332,ROUTE_SanMateoMedicalCenter,0.24,15.21,ROUTE_MillsPeninsulaMedicalCenterSutter,0.24,18.208333333333332,ROUTE_MillsPeninsulaMedicalCenterSutter,0.24,18.208333333333332
37.753611111084254,-122.16555555551066,82.16573518668196,LVO,ROUTE_SutterEdenMedicalCenter,0.4319337246107713,13.738333333333333,ROUTE_SanLeandroHospitalAlamedaHealthSystem,0.2536379887335146,11.556666666666667,ROUTE_SutterEdenMedicalCenter,0.4319337246107713,13.738333333333333,ROUTE_HighlandHospitalWilmaChanCampus,0.28962016592042406,12.360000000000001
38.295833333306916,-122.27027777773297,43.89713868705077,LVO,ROUTE_JohnMuirMedicalCenterWalnutCreekCampus,0.4334401857891438,51.980000000000004,ROUTE_ProvidenceQueenOfTheValleyMedicalCenter,0.3021211026493601,9.681666666666667,ROUTE_JohnMuirMedicalCenterWalnutCreekCampus,0.4334401857891438,51.980000000000004,ROUTE_ProvidenceQueenOfTheValleyMedicalCenter,0.3021211026493601,9.681666666666667
37.784444444417616,-121.92749999995493,189.19067046744993,LVO,ROUTE_SanRamonRegionalMedicalCenter,0.2600113258667114,10.136666666666667,ROUTE_SanRamonRegionalMedicalCenter,0.2600113258667114,10.136666666666667,ROUTE_JohnMuirMedicalCenterWalnutCreekCampus,0.2560658472816846,26.933333333333334,ROUTE_SanRamonRegionalMedicalCenter,0.2600113258667114,10.136666666666667
37.94722222219552,-122.36055555551083,190.36307562055438,LVO,ROUTE_KaiserFoundationHospitalRichmondCampus,0.2612582368799959,3.5949999999999998,ROUTE_KaiserFoundationHospitalRichmondCampus,0.2612582368799959,3.5949999999999998,ROUTE_CPMCDaviesCampusSutter,0.2535428708713363,36.55333333333333,ROUTE_KaiserFoundationHospitalRichmondCampus,0.2612582368799959,3.5949999999999998
37.743333333306474,-122.43444444439977,140.3488218269506,LVO,ROUTE_CPMCDaviesCampusSutter,0.4115104596875919,8.05,ROUTE_CPMCMissionBernalCampusSutter,0.2748431008874098,4.06,ROUTE_CPMCDaviesCampusSutter,0.4115104596875919,8.05,ROUTE_CPMCMissionBernalCampusSutter,0.2748431008874098,4.06
37.57472222219523,-121.97277777773274,140.12497368760526,HEMORRHAGIC,ROUTE_RegionalMedicalCenterOfSanJose,0.24,27.886666666666667,ROUTE_WashingtonHospitalHealthcareSystem,0.24,7.47,ROUTE_RegionalMedicalCenterOfSanJose,0.24,27.886666666666667,ROUTE_WashingtonHospitalHealthcareSystem,0.24,7.47
37.765555555528714,-122.46527777773314,81.19922688226447,LVO,ROUTE_UCSFMedicalCenter,0.43617554030514705,2.7866666666666666,ROUTE_UCSFMedicalCenter,0.43617554030514705,2.7866666666666666,ROUTE_UCSFMedicalCenter,0.43617554030514705,2.7866666666666666,ROUTE_UCSFMedicalCenter,0.43617554030514705,2.7866666666666666
38.02722222219559,-121.92222222217714,116.20614474807246,HEMORRHAGIC,ROUTE_JohnMuirMedicalCenterWalnutCreekCampus,0.24,23.34333333333333,ROUTE_JohnMuirMedicalCenterConcordCampus,0.24,13.583333333333334,ROUTE_JohnMuirMedicalCenterWalnutCreekCampus,0.24,23.34333333333333,ROUTE_JohnMuirMedicalCenterConcordCampus,0.24,13.583333333333334
37.92916666663995,-122.39249999995529,141.58662761510914,HEMORRHAGIC,ROUTE_CPMCDaviesCampusSutter,0.24,35.391666666666666,ROUTE_KaiserFoundationHospitalRichmondCampus,0.24,7.864999999999999,ROUTE_CPMCDaviesCampusSutter,0.24,35.391666666666666,ROUTE_KaiserFoundationHospitalRichmondCampus,0.24,7.864999999999999
37.63749999997305,-122.07777777773282,192.0730917271856,LVO,ROUTE_SutterEdenMedicalCenter,0.25794893684870684,15.671666666666665,ROUTE_StRoseHospital,0.24466880000000002,4.923333333333333,ROUTE_SutterEdenMedicalCenter,0.25794893684870684,15.671666666666665,ROUTE_KaiserFoundationHospitalSanLeandro,0.25834693738545844,13.978333333333333
37.74999999997314,-122.41999999995532,201.2102124644602,LVO,ROUTE_CPMCDaviesCampusSutter,0.2575164386537664,7.363333333333333,ROUTE_CPMCMissionBernalCampusSutter,0.2587353686636352,2.1766666666666667,ROUTE_CPMCDaviesCampusSutter,0.2575164386537664,7.363333333333333,ROUTE_CPMCMissionBernalCampusSutter,0.2587353686636352,2.1766666666666667
37.89361111108437,-122.2863888888441,149.5176283173513,HEMORRHAGIC,ROUTE_CPMCDaviesCampusSutter,0.24,33.135,ROUTE_AltaBatesSummitMedicalCenterAltaBatesCampus,0.24,15.528333333333334,ROUTE_CPMCDaviesCampusSutter,0.24,33.135,ROUTE_KaiserFoundationHospitalRichmondCampus,0.24,15.658333333333333
37.761944444417594,-122.42499999995532,48.42008193601813,NLVO,ROUTE_CPMCDaviesCampusSutter,0.5850463544536472,4.595,ROUTE_CPMCMissionBernalCampusSutter,0.5853307824869193,3.975,ROUTE_CPMCDaviesCampusSutter,0.5850463544536472,4.595,ROUTE_CPMCMissionBernalCampusSutter,0.5853307824869193,3.975
37.771111111084274,-122.17416666662179,248.7382586523517,MIMIC,ROUTE_HighlandHospitalWilmaChanCampus,0.9,9.7,ROUTE_HighlandHospitalWilmaChanCampus,0.9,9.7,ROUTE_SutterEdenMedicalCenter,0.9,16.293333333333333,ROUTE_HighlandHospitalWilmaChanCampus,0.9,9.7
37.66777777775086,-122.10749999995507,244.1982531036059,HEMORRHAGIC,ROUTE_StRoseHospital,0.24,6.096666666666667,ROUTE_StRoseHospital,0.24,6.096666666666667,ROUTE_SutterEdenMedicalCenter,0.24,10.943333333333333,ROUTE_KaiserFoundationHospitalSanLeandro,0.24,9.25
37.57138888886189,-122.01861111106611,41.98138371121416,LVO,ROUTE_SutterEdenMedicalCenter,0.4443445597595903,23.398333333333333,ROUTE_WashingtonHospitalHealthcareSystem,0.4314653033722435,10.201666666666666,ROUTE_SutterEdenMedicalCenter,0.4443445597595903,23.398333333333333,ROUTE_WashingtonHospitalHealthcareSystem,0.4314653033722435,10.201666666666666
38.09916666664009,-122.24888888884406,259.64960211880634,LVO,ROUTE_KaiserFoundationHospitalVallejo,0.24466880000000002,6.716666666666667,ROUTE_KaiserFoundationHospitalVallejo,0.24466880000000002,6.716666666666667,ROUTE_JohnMuirMedicalCenterWalnutCreekCampus,0.24466880000000002,27.466666666666665,ROUTE_KaiserFoundationHospitalVallejo,0.24466880000000002,6.716666666666667
37.3944444444173,-122.10083333328839,89.07634169576242,LVO,ROUTE_ElCaminoHealthMountainView,0.42990738069608075,11.83,ROUTE_ElCaminoHealthMountainView,0.42990738069608075,11.83,ROUTE_ElCaminoHealthMountainView,0.42990738069608075,11.83,ROUTE_ElCaminoHealthMountainView,0.42990738069608075,11.83
37.9222222221955,-122.03999999995501,269.5020334139442,HEMORRHAGIC,ROUTE_JohnMuirMedicalCenterWalnutCreekCampus,0.24,3.5366666666666666,ROUTE_JohnMuirMedicalCenterWalnutCreekCampus,0.24,3.5366666666666666,ROUTE_JohnMuirMedicalCenterWalnutCreekCampus,0.24,3.5366666666666666,ROUTE_JohnMuirMedicalCenterWalnutCreekCampus,0.24,3.5366666666666666
37.648888888861954,-122.42166666662199,244.48642833619908,LVO,ROUTE_KaiserFoundationHospitalSouthSanFrancisco,0.24466880000000002,7.198333333333333,ROUTE_KaiserFoundationHospitalSouthSanFrancisco,0.24466880000000002,7.198333333333333,ROUTE_MillsPeninsulaMedicalCenterSutter,0.24466880000000002,13.536666666666667,ROUTE_KaiserFoundationHospitalSouthSanFrancisco,0.24466880000000002,7.198333333333333
38.29638888886247,-122.46638888884425,89.15358276798136,LVO,ROUTE_JohnMuirMedicalCenterWalnutCreekCampus,0.4109220768985339,66.66,ROUTE_SonomaValleyHospital,0.2901184551588022,2.753333333333333,ROUTE_JohnMuirMedicalCenterWalnutCreekCampus,0.4109220768985339,66.66,ROUTE_SonomaValleyHospital,0.2901184551588022,2.753333333333333
38.31333333330693,-122.31305555551079,243.83147769289508,HEMORRHAGIC,ROUTE_ProvidenceQueenOfTheValleyMedicalCenter,0.24,5.553333333333333,ROUTE_ProvidenceQueenOfTheValleyMedicalCenter,0.24,5.553333333333333,ROUTE_JohnMuirMedicalCenterWalnutCreekCampus,0.24,49.83833333333334,ROUTE_ProvidenceQueenOfTheValleyMedicalCenter,0.24,5.553333333333333
37.68749999997309,-121.75333333328813,177.8159985054976,HEMORRHAGIC,ROUTE_SutterEdenMedicalCenter,0.24,29.16166666666667,ROUTE_StanfordHealthCareTriValley,0.24,17.763333333333332,ROUTE_SutterEdenMedicalCenter,0.24,29.16166666666667,ROUTE_StanfordHealthCareTriValley,0.24,17.763333333333332
37.40388888886176,-122.09527777773283,101.0010122018073,HEMORRHAGIC,ROUTE_ElCaminoHealthMountainView,0.24,14.053333333333335,ROUTE_ElCaminoHealthMountainView,0.24,14.053333333333335,ROUTE_ElCaminoHealthMountainView,0.24,14.053333333333335,ROUTE_ElCaminoHealthMountainView,0.24,14.053333333333335
37.663333333306404,-121.84388888884375,214.73458749171152,HEMORRHAGIC,ROUTE_StanfordHealthCareTriValley,0.24,11.708333333333334,ROUTE_StanfordHealthCareTriValley,0.24,11.708333333333334,ROUTE_SutterEdenMedicalCenter,0.24,28.266666666666666,ROUTE_StanfordHealthCareTriValley,0.24,11.708333333333334
38.01249999997335,-121.94638888884383,264.5571068117162,LVO,ROUTE_JohnMuirMedicalCenterConcordCampus,0.24466880000000002,13.183333333333334,ROUTE_JohnMuirMedicalCenterConcordCampus,0.24466880000000002,13.183333333333334,ROUTE_JohnMuirMedicalCenterWalnutCreekCampus,0.24466880000000002,22.94333333333333,ROUTE_JohnMuirMedicalCenterConcordCampus,0.24466880000000002,13.183333333333334
37.677222222195304,-122.0488888888439,91.78927668833107,HEMORRHAGIC,ROUTE_SutterEdenMedicalCenter,0.24,13.125,ROUTE_SutterEdenMedicalCenter,0.24,13.125,ROUTE_SutterEdenMedicalCenter,0.24,13.125,ROUTE_SutterEdenMedicalCenter,0.24,13.125
37.39888888886175,-121.9238888888438,41.83941347496773,MIMIC,ROUTE_RegionalMedicalCenterOfSanJose,0.9,15.883333333333333,ROUTE_OConnorHospital,0.9,13.431666666666667,ROUTE_RegionalMedicalCenterOfSanJose,0.9,15.883333333333333,ROUTE_OConnorHospital,0.9,13.431666666666667
38.112222222195655,-122.58111111106656,88.14931466503835,HEMORRHAGIC,ROUTE_UCSFMedicalCenter,0.24,51.905,ROUTE_NovatoCommunityHospitalSutter,0.24,10.656666666666666,ROUTE_UCSFMedicalCenter,0.24,51.905,ROUTE_NovatoCommunityHospitalSutter,0.24,10.656666666666666
37.863611111084346,-122.27527777773298,190.93446828600747,LVO,ROUTE_KaiserFoundationHospitalOaklandRichmond,0.2592280977378348,11.506666666666666,ROUTE_AltaBatesSummitMedicalCenterAltaBatesCampus,0.24466880000000002,6.1883333333333335,ROUTE_JohnMuirMedicalCenterWalnutCreekCampus,0.2552909636016315,28.334999999999997,ROUTE_KaiserFoundationHospitalOaklandRichmond,0.2592280977378348,11.506666666666666
37.67499999997308,-122.12249999995508,49.850852292763285,HEMORRHAGIC,ROUTE_SutterEdenMedicalCenter,0.24,11.243333333333334,ROUTE_StRoseHospital,0.24,9.441666666666666,ROUTE_SutterEdenMedicalCenter,0.24,11.243333333333334,ROUTE_KaiserFoundationHospitalSanLeandro,0.24,10.943333333333333
37.96805555552887,-121.71027777773253,164.38108612880734,LVO,ROUTE_JohnMuirMedicalCenterWalnutCreekCampus,0.2597887055171524,38.641666666666666,ROUTE_KaiserFoundationHospitalAntioch,0.26559133796662393,14.504999999999999,ROUTE_JohnMuirMedicalCenterWalnutCreekCampus,0.2597887055171524,38.641666666666666,ROUTE_KaiserFoundationHospitalAntioch,0.26559133796662393,14.504999999999999
37.86277777775101,-122.24888888884406,80.64056281350244,LVO,ROUTE_SutterEdenMedicalCenter,0.4288000558371287,24.363333333333333,ROUTE_AltaBatesSummitMedicalCenterAltaBatesCampus,0.2553827802693991,4.385000000000001,ROUTE_SutterEdenMedicalCenter,0.4288000558371287,24.363333333333333,ROUTE_AltaBatesSummitMedicalCenterSummitCampus,0.2897926012969649,13.416666666666666
37.74083333330647,-122.45777777773313,199.91845348834894,LVO,ROUTE_UCSFMedicalCenter,0.25793358102345565,7.02,ROUTE_UCSFMedicalCenter,0.25793358102345565,7.02,ROUTE_UCSFMedicalCenter,0.25793358102345565,7.02,ROUTE_UCSFMedicalCenter,0.25793358102345565,7.02
37.579444444417454,-122.38583333328863,250.00708029480708,HEMORRHAGIC,ROUTE_MillsPeninsulaMedicalCenterSutter,0.24,5.238333333333333,ROUTE_MillsPeninsulaMedicalCenterSutter,0.24,5.238333333333333,ROUTE_MillsPeninsulaMedicalCenterSutter,0.24,5.238333333333333,ROUTE_MillsPeninsulaMedicalCenterSutter,0.24,5.238333333333333
37.72499999997312,-121.92055555551048,30.83125459008641,NLVO,ROUTE_SutterEdenMedicalCenter,0.5857052968088932,22.701666666666664,ROUTE_SanRamonRegionalMedicalCenter,0.5897712201932832,13.83,ROUTE_SutterEdenMedicalCenter,0.5857052968088932,22.701666666666664,ROUTE_SanRamonRegionalMedicalCenter,0.5897712201932832,13.83
37.9197222221955,-122.30972222217746,65.67148731385188,HEMORRHAGIC,ROUTE_CPMCDaviesCampusSutter,0.24,31.223333333333336,ROUTE_KaiserFoundationHospitalRichmondCampus,0.24,11.785,ROUTE_CPMCDaviesCampusSutter,0.24,31.223333333333336,ROUTE_KaiserFoundationHospitalRichmondCampus,0.24,11.785
37.72916666663979,-122.41499999995531,197.66841029387987,NLVO,ROUTE_CPMCMissionBernalCampusSutter,0.5068299067717094,6.760000000000001,ROUTE_CPMCMissionBernalCampusSutter,0.5068299067717094,6.760000000000001,ROUTE_CPMCDaviesCampusSutter,0.5039956987154237,12.756666666666666,ROUTE_CPMCMissionBernalCampusSutter,0.5068299067717094,6.760000000000001
37.92638888886217,-122.34388888884415,163.22394970199448,HEMORRHAGIC,ROUTE_CPMCDaviesCampusSutter,0.24,32.035,ROUTE_KaiserFoundationHospitalRichmondCampus,0.24,6.486666666666666,ROUTE_CPMCDaviesCampusSutter,0.24,32.035,ROUTE_KaiserFoundationHospitalRichmondCampus,0.24,6.486666666666666
37.77972222219539,-122.44388888884423,55.300960062383794,LVO,ROUTE_CPMCDaviesCampusSutter,0.44536418833544744,5.75,ROUTE_KaiserFoundationHospitalSanFrancisco,0.43216993914277807,2.6983333333333333,ROUTE_CPMCDaviesCampusSutter,0.44536418833544744,5.75,ROUTE_KaiserFoundationHospitalSanFrancisco,0.43216993914277807,2.6983333333333333
37.782222222195394,-122.38916666662196,86.14006725660715,HEMORRHAGIC,ROUTE_CPMCDaviesCampusSutter,0.24,12.318333333333333,ROUTE_ChineseHospital,0.24,7.71,ROUTE_CPMCDaviesCampusSutter,0.24,12.318333333333333,ROUTE_ChineseHospital,0.24,7.71
37.82444444441765,-122.27694444439965,245.37277973549593,LVO,ROUTE_KaiserFoundationHospitalOaklandRichmond,0.24466880000000002,4.79,ROUTE_KaiserFoundationHospitalOaklandRichmond,0.24466880000000002,4.79,ROUTE_SutterEdenMedicalCenter,0.24466880000000002,21.623333333333335,ROUTE_KaiserFoundationHospitalOaklandRichmond,0.24466880000000002,4.79
37.67916666663975,-121.89055555551045,78.42538173902994,MIMIC,ROUTE_SutterEdenMedicalCenter,0.9,22.211666666666666,ROUTE_StanfordHealthCareTriValley,0.9,8.395,ROUTE_SutterEdenMedicalCenter,0.9,22.211666666666666,ROUTE_StanfordHealthCareTriValley,0.9,8.395
38.00194444441779,-122.30722222217746,227.45985113074383,HEMORRHAGIC,ROUTE_KaiserFoundationHospitalRichmondCampus,0.24,15.748333333333333,ROUTE_KaiserFoundationHospitalRichmondCampus,0.24,15.748333333333333,ROUTE_JohnMuirMedicalCenterWalnutCreekCampus,0.24,33.42,ROUTE_KaiserFoundationHospitalRichmondCampus,0.24,15.748333333333333
37.93527777775107,-122.07166666662171,42.76808723138159,LVO,ROUTE_JohnMuirMedicalCenterWalnutCreekCampus,0.4487143193494174,10.341666666666667,ROUTE_JohnMuirMedicalCenterConcordCampus,0.43329628025315026,9.791666666666666,ROUTE_JohnMuirMedicalCenterWalnutCreekCampus,0.4487143193494174,10.341666666666667,ROUTE_JohnMuirMedicalCenterConcordCampus,0.43329628025315026,9.791666666666666
37.69277777775088,-121.86555555551043,173.2782656155837,HEMORRHAGIC,ROUTE_SutterEdenMedicalCenter,0.24,21.538333333333334,ROUTE_StanfordHealthCareTriValley,0.24,4.92,ROUTE_SutterEdenMedicalCenter,0.24,21.538333333333334,ROUTE_StanfordHealthCareTriValley,0.24,4.92
37.798333333306516,-122.41694444439976,92.87732938188385,LVO,ROUTE_CPMCDaviesCampusSutter,0.42875054914416844,10.908333333333333,ROUTE_UCSFHealthHydeHospital,0.28905289509303844,2.56,ROUTE_CPMCDaviesCampusSutter,0.42875054914416844,10.908333333333333,ROUTE_UCSFHealthHydeHospital,0.28905289509303844,2.56
37.65249999997307,-122.47777777773314,152.54816529257036,HEMORRHAGIC,ROUTE_MillsPeninsulaMedicalCenterSutter,0.24,16.268333333333334,ROUTE_AHMCSetonMedicalCenter,0.24,7.031666666666666,ROUTE_MillsPeninsulaMedicalCenterSutter,0.24,16.268333333333334,ROUTE_AHMCSetonMedicalCenter,0.24,7.031666666666666
37.53611111108408,-122.05583333328836,260.76167786494807,MIMIC,ROUTE_StRoseHospital,0.9,17.611666666666668,ROUTE_StRoseHospital,0.9,17.611666666666668,ROUTE_KaiserFoundationHospitalRedwoodCity,0.9,26.138333333333332,ROUTE_WashingtonHospitalHealthcareSystem,0.9,20.433333333333334
38.2947222221958,-122.2169444443996,45.92388203858899,NLVO,ROUTE_JohnMuirMedicalCenterWalnutCreekCampus,0.5611251406779039,59.27166666666667,ROUTE_ProvidenceQueenOfTheValleyMedicalCenter,0.580915687689184,16.365,ROUTE_JohnMuirMedicalCenterWalnutCreekCampus,0.5611251406779039,59.27166666666667,ROUTE_ProvidenceQueenOfTheValleyMedicalCenter,0.580915687689184,16.365
37.77444444441761,-122.42194444439977,81.01221866252537,LVO,ROUTE_CPMCDaviesCampusSutter,0.4350253115259277,6.248333333333333,ROUTE_CPMCVanNessCampusSutter,0.29225209211324454,3.95,ROUTE_CPMCDaviesCampusSutter,0.4350253115259277,6.248333333333333,ROUTE_CPMCVanNessCampusSutter,0.29225209211324454,3.95
37.8666666666399,-122.26361111106631,250.79141547212407,HEMORRHAGIC,ROUTE_AltaBatesSummitMedicalCenterAltaBatesCampus,0.24,4.86,ROUTE_AltaBatesSummitMedicalCenterAltaBatesCampus,0.24,4.86,ROUTE_SutterEdenMedicalCenter,0.24,27.858333333333334,ROUTE_KaiserFoundationHospitalOaklandRichmond,0.24,13.985000000000001
37.753888888862036,-122.49388888884427,160.124103946737,MIMIC,ROUTE_UCSFMedicalCenter,0.9,8.47,ROUTE_UCSFMedicalCenter,0.9,8.47,ROUTE_UCSFMedicalCenter,0.9,8.47,ROUTE_UCSFMedicalCenter,0.9,8.47
37.98472222219555,-122.07027777773281,106.2475673397763,LVO,ROUTE_JohnMuirMedicalCenterWalnutCreekCampus,0.42217879092667987,14.915,ROUTE_JohnMuirMedicalCenterConcordCampus,0.2832010822492497,9.661666666666667,ROUTE_JohnMuirMedicalCenterWalnutCreekCampus,0.42217879092667987,14.915,ROUTE_JohnMuirMedicalCenterConcordCampus,0.2832010822492497,9.661666666666667
37.93805555552885,-122.01083333328833,210.89122675665135,LVO,ROUTE_JohnMuirMedicalCenterWalnutCreekCampus,0.25474232229017457,8.533333333333333,ROUTE_JohnMuirMedicalCenterWalnutCreekCampus,0.25474232229017457,8.533333333333333,ROUTE_JohnMuirMedicalCenterWalnutCreekCampus,0.25474232229017457,8.533333333333333,ROUTE_JohnMuirMedicalCenterWalnutCreekCampus,0.25474232229017457,8.533333333333333
37.746944444417586,-122.40972222217754,120.99413364435301,MIMIC,ROUTE_CPMCDaviesCampusSutter,0.9,9.281666666666666,ROUTE_ZuckerbergSanFranciscoGeneralHospital,0.9,4.075,ROUTE_CPMCDaviesCampusSutter,0.9,9.281666666666666,ROUTE_ZuckerbergSanFranciscoGeneralHospital,0.9,4.075
38.00499999997335,-122.10861111106618,266.1358654418001,HEMORRHAGIC,ROUTE_ContraCostaRegionalMedicalCenter,0.24,9.118333333333334,ROUTE_ContraCostaRegionalMedicalCenter,0.24,9.118333333333334,ROUTE_JohnMuirMedicalCenterWalnutCreekCampus,0.24,20.226666666666667,ROUTE_JohnMuirMedicalCenterConcordCampus,0.24,13.685
37.793333333306514,-122.24138888884407,72.43723976329008,MIMIC,ROUTE_SutterEdenMedicalCenter,0.9,18.78666666666667,ROUTE_HighlandHospitalWilmaChanCampus,0.9,1.4266666666666665,ROUTE_SutterEdenMedicalCenter,0.9,18.78666666666667,ROUTE_HighlandHospitalWilmaChanCampus,0.9,1.4266666666666665
37.459999999972915,-122.27166666662187,72.08099687317198,HEMORRHAGIC,ROUTE_KaiserFoundationHospitalRedwoodCity,0.24,16.625,ROUTE_SequoiaHospital,0.24,11.686666666666667,ROUTE_KaiserFoundationHospitalRedwoodCity,0.24,16.625,ROUTE_SequoiaHospital,0.24,11.686666666666667
37.70111111108422,-122.07166666662171,173.5861217414299,MIMIC,ROUTE_SutterEdenMedicalCenter,0.9,4.855,ROUTE_SutterEdenMedicalCenter,0.9,4.855,ROUTE_SutterEdenMedicalCenter,0.9,4.855,ROUTE_SutterEdenMedicalCenter,0.9,4.855
37.532222222195195,-121.97972222217719,142.4220322628593,MIMIC,ROUTE_RegionalMedicalCenterOfSanJose,0.9,23.858333333333334,ROUTE_KaiserFoundationHospitalFremont,0.9,5.711666666666667,ROUTE_RegionalMedicalCenterOfSanJose,0.9,23.858333333333334,ROUTE_KaiserFoundationHospitalFremont,0.9,5.711666666666667
38.265277777751336,-122.65277777773328,83.44412392202933,HEMORRHAGIC,ROUTE_UCSFMedicalCenter,0.24,66.02,ROUTE_PetalumaValleyHospitalProvidence,0.24,6.265,ROUTE_UCSFMedicalCenter,0.24,66.02,ROUTE_PetalumaValleyHospitalProvidence,0.24,6.265
37.721111111084234,-122.43888888884422,134.5477701052561,LVO,ROUTE_CPMCDaviesCampusSutter,0.4119887896853606,13.093333333333334,ROUTE_CPMCMissionBernalCampusSutter,0.2757818296843554,6.821666666666667,ROUTE_CPMCDaviesCampusSutter,0.4119887896853606,13.093333333333334,ROUTE_CPMCMissionBernalCampusSutter,0.2757818296843554,6.821666666666667
37.589166666639684,-122.06055555551059,131.54961595487944,HEMORRHAGIC,ROUTE_SutterEdenMedicalCenter,0.24,21.490000000000002,ROUTE_StRoseHospital,0.24,12.326666666666666,ROUTE_SutterEdenMedicalCenter,0.24,21.490000000000002,ROUTE_WashingtonHospitalHealthcareSystem,0.24,17.795
37.755833333306484,-121.90944444439936,55.06484228155667,LVO,ROUTE_SutterEdenMedicalCenter,0.43931550475959286,22.96833333333333,ROUTE_SanRamonRegionalMedicalCenter,0.4265324321556937,12.238333333333333,ROUTE_SutterEdenMedicalCenter,0.43931550475959286,22.96833333333333,ROUTE_SanRamonRegionalMedicalCenter,0.4265324321556937,12.238333333333333
37.47472222219515,-122.20388888884403,215.40587117673812,LVO,ROUTE_KaiserFoundationHospitalRedwoodCity,0.25345868503964303,9.095,ROUTE_KaiserFoundationHospitalRedwoodCity,0.25345868503964303,9.095,ROUTE_KaiserFoundationHospitalRedwoodCity,0.25345868503964303,9.095,ROUTE_KaiserFoundationHospitalRedwoodCity,0.25345868503964303,9.095
37.700277777750884,-122.18333333328846,123.94913749983088,HEMORRHAGIC,ROUTE_SutterEdenMedicalCenter,0.24,14.205,ROUTE_KaiserFoundationHospitalSanLeandro,0.24,4.623333333333333,ROUTE_SutterEdenMedicalCenter,0.24,14.205,ROUTE_KaiserFoundationHospitalSanLeandro,0.24,4.623333333333333
38.0005555555289,-122.27666666662188,53.721407867282515,MIMIC,ROUTE_JohnMuirMedicalCenterWalnutCreekCampus,0.9,29.58,ROUTE_ContraCostaRegionalMedicalCenter,0.9,16.533333333333335,ROUTE_JohnMuirMedicalCenterWalnutCreekCampus,0.9,29.58,ROUTE_KaiserFoundationHospitalRichmondCampus,0.9,18.69333333333333
37.787777777750954,-122.41194444439975,49.98387162439077,LVO,ROUTE_CPMCDaviesCampusSutter,0.4458620169993145,10.268333333333334,ROUTE_UCSFHealthHydeHospital,0.43392003407429053,2.0616666666666665,ROUTE_CPMCDaviesCampusSutter,0.4458620169993145,10.268333333333334,ROUTE_UCSFHealthHydeHospital,0.43392003407429053,2.0616666666666665
37.99999999997334,-121.79333333328815,89.68039525867925,MIMIC,ROUTE_JohnMuirMedicalCenterWalnutCreekCampus,0.9,30.470000000000002,ROUTE_SutterDeltaMedicalCenter,0.9,5.871666666666667,ROUTE_JohnMuirMedicalCenterWalnutCreekCampus,0.9,30.470000000000002,ROUTE_KaiserFoundationHospitalAntioch,0.9,11.389999999999999
37.697499999973104,-122.07138888884393,205.0551419414245,HEMORRHAGIC,ROUTE_SutterEdenMedicalCenter,0.24,6.83,ROUTE_SutterEdenMedicalCenter,0.24,6.83,ROUTE_SutterEdenMedicalCenter,0.24,6.83,ROUTE_SutterEdenMedicalCenter,0.24,6.83
37.717499999973114,-121.71249999995476,114.49406657095598,LVO,ROUTE_SutterEdenMedicalCenter,0.4143832797314966,28.371666666666666,ROUTE_StanfordHealthCareTriValley,0.2788998739753564,16.973333333333333,ROUTE_SutterEdenMedicalCenter,0.4143832797314966,28.371666666666666,ROUTE_StanfordHealthCareTriValley,0.2788998739753564,16.973333333333333
37.78194444441761,-122.23111111106628,175.38886884904684,HEMORRHAGIC,ROUTE_SutterEdenMedicalCenter,0.24,20.478333333333335,ROUTE_HighlandHospitalWilmaChanCampus,0.24,4.623333333333333,ROUTE_SutterEdenMedicalCenter,0.24,20.478333333333335,ROUTE_HighlandHospitalWilmaChanCampus,0.24,4.623333333333333
38.2152777777513,-121.66666666662138,205.71753092772508,HEMORRHAGIC,ROUTE_SutterDeltaMedicalCenter,0.24,58.31333333333334,ROUTE_SutterDeltaMedicalCenter,0.24,58.31333333333334,ROUTE_JohnMuirMedicalCenterWalnutCreekCampus,0.24,79.86999999999999,ROUTE_KaiserFoundationHospitalAntioch,0.24,60.97
37.76111111108426,-121.94999999995494,117.72806112568247,LVO,ROUTE_JohnMuirMedicalCenterWalnutCreekCampus,0.4146299660680141,24.058333333333334,ROUTE_SanRamonRegionalMedicalCenter,0.2808324189817638,5.941666666666666,ROUTE_JohnMuirMedicalCenterWalnutCreekCampus,0.4146299660680141,24.058333333333334,ROUTE_SanRamonRegionalMedicalCenter,0.2808324189817638,5.941666666666666
37.91138888886216,-122.05916666662169,166.322828196562,LVO,ROUTE_JohnMuirMedicalCenterWalnutCreekCampus,0.4017048530760384,8.181666666666667,ROUTE_JohnMuirMedicalCenterWalnutCreekCampus,0.4017048530760384,8.181666666666667,ROUTE_JohnMuirMedicalCenterWalnutCreekCampus,0.4017048530760384,8.181666666666667,ROUTE_JohnMuirMedicalCenterWalnutCreekCampus,0.4017048530760384,8.181666666666667
37.669722222195304,-122.14722222217732,96.92635025098333,LVO,ROUTE_SutterEdenMedicalCenter,0.4257089915850008,15.116666666666667,ROUTE_StRoseHospital,0.24466880000000002,13.085,ROUTE_SutterEdenMedicalCenter,0.4257089915850008,15.116666666666667,ROUTE_KaiserFoundationHospitalSanLeandro,0.2848096519041222,13.931666666666667
37.82361111108431,-122.25222222217741,134.86659974476433,NLVO,ROUTE_SutterEdenMedicalCenter,0.5327978023019602,21.30666666666667,ROUTE_KaiserFoundationHospitalOaklandRichmond,0.5412802064001531,3.15,ROUTE_SutterEdenMedicalCenter,0.5327978023019602,21.30666666666667,ROUTE_KaiserFoundationHospitalOaklandRichmond,0.5412802064001531,3.15
37.97944444441777,-121.76611111106591,182.5810032268202,LVO,ROUTE_KaiserFoundationHospitalAntioch,0.2620224869021731,9.046666666666665,ROUTE_SutterDeltaMedicalCenter,0.24466880000000002,8.921666666666665,ROUTE_JohnMuirMedicalCenterWalnutCreekCampus,0.25576087800040276,35.59,ROUTE_KaiserFoundationHospitalAntioch,0.2620224869021731,9.046666666666665
38.08749999997341,-122.14166666662176,60.65135793583684,MIMIC,ROUTE_JohnMuirMedicalCenterWalnutCreekCampus,0.9,27.69,ROUTE_ContraCostaRegionalMedicalCenter,0.9,16.875,ROUTE_JohnMuirMedicalCenterWalnutCreekCampus,0.9,27.69,ROUTE_JohnMuirMedicalCenterConcordCampus,0.9,22.128333333333334
37.761944444417594,-122.39333333328864,223.1194463049634,HEMORRHAGIC,ROUTE_ZuckerbergSanFranciscoGeneralHospital,0.24,6.441666666666666,ROUTE_ZuckerbergSanFranciscoGeneralHospital,0.24,6.441666666666666,ROUTE_CPMCDaviesCampusSutter,0.24,11.32,ROUTE_ZuckerbergSanFranciscoGeneralHospital,0.24,6.441666666666666
38.0005555555289,-121.8116666666215,171.23366900889985,NLVO,ROUTE_JohnMuirMedicalCenterWalnutCreekCampus,0.5101536355457025,29.091666666666665,ROUTE_SutterDeltaMedicalCenter,0.4622,6.9816666666666665,ROUTE_JohnMuirMedicalCenterWalnutCreekCampus,0.5101536355457025,29.091666666666665,ROUTE_KaiserFoundationHospitalAntioch,0.5178295788081992,12.8
37.77694444441761,-122.39416666662197,135.3605227198824,LVO,ROUTE_CPMCDaviesCampusSutter,0.412347858602892,11.138333333333332,ROUTE_ChineseHospital,0.2752416463297095,8.036666666666667,ROUTE_CPMCDaviesCampusSutter,0.412347858602892,11.138333333333332,ROUTE_ChineseHospital,0.2752416463297095,8.036666666666667
37.69222222219532,-122.14527777773287,211.3141187846595,LVO,ROUTE_KaiserFoundationHospitalSanLeandro,0.2550431629566825,6.761666666666667,ROUTE_KaiserFoundationHospitalSanLeandro,0.2550431629566825,6.761666666666667,ROUTE_SutterEdenMedicalCenter,0.254506195108065,9.086666666666668,ROUTE_KaiserFoundationHospitalSanLeandro,0.2550431629566825,6.761666666666667
37.35416666663949,-122.05499999995503,165.16851807772272,LVO,ROUTE_ElCaminoHealthMountainView,0.401506163721975,10.056666666666667,ROUTE_ElCaminoHealthMountainView,0.401506163721975,10.056666666666667,ROUTE_ElCaminoHealthMountainView,0.401506163721975,10.056666666666667,ROUTE_ElCaminoHealthMountainView,0.401506163721975,10.056666666666667
37.431388888861775,-121.9669444443994,224.84410743965435,HEMORRHAGIC,ROUTE_OConnorHospital,0.24,19.938333333333333,ROUTE_OConnorHospital,0.24,19.938333333333333,ROUTE_ElCaminoHealthMountainView,0.24,21.134999999999998,ROUTE_OConnorHospital,0.24,19.938333333333333
38.26138888886244,-121.99416666662165,87.48665762853292,MIMIC,ROUTE_JohnMuirMedicalCenterWalnutCreekCampus,0.9,48.723333333333336,ROUTE_NorthBayMedicalCenter,0.9,13.066666666666666,ROUTE_JohnMuirMedicalCenterWalnutCreekCampus,0.9,48.723333333333336,ROUTE_NorthBayMedicalCenter,0.9,13.066666666666666
37.69277777775088,-122.45888888884424,134.21628963265215,LVO,ROUTE_CPMCDaviesCampusSutter,0.4105453148281618,17.696666666666665,ROUTE_AHMCSetonMedicalCenter,0.2758720604424628,6.836666666666667,ROUTE_CPMCDaviesCampusSutter,0.4105453148281618,17.696666666666665,ROUTE_AHMCSetonMedicalCenter,0.2758720604424628,6.836666666666667
37.38388888886174,-122.04416666662169,142.17008295023027,LVO,ROUTE_ElCaminoHealthMountainView,0.40914229306639893,12.985000000000001,ROUTE_ElCaminoHealthMountainView,0.40914229306639893,12.985000000000001,ROUTE_ElCaminoHealthMountainView,0.40914229306639893,12.985000000000001,ROUTE_ElCaminoHealthMountainView,0.40914229306639893,12.985000000000001
37.83083333330654,-122.00777777773277,50.14898265933746,HEMORRHAGIC,ROUTE_JohnMuirMedicalCenterWalnutCreekCampus,0.24,15.525,ROUTE_KaiserFoundationHospitalWalnutCreek,0.24,9.913333333333332,ROUTE_JohnMuirMedicalCenterWalnutCreekCampus,0.24,15.525,ROUTE_KaiserFoundationHospitalWalnutCreek,0.24,9.913333333333332
37.47555555552848,-122.43249999995533,228.4046406645407,LVO,ROUTE_SanMateoMedicalCenter,0.24466880000000002,26.785,ROUTE_SanMateoMedicalCenter,0.24466880000000002,26.785,ROUTE_MillsPeninsulaMedicalCenterSutter,0.24466880000000002,26.995,ROUTE_MillsPeninsulaMedicalCenterSutter,0.24466880000000002,26.995
37.748055555528694,-122.42333333328865,139.60357538297805,HEMORRHAGIC,ROUTE_CPMCDaviesCampusSutter,0.24,6.826666666666667,ROUTE_CPMCMissionBernalCampusSutter,0.24,0.8633333333333333,ROUTE_CPMCDaviesCampusSutter,0.24,6.826666666666667,ROUTE_CPMCMissionBernalCampusSutter,0.24,0.8633333333333333
37.87527777775102,-122.28666666662188,242.63029932465125,HEMORRHAGIC,ROUTE_AltaBatesSummitMedicalCenterAltaBatesCampus,0.24,10.763333333333332,ROUTE_AltaBatesSummitMedicalCenterAltaBatesCampus,0.24,10.763333333333332,ROUTE_CPMCDaviesCampusSutter,0.24,31.173333333333336,ROUTE_KaiserFoundationHospitalOaklandRichmond,0.24,15.481666666666666
37.82916666663987,-121.96861111106607,115.27681080136036,LVO,ROUTE_JohnMuirMedicalCenterWalnutCreekCampus,0.41515915861196434,25.238333333333333,ROUTE_KaiserFoundationHospitalWalnutCreek,0.2779904339056243,19.625,ROUTE_JohnMuirMedicalCenterWalnutCreekCampus,0.41515915861196434,25.238333333333333,ROUTE_KaiserFoundationHospitalWalnutCreek,0.2779904339056243,19.625
37.42944444441733,-122.42888888884421,265.6873057341929,LVO,ROUTE_SanMateoMedicalCenter,0.24466880000000002,30.759999999999998,ROUTE_SanMateoMedicalCenter,0.24466880000000002,30.759999999999998,ROUTE_MillsPeninsulaMedicalCenterSutter,0.24466880000000002,30.970000000000002,ROUTE_MillsPeninsulaMedicalCenterSutter,0.24466880000000002,30.970000000000002
37.405833333306205,-121.93555555551049,266.3588922321673,MIMIC,ROUTE_OConnorHospital,0.9,15.071666666666665,ROUTE_OConnorHospital,0.9,15.071666666666665,ROUTE_RegionalMedicalCenterOfSanJose,0.9,17.523333333333333,ROUTE_OConnorHospital,0.9,15.071666666666665
37.891388888862146,-121.608333333288,239.2333490852406,LVO,ROUTE_KaiserFoundationHospitalAntioch,0.24466880000000002,24.988333333333333,ROUTE_KaiserFoundationHospitalAntioch,0.24466880000000002,24.988333333333333,ROUTE_JohnMuirMedicalCenterWalnutCreekCampus,0.24466880000000002,50.513333333333335,ROUTE_KaiserFoundationHospitalAntioch,0.24466880000000002,24.988333333333333
37.698888888861994,-122.48499999995538,156.55094412912376,HEMORRHAGIC,ROUTE_CPMCDaviesCampusSutter,0.24,16.918333333333333,ROUTE_AHMCSetonMedicalCenter,0.24,7.525,ROUTE_CPMCDaviesCampusSutter,0.24,16.918333333333333,ROUTE_AHMCSetonMedicalCenter,0.24,7.525
38.32722222219583,-122.25083333328851,196.57365915343257,HEMORRHAGIC,ROUTE_ProvidenceQueenOfTheValleyMedicalCenter,0.24,13.698333333333332,ROUTE_ProvidenceQueenOfTheValleyMedicalCenter,0.24,13.698333333333332,ROUTE_JohnMuirMedicalCenterWalnutCreekCampus,0.24,62.973333333333336,ROUTE_ProvidenceQueenOfTheValleyMedicalCenter,0.24,13.698333333333332
37.72083333330645,-121.91305555551047,36.60280372257978,MIMIC,ROUTE_SutterEdenMedicalCenter,0.9,18.301666666666666,ROUTE_StanfordHealthCareTriValley,0.9,10.354999999999999,ROUTE_SutterEdenMedicalCenter,0.9,18.301666666666666,ROUTE_StanfordHealthCareTriValley,0.9,10.354999999999999
37.8363888888621,-122.27555555551076,264.4020793636525,HEMORRHAGIC,ROUTE_KaiserFoundationHospitalOaklandRichmond,0.24,5.36,ROUTE_KaiserFoundationHospitalOaklandRichmond,0.24,5.36,ROUTE_SutterEdenMedicalCenter,0.24,23.305,ROUTE_KaiserFoundationHospitalOaklandRichmond,0.24,5.36
37.611388888861924,-122.09333333328838,31.251942339181582,NLVO,ROUTE_SutterEdenMedicalCenter,0.5872196234988172,18.93166666666667,ROUTE_StRoseHospital,0.5235347023714624,6.84,ROUTE_SutterEdenMedicalCenter,0.5872196234988172,18.93166666666667,ROUTE_KaiserFoundationHospitalSanLeandro,0.5879957248334297,17.238333333333333
37.70833333330644,-122.45749999995535,211.58391521614578,HEMORRHAGIC,ROUTE_CPMCMissionBernalCampusSutter,0.24,7.128333333333333,ROUTE_CPMCMissionBernalCampusSutter,0.24,7.128333333333333,ROUTE_CPMCDaviesCampusSutter,0.24,13.398333333333333,ROUTE_CPMCMissionBernalCampusSutter,0.24,7.128333333333333
37.613333333306365,-122.0388888888439,233.64069147163374,LVO,ROUTE_StRoseHospital,0.24466880000000002,15.426666666666668,ROUTE_StRoseHospital,0.24466880000000002,15.426666666666668,ROUTE_SutterEdenMedicalCenter,0.24466880000000002,24.88,ROUTE_WashingtonHospitalHealthcareSystem,0.24466880000000002,20.751666666666665
37.59166666663968,-122.05194444439947,125.82972366495441,HEMORRHAGIC,ROUTE_SutterEdenMedicalCenter,0.24,17.63,ROUTE_StRoseHospital,0.24,8.466666666666667,ROUTE_SutterEdenMedicalCenter,0.24,17.63,ROUTE_KaiserFoundationHospitalSanLeandro,0.24,15.936666666666667
37.417499999972875,-121.94999999995494,187.87798009999204,MIMIC,ROUTE_RegionalMedicalCenterOfSanJose,0.9,18.261666666666667,ROUTE_OConnorHospital,0.9,16.231666666666666,ROUTE_RegionalMedicalCenterOfSanJose,0.9,18.261666666666667,ROUTE_OConnorHospital,0.9,16.231666666666666
37.77499999997316,-122.23499999995516,225.7584540940639,HEMORRHAGIC,ROUTE_HighlandHospitalWilmaChanCampus,0.24,6.861666666666666,ROUTE_HighlandHospitalWilmaChanCampus,0.24,6.861666666666666,ROUTE_SutterEdenMedicalCenter,0.24,17.228333333333335,ROUTE_HighlandHospitalWilmaChanCampus,0.24,6.861666666666666
38.09944444441787,-122.19583333328848,140.9813972620533,MIMIC,ROUTE_JohnMuirMedicalCenterWalnutCreekCampus,0.9,28.938333333333333,ROUTE_SutterSolanoMedicalCenter,0.9,11.433333333333334,ROUTE_JohnMuirMedicalCenterWalnutCreekCampus,0.9,28.938333333333333,ROUTE_SutterSolanoMedicalCenter,0.9,11.433333333333334
38.01388888886224,-121.8041666666215,234.59108590158357,MIMIC,ROUTE_SutterDeltaMedicalCenter,0.9,9.396666666666667,ROUTE_SutterDeltaMedicalCenter,0.9,9.396666666666667,ROUTE_JohnMuirMedicalCenterWalnutCreekCampus,0.9,31.44333333333333,ROUTE_KaiserFoundationHospitalAntioch,0.9,14.913333333333332
38.45027777775148,-121.84416666662152,248.1300997157113,LVO,ROUTE_KaiserFoundationHospitalVacaville,0.24466880000000002,12.976666666666667,ROUTE_KaiserFoundationHospitalVacaville,0.24466880000000002,12.976666666666667,ROUTE_JohnMuirMedicalCenterWalnutCreekCampus,0.24466880000000002,59.906666666666666,ROUTE_KaiserFoundationHospitalVacaville,0.24466880000000002,12.976666666666667
37.6811111110842,-121.78527777773259,218.91841419208487,MIMIC,ROUTE_StanfordHealthCareTriValley,0.9,16.321666666666665,ROUTE_StanfordHealthCareTriValley,0.9,16.321666666666665,ROUTE_SutterEdenMedicalCenter,0.9,27.720000000000002,ROUTE_StanfordHealthCareTriValley,0.9,16.321666666666665
37.90166666663993,-122.29749999995522,240.45109176831275,LVO,ROUTE_KaiserFoundationHospitalRichmondCampus,0.24466880000000002,12.411666666666667,ROUTE_KaiserFoundationHospitalRichmondCampus,0.24466880000000002,12.411666666666667,ROUTE_CPMCDaviesCampusSutter,0.24466880000000002,30.485,ROUTE_KaiserFoundationHospitalRichmondCampus,0.24466880000000002,12.411666666666667
37.780277777750946,-122.45527777773313,199.00991602143586,HEMORRHAGIC,ROUTE_UCSFMedicalCenter,0.24,5.895,ROUTE_KaiserFoundationHospitalSanFrancisco,0.24,2.3733333333333335,ROUTE_UCSFMedicalCenter,0.24,5.895,ROUTE_KaiserFoundationHospitalSanFrancisco,0.24,2.3733333333333335
38.06972222219562,-122.54305555551097,50.74374133250701,HEMORRHAGIC,ROUTE_UCSFMedicalCenter,0.24,46.20166666666667,ROUTE_NovatoCommunityHospitalSutter,0.24,9.504999999999999,ROUTE_UCSFMedicalCenter,0.24,46.20166666666667,ROUTE_NovatoCommunityHospitalSutter,0.24,9.504999999999999
37.95916666663998,-121.81138888884372,92.00872170648196,LVO,ROUTE_JohnMuirMedicalCenterWalnutCreekCampus,0.41960983078074154,38.16,ROUTE_SutterDeltaMedicalCenter,0.24466880000000002,7.965,ROUTE_JohnMuirMedicalCenterWalnutCreekCampus,0.41960983078074154,38.16,ROUTE_KaiserFoundationHospitalAntioch,0.28697686797747424,11.256666666666666
38.457499999973706,-121.83138888884373,65.60144050223658,LVO,ROUTE_JohnMuirMedicalCenterWalnutCreekCampus,0.4224691738793672,59.24,ROUTE_KaiserFoundationHospitalVacaville,0.2946542032960735,12.311666666666667,ROUTE_JohnMuirMedicalCenterWalnutCreekCampus,0.4224691738793672,59.24,ROUTE_KaiserFoundationHospitalVacaville,0.2946542032960735,12.311666666666667
37.66638888886197,-121.888611111066,265.54242159993066,HEMORRHAGIC,ROUTE_StanfordHealthCareTriValley,0.24,11.751666666666667,ROUTE_StanfordHealthCareTriValley,0.24,11.751666666666667,ROUTE_SutterEdenMedicalCenter,0.24,25.56833333333333,ROUTE_StanfordHealthCareTriValley,0.24,11.751666666666667
38.177499999973485,-122.13444444439953,50.42189392688395,LVO,ROUTE_JohnMuirMedicalCenterWalnutCreekCampus,0.43792483143391225,32.045,ROUTE_NorthBayMedicalCenter,0.29813820357864385,16.608333333333334,ROUTE_JohnMuirMedicalCenterWalnutCreekCampus,0.43792483143391225,32.045,ROUTE_NorthBayMedicalCenter,0.29813820357864385,16.608333333333334
37.98277777775111,-122.07333333328837,58.61790719831316,LVO,ROUTE_JohnMuirMedicalCenterWalnutCreekCampus,0.4408183133629683,14.795,ROUTE_JohnMuirMedicalCenterConcordCampus,0.42687732007141466,10.088333333333333,ROUTE_JohnMuirMedicalCenterWalnutCreekCampus,0.4408183133629683,14.795,ROUTE_JohnMuirMedicalCenterConcordCampus,0.42687732007141466,10.088333333333333
37.789999999973176,-122.41972222217754,132.27767945820176,HEMORRHAGIC,ROUTE_CPMCDaviesCampusSutter,0.24,8.741666666666667,ROUTE_UCSFHealthHydeHospital,0.24,0.9816666666666667,ROUTE_CPMCDaviesCampusSutter,0.24,8.741666666666667,ROUTE_UCSFHealthHydeHospital,0.24,0.9816666666666667
37.83805555552877,-121.98194444439942,168.93573378330115,LVO,ROUTE_JohnMuirMedicalCenterWalnutCreekCampus,0.263075587619922,19.825,ROUTE_KaiserFoundationHospitalWalnutCreek,0.2644317895993242,14.213333333333333,ROUTE_JohnMuirMedicalCenterWalnutCreekCampus,0.263075587619922,19.825,ROUTE_KaiserFoundationHospitalWalnutCreek,0.2644317895993242,14.213333333333333
37.704999999973104,-122.12055555551063,170.5481067306313,HEMORRHAGIC,ROUTE_SutterEdenMedicalCenter,0.24,8.23,ROUTE_SanLeandroHospitalAlamedaHealthSystem,0.24,6.323333333333333,ROUTE_SutterEdenMedicalCenter,0.24,8.23,ROUTE_SutterEdenMedicalCenter,0.24,8.23
38.45777777775149,-121.82722222217707,31.466851670166484,LVO,ROUTE_JohnMuirMedicalCenterWalnutCreekCampus,0.4358394823731039,58.995,ROUTE_KaiserFoundationHospitalVacaville,0.3053731473872342,12.065,ROUTE_JohnMuirMedicalCenterWalnutCreekCampus,0.4358394823731039,58.995,ROUTE_KaiserFoundationHospitalVacaville,0.3053731473872342,12.065
37.939999999973296,-121.9594444443994,38.70936399419282,HEMORRHAGIC,ROUTE_JohnMuirMedicalCenterWalnutCreekCampus,0.24,12.048333333333334,ROUTE_JohnMuirMedicalCenterWalnutCreekCampus,0.24,12.048333333333334,ROUTE_JohnMuirMedicalCenterWalnutCreekCampus,0.24,12.048333333333334,ROUTE_JohnMuirMedicalCenterWalnutCreekCampus,0.24,12.048333333333334
37.78888888886206,-122.18722222217735,154.88950298739272,HEMORRHAGIC,ROUTE_SutterEdenMedicalCenter,0.24,15.76,ROUTE_HighlandHospitalWilmaChanCampus,0.24,6.416666666666667,ROUTE_SutterEdenMedicalCenter,0.24,15.76,ROUTE_HighlandHospitalWilmaChanCampus,0.24,6.416666666666667
37.46805555552847,-122.14694444439955,158.18009639903352,NLVO,ROUTE_KaiserFoundationHospitalRedwoodCity,0.5254710282732651,11.04,ROUTE_KaiserFoundationHospitalRedwoodCity,0.5254710282732651,11.04,ROUTE_KaiserFoundationHospitalRedwoodCity,0.5254710282732651,11.04,ROUTE_KaiserFoundationHospitalRedwoodCity,0.5254710282732651,11.04
37.87166666663991,-122.28694444439965,115.13012372848496,MIMIC,ROUTE_CPMCDaviesCampusSutter,0.9,30.098333333333336,ROUTE_AltaBatesSummitMedicalCenterAltaBatesCampus,0.9,10.286666666666667,ROUTE_CPMCDaviesCampusSutter,0.9,30.098333333333336,ROUTE_AltaBatesSummitMedicalCenterSummitCampus,0.9,14.416666666666666
37.37277777775062,-122.09611111106616,185.62710988998793,LVO,ROUTE_ElCaminoHealthMountainView,0.2618784552144995,6.263333333333334,ROUTE_ElCaminoHealthMountainView,0.2618784552144995,6.263333333333334,ROUTE_ElCaminoHealthMountainView,0.2618784552144995,6.263333333333334,ROUTE_ElCaminoHealthMountainView,0.2618784552144995,6.263333333333334
37.778611111084274,-122.43472222217756,238.20803377142494,HEMORRHAGIC,ROUTE_KaiserFoundationHospitalSanFrancisco,0.24,4.166666666666667,ROUTE_KaiserFoundationHospitalSanFrancisco,0.24,4.166666666666667,ROUTE_CPMCDaviesCampusSutter,0.24,4.4399999999999995,ROUTE_KaiserFoundationHospitalSanFrancisco,0.24,4.166666666666667
37.44888888886179,-122.16472222217733,149.64486718839925,HEMORRHAGIC,ROUTE_StanfordHealthCare,0.24,7.39,ROUTE_StanfordHealthCare,0.24,7.39,ROUTE_StanfordHealthCare,0.24,7.39,ROUTE_StanfordHealthCare,0.24,7.39
37.696666666639764,-121.87944444439933,44.08466228051107,LVO,ROUTE_SutterEdenMedicalCenter,0.4449205249899374,19.451666666666664,ROUTE_StanfordHealthCareTriValley,0.4348433034225988,2.203333333333333,ROUTE_SutterEdenMedicalCenter,0.4449205249899374,19.451666666666664,ROUTE_StanfordHealthCareTriValley,0.4348433034225988,2.203333333333333
37.469722222195145,-122.25222222217741,30.574833314845744,LVO,ROUTE_KaiserFoundationHospitalRedwoodCity,0.4537563547134828,9.916666666666666,ROUTE_SequoiaHospital,0.4406547580057817,4.833333333333333,ROUTE_KaiserFoundationHospitalRedwoodCity,0.4537563547134828,9.916666666666666,ROUTE_SequoiaHospital,0.4406547580057817,4.833333333333333
37.786944444417614,-122.41472222217753,73.67640051715183,NLVO,ROUTE_CPMCDaviesCampusSutter,0.5696259694075386,10.045,ROUTE_UCSFHealthHydeHospital,0.5736048828171227,1.4166666666666667,ROUTE_CPMCDaviesCampusSutter,0.5696259694075386,10.045,ROUTE_UCSFHealthHydeHospital,0.5736048828171227,1.4166666666666667
37.54583333330631,-122.29249999995521,32.355682566828925,LVO,ROUTE_KaiserFoundationHospitalRedwoodCity,0.45215545898826043,12.365,ROUTE_SanMateoMedicalCenter,0.40588665124942114,6.276666666666667,ROUTE_KaiserFoundationHospitalRedwoodCity,0.45215545898826043,12.365,ROUTE_KaiserFoundationHospitalRedwoodCity,0.45215545898826043,12.365
37.76166666663982,-122.19611111106624,126.36720736194987,HEMORRHAGIC,ROUTE_SutterEdenMedicalCenter,0.24,17.720000000000002,ROUTE_HighlandHospitalWilmaChanCampus,0.24,11.151666666666667,ROUTE_SutterEdenMedicalCenter,0.24,17.720000000000002,ROUTE_HighlandHospitalWilmaChanCampus,0.24,11.151666666666667
37.56083333330633,-122.2599999999552,243.1983250203871,LVO,ROUTE_SanMateoMedicalCenter,0.24466880000000002,14.151666666666667,ROUTE_SanMateoMedicalCenter,0.24466880000000002,14.151666666666667,ROUTE_MillsPeninsulaMedicalCenterSutter,0.24466880000000002,17.148333333333333,ROUTE_MillsPeninsulaMedicalCenterSutter,0.24466880000000002,17.148333333333333
37.88361111108436,-122.20027777773292,61.89225795547384,LVO,ROUTE_JohnMuirMedicalCenterWalnutCreekCampus,0.43728624808333383,21.101666666666667,ROUTE_AltaBatesSummitMedicalCenterAltaBatesCampus,0.2569838664438245,18.334999999999997,ROUTE_JohnMuirMedicalCenterWalnutCreekCampus,0.43728624808333383,21.101666666666667,ROUTE_KaiserFoundationHospitalWalnutCreek,0.4234343693545679,18.83
37.944166666639966,-121.72249999995476,153.56337192929124,NLVO,ROUTE_JohnMuirMedicalCenterWalnutCreekCampus,0.5150955597011078,38.24166666666667,ROUTE_KaiserFoundationHospitalAntioch,0.5274157232749432,12.023333333333333,ROUTE_JohnMuirMedicalCenterWalnutCreekCampus,0.5150955597011078,38.24166666666667,ROUTE_KaiserFoundationHospitalAntioch,0.5274157232749432,12.023333333333333
38.0258333333067,-122.56055555551099,239.18131873251215,NLVO,ROUTE_KaiserFoundationHospitalSanRafael,0.4622,11.615,ROUTE_KaiserFoundationHospitalSanRafael,0.4622,11.615,ROUTE_UCSFMedicalCenter,0.4622,45.22166666666667,ROUTE_KaiserFoundationHospitalSanRafael,0.4622,11.615
37.78833333330651,-122.41222222217753,147.2683028067915,NLVO,ROUTE_CPMCDaviesCampusSutter,0.5316825320560706,9.91,ROUTE_UCSFHealthHydeHospital,0.5352043011430749,2.381666666666667,ROUTE_CPMCDaviesCampusSutter,0.5316825320560706,9.91,ROUTE_UCSFHealthHydeHospital,0.5352043011430749,2.381666666666667
37.78111111108428,-122.48777777773316,257.2390541307964,HEMORRHAGIC,ROUTE_UCSFHealthStanyanHospital,0.24,8.91,ROUTE_UCSFHealthStanyanHospital,0.24,8.91,ROUTE_UCSFMedicalCenter,0.24,9.981666666666666,ROUTE_UCSFHealthStanyanHospital,0.24,8.91
37.95472222219553,-121.93416666662159,237.14058570007265,LVO,ROUTE_JohnMuirMedicalCenterWalnutCreekCampus,0.24466880000000002,18.44333333333333,ROUTE_JohnMuirMedicalCenterWalnutCreekCampus,0.24466880000000002,18.44333333333333,ROUTE_JohnMuirMedicalCenterWalnutCreekCampus,0.24466880000000002,18.44333333333333,ROUTE_JohnMuirMedicalCenterWalnutCreekCampus,0.24466880000000002,18.44333333333333
38.01999999997336,-121.89416666662157,134.475364351881,MIMIC,ROUTE_JohnMuirMedicalCenterWalnutCreekCampus,0.9,23.953333333333333,ROUTE_SutterDeltaMedicalCenter,0.9,12.235000000000001,ROUTE_JohnMuirMedicalCenterWalnutCreekCampus,0.9,23.953333333333333,ROUTE_JohnMuirMedicalCenterConcordCampus,0.9,14.193333333333333
37.52638888886185,-122.04833333328835,56.62768546053526,LVO,ROUTE_KaiserFoundationHospitalRedwoodCity,0.4380985031243129,24.66,ROUTE_StRoseHospital,0.39419850272553936,16.21333333333333,ROUTE_KaiserFoundationHospitalRedwoodCity,0.4380985031243129,24.66,ROUTE_WashingtonHospitalHealthcareSystem,0.2961582014896629,16.836666666666666
37.570277777750775,-122.31888888884413,165.66319922084105,LVO,ROUTE_MillsPeninsulaMedicalCenterSutter,0.40079974629126736,11.615,ROUTE_SanMateoMedicalCenter,0.24466880000000002,10.151666666666667,ROUTE_MillsPeninsulaMedicalCenterSutter,0.40079974629126736,11.615,ROUTE_MillsPeninsulaMedicalCenterSutter,0.40079974629126736,11.615
38.24611111108465,-122.59916666662212,151.14270539240286,HEMORRHAGIC,ROUTE_PetalumaValleyHospitalProvidence,0.24,6.863333333333333,ROUTE_PetalumaValleyHospitalProvidence,0.24,6.863333333333333,ROUTE_UCSFMedicalCenter,0.24,62.315000000000005,ROUTE_PetalumaValleyHospitalProvidence,0.24,6.863333333333333
37.86749999997324,-122.25916666662185,91.24503369696824,HEMORRHAGIC,ROUTE_SutterEdenMedicalCenter,0.24,26.925,ROUTE_AltaBatesSummitMedicalCenterAltaBatesCampus,0.24,4.751666666666667,ROUTE_SutterEdenMedicalCenter,0.24,26.925,ROUTE_AltaBatesSummitMedicalCenterSummitCampus,0.24,13.911666666666667
37.554999999972985,-121.98805555551053,71.56787295379476,HEMORRHAGIC,ROUTE_SutterEdenMedicalCenter,0.24,28.041666666666668,ROUTE_WashingtonHospitalHealthcareSystem,0.24,3.5316666666666667,ROUTE_SutterEdenMedicalCenter,0.24,28.041666666666668,ROUTE_WashingtonHospitalHealthcareSystem,0.24,3.5316666666666667
37.69416666663977,-122.06222222217725,58.279450727319144,LVO,ROUTE_SutterEdenMedicalCenter,0.44371508304732565,7.05,ROUTE_SutterEdenMedicalCenter,0.44371508304732565,7.05,ROUTE_SutterEdenMedicalCenter,0.44371508304732565,7.05,ROUTE_SutterEdenMedicalCenter,0.44371508304732565,7.05
37.641944444417504,-122.42944444439978,244.71553116831853,LVO,ROUTE_KaiserFoundationHospitalSouthSanFrancisco,0.24466880000000002,6.33,ROUTE_KaiserFoundationHospitalSouthSanFrancisco,0.24466880000000002,6.33,ROUTE_MillsPeninsulaMedicalCenterSutter,0.24466880000000002,13.031666666666666,ROUTE_KaiserFoundationHospitalSouthSanFrancisco,0.24466880000000002,6.33
37.787777777750954,-122.44194444439978,170.60502674237907,NLVO,ROUTE_CPMCDaviesCampusSutter,0.5211900757188315,6.3516666666666675,ROUTE_KaiserFoundationHospitalSanFrancisco,0.5229540502777816,2.5966666666666667,ROUTE_CPMCDaviesCampusSutter,0.5211900757188315,6.3516666666666675,ROUTE_KaiserFoundationHospitalSanFrancisco,0.5229540502777816,2.5966666666666667
37.712777777750894,-122.48388888884426,208.21123653532254,HEMORRHAGIC,ROUTE_AHMCSetonMedicalCenter,0.24,7.421666666666667,ROUTE_AHMCSetonMedicalCenter,0.24,7.421666666666667,ROUTE_UCSFMedicalCenter,0.24,14.673333333333334,ROUTE_AHMCSetonMedicalCenter,0.24,7.421666666666667
37.98972222219556,-121.74055555551033,197.47125849737841,LVO,ROUTE_KaiserFoundationHospitalAntioch,0.25744212193694926,11.835,ROUTE_KaiserFoundationHospitalAntioch,0.25744212193694926,11.835,ROUTE_JohnMuirMedicalCenterWalnutCreekCampus,0.24466880000000002,33.443333333333335,ROUTE_KaiserFoundationHospitalAntioch,0.25744212193694926,11.835
38.29194444441802,-122.41972222217754,240.35625347617608,HEMORRHAGIC,ROUTE_SonomaValleyHospital,0.24,11.09,ROUTE_SonomaValleyHospital,0.24,11.09,ROUTE_JohnMuirMedicalCenterWalnutCreekCampus,0.24,73.16333333333334,ROUTE_SonomaValleyHospital,0.24,11.09
37.445277777750675,-122.13583333328843,118.07805139185314,HEMORRHAGIC,ROUTE_StanfordHealthCare,0.24,11.008333333333333,ROUTE_StanfordHealthCare,0.24,11.008333333333333,ROUTE_StanfordHealthCare,0.24,11.008333333333333,ROUTE_StanfordHealthCare,0.24,11.008333333333333
38.02944444441781,-121.89888888884379,236.72636331116934,HEMORRHAGIC,ROUTE_SutterDeltaMedicalCenter,0.24,15.376666666666667,ROUTE_SutterDeltaMedicalCenter,0.24,15.376666666666667,ROUTE_JohnMuirMedicalCenterWalnutCreekCampus,0.24,25.62,ROUTE_JohnMuirMedicalCenterConcordCampus,0.24,15.860000000000001
37.66805555552863,-122.06777777773281,131.54660394578505,HEMORRHAGIC,ROUTE_SutterEdenMedicalCenter,0.24,12.06,ROUTE_SutterEdenMedicalCenter,0.24,12.06,ROUTE_SutterEdenMedicalCenter,0.24,12.06,ROUTE_SutterEdenMedicalCenter,0.24,12.06
37.69861111108421,-122.15222222217733,135.4859389332628,LVO,ROUTE_SutterEdenMedicalCenter,0.4119413329703533,12.19,ROUTE_KaiserFoundationHospitalSanLeandro,0.2752855458091437,7.725,ROUTE_SutterEdenMedicalCenter,0.4119413329703533,12.19,ROUTE_KaiserFoundationHospitalSanLeandro,0.2752855458091437,7.725
37.59694444441747,-122.08527777773283,203.30775482176344,LVO,ROUTE_KaiserFoundationHospitalSanLeandro,0.2540714206474371,19.87,ROUTE_StRoseHospital,0.24466880000000002,10.729999999999999,ROUTE_SutterEdenMedicalCenter,0.2536822007092617,21.563333333333333,ROUTE_KaiserFoundationHospitalSanLeandro,0.2540714206474371,19.87
37.46916666663959,-122.14333333328842,34.197797273998574,HEMORRHAGIC,ROUTE_KaiserFoundationHospitalRedwoodCity,0.24,11.366666666666667,ROUTE_KaiserFoundationHospitalRedwoodCity,0.24,11.366666666666667,ROUTE_KaiserFoundationHospitalRedwoodCity,0.24,11.366666666666667,ROUTE_KaiserFoundationHospitalRedwoodCity,0.24,11.366666666666667
37.95138888886219,-122.51916666662207,176.68174811953645,LVO,ROUTE_MarinHealthMedicalCenter,0.26465052508799336,4.705,ROUTE_MarinHealthMedicalCenter,0.26465052508799336,4.705,ROUTE_UCSFMedicalCenter,0.25776427347957315,33.559999999999995,ROUTE_MarinHealthMedicalCenter,0.26465052508799336,4.705
37.90861111108438,-121.71888888884365,231.29388733221293,NLVO,ROUTE_KaiserFoundationHospitalAntioch,0.4622,13.566666666666666,ROUTE_KaiserFoundationHospitalAntioch,0.4622,13.566666666666666,ROUTE_JohnMuirMedicalCenterWalnutCreekCampus,0.4622,39.09166666666667,ROUTE_KaiserFoundationHospitalAntioch,0.4622,13.566666666666666
37.64972222219529,-122.09305555551062,253.48879033547712,MIMIC,ROUTE_StRoseHospital,0.9,4.9383333333333335,ROUTE_StRoseHospital,0.9,4.9383333333333335,ROUTE_SutterEdenMedicalCenter,0.9,13.331666666666667,ROUTE_KaiserFoundationHospitalSanLeandro,0.9,11.638333333333332
37.77166666663983,-122.2611111110663,244.04766157464547,HEMORRHAGIC,ROUTE_AlamedaHospital,0.24,3.395,ROUTE_AlamedaHospital,0.24,3.395,ROUTE_SutterEdenMedicalCenter,0.24,22.258333333333333,ROUTE_AlamedaHospital,0.24,3.395
37.876111111084356,-122.51888888884429,105.80826701372322,HEMORRHAGIC,ROUTE_UCSFMedicalCenter,0.24,24.228333333333335,ROUTE_MarinHealthMedicalCenter,0.24,17.701666666666664,ROUTE_UCSFMedicalCenter,0.24,24.228333333333335,ROUTE_MarinHealthMedicalCenter,0.24,17.701666666666664
37.838611111084326,-122.27833333328854,49.61332677159451,LVO,ROUTE_JohnMuirMedicalCenterWalnutCreekCampus,0.44107649877348887,24.075,ROUTE_KaiserFoundationHospitalOaklandRichmond,0.4306875989660657,7.1,ROUTE_JohnMuirMedicalCenterWalnutCreekCampus,0.44107649877348887,24.075,ROUTE_KaiserFoundationHospitalOaklandRichmond,0.4306875989660657,7.1
37.93916666663996,-121.68444444439918,178.7196128800992,LVO,ROUTE_KaiserFoundationHospitalAntioch,0.2614466581030161,15.743333333333334,ROUTE_KaiserFoundationHospitalAntioch,0.2614466581030161,15.743333333333334,ROUTE_JohnMuirMedicalCenterWalnutCreekCampus,0.25527831834630277,41.961666666666666,ROUTE_KaiserFoundationHospitalAntioch,0.2614466581030161,15.743333333333334
37.9613888888622,-122.04527777773279,137.48423793698515,LVO,ROUTE_JohnMuirMedicalCenterWalnutCreekCampus,0.41127904925221626,11.911666666666667,ROUTE_JohnMuirMedicalCenterConcordCampus,0.27467012718212047,7.923333333333333,ROUTE_JohnMuirMedicalCenterWalnutCreekCampus,0.41127904925221626,11.911666666666667,ROUTE_JohnMuirMedicalCenterConcordCampus,0.27467012718212047,7.923333333333333
37.9336111110844,-122.05583333328836,249.88065690051002,HEMORRHAGIC,ROUTE_JohnMuirMedicalCenterConcordCampus,0.24,7.15,ROUTE_JohnMuirMedicalCenterConcordCampus,0.24,7.15,ROUTE_JohnMuirMedicalCenterWalnutCreekCampus,0.24,7.321666666666667,ROUTE_JohnMuirMedicalCenterConcordCampus,0.24,7.15
37.87138888886213,-122.0211111110661,146.0206330362885,NLVO,ROUTE_JohnMuirMedicalCenterWalnutCreekCampus,0.5308271499138474,13.123333333333333,ROUTE_KaiserFoundationHospitalWalnutCreek,0.5334535646525997,7.511666666666667,ROUTE_JohnMuirMedicalCenterWalnutCreekCampus,0.5308271499138474,13.123333333333333,ROUTE_KaiserFoundationHospitalWalnutCreek,0.5334535646525997,7.511666666666667
37.71583333330645,-122.02749999995501,72.28134641369977,HEMORRHAGIC,ROUTE_SutterEdenMedicalCenter,0.24,12.751666666666667,ROUTE_SutterEdenMedicalCenter,0.24,12.751666666666667,ROUTE_SutterEdenMedicalCenter,0.24,12.751666666666667,ROUTE_SutterEdenMedicalCenter,0.24,12.751666666666667
37.78527777775095,-121.94694444439939,221.3790002183652,LVO,ROUTE_SanRamonRegionalMedicalCenter,0.24466880000000002,5.641666666666667,ROUTE_SanRamonRegionalMedicalCenter,0.24466880000000002,5.641666666666667,ROUTE_JohnMuirMedicalCenterWalnutCreekCampus,0.24466880000000002,22.496666666666666,ROUTE_SanRamonRegionalMedicalCenter,0.24466880000000002,5.641666666666667
37.64638888886195,-122.4783333332887,100.14286283942786,LVO,ROUTE_MillsPeninsulaMedicalCenterSutter,0.42412770693414026,16.085,ROUTE_AHMCSetonMedicalCenter,0.2853460736815386,8.336666666666666,ROUTE_MillsPeninsulaMedicalCenterSutter,0.42412770693414026,16.085,ROUTE_AHMCSetonMedicalCenter,0.2853460736815386,8.336666666666666
38.053888888862275,-122.21583333328849,212.1287565334902,LVO,ROUTE_SutterSolanoMedicalCenter,0.24466880000000002,14.7,ROUTE_SutterSolanoMedicalCenter,0.24466880000000002,14.7,ROUTE_JohnMuirMedicalCenterWalnutCreekCampus,0.24466880000000002,31.0,ROUTE_SutterSolanoMedicalCenter,0.24466880000000002,14.7
37.36388888886172,-122.01861111106611,54.88890183188371,HEMORRHAGIC,ROUTE_KaiserFoundationHospitalSantaClara,0.24,9.565,ROUTE_KaiserFoundationHospitalSantaClara,0.24,9.565,ROUTE_KaiserFoundationHospitalSantaClara,0.24,9.565,ROUTE_KaiserFoundationHospitalSantaClara,0.24,9.565
37.67555555552864,-122.08888888884394,50.20644179196773,NLVO,ROUTE_SutterEdenMedicalCenter,0.5823183128969902,8.553333333333335,ROUTE_SutterEdenMedicalCenter,0.5823183128969902,8.553333333333335,ROUTE_SutterEdenMedicalCenter,0.5823183128969902,8.553333333333335,ROUTE_SutterEdenMedicalCenter,0.5823183128969902,8.553333333333335
37.96999999997332,-122.04388888884391,202.406702201984,HEMORRHAGIC,ROUTE_JohnMuirMedicalCenterConcordCampus,0.24,4.988333333333333,ROUTE_JohnMuirMedicalCenterConcordCampus,0.24,4.988333333333333,ROUTE_JohnMuirMedicalCenterWalnutCreekCampus,0.24,12.360000000000001,ROUTE_JohnMuirMedicalCenterConcordCampus,0.24,4.988333333333333
37.727499999973126,-122.42888888884421,126.16433310976385,HEMORRHAGIC,ROUTE_CPMCDaviesCampusSutter,0.24,12.363333333333333,ROUTE_CPMCMissionBernalCampusSutter,0.24,6.093333333333334,ROUTE_CPMCDaviesCampusSutter,0.24,12.363333333333333,ROUTE_CPMCMissionBernalCampusSutter,0.24,6.093333333333334
37.65888888886196,-122.41833333328866,230.83610862443751,HEMORRHAGIC,ROUTE_KaiserFoundationHospitalSouthSanFrancisco,0.24,6.444999999999999,ROUTE_KaiserFoundationHospitalSouthSanFrancisco,0.24,6.444999999999999,ROUTE_MillsPeninsulaMedicalCenterSutter,0.24,12.731666666666666,ROUTE_KaiserFoundationHospitalSouthSanFrancisco,0.24,6.444999999999999
37.90416666663993,-122.28083333328854,144.02838139689732,LVO,ROUTE_CPMCDaviesCampusSutter,0.4006034170256837,36.24,ROUTE_AltaBatesSummitMedicalCenterAltaBatesCampus,0.24466880000000002,16.98,ROUTE_CPMCDaviesCampusSutter,0.4006034170256837,36.24,ROUTE_KaiserFoundationHospitalRichmondCampus,0.27026287661809645,18.166666666666668
37.67194444441753,-122.48944444439982,79.51596918250897,HEMORRHAGIC,ROUTE_MillsPeninsulaMedicalCenterSutter,0.24,18.175,ROUTE_AHMCSetonMedicalCenter,0.24,8.565,ROUTE_MillsPeninsulaMedicalCenterSutter,0.24,18.175,ROUTE_AHMCSetonMedicalCenter,0.24,8.565
37.758611111084264,-121.96805555551052,113.27263627553609,MIMIC,ROUTE_SutterEdenMedicalCenter,0.9,19.35666666666667,ROUTE_SanRamonRegionalMedicalCenter,0.9,6.761666666666667,ROUTE_SutterEdenMedicalCenter,0.9,19.35666666666667,ROUTE_SanRamonRegionalMedicalCenter,0.9,6.761666666666667
37.874722222195466,-122.18388888884402,37.64203045346521,HEMORRHAGIC,ROUTE_JohnMuirMedicalCenterWalnutCreekCampus,0.24,16.561666666666667,ROUTE_KaiserFoundationHospitalWalnutCreek,0.24,14.291666666666666,ROUTE_JohnMuirMedicalCenterWalnutCreekCampus,0.24,16.561666666666667,ROUTE_KaiserFoundationHospitalWalnutCreek,0.24,14.291666666666666
37.62083333330637,-122.41666666662198,237.14480823234774,LVO,ROUTE_MillsPeninsulaMedicalCenterSutter,0.24466880000000002,9.166666666666666,ROUTE_MillsPeninsulaMedicalCenterSutter,0.24466880000000002,9.166666666666666,ROUTE_MillsPeninsulaMedicalCenterSutter,0.24466880000000002,9.166666666666666,ROUTE_MillsPeninsulaMedicalCenterSutter,0.24466880000000002,9.166666666666666
37.728055555528684,-122.15722222217732,145.07964785279756,HEMORRHAGIC,ROUTE_SutterEdenMedicalCenter,0.24,14.246666666666666,ROUTE_SanLeandroHospitalAlamedaHealthSystem,0.24,5.925,ROUTE_SutterEdenMedicalCenter,0.24,14.246666666666666,ROUTE_KaiserFoundationHospitalSanLeandro,0.24,10.639999999999999
37.70694444441755,-121.8583333332882,158.23936077562834,NLVO,ROUTE_SutterEdenMedicalCenter,0.521254122811764,19.955,ROUTE_StanfordHealthCareTriValley,0.5269848788022287,7.746666666666667,ROUTE_SutterEdenMedicalCenter,0.521254122811764,19.955,ROUTE_StanfordHealthCareTriValley,0.5269848788022287,7.746666666666667
37.81833333330653,-121.9872222221772,166.06621289288577,LVO,ROUTE_JohnMuirMedicalCenterWalnutCreekCampus,0.2641333704396345,18.633333333333333,ROUTE_KaiserFoundationHospitalWalnutCreek,0.26549650877613173,13.021666666666667,ROUTE_JohnMuirMedicalCenterWalnutCreekCampus,0.2641333704396345,18.633333333333333,ROUTE_KaiserFoundationHospitalWalnutCreek,0.26549650877613173,13.021666666666667
38.26999999997356,-122.03861111106613,229.00516895727165,LVO,ROUTE_NorthBayMedicalCenter,0.24466880000000002,5.423333333333333,ROUTE_NorthBayMedicalCenter,0.24466880000000002,5.423333333333333,ROUTE_JohnMuirMedicalCenterWalnutCreekCampus,0.24466880000000002,43.05,ROUTE_NorthBayMedicalCenter,0.24466880000000002,5.423333333333333
37.877499999973246,-122.29249999995521,122.66364930820336,LVO,ROUTE_CPMCDaviesCampusSutter,0.4105854659084845,30.415000000000003,ROUTE_AltaBatesSummitMedicalCenterAltaBatesCampus,0.24466880000000002,11.678333333333335,ROUTE_CPMCDaviesCampusSutter,0.4105854659084845,30.415000000000003,ROUTE_KaiserFoundationHospitalRichmondCampus,0.2772040383207745,14.473333333333333
37.96805555552887,-122.06499999995503,240.78747020354527,HEMORRHAGIC,ROUTE_JohnMuirMedicalCenterConcordCampus,0.24,10.54,ROUTE_JohnMuirMedicalCenterConcordCampus,0.24,10.54,ROUTE_JohnMuirMedicalCenterWalnutCreekCampus,0.24,14.433333333333334,ROUTE_JohnMuirMedicalCenterConcordCampus,0.24,10.54
38.43444444441813,-121.82833333328819,93.35174848685811,LVO,ROUTE_JohnMuirMedicalCenterWalnutCreekCampus,0.41045228285972246,63.375,ROUTE_KaiserFoundationHospitalVacaville,0.28519662410110697,16.445,ROUTE_JohnMuirMedicalCenterWalnutCreekCampus,0.41045228285972246,63.375,ROUTE_KaiserFoundationHospitalVacaville,0.28519662410110697,16.445
37.54277777775076,-122.01694444439944,41.89981433890861,MIMIC,ROUTE_SutterEdenMedicalCenter,0.9,23.31,ROUTE_WashingtonHospitalHealthcareSystem,0.9,11.215,ROUTE_SutterEdenMedicalCenter,0.9,23.31,ROUTE_WashingtonHospitalHealthcareSystem,0.9,11.215
37.98194444441777,-122.02999999995501,251.00132357035076,HEMORRHAGIC,ROUTE_JohnMuirMedicalCenterConcordCampus,0.24,1.8,ROUTE_JohnMuirMedicalCenterConcordCampus,0.24,1.8,ROUTE_JohnMuirMedicalCenterWalnutCreekCampus,0.24,14.8,ROUTE_JohnMuirMedicalCenterConcordCampus,0.24,1.8
38.105277777751205,-122.23666666662184,193.49370002157943,LVO,ROUTE_SutterSolanoMedicalCenter,0.25996953717482096,5.531666666666666,ROUTE_SutterSolanoMedicalCenter,0.25996953717482096,5.531666666666666,ROUTE_JohnMuirMedicalCenterWalnutCreekCampus,0.25472013699287427,27.959999999999997,ROUTE_SutterSolanoMedicalCenter,0.25996953717482096,5.531666666666666
38.01472222219558,-121.93749999995494,51.712603209787964,HEMORRHAGIC,ROUTE_JohnMuirMedicalCenterWalnutCreekCampus,0.24,22.185,ROUTE_JohnMuirMedicalCenterConcordCampus,0.24,12.425,ROUTE_JohnMuirMedicalCenterWalnutCreekCampus,0.24,22.185,ROUTE_JohnMuirMedicalCenterConcordCampus,0.24,12.425
37.96555555552887,-122.25555555551074,94.62683536916627,HEMORRHAGIC,ROUTE_JohnMuirMedicalCenterWalnutCreekCampus,0.24,32.53666666666667,ROUTE_KaiserFoundationHospitalRichmondCampus,0.24,21.745,ROUTE_JohnMuirMedicalCenterWalnutCreekCampus,0.24,32.53666666666667,ROUTE_KaiserFoundationHospitalRichmondCampus,0.24,21.745
37.764722222195374,-121.94916666662161,191.45882264279246,MIMIC,ROUTE_SanRamonRegionalMedicalCenter,0.9,3.506666666666667,ROUTE_SanRamonRegionalMedicalCenter,0.9,3.506666666666667,ROUTE_JohnMuirMedicalCenterWalnutCreekCampus,0.9,21.623333333333335,ROUTE_SanRamonRegionalMedicalCenter,0.9,3.506666666666667
37.69916666663977,-122.06999999995504,47.99799231159068,LVO,ROUTE_SutterEdenMedicalCenter,0.4477745103426024,7.145,ROUTE_SutterEdenMedicalCenter,0.4477745103426024,7.145,ROUTE_SutterEdenMedicalCenter,0.4477745103426024,7.145,ROUTE_SutterEdenMedicalCenter,0.4477745103426024,7.145
37.658611111084184,-122.46555555551092,257.5840951860449,HEMORRHAGIC,ROUTE_AHMCSetonMedicalCenter,0.24,7.735,ROUTE_AHMCSetonMedicalCenter,0.24,7.735,ROUTE_MillsPeninsulaMedicalCenterSutter,0.24,15.423333333333334,ROUTE_AHMCSetonMedicalCenter,0.24,7.735
37.62499999997304,-122.08833333328839,191.579334498216,NLVO,ROUTE_SutterEdenMedicalCenter,0.5059978936987084,15.286666666666667,ROUTE_StRoseHospital,0.4622,2.6233333333333335,ROUTE_SutterEdenMedicalCenter,0.5059978936987084,15.286666666666667,ROUTE_KaiserFoundationHospitalSanLeandro,0.5067979289796859,13.593333333333334
38.00583333330668,-122.07888888884393,83.84272521330828,LVO,ROUTE_JohnMuirMedicalCenterWalnutCreekCampus,0.4292671612905094,19.471666666666668,ROUTE_JohnMuirMedicalCenterConcordCampus,0.28923317518178987,11.93,ROUTE_JohnMuirMedicalCenterWalnutCreekCampus,0.4292671612905094,19.471666666666668,ROUTE_JohnMuirMedicalCenterConcordCampus,0.28923317518178987,11.93
37.82527777775098,-122.26333333328853,101.08420877999514,LVO,ROUTE_SutterEdenMedicalCenter,0.4220258179186922,21.09333333333333,ROUTE_KaiserFoundationHospitalOaklandRichmond,0.2869009648079699,1.4566666666666668,ROUTE_SutterEdenMedicalCenter,0.4220258179186922,21.09333333333333,ROUTE_KaiserFoundationHospitalOaklandRichmond,0.2869009648079699,1.4566666666666668
37.71999999997312,-121.93527777773271,76.9824229430284,LVO,ROUTE_SutterEdenMedicalCenter,0.4318719136141292,19.673333333333336,ROUTE_SanRamonRegionalMedicalCenter,0.2913917270514622,11.585,ROUTE_SutterEdenMedicalCenter,0.4318719136141292,19.673333333333336,ROUTE_SanRamonRegionalMedicalCenter,0.2913917270514622,11.585
37.64138888886195,-122.45777777773313,262.3409971113322,LVO,ROUTE_KaiserFoundationHospitalSouthSanFrancisco,0.24466880000000002,7.153333333333333,ROUTE_KaiserFoundationHospitalSouthSanFrancisco,0.24466880000000002,7.153333333333333,ROUTE_MillsPeninsulaMedicalCenterSutter,0.24466880000000002,12.898333333333333,ROUTE_KaiserFoundationHospitalSouthSanFrancisco,0.24466880000000002,7.153333333333333
37.98416666664,-122.55138888884431,81.74281642642083,NLVO,ROUTE_UCSFMedicalCenter,0.5516562156321619,39.888333333333335,ROUTE_MarinHealthMedicalCenter,0.5654179227374149,10.193333333333333,ROUTE_UCSFMedicalCenter,0.5516562156321619,39.888333333333335,ROUTE_MarinHealthMedicalCenter,0.5654179227374149,10.193333333333333
37.92305555552884,-122.51805555551095,174.37894834291046,LVO,ROUTE_UCSFMedicalCenter,0.25901197626104144,30.816666666666666,ROUTE_MarinHealthMedicalCenter,0.26372707865879563,11.076666666666666,ROUTE_UCSFMedicalCenter,0.25901197626104144,30.816666666666666,ROUTE_MarinHealthMedicalCenter,0.26372707865879563,11.076666666666666
37.678055555528644,-122.15249999995511,114.15179847112293,LVO,ROUTE_SutterEdenMedicalCenter,0.41977156247916375,13.088333333333333,ROUTE_KaiserFoundationHospitalSanLeandro,0.28095991456650143,9.426666666666668,ROUTE_SutterEdenMedicalCenter,0.41977156247916375,13.088333333333333,ROUTE_KaiserFoundationHospitalSanLeandro,0.28095991456650143,9.426666666666668
38.27388888886245,-122.05555555551058,256.7415770282049,NLVO,ROUTE_NorthBayMedicalCenter,0.4622,9.308333333333334,ROUTE_NorthBayMedicalCenter,0.4622,9.308333333333334,ROUTE_JohnMuirMedicalCenterWalnutCreekCampus,0.4622,40.608333333333334,ROUTE_NorthBayMedicalCenter,0.4622,9.308333333333334
37.74722222219536,-122.16249999995512,162.98895990108718,LVO,ROUTE_SutterEdenMedicalCenter,0.4012586597417975,13.216666666666667,ROUTE_SanLeandroHospitalAlamedaHealthSystem,0.24466880000000002,11.033333333333333,ROUTE_SutterEdenMedicalCenter,0.4012586597417975,13.216666666666667,ROUTE_HighlandHospitalWilmaChanCampus,0.2666215513853007,11.836666666666668
38.387499999973656,-121.69277777773252,203.06769677444953,HEMORRHAGIC,ROUTE_KaiserFoundationHospitalVacaville,0.24,37.315000000000005,ROUTE_KaiserFoundationHospitalVacaville,0.24,37.315000000000005,ROUTE_JohnMuirMedicalCenterWalnutCreekCampus,0.24,84.24499999999999,ROUTE_KaiserFoundationHospitalVacaville,0.24,37.315000000000005
37.63166666663972,-122.07305555551059,44.23956687945228,LVO,ROUTE_SutterEdenMedicalCenter,0.44644313724362783,15.03,ROUTE_StRoseHospital,0.40271222665667616,4.281666666666666,ROUTE_SutterEdenMedicalCenter,0.44644313724362783,15.03,ROUTE_KaiserFoundationHospitalSanLeandro,0.4316323126577507,13.336666666666668
37.623055555528595,-122.41555555551088,238.7545691645439,NLVO,ROUTE_MillsPeninsulaMedicalCenterSutter,0.4622,8.798333333333334,ROUTE_MillsPeninsulaMedicalCenterSutter,0.4622,8.798333333333334,ROUTE_MillsPeninsulaMedicalCenterSutter,0.4622,8.798333333333334,ROUTE_MillsPeninsulaMedicalCenterSutter,0.4622,8.798333333333334
37.9702777777511,-122.35055555551082,159.40770253096215,LVO,ROUTE_JohnMuirMedicalCenterWalnutCreekCampus,0.2611277314534145,38.53666666666666,ROUTE_KaiserFoundationHospitalRichmondCampus,0.26810055489287216,9.8,ROUTE_JohnMuirMedicalCenterWalnutCreekCampus,0.2611277314534145,38.53666666666666,ROUTE_KaiserFoundationHospitalRichmondCampus,0.26810055489287216,9.8
37.759999999973154,-122.5061111110665,69.48998849951587,NLVO,ROUTE_UCSFMedicalCenter,0.5720392013380953,9.465,ROUTE_UCSFMedicalCenter,0.5720392013380953,9.465,ROUTE_UCSFMedicalCenter,0.5720392013380953,9.465,ROUTE_UCSFMedicalCenter,0.5720392013380953,9.465
37.85583333330656,-122.28527777773299,91.45886360149294,LVO,ROUTE_CPMCDaviesCampusSutter,0.4233338278727449,28.01833333333333,ROUTE_AltaBatesSummitMedicalCenterAltaBatesCampus,0.24466880000000002,6.528333333333333,ROUTE_CPMCDaviesCampusSutter,0.4233338278727449,28.01833333333333,ROUTE_KaiserFoundationHospitalOaklandRichmond,0.28714342553429106,11.245000000000001
37.74583333330647,-122.45638888884423,227.96142299702277,HEMORRHAGIC,ROUTE_UCSFMedicalCenter,0.24,5.823333333333333,ROUTE_UCSFMedicalCenter,0.24,5.823333333333333,ROUTE_UCSFMedicalCenter,0.24,5.823333333333333,ROUTE_UCSFMedicalCenter,0.24,5.823333333333333
37.99111111108445,-121.71138888884364,221.78023719793947,LVO,ROUTE_KaiserFoundationHospitalAntioch,0.24466880000000002,15.65,ROUTE_KaiserFoundationHospitalAntioch,0.24466880000000002,15.65,ROUTE_JohnMuirMedicalCenterWalnutCreekCampus,0.24466880000000002,37.25833333333333,ROUTE_KaiserFoundationHospitalAntioch,0.24466880000000002,15.65
37.528055555528525,-122.32666666662192,107.64049176897787,NLVO,ROUTE_MillsPeninsulaMedicalCenterSutter,0.549273792501929,16.238333333333333,ROUTE_SanMateoMedicalCenter,0.4622,6.331666666666666,ROUTE_MillsPeninsulaMedicalCenterSutter,0.549273792501929,16.238333333333333,ROUTE_MillsPeninsulaMedicalCenterSutter,0.549273792501929,16.238333333333333
37.552222222195205,-122.28972222217743,222.4710299540164,LVO,ROUTE_SanMateoMedicalCenter,0.24466880000000002,8.098333333333333,ROUTE_SanMateoMedicalCenter,0.24466880000000002,8.098333333333333,ROUTE_MillsPeninsulaMedicalCenterSutter,0.24466880000000002,11.308333333333334,ROUTE_MillsPeninsulaMedicalCenterSutter,0.24466880000000002,11.308333333333334
37.92722222219551,-122.31388888884412,152.87134427937224,HEMORRHAGIC,ROUTE_CPMCDaviesCampusSutter,0.24,31.445,ROUTE_KaiserFoundationHospitalRichmondCampus,0.24,10.120000000000001,ROUTE_CPMCDaviesCampusSutter,0.24,31.445,ROUTE_KaiserFoundationHospitalRichmondCampus,0.24,10.120000000000001
37.59694444441747,-122.06472222217725,230.25874573574282,LVO,ROUTE_StRoseHospital,0.24466880000000002,8.578333333333335,ROUTE_StRoseHospital,0.24466880000000002,8.578333333333335,ROUTE_SutterEdenMedicalCenter,0.24466880000000002,17.741666666666667,ROUTE_KaiserFoundationHospitalSanLeandro,0.24466880000000002,16.048333333333332
37.95166666663997,-122.52555555551096,53.64121169984634,HEMORRHAGIC,ROUTE_UCSFMedicalCenter,0.24,36.075,ROUTE_MarinHealthMedicalCenter,0.24,5.791666666666667,ROUTE_UCSFMedicalCenter,0.24,36.075,ROUTE_MarinHealthMedicalCenter,0.24,5.791666666666667
37.82527777775098,-122.28194444439966,142.16372898694127,HEMORRHAGIC,ROUTE_SutterEdenMedicalCenter,0.24,22.78666666666667,ROUTE_KaiserFoundationHospitalOaklandRichmond,0.24,5.953333333333333,ROUTE_SutterEdenMedicalCenter,0.24,22.78666666666667,ROUTE_KaiserFoundationHospitalOaklandRichmond,0.24,5.953333333333333
38.277777777751346,-122.4683333332887,229.58574289911442,LVO,ROUTE_SonomaValleyHospital,0.24466880000000002,3.8699999999999997,ROUTE_SonomaValleyHospital,0.24466880000000002,3.8699999999999997,ROUTE_JohnMuirMedicalCenterWalnutCreekCampus,0.24466880000000002,63.18833333333334,ROUTE_SonomaValleyHospital,0.24466880000000002,3.8699999999999997
37.95861111108442,-122.10777777773285,117.35471037438997,LVO,ROUTE_JohnMuirMedicalCenterWalnutCreekCampus,0.4168234492935778,18.083333333333332,ROUTE_ContraCostaRegionalMedicalCenter,0.24466880000000002,11.770000000000001,ROUTE_JohnMuirMedicalCenterWalnutCreekCampus,0.4168234492935778,18.083333333333332,ROUTE_JohnMuirMedicalCenterConcordCampus,0.27825252662164496,16.3
37.789999999973176,-122.19222222217736,102.88142737521983,MIMIC,ROUTE_SutterEdenMedicalCenter,0.9,15.838333333333333,ROUTE_HighlandHospitalWilmaChanCampus,0.9,5.27,ROUTE_SutterEdenMedicalCenter,0.9,15.838333333333333,ROUTE_HighlandHospitalWilmaChanCampus,0.9,5.27
37.76027777775093,-122.42222222217754,49.86304996784452,HEMORRHAGIC,ROUTE_CPMCDaviesCampusSutter,0.24,5.08,ROUTE_CPMCMissionBernalCampusSutter,0.24,4.181666666666667,ROUTE_CPMCDaviesCampusSutter,0.24,5.08,ROUTE_CPMCMissionBernalCampusSutter,0.24,4.181666666666667
37.58166666663968,-121.99416666662165,111.55539189641107,NLVO,ROUTE_SutterEdenMedicalCenter,0.5417114802663558,28.126666666666665,ROUTE_WashingtonHospitalHealthcareSystem,0.5497202576064903,10.928333333333335,ROUTE_SutterEdenMedicalCenter,0.5417114802663558,28.126666666666665,ROUTE_WashingtonHospitalHealthcareSystem,0.5497202576064903,10.928333333333335
37.787777777750954,-122.28194444439966,177.8178088102728,LVO,ROUTE_SutterEdenMedicalCenter,0.2593113989288212,25.728333333333335,ROUTE_AlamedaHospital,0.2631175926375671,9.781666666666666,ROUTE_SutterEdenMedicalCenter,0.2593113989288212,25.728333333333335,ROUTE_AlamedaHospital,0.2631175926375671,9.781666666666666
37.768333333306494,-121.94138888884383,187.6045811626052,LVO,ROUTE_SanRamonRegionalMedicalCenter,0.26134858080923207,6.281666666666666,ROUTE_SanRamonRegionalMedicalCenter,0.26134858080923207,6.281666666666666,ROUTE_JohnMuirMedicalCenterWalnutCreekCampus,0.25706808359976613,24.396666666666665,ROUTE_SanRamonRegionalMedicalCenter,0.26134858080923207,6.281666666666666
37.89916666663993,-122.4947222221776,204.8229283069358,LVO,ROUTE_MarinHealthMedicalCenter,0.2549300460002028,14.463333333333333,ROUTE_MarinHealthMedicalCenter,0.2549300460002028,14.463333333333333,ROUTE_UCSFMedicalCenter,0.24466880000000002,31.148333333333333,ROUTE_MarinHealthMedicalCenter,0.2549300460002028,14.463333333333333
38.095555555528975,-122.2233333332885,203.6323829588785,LVO,ROUTE_SutterSolanoMedicalCenter,0.25650046282097494,9.020000000000001,ROUTE_SutterSolanoMedicalCenter,0.25650046282097494,9.020000000000001,ROUTE_JohnMuirMedicalCenterWalnutCreekCampus,0.24466880000000002,27.45,ROUTE_SutterSolanoMedicalCenter,0.25650046282097494,9.020000000000001
37.75694444441759,-122.41222222217753,49.54784724926469,HEMORRHAGIC,ROUTE_CPMCDaviesCampusSutter,0.24,7.278333333333333,ROUTE_ZuckerbergSanFranciscoGeneralHospital,0.24,2.8666666666666667,ROUTE_CPMCDaviesCampusSutter,0.24,7.278333333333333,ROUTE_ZuckerbergSanFranciscoGeneralHospital,0.24,2.8666666666666667
37.93083333330662,-122.34999999995526,126.85136760445006,HEMORRHAGIC,ROUTE_CPMCDaviesCampusSutter,0.24,33.125,ROUTE_KaiserFoundationHospitalRichmondCampus,0.24,4.165,ROUTE_CPMCDaviesCampusSutter,0.24,33.125,ROUTE_KaiserFoundationHospitalRichmondCampus,0.24,4.165
38.33249999997361,-122.3155555555108,105.0425089996498,MIMIC,ROUTE_JohnMuirMedicalCenterWalnutCreekCampus,0.9,50.215,ROUTE_ProvidenceQueenOfTheValleyMedicalCenter,0.9,5.03,ROUTE_JohnMuirMedicalCenterWalnutCreekCampus,0.9,50.215,ROUTE_ProvidenceQueenOfTheValleyMedicalCenter,0.9,5.03
37.481388888861815,-122.22416666662183,258.4718467488576,HEMORRHAGIC,ROUTE_KaiserFoundationHospitalRedwoodCity,0.24,4.585,ROUTE_KaiserFoundationHospitalRedwoodCity,0.24,4.585,ROUTE_KaiserFoundationHospitalRedwoodCity,0.24,4.585,ROUTE_KaiserFoundationHospitalRedwoodCity,0.24,4.585
37.69277777775088,-122.48499999995538,212.99453639545217,LVO,ROUTE_AHMCSetonMedicalCenter,0.25477187919814426,6.068333333333333,ROUTE_AHMCSetonMedicalCenter,0.25477187919814426,6.068333333333333,ROUTE_CPMCDaviesCampusSutter,0.24466880000000002,17.94333333333333,ROUTE_AHMCSetonMedicalCenter,0.25477187919814426,6.068333333333333
37.71444444441756,-122.0338888888439,149.41916710051495,HEMORRHAGIC,ROUTE_SutterEdenMedicalCenter,0.24,13.166666666666666,ROUTE_SutterEdenMedicalCenter,0.24,13.166666666666666,ROUTE_SutterEdenMedicalCenter,0.24,13.166666666666666,ROUTE_SutterEdenMedicalCenter,0.24,13.166666666666666
38.02305555552892,-122.25277777773296,95.80760457002782,LVO,ROUTE_JohnMuirMedicalCenterWalnutCreekCampus,0.42107024464769105,29.715,ROUTE_ContraCostaRegionalMedicalCenter,0.24466880000000002,16.668333333333333,ROUTE_JohnMuirMedicalCenterWalnutCreekCampus,0.42107024464769105,29.715,ROUTE_SutterSolanoMedicalCenter,0.28417232453626196,17.581666666666667
37.46916666663959,-122.14833333328843,53.58468067148764,HEMORRHAGIC,ROUTE_KaiserFoundationHospitalRedwoodCity,0.24,10.29,ROUTE_KaiserFoundationHospitalRedwoodCity,0.24,10.29,ROUTE_KaiserFoundationHospitalRedwoodCity,0.24,10.29,ROUTE_KaiserFoundationHospitalRedwoodCity,0.24,10.29
37.6999999999731,-122.09249999995505,203.05172014937816,HEMORRHAGIC,ROUTE_SutterEdenMedicalCenter,0.24,2.038333333333333,ROUTE_SutterEdenMedicalCenter,0.24,2.038333333333333,ROUTE_SutterEdenMedicalCenter,0.24,2.038333333333333,ROUTE_SutterEdenMedicalCenter,0.24,2.038333333333333
37.632777777750825,-122.06222222217725,230.80743915979568,LVO,ROUTE_StRoseHospital,0.24466880000000002,6.975,ROUTE_StRoseHospital,0.24466880000000002,6.975,ROUTE_SutterEdenMedicalCenter,0.24466880000000002,17.721666666666668,ROUTE_KaiserFoundationHospitalSanLeandro,0.24466880000000002,16.028333333333332
37.8249999999732,-122.25277777773296,185.2558858479759,HEMORRHAGIC,ROUTE_SutterEdenMedicalCenter,0.24,21.026666666666664,ROUTE_KaiserFoundationHospitalOaklandRichmond,0.24,2.7150000000000003,ROUTE_SutterEdenMedicalCenter,0.24,21.026666666666664,ROUTE_KaiserFoundationHospitalOaklandRichmond,0.24,2.7150000000000003
37.823333333306536,-122.24305555551074,84.82390036396302,HEMORRHAGIC,ROUTE_SutterEdenMedicalCenter,0.24,22.384999999999998,ROUTE_KaiserFoundationHospitalOaklandRichmond,0.24,4.758333333333334,ROUTE_SutterEdenMedicalCenter,0.24,22.384999999999998,ROUTE_KaiserFoundationHospitalOaklandRichmond,0.24,4.758333333333334
37.755833333306484,-122.41194444439975,153.2631700302843,NLVO,ROUTE_CPMCDaviesCampusSutter,0.5296731568783524,7.54,ROUTE_ZuckerbergSanFranciscoGeneralHospital,0.5319839931211088,2.605,ROUTE_CPMCDaviesCampusSutter,0.5296731568783524,7.54,ROUTE_ZuckerbergSanFranciscoGeneralHospital,0.5319839931211088,2.605
38.30999999997359,-122.29194444439966,195.1673922511735,LVO,ROUTE_ProvidenceQueenOfTheValleyMedicalCenter,0.25972582940577527,4.7,ROUTE_ProvidenceQueenOfTheValleyMedicalCenter,0.25972582940577527,4.7,ROUTE_JohnMuirMedicalCenterWalnutCreekCampus,0.24466880000000002,50.91166666666666,ROUTE_ProvidenceQueenOfTheValleyMedicalCenter,0.25972582940577527,4.7
37.96555555552887,-122.2699999999552,198.08501970830858,HEMORRHAGIC,ROUTE_KaiserFoundationHospitalRichmondCampus,0.24,20.675,ROUTE_KaiserFoundationHospitalRichmondCampus,0.24,20.675,ROUTE_JohnMuirMedicalCenterWalnutCreekCampus,0.24,32.335,ROUTE_KaiserFoundationHospitalRichmondCampus,0.24,20.675
37.530833333306305,-122.02333333328833,236.69985397832693,LVO,ROUTE_WashingtonHospitalHealthcareSystem,0.24466880000000002,13.045,ROUTE_WashingtonHospitalHealthcareSystem,0.24466880000000002,13.045,ROUTE_SutterEdenMedicalCenter,0.24466880000000002,24.34333333333333,ROUTE_WashingtonHospitalHealthcareSystem,0.24466880000000002,13.045
37.95833333330664,-122.04722222217724,147.64242851281892,LVO,ROUTE_JohnMuirMedicalCenterWalnutCreekCampus,0.40763254021059203,11.354999999999999,ROUTE_JohnMuirMedicalCenterConcordCampus,0.27160395513528873,8.785,ROUTE_JohnMuirMedicalCenterWalnutCreekCampus,0.40763254021059203,11.354999999999999,ROUTE_JohnMuirMedicalCenterConcordCampus,0.27160395513528873,8.785
38.46472222219594,-121.82694444439929,171.1275985043991,LVO,ROUTE_KaiserFoundationHospitalVacaville,0.2638380908594183,14.229999999999999,ROUTE_KaiserFoundationHospitalVacaville,0.2638380908594183,14.229999999999999,ROUTE_JohnMuirMedicalCenterWalnutCreekCampus,0.24466880000000002,61.16,ROUTE_KaiserFoundationHospitalVacaville,0.2638380908594183,14.229999999999999
38.00833333330668,-121.896111111066,201.306424513345,HEMORRHAGIC,ROUTE_JohnMuirMedicalCenterConcordCampus,0.24,14.133333333333333,ROUTE_SutterDeltaMedicalCenter,0.24,11.658333333333333,ROUTE_JohnMuirMedicalCenterWalnutCreekCampus,0.24,21.933333333333334,ROUTE_JohnMuirMedicalCenterConcordCampus,0.24,14.133333333333333
37.998333333306675,-121.87499999995488,193.38715317326523,HEMORRHAGIC,ROUTE_JohnMuirMedicalCenterConcordCampus,0.24,17.521666666666665,ROUTE_SutterDeltaMedicalCenter,0.24,13.69,ROUTE_JohnMuirMedicalCenterWalnutCreekCampus,0.24,23.976666666666667,ROUTE_JohnMuirMedicalCenterConcordCampus,0.24,17.521666666666665
37.76111111108426,-122.44694444439979,110.52070334250001,HEMORRHAGIC,ROUTE_UCSFMedicalCenter,0.24,2.99,ROUTE_UCSFMedicalCenter,0.24,2.99,ROUTE_UCSFMedicalCenter,0.24,2.99,ROUTE_UCSFMedicalCenter,0.24,2.99
38.24111111108465,-122.07138888884393,58.62615805798753,LVO,ROUTE_JohnMuirMedicalCenterWalnutCreekCampus,0.43226324360009116,38.95666666666667,ROUTE_NorthBayMedicalCenter,0.2974799613034641,9.854999999999999,ROUTE_JohnMuirMedicalCenterWalnutCreekCampus,0.43226324360009116,38.95666666666667,ROUTE_NorthBayMedicalCenter,0.2974799613034641,9.854999999999999
37.672499999973084,-121.71972222217698,181.17919354338042,HEMORRHAGIC,ROUTE_StanfordHealthCareTriValley,0.24,21.608333333333334,ROUTE_StanfordHealthCareTriValley,0.24,21.608333333333334,ROUTE_SutterEdenMedicalCenter,0.24,33.00666666666667,ROUTE_StanfordHealthCareTriValley,0.24,21.608333333333334
37.620277777750815,-122.03194444439946,46.275039516689375,HEMORRHAGIC,ROUTE_SutterEdenMedicalCenter,0.24,23.48,ROUTE_StRoseHospital,0.24,14.028333333333334,ROUTE_SutterEdenMedicalCenter,0.24,23.48,ROUTE_WashingtonHospitalHealthcareSystem,0.24,19.391666666666666
37.99666666664001,-121.8344444443993,172.00500885173835,MIMIC,ROUTE_JohnMuirMedicalCenterWalnutCreekCampus,0.9,28.709999999999997,ROUTE_SutterDeltaMedicalCenter,0.9,8.79,ROUTE_JohnMuirMedicalCenterWalnutCreekCampus,0.9,28.709999999999997,ROUTE_KaiserFoundationHospitalAntioch,0.9,14.558333333333334
37.79999999997318,-122.27694444439965,125.43220848323658,HEMORRHAGIC,ROUTE_SutterEdenMedicalCenter,0.24,21.998333333333335,ROUTE_AltaBatesSummitMedicalCenterSummitCampus,0.24,8.22,ROUTE_SutterEdenMedicalCenter,0.24,21.998333333333335,ROUTE_AltaBatesSummitMedicalCenterSummitCampus,0.24,8.22
38.00972222219557,-121.82972222217707,78.21061801633952,HEMORRHAGIC,ROUTE_JohnMuirMedicalCenterWalnutCreekCampus,0.24,28.023333333333333,ROUTE_SutterDeltaMedicalCenter,0.24,10.42,ROUTE_JohnMuirMedicalCenterWalnutCreekCampus,0.24,28.023333333333333,ROUTE_KaiserFoundationHospitalAntioch,0.24,15.655
37.394722222195085,-121.99083333328831,205.89021906623046,HEMORRHAGIC,ROUTE_KaiserFoundationHospitalSantaClara,0.24,13.861666666666668,ROUTE_KaiserFoundationHospitalSantaClara,0.24,13.861666666666668,ROUTE_KaiserFoundationHospitalSantaClara,0.24,13.861666666666668,ROUTE_KaiserFoundationHospitalSantaClara,0.24,13.861666666666668
38.31611111108471,-122.4833333332887,127.3465931194737,HEMORRHAGIC,ROUTE_JohnMuirMedicalCenterWalnutCreekCampus,0.24,72.485,ROUTE_SonomaValleyHospital,0.24,8.706666666666667,ROUTE_JohnMuirMedicalCenterWalnutCreekCampus,0.24,72.485,ROUTE_SonomaValleyHospital,0.24,8.706666666666667
37.553611111084095,-122.27944444439966,90.92494742827904,LVO,ROUTE_MillsPeninsulaMedicalCenterSutter,0.428763145387604,13.041666666666666,ROUTE_SanMateoMedicalCenter,0.24466880000000002,8.076666666666666,ROUTE_MillsPeninsulaMedicalCenterSutter,0.428763145387604,13.041666666666666,ROUTE_MillsPeninsulaMedicalCenterSutter,0.428763145387604,13.041666666666666
38.14611111108457,-122.24611111106628,151.5830344544127,LVO,ROUTE_JohnMuirMedicalCenterWalnutCreekCampus,0.2642671653694796,34.17333333333333,ROUTE_SutterSolanoMedicalCenter,0.2716594990396352,4.185,ROUTE_JohnMuirMedicalCenterWalnutCreekCampus,0.2642671653694796,34.17333333333333,ROUTE_SutterSolanoMedicalCenter,0.2716594990396352,4.185
37.97583333330666,-122.51472222217761,42.73562456968048,HEMORRHAGIC,ROUTE_UCSFMedicalCenter,0.24,38.391666666666666,ROUTE_MarinHealthMedicalCenter,0.24,11.498333333333333,ROUTE_UCSFMedicalCenter,0.24,38.391666666666666,ROUTE_MarinHealthMedicalCenter,0.24,11.498333333333333
37.79749999997318,-122.21638888884405,119.15828936843194,LVO,ROUTE_SutterEdenMedicalCenter,0.4165945964254737,16.745,ROUTE_HighlandHospitalWilmaChanCampus,0.28096223718291924,3.855,ROUTE_SutterEdenMedicalCenter,0.4165945964254737,16.745,ROUTE_HighlandHospitalWilmaChanCampus,0.28096223718291924,3.855
37.90638888886216,-122.05472222217725,150.77677797549785,HEMORRHAGIC,ROUTE_JohnMuirMedicalCenterWalnutCreekCampus,0.24,3.44,ROUTE_JohnMuirMedicalCenterWalnutCreekCampus,0.24,3.44,ROUTE_JohnMuirMedicalCenterWalnutCreekCampus,0.24,3.44,ROUTE_JohnMuirMedicalCenterWalnutCreekCampus,0.24,3.44
37.71916666663979,-122.43694444439977,147.40313595837875,LVO,ROUTE_CPMCDaviesCampusSutter,0.40669842691912517,14.379999999999999,ROUTE_CPMCMissionBernalCampusSutter,0.27183993612122503,8.110000000000001,ROUTE_CPMCDaviesCampusSutter,0.40669842691912517,14.379999999999999,ROUTE_CPMCMissionBernalCampusSutter,0.27183993612122503,8.110000000000001
38.03499999997337,-122.58916666662212,119.86651811735537,HEMORRHAGIC,ROUTE_UCSFMedicalCenter,0.24,48.99666666666667,ROUTE_KaiserFoundationHospitalSanRafael,0.24,11.908333333333333,ROUTE_UCSFMedicalCenter,0.24,48.99666666666667,ROUTE_KaiserFoundationHospitalSanRafael,0.24,11.908333333333333
37.95194444441775,-122.32527777773302,235.23182213883052,LVO,ROUTE_KaiserFoundationHospitalRichmondCampus,0.24466880000000002,9.841666666666667,ROUTE_KaiserFoundationHospitalRichmondCampus,0.24466880000000002,9.841666666666667,ROUTE_CPMCDaviesCampusSutter,0.24466880000000002,33.13666666666667,ROUTE_KaiserFoundationHospitalRichmondCampus,0.24466880000000002,9.841666666666667
37.79166666663984,-122.20527777773293,230.97873603048808,MIMIC,ROUTE_HighlandHospitalWilmaChanCampus,0.9,4.556666666666667,ROUTE_HighlandHospitalWilmaChanCampus,0.9,4.556666666666667,ROUTE_SutterEdenMedicalCenter,0.9,17.375,ROUTE_HighlandHospitalWilmaChanCampus,0.9,4.556666666666667
37.50472222219517,-122.29888888884412,216.59660017940104,HEMORRHAGIC,ROUTE_SanMateoMedicalCenter,0.24,10.638333333333332,ROUTE_SanMateoMedicalCenter,0.24,10.638333333333332,ROUTE_KaiserFoundationHospitalRedwoodCity,0.24,20.933333333333334,ROUTE_SequoiaHospital,0.24,16.595000000000002
37.98833333330667,-122.32249999995524,197.20507134984987,LVO,ROUTE_KaiserFoundationHospitalRichmondCampus,0.2577950778608209,10.625,ROUTE_KaiserFoundationHospitalRichmondCampus,0.2577950778608209,10.625,ROUTE_JohnMuirMedicalCenterWalnutCreekCampus,0.24466880000000002,31.311666666666667,ROUTE_KaiserFoundationHospitalRichmondCampus,0.2577950778608209,10.625
37.99777777775112,-121.71888888884365,80.66973291517394,LVO,ROUTE_JohnMuirMedicalCenterWalnutCreekCampus,0.4242767141100307,37.29333333333333,ROUTE_KaiserFoundationHospitalAntioch,0.2891717272574376,15.683333333333334,ROUTE_JohnMuirMedicalCenterWalnutCreekCampus,0.4242767141100307,37.29333333333333,ROUTE_KaiserFoundationHospitalAntioch,0.2891717272574376,15.683333333333334
37.77277777775094,-122.25083333328851,45.73531642931179,LVO,ROUTE_SutterEdenMedicalCenter,0.4439031820946209,20.461666666666666,ROUTE_AlamedaHospital,0.43309774509863364,4.013333333333334,ROUTE_SutterEdenMedicalCenter,0.4439031820946209,20.461666666666666,ROUTE_AlamedaHospital,0.43309774509863364,4.013333333333334
37.551666666639655,-122.30249999995523,102.71406492546402,LVO,ROUTE_KaiserFoundationHospitalRedwoodCity,0.42454328379441286,12.033333333333333,ROUTE_SanMateoMedicalCenter,0.24466880000000002,7.723333333333333,ROUTE_KaiserFoundationHospitalRedwoodCity,0.42454328379441286,12.033333333333333,ROUTE_KaiserFoundationHospitalRedwoodCity,0.42454328379441286,12.033333333333333
37.721111111084234,-122.46666666662202,75.16340890953735,LVO,ROUTE_UCSFMedicalCenter,0.43529510297303475,11.983333333333333,ROUTE_AHMCSetonMedicalCenter,0.29269242957511,8.836666666666668,ROUTE_UCSFMedicalCenter,0.43529510297303475,11.983333333333333,ROUTE_AHMCSetonMedicalCenter,0.29269242957511,8.836666666666668
37.80138888886207,-122.2208333332885,268.80353798724013,LVO,ROUTE_HighlandHospitalWilmaChanCampus,0.24466880000000002,2.8766666666666665,ROUTE_HighlandHospitalWilmaChanCampus,0.24466880000000002,2.8766666666666665,ROUTE_SutterEdenMedicalCenter,0.24466880000000002,18.83833333333333,ROUTE_HighlandHospitalWilmaChanCampus,0.24466880000000002,2.8766666666666665
37.87638888886213,-122.27333333328853,165.19919921472663,LVO,ROUTE_JohnMuirMedicalCenterWalnutCreekCampus,0.2612482566308676,31.596666666666668,ROUTE_AltaBatesSummitMedicalCenterAltaBatesCampus,0.24466880000000002,9.3,ROUTE_JohnMuirMedicalCenterWalnutCreekCampus,0.2612482566308676,31.596666666666668,ROUTE_KaiserFoundationHospitalOaklandRichmond,0.26530569813069116,14.768333333333334
37.90222222219549,-122.29333333328856,84.19023656806739,LVO,ROUTE_CPMCDaviesCampusSutter,0.42508234696908503,31.066666666666666,ROUTE_KaiserFoundationHospitalRichmondCampus,0.2888424177050339,12.993333333333334,ROUTE_CPMCDaviesCampusSutter,0.42508234696908503,31.066666666666666,ROUTE_KaiserFoundationHospitalRichmondCampus,0.2888424177050339,12.993333333333334
37.5888888888619,-122.49333333328872,45.26657015942051,HEMORRHAGIC,ROUTE_MillsPeninsulaMedicalCenterSutter,0.24,25.793333333333333,ROUTE_AHMCSetonMedicalCenter,0.24,18.128333333333334,ROUTE_MillsPeninsulaMedicalCenterSutter,0.24,25.793333333333333,ROUTE_AHMCSetonMedicalCenter,0.24,18.128333333333334
37.41388888886176,-122.10749999995507,79.00857981447959,LVO,ROUTE_ElCaminoHealthMountainView,0.432648458565028,15.215,ROUTE_ElCaminoHealthMountainView,0.432648458565028,15.215,ROUTE_ElCaminoHealthMountainView,0.432648458565028,15.215,ROUTE_ElCaminoHealthMountainView,0.432648458565028,15.215
38.28638888886246,-122.00749999995499,133.11387320226936,HEMORRHAGIC,ROUTE_JohnMuirMedicalCenterWalnutCreekCampus,0.24,47.04333333333333,ROUTE_NorthBayMedicalCenter,0.24,13.24,ROUTE_JohnMuirMedicalCenterWalnutCreekCampus,0.24,47.04333333333333,ROUTE_NorthBayMedicalCenter,0.24,13.24
37.693333333306434,-122.1752777777329,75.91132504132688,LVO,ROUTE_SutterEdenMedicalCenter,0.4336606131908928,15.783333333333333,ROUTE_KaiserFoundationHospitalSanLeandro,0.29333402097211037,5.661666666666666,ROUTE_SutterEdenMedicalCenter,0.4336606131908928,15.783333333333333,ROUTE_KaiserFoundationHospitalSanLeandro,0.29333402097211037,5.661666666666666
38.33361111108472,-122.25666666662185,49.05108588072069,HEMORRHAGIC,ROUTE_JohnMuirMedicalCenterWalnutCreekCampus,0.24,58.635,ROUTE_ProvidenceQueenOfTheValleyMedicalCenter,0.24,9.360000000000001,ROUTE_JohnMuirMedicalCenterWalnutCreekCampus,0.24,58.635,ROUTE_ProvidenceQueenOfTheValleyMedicalCenter,0.24,9.360000000000001
37.38722222219508,-122.03055555551056,118.25868296781312,HEMORRHAGIC,ROUTE_ElCaminoHealthMountainView,0.24,14.376666666666667,ROUTE_ElCaminoHealthMountainView,0.24,14.376666666666667,ROUTE_ElCaminoHealthMountainView,0.24,14.376666666666667,ROUTE_ElCaminoHealthMountainView,0.24,14.376666666666667
37.378611111083956,-122.10805555551063,264.8559786090184,HEMORRHAGIC,ROUTE_ElCaminoHealthMountainView,0.24,10.34,ROUTE_ElCaminoHealthMountainView,0.24,10.34,ROUTE_ElCaminoHealthMountainView,0.24,10.34,ROUTE_ElCaminoHealthMountainView,0.24,10.34
37.687777777750874,-122.49111111106649,200.70571033478217,LVO,ROUTE_AHMCSetonMedicalCenter,0.2576482014366725,7.361666666666666,ROUTE_AHMCSetonMedicalCenter,0.2576482014366725,7.361666666666666,ROUTE_MillsPeninsulaMedicalCenterSutter,0.254675116652284,20.141666666666666,ROUTE_AHMCSetonMedicalCenter,0.2576482014366725,7.361666666666666
37.99111111108445,-122.3444444443997,91.57644306551205,HEMORRHAGIC,ROUTE_JohnMuirMedicalCenterWalnutCreekCampus,0.24,35.90333333333333,ROUTE_KaiserFoundationHospitalRichmondCampus,0.24,11.676666666666668,ROUTE_JohnMuirMedicalCenterWalnutCreekCampus,0.24,35.90333333333333,ROUTE_KaiserFoundationHospitalRichmondCampus,0.24,11.676666666666668
37.74361111108425,-122.46527777773314,158.1454726649422,HEMORRHAGIC,ROUTE_UCSFMedicalCenter,0.24,6.448333333333333,ROUTE_UCSFMedicalCenter,0.24,6.448333333333333,ROUTE_UCSFMedicalCenter,0.24,6.448333333333333,ROUTE_UCSFMedicalCenter,0.24,6.448333333333333
37.60888888886192,-121.89666666662157,34.621992255999984,HEMORRHAGIC,ROUTE_RegionalMedicalCenterOfSanJose,0.24,28.71833333333333,ROUTE_StanfordHealthCareTriValley,0.24,21.683333333333334,ROUTE_RegionalMedicalCenterOfSanJose,0.24,28.71833333333333,ROUTE_StanfordHealthCareTriValley,0.24,21.683333333333334
37.536388888861865,-122.2447222221774,168.21444048847567,NLVO,ROUTE_KaiserFoundationHospitalRedwoodCity,0.5178263002311965,16.16166666666667,ROUTE_SanMateoMedicalCenter,0.4622,14.25,ROUTE_KaiserFoundationHospitalRedwoodCity,0.5178263002311965,16.16166666666667,ROUTE_KaiserFoundationHospitalRedwoodCity,0.5178263002311965,16.16166666666667
37.87944444441769,-122.10638888884395,37.971734912095414,HEMORRHAGIC,ROUTE_JohnMuirMedicalCenterWalnutCreekCampus,0.24,18.506666666666668,ROUTE_KaiserFoundationHospitalWalnutCreek,0.24,16.235,ROUTE_JohnMuirMedicalCenterWalnutCreekCampus,0.24,18.506666666666668,ROUTE_KaiserFoundationHospitalWalnutCreek,0.24,16.235
37.46305555552847,-121.90944444439936,101.83118894300273,HEMORRHAGIC,ROUTE_RegionalMedicalCenterOfSanJose,0.24,12.671666666666665,ROUTE_RegionalMedicalCenterOfSanJose,0.24,12.671666666666665,ROUTE_RegionalMedicalCenterOfSanJose,0.24,12.671666666666665,ROUTE_RegionalMedicalCenterOfSanJose,0.24,12.671666666666665
37.49444444441738,-122.45638888884423,125.09103816843755,LVO,ROUTE_MillsPeninsulaMedicalCenterSutter,0.40899287638943893,32.401666666666664,ROUTE_SanMateoMedicalCenter,0.24466880000000002,32.19166666666667,ROUTE_MillsPeninsulaMedicalCenterSutter,0.40899287638943893,32.401666666666664,ROUTE_MillsPeninsulaMedicalCenterSutter,0.40899287638943893,32.401666666666664
37.80194444441763,-122.41027777773309,264.0726241210467,LVO,ROUTE_ChineseHospital,0.24466880000000002,3.558333333333333,ROUTE_ChineseHospital,0.24466880000000002,3.558333333333333,ROUTE_CPMCDaviesCampusSutter,0.24466880000000002,12.618333333333334,ROUTE_ChineseHospital,0.24466880000000002,3.558333333333333
37.774722222195386,-122.46638888884425,51.71737883473027,LVO,ROUTE_UCSFMedicalCenter,0.4463862283062696,6.88,ROUTE_UCSFHealthStanyanHospital,0.4332984457452791,3.945,ROUTE_UCSFMedicalCenter,0.4463862283062696,6.88,ROUTE_UCSFHealthStanyanHospital,0.4332984457452791,3.945
37.984444444417775,-121.82972222217707,259.0238392636602,LVO,ROUTE_SutterDeltaMedicalCenter,0.24466880000000002,5.678333333333333,ROUTE_SutterDeltaMedicalCenter,0.24466880000000002,5.678333333333333,ROUTE_JohnMuirMedicalCenterWalnutCreekCampus,0.24466880000000002,30.945,ROUTE_KaiserFoundationHospitalAntioch,0.24466880000000002,11.366666666666667
37.78277777775095,-122.41333333328865,91.32674304320963,HEMORRHAGIC,ROUTE_CPMCDaviesCampusSutter,0.24,8.103333333333333,ROUTE_UCSFHealthHydeHospital,0.24,2.69,ROUTE_CPMCDaviesCampusSutter,0.24,8.103333333333333,ROUTE_UCSFHealthHydeHospital,0.24,2.69
37.70694444441755,-122.46555555551092,197.21454669700208,HEMORRHAGIC,ROUTE_AHMCSetonMedicalCenter,0.24,7.6883333333333335,ROUTE_AHMCSetonMedicalCenter,0.24,7.6883333333333335,ROUTE_CPMCDaviesCampusSutter,0.24,15.05,ROUTE_AHMCSetonMedicalCenter,0.24,7.6883333333333335
37.92972222219551,-122.0680555555106,66.70920272436565,LVO,ROUTE_JohnMuirMedicalCenterWalnutCreekCampus,0.4393812921927066,9.845,ROUTE_KaiserFoundationHospitalWalnutCreek,0.4247937452946817,9.648333333333333,ROUTE_JohnMuirMedicalCenterWalnutCreekCampus,0.4393812921927066,9.845,ROUTE_KaiserFoundationHospitalWalnutCreek,0.4247937452946817,9.648333333333333
38.11111111108454,-122.25249999995519,213.8427557313186,LVO,ROUTE_KaiserFoundationHospitalVallejo,0.2548332914419115,4.86,ROUTE_KaiserFoundationHospitalVallejo,0.2548332914419115,4.86,ROUTE_JohnMuirMedicalCenterWalnutCreekCampus,0.24466880000000002,30.113333333333333,ROUTE_KaiserFoundationHospitalVallejo,0.2548332914419115,4.86
37.95583333330664,-122.54222222217764,233.3146564720641,HEMORRHAGIC,ROUTE_MarinHealthMedicalCenter,0.24,4.091666666666667,ROUTE_MarinHealthMedicalCenter,0.24,4.091666666666667,ROUTE_UCSFMedicalCenter,0.24,36.718333333333334,ROUTE_MarinHealthMedicalCenter,0.24,4.091666666666667
38.339444444418056,-122.51027777773317,89.4600376604307,NLVO,ROUTE_JohnMuirMedicalCenterWalnutCreekCampus,0.5317658876762581,73.96333333333334,ROUTE_SonomaValleyHospital,0.5595496741699334,14.3,ROUTE_JohnMuirMedicalCenterWalnutCreekCampus,0.5317658876762581,73.96333333333334,ROUTE_SonomaValleyHospital,0.5595496741699334,14.3
37.71999999997312,-122.45805555551091,182.09119452297264,LVO,ROUTE_UCSFMedicalCenter,0.2612063512784542,13.003333333333334,ROUTE_CPMCMissionBernalCampusSutter,0.26223609979040496,8.7,ROUTE_UCSFMedicalCenter,0.2612063512784542,13.003333333333334,ROUTE_CPMCMissionBernalCampusSutter,0.26223609979040496,8.7
38.013611111084465,-122.28166666662187,100.09561833015007,LVO,ROUTE_JohnMuirMedicalCenterWalnutCreekCampus,0.4193213712909971,30.009999999999998,ROUTE_ContraCostaRegionalMedicalCenter,0.24466880000000002,16.96333333333333,ROUTE_JohnMuirMedicalCenterWalnutCreekCampus,0.4193213712909971,30.009999999999998,ROUTE_KaiserFoundationHospitalRichmondCampus,0.28280992504706376,17.983333333333334
37.53249999997297,-121.96277777773273,182.06431070558358,HEMORRHAGIC,ROUTE_RegionalMedicalCenterOfSanJose,0.24,21.425,ROUTE_KaiserFoundationHospitalFremont,0.24,6.7,ROUTE_RegionalMedicalCenterOfSanJose,0.24,21.425,ROUTE_KaiserFoundationHospitalFremont,0.24,6.7
37.46222222219514,-122.1599999999551,35.99576564229303,HEMORRHAGIC,ROUTE_KaiserFoundationHospitalRedwoodCity,0.24,10.953333333333335,ROUTE_KaiserFoundationHospitalRedwoodCity,0.24,10.953333333333335,ROUTE_KaiserFoundationHospitalRedwoodCity,0.24,10.953333333333335,ROUTE_KaiserFoundationHospitalRedwoodCity,0.24,10.953333333333335
37.663333333306404,-122.10388888884395,209.24859303940045,HEMORRHAGIC,ROUTE_KaiserFoundationHospitalSanLeandro,0.24,11.481666666666666,ROUTE_StRoseHospital,0.24,8.328333333333333,ROUTE_SutterEdenMedicalCenter,0.24,13.175,ROUTE_KaiserFoundationHospitalSanLeandro,0.24,11.481666666666666
37.783055555528726,-122.48555555551093,105.09302035043346,NLVO,ROUTE_UCSFMedicalCenter,0.5534229550027157,10.139999999999999,ROUTE_KaiserFoundationHospitalSanFrancisco,0.5541232268444157,8.631666666666666,ROUTE_UCSFMedicalCenter,0.5534229550027157,10.139999999999999,ROUTE_KaiserFoundationHospitalSanFrancisco,0.5541232268444157,8.631666666666666
37.93472222219551,-121.74916666662145,193.74195197918553,HEMORRHAGIC,ROUTE_KaiserFoundationHospitalAntioch,0.24,10.991666666666667,ROUTE_KaiserFoundationHospitalAntioch,0.24,10.991666666666667,ROUTE_JohnMuirMedicalCenterWalnutCreekCampus,0.24,40.57,ROUTE_KaiserFoundationHospitalAntioch,0.24,10.991666666666667
38.13277777775123,-122.24277777773295,256.3590581647296,LVO,ROUTE_SutterSolanoMedicalCenter,0.24466880000000002,2.4166666666666665,ROUTE_SutterSolanoMedicalCenter,0.24466880000000002,2.4166666666666665,ROUTE_JohnMuirMedicalCenterWalnutCreekCampus,0.24466880000000002,32.29333333333333,ROUTE_SutterSolanoMedicalCenter,0.24466880000000002,2.4166666666666665
37.49305555552849,-121.9291666666216,113.6790807007759,LVO,ROUTE_RegionalMedicalCenterOfSanJose,0.4188534222090129,16.273333333333333,ROUTE_KaiserFoundationHospitalFremont,0.2794470561445078,15.766666666666667,ROUTE_RegionalMedicalCenterOfSanJose,0.4188534222090129,16.273333333333333,ROUTE_KaiserFoundationHospitalFremont,0.2794470561445078,15.766666666666667
37.775277777750944,-121.77722222217703,47.11863980251291,LVO,ROUTE_SutterEdenMedicalCenter,0.439458505698587,31.395,ROUTE_StanfordHealthCareTriValley,0.42724005443488544,19.996666666666666,ROUTE_SutterEdenMedicalCenter,0.439458505698587,31.395,ROUTE_StanfordHealthCareTriValley,0.42724005443488544,19.996666666666666
37.721944444417566,-122.16888888884401,96.48293994995647,HEMORRHAGIC,ROUTE_SutterEdenMedicalCenter,0.24,12.671666666666665,ROUTE_SanLeandroHospitalAlamedaHealthSystem,0.24,6.78,ROUTE_SutterEdenMedicalCenter,0.24,12.671666666666665,ROUTE_KaiserFoundationHospitalSanLeandro,0.24,6.796666666666667
37.78833333330651,-122.44999999995534,232.1559046570235,LVO,ROUTE_KaiserFoundationHospitalSanFrancisco,0.24466880000000002,3.2483333333333335,ROUTE_KaiserFoundationHospitalSanFrancisco,0.24466880000000002,3.2483333333333335,ROUTE_CPMCDaviesCampusSutter,0.24466880000000002,8.203333333333333,ROUTE_KaiserFoundationHospitalSanFrancisco,0.24466880000000002,3.2483333333333335
37.9424999999733,-122.34972222217749,253.652789445036,NLVO,ROUTE_KaiserFoundationHospitalRichmondCampus,0.4622,4.136666666666667,ROUTE_KaiserFoundationHospitalRichmondCampus,0.4622,4.136666666666667,ROUTE_CPMCDaviesCampusSutter,0.4622,34.60166666666667,ROUTE_KaiserFoundationHospitalRichmondCampus,0.4622,4.136666666666667
37.783055555528726,-122.19111111106625,209.71968151415498,HEMORRHAGIC,ROUTE_HighlandHospitalWilmaChanCampus,0.24,6.845,ROUTE_HighlandHospitalWilmaChanCampus,0.24,6.845,ROUTE_SutterEdenMedicalCenter,0.24,17.791666666666668,ROUTE_HighlandHospitalWilmaChanCampus,0.24,6.845
38.006666666640015,-122.24805555551073,169.5828655251914,HEMORRHAGIC,ROUTE_JohnMuirMedicalCenterWalnutCreekCampus,0.24,32.666666666666664,ROUTE_ContraCostaRegionalMedicalCenter,0.24,19.62,ROUTE_JohnMuirMedicalCenterWalnutCreekCampus,0.24,32.666666666666664,ROUTE_KaiserFoundationHospitalRichmondCampus,0.24,23.279999999999998
37.763611111084266,-122.46777777773313,257.7942353316661,MIMIC,ROUTE_UCSFMedicalCenter,0.9,2.7616666666666663,ROUTE_UCSFMedicalCenter,0.9,2.7616666666666663,ROUTE_UCSFMedicalCenter,0.9,2.7616666666666663,ROUTE_UCSFMedicalCenter,0.9,2.7616666666666663
37.693888888861984,-122.15916666662177,186.59390897017266,HEMORRHAGIC,ROUTE_SutterEdenMedicalCenter,0.24,11.421666666666665,ROUTE_KaiserFoundationHospitalSanLeandro,0.24,4.4366666666666665,ROUTE_SutterEdenMedicalCenter,0.24,11.421666666666665,ROUTE_KaiserFoundationHospitalSanLeandro,0.24,4.4366666666666665
37.58249999997301,-122.36833333328862,74.88793966186398,HEMORRHAGIC,ROUTE_MillsPeninsulaMedicalCenterSutter,0.24,4.753333333333333,ROUTE_MillsPeninsulaMedicalCenterSutter,0.24,4.753333333333333,ROUTE_MillsPeninsulaMedicalCenterSutter,0.24,4.753333333333333,ROUTE_MillsPeninsulaMedicalCenterSutter,0.24,4.753333333333333
37.4866666666396,-121.92638888884382,241.23532778844202,LVO,ROUTE_KaiserFoundationHospitalFremont,0.24466880000000002,15.57,ROUTE_KaiserFoundationHospitalFremont,0.24466880000000002,15.57,ROUTE_RegionalMedicalCenterOfSanJose,0.24466880000000002,16.191666666666666,ROUTE_KaiserFoundationHospitalFremont,0.24466880000000002,15.57
38.10472222219565,-122.64305555551105,136.81968033508952,HEMORRHAGIC,ROUTE_UCSFMedicalCenter,0.24,69.33999999999999,ROUTE_NovatoCommunityHospitalSutter,0.24,28.09333333333333,ROUTE_UCSFMedicalCenter,0.24,69.33999999999999,ROUTE_NovatoCommunityHospitalSutter,0.24,28.09333333333333
37.760833333306486,-122.49305555551094,145.87696393246736,NLVO,ROUTE_UCSFMedicalCenter,0.5337777147545522,6.9783333333333335,ROUTE_UCSFMedicalCenter,0.5337777147545522,6.9783333333333335,ROUTE_UCSFMedicalCenter,0.5337777147545522,6.9783333333333335,ROUTE_UCSFMedicalCenter,0.5337777147545522,6.9783333333333335
37.72361111108423,-122.17249999995512,180.9504408781248,LVO,ROUTE_SutterEdenMedicalCenter,0.2614079416147542,13.426666666666668,ROUTE_KaiserFoundationHospitalSanLeandro,0.2628168790895334,7.55,ROUTE_SutterEdenMedicalCenter,0.2614079416147542,13.426666666666668,ROUTE_KaiserFoundationHospitalSanLeandro,0.2628168790895334,7.55
37.725833333306454,-122.47888888884425,79.88849671526381,LVO,ROUTE_UCSFMedicalCenter,0.43354695821043776,11.686666666666667,ROUTE_AHMCSetonMedicalCenter,0.29112690006155545,9.33,ROUTE_UCSFMedicalCenter,0.43354695821043776,11.686666666666667,ROUTE_AHMCSetonMedicalCenter,0.29112690006155545,9.33
38.08749999997341,-122.51944444439984,74.48102373949243,MIMIC,ROUTE_UCSFMedicalCenter,0.9,52.68666666666666,ROUTE_NovatoCommunityHospitalSutter,0.9,14.479999999999999,ROUTE_UCSFMedicalCenter,0.9,52.68666666666666,ROUTE_NovatoCommunityHospitalSutter,0.9,14.479999999999999
37.641111111084165,-122.05749999995503,262.05545706982116,MIMIC,ROUTE_StRoseHospital,0.9,10.205,ROUTE_StRoseHospital,0.9,10.205,ROUTE_SutterEdenMedicalCenter,0.9,17.555,ROUTE_SutterEdenMedicalCenter,0.9,17.555
38.338055555529166,-122.30833333328856,159.74525641228408,LVO,ROUTE_ProvidenceQueenOfTheValleyMedicalCenter,0.26916726595174845,5.111666666666666,ROUTE_ProvidenceQueenOfTheValleyMedicalCenter,0.26916726595174845,5.111666666666666,ROUTE_JohnMuirMedicalCenterWalnutCreekCampus,0.2578108016444706,52.18,ROUTE_ProvidenceQueenOfTheValleyMedicalCenter,0.26916726595174845,5.111666666666666
37.95916666663998,-121.73638888884366,97.3814500502585,LVO,ROUTE_JohnMuirMedicalCenterWalnutCreekCampus,0.4189213166468816,34.184999999999995,ROUTE_KaiserFoundationHospitalAntioch,0.28579680861424495,9.71,ROUTE_JohnMuirMedicalCenterWalnutCreekCampus,0.4189213166468816,34.184999999999995,ROUTE_KaiserFoundationHospitalAntioch,0.28579680861424495,9.71
37.765555555528714,-122.43611111106644,138.92424346545423,HEMORRHAGIC,ROUTE_CPMCDaviesCampusSutter,0.24,1.99,ROUTE_CPMCDaviesCampusSutter,0.24,1.99,ROUTE_CPMCDaviesCampusSutter,0.24,1.99,ROUTE_CPMCDaviesCampusSutter,0.24,1.99
37.69416666663977,-121.78555555551037,91.80755687969986,MIMIC,ROUTE_SutterEdenMedicalCenter,0.9,24.35666666666667,ROUTE_StanfordHealthCareTriValley,0.9,12.958333333333334,ROUTE_SutterEdenMedicalCenter,0.9,24.35666666666667,ROUTE_StanfordHealthCareTriValley,0.9,12.958333333333334
37.741111111084244,-122.42611111106643,108.41724169159293,LVO,ROUTE_CPMCDaviesCampusSutter,0.4235685426247856,8.5,ROUTE_CPMCMissionBernalCampusSutter,0.28444863806386467,2.5266666666666664,ROUTE_CPMCDaviesCampusSutter,0.4235685426247856,8.5,ROUTE_CPMCMissionBernalCampusSutter,0.28444863806386467,2.5266666666666664
37.96749999997332,-121.74527777773255,139.6234234901404,LVO,ROUTE_JohnMuirMedicalCenterWalnutCreekCampus,0.40208211944206407,36.723333333333336,ROUTE_KaiserFoundationHospitalAntioch,0.2737069381126902,9.345,ROUTE_JohnMuirMedicalCenterWalnutCreekCampus,0.40208211944206407,36.723333333333336,ROUTE_KaiserFoundationHospitalAntioch,0.2737069381126902,9.345
37.700833333306434,-122.45638888884423,217.32572216533464,HEMORRHAGIC,ROUTE_CPMCMissionBernalCampusSutter,0.24,8.536666666666667,ROUTE_CPMCMissionBernalCampusSutter,0.24,8.536666666666667,ROUTE_CPMCDaviesCampusSutter,0.24,14.806666666666667,ROUTE_CPMCMissionBernalCampusSutter,0.24,8.536666666666667
38.26583333330689,-122.02222222217722,167.20131487207306,LVO,ROUTE_NorthBayMedicalCenter,0.2667411312970021,6.668333333333334,ROUTE_NorthBayMedicalCenter,0.2667411312970021,6.668333333333334,ROUTE_JohnMuirMedicalCenterWalnutCreekCampus,0.25776204062823027,44.10333333333333,ROUTE_NorthBayMedicalCenter,0.2667411312970021,6.668333333333334
37.790555555528734,-121.96388888884384,41.77554098018652,LVO,ROUTE_JohnMuirMedicalCenterWalnutCreekCampus,0.4447955013123657,22.366666666666667,ROUTE_SanRamonRegionalMedicalCenter,0.43382006804400675,6.703333333333333,ROUTE_JohnMuirMedicalCenterWalnutCreekCampus,0.4447955013123657,22.366666666666667,ROUTE_SanRamonRegionalMedicalCenter,0.43382006804400675,6.703333333333333
37.66111111108418,-121.77527777773258,165.2704258165424,LVO,ROUTE_SutterEdenMedicalCenter,0.2613384047437354,31.14,ROUTE_StanfordHealthCareTriValley,0.26407870891391444,19.743333333333332,ROUTE_SutterEdenMedicalCenter,0.2613384047437354,31.14,ROUTE_StanfordHealthCareTriValley,0.26407870891391444,19.743333333333332
37.57472222219523,-122.05166666662168,230.00614841219343,LVO,ROUTE_StRoseHospital,0.24466880000000002,11.08,ROUTE_StRoseHospital,0.24466880000000002,11.08,ROUTE_SutterEdenMedicalCenter,0.24466880000000002,20.241666666666667,ROUTE_WashingtonHospitalHealthcareSystem,0.24466880000000002,16.548333333333332
37.926111111084396,-122.3419444443997,64.14805126220368,LVO,ROUTE_CPMCDaviesCampusSutter,0.4327094927559204,31.553333333333335,ROUTE_KaiserFoundationHospitalRichmondCampus,0.29661018772391007,6.85,ROUTE_CPMCDaviesCampusSutter,0.4327094927559204,31.553333333333335,ROUTE_KaiserFoundationHospitalRichmondCampus,0.29661018772391007,6.85
37.421666666639545,-122.15916666662177,139.92391810282584,LVO,ROUTE_StanfordHealthCare,0.4122390270696986,6.386666666666667,ROUTE_StanfordHealthCare,0.4122390270696986,6.386666666666667,ROUTE_StanfordHealthCare,0.4122390270696986,6.386666666666667,ROUTE_StanfordHealthCare,0.4122390270696986,6.386666666666667
37.685555555528644,-121.8822222221771,148.05445497241163,HEMORRHAGIC,ROUTE_SutterEdenMedicalCenter,0.24,23.263333333333332,ROUTE_StanfordHealthCareTriValley,0.24,5.441666666666666,ROUTE_SutterEdenMedicalCenter,0.24,23.263333333333332,ROUTE_StanfordHealthCareTriValley,0.24,5.441666666666666
37.98277777775111,-122.00277777773276,265.7504303111002,LVO,ROUTE_JohnMuirMedicalCenterConcordCampus,0.24466880000000002,8.151666666666667,ROUTE_JohnMuirMedicalCenterConcordCampus,0.24466880000000002,8.151666666666667,ROUTE_JohnMuirMedicalCenterWalnutCreekCampus,0.24466880000000002,18.31833333333333,ROUTE_JohnMuirMedicalCenterConcordCampus,0.24466880000000002,8.151666666666667
38.43583333330702,-121.82722222217707,246.11931137176137,LVO,ROUTE_KaiserFoundationHospitalVacaville,0.24466880000000002,16.598333333333333,ROUTE_KaiserFoundationHospitalVacaville,0.24466880000000002,16.598333333333333,ROUTE_JohnMuirMedicalCenterWalnutCreekCampus,0.24466880000000002,63.52833333333333,ROUTE_KaiserFoundationHospitalVacaville,0.24466880000000002,16.598333333333333
37.77999999997317,-121.89666666662157,67.4662886485806,LVO,ROUTE_SutterEdenMedicalCenter,0.4322477504361759,29.178333333333335,ROUTE_SanRamonRegionalMedicalCenter,0.2939769957608104,12.701666666666666,ROUTE_SutterEdenMedicalCenter,0.4322477504361759,29.178333333333335,ROUTE_SanRamonRegionalMedicalCenter,0.2939769957608104,12.701666666666666
37.50111111108406,-122.27777777773298,175.05694496583843,LVO,ROUTE_KaiserFoundationHospitalRedwoodCity,0.2627254778434243,14.478333333333333,ROUTE_SequoiaHospital,0.2641043901784177,8.763333333333332,ROUTE_KaiserFoundationHospitalRedwoodCity,0.2627254778434243,14.478333333333333,ROUTE_SequoiaHospital,0.2641043901784177,8.763333333333332
38.266388888862444,-122.034999999955,95.31090388474288,HEMORRHAGIC,ROUTE_JohnMuirMedicalCenterWalnutCreekCampus,0.24,43.211666666666666,ROUTE_NorthBayMedicalCenter,0.24,5.16,ROUTE_JohnMuirMedicalCenterWalnutCreekCampus,0.24,43.211666666666666,ROUTE_NorthBayMedicalCenter,0.24,5.16
37.927499999973286,-121.75416666662146,164.99025796928728,HEMORRHAGIC,ROUTE_JohnMuirMedicalCenterWalnutCreekCampus,0.24,38.894999999999996,ROUTE_KaiserFoundationHospitalAntioch,0.24,9.315,ROUTE_JohnMuirMedicalCenterWalnutCreekCampus,0.24,38.894999999999996,ROUTE_KaiserFoundationHospitalAntioch,0.24,9.315
37.576666666639674,-122.31083333328857,192.96412935869822,HEMORRHAGIC,ROUTE_MillsPeninsulaMedicalCenterSutter,0.24,11.520000000000001,ROUTE_MillsPeninsulaMedicalCenterSutter,0.24,11.520000000000001,ROUTE_MillsPeninsulaMedicalCenterSutter,0.24,11.520000000000001,ROUTE_MillsPeninsulaMedicalCenterSutter,0.24,11.520000000000001
37.98388888886222,-122.33499999995526,253.47295326878822,HEMORRHAGIC,ROUTE_KaiserFoundationHospitalRichmondCampus,0.24,11.303333333333335,ROUTE_KaiserFoundationHospitalRichmondCampus,0.24,11.303333333333335,ROUTE_JohnMuirMedicalCenterWalnutCreekCampus,0.24,34.733333333333334,ROUTE_KaiserFoundationHospitalRichmondCampus,0.24,11.303333333333335
37.960833333306645,-121.98111111106608,115.29756242780545,LVO,ROUTE_JohnMuirMedicalCenterWalnutCreekCampus,0.4193048999674803,13.166666666666666,ROUTE_JohnMuirMedicalCenterConcordCampus,0.2805696747858456,9.65,ROUTE_JohnMuirMedicalCenterWalnutCreekCampus,0.4193048999674803,13.166666666666666,ROUTE_JohnMuirMedicalCenterConcordCampus,0.2805696747858456,9.65
37.994166666640005,-121.8091666666215,243.44983231673535,LVO,ROUTE_SutterDeltaMedicalCenter,0.24466880000000002,3.765,ROUTE_SutterDeltaMedicalCenter,0.24466880000000002,3.765,ROUTE_JohnMuirMedicalCenterWalnutCreekCampus,0.24466880000000002,28.748333333333335,ROUTE_KaiserFoundationHospitalAntioch,0.24466880000000002,10.233333333333333
37.38388888886174,-122.02277777773278,189.44339559844494,MIMIC,ROUTE_KaiserFoundationHospitalSantaClara,0.9,11.911666666666667,ROUTE_KaiserFoundationHospitalSantaClara,0.9,11.911666666666667,ROUTE_KaiserFoundationHospitalSantaClara,0.9,11.911666666666667,ROUTE_KaiserFoundationHospitalSantaClara,0.9,11.911666666666667
37.45527777775069,-122.26722222217742,152.07455166922045,LVO,ROUTE_KaiserFoundationHospitalRedwoodCity,0.40475457397757836,14.945,ROUTE_SequoiaHospital,0.27006856935427337,10.006666666666666,ROUTE_KaiserFoundationHospitalRedwoodCity,0.40475457397757836,14.945,ROUTE_SequoiaHospital,0.27006856935427337,10.006666666666666
37.542499999972975,-122.30805555551079,57.506742099035634,HEMORRHAGIC,ROUTE_KaiserFoundationHospitalRedwoodCity,0.24,15.74,ROUTE_SanMateoMedicalCenter,0.24,5.943333333333333,ROUTE_KaiserFoundationHospitalRedwoodCity,0.24,15.74,ROUTE_KaiserFoundationHospitalRedwoodCity,0.24,15.74
37.736388888862024,-122.42111111106644,60.252380025630565,HEMORRHAGIC,ROUTE_CPMCDaviesCampusSutter,0.24,10.51,ROUTE_CPMCMissionBernalCampusSutter,0.24,4.218333333333333,ROUTE_CPMCDaviesCampusSutter,0.24,10.51,ROUTE_CPMCMissionBernalCampusSutter,0.24,4.218333333333333
37.82305555552876,-122.22999999995517,79.34093718291948,LVO,ROUTE_SutterEdenMedicalCenter,0.429912798396681,22.631666666666668,ROUTE_KaiserFoundationHospitalOaklandRichmond,0.2917668038177024,7.586666666666667,ROUTE_SutterEdenMedicalCenter,0.429912798396681,22.631666666666668,ROUTE_KaiserFoundationHospitalOaklandRichmond,0.2917668038177024,7.586666666666667
37.92111111108439,-122.03777777773279,146.48170892769704,HEMORRHAGIC,ROUTE_JohnMuirMedicalCenterWalnutCreekCampus,0.24,2.515,ROUTE_JohnMuirMedicalCenterWalnutCreekCampus,0.24,2.515,ROUTE_JohnMuirMedicalCenterWalnutCreekCampus,0.24,2.515,ROUTE_JohnMuirMedicalCenterWalnutCreekCampus,0.24,2.515
38.03222222219559,-121.95805555551051,128.22675887546683,NLVO,ROUTE_JohnMuirMedicalCenterWalnutCreekCampus,0.5364665303742961,20.83833333333333,ROUTE_JohnMuirMedicalCenterConcordCampus,0.5410233087792923,11.078333333333335,ROUTE_JohnMuirMedicalCenterWalnutCreekCampus,0.5364665303742961,20.83833333333333,ROUTE_JohnMuirMedicalCenterConcordCampus,0.5410233087792923,11.078333333333335
37.61361111108415,-122.43388888884422,101.27158328854307,HEMORRHAGIC,ROUTE_MillsPeninsulaMedicalCenterSutter,0.24,11.451666666666666,ROUTE_KaiserFoundationHospitalSouthSanFrancisco,0.24,11.325,ROUTE_MillsPeninsulaMedicalCenterSutter,0.24,11.451666666666666,ROUTE_KaiserFoundationHospitalSouthSanFrancisco,0.24,11.325
38.03194444441781,-122.54249999995541,196.2870013342415,LVO,ROUTE_KaiserFoundationHospitalSanRafael,0.25796918043387407,10.903333333333334,ROUTE_KaiserFoundationHospitalSanRafael,0.25796918043387407,10.903333333333334,ROUTE_UCSFMedicalCenter,0.24466880000000002,43.388333333333335,ROUTE_KaiserFoundationHospitalSanRafael,0.25796918043387407,10.903333333333334
37.364722222195056,-122.0263888888439,162.16949625698462,HEMORRHAGIC,ROUTE_KaiserFoundationHospitalSantaClara,0.24,10.948333333333332,ROUTE_KaiserFoundationHospitalSantaClara,0.24,10.948333333333332,ROUTE_KaiserFoundationHospitalSantaClara,0.24,10.948333333333332,ROUTE_KaiserFoundationHospitalSantaClara,0.24,10.948333333333332
37.98749999997333,-121.8558333332882,137.5274533506206,HEMORRHAGIC,ROUTE_JohnMuirMedicalCenterWalnutCreekCampus,0.24,30.759999999999998,ROUTE_SutterDeltaMedicalCenter,0.24,9.483333333333333,ROUTE_JohnMuirMedicalCenterWalnutCreekCampus,0.24,30.759999999999998,ROUTE_KaiserFoundationHospitalAntioch,0.24,15.171666666666665
37.94027777775107,-121.72722222217699,224.15440859642456,HEMORRHAGIC,ROUTE_KaiserFoundationHospitalAntioch,0.24,11.306666666666667,ROUTE_KaiserFoundationHospitalAntioch,0.24,11.306666666666667,ROUTE_JohnMuirMedicalCenterWalnutCreekCampus,0.24,37.525,ROUTE_KaiserFoundationHospitalAntioch,0.24,11.306666666666667
37.764166666639824,-121.888611111066,156.3774027127942,LVO,ROUTE_SutterEdenMedicalCenter,0.39943355875690334,26.016666666666666,ROUTE_SanRamonRegionalMedicalCenter,0.26821373774152396,12.708333333333334,ROUTE_SutterEdenMedicalCenter,0.39943355875690334,26.016666666666666,ROUTE_SanRamonRegionalMedicalCenter,0.26821373774152396,12.708333333333334
37.963611111084425,-122.50222222217761,100.45251949019075,NLVO,ROUTE_UCSFMedicalCenter,0.5431707500181153,37.333333333333336,ROUTE_MarinHealthMedicalCenter,0.5558809612160612,10.0,ROUTE_UCSFMedicalCenter,0.5431707500181153,37.333333333333336,ROUTE_MarinHealthMedicalCenter,0.5558809612160612,10.0
37.75833333330648,-122.23638888884406,39.74399875260684,LVO,ROUTE_SutterEdenMedicalCenter,0.4469185251151003,18.7,ROUTE_AlamedaHospital,0.4355176128878554,3.9683333333333333,ROUTE_SutterEdenMedicalCenter,0.4469185251151003,18.7,ROUTE_AlamedaHospital,0.4355176128878554,3.9683333333333333
37.77777777775094,-122.45361111106645,171.67911591056347,LVO,ROUTE_UCSFMedicalCenter,0.40073019446580416,5.138333333333334,ROUTE_UCSFHealthStanyanHospital,0.2666160644835469,2.203333333333333,ROUTE_UCSFMedicalCenter,0.40073019446580416,5.138333333333334,ROUTE_UCSFHealthStanyanHospital,0.2666160644835469,2.203333333333333
37.78388888886206,-122.46555555551092,250.89869612498393,LVO,ROUTE_KaiserFoundationHospitalSanFrancisco,0.24466880000000002,5.46,ROUTE_KaiserFoundationHospitalSanFrancisco,0.24466880000000002,5.46,ROUTE_UCSFMedicalCenter,0.24466880000000002,9.521666666666667,ROUTE_KaiserFoundationHospitalSanFrancisco,0.24466880000000002,5.46
37.713888888862,-122.04472222217724,138.94735517993934,HEMORRHAGIC,ROUTE_SutterEdenMedicalCenter,0.24,13.926666666666668,ROUTE_SutterEdenMedicalCenter,0.24,13.926666666666668,ROUTE_SutterEdenMedicalCenter,0.24,13.926666666666668,ROUTE_SutterEdenMedicalCenter,0.24,13.926666666666668
37.99222222219556,-122.53166666662207,70.60147440552043,HEMORRHAGIC,ROUTE_UCSFMedicalCenter,0.24,39.848333333333336,ROUTE_KaiserFoundationHospitalSanRafael,0.24,10.561666666666667,ROUTE_UCSFMedicalCenter,0.24,39.848333333333336,ROUTE_KaiserFoundationHospitalSanRafael,0.24,10.561666666666667
37.76888888886205,-122.4455555555109,36.50873972806838,LVO,ROUTE_UCSFMedicalCenter,0.45377087145364525,3.283333333333333,ROUTE_UCSFMedicalCenter,0.45377087145364525,3.283333333333333,ROUTE_UCSFMedicalCenter,0.45377087145364525,3.283333333333333,ROUTE_UCSFMedicalCenter,0.45377087145364525,3.283333333333333
38.028888888862255,-121.96999999995496,118.1644393904239,HEMORRHAGIC,ROUTE_JohnMuirMedicalCenterWalnutCreekCampus,0.24,22.363333333333333,ROUTE_JohnMuirMedicalCenterConcordCampus,0.24,12.603333333333333,ROUTE_JohnMuirMedicalCenterWalnutCreekCampus,0.24,22.363333333333333,ROUTE_JohnMuirMedicalCenterConcordCampus,0.24,12.603333333333333
37.77916666663983,-122.27777777773298,115.27268755410005,LVO,ROUTE_SutterEdenMedicalCenter,0.4152047461447592,25.11,ROUTE_AlamedaHospital,0.2811068742570719,7.618333333333334,ROUTE_SutterEdenMedicalCenter,0.4152047461447592,25.11,ROUTE_AlamedaHospital,0.2811068742570719,7.618333333333334
37.99111111108445,-122.32194444439969,92.97287708221717,HEMORRHAGIC,ROUTE_JohnMuirMedicalCenterWalnutCreekCampus,0.24,33.73166666666667,ROUTE_KaiserFoundationHospitalRichmondCampus,0.24,11.97,ROUTE_JohnMuirMedicalCenterWalnutCreekCampus,0.24,33.73166666666667,ROUTE_KaiserFoundationHospitalRichmondCampus,0.24,11.97
37.708888888862,-122.42722222217755,138.79096584702114,NLVO,ROUTE_CPMCDaviesCampusSutter,0.5321494735700252,18.331666666666667,ROUTE_CPMCMissionBernalCampusSutter,0.5350824047431527,12.061666666666667,ROUTE_CPMCDaviesCampusSutter,0.5321494735700252,18.331666666666667,ROUTE_CPMCMissionBernalCampusSutter,0.5350824047431527,12.061666666666667
38.33111111108472,-122.29444444439966,95.47281647132826,HEMORRHAGIC,ROUTE_JohnMuirMedicalCenterWalnutCreekCampus,0.24,55.72,ROUTE_ProvidenceQueenOfTheValleyMedicalCenter,0.24,6.444999999999999,ROUTE_JohnMuirMedicalCenterWalnutCreekCampus,0.24,55.72,ROUTE_ProvidenceQueenOfTheValleyMedicalCenter,0.24,6.444999999999999
37.83749999997321,-122.20138888884404,85.2008431525166,MIMIC,ROUTE_SutterEdenMedicalCenter,0.9,21.808333333333334,ROUTE_HighlandHospitalWilmaChanCampus,0.9,11.596666666666666,ROUTE_SutterEdenMedicalCenter,0.9,21.808333333333334,ROUTE_HighlandHospitalWilmaChanCampus,0.9,11.596666666666666
37.66027777775085,-122.41583333328865,85.36217358009168,LVO,ROUTE_MillsPeninsulaMedicalCenterSutter,0.4305951003259313,13.996666666666666,ROUTE_KaiserFoundationHospitalSouthSanFrancisco,0.2899171219815152,7.71,ROUTE_MillsPeninsulaMedicalCenterSutter,0.4305951003259313,13.996666666666666,ROUTE_KaiserFoundationHospitalSouthSanFrancisco,0.2899171219815152,7.71
37.7644444444176,-122.42388888884422,242.4317082723795,LVO,ROUTE_CPMCMissionBernalCampusSutter,0.24466880000000002,4.24,ROUTE_CPMCMissionBernalCampusSutter,0.24466880000000002,4.24,ROUTE_CPMCDaviesCampusSutter,0.24466880000000002,4.35,ROUTE_CPMCMissionBernalCampusSutter,0.24466880000000002,4.24
37.574999999973,-122.04333333328834,116.65504514565576,HEMORRHAGIC,ROUTE_SutterEdenMedicalCenter,0.24,18.673333333333336,ROUTE_StRoseHospital,0.24,9.511666666666667,ROUTE_SutterEdenMedicalCenter,0.24,18.673333333333336,ROUTE_WashingtonHospitalHealthcareSystem,0.24,14.743333333333334
38.31888888886249,-122.31249999995524,157.20833378890242,HEMORRHAGIC,ROUTE_JohnMuirMedicalCenterWalnutCreekCampus,0.24,49.79833333333333,ROUTE_ProvidenceQueenOfTheValleyMedicalCenter,0.24,4.5,ROUTE_JohnMuirMedicalCenterWalnutCreekCampus,0.24,49.79833333333333,ROUTE_ProvidenceQueenOfTheValleyMedicalCenter,0.24,4.5
37.652222222195284,-122.02027777773277,230.07776096032657,LVO,ROUTE_StRoseHospital,0.24466880000000002,18.096666666666668,ROUTE_StRoseHospital,0.24466880000000002,18.096666666666668,ROUTE_SutterEdenMedicalCenter,0.24466880000000002,19.438333333333333,ROUTE_SutterEdenMedicalCenter,0.24466880000000002,19.438333333333333
38.00416666664001,-121.82583333328817,47.17043694009188,NLVO,ROUTE_JohnMuirMedicalCenterWalnutCreekCampus,0.575118652465917,27.581666666666667,ROUTE_SutterDeltaMedicalCenter,0.5173515802607321,8.418333333333333,ROUTE_JohnMuirMedicalCenterWalnutCreekCampus,0.575118652465917,27.581666666666667,ROUTE_KaiserFoundationHospitalAntioch,0.5814961077020152,13.716666666666667
37.59361111108413,-122.50305555551094,52.59199858116406,HEMORRHAGIC,ROUTE_MillsPeninsulaMedicalCenterSutter,0.24,24.85666666666667,ROUTE_AHMCSetonMedicalCenter,0.24,17.19333333333333,ROUTE_MillsPeninsulaMedicalCenterSutter,0.24,24.85666666666667,ROUTE_AHMCSetonMedicalCenter,0.24,17.19333333333333
37.711388888862004,-122.45888888884424,43.9007280333886,MIMIC,ROUTE_CPMCDaviesCampusSutter,0.9,13.416666666666666,ROUTE_CPMCMissionBernalCampusSutter,0.9,7.1466666666666665,ROUTE_CPMCDaviesCampusSutter,0.9,13.416666666666666,ROUTE_CPMCMissionBernalCampusSutter,0.9,7.1466666666666665
37.62333333330638,-122.03749999995502,242.24556561727363,HEMORRHAGIC,ROUTE_StRoseHospital,0.24,12.466666666666667,ROUTE_StRoseHospital,0.24,12.466666666666667,ROUTE_SutterEdenMedicalCenter,0.24,21.92,ROUTE_WashingtonHospitalHealthcareSystem,0.24,19.598333333333336
37.707777777750884,-122.12916666662176,53.045891077233414,LVO,ROUTE_SutterEdenMedicalCenter,0.44520266626969224,8.706666666666667,ROUTE_SanLeandroHospitalAlamedaHealthSystem,0.4013807849226311,3.033333333333333,ROUTE_SutterEdenMedicalCenter,0.44520266626969224,8.706666666666667,ROUTE_SutterEdenMedicalCenter,0.44520266626969224,8.706666666666667
37.95027777775108,-122.3419444443997,176.59176239405787,LVO,ROUTE_KaiserFoundationHospitalRichmondCampus,0.2643570345726407,6.015,ROUTE_KaiserFoundationHospitalRichmondCampus,0.2643570345726407,6.015,ROUTE_CPMCDaviesCampusSutter,0.2575915400226856,34.39666666666667,ROUTE_KaiserFoundationHospitalRichmondCampus,0.2643570345726407,6.015
37.96472222219554,-122.03249999995501,65.8346770106489,HEMORRHAGIC,ROUTE_JohnMuirMedicalCenterWalnutCreekCampus,0.24,10.426666666666668,ROUTE_JohnMuirMedicalCenterConcordCampus,0.24,5.233333333333333,ROUTE_JohnMuirMedicalCenterWalnutCreekCampus,0.24,10.426666666666668,ROUTE_JohnMuirMedicalCenterConcordCampus,0.24,5.233333333333333
38.15888888886236,-121.69083333328807,77.70696117563959,LVO,ROUTE_JohnMuirMedicalCenterWalnutCreekCampus,0.42132590532970227,49.08833333333334,ROUTE_SutterDeltaMedicalCenter,0.24466880000000002,27.53166666666667,ROUTE_JohnMuirMedicalCenterWalnutCreekCampus,0.42132590532970227,49.08833333333334,ROUTE_KaiserFoundationHospitalAntioch,0.28616543172101216,30.186666666666667
37.9499999999733,-122.02027777773277,159.5037312948208,HEMORRHAGIC,ROUTE_JohnMuirMedicalCenterWalnutCreekCampus,0.24,8.421666666666667,ROUTE_JohnMuirMedicalCenterWalnutCreekCampus,0.24,8.421666666666667,ROUTE_JohnMuirMedicalCenterWalnutCreekCampus,0.24,8.421666666666667,ROUTE_JohnMuirMedicalCenterWalnutCreekCampus,0.24,8.421666666666667
38.11722222219566,-122.2144444443996,125.22286837634152,MIMIC,ROUTE_JohnMuirMedicalCenterWalnutCreekCampus,0.9,30.60666666666667,ROUTE_SutterSolanoMedicalCenter,0.9,7.175,ROUTE_JohnMuirMedicalCenterWalnutCreekCampus,0.9,30.60666666666667,ROUTE_SutterSolanoMedicalCenter,0.9,7.175
37.67555555552864,-122.07527777773282,116.29840803145211,LVO,ROUTE_SutterEdenMedicalCenter,0.4199010733853622,10.328333333333335,ROUTE_SutterEdenMedicalCenter,0.4199010733853622,10.328333333333335,ROUTE_SutterEdenMedicalCenter,0.4199010733853622,10.328333333333335,ROUTE_SutterEdenMedicalCenter,0.4199010733853622,10.328333333333335
38.13222222219567,-122.26194444439963,51.942451571410714,HEMORRHAGIC,ROUTE_JohnMuirMedicalCenterWalnutCreekCampus,0.24,34.736666666666665,ROUTE_KaiserFoundationHospitalVallejo,0.24,4.756666666666666,ROUTE_JohnMuirMedicalCenterWalnutCreekCampus,0.24,34.736666666666665,ROUTE_KaiserFoundationHospitalVallejo,0.24,4.756666666666666
37.80055555552874,-122.40777777773309,135.50053937140447,HEMORRHAGIC,ROUTE_CPMCDaviesCampusSutter,0.24,12.443333333333333,ROUTE_ChineseHospital,0.24,2.783333333333333,ROUTE_CPMCDaviesCampusSutter,0.24,12.443333333333333,ROUTE_ChineseHospital,0.24,2.783333333333333
37.68249999997309,-121.87694444439933,154.21489064505215,MIMIC,ROUTE_SutterEdenMedicalCenter,0.9,22.33833333333333,ROUTE_StanfordHealthCareTriValley,0.9,4.516666666666667,ROUTE_SutterEdenMedicalCenter,0.9,22.33833333333333,ROUTE_StanfordHealthCareTriValley,0.9,4.516666666666667
37.554999999972985,-122.35388888884415,80.23640786112517,LVO,ROUTE_MillsPeninsulaMedicalCenterSutter,0.43378731115347097,10.618333333333334,ROUTE_MillsPeninsulaMedicalCenterSutter,0.43378731115347097,10.618333333333334,ROUTE_MillsPeninsulaMedicalCenterSutter,0.43378731115347097,10.618333333333334,ROUTE_MillsPeninsulaMedicalCenterSutter,0.43378731115347097,10.618333333333334
37.90416666663993,-122.31472222217745,94.27485713540025,LVO,ROUTE_CPMCDaviesCampusSutter,0.4219111913309123,28.990000000000002,ROUTE_KaiserFoundationHospitalRichmondCampus,0.2864587067690048,10.678333333333335,ROUTE_CPMCDaviesCampusSutter,0.4219111913309123,28.990000000000002,ROUTE_KaiserFoundationHospitalRichmondCampus,0.2864587067690048,10.678333333333335
37.924722222195506,-122.05138888884392,162.96088389231568,LVO,ROUTE_JohnMuirMedicalCenterWalnutCreekCampus,0.404162231756701,4.6066666666666665,ROUTE_JohnMuirMedicalCenterWalnutCreekCampus,0.404162231756701,4.6066666666666665,ROUTE_JohnMuirMedicalCenterWalnutCreekCampus,0.404162231756701,4.6066666666666665,ROUTE_JohnMuirMedicalCenterWalnutCreekCampus,0.404162231756701,4.6066666666666665
37.74638888886203,-122.41999999995532,75.63341929590516,HEMORRHAGIC,ROUTE_CPMCDaviesCampusSutter,0.24,8.238333333333333,ROUTE_CPMCMissionBernalCampusSutter,0.24,1.035,ROUTE_CPMCDaviesCampusSutter,0.24,8.238333333333333,ROUTE_CPMCMissionBernalCampusSutter,0.24,1.035
37.53611111108408,-122.24277777773295,267.38254813676076,HEMORRHAGIC,ROUTE_SanMateoMedicalCenter,0.24,15.821666666666665,ROUTE_SanMateoMedicalCenter,0.24,15.821666666666665,ROUTE_KaiserFoundationHospitalRedwoodCity,0.24,16.131666666666668,ROUTE_KaiserFoundationHospitalRedwoodCity,0.24,16.131666666666668
37.40944444441732,-121.90527777773269,64.58784719148936,HEMORRHAGIC,ROUTE_RegionalMedicalCenterOfSanJose,0.24,13.205,ROUTE_RegionalMedicalCenterOfSanJose,0.24,13.205,ROUTE_RegionalMedicalCenterOfSanJose,0.24,13.205,ROUTE_RegionalMedicalCenterOfSanJose,0.24,13.205
37.4677777777507,-122.22722222217739,61.61738583119914,LVO,ROUTE_KaiserFoundationHospitalRedwoodCity,0.4416556167615139,9.111666666666668,ROUTE_SequoiaHospital,0.4267070654038807,9.1,ROUTE_KaiserFoundationHospitalRedwoodCity,0.4416556167615139,9.111666666666668,ROUTE_SequoiaHospital,0.4267070654038807,9.1
37.80194444441763,-122.1791666666218,51.5563296488981,NLVO,ROUTE_SutterEdenMedicalCenter,0.5760695279688829,20.64333333333333,ROUTE_HighlandHospitalWilmaChanCampus,0.5794992771487983,13.188333333333333,ROUTE_SutterEdenMedicalCenter,0.5760695279688829,20.64333333333333,ROUTE_HighlandHospitalWilmaChanCampus,0.5794992771487983,13.188333333333333
38.274722222195784,-122.26805555551076,170.63168826707152,LVO,ROUTE_ProvidenceQueenOfTheValleyMedicalCenter,0.2645900044247737,11.676666666666668,ROUTE_ProvidenceQueenOfTheValleyMedicalCenter,0.2645900044247737,11.676666666666668,ROUTE_JohnMuirMedicalCenterWalnutCreekCampus,0.255771406557546,48.82166666666667,ROUTE_ProvidenceQueenOfTheValleyMedicalCenter,0.2645900044247737,11.676666666666668
38.00638888886224,-122.25333333328852,58.633515621496485,HEMORRHAGIC,ROUTE_JohnMuirMedicalCenterWalnutCreekCampus,0.24,27.36,ROUTE_ContraCostaRegionalMedicalCenter,0.24,14.313333333333333,ROUTE_JohnMuirMedicalCenterWalnutCreekCampus,0.24,27.36,ROUTE_KaiserFoundationHospitalRichmondCampus,0.24,17.973333333333336
37.7972222221954,-122.2005555555107,86.31922351003006,HEMORRHAGIC,ROUTE_SutterEdenMedicalCenter,0.24,18.185,ROUTE_HighlandHospitalWilmaChanCampus,0.24,6.131666666666666,ROUTE_SutterEdenMedicalCenter,0.24,18.185,ROUTE_HighlandHospitalWilmaChanCampus,0.24,6.131666666666666
37.56305555552855,-122.0086111110661,143.07831537180812,LVO,ROUTE_SutterEdenMedicalCenter,0.40480543028004357,24.790000000000003,ROUTE_WashingtonHospitalHealthcareSystem,0.2732067982250929,7.485,ROUTE_SutterEdenMedicalCenter,0.40480543028004357,24.790000000000003,ROUTE_WashingtonHospitalHealthcareSystem,0.2732067982250929,7.485
37.71083333330645,-122.44111111106645,192.77390703780924,LVO,ROUTE_CPMCDaviesCampusSutter,0.2575579121116396,16.56,ROUTE_CPMCMissionBernalCampusSutter,0.25903310381839695,10.288333333333332,ROUTE_CPMCDaviesCampusSutter,0.2575579121116396,16.56,ROUTE_CPMCMissionBernalCampusSutter,0.25903310381839695,10.288333333333332
37.85083333330656,-122.1374999999551,219.62633591187804,LVO,ROUTE_KaiserFoundationHospitalWalnutCreek,0.24466880000000002,23.488333333333333,ROUTE_KaiserFoundationHospitalWalnutCreek,0.24466880000000002,23.488333333333333,ROUTE_JohnMuirMedicalCenterWalnutCreekCampus,0.24466880000000002,25.758333333333333,ROUTE_KaiserFoundationHospitalWalnutCreek,0.24466880000000002,23.488333333333333
37.758611111084264,-122.23861111106629,51.29386257874566,HEMORRHAGIC,ROUTE_SutterEdenMedicalCenter,0.24,19.146666666666665,ROUTE_AlamedaHospital,0.24,3.908333333333333,ROUTE_SutterEdenMedicalCenter,0.24,19.146666666666665,ROUTE_AlamedaHospital,0.24,3.908333333333333
38.03833333330671,-122.5958333332888,73.7296318554877,NLVO,ROUTE_UCSFMedicalCenter,0.5508771543677842,50.468333333333334,ROUTE_KaiserFoundationHospitalSanRafael,0.5680591230873487,13.379999999999999,ROUTE_UCSFMedicalCenter,0.5508771543677842,50.468333333333334,ROUTE_KaiserFoundationHospitalSanRafael,0.5680591230873487,13.379999999999999
37.6722222221953,-121.78361111106592,226.96189854797882,MIMIC,ROUTE_StanfordHealthCareTriValley,0.9,19.43166666666667,ROUTE_StanfordHealthCareTriValley,0.9,19.43166666666667,ROUTE_SutterEdenMedicalCenter,0.9,30.828333333333333,ROUTE_StanfordHealthCareTriValley,0.9,19.43166666666667
37.58805555552857,-122.03666666662168,151.58428291846025,LVO,ROUTE_SutterEdenMedicalCenter,0.4027880333282078,21.331666666666667,ROUTE_StRoseHospital,0.24466880000000002,12.17,ROUTE_SutterEdenMedicalCenter,0.4027880333282078,21.331666666666667,ROUTE_WashingtonHospitalHealthcareSystem,0.26856798720962666,16.6
37.737222222195356,-122.42749999995533,253.74566353078134,LVO,ROUTE_CPMCMissionBernalCampusSutter,0.24466880000000002,4.216666666666667,ROUTE_CPMCMissionBernalCampusSutter,0.24466880000000002,4.216666666666667,ROUTE_CPMCDaviesCampusSutter,0.24466880000000002,10.19,ROUTE_CPMCMissionBernalCampusSutter,0.24466880000000002,4.216666666666667
37.98416666664,-122.33416666662191,88.66791622111379,LVO,ROUTE_JohnMuirMedicalCenterWalnutCreekCampus,0.42190134926283274,35.248333333333335,ROUTE_KaiserFoundationHospitalRichmondCampus,0.2878207411715916,11.818333333333333,ROUTE_JohnMuirMedicalCenterWalnutCreekCampus,0.42190134926283274,35.248333333333335,ROUTE_KaiserFoundationHospitalRichmondCampus,0.2878207411715916,11.818333333333333
38.0055555555289,-121.82749999995484,63.88691531480018,HEMORRHAGIC,ROUTE_JohnMuirMedicalCenterWalnutCreekCampus,0.24,27.133333333333333,ROUTE_SutterDeltaMedicalCenter,0.24,8.468333333333334,ROUTE_JohnMuirMedicalCenterWalnutCreekCampus,0.24,27.133333333333333,ROUTE_KaiserFoundationHospitalAntioch,0.24,13.766666666666667
37.81583333330653,-122.21777777773293,72.56394405878405,LVO,ROUTE_SutterEdenMedicalCenter,0.43346297470726225,20.063333333333333,ROUTE_HighlandHospitalWilmaChanCampus,0.2939108733379441,7.278333333333333,ROUTE_SutterEdenMedicalCenter,0.43346297470726225,20.063333333333333,ROUTE_HighlandHospitalWilmaChanCampus,0.2939108733379441,7.278333333333333
37.40944444441732,-122.11388888884396,112.43734465722605,HEMORRHAGIC,ROUTE_ElCaminoHealthMountainView,0.24,18.34333333333333,ROUTE_ElCaminoHealthMountainView,0.24,18.34333333333333,ROUTE_ElCaminoHealthMountainView,0.24,18.34333333333333,ROUTE_ElCaminoHealthMountainView,0.24,18.34333333333333
37.967777777751095,-122.28027777773299,256.1747778676877,LVO,ROUTE_KaiserFoundationHospitalRichmondCampus,0.24466880000000002,18.9,ROUTE_KaiserFoundationHospitalRichmondCampus,0.24466880000000002,18.9,ROUTE_JohnMuirMedicalCenterWalnutCreekCampus,0.24466880000000002,32.45333333333333,ROUTE_KaiserFoundationHospitalRichmondCampus,0.24466880000000002,18.9
37.74861111108425,-122.44444444439978,139.51064614668576,LVO,ROUTE_UCSFMedicalCenter,0.4119145265264922,7.796666666666667,ROUTE_CPMCMissionBernalCampusSutter,0.2745977448407154,5.956666666666666,ROUTE_UCSFMedicalCenter,0.4119145265264922,7.796666666666667,ROUTE_CPMCMissionBernalCampusSutter,0.2745977448407154,5.956666666666666
37.373055555528396,-122.02611111106611,221.291599142389,LVO,ROUTE_KaiserFoundationHospitalSantaClara,0.24466880000000002,13.058333333333334,ROUTE_KaiserFoundationHospitalSantaClara,0.24466880000000002,13.058333333333334,ROUTE_KaiserFoundationHospitalSantaClara,0.24466880000000002,13.058333333333334,ROUTE_KaiserFoundationHospitalSantaClara,0.24466880000000002,13.058333333333334
37.749722222195366,-122.49027777773316,248.46984776630975,LVO,ROUTE_UCSFMedicalCenter,0.24466880000000002,9.071666666666665,ROUTE_UCSFMedicalCenter,0.24466880000000002,9.071666666666665,ROUTE_UCSFMedicalCenter,0.24466880000000002,9.071666666666665,ROUTE_UCSFMedicalCenter,0.24466880000000002,9.071666666666665
37.95694444441775,-122.05972222217726,213.40341320991394,LVO,ROUTE_JohnMuirMedicalCenterConcordCampus,0.2540482444335362,8.753333333333334,ROUTE_JohnMuirMedicalCenterConcordCampus,0.2540482444335362,8.753333333333334,ROUTE_JohnMuirMedicalCenterWalnutCreekCampus,0.2533971447938486,11.588333333333333,ROUTE_JohnMuirMedicalCenterConcordCampus,0.2540482444335362,8.753333333333334
37.91305555552883,-122.05916666662169,177.90254568650045,LVO,ROUTE_JohnMuirMedicalCenterWalnutCreekCampus,0.26331023175194834,8.888333333333332,ROUTE_JohnMuirMedicalCenterWalnutCreekCampus,0.26331023175194834,8.888333333333332,ROUTE_JohnMuirMedicalCenterWalnutCreekCampus,0.26331023175194834,8.888333333333332,ROUTE_JohnMuirMedicalCenterWalnutCreekCampus,0.26331023175194834,8.888333333333332
38.03249999997337,-121.97805555551052,121.36578654676771,LVO,ROUTE_JohnMuirMedicalCenterWalnutCreekCampus,0.4131364099539776,24.38,ROUTE_JohnMuirMedicalCenterConcordCampus,0.277537496755234,14.618333333333334,ROUTE_JohnMuirMedicalCenterWalnutCreekCampus,0.4131364099539776,24.38,ROUTE_JohnMuirMedicalCenterConcordCampus,0.277537496755234,14.618333333333334
37.93472222219551,-122.32833333328858,59.676409099351496,MIMIC,ROUTE_CPMCDaviesCampusSutter,0.9,30.648333333333333,ROUTE_KaiserFoundationHospitalRichmondCampus,0.9,6.430000000000001,ROUTE_CPMCDaviesCampusSutter,0.9,30.648333333333333,ROUTE_KaiserFoundationHospitalRichmondCampus,0.9,6.430000000000001
38.07777777775118,-122.15222222217733,182.2046382498111,HEMORRHAGIC,ROUTE_JohnMuirMedicalCenterWalnutCreekCampus,0.24,25.493333333333332,ROUTE_ContraCostaRegionalMedicalCenter,0.24,14.678333333333335,ROUTE_JohnMuirMedicalCenterWalnutCreekCampus,0.24,25.493333333333332,ROUTE_SutterSolanoMedicalCenter,0.24,15.543333333333333
37.694722222195324,-122.13027777773287,86.55150624514513,HEMORRHAGIC,ROUTE_SutterEdenMedicalCenter,0.24,8.966666666666667,ROUTE_SanLeandroHospitalAlamedaHealthSystem,0.24,6.776666666666667,ROUTE_SutterEdenMedicalCenter,0.24,8.966666666666667,ROUTE_SutterEdenMedicalCenter,0.24,8.966666666666667
37.9449999999733,-122.31499999995523,146.79121297268503,NLVO,ROUTE_CPMCDaviesCampusSutter,0.521006703929824,33.20166666666667,ROUTE_KaiserFoundationHospitalRichmondCampus,0.5317941419456774,10.201666666666666,ROUTE_CPMCDaviesCampusSutter,0.521006703929824,33.20166666666667,ROUTE_KaiserFoundationHospitalRichmondCampus,0.5317941419456774,10.201666666666666
