start_lat,start_lon,t_onset,stroke_type,optimal_action,optimal_action_reward,travel_time_optimal,nearest_hospital_action,nearest_hospital_reward,travel_time_nh,heuristic_1_action,heuristic_1_reward,travel_time_h1,heuristic_2_action,heuristic_2_reward,travel_time_h2
37.384166666639516,-122.12305555551063,109.78742036579183,LVO,ROUTE_StanfordHealthCare,0.4206625907613666,15.360000000000001,ROUTE_StanfordHealthCare,0.4206625907613666,15.360000000000001,ROUTE_StanfordHealthCare,0.4206625907613666,15.360000000000001,ROUTE_StanfordHealthCare,0.4206625907613666,15.360000000000001
37.33861111108393,-122.03111111106612,263.03416890295534,LVO,ROUTE_KaiserFoundationHospitalSantaClara,0.24466880000000002,8.438333333333334,ROUTE_KaiserFoundationHospitalSantaClara,0.24466880000000002,8.438333333333334,ROUTE_KaiserFoundationHospitalSantaClara,0.24466880000000002,8.438333333333334,ROUTE_KaiserFoundationHospitalSantaClara,0.24466880000000002,8.438333333333334
37.625833333306375,-122.06527777773282,91.16694321401098,MIMIC,ROUTE_SutterEdenMedicalCenter,0.9,17.353333333333335,ROUTE_StRoseHospital,0.9,6.605,ROUTE_SutterEdenMedicalCenter,0.9,17.353333333333335,ROUTE_KaiserFoundationHospitalSanLeandro,0.9,15.66
37.47888888886182,-122.19194444439958,250.25669311366067,LVO,ROUTE_KaiserFoundationHospitalRedwoodCity,0.24466880000000002,8.09,ROUTE_KaiserFoundationHospitalRedwoodCity,0.24466880000000002,8.09,ROUTE_KaiserFoundationHospitalRedwoodCity,0.24466880000000002,8.09,ROUTE_KaiserFoundationHospitalRedwoodCity,0.24466880000000002,8.09
37.56083333330633,-122.2599999999552,49.37187349756036,LVO,ROUTE_MillsPeninsulaMedicalCenterSutter,0.4436432436645066,17.148333333333333,ROUTE_SanMateoMedicalCenter,0.3969699997794868,14.151666666666667,ROUTE_MillsPeninsulaMedicalCenterSutter,0.4436432436645066,17.148333333333333,ROUTE_MillsPeninsulaMedicalCenterSutter,0.4436432436645066,17.148333333333333
37.70611111108422,-122.46638888884425,119.67894351885205,MIMIC,ROUTE_CPMCDaviesCampusSutter,0.9,14.316666666666666,ROUTE_AHMCSetonMedicalCenter,0.9,6.953333333333333,ROUTE_CPMCDaviesCampusSutter,0.9,14.316666666666666,ROUTE_AHMCSetonMedicalCenter,0.9,6.953333333333333
37.38111111108396,-122.05694444439948,258.1266234816328,HEMORRHAGIC,ROUTE_ElCaminoHealthMountainView,0.24,10.418333333333333,ROUTE_ElCaminoHealthMountainView,0.24,10.418333333333333,ROUTE_ElCaminoHealthMountainView,0.24,10.418333333333333,ROUTE_ElCaminoHealthMountainView,0.24,10.418333333333333
37.842777777750996,-122.03361111106612,66.5653814787576,HEMORRHAGIC,ROUTE_JohnMuirMedicalCenterWalnutCreekCampus,0.24,15.783333333333333,ROUTE_KaiserFoundationHospitalWalnutCreek,0.24,10.171666666666665,ROUTE_JohnMuirMedicalCenterWalnutCreekCampus,0.24,15.783333333333333,ROUTE_KaiserFoundationHospitalWalnutCreek,0.24,10.171666666666665
37.49444444441738,-122.45638888884423,174.05213652016053,NLVO,ROUTE_MillsPeninsulaMedicalCenterSutter,0.5071126812721916,32.401666666666664,ROUTE_SanMateoMedicalCenter,0.4622,32.19166666666667,ROUTE_MillsPeninsulaMedicalCenterSutter,0.5071126812721916,32.401666666666664,ROUTE_MillsPeninsulaMedicalCenterSutter,0.5071126812721916,32.401666666666664
38.00694444441779,-121.87999999995489,257.81118524512095,LVO,ROUTE_SutterDeltaMedicalCenter,0.24466880000000002,13.986666666666668,ROUTE_SutterDeltaMedicalCenter,0.24466880000000002,13.986666666666668,ROUTE_JohnMuirMedicalCenterWalnutCreekCampus,0.24466880000000002,24.84333333333333,ROUTE_JohnMuirMedicalCenterConcordCampus,0.24466880000000002,16.461666666666666
37.77777777775094,-122.18999999995513,72.52293900454484,LVO,ROUTE_SutterEdenMedicalCenter,0.4344930512016204,17.188333333333333,ROUTE_HighlandHospitalWilmaChanCampus,0.29388493766387996,7.418333333333334,ROUTE_SutterEdenMedicalCenter,0.4344930512016204,17.188333333333333,ROUTE_HighlandHospitalWilmaChanCampus,0.29388493766387996,7.418333333333334
37.723888888862014,-122.41555555551088,56.9451860407423,LVO,ROUTE_CPMCDaviesCampusSutter,0.4414636548364619,14.841666666666667,ROUTE_CPMCMissionBernalCampusSutter,0.42908648241993913,8.571666666666665,ROUTE_CPMCDaviesCampusSutter,0.4414636548364619,14.841666666666667,ROUTE_CPMCMissionBernalCampusSutter,0.42908648241993913,8.571666666666665
37.63888888886194,-122.05527777773281,213.43005419819096,HEMORRHAGIC,ROUTE_StRoseHospital,0.24,9.461666666666668,ROUTE_StRoseHospital,0.24,9.461666666666668,ROUTE_SutterEdenMedicalCenter,0.24,18.19333333333333,ROUTE_SutterEdenMedicalCenter,0.24,18.19333333333333
37.69722222219532,-122.05916666662169,65.00505433381818,HEMORRHAGIC,ROUTE_SutterEdenMedicalCenter,0.24,8.746666666666666,ROUTE_SutterEdenMedicalCenter,0.24,8.746666666666666,ROUTE_SutterEdenMedicalCenter,0.24,8.746666666666666,ROUTE_SutterEdenMedicalCenter,0.24,8.746666666666666
38.29888888886247,-122.48861111106649,118.79096829300006,HEMORRHAGIC,ROUTE_JohnMuirMedicalCenterWalnutCreekCampus,0.24,68.05333333333333,ROUTE_SonomaValleyHospital,0.24,8.093333333333334,ROUTE_JohnMuirMedicalCenterWalnutCreekCampus,0.24,68.05333333333333,ROUTE_SonomaValleyHospital,0.24,8.093333333333334
38.26722222219578,-122.0086111110661,70.37203116541865,NLVO,ROUTE_JohnMuirMedicalCenterWalnutCreekCampus,0.5550269829367204,45.263333333333335,ROUTE_NorthBayMedicalCenter,0.5713982128630182,9.875,ROUTE_JohnMuirMedicalCenterWalnutCreekCampus,0.5550269829367204,45.263333333333335,ROUTE_NorthBayMedicalCenter,0.5713982128630182,9.875
37.99583333330667,-122.02805555551056,131.66234144032768,MIMIC,ROUTE_JohnMuirMedicalCenterWalnutCreekCampus,0.9,16.14,ROUTE_JohnMuirMedicalCenterConcordCampus,0.9,4.448333333333333,ROUTE_JohnMuirMedicalCenterWalnutCreekCampus,0.9,16.14,ROUTE_JohnMuirMedicalCenterConcordCampus,0.9,4.448333333333333
37.79499999997318,-122.47388888884426,74.88179582662067,NLVO,ROUTE_UCSFMedicalCenter,0.5665108866816801,15.451666666666666,ROUTE_KaiserFoundationHospitalSanFrancisco,0.5679982386096106,12.231666666666666,ROUTE_UCSFMedicalCenter,0.5665108866816801,15.451666666666666,ROUTE_KaiserFoundationHospitalSanFrancisco,0.5679982386096106,12.231666666666666
37.71249999997311,-122.44527777773311,200.34342093631045,MIMIC,ROUTE_CPMCMissionBernalCampusSutter,0.9,8.751666666666667,ROUTE_CPMCMissionBernalCampusSutter,0.9,8.751666666666667,ROUTE_CPMCDaviesCampusSutter,0.9,15.021666666666667,ROUTE_CPMCMissionBernalCampusSutter,0.9,8.751666666666667
38.27249999997356,-122.01305555551055,148.2863745517531,LVO,ROUTE_JohnMuirMedicalCenterWalnutCreekCampus,0.2626705959843244,44.45166666666667,ROUTE_NorthBayMedicalCenter,0.27107219891469464,10.193333333333333,ROUTE_JohnMuirMedicalCenterWalnutCreekCampus,0.2626705959843244,44.45166666666667,ROUTE_NorthBayMedicalCenter,0.27107219891469464,10.193333333333333
37.67972222219531,-121.87055555551044,61.87943878848424,NLVO,ROUTE_SutterEdenMedicalCenter,0.5692233931921379,24.025,ROUTE_StanfordHealthCareTriValley,0.5774363905988451,6.203333333333333,ROUTE_SutterEdenMedicalCenter,0.5692233931921379,24.025,ROUTE_StanfordHealthCareTriValley,0.5774363905988451,6.203333333333333
37.99499999997334,-122.35444444439972,260.67598462799276,MIMIC,ROUTE_KaiserFoundationHospitalRichmondCampus,0.9,11.115,ROUTE_KaiserFoundationHospitalRichmondCampus,0.9,11.115,ROUTE_JohnMuirMedicalCenterWalnutCreekCampus,0.9,36.20666666666667,ROUTE_KaiserFoundationHospitalRichmondCampus,0.9,11.115
37.700277777750884,-122.08333333328838,153.1705253977296,HEMORRHAGIC,ROUTE_SutterEdenMedicalCenter,0.24,3.3633333333333337,ROUTE_SutterEdenMedicalCenter,0.24,3.3633333333333337,ROUTE_SutterEdenMedicalCenter,0.24,3.3633333333333337,ROUTE_SutterEdenMedicalCenter,0.24,3.3633333333333337
37.68249999997309,-121.87694444439933,256.94132675296055,LVO,ROUTE_StanfordHealthCareTriValley,0.24466880000000002,4.516666666666667,ROUTE_StanfordHealthCareTriValley,0.24466880000000002,4.516666666666667,ROUTE_SutterEdenMedicalCenter,0.24466880000000002,22.33833333333333,ROUTE_StanfordHealthCareTriValley,0.24466880000000002,4.516666666666667
37.65055555552862,-122.02777777773278,55.99473773107556,LVO,ROUTE_SutterEdenMedicalCenter,0.43950446818921424,21.403333333333332,ROUTE_StRoseHospital,0.39373016084868606,18.341666666666665,ROUTE_SutterEdenMedicalCenter,0.43950446818921424,21.403333333333332,ROUTE_SutterEdenMedicalCenter,0.43950446818921424,21.403333333333332
37.723888888862014,-122.48305555551093,243.7630140643772,LVO,ROUTE_AHMCSetonMedicalCenter,0.24466880000000002,10.736666666666668,ROUTE_AHMCSetonMedicalCenter,0.24466880000000002,10.736666666666668,ROUTE_UCSFMedicalCenter,0.24466880000000002,13.361666666666668,ROUTE_AHMCSetonMedicalCenter,0.24466880000000002,10.736666666666668
37.9613888888622,-121.75388888884368,117.39615411090425,MIMIC,ROUTE_JohnMuirMedicalCenterWalnutCreekCampus,0.9,34.57833333333333,ROUTE_KaiserFoundationHospitalAntioch,0.9,6.7,ROUTE_JohnMuirMedicalCenterWalnutCreekCampus,0.9,34.57833333333333,ROUTE_KaiserFoundationHospitalAntioch,0.9,6.7
37.766388888862046,-122.42249999995532,74.50217688325779,LVO,ROUTE_CPMCDaviesCampusSutter,0.43801554883096744,5.033333333333333,ROUTE_CPMCDaviesCampusSutter,0.43801554883096744,5.033333333333333,ROUTE_CPMCDaviesCampusSutter,0.43801554883096744,5.033333333333333,ROUTE_CPMCDaviesCampusSutter,0.43801554883096744,5.033333333333333
37.79166666663984,-122.43111111106644,139.8422326013414,LVO,ROUTE_CPMCDaviesCampusSutter,0.411693890579631,8.075,ROUTE_UCSFHealthHydeHospital,0.2752238974583579,3.1266666666666665,ROUTE_CPMCDaviesCampusSutter,0.411693890579631,8.075,ROUTE_UCSFHealthHydeHospital,0.2752238974583579,3.1266666666666665
37.92916666663995,-122.34027777773304,137.0569954374552,MIMIC,ROUTE_CPMCDaviesCampusSutter,0.9,33.75666666666667,ROUTE_KaiserFoundationHospitalRichmondCampus,0.9,7.316666666666666,ROUTE_CPMCDaviesCampusSutter,0.9,33.75666666666667,ROUTE_KaiserFoundationHospitalRichmondCampus,0.9,7.316666666666666
37.789722222195394,-122.41027777773309,122.78137118086718,HEMORRHAGIC,ROUTE_CPMCDaviesCampusSutter,0.24,11.056666666666667,ROUTE_UCSFHealthHydeHospital,0.24,2.341666666666667,ROUTE_CPMCDaviesCampusSutter,0.24,11.056666666666667,ROUTE_UCSFHealthHydeHospital,0.24,2.341666666666667
37.65249999997307,-122.47777777773314,249.07816498970135,LVO,ROUTE_AHMCSetonMedicalCenter,0.24466880000000002,7.031666666666666,ROUTE_AHMCSetonMedicalCenter,0.24466880000000002,7.031666666666666,ROUTE_MillsPeninsulaMedicalCenterSutter,0.24466880000000002,16.268333333333334,ROUTE_AHMCSetonMedicalCenter,0.24466880000000002,7.031666666666666
37.94027777775107,-122.53583333328875,198.95114875080276,HEMORRHAGIC,ROUTE_MarinHealthMedicalCenter,0.24,4.926666666666667,ROUTE_MarinHealthMedicalCenter,0.24,4.926666666666667,ROUTE_UCSFMedicalCenter,0.24,34.74,ROUTE_MarinHealthMedicalCenter,0.24,4.926666666666667
37.97499999997332,-122.51805555551095,95.72572137372187,LVO,ROUTE_UCSFMedicalCenter,0.4186837884517416,36.71333333333334,ROUTE_MarinHealthMedicalCenter,0.2862576327094467,9.82,ROUTE_UCSFMedicalCenter,0.4186837884517416,36.71333333333334,ROUTE_MarinHealthMedicalCenter,0.2862576327094467,9.82
37.87666666663991,-122.25805555551075,70.65627380388612,LVO,ROUTE_SutterEdenMedicalCenter,0.43111066011276167,28.868333333333332,ROUTE_AltaBatesSummitMedicalCenterAltaBatesCampus,0.2573772926060025,6.915,ROUTE_SutterEdenMedicalCenter,0.43111066011276167,28.868333333333332,ROUTE_AltaBatesSummitMedicalCenterSummitCampus,0.29208336583858774,16.075
37.57749999997301,-122.32861111106635,209.409291682098,LVO,ROUTE_MillsPeninsulaMedicalCenterSutter,0.25453382793044926,11.083333333333334,ROUTE_SanMateoMedicalCenter,0.24466880000000002,10.508333333333333,ROUTE_MillsPeninsulaMedicalCenterSutter,0.25453382793044926,11.083333333333334,ROUTE_MillsPeninsulaMedicalCenterSutter,0.25453382793044926,11.083333333333334
37.77361111108427,-122.47638888884426,33.676151079367145,HEMORRHAGIC,ROUTE_UCSFMedicalCenter,0.24,8.4,ROUTE_UCSFHealthStanyanHospital,0.24,5.676666666666667,ROUTE_UCSFMedicalCenter,0.24,8.4,ROUTE_UCSFHealthStanyanHospital,0.24,5.676666666666667
37.94777777775108,-122.09805555551061,252.45333291414704,HEMORRHAGIC,ROUTE_ContraCostaRegionalMedicalCenter,0.24,12.51,ROUTE_ContraCostaRegionalMedicalCenter,0.24,12.51,ROUTE_JohnMuirMedicalCenterWalnutCreekCampus,0.24,14.541666666666666,ROUTE_JohnMuirMedicalCenterConcordCampus,0.24,12.758333333333333
37.75472222219537,-122.43138888884421,153.4363430463656,LVO,ROUTE_CPMCDaviesCampusSutter,0.40767116121744923,4.803333333333333,ROUTE_CPMCMissionBernalCampusSutter,0.2710924925827852,4.39,ROUTE_CPMCDaviesCampusSutter,0.40767116121744923,4.803333333333333,ROUTE_CPMCMissionBernalCampusSutter,0.2710924925827852,4.39
37.730277777750906,-122.44527777773311,157.79572899855475,MIMIC,ROUTE_UCSFMedicalCenter,0.9,12.03,ROUTE_CPMCMissionBernalCampusSutter,0.9,6.286666666666666,ROUTE_UCSFMedicalCenter,0.9,12.03,ROUTE_CPMCMissionBernalCampusSutter,0.9,6.286666666666666
37.48944444441738,-122.24277777773295,105.34367503093894,LVO,ROUTE_KaiserFoundationHospitalRedwoodCity,0.4253544194214617,6.781666666666666,ROUTE_SequoiaHospital,0.2849393544295238,4.09,ROUTE_KaiserFoundationHospitalRedwoodCity,0.4253544194214617,6.781666666666666,ROUTE_SequoiaHospital,0.2849393544295238,4.09
37.95916666663998,-121.96972222217718,165.6511945115345,LVO,ROUTE_JohnMuirMedicalCenterWalnutCreekCampus,0.4006814250430982,11.981666666666666,ROUTE_JohnMuirMedicalCenterWalnutCreekCampus,0.4006814250430982,11.981666666666666,ROUTE_JohnMuirMedicalCenterWalnutCreekCampus,0.4006814250430982,11.981666666666666,ROUTE_JohnMuirMedicalCenterWalnutCreekCampus,0.4006814250430982,11.981666666666666
37.75277777775092,-122.41166666662198,102.86445450408362,LVO,ROUTE_CPMCDaviesCampusSutter,0.4259357314819766,7.868333333333334,ROUTE_ZuckerbergSanFranciscoGeneralHospital,0.2860740776459584,2.5766666666666667,ROUTE_CPMCDaviesCampusSutter,0.4259357314819766,7.868333333333334,ROUTE_ZuckerbergSanFranciscoGeneralHospital,0.2860740776459584,2.5766666666666667
37.57472222219523,-121.97277777773274,45.459610123330336,MIMIC,ROUTE_RegionalMedicalCenterOfSanJose,0.9,27.886666666666667,ROUTE_WashingtonHospitalHealthcareSystem,0.9,7.47,ROUTE_RegionalMedicalCenterOfSanJose,0.9,27.886666666666667,ROUTE_WashingtonHospitalHealthcareSystem,0.9,7.47
37.766944444417604,-122.24499999995518,205.3050219876225,LVO,ROUTE_AlamedaHospital,0.2574903286826058,2.925,ROUTE_AlamedaHospital,0.2574903286826058,2.925,ROUTE_SutterEdenMedicalCenter,0.2535584364020552,19.883333333333333,ROUTE_AlamedaHospital,0.2574903286826058,2.925
37.65277777775084,-122.05222222217725,123.56064347850084,LVO,ROUTE_SutterEdenMedicalCenter,0.4146920016458732,17.396666666666665,ROUTE_StRoseHospital,0.24466880000000002,11.903333333333334,ROUTE_SutterEdenMedicalCenter,0.4146920016458732,17.396666666666665,ROUTE_SutterEdenMedicalCenter,0.4146920016458732,17.396666666666665
37.52916666663963,-122.28416666662187,96.55128616344554,MIMIC,ROUTE_KaiserFoundationHospitalRedwoodCity,0.9,12.176666666666668,ROUTE_SanMateoMedicalCenter,0.9,6.114999999999999,ROUTE_KaiserFoundationHospitalRedwoodCity,0.9,12.176666666666668,ROUTE_KaiserFoundationHospitalRedwoodCity,0.9,12.176666666666668
37.742499999973134,-122.49555555551093,145.12470836506736,LVO,ROUTE_UCSFMedicalCenter,0.4089058481745204,10.398333333333333,ROUTE_UCSFMedicalCenter,0.4089058481745204,10.398333333333333,ROUTE_UCSFMedicalCenter,0.4089058481745204,10.398333333333333,ROUTE_UCSFMedicalCenter,0.4089058481745204,10.398333333333333
37.575277777750784,-122.33861111106637,103.51626228387249,HEMORRHAGIC,ROUTE_MillsPeninsulaMedicalCenterSutter,0.24,9.476666666666667,ROUTE_MillsPeninsulaMedicalCenterSutter,0.24,9.476666666666667,ROUTE_MillsPeninsulaMedicalCenterSutter,0.24,9.476666666666667,ROUTE_MillsPeninsulaMedicalCenterSutter,0.24,9.476666666666667
37.96694444441776,-122.34638888884415,45.505840961032575,LVO,ROUTE_JohnMuirMedicalCenterWalnutCreekCampus,0.4381059301647501,36.99666666666667,ROUTE_KaiserFoundationHospitalRichmondCampus,0.301588016844715,9.78,ROUTE_JohnMuirMedicalCenterWalnutCreekCampus,0.4381059301647501,36.99666666666667,ROUTE_KaiserFoundationHospitalRichmondCampus,0.301588016844715,9.78
37.77444444441761,-122.45861111106646,121.4275401978407,LVO,ROUTE_UCSFMedicalCenter,0.4197419160353094,5.09,ROUTE_UCSFHealthStanyanHospital,0.280747950766264,2.1550000000000002,ROUTE_UCSFMedicalCenter,0.4197419160353094,5.09,ROUTE_UCSFHealthStanyanHospital,0.280747950766264,2.1550000000000002
37.52194444441741,-121.97194444439941,253.46833118799597,LVO,ROUTE_KaiserFoundationHospitalFremont,0.24466880000000002,8.775,ROUTE_KaiserFoundationHospitalFremont,0.24466880000000002,8.775,ROUTE_RegionalMedicalCenterOfSanJose,0.24466880000000002,22.735,ROUTE_KaiserFoundationHospitalFremont,0.24466880000000002,8.775
37.690555555528654,-122.4908333332887,199.083726579879,HEMORRHAGIC,ROUTE_AHMCSetonMedicalCenter,0.24,5.35,ROUTE_AHMCSetonMedicalCenter,0.24,5.35,ROUTE_MillsPeninsulaMedicalCenterSutter,0.24,18.13,ROUTE_AHMCSetonMedicalCenter,0.24,5.35
37.3894444444173,-122.02305555551055,159.82588733429338,NLVO,ROUTE_KaiserFoundationHospitalSantaClara,0.5229470787894511,14.588333333333333,ROUTE_KaiserFoundationHospitalSantaClara,0.5229470787894511,14.588333333333333,ROUTE_KaiserFoundationHospitalSantaClara,0.5229470787894511,14.588333333333333,ROUTE_KaiserFoundationHospitalSantaClara,0.5229470787894511,14.588333333333333
37.584166666639675,-122.4822222221776,140.91984866916445,LVO,ROUTE_MillsPeninsulaMedicalCenterSutter,0.404231303261845,28.891666666666666,ROUTE_AHMCSetonMedicalCenter,0.27036063408824523,21.228333333333335,ROUTE_MillsPeninsulaMedicalCenterSutter,0.404231303261845,28.891666666666666,ROUTE_AHMCSetonMedicalCenter,0.27036063408824523,21.228333333333335
37.611944444417475,-122.41833333328866,46.781604790327656,LVO,ROUTE_MillsPeninsulaMedicalCenterSutter,0.4473841596505733,9.583333333333334,ROUTE_MillsPeninsulaMedicalCenterSutter,0.4473841596505733,9.583333333333334,ROUTE_MillsPeninsulaMedicalCenterSutter,0.4473841596505733,9.583333333333334,ROUTE_MillsPeninsulaMedicalCenterSutter,0.4473841596505733,9.583333333333334
37.508611111084065,-122.2763888888441,226.88271241873306,LVO,ROUTE_SequoiaHospital,0.24466880000000002,12.155,ROUTE_SequoiaHospital,0.24466880000000002,12.155,ROUTE_KaiserFoundationHospitalRedwoodCity,0.24466880000000002,17.223333333333336,ROUTE_SequoiaHospital,0.24466880000000002,12.155
37.869166666639906,-121.61777777773246,255.65801338202,HEMORRHAGIC,ROUTE_KaiserFoundationHospitalAntioch,0.24,23.616666666666667,ROUTE_KaiserFoundationHospitalAntioch,0.24,23.616666666666667,ROUTE_JohnMuirMedicalCenterWalnutCreekCampus,0.24,49.141666666666666,ROUTE_KaiserFoundationHospitalAntioch,0.24,23.616666666666667
38.28138888886246,-122.00833333328832,254.60753776837578,MIMIC,ROUTE_NorthBayMedicalCenter,0.9,12.383333333333333,ROUTE_NorthBayMedicalCenter,0.9,12.383333333333333,ROUTE_JohnMuirMedicalCenterWalnutCreekCampus,0.9,46.641666666666666,ROUTE_NorthBayMedicalCenter,0.9,12.383333333333333
37.916388888862166,-122.04361111106613,235.37128898993342,LVO,ROUTE_JohnMuirMedicalCenterWalnutCreekCampus,0.24466880000000002,1.3099999999999998,ROUTE_JohnMuirMedicalCenterWalnutCreekCampus,0.24466880000000002,1.3099999999999998,ROUTE_JohnMuirMedicalCenterWalnutCreekCampus,0.24466880000000002,1.3099999999999998,ROUTE_JohnMuirMedicalCenterWalnutCreekCampus,0.24466880000000002,1.3099999999999998
38.29249999997358,-122.24694444439963,80.84341033641854,LVO,ROUTE_JohnMuirMedicalCenterWalnutCreekCampus,0.4176239396629425,56.325,ROUTE_ProvidenceQueenOfTheValleyMedicalCenter,0.289731218509219,13.418333333333333,ROUTE_JohnMuirMedicalCenterWalnutCreekCampus,0.4176239396629425,56.325,ROUTE_ProvidenceQueenOfTheValleyMedicalCenter,0.289731218509219,13.418333333333333
38.372777777751416,-121.739722222177,228.27345615318666,LVO,ROUTE_NorthBayVacaValleyHospital,0.24466880000000002,27.441666666666666,ROUTE_NorthBayVacaValleyHospital,0.24466880000000002,27.441666666666666,ROUTE_JohnMuirMedicalCenterWalnutCreekCampus,0.24466880000000002,75.91000000000001,ROUTE_NorthBayVacaValleyHospital,0.24466880000000002,27.441666666666666
37.80138888886207,-122.43888888884422,123.86608819366111,LVO,ROUTE_CPMCDaviesCampusSutter,0.417252902383333,9.6,ROUTE_KaiserFoundationHospitalSanFrancisco,0.27900943439424153,6.136666666666667,ROUTE_CPMCDaviesCampusSutter,0.417252902383333,9.6,ROUTE_KaiserFoundationHospitalSanFrancisco,0.27900943439424153,6.136666666666667
37.82277777775098,-121.9238888888438,258.4090275160744,LVO,ROUTE_SanRamonRegionalMedicalCenter,0.24466880000000002,13.055,ROUTE_SanRamonRegionalMedicalCenter,0.24466880000000002,13.055,ROUTE_JohnMuirMedicalCenterWalnutCreekCampus,0.24466880000000002,24.805,ROUTE_SanRamonRegionalMedicalCenter,0.24466880000000002,13.055
37.93527777775107,-122.07166666662171,171.47096268713116,LVO,ROUTE_JohnMuirMedicalCenterWalnutCreekCampus,0.26468768785577157,10.341666666666667,ROUTE_JohnMuirMedicalCenterConcordCampus,0.26482125123700845,9.791666666666666,ROUTE_JohnMuirMedicalCenterWalnutCreekCampus,0.26468768785577157,10.341666666666667,ROUTE_JohnMuirMedicalCenterConcordCampus,0.26482125123700845,9.791666666666666
37.792777777750956,-122.4013888888442,239.12380894356266,HEMORRHAGIC,ROUTE_ChineseHospital,0.24,2.3233333333333333,ROUTE_ChineseHospital,0.24,2.3233333333333333,ROUTE_CPMCDaviesCampusSutter,0.24,11.401666666666667,ROUTE_ChineseHospital,0.24,2.3233333333333333
38.11527777775121,-122.22666666662182,165.80415363552615,LVO,ROUTE_JohnMuirMedicalCenterWalnutCreekCampus,0.26142089352017117,30.201666666666664,ROUTE_SutterSolanoMedicalCenter,0.26723379491607985,6.213333333333334,ROUTE_JohnMuirMedicalCenterWalnutCreekCampus,0.26142089352017117,30.201666666666664,ROUTE_SutterSolanoMedicalCenter,0.26723379491607985,6.213333333333334
37.714722222195334,-122.12138888884397,195.70920385976328,LVO,ROUTE_SutterEdenMedicalCenter,0.2586907155782501,8.478333333333333,ROUTE_SanLeandroHospitalAlamedaHealthSystem,0.24466880000000002,6.319999999999999,ROUTE_SutterEdenMedicalCenter,0.2586907155782501,8.478333333333333,ROUTE_SutterEdenMedicalCenter,0.2586907155782501,8.478333333333333
37.94166666663996,-122.33888888884414,151.07337312092992,NLVO,ROUTE_CPMCDaviesCampusSutter,0.5188403326847173,33.05166666666666,ROUTE_KaiserFoundationHospitalRichmondCampus,0.5315243747674271,6.02,ROUTE_CPMCDaviesCampusSutter,0.5188403326847173,33.05166666666666,ROUTE_KaiserFoundationHospitalRichmondCampus,0.5315243747674271,6.02
37.99638888886223,-121.9038888888438,114.77533433094675,HEMORRHAGIC,ROUTE_JohnMuirMedicalCenterWalnutCreekCampus,0.24,21.956666666666667,ROUTE_SutterDeltaMedicalCenter,0.24,13.136666666666667,ROUTE_JohnMuirMedicalCenterWalnutCreekCampus,0.24,21.956666666666667,ROUTE_JohnMuirMedicalCenterConcordCampus,0.24,15.611666666666668
37.611944444417475,-122.47805555551092,37.772852371309,MIMIC,ROUTE_MillsPeninsulaMedicalCenterSutter,0.9,22.858333333333334,ROUTE_AHMCSetonMedicalCenter,0.9,15.195,ROUTE_MillsPeninsulaMedicalCenterSutter,0.9,22.858333333333334,ROUTE_AHMCSetonMedicalCenter,0.9,15.195
37.98972222219556,-121.6941666666214,84.05294598938636,NLVO,ROUTE_JohnMuirMedicalCenterWalnutCreekCampus,0.5503408993519928,40.151666666666664,ROUTE_KaiserFoundationHospitalAntioch,0.5603669912642681,18.543333333333333,ROUTE_JohnMuirMedicalCenterWalnutCreekCampus,0.5503408993519928,40.151666666666664,ROUTE_KaiserFoundationHospitalAntioch,0.5603669912642681,18.543333333333333
37.99472222219556,-122.3205555555108,184.3562399731342,NLVO,ROUTE_KaiserFoundationHospitalRichmondCampus,0.510610174865749,13.543333333333333,ROUTE_KaiserFoundationHospitalRichmondCampus,0.510610174865749,13.543333333333333,ROUTE_JohnMuirMedicalCenterWalnutCreekCampus,0.5008033623157007,34.294999999999995,ROUTE_KaiserFoundationHospitalRichmondCampus,0.510610174865749,13.543333333333333
37.67916666663975,-121.7611111110659,256.82087234311575,HEMORRHAGIC,ROUTE_StanfordHealthCareTriValley,0.24,16.675,ROUTE_StanfordHealthCareTriValley,0.24,16.675,ROUTE_SutterEdenMedicalCenter,0.24,28.073333333333334,ROUTE_StanfordHealthCareTriValley,0.24,16.675
37.77638888886205,-122.4833333332887,95.74580456289989,LVO,ROUTE_UCSFMedicalCenter,0.4286610977872517,7.9766666666666675,ROUTE_UCSFHealthStanyanHospital,0.28713719919798597,6.505,ROUTE_UCSFMedicalCenter,0.4286610977872517,7.9766666666666675,ROUTE_UCSFHealthStanyanHospital,0.28713719919798597,6.505
37.778888888862056,-122.26361111106631,56.14368763549568,HEMORRHAGIC,ROUTE_SutterEdenMedicalCenter,0.24,23.30666666666667,ROUTE_AlamedaHospital,0.24,5.215,ROUTE_SutterEdenMedicalCenter,0.24,23.30666666666667,ROUTE_AlamedaHospital,0.24,5.215
37.78555555552873,-122.41611111106643,262.3533680673015,HEMORRHAGIC,ROUTE_UCSFHealthHydeHospital,0.24,2.04,ROUTE_UCSFHealthHydeHospital,0.24,2.04,ROUTE_CPMCDaviesCampusSutter,0.24,9.348333333333333,ROUTE_UCSFHealthHydeHospital,0.24,2.04
37.46222222219514,-122.1599999999551,228.7152331064464,HEMORRHAGIC,ROUTE_KaiserFoundationHospitalRedwoodCity,0.24,10.953333333333335,ROUTE_KaiserFoundationHospitalRedwoodCity,0.24,10.953333333333335,ROUTE_KaiserFoundationHospitalRedwoodCity,0.24,10.953333333333335,ROUTE_KaiserFoundationHospitalRedwoodCity,0.24,10.953333333333335
37.78611111108428,-122.47416666662203,260.8625593694451,LVO,ROUTE_KaiserFoundationHospitalSanFrancisco,0.24466880000000002,7.373333333333333,ROUTE_KaiserFoundationHospitalSanFrancisco,0.24466880000000002,7.373333333333333,ROUTE_UCSFMedicalCenter,0.24466880000000002,10.593333333333334,ROUTE_KaiserFoundationHospitalSanFrancisco,0.24466880000000002,7.373333333333333
37.8919444444177,-122.28277777773299,88.95812304246718,NLVO,ROUTE_CPMCDaviesCampusSutter,0.5510558325620185,33.163333333333334,ROUTE_AltaBatesSummitMedicalCenterAltaBatesCampus,0.4622,14.285,ROUTE_CPMCDaviesCampusSutter,0.5510558325620185,33.163333333333334,ROUTE_KaiserFoundationHospitalRichmondCampus,0.5590528663028573,15.93
37.98055555552888,-121.7649999999548,163.50087238212447,LVO,ROUTE_JohnMuirMedicalCenterWalnutCreekCampus,0.2610705653061488,34.22833333333333,ROUTE_SutterDeltaMedicalCenter,0.24466880000000002,7.558333333333334,ROUTE_JohnMuirMedicalCenterWalnutCreekCampus,0.2610705653061488,34.22833333333333,ROUTE_KaiserFoundationHospitalAntioch,0.26750158652658507,7.683333333333334
37.53583333330631,-121.96861111106607,97.2198415003044,LVO,ROUTE_RegionalMedicalCenterOfSanJose,0.42271610548738653,23.396666666666665,ROUTE_KaiserFoundationHospitalFremont,0.2868070757803361,6.1016666666666675,ROUTE_RegionalMedicalCenterOfSanJose,0.42271610548738653,23.396666666666665,ROUTE_KaiserFoundationHospitalFremont,0.2868070757803361,6.1016666666666675
37.82111111108431,-122.2599999999552,107.69460279723377,HEMORRHAGIC,ROUTE_SutterEdenMedicalCenter,0.24,20.503333333333334,ROUTE_AltaBatesSummitMedicalCenterSummitCampus,0.24,0.8516666666666667,ROUTE_SutterEdenMedicalCenter,0.24,20.503333333333334,ROUTE_AltaBatesSummitMedicalCenterSummitCampus,0.24,0.8516666666666667
37.9752777777511,-121.78611111106592,164.67660481852062,LVO,ROUTE_JohnMuirMedicalCenterWalnutCreekCampus,0.2608310629402675,33.92666666666666,ROUTE_SutterDeltaMedicalCenter,0.24466880000000002,5.918333333333334,ROUTE_JohnMuirMedicalCenterWalnutCreekCampus,0.2608310629402675,33.92666666666666,ROUTE_KaiserFoundationHospitalAntioch,0.2675455366994327,6.198333333333333
37.396666666639526,-122.09749999995506,266.7696694791716,HEMORRHAGIC,ROUTE_ElCaminoHealthMountainView,0.24,12.813333333333333,ROUTE_ElCaminoHealthMountainView,0.24,12.813333333333333,ROUTE_ElCaminoHealthMountainView,0.24,12.813333333333333,ROUTE_ElCaminoHealthMountainView,0.24,12.813333333333333
37.85638888886212,-122.22055555551071,222.78738404909538,HEMORRHAGIC,ROUTE_AltaBatesSummitMedicalCenterAltaBatesCampus,0.24,10.065,ROUTE_AltaBatesSummitMedicalCenterAltaBatesCampus,0.24,10.065,ROUTE_JohnMuirMedicalCenterWalnutCreekCampus,0.24,21.336666666666666,ROUTE_HighlandHospitalWilmaChanCampus,0.24,13.165
37.644722222195284,-122.07861111106615,77.16263916191534,LVO,ROUTE_SutterEdenMedicalCenter,0.4328495182132922,16.695,ROUTE_StRoseHospital,0.25465201032814466,8.155,ROUTE_SutterEdenMedicalCenter,0.4328495182132922,16.695,ROUTE_KaiserFoundationHospitalSanLeandro,0.29040962287361016,15.001666666666667
37.697499999973104,-122.1461111110662,98.57236632342028,HEMORRHAGIC,ROUTE_SutterEdenMedicalCenter,0.24,12.256666666666666,ROUTE_SanLeandroHospitalAlamedaHealthSystem,0.24,7.5633333333333335,ROUTE_SutterEdenMedicalCenter,0.24,12.256666666666666,ROUTE_KaiserFoundationHospitalSanLeandro,0.24,8.943333333333333
37.58805555552857,-122.36166666662194,223.96799124236378,NLVO,ROUTE_MillsPeninsulaMedicalCenterSutter,0.4622,5.418333333333334,ROUTE_MillsPeninsulaMedicalCenterSutter,0.4622,5.418333333333334,ROUTE_MillsPeninsulaMedicalCenterSutter,0.4622,5.418333333333334,ROUTE_MillsPeninsulaMedicalCenterSutter,0.4622,5.418333333333334
37.73111111108424,-122.39194444439974,181.42162051399836,HEMORRHAGIC,ROUTE_CPMCDaviesCampusSutter,0.24,14.731666666666666,ROUTE_ZuckerbergSanFranciscoGeneralHospital,0.24,8.875,ROUTE_CPMCDaviesCampusSutter,0.24,14.731666666666666,ROUTE_ZuckerbergSanFranciscoGeneralHospital,0.24,8.875
37.77694444441761,-122.21972222217738,251.2438683981006,HEMORRHAGIC,ROUTE_HighlandHospitalWilmaChanCampus,0.24,7.236666666666666,ROUTE_HighlandHospitalWilmaChanCampus,0.24,7.236666666666666,ROUTE_SutterEdenMedicalCenter,0.24,18.529999999999998,ROUTE_HighlandHospitalWilmaChanCampus,0.24,7.236666666666666
37.78527777775095,-122.41472222217753,233.1268289691716,LVO,ROUTE_UCSFHealthHydeHospital,0.24466880000000002,1.8633333333333333,ROUTE_UCSFHealthHydeHospital,0.24466880000000002,1.8633333333333333,ROUTE_CPMCDaviesCampusSutter,0.24466880000000002,9.171666666666665,ROUTE_UCSFHealthHydeHospital,0.24466880000000002,1.8633333333333333
37.72499999997312,-121.72666666662143,213.28946709205334,LVO,ROUTE_StanfordHealthCareTriValley,0.24466880000000002,17.673333333333336,ROUTE_StanfordHealthCareTriValley,0.24466880000000002,17.673333333333336,ROUTE_SutterEdenMedicalCenter,0.24466880000000002,29.071666666666665,ROUTE_StanfordHealthCareTriValley,0.24466880000000002,17.673333333333336
37.567499999972995,-122.02055555551055,126.44279092884597,HEMORRHAGIC,ROUTE_SutterEdenMedicalCenter,0.24,22.06,ROUTE_WashingtonHospitalHealthcareSystem,0.24,11.129999999999999,ROUTE_SutterEdenMedicalCenter,0.24,22.06,ROUTE_WashingtonHospitalHealthcareSystem,0.24,11.129999999999999
37.48722222219516,-122.4430555555109,128.27270353803448,NLVO,ROUTE_MillsPeninsulaMedicalCenterSutter,0.5310838608004328,32.295,ROUTE_SanMateoMedicalCenter,0.4622,32.085,ROUTE_MillsPeninsulaMedicalCenterSutter,0.5310838608004328,32.295,ROUTE_MillsPeninsulaMedicalCenterSutter,0.5310838608004328,32.295
37.725833333306454,-122.4038888888442,220.3207298917349,HEMORRHAGIC,ROUTE_ZuckerbergSanFranciscoGeneralHospital,0.24,9.161666666666667,ROUTE_ZuckerbergSanFranciscoGeneralHospital,0.24,9.161666666666667,ROUTE_CPMCDaviesCampusSutter,0.24,13.935,ROUTE_ZuckerbergSanFranciscoGeneralHospital,0.24,9.161666666666667
38.15305555552902,-122.27333333328853,95.13754619936569,LVO,ROUTE_JohnMuirMedicalCenterWalnutCreekCampus,0.4188413621803171,36.91,ROUTE_KaiserFoundationHospitalVallejo,0.2867644080825496,8.575,ROUTE_JohnMuirMedicalCenterWalnutCreekCampus,0.4188413621803171,36.91,ROUTE_KaiserFoundationHospitalVallejo,0.2867644080825496,8.575
37.43222222219511,-121.87805555551044,91.52753948305863,HEMORRHAGIC,ROUTE_RegionalMedicalCenterOfSanJose,0.24,13.548333333333334,ROUTE_RegionalMedicalCenterOfSanJose,0.24,13.548333333333334,ROUTE_RegionalMedicalCenterOfSanJose,0.24,13.548333333333334,ROUTE_RegionalMedicalCenterOfSanJose,0.24,13.548333333333334
37.40249999997287,-121.92555555551048,77.78053550739585,HEMORRHAGIC,ROUTE_RegionalMedicalCenterOfSanJose,0.24,16.926666666666666,ROUTE_OConnorHospital,0.24,14.475,ROUTE_RegionalMedicalCenterOfSanJose,0.24,16.926666666666666,ROUTE_OConnorHospital,0.24,14.475
38.00027777775112,-121.83416666662151,51.29133221969727,LVO,ROUTE_JohnMuirMedicalCenterWalnutCreekCampus,0.4388926321836474,28.351666666666667,ROUTE_SutterDeltaMedicalCenter,0.26286262349995315,8.18,ROUTE_JohnMuirMedicalCenterWalnutCreekCampus,0.4388926321836474,28.351666666666667,ROUTE_KaiserFoundationHospitalAntioch,0.2986111422593202,13.948333333333332
37.72499999997312,-121.92666666662159,101.16287737283633,HEMORRHAGIC,ROUTE_SutterEdenMedicalCenter,0.24,19.445,ROUTE_SanRamonRegionalMedicalCenter,0.24,12.778333333333334,ROUTE_SutterEdenMedicalCenter,0.24,19.445,ROUTE_SanRamonRegionalMedicalCenter,0.24,12.778333333333334
37.72638888886201,-122.0363888888439,155.3068898793614,HEMORRHAGIC,ROUTE_SutterEdenMedicalCenter,0.24,12.781666666666666,ROUTE_SutterEdenMedicalCenter,0.24,12.781666666666666,ROUTE_SutterEdenMedicalCenter,0.24,12.781666666666666,ROUTE_SutterEdenMedicalCenter,0.24,12.781666666666666
37.708888888862,-121.87694444439933,181.31110182295967,MIMIC,ROUTE_SutterEdenMedicalCenter,0.9,18.525,ROUTE_StanfordHealthCareTriValley,0.9,6.34,ROUTE_SutterEdenMedicalCenter,0.9,18.525,ROUTE_StanfordHealthCareTriValley,0.9,6.34
37.62916666663971,-122.04222222217724,120.0120958271783,MIMIC,ROUTE_SutterEdenMedicalCenter,0.9,21.258333333333333,ROUTE_StRoseHospital,0.9,11.805,ROUTE_SutterEdenMedicalCenter,0.9,21.258333333333333,ROUTE_KaiserFoundationHospitalSanLeandro,0.9,19.565
37.554999999972985,-122.00694444439944,206.5746784341301,LVO,ROUTE_WashingtonHospitalHealthcareSystem,0.25592044221022126,8.243333333333334,ROUTE_WashingtonHospitalHealthcareSystem,0.25592044221022126,8.243333333333334,ROUTE_SutterEdenMedicalCenter,0.24466880000000002,23.815,ROUTE_WashingtonHospitalHealthcareSystem,0.25592044221022126,8.243333333333334
37.76583333330649,-122.46499999995535,68.15658939431697,LVO,ROUTE_UCSFMedicalCenter,0.44139757898817,2.57,ROUTE_UCSFMedicalCenter,0.44139757898817,2.57,ROUTE_UCSFMedicalCenter,0.44139757898817,2.57,ROUTE_UCSFMedicalCenter,0.44139757898817,2.57
37.593888888861905,-122.06055555551059,237.30405411112991,LVO,ROUTE_StRoseHospital,0.24466880000000002,10.665,ROUTE_StRoseHospital,0.24466880000000002,10.665,ROUTE_SutterEdenMedicalCenter,0.24466880000000002,19.826666666666664,ROUTE_KaiserFoundationHospitalSanLeandro,0.24466880000000002,18.133333333333333
37.978888888862215,-122.56388888884432,264.8790649862586,HEMORRHAGIC,ROUTE_MarinHealthMedicalCenter,0.24,9.7,ROUTE_MarinHealthMedicalCenter,0.24,9.7,ROUTE_UCSFMedicalCenter,0.24,42.32666666666667,ROUTE_MarinHealthMedicalCenter,0.24,9.7
37.801111111084296,-122.23666666662184,50.6522017784735,LVO,ROUTE_SutterEdenMedicalCenter,0.44225172492458376,19.623333333333335,ROUTE_HighlandHospitalWilmaChanCampus,0.43202407813581545,3.231666666666667,ROUTE_SutterEdenMedicalCenter,0.44225172492458376,19.623333333333335,ROUTE_HighlandHospitalWilmaChanCampus,0.43202407813581545,3.231666666666667
37.92722222219551,-122.52749999995541,152.60815234925968,HEMORRHAGIC,ROUTE_UCSFMedicalCenter,0.24,31.28166666666667,ROUTE_MarinHealthMedicalCenter,0.24,8.918333333333333,ROUTE_UCSFMedicalCenter,0.24,31.28166666666667,ROUTE_MarinHealthMedicalCenter,0.24,8.918333333333333
37.6622222221953,-122.46861111106647,141.81470084586027,HEMORRHAGIC,ROUTE_MillsPeninsulaMedicalCenterSutter,0.24,13.728333333333333,ROUTE_AHMCSetonMedicalCenter,0.24,6.038333333333333,ROUTE_MillsPeninsulaMedicalCenterSutter,0.24,13.728333333333333,ROUTE_AHMCSetonMedicalCenter,0.24,6.038333333333333
37.86805555552879,-122.25805555551075,214.75675846924713,HEMORRHAGIC,ROUTE_AltaBatesSummitMedicalCenterAltaBatesCampus,0.24,4.538333333333333,ROUTE_AltaBatesSummitMedicalCenterAltaBatesCampus,0.24,4.538333333333333,ROUTE_SutterEdenMedicalCenter,0.24,26.71333333333333,ROUTE_AltaBatesSummitMedicalCenterSummitCampus,0.24,13.698333333333332
37.97499999997332,-122.12472222217731,166.79779044671295,NLVO,ROUTE_JohnMuirMedicalCenterWalnutCreekCampus,0.5162492315038283,21.086666666666666,ROUTE_ContraCostaRegionalMedicalCenter,0.4622,8.143333333333334,ROUTE_JohnMuirMedicalCenterWalnutCreekCampus,0.5162492315038283,21.086666666666666,ROUTE_JohnMuirMedicalCenterConcordCampus,0.5193647365541324,14.465
37.54916666663965,-122.30111111106633,62.67426134838657,NLVO,ROUTE_KaiserFoundationHospitalRedwoodCity,0.5739333783681562,12.928333333333335,ROUTE_SanMateoMedicalCenter,0.5049958981947484,8.781666666666666,ROUTE_KaiserFoundationHospitalRedwoodCity,0.5739333783681562,12.928333333333335,ROUTE_KaiserFoundationHospitalRedwoodCity,0.5739333783681562,12.928333333333335
37.92777777775106,-122.39305555551086,137.68947785121912,LVO,ROUTE_CPMCDaviesCampusSutter,0.40314672292469955,35.70333333333333,ROUTE_KaiserFoundationHospitalRichmondCampus,0.27454783976586233,8.176666666666668,ROUTE_CPMCDaviesCampusSutter,0.40314672292469955,35.70333333333333,ROUTE_KaiserFoundationHospitalRichmondCampus,0.27454783976586233,8.176666666666668
37.94888888886219,-122.51805555551095,44.92771822335405,HEMORRHAGIC,ROUTE_UCSFMedicalCenter,0.24,32.861666666666665,ROUTE_MarinHealthMedicalCenter,0.24,4.008333333333334,ROUTE_UCSFMedicalCenter,0.24,32.861666666666665,ROUTE_MarinHealthMedicalCenter,0.24,4.008333333333334
37.34833333330616,-122.01222222217721,174.81219022768616,LVO,ROUTE_KaiserFoundationHospitalSantaClara,0.2648161965243807,6.1,ROUTE_KaiserFoundationHospitalSantaClara,0.2648161965243807,6.1,ROUTE_KaiserFoundationHospitalSantaClara,0.2648161965243807,6.1,ROUTE_KaiserFoundationHospitalSantaClara,0.2648161965243807,6.1
37.727499999973126,-121.9138888888438,147.25148073475071,HEMORRHAGIC,ROUTE_SutterEdenMedicalCenter,0.24,19.705,ROUTE_StanfordHealthCareTriValley,0.24,11.756666666666666,ROUTE_SutterEdenMedicalCenter,0.24,19.705,ROUTE_StanfordHealthCareTriValley,0.24,11.756666666666666
37.41083333330621,-122.12027777773285,87.20206249364026,LVO,ROUTE_StanfordHealthCare,0.42912671015473663,16.14,ROUTE_StanfordHealthCare,0.42912671015473663,16.14,ROUTE_StanfordHealthCare,0.42912671015473663,16.14,ROUTE_StanfordHealthCare,0.42912671015473663,16.14
38.30777777775137,-122.31222222217745,142.66760979550025,HEMORRHAGIC,ROUTE_JohnMuirMedicalCenterWalnutCreekCampus,0.24,50.155,ROUTE_ProvidenceQueenOfTheValleyMedicalCenter,0.24,7.543333333333334,ROUTE_JohnMuirMedicalCenterWalnutCreekCampus,0.24,50.155,ROUTE_ProvidenceQueenOfTheValleyMedicalCenter,0.24,7.543333333333334
37.692499999973094,-121.88666666662157,128.31251214567084,HEMORRHAGIC,ROUTE_SutterEdenMedicalCenter,0.24,20.08,ROUTE_StanfordHealthCareTriValley,0.24,4.138333333333334,ROUTE_SutterEdenMedicalCenter,0.24,20.08,ROUTE_StanfordHealthCareTriValley,0.24,4.138333333333334
37.784999999973174,-122.41416666662198,132.50760553851285,HEMORRHAGIC,ROUTE_CPMCDaviesCampusSutter,0.24,9.263333333333332,ROUTE_UCSFHealthHydeHospital,0.24,1.9549999999999998,ROUTE_CPMCDaviesCampusSutter,0.24,9.263333333333332,ROUTE_UCSFHealthHydeHospital,0.24,1.9549999999999998
37.94027777775107,-121.95916666662161,104.01554743538193,LVO,ROUTE_JohnMuirMedicalCenterWalnutCreekCampus,0.42400208149013147,12.143333333333334,ROUTE_JohnMuirMedicalCenterWalnutCreekCampus,0.42400208149013147,12.143333333333334,ROUTE_JohnMuirMedicalCenterWalnutCreekCampus,0.42400208149013147,12.143333333333334,ROUTE_JohnMuirMedicalCenterWalnutCreekCampus,0.42400208149013147,12.143333333333334
37.98083333330666,-122.29305555551078,180.7718235583357,LVO,ROUTE_KaiserFoundationHospitalRichmondCampus,0.2607472415987472,16.395,ROUTE_KaiserFoundationHospitalRichmondCampus,0.2607472415987472,16.395,ROUTE_JohnMuirMedicalCenterWalnutCreekCampus,0.25665409573494546,33.76166666666667,ROUTE_KaiserFoundationHospitalRichmondCampus,0.2607472415987472,16.395
37.79916666663985,-122.43861111106645,207.1424776862597,LVO,ROUTE_UCSFHealthHydeHospital,0.2563346534757922,5.831666666666666,ROUTE_UCSFHealthHydeHospital,0.2563346534757922,5.831666666666666,ROUTE_CPMCDaviesCampusSutter,0.2554692358474693,9.556666666666667,ROUTE_UCSFHealthHydeHospital,0.2563346534757922,5.831666666666666
37.460555555528465,-122.24277777773295,243.536675226752,LVO,ROUTE_SequoiaHospital,0.24466880000000002,6.35,ROUTE_SequoiaHospital,0.24466880000000002,6.35,ROUTE_KaiserFoundationHospitalRedwoodCity,0.24466880000000002,10.016666666666667,ROUTE_SequoiaHospital,0.24466880000000002,6.35
37.98249999997333,-122.59638888884434,86.78789423349104,LVO,ROUTE_UCSFMedicalCenter,0.4180866183486938,48.376666666666665,ROUTE_MarinHealthMedicalCenter,0.2873267876521353,15.75,ROUTE_UCSFMedicalCenter,0.4180866183486938,48.376666666666665,ROUTE_MarinHealthMedicalCenter,0.2873267876521353,15.75
37.489166666639605,-122.23527777773295,256.5722611743479,HEMORRHAGIC,ROUTE_KaiserFoundationHospitalRedwoodCity,0.24,4.641666666666667,ROUTE_KaiserFoundationHospitalRedwoodCity,0.24,4.641666666666667,ROUTE_KaiserFoundationHospitalRedwoodCity,0.24,4.641666666666667,ROUTE_KaiserFoundationHospitalRedwoodCity,0.24,4.641666666666667
37.466111111084025,-122.13638888884398,166.63997714618708,NLVO,ROUTE_KaiserFoundationHospitalRedwoodCity,0.520598983952185,12.014999999999999,ROUTE_KaiserFoundationHospitalRedwoodCity,0.520598983952185,12.014999999999999,ROUTE_KaiserFoundationHospitalRedwoodCity,0.520598983952185,12.014999999999999,ROUTE_KaiserFoundationHospitalRedwoodCity,0.520598983952185,12.014999999999999
38.10611111108454,-122.24944444439963,114.98683026122876,HEMORRHAGIC,ROUTE_JohnMuirMedicalCenterWalnutCreekCampus,0.24,29.096666666666668,ROUTE_KaiserFoundationHospitalVallejo,0.24,5.828333333333333,ROUTE_JohnMuirMedicalCenterWalnutCreekCampus,0.24,29.096666666666668,ROUTE_KaiserFoundationHospitalVallejo,0.24,5.828333333333333
37.56944444441744,-122.31861111106635,43.815096132544156,HEMORRHAGIC,ROUTE_MillsPeninsulaMedicalCenterSutter,0.24,12.165,ROUTE_SanMateoMedicalCenter,0.24,10.701666666666666,ROUTE_MillsPeninsulaMedicalCenterSutter,0.24,12.165,ROUTE_MillsPeninsulaMedicalCenterSutter,0.24,12.165
37.750277777750924,-121.88694444439933,162.31419364936184,HEMORRHAGIC,ROUTE_SutterEdenMedicalCenter,0.24,25.198333333333334,ROUTE_SanRamonRegionalMedicalCenter,0.24,14.610000000000001,ROUTE_SutterEdenMedicalCenter,0.24,25.198333333333334,ROUTE_SanRamonRegionalMedicalCenter,0.24,14.610000000000001
38.3224999999736,-122.32305555551079,251.28409813076007,LVO,ROUTE_ProvidenceQueenOfTheValleyMedicalCenter,0.24466880000000002,5.9366666666666665,ROUTE_ProvidenceQueenOfTheValleyMedicalCenter,0.24466880000000002,5.9366666666666665,ROUTE_JohnMuirMedicalCenterWalnutCreekCampus,0.24466880000000002,51.235,ROUTE_ProvidenceQueenOfTheValleyMedicalCenter,0.24466880000000002,5.9366666666666665
37.762222222195376,-122.46611111106647,250.94657342257563,LVO,ROUTE_UCSFMedicalCenter,0.24466880000000002,1.84,ROUTE_UCSFMedicalCenter,0.24466880000000002,1.84,ROUTE_UCSFMedicalCenter,0.24466880000000002,1.84,ROUTE_UCSFMedicalCenter,0.24466880000000002,1.84
37.39999999997286,-121.99833333328831,260.6251305786178,LVO,ROUTE_KaiserFoundationHospitalSantaClara,0.24466880000000002,14.453333333333335,ROUTE_KaiserFoundationHospitalSantaClara,0.24466880000000002,14.453333333333335,ROUTE_KaiserFoundationHospitalSantaClara,0.24466880000000002,14.453333333333335,ROUTE_KaiserFoundationHospitalSantaClara,0.24466880000000002,14.453333333333335
37.52638888886185,-122.03999999995501,255.77029129409945,LVO,ROUTE_WashingtonHospitalHealthcareSystem,0.24466880000000002,17.105,ROUTE_WashingtonHospitalHealthcareSystem,0.24466880000000002,17.105,ROUTE_SutterEdenMedicalCenter,0.24466880000000002,26.296666666666667,ROUTE_WashingtonHospitalHealthcareSystem,0.24466880000000002,17.105
38.14777777775124,-122.2624999999552,243.61482207718777,HEMORRHAGIC,ROUTE_KaiserFoundationHospitalVallejo,0.24,6.221666666666667,ROUTE_KaiserFoundationHospitalVallejo,0.24,6.221666666666667,ROUTE_JohnMuirMedicalCenterWalnutCreekCampus,0.24,34.556666666666665,ROUTE_KaiserFoundationHospitalVallejo,0.24,6.221666666666667
38.26055555552911,-122.04722222217724,72.4462975114109,MIMIC,ROUTE_JohnMuirMedicalCenterWalnutCreekCampus,0.9,40.66833333333333,ROUTE_NorthBayMedicalCenter,0.9,1.3783333333333334,ROUTE_JohnMuirMedicalCenterWalnutCreekCampus,0.9,40.66833333333333,ROUTE_NorthBayMedicalCenter,0.9,1.3783333333333334
37.75777777775093,-122.47416666662203,252.7911873038064,NLVO,ROUTE_UCSFMedicalCenter,0.4622,5.138333333333334,ROUTE_UCSFMedicalCenter,0.4622,5.138333333333334,ROUTE_UCSFMedicalCenter,0.4622,5.138333333333334,ROUTE_UCSFMedicalCenter,0.4622,5.138333333333334
38.28555555552913,-122.05305555551058,195.98413256082634,HEMORRHAGIC,ROUTE_NorthBayMedicalCenter,0.24,10.635,ROUTE_NorthBayMedicalCenter,0.24,10.635,ROUTE_JohnMuirMedicalCenterWalnutCreekCampus,0.24,41.934999999999995,ROUTE_NorthBayMedicalCenter,0.24,10.635
37.53388888886186,-122.290277777733,31.789259873127385,LVO,ROUTE_KaiserFoundationHospitalRedwoodCity,0.45185905050593705,13.815,ROUTE_SanMateoMedicalCenter,0.4062970384502219,5.683333333333334,ROUTE_KaiserFoundationHospitalRedwoodCity,0.45185905050593705,13.815,ROUTE_KaiserFoundationHospitalRedwoodCity,0.45185905050593705,13.815
37.66944444441752,-122.06027777773281,266.8896505098648,LVO,ROUTE_SutterEdenMedicalCenter,0.24466880000000002,15.238333333333333,ROUTE_SutterEdenMedicalCenter,0.24466880000000002,15.238333333333333,ROUTE_SutterEdenMedicalCenter,0.24466880000000002,15.238333333333333,ROUTE_SutterEdenMedicalCenter,0.24466880000000002,15.238333333333333
37.528055555528525,-122.32666666662192,32.784134985503584,MIMIC,ROUTE_MillsPeninsulaMedicalCenterSutter,0.9,16.238333333333333,ROUTE_SanMateoMedicalCenter,0.9,6.331666666666666,ROUTE_MillsPeninsulaMedicalCenterSutter,0.9,16.238333333333333,ROUTE_MillsPeninsulaMedicalCenterSutter,0.9,16.238333333333333
37.52972222219519,-122.27805555551076,90.99791616710783,NLVO,ROUTE_KaiserFoundationHospitalRedwoodCity,0.559872969306091,11.893333333333334,ROUTE_SanMateoMedicalCenter,0.4622,7.79,ROUTE_KaiserFoundationHospitalRedwoodCity,0.559872969306091,11.893333333333334,ROUTE_KaiserFoundationHospitalRedwoodCity,0.559872969306091,11.893333333333334
37.73333333330646,-122.39249999995529,196.31722477289375,LVO,ROUTE_ZuckerbergSanFranciscoGeneralHospital,0.2585068264663186,8.583333333333334,ROUTE_ZuckerbergSanFranciscoGeneralHospital,0.2585068264663186,8.583333333333334,ROUTE_CPMCDaviesCampusSutter,0.2571325951676063,14.44,ROUTE_ZuckerbergSanFranciscoGeneralHospital,0.2585068264663186,8.583333333333334
37.681388888861974,-121.7863888888437,131.6846819511368,NLVO,ROUTE_SutterEdenMedicalCenter,0.5315062689238415,27.601666666666667,ROUTE_StanfordHealthCareTriValley,0.5368369927164836,16.203333333333333,ROUTE_SutterEdenMedicalCenter,0.5315062689238415,27.601666666666667,ROUTE_StanfordHealthCareTriValley,0.5368369927164836,16.203333333333333
37.892777777751036,-122.27166666662187,220.5629732873818,NLVO,ROUTE_AltaBatesSummitMedicalCenterAltaBatesCampus,0.4622,12.338333333333333,ROUTE_AltaBatesSummitMedicalCenterAltaBatesCampus,0.4622,12.338333333333333,ROUTE_JohnMuirMedicalCenterWalnutCreekCampus,0.4622,31.991666666666667,ROUTE_KaiserFoundationHospitalRichmondCampus,0.4622,19.545
37.98694444441778,-122.3558333332886,211.06753150301674,LVO,ROUTE_KaiserFoundationHospitalRichmondCampus,0.2542628083022021,10.416666666666666,ROUTE_KaiserFoundationHospitalRichmondCampus,0.2542628083022021,10.416666666666666,ROUTE_JohnMuirMedicalCenterWalnutCreekCampus,0.24466880000000002,37.083333333333336,ROUTE_KaiserFoundationHospitalRichmondCampus,0.2542628083022021,10.416666666666666
37.578611111084115,-122.32027777773301,224.46482673947858,LVO,ROUTE_MillsPeninsulaMedicalCenterSutter,0.24466880000000002,10.131666666666666,ROUTE_MillsPeninsulaMedicalCenterSutter,0.24466880000000002,10.131666666666666,ROUTE_MillsPeninsulaMedicalCenterSutter,0.24466880000000002,10.131666666666666,ROUTE_MillsPeninsulaMedicalCenterSutter,0.24466880000000002,10.131666666666666
37.80166666663985,-122.19222222217736,214.16228150572346,HEMORRHAGIC,ROUTE_HighlandHospitalWilmaChanCampus,0.24,7.883333333333334,ROUTE_HighlandHospitalWilmaChanCampus,0.24,7.883333333333334,ROUTE_SutterEdenMedicalCenter,0.24,16.548333333333332,ROUTE_HighlandHospitalWilmaChanCampus,0.24,7.883333333333334
37.422499999972885,-121.87805555551044,120.407903692744,LVO,ROUTE_RegionalMedicalCenterOfSanJose,0.41797215943513116,11.353333333333333,ROUTE_RegionalMedicalCenterOfSanJose,0.41797215943513116,11.353333333333333,ROUTE_RegionalMedicalCenterOfSanJose,0.41797215943513116,11.353333333333333,ROUTE_RegionalMedicalCenterOfSanJose,0.41797215943513116,11.353333333333333
38.24249999997354,-122.00888888884388,222.11507064232657,LVO,ROUTE_NorthBayMedicalCenter,0.24466880000000002,14.121666666666666,ROUTE_NorthBayMedicalCenter,0.24466880000000002,14.121666666666666,ROUTE_JohnMuirMedicalCenterWalnutCreekCampus,0.24466880000000002,45.64,ROUTE_NorthBayMedicalCenter,0.24466880000000002,14.121666666666666
38.0030555555289,-122.27777777773298,91.88235078505113,HEMORRHAGIC,ROUTE_JohnMuirMedicalCenterWalnutCreekCampus,0.24,30.553333333333335,ROUTE_ContraCostaRegionalMedicalCenter,0.24,17.506666666666668,ROUTE_JohnMuirMedicalCenterWalnutCreekCampus,0.24,30.553333333333335,ROUTE_KaiserFoundationHospitalRichmondCampus,0.24,19.668333333333333
37.996944444417785,-121.83972222217707,158.60760614211878,HEMORRHAGIC,ROUTE_JohnMuirMedicalCenterWalnutCreekCampus,0.24,28.3,ROUTE_SutterDeltaMedicalCenter,0.24,8.878333333333334,ROUTE_JohnMuirMedicalCenterWalnutCreekCampus,0.24,28.3,ROUTE_KaiserFoundationHospitalAntioch,0.24,14.561666666666667
38.283333333306906,-122.27027777773297,257.91751378782544,HEMORRHAGIC,ROUTE_ProvidenceQueenOfTheValleyMedicalCenter,0.24,10.583333333333334,ROUTE_ProvidenceQueenOfTheValleyMedicalCenter,0.24,10.583333333333334,ROUTE_JohnMuirMedicalCenterWalnutCreekCampus,0.24,48.765,ROUTE_ProvidenceQueenOfTheValleyMedicalCenter,0.24,10.583333333333334
37.79944444441763,-122.42805555551088,36.54476754379735,LVO,ROUTE_CPMCDaviesCampusSutter,0.4514051621337713,9.788333333333332,ROUTE_UCSFHealthHydeHospital,0.4387638564365961,3.5816666666666666,ROUTE_CPMCDaviesCampusSutter,0.4514051621337713,9.788333333333332,ROUTE_UCSFHealthHydeHospital,0.4387638564365961,3.5816666666666666
38.00638888886224,-121.82861111106595,72.25195975292372,HEMORRHAGIC,ROUTE_JohnMuirMedicalCenterWalnutCreekCampus,0.24,28.515,ROUTE_SutterDeltaMedicalCenter,0.24,10.911666666666667,ROUTE_JohnMuirMedicalCenterWalnutCreekCampus,0.24,28.515,ROUTE_KaiserFoundationHospitalAntioch,0.24,16.148333333333333
38.12416666664011,-122.22388888884404,56.7536757622753,HEMORRHAGIC,ROUTE_JohnMuirMedicalCenterWalnutCreekCampus,0.24,29.671666666666667,ROUTE_SutterSolanoMedicalCenter,0.24,4.838333333333334,ROUTE_JohnMuirMedicalCenterWalnutCreekCampus,0.24,29.671666666666667,ROUTE_SutterSolanoMedicalCenter,0.24,4.838333333333334
38.30722222219581,-122.34916666662193,66.20834942738642,MIMIC,ROUTE_JohnMuirMedicalCenterWalnutCreekCampus,0.9,55.03,ROUTE_ProvidenceQueenOfTheValleyMedicalCenter,0.9,12.29,ROUTE_JohnMuirMedicalCenterWalnutCreekCampus,0.9,55.03,ROUTE_ProvidenceQueenOfTheValleyMedicalCenter,0.9,12.29
37.36833333330617,-121.99916666662165,264.3400046988835,LVO,ROUTE_KaiserFoundationHospitalSantaClara,0.24466880000000002,8.09,ROUTE_KaiserFoundationHospitalSantaClara,0.24466880000000002,8.09,ROUTE_KaiserFoundationHospitalSantaClara,0.24466880000000002,8.09,ROUTE_KaiserFoundationHospitalSantaClara,0.24466880000000002,8.09
38.00611111108446,-121.73166666662144,123.1341792260064,LVO,ROUTE_JohnMuirMedicalCenterWalnutCreekCampus,0.4083178115271382,36.565000000000005,ROUTE_SutterDeltaMedicalCenter,0.24466880000000002,15.008333333333333,ROUTE_JohnMuirMedicalCenterWalnutCreekCampus,0.4083178115271382,36.565000000000005,ROUTE_KaiserFoundationHospitalAntioch,0.27654272869432805,16.528333333333332
37.76249999997315,-122.39805555551085,195.4051223418684,HEMORRHAGIC,ROUTE_CPMCDaviesCampusSutter,0.24,10.613333333333333,ROUTE_ZuckerbergSanFranciscoGeneralHospital,0.24,5.736666666666666,ROUTE_CPMCDaviesCampusSutter,0.24,10.613333333333333,ROUTE_ZuckerbergSanFranciscoGeneralHospital,0.24,5.736666666666666
37.427222222195105,-121.90611111106602,250.84681366356497,HEMORRHAGIC,ROUTE_RegionalMedicalCenterOfSanJose,0.24,13.129999999999999,ROUTE_RegionalMedicalCenterOfSanJose,0.24,13.129999999999999,ROUTE_RegionalMedicalCenterOfSanJose,0.24,13.129999999999999,ROUTE_RegionalMedicalCenterOfSanJose,0.24,13.129999999999999
37.471666666639585,-122.22583333328849,229.97649050638054,HEMORRHAGIC,ROUTE_KaiserFoundationHospitalRedwoodCity,0.24,7.706666666666666,ROUTE_KaiserFoundationHospitalRedwoodCity,0.24,7.706666666666666,ROUTE_KaiserFoundationHospitalRedwoodCity,0.24,7.706666666666666,ROUTE_KaiserFoundationHospitalRedwoodCity,0.24,7.706666666666666
38.00749999997335,-121.89722222217712,219.34216547858256,LVO,ROUTE_SutterDeltaMedicalCenter,0.24466880000000002,11.975,ROUTE_SutterDeltaMedicalCenter,0.24466880000000002,11.975,ROUTE_JohnMuirMedicalCenterWalnutCreekCampus,0.24466880000000002,22.25,ROUTE_JohnMuirMedicalCenterConcordCampus,0.24466880000000002,14.45
37.682777777750864,-122.06972222217726,52.59356533065173,HEMORRHAGIC,ROUTE_SutterEdenMedicalCenter,0.24,11.110000000000001,ROUTE_SutterEdenMedicalCenter,0.24,11.110000000000001,ROUTE_SutterEdenMedicalCenter,0.24,11.110000000000001,ROUTE_SutterEdenMedicalCenter,0.24,11.110000000000001
37.5094444444174,-121.93333333328826,174.5293977345321,LVO,ROUTE_RegionalMedicalCenterOfSanJose,0.2619009971479507,18.5,ROUTE_KaiserFoundationHospitalFremont,0.26271132975801215,15.123333333333333,ROUTE_RegionalMedicalCenterOfSanJose,0.2619009971479507,18.5,ROUTE_KaiserFoundationHospitalFremont,0.26271132975801215,15.123333333333333
37.92361111108439,-122.30555555551078,202.98990403931106,HEMORRHAGIC,ROUTE_KaiserFoundationHospitalRichmondCampus,0.24,12.453333333333335,ROUTE_KaiserFoundationHospitalRichmondCampus,0.24,12.453333333333335,ROUTE_CPMCDaviesCampusSutter,0.24,32.236666666666665,ROUTE_KaiserFoundationHospitalRichmondCampus,0.24,12.453333333333335
38.25749999997355,-122.02333333328833,259.8801007490587,HEMORRHAGIC,ROUTE_NorthBayMedicalCenter,0.24,7.211666666666667,ROUTE_NorthBayMedicalCenter,0.24,7.211666666666667,ROUTE_JohnMuirMedicalCenterWalnutCreekCampus,0.24,44.858333333333334,ROUTE_NorthBayMedicalCenter,0.24,7.211666666666667
37.534999999972975,-122.03444444439945,187.81784695456508,MIMIC,ROUTE_WashingtonHospitalHealthcareSystem,0.9,15.256666666666666,ROUTE_WashingtonHospitalHealthcareSystem,0.9,15.256666666666666,ROUTE_SutterEdenMedicalCenter,0.9,24.448333333333334,ROUTE_WashingtonHospitalHealthcareSystem,0.9,15.256666666666666
37.80999999997319,-122.2586111110663,54.422460061938054,HEMORRHAGIC,ROUTE_SutterEdenMedicalCenter,0.24,22.091666666666665,ROUTE_AltaBatesSummitMedicalCenterSummitCampus,0.24,5.368333333333334,ROUTE_SutterEdenMedicalCenter,0.24,22.091666666666665,ROUTE_AltaBatesSummitMedicalCenterSummitCampus,0.24,5.368333333333334
38.00416666664001,-122.26638888884409,83.16198941258936,LVO,ROUTE_JohnMuirMedicalCenterWalnutCreekCampus,0.4258293871202208,30.065,ROUTE_ContraCostaRegionalMedicalCenter,0.24466880000000002,17.018333333333334,ROUTE_JohnMuirMedicalCenterWalnutCreekCampus,0.4258293871202208,30.065,ROUTE_KaiserFoundationHospitalRichmondCampus,0.2873005765894165,19.876666666666665
37.92277777775106,-122.05777777773281,183.69904507849816,LVO,ROUTE_JohnMuirMedicalCenterWalnutCreekCampus,0.26242854866323995,6.111666666666666,ROUTE_JohnMuirMedicalCenterWalnutCreekCampus,0.26242854866323995,6.111666666666666,ROUTE_JohnMuirMedicalCenterWalnutCreekCampus,0.26242854866323995,6.111666666666666,ROUTE_JohnMuirMedicalCenterWalnutCreekCampus,0.26242854866323995,6.111666666666666
37.99222222219556,-121.84111111106597,221.43812702854885,LVO,ROUTE_SutterDeltaMedicalCenter,0.24466880000000002,8.408333333333333,ROUTE_SutterDeltaMedicalCenter,0.24466880000000002,8.408333333333333,ROUTE_JohnMuirMedicalCenterWalnutCreekCampus,0.24466880000000002,29.303333333333335,ROUTE_KaiserFoundationHospitalAntioch,0.24466880000000002,14.22
37.721666666639784,-122.48444444439981,208.30330776031198,HEMORRHAGIC,ROUTE_AHMCSetonMedicalCenter,0.24,8.695,ROUTE_AHMCSetonMedicalCenter,0.24,8.695,ROUTE_UCSFMedicalCenter,0.24,13.055,ROUTE_AHMCSetonMedicalCenter,0.24,8.695
37.93472222219551,-122.07194444439949,34.52834192234607,HEMORRHAGIC,ROUTE_JohnMuirMedicalCenterWalnutCreekCampus,0.24,10.129999999999999,ROUTE_JohnMuirMedicalCenterConcordCampus,0.24,9.58,ROUTE_JohnMuirMedicalCenterWalnutCreekCampus,0.24,10.129999999999999,ROUTE_JohnMuirMedicalCenterConcordCampus,0.24,9.58
37.712777777750894,-122.48388888884426,216.51673996252907,HEMORRHAGIC,ROUTE_AHMCSetonMedicalCenter,0.24,7.421666666666667,ROUTE_AHMCSetonMedicalCenter,0.24,7.421666666666667,ROUTE_UCSFMedicalCenter,0.24,14.673333333333334,ROUTE_AHMCSetonMedicalCenter,0.24,7.421666666666667
37.89222222219548,-122.09888888884394,145.17959925106524,MIMIC,ROUTE_JohnMuirMedicalCenterWalnutCreekCampus,0.9,11.416666666666666,ROUTE_KaiserFoundationHospitalWalnutCreek,0.9,9.146666666666667,ROUTE_JohnMuirMedicalCenterWalnutCreekCampus,0.9,11.416666666666666,ROUTE_KaiserFoundationHospitalWalnutCreek,0.9,9.146666666666667
38.272222222195786,-122.04055555551057,138.64044116370184,HEMORRHAGIC,ROUTE_JohnMuirMedicalCenterWalnutCreekCampus,0.24,41.501666666666665,ROUTE_NorthBayMedicalCenter,0.24,4.5233333333333325,ROUTE_JohnMuirMedicalCenterWalnutCreekCampus,0.24,41.501666666666665,ROUTE_NorthBayMedicalCenter,0.24,4.5233333333333325
37.862222222195456,-122.26388888884408,178.31182843172334,HEMORRHAGIC,ROUTE_JohnMuirMedicalCenterWalnutCreekCampus,0.24,27.41166666666667,ROUTE_AltaBatesSummitMedicalCenterAltaBatesCampus,0.24,3.795,ROUTE_JohnMuirMedicalCenterWalnutCreekCampus,0.24,27.41166666666667,ROUTE_KaiserFoundationHospitalOaklandRichmond,0.24,11.808333333333334
37.685555555528644,-121.8822222221771,185.9345573375281,HEMORRHAGIC,ROUTE_SutterEdenMedicalCenter,0.24,23.263333333333332,ROUTE_StanfordHealthCareTriValley,0.24,5.441666666666666,ROUTE_SutterEdenMedicalCenter,0.24,23.263333333333332,ROUTE_StanfordHealthCareTriValley,0.24,5.441666666666666
37.486388888861825,-122.2586111110663,253.32136640025928,LVO,ROUTE_SequoiaHospital,0.24466880000000002,3.645,ROUTE_SequoiaHospital,0.24466880000000002,3.645,ROUTE_KaiserFoundationHospitalRedwoodCity,0.24466880000000002,11.111666666666668,ROUTE_SequoiaHospital,0.24466880000000002,3.645
37.78888888886206,-122.43972222217755,256.14317882045543,NLVO,ROUTE_KaiserFoundationHospitalSanFrancisco,0.4622,3.1933333333333334,ROUTE_KaiserFoundationHospitalSanFrancisco,0.4622,3.1933333333333334,ROUTE_CPMCDaviesCampusSutter,0.4622,6.655,ROUTE_KaiserFoundationHospitalSanFrancisco,0.4622,3.1933333333333334
37.7922222221954,-122.4177777777331,231.54366260705507,LVO,ROUTE_UCSFHealthHydeHospital,0.24466880000000002,0.6583333333333333,ROUTE_UCSFHealthHydeHospital,0.24466880000000002,0.6583333333333333,ROUTE_CPMCDaviesCampusSutter,0.24466880000000002,9.004999999999999,ROUTE_UCSFHealthHydeHospital,0.24466880000000002,0.6583333333333333
37.77416666663983,-122.45277777773312,150.9747528577828,LVO,ROUTE_UCSFMedicalCenter,0.40872251206867305,4.4383333333333335,ROUTE_UCSFHealthStanyanHospital,0.2726221156128575,1.03,ROUTE_UCSFMedicalCenter,0.40872251206867305,4.4383333333333335,ROUTE_UCSFHealthStanyanHospital,0.2726221156128575,1.03
37.79083333330651,-122.1916666666218,59.08879638564457,HEMORRHAGIC,ROUTE_SutterEdenMedicalCenter,0.24,16.401666666666667,ROUTE_HighlandHospitalWilmaChanCampus,0.24,5.833333333333333,ROUTE_SutterEdenMedicalCenter,0.24,16.401666666666667,ROUTE_HighlandHospitalWilmaChanCampus,0.24,5.833333333333333
37.87527777775102,-122.0263888888439,213.86049471765486,LVO,ROUTE_KaiserFoundationHospitalWalnutCreek,0.2538567286231397,9.078333333333335,ROUTE_KaiserFoundationHospitalWalnutCreek,0.2538567286231397,9.078333333333335,ROUTE_JohnMuirMedicalCenterWalnutCreekCampus,0.24466880000000002,13.383333333333333,ROUTE_KaiserFoundationHospitalWalnutCreek,0.2538567286231397,9.078333333333335
37.672499999973084,-122.07972222217727,144.878472534793,NLVO,ROUTE_SutterEdenMedicalCenter,0.5329751499732287,9.803333333333335,ROUTE_SutterEdenMedicalCenter,0.5329751499732287,9.803333333333335,ROUTE_SutterEdenMedicalCenter,0.5329751499732287,9.803333333333335,ROUTE_SutterEdenMedicalCenter,0.5329751499732287,9.803333333333335
37.823333333306536,-122.23527777773295,180.93815202050615,NLVO,ROUTE_SutterEdenMedicalCenter,0.5080700432780777,22.723333333333336,ROUTE_KaiserFoundationHospitalOaklandRichmond,0.5155524758834233,6.855,ROUTE_SutterEdenMedicalCenter,0.5080700432780777,22.723333333333336,ROUTE_KaiserFoundationHospitalOaklandRichmond,0.5155524758834233,6.855
37.655833333306404,-122.41083333328865,232.18654843700077,LVO,ROUTE_KaiserFoundationHospitalSouthSanFrancisco,0.24466880000000002,7.245,ROUTE_KaiserFoundationHospitalSouthSanFrancisco,0.24466880000000002,7.245,ROUTE_MillsPeninsulaMedicalCenterSutter,0.24466880000000002,10.68,ROUTE_KaiserFoundationHospitalSouthSanFrancisco,0.24466880000000002,7.245
37.707222222195334,-122.46361111106647,184.43323539746564,NLVO,ROUTE_CPMCDaviesCampusSutter,0.5098463779808589,15.076666666666666,ROUTE_AHMCSetonMedicalCenter,0.513317934249409,7.715,ROUTE_CPMCDaviesCampusSutter,0.5098463779808589,15.076666666666666,ROUTE_AHMCSetonMedicalCenter,0.513317934249409,7.715
37.679999999973084,-122.0705555555106,188.63207300545167,LVO,ROUTE_SutterEdenMedicalCenter,0.260293634621899,9.568333333333333,ROUTE_SutterEdenMedicalCenter,0.260293634621899,9.568333333333333,ROUTE_SutterEdenMedicalCenter,0.260293634621899,9.568333333333333,ROUTE_SutterEdenMedicalCenter,0.260293634621899,9.568333333333333
38.013611111084465,-122.55499999995543,183.99746789383184,MIMIC,ROUTE_KaiserFoundationHospitalSanRafael,0.9,4.29,ROUTE_KaiserFoundationHospitalSanRafael,0.9,4.29,ROUTE_UCSFMedicalCenter,0.9,42.48833333333334,ROUTE_KaiserFoundationHospitalSanRafael,0.9,4.29
37.8919444444177,-121.58888888884354,167.9053976488933,LVO,ROUTE_KaiserFoundationHospitalAntioch,0.2620890944379579,25.075,ROUTE_KaiserFoundationHospitalAntioch,0.2620890944379579,25.075,ROUTE_JohnMuirMedicalCenterWalnutCreekCampus,0.2560620423643044,50.6,ROUTE_KaiserFoundationHospitalAntioch,0.2620890944379579,25.075
37.748333333306476,-122.42611111106643,184.3738533887049,HEMORRHAGIC,ROUTE_CPMCDaviesCampusSutter,0.24,6.77,ROUTE_CPMCMissionBernalCampusSutter,0.24,1.6400000000000001,ROUTE_CPMCDaviesCampusSutter,0.24,6.77,ROUTE_CPMCMissionBernalCampusSutter,0.24,1.6400000000000001
37.781666666639836,-121.94277777773272,202.22223234417083,HEMORRHAGIC,ROUTE_SanRamonRegionalMedicalCenter,0.24,8.743333333333334,ROUTE_SanRamonRegionalMedicalCenter,0.24,8.743333333333334,ROUTE_JohnMuirMedicalCenterWalnutCreekCampus,0.24,25.596666666666668,ROUTE_SanRamonRegionalMedicalCenter,0.24,8.743333333333334
37.53999999997298,-121.9708333332883,247.0413642850144,LVO,ROUTE_KaiserFoundationHospitalFremont,0.24466880000000002,4.446666666666667,ROUTE_KaiserFoundationHospitalFremont,0.24466880000000002,4.446666666666667,ROUTE_RegionalMedicalCenterOfSanJose,0.24466880000000002,23.441666666666666,ROUTE_KaiserFoundationHospitalFremont,0.24466880000000002,4.446666666666667
38.313611111084704,-122.28499999995522,188.31265054143347,HEMORRHAGIC,ROUTE_ProvidenceQueenOfTheValleyMedicalCenter,0.24,5.515,ROUTE_ProvidenceQueenOfTheValleyMedicalCenter,0.24,5.515,ROUTE_JohnMuirMedicalCenterWalnutCreekCampus,0.24,51.983333333333334,ROUTE_ProvidenceQueenOfTheValleyMedicalCenter,0.24,5.515
37.80694444441763,-122.41111111106642,96.1904086217503,NLVO,ROUTE_CPMCDaviesCampusSutter,0.5565754900369211,13.238333333333333,ROUTE_ChineseHospital,0.5604652923390939,4.845,ROUTE_CPMCDaviesCampusSutter,0.5565754900369211,13.238333333333333,ROUTE_ChineseHospital,0.5604652923390939,4.845
37.85333333330656,-122.23611111106628,163.45995169294196,HEMORRHAGIC,ROUTE_SutterEdenMedicalCenter,0.24,19.82,ROUTE_AltaBatesSummitMedicalCenterAltaBatesCampus,0.24,6.760000000000001,ROUTE_SutterEdenMedicalCenter,0.24,19.82,ROUTE_HighlandHospitalWilmaChanCampus,0.24,10.81
37.44888888886179,-122.16361111106623,85.99095193716167,MIMIC,ROUTE_StanfordHealthCare,0.9,7.428333333333333,ROUTE_StanfordHealthCare,0.9,7.428333333333333,ROUTE_StanfordHealthCare,0.9,7.428333333333333,ROUTE_StanfordHealthCare,0.9,7.428333333333333
38.10499999997343,-122.24805555551073,59.93062462678096,LVO,ROUTE_JohnMuirMedicalCenterWalnutCreekCampus,0.4354324434374061,28.52,ROUTE_KaiserFoundationHospitalVallejo,0.29826648008125634,5.583333333333333,ROUTE_JohnMuirMedicalCenterWalnutCreekCampus,0.4354324434374061,28.52,ROUTE_KaiserFoundationHospitalVallejo,0.29826648008125634,5.583333333333333
37.418888888861765,-121.9099999999549,155.24197603740313,LVO,ROUTE_RegionalMedicalCenterOfSanJose,0.4038725774586944,14.043333333333333,ROUTE_OConnorHospital,0.26871495112611404,11.941666666666666,ROUTE_RegionalMedicalCenterOfSanJose,0.4038725774586944,14.043333333333333,ROUTE_OConnorHospital,0.26871495112611404,11.941666666666666
37.51777777775074,-122.31611111106635,241.82282571645013,LVO,ROUTE_SanMateoMedicalCenter,0.24466880000000002,12.396666666666667,ROUTE_SanMateoMedicalCenter,0.24466880000000002,12.396666666666667,ROUTE_MillsPeninsulaMedicalCenterSutter,0.24466880000000002,18.081666666666667,ROUTE_MillsPeninsulaMedicalCenterSutter,0.24466880000000002,18.081666666666667
37.78888888886206,-122.39111111106641,124.55720183820786,LVO,ROUTE_CPMCDaviesCampusSutter,0.41623818877312035,11.783333333333333,ROUTE_ChineseHospital,0.27915240320680473,4.816666666666666,ROUTE_CPMCDaviesCampusSutter,0.41623818877312035,11.783333333333333,ROUTE_ChineseHospital,0.27915240320680473,4.816666666666666
37.68194444441753,-122.08722222217727,257.9292865763005,MIMIC,ROUTE_SutterEdenMedicalCenter,0.9,6.88,ROUTE_SutterEdenMedicalCenter,0.9,6.88,ROUTE_SutterEdenMedicalCenter,0.9,6.88,ROUTE_SutterEdenMedicalCenter,0.9,6.88
37.776111111084276,-122.41472222217753,205.53751969313151,LVO,ROUTE_CPMCVanNessCampusSutter,0.2571677242630032,4.045,ROUTE_CPMCVanNessCampusSutter,0.2571677242630032,4.045,ROUTE_CPMCDaviesCampusSutter,0.2563897589291865,7.378333333333333,ROUTE_CPMCVanNessCampusSutter,0.2571677242630032,4.045
38.00444444441779,-122.28805555551077,33.053643066099106,LVO,ROUTE_JohnMuirMedicalCenterWalnutCreekCampus,0.4457346932267803,29.435,ROUTE_KaiserFoundationHospitalRichmondCampus,0.4326178127185639,14.248333333333333,ROUTE_JohnMuirMedicalCenterWalnutCreekCampus,0.4457346932267803,29.435,ROUTE_KaiserFoundationHospitalRichmondCampus,0.4326178127185639,14.248333333333333
37.920555555528836,-122.05638888884391,47.58285620647036,HEMORRHAGIC,ROUTE_JohnMuirMedicalCenterWalnutCreekCampus,0.24,5.786666666666666,ROUTE_JohnMuirMedicalCenterWalnutCreekCampus,0.24,5.786666666666666,ROUTE_JohnMuirMedicalCenterWalnutCreekCampus,0.24,5.786666666666666,ROUTE_JohnMuirMedicalCenterWalnutCreekCampus,0.24,5.786666666666666
38.28805555552913,-122.31138888884412,194.78900165853966,HEMORRHAGIC,ROUTE_ProvidenceQueenOfTheValleyMedicalCenter,0.24,9.288333333333332,ROUTE_ProvidenceQueenOfTheValleyMedicalCenter,0.24,9.288333333333332,ROUTE_JohnMuirMedicalCenterWalnutCreekCampus,0.24,48.58166666666667,ROUTE_ProvidenceQueenOfTheValleyMedicalCenter,0.24,9.288333333333332
38.10333333330676,-122.50499999995539,131.6432274950492,LVO,ROUTE_UCSFMedicalCenter,0.39975074856029885,52.55,ROUTE_NovatoCommunityHospitalSutter,0.27511439603258153,12.666666666666666,ROUTE_UCSFMedicalCenter,0.39975074856029885,52.55,ROUTE_NovatoCommunityHospitalSutter,0.27511439603258153,12.666666666666666
38.00333333330668,-122.10388888884395,103.08186830649586,LVO,ROUTE_JohnMuirMedicalCenterWalnutCreekCampus,0.42200284100274565,18.94,ROUTE_ContraCostaRegionalMedicalCenter,0.24466880000000002,7.83,ROUTE_JohnMuirMedicalCenterWalnutCreekCampus,0.42200284100274565,18.94,ROUTE_JohnMuirMedicalCenterConcordCampus,0.28358792278968836,11.711666666666668
37.94194444441774,-121.93055555551048,267.37677657350025,LVO,ROUTE_JohnMuirMedicalCenterWalnutCreekCampus,0.24466880000000002,15.706666666666667,ROUTE_JohnMuirMedicalCenterWalnutCreekCampus,0.24466880000000002,15.706666666666667,ROUTE_JohnMuirMedicalCenterWalnutCreekCampus,0.24466880000000002,15.706666666666667,ROUTE_JohnMuirMedicalCenterWalnutCreekCampus,0.24466880000000002,15.706666666666667
37.58611111108412,-122.05694444439948,244.58538733419118,HEMORRHAGIC,ROUTE_StRoseHospital,0.24,11.653333333333334,ROUTE_StRoseHospital,0.24,11.653333333333334,ROUTE_SutterEdenMedicalCenter,0.24,20.815,ROUTE_WashingtonHospitalHealthcareSystem,0.24,17.12
38.02138888886225,-121.88444444439934,251.0286966293351,LVO,ROUTE_SutterDeltaMedicalCenter,0.24466880000000002,12.746666666666666,ROUTE_SutterDeltaMedicalCenter,0.24466880000000002,12.746666666666666,ROUTE_JohnMuirMedicalCenterWalnutCreekCampus,0.24466880000000002,24.465,ROUTE_JohnMuirMedicalCenterConcordCampus,0.24466880000000002,14.705
37.726666666639794,-122.40722222217754,154.6762855832452,HEMORRHAGIC,ROUTE_CPMCDaviesCampusSutter,0.24,13.965,ROUTE_ZuckerbergSanFranciscoGeneralHospital,0.24,9.191666666666666,ROUTE_CPMCDaviesCampusSutter,0.24,13.965,ROUTE_ZuckerbergSanFranciscoGeneralHospital,0.24,9.191666666666666
37.796111111084294,-122.19805555551069,114.06996112139731,LVO,ROUTE_SutterEdenMedicalCenter,0.41842893125662683,17.07,ROUTE_HighlandHospitalWilmaChanCampus,0.2820789326580373,5.239999999999999,ROUTE_SutterEdenMedicalCenter,0.41842893125662683,17.07,ROUTE_HighlandHospitalWilmaChanCampus,0.2820789326580373,5.239999999999999
37.80305555552874,-122.40694444439976,31.246471069258995,HEMORRHAGIC,ROUTE_CPMCDaviesCampusSutter,0.24,13.785,ROUTE_ChineseHospital,0.24,4.613333333333333,ROUTE_CPMCDaviesCampusSutter,0.24,13.785,ROUTE_ChineseHospital,0.24,4.613333333333333
37.85138888886211,-122.2724999999552,203.81736335925956,LVO,ROUTE_KaiserFoundationHospitalOaklandRichmond,0.25660174326393226,8.38,ROUTE_AltaBatesSummitMedicalCenterAltaBatesCampus,0.24466880000000002,4.616666666666666,ROUTE_JohnMuirMedicalCenterWalnutCreekCampus,0.24466880000000002,25.355,ROUTE_KaiserFoundationHospitalOaklandRichmond,0.25660174326393226,8.38
37.47083333330625,-122.14055555551064,246.495457577432,LVO,ROUTE_KaiserFoundationHospitalRedwoodCity,0.24466880000000002,11.196666666666665,ROUTE_KaiserFoundationHospitalRedwoodCity,0.24466880000000002,11.196666666666665,ROUTE_KaiserFoundationHospitalRedwoodCity,0.24466880000000002,11.196666666666665,ROUTE_KaiserFoundationHospitalRedwoodCity,0.24466880000000002,11.196666666666665
37.6305555555286,-122.08833333328839,252.99488357831058,LVO,ROUTE_StRoseHospital,0.24466880000000002,2.565,ROUTE_StRoseHospital,0.24466880000000002,2.565,ROUTE_SutterEdenMedicalCenter,0.24466880000000002,15.228333333333333,ROUTE_KaiserFoundationHospitalSanLeandro,0.24466880000000002,13.535
38.28666666664024,-122.26666666662186,172.23153014334218,LVO,ROUTE_ProvidenceQueenOfTheValleyMedicalCenter,0.2637917741437436,13.195,ROUTE_ProvidenceQueenOfTheValleyMedicalCenter,0.2637917741437436,13.195,ROUTE_JohnMuirMedicalCenterWalnutCreekCampus,0.2547685448770017,51.375,ROUTE_ProvidenceQueenOfTheValleyMedicalCenter,0.2637917741437436,13.195
37.55694444441743,-122.28944444439966,213.87163487042181,LVO,ROUTE_SanMateoMedicalCenter,0.24466880000000002,9.088333333333333,ROUTE_SanMateoMedicalCenter,0.24466880000000002,9.088333333333333,ROUTE_MillsPeninsulaMedicalCenterSutter,0.25328096377848813,11.575,ROUTE_MillsPeninsulaMedicalCenterSutter,0.25328096377848813,11.575
37.53388888886186,-122.34416666662193,105.54479373895927,HEMORRHAGIC,ROUTE_MillsPeninsulaMedicalCenterSutter,0.24,17.435,ROUTE_SanMateoMedicalCenter,0.24,9.806666666666667,ROUTE_MillsPeninsulaMedicalCenterSutter,0.24,17.435,ROUTE_MillsPeninsulaMedicalCenterSutter,0.24,17.435
38.00777777775113,-122.55833333328876,105.65908011215544,LVO,ROUTE_UCSFMedicalCenter,0.4124218194377522,43.92333333333333,ROUTE_KaiserFoundationHospitalSanRafael,0.28535516146736983,2.1733333333333333,ROUTE_UCSFMedicalCenter,0.4124218194377522,43.92333333333333,ROUTE_KaiserFoundationHospitalSanRafael,0.28535516146736983,2.1733333333333333
37.83499999997321,-122.20999999995514,162.2447525773223,HEMORRHAGIC,ROUTE_SutterEdenMedicalCenter,0.24,22.561666666666667,ROUTE_HighlandHospitalWilmaChanCampus,0.24,12.35,ROUTE_SutterEdenMedicalCenter,0.24,22.561666666666667,ROUTE_HighlandHospitalWilmaChanCampus,0.24,12.35
37.96999999997332,-121.75944444439924,133.91108938738455,HEMORRHAGIC,ROUTE_JohnMuirMedicalCenterWalnutCreekCampus,0.24,35.475,ROUTE_KaiserFoundationHospitalAntioch,0.24,8.165,ROUTE_JohnMuirMedicalCenterWalnutCreekCampus,0.24,35.475,ROUTE_KaiserFoundationHospitalAntioch,0.24,8.165
37.532777777750745,-122.04527777773279,200.88509190746498,HEMORRHAGIC,ROUTE_WashingtonHospitalHealthcareSystem,0.24,17.248333333333335,ROUTE_WashingtonHospitalHealthcareSystem,0.24,17.248333333333335,ROUTE_SutterEdenMedicalCenter,0.24,26.438333333333333,ROUTE_WashingtonHospitalHealthcareSystem,0.24,17.248333333333335
37.98499999997333,-121.70388888884364,175.81658954566248,LVO,ROUTE_KaiserFoundationHospitalAntioch,0.2624001240570942,14.988333333333333,ROUTE_KaiserFoundationHospitalAntioch,0.2624001240570942,14.988333333333333,ROUTE_JohnMuirMedicalCenterWalnutCreekCampus,0.25727804143120436,36.59666666666667,ROUTE_KaiserFoundationHospitalAntioch,0.2624001240570942,14.988333333333333
37.68861111108421,-121.742222222177,38.39879153315227,HEMORRHAGIC,ROUTE_SutterEdenMedicalCenter,0.24,28.785,ROUTE_StanfordHealthCareTriValley,0.24,17.386666666666667,ROUTE_SutterEdenMedicalCenter,0.24,28.785,ROUTE_StanfordHealthCareTriValley,0.24,17.386666666666667
37.80055555552874,-122.40611111106642,51.08732634682355,NLVO,ROUTE_CPMCDaviesCampusSutter,0.5796331161600888,13.418333333333333,ROUTE_ChineseHospital,0.5842830137062235,3.295,ROUTE_CPMCDaviesCampusSutter,0.5796331161600888,13.418333333333333,ROUTE_ChineseHospital,0.5842830137062235,3.295
37.566111111084105,-122.3319444443997,96.2514876766011,LVO,ROUTE_MillsPeninsulaMedicalCenterSutter,0.42724364725256875,11.468333333333334,ROUTE_MillsPeninsulaMedicalCenterSutter,0.42724364725256875,11.468333333333334,ROUTE_MillsPeninsulaMedicalCenterSutter,0.42724364725256875,11.468333333333334,ROUTE_MillsPeninsulaMedicalCenterSutter,0.42724364725256875,11.468333333333334
37.66916666663975,-122.09749999995506,122.68128801533086,HEMORRHAGIC,ROUTE_SutterEdenMedicalCenter,0.24,11.878333333333334,ROUTE_StRoseHospital,0.24,7.983333333333333,ROUTE_SutterEdenMedicalCenter,0.24,11.878333333333334,ROUTE_KaiserFoundationHospitalSanLeandro,0.24,11.136666666666667
37.36777777775062,-122.11611111106619,32.47294236055169,LVO,ROUTE_ElCaminoHealthMountainView,0.45266609442556804,10.821666666666665,ROUTE_ElCaminoHealthMountainView,0.45266609442556804,10.821666666666665,ROUTE_ElCaminoHealthMountainView,0.45266609442556804,10.821666666666665,ROUTE_ElCaminoHealthMountainView,0.45266609442556804,10.821666666666665
37.96833333330665,-122.00638888884387,36.5899753818851,MIMIC,ROUTE_JohnMuirMedicalCenterWalnutCreekCampus,0.9,13.258333333333333,ROUTE_JohnMuirMedicalCenterConcordCampus,0.9,6.7283333333333335,ROUTE_JohnMuirMedicalCenterWalnutCreekCampus,0.9,13.258333333333333,ROUTE_JohnMuirMedicalCenterConcordCampus,0.9,6.7283333333333335
38.08277777775119,-122.51555555551096,102.55893497572542,LVO,ROUTE_UCSFMedicalCenter,0.411437300508981,50.25333333333333,ROUTE_NovatoCommunityHospitalSutter,0.2836528414047035,12.046666666666665,ROUTE_UCSFMedicalCenter,0.411437300508981,50.25333333333333,ROUTE_NovatoCommunityHospitalSutter,0.2836528414047035,12.046666666666665
37.99361111108445,-122.59694444439991,218.65943638423244,LVO,ROUTE_MarinHealthMedicalCenter,0.24466880000000002,16.41,ROUTE_MarinHealthMedicalCenter,0.24466880000000002,16.41,ROUTE_UCSFMedicalCenter,0.24466880000000002,49.03666666666666,ROUTE_MarinHealthMedicalCenter,0.24466880000000002,16.41
37.582777777750785,-122.47361111106648,184.34019686907718,LVO,ROUTE_AHMCSetonMedicalCenter,0.2589372992808341,20.065,ROUTE_AHMCSetonMedicalCenter,0.2589372992808341,20.065,ROUTE_MillsPeninsulaMedicalCenterSutter,0.2571371489227293,27.728333333333335,ROUTE_AHMCSetonMedicalCenter,0.2589372992808341,20.065
37.98694444441778,-121.99888888884387,235.50831762576485,LVO,ROUTE_JohnMuirMedicalCenterConcordCampus,0.24466880000000002,7.545,ROUTE_JohnMuirMedicalCenterConcordCampus,0.24466880000000002,7.545,ROUTE_JohnMuirMedicalCenterWalnutCreekCampus,0.24466880000000002,18.56833333333333,ROUTE_JohnMuirMedicalCenterConcordCampus,0.24466880000000002,7.545
37.899722222195486,-121.60194444439911,54.60333257873855,HEMORRHAGIC,ROUTE_JohnMuirMedicalCenterWalnutCreekCampus,0.24,51.15,ROUTE_KaiserFoundationHospitalAntioch,0.24,25.625,ROUTE_JohnMuirMedicalCenterWalnutCreekCampus,0.24,51.15,ROUTE_KaiserFoundationHospitalAntioch,0.24,25.625
37.96944444441776,-122.5324999999554,169.2104804937305,LVO,ROUTE_UCSFMedicalCenter,0.2588148126106261,37.394999999999996,ROUTE_MarinHealthMedicalCenter,0.2662430818041361,6.47,ROUTE_UCSFMedicalCenter,0.2588148126106261,37.394999999999996,ROUTE_MarinHealthMedicalCenter,0.2662430818041361,6.47
37.70194444441755,-122.0766666666217,207.56322712905717,LVO,ROUTE_SutterEdenMedicalCenter,0.2567824450453352,3.4433333333333334,ROUTE_SutterEdenMedicalCenter,0.2567824450453352,3.4433333333333334,ROUTE_SutterEdenMedicalCenter,0.2567824450453352,3.4433333333333334,ROUTE_SutterEdenMedicalCenter,0.2567824450453352,3.4433333333333334
38.26555555552911,-121.9986111110661,153.3707951529696,LVO,ROUTE_JohnMuirMedicalCenterWalnutCreekCampus,0.26088316729736744,46.269999999999996,ROUTE_NorthBayMedicalCenter,0.26955959318794914,10.613333333333333,ROUTE_JohnMuirMedicalCenterWalnutCreekCampus,0.26088316729736744,46.269999999999996,ROUTE_NorthBayMedicalCenter,0.26955959318794914,10.613333333333333
37.69361111108421,-121.92333333328826,186.71587849902502,HEMORRHAGIC,ROUTE_SutterEdenMedicalCenter,0.24,17.683333333333334,ROUTE_StanfordHealthCareTriValley,0.24,10.331666666666667,ROUTE_SutterEdenMedicalCenter,0.24,17.683333333333334,ROUTE_StanfordHealthCareTriValley,0.24,10.331666666666667
37.767499999973154,-122.44499999995534,80.62153554718729,LVO,ROUTE_UCSFMedicalCenter,0.43644689412129634,2.6616666666666666,ROUTE_UCSFMedicalCenter,0.43644689412129634,2.6616666666666666,ROUTE_UCSFMedicalCenter,0.43644689412129634,2.6616666666666666,ROUTE_UCSFMedicalCenter,0.43644689412129634,2.6616666666666666
37.738611111084246,-122.18583333328847,239.4939022385694,HEMORRHAGIC,ROUTE_KaiserFoundationHospitalSanLeandro,0.24,9.138333333333332,ROUTE_KaiserFoundationHospitalSanLeandro,0.24,9.138333333333332,ROUTE_SutterEdenMedicalCenter,0.24,15.014999999999999,ROUTE_KaiserFoundationHospitalSanLeandro,0.24,9.138333333333332
37.779444444417614,-122.40999999995532,236.79235648894408,LVO,ROUTE_UCSFHealthHydeHospital,0.24466880000000002,4.916666666666667,ROUTE_UCSFHealthHydeHospital,0.24466880000000002,4.916666666666667,ROUTE_CPMCDaviesCampusSutter,0.24466880000000002,9.2,ROUTE_UCSFHealthHydeHospital,0.24466880000000002,4.916666666666667
37.8730555555288,-122.27111111106632,85.3459475617621,HEMORRHAGIC,ROUTE_SutterEdenMedicalCenter,0.24,31.401666666666664,ROUTE_AltaBatesSummitMedicalCenterAltaBatesCampus,0.24,8.403333333333332,ROUTE_SutterEdenMedicalCenter,0.24,31.401666666666664,ROUTE_KaiserFoundationHospitalOaklandRichmond,0.24,14.688333333333333
38.45361111108482,-121.84305555551042,204.3972926498402,LVO,ROUTE_KaiserFoundationHospitalVacaville,0.25540825227180375,12.870000000000001,ROUTE_KaiserFoundationHospitalVacaville,0.25540825227180375,12.870000000000001,ROUTE_JohnMuirMedicalCenterWalnutCreekCampus,0.24466880000000002,59.8,ROUTE_KaiserFoundationHospitalVacaville,0.25540825227180375,12.870000000000001
37.379999999972846,-122.05777777773281,256.59532792531024,LVO,ROUTE_ElCaminoHealthMountainView,0.24466880000000002,10.481666666666666,ROUTE_ElCaminoHealthMountainView,0.24466880000000002,10.481666666666666,ROUTE_ElCaminoHealthMountainView,0.24466880000000002,10.481666666666666,ROUTE_ElCaminoHealthMountainView,0.24466880000000002,10.481666666666666
37.82972222219543,-121.93944444439938,54.91026841337053,HEMORRHAGIC,ROUTE_JohnMuirMedicalCenterWalnutCreekCampus,0.24,22.71333333333333,ROUTE_SanRamonRegionalMedicalCenter,0.24,15.291666666666666,ROUTE_JohnMuirMedicalCenterWalnutCreekCampus,0.24,22.71333333333333,ROUTE_SanRamonRegionalMedicalCenter,0.24,15.291666666666666
37.99777777775112,-122.0844444443995,205.28868863351107,LVO,ROUTE_JohnMuirMedicalCenterConcordCampus,0.25524215184609017,12.596666666666666,ROUTE_ContraCostaRegionalMedicalCenter,0.24466880000000002,12.361666666666668,ROUTE_JohnMuirMedicalCenterWalnutCreekCampus,0.25350409553889036,20.138333333333332,ROUTE_JohnMuirMedicalCenterConcordCampus,0.25524215184609017,12.596666666666666
37.79749999997318,-122.19833333328847,261.27320512812105,MIMIC,ROUTE_HighlandHospitalWilmaChanCampus,0.9,5.986666666666666,ROUTE_HighlandHospitalWilmaChanCampus,0.9,5.986666666666666,ROUTE_SutterEdenMedicalCenter,0.9,17.586666666666666,ROUTE_HighlandHospitalWilmaChanCampus,0.9,5.986666666666666
37.659999999973074,-122.4177777777331,148.8693722778024,HEMORRHAGIC,ROUTE_MillsPeninsulaMedicalCenterSutter,0.24,13.2,ROUTE_KaiserFoundationHospitalSouthSanFrancisco,0.24,6.913333333333333,ROUTE_MillsPeninsulaMedicalCenterSutter,0.24,13.2,ROUTE_KaiserFoundationHospitalSouthSanFrancisco,0.24,6.913333333333333
37.81722222219542,-122.26138888884408,68.20239502022253,NLVO,ROUTE_SutterEdenMedicalCenter,0.567381639053387,20.988333333333333,ROUTE_AltaBatesSummitMedicalCenterSummitCampus,0.5760569624188352,2.175,ROUTE_SutterEdenMedicalCenter,0.567381639053387,20.988333333333333,ROUTE_AltaBatesSummitMedicalCenterSummitCampus,0.5760569624188352,2.175
38.24861111108466,-122.59666666662213,49.95535064474109,NLVO,ROUTE_UCSFMedicalCenter,0.556790653325284,64.14666666666668,ROUTE_PetalumaValleyHospitalProvidence,0.5823821449316817,8.693333333333333,ROUTE_UCSFMedicalCenter,0.556790653325284,64.14666666666668,ROUTE_PetalumaValleyHospitalProvidence,0.5823821449316817,8.693333333333333
37.700277777750884,-122.4152777777331,134.87343356857963,HEMORRHAGIC,ROUTE_MillsPeninsulaMedicalCenterSutter,0.24,19.451666666666664,ROUTE_CPMCMissionBernalCampusSutter,0.24,14.631666666666666,ROUTE_MillsPeninsulaMedicalCenterSutter,0.24,19.451666666666664,ROUTE_CPMCMissionBernalCampusSutter,0.24,14.631666666666666
37.6722222221953,-121.78361111106592,71.2861488374668,LVO,ROUTE_SutterEdenMedicalCenter,0.43017694026532394,30.828333333333333,ROUTE_StanfordHealthCareTriValley,0.2909792357372171,19.43166666666667,ROUTE_SutterEdenMedicalCenter,0.43017694026532394,30.828333333333333,ROUTE_StanfordHealthCareTriValley,0.2909792357372171,19.43166666666667
37.70138888886199,-122.45361111106645,189.05375489275426,LVO,ROUTE_CPMCDaviesCampusSutter,0.25888367016875774,15.055,ROUTE_CPMCMissionBernalCampusSutter,0.2603688414012281,8.783333333333333,ROUTE_CPMCDaviesCampusSutter,0.25888367016875774,15.055,ROUTE_CPMCMissionBernalCampusSutter,0.2603688414012281,8.783333333333333
37.743888888862024,-122.50444444439984,35.12492995831885,HEMORRHAGIC,ROUTE_UCSFMedicalCenter,0.24,12.31,ROUTE_UCSFMedicalCenter,0.24,12.31,ROUTE_UCSFMedicalCenter,0.24,12.31,ROUTE_UCSFMedicalCenter,0.24,12.31
37.87944444441769,-122.26194444439963,208.84582849106832,HEMORRHAGIC,ROUTE_AltaBatesSummitMedicalCenterAltaBatesCampus,0.24,8.0,ROUTE_AltaBatesSummitMedicalCenterAltaBatesCampus,0.24,8.0,ROUTE_SutterEdenMedicalCenter,0.24,29.951666666666664,ROUTE_KaiserFoundationHospitalOaklandRichmond,0.24,17.01
37.343888888861706,-122.08138888884393,117.27611572161955,LVO,ROUTE_ElCaminoHealthMountainView,0.4197768142482162,9.601666666666667,ROUTE_ElCaminoHealthMountainView,0.4197768142482162,9.601666666666667,ROUTE_ElCaminoHealthMountainView,0.4197768142482162,9.601666666666667,ROUTE_ElCaminoHealthMountainView,0.4197768142482162,9.601666666666667
37.78277777775095,-122.39777777773308,109.42189945807905,HEMORRHAGIC,ROUTE_CPMCDaviesCampusSutter,0.24,9.621666666666666,ROUTE_ChineseHospital,0.24,5.194999999999999,ROUTE_CPMCDaviesCampusSutter,0.24,9.621666666666666,ROUTE_ChineseHospital,0.24,5.194999999999999
37.58444444441746,-121.99749999995498,211.90568270297928,LVO,ROUTE_WashingtonHospitalHealthcareSystem,0.25376604752230403,11.645000000000001,ROUTE_WashingtonHospitalHealthcareSystem,0.25376604752230403,11.645000000000001,ROUTE_SutterEdenMedicalCenter,0.24466880000000002,27.848333333333336,ROUTE_WashingtonHospitalHealthcareSystem,0.25376604752230403,11.645000000000001
37.749722222195366,-121.94222222217716,78.75722968615463,HEMORRHAGIC,ROUTE_SutterEdenMedicalCenter,0.24,24.066666666666666,ROUTE_SanRamonRegionalMedicalCenter,0.24,7.806666666666667,ROUTE_SutterEdenMedicalCenter,0.24,24.066666666666666,ROUTE_SanRamonRegionalMedicalCenter,0.24,7.806666666666667
37.71999999997312,-122.43638888884422,83.5618450052508,NLVO,ROUTE_CPMCDaviesCampusSutter,0.5625168326212053,14.445,ROUTE_CPMCMissionBernalCampusSutter,0.5654166240800418,8.175,ROUTE_CPMCDaviesCampusSutter,0.5625168326212053,14.445,ROUTE_CPMCMissionBernalCampusSutter,0.5654166240800418,8.175
37.3780555555284,-122.08833333328839,203.44539283122086,HEMORRHAGIC,ROUTE_ElCaminoHealthMountainView,0.24,6.206666666666666,ROUTE_ElCaminoHealthMountainView,0.24,6.206666666666666,ROUTE_ElCaminoHealthMountainView,0.24,6.206666666666666,ROUTE_ElCaminoHealthMountainView,0.24,6.206666666666666
37.823333333306536,-122.2724999999552,79.26996435592004,LVO,ROUTE_SutterEdenMedicalCenter,0.430620533584634,20.69333333333333,ROUTE_KaiserFoundationHospitalOaklandRichmond,0.2928055890771931,3.86,ROUTE_SutterEdenMedicalCenter,0.430620533584634,20.69333333333333,ROUTE_KaiserFoundationHospitalOaklandRichmond,0.2928055890771931,3.86
37.76999999997316,-122.42972222217755,222.13601046443762,LVO,ROUTE_CPMCDaviesCampusSutter,0.2533483439697657,2.0983333333333336,ROUTE_CPMCDaviesCampusSutter,0.2533483439697657,2.0983333333333336,ROUTE_CPMCDaviesCampusSutter,0.2533483439697657,2.0983333333333336,ROUTE_CPMCDaviesCampusSutter,0.2533483439697657,2.0983333333333336
37.65138888886195,-122.04305555551058,255.41944545067997,HEMORRHAGIC,ROUTE_StRoseHospital,0.24,16.073333333333334,ROUTE_StRoseHospital,0.24,16.073333333333334,ROUTE_SutterEdenMedicalCenter,0.24,19.828333333333333,ROUTE_SutterEdenMedicalCenter,0.24,19.828333333333333
37.89027777775103,-122.53333333328874,46.42388132532008,HEMORRHAGIC,ROUTE_UCSFMedicalCenter,0.24,29.283333333333335,ROUTE_MarinHealthMedicalCenter,0.24,17.871666666666666,ROUTE_UCSFMedicalCenter,0.24,29.283333333333335,ROUTE_MarinHealthMedicalCenter,0.24,17.871666666666666
37.82944444441765,-122.01444444439944,154.963153965501,MIMIC,ROUTE_JohnMuirMedicalCenterWalnutCreekCampus,0.9,16.028333333333332,ROUTE_KaiserFoundationHospitalWalnutCreek,0.9,10.416666666666666,ROUTE_JohnMuirMedicalCenterWalnutCreekCampus,0.9,16.028333333333332,ROUTE_KaiserFoundationHospitalWalnutCreek,0.9,10.416666666666666
37.57777777775078,-121.98499999995497,62.99441755273972,LVO,ROUTE_SutterEdenMedicalCenter,0.4344997265137168,27.756666666666668,ROUTE_WashingtonHospitalHealthcareSystem,0.2963186500525876,9.183333333333334,ROUTE_SutterEdenMedicalCenter,0.4344997265137168,27.756666666666668,ROUTE_WashingtonHospitalHealthcareSystem,0.2963186500525876,9.183333333333334
37.9311111110844,-121.74916666662145,124.28146707160099,MIMIC,ROUTE_JohnMuirMedicalCenterWalnutCreekCampus,0.9,39.85166666666667,ROUTE_KaiserFoundationHospitalAntioch,0.9,10.273333333333333,ROUTE_JohnMuirMedicalCenterWalnutCreekCampus,0.9,39.85166666666667,ROUTE_KaiserFoundationHospitalAntioch,0.9,10.273333333333333
37.586944444417455,-122.40861111106642,248.29598899489918,HEMORRHAGIC,ROUTE_MillsPeninsulaMedicalCenterSutter,0.24,5.933333333333334,ROUTE_MillsPeninsulaMedicalCenterSutter,0.24,5.933333333333334,ROUTE_MillsPeninsulaMedicalCenterSutter,0.24,5.933333333333334,ROUTE_MillsPeninsulaMedicalCenterSutter,0.24,5.933333333333334
37.93138888886218,-122.01388888884388,52.88645476086416,LVO,ROUTE_JohnMuirMedicalCenterWalnutCreekCampus,0.4461332084167272,6.286666666666666,ROUTE_JohnMuirMedicalCenterWalnutCreekCampus,0.4461332084167272,6.286666666666666,ROUTE_JohnMuirMedicalCenterWalnutCreekCampus,0.4461332084167272,6.286666666666666,ROUTE_JohnMuirMedicalCenterWalnutCreekCampus,0.4461332084167272,6.286666666666666
37.76111111108426,-122.42361111106644,70.2595208470872,LVO,ROUTE_CPMCDaviesCampusSutter,0.43991395159362745,4.401666666666667,ROUTE_CPMCMissionBernalCampusSutter,0.4256184959227635,3.503333333333333,ROUTE_CPMCDaviesCampusSutter,0.43991395159362745,4.401666666666667,ROUTE_CPMCMissionBernalCampusSutter,0.4256184959227635,3.503333333333333
37.77277777775094,-122.23444444439961,89.23367110071442,HEMORRHAGIC,ROUTE_SutterEdenMedicalCenter,0.24,17.133333333333333,ROUTE_HighlandHospitalWilmaChanCampus,0.24,7.031666666666666,ROUTE_SutterEdenMedicalCenter,0.24,17.133333333333333,ROUTE_HighlandHospitalWilmaChanCampus,0.24,7.031666666666666
37.53888888886186,-122.30916666662189,233.83886679886976,NLVO,ROUTE_SanMateoMedicalCenter,0.4622,4.3966666666666665,ROUTE_SanMateoMedicalCenter,0.4622,4.3966666666666665,ROUTE_KaiserFoundationHospitalRedwoodCity,0.4622,15.063333333333333,ROUTE_KaiserFoundationHospitalRedwoodCity,0.4622,15.063333333333333
37.511388888861845,-122.32277777773302,83.67587902203928,NLVO,ROUTE_MillsPeninsulaMedicalCenterSutter,0.5627242690326424,13.870000000000001,ROUTE_SanMateoMedicalCenter,0.4622,9.56,ROUTE_MillsPeninsulaMedicalCenterSutter,0.5627242690326424,13.870000000000001,ROUTE_MillsPeninsulaMedicalCenterSutter,0.5627242690326424,13.870000000000001
37.350833333306156,-122.01611111106611,41.49592503436186,MIMIC,ROUTE_KaiserFoundationHospitalSantaClara,0.9,7.903333333333333,ROUTE_KaiserFoundationHospitalSantaClara,0.9,7.903333333333333,ROUTE_KaiserFoundationHospitalSantaClara,0.9,7.903333333333333,ROUTE_KaiserFoundationHospitalSantaClara,0.9,7.903333333333333
37.80194444441763,-122.19861111106626,43.577124307801256,HEMORRHAGIC,ROUTE_SutterEdenMedicalCenter,0.24,19.13,ROUTE_HighlandHospitalWilmaChanCampus,0.24,7.995,ROUTE_SutterEdenMedicalCenter,0.24,19.13,ROUTE_HighlandHospitalWilmaChanCampus,0.24,7.995
37.65111111108418,-122.46249999995536,201.01302136212263,LVO,ROUTE_KaiserFoundationHospitalSouthSanFrancisco,0.2572852090776476,8.57,ROUTE_KaiserFoundationHospitalSouthSanFrancisco,0.2572852090776476,8.57,ROUTE_MillsPeninsulaMedicalCenterSutter,0.2558994433354937,14.513333333333332,ROUTE_KaiserFoundationHospitalSouthSanFrancisco,0.2572852090776476,8.57
37.504999999972945,-122.26416666662186,192.12824790664234,NLVO,ROUTE_KaiserFoundationHospitalRedwoodCity,0.5074072942520181,11.693333333333333,ROUTE_SequoiaHospital,0.5086074330709143,9.151666666666667,ROUTE_KaiserFoundationHospitalRedwoodCity,0.5074072942520181,11.693333333333333,ROUTE_SequoiaHospital,0.5086074330709143,9.151666666666667
38.05722222219561,-122.52194444439985,209.7360760371435,LVO,ROUTE_NovatoCommunityHospitalSutter,0.2546915665661409,10.036666666666667,ROUTE_NovatoCommunityHospitalSutter,0.2546915665661409,10.036666666666667,ROUTE_UCSFMedicalCenter,0.24466880000000002,48.458333333333336,ROUTE_NovatoCommunityHospitalSutter,0.2546915665661409,10.036666666666667
38.451944444418146,-121.83638888884374,40.979128015691764,LVO,ROUTE_JohnMuirMedicalCenterWalnutCreekCampus,0.43169329367387366,60.184999999999995,ROUTE_KaiserFoundationHospitalVacaville,0.3020274325217662,13.254999999999999,ROUTE_JohnMuirMedicalCenterWalnutCreekCampus,0.43169329367387366,60.184999999999995,ROUTE_KaiserFoundationHospitalVacaville,0.3020274325217662,13.254999999999999
37.764722222195374,-122.25444444439964,237.86704310658376,HEMORRHAGIC,ROUTE_AlamedaHospital,0.24,1.3066666666666669,ROUTE_AlamedaHospital,0.24,1.3066666666666669,ROUTE_SutterEdenMedicalCenter,0.24,22.295,ROUTE_AlamedaHospital,0.24,1.3066666666666669
37.45416666663957,-122.26638888884409,66.74369088584419,HEMORRHAGIC,ROUTE_KaiserFoundationHospitalRedwoodCity,0.24,15.108333333333333,ROUTE_SequoiaHospital,0.24,10.17,ROUTE_KaiserFoundationHospitalRedwoodCity,0.24,15.108333333333333,ROUTE_SequoiaHospital,0.24,10.17
37.95749999997331,-122.33333333328858,156.32486575562382,MIMIC,ROUTE_CPMCDaviesCampusSutter,0.9,34.894999999999996,ROUTE_KaiserFoundationHospitalRichmondCampus,0.9,8.451666666666666,ROUTE_CPMCDaviesCampusSutter,0.9,34.894999999999996,ROUTE_KaiserFoundationHospitalRichmondCampus,0.9,8.451666666666666
37.38527777775063,-122.05611111106614,139.62245641790003,NLVO,ROUTE_ElCaminoHealthMountainView,0.5348795510726121,11.571666666666665,ROUTE_ElCaminoHealthMountainView,0.5348795510726121,11.571666666666665,ROUTE_ElCaminoHealthMountainView,0.5348795510726121,11.571666666666665,ROUTE_ElCaminoHealthMountainView,0.5348795510726121,11.571666666666665
37.95194444441775,-122.32527777773302,241.110962560876,HEMORRHAGIC,ROUTE_KaiserFoundationHospitalRichmondCampus,0.24,9.841666666666667,ROUTE_KaiserFoundationHospitalRichmondCampus,0.24,9.841666666666667,ROUTE_CPMCDaviesCampusSutter,0.24,33.13666666666667,ROUTE_KaiserFoundationHospitalRichmondCampus,0.24,9.841666666666667
37.56249999997299,-122.04527777773279,149.07347825470436,MIMIC,ROUTE_SutterEdenMedicalCenter,0.9,23.028333333333332,ROUTE_StRoseHospital,0.9,13.866666666666667,ROUTE_SutterEdenMedicalCenter,0.9,23.028333333333332,ROUTE_WashingtonHospitalHealthcareSystem,0.9,18.71833333333333
37.66805555552863,-121.77222222217702,31.840176421978423,LVO,ROUTE_SutterEdenMedicalCenter,0.44534122062740567,31.881666666666668,ROUTE_StanfordHealthCareTriValley,0.43315700880938535,20.483333333333334,ROUTE_SutterEdenMedicalCenter,0.44534122062740567,31.881666666666668,ROUTE_StanfordHealthCareTriValley,0.43315700880938535,20.483333333333334
37.99111111108445,-122.10166666662172,267.5700813252307,NLVO,ROUTE_ContraCostaRegionalMedicalCenter,0.4622,6.3516666666666675,ROUTE_ContraCostaRegionalMedicalCenter,0.4622,6.3516666666666675,ROUTE_JohnMuirMedicalCenterWalnutCreekCampus,0.4622,15.865,ROUTE_JohnMuirMedicalCenterConcordCampus,0.4622,8.323333333333332
38.02166666664003,-121.91444444439936,63.66107524233607,LVO,ROUTE_JohnMuirMedicalCenterWalnutCreekCampus,0.43519100459677207,25.058333333333334,ROUTE_JohnMuirMedicalCenterConcordCampus,0.29442551994130817,15.298333333333334,ROUTE_JohnMuirMedicalCenterWalnutCreekCampus,0.43519100459677207,25.058333333333334,ROUTE_JohnMuirMedicalCenterConcordCampus,0.29442551994130817,15.298333333333334
38.00083333330668,-122.13499999995508,42.126307790390996,MIMIC,ROUTE_JohnMuirMedicalCenterWalnutCreekCampus,0.9,20.445,ROUTE_ContraCostaRegionalMedicalCenter,0.9,3.631666666666667,ROUTE_JohnMuirMedicalCenterWalnutCreekCampus,0.9,20.445,ROUTE_JohnMuirMedicalCenterConcordCampus,0.9,12.903333333333334
37.845555555528776,-122.28499999995522,123.5036423121232,MIMIC,ROUTE_CPMCDaviesCampusSutter,0.9,26.301666666666666,ROUTE_AltaBatesSummitMedicalCenterAltaBatesCampus,0.9,7.205,ROUTE_CPMCDaviesCampusSutter,0.9,26.301666666666666,ROUTE_KaiserFoundationHospitalOaklandRichmond,0.9,9.648333333333333
37.98416666664,-121.8027777777326,115.142146762668,HEMORRHAGIC,ROUTE_JohnMuirMedicalCenterWalnutCreekCampus,0.24,31.158333333333335,ROUTE_SutterDeltaMedicalCenter,0.24,2.6666666666666665,ROUTE_JohnMuirMedicalCenterWalnutCreekCampus,0.24,31.158333333333335,ROUTE_KaiserFoundationHospitalAntioch,0.24,8.796666666666665
37.75194444441759,-122.41361111106643,240.52110244666252,LVO,ROUTE_ZuckerbergSanFranciscoGeneralHospital,0.24466880000000002,3.135,ROUTE_ZuckerbergSanFranciscoGeneralHospital,0.24466880000000002,3.135,ROUTE_CPMCDaviesCampusSutter,0.24466880000000002,7.77,ROUTE_ZuckerbergSanFranciscoGeneralHospital,0.24466880000000002,3.135
37.89055555552881,-122.04805555551057,126.22809351854993,NLVO,ROUTE_JohnMuirMedicalCenterWalnutCreekCampus,0.5435228641347982,7.9383333333333335,ROUTE_KaiserFoundationHospitalWalnutCreek,0.5453786680983247,3.955,ROUTE_JohnMuirMedicalCenterWalnutCreekCampus,0.5435228641347982,7.9383333333333335,ROUTE_KaiserFoundationHospitalWalnutCreek,0.5453786680983247,3.955
37.764166666639824,-122.41972222217754,126.80922933163073,NLVO,ROUTE_CPMCDaviesCampusSutter,0.5442254069126441,5.785,ROUTE_ZuckerbergSanFranciscoGeneralHospital,0.5446470416732858,4.88,ROUTE_CPMCDaviesCampusSutter,0.5442254069126441,5.785,ROUTE_ZuckerbergSanFranciscoGeneralHospital,0.5446470416732858,4.88
37.82361111108431,-122.2788888888441,117.66443062665702,MIMIC,ROUTE_SutterEdenMedicalCenter,0.9,22.09333333333333,ROUTE_KaiserFoundationHospitalOaklandRichmond,0.9,5.258333333333334,ROUTE_SutterEdenMedicalCenter,0.9,22.09333333333333,ROUTE_KaiserFoundationHospitalOaklandRichmond,0.9,5.258333333333334
37.91833333330661,-121.99944444439943,249.0343666168992,NLVO,ROUTE_JohnMuirMedicalCenterWalnutCreekCampus,0.4622,9.381666666666666,ROUTE_JohnMuirMedicalCenterWalnutCreekCampus,0.4622,9.381666666666666,ROUTE_JohnMuirMedicalCenterWalnutCreekCampus,0.4622,9.381666666666666,ROUTE_JohnMuirMedicalCenterWalnutCreekCampus,0.4622,9.381666666666666
37.76999999997316,-122.3899999999553,269.0474995843848,LVO,ROUTE_ZuckerbergSanFranciscoGeneralHospital,0.24466880000000002,8.715,ROUTE_ZuckerbergSanFranciscoGeneralHospital,0.24466880000000002,8.715,ROUTE_CPMCDaviesCampusSutter,0.24466880000000002,13.026666666666667,ROUTE_ZuckerbergSanFranciscoGeneralHospital,0.24466880000000002,8.715
37.751666666639814,-122.4555555555109,39.584348549232125,LVO,ROUTE_UCSFMedicalCenter,0.45216321965417344,4.3116666666666665,ROUTE_UCSFMedicalCenter,0.45216321965417344,4.3116666666666665,ROUTE_UCSFMedicalCenter,0.45216321965417344,4.3116666666666665,ROUTE_UCSFMedicalCenter,0.45216321965417344,4.3116666666666665
37.701666666639774,-122.12111111106618,222.76229257163578,NLVO,ROUTE_SanLeandroHospitalAlamedaHealthSystem,0.4622,5.636666666666667,ROUTE_SanLeandroHospitalAlamedaHealthSystem,0.4622,5.636666666666667,ROUTE_SutterEdenMedicalCenter,0.4622,9.406666666666666,ROUTE_SutterEdenMedicalCenter,0.4622,9.406666666666666
38.084444444417855,-122.19805555551069,40.66177420287387,LVO,ROUTE_JohnMuirMedicalCenterWalnutCreekCampus,0.4441840630665759,25.313333333333333,ROUTE_SutterSolanoMedicalCenter,0.4309969875667863,11.936666666666667,ROUTE_JohnMuirMedicalCenterWalnutCreekCampus,0.4441840630665759,25.313333333333333,ROUTE_SutterSolanoMedicalCenter,0.4309969875667863,11.936666666666667
37.78555555552873,-122.41444444439976,216.78704260323943,MIMIC,ROUTE_UCSFHealthHydeHospital,0.9,3.1333333333333333,ROUTE_UCSFHealthHydeHospital,0.9,3.1333333333333333,ROUTE_CPMCDaviesCampusSutter,0.9,9.318333333333333,ROUTE_UCSFHealthHydeHospital,0.9,3.1333333333333333
37.76388888886204,-122.25166666662184,181.90589092484623,LVO,ROUTE_SutterEdenMedicalCenter,0.2591552620680626,21.846666666666668,ROUTE_AlamedaHospital,0.2640850387445661,1.2333333333333334,ROUTE_SutterEdenMedicalCenter,0.2591552620680626,21.846666666666668,ROUTE_AlamedaHospital,0.2640850387445661,1.2333333333333334
37.763611111084266,-121.89944444439935,237.6593308925606,LVO,ROUTE_SanRamonRegionalMedicalCenter,0.24466880000000002,10.770000000000001,ROUTE_SanRamonRegionalMedicalCenter,0.24466880000000002,10.770000000000001,ROUTE_SutterEdenMedicalCenter,0.24466880000000002,24.185,ROUTE_SanRamonRegionalMedicalCenter,0.24466880000000002,10.770000000000001
37.999722222195565,-121.72388888884365,41.379814855850924,NLVO,ROUTE_JohnMuirMedicalCenterWalnutCreekCampus,0.5732239746206669,38.12833333333333,ROUTE_KaiserFoundationHospitalAntioch,0.5831635365714203,16.52,ROUTE_JohnMuirMedicalCenterWalnutCreekCampus,0.5732239746206669,38.12833333333333,ROUTE_KaiserFoundationHospitalAntioch,0.5831635365714203,16.52
37.99944444441779,-122.04611111106612,118.2450273602783,LVO,ROUTE_JohnMuirMedicalCenterWalnutCreekCampus,0.41768969734908756,14.576666666666666,ROUTE_JohnMuirMedicalCenterConcordCampus,0.2809760884899855,4.816666666666666,ROUTE_JohnMuirMedicalCenterWalnutCreekCampus,0.41768969734908756,14.576666666666666,ROUTE_JohnMuirMedicalCenterConcordCampus,0.2809760884899855,4.816666666666666
37.758055555528706,-122.41833333328866,39.59175338880529,LVO,ROUTE_CPMCDaviesCampusSutter,0.4513381998934777,6.588333333333334,ROUTE_CPMCMissionBernalCampusSutter,0.43729147558245507,5.028333333333333,ROUTE_CPMCDaviesCampusSutter,0.4513381998934777,6.588333333333334,ROUTE_CPMCMissionBernalCampusSutter,0.43729147558245507,5.028333333333333
37.427222222195105,-121.91055555551047,118.67621290114731,LVO,ROUTE_RegionalMedicalCenterOfSanJose,0.41807233189209625,12.986666666666668,ROUTE_RegionalMedicalCenterOfSanJose,0.41807233189209625,12.986666666666668,ROUTE_RegionalMedicalCenterOfSanJose,0.41807233189209625,12.986666666666668,ROUTE_RegionalMedicalCenterOfSanJose,0.41807233189209625,12.986666666666668
37.98472222219555,-122.24611111106628,55.154512048023115,LVO,ROUTE_JohnMuirMedicalCenterWalnutCreekCampus,0.4331689137238891,40.24166666666667,ROUTE_KaiserFoundationHospitalRichmondCampus,0.29403004355006335,26.188333333333333,ROUTE_JohnMuirMedicalCenterWalnutCreekCampus,0.4331689137238891,40.24166666666667,ROUTE_KaiserFoundationHospitalRichmondCampus,0.29403004355006335,26.188333333333333
37.69722222219532,-122.48499999995538,212.60816416787947,NLVO,ROUTE_AHMCSetonMedicalCenter,0.4988264311592674,7.078333333333333,ROUTE_AHMCSetonMedicalCenter,0.4988264311592674,7.078333333333333,ROUTE_CPMCDaviesCampusSutter,0.4622,17.346666666666668,ROUTE_AHMCSetonMedicalCenter,0.4988264311592674,7.078333333333333
38.10749999997343,-122.61555555551104,130.75622949317943,HEMORRHAGIC,ROUTE_UCSFMedicalCenter,0.24,59.08833333333334,ROUTE_NovatoCommunityHospitalSutter,0.24,17.84,ROUTE_UCSFMedicalCenter,0.24,59.08833333333334,ROUTE_NovatoCommunityHospitalSutter,0.24,17.84
37.73333333330646,-122.15166666662176,220.3290802344179,HEMORRHAGIC,ROUTE_SanLeandroHospitalAlamedaHealthSystem,0.24,7.391666666666667,ROUTE_SanLeandroHospitalAlamedaHealthSystem,0.24,7.391666666666667,ROUTE_SutterEdenMedicalCenter,0.24,12.003333333333334,ROUTE_KaiserFoundationHospitalSanLeandro,0.24,10.906666666666666
38.10472222219565,-122.24888888884406,247.92654379870277,HEMORRHAGIC,ROUTE_KaiserFoundationHospitalVallejo,0.24,5.796666666666667,ROUTE_KaiserFoundationHospitalVallejo,0.24,5.796666666666667,ROUTE_JohnMuirMedicalCenterWalnutCreekCampus,0.24,28.60666666666667,ROUTE_KaiserFoundationHospitalVallejo,0.24,5.796666666666667
38.00472222219557,-122.30999999995524,261.5284027668321,LVO,ROUTE_KaiserFoundationHospitalRichmondCampus,0.24466880000000002,13.905,ROUTE_KaiserFoundationHospitalRichmondCampus,0.24466880000000002,13.905,ROUTE_JohnMuirMedicalCenterWalnutCreekCampus,0.24466880000000002,32.66,ROUTE_KaiserFoundationHospitalRichmondCampus,0.24466880000000002,13.905
38.264999999973554,-122.04805555551057,117.72333288060965,HEMORRHAGIC,ROUTE_JohnMuirMedicalCenterWalnutCreekCampus,0.24,41.333333333333336,ROUTE_NorthBayMedicalCenter,0.24,3.5616666666666665,ROUTE_JohnMuirMedicalCenterWalnutCreekCampus,0.24,41.333333333333336,ROUTE_NorthBayMedicalCenter,0.24,3.5616666666666665
37.86277777775101,-122.24888888884406,75.97938325520303,HEMORRHAGIC,ROUTE_SutterEdenMedicalCenter,0.24,24.363333333333333,ROUTE_AltaBatesSummitMedicalCenterAltaBatesCampus,0.24,4.385000000000001,ROUTE_SutterEdenMedicalCenter,0.24,24.363333333333333,ROUTE_AltaBatesSummitMedicalCenterSummitCampus,0.24,13.416666666666666
37.541944444417425,-122.02666666662167,204.22462337619348,LVO,ROUTE_WashingtonHospitalHealthcareSystem,0.25548284933018817,12.74,ROUTE_WashingtonHospitalHealthcareSystem,0.25548284933018817,12.74,ROUTE_SutterEdenMedicalCenter,0.2533643602304574,21.93,ROUTE_WashingtonHospitalHealthcareSystem,0.25548284933018817,12.74
37.8363888888621,-122.27555555551076,95.55101628214547,LVO,ROUTE_SutterEdenMedicalCenter,0.42339165628275865,23.305,ROUTE_KaiserFoundationHospitalOaklandRichmond,0.28750176889884427,5.36,ROUTE_SutterEdenMedicalCenter,0.42339165628275865,23.305,ROUTE_KaiserFoundationHospitalOaklandRichmond,0.28750176889884427,5.36
37.84888888886211,-122.12111111106618,150.4474091253352,LVO,ROUTE_JohnMuirMedicalCenterWalnutCreekCampus,0.4032592223261773,21.19333333333333,ROUTE_KaiserFoundationHospitalWalnutCreek,0.26830645417070886,18.921666666666667,ROUTE_JohnMuirMedicalCenterWalnutCreekCampus,0.4032592223261773,21.19333333333333,ROUTE_KaiserFoundationHospitalWalnutCreek,0.26830645417070886,18.921666666666667
37.743888888862024,-122.16916666662179,108.11679238341571,HEMORRHAGIC,ROUTE_SutterEdenMedicalCenter,0.24,16.288333333333334,ROUTE_SanLeandroHospitalAlamedaHealthSystem,0.24,11.225,ROUTE_SutterEdenMedicalCenter,0.24,16.288333333333334,ROUTE_KaiserFoundationHospitalSanLeandro,0.24,13.47
38.170555555529035,-122.12833333328842,88.77388264399207,HEMORRHAGIC,ROUTE_JohnMuirMedicalCenterWalnutCreekCampus,0.24,33.10166666666667,ROUTE_NorthBayMedicalCenter,0.24,17.663333333333334,ROUTE_JohnMuirMedicalCenterWalnutCreekCampus,0.24,33.10166666666667,ROUTE_NorthBayMedicalCenter,0.24,17.663333333333334
37.452222222195125,-122.26555555551076,65.06726906671243,MIMIC,ROUTE_KaiserFoundationHospitalRedwoodCity,0.9,15.841666666666667,ROUTE_SequoiaHospital,0.9,10.903333333333334,ROUTE_KaiserFoundationHospitalRedwoodCity,0.9,15.841666666666667,ROUTE_SequoiaHospital,0.9,10.903333333333334
37.59027777775079,-122.38027777773307,44.65762272772178,LVO,ROUTE_MillsPeninsulaMedicalCenterSutter,0.4506346266565871,2.9099999999999997,ROUTE_MillsPeninsulaMedicalCenterSutter,0.4506346266565871,2.9099999999999997,ROUTE_MillsPeninsulaMedicalCenterSutter,0.4506346266565871,2.9099999999999997,ROUTE_MillsPeninsulaMedicalCenterSutter,0.4506346266565871,2.9099999999999997
38.00499999997335,-121.82861111106595,177.8387579275983,MIMIC,ROUTE_JohnMuirMedicalCenterWalnutCreekCampus,0.9,27.006666666666668,ROUTE_SutterDeltaMedicalCenter,0.9,8.595,ROUTE_JohnMuirMedicalCenterWalnutCreekCampus,0.9,27.006666666666668,ROUTE_KaiserFoundationHospitalAntioch,0.9,13.895000000000001
37.94944444441775,-122.3380555555108,144.33673187323643,LVO,ROUTE_CPMCDaviesCampusSutter,0.40135129829908744,33.665,ROUTE_KaiserFoundationHospitalRichmondCampus,0.2731963021480984,6.128333333333333,ROUTE_CPMCDaviesCampusSutter,0.40135129829908744,33.665,ROUTE_KaiserFoundationHospitalRichmondCampus,0.2731963021480984,6.128333333333333
37.47749999997293,-122.19666666662181,119.84334460756311,HEMORRHAGIC,ROUTE_KaiserFoundationHospitalRedwoodCity,0.24,8.103333333333333,ROUTE_KaiserFoundationHospitalRedwoodCity,0.24,8.103333333333333,ROUTE_KaiserFoundationHospitalRedwoodCity,0.24,8.103333333333333,ROUTE_KaiserFoundationHospitalRedwoodCity,0.24,8.103333333333333
37.751111111084256,-122.426666666622,58.47575773365979,HEMORRHAGIC,ROUTE_CPMCDaviesCampusSutter,0.24,6.41,ROUTE_CPMCMissionBernalCampusSutter,0.24,2.2,ROUTE_CPMCDaviesCampusSutter,0.24,6.41,ROUTE_CPMCMissionBernalCampusSutter,0.24,2.2
37.91194444441772,-122.34138888884415,185.4331331596585,NLVO,ROUTE_KaiserFoundationHospitalRichmondCampus,0.5124281830649521,8.491666666666667,ROUTE_KaiserFoundationHospitalRichmondCampus,0.5124281830649521,8.491666666666667,ROUTE_CPMCDaviesCampusSutter,0.5014890034362265,31.65,ROUTE_KaiserFoundationHospitalRichmondCampus,0.5124281830649521,8.491666666666667
37.783055555528726,-122.47777777773314,255.15576667149793,HEMORRHAGIC,ROUTE_KaiserFoundationHospitalSanFrancisco,0.24,7.576666666666667,ROUTE_KaiserFoundationHospitalSanFrancisco,0.24,7.576666666666667,ROUTE_UCSFMedicalCenter,0.24,10.796666666666665,ROUTE_KaiserFoundationHospitalSanFrancisco,0.24,7.576666666666667
37.6861111110842,-122.48527777773315,37.04500477358404,LVO,ROUTE_MillsPeninsulaMedicalCenterSutter,0.4486641960462322,16.84,ROUTE_AHMCSetonMedicalCenter,0.4375060138031335,4.0616666666666665,ROUTE_MillsPeninsulaMedicalCenterSutter,0.4486641960462322,16.84,ROUTE_AHMCSetonMedicalCenter,0.4375060138031335,4.0616666666666665
37.47833333330626,-122.23416666662183,264.4144253120937,HEMORRHAGIC,ROUTE_SequoiaHospital,0.24,5.98,ROUTE_SequoiaHospital,0.24,5.98,ROUTE_KaiserFoundationHospitalRedwoodCity,0.24,6.45,ROUTE_SequoiaHospital,0.24,5.98
37.770555555528716,-122.17972222217735,166.00105308393887,HEMORRHAGIC,ROUTE_SutterEdenMedicalCenter,0.24,17.051666666666666,ROUTE_HighlandHospitalWilmaChanCampus,0.24,9.543333333333333,ROUTE_SutterEdenMedicalCenter,0.24,17.051666666666666,ROUTE_HighlandHospitalWilmaChanCampus,0.24,9.543333333333333
37.76333333330649,-122.46722222217758,210.80878293312972,HEMORRHAGIC,ROUTE_UCSFMedicalCenter,0.24,2.6266666666666665,ROUTE_UCSFMedicalCenter,0.24,2.6266666666666665,ROUTE_UCSFMedicalCenter,0.24,2.6266666666666665,ROUTE_UCSFMedicalCenter,0.24,2.6266666666666665
38.33083333330694,-122.33416666662191,122.41673699004318,HEMORRHAGIC,ROUTE_JohnMuirMedicalCenterWalnutCreekCampus,0.24,54.065000000000005,ROUTE_ProvidenceQueenOfTheValleyMedicalCenter,0.24,8.766666666666667,ROUTE_JohnMuirMedicalCenterWalnutCreekCampus,0.24,54.065000000000005,ROUTE_ProvidenceQueenOfTheValleyMedicalCenter,0.24,8.766666666666667
37.99166666664,-122.32499999995524,255.44498480416965,LVO,ROUTE_KaiserFoundationHospitalRichmondCampus,0.24466880000000002,12.264999999999999,ROUTE_KaiserFoundationHospitalRichmondCampus,0.24466880000000002,12.264999999999999,ROUTE_JohnMuirMedicalCenterWalnutCreekCampus,0.24466880000000002,34.67666666666666,ROUTE_KaiserFoundationHospitalRichmondCampus,0.24466880000000002,12.264999999999999
37.57138888886189,-122.03999999995501,182.90316802163179,HEMORRHAGIC,ROUTE_SutterEdenMedicalCenter,0.24,20.425,ROUTE_StRoseHospital,0.24,11.261666666666667,ROUTE_SutterEdenMedicalCenter,0.24,20.425,ROUTE_WashingtonHospitalHealthcareSystem,0.24,14.905
37.76999999997316,-122.45027777773312,218.40848734570235,LVO,ROUTE_UCSFMedicalCenter,0.254019597384213,3.316666666666667,ROUTE_UCSFMedicalCenter,0.254019597384213,3.316666666666667,ROUTE_UCSFMedicalCenter,0.254019597384213,3.316666666666667,ROUTE_UCSFMedicalCenter,0.254019597384213,3.316666666666667
37.63111111108416,-122.48194444439982,205.51103902346895,LVO,ROUTE_AHMCSetonMedicalCenter,0.255239360608013,12.361666666666668,ROUTE_AHMCSetonMedicalCenter,0.255239360608013,12.361666666666668,ROUTE_MillsPeninsulaMedicalCenterSutter,0.24466880000000002,21.938333333333333,ROUTE_AHMCSetonMedicalCenter,0.255239360608013,12.361666666666668
37.90027777775104,-122.28694444439965,260.7261534148822,LVO,ROUTE_KaiserFoundationHospitalRichmondCampus,0.24466880000000002,14.57,ROUTE_KaiserFoundationHospitalRichmondCampus,0.24466880000000002,14.57,ROUTE_CPMCDaviesCampusSutter,0.24466880000000002,32.64333333333333,ROUTE_KaiserFoundationHospitalRichmondCampus,0.24466880000000002,14.57
37.71999999997312,-122.45805555551091,63.35302345709228,LVO,ROUTE_UCSFMedicalCenter,0.4395841237807059,13.003333333333334,ROUTE_CPMCMissionBernalCampusSutter,0.42650024131026776,8.7,ROUTE_UCSFMedicalCenter,0.4395841237807059,13.003333333333334,ROUTE_CPMCMissionBernalCampusSutter,0.42650024131026776,8.7
37.778888888862056,-122.20472222217737,122.3719462722864,HEMORRHAGIC,ROUTE_SutterEdenMedicalCenter,0.24,18.623333333333335,ROUTE_HighlandHospitalWilmaChanCampus,0.24,7.705,ROUTE_SutterEdenMedicalCenter,0.24,18.623333333333335,ROUTE_HighlandHospitalWilmaChanCampus,0.24,7.705
37.7177777777509,-121.88472222217712,248.54938711389727,HEMORRHAGIC,ROUTE_StanfordHealthCareTriValley,0.24,8.696666666666665,ROUTE_StanfordHealthCareTriValley,0.24,8.696666666666665,ROUTE_SutterEdenMedicalCenter,0.24,19.801666666666666,ROUTE_StanfordHealthCareTriValley,0.24,8.696666666666665
37.90499999997327,-122.5338888888443,168.26074615936224,LVO,ROUTE_UCSFMedicalCenter,0.26026072332529504,32.34166666666667,ROUTE_MarinHealthMedicalCenter,0.26369236573122906,18.01833333333333,ROUTE_UCSFMedicalCenter,0.26026072332529504,32.34166666666667,ROUTE_MarinHealthMedicalCenter,0.26369236573122906,18.01833333333333
37.772499999973164,-122.43194444439978,259.70545163341524,HEMORRHAGIC,ROUTE_CPMCDaviesCampusSutter,0.24,2.7150000000000003,ROUTE_CPMCDaviesCampusSutter,0.24,2.7150000000000003,ROUTE_CPMCDaviesCampusSutter,0.24,2.7150000000000003,ROUTE_CPMCDaviesCampusSutter,0.24,2.7150000000000003
37.97666666663999,-122.55666666662209,164.1036861288461,LVO,ROUTE_UCSFMedicalCenter,0.2593089354953633,40.97666666666667,ROUTE_MarinHealthMedicalCenter,0.26693041703466924,9.338333333333333,ROUTE_UCSFMedicalCenter,0.2593089354953633,40.97666666666667,ROUTE_MarinHealthMedicalCenter,0.26693041703466924,9.338333333333333
38.03277777775115,-122.54111111106653,196.90347560253394,LVO,ROUTE_KaiserFoundationHospitalSanRafael,0.2580384728291462,9.923333333333334,ROUTE_KaiserFoundationHospitalSanRafael,0.2580384728291462,9.923333333333334,ROUTE_UCSFMedicalCenter,0.24466880000000002,42.40833333333333,ROUTE_KaiserFoundationHospitalSanRafael,0.2580384728291462,9.923333333333334
38.26972222219578,-122.0388888888439,63.6999312114112,HEMORRHAGIC,ROUTE_JohnMuirMedicalCenterWalnutCreekCampus,0.24,42.69666666666667,ROUTE_NorthBayMedicalCenter,0.24,4.91,ROUTE_JohnMuirMedicalCenterWalnutCreekCampus,0.24,42.69666666666667,ROUTE_NorthBayMedicalCenter,0.24,4.91
37.6899999999731,-122.15361111106621,203.7422339984689,HEMORRHAGIC,ROUTE_KaiserFoundationHospitalSanLeandro,0.24,6.1066666666666665,ROUTE_KaiserFoundationHospitalSanLeandro,0.24,6.1066666666666665,ROUTE_SutterEdenMedicalCenter,0.24,10.54,ROUTE_KaiserFoundationHospitalSanLeandro,0.24,6.1066666666666665
37.762222222195376,-122.20499999995515,243.44114981065982,LVO,ROUTE_HighlandHospitalWilmaChanCampus,0.24466880000000002,11.06,ROUTE_HighlandHospitalWilmaChanCampus,0.24466880000000002,11.06,ROUTE_SutterEdenMedicalCenter,0.24466880000000002,18.426666666666666,ROUTE_HighlandHospitalWilmaChanCampus,0.24466880000000002,11.06
37.39583333330619,-122.02361111106612,57.85857188360517,NLVO,ROUTE_KaiserFoundationHospitalSantaClara,0.5758167041634982,14.19,ROUTE_KaiserFoundationHospitalSantaClara,0.5758167041634982,14.19,ROUTE_KaiserFoundationHospitalSantaClara,0.5758167041634982,14.19,ROUTE_KaiserFoundationHospitalSantaClara,0.5758167041634982,14.19
37.53583333330631,-121.93083333328826,183.49901834277625,LVO,ROUTE_RegionalMedicalCenterOfSanJose,0.2589403614876937,20.986666666666668,ROUTE_KaiserFoundationHospitalFremont,0.2613159570350262,10.979999999999999,ROUTE_RegionalMedicalCenterOfSanJose,0.2589403614876937,20.986666666666668,ROUTE_KaiserFoundationHospitalFremont,0.2613159570350262,10.979999999999999
38.01333333330669,-121.90166666662157,207.7634909729158,LVO,ROUTE_JohnMuirMedicalCenterConcordCampus,0.253980367725744,15.315,ROUTE_SutterDeltaMedicalCenter,0.24466880000000002,12.84,ROUTE_JohnMuirMedicalCenterWalnutCreekCampus,0.24466880000000002,23.966666666666665,ROUTE_JohnMuirMedicalCenterConcordCampus,0.253980367725744,15.315
37.917777777751056,-122.00638888884387,216.51332135447234,LVO,ROUTE_JohnMuirMedicalCenterWalnutCreekCampus,0.25367236155908623,6.933333333333334,ROUTE_JohnMuirMedicalCenterWalnutCreekCampus,0.25367236155908623,6.933333333333334,ROUTE_JohnMuirMedicalCenterWalnutCreekCampus,0.25367236155908623,6.933333333333334,ROUTE_JohnMuirMedicalCenterWalnutCreekCampus,0.25367236155908623,6.933333333333334
37.805277777750966,-121.9847222221772,111.25630054681766,LVO,ROUTE_JohnMuirMedicalCenterWalnutCreekCampus,0.41893287370309906,18.735,ROUTE_SanRamonRegionalMedicalCenter,0.2814760769918768,10.668333333333333,ROUTE_JohnMuirMedicalCenterWalnutCreekCampus,0.41893287370309906,18.735,ROUTE_SanRamonRegionalMedicalCenter,0.2814760769918768,10.668333333333333
37.785833333306506,-122.431666666622,201.3700583455142,LVO,ROUTE_CPMCDaviesCampusSutter,0.25772953019744527,6.276666666666667,ROUTE_CPMCVanNessCampusSutter,0.2586404794354166,2.4016666666666664,ROUTE_CPMCDaviesCampusSutter,0.25772953019744527,6.276666666666667,ROUTE_CPMCVanNessCampusSutter,0.2586404794354166,2.4016666666666664
37.84611111108433,-122.15638888884399,95.6759566763335,LVO,ROUTE_JohnMuirMedicalCenterWalnutCreekCampus,0.4234175372482021,23.091666666666665,ROUTE_KaiserFoundationHospitalWalnutCreek,0.2833559889233595,20.82,ROUTE_JohnMuirMedicalCenterWalnutCreekCampus,0.4234175372482021,23.091666666666665,ROUTE_KaiserFoundationHospitalWalnutCreek,0.2833559889233595,20.82
37.537777777750755,-122.25138888884408,71.54621511088803,LVO,ROUTE_KaiserFoundationHospitalRedwoodCity,0.43523118711662057,16.183333333333334,ROUTE_SanMateoMedicalCenter,0.2541052660786546,14.271666666666667,ROUTE_KaiserFoundationHospitalRedwoodCity,0.43523118711662057,16.183333333333334,ROUTE_KaiserFoundationHospitalRedwoodCity,0.43523118711662057,16.183333333333334
37.3919444444173,-122.01583333328833,149.27583947976748,HEMORRHAGIC,ROUTE_KaiserFoundationHospitalSantaClara,0.24,15.293333333333333,ROUTE_KaiserFoundationHospitalSantaClara,0.24,15.293333333333333,ROUTE_KaiserFoundationHospitalSantaClara,0.24,15.293333333333333,ROUTE_KaiserFoundationHospitalSantaClara,0.24,15.293333333333333
37.710555555528664,-122.45222222217757,223.64232742579395,HEMORRHAGIC,ROUTE_CPMCMissionBernalCampusSutter,0.24,7.451666666666667,ROUTE_CPMCMissionBernalCampusSutter,0.24,7.451666666666667,ROUTE_CPMCDaviesCampusSutter,0.24,13.721666666666666,ROUTE_CPMCMissionBernalCampusSutter,0.24,7.451666666666667
37.76888888886205,-122.19388888884403,63.10155750095544,NLVO,ROUTE_SutterEdenMedicalCenter,0.5719992062176504,16.65,ROUTE_HighlandHospitalWilmaChanCampus,0.5754580813190981,9.143333333333334,ROUTE_SutterEdenMedicalCenter,0.5719992062176504,16.65,ROUTE_HighlandHospitalWilmaChanCampus,0.5754580813190981,9.143333333333334
37.745555555528696,-122.45277777773312,109.21882319074021,HEMORRHAGIC,ROUTE_UCSFMedicalCenter,0.24,6.378333333333333,ROUTE_UCSFMedicalCenter,0.24,6.378333333333333,ROUTE_UCSFMedicalCenter,0.24,6.378333333333333,ROUTE_UCSFMedicalCenter,0.24,6.378333333333333
37.67916666663975,-122.48722222217759,142.57353189027384,NLVO,ROUTE_MillsPeninsulaMedicalCenterSutter,0.5303659322290007,17.938333333333333,ROUTE_AHMCSetonMedicalCenter,0.5368547208689016,4.066666666666666,ROUTE_MillsPeninsulaMedicalCenterSutter,0.5303659322290007,17.938333333333333,ROUTE_AHMCSetonMedicalCenter,0.5368547208689016,4.066666666666666
37.81138888886208,-122.25527777773297,217.37348057842453,HEMORRHAGIC,ROUTE_AltaBatesSummitMedicalCenterSummitCampus,0.24,6.5,ROUTE_AltaBatesSummitMedicalCenterSummitCampus,0.24,6.5,ROUTE_SutterEdenMedicalCenter,0.24,20.813333333333333,ROUTE_AltaBatesSummitMedicalCenterSummitCampus,0.24,6.5
38.00694444441779,-122.12527777773286,85.64523376693003,LVO,ROUTE_JohnMuirMedicalCenterWalnutCreekCampus,0.42852384462628273,19.591666666666665,ROUTE_ContraCostaRegionalMedicalCenter,0.25399095327513266,2.033333333333333,ROUTE_JohnMuirMedicalCenterWalnutCreekCampus,0.42852384462628273,19.591666666666665,ROUTE_JohnMuirMedicalCenterConcordCampus,0.288661097060599,12.05
37.80305555552874,-122.23416666662183,269.51877841565226,HEMORRHAGIC,ROUTE_HighlandHospitalWilmaChanCampus,0.24,2.2916666666666665,ROUTE_HighlandHospitalWilmaChanCampus,0.24,2.2916666666666665,ROUTE_SutterEdenMedicalCenter,0.24,17.975,ROUTE_HighlandHospitalWilmaChanCampus,0.24,2.2916666666666665
38.09999999997342,-122.19722222217736,222.929854431482,NLVO,ROUTE_SutterSolanoMedicalCenter,0.4622,10.9,ROUTE_SutterSolanoMedicalCenter,0.4622,10.9,ROUTE_JohnMuirMedicalCenterWalnutCreekCampus,0.4622,28.491666666666667,ROUTE_SutterSolanoMedicalCenter,0.4622,10.9
37.718888888862004,-122.45583333328868,253.70649897086093,NLVO,ROUTE_CPMCMissionBernalCampusSutter,0.4622,8.275,ROUTE_CPMCMissionBernalCampusSutter,0.4622,8.275,ROUTE_UCSFMedicalCenter,0.4622,12.875,ROUTE_CPMCMissionBernalCampusSutter,0.4622,8.275
37.562777777750775,-122.32277777773302,257.3690927900931,HEMORRHAGIC,ROUTE_SanMateoMedicalCenter,0.24,10.433333333333334,ROUTE_SanMateoMedicalCenter,0.24,10.433333333333334,ROUTE_MillsPeninsulaMedicalCenterSutter,0.24,12.435,ROUTE_MillsPeninsulaMedicalCenterSutter,0.24,12.435
37.711388888862004,-122.41472222217753,236.88608264044296,LVO,ROUTE_CPMCMissionBernalCampusSutter,0.24466880000000002,12.618333333333334,ROUTE_CPMCMissionBernalCampusSutter,0.24466880000000002,12.618333333333334,ROUTE_MillsPeninsulaMedicalCenterSutter,0.24466880000000002,17.45,ROUTE_CPMCMissionBernalCampusSutter,0.24466880000000002,12.618333333333334
37.764999999973156,-122.45972222217758,72.01590188667475,LVO,ROUTE_UCSFMedicalCenter,0.44035801452008827,1.2016666666666667,ROUTE_UCSFMedicalCenter,0.44035801452008827,1.2016666666666667,ROUTE_UCSFMedicalCenter,0.44035801452008827,1.2016666666666667,ROUTE_UCSFMedicalCenter,0.44035801452008827,1.2016666666666667
37.59166666663968,-122.05194444439947,262.24414571284274,HEMORRHAGIC,ROUTE_StRoseHospital,0.24,8.466666666666667,ROUTE_StRoseHospital,0.24,8.466666666666667,ROUTE_SutterEdenMedicalCenter,0.24,17.63,ROUTE_KaiserFoundationHospitalSanLeandro,0.24,15.936666666666667
37.97944444441777,-121.85055555551043,203.68239563109702,LVO,ROUTE_KaiserFoundationHospitalAntioch,0.2547757645386431,16.398333333333333,ROUTE_SutterDeltaMedicalCenter,0.24466880000000002,10.708333333333334,ROUTE_JohnMuirMedicalCenterWalnutCreekCampus,0.24466880000000002,33.443333333333335,ROUTE_KaiserFoundationHospitalAntioch,0.2547757645386431,16.398333333333333
37.75611111108426,-122.47583333328869,52.65075621171149,LVO,ROUTE_UCSFMedicalCenter,0.44669575398822814,4.98,ROUTE_UCSFMedicalCenter,0.44669575398822814,4.98,ROUTE_UCSFMedicalCenter,0.44669575398822814,4.98,ROUTE_UCSFMedicalCenter,0.44669575398822814,4.98
37.97916666663999,-121.80388888884372,238.6158716469166,LVO,ROUTE_SutterDeltaMedicalCenter,0.24466880000000002,3.25,ROUTE_SutterDeltaMedicalCenter,0.24466880000000002,3.25,ROUTE_JohnMuirMedicalCenterWalnutCreekCampus,0.24466880000000002,33.445,ROUTE_KaiserFoundationHospitalAntioch,0.24466880000000002,7.826666666666667
37.91416666663994,-122.30888888884412,134.94221697407266,LVO,ROUTE_CPMCDaviesCampusSutter,0.4054628437068599,31.881666666666668,ROUTE_KaiserFoundationHospitalRichmondCampus,0.2742287006943377,12.486666666666668,ROUTE_CPMCDaviesCampusSutter,0.4054628437068599,31.881666666666668,ROUTE_KaiserFoundationHospitalRichmondCampus,0.2742287006943377,12.486666666666668
37.789999999973176,-122.4277777777331,241.9886925412025,NLVO,ROUTE_UCSFHealthHydeHospital,0.4622,1.9966666666666666,ROUTE_UCSFHealthHydeHospital,0.4622,1.9966666666666666,ROUTE_CPMCDaviesCampusSutter,0.4622,7.621666666666667,ROUTE_UCSFHealthHydeHospital,0.4622,1.9966666666666666
37.41305555552843,-122.10805555551063,38.780234049879844,LVO,ROUTE_ElCaminoHealthMountainView,0.44825438183944216,16.051666666666666,ROUTE_ElCaminoHealthMountainView,0.44825438183944216,16.051666666666666,ROUTE_ElCaminoHealthMountainView,0.44825438183944216,16.051666666666666,ROUTE_ElCaminoHealthMountainView,0.44825438183944216,16.051666666666666
37.57555555552856,-122.33083333328858,119.06456156750602,LVO,ROUTE_MillsPeninsulaMedicalCenterSutter,0.4187302162698203,10.646666666666667,ROUTE_MillsPeninsulaMedicalCenterSutter,0.4187302162698203,10.646666666666667,ROUTE_MillsPeninsulaMedicalCenterSutter,0.4187302162698203,10.646666666666667,ROUTE_MillsPeninsulaMedicalCenterSutter,0.4187302162698203,10.646666666666667
37.755277777750926,-121.9024999999549,42.144595339448884,HEMORRHAGIC,ROUTE_SutterEdenMedicalCenter,0.24,22.965,ROUTE_SanRamonRegionalMedicalCenter,0.24,12.72,ROUTE_SutterEdenMedicalCenter,0.24,22.965,ROUTE_SanRamonRegionalMedicalCenter,0.24,12.72
37.450277777750685,-121.89333333328823,120.43268737916128,HEMORRHAGIC,ROUTE_RegionalMedicalCenterOfSanJose,0.24,11.620000000000001,ROUTE_RegionalMedicalCenterOfSanJose,0.24,11.620000000000001,ROUTE_RegionalMedicalCenterOfSanJose,0.24,11.620000000000001,ROUTE_RegionalMedicalCenterOfSanJose,0.24,11.620000000000001
37.770555555528716,-122.20861111106626,220.2165022947916,LVO,ROUTE_HighlandHospitalWilmaChanCampus,0.24466880000000002,9.533333333333333,ROUTE_HighlandHospitalWilmaChanCampus,0.24466880000000002,9.533333333333333,ROUTE_SutterEdenMedicalCenter,0.24466880000000002,18.5,ROUTE_HighlandHospitalWilmaChanCampus,0.24466880000000002,9.533333333333333
37.74222222219536,-122.43333333328866,206.72242037491128,HEMORRHAGIC,ROUTE_CPMCMissionBernalCampusSutter,0.24,3.375,ROUTE_CPMCMissionBernalCampusSutter,0.24,3.375,ROUTE_CPMCDaviesCampusSutter,0.24,8.691666666666666,ROUTE_CPMCMissionBernalCampusSutter,0.24,3.375
37.97722222219555,-122.35138888884416,79.77451704898579,HEMORRHAGIC,ROUTE_JohnMuirMedicalCenterWalnutCreekCampus,0.24,36.46333333333334,ROUTE_KaiserFoundationHospitalRichmondCampus,0.24,9.796666666666665,ROUTE_JohnMuirMedicalCenterWalnutCreekCampus,0.24,36.46333333333334,ROUTE_KaiserFoundationHospitalRichmondCampus,0.24,9.796666666666665
37.93694444441774,-121.6877777777325,207.34380568608944,LVO,ROUTE_KaiserFoundationHospitalAntioch,0.25402207192148674,15.6,ROUTE_KaiserFoundationHospitalAntioch,0.25402207192148674,15.6,ROUTE_JohnMuirMedicalCenterWalnutCreekCampus,0.24466880000000002,41.818333333333335,ROUTE_KaiserFoundationHospitalAntioch,0.25402207192148674,15.6
37.72555555552868,-121.73055555551032,121.38513293649908,NLVO,ROUTE_SutterEdenMedicalCenter,0.5356837909779687,30.115000000000002,ROUTE_StanfordHealthCareTriValley,0.5410062694509541,18.716666666666665,ROUTE_SutterEdenMedicalCenter,0.5356837909779687,30.115000000000002,ROUTE_StanfordHealthCareTriValley,0.5410062694509541,18.716666666666665
37.76055555552871,-122.42222222217754,214.73826535036164,NLVO,ROUTE_CPMCMissionBernalCampusSutter,0.4991358825612267,4.058333333333334,ROUTE_CPMCMissionBernalCampusSutter,0.4991358825612267,4.058333333333334,ROUTE_CPMCDaviesCampusSutter,0.49871030473423567,4.956666666666666,ROUTE_CPMCMissionBernalCampusSutter,0.4991358825612267,4.058333333333334
37.666111111084184,-122.48749999995538,129.0246844797784,HEMORRHAGIC,ROUTE_MillsPeninsulaMedicalCenterSutter,0.24,17.763333333333332,ROUTE_AHMCSetonMedicalCenter,0.24,8.153333333333332,ROUTE_MillsPeninsulaMedicalCenterSutter,0.24,17.763333333333332,ROUTE_AHMCSetonMedicalCenter,0.24,8.153333333333332
37.72138888886201,-122.1677777777329,158.51284626322186,LVO,ROUTE_SutterEdenMedicalCenter,0.4027896899848534,13.628333333333334,ROUTE_SanLeandroHospitalAlamedaHealthSystem,0.24466880000000002,6.538333333333333,ROUTE_SutterEdenMedicalCenter,0.4027896899848534,13.628333333333334,ROUTE_KaiserFoundationHospitalSanLeandro,0.268852476005787,7.751666666666667
38.01111111108446,-122.11638888884397,256.37268267827835,LVO,ROUTE_ContraCostaRegionalMedicalCenter,0.24466880000000002,3.3116666666666665,ROUTE_ContraCostaRegionalMedicalCenter,0.24466880000000002,3.3116666666666665,ROUTE_JohnMuirMedicalCenterWalnutCreekCampus,0.24466880000000002,19.683333333333334,ROUTE_JohnMuirMedicalCenterConcordCampus,0.24466880000000002,14.036666666666667
37.88194444441769,-122.25222222217741,67.66077371993549,LVO,ROUTE_JohnMuirMedicalCenterWalnutCreekCampus,0.43302536192345353,26.753333333333334,ROUTE_AltaBatesSummitMedicalCenterAltaBatesCampus,0.2569976215208672,11.866666666666667,ROUTE_JohnMuirMedicalCenterWalnutCreekCampus,0.43302536192345353,26.753333333333334,ROUTE_AltaBatesSummitMedicalCenterSummitCampus,0.2916409599119467,21.026666666666664
37.468333333306255,-122.23111111106628,152.10370882858797,LVO,ROUTE_KaiserFoundationHospitalRedwoodCity,0.4067369284155471,9.043333333333333,ROUTE_SequoiaHospital,0.2705784782445939,7.928333333333333,ROUTE_KaiserFoundationHospitalRedwoodCity,0.4067369284155471,9.043333333333333,ROUTE_SequoiaHospital,0.2705784782445939,7.928333333333333
37.96527777775109,-121.72444444439921,204.96662807992985,LVO,ROUTE_KaiserFoundationHospitalAntioch,0.2547449133434485,15.104999999999999,ROUTE_KaiserFoundationHospitalAntioch,0.2547449133434485,15.104999999999999,ROUTE_JohnMuirMedicalCenterWalnutCreekCampus,0.24466880000000002,37.41833333333333,ROUTE_KaiserFoundationHospitalAntioch,0.2547449133434485,15.104999999999999
37.87833333330658,-122.44777777773312,161.78453382294,HEMORRHAGIC,ROUTE_UCSFMedicalCenter,0.24,41.876666666666665,ROUTE_MarinHealthMedicalCenter,0.24,25.191666666666666,ROUTE_UCSFMedicalCenter,0.24,41.876666666666665,ROUTE_MarinHealthMedicalCenter,0.24,25.191666666666666
37.98944444441778,-121.7258333332881,130.83694792894875,HEMORRHAGIC,ROUTE_JohnMuirMedicalCenterWalnutCreekCampus,0.24,35.913333333333334,ROUTE_KaiserFoundationHospitalAntioch,0.24,14.303333333333335,ROUTE_JohnMuirMedicalCenterWalnutCreekCampus,0.24,35.913333333333334,ROUTE_KaiserFoundationHospitalAntioch,0.24,14.303333333333335
37.98916666664,-121.77805555551036,265.59117890718085,LVO,ROUTE_SutterDeltaMedicalCenter,0.24466880000000002,6.973333333333333,ROUTE_SutterDeltaMedicalCenter,0.24466880000000002,6.973333333333333,ROUTE_JohnMuirMedicalCenterWalnutCreekCampus,0.24466880000000002,32.986666666666665,ROUTE_KaiserFoundationHospitalAntioch,0.24466880000000002,10.048333333333334
37.98361111108444,-122.0011111110661,124.67732594768334,MIMIC,ROUTE_JohnMuirMedicalCenterWalnutCreekCampus,0.9,17.851666666666667,ROUTE_JohnMuirMedicalCenterConcordCampus,0.9,8.191666666666666,ROUTE_JohnMuirMedicalCenterWalnutCreekCampus,0.9,17.851666666666667,ROUTE_JohnMuirMedicalCenterConcordCampus,0.9,8.191666666666666
37.729999999973124,-122.37749999995529,101.61400227925458,HEMORRHAGIC,ROUTE_CPMCDaviesCampusSutter,0.24,18.44,ROUTE_ZuckerbergSanFranciscoGeneralHospital,0.24,12.95,ROUTE_CPMCDaviesCampusSutter,0.24,18.44,ROUTE_ZuckerbergSanFranciscoGeneralHospital,0.24,12.95
37.99222222219556,-122.53166666662207,76.80206435212429,LVO,ROUTE_UCSFMedicalCenter,0.42488299373019656,39.848333333333336,ROUTE_KaiserFoundationHospitalSanRafael,0.2917248446183703,10.561666666666667,ROUTE_UCSFMedicalCenter,0.42488299373019656,39.848333333333336,ROUTE_KaiserFoundationHospitalSanRafael,0.2917248446183703,10.561666666666667
38.31194444441804,-122.47555555551092,165.81112858951244,HEMORRHAGIC,ROUTE_SonomaValleyHospital,0.24,8.691666666666666,ROUTE_SonomaValleyHospital,0.24,8.691666666666666,ROUTE_JohnMuirMedicalCenterWalnutCreekCampus,0.24,72.59833333333333,ROUTE_SonomaValleyHospital,0.24,8.691666666666666
37.730277777750906,-122.37444444439973,264.2921617636837,HEMORRHAGIC,ROUTE_ZuckerbergSanFranciscoGeneralHospital,0.24,13.126666666666667,ROUTE_ZuckerbergSanFranciscoGeneralHospital,0.24,13.126666666666667,ROUTE_CPMCDaviesCampusSutter,0.24,18.616666666666667,ROUTE_ZuckerbergSanFranciscoGeneralHospital,0.24,13.126666666666667
37.88666666663992,-122.30111111106633,247.01953454668987,HEMORRHAGIC,ROUTE_KaiserFoundationHospitalRichmondCampus,0.24,12.403333333333334,ROUTE_KaiserFoundationHospitalRichmondCampus,0.24,12.403333333333334,ROUTE_CPMCDaviesCampusSutter,0.24,29.636666666666667,ROUTE_KaiserFoundationHospitalRichmondCampus,0.24,12.403333333333334
37.93333333330662,-122.31833333328858,265.5490106228113,LVO,ROUTE_KaiserFoundationHospitalRichmondCampus,0.24466880000000002,10.06,ROUTE_KaiserFoundationHospitalRichmondCampus,0.24466880000000002,10.06,ROUTE_CPMCDaviesCampusSutter,0.24466880000000002,33.285,ROUTE_KaiserFoundationHospitalRichmondCampus,0.24466880000000002,10.06
38.177499999973485,-122.2433333332885,141.74626197133352,LVO,ROUTE_JohnMuirMedicalCenterWalnutCreekCampus,0.40130323928718814,36.68666666666666,ROUTE_KaiserFoundationHospitalVallejo,0.2733090882723088,8.56,ROUTE_JohnMuirMedicalCenterWalnutCreekCampus,0.40130323928718814,36.68666666666666,ROUTE_KaiserFoundationHospitalVallejo,0.2733090882723088,8.56
37.96166666663998,-122.34944444439971,34.35844274595812,HEMORRHAGIC,ROUTE_CPMCDaviesCampusSutter,0.24,38.19666666666667,ROUTE_KaiserFoundationHospitalRichmondCampus,0.24,7.693333333333333,ROUTE_CPMCDaviesCampusSutter,0.24,38.19666666666667,ROUTE_KaiserFoundationHospitalRichmondCampus,0.24,7.693333333333333
38.24916666664021,-122.00694444439944,269.6822060351765,MIMIC,ROUTE_NorthBayMedicalCenter,0.9,10.791666666666666,ROUTE_NorthBayMedicalCenter,0.9,10.791666666666666,ROUTE_JohnMuirMedicalCenterWalnutCreekCampus,0.9,44.125,ROUTE_NorthBayMedicalCenter,0.9,10.791666666666666
37.766944444417604,-122.42416666662199,167.14384022520244,MIMIC,ROUTE_CPMCDaviesCampusSutter,0.9,4.608333333333333,ROUTE_CPMCDaviesCampusSutter,0.9,4.608333333333333,ROUTE_CPMCDaviesCampusSutter,0.9,4.608333333333333,ROUTE_CPMCDaviesCampusSutter,0.9,4.608333333333333
37.34916666663949,-122.04666666662169,119.64990218403459,LVO,ROUTE_ElCaminoHealthMountainView,0.4181813720793409,11.588333333333333,ROUTE_ElCaminoHealthMountainView,0.4181813720793409,11.588333333333333,ROUTE_ElCaminoHealthMountainView,0.4181813720793409,11.588333333333333,ROUTE_ElCaminoHealthMountainView,0.4181813720793409,11.588333333333333
37.44888888886179,-122.15166666662176,208.46683868627952,LVO,ROUTE_StanfordHealthCare,0.255251117192996,9.026666666666667,ROUTE_StanfordHealthCare,0.255251117192996,9.026666666666667,ROUTE_StanfordHealthCare,0.255251117192996,9.026666666666667,ROUTE_StanfordHealthCare,0.255251117192996,9.026666666666667
37.559999999972995,-122.32694444439969,260.43788571624833,LVO,ROUTE_SanMateoMedicalCenter,0.24466880000000002,10.376666666666667,ROUTE_SanMateoMedicalCenter,0.24466880000000002,10.376666666666667,ROUTE_MillsPeninsulaMedicalCenterSutter,0.24466880000000002,13.161666666666667,ROUTE_MillsPeninsulaMedicalCenterSutter,0.24466880000000002,13.161666666666667
37.482222222195155,-122.43999999995533,83.36071444501249,LVO,ROUTE_MillsPeninsulaMedicalCenterSutter,0.42594531565596844,29.511666666666667,ROUTE_SanMateoMedicalCenter,0.24466880000000002,29.301666666666666,ROUTE_MillsPeninsulaMedicalCenterSutter,0.42594531565596844,29.511666666666667,ROUTE_MillsPeninsulaMedicalCenterSutter,0.42594531565596844,29.511666666666667
37.79388888886207,-122.42361111106644,265.0689852058108,MIMIC,ROUTE_UCSFHealthHydeHospital,0.9,3.1883333333333335,ROUTE_UCSFHealthHydeHospital,0.9,3.1883333333333335,ROUTE_CPMCDaviesCampusSutter,0.9,9.461666666666668,ROUTE_UCSFHealthHydeHospital,0.9,3.1883333333333335
37.478055555528485,-122.17444444439957,72.65306739784035,NLVO,ROUTE_KaiserFoundationHospitalRedwoodCity,0.5696476765430685,11.135,ROUTE_KaiserFoundationHospitalRedwoodCity,0.5696476765430685,11.135,ROUTE_KaiserFoundationHospitalRedwoodCity,0.5696476765430685,11.135,ROUTE_KaiserFoundationHospitalRedwoodCity,0.5696476765430685,11.135
37.74999999997314,-122.45333333328868,236.66959934945254,LVO,ROUTE_UCSFMedicalCenter,0.24466880000000002,5.786666666666666,ROUTE_UCSFMedicalCenter,0.24466880000000002,5.786666666666666,ROUTE_UCSFMedicalCenter,0.24466880000000002,5.786666666666666,ROUTE_UCSFMedicalCenter,0.24466880000000002,5.786666666666666
37.56305555552855,-122.28972222217743,262.6021203159546,NLVO,ROUTE_SanMateoMedicalCenter,0.4622,11.331666666666667,ROUTE_SanMateoMedicalCenter,0.4622,11.331666666666667,ROUTE_MillsPeninsulaMedicalCenterSutter,0.4622,13.818333333333333,ROUTE_MillsPeninsulaMedicalCenterSutter,0.4622,13.818333333333333
37.763611111084266,-122.46611111106647,109.93014537697172,LVO,ROUTE_UCSFMedicalCenter,0.4250226081394147,2.6383333333333336,ROUTE_UCSFMedicalCenter,0.4250226081394147,2.6383333333333336,ROUTE_UCSFMedicalCenter,0.4250226081394147,2.6383333333333336,ROUTE_UCSFMedicalCenter,0.4250226081394147,2.6383333333333336
38.22361111108464,-122.3155555555108,145.28392830071715,HEMORRHAGIC,ROUTE_JohnMuirMedicalCenterWalnutCreekCampus,0.24,58.025,ROUTE_ProvidenceQueenOfTheValleyMedicalCenter,0.24,22.305,ROUTE_JohnMuirMedicalCenterWalnutCreekCampus,0.24,58.025,ROUTE_ProvidenceQueenOfTheValleyMedicalCenter,0.24,22.305
37.370277777750616,-122.04638888884391,145.02972505521564,HEMORRHAGIC,ROUTE_ElCaminoHealthMountainView,0.24,10.753333333333334,ROUTE_ElCaminoHealthMountainView,0.24,10.753333333333334,ROUTE_ElCaminoHealthMountainView,0.24,10.753333333333334,ROUTE_ElCaminoHealthMountainView,0.24,10.753333333333334
37.80472222219541,-121.9202777777327,148.76638996759831,LVO,ROUTE_JohnMuirMedicalCenterWalnutCreekCampus,0.40234661307876707,25.776666666666664,ROUTE_SanRamonRegionalMedicalCenter,0.27029332943173356,12.78,ROUTE_JohnMuirMedicalCenterWalnutCreekCampus,0.40234661307876707,25.776666666666664,ROUTE_SanRamonRegionalMedicalCenter,0.27029332943173356,12.78
38.08833333330675,-122.21472222217737,145.37638448345376,MIMIC,ROUTE_JohnMuirMedicalCenterWalnutCreekCampus,0.9,26.341666666666665,ROUTE_SutterSolanoMedicalCenter,0.9,10.756666666666666,ROUTE_JohnMuirMedicalCenterWalnutCreekCampus,0.9,26.341666666666665,ROUTE_SutterSolanoMedicalCenter,0.9,10.756666666666666
37.45972222219513,-122.22583333328849,68.38912460405268,LVO,ROUTE_KaiserFoundationHospitalRedwoodCity,0.43858049727800236,10.233333333333333,ROUTE_SequoiaHospital,0.4240237727730618,9.118333333333334,ROUTE_KaiserFoundationHospitalRedwoodCity,0.43858049727800236,10.233333333333333,ROUTE_SequoiaHospital,0.4240237727730618,9.118333333333334
37.728611111084234,-122.42555555551088,120.62907597414616,NLVO,ROUTE_CPMCDaviesCampusSutter,0.5445648181930466,11.923333333333334,ROUTE_CPMCMissionBernalCampusSutter,0.5474842460114688,5.653333333333333,ROUTE_CPMCDaviesCampusSutter,0.5445648181930466,11.923333333333334,ROUTE_CPMCMissionBernalCampusSutter,0.5474842460114688,5.653333333333333
37.973333333306655,-122.34111111106637,213.17936901739802,NLVO,ROUTE_KaiserFoundationHospitalRichmondCampus,0.49640462533388563,11.553333333333335,ROUTE_KaiserFoundationHospitalRichmondCampus,0.49640462533388563,11.553333333333335,ROUTE_JohnMuirMedicalCenterWalnutCreekCampus,0.4622,35.99166666666667,ROUTE_KaiserFoundationHospitalRichmondCampus,0.49640462533388563,11.553333333333335
37.77555555552872,-122.21527777773294,127.9240974721102,LVO,ROUTE_SutterEdenMedicalCenter,0.4128281150948109,17.995,ROUTE_HighlandHospitalWilmaChanCampus,0.27727514040616,8.351666666666667,ROUTE_SutterEdenMedicalCenter,0.4128281150948109,17.995,ROUTE_HighlandHospitalWilmaChanCampus,0.27727514040616,8.351666666666667
37.771111111084274,-121.94083333328827,265.4723112943593,NLVO,ROUTE_SanRamonRegionalMedicalCenter,0.4622,6.295,ROUTE_SanRamonRegionalMedicalCenter,0.4622,6.295,ROUTE_JohnMuirMedicalCenterWalnutCreekCampus,0.4622,24.41166666666667,ROUTE_SanRamonRegionalMedicalCenter,0.4622,6.295
37.817777777750976,-122.27666666662188,164.6712196459829,LVO,ROUTE_SutterEdenMedicalCenter,0.2636601613408282,22.14,ROUTE_AltaBatesSummitMedicalCenterSummitCampus,0.2678408490892589,5.005,ROUTE_SutterEdenMedicalCenter,0.2636601613408282,22.14,ROUTE_AltaBatesSummitMedicalCenterSummitCampus,0.2678408490892589,5.005
37.756666666639816,-122.48444444439981,39.36336731926229,HEMORRHAGIC,ROUTE_UCSFMedicalCenter,0.24,6.826666666666667,ROUTE_UCSFMedicalCenter,0.24,6.826666666666667,ROUTE_UCSFMedicalCenter,0.24,6.826666666666667,ROUTE_UCSFMedicalCenter,0.24,6.826666666666667
37.8111111110843,-122.20638888884403,116.04970511939985,LVO,ROUTE_SutterEdenMedicalCenter,0.4167552543417756,19.73166666666667,ROUTE_HighlandHospitalWilmaChanCampus,0.2809537068106368,7.341666666666667,ROUTE_SutterEdenMedicalCenter,0.4167552543417756,19.73166666666667,ROUTE_HighlandHospitalWilmaChanCampus,0.2809537068106368,7.341666666666667
37.7833333333065,-122.4138888888442,78.04313190188643,HEMORRHAGIC,ROUTE_CPMCDaviesCampusSutter,0.24,8.506666666666666,ROUTE_UCSFHealthHydeHospital,0.24,2.4033333333333333,ROUTE_CPMCDaviesCampusSutter,0.24,8.506666666666666,ROUTE_UCSFHealthHydeHospital,0.24,2.4033333333333333
37.794166666639846,-122.26888888884409,209.03396881285474,HEMORRHAGIC,ROUTE_HighlandHospitalWilmaChanCampus,0.24,6.591666666666667,ROUTE_HighlandHospitalWilmaChanCampus,0.24,6.591666666666667,ROUTE_SutterEdenMedicalCenter,0.24,20.728333333333335,ROUTE_HighlandHospitalWilmaChanCampus,0.24,6.591666666666667
37.966388888862205,-122.34972222217749,229.31381615573156,NLVO,ROUTE_KaiserFoundationHospitalRichmondCampus,0.4622,9.033333333333333,ROUTE_KaiserFoundationHospitalRichmondCampus,0.4622,9.033333333333333,ROUTE_JohnMuirMedicalCenterWalnutCreekCampus,0.4622,37.35166666666667,ROUTE_KaiserFoundationHospitalRichmondCampus,0.4622,9.033333333333333
38.02805555552892,-121.9569444443994,231.73221882159856,LVO,ROUTE_JohnMuirMedicalCenterConcordCampus,0.24466880000000002,9.856666666666666,ROUTE_JohnMuirMedicalCenterConcordCampus,0.24466880000000002,9.856666666666666,ROUTE_JohnMuirMedicalCenterWalnutCreekCampus,0.24466880000000002,19.616666666666667,ROUTE_JohnMuirMedicalCenterConcordCampus,0.24466880000000002,9.856666666666666
37.97305555552888,-121.75694444439924,237.63756604358213,MIMIC,ROUTE_KaiserFoundationHospitalAntioch,0.9,8.883333333333333,ROUTE_KaiserFoundationHospitalAntioch,0.9,8.883333333333333,ROUTE_JohnMuirMedicalCenterWalnutCreekCampus,0.9,35.01833333333333,ROUTE_KaiserFoundationHospitalAntioch,0.9,8.883333333333333
37.69916666663977,-122.11111111106618,188.8347721449251,HEMORRHAGIC,ROUTE_SutterEdenMedicalCenter,0.24,6.1033333333333335,ROUTE_SutterEdenMedicalCenter,0.24,6.1033333333333335,ROUTE_SutterEdenMedicalCenter,0.24,6.1033333333333335,ROUTE_SutterEdenMedicalCenter,0.24,6.1033333333333335
38.27416666664023,-122.03111111106612,63.28325195242229,LVO,ROUTE_JohnMuirMedicalCenterWalnutCreekCampus,0.42954359195578745,41.526666666666664,ROUTE_NorthBayMedicalCenter,0.2967477829964302,7.3149999999999995,ROUTE_JohnMuirMedicalCenterWalnutCreekCampus,0.42954359195578745,41.526666666666664,ROUTE_NorthBayMedicalCenter,0.2967477829964302,7.3149999999999995
37.38527777775063,-122.0880555555106,256.90087648359685,NLVO,ROUTE_ElCaminoHealthMountainView,0.4622,7.588333333333334,ROUTE_ElCaminoHealthMountainView,0.4622,7.588333333333334,ROUTE_ElCaminoHealthMountainView,0.4622,7.588333333333334,ROUTE_ElCaminoHealthMountainView,0.4622,7.588333333333334
37.55138888886187,-121.98944444439942,252.00452458297892,HEMORRHAGIC,ROUTE_WashingtonHospitalHealthcareSystem,0.24,4.703333333333333,ROUTE_WashingtonHospitalHealthcareSystem,0.24,4.703333333333333,ROUTE_SutterEdenMedicalCenter,0.24,26.9,ROUTE_WashingtonHospitalHealthcareSystem,0.24,4.703333333333333
37.78888888886206,-122.19777777773292,74.19012554245776,HEMORRHAGIC,ROUTE_SutterEdenMedicalCenter,0.24,16.225,ROUTE_HighlandHospitalWilmaChanCampus,0.24,5.656666666666666,ROUTE_SutterEdenMedicalCenter,0.24,16.225,ROUTE_HighlandHospitalWilmaChanCampus,0.24,5.656666666666666
37.536944444417415,-122.04666666662169,159.58581554770154,MIMIC,ROUTE_SutterEdenMedicalCenter,0.9,24.756666666666668,ROUTE_StRoseHospital,0.9,15.595,ROUTE_SutterEdenMedicalCenter,0.9,24.756666666666668,ROUTE_WashingtonHospitalHealthcareSystem,0.9,17.375
37.9336111110844,-122.05583333328836,87.31814600585905,HEMORRHAGIC,ROUTE_JohnMuirMedicalCenterWalnutCreekCampus,0.24,7.321666666666667,ROUTE_JohnMuirMedicalCenterConcordCampus,0.24,7.15,ROUTE_JohnMuirMedicalCenterWalnutCreekCampus,0.24,7.321666666666667,ROUTE_JohnMuirMedicalCenterConcordCampus,0.24,7.15
37.729999999973124,-122.44333333328868,103.09657710031028,HEMORRHAGIC,ROUTE_CPMCDaviesCampusSutter,0.24,11.889999999999999,ROUTE_CPMCMissionBernalCampusSutter,0.24,5.618333333333334,ROUTE_CPMCDaviesCampusSutter,0.24,11.889999999999999,ROUTE_CPMCMissionBernalCampusSutter,0.24,5.618333333333334
37.914999999973276,-122.54749999995542,107.24807572494207,HEMORRHAGIC,ROUTE_UCSFMedicalCenter,0.24,36.06333333333334,ROUTE_MarinHealthMedicalCenter,0.24,21.740000000000002,ROUTE_UCSFMedicalCenter,0.24,36.06333333333334,ROUTE_MarinHealthMedicalCenter,0.24,21.740000000000002
38.00833333330668,-121.88694444439933,33.62667648146907,HEMORRHAGIC,ROUTE_JohnMuirMedicalCenterWalnutCreekCampus,0.24,22.611666666666668,ROUTE_SutterDeltaMedicalCenter,0.24,11.351666666666667,ROUTE_JohnMuirMedicalCenterWalnutCreekCampus,0.24,22.611666666666668,ROUTE_JohnMuirMedicalCenterConcordCampus,0.24,13.826666666666666
37.778888888862056,-122.27833333328854,173.10662445019872,LVO,ROUTE_SutterEdenMedicalCenter,0.2606853873394553,25.171666666666667,ROUTE_AlamedaHospital,0.2648927462726266,7.680000000000001,ROUTE_SutterEdenMedicalCenter,0.2606853873394553,25.171666666666667,ROUTE_AlamedaHospital,0.2648927462726266,7.680000000000001
37.79361111108429,-122.43444444439977,203.00683454948393,HEMORRHAGIC,ROUTE_UCSFHealthHydeHospital,0.24,4.11,ROUTE_UCSFHealthHydeHospital,0.24,4.11,ROUTE_CPMCDaviesCampusSutter,0.24,8.514999999999999,ROUTE_UCSFHealthHydeHospital,0.24,4.11
37.67333333330642,-122.14166666662176,177.36368267688067,HEMORRHAGIC,ROUTE_SutterEdenMedicalCenter,0.24,14.354999999999999,ROUTE_StRoseHospital,0.24,12.321666666666665,ROUTE_SutterEdenMedicalCenter,0.24,14.354999999999999,ROUTE_KaiserFoundationHospitalSanLeandro,0.24,13.17
37.73055555552868,-122.39638888884419,100.27456252258733,LVO,ROUTE_CPMCDaviesCampusSutter,0.4242199753397331,15.673333333333334,ROUTE_CPMCMissionBernalCampusSutter,0.28471902114945913,10.553333333333335,ROUTE_CPMCDaviesCampusSutter,0.4242199753397331,15.673333333333334,ROUTE_CPMCMissionBernalCampusSutter,0.28471902114945913,10.553333333333335
37.78527777775095,-122.44638888884423,145.57497517093458,MIMIC,ROUTE_CPMCDaviesCampusSutter,0.9,6.48,ROUTE_KaiserFoundationHospitalSanFrancisco,0.9,1.3583333333333334,ROUTE_CPMCDaviesCampusSutter,0.9,6.48,ROUTE_KaiserFoundationHospitalSanFrancisco,0.9,1.3583333333333334
37.62083333330637,-122.43305555551089,116.93316103738651,LVO,ROUTE_MillsPeninsulaMedicalCenterSutter,0.4190550287468169,12.073333333333332,ROUTE_KaiserFoundationHospitalSouthSanFrancisco,0.27950006261013943,11.946666666666665,ROUTE_MillsPeninsulaMedicalCenterSutter,0.4190550287468169,12.073333333333332,ROUTE_KaiserFoundationHospitalSouthSanFrancisco,0.27950006261013943,11.946666666666665
37.708888888862,-122.41972222217754,181.63351195421237,LVO,ROUTE_CPMCDaviesCampusSutter,0.25998961940140686,18.625,ROUTE_CPMCMissionBernalCampusSutter,0.26148266601072523,12.354999999999999,ROUTE_CPMCDaviesCampusSutter,0.25998961940140686,18.625,ROUTE_CPMCMissionBernalCampusSutter,0.26148266601072523,12.354999999999999
38.33972222219584,-122.32638888884414,219.82071526282004,HEMORRHAGIC,ROUTE_ProvidenceQueenOfTheValleyMedicalCenter,0.24,6.371666666666667,ROUTE_ProvidenceQueenOfTheValleyMedicalCenter,0.24,6.371666666666667,ROUTE_JohnMuirMedicalCenterWalnutCreekCampus,0.24,51.06333333333334,ROUTE_ProvidenceQueenOfTheValleyMedicalCenter,0.24,6.371666666666667
37.7416666666398,-121.94388888884383,62.081399775166005,LVO,ROUTE_SutterEdenMedicalCenter,0.43754370681067656,20.165000000000003,ROUTE_SanRamonRegionalMedicalCenter,0.2966271873171656,9.085,ROUTE_SutterEdenMedicalCenter,0.43754370681067656,20.165000000000003,ROUTE_SanRamonRegionalMedicalCenter,0.2966271873171656,9.085
38.321944444418044,-122.45916666662201,122.3961985081808,NLVO,ROUTE_JohnMuirMedicalCenterWalnutCreekCampus,0.5110981411197228,81.35333333333332,ROUTE_SonomaValleyHospital,0.5407084423862254,18.23166666666667,ROUTE_JohnMuirMedicalCenterWalnutCreekCampus,0.5110981411197228,81.35333333333332,ROUTE_SonomaValleyHospital,0.5407084423862254,18.23166666666667
37.553611111084095,-122.25666666662185,40.582915155655996,LVO,ROUTE_MillsPeninsulaMedicalCenterSutter,0.44714388335110444,17.14,ROUTE_SanMateoMedicalCenter,0.400310341235238,13.835,ROUTE_MillsPeninsulaMedicalCenterSutter,0.44714388335110444,17.14,ROUTE_MillsPeninsulaMedicalCenterSutter,0.44714388335110444,17.14
38.40222222219589,-122.20611111106626,100.05746184002376,HEMORRHAGIC,ROUTE_JohnMuirMedicalCenterWalnutCreekCampus,0.24,62.54666666666667,ROUTE_ProvidenceQueenOfTheValleyMedicalCenter,0.24,19.21333333333333,ROUTE_JohnMuirMedicalCenterWalnutCreekCampus,0.24,62.54666666666667,ROUTE_ProvidenceQueenOfTheValleyMedicalCenter,0.24,19.21333333333333
38.09861111108453,-122.57777777773322,48.336388363340745,NLVO,ROUTE_UCSFMedicalCenter,0.5639660763647595,50.45166666666667,ROUTE_NovatoCommunityHospitalSutter,0.5831323812752588,8.858333333333333,ROUTE_UCSFMedicalCenter,0.5639660763647595,50.45166666666667,ROUTE_NovatoCommunityHospitalSutter,0.5831323812752588,8.858333333333333
37.41638888886177,-122.12666666662174,132.51903299693174,LVO,ROUTE_StanfordHealthCare,0.41216653969732875,14.826666666666666,ROUTE_StanfordHealthCare,0.41216653969732875,14.826666666666666,ROUTE_StanfordHealthCare,0.41216653969732875,14.826666666666666,ROUTE_StanfordHealthCare,0.41216653969732875,14.826666666666666
37.47472222219515,-122.2155555555107,126.06759320409098,LVO,ROUTE_KaiserFoundationHospitalRedwoodCity,0.4170271730400384,7.8100000000000005,ROUTE_KaiserFoundationHospitalRedwoodCity,0.4170271730400384,7.8100000000000005,ROUTE_KaiserFoundationHospitalRedwoodCity,0.4170271730400384,7.8100000000000005,ROUTE_KaiserFoundationHospitalRedwoodCity,0.4170271730400384,7.8100000000000005
38.013611111084465,-122.28166666662187,180.60035420953122,LVO,ROUTE_KaiserFoundationHospitalRichmondCampus,0.2604146420316811,17.983333333333334,ROUTE_ContraCostaRegionalMedicalCenter,0.24466880000000002,16.96333333333333,ROUTE_JohnMuirMedicalCenterWalnutCreekCampus,0.25757576182570935,30.009999999999998,ROUTE_KaiserFoundationHospitalRichmondCampus,0.2604146420316811,17.983333333333334
37.681388888861974,-121.74444444439922,55.476745636653185,LVO,ROUTE_SutterEdenMedicalCenter,0.43628835678662337,31.048333333333336,ROUTE_StanfordHealthCareTriValley,0.29573356273476725,19.65,ROUTE_SutterEdenMedicalCenter,0.43628835678662337,31.048333333333336,ROUTE_StanfordHealthCareTriValley,0.29573356273476725,19.65
37.721111111084234,-122.46666666662202,260.85168297414555,HEMORRHAGIC,ROUTE_AHMCSetonMedicalCenter,0.24,8.836666666666668,ROUTE_AHMCSetonMedicalCenter,0.24,8.836666666666668,ROUTE_UCSFMedicalCenter,0.24,11.983333333333333,ROUTE_AHMCSetonMedicalCenter,0.24,8.836666666666668
38.266944444418,-122.63222222217772,194.91185444195904,LVO,ROUTE_PetalumaValleyHospitalProvidence,0.2597472955510844,4.8933333333333335,ROUTE_PetalumaValleyHospitalProvidence,0.2597472955510844,4.8933333333333335,ROUTE_UCSFMedicalCenter,0.24466880000000002,64.65,ROUTE_PetalumaValleyHospitalProvidence,0.2597472955510844,4.8933333333333335
37.71222222219534,-122.46972222217758,88.62735462035008,HEMORRHAGIC,ROUTE_UCSFMedicalCenter,0.24,13.42,ROUTE_AHMCSetonMedicalCenter,0.24,6.703333333333333,ROUTE_UCSFMedicalCenter,0.24,13.42,ROUTE_AHMCSetonMedicalCenter,0.24,6.703333333333333
37.774722222195386,-122.46472222217757,176.8308578696304,HEMORRHAGIC,ROUTE_UCSFMedicalCenter,0.24,6.61,ROUTE_UCSFHealthStanyanHospital,0.24,3.6733333333333333,ROUTE_UCSFMedicalCenter,0.24,6.61,ROUTE_UCSFHealthStanyanHospital,0.24,3.6733333333333333
37.650277777750844,-122.01749999995499,201.21652145869342,NLVO,ROUTE_SutterEdenMedicalCenter,0.49827952493664784,20.89,ROUTE_StRoseHospital,0.4622,19.548333333333336,ROUTE_SutterEdenMedicalCenter,0.49827952493664784,20.89,ROUTE_SutterEdenMedicalCenter,0.49827952493664784,20.89
37.756388888862034,-122.15111111106621,64.88599532486738,LVO,ROUTE_SutterEdenMedicalCenter,0.43930162747774437,12.095,ROUTE_SanLeandroHospitalAlamedaHealthSystem,0.3947475674197607,9.911666666666667,ROUTE_SutterEdenMedicalCenter,0.43930162747774437,12.095,ROUTE_HighlandHospitalWilmaChanCampus,0.2954890394391443,10.08
37.71361111108423,-121.92333333328826,192.84363810392608,NLVO,ROUTE_StanfordHealthCareTriValley,0.5067507923401378,12.288333333333332,ROUTE_StanfordHealthCareTriValley,0.5067507923401378,12.288333333333332,ROUTE_SutterEdenMedicalCenter,0.5037888204902472,18.555,ROUTE_StanfordHealthCareTriValley,0.5067507923401378,12.288333333333332
37.78833333330651,-122.45527777773313,34.845077586995636,LVO,ROUTE_CPMCDaviesCampusSutter,0.4523315332515929,9.111666666666668,ROUTE_KaiserFoundationHospitalSanFrancisco,0.4398418146920853,4.156666666666667,ROUTE_CPMCDaviesCampusSutter,0.4523315332515929,9.111666666666668,ROUTE_KaiserFoundationHospitalSanFrancisco,0.4398418146920853,4.156666666666667
37.76722222219538,-122.24805555551073,150.78606674599433,LVO,ROUTE_SutterEdenMedicalCenter,0.40331877204151306,20.64,ROUTE_AlamedaHospital,0.2724470814682997,1.9349999999999998,ROUTE_SutterEdenMedicalCenter,0.40331877204151306,20.64,ROUTE_AlamedaHospital,0.2724470814682997,1.9349999999999998
37.82999999997321,-122.19249999995513,163.07200616690477,HEMORRHAGIC,ROUTE_SutterEdenMedicalCenter,0.24,22.998333333333335,ROUTE_HighlandHospitalWilmaChanCampus,0.24,12.788333333333332,ROUTE_SutterEdenMedicalCenter,0.24,22.998333333333335,ROUTE_HighlandHospitalWilmaChanCampus,0.24,12.788333333333332
37.600277777750804,-122.38861111106641,184.21788443876093,HEMORRHAGIC,ROUTE_MillsPeninsulaMedicalCenterSutter,0.24,2.44,ROUTE_MillsPeninsulaMedicalCenterSutter,0.24,2.44,ROUTE_MillsPeninsulaMedicalCenterSutter,0.24,2.44,ROUTE_MillsPeninsulaMedicalCenterSutter,0.24,2.44
37.96749999997332,-122.56972222217766,33.10902946404431,MIMIC,ROUTE_UCSFMedicalCenter,0.9,41.751666666666665,ROUTE_MarinHealthMedicalCenter,0.9,9.125,ROUTE_UCSFMedicalCenter,0.9,41.751666666666665,ROUTE_MarinHealthMedicalCenter,0.9,9.125
38.174722222195705,-122.25166666662184,143.81929726161928,LVO,ROUTE_JohnMuirMedicalCenterWalnutCreekCampus,0.40049650935075864,36.791666666666664,ROUTE_KaiserFoundationHospitalVallejo,0.27275364739397173,8.458333333333334,ROUTE_JohnMuirMedicalCenterWalnutCreekCampus,0.40049650935075864,36.791666666666664,ROUTE_KaiserFoundationHospitalVallejo,0.27275364739397173,8.458333333333334
37.97999999997333,-121.83583333328818,148.49531635560382,NLVO,ROUTE_JohnMuirMedicalCenterWalnutCreekCampus,0.5199137959820118,33.63333333333333,ROUTE_SutterDeltaMedicalCenter,0.4622,9.56,ROUTE_JohnMuirMedicalCenterWalnutCreekCampus,0.5199137959820118,33.63333333333333,ROUTE_KaiserFoundationHospitalAntioch,0.5285428288466723,15.25
37.95777777775109,-122.34944444439971,237.42308832586423,HEMORRHAGIC,ROUTE_KaiserFoundationHospitalRichmondCampus,0.24,7.031666666666666,ROUTE_KaiserFoundationHospitalRichmondCampus,0.24,7.031666666666666,ROUTE_CPMCDaviesCampusSutter,0.24,37.115,ROUTE_KaiserFoundationHospitalRichmondCampus,0.24,7.031666666666666
37.671111111084194,-121.87083333328822,166.3303437389468,LVO,ROUTE_SutterEdenMedicalCenter,0.26269451291965557,24.303333333333335,ROUTE_StanfordHealthCareTriValley,0.26682639485494924,7.288333333333333,ROUTE_SutterEdenMedicalCenter,0.26269451291965557,24.303333333333335,ROUTE_StanfordHealthCareTriValley,0.26682639485494924,7.288333333333333
37.88638888886214,-122.28611111106632,76.73256423459136,HEMORRHAGIC,ROUTE_CPMCDaviesCampusSutter,0.24,33.30166666666666,ROUTE_AltaBatesSummitMedicalCenterAltaBatesCampus,0.24,13.795,ROUTE_CPMCDaviesCampusSutter,0.24,33.30166666666666,ROUTE_KaiserFoundationHospitalRichmondCampus,0.24,16.54
37.77277777775094,-122.40499999995531,88.58390115572992,HEMORRHAGIC,ROUTE_CPMCDaviesCampusSutter,0.24,8.658333333333333,ROUTE_ZuckerbergSanFranciscoGeneralHospital,0.24,6.0616666666666665,ROUTE_CPMCDaviesCampusSutter,0.24,8.658333333333333,ROUTE_ZuckerbergSanFranciscoGeneralHospital,0.24,6.0616666666666665
37.639722222195275,-122.431666666622,206.8312841581792,LVO,ROUTE_KaiserFoundationHospitalSouthSanFrancisco,0.25623861123171016,6.59,ROUTE_KaiserFoundationHospitalSouthSanFrancisco,0.25623861123171016,6.59,ROUTE_MillsPeninsulaMedicalCenterSutter,0.2546848442279516,13.293333333333333,ROUTE_KaiserFoundationHospitalSouthSanFrancisco,0.25623861123171016,6.59
37.66083333330641,-122.1019444443995,72.4428418513526,HEMORRHAGIC,ROUTE_SutterEdenMedicalCenter,0.24,12.621666666666666,ROUTE_StRoseHospital,0.24,7.395,ROUTE_SutterEdenMedicalCenter,0.24,12.621666666666666,ROUTE_KaiserFoundationHospitalSanLeandro,0.24,10.928333333333335
37.7277777777509,-122.16055555551067,62.24376454188145,HEMORRHAGIC,ROUTE_SutterEdenMedicalCenter,0.24,14.754999999999999,ROUTE_SanLeandroHospitalAlamedaHealthSystem,0.24,6.433333333333334,ROUTE_SutterEdenMedicalCenter,0.24,14.754999999999999,ROUTE_KaiserFoundationHospitalSanLeandro,0.24,9.981666666666666
37.566111111084105,-122.26805555551076,208.72034759136582,NLVO,ROUTE_MillsPeninsulaMedicalCenterSutter,0.4970349503213831,15.178333333333335,ROUTE_SanMateoMedicalCenter,0.4622,12.18,ROUTE_MillsPeninsulaMedicalCenterSutter,0.4970349503213831,15.178333333333335,ROUTE_MillsPeninsulaMedicalCenterSutter,0.4970349503213831,15.178333333333335
37.50472222219517,-122.29888888884412,218.06084382720434,NLVO,ROUTE_SanMateoMedicalCenter,0.4622,10.638333333333332,ROUTE_SanMateoMedicalCenter,0.4622,10.638333333333332,ROUTE_KaiserFoundationHospitalRedwoodCity,0.4622,20.933333333333334,ROUTE_SequoiaHospital,0.4622,16.595000000000002
37.75777777775093,-122.38861111106641,145.93467865362382,HEMORRHAGIC,ROUTE_CPMCDaviesCampusSutter,0.24,13.32,ROUTE_ZuckerbergSanFranciscoGeneralHospital,0.24,8.441666666666666,ROUTE_CPMCDaviesCampusSutter,0.24,13.32,ROUTE_ZuckerbergSanFranciscoGeneralHospital,0.24,8.441666666666666
37.84749999997322,-122.24055555551072,46.883701999327144,NLVO,ROUTE_SutterEdenMedicalCenter,0.5779548639138923,21.738333333333333,ROUTE_AltaBatesSummitMedicalCenterAltaBatesCampus,0.5162933902881537,8.128333333333334,ROUTE_SutterEdenMedicalCenter,0.5779548639138923,21.738333333333333,ROUTE_KaiserFoundationHospitalOaklandRichmond,0.5835390188883963,9.586666666666668
37.684999999973094,-122.1374999999551,73.49670672751068,LVO,ROUTE_SutterEdenMedicalCenter,0.436743579944381,9.74,ROUTE_KaiserFoundationHospitalSanLeandro,0.2932763606437336,8.555,ROUTE_SutterEdenMedicalCenter,0.436743579944381,9.74,ROUTE_KaiserFoundationHospitalSanLeandro,0.2932763606437336,8.555
37.767777777750936,-122.44833333328867,87.87577172638031,MIMIC,ROUTE_UCSFMedicalCenter,0.9,2.433333333333333,ROUTE_UCSFMedicalCenter,0.9,2.433333333333333,ROUTE_UCSFMedicalCenter,0.9,2.433333333333333,ROUTE_UCSFMedicalCenter,0.9,2.433333333333333
37.64861111108417,-121.78472222217704,128.40225340642547,LVO,ROUTE_SutterEdenMedicalCenter,0.40728918032383055,33.74666666666666,ROUTE_StanfordHealthCareTriValley,0.2735710920603528,22.35,ROUTE_SutterEdenMedicalCenter,0.40728918032383055,33.74666666666666,ROUTE_StanfordHealthCareTriValley,0.2735710920603528,22.35
37.52499999997296,-122.28222222217744,131.0190345875186,LVO,ROUTE_KaiserFoundationHospitalRedwoodCity,0.41345414567655286,12.725,ROUTE_SanMateoMedicalCenter,0.24466880000000002,7.035,ROUTE_KaiserFoundationHospitalRedwoodCity,0.41345414567655286,12.725,ROUTE_KaiserFoundationHospitalRedwoodCity,0.41345414567655286,12.725
37.7277777777509,-122.17416666662179,187.7363824899574,LVO,ROUTE_SutterEdenMedicalCenter,0.25851882071799426,18.066666666666666,ROUTE_KaiserFoundationHospitalSanLeandro,0.2599075587588934,12.19,ROUTE_SutterEdenMedicalCenter,0.25851882071799426,18.066666666666666,ROUTE_KaiserFoundationHospitalSanLeandro,0.2599075587588934,12.19
37.536388888861865,-122.00555555551054,32.64488655435012,HEMORRHAGIC,ROUTE_SutterEdenMedicalCenter,0.24,23.46333333333333,ROUTE_WashingtonHospitalHealthcareSystem,0.24,8.411666666666667,ROUTE_SutterEdenMedicalCenter,0.24,23.46333333333333,ROUTE_WashingtonHospitalHealthcareSystem,0.24,8.411666666666667
37.749444444417584,-122.17555555551068,70.34622898179816,MIMIC,ROUTE_SutterEdenMedicalCenter,0.9,15.34,ROUTE_SanLeandroHospitalAlamedaHealthSystem,0.9,12.016666666666667,ROUTE_SutterEdenMedicalCenter,0.9,15.34,ROUTE_HighlandHospitalWilmaChanCampus,0.9,13.96
37.79666666663985,-122.43444444439977,179.32547948703382,HEMORRHAGIC,ROUTE_CPMCDaviesCampusSutter,0.24,9.375,ROUTE_UCSFHealthHydeHospital,0.24,4.413333333333333,ROUTE_CPMCDaviesCampusSutter,0.24,9.375,ROUTE_UCSFHealthHydeHospital,0.24,4.413333333333333
37.468333333306255,-122.2611111110663,43.369510775051985,MIMIC,ROUTE_KaiserFoundationHospitalRedwoodCity,0.9,14.44,ROUTE_SequoiaHospital,0.9,6.861666666666666,ROUTE_KaiserFoundationHospitalRedwoodCity,0.9,14.44,ROUTE_SequoiaHospital,0.9,6.861666666666666
38.01138888886224,-122.28749999995522,62.057077502912456,HEMORRHAGIC,ROUTE_JohnMuirMedicalCenterWalnutCreekCampus,0.24,28.98166666666667,ROUTE_ContraCostaRegionalMedicalCenter,0.24,15.935,ROUTE_JohnMuirMedicalCenterWalnutCreekCampus,0.24,28.98166666666667,ROUTE_KaiserFoundationHospitalRichmondCampus,0.24,16.953333333333333
37.87666666663991,-122.25944444439963,203.65672780359324,LVO,ROUTE_AltaBatesSummitMedicalCenterSummitCampus,0.25476502998884143,16.473333333333333,ROUTE_AltaBatesSummitMedicalCenterAltaBatesCampus,0.24466880000000002,7.3133333333333335,ROUTE_SutterEdenMedicalCenter,0.24466880000000002,29.265,ROUTE_AltaBatesSummitMedicalCenterSummitCampus,0.25476502998884143,16.473333333333333
37.755833333306484,-122.41694444439976,252.9031283379479,HEMORRHAGIC,ROUTE_CPMCMissionBernalCampusSutter,0.24,4.191666666666666,ROUTE_CPMCMissionBernalCampusSutter,0.24,4.191666666666666,ROUTE_CPMCDaviesCampusSutter,0.24,7.27,ROUTE_CPMCMissionBernalCampusSutter,0.24,4.191666666666666
37.409166666639535,-121.93888888884382,50.55736524540681,LVO,ROUTE_RegionalMedicalCenterOfSanJose,0.44282456696804523,18.123333333333335,ROUTE_OConnorHospital,0.4285460911784972,15.71,ROUTE_RegionalMedicalCenterOfSanJose,0.44282456696804523,18.123333333333335,ROUTE_OConnorHospital,0.4285460911784972,15.71
37.671666666639744,-122.11361111106619,200.31793504493547,NLVO,ROUTE_KaiserFoundationHospitalSanLeandro,0.5033073063298583,11.268333333333334,ROUTE_StRoseHospital,0.4622,7.605,ROUTE_SutterEdenMedicalCenter,0.5025062581831574,12.961666666666668,ROUTE_KaiserFoundationHospitalSanLeandro,0.5033073063298583,11.268333333333334
37.778055555528724,-122.42944444439978,154.8475143779384,HEMORRHAGIC,ROUTE_CPMCDaviesCampusSutter,0.24,4.683333333333334,ROUTE_CPMCVanNessCampusSutter,0.24,3.7183333333333333,ROUTE_CPMCDaviesCampusSutter,0.24,4.683333333333334,ROUTE_CPMCVanNessCampusSutter,0.24,3.7183333333333333
37.44277777775068,-122.14944444439955,127.63694330595682,NLVO,ROUTE_StanfordHealthCare,0.542023124983503,9.59,ROUTE_StanfordHealthCare,0.542023124983503,9.59,ROUTE_StanfordHealthCare,0.542023124983503,9.59,ROUTE_StanfordHealthCare,0.542023124983503,9.59
38.08749999997341,-122.51944444439984,39.81372398830341,HEMORRHAGIC,ROUTE_UCSFMedicalCenter,0.24,52.68666666666666,ROUTE_NovatoCommunityHospitalSutter,0.24,14.479999999999999,ROUTE_UCSFMedicalCenter,0.24,52.68666666666666,ROUTE_NovatoCommunityHospitalSutter,0.24,14.479999999999999
37.88388888886214,-122.30388888884411,215.84821152753628,LVO,ROUTE_KaiserFoundationHospitalRichmondCampus,0.24466880000000002,14.081666666666667,ROUTE_KaiserFoundationHospitalRichmondCampus,0.24466880000000002,14.081666666666667,ROUTE_CPMCDaviesCampusSutter,0.24466880000000002,30.43,ROUTE_KaiserFoundationHospitalRichmondCampus,0.24466880000000002,14.081666666666667
37.921944444417726,-122.00694444439944,144.860533960917,HEMORRHAGIC,ROUTE_JohnMuirMedicalCenterWalnutCreekCampus,0.24,7.175,ROUTE_JohnMuirMedicalCenterWalnutCreekCampus,0.24,7.175,ROUTE_JohnMuirMedicalCenterWalnutCreekCampus,0.24,7.175,ROUTE_JohnMuirMedicalCenterWalnutCreekCampus,0.24,7.175
38.16583333330681,-122.13888888884398,248.84578810627283,HEMORRHAGIC,ROUTE_NorthBayMedicalCenter,0.24,18.293333333333333,ROUTE_NorthBayMedicalCenter,0.24,18.293333333333333,ROUTE_JohnMuirMedicalCenterWalnutCreekCampus,0.24,33.73166666666667,ROUTE_NorthBayMedicalCenter,0.24,18.293333333333333
37.466944444417365,-122.12777777773286,81.62639838234418,NLVO,ROUTE_KaiserFoundationHospitalRedwoodCity,0.5639265025994837,13.548333333333334,ROUTE_KaiserFoundationHospitalRedwoodCity,0.5639265025994837,13.548333333333334,ROUTE_KaiserFoundationHospitalRedwoodCity,0.5639265025994837,13.548333333333334,ROUTE_KaiserFoundationHospitalRedwoodCity,0.5639265025994837,13.548333333333334
37.78888888886206,-122.43972222217755,60.174397527888495,HEMORRHAGIC,ROUTE_CPMCDaviesCampusSutter,0.24,6.655,ROUTE_KaiserFoundationHospitalSanFrancisco,0.24,3.1933333333333334,ROUTE_CPMCDaviesCampusSutter,0.24,6.655,ROUTE_KaiserFoundationHospitalSanFrancisco,0.24,3.1933333333333334
37.67083333330641,-121.86999999995489,245.50648484268905,HEMORRHAGIC,ROUTE_StanfordHealthCareTriValley,0.24,7.58,ROUTE_StanfordHealthCareTriValley,0.24,7.58,ROUTE_SutterEdenMedicalCenter,0.24,24.596666666666668,ROUTE_StanfordHealthCareTriValley,0.24,7.58
37.67777777775086,-122.15916666662177,48.50064027616045,LVO,ROUTE_SutterEdenMedicalCenter,0.44521291164015253,13.728333333333333,ROUTE_KaiserFoundationHospitalSanLeandro,0.43141883739711606,9.196666666666665,ROUTE_SutterEdenMedicalCenter,0.44521291164015253,13.728333333333333,ROUTE_KaiserFoundationHospitalSanLeandro,0.43141883739711606,9.196666666666665
37.80222222219541,-122.2624999999552,38.062408233148915,NLVO,ROUTE_SutterEdenMedicalCenter,0.5811829415161107,24.51833333333333,ROUTE_AltaBatesSummitMedicalCenterSummitCampus,0.5891004200650115,7.260000000000001,ROUTE_SutterEdenMedicalCenter,0.5811829415161107,24.51833333333333,ROUTE_AltaBatesSummitMedicalCenterSummitCampus,0.5891004200650115,7.260000000000001
37.93638888886218,-122.32499999995524,244.40667570015145,HEMORRHAGIC,ROUTE_KaiserFoundationHospitalRichmondCampus,0.24,7.598333333333333,ROUTE_KaiserFoundationHospitalRichmondCampus,0.24,7.598333333333333,ROUTE_CPMCDaviesCampusSutter,0.24,31.205,ROUTE_KaiserFoundationHospitalRichmondCampus,0.24,7.598333333333333
37.46944444441736,-122.2294444443996,139.8686276490909,HEMORRHAGIC,ROUTE_KaiserFoundationHospitalRedwoodCity,0.24,8.011666666666667,ROUTE_SequoiaHospital,0.24,8.0,ROUTE_KaiserFoundationHospitalRedwoodCity,0.24,8.011666666666667,ROUTE_SequoiaHospital,0.24,8.0
37.85138888886211,-122.28138888884409,108.88958575107384,MIMIC,ROUTE_JohnMuirMedicalCenterWalnutCreekCampus,0.9,26.8,ROUTE_AltaBatesSummitMedicalCenterAltaBatesCampus,0.9,5.663333333333333,ROUTE_JohnMuirMedicalCenterWalnutCreekCampus,0.9,26.8,ROUTE_KaiserFoundationHospitalOaklandRichmond,0.9,9.825
37.97555555552888,-122.56444444439988,91.15304596408733,LVO,ROUTE_UCSFMedicalCenter,0.41865933253250615,41.865,ROUTE_MarinHealthMedicalCenter,0.28777211286009746,9.238333333333333,ROUTE_UCSFMedicalCenter,0.41865933253250615,41.865,ROUTE_MarinHealthMedicalCenter,0.28777211286009746,9.238333333333333
37.782222222195394,-122.42055555551087,252.4795098905254,LVO,ROUTE_CPMCVanNessCampusSutter,0.24466880000000002,1.5883333333333334,ROUTE_CPMCVanNessCampusSutter,0.24466880000000002,1.5883333333333334,ROUTE_CPMCDaviesCampusSutter,0.24466880000000002,6.785,ROUTE_CPMCVanNessCampusSutter,0.24466880000000002,1.5883333333333334
37.95777777775109,-122.06249999995504,247.1284012733198,NLVO,ROUTE_JohnMuirMedicalCenterConcordCampus,0.4622,9.131666666666666,ROUTE_JohnMuirMedicalCenterConcordCampus,0.4622,9.131666666666666,ROUTE_JohnMuirMedicalCenterWalnutCreekCampus,0.4622,11.965,ROUTE_JohnMuirMedicalCenterConcordCampus,0.4622,9.131666666666666
37.509166666639615,-122.31749999995523,116.70578215370708,LVO,ROUTE_MillsPeninsulaMedicalCenterSutter,0.41770299072292427,16.24833333333333,ROUTE_SanMateoMedicalCenter,0.24466880000000002,11.264999999999999,ROUTE_MillsPeninsulaMedicalCenterSutter,0.41770299072292427,16.24833333333333,ROUTE_MillsPeninsulaMedicalCenterSutter,0.41770299072292427,16.24833333333333
37.44222222219512,-121.90527777773269,232.14513583242768,LVO,ROUTE_RegionalMedicalCenterOfSanJose,0.24466880000000002,12.805,ROUTE_RegionalMedicalCenterOfSanJose,0.24466880000000002,12.805,ROUTE_RegionalMedicalCenterOfSanJose,0.24466880000000002,12.805,ROUTE_RegionalMedicalCenterOfSanJose,0.24466880000000002,12.805
37.97305555552888,-121.7774999999548,254.72527336220364,MIMIC,ROUTE_SutterDeltaMedicalCenter,0.9,4.97,ROUTE_SutterDeltaMedicalCenter,0.9,4.97,ROUTE_JohnMuirMedicalCenterWalnutCreekCampus,0.9,33.690000000000005,ROUTE_KaiserFoundationHospitalAntioch,0.9,5.095
37.91333333330661,-122.31249999995524,233.56798655610004,NLVO,ROUTE_KaiserFoundationHospitalRichmondCampus,0.4622,12.706666666666667,ROUTE_KaiserFoundationHospitalRichmondCampus,0.4622,12.706666666666667,ROUTE_CPMCDaviesCampusSutter,0.4622,32.208333333333336,ROUTE_KaiserFoundationHospitalRichmondCampus,0.4622,12.706666666666667
38.020555555528915,-121.96749999995495,249.27398923976372,NLVO,ROUTE_JohnMuirMedicalCenterConcordCampus,0.4622,10.67,ROUTE_JohnMuirMedicalCenterConcordCampus,0.4622,10.67,ROUTE_JohnMuirMedicalCenterWalnutCreekCampus,0.4622,20.43,ROUTE_JohnMuirMedicalCenterConcordCampus,0.4622,10.67
37.67083333330641,-121.91638888884381,247.2537933267091,HEMORRHAGIC,ROUTE_StanfordHealthCareTriValley,0.24,8.860000000000001,ROUTE_StanfordHealthCareTriValley,0.24,8.860000000000001,ROUTE_SutterEdenMedicalCenter,0.24,19.953333333333333,ROUTE_StanfordHealthCareTriValley,0.24,8.860000000000001
37.6722222221953,-121.88166666662156,176.738280622307,HEMORRHAGIC,ROUTE_SutterEdenMedicalCenter,0.24,23.821666666666665,ROUTE_StanfordHealthCareTriValley,0.24,8.629999999999999,ROUTE_SutterEdenMedicalCenter,0.24,23.821666666666665,ROUTE_StanfordHealthCareTriValley,0.24,8.629999999999999
37.69416666663977,-121.72027777773253,117.94002990880118,HEMORRHAGIC,ROUTE_SutterEdenMedicalCenter,0.24,29.041666666666668,ROUTE_StanfordHealthCareTriValley,0.24,17.64333333333333,ROUTE_SutterEdenMedicalCenter,0.24,29.041666666666668,ROUTE_StanfordHealthCareTriValley,0.24,17.64333333333333
37.762777777750934,-122.39666666662197,103.20099732356886,HEMORRHAGIC,ROUTE_CPMCDaviesCampusSutter,0.24,10.725,ROUTE_ZuckerbergSanFranciscoGeneralHospital,0.24,5.846666666666667,ROUTE_CPMCDaviesCampusSutter,0.24,10.725,ROUTE_ZuckerbergSanFranciscoGeneralHospital,0.24,5.846666666666667
37.704999999973104,-122.12055555551063,256.7789090459205,HEMORRHAGIC,ROUTE_SanLeandroHospitalAlamedaHealthSystem,0.24,6.323333333333333,ROUTE_SanLeandroHospitalAlamedaHealthSystem,0.24,6.323333333333333,ROUTE_SutterEdenMedicalCenter,0.24,8.23,ROUTE_SutterEdenMedicalCenter,0.24,8.23
37.88527777775103,-122.0402777777328,116.89480377265133,HEMORRHAGIC,ROUTE_JohnMuirMedicalCenterWalnutCreekCampus,0.24,11.93,ROUTE_KaiserFoundationHospitalWalnutCreek,0.24,7.944999999999999,ROUTE_JohnMuirMedicalCenterWalnutCreekCampus,0.24,11.93,ROUTE_KaiserFoundationHospitalWalnutCreek,0.24,7.944999999999999
37.73333333330646,-122.42944444439978,92.62203610604254,LVO,ROUTE_CPMCDaviesCampusSutter,0.4291802371278583,9.965,ROUTE_CPMCMissionBernalCampusSutter,0.28882347184282103,3.695,ROUTE_CPMCDaviesCampusSutter,0.4291802371278583,9.965,ROUTE_CPMCMissionBernalCampusSutter,0.28882347184282103,3.695
37.789166666639844,-122.43305555551089,128.30985292354086,LVO,ROUTE_CPMCDaviesCampusSutter,0.4164043945871942,7.13,ROUTE_UCSFHealthHydeHospital,0.2786371530238272,2.6383333333333336,ROUTE_CPMCDaviesCampusSutter,0.4164043945871942,7.13,ROUTE_UCSFHealthHydeHospital,0.2786371530238272,2.6383333333333336
37.68249999997309,-121.78722222217704,58.43468884172931,LVO,ROUTE_SutterEdenMedicalCenter,0.43655557027974745,27.006666666666668,ROUTE_StanfordHealthCareTriValley,0.29594196387400196,15.610000000000001,ROUTE_SutterEdenMedicalCenter,0.43655557027974745,27.006666666666668,ROUTE_StanfordHealthCareTriValley,0.29594196387400196,15.610000000000001
37.79083333330651,-122.24694444439963,147.0218549960113,LVO,ROUTE_SutterEdenMedicalCenter,0.4048520656774744,20.27,ROUTE_HighlandHospitalWilmaChanCampus,0.2732560248764001,2.908333333333333,ROUTE_SutterEdenMedicalCenter,0.4048520656774744,20.27,ROUTE_HighlandHospitalWilmaChanCampus,0.2732560248764001,2.908333333333333
37.758055555528706,-122.47416666662203,55.14135895185652,HEMORRHAGIC,ROUTE_UCSFMedicalCenter,0.24,5.131666666666666,ROUTE_UCSFMedicalCenter,0.24,5.131666666666666,ROUTE_UCSFMedicalCenter,0.24,5.131666666666666,ROUTE_UCSFMedicalCenter,0.24,5.131666666666666
37.98805555552889,-122.29222222217744,218.05037809050728,HEMORRHAGIC,ROUTE_KaiserFoundationHospitalRichmondCampus,0.24,19.23166666666667,ROUTE_KaiserFoundationHospitalRichmondCampus,0.24,19.23166666666667,ROUTE_JohnMuirMedicalCenterWalnutCreekCampus,0.24,35.92333333333333,ROUTE_KaiserFoundationHospitalRichmondCampus,0.24,19.23166666666667
37.61249999997303,-122.40722222217754,77.11037580229302,HEMORRHAGIC,ROUTE_MillsPeninsulaMedicalCenterSutter,0.24,5.818333333333333,ROUTE_MillsPeninsulaMedicalCenterSutter,0.24,5.818333333333333,ROUTE_MillsPeninsulaMedicalCenterSutter,0.24,5.818333333333333,ROUTE_MillsPeninsulaMedicalCenterSutter,0.24,5.818333333333333
37.73194444441757,-122.15944444439955,78.4980182031849,NLVO,ROUTE_SutterEdenMedicalCenter,0.5655914073895606,13.423333333333334,ROUTE_SanLeandroHospitalAlamedaHealthSystem,0.5006339193030668,7.471666666666667,ROUTE_SutterEdenMedicalCenter,0.5655914073895606,13.423333333333334,ROUTE_KaiserFoundationHospitalSanLeandro,0.5667173994058025,10.986666666666668
37.9008333333066,-122.27777777773298,259.6509574495153,LVO,ROUTE_AltaBatesSummitMedicalCenterAltaBatesCampus,0.24466880000000002,14.303333333333335,ROUTE_AltaBatesSummitMedicalCenterAltaBatesCampus,0.24466880000000002,14.303333333333335,ROUTE_JohnMuirMedicalCenterWalnutCreekCampus,0.24466880000000002,34.68,ROUTE_KaiserFoundationHospitalRichmondCampus,0.24466880000000002,18.378333333333334
37.60527777775081,-122.02388888884389,264.07279649857077,LVO,ROUTE_StRoseHospital,0.24466880000000002,13.596666666666666,ROUTE_StRoseHospital,0.24466880000000002,13.596666666666666,ROUTE_SutterEdenMedicalCenter,0.24466880000000002,22.928333333333335,ROUTE_WashingtonHospitalHealthcareSystem,0.24466880000000002,16.575
37.75777777775093,-122.39527777773307,112.92508675308329,LVO,ROUTE_CPMCDaviesCampusSutter,0.420396421642838,12.643333333333334,ROUTE_ZuckerbergSanFranciscoGeneralHospital,0.28175063512410836,7.765,ROUTE_CPMCDaviesCampusSutter,0.420396421642838,12.643333333333334,ROUTE_ZuckerbergSanFranciscoGeneralHospital,0.28175063512410836,7.765
37.93555555552885,-122.36749999995527,223.27745211288652,MIMIC,ROUTE_KaiserFoundationHospitalRichmondCampus,0.9,2.0783333333333336,ROUTE_KaiserFoundationHospitalRichmondCampus,0.9,2.0783333333333336,ROUTE_CPMCDaviesCampusSutter,0.9,33.778333333333336,ROUTE_KaiserFoundationHospitalRichmondCampus,0.9,2.0783333333333336
37.82166666663987,-122.12472222217731,33.88044926565017,LVO,ROUTE_JohnMuirMedicalCenterWalnutCreekCampus,0.4472278349070153,24.353333333333335,ROUTE_KaiserFoundationHospitalWalnutCreek,0.4333884900972512,22.081666666666667,ROUTE_JohnMuirMedicalCenterWalnutCreekCampus,0.4472278349070153,24.353333333333335,ROUTE_KaiserFoundationHospitalWalnutCreek,0.4333884900972512,22.081666666666667
37.59166666663968,-122.49555555551093,47.68684212710856,HEMORRHAGIC,ROUTE_MillsPeninsulaMedicalCenterSutter,0.24,25.10666666666667,ROUTE_AHMCSetonMedicalCenter,0.24,17.44333333333333,ROUTE_MillsPeninsulaMedicalCenterSutter,0.24,25.10666666666667,ROUTE_AHMCSetonMedicalCenter,0.24,17.44333333333333
37.88472222219547,-122.27027777773297,209.01795125643912,HEMORRHAGIC,ROUTE_AltaBatesSummitMedicalCenterAltaBatesCampus,0.24,10.293333333333333,ROUTE_AltaBatesSummitMedicalCenterAltaBatesCampus,0.24,10.293333333333333,ROUTE_SutterEdenMedicalCenter,0.24,32.905,ROUTE_KaiserFoundationHospitalOaklandRichmond,0.24,17.513333333333332
37.941388888862186,-122.0338888888439,93.62320628428927,HEMORRHAGIC,ROUTE_JohnMuirMedicalCenterWalnutCreekCampus,0.24,6.613333333333333,ROUTE_JohnMuirMedicalCenterWalnutCreekCampus,0.24,6.613333333333333,ROUTE_JohnMuirMedicalCenterWalnutCreekCampus,0.24,6.613333333333333,ROUTE_JohnMuirMedicalCenterWalnutCreekCampus,0.24,6.613333333333333
37.36805555552839,-122.04638888884391,68.6196526216981,HEMORRHAGIC,ROUTE_ElCaminoHealthMountainView,0.24,11.541666666666666,ROUTE_ElCaminoHealthMountainView,0.24,11.541666666666666,ROUTE_ElCaminoHealthMountainView,0.24,11.541666666666666,ROUTE_ElCaminoHealthMountainView,0.24,11.541666666666666
37.70694444441755,-122.06444444439948,248.9131543025683,LVO,ROUTE_SutterEdenMedicalCenter,0.24466880000000002,7.543333333333334,ROUTE_SutterEdenMedicalCenter,0.24466880000000002,7.543333333333334,ROUTE_SutterEdenMedicalCenter,0.24466880000000002,7.543333333333334,ROUTE_SutterEdenMedicalCenter,0.24466880000000002,7.543333333333334
37.57638888886189,-122.03361111106612,170.65919186187085,NLVO,ROUTE_SutterEdenMedicalCenter,0.5140920460420657,21.376666666666665,ROUTE_StRoseHospital,0.4622,12.215,ROUTE_SutterEdenMedicalCenter,0.5140920460420657,21.376666666666665,ROUTE_WashingtonHospitalHealthcareSystem,0.5171456911351334,14.891666666666667
37.72416666663979,-122.18138888884401,235.60780341368906,LVO,ROUTE_KaiserFoundationHospitalSanLeandro,0.24466880000000002,10.338333333333333,ROUTE_KaiserFoundationHospitalSanLeandro,0.24466880000000002,10.338333333333333,ROUTE_SutterEdenMedicalCenter,0.24466880000000002,16.21333333333333,ROUTE_KaiserFoundationHospitalSanLeandro,0.24466880000000002,10.338333333333333
37.456388888861795,-122.12444444439953,75.74620439265843,MIMIC,ROUTE_KaiserFoundationHospitalRedwoodCity,0.9,14.578333333333335,ROUTE_KaiserFoundationHospitalRedwoodCity,0.9,14.578333333333335,ROUTE_KaiserFoundationHospitalRedwoodCity,0.9,14.578333333333335,ROUTE_KaiserFoundationHospitalRedwoodCity,0.9,14.578333333333335
37.76333333330649,-122.27027777773297,40.86018967516723,LVO,ROUTE_SutterEdenMedicalCenter,0.4440444461516233,25.483333333333334,ROUTE_AlamedaHospital,0.43463863627802346,5.16,ROUTE_SutterEdenMedicalCenter,0.4440444461516233,25.483333333333334,ROUTE_AlamedaHospital,0.43463863627802346,5.16
37.5333333333063,-122.00166666662165,151.12972846295602,LVO,ROUTE_SutterEdenMedicalCenter,0.40265028472398223,22.246666666666666,ROUTE_WashingtonHospitalHealthcareSystem,0.2709098881815051,7.683333333333334,ROUTE_SutterEdenMedicalCenter,0.40265028472398223,22.246666666666666,ROUTE_WashingtonHospitalHealthcareSystem,0.2709098881815051,7.683333333333334
37.759999999973154,-122.441666666622,68.01125279338945,LVO,ROUTE_CPMCDaviesCampusSutter,0.4409671233464155,3.94,ROUTE_CPMCDaviesCampusSutter,0.4409671233464155,3.94,ROUTE_CPMCDaviesCampusSutter,0.4409671233464155,3.94,ROUTE_CPMCDaviesCampusSutter,0.4409671233464155,3.94
37.757222222195374,-122.4227777777331,164.93097904112352,LVO,ROUTE_CPMCDaviesCampusSutter,0.4031932413799988,5.296666666666667,ROUTE_CPMCMissionBernalCampusSutter,0.2682152252172838,3.1983333333333333,ROUTE_CPMCDaviesCampusSutter,0.4031932413799988,5.296666666666667,ROUTE_CPMCMissionBernalCampusSutter,0.2682152252172838,3.1983333333333333
38.281666666640234,-122.00638888884387,222.92618245265524,LVO,ROUTE_NorthBayMedicalCenter,0.24466880000000002,11.786666666666667,ROUTE_NorthBayMedicalCenter,0.24466880000000002,11.786666666666667,ROUTE_JohnMuirMedicalCenterWalnutCreekCampus,0.24466880000000002,46.044999999999995,ROUTE_NorthBayMedicalCenter,0.24466880000000002,11.786666666666667
37.761388888862044,-122.43333333328866,241.48890976727265,LVO,ROUTE_CPMCDaviesCampusSutter,0.24466880000000002,3.381666666666667,ROUTE_CPMCDaviesCampusSutter,0.24466880000000002,3.381666666666667,ROUTE_CPMCDaviesCampusSutter,0.24466880000000002,3.381666666666667,ROUTE_CPMCDaviesCampusSutter,0.24466880000000002,3.381666666666667
37.54499999997298,-122.04722222217724,221.73324505115954,LVO,ROUTE_StRoseHospital,0.24466880000000002,14.418333333333333,ROUTE_StRoseHospital,0.24466880000000002,14.418333333333333,ROUTE_SutterEdenMedicalCenter,0.24466880000000002,23.58,ROUTE_WashingtonHospitalHealthcareSystem,0.24466880000000002,17.228333333333335
37.88666666663992,-122.04666666662169,258.12678017575274,MIMIC,ROUTE_KaiserFoundationHospitalWalnutCreek,0.9,6.1850000000000005,ROUTE_KaiserFoundationHospitalWalnutCreek,0.9,6.1850000000000005,ROUTE_JohnMuirMedicalCenterWalnutCreekCampus,0.9,10.168333333333333,ROUTE_KaiserFoundationHospitalWalnutCreek,0.9,6.1850000000000005
38.003888888862235,-121.7611111110659,212.7705523327549,LVO,ROUTE_SutterDeltaMedicalCenter,0.24466880000000002,11.018333333333334,ROUTE_SutterDeltaMedicalCenter,0.24466880000000002,11.018333333333334,ROUTE_JohnMuirMedicalCenterWalnutCreekCampus,0.24466880000000002,32.57666666666667,ROUTE_KaiserFoundationHospitalAntioch,0.24466880000000002,13.675
37.99444444441778,-121.80972222217706,144.74040865974595,LVO,ROUTE_JohnMuirMedicalCenterWalnutCreekCampus,0.4028365306028394,28.791666666666668,ROUTE_SutterDeltaMedicalCenter,0.24466880000000002,3.808333333333333,ROUTE_JohnMuirMedicalCenterWalnutCreekCampus,0.4028365306028394,28.791666666666668,ROUTE_KaiserFoundationHospitalAntioch,0.2720387499279197,10.276666666666667
37.930277777751066,-122.05638888884391,118.34129936066789,MIMIC,ROUTE_JohnMuirMedicalCenterWalnutCreekCampus,0.9,6.738333333333333,ROUTE_JohnMuirMedicalCenterWalnutCreekCampus,0.9,6.738333333333333,ROUTE_JohnMuirMedicalCenterWalnutCreekCampus,0.9,6.738333333333333,ROUTE_JohnMuirMedicalCenterWalnutCreekCampus,0.9,6.738333333333333
37.99666666664001,-121.73444444439922,117.10070952324043,LVO,ROUTE_JohnMuirMedicalCenterWalnutCreekCampus,0.41055688249464045,36.68,ROUTE_KaiserFoundationHospitalAntioch,0.27864265091088125,15.071666666666665,ROUTE_JohnMuirMedicalCenterWalnutCreekCampus,0.41055688249464045,36.68,ROUTE_KaiserFoundationHospitalAntioch,0.27864265091088125,15.071666666666665
37.52472222219519,-121.98972222217719,160.87720705699724,HEMORRHAGIC,ROUTE_RegionalMedicalCenterOfSanJose,0.24,23.013333333333332,ROUTE_KaiserFoundationHospitalFremont,0.24,8.593333333333334,ROUTE_RegionalMedicalCenterOfSanJose,0.24,23.013333333333332,ROUTE_KaiserFoundationHospitalFremont,0.24,8.593333333333334
37.57555555552856,-122.31388888884412,145.34110784053306,HEMORRHAGIC,ROUTE_MillsPeninsulaMedicalCenterSutter,0.24,11.125,ROUTE_MillsPeninsulaMedicalCenterSutter,0.24,11.125,ROUTE_MillsPeninsulaMedicalCenterSutter,0.24,11.125,ROUTE_MillsPeninsulaMedicalCenterSutter,0.24,11.125
37.95055555552886,-121.99111111106609,80.46133582540577,LVO,ROUTE_JohnMuirMedicalCenterWalnutCreekCampus,0.4337244610458302,10.546666666666665,ROUTE_JohnMuirMedicalCenterWalnutCreekCampus,0.4337244610458302,10.546666666666665,ROUTE_JohnMuirMedicalCenterWalnutCreekCampus,0.4337244610458302,10.546666666666665,ROUTE_JohnMuirMedicalCenterWalnutCreekCampus,0.4337244610458302,10.546666666666665
37.77638888886205,-122.44027777773312,123.14817174707275,HEMORRHAGIC,ROUTE_CPMCDaviesCampusSutter,0.24,3.685,ROUTE_KaiserFoundationHospitalSanFrancisco,0.24,3.683333333333333,ROUTE_CPMCDaviesCampusSutter,0.24,3.685,ROUTE_KaiserFoundationHospitalSanFrancisco,0.24,3.683333333333333
38.31611111108471,-122.30305555551078,66.79034958924167,MIMIC,ROUTE_JohnMuirMedicalCenterWalnutCreekCampus,0.9,50.541666666666664,ROUTE_ProvidenceQueenOfTheValleyMedicalCenter,0.9,4.03,ROUTE_JohnMuirMedicalCenterWalnutCreekCampus,0.9,50.541666666666664,ROUTE_ProvidenceQueenOfTheValleyMedicalCenter,0.9,4.03
37.778055555528724,-122.19194444439958,203.5859963674361,HEMORRHAGIC,ROUTE_HighlandHospitalWilmaChanCampus,0.24,8.351666666666667,ROUTE_HighlandHospitalWilmaChanCampus,0.24,8.351666666666667,ROUTE_SutterEdenMedicalCenter,0.24,18.216666666666665,ROUTE_HighlandHospitalWilmaChanCampus,0.24,8.351666666666667
38.28499999997357,-122.44138888884423,249.30176975042775,LVO,ROUTE_SonomaValleyHospital,0.24466880000000002,6.96,ROUTE_SonomaValleyHospital,0.24466880000000002,6.96,ROUTE_JohnMuirMedicalCenterWalnutCreekCampus,0.24466880000000002,65.04166666666667,ROUTE_SonomaValleyHospital,0.24466880000000002,6.96
37.753611111084254,-121.94583333328828,49.677551342824565,LVO,ROUTE_SutterEdenMedicalCenter,0.4416894109581583,22.283333333333335,ROUTE_SanRamonRegionalMedicalCenter,0.4306143257714732,6.828333333333333,ROUTE_SutterEdenMedicalCenter,0.4416894109581583,22.283333333333335,ROUTE_SanRamonRegionalMedicalCenter,0.4306143257714732,6.828333333333333
38.259444444417994,-122.16333333328845,235.87759811737405,LVO,ROUTE_NorthBayMedicalCenter,0.24466880000000002,16.62666666666667,ROUTE_NorthBayMedicalCenter,0.24466880000000002,16.62666666666667,ROUTE_JohnMuirMedicalCenterWalnutCreekCampus,0.24466880000000002,39.86,ROUTE_NorthBayMedicalCenter,0.24466880000000002,16.62666666666667
38.17833333330682,-122.25972222217742,98.99326613672277,LVO,ROUTE_JohnMuirMedicalCenterWalnutCreekCampus,0.4173893414165543,36.84,ROUTE_KaiserFoundationHospitalVallejo,0.28564090351248156,8.505,ROUTE_JohnMuirMedicalCenterWalnutCreekCampus,0.4173893414165543,36.84,ROUTE_KaiserFoundationHospitalVallejo,0.28564090351248156,8.505
37.45694444441735,-122.42722222217755,39.760481895339225,LVO,ROUTE_MillsPeninsulaMedicalCenterSutter,0.4435358052737892,28.128333333333334,ROUTE_SanMateoMedicalCenter,0.3959511251469164,27.918333333333333,ROUTE_MillsPeninsulaMedicalCenterSutter,0.4435358052737892,28.128333333333334,ROUTE_MillsPeninsulaMedicalCenterSutter,0.4435358052737892,28.128333333333334
37.981666666639995,-122.52527777773318,260.1106825559235,LVO,ROUTE_MarinHealthMedicalCenter,0.24466880000000002,11.22,ROUTE_MarinHealthMedicalCenter,0.24466880000000002,11.22,ROUTE_UCSFMedicalCenter,0.24466880000000002,39.785,ROUTE_MarinHealthMedicalCenter,0.24466880000000002,11.22
37.844166666639886,-122.23166666662183,91.77183903721883,NLVO,ROUTE_SutterEdenMedicalCenter,0.5558710030286136,19.666666666666668,ROUTE_AltaBatesSummitMedicalCenterAltaBatesCampus,0.4622,8.25,ROUTE_SutterEdenMedicalCenter,0.5558710030286136,19.666666666666668,ROUTE_KaiserFoundationHospitalOaklandRichmond,0.5606310096969856,9.396666666666667
37.58249999997301,-122.4013888888442,135.3241833103219,HEMORRHAGIC,ROUTE_MillsPeninsulaMedicalCenterSutter,0.24,4.225,ROUTE_MillsPeninsulaMedicalCenterSutter,0.24,4.225,ROUTE_MillsPeninsulaMedicalCenterSutter,0.24,4.225,ROUTE_MillsPeninsulaMedicalCenterSutter,0.24,4.225
37.464722222195135,-121.90083333328823,188.18422644077594,MIMIC,ROUTE_RegionalMedicalCenterOfSanJose,0.9,13.44,ROUTE_RegionalMedicalCenterOfSanJose,0.9,13.44,ROUTE_RegionalMedicalCenterOfSanJose,0.9,13.44,ROUTE_RegionalMedicalCenterOfSanJose,0.9,13.44
37.3566666666395,-122.01388888884388,267.902950474999,HEMORRHAGIC,ROUTE_KaiserFoundationHospitalSantaClara,0.24,8.26,ROUTE_KaiserFoundationHospitalSantaClara,0.24,8.26,ROUTE_KaiserFoundationHospitalSantaClara,0.24,8.26,ROUTE_KaiserFoundationHospitalSantaClara,0.24,8.26
37.76388888886204,-122.26888888884409,170.6355946937368,MIMIC,ROUTE_SutterEdenMedicalCenter,0.9,24.646666666666665,ROUTE_AlamedaHospital,0.9,3.8883333333333336,ROUTE_SutterEdenMedicalCenter,0.9,24.646666666666665,ROUTE_AlamedaHospital,0.9,3.8883333333333336
37.896944444417706,-122.49361111106649,34.94329951181235,LVO,ROUTE_UCSFMedicalCenter,0.443997725616963,32.18833333333333,ROUTE_MarinHealthMedicalCenter,0.43135113511749923,15.504999999999999,ROUTE_UCSFMedicalCenter,0.443997725616963,32.18833333333333,ROUTE_MarinHealthMedicalCenter,0.43135113511749923,15.504999999999999
37.97166666663999,-122.28527777773299,226.10074488142845,MIMIC,ROUTE_KaiserFoundationHospitalRichmondCampus,0.9,17.563333333333333,ROUTE_KaiserFoundationHospitalRichmondCampus,0.9,17.563333333333333,ROUTE_JohnMuirMedicalCenterWalnutCreekCampus,0.9,33.97,ROUTE_KaiserFoundationHospitalRichmondCampus,0.9,17.563333333333333
37.86472222219546,-122.28916666662188,193.83928325541652,LVO,ROUTE_KaiserFoundationHospitalOaklandRichmond,0.2579894594353437,13.536666666666667,ROUTE_AltaBatesSummitMedicalCenterAltaBatesCampus,0.24466880000000002,8.818333333333333,ROUTE_CPMCDaviesCampusSutter,0.25431790266642,29.32,ROUTE_KaiserFoundationHospitalOaklandRichmond,0.2579894594353437,13.536666666666667
37.654999999973064,-122.41444444439976,248.1025696218042,HEMORRHAGIC,ROUTE_KaiserFoundationHospitalSouthSanFrancisco,0.24,6.473333333333333,ROUTE_KaiserFoundationHospitalSouthSanFrancisco,0.24,6.473333333333333,ROUTE_MillsPeninsulaMedicalCenterSutter,0.24,10.748333333333333,ROUTE_KaiserFoundationHospitalSouthSanFrancisco,0.24,6.473333333333333
37.35749999997283,-122.04749999995502,43.29662038628045,LVO,ROUTE_ElCaminoHealthMountainView,0.447857893418073,12.136666666666667,ROUTE_ElCaminoHealthMountainView,0.447857893418073,12.136666666666667,ROUTE_ElCaminoHealthMountainView,0.447857893418073,12.136666666666667,ROUTE_ElCaminoHealthMountainView,0.447857893418073,12.136666666666667
37.657222222195294,-122.46749999995535,149.20046565716302,MIMIC,ROUTE_MillsPeninsulaMedicalCenterSutter,0.9,14.718333333333334,ROUTE_AHMCSetonMedicalCenter,0.9,7.03,ROUTE_MillsPeninsulaMedicalCenterSutter,0.9,14.718333333333334,ROUTE_AHMCSetonMedicalCenter,0.9,7.03
37.42388888886177,-122.1172222221773,97.49752849796133,HEMORRHAGIC,ROUTE_StanfordHealthCare,0.24,15.465,ROUTE_StanfordHealthCare,0.24,15.465,ROUTE_StanfordHealthCare,0.24,15.465,ROUTE_StanfordHealthCare,0.24,15.465
37.55888888886188,-122.0263888888439,251.92228465287735,HEMORRHAGIC,ROUTE_WashingtonHospitalHealthcareSystem,0.24,13.143333333333334,ROUTE_WashingtonHospitalHealthcareSystem,0.24,13.143333333333334,ROUTE_SutterEdenMedicalCenter,0.24,22.573333333333334,ROUTE_WashingtonHospitalHealthcareSystem,0.24,13.143333333333334
38.058055555528945,-122.15111111106621,93.99333958626302,HEMORRHAGIC,ROUTE_JohnMuirMedicalCenterWalnutCreekCampus,0.24,21.84,ROUTE_ContraCostaRegionalMedicalCenter,0.24,11.025,ROUTE_JohnMuirMedicalCenterWalnutCreekCampus,0.24,21.84,ROUTE_SutterSolanoMedicalCenter,0.24,15.431666666666667
37.680833333306424,-122.07416666662171,38.21379501160144,LVO,ROUTE_SutterEdenMedicalCenter,0.4506051114864128,10.151666666666667,ROUTE_SutterEdenMedicalCenter,0.4506051114864128,10.151666666666667,ROUTE_SutterEdenMedicalCenter,0.4506051114864128,10.151666666666667,ROUTE_SutterEdenMedicalCenter,0.4506051114864128,10.151666666666667
37.96861111108443,-122.0388888888439,188.67782941983896,HEMORRHAGIC,ROUTE_JohnMuirMedicalCenterWalnutCreekCampus,0.24,13.111666666666668,ROUTE_JohnMuirMedicalCenterConcordCampus,0.24,5.7683333333333335,ROUTE_JohnMuirMedicalCenterWalnutCreekCampus,0.24,13.111666666666668,ROUTE_JohnMuirMedicalCenterConcordCampus,0.24,5.7683333333333335
38.095555555528975,-122.23749999995518,114.27634185505218,HEMORRHAGIC,ROUTE_JohnMuirMedicalCenterWalnutCreekCampus,0.24,27.07,ROUTE_SutterSolanoMedicalCenter,0.24,7.878333333333333,ROUTE_JohnMuirMedicalCenterWalnutCreekCampus,0.24,27.07,ROUTE_SutterSolanoMedicalCenter,0.24,7.878333333333333
37.91333333330661,-122.30527777773301,250.53645471766896,MIMIC,ROUTE_KaiserFoundationHospitalRichmondCampus,0.9,12.296666666666665,ROUTE_KaiserFoundationHospitalRichmondCampus,0.9,12.296666666666665,ROUTE_CPMCDaviesCampusSutter,0.9,31.591666666666665,ROUTE_KaiserFoundationHospitalRichmondCampus,0.9,12.296666666666665
38.255277777751324,-122.024999999955,160.9534693470902,HEMORRHAGIC,ROUTE_JohnMuirMedicalCenterWalnutCreekCampus,0.24,46.45166666666667,ROUTE_NorthBayMedicalCenter,0.24,8.805,ROUTE_JohnMuirMedicalCenterWalnutCreekCampus,0.24,46.45166666666667,ROUTE_NorthBayMedicalCenter,0.24,8.805
38.01138888886224,-122.66583333328884,148.11430655864623,LVO,ROUTE_UCSFMedicalCenter,0.2590543803416572,59.82,ROUTE_MarinHealthMedicalCenter,0.26690857570948223,27.19333333333333,ROUTE_UCSFMedicalCenter,0.2590543803416572,59.82,ROUTE_MarinHealthMedicalCenter,0.26690857570948223,27.19333333333333
37.389722222195076,-122.09666666662173,74.66755026838044,HEMORRHAGIC,ROUTE_ElCaminoHealthMountainView,0.24,10.506666666666666,ROUTE_ElCaminoHealthMountainView,0.24,10.506666666666666,ROUTE_ElCaminoHealthMountainView,0.24,10.506666666666666,ROUTE_ElCaminoHealthMountainView,0.24,10.506666666666666
37.39972222219509,-122.11305555551063,71.13761939517593,HEMORRHAGIC,ROUTE_ElCaminoHealthMountainView,0.24,14.485000000000001,ROUTE_ElCaminoHealthMountainView,0.24,14.485000000000001,ROUTE_ElCaminoHealthMountainView,0.24,14.485000000000001,ROUTE_ElCaminoHealthMountainView,0.24,14.485000000000001
37.93944444441774,-122.35249999995527,124.55803194568733,NLVO,ROUTE_CPMCDaviesCampusSutter,0.5320142282889746,34.434999999999995,ROUTE_KaiserFoundationHospitalRichmondCampus,0.5466594122094937,3.06,ROUTE_CPMCDaviesCampusSutter,0.5320142282889746,34.434999999999995,ROUTE_KaiserFoundationHospitalRichmondCampus,0.5466594122094937,3.06
37.98333333330666,-122.07027777773281,64.63217715533051,LVO,ROUTE_JohnMuirMedicalCenterWalnutCreekCampus,0.43877256399392106,13.866666666666667,ROUTE_JohnMuirMedicalCenterConcordCampus,0.42482690057958683,9.16,ROUTE_JohnMuirMedicalCenterWalnutCreekCampus,0.43877256399392106,13.866666666666667,ROUTE_JohnMuirMedicalCenterConcordCampus,0.42482690057958683,9.16
37.68861111108421,-121.72166666662143,169.08403168046289,LVO,ROUTE_SutterEdenMedicalCenter,0.26032334800128754,31.163333333333334,ROUTE_StanfordHealthCareTriValley,0.26305035048165215,19.765,ROUTE_SutterEdenMedicalCenter,0.26032334800128754,31.163333333333334,ROUTE_StanfordHealthCareTriValley,0.26305035048165215,19.765
38.06805555552895,-122.2308333332885,258.5895373658114,LVO,ROUTE_SutterSolanoMedicalCenter,0.24466880000000002,12.103333333333333,ROUTE_SutterSolanoMedicalCenter,0.24466880000000002,12.103333333333333,ROUTE_JohnMuirMedicalCenterWalnutCreekCampus,0.24466880000000002,30.383333333333333,ROUTE_SutterSolanoMedicalCenter,0.24466880000000002,12.103333333333333
37.472499999972925,-121.91416666662158,129.82011407015375,LVO,ROUTE_RegionalMedicalCenterOfSanJose,0.41249390063442304,16.866666666666667,ROUTE_RegionalMedicalCenterOfSanJose,0.41249390063442304,16.866666666666667,ROUTE_RegionalMedicalCenterOfSanJose,0.41249390063442304,16.866666666666667,ROUTE_RegionalMedicalCenterOfSanJose,0.41249390063442304,16.866666666666667
37.88111111108436,-122.52805555551096,159.9661549648817,HEMORRHAGIC,ROUTE_UCSFMedicalCenter,0.24,26.05,ROUTE_MarinHealthMedicalCenter,0.24,16.923333333333332,ROUTE_UCSFMedicalCenter,0.24,26.05,ROUTE_MarinHealthMedicalCenter,0.24,16.923333333333332
37.76805555552871,-122.26583333328853,189.30608818920328,MIMIC,ROUTE_AlamedaHospital,0.9,4.743333333333334,ROUTE_AlamedaHospital,0.9,4.743333333333334,ROUTE_SutterEdenMedicalCenter,0.9,24.203333333333333,ROUTE_AlamedaHospital,0.9,4.743333333333334
37.779444444417614,-122.46972222217758,114.45146822381838,HEMORRHAGIC,ROUTE_UCSFMedicalCenter,0.24,8.166666666666666,ROUTE_UCSFHealthStanyanHospital,0.24,5.2316666666666665,ROUTE_UCSFMedicalCenter,0.24,8.166666666666666,ROUTE_UCSFHealthStanyanHospital,0.24,5.2316666666666665
37.95138888886219,-121.95361111106605,256.6397050507287,LVO,ROUTE_JohnMuirMedicalCenterWalnutCreekCampus,0.24466880000000002,12.891666666666667,ROUTE_JohnMuirMedicalCenterWalnutCreekCampus,0.24466880000000002,12.891666666666667,ROUTE_JohnMuirMedicalCenterWalnutCreekCampus,0.24466880000000002,12.891666666666667,ROUTE_JohnMuirMedicalCenterWalnutCreekCampus,0.24466880000000002,12.891666666666667
38.45861111108482,-121.8330555555104,136.66996374928743,LVO,ROUTE_JohnMuirMedicalCenterWalnutCreekCampus,0.2624928804625275,58.098333333333336,ROUTE_KaiserFoundationHospitalVacaville,0.2740762322748982,11.168333333333333,ROUTE_JohnMuirMedicalCenterWalnutCreekCampus,0.2624928804625275,58.098333333333336,ROUTE_KaiserFoundationHospitalVacaville,0.2740762322748982,11.168333333333333
37.684999999973094,-122.08749999995506,178.39230402136718,LVO,ROUTE_SutterEdenMedicalCenter,0.2636656411371163,6.871666666666667,ROUTE_SutterEdenMedicalCenter,0.2636656411371163,6.871666666666667,ROUTE_SutterEdenMedicalCenter,0.2636656411371163,6.871666666666667,ROUTE_SutterEdenMedicalCenter,0.2636656411371163,6.871666666666667
37.784166666639834,-122.42999999995533,119.70620945454978,LVO,ROUTE_CPMCDaviesCampusSutter,0.4196553087666258,7.253333333333333,ROUTE_CPMCVanNessCampusSutter,0.2811601203635351,2.4883333333333337,ROUTE_CPMCDaviesCampusSutter,0.4196553087666258,7.253333333333333,ROUTE_CPMCVanNessCampusSutter,0.2811601203635351,2.4883333333333337
37.698888888861994,-121.79083333328815,43.326510947848284,HEMORRHAGIC,ROUTE_SutterEdenMedicalCenter,0.24,25.459999999999997,ROUTE_StanfordHealthCareTriValley,0.24,14.063333333333333,ROUTE_SutterEdenMedicalCenter,0.24,25.459999999999997,ROUTE_StanfordHealthCareTriValley,0.24,14.063333333333333
38.09305555552897,-122.5919444443999,252.8153627838393,HEMORRHAGIC,ROUTE_NovatoCommunityHospitalSutter,0.24,14.453333333333335,ROUTE_NovatoCommunityHospitalSutter,0.24,14.453333333333335,ROUTE_UCSFMedicalCenter,0.24,56.06333333333334,ROUTE_NovatoCommunityHospitalSutter,0.24,14.453333333333335
37.560555555528545,-122.28444444439965,261.68303559483604,HEMORRHAGIC,ROUTE_SanMateoMedicalCenter,0.24,9.565,ROUTE_SanMateoMedicalCenter,0.24,9.565,ROUTE_MillsPeninsulaMedicalCenterSutter,0.24,12.561666666666667,ROUTE_MillsPeninsulaMedicalCenterSutter,0.24,12.561666666666667
37.586388888861904,-122.022499999955,128.79874501364898,HEMORRHAGIC,ROUTE_SutterEdenMedicalCenter,0.24,23.166666666666668,ROUTE_WashingtonHospitalHealthcareSystem,0.24,13.293333333333333,ROUTE_SutterEdenMedicalCenter,0.24,23.166666666666668,ROUTE_WashingtonHospitalHealthcareSystem,0.24,13.293333333333333
37.435555555528445,-122.1852777777329,218.90379049052592,LVO,ROUTE_StanfordHealthCare,0.24466880000000002,8.425,ROUTE_StanfordHealthCare,0.24466880000000002,8.425,ROUTE_StanfordHealthCare,0.24466880000000002,8.425,ROUTE_StanfordHealthCare,0.24466880000000002,8.425
37.51527777775073,-122.29194444439966,218.66332683539278,LVO,ROUTE_SanMateoMedicalCenter,0.24466880000000002,7.345,ROUTE_SanMateoMedicalCenter,0.24466880000000002,7.345,ROUTE_KaiserFoundationHospitalRedwoodCity,0.24466880000000002,16.495,ROUTE_SequoiaHospital,0.24466880000000002,15.264999999999999
37.76249999997315,-122.44666666662201,70.45936561447084,LVO,ROUTE_UCSFMedicalCenter,0.4404343306061796,2.716666666666667,ROUTE_UCSFMedicalCenter,0.4404343306061796,2.716666666666667,ROUTE_UCSFMedicalCenter,0.4404343306061796,2.716666666666667,ROUTE_UCSFMedicalCenter,0.4404343306061796,2.716666666666667
38.02083333330669,-122.54388888884431,261.8683189355529,LVO,ROUTE_KaiserFoundationHospitalSanRafael,0.24466880000000002,10.616666666666667,ROUTE_KaiserFoundationHospitalSanRafael,0.24466880000000002,10.616666666666667,ROUTE_UCSFMedicalCenter,0.24466880000000002,46.166666666666664,ROUTE_KaiserFoundationHospitalSanRafael,0.24466880000000002,10.616666666666667
37.76055555552871,-122.48277777773315,102.92332384351057,LVO,ROUTE_UCSFMedicalCenter,0.4268165068457379,5.278333333333333,ROUTE_UCSFMedicalCenter,0.4268165068457379,5.278333333333333,ROUTE_UCSFMedicalCenter,0.4268165068457379,5.278333333333333,ROUTE_UCSFMedicalCenter,0.4268165068457379,5.278333333333333
37.708888888862,-122.44499999995534,57.66913655030298,HEMORRHAGIC,ROUTE_CPMCDaviesCampusSutter,0.24,15.988333333333333,ROUTE_CPMCMissionBernalCampusSutter,0.24,9.716666666666667,ROUTE_CPMCDaviesCampusSutter,0.24,15.988333333333333,ROUTE_CPMCMissionBernalCampusSutter,0.24,9.716666666666667
38.03916666664004,-121.97166666662163,186.10887639801265,LVO,ROUTE_JohnMuirMedicalCenterWalnutCreekCampus,0.25782849911927586,22.811666666666667,ROUTE_JohnMuirMedicalCenterConcordCampus,0.26013257798297684,13.05,ROUTE_JohnMuirMedicalCenterWalnutCreekCampus,0.25782849911927586,22.811666666666667,ROUTE_JohnMuirMedicalCenterConcordCampus,0.26013257798297684,13.05
37.48333333330626,-122.19277777773291,242.02823540397168,LVO,ROUTE_KaiserFoundationHospitalRedwoodCity,0.24466880000000002,8.873333333333333,ROUTE_KaiserFoundationHospitalRedwoodCity,0.24466880000000002,8.873333333333333,ROUTE_KaiserFoundationHospitalRedwoodCity,0.24466880000000002,8.873333333333333,ROUTE_KaiserFoundationHospitalRedwoodCity,0.24466880000000002,8.873333333333333
37.76666666663982,-122.45666666662201,69.31521652945432,HEMORRHAGIC,ROUTE_UCSFMedicalCenter,0.24,2.4650000000000003,ROUTE_UCSFMedicalCenter,0.24,2.4650000000000003,ROUTE_UCSFMedicalCenter,0.24,2.4650000000000003,ROUTE_UCSFMedicalCenter,0.24,2.4650000000000003
37.785833333306506,-122.39249999995529,228.9537336804413,HEMORRHAGIC,ROUTE_ChineseHospital,0.24,6.116666666666666,ROUTE_ChineseHospital,0.24,6.116666666666666,ROUTE_CPMCDaviesCampusSutter,0.24,10.879999999999999,ROUTE_ChineseHospital,0.24,6.116666666666666
37.917777777751056,-121.99138888884387,66.62167240279743,LVO,ROUTE_JohnMuirMedicalCenterWalnutCreekCampus,0.437966883828631,13.926666666666668,ROUTE_JohnMuirMedicalCenterWalnutCreekCampus,0.437966883828631,13.926666666666668,ROUTE_JohnMuirMedicalCenterWalnutCreekCampus,0.437966883828631,13.926666666666668,ROUTE_JohnMuirMedicalCenterWalnutCreekCampus,0.437966883828631,13.926666666666668
37.963611111084425,-122.29499999995522,104.67616493163615,HEMORRHAGIC,ROUTE_JohnMuirMedicalCenterWalnutCreekCampus,0.24,32.028333333333336,ROUTE_KaiserFoundationHospitalRichmondCampus,0.24,15.44,ROUTE_JohnMuirMedicalCenterWalnutCreekCampus,0.24,32.028333333333336,ROUTE_KaiserFoundationHospitalRichmondCampus,0.24,15.44
37.93972222219552,-121.69972222217696,107.5749122911664,LVO,ROUTE_JohnMuirMedicalCenterWalnutCreekCampus,0.4131243968519536,39.73833333333334,ROUTE_KaiserFoundationHospitalAntioch,0.2818007334330641,13.518333333333334,ROUTE_JohnMuirMedicalCenterWalnutCreekCampus,0.4131243968519536,39.73833333333334,ROUTE_KaiserFoundationHospitalAntioch,0.2818007334330641,13.518333333333334
37.779444444417614,-122.16305555551067,251.7908313378357,HEMORRHAGIC,ROUTE_HighlandHospitalWilmaChanCampus,0.24,8.391666666666667,ROUTE_HighlandHospitalWilmaChanCampus,0.24,8.391666666666667,ROUTE_SutterEdenMedicalCenter,0.24,15.401666666666667,ROUTE_HighlandHospitalWilmaChanCampus,0.24,8.391666666666667
37.77555555552872,-122.47777777773314,269.7104865404556,LVO,ROUTE_UCSFHealthStanyanHospital,0.24466880000000002,6.1433333333333335,ROUTE_UCSFHealthStanyanHospital,0.24466880000000002,6.1433333333333335,ROUTE_UCSFMedicalCenter,0.24466880000000002,8.83,ROUTE_UCSFHealthStanyanHospital,0.24466880000000002,6.1433333333333335
37.75777777775093,-121.9455555555105,33.363675333334214,LVO,ROUTE_JohnMuirMedicalCenterWalnutCreekCampus,0.4473795431807565,24.505,ROUTE_SanRamonRegionalMedicalCenter,0.4373132747486987,6.39,ROUTE_JohnMuirMedicalCenterWalnutCreekCampus,0.4473795431807565,24.505,ROUTE_SanRamonRegionalMedicalCenter,0.4373132747486987,6.39
37.58333333330634,-122.37499999995528,253.93285001826177,LVO,ROUTE_MillsPeninsulaMedicalCenterSutter,0.24466880000000002,3.746666666666667,ROUTE_MillsPeninsulaMedicalCenterSutter,0.24466880000000002,3.746666666666667,ROUTE_MillsPeninsulaMedicalCenterSutter,0.24466880000000002,3.746666666666667,ROUTE_MillsPeninsulaMedicalCenterSutter,0.24466880000000002,3.746666666666667
37.561388888861885,-122.26277777773296,167.31595985003676,HEMORRHAGIC,ROUTE_MillsPeninsulaMedicalCenterSutter,0.24,16.59,ROUTE_SanMateoMedicalCenter,0.24,13.593333333333334,ROUTE_MillsPeninsulaMedicalCenterSutter,0.24,16.59,ROUTE_MillsPeninsulaMedicalCenterSutter,0.24,16.59
37.99249999997334,-121.79416666662148,31.91018334521172,HEMORRHAGIC,ROUTE_JohnMuirMedicalCenterWalnutCreekCampus,0.24,31.308333333333334,ROUTE_SutterDeltaMedicalCenter,0.24,5.053333333333333,ROUTE_JohnMuirMedicalCenterWalnutCreekCampus,0.24,31.308333333333334,ROUTE_KaiserFoundationHospitalAntioch,0.24,10.571666666666665
37.58194444441745,-122.33305555551081,141.06154935764926,HEMORRHAGIC,ROUTE_MillsPeninsulaMedicalCenterSutter,0.24,9.953333333333335,ROUTE_MillsPeninsulaMedicalCenterSutter,0.24,9.953333333333335,ROUTE_MillsPeninsulaMedicalCenterSutter,0.24,9.953333333333335,ROUTE_MillsPeninsulaMedicalCenterSutter,0.24,9.953333333333335
37.97555555552888,-121.78666666662149,165.7735729785714,LVO,ROUTE_JohnMuirMedicalCenterWalnutCreekCampus,0.26058649527409605,33.735,ROUTE_SutterDeltaMedicalCenter,0.24466880000000002,5.725,ROUTE_JohnMuirMedicalCenterWalnutCreekCampus,0.26058649527409605,33.735,ROUTE_KaiserFoundationHospitalAntioch,0.2671987383348246,6.39
37.39722222219508,-122.01722222217722,60.000087867147826,HEMORRHAGIC,ROUTE_KaiserFoundationHospitalSantaClara,0.24,14.55,ROUTE_KaiserFoundationHospitalSantaClara,0.24,14.55,ROUTE_KaiserFoundationHospitalSantaClara,0.24,14.55,ROUTE_KaiserFoundationHospitalSantaClara,0.24,14.55
37.760833333306486,-122.39722222217752,94.92943588578373,HEMORRHAGIC,ROUTE_CPMCDaviesCampusSutter,0.24,11.403333333333334,ROUTE_ZuckerbergSanFranciscoGeneralHospital,0.24,6.526666666666667,ROUTE_CPMCDaviesCampusSutter,0.24,11.403333333333334,ROUTE_ZuckerbergSanFranciscoGeneralHospital,0.24,6.526666666666667
37.93472222219551,-122.37055555551083,34.92266622118494,LVO,ROUTE_CPMCDaviesCampusSutter,0.44336385170177584,33.985,ROUTE_KaiserFoundationHospitalRichmondCampus,0.43588573503565264,3.143333333333333,ROUTE_CPMCDaviesCampusSutter,0.44336385170177584,33.985,ROUTE_KaiserFoundationHospitalRichmondCampus,0.43588573503565264,3.143333333333333
37.92111111108439,-122.03777777773279,199.72363477462184,LVO,ROUTE_JohnMuirMedicalCenterWalnutCreekCampus,0.2590452429589574,2.515,ROUTE_JohnMuirMedicalCenterWalnutCreekCampus,0.2590452429589574,2.515,ROUTE_JohnMuirMedicalCenterWalnutCreekCampus,0.2590452429589574,2.515,ROUTE_JohnMuirMedicalCenterWalnutCreekCampus,0.2590452429589574,2.515
37.75749999997315,-122.49277777773315,101.59034089294799,LVO,ROUTE_UCSFMedicalCenter,0.4263544817006846,8.083333333333334,ROUTE_UCSFMedicalCenter,0.4263544817006846,8.083333333333334,ROUTE_UCSFMedicalCenter,0.4263544817006846,8.083333333333334,ROUTE_UCSFMedicalCenter,0.4263544817006846,8.083333333333334
37.64722222219528,-121.77444444439925,89.2650194488135,MIMIC,ROUTE_SutterEdenMedicalCenter,0.9,33.42,ROUTE_StanfordHealthCareTriValley,0.9,21.771666666666665,ROUTE_SutterEdenMedicalCenter,0.9,33.42,ROUTE_StanfordHealthCareTriValley,0.9,21.771666666666665
37.78249999997317,-121.94194444439938,102.56766456323513,LVO,ROUTE_JohnMuirMedicalCenterWalnutCreekCampus,0.4200017560666144,25.293333333333333,ROUTE_SanRamonRegionalMedicalCenter,0.28460387714604946,8.44,ROUTE_JohnMuirMedicalCenterWalnutCreekCampus,0.4200017560666144,25.293333333333333,ROUTE_SanRamonRegionalMedicalCenter,0.28460387714604946,8.44
37.510555555528505,-122.29722222217744,149.78349734583634,LVO,ROUTE_KaiserFoundationHospitalRedwoodCity,0.4047682693512908,17.45,ROUTE_SanMateoMedicalCenter,0.24466880000000002,7.156666666666666,ROUTE_KaiserFoundationHospitalRedwoodCity,0.4047682693512908,17.45,ROUTE_SequoiaHospital,0.26992894502042436,13.113333333333333
37.728055555528684,-122.42472222217755,59.1370467716133,LVO,ROUTE_CPMCDaviesCampusSutter,0.4415270582991696,12.228333333333333,ROUTE_CPMCMissionBernalCampusSutter,0.4291500892333583,5.958333333333333,ROUTE_CPMCDaviesCampusSutter,0.4415270582991696,12.228333333333333,ROUTE_CPMCMissionBernalCampusSutter,0.4291500892333583,5.958333333333333
38.32694444441805,-122.29249999995521,52.202744478966764,LVO,ROUTE_JohnMuirMedicalCenterWalnutCreekCampus,0.4301092785323751,52.225,ROUTE_ProvidenceQueenOfTheValleyMedicalCenter,0.30166211390205316,2.0766666666666667,ROUTE_JohnMuirMedicalCenterWalnutCreekCampus,0.4301092785323751,52.225,ROUTE_ProvidenceQueenOfTheValleyMedicalCenter,0.30166211390205316,2.0766666666666667
37.944166666639966,-122.32972222217747,124.79913833635919,NLVO,ROUTE_CPMCDaviesCampusSutter,0.5330642200404277,31.923333333333336,ROUTE_KaiserFoundationHospitalRichmondCampus,0.5450119861032717,6.33,ROUTE_CPMCDaviesCampusSutter,0.5330642200404277,31.923333333333336,ROUTE_KaiserFoundationHospitalRichmondCampus,0.5450119861032717,6.33
37.887222222195476,-122.11611111106619,199.4190328527547,MIMIC,ROUTE_KaiserFoundationHospitalWalnutCreek,0.9,10.835,ROUTE_KaiserFoundationHospitalWalnutCreek,0.9,10.835,ROUTE_JohnMuirMedicalCenterWalnutCreekCampus,0.9,13.106666666666666,ROUTE_KaiserFoundationHospitalWalnutCreek,0.9,10.835
37.468333333306255,-122.2333333332885,221.75405973406967,LVO,ROUTE_SequoiaHospital,0.24466880000000002,6.85,ROUTE_SequoiaHospital,0.24466880000000002,6.85,ROUTE_KaiserFoundationHospitalRedwoodCity,0.24466880000000002,7.989999999999999,ROUTE_SequoiaHospital,0.24466880000000002,6.85
37.45249999997291,-121.89638888884379,199.0521241142221,LVO,ROUTE_RegionalMedicalCenterOfSanJose,0.2568525028343828,12.6,ROUTE_RegionalMedicalCenterOfSanJose,0.2568525028343828,12.6,ROUTE_RegionalMedicalCenterOfSanJose,0.2568525028343828,12.6,ROUTE_RegionalMedicalCenterOfSanJose,0.2568525028343828,12.6
37.98333333330666,-121.99694444439943,52.180753688713764,NLVO,ROUTE_JohnMuirMedicalCenterWalnutCreekCampus,0.5772544752373746,17.375,ROUTE_JohnMuirMedicalCenterConcordCampus,0.5816965457638571,7.713333333333334,ROUTE_JohnMuirMedicalCenterWalnutCreekCampus,0.5772544752373746,17.375,ROUTE_JohnMuirMedicalCenterConcordCampus,0.5816965457638571,7.713333333333334
37.64583333330639,-122.43083333328866,115.41347052044578,MIMIC,ROUTE_MillsPeninsulaMedicalCenterSutter,0.9,13.451666666666666,ROUTE_KaiserFoundationHospitalSouthSanFrancisco,0.9,5.738333333333333,ROUTE_MillsPeninsulaMedicalCenterSutter,0.9,13.451666666666666,ROUTE_KaiserFoundationHospitalSouthSanFrancisco,0.9,5.738333333333333
37.56722222219522,-122.33416666662191,87.49023911168737,HEMORRHAGIC,ROUTE_MillsPeninsulaMedicalCenterSutter,0.24,10.401666666666667,ROUTE_MillsPeninsulaMedicalCenterSutter,0.24,10.401666666666667,ROUTE_MillsPeninsulaMedicalCenterSutter,0.24,10.401666666666667,ROUTE_MillsPeninsulaMedicalCenterSutter,0.24,10.401666666666667
37.855277777751006,-122.25888888884408,260.87580192475116,HEMORRHAGIC,ROUTE_AltaBatesSummitMedicalCenterAltaBatesCampus,0.24,0.345,ROUTE_AltaBatesSummitMedicalCenterAltaBatesCampus,0.24,0.345,ROUTE_JohnMuirMedicalCenterWalnutCreekCampus,0.24,24.584999999999997,ROUTE_KaiserFoundationHospitalOaklandRichmond,0.24,10.146666666666667
37.85777777775101,-122.28166666662187,110.24663624616706,HEMORRHAGIC,ROUTE_JohnMuirMedicalCenterWalnutCreekCampus,0.24,27.71833333333333,ROUTE_AltaBatesSummitMedicalCenterAltaBatesCampus,0.24,6.026666666666667,ROUTE_JohnMuirMedicalCenterWalnutCreekCampus,0.24,27.71833333333333,ROUTE_KaiserFoundationHospitalOaklandRichmond,0.24,10.745000000000001
37.68722222219532,-121.73416666662143,85.64684086649935,LVO,ROUTE_SutterEdenMedicalCenter,0.4249784307369404,29.746666666666666,ROUTE_StanfordHealthCareTriValley,0.28697074134606276,18.348333333333336,ROUTE_SutterEdenMedicalCenter,0.4249784307369404,29.746666666666666,ROUTE_StanfordHealthCareTriValley,0.28697074134606276,18.348333333333336
37.699444444417544,-122.08972222217727,149.1981732727533,LVO,ROUTE_SutterEdenMedicalCenter,0.41010237464188126,2.3516666666666666,ROUTE_SutterEdenMedicalCenter,0.41010237464188126,2.3516666666666666,ROUTE_SutterEdenMedicalCenter,0.41010237464188126,2.3516666666666666,ROUTE_SutterEdenMedicalCenter,0.41010237464188126,2.3516666666666666
37.64166666663972,-122.449166666622,182.45402899816915,HEMORRHAGIC,ROUTE_MillsPeninsulaMedicalCenterSutter,0.24,13.15,ROUTE_KaiserFoundationHospitalSouthSanFrancisco,0.24,7.405,ROUTE_MillsPeninsulaMedicalCenterSutter,0.24,13.15,ROUTE_KaiserFoundationHospitalSouthSanFrancisco,0.24,7.405
38.32138888886249,-122.3180555555108,219.0485891375942,HEMORRHAGIC,ROUTE_ProvidenceQueenOfTheValleyMedicalCenter,0.24,5.133333333333334,ROUTE_ProvidenceQueenOfTheValleyMedicalCenter,0.24,5.133333333333334,ROUTE_JohnMuirMedicalCenterWalnutCreekCampus,0.24,50.43,ROUTE_ProvidenceQueenOfTheValleyMedicalCenter,0.24,5.133333333333334
37.974722222195545,-122.2724999999552,256.29279288045973,LVO,ROUTE_KaiserFoundationHospitalRichmondCampus,0.24466880000000002,19.28166666666667,ROUTE_KaiserFoundationHospitalRichmondCampus,0.24466880000000002,19.28166666666667,ROUTE_JohnMuirMedicalCenterWalnutCreekCampus,0.24466880000000002,35.68666666666666,ROUTE_KaiserFoundationHospitalRichmondCampus,0.24466880000000002,19.28166666666667
37.779444444417614,-122.48972222217759,253.88898327295414,HEMORRHAGIC,ROUTE_UCSFHealthStanyanHospital,0.24,8.9,ROUTE_UCSFHealthStanyanHospital,0.24,8.9,ROUTE_UCSFMedicalCenter,0.24,9.973333333333333,ROUTE_UCSFHealthStanyanHospital,0.24,8.9
37.57972222219523,-122.04722222217724,166.1363197418883,HEMORRHAGIC,ROUTE_SutterEdenMedicalCenter,0.24,19.525,ROUTE_StRoseHospital,0.24,10.363333333333333,ROUTE_SutterEdenMedicalCenter,0.24,19.525,ROUTE_WashingtonHospitalHealthcareSystem,0.24,16.978333333333335
37.570277777750775,-122.31888888884413,95.2810114798939,HEMORRHAGIC,ROUTE_MillsPeninsulaMedicalCenterSutter,0.24,11.615,ROUTE_SanMateoMedicalCenter,0.24,10.151666666666667,ROUTE_MillsPeninsulaMedicalCenterSutter,0.24,11.615,ROUTE_MillsPeninsulaMedicalCenterSutter,0.24,11.615
37.48194444441737,-122.23138888884405,188.50176167590107,MIMIC,ROUTE_KaiserFoundationHospitalRedwoodCity,0.9,4.97,ROUTE_KaiserFoundationHospitalRedwoodCity,0.9,4.97,ROUTE_KaiserFoundationHospitalRedwoodCity,0.9,4.97,ROUTE_KaiserFoundationHospitalRedwoodCity,0.9,4.97
37.417499999972875,-122.12416666662175,255.0738335455983,HEMORRHAGIC,ROUTE_StanfordHealthCare,0.24,14.03,ROUTE_StanfordHealthCare,0.24,14.03,ROUTE_StanfordHealthCare,0.24,14.03,ROUTE_StanfordHealthCare,0.24,14.03
37.949722222195525,-122.09638888884395,223.31979277631424,HEMORRHAGIC,ROUTE_JohnMuirMedicalCenterConcordCampus,0.24,13.368333333333334,ROUTE_JohnMuirMedicalCenterConcordCampus,0.24,13.368333333333334,ROUTE_JohnMuirMedicalCenterWalnutCreekCampus,0.24,15.151666666666667,ROUTE_JohnMuirMedicalCenterConcordCampus,0.24,13.368333333333334
37.82527777775098,-122.23638888884406,78.245415510551,MIMIC,ROUTE_SutterEdenMedicalCenter,0.9,21.545,ROUTE_KaiserFoundationHospitalOaklandRichmond,0.9,5.638333333333334,ROUTE_SutterEdenMedicalCenter,0.9,21.545,ROUTE_KaiserFoundationHospitalOaklandRichmond,0.9,5.638333333333334
37.66388888886196,-122.40472222217753,235.6121646870574,HEMORRHAGIC,ROUTE_KaiserFoundationHospitalSouthSanFrancisco,0.24,11.111666666666668,ROUTE_KaiserFoundationHospitalSouthSanFrancisco,0.24,11.111666666666668,ROUTE_MillsPeninsulaMedicalCenterSutter,0.24,12.133333333333333,ROUTE_KaiserFoundationHospitalSouthSanFrancisco,0.24,11.111666666666668
37.852499999973226,-122.28444444439965,125.08232886445963,LVO,ROUTE_CPMCDaviesCampusSutter,0.4109240655167329,26.733333333333334,ROUTE_AltaBatesSummitMedicalCenterAltaBatesCampus,0.24466880000000002,5.4783333333333335,ROUTE_CPMCDaviesCampusSutter,0.4109240655167329,26.733333333333334,ROUTE_KaiserFoundationHospitalOaklandRichmond,0.2776131053398649,10.195
37.73749999997313,-122.41722222217754,155.872469757332,HEMORRHAGIC,ROUTE_CPMCDaviesCampusSutter,0.24,10.291666666666666,ROUTE_CPMCMissionBernalCampusSutter,0.24,3.6883333333333335,ROUTE_CPMCDaviesCampusSutter,0.24,10.291666666666666,ROUTE_CPMCMissionBernalCampusSutter,0.24,3.6883333333333335
37.93499999997329,-121.6941666666214,203.26414881989507,HEMORRHAGIC,ROUTE_KaiserFoundationHospitalAntioch,0.24,14.133333333333333,ROUTE_KaiserFoundationHospitalAntioch,0.24,14.133333333333333,ROUTE_JohnMuirMedicalCenterWalnutCreekCampus,0.24,40.35166666666667,ROUTE_KaiserFoundationHospitalAntioch,0.24,14.133333333333333
37.37944444441729,-122.13694444439953,57.33994475346076,LVO,ROUTE_ElCaminoHealthMountainView,0.4411821130162347,15.193333333333333,ROUTE_ElCaminoHealthMountainView,0.4411821130162347,15.193333333333333,ROUTE_ElCaminoHealthMountainView,0.4411821130162347,15.193333333333333,ROUTE_ElCaminoHealthMountainView,0.4411821130162347,15.193333333333333
37.74722222219536,-121.81999999995485,72.11288911106536,HEMORRHAGIC,ROUTE_SutterEdenMedicalCenter,0.24,28.808333333333334,ROUTE_StanfordHealthCareTriValley,0.24,17.41166666666667,ROUTE_SutterEdenMedicalCenter,0.24,28.808333333333334,ROUTE_StanfordHealthCareTriValley,0.24,17.41166666666667
37.678611111084194,-122.13416666662175,255.7511830919735,HEMORRHAGIC,ROUTE_StRoseHospital,0.24,8.981666666666666,ROUTE_StRoseHospital,0.24,8.981666666666666,ROUTE_SutterEdenMedicalCenter,0.24,11.558333333333334,ROUTE_KaiserFoundationHospitalSanLeandro,0.24,10.485000000000001
37.5372222221952,-122.03722222217723,181.58725976497027,LVO,ROUTE_SutterEdenMedicalCenter,0.25846090596635585,25.145,ROUTE_WashingtonHospitalHealthcareSystem,0.26063668598888334,15.953333333333335,ROUTE_SutterEdenMedicalCenter,0.25846090596635585,25.145,ROUTE_WashingtonHospitalHealthcareSystem,0.26063668598888334,15.953333333333335
38.15277777775124,-122.18138888884401,249.32692506683486,LVO,ROUTE_SutterSolanoMedicalCenter,0.24466880000000002,12.436666666666667,ROUTE_SutterSolanoMedicalCenter,0.24466880000000002,12.436666666666667,ROUTE_JohnMuirMedicalCenterWalnutCreekCampus,0.24466880000000002,36.54333333333333,ROUTE_SutterSolanoMedicalCenter,0.24466880000000002,12.436666666666667
37.56583333330633,-122.0477777777328,233.21239866154366,LVO,ROUTE_StRoseHospital,0.24466880000000002,13.806666666666667,ROUTE_StRoseHospital,0.24466880000000002,13.806666666666667,ROUTE_SutterEdenMedicalCenter,0.24466880000000002,22.96833333333333,ROUTE_WashingtonHospitalHealthcareSystem,0.24466880000000002,18.445
38.08611111108452,-122.56499999995543,230.05349896658075,HEMORRHAGIC,ROUTE_NovatoCommunityHospitalSutter,0.24,6.331666666666666,ROUTE_NovatoCommunityHospitalSutter,0.24,6.331666666666666,ROUTE_UCSFMedicalCenter,0.24,48.748333333333335,ROUTE_NovatoCommunityHospitalSutter,0.24,6.331666666666666
37.71666666663978,-121.87138888884377,34.4728262306258,LVO,ROUTE_SutterEdenMedicalCenter,0.44914677925965846,18.35666666666667,ROUTE_StanfordHealthCareTriValley,0.43727928578252173,6.1483333333333325,ROUTE_SutterEdenMedicalCenter,0.44914677925965846,18.35666666666667,ROUTE_StanfordHealthCareTriValley,0.43727928578252173,6.1483333333333325
37.64027777775083,-122.41416666662198,206.6380130201165,MIMIC,ROUTE_KaiserFoundationHospitalSouthSanFrancisco,0.9,9.378333333333334,ROUTE_KaiserFoundationHospitalSouthSanFrancisco,0.9,9.378333333333334,ROUTE_MillsPeninsulaMedicalCenterSutter,0.9,11.82,ROUTE_KaiserFoundationHospitalSouthSanFrancisco,0.9,9.378333333333334
37.3666666666395,-122.09638888884395,233.27282799380464,LVO,ROUTE_ElCaminoHealthMountainView,0.24466880000000002,6.083333333333333,ROUTE_ElCaminoHealthMountainView,0.24466880000000002,6.083333333333333,ROUTE_ElCaminoHealthMountainView,0.24466880000000002,6.083333333333333,ROUTE_ElCaminoHealthMountainView,0.24466880000000002,6.083333333333333
37.550277777750765,-122.28833333328855,239.05214948342734,MIMIC,ROUTE_SanMateoMedicalCenter,0.9,7.638333333333334,ROUTE_SanMateoMedicalCenter,0.9,7.638333333333334,ROUTE_MillsPeninsulaMedicalCenterSutter,0.9,11.770000000000001,ROUTE_MillsPeninsulaMedicalCenterSutter,0.9,11.770000000000001
37.46027777775069,-122.26333333328853,253.02341197193948,LVO,ROUTE_SequoiaHospital,0.24466880000000002,8.795,ROUTE_SequoiaHospital,0.24466880000000002,8.795,ROUTE_KaiserFoundationHospitalRedwoodCity,0.24466880000000002,13.733333333333333,ROUTE_SequoiaHospital,0.24466880000000002,8.795
37.89805555552882,-122.30333333328856,235.16847196595015,MIMIC,ROUTE_KaiserFoundationHospitalRichmondCampus,0.9,11.666666666666666,ROUTE_KaiserFoundationHospitalRichmondCampus,0.9,11.666666666666666,ROUTE_CPMCDaviesCampusSutter,0.9,29.740000000000002,ROUTE_KaiserFoundationHospitalRichmondCampus,0.9,11.666666666666666
37.459999999972915,-122.18999999995513,57.716431019332,LVO,ROUTE_StanfordHealthCare,0.4427795252258364,10.295,ROUTE_StanfordHealthCare,0.4427795252258364,10.295,ROUTE_StanfordHealthCare,0.4427795252258364,10.295,ROUTE_StanfordHealthCare,0.4427795252258364,10.295
37.484999999972935,-122.19999999995514,211.72114912936632,HEMORRHAGIC,ROUTE_KaiserFoundationHospitalRedwoodCity,0.24,6.341666666666667,ROUTE_KaiserFoundationHospitalRedwoodCity,0.24,6.341666666666667,ROUTE_KaiserFoundationHospitalRedwoodCity,0.24,6.341666666666667,ROUTE_KaiserFoundationHospitalRedwoodCity,0.24,6.341666666666667
37.93222222219551,-121.72222222217698,264.4554137507914,LVO,ROUTE_KaiserFoundationHospitalAntioch,0.24466880000000002,13.058333333333334,ROUTE_KaiserFoundationHospitalAntioch,0.24466880000000002,13.058333333333334,ROUTE_JohnMuirMedicalCenterWalnutCreekCampus,0.24466880000000002,38.583333333333336,ROUTE_KaiserFoundationHospitalAntioch,0.24466880000000002,13.058333333333334
37.77999999997317,-122.47583333328869,136.43293811590846,LVO,ROUTE_UCSFMedicalCenter,0.4124372400376921,9.685,ROUTE_UCSFHealthStanyanHospital,0.2752658716788162,6.75,ROUTE_UCSFMedicalCenter,0.4124372400376921,9.685,ROUTE_UCSFHealthStanyanHospital,0.2752658716788162,6.75
37.39222222219508,-122.06055555551059,169.71145189707033,LVO,ROUTE_ElCaminoHealthMountainView,0.40001891026186653,9.45,ROUTE_ElCaminoHealthMountainView,0.40001891026186653,9.45,ROUTE_ElCaminoHealthMountainView,0.40001891026186653,9.45,ROUTE_ElCaminoHealthMountainView,0.40001891026186653,9.45
37.55527777775077,-121.9708333332883,253.35317377191558,HEMORRHAGIC,ROUTE_KaiserFoundationHospitalFremont,0.24,2.316666666666667,ROUTE_KaiserFoundationHospitalFremont,0.24,2.316666666666667,ROUTE_RegionalMedicalCenterOfSanJose,0.24,26.205,ROUTE_KaiserFoundationHospitalFremont,0.24,2.316666666666667
38.0536111110845,-122.21361111106627,164.12015778268025,LVO,ROUTE_JohnMuirMedicalCenterWalnutCreekCampus,0.2614657644941508,31.884999999999998,ROUTE_SutterSolanoMedicalCenter,0.26539838830457246,15.586666666666668,ROUTE_JohnMuirMedicalCenterWalnutCreekCampus,0.2614657644941508,31.884999999999998,ROUTE_SutterSolanoMedicalCenter,0.26539838830457246,15.586666666666668
38.01666666664002,-122.26388888884408,198.09772345957987,HEMORRHAGIC,ROUTE_SutterSolanoMedicalCenter,0.24,19.34333333333333,ROUTE_ContraCostaRegionalMedicalCenter,0.24,18.358333333333334,ROUTE_JohnMuirMedicalCenterWalnutCreekCampus,0.24,31.404999999999998,ROUTE_SutterSolanoMedicalCenter,0.24,19.34333333333333
37.87416666663991,-122.08027777773283,147.0374001469856,NLVO,ROUTE_JohnMuirMedicalCenterWalnutCreekCampus,0.5304737156025754,12.748333333333333,ROUTE_KaiserFoundationHospitalWalnutCreek,0.5323993700976097,8.635,ROUTE_JohnMuirMedicalCenterWalnutCreekCampus,0.5304737156025754,12.748333333333333,ROUTE_KaiserFoundationHospitalWalnutCreek,0.5323993700976097,8.635
37.37277777775062,-122.05944444439947,233.01150576848548,HEMORRHAGIC,ROUTE_ElCaminoHealthMountainView,0.24,9.403333333333334,ROUTE_ElCaminoHealthMountainView,0.24,9.403333333333334,ROUTE_ElCaminoHealthMountainView,0.24,9.403333333333334,ROUTE_ElCaminoHealthMountainView,0.24,9.403333333333334
37.650277777750844,-122.08666666662172,55.68188972161537,HEMORRHAGIC,ROUTE_SutterEdenMedicalCenter,0.24,13.7,ROUTE_StRoseHospital,0.24,5.306666666666667,ROUTE_SutterEdenMedicalCenter,0.24,13.7,ROUTE_KaiserFoundationHospitalSanLeandro,0.24,12.006666666666666
37.90749999997327,-122.31055555551079,141.9650302273135,LVO,ROUTE_CPMCDaviesCampusSutter,0.4033623281090396,30.311666666666667,ROUTE_KaiserFoundationHospitalRichmondCampus,0.27267646556526814,10.825,ROUTE_CPMCDaviesCampusSutter,0.4033623281090396,30.311666666666667,ROUTE_KaiserFoundationHospitalRichmondCampus,0.27267646556526814,10.825
37.769166666639826,-122.1816666666218,226.8188214860394,HEMORRHAGIC,ROUTE_HighlandHospitalWilmaChanCampus,0.24,9.488333333333333,ROUTE_HighlandHospitalWilmaChanCampus,0.24,9.488333333333333,ROUTE_SutterEdenMedicalCenter,0.24,16.995,ROUTE_HighlandHospitalWilmaChanCampus,0.24,9.488333333333333
38.2897222221958,-122.47055555551091,124.6388443199072,LVO,ROUTE_JohnMuirMedicalCenterWalnutCreekCampus,0.2638660995120334,65.76833333333333,ROUTE_SonomaValleyHospital,0.27989550935499646,1.8616666666666668,ROUTE_JohnMuirMedicalCenterWalnutCreekCampus,0.2638660995120334,65.76833333333333,ROUTE_SonomaValleyHospital,0.27989550935499646,1.8616666666666668
37.56583333330633,-122.30583333328856,44.05947310023468,HEMORRHAGIC,ROUTE_MillsPeninsulaMedicalCenterSutter,0.24,10.835,ROUTE_MillsPeninsulaMedicalCenterSutter,0.24,10.835,ROUTE_MillsPeninsulaMedicalCenterSutter,0.24,10.835,ROUTE_MillsPeninsulaMedicalCenterSutter,0.24,10.835
37.588333333306345,-122.49777777773316,99.62825374331396,LVO,ROUTE_MillsPeninsulaMedicalCenterSutter,0.4207725867877418,26.33,ROUTE_AHMCSetonMedicalCenter,0.2827667883246019,18.666666666666668,ROUTE_MillsPeninsulaMedicalCenterSutter,0.4207725867877418,26.33,ROUTE_AHMCSetonMedicalCenter,0.2827667883246019,18.666666666666668
37.44027777775067,-122.24361111106629,194.15595159351057,LVO,ROUTE_SequoiaHospital,0.2575780799997227,14.938333333333333,ROUTE_SequoiaHospital,0.2575780799997227,14.938333333333333,ROUTE_KaiserFoundationHospitalRedwoodCity,0.2569159865467432,17.76833333333333,ROUTE_SequoiaHospital,0.2575780799997227,14.938333333333333
37.87222222219546,-121.63833333328803,213.92753389654507,LVO,ROUTE_KaiserFoundationHospitalAntioch,0.24466880000000002,21.298333333333336,ROUTE_KaiserFoundationHospitalAntioch,0.24466880000000002,21.298333333333336,ROUTE_JohnMuirMedicalCenterWalnutCreekCampus,0.24466880000000002,46.82333333333334,ROUTE_KaiserFoundationHospitalAntioch,0.24466880000000002,21.298333333333336
37.89611111108437,-122.30055555551078,185.38319729530593,LVO,ROUTE_KaiserFoundationHospitalRichmondCampus,0.2603415239643284,12.976666666666667,ROUTE_KaiserFoundationHospitalRichmondCampus,0.2603415239643284,12.976666666666667,ROUTE_CPMCDaviesCampusSutter,0.2560923243619236,31.05,ROUTE_KaiserFoundationHospitalRichmondCampus,0.2603415239643284,12.976666666666667
37.84944444441767,-122.00305555551054,220.39550919510432,HEMORRHAGIC,ROUTE_KaiserFoundationHospitalWalnutCreek,0.24,9.19,ROUTE_KaiserFoundationHospitalWalnutCreek,0.24,9.19,ROUTE_JohnMuirMedicalCenterWalnutCreekCampus,0.24,14.801666666666668,ROUTE_KaiserFoundationHospitalWalnutCreek,0.24,9.19
38.291388888862464,-122.02749999995501,76.66472034574758,HEMORRHAGIC,ROUTE_JohnMuirMedicalCenterWalnutCreekCampus,0.24,44.055,ROUTE_NorthBayMedicalCenter,0.24,12.754999999999999,ROUTE_JohnMuirMedicalCenterWalnutCreekCampus,0.24,44.055,ROUTE_NorthBayMedicalCenter,0.24,12.754999999999999
37.97444444441777,-122.30305555551078,238.61480089913206,LVO,ROUTE_KaiserFoundationHospitalRichmondCampus,0.24466880000000002,15.025,ROUTE_KaiserFoundationHospitalRichmondCampus,0.24466880000000002,15.025,ROUTE_JohnMuirMedicalCenterWalnutCreekCampus,0.24466880000000002,34.3,ROUTE_KaiserFoundationHospitalRichmondCampus,0.24466880000000002,15.025
37.54444444441742,-122.28305555551077,208.09388096389762,MIMIC,ROUTE_MillsPeninsulaMedicalCenterSutter,0.9,12.456666666666667,ROUTE_SanMateoMedicalCenter,0.9,7.491666666666666,ROUTE_MillsPeninsulaMedicalCenterSutter,0.9,12.456666666666667,ROUTE_MillsPeninsulaMedicalCenterSutter,0.9,12.456666666666667
37.71999999997312,-121.95083333328827,210.6680071488878,NLVO,ROUTE_StanfordHealthCareTriValley,0.4967098498337673,13.7,ROUTE_StanfordHealthCareTriValley,0.4967098498337673,13.7,ROUTE_SutterEdenMedicalCenter,0.4622,20.58,ROUTE_StanfordHealthCareTriValley,0.4967098498337673,13.7
37.441944444417345,-122.13888888884398,237.27686325873952,NLVO,ROUTE_StanfordHealthCare,0.4622,10.195,ROUTE_StanfordHealthCare,0.4622,10.195,ROUTE_StanfordHealthCare,0.4622,10.195,ROUTE_StanfordHealthCare,0.4622,10.195
37.909444444417716,-121.9933333332883,226.32427175917314,HEMORRHAGIC,ROUTE_JohnMuirMedicalCenterWalnutCreekCampus,0.24,9.571666666666665,ROUTE_JohnMuirMedicalCenterWalnutCreekCampus,0.24,9.571666666666665,ROUTE_JohnMuirMedicalCenterWalnutCreekCampus,0.24,9.571666666666665,ROUTE_JohnMuirMedicalCenterWalnutCreekCampus,0.24,9.571666666666665
38.01249999997335,-121.90472222217713,212.63291233008042,LVO,ROUTE_SutterDeltaMedicalCenter,0.24466880000000002,15.055,ROUTE_SutterDeltaMedicalCenter,0.24466880000000002,15.055,ROUTE_JohnMuirMedicalCenterWalnutCreekCampus,0.24466880000000002,26.18166666666667,ROUTE_JohnMuirMedicalCenterConcordCampus,0.24466880000000002,17.529999999999998
37.785833333306506,-122.41222222217753,238.03483325299416,LVO,ROUTE_UCSFHealthHydeHospital,0.24466880000000002,2.783333333333333,ROUTE_UCSFHealthHydeHospital,0.24466880000000002,2.783333333333333,ROUTE_CPMCDaviesCampusSutter,0.24466880000000002,10.193333333333333,ROUTE_UCSFHealthHydeHospital,0.24466880000000002,2.783333333333333
37.43249999997289,-122.19222222217736,61.43306916308367,LVO,ROUTE_StanfordHealthCare,0.4420970284130201,8.078333333333333,ROUTE_StanfordHealthCare,0.4420970284130201,8.078333333333333,ROUTE_StanfordHealthCare,0.4420970284130201,8.078333333333333,ROUTE_StanfordHealthCare,0.4420970284130201,8.078333333333333
38.00083333330668,-122.31222222217745,237.88999371645605,HEMORRHAGIC,ROUTE_KaiserFoundationHospitalRichmondCampus,0.24,15.129999999999999,ROUTE_KaiserFoundationHospitalRichmondCampus,0.24,15.129999999999999,ROUTE_JohnMuirMedicalCenterWalnutCreekCampus,0.24,33.42333333333333,ROUTE_KaiserFoundationHospitalRichmondCampus,0.24,15.129999999999999
38.01166666664002,-122.09694444439951,219.95605925183386,LVO,ROUTE_ContraCostaRegionalMedicalCenter,0.24466880000000002,7.681666666666667,ROUTE_ContraCostaRegionalMedicalCenter,0.24466880000000002,7.681666666666667,ROUTE_JohnMuirMedicalCenterWalnutCreekCampus,0.24466880000000002,19.225,ROUTE_JohnMuirMedicalCenterConcordCampus,0.24466880000000002,13.663333333333332
37.67777777775086,-122.1058333332884,122.08162793344091,LVO,ROUTE_SutterEdenMedicalCenter,0.41783907835091627,9.879999999999999,ROUTE_SutterEdenMedicalCenter,0.41783907835091627,9.879999999999999,ROUTE_SutterEdenMedicalCenter,0.41783907835091627,9.879999999999999,ROUTE_SutterEdenMedicalCenter,0.41783907835091627,9.879999999999999
37.75694444441759,-122.49749999995538,42.81820257478307,HEMORRHAGIC,ROUTE_UCSFMedicalCenter,0.24,8.753333333333334,ROUTE_UCSFMedicalCenter,0.24,8.753333333333334,ROUTE_UCSFMedicalCenter,0.24,8.753333333333334,ROUTE_UCSFMedicalCenter,0.24,8.753333333333334
37.74444444441758,-122.43833333328867,96.66952932867987,LVO,ROUTE_CPMCDaviesCampusSutter,0.42830833570375876,7.958333333333333,ROUTE_CPMCMissionBernalCampusSutter,0.2870387370868406,5.846666666666667,ROUTE_CPMCDaviesCampusSutter,0.42830833570375876,7.958333333333333,ROUTE_CPMCMissionBernalCampusSutter,0.2870387370868406,5.846666666666667
37.64138888886195,-122.45777777773313,47.34876450851354,LVO,ROUTE_MillsPeninsulaMedicalCenterSutter,0.4459687857090984,12.898333333333333,ROUTE_KaiserFoundationHospitalSouthSanFrancisco,0.43217487303537516,7.153333333333333,ROUTE_MillsPeninsulaMedicalCenterSutter,0.4459687857090984,12.898333333333333,ROUTE_KaiserFoundationHospitalSouthSanFrancisco,0.43217487303537516,7.153333333333333
37.69833333330644,-121.86499999995488,220.64397190880575,LVO,ROUTE_StanfordHealthCareTriValley,0.24466880000000002,7.091666666666667,ROUTE_StanfordHealthCareTriValley,0.24466880000000002,7.091666666666667,ROUTE_SutterEdenMedicalCenter,0.24466880000000002,20.921666666666667,ROUTE_StanfordHealthCareTriValley,0.24466880000000002,7.091666666666667
37.6861111110842,-121.73361111106588,68.52321988423228,HEMORRHAGIC,ROUTE_SutterEdenMedicalCenter,0.24,30.76833333333333,ROUTE_StanfordHealthCareTriValley,0.24,19.371666666666666,ROUTE_SutterEdenMedicalCenter,0.24,30.76833333333333,ROUTE_StanfordHealthCareTriValley,0.24,19.371666666666666
37.35888888886172,-122.01222222217721,96.10306050305324,HEMORRHAGIC,ROUTE_KaiserFoundationHospitalSantaClara,0.24,9.254999999999999,ROUTE_KaiserFoundationHospitalSantaClara,0.24,9.254999999999999,ROUTE_KaiserFoundationHospitalSantaClara,0.24,9.254999999999999,ROUTE_KaiserFoundationHospitalSantaClara,0.24,9.254999999999999
37.788611111084286,-122.41611111106643,212.55474389229826,HEMORRHAGIC,ROUTE_UCSFHealthHydeHospital,0.24,1.4833333333333334,ROUTE_UCSFHealthHydeHospital,0.24,1.4833333333333334,ROUTE_CPMCDaviesCampusSutter,0.24,9.225,ROUTE_UCSFHealthHydeHospital,0.24,1.4833333333333334
37.66916666663975,-121.72416666662143,69.36143864312709,LVO,ROUTE_SutterEdenMedicalCenter,0.4300624347389991,33.29333333333333,ROUTE_StanfordHealthCareTriValley,0.2908905870917784,21.896666666666665,ROUTE_SutterEdenMedicalCenter,0.4300624347389991,33.29333333333333,ROUTE_StanfordHealthCareTriValley,0.2908905870917784,21.896666666666665
37.749722222195366,-122.1652777777329,138.4474595425341,LVO,ROUTE_SutterEdenMedicalCenter,0.41015405428895635,14.145000000000001,ROUTE_SanLeandroHospitalAlamedaHealthSystem,0.24466880000000002,11.963333333333333,ROUTE_SutterEdenMedicalCenter,0.41015405428895635,14.145000000000001,ROUTE_HighlandHospitalWilmaChanCampus,0.2731723959031318,12.766666666666667
37.701666666639774,-122.15222222217733,38.577419361832085,MIMIC,ROUTE_SutterEdenMedicalCenter,0.9,14.083333333333334,ROUTE_KaiserFoundationHospitalSanLeandro,0.9,6.928333333333333,ROUTE_SutterEdenMedicalCenter,0.9,14.083333333333334,ROUTE_KaiserFoundationHospitalSanLeandro,0.9,6.928333333333333
37.78194444441761,-122.41249999995532,90.92619457586837,LVO,ROUTE_CPMCDaviesCampusSutter,0.4301767275446042,9.006666666666666,ROUTE_UCSFHealthHydeHospital,0.2892766547415328,3.8983333333333334,ROUTE_CPMCDaviesCampusSutter,0.4301767275446042,9.006666666666666,ROUTE_UCSFHealthHydeHospital,0.2892766547415328,3.8983333333333334
37.9727777777511,-122.03611111106612,62.65457318948893,LVO,ROUTE_JohnMuirMedicalCenterWalnutCreekCampus,0.43969883563811324,13.456666666666667,ROUTE_JohnMuirMedicalCenterConcordCampus,0.4273002510904412,4.418333333333334,ROUTE_JohnMuirMedicalCenterWalnutCreekCampus,0.43969883563811324,13.456666666666667,ROUTE_JohnMuirMedicalCenterConcordCampus,0.4273002510904412,4.418333333333334
37.82222222219542,-121.91916666662159,221.67898970481468,LVO,ROUTE_SanRamonRegionalMedicalCenter,0.24466880000000002,12.683333333333334,ROUTE_SanRamonRegionalMedicalCenter,0.24466880000000002,12.683333333333334,ROUTE_JohnMuirMedicalCenterWalnutCreekCampus,0.24466880000000002,25.168333333333333,ROUTE_SanRamonRegionalMedicalCenter,0.24466880000000002,12.683333333333334
37.78111111108428,-122.4013888888442,159.5480090460933,MIMIC,ROUTE_CPMCDaviesCampusSutter,0.9,9.7,ROUTE_UCSFHealthHydeHospital,0.9,7.051666666666667,ROUTE_CPMCDaviesCampusSutter,0.9,9.7,ROUTE_UCSFHealthHydeHospital,0.9,7.051666666666667
37.700277777750884,-122.09805555551061,197.7283694503965,MIMIC,ROUTE_SutterEdenMedicalCenter,0.9,3.775,ROUTE_SutterEdenMedicalCenter,0.9,3.775,ROUTE_SutterEdenMedicalCenter,0.9,3.775,ROUTE_SutterEdenMedicalCenter,0.9,3.775
37.685555555528644,-122.15083333328843,220.72912964698295,LVO,ROUTE_KaiserFoundationHospitalSanLeandro,0.24466880000000002,6.725,ROUTE_KaiserFoundationHospitalSanLeandro,0.24466880000000002,6.725,ROUTE_SutterEdenMedicalCenter,0.24466880000000002,10.806666666666667,ROUTE_KaiserFoundationHospitalSanLeandro,0.24466880000000002,6.725
37.545277777750755,-121.94638888884383,37.045680263966204,HEMORRHAGIC,ROUTE_RegionalMedicalCenterOfSanJose,0.24,23.86,ROUTE_KaiserFoundationHospitalFremont,0.24,8.385,ROUTE_RegionalMedicalCenterOfSanJose,0.24,23.86,ROUTE_KaiserFoundationHospitalFremont,0.24,8.385
37.96416666663998,-122.34083333328859,151.0999251926081,LVO,ROUTE_JohnMuirMedicalCenterWalnutCreekCampus,0.26428819306129486,34.623333333333335,ROUTE_KaiserFoundationHospitalRichmondCampus,0.27041019595154736,9.718333333333334,ROUTE_JohnMuirMedicalCenterWalnutCreekCampus,0.26428819306129486,34.623333333333335,ROUTE_KaiserFoundationHospitalRichmondCampus,0.27041019595154736,9.718333333333334
37.71722222219534,-121.93749999995494,203.0165120813107,LVO,ROUTE_StanfordHealthCareTriValley,0.25599717602111216,11.866666666666667,ROUTE_StanfordHealthCareTriValley,0.25599717602111216,11.866666666666667,ROUTE_SutterEdenMedicalCenter,0.25448649215804253,18.391666666666666,ROUTE_StanfordHealthCareTriValley,0.25599717602111216,11.866666666666667
37.771944444417606,-122.27055555551075,86.31833896129913,LVO,ROUTE_SutterEdenMedicalCenter,0.42682057387403927,23.716666666666665,ROUTE_AlamedaHospital,0.29046030882375234,4.641666666666667,ROUTE_SutterEdenMedicalCenter,0.42682057387403927,23.716666666666665,ROUTE_AlamedaHospital,0.29046030882375234,4.641666666666667
38.01277777775113,-122.55888888884432,224.5846371828173,LVO,ROUTE_KaiserFoundationHospitalSanRafael,0.24466880000000002,3.8449999999999998,ROUTE_KaiserFoundationHospitalSanRafael,0.24466880000000002,3.8449999999999998,ROUTE_UCSFMedicalCenter,0.24466880000000002,42.04333333333333,ROUTE_KaiserFoundationHospitalSanRafael,0.24466880000000002,3.8449999999999998
37.724444444417564,-122.14972222217733,76.32614284794612,LVO,ROUTE_SutterEdenMedicalCenter,0.4348493448790878,11.953333333333335,ROUTE_SanLeandroHospitalAlamedaHealthSystem,0.25679314283784843,4.415,ROUTE_SutterEdenMedicalCenter,0.4348493448790878,11.953333333333335,ROUTE_KaiserFoundationHospitalSanLeandro,0.29208431472307295,9.771666666666667
37.55333333330632,-121.98999999995497,67.58879479471001,LVO,ROUTE_SutterEdenMedicalCenter,0.4328574783413697,27.31,ROUTE_WashingtonHospitalHealthcareSystem,0.2963025238281005,4.136666666666667,ROUTE_SutterEdenMedicalCenter,0.4328574783413697,27.31,ROUTE_WashingtonHospitalHealthcareSystem,0.2963025238281005,4.136666666666667
37.74499999997314,-122.43694444439977,183.13288881806847,MIMIC,ROUTE_CPMCDaviesCampusSutter,0.9,7.545,ROUTE_CPMCMissionBernalCampusSutter,0.9,5.068333333333333,ROUTE_CPMCDaviesCampusSutter,0.9,7.545,ROUTE_CPMCMissionBernalCampusSutter,0.9,5.068333333333333
38.00694444441779,-122.28083333328854,257.94274319962017,LVO,ROUTE_ContraCostaRegionalMedicalCenter,0.24466880000000002,15.991666666666667,ROUTE_ContraCostaRegionalMedicalCenter,0.24466880000000002,15.991666666666667,ROUTE_JohnMuirMedicalCenterWalnutCreekCampus,0.24466880000000002,29.038333333333334,ROUTE_KaiserFoundationHospitalRichmondCampus,0.24466880000000002,17.251666666666665
37.77444444441761,-122.50333333328872,243.4318448680692,LVO,ROUTE_UCSFHealthStanyanHospital,0.24466880000000002,9.796666666666665,ROUTE_UCSFHealthStanyanHospital,0.24466880000000002,9.796666666666665,ROUTE_UCSFMedicalCenter,0.24466880000000002,10.521666666666667,ROUTE_UCSFHealthStanyanHospital,0.24466880000000002,9.796666666666665
37.76611111108427,-122.41722222217754,51.80598361708128,LVO,ROUTE_CPMCDaviesCampusSutter,0.4465673141272638,6.276666666666667,ROUTE_ZuckerbergSanFranciscoGeneralHospital,0.4322521804609123,4.585,ROUTE_CPMCDaviesCampusSutter,0.4465673141272638,6.276666666666667,ROUTE_ZuckerbergSanFranciscoGeneralHospital,0.4322521804609123,4.585
37.96444444441776,-122.52777777773318,84.77614276656021,LVO,ROUTE_UCSFMedicalCenter,0.4228866132625664,36.73166666666667,ROUTE_MarinHealthMedicalCenter,0.2900942240386158,7.706666666666666,ROUTE_UCSFMedicalCenter,0.4228866132625664,36.73166666666667,ROUTE_MarinHealthMedicalCenter,0.2900942240386158,7.706666666666666
37.53666666663964,-122.05611111106614,105.9391023811638,HEMORRHAGIC,ROUTE_KaiserFoundationHospitalRedwoodCity,0.24,25.634999999999998,ROUTE_StRoseHospital,0.24,17.108333333333334,ROUTE_KaiserFoundationHospitalRedwoodCity,0.24,25.634999999999998,ROUTE_WashingtonHospitalHealthcareSystem,0.24,19.93166666666667
37.724722222195346,-121.8608333332882,233.7602596086747,LVO,ROUTE_StanfordHealthCareTriValley,0.24466880000000002,11.521666666666667,ROUTE_StanfordHealthCareTriValley,0.24466880000000002,11.521666666666667,ROUTE_SutterEdenMedicalCenter,0.24466880000000002,23.73,ROUTE_StanfordHealthCareTriValley,0.24466880000000002,11.521666666666667
37.93083333330662,-122.53277777773319,191.32827336778732,MIMIC,ROUTE_MarinHealthMedicalCenter,0.9,7.09,ROUTE_MarinHealthMedicalCenter,0.9,7.09,ROUTE_UCSFMedicalCenter,0.9,33.0,ROUTE_MarinHealthMedicalCenter,0.9,7.09
37.726666666639794,-122.13944444439954,46.10949397393689,LVO,ROUTE_SutterEdenMedicalCenter,0.44805718403481615,8.456666666666667,ROUTE_SanLeandroHospitalAlamedaHealthSystem,0.4029144983691968,6.141666666666667,ROUTE_SutterEdenMedicalCenter,0.44805718403481615,8.456666666666667,ROUTE_SutterEdenMedicalCenter,0.44805718403481615,8.456666666666667
37.831666666639876,-122.12749999995509,56.50512523480246,LVO,ROUTE_JohnMuirMedicalCenterWalnutCreekCampus,0.4391022472924468,21.96833333333333,ROUTE_KaiserFoundationHospitalWalnutCreek,0.42525150010330615,19.698333333333334,ROUTE_JohnMuirMedicalCenterWalnutCreekCampus,0.4391022472924468,21.96833333333333,ROUTE_KaiserFoundationHospitalWalnutCreek,0.42525150010330615,19.698333333333334
37.65611111108418,-122.08749999995506,220.76842587268914,LVO,ROUTE_StRoseHospital,0.24466880000000002,5.946666666666667,ROUTE_StRoseHospital,0.24466880000000002,5.946666666666667,ROUTE_SutterEdenMedicalCenter,0.24466880000000002,13.193333333333333,ROUTE_KaiserFoundationHospitalSanLeandro,0.24466880000000002,12.646666666666667
37.71527777775089,-122.47249999995536,180.4368813697037,LVO,ROUTE_UCSFMedicalCenter,0.2616774548202526,12.870000000000001,ROUTE_AHMCSetonMedicalCenter,0.2632477180703392,6.331666666666666,ROUTE_UCSFMedicalCenter,0.2616774548202526,12.870000000000001,ROUTE_AHMCSetonMedicalCenter,0.2632477180703392,6.331666666666666
37.84583333330655,-122.24444444439962,31.295010482316172,LVO,ROUTE_JohnMuirMedicalCenterWalnutCreekCampus,0.44943447435884937,21.08833333333333,ROUTE_AltaBatesSummitMedicalCenterAltaBatesCampus,0.4059317564779028,6.533333333333333,ROUTE_JohnMuirMedicalCenterWalnutCreekCampus,0.44943447435884937,21.08833333333333,ROUTE_KaiserFoundationHospitalOaklandRichmond,0.43771109360777877,7.991666666666666
37.77499999997316,-122.40805555551087,269.5888156026608,LVO,ROUTE_CPMCVanNessCampusSutter,0.24466880000000002,6.201666666666667,ROUTE_CPMCVanNessCampusSutter,0.24466880000000002,6.201666666666667,ROUTE_CPMCDaviesCampusSutter,0.24466880000000002,8.106666666666666,ROUTE_CPMCVanNessCampusSutter,0.24466880000000002,6.201666666666667
38.05638888886228,-122.51583333328873,146.88968989109836,NLVO,ROUTE_UCSFMedicalCenter,0.5132527644134555,49.568333333333335,ROUTE_NovatoCommunityHospitalSutter,0.5311803695529405,11.403333333333334,ROUTE_UCSFMedicalCenter,0.5132527644134555,49.568333333333335,ROUTE_NovatoCommunityHospitalSutter,0.5311803695529405,11.403333333333334
37.682777777750864,-122.13444444439953,181.5511384265843,HEMORRHAGIC,ROUTE_SutterEdenMedicalCenter,0.24,11.696666666666665,ROUTE_StRoseHospital,0.24,8.568333333333333,ROUTE_SutterEdenMedicalCenter,0.24,11.696666666666665,ROUTE_KaiserFoundationHospitalSanLeandro,0.24,10.071666666666665
37.71916666663979,-122.47638888884426,63.158675635751386,HEMORRHAGIC,ROUTE_UCSFMedicalCenter,0.24,11.55,ROUTE_AHMCSetonMedicalCenter,0.24,7.168333333333334,ROUTE_UCSFMedicalCenter,0.24,11.55,ROUTE_AHMCSetonMedicalCenter,0.24,7.168333333333334
37.397499999972865,-122.09861111106618,224.5468774544676,LVO,ROUTE_ElCaminoHealthMountainView,0.24466880000000002,13.471666666666666,ROUTE_ElCaminoHealthMountainView,0.24466880000000002,13.471666666666666,ROUTE_ElCaminoHealthMountainView,0.24466880000000002,13.471666666666666,ROUTE_ElCaminoHealthMountainView,0.24466880000000002,13.471666666666666
37.716944444417564,-122.16222222217733,210.56957598901164,LVO,ROUTE_KaiserFoundationHospitalSanLeandro,0.2554585222159955,5.795,ROUTE_SanLeandroHospitalAlamedaHealthSystem,0.24466880000000002,5.2733333333333325,ROUTE_SutterEdenMedicalCenter,0.2536958961940779,13.435,ROUTE_KaiserFoundationHospitalSanLeandro,0.2554585222159955,5.795
38.3224999999736,-122.29583333328856,136.9461512216462,NLVO,ROUTE_JohnMuirMedicalCenterWalnutCreekCampus,0.5178329861446981,50.89,ROUTE_ProvidenceQueenOfTheValleyMedicalCenter,0.5408157695124717,1.835,ROUTE_JohnMuirMedicalCenterWalnutCreekCampus,0.5178329861446981,50.89,ROUTE_ProvidenceQueenOfTheValleyMedicalCenter,0.5408157695124717,1.835
37.654999999973064,-122.07472222217727,65.05037178905846,LVO,ROUTE_SutterEdenMedicalCenter,0.4386224023162134,13.825,ROUTE_StRoseHospital,0.3933415197135848,9.463333333333333,ROUTE_SutterEdenMedicalCenter,0.4386224023162134,13.825,ROUTE_SutterEdenMedicalCenter,0.4386224023162134,13.825
37.39999999997286,-122.09944444439951,191.89861216887508,HEMORRHAGIC,ROUTE_ElCaminoHealthMountainView,0.24,13.375,ROUTE_ElCaminoHealthMountainView,0.24,13.375,ROUTE_ElCaminoHealthMountainView,0.24,13.375,ROUTE_ElCaminoHealthMountainView,0.24,13.375
37.73249999997313,-122.39194444439974,161.8086107923532,HEMORRHAGIC,ROUTE_CPMCDaviesCampusSutter,0.24,14.514999999999999,ROUTE_ZuckerbergSanFranciscoGeneralHospital,0.24,8.658333333333333,ROUTE_CPMCDaviesCampusSutter,0.24,14.514999999999999,ROUTE_ZuckerbergSanFranciscoGeneralHospital,0.24,8.658333333333333
37.808055555528746,-122.27444444439965,228.69141557310516,HEMORRHAGIC,ROUTE_AltaBatesSummitMedicalCenterSummitCampus,0.24,6.921666666666667,ROUTE_AltaBatesSummitMedicalCenterSummitCampus,0.24,6.921666666666667,ROUTE_SutterEdenMedicalCenter,0.24,22.791666666666668,ROUTE_AltaBatesSummitMedicalCenterSummitCampus,0.24,6.921666666666667
37.94361111108441,-122.01388888884388,47.95291099177351,LVO,ROUTE_JohnMuirMedicalCenterWalnutCreekCampus,0.4474381019351242,8.131666666666666,ROUTE_JohnMuirMedicalCenterWalnutCreekCampus,0.4474381019351242,8.131666666666666,ROUTE_JohnMuirMedicalCenterWalnutCreekCampus,0.4474381019351242,8.131666666666666,ROUTE_JohnMuirMedicalCenterWalnutCreekCampus,0.4474381019351242,8.131666666666666
38.02138888886225,-121.96611111106607,242.72235277046974,NLVO,ROUTE_JohnMuirMedicalCenterConcordCampus,0.4622,10.348333333333333,ROUTE_JohnMuirMedicalCenterConcordCampus,0.4622,10.348333333333333,ROUTE_JohnMuirMedicalCenterWalnutCreekCampus,0.4622,20.108333333333334,ROUTE_JohnMuirMedicalCenterConcordCampus,0.4622,10.348333333333333
37.59027777775079,-122.0844444443995,226.6328974021991,MIMIC,ROUTE_StRoseHospital,0.9,12.928333333333335,ROUTE_StRoseHospital,0.9,12.928333333333335,ROUTE_SutterEdenMedicalCenter,0.9,23.43,ROUTE_KaiserFoundationHospitalSanLeandro,0.9,21.736666666666668
37.7644444444176,-122.43694444439977,108.53563961734419,HEMORRHAGIC,ROUTE_CPMCDaviesCampusSutter,0.24,2.6566666666666667,ROUTE_CPMCDaviesCampusSutter,0.24,2.6566666666666667,ROUTE_CPMCDaviesCampusSutter,0.24,2.6566666666666667,ROUTE_CPMCDaviesCampusSutter,0.24,2.6566666666666667
37.5194444444174,-122.27833333328854,36.70463911928092,LVO,ROUTE_KaiserFoundationHospitalRedwoodCity,0.45045976199441634,12.231666666666666,ROUTE_SanMateoMedicalCenter,0.403348715605406,9.025,ROUTE_KaiserFoundationHospitalRedwoodCity,0.45045976199441634,12.231666666666666,ROUTE_KaiserFoundationHospitalRedwoodCity,0.45045976199441634,12.231666666666666
37.765555555528714,-122.23499999995516,91.56033935091483,HEMORRHAGIC,ROUTE_SutterEdenMedicalCenter,0.24,19.243333333333332,ROUTE_AlamedaHospital,0.24,4.6866666666666665,ROUTE_SutterEdenMedicalCenter,0.24,19.243333333333332,ROUTE_AlamedaHospital,0.24,4.6866666666666665
37.478611111084035,-122.40611111106642,195.15195566994427,LVO,ROUTE_MillsPeninsulaMedicalCenterSutter,0.2556179098916424,22.238333333333333,ROUTE_SanMateoMedicalCenter,0.24466880000000002,22.028333333333332,ROUTE_MillsPeninsulaMedicalCenterSutter,0.2556179098916424,22.238333333333333,ROUTE_MillsPeninsulaMedicalCenterSutter,0.2556179098916424,22.238333333333333
37.937222222195516,-122.31916666662191,221.48418953487948,HEMORRHAGIC,ROUTE_KaiserFoundationHospitalRichmondCampus,0.24,9.393333333333334,ROUTE_KaiserFoundationHospitalRichmondCampus,0.24,9.393333333333334,ROUTE_CPMCDaviesCampusSutter,0.24,32.391666666666666,ROUTE_KaiserFoundationHospitalRichmondCampus,0.24,9.393333333333334
37.76666666663982,-122.44638888884423,264.8085734764758,NLVO,ROUTE_UCSFMedicalCenter,0.4622,2.575,ROUTE_UCSFMedicalCenter,0.4622,2.575,ROUTE_UCSFMedicalCenter,0.4622,2.575,ROUTE_UCSFMedicalCenter,0.4622,2.575
37.723333333306456,-122.18055555551068,96.34345766368757,HEMORRHAGIC,ROUTE_SutterEdenMedicalCenter,0.24,13.788333333333332,ROUTE_KaiserFoundationHospitalSanLeandro,0.24,7.913333333333333,ROUTE_SutterEdenMedicalCenter,0.24,13.788333333333332,ROUTE_KaiserFoundationHospitalSanLeandro,0.24,7.913333333333333
37.795277777750954,-122.23805555551073,135.52362523677323,LVO,ROUTE_SutterEdenMedicalCenter,0.4097664450835223,18.533333333333335,ROUTE_HighlandHospitalWilmaChanCampus,0.27695013469196456,1.1733333333333333,ROUTE_SutterEdenMedicalCenter,0.4097664450835223,18.533333333333335,ROUTE_HighlandHospitalWilmaChanCampus,0.27695013469196456,1.1733333333333333
37.77777777775094,-122.47888888884425,239.35704439411666,NLVO,ROUTE_UCSFHealthStanyanHospital,0.4622,6.458333333333333,ROUTE_UCSFHealthStanyanHospital,0.4622,6.458333333333333,ROUTE_UCSFMedicalCenter,0.4622,9.103333333333333,ROUTE_UCSFHealthStanyanHospital,0.4622,6.458333333333333
38.299999999973586,-122.33666666662192,184.81957107398756,NLVO,ROUTE_ProvidenceQueenOfTheValleyMedicalCenter,0.5113822344975185,11.391666666666667,ROUTE_ProvidenceQueenOfTheValleyMedicalCenter,0.5113822344975185,11.391666666666667,ROUTE_JohnMuirMedicalCenterWalnutCreekCampus,0.4622,53.598333333333336,ROUTE_ProvidenceQueenOfTheValleyMedicalCenter,0.5113822344975185,11.391666666666667
38.2391666666402,-122.60138888884435,179.6824354030399,HEMORRHAGIC,ROUTE_PetalumaValleyHospitalProvidence,0.24,8.621666666666666,ROUTE_PetalumaValleyHospitalProvidence,0.24,8.621666666666666,ROUTE_UCSFMedicalCenter,0.24,61.42833333333333,ROUTE_PetalumaValleyHospitalProvidence,0.24,8.621666666666666
38.24361111108465,-122.03805555551057,173.77510062944359,HEMORRHAGIC,ROUTE_NorthBayMedicalCenter,0.24,10.331666666666667,ROUTE_NorthBayMedicalCenter,0.24,10.331666666666667,ROUTE_JohnMuirMedicalCenterWalnutCreekCampus,0.24,41.85,ROUTE_NorthBayMedicalCenter,0.24,10.331666666666667
37.97166666663999,-122.53138888884429,147.68330890662975,HEMORRHAGIC,ROUTE_UCSFMedicalCenter,0.24,36.835,ROUTE_MarinHealthMedicalCenter,0.24,7.376666666666667,ROUTE_UCSFMedicalCenter,0.24,36.835,ROUTE_MarinHealthMedicalCenter,0.24,7.376666666666667
37.55277777775076,-122.26277777773296,247.1033802095837,HEMORRHAGIC,ROUTE_SanMateoMedicalCenter,0.24,12.703333333333335,ROUTE_SanMateoMedicalCenter,0.24,12.703333333333335,ROUTE_MillsPeninsulaMedicalCenterSutter,0.24,17.598333333333336,ROUTE_MillsPeninsulaMedicalCenterSutter,0.24,17.598333333333336
37.56722222219522,-122.34611111106638,126.26350110168673,HEMORRHAGIC,ROUTE_MillsPeninsulaMedicalCenterSutter,0.24,10.968333333333334,ROUTE_MillsPeninsulaMedicalCenterSutter,0.24,10.968333333333334,ROUTE_MillsPeninsulaMedicalCenterSutter,0.24,10.968333333333334,ROUTE_MillsPeninsulaMedicalCenterSutter,0.24,10.968333333333334
37.74861111108425,-122.1399999999551,206.72954046761026,LVO,ROUTE_HighlandHospitalWilmaChanCampus,0.2552940328414589,10.771666666666667,ROUTE_HighlandHospitalWilmaChanCampus,0.2552940328414589,10.771666666666667,ROUTE_SutterEdenMedicalCenter,0.2545724676938666,13.893333333333334,ROUTE_HighlandHospitalWilmaChanCampus,0.2552940328414589,10.771666666666667
37.97694444441777,-122.28805555551077,84.0236206805773,HEMORRHAGIC,ROUTE_JohnMuirMedicalCenterWalnutCreekCampus,0.24,35.355000000000004,ROUTE_KaiserFoundationHospitalRichmondCampus,0.24,17.986666666666668,ROUTE_JohnMuirMedicalCenterWalnutCreekCampus,0.24,35.355000000000004,ROUTE_KaiserFoundationHospitalRichmondCampus,0.24,17.986666666666668
37.78388888886206,-122.41472222217753,194.1470937431314,LVO,ROUTE_CPMCDaviesCampusSutter,0.2591565213118683,8.24,ROUTE_UCSFHealthHydeHospital,0.2605322974556048,2.4366666666666665,ROUTE_CPMCDaviesCampusSutter,0.2591565213118683,8.24,ROUTE_UCSFHealthHydeHospital,0.2605322974556048,2.4366666666666665
37.56083333330633,-122.00166666662165,38.6865556012454,LVO,ROUTE_SutterEdenMedicalCenter,0.4448762232123637,25.573333333333334,ROUTE_WashingtonHospitalHealthcareSystem,0.4341384184300978,6.453333333333333,ROUTE_SutterEdenMedicalCenter,0.4448762232123637,25.573333333333334,ROUTE_WashingtonHospitalHealthcareSystem,0.4341384184300978,6.453333333333333
37.985833333306665,-122.03083333328834,126.95938783643665,LVO,ROUTE_JohnMuirMedicalCenterWalnutCreekCampus,0.4131511860232745,18.121666666666666,ROUTE_JohnMuirMedicalCenterConcordCampus,0.2785093772492144,4.633333333333334,ROUTE_JohnMuirMedicalCenterWalnutCreekCampus,0.4131511860232745,18.121666666666666,ROUTE_JohnMuirMedicalCenterConcordCampus,0.2785093772492144,4.633333333333334
37.754444444417594,-122.49416666662205,203.1834888188093,LVO,ROUTE_UCSFMedicalCenter,0.2567007064025484,8.66,ROUTE_UCSFMedicalCenter,0.2567007064025484,8.66,ROUTE_UCSFMedicalCenter,0.2567007064025484,8.66,ROUTE_UCSFMedicalCenter,0.2567007064025484,8.66
37.63611111108416,-122.08583333328839,267.01675994550885,LVO,ROUTE_StRoseHospital,0.24466880000000002,5.58,ROUTE_StRoseHospital,0.24466880000000002,5.58,ROUTE_SutterEdenMedicalCenter,0.24466880000000002,16.328333333333333,ROUTE_KaiserFoundationHospitalSanLeandro,0.24466880000000002,14.635
38.25749999997355,-122.02999999995501,237.91316202777838,LVO,ROUTE_NorthBayMedicalCenter,0.24466880000000002,5.668333333333334,ROUTE_NorthBayMedicalCenter,0.24466880000000002,5.668333333333334,ROUTE_JohnMuirMedicalCenterWalnutCreekCampus,0.24466880000000002,43.845,ROUTE_NorthBayMedicalCenter,0.24466880000000002,5.668333333333334
37.79083333330651,-122.24555555551073,90.97562197433666,HEMORRHAGIC,ROUTE_SutterEdenMedicalCenter,0.24,19.95,ROUTE_HighlandHospitalWilmaChanCampus,0.24,2.5883333333333334,ROUTE_SutterEdenMedicalCenter,0.24,19.95,ROUTE_HighlandHospitalWilmaChanCampus,0.24,2.5883333333333334
37.74777777775092,-121.89111111106601,214.07250373699262,HEMORRHAGIC,ROUTE_SanRamonRegionalMedicalCenter,0.24,14.215,ROUTE_SanRamonRegionalMedicalCenter,0.24,14.215,ROUTE_SutterEdenMedicalCenter,0.24,24.459999999999997,ROUTE_SanRamonRegionalMedicalCenter,0.24,14.215
37.559999999972995,-122.02555555551056,262.9698931427354,LVO,ROUTE_WashingtonHospitalHealthcareSystem,0.24466880000000002,12.458333333333334,ROUTE_WashingtonHospitalHealthcareSystem,0.24466880000000002,12.458333333333334,ROUTE_SutterEdenMedicalCenter,0.24466880000000002,22.526666666666664,ROUTE_WashingtonHospitalHealthcareSystem,0.24466880000000002,12.458333333333334
37.641944444417504,-122.08777777773282,45.4206667095568,LVO,ROUTE_SutterEdenMedicalCenter,0.4453861924724389,16.666666666666668,ROUTE_StRoseHospital,0.40154533810275167,6.468333333333334,ROUTE_SutterEdenMedicalCenter,0.4453861924724389,16.666666666666668,ROUTE_KaiserFoundationHospitalSanLeandro,0.43057403539942307,14.973333333333333
37.684166666639754,-122.48138888884425,218.6542844790473,LVO,ROUTE_AHMCSetonMedicalCenter,0.25371242827704976,4.38,ROUTE_AHMCSetonMedicalCenter,0.25371242827704976,4.38,ROUTE_MillsPeninsulaMedicalCenterSutter,0.24466880000000002,17.158333333333335,ROUTE_AHMCSetonMedicalCenter,0.25371242827704976,4.38
37.96999999997332,-122.04388888884391,103.91800957900948,NLVO,ROUTE_JohnMuirMedicalCenterWalnutCreekCampus,0.5529983229689909,12.360000000000001,ROUTE_JohnMuirMedicalCenterConcordCampus,0.5564195520107336,4.988333333333333,ROUTE_JohnMuirMedicalCenterWalnutCreekCampus,0.5529983229689909,12.360000000000001,ROUTE_JohnMuirMedicalCenterConcordCampus,0.5564195520107336,4.988333333333333
38.262222222195774,-122.02388888884389,50.157028917620295,MIMIC,ROUTE_JohnMuirMedicalCenterWalnutCreekCampus,0.9,44.501666666666665,ROUTE_NorthBayMedicalCenter,0.9,7.068333333333333,ROUTE_JohnMuirMedicalCenterWalnutCreekCampus,0.9,44.501666666666665,ROUTE_NorthBayMedicalCenter,0.9,7.068333333333333
37.9147222221955,-122.30972222217746,169.45586657345777,LVO,ROUTE_CPMCDaviesCampusSutter,0.26009380725108694,31.716666666666665,ROUTE_KaiserFoundationHospitalRichmondCampus,0.2647505723828833,12.321666666666665,ROUTE_CPMCDaviesCampusSutter,0.26009380725108694,31.716666666666665,ROUTE_KaiserFoundationHospitalRichmondCampus,0.2647505723828833,12.321666666666665
37.94083333330663,-121.6866666666214,155.9970594860726,NLVO,ROUTE_JohnMuirMedicalCenterWalnutCreekCampus,0.5120526259336682,41.995,ROUTE_KaiserFoundationHospitalAntioch,0.524386503056047,15.776666666666667,ROUTE_JohnMuirMedicalCenterWalnutCreekCampus,0.5120526259336682,41.995,ROUTE_KaiserFoundationHospitalAntioch,0.524386503056047,15.776666666666667
37.973333333306655,-121.76833333328813,106.32516449769783,HEMORRHAGIC,ROUTE_JohnMuirMedicalCenterWalnutCreekCampus,0.24,33.86,ROUTE_SutterDeltaMedicalCenter,0.24,6.05,ROUTE_JohnMuirMedicalCenterWalnutCreekCampus,0.24,33.86,ROUTE_KaiserFoundationHospitalAntioch,0.24,6.175
38.02083333330669,-121.87638888884378,135.21788104587083,LVO,ROUTE_JohnMuirMedicalCenterWalnutCreekCampus,0.40752527529225036,25.476666666666667,ROUTE_SutterDeltaMedicalCenter,0.24466880000000002,13.6,ROUTE_JohnMuirMedicalCenterWalnutCreekCampus,0.40752527529225036,25.476666666666667,ROUTE_JohnMuirMedicalCenterConcordCampus,0.27331340502452606,15.796666666666665
37.99611111108445,-122.58305555551101,192.89662873645347,MIMIC,ROUTE_MarinHealthMedicalCenter,0.9,21.08,ROUTE_MarinHealthMedicalCenter,0.9,21.08,ROUTE_UCSFMedicalCenter,0.9,53.70666666666667,ROUTE_MarinHealthMedicalCenter,0.9,21.08
37.671111111084194,-121.77944444439925,191.34325491832521,NLVO,ROUTE_StanfordHealthCareTriValley,0.5045479362087023,18.616666666666667,ROUTE_StanfordHealthCareTriValley,0.5045479362087023,18.616666666666667,ROUTE_SutterEdenMedicalCenter,0.49915457302618255,30.013333333333332,ROUTE_StanfordHealthCareTriValley,0.5045479362087023,18.616666666666667
37.47361111108403,-122.16416666662178,222.74096437789183,LVO,ROUTE_KaiserFoundationHospitalRedwoodCity,0.24466880000000002,12.288333333333332,ROUTE_KaiserFoundationHospitalRedwoodCity,0.24466880000000002,12.288333333333332,ROUTE_KaiserFoundationHospitalRedwoodCity,0.24466880000000002,12.288333333333332,ROUTE_KaiserFoundationHospitalRedwoodCity,0.24466880000000002,12.288333333333332
37.7922222221954,-122.24444444439962,204.95798502091935,LVO,ROUTE_HighlandHospitalWilmaChanCampus,0.2576877280410272,2.4683333333333333,ROUTE_HighlandHospitalWilmaChanCampus,0.2576877280410272,2.4683333333333333,ROUTE_SutterEdenMedicalCenter,0.25365918186106967,19.83,ROUTE_HighlandHospitalWilmaChanCampus,0.2576877280410272,2.4683333333333333
37.645277777750835,-122.43361111106644,158.16962447828735,HEMORRHAGIC,ROUTE_MillsPeninsulaMedicalCenterSutter,0.24,12.521666666666667,ROUTE_KaiserFoundationHospitalSouthSanFrancisco,0.24,6.196666666666667,ROUTE_MillsPeninsulaMedicalCenterSutter,0.24,12.521666666666667,ROUTE_KaiserFoundationHospitalSouthSanFrancisco,0.24,6.196666666666667
37.73749999997313,-122.44666666662201,84.15158500212235,NLVO,ROUTE_UCSFMedicalCenter,0.5647901010671779,8.875,ROUTE_CPMCMissionBernalCampusSutter,0.5652200445801425,7.944999999999999,ROUTE_UCSFMedicalCenter,0.5647901010671779,8.875,ROUTE_CPMCMissionBernalCampusSutter,0.5652200445801425,7.944999999999999
38.339444444418056,-122.50972222217761,192.06681830076266,NLVO,ROUTE_SonomaValleyHospital,0.5061892703551574,14.34,ROUTE_SonomaValleyHospital,0.5061892703551574,14.34,ROUTE_JohnMuirMedicalCenterWalnutCreekCampus,0.4622,74.03,ROUTE_SonomaValleyHospital,0.5061892703551574,14.34
37.697499999973104,-122.11305555551063,108.23303036733088,LVO,ROUTE_SutterEdenMedicalCenter,0.4244532264434084,6.16,ROUTE_SutterEdenMedicalCenter,0.4244532264434084,6.16,ROUTE_SutterEdenMedicalCenter,0.4244532264434084,6.16,ROUTE_SutterEdenMedicalCenter,0.4244532264434084,6.16
37.33999999997282,-122.08111111106616,185.0793069703855,LVO,ROUTE_ElCaminoHealthMountainView,0.2610540192172418,10.321666666666665,ROUTE_ElCaminoHealthMountainView,0.2610540192172418,10.321666666666665,ROUTE_ElCaminoHealthMountainView,0.2610540192172418,10.321666666666665,ROUTE_ElCaminoHealthMountainView,0.2610540192172418,10.321666666666665
37.92499999997328,-122.35277777773304,185.40125236972426,NLVO,ROUTE_KaiserFoundationHospitalRichmondCampus,0.5141673958648544,4.836666666666667,ROUTE_KaiserFoundationHospitalRichmondCampus,0.5141673958648544,4.836666666666667,ROUTE_CPMCDaviesCampusSutter,0.5012391308463907,32.21333333333333,ROUTE_KaiserFoundationHospitalRichmondCampus,0.5141673958648544,4.836666666666667
37.95583333330664,-122.08666666662172,169.94797363656784,LVO,ROUTE_JohnMuirMedicalCenterWalnutCreekCampus,0.26370210332378996,16.103333333333335,ROUTE_JohnMuirMedicalCenterConcordCampus,0.26456202445947924,12.551666666666668,ROUTE_JohnMuirMedicalCenterWalnutCreekCampus,0.26370210332378996,16.103333333333335,ROUTE_JohnMuirMedicalCenterConcordCampus,0.26456202445947924,12.551666666666668
37.77222222219538,-122.41472222217753,62.26352408297612,LVO,ROUTE_CPMCDaviesCampusSutter,0.44227022469163646,6.67,ROUTE_ZuckerbergSanFranciscoGeneralHospital,0.4278365477273948,5.296666666666667,ROUTE_CPMCDaviesCampusSutter,0.44227022469163646,6.67,ROUTE_ZuckerbergSanFranciscoGeneralHospital,0.4278365477273948,5.296666666666667
37.532222222195195,-122.28444444439965,196.8043865081172,MIMIC,ROUTE_KaiserFoundationHospitalRedwoodCity,0.9,13.313333333333333,ROUTE_SanMateoMedicalCenter,0.9,5.67,ROUTE_KaiserFoundationHospitalRedwoodCity,0.9,13.313333333333333,ROUTE_KaiserFoundationHospitalRedwoodCity,0.9,13.313333333333333
38.09027777775119,-122.2005555555107,231.26580843611896,LVO,ROUTE_SutterSolanoMedicalCenter,0.24466880000000002,13.178333333333335,ROUTE_SutterSolanoMedicalCenter,0.24466880000000002,13.178333333333335,ROUTE_JohnMuirMedicalCenterWalnutCreekCampus,0.24466880000000002,28.183333333333334,ROUTE_SutterSolanoMedicalCenter,0.24466880000000002,13.178333333333335
37.77555555552872,-122.44027777773312,39.15169337212963,HEMORRHAGIC,ROUTE_CPMCDaviesCampusSutter,0.24,3.5683333333333334,ROUTE_CPMCDaviesCampusSutter,0.24,3.5683333333333334,ROUTE_CPMCDaviesCampusSutter,0.24,3.5683333333333334,ROUTE_CPMCDaviesCampusSutter,0.24,3.5683333333333334
38.30083333330692,-122.30499999995523,255.3848993158853,LVO,ROUTE_ProvidenceQueenOfTheValleyMedicalCenter,0.24466880000000002,6.864999999999999,ROUTE_ProvidenceQueenOfTheValleyMedicalCenter,0.24466880000000002,6.864999999999999,ROUTE_JohnMuirMedicalCenterWalnutCreekCampus,0.24466880000000002,48.04333333333333,ROUTE_ProvidenceQueenOfTheValleyMedicalCenter,0.24466880000000002,6.864999999999999
37.69277777775088,-122.45888888884424,180.91016471641112,HEMORRHAGIC,ROUTE_CPMCDaviesCampusSutter,0.24,17.696666666666665,ROUTE_AHMCSetonMedicalCenter,0.24,6.836666666666667,ROUTE_CPMCDaviesCampusSutter,0.24,17.696666666666665,ROUTE_AHMCSetonMedicalCenter,0.24,6.836666666666667
37.867777777751016,-122.28055555551076,78.91647774453395,HEMORRHAGIC,ROUTE_JohnMuirMedicalCenterWalnutCreekCampus,0.24,29.44333333333333,ROUTE_AltaBatesSummitMedicalCenterAltaBatesCampus,0.24,7.75,ROUTE_JohnMuirMedicalCenterWalnutCreekCampus,0.24,29.44333333333333,ROUTE_KaiserFoundationHospitalOaklandRichmond,0.24,12.468333333333334
37.700833333306434,-122.06999999995504,255.15164133761652,LVO,ROUTE_SutterEdenMedicalCenter,0.24466880000000002,6.39,ROUTE_SutterEdenMedicalCenter,0.24466880000000002,6.39,ROUTE_SutterEdenMedicalCenter,0.24466880000000002,6.39,ROUTE_SutterEdenMedicalCenter,0.24466880000000002,6.39
38.29333333330691,-121.97694444439941,143.926460959808,LVO,ROUTE_JohnMuirMedicalCenterWalnutCreekCampus,0.2617449637525012,53.155,ROUTE_NorthBayVacaValleyHospital,0.2709636960551186,15.471666666666666,ROUTE_JohnMuirMedicalCenterWalnutCreekCampus,0.2617449637525012,53.155,ROUTE_NorthBayVacaValleyHospital,0.2709636960551186,15.471666666666666
37.69722222219532,-122.08138888884393,32.46116718436244,LVO,ROUTE_SutterEdenMedicalCenter,0.45473091661660736,5.13,ROUTE_SutterEdenMedicalCenter,0.45473091661660736,5.13,ROUTE_SutterEdenMedicalCenter,0.45473091661660736,5.13,ROUTE_SutterEdenMedicalCenter,0.45473091661660736,5.13
37.728055555528684,-122.4455555555109,214.35546722343742,HEMORRHAGIC,ROUTE_CPMCMissionBernalCampusSutter,0.24,5.786666666666666,ROUTE_CPMCMissionBernalCampusSutter,0.24,5.786666666666666,ROUTE_CPMCDaviesCampusSutter,0.24,12.058333333333334,ROUTE_CPMCMissionBernalCampusSutter,0.24,5.786666666666666
37.54999999997298,-122.26666666662186,184.2379498961011,LVO,ROUTE_MillsPeninsulaMedicalCenterSutter,0.2591510467013348,19.273333333333333,ROUTE_SanMateoMedicalCenter,0.24466880000000002,14.378333333333334,ROUTE_MillsPeninsulaMedicalCenterSutter,0.2591510467013348,19.273333333333333,ROUTE_MillsPeninsulaMedicalCenterSutter,0.2591510467013348,19.273333333333333
38.17138888886237,-121.69583333328808,102.54543084760212,HEMORRHAGIC,ROUTE_JohnMuirMedicalCenterWalnutCreekCampus,0.24,54.38333333333333,ROUTE_SutterDeltaMedicalCenter,0.24,32.82666666666667,ROUTE_JohnMuirMedicalCenterWalnutCreekCampus,0.24,54.38333333333333,ROUTE_KaiserFoundationHospitalAntioch,0.24,35.48166666666667
37.9777777777511,-122.00249999995499,158.88292628815245,HEMORRHAGIC,ROUTE_JohnMuirMedicalCenterWalnutCreekCampus,0.24,15.473333333333333,ROUTE_JohnMuirMedicalCenterConcordCampus,0.24,6.113333333333333,ROUTE_JohnMuirMedicalCenterWalnutCreekCampus,0.24,15.473333333333333,ROUTE_JohnMuirMedicalCenterConcordCampus,0.24,6.113333333333333
37.39888888886175,-122.08527777773283,123.62206092207566,NLVO,ROUTE_ElCaminoHealthMountainView,0.5424074866053601,13.226666666666667,ROUTE_ElCaminoHealthMountainView,0.5424074866053601,13.226666666666667,ROUTE_ElCaminoHealthMountainView,0.5424074866053601,13.226666666666667,ROUTE_ElCaminoHealthMountainView,0.5424074866053601,13.226666666666667
38.288611111084684,-122.45777777773313,58.44683292246194,LVO,ROUTE_JohnMuirMedicalCenterWalnutCreekCampus,0.4234473036072451,64.37166666666667,ROUTE_SonomaValleyHospital,0.2999409971373552,1.25,ROUTE_JohnMuirMedicalCenterWalnutCreekCampus,0.4234473036072451,64.37166666666667,ROUTE_SonomaValleyHospital,0.2999409971373552,1.25
37.98611111108444,-122.27861111106631,166.40832367349046,LVO,ROUTE_JohnMuirMedicalCenterWalnutCreekCampus,0.2608003009273874,32.13166666666667,ROUTE_KaiserFoundationHospitalRichmondCampus,0.26444429323206803,16.970000000000002,ROUTE_JohnMuirMedicalCenterWalnutCreekCampus,0.2608003009273874,32.13166666666667,ROUTE_KaiserFoundationHospitalRichmondCampus,0.26444429323206803,16.970000000000002
37.69027777775087,-122.15444444439954,187.20009241880044,LVO,ROUTE_SutterEdenMedicalCenter,0.2604400723513637,10.543333333333333,ROUTE_KaiserFoundationHospitalSanLeandro,0.26157388739981263,5.788333333333333,ROUTE_SutterEdenMedicalCenter,0.2604400723513637,10.543333333333333,ROUTE_KaiserFoundationHospitalSanLeandro,0.26157388739981263,5.788333333333333
37.80166666663985,-122.42972222217755,152.20576906322484,NLVO,ROUTE_CPMCDaviesCampusSutter,0.5286571495487493,10.883333333333333,ROUTE_UCSFHealthHydeHospital,0.5315650002206508,4.675,ROUTE_CPMCDaviesCampusSutter,0.5286571495487493,10.883333333333333,ROUTE_UCSFHealthHydeHospital,0.5315650002206508,4.675
37.749444444417584,-122.46611111106647,243.81102458495846,LVO,ROUTE_UCSFMedicalCenter,0.24466880000000002,4.086666666666667,ROUTE_UCSFMedicalCenter,0.24466880000000002,4.086666666666667,ROUTE_UCSFMedicalCenter,0.24466880000000002,4.086666666666667,ROUTE_UCSFMedicalCenter,0.24466880000000002,4.086666666666667
37.748333333306476,-122.40999999995532,114.31124112537157,LVO,ROUTE_CPMCDaviesCampusSutter,0.42092099055303456,9.586666666666668,ROUTE_ZuckerbergSanFranciscoGeneralHospital,0.2823872804880102,3.796666666666667,ROUTE_CPMCDaviesCampusSutter,0.42092099055303456,9.586666666666668,ROUTE_ZuckerbergSanFranciscoGeneralHospital,0.2823872804880102,3.796666666666667
37.637777777750834,-122.0958333332884,59.946782206374095,HEMORRHAGIC,ROUTE_SutterEdenMedicalCenter,0.24,14.235000000000001,ROUTE_StRoseHospital,0.24,3.27,ROUTE_SutterEdenMedicalCenter,0.24,14.235000000000001,ROUTE_KaiserFoundationHospitalSanLeandro,0.24,12.541666666666666
38.08249999997341,-122.22194444439961,77.32596164188142,LVO,ROUTE_JohnMuirMedicalCenterWalnutCreekCampus,0.4291956407646732,26.916666666666668,ROUTE_SutterSolanoMedicalCenter,0.29192227917419233,9.254999999999999,ROUTE_JohnMuirMedicalCenterWalnutCreekCampus,0.4291956407646732,26.916666666666668,ROUTE_SutterSolanoMedicalCenter,0.29192227917419233,9.254999999999999
37.70833333330644,-121.85722222217709,53.084543887303454,LVO,ROUTE_SutterEdenMedicalCenter,0.44102536854003316,20.361666666666668,ROUTE_StanfordHealthCareTriValley,0.42910598275716216,8.153333333333332,ROUTE_SutterEdenMedicalCenter,0.44102536854003316,20.361666666666668,ROUTE_StanfordHealthCareTriValley,0.42910598275716216,8.153333333333332
37.4866666666396,-121.91638888884381,119.11097793865379,NLVO,ROUTE_RegionalMedicalCenterOfSanJose,0.5452271023429116,12.188333333333333,ROUTE_RegionalMedicalCenterOfSanJose,0.5452271023429116,12.188333333333333,ROUTE_RegionalMedicalCenterOfSanJose,0.5452271023429116,12.188333333333333,ROUTE_RegionalMedicalCenterOfSanJose,0.5452271023429116,12.188333333333333
37.99194444441778,-121.89805555551045,53.97376762235499,HEMORRHAGIC,ROUTE_JohnMuirMedicalCenterWalnutCreekCampus,0.24,22.2,ROUTE_SutterDeltaMedicalCenter,0.24,13.79,ROUTE_JohnMuirMedicalCenterWalnutCreekCampus,0.24,22.2,ROUTE_JohnMuirMedicalCenterConcordCampus,0.24,16.265
37.35111111108394,-122.01666666662166,232.3125135162298,NLVO,ROUTE_KaiserFoundationHospitalSantaClara,0.4622,8.116666666666667,ROUTE_KaiserFoundationHospitalSantaClara,0.4622,8.116666666666667,ROUTE_KaiserFoundationHospitalSantaClara,0.4622,8.116666666666667,ROUTE_KaiserFoundationHospitalSantaClara,0.4622,8.116666666666667
37.39888888886175,-121.9238888888438,94.2484948958857,HEMORRHAGIC,ROUTE_RegionalMedicalCenterOfSanJose,0.24,15.883333333333333,ROUTE_OConnorHospital,0.24,13.431666666666667,ROUTE_RegionalMedicalCenterOfSanJose,0.24,15.883333333333333,ROUTE_OConnorHospital,0.24,13.431666666666667
37.82972222219543,-122.26388888884408,263.58816685860495,HEMORRHAGIC,ROUTE_KaiserFoundationHospitalOaklandRichmond,0.24,3.825,ROUTE_KaiserFoundationHospitalOaklandRichmond,0.24,3.825,ROUTE_SutterEdenMedicalCenter,0.24,23.176666666666666,ROUTE_KaiserFoundationHospitalOaklandRichmond,0.24,3.825
37.36999999997284,-122.01583333328833,58.88876145220978,LVO,ROUTE_KaiserFoundationHospitalSantaClara,0.44236763525331313,10.146666666666667,ROUTE_KaiserFoundationHospitalSantaClara,0.44236763525331313,10.146666666666667,ROUTE_KaiserFoundationHospitalSantaClara,0.44236763525331313,10.146666666666667,ROUTE_KaiserFoundationHospitalSantaClara,0.44236763525331313,10.146666666666667
37.793333333306514,-121.8999999999549,75.79092980045266,HEMORRHAGIC,ROUTE_JohnMuirMedicalCenterWalnutCreekCampus,0.24,28.209999999999997,ROUTE_SanRamonRegionalMedicalCenter,0.24,15.2,ROUTE_JohnMuirMedicalCenterWalnutCreekCampus,0.24,28.209999999999997,ROUTE_SanRamonRegionalMedicalCenter,0.24,15.2
38.07388888886229,-122.20277777773292,153.81909697857043,LVO,ROUTE_JohnMuirMedicalCenterWalnutCreekCampus,0.3998706001320561,27.551666666666666,ROUTE_SutterSolanoMedicalCenter,0.2689165067436842,12.708333333333334,ROUTE_JohnMuirMedicalCenterWalnutCreekCampus,0.3998706001320561,27.551666666666666,ROUTE_SutterSolanoMedicalCenter,0.2689165067436842,12.708333333333334
37.95055555552886,-122.51888888884429,158.42928900820613,LVO,ROUTE_UCSFMedicalCenter,0.2626533902683948,33.25333333333334,ROUTE_MarinHealthMedicalCenter,0.26970728318371684,4.3983333333333325,ROUTE_UCSFMedicalCenter,0.2626533902683948,33.25333333333334,ROUTE_MarinHealthMedicalCenter,0.26970728318371684,4.3983333333333325
37.86749999997324,-122.25916666662185,214.79747836466413,NLVO,ROUTE_AltaBatesSummitMedicalCenterAltaBatesCampus,0.4622,4.751666666666667,ROUTE_AltaBatesSummitMedicalCenterAltaBatesCampus,0.4622,4.751666666666667,ROUTE_SutterEdenMedicalCenter,0.4622,26.925,ROUTE_AltaBatesSummitMedicalCenterSummitCampus,0.4622,13.911666666666667
37.74222222219536,-122.173888888844,217.93932821479612,HEMORRHAGIC,ROUTE_KaiserFoundationHospitalSanLeandro,0.24,11.335,ROUTE_KaiserFoundationHospitalSanLeandro,0.24,11.335,ROUTE_SutterEdenMedicalCenter,0.24,16.93,ROUTE_KaiserFoundationHospitalSanLeandro,0.24,11.335
38.03055555552892,-121.95361111106605,226.549007930116,MIMIC,ROUTE_JohnMuirMedicalCenterConcordCampus,0.9,13.663333333333332,ROUTE_JohnMuirMedicalCenterConcordCampus,0.9,13.663333333333332,ROUTE_JohnMuirMedicalCenterWalnutCreekCampus,0.9,23.423333333333336,ROUTE_JohnMuirMedicalCenterConcordCampus,0.9,13.663333333333332
38.045555555528935,-122.15944444439955,174.84642004652136,LVO,ROUTE_JohnMuirMedicalCenterWalnutCreekCampus,0.2605454274934367,23.826666666666664,ROUTE_ContraCostaRegionalMedicalCenter,0.24466880000000002,13.011666666666667,ROUTE_JohnMuirMedicalCenterWalnutCreekCampus,0.2605454274934367,23.826666666666664,ROUTE_SutterSolanoMedicalCenter,0.26212531682201434,17.211666666666666
37.55055555552854,-122.27305555551075,267.0709133781246,HEMORRHAGIC,ROUTE_SanMateoMedicalCenter,0.24,10.381666666666666,ROUTE_SanMateoMedicalCenter,0.24,10.381666666666666,ROUTE_MillsPeninsulaMedicalCenterSutter,0.24,15.346666666666666,ROUTE_MillsPeninsulaMedicalCenterSutter,0.24,15.346666666666666
37.539722222195195,-121.94944444439939,166.5739593443315,MIMIC,ROUTE_RegionalMedicalCenterOfSanJose,0.9,21.44333333333333,ROUTE_KaiserFoundationHospitalFremont,0.9,5.918333333333334,ROUTE_RegionalMedicalCenterOfSanJose,0.9,21.44333333333333,ROUTE_KaiserFoundationHospitalFremont,0.9,5.918333333333334
37.799722222195406,-122.43638888884422,121.99152586841976,LVO,ROUTE_CPMCDaviesCampusSutter,0.4179923992513096,9.535,ROUTE_UCSFHealthHydeHospital,0.2797915424688025,5.203333333333333,ROUTE_CPMCDaviesCampusSutter,0.4179923992513096,9.535,ROUTE_UCSFHealthHydeHospital,0.2797915424688025,5.203333333333333
37.46222222219514,-122.1474999999551,231.15153607751884,LVO,ROUTE_StanfordHealthCare,0.24466880000000002,13.538333333333332,ROUTE_StanfordHealthCare,0.24466880000000002,13.538333333333332,ROUTE_StanfordHealthCare,0.24466880000000002,13.538333333333332,ROUTE_StanfordHealthCare,0.24466880000000002,13.538333333333332
37.487777777750715,-122.23194444439962,140.68136809726528,NLVO,ROUTE_KaiserFoundationHospitalRedwoodCity,0.537725494594862,4.305000000000001,ROUTE_KaiserFoundationHospitalRedwoodCity,0.537725494594862,4.305000000000001,ROUTE_KaiserFoundationHospitalRedwoodCity,0.537725494594862,4.305000000000001,ROUTE_KaiserFoundationHospitalRedwoodCity,0.537725494594862,4.305000000000001
37.52361111108407,-122.01388888884388,149.9041759678513,HEMORRHAGIC,ROUTE_RegionalMedicalCenterOfSanJose,0.24,25.008333333333333,ROUTE_WashingtonHospitalHealthcareSystem,0.24,11.870000000000001,ROUTE_RegionalMedicalCenterOfSanJose,0.24,25.008333333333333,ROUTE_WashingtonHospitalHealthcareSystem,0.24,11.870000000000001
37.779444444417614,-122.23583333328851,251.63307919611816,LVO,ROUTE_HighlandHospitalWilmaChanCampus,0.24466880000000002,5.4816666666666665,ROUTE_HighlandHospitalWilmaChanCampus,0.24466880000000002,5.4816666666666665,ROUTE_SutterEdenMedicalCenter,0.24466880000000002,18.638333333333332,ROUTE_HighlandHospitalWilmaChanCampus,0.24466880000000002,5.4816666666666665
38.33361111108472,-122.25666666662185,176.28507209322248,LVO,ROUTE_ProvidenceQueenOfTheValleyMedicalCenter,0.2636301413918174,9.360000000000001,ROUTE_ProvidenceQueenOfTheValleyMedicalCenter,0.2636301413918174,9.360000000000001,ROUTE_JohnMuirMedicalCenterWalnutCreekCampus,0.24466880000000002,58.635,ROUTE_ProvidenceQueenOfTheValleyMedicalCenter,0.2636301413918174,9.360000000000001
37.84805555552878,-122.28305555551077,110.76222733721184,LVO,ROUTE_JohnMuirMedicalCenterWalnutCreekCampus,0.4166051235406205,26.043333333333333,ROUTE_AltaBatesSummitMedicalCenterAltaBatesCampus,0.24466880000000002,6.626666666666667,ROUTE_JohnMuirMedicalCenterWalnutCreekCampus,0.4166051235406205,26.043333333333333,ROUTE_KaiserFoundationHospitalOaklandRichmond,0.2820387995722299,9.068333333333333
37.55388888886188,-121.99888888884387,91.16070719755754,LVO,ROUTE_SutterEdenMedicalCenter,0.4239122147096251,26.685,ROUTE_WashingtonHospitalHealthcareSystem,0.28860951461112716,6.113333333333333,ROUTE_SutterEdenMedicalCenter,0.4239122147096251,26.685,ROUTE_WashingtonHospitalHealthcareSystem,0.28860951461112716,6.113333333333333
37.96583333330665,-122.50361111106649,244.61106507740354,LVO,ROUTE_MarinHealthMedicalCenter,0.24466880000000002,10.795,ROUTE_MarinHealthMedicalCenter,0.24466880000000002,10.795,ROUTE_UCSFMedicalCenter,0.24466880000000002,38.12833333333333,ROUTE_MarinHealthMedicalCenter,0.24466880000000002,10.795
37.94861111108441,-122.56972222217766,86.15123233438186,HEMORRHAGIC,ROUTE_UCSFMedicalCenter,0.24,43.413333333333334,ROUTE_MarinHealthMedicalCenter,0.24,10.786666666666667,ROUTE_UCSFMedicalCenter,0.24,43.413333333333334,ROUTE_MarinHealthMedicalCenter,0.24,10.786666666666667
37.54638888886187,-121.99138888884387,165.63890039856255,HEMORRHAGIC,ROUTE_SutterEdenMedicalCenter,0.24,24.783333333333335,ROUTE_WashingtonHospitalHealthcareSystem,0.24,5.085,ROUTE_SutterEdenMedicalCenter,0.24,24.783333333333335,ROUTE_WashingtonHospitalHealthcareSystem,0.24,5.085
37.70833333330644,-122.46222222217757,33.00721933333145,LVO,ROUTE_CPMCDaviesCampusSutter,0.4512201310942823,14.231666666666666,ROUTE_CPMCMissionBernalCampusSutter,0.43887799398839134,7.96,ROUTE_CPMCDaviesCampusSutter,0.4512201310942823,14.231666666666666,ROUTE_CPMCMissionBernalCampusSutter,0.43887799398839134,7.96
37.748055555528694,-122.47055555551091,131.17421021171836,NLVO,ROUTE_UCSFMedicalCenter,0.5424045599745424,4.841666666666667,ROUTE_UCSFMedicalCenter,0.5424045599745424,4.841666666666667,ROUTE_UCSFMedicalCenter,0.5424045599745424,4.841666666666667,ROUTE_UCSFMedicalCenter,0.5424045599745424,4.841666666666667
37.802499999973186,-121.888611111066,96.19231276612916,LVO,ROUTE_JohnMuirMedicalCenterWalnutCreekCampus,0.42154433459488316,27.918333333333333,ROUTE_SanRamonRegionalMedicalCenter,0.2847673936638476,14.906666666666666,ROUTE_JohnMuirMedicalCenterWalnutCreekCampus,0.42154433459488316,27.918333333333333,ROUTE_SanRamonRegionalMedicalCenter,0.2847673936638476,14.906666666666666
37.85222222219545,-122.27749999995521,136.01780454387725,MIMIC,ROUTE_JohnMuirMedicalCenterWalnutCreekCampus,0.9,26.59333333333333,ROUTE_AltaBatesSummitMedicalCenterAltaBatesCampus,0.9,4.835,ROUTE_JohnMuirMedicalCenterWalnutCreekCampus,0.9,26.59333333333333,ROUTE_KaiserFoundationHospitalOaklandRichmond,0.9,9.618333333333334
37.74027777775091,-122.4908333332887,42.55534214820108,LVO,ROUTE_UCSFMedicalCenter,0.4488934872585041,10.08,ROUTE_UCSFMedicalCenter,0.4488934872585041,10.08,ROUTE_UCSFMedicalCenter,0.4488934872585041,10.08,ROUTE_UCSFMedicalCenter,0.4488934872585041,10.08
37.71083333330645,-122.06749999995503,237.10475380177795,LVO,ROUTE_SutterEdenMedicalCenter,0.24466880000000002,8.038333333333334,ROUTE_SutterEdenMedicalCenter,0.24466880000000002,8.038333333333334,ROUTE_SutterEdenMedicalCenter,0.24466880000000002,8.038333333333334,ROUTE_SutterEdenMedicalCenter,0.24466880000000002,8.038333333333334
38.00472222219557,-122.29888888884412,51.41152924550428,HEMORRHAGIC,ROUTE_JohnMuirMedicalCenterWalnutCreekCampus,0.24,31.351666666666667,ROUTE_KaiserFoundationHospitalRichmondCampus,0.24,14.085,ROUTE_JohnMuirMedicalCenterWalnutCreekCampus,0.24,31.351666666666667,ROUTE_KaiserFoundationHospitalRichmondCampus,0.24,14.085
37.77138888886205,-122.39972222217753,42.796714893071865,HEMORRHAGIC,ROUTE_CPMCDaviesCampusSutter,0.24,11.061666666666667,ROUTE_ZuckerbergSanFranciscoGeneralHospital,0.24,7.821666666666667,ROUTE_CPMCDaviesCampusSutter,0.24,11.061666666666667,ROUTE_ZuckerbergSanFranciscoGeneralHospital,0.24,7.821666666666667
37.79499999997318,-122.19944444439959,267.9363083257726,HEMORRHAGIC,ROUTE_HighlandHospitalWilmaChanCampus,0.24,4.7683333333333335,ROUTE_HighlandHospitalWilmaChanCampus,0.24,4.7683333333333335,ROUTE_SutterEdenMedicalCenter,0.24,17.44333333333333,ROUTE_HighlandHospitalWilmaChanCampus,0.24,4.7683333333333335
37.61027777775081,-122.03333333328834,43.4468568967555,HEMORRHAGIC,ROUTE_SutterEdenMedicalCenter,0.24,24.055,ROUTE_StRoseHospital,0.24,14.721666666666666,ROUTE_SutterEdenMedicalCenter,0.24,24.055,ROUTE_WashingtonHospitalHealthcareSystem,0.24,19.313333333333333
37.79361111108429,-122.40638888884419,173.4819217292073,HEMORRHAGIC,ROUTE_CPMCDaviesCampusSutter,0.24,11.775,ROUTE_ChineseHospital,0.24,1.5533333333333335,ROUTE_CPMCDaviesCampusSutter,0.24,11.775,ROUTE_ChineseHospital,0.24,1.5533333333333335
37.864999999973236,-122.2611111110663,176.1409379445023,LVO,ROUTE_SutterEdenMedicalCenter,0.25945248667148363,26.995,ROUTE_AltaBatesSummitMedicalCenterAltaBatesCampus,0.24466880000000002,3.5050000000000003,ROUTE_SutterEdenMedicalCenter,0.25945248667148363,26.995,ROUTE_KaiserFoundationHospitalOaklandRichmond,0.26287997508747074,12.631666666666666
37.36944444441728,-122.02305555551055,213.84388951656,LVO,ROUTE_KaiserFoundationHospitalSantaClara,0.25324258867015215,11.773333333333333,ROUTE_KaiserFoundationHospitalSantaClara,0.25324258867015215,11.773333333333333,ROUTE_KaiserFoundationHospitalSantaClara,0.25324258867015215,11.773333333333333,ROUTE_KaiserFoundationHospitalSantaClara,0.25324258867015215,11.773333333333333
37.763611111084266,-121.90444444439935,216.64324696558978,HEMORRHAGIC,ROUTE_SanRamonRegionalMedicalCenter,0.24,11.415,ROUTE_SanRamonRegionalMedicalCenter,0.24,11.415,ROUTE_SutterEdenMedicalCenter,0.24,24.495,ROUTE_SanRamonRegionalMedicalCenter,0.24,11.415
38.0005555555289,-122.27666666662188,66.51272344038046,HEMORRHAGIC,ROUTE_JohnMuirMedicalCenterWalnutCreekCampus,0.24,29.58,ROUTE_ContraCostaRegionalMedicalCenter,0.24,16.533333333333335,ROUTE_JohnMuirMedicalCenterWalnutCreekCampus,0.24,29.58,ROUTE_KaiserFoundationHospitalRichmondCampus,0.24,18.69333333333333
37.456388888861795,-122.1891666666218,88.97283806562797,NLVO,ROUTE_StanfordHealthCare,0.5622350635579296,9.041666666666666,ROUTE_StanfordHealthCare,0.5622350635579296,9.041666666666666,ROUTE_StanfordHealthCare,0.5622350635579296,9.041666666666666,ROUTE_StanfordHealthCare,0.5622350635579296,9.041666666666666
37.92083333330661,-121.71666666662142,246.49377091756503,HEMORRHAGIC,ROUTE_KaiserFoundationHospitalAntioch,0.24,14.466666666666667,ROUTE_KaiserFoundationHospitalAntioch,0.24,14.466666666666667,ROUTE_JohnMuirMedicalCenterWalnutCreekCampus,0.24,39.99166666666667,ROUTE_KaiserFoundationHospitalAntioch,0.24,14.466666666666667
37.45527777775069,-122.14333333328842,268.7483167360372,NLVO,ROUTE_StanfordHealthCare,0.4622,10.751666666666667,ROUTE_StanfordHealthCare,0.4622,10.751666666666667,ROUTE_StanfordHealthCare,0.4622,10.751666666666667,ROUTE_StanfordHealthCare,0.4622,10.751666666666667
38.15472222219569,-122.25222222217741,74.1663518491234,NLVO,ROUTE_JohnMuirMedicalCenterWalnutCreekCampus,0.5581369660249966,34.34166666666667,ROUTE_SutterSolanoMedicalCenter,0.5713778076319327,5.703333333333333,ROUTE_JohnMuirMedicalCenterWalnutCreekCampus,0.5581369660249966,34.34166666666667,ROUTE_SutterSolanoMedicalCenter,0.5713778076319327,5.703333333333333
37.719722222195344,-122.0905555555106,135.10234694376302,HEMORRHAGIC,ROUTE_SutterEdenMedicalCenter,0.24,9.296666666666665,ROUTE_SutterEdenMedicalCenter,0.24,9.296666666666665,ROUTE_SutterEdenMedicalCenter,0.24,9.296666666666665,ROUTE_SutterEdenMedicalCenter,0.24,9.296666666666665
37.62277777775082,-122.429166666622,69.09251669033821,HEMORRHAGIC,ROUTE_MillsPeninsulaMedicalCenterSutter,0.24,9.051666666666668,ROUTE_KaiserFoundationHospitalSouthSanFrancisco,0.24,8.925,ROUTE_MillsPeninsulaMedicalCenterSutter,0.24,9.051666666666668,ROUTE_KaiserFoundationHospitalSouthSanFrancisco,0.24,8.925
37.68472222219531,-121.78777777773259,75.6877969190237,LVO,ROUTE_SutterEdenMedicalCenter,0.42969332680667904,27.316666666666666,ROUTE_StanfordHealthCareTriValley,0.2906053864303083,15.918333333333333,ROUTE_SutterEdenMedicalCenter,0.42969332680667904,27.316666666666666,ROUTE_StanfordHealthCareTriValley,0.2906053864303083,15.918333333333333
38.01055555552891,-121.82833333328819,182.6819726895618,LVO,ROUTE_KaiserFoundationHospitalAntioch,0.2603656146879154,15.876666666666667,ROUTE_SutterDeltaMedicalCenter,0.24466880000000002,10.578333333333335,ROUTE_JohnMuirMedicalCenterWalnutCreekCampus,0.25739861566313343,28.453333333333333,ROUTE_KaiserFoundationHospitalAntioch,0.2603656146879154,15.876666666666667
37.40555555552842,-122.05999999995502,57.207083562273695,HEMORRHAGIC,ROUTE_ElCaminoHealthMountainView,0.24,10.925,ROUTE_ElCaminoHealthMountainView,0.24,10.925,ROUTE_ElCaminoHealthMountainView,0.24,10.925,ROUTE_ElCaminoHealthMountainView,0.24,10.925
37.59694444441747,-122.38861111106641,136.00228557760158,LVO,ROUTE_MillsPeninsulaMedicalCenterSutter,0.4155096671476268,1.1883333333333332,ROUTE_MillsPeninsulaMedicalCenterSutter,0.4155096671476268,1.1883333333333332,ROUTE_MillsPeninsulaMedicalCenterSutter,0.4155096671476268,1.1883333333333332,ROUTE_MillsPeninsulaMedicalCenterSutter,0.4155096671476268,1.1883333333333332
37.44722222219512,-122.16499999995511,253.09796039558785,LVO,ROUTE_StanfordHealthCare,0.24466880000000002,6.575,ROUTE_StanfordHealthCare,0.24466880000000002,6.575,ROUTE_StanfordHealthCare,0.24466880000000002,6.575,ROUTE_StanfordHealthCare,0.24466880000000002,6.575
38.00166666664001,-121.88944444439935,201.38517987786165,LVO,ROUTE_JohnMuirMedicalCenterConcordCampus,0.25557867691981506,15.481666666666666,ROUTE_SutterDeltaMedicalCenter,0.24466880000000002,13.006666666666666,ROUTE_JohnMuirMedicalCenterWalnutCreekCampus,0.25389882152763843,22.756666666666668,ROUTE_JohnMuirMedicalCenterConcordCampus,0.25557867691981506,15.481666666666666
37.78555555552873,-121.92305555551047,63.07317713312397,HEMORRHAGIC,ROUTE_JohnMuirMedicalCenterWalnutCreekCampus,0.24,26.44333333333333,ROUTE_SanRamonRegionalMedicalCenter,0.24,9.791666666666666,ROUTE_JohnMuirMedicalCenterWalnutCreekCampus,0.24,26.44333333333333,ROUTE_SanRamonRegionalMedicalCenter,0.24,9.791666666666666
37.78555555552873,-122.47583333328869,111.56833628566899,LVO,ROUTE_UCSFMedicalCenter,0.42168423712848113,10.43,ROUTE_KaiserFoundationHospitalSanFrancisco,0.28229130049254075,7.21,ROUTE_UCSFMedicalCenter,0.42168423712848113,10.43,ROUTE_KaiserFoundationHospitalSanFrancisco,0.28229130049254075,7.21
37.91416666663994,-122.17888888884401,132.17198515079224,NLVO,ROUTE_JohnMuirMedicalCenterWalnutCreekCampus,0.5330078950354538,23.851666666666667,ROUTE_KaiserFoundationHospitalWalnutCreek,0.5340705476747303,21.58,ROUTE_JohnMuirMedicalCenterWalnutCreekCampus,0.5330078950354538,23.851666666666667,ROUTE_KaiserFoundationHospitalWalnutCreek,0.5340705476747303,21.58
37.442499999972895,-122.15472222217733,36.1205480379807,LVO,ROUTE_StanfordHealthCare,0.45219344595933914,8.076666666666666,ROUTE_StanfordHealthCare,0.45219344595933914,8.076666666666666,ROUTE_StanfordHealthCare,0.45219344595933914,8.076666666666666,ROUTE_StanfordHealthCare,0.45219344595933914,8.076666666666666
37.59361111108413,-122.50305555551094,125.90043078007744,HEMORRHAGIC,ROUTE_MillsPeninsulaMedicalCenterSutter,0.24,24.85666666666667,ROUTE_AHMCSetonMedicalCenter,0.24,17.19333333333333,ROUTE_MillsPeninsulaMedicalCenterSutter,0.24,24.85666666666667,ROUTE_AHMCSetonMedicalCenter,0.24,17.19333333333333
37.5333333333063,-121.9872222221772,249.02577402568187,LVO,ROUTE_KaiserFoundationHospitalFremont,0.24466880000000002,7.725,ROUTE_KaiserFoundationHospitalFremont,0.24466880000000002,7.725,ROUTE_RegionalMedicalCenterOfSanJose,0.24466880000000002,24.645,ROUTE_KaiserFoundationHospitalFremont,0.24466880000000002,7.725
37.649444444417504,-122.43027777773311,178.69844919621616,NLVO,ROUTE_MillsPeninsulaMedicalCenterSutter,0.5137445538064358,13.181666666666667,ROUTE_KaiserFoundationHospitalSouthSanFrancisco,0.5179828626044647,4.180000000000001,ROUTE_MillsPeninsulaMedicalCenterSutter,0.5137445538064358,13.181666666666667,ROUTE_KaiserFoundationHospitalSouthSanFrancisco,0.5179828626044647,4.180000000000001
37.992777777751115,-122.10555555551062,140.69718248869205,LVO,ROUTE_JohnMuirMedicalCenterWalnutCreekCampus,0.40831234539322736,17.066666666666666,ROUTE_ContraCostaRegionalMedicalCenter,0.24466880000000002,7.553333333333333,ROUTE_JohnMuirMedicalCenterWalnutCreekCampus,0.40831234539322736,17.066666666666666,ROUTE_JohnMuirMedicalCenterConcordCampus,0.2733597742218073,9.525
37.71944444441756,-122.16999999995512,260.96829155642695,HEMORRHAGIC,ROUTE_KaiserFoundationHospitalSanLeandro,0.24,6.961666666666667,ROUTE_KaiserFoundationHospitalSanLeandro,0.24,6.961666666666667,ROUTE_SutterEdenMedicalCenter,0.24,12.836666666666668,ROUTE_KaiserFoundationHospitalSanLeandro,0.24,6.961666666666667
37.5372222221952,-121.95972222217718,52.44000880872045,HEMORRHAGIC,ROUTE_RegionalMedicalCenterOfSanJose,0.24,21.759999999999998,ROUTE_KaiserFoundationHospitalFremont,0.24,5.408333333333333,ROUTE_RegionalMedicalCenterOfSanJose,0.24,21.759999999999998,ROUTE_KaiserFoundationHospitalFremont,0.24,5.408333333333333
37.789722222195394,-122.45611111106646,214.04705202044659,HEMORRHAGIC,ROUTE_KaiserFoundationHospitalSanFrancisco,0.24,4.9383333333333335,ROUTE_KaiserFoundationHospitalSanFrancisco,0.24,4.9383333333333335,ROUTE_CPMCDaviesCampusSutter,0.24,9.891666666666667,ROUTE_KaiserFoundationHospitalSanFrancisco,0.24,4.9383333333333335
37.56805555552855,-122.03111111106612,58.96700318899211,LVO,ROUTE_SutterEdenMedicalCenter,0.43852158790062246,20.868333333333332,ROUTE_StRoseHospital,0.3948260052658681,11.706666666666667,ROUTE_SutterEdenMedicalCenter,0.43852158790062246,20.868333333333332,ROUTE_WashingtonHospitalHealthcareSystem,0.29640777394258305,13.336666666666668
38.10749999997343,-122.59249999995545,255.53612158467448,HEMORRHAGIC,ROUTE_NovatoCommunityHospitalSutter,0.24,13.411666666666667,ROUTE_NovatoCommunityHospitalSutter,0.24,13.411666666666667,ROUTE_UCSFMedicalCenter,0.24,54.65833333333333,ROUTE_NovatoCommunityHospitalSutter,0.24,13.411666666666667
37.64638888886195,-122.08083333328838,153.54985608762905,LVO,ROUTE_SutterEdenMedicalCenter,0.4040628797632183,15.358333333333333,ROUTE_StRoseHospital,0.24466880000000002,6.2283333333333335,ROUTE_SutterEdenMedicalCenter,0.4040628797632183,15.358333333333333,ROUTE_KaiserFoundationHospitalSanLeandro,0.2687537472370079,13.665
37.9361111110844,-121.74249999995477,167.91993976688664,NLVO,ROUTE_JohnMuirMedicalCenterWalnutCreekCampus,0.5069175440733518,39.62833333333333,ROUTE_KaiserFoundationHospitalAntioch,0.5192745289656853,13.41,ROUTE_JohnMuirMedicalCenterWalnutCreekCampus,0.5069175440733518,39.62833333333333,ROUTE_KaiserFoundationHospitalAntioch,0.5192745289656853,13.41
37.70555555552866,-122.4505555555109,92.28233540475155,HEMORRHAGIC,ROUTE_CPMCDaviesCampusSutter,0.24,15.296666666666665,ROUTE_CPMCMissionBernalCampusSutter,0.24,9.026666666666667,ROUTE_CPMCDaviesCampusSutter,0.24,15.296666666666665,ROUTE_CPMCMissionBernalCampusSutter,0.24,9.026666666666667
37.77722222219539,-122.28305555551077,218.50480994282935,LVO,ROUTE_AlamedaHospital,0.24466880000000002,8.42,ROUTE_AlamedaHospital,0.24466880000000002,8.42,ROUTE_SutterEdenMedicalCenter,0.24466880000000002,26.756666666666668,ROUTE_AlamedaHospital,0.24466880000000002,8.42
37.960833333306645,-122.0011111110661,80.49354381618184,LVO,ROUTE_JohnMuirMedicalCenterWalnutCreekCampus,0.43330357040489303,11.705,ROUTE_JohnMuirMedicalCenterConcordCampus,0.2907935798658009,9.885,ROUTE_JohnMuirMedicalCenterWalnutCreekCampus,0.43330357040489303,11.705,ROUTE_JohnMuirMedicalCenterConcordCampus,0.2907935798658009,9.885
38.447222222195926,-121.85361111106597,257.2249818057867,NLVO,ROUTE_KaiserFoundationHospitalVacaville,0.4622,12.095,ROUTE_KaiserFoundationHospitalVacaville,0.4622,12.095,ROUTE_JohnMuirMedicalCenterWalnutCreekCampus,0.4622,59.025,ROUTE_KaiserFoundationHospitalVacaville,0.4622,12.095
37.70333333330644,-121.94805555551049,96.93254597218353,LVO,ROUTE_SutterEdenMedicalCenter,0.4254347891486745,15.896666666666667,ROUTE_StanfordHealthCareTriValley,0.2856057986990674,10.926666666666668,ROUTE_SutterEdenMedicalCenter,0.4254347891486745,15.896666666666667,ROUTE_StanfordHealthCareTriValley,0.2856057986990674,10.926666666666668
37.686388888861984,-122.45888888884424,208.7410204632522,NLVO,ROUTE_AHMCSetonMedicalCenter,0.5008960561327237,7.005,ROUTE_AHMCSetonMedicalCenter,0.5008960561327237,7.005,ROUTE_CPMCDaviesCampusSutter,0.49575011108722294,17.865000000000002,ROUTE_AHMCSetonMedicalCenter,0.5008960561327237,7.005
38.25999999997355,-121.98361111106608,90.27375261162518,NLVO,ROUTE_JohnMuirMedicalCenterWalnutCreekCampus,0.5424107546400393,50.27333333333333,ROUTE_NorthBayMedicalCenter,0.5584689186173839,15.728333333333333,ROUTE_JohnMuirMedicalCenterWalnutCreekCampus,0.5424107546400393,50.27333333333333,ROUTE_NorthBayMedicalCenter,0.5584689186173839,15.728333333333333
37.63805555552861,-122.05722222217724,119.47219422607739,HEMORRHAGIC,ROUTE_SutterEdenMedicalCenter,0.24,17.973333333333336,ROUTE_StRoseHospital,0.24,8.66,ROUTE_SutterEdenMedicalCenter,0.24,17.973333333333336,ROUTE_KaiserFoundationHospitalSanLeandro,0.24,17.715
38.012222222195575,-121.81527777773262,96.31419003973484,HEMORRHAGIC,ROUTE_JohnMuirMedicalCenterWalnutCreekCampus,0.24,29.303333333333335,ROUTE_SutterDeltaMedicalCenter,0.24,9.371666666666666,ROUTE_JohnMuirMedicalCenterWalnutCreekCampus,0.24,29.303333333333335,ROUTE_KaiserFoundationHospitalAntioch,0.24,14.860000000000001
37.781666666639836,-122.41249999995532,93.13836586615872,HEMORRHAGIC,ROUTE_CPMCDaviesCampusSutter,0.24,8.806666666666667,ROUTE_UCSFHealthHydeHospital,0.24,3.6983333333333333,ROUTE_CPMCDaviesCampusSutter,0.24,8.806666666666667,ROUTE_UCSFHealthHydeHospital,0.24,3.6983333333333333
37.60138888886191,-122.39416666662197,103.93510086200861,LVO,ROUTE_MillsPeninsulaMedicalCenterSutter,0.4273365680971183,2.665,ROUTE_MillsPeninsulaMedicalCenterSutter,0.4273365680971183,2.665,ROUTE_MillsPeninsulaMedicalCenterSutter,0.4273365680971183,2.665,ROUTE_MillsPeninsulaMedicalCenterSutter,0.4273365680971183,2.665
37.80999999997319,-121.96249999995496,194.09129513293882,MIMIC,ROUTE_SanRamonRegionalMedicalCenter,0.9,13.686666666666667,ROUTE_SanRamonRegionalMedicalCenter,0.9,13.686666666666667,ROUTE_JohnMuirMedicalCenterWalnutCreekCampus,0.9,22.16166666666667,ROUTE_SanRamonRegionalMedicalCenter,0.9,13.686666666666667
37.708611111084224,-122.12749999995509,183.6668847226473,LVO,ROUTE_SutterEdenMedicalCenter,0.2619797859436163,8.018333333333334,ROUTE_SanLeandroHospitalAlamedaHealthSystem,0.24466880000000002,3.9366666666666665,ROUTE_SutterEdenMedicalCenter,0.2619797859436163,8.018333333333334,ROUTE_SutterEdenMedicalCenter,0.2619797859436163,8.018333333333334
37.49722222219516,-121.91944444439936,224.84668276527478,LVO,ROUTE_KaiserFoundationHospitalFremont,0.24466880000000002,15.351666666666667,ROUTE_KaiserFoundationHospitalFremont,0.24466880000000002,15.351666666666667,ROUTE_RegionalMedicalCenterOfSanJose,0.24466880000000002,16.651666666666667,ROUTE_KaiserFoundationHospitalFremont,0.24466880000000002,15.351666666666667
37.95583333330664,-122.04583333328836,262.9114605381902,LVO,ROUTE_JohnMuirMedicalCenterConcordCampus,0.24466880000000002,8.523333333333333,ROUTE_JohnMuirMedicalCenterConcordCampus,0.24466880000000002,8.523333333333333,ROUTE_JohnMuirMedicalCenterWalnutCreekCampus,0.24466880000000002,9.853333333333333,ROUTE_JohnMuirMedicalCenterConcordCampus,0.24466880000000002,8.523333333333333
37.69361111108421,-121.7258333332881,202.26542696674193,LVO,ROUTE_StanfordHealthCareTriValley,0.25447408750320083,19.279999999999998,ROUTE_StanfordHealthCareTriValley,0.25447408750320083,19.279999999999998,ROUTE_SutterEdenMedicalCenter,0.24466880000000002,30.678333333333335,ROUTE_StanfordHealthCareTriValley,0.25447408750320083,19.279999999999998
37.96472222219554,-122.03249999995501,268.9499337865793,HEMORRHAGIC,ROUTE_JohnMuirMedicalCenterConcordCampus,0.24,5.233333333333333,ROUTE_JohnMuirMedicalCenterConcordCampus,0.24,5.233333333333333,ROUTE_JohnMuirMedicalCenterWalnutCreekCampus,0.24,10.426666666666668,ROUTE_JohnMuirMedicalCenterConcordCampus,0.24,5.233333333333333
37.43749999997289,-122.14555555551065,250.12891102611846,NLVO,ROUTE_StanfordHealthCare,0.4622,9.148333333333333,ROUTE_StanfordHealthCare,0.4622,9.148333333333333,ROUTE_StanfordHealthCare,0.4622,9.148333333333333,ROUTE_StanfordHealthCare,0.4622,9.148333333333333
37.54638888886187,-122.01166666662166,232.11353576649242,LVO,ROUTE_WashingtonHospitalHealthcareSystem,0.24466880000000002,10.41,ROUTE_WashingtonHospitalHealthcareSystem,0.24466880000000002,10.41,ROUTE_SutterEdenMedicalCenter,0.24466880000000002,22.328333333333333,ROUTE_WashingtonHospitalHealthcareSystem,0.24466880000000002,10.41
37.772499999973164,-122.48972222217759,112.78383070522683,HEMORRHAGIC,ROUTE_UCSFMedicalCenter,0.24,7.743333333333334,ROUTE_UCSFHealthStanyanHospital,0.24,7.605,ROUTE_UCSFMedicalCenter,0.24,7.743333333333334,ROUTE_UCSFHealthStanyanHospital,0.24,7.605
37.52972222219519,-122.02277777773278,114.80646957130118,NLVO,ROUTE_SutterEdenMedicalCenter,0.5414779866491254,25.015,ROUTE_WashingtonHospitalHealthcareSystem,0.5467424587905715,13.716666666666667,ROUTE_SutterEdenMedicalCenter,0.5414779866491254,25.015,ROUTE_WashingtonHospitalHealthcareSystem,0.5467424587905715,13.716666666666667
37.99111111108445,-122.32194444439969,40.08085737143266,LVO,ROUTE_JohnMuirMedicalCenterWalnutCreekCampus,0.44140954719919545,33.73166666666667,ROUTE_KaiserFoundationHospitalRichmondCampus,0.43062335788179484,11.97,ROUTE_JohnMuirMedicalCenterWalnutCreekCampus,0.44140954719919545,33.73166666666667,ROUTE_KaiserFoundationHospitalRichmondCampus,0.43062335788179484,11.97
38.30027777775136,-122.27861111106631,180.3377971314711,HEMORRHAGIC,ROUTE_ProvidenceQueenOfTheValleyMedicalCenter,0.24,8.891666666666667,ROUTE_ProvidenceQueenOfTheValleyMedicalCenter,0.24,8.891666666666667,ROUTE_JohnMuirMedicalCenterWalnutCreekCampus,0.24,52.42333333333333,ROUTE_ProvidenceQueenOfTheValleyMedicalCenter,0.24,8.891666666666667
37.796111111084294,-122.40499999995531,244.53958738739965,MIMIC,ROUTE_ChineseHospital,0.9,2.15,ROUTE_ChineseHospital,0.9,2.15,ROUTE_CPMCDaviesCampusSutter,0.9,12.163333333333332,ROUTE_ChineseHospital,0.9,2.15
37.984444444417775,-121.69249999995473,218.08392937207017,HEMORRHAGIC,ROUTE_KaiserFoundationHospitalAntioch,0.24,16.638333333333332,ROUTE_KaiserFoundationHospitalAntioch,0.24,16.638333333333332,ROUTE_JohnMuirMedicalCenterWalnutCreekCampus,0.24,38.248333333333335,ROUTE_KaiserFoundationHospitalAntioch,0.24,16.638333333333332
37.72138888886201,-121.85222222217709,93.16646831327779,HEMORRHAGIC,ROUTE_SutterEdenMedicalCenter,0.24,22.84333333333333,ROUTE_StanfordHealthCareTriValley,0.24,10.665,ROUTE_SutterEdenMedicalCenter,0.24,22.84333333333333,ROUTE_StanfordHealthCareTriValley,0.24,10.665
37.85555555552878,-122.25972222217742,218.42384198671226,LVO,ROUTE_AltaBatesSummitMedicalCenterAltaBatesCampus,0.24466880000000002,0.7799999999999999,ROUTE_AltaBatesSummitMedicalCenterAltaBatesCampus,0.24466880000000002,0.7799999999999999,ROUTE_JohnMuirMedicalCenterWalnutCreekCampus,0.24466880000000002,24.51833333333333,ROUTE_KaiserFoundationHospitalOaklandRichmond,0.24466880000000002,10.08
38.05583333330672,-122.51527777773317,64.307050572424,LVO,ROUTE_UCSFMedicalCenter,0.42621002328964486,49.92333333333333,ROUTE_NovatoCommunityHospitalSutter,0.29520370498209125,11.756666666666666,ROUTE_UCSFMedicalCenter,0.42621002328964486,49.92333333333333,ROUTE_NovatoCommunityHospitalSutter,0.29520370498209125,11.756666666666666
38.297222222195806,-122.48305555551093,197.89368268987462,LVO,ROUTE_SonomaValleyHospital,0.25870748205680216,5.98,ROUTE_SonomaValleyHospital,0.25870748205680216,5.98,ROUTE_JohnMuirMedicalCenterWalnutCreekCampus,0.24466880000000002,68.20333333333333,ROUTE_SonomaValleyHospital,0.25870748205680216,5.98
37.643888888861945,-122.4405555555109,254.90519518143918,LVO,ROUTE_KaiserFoundationHospitalSouthSanFrancisco,0.24466880000000002,7.2733333333333325,ROUTE_KaiserFoundationHospitalSouthSanFrancisco,0.24466880000000002,7.2733333333333325,ROUTE_MillsPeninsulaMedicalCenterSutter,0.24466880000000002,12.506666666666666,ROUTE_KaiserFoundationHospitalSouthSanFrancisco,0.24466880000000002,7.2733333333333325
37.36972222219506,-122.02138888884389,260.7187152417182,HEMORRHAGIC,ROUTE_KaiserFoundationHospitalSantaClara,0.24,11.963333333333333,ROUTE_KaiserFoundationHospitalSantaClara,0.24,11.963333333333333,ROUTE_KaiserFoundationHospitalSantaClara,0.24,11.963333333333333,ROUTE_KaiserFoundationHospitalSantaClara,0.24,11.963333333333333
37.80277777775096,-122.26361111106631,95.16230475794417,HEMORRHAGIC,ROUTE_SutterEdenMedicalCenter,0.24,22.926666666666666,ROUTE_HighlandHospitalWilmaChanCampus,0.24,6.739999999999999,ROUTE_SutterEdenMedicalCenter,0.24,22.926666666666666,ROUTE_HighlandHospitalWilmaChanCampus,0.24,6.739999999999999
38.23555555552909,-122.04222222217724,230.50683785820215,HEMORRHAGIC,ROUTE_NorthBayMedicalCenter,0.24,10.771666666666667,ROUTE_NorthBayMedicalCenter,0.24,10.771666666666667,ROUTE_JohnMuirMedicalCenterWalnutCreekCampus,0.24,41.44166666666667,ROUTE_NorthBayMedicalCenter,0.24,10.771666666666667
37.67333333330642,-122.47888888884425,212.26364633440045,LVO,ROUTE_AHMCSetonMedicalCenter,0.25540777499595996,4.131666666666667,ROUTE_AHMCSetonMedicalCenter,0.25540777499595996,4.131666666666667,ROUTE_MillsPeninsulaMedicalCenterSutter,0.24466880000000002,17.383333333333333,ROUTE_AHMCSetonMedicalCenter,0.25540777499595996,4.131666666666667
37.696111111084214,-122.18111111106624,137.9394797918701,LVO,ROUTE_SutterEdenMedicalCenter,0.41017597273847206,14.645000000000001,ROUTE_KaiserFoundationHospitalSanLeandro,0.2754806703813939,4.233333333333333,ROUTE_SutterEdenMedicalCenter,0.41017597273847206,14.645000000000001,ROUTE_KaiserFoundationHospitalSanLeandro,0.2754806703813939,4.233333333333333
37.966388888862205,-122.55555555551098,183.7009980286461,HEMORRHAGIC,ROUTE_MarinHealthMedicalCenter,0.24,6.845,ROUTE_MarinHealthMedicalCenter,0.24,6.845,ROUTE_UCSFMedicalCenter,0.24,39.47166666666667,ROUTE_MarinHealthMedicalCenter,0.24,6.845
37.39999999997286,-122.10638888884395,124.0448209961053,HEMORRHAGIC,ROUTE_ElCaminoHealthMountainView,0.24,13.906666666666666,ROUTE_ElCaminoHealthMountainView,0.24,13.906666666666666,ROUTE_ElCaminoHealthMountainView,0.24,13.906666666666666,ROUTE_ElCaminoHealthMountainView,0.24,13.906666666666666
37.400277777750645,-122.01055555551055,187.98738971579675,HEMORRHAGIC,ROUTE_KaiserFoundationHospitalSantaClara,0.24,14.458333333333334,ROUTE_KaiserFoundationHospitalSantaClara,0.24,14.458333333333334,ROUTE_KaiserFoundationHospitalSantaClara,0.24,14.458333333333334,ROUTE_KaiserFoundationHospitalSantaClara,0.24,14.458333333333334
37.87722222219547,-122.26055555551075,247.50415056479574,LVO,ROUTE_AltaBatesSummitMedicalCenterAltaBatesCampus,0.24466880000000002,7.413333333333333,ROUTE_AltaBatesSummitMedicalCenterAltaBatesCampus,0.24466880000000002,7.413333333333333,ROUTE_SutterEdenMedicalCenter,0.24466880000000002,29.366666666666667,ROUTE_AltaBatesSummitMedicalCenterSummitCampus,0.24466880000000002,16.573333333333334
37.421666666639545,-121.88166666662156,64.93214315184048,HEMORRHAGIC,ROUTE_RegionalMedicalCenterOfSanJose,0.24,9.616666666666667,ROUTE_RegionalMedicalCenterOfSanJose,0.24,9.616666666666667,ROUTE_RegionalMedicalCenterOfSanJose,0.24,9.616666666666667,ROUTE_RegionalMedicalCenterOfSanJose,0.24,9.616666666666667
37.95444444441775,-122.02277777773278,178.4692713967868,MIMIC,ROUTE_JohnMuirMedicalCenterWalnutCreekCampus,0.9,12.086666666666668,ROUTE_JohnMuirMedicalCenterConcordCampus,0.9,9.398333333333333,ROUTE_JohnMuirMedicalCenterWalnutCreekCampus,0.9,12.086666666666668,ROUTE_JohnMuirMedicalCenterConcordCampus,0.9,9.398333333333333
37.63527777775083,-122.08138888884393,76.63865386748597,HEMORRHAGIC,ROUTE_SutterEdenMedicalCenter,0.24,15.021666666666667,ROUTE_StRoseHospital,0.24,4.2733333333333325,ROUTE_SutterEdenMedicalCenter,0.24,15.021666666666667,ROUTE_KaiserFoundationHospitalSanLeandro,0.24,13.328333333333335
37.730833333306464,-122.38333333328862,89.90944448109333,LVO,ROUTE_CPMCDaviesCampusSutter,0.42755637855897055,17.62,ROUTE_ZuckerbergSanFranciscoGeneralHospital,0.28746561605791376,11.763333333333332,ROUTE_CPMCDaviesCampusSutter,0.42755637855897055,17.62,ROUTE_ZuckerbergSanFranciscoGeneralHospital,0.28746561605791376,11.763333333333332
38.277777777751346,-122.26611111106631,36.63505973862691,LVO,ROUTE_JohnMuirMedicalCenterWalnutCreekCampus,0.4369374086954703,50.15,ROUTE_ProvidenceQueenOfTheValleyMedicalCenter,0.30371499087535947,12.133333333333333,ROUTE_JohnMuirMedicalCenterWalnutCreekCampus,0.4369374086954703,50.15,ROUTE_ProvidenceQueenOfTheValleyMedicalCenter,0.30371499087535947,12.133333333333333
37.759999999973154,-122.50805555551095,154.2951095000797,LVO,ROUTE_UCSFMedicalCenter,0.40564296015398643,9.845,ROUTE_UCSFMedicalCenter,0.40564296015398643,9.845,ROUTE_UCSFMedicalCenter,0.40564296015398643,9.845,ROUTE_UCSFMedicalCenter,0.40564296015398643,9.845
37.88749999997325,-122.05861111106614,82.76722874373067,HEMORRHAGIC,ROUTE_JohnMuirMedicalCenterWalnutCreekCampus,0.24,10.931666666666667,ROUTE_KaiserFoundationHospitalWalnutCreek,0.24,3.381666666666667,ROUTE_JohnMuirMedicalCenterWalnutCreekCampus,0.24,10.931666666666667,ROUTE_KaiserFoundationHospitalWalnutCreek,0.24,3.381666666666667
37.561388888861885,-122.31111111106634,58.844685054704264,LVO,ROUTE_MillsPeninsulaMedicalCenterSutter,0.4414634572717212,12.731666666666666,ROUTE_SanMateoMedicalCenter,0.39469921074894193,10.514999999999999,ROUTE_MillsPeninsulaMedicalCenterSutter,0.4414634572717212,12.731666666666666,ROUTE_MillsPeninsulaMedicalCenterSutter,0.4414634572717212,12.731666666666666
37.8641666666399,-122.26388888884408,55.387187481461176,LVO,ROUTE_SutterEdenMedicalCenter,0.4375861275583583,27.483333333333334,ROUTE_AltaBatesSummitMedicalCenterAltaBatesCampus,0.3978313836368064,3.993333333333333,ROUTE_SutterEdenMedicalCenter,0.4375861275583583,27.483333333333334,ROUTE_KaiserFoundationHospitalOaklandRichmond,0.42623555214612185,13.118333333333334
37.97444444441777,-121.72249999995476,199.23440337965917,MIMIC,ROUTE_KaiserFoundationHospitalAntioch,0.9,13.785,ROUTE_KaiserFoundationHospitalAntioch,0.9,13.785,ROUTE_JohnMuirMedicalCenterWalnutCreekCampus,0.9,35.394999999999996,ROUTE_KaiserFoundationHospitalAntioch,0.9,13.785
37.96305555552887,-122.30083333328855,102.17815986349213,LVO,ROUTE_JohnMuirMedicalCenterWalnutCreekCampus,0.416866835704918,34.82,ROUTE_KaiserFoundationHospitalRichmondCampus,0.28279354970709053,15.731666666666666,ROUTE_JohnMuirMedicalCenterWalnutCreekCampus,0.416866835704918,34.82,ROUTE_KaiserFoundationHospitalRichmondCampus,0.28279354970709053,15.731666666666666
37.78055555552872,-121.96249999995496,136.43575802860914,HEMORRHAGIC,ROUTE_JohnMuirMedicalCenterWalnutCreekCampus,0.24,21.496666666666666,ROUTE_SanRamonRegionalMedicalCenter,0.24,4.6433333333333335,ROUTE_JohnMuirMedicalCenterWalnutCreekCampus,0.24,21.496666666666666,ROUTE_SanRamonRegionalMedicalCenter,0.24,4.6433333333333335
37.759166666639814,-122.24166666662184,232.63257813284727,LVO,ROUTE_AlamedaHospital,0.24466880000000002,3.6683333333333334,ROUTE_AlamedaHospital,0.24466880000000002,3.6683333333333334,ROUTE_SutterEdenMedicalCenter,0.24466880000000002,19.506666666666668,ROUTE_AlamedaHospital,0.24466880000000002,3.6683333333333334
37.5788888888619,-122.32666666662192,161.20936886314763,MIMIC,ROUTE_MillsPeninsulaMedicalCenterSutter,0.9,10.263333333333332,ROUTE_SanMateoMedicalCenter,0.9,9.851666666666667,ROUTE_MillsPeninsulaMedicalCenterSutter,0.9,10.263333333333332,ROUTE_MillsPeninsulaMedicalCenterSutter,0.9,10.263333333333332
37.603611111084135,-122.02999999995501,182.8956492145287,LVO,ROUTE_SutterEdenMedicalCenter,0.2589361318512868,21.675,ROUTE_StRoseHospital,0.24466880000000002,12.343333333333334,ROUTE_SutterEdenMedicalCenter,0.2589361318512868,21.675,ROUTE_WashingtonHospitalHealthcareSystem,0.25997679899133064,17.276666666666664
38.310833333306924,-122.33027777773303,131.12779358402724,NLVO,ROUTE_JohnMuirMedicalCenterWalnutCreekCampus,0.5197973154248522,53.17833333333333,ROUTE_ProvidenceQueenOfTheValleyMedicalCenter,0.5402208120329139,9.575,ROUTE_JohnMuirMedicalCenterWalnutCreekCampus,0.5197973154248522,53.17833333333333,ROUTE_ProvidenceQueenOfTheValleyMedicalCenter,0.5402208120329139,9.575
37.47472222219515,-121.91694444439936,266.5497117410182,HEMORRHAGIC,ROUTE_RegionalMedicalCenterOfSanJose,0.24,16.965,ROUTE_RegionalMedicalCenterOfSanJose,0.24,16.965,ROUTE_RegionalMedicalCenterOfSanJose,0.24,16.965,ROUTE_RegionalMedicalCenterOfSanJose,0.24,16.965
37.688333333306424,-121.86611111106599,50.94544312377031,LVO,ROUTE_SutterEdenMedicalCenter,0.4394838540294386,27.071666666666665,ROUTE_StanfordHealthCareTriValley,0.4295647889757307,9.25,ROUTE_SutterEdenMedicalCenter,0.4394838540294386,27.071666666666665,ROUTE_StanfordHealthCareTriValley,0.4295647889757307,9.25
37.48027777775071,-122.21499999995515,219.50960874181652,LVO,ROUTE_KaiserFoundationHospitalRedwoodCity,0.25332960150312234,5.098333333333333,ROUTE_KaiserFoundationHospitalRedwoodCity,0.25332960150312234,5.098333333333333,ROUTE_KaiserFoundationHospitalRedwoodCity,0.25332960150312234,5.098333333333333,ROUTE_KaiserFoundationHospitalRedwoodCity,0.25332960150312234,5.098333333333333
37.95555555552886,-122.01055555551055,232.64292710226206,HEMORRHAGIC,ROUTE_JohnMuirMedicalCenterConcordCampus,0.24,10.4,ROUTE_JohnMuirMedicalCenterConcordCampus,0.24,10.4,ROUTE_JohnMuirMedicalCenterWalnutCreekCampus,0.24,12.245000000000001,ROUTE_JohnMuirMedicalCenterConcordCampus,0.24,10.4
37.726666666639794,-122.1816666666218,206.54643799697573,LVO,ROUTE_KaiserFoundationHospitalSanLeandro,0.2550101903573357,12.201666666666666,ROUTE_KaiserFoundationHospitalSanLeandro,0.2550101903573357,12.201666666666666,ROUTE_SutterEdenMedicalCenter,0.25365651535995465,18.076666666666664,ROUTE_KaiserFoundationHospitalSanLeandro,0.2550101903573357,12.201666666666666
37.751111111084256,-122.16055555551067,213.7827288169585,HEMORRHAGIC,ROUTE_SanLeandroHospitalAlamedaHealthSystem,0.24,10.641666666666667,ROUTE_SanLeandroHospitalAlamedaHealthSystem,0.24,10.641666666666667,ROUTE_SutterEdenMedicalCenter,0.24,12.825,ROUTE_HighlandHospitalWilmaChanCampus,0.24,11.445
37.87638888886213,-122.26527777773298,239.86293261874724,NLVO,ROUTE_AltaBatesSummitMedicalCenterAltaBatesCampus,0.4622,8.348333333333333,ROUTE_AltaBatesSummitMedicalCenterAltaBatesCampus,0.4622,8.348333333333333,ROUTE_SutterEdenMedicalCenter,0.4622,31.245,ROUTE_KaiserFoundationHospitalOaklandRichmond,0.4622,16.201666666666668
37.657777777750844,-122.40944444439975,85.76047344862971,LVO,ROUTE_MillsPeninsulaMedicalCenterSutter,0.4315132973052715,10.94,ROUTE_KaiserFoundationHospitalSouthSanFrancisco,0.28984160122070723,7.546666666666667,ROUTE_MillsPeninsulaMedicalCenterSutter,0.4315132973052715,10.94,ROUTE_KaiserFoundationHospitalSouthSanFrancisco,0.28984160122070723,7.546666666666667
37.56861111108411,-122.3697222221775,205.76661570508523,LVO,ROUTE_MillsPeninsulaMedicalCenterSutter,0.25518172656275545,12.326666666666666,ROUTE_MillsPeninsulaMedicalCenterSutter,0.25518172656275545,12.326666666666666,ROUTE_MillsPeninsulaMedicalCenterSutter,0.25518172656275545,12.326666666666666,ROUTE_MillsPeninsulaMedicalCenterSutter,0.25518172656275545,12.326666666666666
37.9033333333066,-122.31305555551079,116.7638083146256,MIMIC,ROUTE_CPMCDaviesCampusSutter,0.9,28.096666666666668,ROUTE_KaiserFoundationHospitalRichmondCampus,0.9,9.785,ROUTE_CPMCDaviesCampusSutter,0.9,28.096666666666668,ROUTE_KaiserFoundationHospitalRichmondCampus,0.9,9.785
38.26861111108467,-122.07194444439949,140.30202058195795,MIMIC,ROUTE_JohnMuirMedicalCenterWalnutCreekCampus,0.9,42.486666666666665,ROUTE_NorthBayMedicalCenter,0.9,10.458333333333334,ROUTE_JohnMuirMedicalCenterWalnutCreekCampus,0.9,42.486666666666665,ROUTE_NorthBayMedicalCenter,0.9,10.458333333333334
37.87527777775102,-122.26777777773297,94.9353209162722,HEMORRHAGIC,ROUTE_SutterEdenMedicalCenter,0.24,31.154999999999998,ROUTE_AltaBatesSummitMedicalCenterAltaBatesCampus,0.24,8.156666666666666,ROUTE_SutterEdenMedicalCenter,0.24,31.154999999999998,ROUTE_KaiserFoundationHospitalOaklandRichmond,0.24,15.453333333333335
37.713333333306444,-121.74444444439922,182.23829186248798,LVO,ROUTE_SutterEdenMedicalCenter,0.25791510234622467,26.743333333333332,ROUTE_StanfordHealthCareTriValley,0.2606093083092764,15.345,ROUTE_SutterEdenMedicalCenter,0.25791510234622467,26.743333333333332,ROUTE_StanfordHealthCareTriValley,0.2606093083092764,15.345
37.67888888886198,-121.87277777773267,91.99041047585467,HEMORRHAGIC,ROUTE_SutterEdenMedicalCenter,0.24,23.38,ROUTE_StanfordHealthCareTriValley,0.24,5.558333333333334,ROUTE_SutterEdenMedicalCenter,0.24,23.38,ROUTE_StanfordHealthCareTriValley,0.24,5.558333333333334
37.718888888862004,-122.43805555551089,122.80516560472206,HEMORRHAGIC,ROUTE_CPMCDaviesCampusSutter,0.24,14.361666666666668,ROUTE_CPMCMissionBernalCampusSutter,0.24,8.09,ROUTE_CPMCDaviesCampusSutter,0.24,14.361666666666668,ROUTE_CPMCMissionBernalCampusSutter,0.24,8.09
37.452222222195125,-122.22861111106627,169.21877524084343,NLVO,ROUTE_KaiserFoundationHospitalRedwoodCity,0.5191633204009969,12.203333333333335,ROUTE_SequoiaHospital,0.5198670643596718,10.706666666666667,ROUTE_KaiserFoundationHospitalRedwoodCity,0.5191633204009969,12.203333333333335,ROUTE_SequoiaHospital,0.5198670643596718,10.706666666666667
37.87972222219547,-122.29083333328855,68.53819507297774,LVO,ROUTE_CPMCDaviesCampusSutter,0.4310978108868614,31.258333333333333,ROUTE_AltaBatesSummitMedicalCenterAltaBatesCampus,0.2566832429570022,12.238333333333333,ROUTE_CPMCDaviesCampusSutter,0.4310978108868614,31.258333333333333,ROUTE_KaiserFoundationHospitalRichmondCampus,0.29297590623391345,15.161666666666667
38.02388888886225,-121.94138888884383,171.61298204513767,LVO,ROUTE_JohnMuirMedicalCenterWalnutCreekCampus,0.26214235116868173,20.733333333333334,ROUTE_JohnMuirMedicalCenterConcordCampus,0.26449612117115623,10.973333333333333,ROUTE_JohnMuirMedicalCenterWalnutCreekCampus,0.26214235116868173,20.733333333333334,ROUTE_JohnMuirMedicalCenterConcordCampus,0.26449612117115623,10.973333333333333
38.0005555555289,-121.84666666662153,210.5908969919387,NLVO,ROUTE_KaiserFoundationHospitalAntioch,0.4965023409854841,14.223333333333333,ROUTE_SutterDeltaMedicalCenter,0.4622,8.988333333333333,ROUTE_JohnMuirMedicalCenterWalnutCreekCampus,0.4622,27.96333333333333,ROUTE_KaiserFoundationHospitalAntioch,0.4965023409854841,14.223333333333333
37.543333333306315,-122.30722222217746,185.24484879985877,MIMIC,ROUTE_KaiserFoundationHospitalRedwoodCity,0.9,14.811666666666667,ROUTE_SanMateoMedicalCenter,0.9,5.9383333333333335,ROUTE_KaiserFoundationHospitalRedwoodCity,0.9,14.811666666666667,ROUTE_KaiserFoundationHospitalRedwoodCity,0.9,14.811666666666667
37.97916666663999,-122.34805555551081,78.89855317492098,LVO,ROUTE_JohnMuirMedicalCenterWalnutCreekCampus,0.4249684841315422,37.27333333333333,ROUTE_KaiserFoundationHospitalRichmondCampus,0.29107932811221787,10.604999999999999,ROUTE_JohnMuirMedicalCenterWalnutCreekCampus,0.4249684841315422,37.27333333333333,ROUTE_KaiserFoundationHospitalRichmondCampus,0.29107932811221787,10.604999999999999
37.698055555528654,-122.45833333328868,235.05207391475776,HEMORRHAGIC,ROUTE_AHMCSetonMedicalCenter,0.24,8.57,ROUTE_AHMCSetonMedicalCenter,0.24,8.57,ROUTE_CPMCDaviesCampusSutter,0.24,17.453333333333333,ROUTE_AHMCSetonMedicalCenter,0.24,8.57
37.59555555552858,-122.4972222221776,264.25666290191964,LVO,ROUTE_AHMCSetonMedicalCenter,0.24466880000000002,15.846666666666666,ROUTE_AHMCSetonMedicalCenter,0.24466880000000002,15.846666666666666,ROUTE_MillsPeninsulaMedicalCenterSutter,0.24466880000000002,23.511666666666667,ROUTE_AHMCSetonMedicalCenter,0.24466880000000002,15.846666666666666
37.731388888862014,-122.18333333328846,208.30857955440504,LVO,ROUTE_KaiserFoundationHospitalSanLeandro,0.25523279052657266,9.281666666666666,ROUTE_KaiserFoundationHospitalSanLeandro,0.25523279052657266,9.281666666666666,ROUTE_SutterEdenMedicalCenter,0.2538775204750737,15.156666666666666,ROUTE_KaiserFoundationHospitalSanLeandro,0.25523279052657266,9.281666666666666
37.824722222195426,-121.93861111106605,255.40619136243632,HEMORRHAGIC,ROUTE_SanRamonRegionalMedicalCenter,0.24,17.91166666666667,ROUTE_SanRamonRegionalMedicalCenter,0.24,17.91166666666667,ROUTE_JohnMuirMedicalCenterWalnutCreekCampus,0.24,26.101666666666667,ROUTE_SanRamonRegionalMedicalCenter,0.24,17.91166666666667
37.96805555552887,-121.71027777773253,178.05774103672832,LVO,ROUTE_KaiserFoundationHospitalAntioch,0.2619188693448025,14.504999999999999,ROUTE_KaiserFoundationHospitalAntioch,0.2619188693448025,14.504999999999999,ROUTE_JohnMuirMedicalCenterWalnutCreekCampus,0.25621974582966933,38.641666666666666,ROUTE_KaiserFoundationHospitalAntioch,0.2619188693448025,14.504999999999999
37.9058333333066,-122.07194444439949,223.598163047389,MIMIC,ROUTE_KaiserFoundationHospitalWalnutCreek,0.9,7.375,ROUTE_KaiserFoundationHospitalWalnutCreek,0.9,7.375,ROUTE_JohnMuirMedicalCenterWalnutCreekCampus,0.9,8.466666666666667,ROUTE_KaiserFoundationHospitalWalnutCreek,0.9,7.375
37.75972222219537,-121.90166666662157,209.146241950667,LVO,ROUTE_SanRamonRegionalMedicalCenter,0.2545258958990172,11.41,ROUTE_SanRamonRegionalMedicalCenter,0.2545258958990172,11.41,ROUTE_SutterEdenMedicalCenter,0.24466880000000002,23.56833333333333,ROUTE_SanRamonRegionalMedicalCenter,0.2545258958990172,11.41
37.79999999997318,-122.27694444439965,245.22336506001002,LVO,ROUTE_AltaBatesSummitMedicalCenterSummitCampus,0.24466880000000002,8.22,ROUTE_AltaBatesSummitMedicalCenterSummitCampus,0.24466880000000002,8.22,ROUTE_SutterEdenMedicalCenter,0.24466880000000002,21.998333333333335,ROUTE_AltaBatesSummitMedicalCenterSummitCampus,0.24466880000000002,8.22
37.783611111084284,-121.94138888884383,179.12750024185638,LVO,ROUTE_JohnMuirMedicalCenterWalnutCreekCampus,0.25947100489954766,23.598333333333336,ROUTE_SanRamonRegionalMedicalCenter,0.26349896970047115,6.745,ROUTE_JohnMuirMedicalCenterWalnutCreekCampus,0.25947100489954766,23.598333333333336,ROUTE_SanRamonRegionalMedicalCenter,0.26349896970047115,6.745
37.471111111084035,-122.22583333328849,243.4921924021216,HEMORRHAGIC,ROUTE_KaiserFoundationHospitalRedwoodCity,0.24,7.89,ROUTE_KaiserFoundationHospitalRedwoodCity,0.24,7.89,ROUTE_KaiserFoundationHospitalRedwoodCity,0.24,7.89,ROUTE_KaiserFoundationHospitalRedwoodCity,0.24,7.89
37.58111111108412,-122.33083333328858,64.10608810469502,HEMORRHAGIC,ROUTE_MillsPeninsulaMedicalCenterSutter,0.24,9.571666666666665,ROUTE_MillsPeninsulaMedicalCenterSutter,0.24,9.571666666666665,ROUTE_MillsPeninsulaMedicalCenterSutter,0.24,9.571666666666665,ROUTE_MillsPeninsulaMedicalCenterSutter,0.24,9.571666666666665
37.96277777775109,-122.34694444439971,240.41576685972322,HEMORRHAGIC,ROUTE_KaiserFoundationHospitalRichmondCampus,0.24,9.345,ROUTE_KaiserFoundationHospitalRichmondCampus,0.24,9.345,ROUTE_JohnMuirMedicalCenterWalnutCreekCampus,0.24,36.33166666666667,ROUTE_KaiserFoundationHospitalRichmondCampus,0.24,9.345
37.78527777775095,-122.22777777773294,174.02007148115254,MIMIC,ROUTE_SutterEdenMedicalCenter,0.9,20.121666666666666,ROUTE_HighlandHospitalWilmaChanCampus,0.9,2.7616666666666663,ROUTE_SutterEdenMedicalCenter,0.9,20.121666666666666,ROUTE_HighlandHospitalWilmaChanCampus,0.9,2.7616666666666663
37.379999999972846,-122.09027777773284,110.3810561724683,NLVO,ROUTE_ElCaminoHealthMountainView,0.5521617247272147,6.98,ROUTE_ElCaminoHealthMountainView,0.5521617247272147,6.98,ROUTE_ElCaminoHealthMountainView,0.5521617247272147,6.98,ROUTE_ElCaminoHealthMountainView,0.5521617247272147,6.98
37.89861111108437,-122.49694444439983,146.80436448300281,HEMORRHAGIC,ROUTE_UCSFMedicalCenter,0.24,32.15833333333333,ROUTE_MarinHealthMedicalCenter,0.24,15.475,ROUTE_UCSFMedicalCenter,0.24,32.15833333333333,ROUTE_MarinHealthMedicalCenter,0.24,15.475
37.66388888886196,-121.9063888888438,66.6206627502843,LVO,ROUTE_SutterEdenMedicalCenter,0.4345617923573495,23.551666666666666,ROUTE_StanfordHealthCareTriValley,0.29479677188089454,10.661666666666667,ROUTE_SutterEdenMedicalCenter,0.4345617923573495,23.551666666666666,ROUTE_StanfordHealthCareTriValley,0.29479677188089454,10.661666666666667
38.24499999997354,-122.07611111106615,118.56285110942326,HEMORRHAGIC,ROUTE_JohnMuirMedicalCenterWalnutCreekCampus,0.24,37.95666666666667,ROUTE_NorthBayMedicalCenter,0.24,7.121666666666667,ROUTE_JohnMuirMedicalCenterWalnutCreekCampus,0.24,37.95666666666667,ROUTE_NorthBayMedicalCenter,0.24,7.121666666666667
37.88888888886214,-122.54111111106653,139.32935771869802,LVO,ROUTE_UCSFMedicalCenter,0.4042926918445852,30.476666666666667,ROUTE_MarinHealthMedicalCenter,0.2707712049992038,21.35,ROUTE_UCSFMedicalCenter,0.4042926918445852,30.476666666666667,ROUTE_MarinHealthMedicalCenter,0.2707712049992038,21.35
37.771111111084274,-122.27277777773298,235.09511095726302,LVO,ROUTE_AlamedaHospital,0.24466880000000002,4.883333333333334,ROUTE_AlamedaHospital,0.24466880000000002,4.883333333333334,ROUTE_SutterEdenMedicalCenter,0.24466880000000002,24.078333333333333,ROUTE_AlamedaHospital,0.24466880000000002,4.883333333333334
37.95333333330664,-122.00583333328832,156.4715156267997,LVO,ROUTE_JohnMuirMedicalCenterWalnutCreekCampus,0.40480498056148395,9.91,ROUTE_JohnMuirMedicalCenterWalnutCreekCampus,0.40480498056148395,9.91,ROUTE_JohnMuirMedicalCenterWalnutCreekCampus,0.40480498056148395,9.91,ROUTE_JohnMuirMedicalCenterWalnutCreekCampus,0.40480498056148395,9.91
38.01666666664002,-121.89694444439934,32.805138938988144,MIMIC,ROUTE_JohnMuirMedicalCenterWalnutCreekCampus,0.9,22.78166666666667,ROUTE_SutterDeltaMedicalCenter,0.9,11.655,ROUTE_JohnMuirMedicalCenterWalnutCreekCampus,0.9,22.78166666666667,ROUTE_JohnMuirMedicalCenterConcordCampus,0.9,14.129999999999999
