start_lat,start_lon,t_onset,stroke_type,optimal_action,optimal_action_reward,travel_time_optimal,nearest_hospital_action,nearest_hospital_reward,travel_time_nh,heuristic_1_action,heuristic_1_reward,travel_time_h1,heuristic_2_action,heuristic_2_reward,travel_time_h2
37.529444444417415,-122.31749999995523,52.687332980966346,HEMORRHAGIC,ROUTE_KaiserFoundationHospitalRedwoodCity,0.42932339636614597,16.555,ROUTE_SanMateoMedicalCenter,0.40263288082779075,4.881666666666666,ROUTE_KaiserFoundationHospitalRedwoodCity,0.42932339636614597,16.555,ROUTE_KaiserFoundationHospitalRedwoodCity,0.42932339636614597,16.555
37.4083333333062,-122.08972222217727,160.30290367647612,LVO,ROUTE_ElCaminoHealthMountainView,0.40527613385746214,13.036666666666667,ROUTE_ElCaminoHealthMountainView,0.40527613385746214,13.036666666666667,ROUTE_ElCaminoHealthMountainView,0.40527613385746214,13.036666666666667,ROUTE_ElCaminoHealthMountainView,0.40527613385746214,13.036666666666667
37.65249999997307,-122.46472222217757,264.47769026832157,HEMORRHAGIC,ROUTE_AHMCSetonMedicalCenter,0.32734294144,8.41,ROUTE_AHMCSetonMedicalCenter,0.32734294144,8.41,ROUTE_MillsPeninsulaMedicalCenterSutter,0.32734294144,15.538333333333332,ROUTE_AHMCSetonMedicalCenter,0.32734294144,8.41
37.546666666639645,-122.29249999995521,209.92680869318426,LVO,ROUTE_KaiserFoundationHospitalRedwoodCity,0.335241004431062,12.655,ROUTE_SanMateoMedicalCenter,0.32734294144,6.566666666666666,ROUTE_KaiserFoundationHospitalRedwoodCity,0.335241004431062,12.655,ROUTE_KaiserFoundationHospitalRedwoodCity,0.335241004431062,12.655
37.65555555552862,-122.06944444439948,34.7844941430504,LVO,ROUTE_SutterEdenMedicalCenter,0.4341191341483088,14.176666666666668,ROUTE_StRoseHospital,0.40589514962172657,10.011666666666667,ROUTE_SutterEdenMedicalCenter,0.4341191341483088,14.176666666666668,ROUTE_SutterEdenMedicalCenter,0.4341191341483088,14.176666666666668
37.92944444441773,-122.39472222217752,50.393856430107974,LVO,ROUTE_CPMCDaviesCampusSutter,0.4252530780414272,36.17833333333333,ROUTE_KaiserFoundationHospitalRichmondCampus,0.36555352120875434,8.65,ROUTE_CPMCDaviesCampusSutter,0.4252530780414272,36.17833333333333,ROUTE_KaiserFoundationHospitalRichmondCampus,0.36555352120875434,8.65
38.0030555555289,-122.29472222217744,52.69236961126238,NLVO,ROUTE_JohnMuirMedicalCenterWalnutCreekCampus,0.4260208552242186,30.601666666666667,ROUTE_KaiserFoundationHospitalRichmondCampus,0.3639055044627116,14.726666666666667,ROUTE_JohnMuirMedicalCenterWalnutCreekCampus,0.4260208552242186,30.601666666666667,ROUTE_KaiserFoundationHospitalRichmondCampus,0.3639055044627116,14.726666666666667
37.60249999997303,-122.06333333328837,55.614895671184115,LVO,ROUTE_SutterEdenMedicalCenter,0.4290653581607641,14.723333333333333,ROUTE_StRoseHospital,0.40221090264341736,5.5616666666666665,ROUTE_SutterEdenMedicalCenter,0.4290653581607641,14.723333333333333,ROUTE_KaiserFoundationHospitalSanLeandro,0.4224666991770463,13.03
37.563333333306325,-121.95416666662162,126.38242023820307,LVO,ROUTE_RegionalMedicalCenterOfSanJose,0.4101427773269737,25.53666666666667,ROUTE_KaiserFoundationHospitalFremont,0.351041198575137,8.316666666666666,ROUTE_RegionalMedicalCenterOfSanJose,0.4101427773269737,25.53666666666667,ROUTE_KaiserFoundationHospitalFremont,0.351041198575137,8.316666666666666
37.56361111108411,-121.97805555551052,43.642875185381314,HEMORRHAGIC,ROUTE_RegionalMedicalCenterOfSanJose,0.42841070584794555,29.476666666666667,ROUTE_WashingtonHospitalHealthcareSystem,0.42682974363510545,2.356666666666667,ROUTE_RegionalMedicalCenterOfSanJose,0.42841070584794555,29.476666666666667,ROUTE_WashingtonHospitalHealthcareSystem,0.42682974363510545,2.356666666666667
37.90055555552882,-122.49694444439983,148.1057759715099,LVO,ROUTE_UCSFMedicalCenter,0.4040028782819257,30.871666666666666,ROUTE_MarinHealthMedicalCenter,0.34595795047433375,14.186666666666667,ROUTE_UCSFMedicalCenter,0.4040028782819257,30.871666666666666,ROUTE_MarinHealthMedicalCenter,0.34595795047433375,14.186666666666667
37.52277777775074,-122.01055555551055,172.5295965703807,LVO,ROUTE_RegionalMedicalCenterOfSanJose,0.33974070038318543,24.37,ROUTE_WashingtonHospitalHealthcareSystem,0.34208041242037845,11.231666666666666,ROUTE_RegionalMedicalCenterOfSanJose,0.33974070038318543,24.37,ROUTE_WashingtonHospitalHealthcareSystem,0.34208041242037845,11.231666666666666
37.88833333330659,-122.26611111106631,140.3887973202394,HEMORRHAGIC,ROUTE_JohnMuirMedicalCenterWalnutCreekCampus,0.40542404731244613,32.29666666666667,ROUTE_AltaBatesSummitMedicalCenterAltaBatesCampus,0.32734294144,10.81,ROUTE_JohnMuirMedicalCenterWalnutCreekCampus,0.40542404731244613,32.29666666666667,ROUTE_KaiserFoundationHospitalOaklandRichmond,0.3465422684867805,18.7
38.29888888886247,-122.48861111106649,63.166596381208215,HEMORRHAGIC,ROUTE_JohnMuirMedicalCenterWalnutCreekCampus,0.41488715736026194,68.05333333333333,ROUTE_SonomaValleyHospital,0.36315339807988206,8.093333333333334,ROUTE_JohnMuirMedicalCenterWalnutCreekCampus,0.41488715736026194,68.05333333333333,ROUTE_SonomaValleyHospital,0.36315339807988206,8.093333333333334
37.862222222195456,-121.97694444439941,100.12689195064107,LVO,ROUTE_JohnMuirMedicalCenterWalnutCreekCampus,0.4171977012746366,21.073333333333334,ROUTE_KaiserFoundationHospitalWalnutCreek,0.35462760229291984,15.461666666666668,ROUTE_JohnMuirMedicalCenterWalnutCreekCampus,0.4171977012746366,21.073333333333334,ROUTE_KaiserFoundationHospitalWalnutCreek,0.35462760229291984,15.461666666666668
38.0005555555289,-121.73777777773255,224.33679412641985,LVO,ROUTE_KaiserFoundationHospitalAntioch,0.32734294144,15.221666666666666,ROUTE_KaiserFoundationHospitalAntioch,0.32734294144,15.221666666666666,ROUTE_JohnMuirMedicalCenterWalnutCreekCampus,0.32734294144,36.83166666666667,ROUTE_KaiserFoundationHospitalAntioch,0.32734294144,15.221666666666666
37.702222222195324,-122.11499999995507,59.64961676565446,LVO,ROUTE_SutterEdenMedicalCenter,0.4298518208719724,7.3516666666666675,ROUTE_SanLeandroHospitalAlamedaHealthSystem,0.40192170065252086,6.908333333333333,ROUTE_SutterEdenMedicalCenter,0.4298518208719724,7.3516666666666675,ROUTE_SutterEdenMedicalCenter,0.4298518208719724,7.3516666666666675
37.39583333330619,-122.02361111106612,170.73422597002002,LVO,ROUTE_KaiserFoundationHospitalSantaClara,0.34187221263443784,14.19,ROUTE_KaiserFoundationHospitalSantaClara,0.34187221263443784,14.19,ROUTE_KaiserFoundationHospitalSantaClara,0.34187221263443784,14.19,ROUTE_KaiserFoundationHospitalSantaClara,0.34187221263443784,14.19
37.781388888862054,-122.40833333328864,133.6867659077082,LVO,ROUTE_CPMCDaviesCampusSutter,0.41218372605496273,9.306666666666667,ROUTE_UCSFHealthHydeHospital,0.35044707936043545,4.206666666666667,ROUTE_CPMCDaviesCampusSutter,0.41218372605496273,9.306666666666667,ROUTE_UCSFHealthHydeHospital,0.35044707936043545,4.206666666666667
37.946944444417746,-122.34361111106637,248.65686567167418,LVO,ROUTE_KaiserFoundationHospitalRichmondCampus,0.32734294144,5.446666666666667,ROUTE_KaiserFoundationHospitalRichmondCampus,0.32734294144,5.446666666666667,ROUTE_CPMCDaviesCampusSutter,0.32734294144,34.19666666666667,ROUTE_KaiserFoundationHospitalRichmondCampus,0.32734294144,5.446666666666667
37.783055555528726,-122.42499999995532,248.71646519342363,MIMIC,ROUTE_CPMCVanNessCampusSutter,0.32734294144,2.7216666666666667,ROUTE_CPMCVanNessCampusSutter,0.32734294144,2.7216666666666667,ROUTE_CPMCDaviesCampusSutter,0.32734294144,6.37,ROUTE_CPMCVanNessCampusSutter,0.32734294144,2.7216666666666667
38.28499999997357,-122.44138888884423,43.72187871339489,LVO,ROUTE_JohnMuirMedicalCenterWalnutCreekCampus,0.42007843314090965,65.04166666666667,ROUTE_SonomaValleyHospital,0.36720933904768743,6.96,ROUTE_JohnMuirMedicalCenterWalnutCreekCampus,0.42007843314090965,65.04166666666667,ROUTE_SonomaValleyHospital,0.36720933904768743,6.96
37.50611111108406,-121.92111111106603,250.27335206384774,HEMORRHAGIC,ROUTE_KaiserFoundationHospitalFremont,0.32734294144,16.276666666666667,ROUTE_KaiserFoundationHospitalFremont,0.32734294144,16.276666666666667,ROUTE_RegionalMedicalCenterOfSanJose,0.32734294144,17.576666666666664,ROUTE_KaiserFoundationHospitalFremont,0.32734294144,16.276666666666667
38.1647222221957,-122.13805555551065,256.03659558237825,NLVO,ROUTE_NorthBayMedicalCenter,0.32734294144,18.116666666666667,ROUTE_NorthBayMedicalCenter,0.32734294144,18.116666666666667,ROUTE_JohnMuirMedicalCenterWalnutCreekCampus,0.32734294144,33.555,ROUTE_NorthBayMedicalCenter,0.32734294144,18.116666666666667
37.88111111108436,-122.2838888888441,135.92686562806574,MIMIC,ROUTE_CPMCDaviesCampusSutter,0.406516981892861,31.933333333333334,ROUTE_AltaBatesSummitMedicalCenterAltaBatesCampus,0.32734294144,10.99,ROUTE_CPMCDaviesCampusSutter,0.406516981892861,31.933333333333334,ROUTE_KaiserFoundationHospitalOaklandRichmond,0.34790796249640354,15.708333333333334
38.273611111084676,-122.64944444439995,33.201426192522476,NLVO,ROUTE_UCSFMedicalCenter,0.42242140597243283,65.49166666666666,ROUTE_PetalumaValleyHospitalProvidence,0.3695522187639527,5.736666666666666,ROUTE_UCSFMedicalCenter,0.42242140597243283,65.49166666666666,ROUTE_PetalumaValleyHospitalProvidence,0.3695522187639527,5.736666666666666
37.65249999997307,-122.05249999995503,162.3462262552228,MIMIC,ROUTE_SutterEdenMedicalCenter,0.342731671311301,17.78166666666667,ROUTE_StRoseHospital,0.32734294144,12.288333333333332,ROUTE_SutterEdenMedicalCenter,0.342731671311301,17.78166666666667,ROUTE_SutterEdenMedicalCenter,0.342731671311301,17.78166666666667
37.461388888861805,-122.22722222217739,236.47441607588408,HEMORRHAGIC,ROUTE_SequoiaHospital,0.32734294144,8.02,ROUTE_SequoiaHospital,0.32734294144,8.02,ROUTE_KaiserFoundationHospitalRedwoodCity,0.32734294144,9.516666666666667,ROUTE_SequoiaHospital,0.32734294144,8.02
37.79916666663985,-122.42722222217755,59.81568061412198,LVO,ROUTE_CPMCDaviesCampusSutter,0.4292412087733529,9.775,ROUTE_UCSFHealthHydeHospital,0.42394764345075814,3.5683333333333334,ROUTE_CPMCDaviesCampusSutter,0.4292412087733529,9.775,ROUTE_UCSFHealthHydeHospital,0.42394764345075814,3.5683333333333334
37.45472222219513,-122.12833333328842,223.9083837721642,HEMORRHAGIC,ROUTE_KaiserFoundationHospitalRedwoodCity,0.32734294144,13.504999999999999,ROUTE_KaiserFoundationHospitalRedwoodCity,0.32734294144,13.504999999999999,ROUTE_KaiserFoundationHospitalRedwoodCity,0.32734294144,13.504999999999999,ROUTE_KaiserFoundationHospitalRedwoodCity,0.32734294144,13.504999999999999
37.98416666664,-122.51388888884428,197.14461191367917,MIMIC,ROUTE_MarinHealthMedicalCenter,0.33748564021523736,12.556666666666667,ROUTE_MarinHealthMedicalCenter,0.33748564021523736,12.556666666666667,ROUTE_UCSFMedicalCenter,0.32734294144,39.45,ROUTE_MarinHealthMedicalCenter,0.33748564021523736,12.556666666666667
37.459166666639575,-122.15722222217732,107.51332043537084,LVO,ROUTE_StanfordHealthCare,0.4175682502944912,12.083333333333334,ROUTE_StanfordHealthCare,0.4175682502944912,12.083333333333334,ROUTE_StanfordHealthCare,0.4175682502944912,12.083333333333334,ROUTE_StanfordHealthCare,0.4175682502944912,12.083333333333334
37.600833333306355,-122.06138888884392,217.20943527875923,LVO,ROUTE_StRoseHospital,0.32734294144,5.745,ROUTE_StRoseHospital,0.32734294144,5.745,ROUTE_SutterEdenMedicalCenter,0.32734294144,14.906666666666666,ROUTE_KaiserFoundationHospitalSanLeandro,0.32734294144,13.215
37.95055555552886,-121.99111111106609,84.11337342878497,NLVO,ROUTE_JohnMuirMedicalCenterWalnutCreekCampus,0.42336228759690364,10.546666666666665,ROUTE_JohnMuirMedicalCenterWalnutCreekCampus,0.42336228759690364,10.546666666666665,ROUTE_JohnMuirMedicalCenterWalnutCreekCampus,0.42336228759690364,10.546666666666665,ROUTE_JohnMuirMedicalCenterWalnutCreekCampus,0.42336228759690364,10.546666666666665
37.738611111084246,-122.2547222221774,83.13747490350435,LVO,ROUTE_SutterEdenMedicalCenter,0.4201401394112084,25.361666666666668,ROUTE_AlamedaHospital,0.35857628320479523,11.733333333333333,ROUTE_SutterEdenMedicalCenter,0.4201401394112084,25.361666666666668,ROUTE_AlamedaHospital,0.35857628320479523,11.733333333333333
37.727499999973126,-122.15055555551066,75.20075314493903,LVO,ROUTE_SutterEdenMedicalCenter,0.4251937892918119,11.625,ROUTE_SanLeandroHospitalAlamedaHealthSystem,0.33732021886457325,5.123333333333333,ROUTE_SutterEdenMedicalCenter,0.4251937892918119,11.625,ROUTE_KaiserFoundationHospitalSanLeandro,0.36038021681924315,10.313333333333333
37.81527777775097,-122.25055555551074,98.84120706932731,HEMORRHAGIC,ROUTE_SutterEdenMedicalCenter,0.41746635489723655,21.196666666666665,ROUTE_KaiserFoundationHospitalOaklandRichmond,0.3569067314517447,4.748333333333333,ROUTE_SutterEdenMedicalCenter,0.41746635489723655,21.196666666666665,ROUTE_KaiserFoundationHospitalOaklandRichmond,0.3569067314517447,4.748333333333333
37.688333333306424,-121.79416666662148,260.085816491734,HEMORRHAGIC,ROUTE_StanfordHealthCareTriValley,0.32734294144,14.168333333333333,ROUTE_StanfordHealthCareTriValley,0.32734294144,14.168333333333333,ROUTE_SutterEdenMedicalCenter,0.32734294144,25.565,ROUTE_StanfordHealthCareTriValley,0.32734294144,14.168333333333333
38.041388888862265,-122.52361111106651,95.73686553808857,LVO,ROUTE_UCSFMedicalCenter,0.4119047725029688,48.475,ROUTE_NovatoCommunityHospitalSutter,0.3560995544006186,12.09,ROUTE_UCSFMedicalCenter,0.4119047725029688,48.475,ROUTE_NovatoCommunityHospitalSutter,0.3560995544006186,12.09
37.589166666639684,-122.48611111106648,102.80498709095788,HEMORRHAGIC,ROUTE_MillsPeninsulaMedicalCenterSutter,0.4156253165783037,25.208333333333332,ROUTE_AHMCSetonMedicalCenter,0.35372894328802135,17.545,ROUTE_MillsPeninsulaMedicalCenterSutter,0.4156253165783037,25.208333333333332,ROUTE_AHMCSetonMedicalCenter,0.35372894328802135,17.545
37.723888888862014,-122.48305555551093,166.70879875448426,MIMIC,ROUTE_UCSFMedicalCenter,0.3427422231670569,13.361666666666668,ROUTE_AHMCSetonMedicalCenter,0.3432139706119794,10.736666666666668,ROUTE_UCSFMedicalCenter,0.3427422231670569,13.361666666666668,ROUTE_AHMCSetonMedicalCenter,0.3432139706119794,10.736666666666668
38.12416666664011,-122.22388888884404,208.05379919707386,LVO,ROUTE_SutterSolanoMedicalCenter,0.3369272719020701,4.838333333333334,ROUTE_SutterSolanoMedicalCenter,0.3369272719020701,4.838333333333334,ROUTE_JohnMuirMedicalCenterWalnutCreekCampus,0.32734294144,29.671666666666667,ROUTE_SutterSolanoMedicalCenter,0.3369272719020701,4.838333333333334
37.43805555552845,-121.87638888884378,208.05969878490527,LVO,ROUTE_RegionalMedicalCenterOfSanJose,0.3356377047987595,12.235000000000001,ROUTE_RegionalMedicalCenterOfSanJose,0.3356377047987595,12.235000000000001,ROUTE_RegionalMedicalCenterOfSanJose,0.3356377047987595,12.235000000000001,ROUTE_RegionalMedicalCenterOfSanJose,0.3356377047987595,12.235000000000001
37.84083333330655,-122.21833333328848,208.59844121875616,LVO,ROUTE_HighlandHospitalWilmaChanCampus,0.3358221401160876,10.635,ROUTE_AltaBatesSummitMedicalCenterAltaBatesCampus,0.32734294144,8.596666666666666,ROUTE_SutterEdenMedicalCenter,0.32734294144,19.645,ROUTE_HighlandHospitalWilmaChanCampus,0.3358221401160876,10.635
37.91999999997328,-122.30361111106633,248.16879097958034,LVO,ROUTE_KaiserFoundationHospitalRichmondCampus,0.32734294144,13.118333333333334,ROUTE_KaiserFoundationHospitalRichmondCampus,0.32734294144,13.118333333333334,ROUTE_CPMCDaviesCampusSutter,0.32734294144,32.901666666666664,ROUTE_KaiserFoundationHospitalRichmondCampus,0.32734294144,13.118333333333334
37.42555555552844,-122.1955555555107,41.12089903053708,HEMORRHAGIC,ROUTE_StanfordHealthCare,0.4339160350265271,8.695,ROUTE_StanfordHealthCare,0.4339160350265271,8.695,ROUTE_StanfordHealthCare,0.4339160350265271,8.695,ROUTE_StanfordHealthCare,0.4339160350265271,8.695
37.67055555552864,-121.77444444439925,207.86709553780545,LVO,ROUTE_StanfordHealthCareTriValley,0.32734294144,20.873333333333335,ROUTE_StanfordHealthCareTriValley,0.32734294144,20.873333333333335,ROUTE_SutterEdenMedicalCenter,0.32734294144,32.27166666666667,ROUTE_StanfordHealthCareTriValley,0.32734294144,20.873333333333335
37.55888888886188,-122.32916666662192,212.7058935676682,MIMIC,ROUTE_SanMateoMedicalCenter,0.32734294144,10.103333333333333,ROUTE_SanMateoMedicalCenter,0.32734294144,10.103333333333333,ROUTE_MillsPeninsulaMedicalCenterSutter,0.32734294144,12.576666666666666,ROUTE_MillsPeninsulaMedicalCenterSutter,0.32734294144,12.576666666666666
37.98083333330666,-122.29305555551078,51.72243912510656,LVO,ROUTE_JohnMuirMedicalCenterWalnutCreekCampus,0.4255076597017806,33.76166666666667,ROUTE_KaiserFoundationHospitalRichmondCampus,0.36376880477525203,16.395,ROUTE_JohnMuirMedicalCenterWalnutCreekCampus,0.4255076597017806,33.76166666666667,ROUTE_KaiserFoundationHospitalRichmondCampus,0.36376880477525203,16.395
38.242777777751314,-122.06833333328836,50.43909650238404,NLVO,ROUTE_JohnMuirMedicalCenterWalnutCreekCampus,0.4249631434385627,37.37166666666667,ROUTE_NorthBayMedicalCenter,0.36561970651777287,8.27,ROUTE_JohnMuirMedicalCenterWalnutCreekCampus,0.4249631434385627,37.37166666666667,ROUTE_NorthBayMedicalCenter,0.36561970651777287,8.27
37.81138888886208,-122.300277777733,232.36422685024368,HEMORRHAGIC,ROUTE_KaiserFoundationHospitalOaklandRichmond,0.32734294144,10.055,ROUTE_KaiserFoundationHospitalOaklandRichmond,0.32734294144,10.055,ROUTE_CPMCDaviesCampusSutter,0.32734294144,24.846666666666668,ROUTE_KaiserFoundationHospitalOaklandRichmond,0.32734294144,10.055
37.776666666639834,-122.43999999995533,234.03359913514316,HEMORRHAGIC,ROUTE_CPMCDaviesCampusSutter,0.32734294144,3.6266666666666665,ROUTE_CPMCDaviesCampusSutter,0.32734294144,3.6266666666666665,ROUTE_CPMCDaviesCampusSutter,0.32734294144,3.6266666666666665,ROUTE_CPMCDaviesCampusSutter,0.32734294144,3.6266666666666665
37.526666666639635,-122.29805555551077,220.27834828191902,LVO,ROUTE_SanMateoMedicalCenter,0.32734294144,4.161666666666666,ROUTE_SanMateoMedicalCenter,0.32734294144,4.161666666666666,ROUTE_KaiserFoundationHospitalRedwoodCity,0.32734294144,15.153333333333334,ROUTE_KaiserFoundationHospitalRedwoodCity,0.32734294144,15.153333333333334
37.37527777775062,-122.12249999995508,130.71461569888794,LVO,ROUTE_ElCaminoHealthMountainView,0.4123466871079467,11.566666666666666,ROUTE_ElCaminoHealthMountainView,0.4123466871079467,11.566666666666666,ROUTE_ElCaminoHealthMountainView,0.4123466871079467,11.566666666666666,ROUTE_ElCaminoHealthMountainView,0.4123466871079467,11.566666666666666
37.84749999997322,-122.24055555551072,147.64234798831268,HEMORRHAGIC,ROUTE_SutterEdenMedicalCenter,0.40617245318619766,21.738333333333333,ROUTE_AltaBatesSummitMedicalCenterAltaBatesCampus,0.32734294144,8.128333333333334,ROUTE_SutterEdenMedicalCenter,0.40617245318619766,21.738333333333333,ROUTE_KaiserFoundationHospitalOaklandRichmond,0.3468822102606871,9.586666666666668
37.379999999972846,-122.05777777773281,148.3632915085377,LVO,ROUTE_ElCaminoHealthMountainView,0.40856461897315116,10.481666666666666,ROUTE_ElCaminoHealthMountainView,0.40856461897315116,10.481666666666666,ROUTE_ElCaminoHealthMountainView,0.40856461897315116,10.481666666666666,ROUTE_ElCaminoHealthMountainView,0.40856461897315116,10.481666666666666
37.69722222219532,-122.46527777773314,40.04494153803962,HEMORRHAGIC,ROUTE_CPMCDaviesCampusSutter,0.4325366357061192,15.591666666666667,ROUTE_AHMCSetonMedicalCenter,0.42740402941122635,7.056666666666667,ROUTE_CPMCDaviesCampusSutter,0.4325366357061192,15.591666666666667,ROUTE_AHMCSetonMedicalCenter,0.42740402941122635,7.056666666666667
37.77638888886205,-122.4833333332887,221.4143837324325,LVO,ROUTE_UCSFHealthStanyanHospital,0.32734294144,6.505,ROUTE_UCSFHealthStanyanHospital,0.32734294144,6.505,ROUTE_UCSFMedicalCenter,0.32734294144,7.9766666666666675,ROUTE_UCSFHealthStanyanHospital,0.32734294144,6.505
37.35305555552838,-122.02694444439945,45.86360834383305,HEMORRHAGIC,ROUTE_KaiserFoundationHospitalSantaClara,0.4324330708934175,10.211666666666668,ROUTE_KaiserFoundationHospitalSantaClara,0.4324330708934175,10.211666666666668,ROUTE_KaiserFoundationHospitalSantaClara,0.4324330708934175,10.211666666666668,ROUTE_KaiserFoundationHospitalSantaClara,0.4324330708934175,10.211666666666668
37.93972222219552,-121.69972222217696,45.275820138447465,MIMIC,ROUTE_JohnMuirMedicalCenterWalnutCreekCampus,0.42561806056223306,39.73833333333334,ROUTE_KaiserFoundationHospitalAntioch,0.365602781819514,13.518333333333334,ROUTE_JohnMuirMedicalCenterWalnutCreekCampus,0.42561806056223306,39.73833333333334,ROUTE_KaiserFoundationHospitalAntioch,0.365602781819514,13.518333333333334
37.42083333330621,-121.90694444439936,217.20334219678836,HEMORRHAGIC,ROUTE_OConnorHospital,0.32734294144,13.108333333333333,ROUTE_OConnorHospital,0.32734294144,13.108333333333333,ROUTE_RegionalMedicalCenterOfSanJose,0.32734294144,14.311666666666667,ROUTE_OConnorHospital,0.32734294144,13.108333333333333
37.79361111108429,-122.40638888884419,81.7353397898897,MIMIC,ROUTE_CPMCDaviesCampusSutter,0.4236307312759313,11.775,ROUTE_ChineseHospital,0.36081125073332004,1.5533333333333335,ROUTE_CPMCDaviesCampusSutter,0.4236307312759313,11.775,ROUTE_ChineseHospital,0.36081125073332004,1.5533333333333335
37.74083333330647,-122.42083333328866,230.8609077705413,LVO,ROUTE_CPMCMissionBernalCampusSutter,0.32734294144,2.628333333333333,ROUTE_CPMCMissionBernalCampusSutter,0.32734294144,2.628333333333333,ROUTE_CPMCDaviesCampusSutter,0.32734294144,9.229999999999999,ROUTE_CPMCMissionBernalCampusSutter,0.32734294144,2.628333333333333
37.81027777775097,-121.9177777777327,264.50552936215036,MIMIC,ROUTE_SanRamonRegionalMedicalCenter,0.32734294144,11.893333333333334,ROUTE_SanRamonRegionalMedicalCenter,0.32734294144,11.893333333333334,ROUTE_JohnMuirMedicalCenterWalnutCreekCampus,0.32734294144,24.89,ROUTE_SanRamonRegionalMedicalCenter,0.32734294144,11.893333333333334
37.764999999973156,-122.17638888884402,134.59188106388638,HEMORRHAGIC,ROUTE_SutterEdenMedicalCenter,0.41046029638890885,15.936666666666667,ROUTE_HighlandHospitalWilmaChanCampus,0.34900776718276827,11.073333333333332,ROUTE_SutterEdenMedicalCenter,0.41046029638890885,15.936666666666667,ROUTE_HighlandHospitalWilmaChanCampus,0.34900776718276827,11.073333333333332
37.81194444441764,-122.23361111106628,63.67317146048517,LVO,ROUTE_SutterEdenMedicalCenter,0.4257668382192631,20.705,ROUTE_HighlandHospitalWilmaChanCampus,0.42176813096106697,6.628333333333333,ROUTE_SutterEdenMedicalCenter,0.4257668382192631,20.705,ROUTE_HighlandHospitalWilmaChanCampus,0.42176813096106697,6.628333333333333
37.78277777775095,-122.28333333328854,52.935727278818234,LVO,ROUTE_SutterEdenMedicalCenter,0.4270132203305452,26.128333333333334,ROUTE_AlamedaHospital,0.42334949815537093,9.485000000000001,ROUTE_SutterEdenMedicalCenter,0.4270132203305452,26.128333333333334,ROUTE_AlamedaHospital,0.42334949815537093,9.485000000000001
38.25611111108466,-122.62416666662214,245.7547703699776,LVO,ROUTE_PetalumaValleyHospitalProvidence,0.32734294144,3.6633333333333336,ROUTE_PetalumaValleyHospitalProvidence,0.32734294144,3.6633333333333336,ROUTE_UCSFMedicalCenter,0.32734294144,61.42166666666667,ROUTE_PetalumaValleyHospitalProvidence,0.32734294144,3.6633333333333336
37.50611111108406,-122.26416666662186,122.64672853674023,LVO,ROUTE_KaiserFoundationHospitalRedwoodCity,0.4143199110885299,11.038333333333332,ROUTE_SequoiaHospital,0.35145884601918476,9.811666666666667,ROUTE_KaiserFoundationHospitalRedwoodCity,0.4143199110885299,11.038333333333332,ROUTE_SequoiaHospital,0.35145884601918476,9.811666666666667
37.92249999997328,-122.52111111106652,123.54780457158908,HEMORRHAGIC,ROUTE_UCSFMedicalCenter,0.40960716340361053,30.720000000000002,ROUTE_MarinHealthMedicalCenter,0.3510732892148796,10.979999999999999,ROUTE_UCSFMedicalCenter,0.40960716340361053,30.720000000000002,ROUTE_MarinHealthMedicalCenter,0.3510732892148796,10.979999999999999
37.99083333330667,-121.77694444439925,200.70889742924547,LVO,ROUTE_KaiserFoundationHospitalAntioch,0.33721610722805495,10.531666666666666,ROUTE_SutterDeltaMedicalCenter,0.32734294144,7.456666666666666,ROUTE_JohnMuirMedicalCenterWalnutCreekCampus,0.32734294144,33.47,ROUTE_KaiserFoundationHospitalAntioch,0.33721610722805495,10.531666666666666
37.796111111084294,-122.2333333332885,267.0655052801071,NLVO,ROUTE_HighlandHospitalWilmaChanCampus,0.32734294144,2.183333333333333,ROUTE_HighlandHospitalWilmaChanCampus,0.32734294144,2.183333333333333,ROUTE_SutterEdenMedicalCenter,0.32734294144,19.545,ROUTE_HighlandHospitalWilmaChanCampus,0.32734294144,2.183333333333333
38.05999999997339,-122.15333333328844,76.52584657841467,LVO,ROUTE_JohnMuirMedicalCenterWalnutCreekCampus,0.42231829208481764,22.61,ROUTE_ContraCostaRegionalMedicalCenter,0.3352810965311887,11.795,ROUTE_JohnMuirMedicalCenterWalnutCreekCampus,0.42231829208481764,22.61,ROUTE_SutterSolanoMedicalCenter,0.3589881927406082,16.201666666666668
37.36583333330617,-122.01916666662167,266.54868619723084,HEMORRHAGIC,ROUTE_KaiserFoundationHospitalSantaClara,0.32734294144,10.685,ROUTE_KaiserFoundationHospitalSantaClara,0.32734294144,10.685,ROUTE_KaiserFoundationHospitalSantaClara,0.32734294144,10.685,ROUTE_KaiserFoundationHospitalSantaClara,0.32734294144,10.685
38.00861111108446,-121.78666666662149,163.53154325402699,LVO,ROUTE_JohnMuirMedicalCenterWalnutCreekCampus,0.3398627076621154,32.68,ROUTE_SutterDeltaMedicalCenter,0.32734294144,9.293333333333333,ROUTE_JohnMuirMedicalCenterWalnutCreekCampus,0.3398627076621154,32.68,ROUTE_KaiserFoundationHospitalAntioch,0.3432512721983426,13.706666666666667
37.69972222219533,-122.04805555551057,61.73583098125076,HEMORRHAGIC,ROUTE_SutterEdenMedicalCenter,0.42850421009511996,10.985000000000001,ROUTE_SutterEdenMedicalCenter,0.42850421009511996,10.985000000000001,ROUTE_SutterEdenMedicalCenter,0.42850421009511996,10.985000000000001,ROUTE_SutterEdenMedicalCenter,0.42850421009511996,10.985000000000001
38.10611111108454,-122.23611111106628,264.5681405785808,HEMORRHAGIC,ROUTE_SutterSolanoMedicalCenter,0.32734294144,5.756666666666666,ROUTE_SutterSolanoMedicalCenter,0.32734294144,5.756666666666666,ROUTE_JohnMuirMedicalCenterWalnutCreekCampus,0.32734294144,28.451666666666664,ROUTE_SutterSolanoMedicalCenter,0.32734294144,5.756666666666666
37.36027777775061,-122.04805555551057,38.72037016970667,NLVO,ROUTE_ElCaminoHealthMountainView,0.433682072745449,12.083333333333334,ROUTE_ElCaminoHealthMountainView,0.433682072745449,12.083333333333334,ROUTE_ElCaminoHealthMountainView,0.433682072745449,12.083333333333334,ROUTE_ElCaminoHealthMountainView,0.433682072745449,12.083333333333334
37.4083333333062,-121.9377777777327,241.62518153298635,LVO,ROUTE_OConnorHospital,0.32734294144,16.201666666666668,ROUTE_OConnorHospital,0.32734294144,16.201666666666668,ROUTE_RegionalMedicalCenterOfSanJose,0.32734294144,18.653333333333332,ROUTE_OConnorHospital,0.32734294144,16.201666666666668
37.910833333306606,-122.31833333328858,103.19819235251495,LVO,ROUTE_CPMCDaviesCampusSutter,0.41467032764224104,28.96333333333333,ROUTE_KaiserFoundationHospitalRichmondCampus,0.3552369490425655,9.171666666666665,ROUTE_CPMCDaviesCampusSutter,0.41467032764224104,28.96333333333333,ROUTE_KaiserFoundationHospitalRichmondCampus,0.3552369490425655,9.171666666666665
37.95583333330664,-122.04833333328835,147.15019122076004,LVO,ROUTE_JohnMuirMedicalCenterWalnutCreekCampus,0.40873624974115136,10.94,ROUTE_JohnMuirMedicalCenterConcordCampus,0.3468901664348915,10.035,ROUTE_JohnMuirMedicalCenterWalnutCreekCampus,0.40873624974115136,10.94,ROUTE_JohnMuirMedicalCenterConcordCampus,0.3468901664348915,10.035
37.78194444441761,-122.43749999995534,74.36162507967178,LVO,ROUTE_CPMCDaviesCampusSutter,0.4269184770476499,5.1066666666666665,ROUTE_KaiserFoundationHospitalSanFrancisco,0.4209043088500255,3.103333333333333,ROUTE_CPMCDaviesCampusSutter,0.4269184770476499,5.1066666666666665,ROUTE_KaiserFoundationHospitalSanFrancisco,0.4209043088500255,3.103333333333333
37.82777777775098,-122.25166666662184,90.23413083986429,LVO,ROUTE_SutterEdenMedicalCenter,0.4193594597764458,21.628333333333334,ROUTE_KaiserFoundationHospitalOaklandRichmond,0.3588780586668053,3.066666666666667,ROUTE_SutterEdenMedicalCenter,0.4193594597764458,21.628333333333334,ROUTE_KaiserFoundationHospitalOaklandRichmond,0.3588780586668053,3.066666666666667
37.78277777775095,-122.22249999995516,136.07069909287475,LVO,ROUTE_SutterEdenMedicalCenter,0.40951371618815513,18.60666666666667,ROUTE_HighlandHospitalWilmaChanCampus,0.34980049402354146,5.308333333333334,ROUTE_SutterEdenMedicalCenter,0.40951371618815513,18.60666666666667,ROUTE_HighlandHospitalWilmaChanCampus,0.34980049402354146,5.308333333333334
37.750277777750924,-122.17194444439957,30.71171601052732,HEMORRHAGIC,ROUTE_SutterEdenMedicalCenter,0.4349740895048776,14.648333333333333,ROUTE_SanLeandroHospitalAlamedaHealthSystem,0.4072643967299337,12.118333333333334,ROUTE_SutterEdenMedicalCenter,0.4349740895048776,14.648333333333333,ROUTE_HighlandHospitalWilmaChanCampus,0.4279985295015834,13.268333333333334
37.792777777750956,-122.4013888888442,41.65392840352225,MIMIC,ROUTE_CPMCDaviesCampusSutter,0.4331481668636018,11.401666666666667,ROUTE_ChineseHospital,0.4284677978690781,2.3233333333333333,ROUTE_CPMCDaviesCampusSutter,0.4331481668636018,11.401666666666667,ROUTE_ChineseHospital,0.4284677978690781,2.3233333333333333
37.632777777750825,-122.06055555551059,184.43188436014384,HEMORRHAGIC,ROUTE_SutterEdenMedicalCenter,0.3386552366223073,18.613333333333333,ROUTE_StRoseHospital,0.32734294144,7.864999999999999,ROUTE_SutterEdenMedicalCenter,0.3386552366223073,18.613333333333333,ROUTE_KaiserFoundationHospitalSanLeandro,0.33895377624391887,16.92
38.272222222195786,-122.04527777773279,172.36849978187593,LVO,ROUTE_NorthBayMedicalCenter,0.3430623374734569,5.92,ROUTE_NorthBayMedicalCenter,0.3430623374734569,5.92,ROUTE_JohnMuirMedicalCenterWalnutCreekCampus,0.33655626247256953,42.65,ROUTE_NorthBayMedicalCenter,0.3430623374734569,5.92
37.976111111084435,-122.06888888884393,168.40177994056427,LVO,ROUTE_JohnMuirMedicalCenterWalnutCreekCampus,0.34239481090338025,13.603333333333333,ROUTE_JohnMuirMedicalCenterConcordCampus,0.3432178432471232,9.021666666666667,ROUTE_JohnMuirMedicalCenterWalnutCreekCampus,0.34239481090338025,13.603333333333333,ROUTE_JohnMuirMedicalCenterConcordCampus,0.3432178432471232,9.021666666666667
37.639166666639724,-122.05611111106614,230.47582861387477,HEMORRHAGIC,ROUTE_StRoseHospital,0.32734294144,9.025,ROUTE_StRoseHospital,0.32734294144,9.025,ROUTE_SutterEdenMedicalCenter,0.32734294144,17.758333333333333,ROUTE_SutterEdenMedicalCenter,0.32734294144,17.758333333333333
37.73388888886202,-122.46249999995536,128.51468556936592,HEMORRHAGIC,ROUTE_UCSFMedicalCenter,0.4134331137760678,9.03,ROUTE_UCSFMedicalCenter,0.4134331137760678,9.03,ROUTE_UCSFMedicalCenter,0.4134331137760678,9.03,ROUTE_UCSFMedicalCenter,0.4134331137760678,9.03
37.662777777750854,-122.431666666622,153.72187998711485,HEMORRHAGIC,ROUTE_MillsPeninsulaMedicalCenterSutter,0.40598309031906354,16.495,ROUTE_KaiserFoundationHospitalSouthSanFrancisco,0.3462984655860714,6.703333333333333,ROUTE_MillsPeninsulaMedicalCenterSutter,0.40598309031906354,16.495,ROUTE_KaiserFoundationHospitalSouthSanFrancisco,0.3462984655860714,6.703333333333333
37.66999999997308,-122.47888888884425,142.34244072765946,HEMORRHAGIC,ROUTE_MillsPeninsulaMedicalCenterSutter,0.4088225485693393,15.368333333333334,ROUTE_AHMCSetonMedicalCenter,0.3488302917060682,4.283333333333333,ROUTE_MillsPeninsulaMedicalCenterSutter,0.4088225485693393,15.368333333333334,ROUTE_AHMCSetonMedicalCenter,0.3488302917060682,4.283333333333333
38.372777777751416,-121.739722222177,262.66157099855775,HEMORRHAGIC,ROUTE_NorthBayVacaValleyHospital,0.32734294144,27.441666666666666,ROUTE_NorthBayVacaValleyHospital,0.32734294144,27.441666666666666,ROUTE_JohnMuirMedicalCenterWalnutCreekCampus,0.32734294144,75.91000000000001,ROUTE_NorthBayVacaValleyHospital,0.32734294144,27.441666666666666
37.846944444417666,-122.27361111106632,119.850344706367,LVO,ROUTE_JohnMuirMedicalCenterWalnutCreekCampus,0.41194053277264325,24.205,ROUTE_AltaBatesSummitMedicalCenterAltaBatesCampus,0.32734294144,5.341666666666667,ROUTE_JohnMuirMedicalCenterWalnutCreekCampus,0.41194053277264325,24.205,ROUTE_KaiserFoundationHospitalOaklandRichmond,0.35246459317231216,7.23
37.36999999997284,-122.0211111110661,179.46583558717785,MIMIC,ROUTE_KaiserFoundationHospitalSantaClara,0.34067418116845627,12.175,ROUTE_KaiserFoundationHospitalSantaClara,0.34067418116845627,12.175,ROUTE_KaiserFoundationHospitalSantaClara,0.34067418116845627,12.175,ROUTE_KaiserFoundationHospitalSantaClara,0.34067418116845627,12.175
38.45305555552926,-121.84333333328819,185.13451298320737,LVO,ROUTE_KaiserFoundationHospitalVacaville,0.3396817195041053,12.098333333333333,ROUTE_KaiserFoundationHospitalVacaville,0.3396817195041053,12.098333333333333,ROUTE_JohnMuirMedicalCenterWalnutCreekCampus,0.32734294144,59.02833333333333,ROUTE_KaiserFoundationHospitalVacaville,0.3396817195041053,12.098333333333333
37.62833333330638,-122.0983333332884,152.64233301444352,LVO,ROUTE_SutterEdenMedicalCenter,0.40641804816574656,15.653333333333334,ROUTE_StRoseHospital,0.32734294144,4.538333333333333,ROUTE_SutterEdenMedicalCenter,0.40641804816574656,15.653333333333334,ROUTE_KaiserFoundationHospitalSanLeandro,0.3451738700957983,13.96
37.727499999973126,-121.91361111106602,85.93979009031719,NLVO,ROUTE_SutterEdenMedicalCenter,0.42080430743272684,19.7,ROUTE_StanfordHealthCareTriValley,0.35803471790886515,11.753333333333334,ROUTE_SutterEdenMedicalCenter,0.42080430743272684,19.7,ROUTE_StanfordHealthCareTriValley,0.35803471790886515,11.753333333333334
37.84305555552877,-122.2963888888441,193.53512330019447,HEMORRHAGIC,ROUTE_AltaBatesSummitMedicalCenterSummitCampus,0.33879240743062394,8.731666666666666,ROUTE_AltaBatesSummitMedicalCenterSummitCampus,0.33879240743062394,8.731666666666666,ROUTE_CPMCDaviesCampusSutter,0.33604578260301476,24.413333333333334,ROUTE_AltaBatesSummitMedicalCenterSummitCampus,0.33879240743062394,8.731666666666666
37.43861111108401,-121.88888888884378,193.80513454136505,LVO,ROUTE_RegionalMedicalCenterOfSanJose,0.3382847733781575,11.345,ROUTE_RegionalMedicalCenterOfSanJose,0.3382847733781575,11.345,ROUTE_RegionalMedicalCenterOfSanJose,0.3382847733781575,11.345,ROUTE_RegionalMedicalCenterOfSanJose,0.3382847733781575,11.345
37.652222222195284,-122.08555555551061,84.94218785596331,LVO,ROUTE_SutterEdenMedicalCenter,0.4222912183888474,14.31,ROUTE_StRoseHospital,0.32734294144,5.916666666666667,ROUTE_SutterEdenMedicalCenter,0.4222912183888474,14.31,ROUTE_KaiserFoundationHospitalSanLeandro,0.358060426883389,12.616666666666667
38.10499999997343,-122.24805555551073,81.9062136781414,HEMORRHAGIC,ROUTE_JohnMuirMedicalCenterWalnutCreekCampus,0.4196924527582626,28.52,ROUTE_KaiserFoundationHospitalVallejo,0.359998456817651,5.583333333333333,ROUTE_JohnMuirMedicalCenterWalnutCreekCampus,0.4196924527582626,28.52,ROUTE_KaiserFoundationHospitalVallejo,0.359998456817651,5.583333333333333
38.44944444441815,-121.8319444443993,150.47900704466886,LVO,ROUTE_KaiserFoundationHospitalVacaville,0.3457429311251263,12.993333333333334,ROUTE_KaiserFoundationHospitalVacaville,0.3457429311251263,12.993333333333334,ROUTE_JohnMuirMedicalCenterWalnutCreekCampus,0.337362839184074,59.92333333333333,ROUTE_KaiserFoundationHospitalVacaville,0.3457429311251263,12.993333333333334
37.91611111108439,-122.32305555551079,39.409215947813614,LVO,ROUTE_CPMCDaviesCampusSutter,0.4292880045487869,29.983333333333334,ROUTE_KaiserFoundationHospitalRichmondCampus,0.42590261851523287,8.648333333333333,ROUTE_CPMCDaviesCampusSutter,0.4292880045487869,29.983333333333334,ROUTE_KaiserFoundationHospitalRichmondCampus,0.42590261851523287,8.648333333333333
37.40555555552842,-122.05999999995502,93.7381425539499,LVO,ROUTE_ElCaminoHealthMountainView,0.42103147239046745,10.925,ROUTE_ElCaminoHealthMountainView,0.42103147239046745,10.925,ROUTE_ElCaminoHealthMountainView,0.42103147239046745,10.925,ROUTE_ElCaminoHealthMountainView,0.42103147239046745,10.925
38.11194444441788,-122.19777777773292,200.8458360541172,LVO,ROUTE_SutterSolanoMedicalCenter,0.33709529373472047,11.085,ROUTE_SutterSolanoMedicalCenter,0.33709529373472047,11.085,ROUTE_JohnMuirMedicalCenterWalnutCreekCampus,0.32734294144,31.25,ROUTE_SutterSolanoMedicalCenter,0.33709529373472047,11.085
37.974722222195545,-122.30194444439967,211.0470174600434,MIMIC,ROUTE_KaiserFoundationHospitalRichmondCampus,0.32734294144,15.875,ROUTE_KaiserFoundationHospitalRichmondCampus,0.32734294144,15.875,ROUTE_JohnMuirMedicalCenterWalnutCreekCampus,0.32734294144,35.080000000000005,ROUTE_KaiserFoundationHospitalRichmondCampus,0.32734294144,15.875
37.75499999997315,-122.4277777777331,136.55355972576348,LVO,ROUTE_CPMCDaviesCampusSutter,0.4123446759459685,5.736666666666666,ROUTE_CPMCMissionBernalCampusSutter,0.3500900324929601,3.2633333333333336,ROUTE_CPMCDaviesCampusSutter,0.4123446759459685,5.736666666666666,ROUTE_CPMCMissionBernalCampusSutter,0.3500900324929601,3.2633333333333336
38.00472222219557,-121.86805555551044,234.92687291178845,LVO,ROUTE_SutterDeltaMedicalCenter,0.32734294144,11.8,ROUTE_SutterDeltaMedicalCenter,0.32734294144,11.8,ROUTE_JohnMuirMedicalCenterWalnutCreekCampus,0.32734294144,25.91166666666667,ROUTE_KaiserFoundationHospitalAntioch,0.32734294144,17.03666666666667
37.79777777775096,-121.88805555551045,160.88443293998705,LVO,ROUTE_JohnMuirMedicalCenterWalnutCreekCampus,0.3412001571967208,27.803333333333335,ROUTE_SanRamonRegionalMedicalCenter,0.343532712379574,14.791666666666666,ROUTE_JohnMuirMedicalCenterWalnutCreekCampus,0.3412001571967208,27.803333333333335,ROUTE_SanRamonRegionalMedicalCenter,0.343532712379574,14.791666666666666
37.5372222221952,-121.95972222217718,263.42528849914737,HEMORRHAGIC,ROUTE_KaiserFoundationHospitalFremont,0.32734294144,5.408333333333333,ROUTE_KaiserFoundationHospitalFremont,0.32734294144,5.408333333333333,ROUTE_RegionalMedicalCenterOfSanJose,0.32734294144,21.759999999999998,ROUTE_KaiserFoundationHospitalFremont,0.32734294144,5.408333333333333
37.68722222219532,-122.06499999995503,238.46215437494655,HEMORRHAGIC,ROUTE_SutterEdenMedicalCenter,0.32734294144,8.143333333333334,ROUTE_SutterEdenMedicalCenter,0.32734294144,8.143333333333334,ROUTE_SutterEdenMedicalCenter,0.32734294144,8.143333333333334,ROUTE_SutterEdenMedicalCenter,0.32734294144,8.143333333333334
37.79388888886207,-122.4505555555109,123.59226312346769,NLVO,ROUTE_CPMCDaviesCampusSutter,0.41416464373070616,10.768333333333334,ROUTE_KaiserFoundationHospitalSanFrancisco,0.35201155715055843,5.908333333333333,ROUTE_CPMCDaviesCampusSutter,0.41416464373070616,10.768333333333334,ROUTE_KaiserFoundationHospitalSanFrancisco,0.35201155715055843,5.908333333333333
37.776666666639834,-122.28305555551077,155.19498154803568,HEMORRHAGIC,ROUTE_SutterEdenMedicalCenter,0.34244073817619786,26.555,ROUTE_AlamedaHospital,0.3457538875735427,8.218333333333334,ROUTE_SutterEdenMedicalCenter,0.34244073817619786,26.555,ROUTE_AlamedaHospital,0.3457538875735427,8.218333333333334
37.671111111084194,-122.13499999995508,162.35418431986454,LVO,ROUTE_SutterEdenMedicalCenter,0.40476626181848196,13.241666666666667,ROUTE_StRoseHospital,0.32734294144,11.21,ROUTE_SutterEdenMedicalCenter,0.40476626181848196,13.241666666666667,ROUTE_KaiserFoundationHospitalSanLeandro,0.34376082828303034,12.056666666666667
37.63249999997305,-122.41638888884421,235.25112827117232,NLVO,ROUTE_KaiserFoundationHospitalSouthSanFrancisco,0.32734294144,9.583333333333334,ROUTE_KaiserFoundationHospitalSouthSanFrancisco,0.32734294144,9.583333333333334,ROUTE_MillsPeninsulaMedicalCenterSutter,0.32734294144,10.09,ROUTE_KaiserFoundationHospitalSouthSanFrancisco,0.32734294144,9.583333333333334
37.935833333306626,-122.01972222217722,235.67900092406524,HEMORRHAGIC,ROUTE_JohnMuirMedicalCenterWalnutCreekCampus,0.32734294144,7.525,ROUTE_JohnMuirMedicalCenterWalnutCreekCampus,0.32734294144,7.525,ROUTE_JohnMuirMedicalCenterWalnutCreekCampus,0.32734294144,7.525,ROUTE_JohnMuirMedicalCenterWalnutCreekCampus,0.32734294144,7.525
37.523888888861855,-121.9291666666216,150.00605488295048,HEMORRHAGIC,ROUTE_RegionalMedicalCenterOfSanJose,0.40619290882060155,19.283333333333335,ROUTE_KaiserFoundationHospitalFremont,0.34620527217944297,10.93,ROUTE_RegionalMedicalCenterOfSanJose,0.40619290882060155,19.283333333333335,ROUTE_KaiserFoundationHospitalFremont,0.34620527217944297,10.93
38.002499999973345,-121.87749999995488,124.20912929358674,LVO,ROUTE_JohnMuirMedicalCenterWalnutCreekCampus,0.4108698300601992,24.526666666666664,ROUTE_SutterDeltaMedicalCenter,0.32734294144,13.161666666666667,ROUTE_JohnMuirMedicalCenterWalnutCreekCampus,0.4108698300601992,24.526666666666664,ROUTE_JohnMuirMedicalCenterConcordCampus,0.3499903644903118,16.145
37.47416666663959,-122.2447222221774,193.37243929413881,LVO,ROUTE_KaiserFoundationHospitalRedwoodCity,0.3386635964034929,9.625,ROUTE_SequoiaHospital,0.33937957346446057,5.568333333333333,ROUTE_KaiserFoundationHospitalRedwoodCity,0.3386635964034929,9.625,ROUTE_SequoiaHospital,0.33937957346446057,5.568333333333333
37.97555555552888,-122.27416666662187,194.68250922430317,LVO,ROUTE_KaiserFoundationHospitalRichmondCampus,0.33679324812748096,18.976666666666667,ROUTE_KaiserFoundationHospitalRichmondCampus,0.33679324812748096,18.976666666666667,ROUTE_JohnMuirMedicalCenterWalnutCreekCampus,0.32734294144,35.735,ROUTE_KaiserFoundationHospitalRichmondCampus,0.33679324812748096,18.976666666666667
37.977499999973325,-122.30083333328855,64.38232238535781,MIMIC,ROUTE_JohnMuirMedicalCenterWalnutCreekCampus,0.4224564330708877,34.16,ROUTE_KaiserFoundationHospitalRichmondCampus,0.36159193151258323,14.885,ROUTE_JohnMuirMedicalCenterWalnutCreekCampus,0.4224564330708877,34.16,ROUTE_KaiserFoundationHospitalRichmondCampus,0.36159193151258323,14.885
37.76999999997316,-122.1955555555107,73.32793771216606,HEMORRHAGIC,ROUTE_SutterEdenMedicalCenter,0.42427689627866144,17.416666666666668,ROUTE_HighlandHospitalWilmaChanCampus,0.3608212783867231,9.908333333333333,ROUTE_SutterEdenMedicalCenter,0.42427689627866144,17.416666666666668,ROUTE_HighlandHospitalWilmaChanCampus,0.3608212783867231,9.908333333333333
37.439722222195115,-122.20666666662181,98.79108983909194,LVO,ROUTE_StanfordHealthCare,0.4191966068237613,13.773333333333333,ROUTE_StanfordHealthCare,0.4191966068237613,13.773333333333333,ROUTE_StanfordHealthCare,0.4191966068237613,13.773333333333333,ROUTE_StanfordHealthCare,0.4191966068237613,13.773333333333333
37.664166666639744,-121.79944444439927,135.13895727357965,LVO,ROUTE_SutterEdenMedicalCenter,0.4073783278173869,28.925,ROUTE_StanfordHealthCareTriValley,0.3477231245647328,17.501666666666665,ROUTE_SutterEdenMedicalCenter,0.4073783278173869,28.925,ROUTE_StanfordHealthCareTriValley,0.3477231245647328,17.501666666666665
37.892777777751036,-122.25416666662186,174.152416252798,NLVO,ROUTE_JohnMuirMedicalCenterWalnutCreekCampus,0.33878486273030484,28.15666666666667,ROUTE_AltaBatesSummitMedicalCenterAltaBatesCampus,0.32734294144,12.97,ROUTE_JohnMuirMedicalCenterWalnutCreekCampus,0.33878486273030484,28.15666666666667,ROUTE_AltaBatesSummitMedicalCenterSummitCampus,0.33985029689218527,22.13
37.95333333330664,-122.3658333332886,184.32995178720014,HEMORRHAGIC,ROUTE_KaiserFoundationHospitalRichmondCampus,0.3412416740776244,4.125,ROUTE_KaiserFoundationHospitalRichmondCampus,0.3412416740776244,4.125,ROUTE_CPMCDaviesCampusSutter,0.3355777291367218,36.31166666666666,ROUTE_KaiserFoundationHospitalRichmondCampus,0.3412416740776244,4.125
37.960833333306645,-122.024999999955,124.01745850925107,HEMORRHAGIC,ROUTE_JohnMuirMedicalCenterWalnutCreekCampus,0.4133980039953701,13.68,ROUTE_JohnMuirMedicalCenterConcordCampus,0.3514785197217521,8.336666666666666,ROUTE_JohnMuirMedicalCenterWalnutCreekCampus,0.4133980039953701,13.68,ROUTE_JohnMuirMedicalCenterConcordCampus,0.3514785197217521,8.336666666666666
37.92083333330661,-121.69055555551029,84.75768620065853,NLVO,ROUTE_JohnMuirMedicalCenterWalnutCreekCampus,0.4157947178388547,42.52166666666667,ROUTE_KaiserFoundationHospitalAntioch,0.357257290812831,16.996666666666666,ROUTE_JohnMuirMedicalCenterWalnutCreekCampus,0.4157947178388547,42.52166666666667,ROUTE_KaiserFoundationHospitalAntioch,0.357257290812831,16.996666666666666
37.68027777775087,-122.15527777773289,202.63488126558585,HEMORRHAGIC,ROUTE_KaiserFoundationHospitalSanLeandro,0.3372792324667342,8.245,ROUTE_KaiserFoundationHospitalSanLeandro,0.3372792324667342,8.245,ROUTE_SutterEdenMedicalCenter,0.33658338026124157,12.226666666666667,ROUTE_KaiserFoundationHospitalSanLeandro,0.3372792324667342,8.245
37.6949999999731,-122.0983333332884,255.3083146680243,NLVO,ROUTE_SutterEdenMedicalCenter,0.32734294144,4.6,ROUTE_SutterEdenMedicalCenter,0.32734294144,4.6,ROUTE_SutterEdenMedicalCenter,0.32734294144,4.6,ROUTE_SutterEdenMedicalCenter,0.32734294144,4.6
37.730833333306464,-122.42055555551087,132.47024243264715,LVO,ROUTE_CPMCDaviesCampusSutter,0.41157200680995026,13.195,ROUTE_CPMCMissionBernalCampusSutter,0.34997646811912486,7.958333333333333,ROUTE_CPMCDaviesCampusSutter,0.41157200680995026,13.195,ROUTE_CPMCMissionBernalCampusSutter,0.34997646811912486,7.958333333333333
37.63999999997306,-122.05999999995502,151.7833075176701,HEMORRHAGIC,ROUTE_SutterEdenMedicalCenter,0.40604780313113287,18.146666666666665,ROUTE_StRoseHospital,0.32734294144,9.665,ROUTE_SutterEdenMedicalCenter,0.40604780313113287,18.146666666666665,ROUTE_SutterEdenMedicalCenter,0.40604780313113287,18.146666666666665
37.96416666663998,-122.5402777777332,223.28841488792787,LVO,ROUTE_MarinHealthMedicalCenter,0.32734294144,7.998333333333333,ROUTE_MarinHealthMedicalCenter,0.32734294144,7.998333333333333,ROUTE_UCSFMedicalCenter,0.32734294144,40.625,ROUTE_MarinHealthMedicalCenter,0.32734294144,7.998333333333333
37.988611111084445,-122.0288888888439,31.406255243208214,MIMIC,ROUTE_JohnMuirMedicalCenterWalnutCreekCampus,0.4340892546355196,17.68,ROUTE_JohnMuirMedicalCenterConcordCampus,0.4302131010838843,4.191666666666666,ROUTE_JohnMuirMedicalCenterWalnutCreekCampus,0.4340892546355196,17.68,ROUTE_JohnMuirMedicalCenterConcordCampus,0.4302131010838843,4.191666666666666
38.29388888886247,-122.28833333328855,65.66594002857565,LVO,ROUTE_JohnMuirMedicalCenterWalnutCreekCampus,0.41827830808017136,50.861666666666665,ROUTE_ProvidenceQueenOfTheValleyMedicalCenter,0.3626864807519108,7.983333333333333,ROUTE_JohnMuirMedicalCenterWalnutCreekCampus,0.41827830808017136,50.861666666666665,ROUTE_ProvidenceQueenOfTheValleyMedicalCenter,0.3626864807519108,7.983333333333333
38.0144444444178,-121.87333333328822,247.7525254127517,LVO,ROUTE_SutterDeltaMedicalCenter,0.32734294144,11.423333333333334,ROUTE_SutterDeltaMedicalCenter,0.32734294144,11.423333333333334,ROUTE_JohnMuirMedicalCenterWalnutCreekCampus,0.32734294144,24.766666666666666,ROUTE_JohnMuirMedicalCenterConcordCampus,0.32734294144,15.004999999999999
37.998333333306675,-122.27472222217743,74.68837737359684,HEMORRHAGIC,ROUTE_JohnMuirMedicalCenterWalnutCreekCampus,0.4208322621519742,30.831666666666667,ROUTE_ContraCostaRegionalMedicalCenter,0.32734294144,17.785,ROUTE_JohnMuirMedicalCenterWalnutCreekCampus,0.4208322621519742,30.831666666666667,ROUTE_KaiserFoundationHospitalRichmondCampus,0.35862183786370616,19.945
37.73888888886202,-122.47499999995536,75.72176357149678,LVO,ROUTE_UCSFMedicalCenter,0.42606538279569295,7.383333333333334,ROUTE_UCSFMedicalCenter,0.42606538279569295,7.383333333333334,ROUTE_UCSFMedicalCenter,0.42606538279569295,7.383333333333334,ROUTE_UCSFMedicalCenter,0.42606538279569295,7.383333333333334
37.68055555552864,-122.08722222217727,246.44047058489193,LVO,ROUTE_SutterEdenMedicalCenter,0.32734294144,7.6483333333333325,ROUTE_SutterEdenMedicalCenter,0.32734294144,7.6483333333333325,ROUTE_SutterEdenMedicalCenter,0.32734294144,7.6483333333333325,ROUTE_SutterEdenMedicalCenter,0.32734294144,7.6483333333333325
37.97361111108443,-121.76194444439923,146.0998487190059,LVO,ROUTE_JohnMuirMedicalCenterWalnutCreekCampus,0.3424230987041615,35.748333333333335,ROUTE_KaiserFoundationHospitalAntioch,0.34739180763035127,8.346666666666668,ROUTE_JohnMuirMedicalCenterWalnutCreekCampus,0.3424230987041615,35.748333333333335,ROUTE_KaiserFoundationHospitalAntioch,0.34739180763035127,8.346666666666668
37.74305555552869,-122.15916666662177,67.75658326952177,LVO,ROUTE_SutterEdenMedicalCenter,0.4264736731872493,13.606666666666666,ROUTE_SanLeandroHospitalAlamedaHealthSystem,0.33760494298138716,10.943333333333333,ROUTE_SutterEdenMedicalCenter,0.4264736731872493,13.606666666666666,ROUTE_HighlandHospitalWilmaChanCampus,0.36165990222847155,11.16
38.28527777775135,-122.00916666662165,40.48145881828795,MIMIC,ROUTE_JohnMuirMedicalCenterWalnutCreekCampus,0.4247487196030139,48.245,ROUTE_NorthBayMedicalCenter,0.3663957848764798,14.303333333333335,ROUTE_JohnMuirMedicalCenterWalnutCreekCampus,0.4247487196030139,48.245,ROUTE_NorthBayMedicalCenter,0.3663957848764798,14.303333333333335
37.65472222219529,-122.04583333328836,246.9587923015317,LVO,ROUTE_StRoseHospital,0.32734294144,13.928333333333335,ROUTE_StRoseHospital,0.32734294144,13.928333333333335,ROUTE_SutterEdenMedicalCenter,0.32734294144,17.685,ROUTE_SutterEdenMedicalCenter,0.32734294144,17.685
38.28805555552913,-122.31138888884412,119.56053318057046,LVO,ROUTE_JohnMuirMedicalCenterWalnutCreekCampus,0.4064530588529046,48.58166666666667,ROUTE_ProvidenceQueenOfTheValleyMedicalCenter,0.35213344394397,9.288333333333332,ROUTE_JohnMuirMedicalCenterWalnutCreekCampus,0.4064530588529046,48.58166666666667,ROUTE_ProvidenceQueenOfTheValleyMedicalCenter,0.35213344394397,9.288333333333332
37.37944444441729,-122.0880555555106,218.66591156080955,LVO,ROUTE_ElCaminoHealthMountainView,0.32734294144,6.626666666666667,ROUTE_ElCaminoHealthMountainView,0.32734294144,6.626666666666667,ROUTE_ElCaminoHealthMountainView,0.32734294144,6.626666666666667,ROUTE_ElCaminoHealthMountainView,0.32734294144,6.626666666666667
37.41277777775065,-121.91083333328825,177.97555060216504,LVO,ROUTE_RegionalMedicalCenterOfSanJose,0.3406866834170716,13.595,ROUTE_OConnorHospital,0.3407008257030421,13.514999999999999,ROUTE_RegionalMedicalCenterOfSanJose,0.3406866834170716,13.595,ROUTE_OConnorHospital,0.3407008257030421,13.514999999999999
38.24472222219576,-122.61138888884436,218.4566282848499,HEMORRHAGIC,ROUTE_PetalumaValleyHospitalProvidence,0.32734294144,7.2283333333333335,ROUTE_PetalumaValleyHospitalProvidence,0.32734294144,7.2283333333333335,ROUTE_UCSFMedicalCenter,0.32734294144,61.39333333333333,ROUTE_PetalumaValleyHospitalProvidence,0.32734294144,7.2283333333333335
37.77499999997316,-122.46555555551092,35.50012688939785,LVO,ROUTE_UCSFMedicalCenter,0.4356776298903796,6.9,ROUTE_UCSFHealthStanyanHospital,0.42996105336301227,3.9633333333333334,ROUTE_UCSFMedicalCenter,0.4356776298903796,6.9,ROUTE_UCSFHealthStanyanHospital,0.42996105336301227,3.9633333333333334
38.080277777751185,-122.22972222217739,200.6950668638263,LVO,ROUTE_SutterSolanoMedicalCenter,0.3373985839619217,9.503333333333334,ROUTE_SutterSolanoMedicalCenter,0.3373985839619217,9.503333333333334,ROUTE_JohnMuirMedicalCenterWalnutCreekCampus,0.32734294144,27.783333333333335,ROUTE_SutterSolanoMedicalCenter,0.3373985839619217,9.503333333333334
37.634999999973054,-122.41361111106643,90.31139415442034,LVO,ROUTE_MillsPeninsulaMedicalCenterSutter,0.4219823556535313,10.264999999999999,ROUTE_KaiserFoundationHospitalSouthSanFrancisco,0.3575562540145543,9.879999999999999,ROUTE_MillsPeninsulaMedicalCenterSutter,0.4219823556535313,10.264999999999999,ROUTE_KaiserFoundationHospitalSouthSanFrancisco,0.3575562540145543,9.879999999999999
37.782222222195394,-122.45666666662201,197.3930169708832,LVO,ROUTE_UCSFMedicalCenter,0.33842622460438837,6.951666666666667,ROUTE_KaiserFoundationHospitalSanFrancisco,0.33897680956421355,3.828333333333333,ROUTE_UCSFMedicalCenter,0.33842622460438837,6.951666666666667,ROUTE_KaiserFoundationHospitalSanFrancisco,0.33897680956421355,3.828333333333333
37.711944444417554,-122.46222222217757,31.67475001232645,NLVO,ROUTE_UCSFMedicalCenter,0.43504998919132815,13.365,ROUTE_AHMCSetonMedicalCenter,0.4293562394776025,7.221666666666667,ROUTE_UCSFMedicalCenter,0.43504998919132815,13.365,ROUTE_AHMCSetonMedicalCenter,0.4293562394776025,7.221666666666667
37.95777777775109,-122.06249999995504,173.55009771229302,LVO,ROUTE_JohnMuirMedicalCenterWalnutCreekCampus,0.3417664639824734,11.965,ROUTE_JohnMuirMedicalCenterConcordCampus,0.34227367559577354,9.131666666666666,ROUTE_JohnMuirMedicalCenterWalnutCreekCampus,0.3417664639824734,11.965,ROUTE_JohnMuirMedicalCenterConcordCampus,0.34227367559577354,9.131666666666666
37.84805555552878,-122.28305555551077,269.1489239410572,HEMORRHAGIC,ROUTE_AltaBatesSummitMedicalCenterAltaBatesCampus,0.32734294144,6.626666666666667,ROUTE_AltaBatesSummitMedicalCenterAltaBatesCampus,0.32734294144,6.626666666666667,ROUTE_JohnMuirMedicalCenterWalnutCreekCampus,0.32734294144,26.043333333333333,ROUTE_KaiserFoundationHospitalOaklandRichmond,0.32734294144,9.068333333333333
37.584166666639675,-122.38972222217751,247.45714825610065,HEMORRHAGIC,ROUTE_MillsPeninsulaMedicalCenterSutter,0.32734294144,3.5300000000000002,ROUTE_MillsPeninsulaMedicalCenterSutter,0.32734294144,3.5300000000000002,ROUTE_MillsPeninsulaMedicalCenterSutter,0.32734294144,3.5300000000000002,ROUTE_MillsPeninsulaMedicalCenterSutter,0.32734294144,3.5300000000000002
37.402222222195086,-122.12749999995509,107.22736434437388,LVO,ROUTE_StanfordHealthCare,0.4164960783197021,17.011666666666667,ROUTE_StanfordHealthCare,0.4164960783197021,17.011666666666667,ROUTE_StanfordHealthCare,0.4164960783197021,17.011666666666667,ROUTE_StanfordHealthCare,0.4164960783197021,17.011666666666667
37.725833333306454,-122.4088888888442,64.79051726699232,HEMORRHAGIC,ROUTE_CPMCDaviesCampusSutter,0.4269203412263911,14.67,ROUTE_CPMCMissionBernalCampusSutter,0.4215161221597862,9.443333333333333,ROUTE_CPMCDaviesCampusSutter,0.4269203412263911,14.67,ROUTE_CPMCMissionBernalCampusSutter,0.4215161221597862,9.443333333333333
37.69638888886199,-122.06638888884393,53.91072551976543,LVO,ROUTE_SutterEdenMedicalCenter,0.4310533262588672,7.998333333333333,ROUTE_SutterEdenMedicalCenter,0.4310533262588672,7.998333333333333,ROUTE_SutterEdenMedicalCenter,0.4310533262588672,7.998333333333333,ROUTE_SutterEdenMedicalCenter,0.4310533262588672,7.998333333333333
37.841388888862106,-122.22138888884405,145.9376207911274,HEMORRHAGIC,ROUTE_SutterEdenMedicalCenter,0.40690621889633466,20.206666666666667,ROUTE_AltaBatesSummitMedicalCenterAltaBatesCampus,0.32734294144,9.158333333333333,ROUTE_SutterEdenMedicalCenter,0.40690621889633466,20.206666666666667,ROUTE_HighlandHospitalWilmaChanCampus,0.346899723171571,11.196666666666665
37.88888888886214,-122.26055555551075,127.18602307976286,NLVO,ROUTE_JohnMuirMedicalCenterWalnutCreekCampus,0.4086956950056742,31.081666666666667,ROUTE_AltaBatesSummitMedicalCenterAltaBatesCampus,0.32734294144,11.633333333333333,ROUTE_JohnMuirMedicalCenterWalnutCreekCampus,0.4086956950056742,31.081666666666667,ROUTE_AltaBatesSummitMedicalCenterSummitCampus,0.348580813919528,20.793333333333333
37.751111111084256,-121.96055555551051,93.08573496153903,HEMORRHAGIC,ROUTE_SutterEdenMedicalCenter,0.418777910032947,21.285,ROUTE_SanRamonRegionalMedicalCenter,0.35721489186604155,8.889999999999999,ROUTE_SutterEdenMedicalCenter,0.418777910032947,21.285,ROUTE_SanRamonRegionalMedicalCenter,0.35721489186604155,8.889999999999999
37.566111111084105,-122.02777777773278,124.32289847622341,HEMORRHAGIC,ROUTE_SutterEdenMedicalCenter,0.41145982581796214,21.833333333333332,ROUTE_StRoseHospital,0.32734294144,12.67,ROUTE_SutterEdenMedicalCenter,0.41145982581796214,21.833333333333332,ROUTE_WashingtonHospitalHealthcareSystem,0.35060892925485265,12.7
37.780277777750946,-122.20472222217737,138.72910803402402,HEMORRHAGIC,ROUTE_SutterEdenMedicalCenter,0.4090116227499733,18.151666666666664,ROUTE_HighlandHospitalWilmaChanCampus,0.34895255491460436,7.235,ROUTE_SutterEdenMedicalCenter,0.4090116227499733,18.151666666666664,ROUTE_HighlandHospitalWilmaChanCampus,0.34895255491460436,7.235
37.93666666663996,-121.9569444443994,30.00716021647669,LVO,ROUTE_JohnMuirMedicalCenterWalnutCreekCampus,0.4353660838824252,13.703333333333335,ROUTE_JohnMuirMedicalCenterWalnutCreekCampus,0.4353660838824252,13.703333333333335,ROUTE_JohnMuirMedicalCenterWalnutCreekCampus,0.4353660838824252,13.703333333333335,ROUTE_JohnMuirMedicalCenterWalnutCreekCampus,0.4353660838824252,13.703333333333335
37.749722222195366,-122.42472222217755,144.37288149763305,MIMIC,ROUTE_CPMCDaviesCampusSutter,0.4104306491717448,6.285,ROUTE_CPMCMissionBernalCampusSutter,0.34893622969226434,1.6783333333333335,ROUTE_CPMCDaviesCampusSutter,0.4104306491717448,6.285,ROUTE_CPMCMissionBernalCampusSutter,0.34893622969226434,1.6783333333333335
37.63111111108416,-122.06999999995504,102.192855690541,LVO,ROUTE_SutterEdenMedicalCenter,0.4179961965829335,15.555,ROUTE_StRoseHospital,0.32734294144,4.806666666666667,ROUTE_SutterEdenMedicalCenter,0.4179961965829335,15.555,ROUTE_KaiserFoundationHospitalSanLeandro,0.3545396139894717,13.861666666666668
37.43249999997289,-122.153888888844,38.744436005037535,HEMORRHAGIC,ROUTE_StanfordHealthCare,0.4350286013018991,6.385000000000001,ROUTE_StanfordHealthCare,0.4350286013018991,6.385000000000001,ROUTE_StanfordHealthCare,0.4350286013018991,6.385000000000001,ROUTE_StanfordHealthCare,0.4350286013018991,6.385000000000001
37.69722222219532,-122.4847222221776,42.91038569753189,HEMORRHAGIC,ROUTE_CPMCDaviesCampusSutter,0.43145537868044975,17.298333333333336,ROUTE_AHMCSetonMedicalCenter,0.4267300136538287,7.028333333333333,ROUTE_CPMCDaviesCampusSutter,0.43145537868044975,17.298333333333336,ROUTE_AHMCSetonMedicalCenter,0.4267300136538287,7.028333333333333
37.706388888861994,-122.41055555551087,141.33344491132334,HEMORRHAGIC,ROUTE_MillsPeninsulaMedicalCenterSutter,0.40858536833034026,17.42,ROUTE_ZuckerbergSanFranciscoGeneralHospital,0.3472859918590122,13.69,ROUTE_MillsPeninsulaMedicalCenterSutter,0.40858536833034026,17.42,ROUTE_ZuckerbergSanFranciscoGeneralHospital,0.3472859918590122,13.69
37.991388888862225,-122.32333333328857,32.84945910987059,LVO,ROUTE_JohnMuirMedicalCenterWalnutCreekCampus,0.42979448269939086,34.394999999999996,ROUTE_KaiserFoundationHospitalRichmondCampus,0.42660891053123506,12.235000000000001,ROUTE_JohnMuirMedicalCenterWalnutCreekCampus,0.42979448269939086,34.394999999999996,ROUTE_KaiserFoundationHospitalRichmondCampus,0.42660891053123506,12.235000000000001
38.038611111084485,-122.54472222217764,154.54032085959187,MIMIC,ROUTE_UCSFMedicalCenter,0.3393806257379133,44.394999999999996,ROUTE_KaiserFoundationHospitalSanRafael,0.34520171313139036,11.91,ROUTE_UCSFMedicalCenter,0.3393806257379133,44.394999999999996,ROUTE_KaiserFoundationHospitalSanRafael,0.34520171313139036,11.91
37.538333333306305,-121.99611111106609,199.32959430705188,LVO,ROUTE_WashingtonHospitalHealthcareSystem,0.3382414876571339,6.066666666666666,ROUTE_WashingtonHospitalHealthcareSystem,0.3382414876571339,6.066666666666666,ROUTE_SutterEdenMedicalCenter,0.3352385573476015,23.266666666666666,ROUTE_WashingtonHospitalHealthcareSystem,0.3382414876571339,6.066666666666666
37.75138888886203,-122.47944444439982,163.57129893439128,HEMORRHAGIC,ROUTE_UCSFMedicalCenter,0.4059232508253757,6.908333333333333,ROUTE_UCSFMedicalCenter,0.4059232508253757,6.908333333333333,ROUTE_UCSFMedicalCenter,0.4059232508253757,6.908333333333333,ROUTE_UCSFMedicalCenter,0.4059232508253757,6.908333333333333
37.80277777775096,-122.26555555551076,64.0693049820755,NLVO,ROUTE_SutterEdenMedicalCenter,0.4251254960869408,23.046666666666667,ROUTE_HighlandHospitalWilmaChanCampus,0.4216200489488554,6.861666666666666,ROUTE_SutterEdenMedicalCenter,0.4251254960869408,23.046666666666667,ROUTE_HighlandHospitalWilmaChanCampus,0.4216200489488554,6.861666666666666
38.02138888886225,-122.26555555551076,37.37409685018206,HEMORRHAGIC,ROUTE_JohnMuirMedicalCenterWalnutCreekCampus,0.4300062526316902,28.971666666666668,ROUTE_ContraCostaRegionalMedicalCenter,0.4036633242945935,15.925,ROUTE_JohnMuirMedicalCenterWalnutCreekCampus,0.4300062526316902,28.971666666666668,ROUTE_KaiserFoundationHospitalRichmondCampus,0.36634856761123125,17.648333333333333
37.76388888886204,-122.19444444439958,192.1269999021325,HEMORRHAGIC,ROUTE_HighlandHospitalWilmaChanCampus,0.33864047507590395,11.001666666666667,ROUTE_HighlandHospitalWilmaChanCampus,0.33864047507590395,11.001666666666667,ROUTE_SutterEdenMedicalCenter,0.3373478104655862,18.361666666666668,ROUTE_HighlandHospitalWilmaChanCampus,0.33864047507590395,11.001666666666667
37.431111111084,-121.96833333328829,65.91797422883857,LVO,ROUTE_ElCaminoHealthMountainView,0.4251530021176447,21.081666666666667,ROUTE_OConnorHospital,0.360275869763686,20.134999999999998,ROUTE_ElCaminoHealthMountainView,0.4251530021176447,21.081666666666667,ROUTE_OConnorHospital,0.360275869763686,20.134999999999998
37.696666666639764,-121.86499999995488,85.96824487864897,NLVO,ROUTE_SutterEdenMedicalCenter,0.42034082526024685,21.666666666666668,ROUTE_StanfordHealthCareTriValley,0.3587811759863371,7.836666666666667,ROUTE_SutterEdenMedicalCenter,0.42034082526024685,21.666666666666668,ROUTE_StanfordHealthCareTriValley,0.3587811759863371,7.836666666666667
37.794166666639846,-122.40694444439976,30.775535502255565,LVO,ROUTE_CPMCDaviesCampusSutter,0.4358961508683066,10.705,ROUTE_ChineseHospital,0.4312798424851404,1.4033333333333333,ROUTE_CPMCDaviesCampusSutter,0.4358961508683066,10.705,ROUTE_ChineseHospital,0.4312798424851404,1.4033333333333333
37.8111111110843,-122.24555555551073,115.72147467092981,HEMORRHAGIC,ROUTE_SutterEdenMedicalCenter,0.41410058014867906,18.918333333333333,ROUTE_HighlandHospitalWilmaChanCampus,0.3536890151282011,4.841666666666667,ROUTE_SutterEdenMedicalCenter,0.41410058014867906,18.918333333333333,ROUTE_HighlandHospitalWilmaChanCampus,0.3536890151282011,4.841666666666667
37.69083333330643,-121.87777777773266,265.72118947900094,NLVO,ROUTE_StanfordHealthCareTriValley,0.32734294144,1.6966666666666665,ROUTE_StanfordHealthCareTriValley,0.32734294144,1.6966666666666665,ROUTE_SutterEdenMedicalCenter,0.32734294144,19.51833333333333,ROUTE_StanfordHealthCareTriValley,0.32734294144,1.6966666666666665
37.70944444441756,-122.43083333328866,168.32690338976127,MIMIC,ROUTE_CPMCDaviesCampusSutter,0.34177263677711356,17.154999999999998,ROUTE_CPMCMissionBernalCampusSutter,0.3428965754374722,10.883333333333333,ROUTE_CPMCDaviesCampusSutter,0.34177263677711356,17.154999999999998,ROUTE_CPMCMissionBernalCampusSutter,0.3428965754374722,10.883333333333333
37.42472222219511,-122.14277777773287,237.89444693900566,HEMORRHAGIC,ROUTE_StanfordHealthCare,0.32734294144,9.653333333333334,ROUTE_StanfordHealthCare,0.32734294144,9.653333333333334,ROUTE_StanfordHealthCare,0.32734294144,9.653333333333334,ROUTE_StanfordHealthCare,0.32734294144,9.653333333333334
37.534999999972975,-122.03444444439945,171.88612337188152,LVO,ROUTE_SutterEdenMedicalCenter,0.3398410169226801,24.448333333333334,ROUTE_WashingtonHospitalHealthcareSystem,0.3414757563388156,15.256666666666666,ROUTE_SutterEdenMedicalCenter,0.3398410169226801,24.448333333333334,ROUTE_WashingtonHospitalHealthcareSystem,0.3414757563388156,15.256666666666666
38.00694444441779,-121.87999999995489,142.32890050062616,LVO,ROUTE_JohnMuirMedicalCenterWalnutCreekCampus,0.40667288439230803,24.84333333333333,ROUTE_SutterDeltaMedicalCenter,0.32734294144,13.986666666666668,ROUTE_JohnMuirMedicalCenterWalnutCreekCampus,0.40667288439230803,24.84333333333333,ROUTE_JohnMuirMedicalCenterConcordCampus,0.3465968426816518,16.461666666666666
37.800833333306514,-122.431666666622,140.55792191631903,LVO,ROUTE_CPMCDaviesCampusSutter,0.41029661991359695,10.688333333333333,ROUTE_UCSFHealthHydeHospital,0.3490442907006699,4.908333333333333,ROUTE_CPMCDaviesCampusSutter,0.41029661991359695,10.688333333333333,ROUTE_UCSFHealthHydeHospital,0.3490442907006699,4.908333333333333
37.68805555552865,-122.4847222221776,71.94490071572017,NLVO,ROUTE_MillsPeninsulaMedicalCenterSutter,0.424533414203669,17.701666666666664,ROUTE_AHMCSetonMedicalCenter,0.36205870613863966,4.923333333333333,ROUTE_MillsPeninsulaMedicalCenterSutter,0.424533414203669,17.701666666666664,ROUTE_AHMCSetonMedicalCenter,0.36205870613863966,4.923333333333333
37.7833333333065,-122.41416666662198,86.77886065402554,LVO,ROUTE_CPMCDaviesCampusSutter,0.4232181190991057,8.498333333333333,ROUTE_UCSFHealthHydeHospital,0.3596732177847816,2.395,ROUTE_CPMCDaviesCampusSutter,0.4232181190991057,8.498333333333333,ROUTE_UCSFHealthHydeHospital,0.3596732177847816,2.395
37.99083333330667,-122.06388888884392,167.72570156242907,LVO,ROUTE_JohnMuirMedicalCenterWalnutCreekCampus,0.3421242016802519,15.79,ROUTE_JohnMuirMedicalCenterConcordCampus,0.3434942796035066,8.163333333333334,ROUTE_JohnMuirMedicalCenterWalnutCreekCampus,0.3421242016802519,15.79,ROUTE_JohnMuirMedicalCenterConcordCampus,0.3434942796035066,8.163333333333334
37.63333333330638,-122.44499999995534,64.33990483704528,HEMORRHAGIC,ROUTE_MillsPeninsulaMedicalCenterSutter,0.4272414673285281,13.753333333333334,ROUTE_KaiserFoundationHospitalSouthSanFrancisco,0.36270516632643496,9.213333333333333,ROUTE_MillsPeninsulaMedicalCenterSutter,0.4272414673285281,13.753333333333334,ROUTE_KaiserFoundationHospitalSouthSanFrancisco,0.36270516632643496,9.213333333333333
37.739166666639804,-122.42388888884422,121.54637431986298,NLVO,ROUTE_CPMCDaviesCampusSutter,0.41507765864344903,8.845,ROUTE_CPMCMissionBernalCampusSutter,0.35301980418494633,2.5733333333333333,ROUTE_CPMCDaviesCampusSutter,0.41507765864344903,8.845,ROUTE_CPMCMissionBernalCampusSutter,0.35301980418494633,2.5733333333333333
37.71583333330645,-121.72166666662143,249.2122244826843,LVO,ROUTE_StanfordHealthCareTriValley,0.32734294144,15.888333333333332,ROUTE_StanfordHealthCareTriValley,0.32734294144,15.888333333333332,ROUTE_SutterEdenMedicalCenter,0.32734294144,27.285,ROUTE_StanfordHealthCareTriValley,0.32734294144,15.888333333333332
37.94583333330663,-122.33666666662192,92.28952014651796,LVO,ROUTE_CPMCDaviesCampusSutter,0.41629874179253,32.805,ROUTE_KaiserFoundationHospitalRichmondCampus,0.35796567067781987,5.763333333333334,ROUTE_CPMCDaviesCampusSutter,0.41629874179253,32.805,ROUTE_KaiserFoundationHospitalRichmondCampus,0.35796567067781987,5.763333333333334
37.73527777775091,-122.41361111106643,31.445788534263144,HEMORRHAGIC,ROUTE_CPMCDaviesCampusSutter,0.4354368922536614,11.966666666666667,ROUTE_CPMCMissionBernalCampusSutter,0.4303795209012943,5.363333333333333,ROUTE_CPMCDaviesCampusSutter,0.4354368922536614,11.966666666666667,ROUTE_CPMCMissionBernalCampusSutter,0.4303795209012943,5.363333333333333
37.770277777750934,-122.43499999995534,192.08909454685858,HEMORRHAGIC,ROUTE_CPMCDaviesCampusSutter,0.340383685222491,1.1866666666666668,ROUTE_CPMCDaviesCampusSutter,0.340383685222491,1.1866666666666668,ROUTE_CPMCDaviesCampusSutter,0.340383685222491,1.1866666666666668,ROUTE_CPMCDaviesCampusSutter,0.340383685222491,1.1866666666666668
37.83055555552876,-122.26305555551075,99.01246176021127,LVO,ROUTE_SutterEdenMedicalCenter,0.416879540344095,23.565,ROUTE_KaiserFoundationHospitalOaklandRichmond,0.3570303740795495,3.93,ROUTE_SutterEdenMedicalCenter,0.416879540344095,23.565,ROUTE_KaiserFoundationHospitalOaklandRichmond,0.3570303740795495,3.93
37.505833333306285,-122.47888888884425,63.45724410993189,HEMORRHAGIC,ROUTE_MillsPeninsulaMedicalCenterSutter,0.4222120550973805,36.13333333333333,ROUTE_AHMCSetonMedicalCenter,0.35804888111423333,34.16166666666666,ROUTE_MillsPeninsulaMedicalCenterSutter,0.4222120550973805,36.13333333333333,ROUTE_AHMCSetonMedicalCenter,0.35804888111423333,34.16166666666666
37.591111111084125,-122.07944444439948,241.19734506019407,LVO,ROUTE_StRoseHospital,0.32734294144,11.476666666666667,ROUTE_StRoseHospital,0.32734294144,11.476666666666667,ROUTE_SutterEdenMedicalCenter,0.32734294144,21.423333333333336,ROUTE_KaiserFoundationHospitalSanLeandro,0.32734294144,19.73
37.666944444417524,-122.07194444439949,81.60221602332928,MIMIC,ROUTE_SutterEdenMedicalCenter,0.42315891448515464,13.928333333333335,ROUTE_StRoseHospital,0.32734294144,11.845,ROUTE_SutterEdenMedicalCenter,0.42315891448515464,13.928333333333335,ROUTE_SutterEdenMedicalCenter,0.42315891448515464,13.928333333333335
37.80694444441763,-122.41111111106642,63.026565650853755,HEMORRHAGIC,ROUTE_CPMCDaviesCampusSutter,0.42767082786329846,13.238333333333333,ROUTE_ChineseHospital,0.4228093206376742,4.845,ROUTE_CPMCDaviesCampusSutter,0.42767082786329846,13.238333333333333,ROUTE_ChineseHospital,0.4228093206376742,4.845
38.255277777751324,-122.61111111106658,244.12812613410483,LVO,ROUTE_PetalumaValleyHospitalProvidence,0.32734294144,6.131666666666666,ROUTE_PetalumaValleyHospitalProvidence,0.32734294144,6.131666666666666,ROUTE_UCSFMedicalCenter,0.32734294144,63.01,ROUTE_PetalumaValleyHospitalProvidence,0.32734294144,6.131666666666666
37.96999999997332,-122.03777777773279,178.49781238954776,LVO,ROUTE_JohnMuirMedicalCenterWalnutCreekCampus,0.3406076706385625,13.516666666666667,ROUTE_JohnMuirMedicalCenterConcordCampus,0.3420945776071821,5.183333333333334,ROUTE_JohnMuirMedicalCenterWalnutCreekCampus,0.3406076706385625,13.516666666666667,ROUTE_JohnMuirMedicalCenterConcordCampus,0.3420945776071821,5.183333333333334
37.54166666663964,-122.30749999995523,184.9364248020112,LVO,ROUTE_KaiserFoundationHospitalRedwoodCity,0.33914706448817705,15.32,ROUTE_SanMateoMedicalCenter,0.32734294144,5.5233333333333325,ROUTE_KaiserFoundationHospitalRedwoodCity,0.33914706448817705,15.32,ROUTE_KaiserFoundationHospitalRedwoodCity,0.33914706448817705,15.32
37.42361111108399,-122.1574999999551,112.95046309623157,LVO,ROUTE_StanfordHealthCare,0.4175982769471145,6.516666666666667,ROUTE_StanfordHealthCare,0.4175982769471145,6.516666666666667,ROUTE_StanfordHealthCare,0.4175982769471145,6.516666666666667,ROUTE_StanfordHealthCare,0.4175982769471145,6.516666666666667
37.3780555555284,-122.11138888884396,132.7075059307472,MIMIC,ROUTE_ElCaminoHealthMountainView,0.4119706818451631,11.215,ROUTE_ElCaminoHealthMountainView,0.4119706818451631,11.215,ROUTE_ElCaminoHealthMountainView,0.4119706818451631,11.215,ROUTE_ElCaminoHealthMountainView,0.4119706818451631,11.215
37.7644444444176,-122.18555555551069,168.724115401688,LVO,ROUTE_SutterEdenMedicalCenter,0.34136054328545523,19.063333333333333,ROUTE_HighlandHospitalWilmaChanCampus,0.3427043386365145,11.556666666666667,ROUTE_SutterEdenMedicalCenter,0.34136054328545523,19.063333333333333,ROUTE_HighlandHospitalWilmaChanCampus,0.3427043386365145,11.556666666666667
37.70666666663978,-122.46222222217757,61.79596528389957,LVO,ROUTE_CPMCDaviesCampusSutter,0.427621224759627,14.68,ROUTE_AHMCSetonMedicalCenter,0.4221089814630575,7.6850000000000005,ROUTE_CPMCDaviesCampusSutter,0.427621224759627,14.68,ROUTE_AHMCSetonMedicalCenter,0.4221089814630575,7.6850000000000005
37.80166666663985,-122.27611111106631,62.85976564056628,HEMORRHAGIC,ROUTE_SutterEdenMedicalCenter,0.42552831330017465,22.53666666666667,ROUTE_AltaBatesSummitMedicalCenterSummitCampus,0.36314788844519436,8.428333333333333,ROUTE_SutterEdenMedicalCenter,0.42552831330017465,22.53666666666667,ROUTE_AltaBatesSummitMedicalCenterSummitCampus,0.36314788844519436,8.428333333333333
37.46499999997292,-122.14666666662177,62.108548165527246,LVO,ROUTE_KaiserFoundationHospitalRedwoodCity,0.4286915003687085,9.816666666666666,ROUTE_KaiserFoundationHospitalRedwoodCity,0.4286915003687085,9.816666666666666,ROUTE_KaiserFoundationHospitalRedwoodCity,0.4286915003687085,9.816666666666666,ROUTE_KaiserFoundationHospitalRedwoodCity,0.4286915003687085,9.816666666666666
37.677222222195304,-121.86055555551043,231.6462033556814,HEMORRHAGIC,ROUTE_StanfordHealthCareTriValley,0.32734294144,8.823333333333332,ROUTE_StanfordHealthCareTriValley,0.32734294144,8.823333333333332,ROUTE_SutterEdenMedicalCenter,0.32734294144,25.873333333333335,ROUTE_StanfordHealthCareTriValley,0.32734294144,8.823333333333332
37.796111111084294,-122.24944444439963,130.93985647466587,LVO,ROUTE_SutterEdenMedicalCenter,0.4100707926726445,21.295,ROUTE_HighlandHospitalWilmaChanCampus,0.35100877326006136,3.933333333333333,ROUTE_SutterEdenMedicalCenter,0.4100707926726445,21.295,ROUTE_HighlandHospitalWilmaChanCampus,0.35100877326006136,3.933333333333333
37.728055555528684,-122.13166666662175,197.71202091759065,LVO,ROUTE_SutterEdenMedicalCenter,0.3375510511597815,11.616666666666667,ROUTE_SanLeandroHospitalAlamedaHealthSystem,0.32734294144,9.793333333333333,ROUTE_SutterEdenMedicalCenter,0.3375510511597815,11.616666666666667,ROUTE_SutterEdenMedicalCenter,0.3375510511597815,11.616666666666667
37.58305555552857,-122.34611111106638,127.36865242993335,MIMIC,ROUTE_MillsPeninsulaMedicalCenterSutter,0.41393549741437713,7.988333333333333,ROUTE_MillsPeninsulaMedicalCenterSutter,0.41393549741437713,7.988333333333333,ROUTE_MillsPeninsulaMedicalCenterSutter,0.41393549741437713,7.988333333333333,ROUTE_MillsPeninsulaMedicalCenterSutter,0.41393549741437713,7.988333333333333
37.46111111108402,-121.91166666662158,116.50586856966416,HEMORRHAGIC,ROUTE_RegionalMedicalCenterOfSanJose,0.41477152793907635,15.216666666666667,ROUTE_RegionalMedicalCenterOfSanJose,0.41477152793907635,15.216666666666667,ROUTE_RegionalMedicalCenterOfSanJose,0.41477152793907635,15.216666666666667,ROUTE_RegionalMedicalCenterOfSanJose,0.41477152793907635,15.216666666666667
37.96888888886221,-122.04222222217724,118.5058318058334,MIMIC,ROUTE_JohnMuirMedicalCenterWalnutCreekCampus,0.4149016034037805,12.65,ROUTE_JohnMuirMedicalCenterConcordCampus,0.3531062526219153,5.155,ROUTE_JohnMuirMedicalCenterWalnutCreekCampus,0.4149016034037805,12.65,ROUTE_JohnMuirMedicalCenterConcordCampus,0.3531062526219153,5.155
37.79888888886207,-121.94111111106605,240.07424731028073,HEMORRHAGIC,ROUTE_SanRamonRegionalMedicalCenter,0.32734294144,14.326666666666666,ROUTE_SanRamonRegionalMedicalCenter,0.32734294144,14.326666666666666,ROUTE_JohnMuirMedicalCenterWalnutCreekCampus,0.32734294144,25.09333333333333,ROUTE_SanRamonRegionalMedicalCenter,0.32734294144,14.326666666666666
38.01277777775113,-122.51555555551096,225.87270563446614,NLVO,ROUTE_KaiserFoundationHospitalSanRafael,0.32734294144,14.715,ROUTE_KaiserFoundationHospitalSanRafael,0.32734294144,14.715,ROUTE_UCSFMedicalCenter,0.32734294144,45.29,ROUTE_KaiserFoundationHospitalSanRafael,0.32734294144,14.715
37.796944444417626,-122.40027777773308,247.7228523749343,HEMORRHAGIC,ROUTE_ChineseHospital,0.32734294144,3.67,ROUTE_ChineseHospital,0.32734294144,3.67,ROUTE_CPMCDaviesCampusSutter,0.32734294144,13.541666666666666,ROUTE_ChineseHospital,0.32734294144,3.67
37.712777777750894,-121.71805555551032,33.20262154863699,HEMORRHAGIC,ROUTE_SutterEdenMedicalCenter,0.43145705625905767,26.998333333333335,ROUTE_StanfordHealthCareTriValley,0.4267700096872754,15.6,ROUTE_SutterEdenMedicalCenter,0.43145705625905767,26.998333333333335,ROUTE_StanfordHealthCareTriValley,0.4267700096872754,15.6
37.55388888886188,-122.28222222217744,205.69989599401777,MIMIC,ROUTE_MillsPeninsulaMedicalCenterSutter,0.33570068867205743,14.233333333333333,ROUTE_SanMateoMedicalCenter,0.32734294144,9.268333333333334,ROUTE_MillsPeninsulaMedicalCenterSutter,0.33570068867205743,14.233333333333333,ROUTE_MillsPeninsulaMedicalCenterSutter,0.33570068867205743,14.233333333333333
38.28138888886246,-122.02083333328834,214.99388969999788,LVO,ROUTE_NorthBayMedicalCenter,0.32734294144,10.45,ROUTE_NorthBayMedicalCenter,0.32734294144,10.45,ROUTE_JohnMuirMedicalCenterWalnutCreekCampus,0.32734294144,44.663333333333334,ROUTE_NorthBayMedicalCenter,0.32734294144,10.45
37.81444444441764,-122.24416666662185,30.7934977334289,NLVO,ROUTE_SutterEdenMedicalCenter,0.43362703029552835,20.241666666666667,ROUTE_KaiserFoundationHospitalOaklandRichmond,0.42951694854865785,6.123333333333333,ROUTE_SutterEdenMedicalCenter,0.43362703029552835,20.241666666666667,ROUTE_KaiserFoundationHospitalOaklandRichmond,0.42951694854865785,6.123333333333333
37.97722222219555,-122.51666666662206,144.27725711813022,HEMORRHAGIC,ROUTE_UCSFMedicalCenter,0.34249494280307463,37.169999999999995,ROUTE_MarinHealthMedicalCenter,0.3473722069740198,10.276666666666667,ROUTE_UCSFMedicalCenter,0.34249494280307463,37.169999999999995,ROUTE_MarinHealthMedicalCenter,0.3473722069740198,10.276666666666667
37.44027777775067,-122.1499999999551,185.55679674519016,HEMORRHAGIC,ROUTE_StanfordHealthCare,0.3404165732653838,7.533333333333333,ROUTE_StanfordHealthCare,0.3404165732653838,7.533333333333333,ROUTE_StanfordHealthCare,0.3404165732653838,7.533333333333333,ROUTE_StanfordHealthCare,0.3404165732653838,7.533333333333333
37.775833333306494,-122.43888888884422,163.38594980403295,HEMORRHAGIC,ROUTE_CPMCDaviesCampusSutter,0.40680013705223156,3.225,ROUTE_CPMCDaviesCampusSutter,0.40680013705223156,3.225,ROUTE_CPMCDaviesCampusSutter,0.40680013705223156,3.225,ROUTE_CPMCDaviesCampusSutter,0.40680013705223156,3.225
37.8641666666399,-122.27083333328854,122.33831652448302,LVO,ROUTE_JohnMuirMedicalCenterWalnutCreekCampus,0.4104090861728961,28.415000000000003,ROUTE_AltaBatesSummitMedicalCenterAltaBatesCampus,0.32734294144,6.266666666666667,ROUTE_JohnMuirMedicalCenterWalnutCreekCampus,0.4104090861728961,28.415000000000003,ROUTE_KaiserFoundationHospitalOaklandRichmond,0.3511856408344221,11.585
37.98333333330666,-122.31722222217746,244.08276795486955,HEMORRHAGIC,ROUTE_KaiserFoundationHospitalRichmondCampus,0.32734294144,11.888333333333332,ROUTE_KaiserFoundationHospitalRichmondCampus,0.32734294144,11.888333333333332,ROUTE_JohnMuirMedicalCenterWalnutCreekCampus,0.32734294144,32.575,ROUTE_KaiserFoundationHospitalRichmondCampus,0.32734294144,11.888333333333332
37.87416666663991,-122.27833333328854,34.82192977361493,NLVO,ROUTE_CPMCDaviesCampusSutter,0.42984864238263926,32.19166666666667,ROUTE_AltaBatesSummitMedicalCenterAltaBatesCampus,0.40558386684477726,10.386666666666667,ROUTE_CPMCDaviesCampusSutter,0.42984864238263926,32.19166666666667,ROUTE_KaiserFoundationHospitalOaklandRichmond,0.42639459961709386,15.218333333333334
37.76722222219538,-122.18444444439957,173.54792225742187,LVO,ROUTE_SutterEdenMedicalCenter,0.3407511990702991,17.66,ROUTE_HighlandHospitalWilmaChanCampus,0.3420912157761279,10.153333333333334,ROUTE_SutterEdenMedicalCenter,0.3407511990702991,17.66,ROUTE_HighlandHospitalWilmaChanCampus,0.3420912157761279,10.153333333333334
37.881666666639916,-122.04388888884391,267.4793317188145,HEMORRHAGIC,ROUTE_KaiserFoundationHospitalWalnutCreek,0.32734294144,6.258333333333334,ROUTE_KaiserFoundationHospitalWalnutCreek,0.32734294144,6.258333333333334,ROUTE_JohnMuirMedicalCenterWalnutCreekCampus,0.32734294144,10.563333333333333,ROUTE_KaiserFoundationHospitalWalnutCreek,0.32734294144,6.258333333333334
37.828888888862096,-122.2094444443996,143.8546823763296,LVO,ROUTE_SutterEdenMedicalCenter,0.4073276451387635,20.43166666666667,ROUTE_HighlandHospitalWilmaChanCampus,0.34745999283950596,10.22,ROUTE_SutterEdenMedicalCenter,0.4073276451387635,20.43166666666667,ROUTE_HighlandHospitalWilmaChanCampus,0.34745999283950596,10.22
37.95555555552886,-122.01055555551055,238.6927819319357,HEMORRHAGIC,ROUTE_JohnMuirMedicalCenterConcordCampus,0.32734294144,10.4,ROUTE_JohnMuirMedicalCenterConcordCampus,0.32734294144,10.4,ROUTE_JohnMuirMedicalCenterWalnutCreekCampus,0.32734294144,12.245000000000001,ROUTE_JohnMuirMedicalCenterConcordCampus,0.32734294144,10.4
37.49999999997294,-121.9227777777327,255.16042718885862,MIMIC,ROUTE_KaiserFoundationHospitalFremont,0.32734294144,15.316666666666666,ROUTE_KaiserFoundationHospitalFremont,0.32734294144,15.316666666666666,ROUTE_RegionalMedicalCenterOfSanJose,0.32734294144,16.616666666666667,ROUTE_KaiserFoundationHospitalFremont,0.32734294144,15.316666666666666
37.73055555552868,-122.39638888884419,241.25837584095854,LVO,ROUTE_CPMCMissionBernalCampusSutter,0.32734294144,10.553333333333335,ROUTE_CPMCMissionBernalCampusSutter,0.32734294144,10.553333333333335,ROUTE_CPMCDaviesCampusSutter,0.32734294144,15.673333333333334,ROUTE_CPMCMissionBernalCampusSutter,0.32734294144,10.553333333333335
37.63805555552861,-122.07388888884392,172.4464543922802,LVO,ROUTE_SutterEdenMedicalCenter,0.3409028795472592,17.91,ROUTE_StRoseHospital,0.32734294144,7.161666666666666,ROUTE_SutterEdenMedicalCenter,0.3409028795472592,17.91,ROUTE_KaiserFoundationHospitalSanLeandro,0.34120461113969147,16.216666666666665
37.567499999972995,-122.02055555551055,99.35423084293919,LVO,ROUTE_SutterEdenMedicalCenter,0.4171480976341998,22.06,ROUTE_WashingtonHospitalHealthcareSystem,0.3555944259742826,11.129999999999999,ROUTE_SutterEdenMedicalCenter,0.4171480976341998,22.06,ROUTE_WashingtonHospitalHealthcareSystem,0.3555944259742826,11.129999999999999
37.77916666663983,-122.46972222217758,85.39252071882616,NLVO,ROUTE_UCSFMedicalCenter,0.4236479323102528,8.043333333333333,ROUTE_UCSFHealthStanyanHospital,0.35941719994285426,5.108333333333333,ROUTE_UCSFMedicalCenter,0.4236479323102528,8.043333333333333,ROUTE_UCSFHealthStanyanHospital,0.35941719994285426,5.108333333333333
37.99916666664001,-121.86305555551043,74.27839735435592,NLVO,ROUTE_JohnMuirMedicalCenterWalnutCreekCampus,0.4218791793494016,26.741666666666667,ROUTE_SutterDeltaMedicalCenter,0.336586081545996,11.646666666666667,ROUTE_JohnMuirMedicalCenterWalnutCreekCampus,0.4218791793494016,26.741666666666667,ROUTE_KaiserFoundationHospitalAntioch,0.3592899054627027,16.883333333333333
38.248333333306874,-122.05222222217725,165.92019445900354,LVO,ROUTE_JohnMuirMedicalCenterWalnutCreekCampus,0.33812107682351705,40.16,ROUTE_NorthBayMedicalCenter,0.3443575241985042,5.1866666666666665,ROUTE_JohnMuirMedicalCenterWalnutCreekCampus,0.33812107682351705,40.16,ROUTE_NorthBayMedicalCenter,0.3443575241985042,5.1866666666666665
37.529999999972965,-121.98888888884386,92.31567105830186,LVO,ROUTE_RegionalMedicalCenterOfSanJose,0.41813717232902525,24.821666666666665,ROUTE_WashingtonHospitalHealthcareSystem,0.35737797340590344,8.806666666666667,ROUTE_RegionalMedicalCenterOfSanJose,0.41813717232902525,24.821666666666665,ROUTE_WashingtonHospitalHealthcareSystem,0.35737797340590344,8.806666666666667
37.534166666639635,-122.02583333328833,251.83397844569794,LVO,ROUTE_WashingtonHospitalHealthcareSystem,0.32734294144,13.308333333333334,ROUTE_WashingtonHospitalHealthcareSystem,0.32734294144,13.308333333333334,ROUTE_SutterEdenMedicalCenter,0.32734294144,24.60666666666667,ROUTE_WashingtonHospitalHealthcareSystem,0.32734294144,13.308333333333334
37.71999999997312,-122.43638888884422,257.0386753307662,HEMORRHAGIC,ROUTE_CPMCMissionBernalCampusSutter,0.32734294144,8.175,ROUTE_CPMCMissionBernalCampusSutter,0.32734294144,8.175,ROUTE_CPMCDaviesCampusSutter,0.32734294144,14.445,ROUTE_CPMCMissionBernalCampusSutter,0.32734294144,8.175
37.700833333306434,-122.09999999995506,251.31044176058197,HEMORRHAGIC,ROUTE_SutterEdenMedicalCenter,0.32734294144,4.3516666666666675,ROUTE_SutterEdenMedicalCenter,0.32734294144,4.3516666666666675,ROUTE_SutterEdenMedicalCenter,0.32734294144,4.3516666666666675,ROUTE_SutterEdenMedicalCenter,0.32734294144,4.3516666666666675
38.327499999973604,-122.30999999995524,231.227669195677,HEMORRHAGIC,ROUTE_ProvidenceQueenOfTheValleyMedicalCenter,0.32734294144,3.4183333333333334,ROUTE_ProvidenceQueenOfTheValleyMedicalCenter,0.32734294144,3.4183333333333334,ROUTE_JohnMuirMedicalCenterWalnutCreekCampus,0.32734294144,50.09166666666667,ROUTE_ProvidenceQueenOfTheValleyMedicalCenter,0.32734294144,3.4183333333333334
37.79388888886207,-122.42361111106644,161.27578767456316,NLVO,ROUTE_CPMCDaviesCampusSutter,0.4058649872058624,9.461666666666668,ROUTE_UCSFHealthHydeHospital,0.34556247953248237,3.1883333333333335,ROUTE_CPMCDaviesCampusSutter,0.4058649872058624,9.461666666666668,ROUTE_UCSFHealthHydeHospital,0.34556247953248237,3.1883333333333335
37.93499999997329,-121.70277777773252,230.3847895503656,HEMORRHAGIC,ROUTE_KaiserFoundationHospitalAntioch,0.32734294144,14.491666666666667,ROUTE_KaiserFoundationHospitalAntioch,0.32734294144,14.491666666666667,ROUTE_JohnMuirMedicalCenterWalnutCreekCampus,0.32734294144,40.71,ROUTE_KaiserFoundationHospitalAntioch,0.32734294144,14.491666666666667
37.759444444417596,-122.39805555551085,105.42057826756064,LVO,ROUTE_CPMCDaviesCampusSutter,0.418104753869461,11.856666666666666,ROUTE_ZuckerbergSanFranciscoGeneralHospital,0.3552778519101697,6.733333333333333,ROUTE_CPMCDaviesCampusSutter,0.418104753869461,11.856666666666666,ROUTE_ZuckerbergSanFranciscoGeneralHospital,0.3552778519101697,6.733333333333333
37.96166666663998,-122.04138888884391,259.8412521915466,LVO,ROUTE_JohnMuirMedicalCenterConcordCampus,0.32734294144,8.126666666666667,ROUTE_JohnMuirMedicalCenterConcordCampus,0.32734294144,8.126666666666667,ROUTE_JohnMuirMedicalCenterWalnutCreekCampus,0.32734294144,11.126666666666667,ROUTE_JohnMuirMedicalCenterConcordCampus,0.32734294144,8.126666666666667
37.67888888886198,-122.13499999995508,219.86881088761945,HEMORRHAGIC,ROUTE_StRoseHospital,0.32734294144,8.808333333333334,ROUTE_StRoseHospital,0.32734294144,8.808333333333334,ROUTE_SutterEdenMedicalCenter,0.32734294144,11.321666666666665,ROUTE_KaiserFoundationHospitalSanLeandro,0.32734294144,10.136666666666667
37.800833333306514,-122.40833333328864,226.9201373553853,LVO,ROUTE_ChineseHospital,0.32734294144,2.6983333333333333,ROUTE_ChineseHospital,0.32734294144,2.6983333333333333,ROUTE_CPMCDaviesCampusSutter,0.32734294144,12.358333333333333,ROUTE_ChineseHospital,0.32734294144,2.6983333333333333
37.99444444441778,-121.80972222217706,220.46018855654899,HEMORRHAGIC,ROUTE_SutterDeltaMedicalCenter,0.32734294144,3.808333333333333,ROUTE_SutterDeltaMedicalCenter,0.32734294144,3.808333333333333,ROUTE_JohnMuirMedicalCenterWalnutCreekCampus,0.32734294144,28.791666666666668,ROUTE_KaiserFoundationHospitalAntioch,0.32734294144,10.276666666666667
37.78527777775095,-122.46861111106647,136.15539827851214,NLVO,ROUTE_UCSFMedicalCenter,0.41147298012286304,9.941666666666666,ROUTE_KaiserFoundationHospitalSanFrancisco,0.349677530688356,5.886666666666667,ROUTE_UCSFMedicalCenter,0.41147298012286304,9.941666666666666,ROUTE_KaiserFoundationHospitalSanFrancisco,0.349677530688356,5.886666666666667
37.78888888886206,-122.43972222217755,145.3728981281906,LVO,ROUTE_CPMCDaviesCampusSutter,0.4101179067762427,6.655,ROUTE_KaiserFoundationHospitalSanFrancisco,0.3484726164758718,3.1933333333333334,ROUTE_CPMCDaviesCampusSutter,0.4101179067762427,6.655,ROUTE_KaiserFoundationHospitalSanFrancisco,0.3484726164758718,3.1933333333333334
38.31194444441804,-122.48999999995537,71.64395023112206,LVO,ROUTE_JohnMuirMedicalCenterWalnutCreekCampus,0.4123021608060528,70.83166666666666,ROUTE_SonomaValleyHospital,0.361174030669845,9.773333333333333,ROUTE_JohnMuirMedicalCenterWalnutCreekCampus,0.4123021608060528,70.83166666666666,ROUTE_SonomaValleyHospital,0.361174030669845,9.773333333333333
37.780833333306504,-122.49583333328872,191.12754397879905,HEMORRHAGIC,ROUTE_UCSFMedicalCenter,0.3387331307310722,11.475,ROUTE_UCSFHealthStanyanHospital,0.3389223138234419,10.403333333333334,ROUTE_UCSFMedicalCenter,0.3387331307310722,11.475,ROUTE_UCSFHealthStanyanHospital,0.3389223138234419,10.403333333333334
37.78611111108428,-122.23944444439962,171.7841888430461,NLVO,ROUTE_SutterEdenMedicalCenter,0.3406143312923777,20.19333333333333,ROUTE_HighlandHospitalWilmaChanCampus,0.3435209820490965,3.9566666666666666,ROUTE_SutterEdenMedicalCenter,0.3406143312923777,20.19333333333333,ROUTE_HighlandHospitalWilmaChanCampus,0.3435209820490965,3.9566666666666666
37.76111111108426,-122.42361111106644,218.7255895746745,NLVO,ROUTE_CPMCMissionBernalCampusSutter,0.33530226250073286,3.503333333333333,ROUTE_CPMCMissionBernalCampusSutter,0.33530226250073286,3.503333333333333,ROUTE_CPMCDaviesCampusSutter,0.33514657589147817,4.401666666666667,ROUTE_CPMCMissionBernalCampusSutter,0.33530226250073286,3.503333333333333
37.823333333306536,-122.23527777773295,60.623074761910345,HEMORRHAGIC,ROUTE_SutterEdenMedicalCenter,0.42600865635851654,22.723333333333336,ROUTE_KaiserFoundationHospitalOaklandRichmond,0.4222696942268419,6.855,ROUTE_SutterEdenMedicalCenter,0.42600865635851654,22.723333333333336,ROUTE_KaiserFoundationHospitalOaklandRichmond,0.4222696942268419,6.855
37.758611111084264,-122.49305555551094,260.28017013947556,MIMIC,ROUTE_UCSFMedicalCenter,0.32734294144,7.71,ROUTE_UCSFMedicalCenter,0.32734294144,7.71,ROUTE_UCSFMedicalCenter,0.32734294144,7.71,ROUTE_UCSFMedicalCenter,0.32734294144,7.71
37.751666666639814,-122.42166666662199,222.49877588382063,MIMIC,ROUTE_CPMCMissionBernalCampusSutter,0.33492803204077637,1.8900000000000001,ROUTE_CPMCMissionBernalCampusSutter,0.33492803204077637,1.8900000000000001,ROUTE_CPMCDaviesCampusSutter,0.32734294144,6.553333333333333,ROUTE_CPMCMissionBernalCampusSutter,0.33492803204077637,1.8900000000000001
38.25222222219577,-122.0338888888439,69.0587708563607,MIMIC,ROUTE_JohnMuirMedicalCenterWalnutCreekCampus,0.4194622922582183,42.36,ROUTE_NorthBayMedicalCenter,0.36244199265733285,5.843333333333334,ROUTE_JohnMuirMedicalCenterWalnutCreekCampus,0.4194622922582183,42.36,ROUTE_NorthBayMedicalCenter,0.36244199265733285,5.843333333333334
37.9222222221955,-121.7208333332881,234.4758615282781,NLVO,ROUTE_KaiserFoundationHospitalAntioch,0.32734294144,12.275,ROUTE_KaiserFoundationHospitalAntioch,0.32734294144,12.275,ROUTE_JohnMuirMedicalCenterWalnutCreekCampus,0.32734294144,37.8,ROUTE_KaiserFoundationHospitalAntioch,0.32734294144,12.275
37.98611111108444,-121.81222222217706,55.558459505878574,LVO,ROUTE_JohnMuirMedicalCenterWalnutCreekCampus,0.4252797855529572,30.9,ROUTE_SutterDeltaMedicalCenter,0.3412424157987994,3.9716666666666667,ROUTE_JohnMuirMedicalCenterWalnutCreekCampus,0.4252797855529572,30.9,ROUTE_KaiserFoundationHospitalAntioch,0.3641844734685717,10.44
37.343888888861706,-122.08138888884393,260.3676357842828,MIMIC,ROUTE_ElCaminoHealthMountainView,0.32734294144,9.601666666666667,ROUTE_ElCaminoHealthMountainView,0.32734294144,9.601666666666667,ROUTE_ElCaminoHealthMountainView,0.32734294144,9.601666666666667,ROUTE_ElCaminoHealthMountainView,0.32734294144,9.601666666666667
37.74083333330647,-122.15694444439956,181.4401714786038,HEMORRHAGIC,ROUTE_SutterEdenMedicalCenter,0.34016082766517125,13.09,ROUTE_SanLeandroHospitalAlamedaHealthSystem,0.32734294144,10.333333333333334,ROUTE_SutterEdenMedicalCenter,0.34016082766517125,13.09,ROUTE_HighlandHospitalWilmaChanCampus,0.3405954265227624,10.643333333333334
37.9613888888622,-122.32527777773302,191.80228821112144,HEMORRHAGIC,ROUTE_KaiserFoundationHospitalRichmondCampus,0.3385310721780945,11.948333333333332,ROUTE_KaiserFoundationHospitalRichmondCampus,0.3385310721780945,11.948333333333332,ROUTE_CPMCDaviesCampusSutter,0.32734294144,34.615,ROUTE_KaiserFoundationHospitalRichmondCampus,0.3385310721780945,11.948333333333332
37.53666666663964,-122.00361111106609,36.12467208460735,LVO,ROUTE_SutterEdenMedicalCenter,0.4316013591441593,23.466666666666665,ROUTE_WashingtonHospitalHealthcareSystem,0.427159232203473,8.488333333333333,ROUTE_SutterEdenMedicalCenter,0.4316013591441593,23.466666666666665,ROUTE_WashingtonHospitalHealthcareSystem,0.427159232203473,8.488333333333333
37.553611111084095,-122.0086111110661,140.66551433250982,LVO,ROUTE_SutterEdenMedicalCenter,0.4074397754799321,23.126666666666665,ROUTE_WashingtonHospitalHealthcareSystem,0.3483330030719372,8.658333333333333,ROUTE_SutterEdenMedicalCenter,0.4074397754799321,23.126666666666665,ROUTE_WashingtonHospitalHealthcareSystem,0.3483330030719372,8.658333333333333
37.89749999997326,-121.60527777773244,75.92469358576898,NLVO,ROUTE_JohnMuirMedicalCenterWalnutCreekCampus,0.4156674436720912,51.906666666666666,ROUTE_KaiserFoundationHospitalAntioch,0.3571517905456304,26.381666666666668,ROUTE_JohnMuirMedicalCenterWalnutCreekCampus,0.4156674436720912,51.906666666666666,ROUTE_KaiserFoundationHospitalAntioch,0.3571517905456304,26.381666666666668
37.779444444417614,-122.40999999995532,47.85865826655073,LVO,ROUTE_CPMCDaviesCampusSutter,0.4322003026464592,9.2,ROUTE_UCSFHealthHydeHospital,0.4264578209196954,4.916666666666667,ROUTE_CPMCDaviesCampusSutter,0.4322003026464592,9.2,ROUTE_UCSFHealthHydeHospital,0.4264578209196954,4.916666666666667
37.654999999973064,-122.04555555551057,82.10825183537804,LVO,ROUTE_SutterEdenMedicalCenter,0.4221868889264577,17.591666666666665,ROUTE_StRoseHospital,0.32734294144,13.835,ROUTE_SutterEdenMedicalCenter,0.4221868889264577,17.591666666666665,ROUTE_SutterEdenMedicalCenter,0.4221868889264577,17.591666666666665
37.554444444417435,-121.9694444443994,164.02770487338728,LVO,ROUTE_RegionalMedicalCenterOfSanJose,0.34091969226393765,26.233333333333334,ROUTE_KaiserFoundationHospitalFremont,0.3452157467023727,2.3449999999999998,ROUTE_RegionalMedicalCenterOfSanJose,0.34091969226393765,26.233333333333334,ROUTE_KaiserFoundationHospitalFremont,0.3452157467023727,2.3449999999999998
37.60138888886191,-122.39416666662197,174.92494754300418,HEMORRHAGIC,ROUTE_MillsPeninsulaMedicalCenterSutter,0.40431595807221016,2.665,ROUTE_MillsPeninsulaMedicalCenterSutter,0.40431595807221016,2.665,ROUTE_MillsPeninsulaMedicalCenterSutter,0.40431595807221016,2.665,ROUTE_MillsPeninsulaMedicalCenterSutter,0.40431595807221016,2.665
37.396666666639526,-122.20444444439958,32.458586977182705,LVO,ROUTE_StanfordHealthCare,0.43328415084279903,20.023333333333333,ROUTE_StanfordHealthCare,0.43328415084279903,20.023333333333333,ROUTE_StanfordHealthCare,0.43328415084279903,20.023333333333333,ROUTE_StanfordHealthCare,0.43328415084279903,20.023333333333333
37.782222222195394,-122.22638888884406,91.53086825982905,MIMIC,ROUTE_SutterEdenMedicalCenter,0.4194204798620855,20.06833333333333,ROUTE_HighlandHospitalWilmaChanCampus,0.3582714710397088,4.926666666666667,ROUTE_SutterEdenMedicalCenter,0.4194204798620855,20.06833333333333,ROUTE_HighlandHospitalWilmaChanCampus,0.3582714710397088,4.926666666666667
37.40444444441731,-122.05805555551059,209.3057799483656,LVO,ROUTE_ElCaminoHealthMountainView,0.33552201013377847,11.656666666666666,ROUTE_ElCaminoHealthMountainView,0.33552201013377847,11.656666666666666,ROUTE_ElCaminoHealthMountainView,0.33552201013377847,11.656666666666666,ROUTE_ElCaminoHealthMountainView,0.33552201013377847,11.656666666666666
38.01527777775113,-122.25527777773297,261.0157908514399,NLVO,ROUTE_ContraCostaRegionalMedicalCenter,0.32734294144,14.558333333333334,ROUTE_ContraCostaRegionalMedicalCenter,0.32734294144,14.558333333333334,ROUTE_JohnMuirMedicalCenterWalnutCreekCampus,0.32734294144,27.605,ROUTE_KaiserFoundationHospitalRichmondCampus,0.32734294144,16.176666666666666
37.97861111108444,-122.07999999995505,239.21643609149453,HEMORRHAGIC,ROUTE_JohnMuirMedicalCenterConcordCampus,0.32734294144,11.796666666666665,ROUTE_JohnMuirMedicalCenterConcordCampus,0.32734294144,11.796666666666665,ROUTE_JohnMuirMedicalCenterWalnutCreekCampus,0.32734294144,16.378333333333334,ROUTE_JohnMuirMedicalCenterConcordCampus,0.32734294144,11.796666666666665
37.425833333306215,-122.1777777777329,38.571599679836226,LVO,ROUTE_StanfordHealthCare,0.43512605968041207,6.1483333333333325,ROUTE_StanfordHealthCare,0.43512605968041207,6.1483333333333325,ROUTE_StanfordHealthCare,0.43512605968041207,6.1483333333333325,ROUTE_StanfordHealthCare,0.43512605968041207,6.1483333333333325
37.708888888862,-121.87694444439933,68.15344732998123,NLVO,ROUTE_SutterEdenMedicalCenter,0.42522812124168213,18.525,ROUTE_StanfordHealthCareTriValley,0.3625214884194826,6.34,ROUTE_SutterEdenMedicalCenter,0.42522812124168213,18.525,ROUTE_StanfordHealthCareTriValley,0.3625214884194826,6.34
37.969166666639985,-122.03722222217723,213.88016283432103,LVO,ROUTE_JohnMuirMedicalCenterConcordCampus,0.3357543547084152,5.743333333333334,ROUTE_JohnMuirMedicalCenterConcordCampus,0.3357543547084152,5.743333333333334,ROUTE_JohnMuirMedicalCenterWalnutCreekCampus,0.32734294144,13.138333333333332,ROUTE_JohnMuirMedicalCenterConcordCampus,0.3357543547084152,5.743333333333334
38.24388888886243,-122.07583333328837,186.69566350533873,HEMORRHAGIC,ROUTE_NorthBayMedicalCenter,0.3400227592629145,8.613333333333333,ROUTE_NorthBayMedicalCenter,0.3400227592629145,8.613333333333333,ROUTE_JohnMuirMedicalCenterWalnutCreekCampus,0.32734294144,40.355000000000004,ROUTE_NorthBayMedicalCenter,0.3400227592629145,8.613333333333333
37.75694444441759,-122.41749999995531,77.65767180831538,LVO,ROUTE_CPMCDaviesCampusSutter,0.4257119683537659,6.955,ROUTE_CPMCMissionBernalCampusSutter,0.36101717286207596,4.568333333333333,ROUTE_CPMCDaviesCampusSutter,0.4257119683537659,6.955,ROUTE_CPMCMissionBernalCampusSutter,0.36101717286207596,4.568333333333333
37.733055555528686,-122.2333333332885,161.1531086521705,LVO,ROUTE_SutterEdenMedicalCenter,0.3423260340873549,21.236666666666668,ROUTE_AlamedaHospital,0.344458864757895,9.395000000000001,ROUTE_SutterEdenMedicalCenter,0.3423260340873549,21.236666666666668,ROUTE_AlamedaHospital,0.344458864757895,9.395000000000001
37.58583333330635,-122.34361111106637,41.208579430589715,LVO,ROUTE_MillsPeninsulaMedicalCenterSutter,0.4340026982073745,8.241666666666667,ROUTE_MillsPeninsulaMedicalCenterSutter,0.4340026982073745,8.241666666666667,ROUTE_MillsPeninsulaMedicalCenterSutter,0.4340026982073745,8.241666666666667,ROUTE_MillsPeninsulaMedicalCenterSutter,0.4340026982073745,8.241666666666667
37.78249999997317,-122.3988888888442,202.859371738722,HEMORRHAGIC,ROUTE_ChineseHospital,0.3376001589274908,6.1883333333333335,ROUTE_ChineseHospital,0.3376001589274908,6.1883333333333335,ROUTE_CPMCDaviesCampusSutter,0.3370900117810666,9.101666666666667,ROUTE_ChineseHospital,0.3376001589274908,6.1883333333333335
37.58861111108413,-122.02861111106611,135.6951739954092,NLVO,ROUTE_SutterEdenMedicalCenter,0.4090167320965962,21.163333333333334,ROUTE_StRoseHospital,0.32734294144,12.001666666666667,ROUTE_SutterEdenMedicalCenter,0.4090167320965962,21.163333333333334,ROUTE_WashingtonHospitalHealthcareSystem,0.34817175635873204,14.504999999999999
38.24888888886243,-122.59638888884434,207.17797622328453,LVO,ROUTE_PetalumaValleyHospitalProvidence,0.3364259477115832,8.586666666666668,ROUTE_PetalumaValleyHospitalProvidence,0.3364259477115832,8.586666666666668,ROUTE_UCSFMedicalCenter,0.32734294144,64.04,ROUTE_PetalumaValleyHospitalProvidence,0.3364259477115832,8.586666666666668
37.709166666639774,-122.12638888884398,253.5649047882301,LVO,ROUTE_SanLeandroHospitalAlamedaHealthSystem,0.32734294144,4.136666666666667,ROUTE_SanLeandroHospitalAlamedaHealthSystem,0.32734294144,4.136666666666667,ROUTE_SutterEdenMedicalCenter,0.32734294144,7.795,ROUTE_SutterEdenMedicalCenter,0.32734294144,7.795
37.466944444417365,-122.14666666662177,125.1339112940495,HEMORRHAGIC,ROUTE_KaiserFoundationHospitalRedwoodCity,0.41383342624067104,10.668333333333333,ROUTE_KaiserFoundationHospitalRedwoodCity,0.41383342624067104,10.668333333333333,ROUTE_KaiserFoundationHospitalRedwoodCity,0.41383342624067104,10.668333333333333,ROUTE_KaiserFoundationHospitalRedwoodCity,0.41383342624067104,10.668333333333333
37.69777777775088,-122.13916666662176,91.98633512107789,HEMORRHAGIC,ROUTE_SutterEdenMedicalCenter,0.42151992241498243,10.576666666666666,ROUTE_SanLeandroHospitalAlamedaHealthSystem,0.32734294144,5.866666666666666,ROUTE_SutterEdenMedicalCenter,0.42151992241498243,10.576666666666666,ROUTE_KaiserFoundationHospitalSanLeandro,0.3575382805462119,8.298333333333334
38.0119444444178,-121.7952777777326,231.87240873005888,LVO,ROUTE_SutterDeltaMedicalCenter,0.32734294144,7.458333333333333,ROUTE_SutterDeltaMedicalCenter,0.32734294144,7.458333333333333,ROUTE_JohnMuirMedicalCenterWalnutCreekCampus,0.32734294144,32.056666666666665,ROUTE_KaiserFoundationHospitalAntioch,0.32734294144,12.976666666666667
37.831666666639876,-122.01583333328833,122.85656363784584,LVO,ROUTE_JohnMuirMedicalCenterWalnutCreekCampus,0.4132240772549021,15.598333333333333,ROUTE_KaiserFoundationHospitalWalnutCreek,0.35138711471383965,9.986666666666668,ROUTE_JohnMuirMedicalCenterWalnutCreekCampus,0.4132240772549021,15.598333333333333,ROUTE_KaiserFoundationHospitalWalnutCreek,0.35138711471383965,9.986666666666668
38.273611111084676,-122.01749999995499,147.75602531227526,LVO,ROUTE_JohnMuirMedicalCenterWalnutCreekCampus,0.3404456117919989,45.169999999999995,ROUTE_NorthBayMedicalCenter,0.3466107671108949,10.958333333333334,ROUTE_JohnMuirMedicalCenterWalnutCreekCampus,0.3404456117919989,45.169999999999995,ROUTE_NorthBayMedicalCenter,0.3466107671108949,10.958333333333334
37.66583333330641,-121.79055555551037,106.85774589760146,HEMORRHAGIC,ROUTE_SutterEdenMedicalCenter,0.41356844962460537,30.098333333333336,ROUTE_StanfordHealthCareTriValley,0.3528562059402124,18.133333333333333,ROUTE_SutterEdenMedicalCenter,0.41356844962460537,30.098333333333336,ROUTE_StanfordHealthCareTriValley,0.3528562059402124,18.133333333333333
38.00499999997335,-121.71749999995475,242.96067000127934,LVO,ROUTE_SutterDeltaMedicalCenter,0.32734294144,17.091666666666665,ROUTE_SutterDeltaMedicalCenter,0.32734294144,17.091666666666665,ROUTE_JohnMuirMedicalCenterWalnutCreekCampus,0.32734294144,38.65,ROUTE_KaiserFoundationHospitalAntioch,0.32734294144,17.641666666666666
37.78555555552873,-122.41361111106643,51.20987254271303,HEMORRHAGIC,ROUTE_CPMCDaviesCampusSutter,0.43141386210086385,9.173333333333334,ROUTE_UCSFHealthHydeHospital,0.4261206447951645,2.9883333333333337,ROUTE_CPMCDaviesCampusSutter,0.43141386210086385,9.173333333333334,ROUTE_UCSFHealthHydeHospital,0.4261206447951645,2.9883333333333337
37.77638888886205,-122.48888888884426,242.1396841671447,LVO,ROUTE_UCSFHealthStanyanHospital,0.32734294144,7.401666666666667,ROUTE_UCSFHealthStanyanHospital,0.32734294144,7.401666666666667,ROUTE_UCSFMedicalCenter,0.32734294144,8.475,ROUTE_UCSFHealthStanyanHospital,0.32734294144,7.401666666666667
37.984444444417775,-122.27222222217742,160.0627844089265,LVO,ROUTE_JohnMuirMedicalCenterWalnutCreekCampus,0.34032323497250366,33.553333333333335,ROUTE_KaiserFoundationHospitalRichmondCampus,0.34303270469617597,18.39,ROUTE_JohnMuirMedicalCenterWalnutCreekCampus,0.34032323497250366,33.553333333333335,ROUTE_KaiserFoundationHospitalRichmondCampus,0.34303270469617597,18.39
37.95166666663997,-122.09499999995506,94.45834493715199,MIMIC,ROUTE_JohnMuirMedicalCenterWalnutCreekCampus,0.4197112571255588,15.888333333333332,ROUTE_JohnMuirMedicalCenterConcordCampus,0.35595963507546874,14.103333333333333,ROUTE_JohnMuirMedicalCenterWalnutCreekCampus,0.4197112571255588,15.888333333333332,ROUTE_JohnMuirMedicalCenterConcordCampus,0.35595963507546874,14.103333333333333
37.83944444441766,-122.20499999995515,93.62539158676033,NLVO,ROUTE_SutterEdenMedicalCenter,0.41852526497479126,21.836666666666666,ROUTE_AltaBatesSummitMedicalCenterAltaBatesCampus,0.32734294144,11.981666666666666,ROUTE_SutterEdenMedicalCenter,0.41852526497479126,21.836666666666666,ROUTE_KaiserFoundationHospitalOaklandRichmond,0.35644289659454487,12.396666666666667
37.611944444417475,-122.41833333328866,100.21097033076639,LVO,ROUTE_MillsPeninsulaMedicalCenterSutter,0.41983941328952945,9.583333333333334,ROUTE_MillsPeninsulaMedicalCenterSutter,0.41983941328952945,9.583333333333334,ROUTE_MillsPeninsulaMedicalCenterSutter,0.41983941328952945,9.583333333333334,ROUTE_MillsPeninsulaMedicalCenterSutter,0.41983941328952945,9.583333333333334
37.99194444441778,-121.69999999995474,260.4423391145608,LVO,ROUTE_KaiserFoundationHospitalAntioch,0.32734294144,16.483333333333334,ROUTE_KaiserFoundationHospitalAntioch,0.32734294144,16.483333333333334,ROUTE_JohnMuirMedicalCenterWalnutCreekCampus,0.32734294144,38.093333333333334,ROUTE_KaiserFoundationHospitalAntioch,0.32734294144,16.483333333333334
37.724444444417564,-122.40444444439976,39.084284114768394,LVO,ROUTE_CPMCDaviesCampusSutter,0.43300103254849537,14.591666666666667,ROUTE_ZuckerbergSanFranciscoGeneralHospital,0.4273619172018843,9.818333333333333,ROUTE_CPMCDaviesCampusSutter,0.43300103254849537,14.591666666666667,ROUTE_ZuckerbergSanFranciscoGeneralHospital,0.4273619172018843,9.818333333333333
37.99527777775112,-121.89861111106602,130.4387123347907,HEMORRHAGIC,ROUTE_JohnMuirMedicalCenterWalnutCreekCampus,0.4104039344526078,20.336666666666666,ROUTE_SutterDeltaMedicalCenter,0.32734294144,11.926666666666668,ROUTE_JohnMuirMedicalCenterWalnutCreekCampus,0.4104039344526078,20.336666666666666,ROUTE_JohnMuirMedicalCenterConcordCampus,0.3491600850457426,14.401666666666667
37.792499999973174,-122.21916666662183,104.55796692399927,MIMIC,ROUTE_SutterEdenMedicalCenter,0.4170635207805287,17.223333333333336,ROUTE_HighlandHospitalWilmaChanCampus,0.3558524494399628,4.568333333333333,ROUTE_SutterEdenMedicalCenter,0.4170635207805287,17.223333333333336,ROUTE_HighlandHospitalWilmaChanCampus,0.3558524494399628,4.568333333333333
37.657777777750844,-122.40944444439975,62.55394494125969,HEMORRHAGIC,ROUTE_MillsPeninsulaMedicalCenterSutter,0.4283226197322935,10.94,ROUTE_KaiserFoundationHospitalSouthSanFrancisco,0.4219249459172086,7.546666666666667,ROUTE_MillsPeninsulaMedicalCenterSutter,0.4283226197322935,10.94,ROUTE_KaiserFoundationHospitalSouthSanFrancisco,0.4219249459172086,7.546666666666667
37.93833333330663,-122.32277777773302,197.02903009954673,HEMORRHAGIC,ROUTE_KaiserFoundationHospitalRichmondCampus,0.3382064784637756,8.565,ROUTE_KaiserFoundationHospitalRichmondCampus,0.3382064784637756,8.565,ROUTE_CPMCDaviesCampusSutter,0.32734294144,32.10166666666667,ROUTE_KaiserFoundationHospitalRichmondCampus,0.3382064784637756,8.565
37.38472222219507,-122.04166666662168,255.00555776080284,MIMIC,ROUTE_ElCaminoHealthMountainView,0.32734294144,12.571666666666665,ROUTE_ElCaminoHealthMountainView,0.32734294144,12.571666666666665,ROUTE_ElCaminoHealthMountainView,0.32734294144,12.571666666666665,ROUTE_ElCaminoHealthMountainView,0.32734294144,12.571666666666665
37.76333333330649,-122.4213888888442,163.2753876797229,LVO,ROUTE_CPMCDaviesCampusSutter,0.40641716695925667,5.025,ROUTE_CPMCMissionBernalCampusSutter,0.34500156617189476,4.276666666666667,ROUTE_CPMCDaviesCampusSutter,0.40641716695925667,5.025,ROUTE_CPMCMissionBernalCampusSutter,0.34500156617189476,4.276666666666667
37.76388888886204,-122.47972222217759,107.24457234651322,NLVO,ROUTE_UCSFMedicalCenter,0.4192183284721057,5.2266666666666675,ROUTE_UCSFMedicalCenter,0.4192183284721057,5.2266666666666675,ROUTE_UCSFMedicalCenter,0.4192183284721057,5.2266666666666675,ROUTE_UCSFMedicalCenter,0.4192183284721057,5.2266666666666675
37.80138888886207,-122.1930555555107,75.91828109827497,LVO,ROUTE_SutterEdenMedicalCenter,0.42380720945405165,16.835,ROUTE_HighlandHospitalWilmaChanCampus,0.36077214538206837,7.571666666666667,ROUTE_SutterEdenMedicalCenter,0.42380720945405165,16.835,ROUTE_HighlandHospitalWilmaChanCampus,0.36077214538206837,7.571666666666667
37.785833333306506,-122.23222222217738,225.05420955324382,LVO,ROUTE_HighlandHospitalWilmaChanCampus,0.32734294144,3.06,ROUTE_HighlandHospitalWilmaChanCampus,0.32734294144,3.06,ROUTE_SutterEdenMedicalCenter,0.32734294144,20.421666666666667,ROUTE_HighlandHospitalWilmaChanCampus,0.32734294144,3.06
37.90194444441771,-122.03749999995502,180.4785773239696,HEMORRHAGIC,ROUTE_JohnMuirMedicalCenterWalnutCreekCampus,0.34110306409262964,8.753333333333334,ROUTE_JohnMuirMedicalCenterWalnutCreekCampus,0.34110306409262964,8.753333333333334,ROUTE_JohnMuirMedicalCenterWalnutCreekCampus,0.34110306409262964,8.753333333333334,ROUTE_JohnMuirMedicalCenterWalnutCreekCampus,0.34110306409262964,8.753333333333334
37.40249999997287,-122.08277777773283,227.09889101072324,HEMORRHAGIC,ROUTE_ElCaminoHealthMountainView,0.32734294144,13.17,ROUTE_ElCaminoHealthMountainView,0.32734294144,13.17,ROUTE_ElCaminoHealthMountainView,0.32734294144,13.17,ROUTE_ElCaminoHealthMountainView,0.32734294144,13.17
37.72083333330645,-121.73138888884365,203.93580719376993,HEMORRHAGIC,ROUTE_StanfordHealthCareTriValley,0.33542917260798627,17.561666666666667,ROUTE_StanfordHealthCareTriValley,0.33542917260798627,17.561666666666667,ROUTE_SutterEdenMedicalCenter,0.32734294144,28.958333333333332,ROUTE_StanfordHealthCareTriValley,0.33542917260798627,17.561666666666667
37.91138888886216,-121.59527777773243,50.7164391027349,HEMORRHAGIC,ROUTE_JohnMuirMedicalCenterWalnutCreekCampus,0.42108683287924037,53.708333333333336,ROUTE_KaiserFoundationHospitalAntioch,0.36166333342945295,28.183333333333334,ROUTE_JohnMuirMedicalCenterWalnutCreekCampus,0.42108683287924037,53.708333333333336,ROUTE_KaiserFoundationHospitalAntioch,0.36166333342945295,28.183333333333334
37.97249999997332,-122.29583333328856,55.126974675049325,HEMORRHAGIC,ROUTE_JohnMuirMedicalCenterWalnutCreekCampus,0.42414415328845406,36.184999999999995,ROUTE_KaiserFoundationHospitalRichmondCampus,0.36267567089280583,18.576666666666664,ROUTE_JohnMuirMedicalCenterWalnutCreekCampus,0.42414415328845406,36.184999999999995,ROUTE_KaiserFoundationHospitalRichmondCampus,0.36267567089280583,18.576666666666664
37.439722222195115,-122.18888888884402,91.00162880826882,MIMIC,ROUTE_StanfordHealthCare,0.4220855326515809,9.133333333333333,ROUTE_StanfordHealthCare,0.4220855326515809,9.133333333333333,ROUTE_StanfordHealthCare,0.4220855326515809,9.133333333333333,ROUTE_StanfordHealthCare,0.4220855326515809,9.133333333333333
38.003888888862235,-122.56055555551099,57.23269086172315,LVO,ROUTE_UCSFMedicalCenter,0.421388933806571,45.89333333333333,ROUTE_KaiserFoundationHospitalSanRafael,0.36509380421108545,4.1433333333333335,ROUTE_UCSFMedicalCenter,0.421388933806571,45.89333333333333,ROUTE_KaiserFoundationHospitalSanRafael,0.36509380421108545,4.1433333333333335
38.26555555552911,-122.4908333332887,259.7913091037789,HEMORRHAGIC,ROUTE_SonomaValleyHospital,0.32734294144,7.066666666666666,ROUTE_SonomaValleyHospital,0.32734294144,7.066666666666666,ROUTE_JohnMuirMedicalCenterWalnutCreekCampus,0.32734294144,63.46666666666667,ROUTE_SonomaValleyHospital,0.32734294144,7.066666666666666
38.3224999999736,-122.28999999995521,194.72976517122586,HEMORRHAGIC,ROUTE_ProvidenceQueenOfTheValleyMedicalCenter,0.33946843522087133,3.7083333333333335,ROUTE_ProvidenceQueenOfTheValleyMedicalCenter,0.33946843522087133,3.7083333333333335,ROUTE_JohnMuirMedicalCenterWalnutCreekCampus,0.32734294144,52.983333333333334,ROUTE_ProvidenceQueenOfTheValleyMedicalCenter,0.33946843522087133,3.7083333333333335
38.00916666664002,-121.8066666666215,241.23942390757875,HEMORRHAGIC,ROUTE_SutterDeltaMedicalCenter,0.32734294144,7.598333333333333,ROUTE_SutterDeltaMedicalCenter,0.32734294144,7.598333333333333,ROUTE_JohnMuirMedicalCenterWalnutCreekCampus,0.32734294144,29.706666666666667,ROUTE_KaiserFoundationHospitalAntioch,0.32734294144,13.291666666666666
37.94444444441774,-122.33138888884413,243.555472994662,NLVO,ROUTE_KaiserFoundationHospitalRichmondCampus,0.32734294144,6.236666666666666,ROUTE_KaiserFoundationHospitalRichmondCampus,0.32734294144,6.236666666666666,ROUTE_CPMCDaviesCampusSutter,0.32734294144,32.05166666666666,ROUTE_KaiserFoundationHospitalRichmondCampus,0.32734294144,6.236666666666666
37.79999999997318,-122.2763888888441,190.61135637008982,HEMORRHAGIC,ROUTE_HighlandHospitalWilmaChanCampus,0.3394242642204783,8.076666666666666,ROUTE_HighlandHospitalWilmaChanCampus,0.3394242642204783,8.076666666666666,ROUTE_SutterEdenMedicalCenter,0.33698030418083746,21.978333333333335,ROUTE_HighlandHospitalWilmaChanCampus,0.3394242642204783,8.076666666666666
37.93333333330662,-121.93305555551049,74.28267527554954,MIMIC,ROUTE_JohnMuirMedicalCenterWalnutCreekCampus,0.4241882441868223,16.84,ROUTE_JohnMuirMedicalCenterWalnutCreekCampus,0.4241882441868223,16.84,ROUTE_JohnMuirMedicalCenterWalnutCreekCampus,0.4241882441868223,16.84,ROUTE_JohnMuirMedicalCenterWalnutCreekCampus,0.4241882441868223,16.84
37.67972222219531,-121.89166666662156,81.87859164899068,MIMIC,ROUTE_SutterEdenMedicalCenter,0.4212630809718734,21.788333333333334,ROUTE_StanfordHealthCareTriValley,0.35954260804267607,7.971666666666667,ROUTE_SutterEdenMedicalCenter,0.4212630809718734,21.788333333333334,ROUTE_StanfordHealthCareTriValley,0.35954260804267607,7.971666666666667
37.632222222195274,-122.04361111106613,177.496630988363,LVO,ROUTE_SutterEdenMedicalCenter,0.3393009077425427,21.89,ROUTE_StRoseHospital,0.32734294144,12.436666666666667,ROUTE_SutterEdenMedicalCenter,0.3393009077425427,21.89,ROUTE_KaiserFoundationHospitalSanLeandro,0.33960035919230075,20.196666666666665
37.787222222195396,-122.40722222217754,84.76954044254967,LVO,ROUTE_CPMCDaviesCampusSutter,0.423186959766903,10.641666666666667,ROUTE_UCSFHealthHydeHospital,0.3598998789583591,3.23,ROUTE_CPMCDaviesCampusSutter,0.423186959766903,10.641666666666667,ROUTE_UCSFHealthHydeHospital,0.3598998789583591,3.23
37.88194444441769,-122.26583333328853,89.67144868028677,NLVO,ROUTE_SutterEdenMedicalCenter,0.4171508585027853,31.73166666666667,ROUTE_AltaBatesSummitMedicalCenterAltaBatesCampus,0.32734294144,9.31,ROUTE_SutterEdenMedicalCenter,0.4171508585027853,31.73166666666667,ROUTE_KaiserFoundationHospitalOaklandRichmond,0.35628817271841834,17.163333333333334
37.46999999997292,-122.14333333328842,195.74246160011936,LVO,ROUTE_KaiserFoundationHospitalRedwoodCity,0.33800418942316585,11.003333333333334,ROUTE_KaiserFoundationHospitalRedwoodCity,0.33800418942316585,11.003333333333334,ROUTE_KaiserFoundationHospitalRedwoodCity,0.33800418942316585,11.003333333333334,ROUTE_KaiserFoundationHospitalRedwoodCity,0.33800418942316585,11.003333333333334
37.748055555528694,-122.16444444439956,53.021832818840586,LVO,ROUTE_SutterEdenMedicalCenter,0.4299344619750451,13.628333333333334,ROUTE_SanLeandroHospitalAlamedaHealthSystem,0.4023903182472999,11.445,ROUTE_SutterEdenMedicalCenter,0.4299344619750451,13.628333333333334,ROUTE_HighlandHospitalWilmaChanCampus,0.422954250603278,12.248333333333333
37.459999999972915,-122.27555555551076,127.42054766762784,LVO,ROUTE_KaiserFoundationHospitalRedwoodCity,0.4116316985553506,17.983333333333334,ROUTE_SequoiaHospital,0.3499695822930802,13.045,ROUTE_KaiserFoundationHospitalRedwoodCity,0.4116316985553506,17.983333333333334,ROUTE_SequoiaHospital,0.3499695822930802,13.045
37.764999999973156,-122.44388888884423,188.3432115863324,HEMORRHAGIC,ROUTE_CPMCDaviesCampusSutter,0.3406713572564484,3.3133333333333335,ROUTE_CPMCDaviesCampusSutter,0.3406713572564484,3.3133333333333335,ROUTE_CPMCDaviesCampusSutter,0.3406713572564484,3.3133333333333335,ROUTE_CPMCDaviesCampusSutter,0.3406713572564484,3.3133333333333335
37.68472222219531,-122.10694444439952,106.62740361546439,LVO,ROUTE_SutterEdenMedicalCenter,0.41905326407948534,6.555000000000001,ROUTE_SutterEdenMedicalCenter,0.41905326407948534,6.555000000000001,ROUTE_SutterEdenMedicalCenter,0.41905326407948534,6.555000000000001,ROUTE_SutterEdenMedicalCenter,0.41905326407948534,6.555000000000001
37.70277777775088,-122.41361111106643,122.99937182514714,HEMORRHAGIC,ROUTE_MillsPeninsulaMedicalCenterSutter,0.41228048984258436,19.571666666666665,ROUTE_CPMCMissionBernalCampusSutter,0.350329146857834,15.528333333333334,ROUTE_MillsPeninsulaMedicalCenterSutter,0.41228048984258436,19.571666666666665,ROUTE_CPMCMissionBernalCampusSutter,0.350329146857834,15.528333333333334
37.776111111084276,-122.41472222217753,57.3237056967934,LVO,ROUTE_CPMCDaviesCampusSutter,0.43039412233031243,7.378333333333333,ROUTE_CPMCVanNessCampusSutter,0.42453242259058055,4.045,ROUTE_CPMCDaviesCampusSutter,0.43039412233031243,7.378333333333333,ROUTE_CPMCVanNessCampusSutter,0.42453242259058055,4.045
37.7416666666398,-122.16333333328845,204.19877454677956,LVO,ROUTE_HighlandHospitalWilmaChanCampus,0.33634511259083283,12.03,ROUTE_SanLeandroHospitalAlamedaHealthSystem,0.32734294144,10.586666666666668,ROUTE_SutterEdenMedicalCenter,0.3359192376086132,14.476666666666667,ROUTE_HighlandHospitalWilmaChanCampus,0.33634511259083283,12.03
37.974722222195545,-122.2724999999552,139.103618858824,LVO,ROUTE_JohnMuirMedicalCenterWalnutCreekCampus,0.40494829926111037,35.68666666666666,ROUTE_KaiserFoundationHospitalRichmondCampus,0.34667093393566367,19.28166666666667,ROUTE_JohnMuirMedicalCenterWalnutCreekCampus,0.40494829926111037,35.68666666666666,ROUTE_KaiserFoundationHospitalRichmondCampus,0.34667093393566367,19.28166666666667
37.714722222195334,-122.12444444439953,166.67059907954967,NLVO,ROUTE_SutterEdenMedicalCenter,0.40440961413612403,10.504999999999999,ROUTE_SanLeandroHospitalAlamedaHealthSystem,0.32734294144,7.2716666666666665,ROUTE_SutterEdenMedicalCenter,0.40440961413612403,10.504999999999999,ROUTE_SutterEdenMedicalCenter,0.40440961413612403,10.504999999999999
37.77916666663983,-122.43777777773312,215.233831587404,HEMORRHAGIC,ROUTE_KaiserFoundationHospitalSanFrancisco,0.3359162714932245,3.4583333333333335,ROUTE_KaiserFoundationHospitalSanFrancisco,0.3359162714932245,3.4583333333333335,ROUTE_CPMCDaviesCampusSutter,0.33575979875861683,4.358333333333333,ROUTE_KaiserFoundationHospitalSanFrancisco,0.3359162714932245,3.4583333333333335
37.725277777750904,-122.40499999995531,147.72973362600916,HEMORRHAGIC,ROUTE_CPMCDaviesCampusSutter,0.4078050398766039,14.455,ROUTE_ZuckerbergSanFranciscoGeneralHospital,0.34684896920629277,9.681666666666667,ROUTE_CPMCDaviesCampusSutter,0.4078050398766039,14.455,ROUTE_ZuckerbergSanFranciscoGeneralHospital,0.34684896920629277,9.681666666666667
38.07694444441785,-122.1791666666218,209.8943908541881,HEMORRHAGIC,ROUTE_SutterSolanoMedicalCenter,0.3351696814132014,13.1,ROUTE_SutterSolanoMedicalCenter,0.3351696814132014,13.1,ROUTE_JohnMuirMedicalCenterWalnutCreekCampus,0.32734294144,24.58833333333333,ROUTE_SutterSolanoMedicalCenter,0.3351696814132014,13.1
37.77972222219539,-121.89694444439934,166.12276202224487,HEMORRHAGIC,ROUTE_SutterEdenMedicalCenter,0.34004130359235857,29.081666666666667,ROUTE_SanRamonRegionalMedicalCenter,0.3429834448837607,12.604999999999999,ROUTE_SutterEdenMedicalCenter,0.34004130359235857,29.081666666666667,ROUTE_SanRamonRegionalMedicalCenter,0.3429834448837607,12.604999999999999
37.77138888886205,-121.97416666662163,46.01817940135916,HEMORRHAGIC,ROUTE_JohnMuirMedicalCenterWalnutCreekCampus,0.43008556335953546,19.991666666666667,ROUTE_SanRamonRegionalMedicalCenter,0.42604343388399024,5.225,ROUTE_JohnMuirMedicalCenterWalnutCreekCampus,0.43008556335953546,19.991666666666667,ROUTE_SanRamonRegionalMedicalCenter,0.42604343388399024,5.225
37.56666666663966,-122.05083333328835,142.93795439994625,HEMORRHAGIC,ROUTE_SutterEdenMedicalCenter,0.4074373668623484,20.865000000000002,ROUTE_StRoseHospital,0.32734294144,11.703333333333335,ROUTE_SutterEdenMedicalCenter,0.4074373668623484,20.865000000000002,ROUTE_WashingtonHospitalHealthcareSystem,0.34646851590929073,16.555
37.90749999997327,-121.72472222217698,182.17692040220786,LVO,ROUTE_KaiserFoundationHospitalAntioch,0.34039117690095416,11.056666666666667,ROUTE_KaiserFoundationHospitalAntioch,0.34039117690095416,11.056666666666667,ROUTE_JohnMuirMedicalCenterWalnutCreekCampus,0.33590486639706063,36.58166666666667,ROUTE_KaiserFoundationHospitalAntioch,0.34039117690095416,11.056666666666667
37.771944444417606,-121.90749999995491,204.3458370712837,MIMIC,ROUTE_SanRamonRegionalMedicalCenter,0.33665155349808445,10.125,ROUTE_SanRamonRegionalMedicalCenter,0.33665155349808445,10.125,ROUTE_SutterEdenMedicalCenter,0.32734294144,25.965,ROUTE_SanRamonRegionalMedicalCenter,0.33665155349808445,10.125
37.6444444444175,-122.47222222217758,194.3076082832818,HEMORRHAGIC,ROUTE_AHMCSetonMedicalCenter,0.3386628618177946,8.693333333333333,ROUTE_AHMCSetonMedicalCenter,0.3386628618177946,8.693333333333333,ROUTE_MillsPeninsulaMedicalCenterSutter,0.3373718691438364,16.043333333333333,ROUTE_AHMCSetonMedicalCenter,0.3386628618177946,8.693333333333333
37.736944444417574,-122.16638888884401,70.69423685343585,HEMORRHAGIC,ROUTE_SutterEdenMedicalCenter,0.4253614444451866,15.415,ROUTE_SanLeandroHospitalAlamedaHealthSystem,0.3375179189589421,8.501666666666667,ROUTE_SutterEdenMedicalCenter,0.4253614444451866,15.415,ROUTE_KaiserFoundationHospitalSanLeandro,0.3609232920281964,12.016666666666667
37.534166666639635,-121.99888888884387,248.53607081848847,MIMIC,ROUTE_WashingtonHospitalHealthcareSystem,0.32734294144,7.068333333333333,ROUTE_WashingtonHospitalHealthcareSystem,0.32734294144,7.068333333333333,ROUTE_SutterEdenMedicalCenter,0.32734294144,22.598333333333336,ROUTE_WashingtonHospitalHealthcareSystem,0.32734294144,7.068333333333333
37.707222222195334,-122.12666666662174,85.46021275171658,NLVO,ROUTE_SutterEdenMedicalCenter,0.4236825700926704,7.826666666666667,ROUTE_SanLeandroHospitalAlamedaHealthSystem,0.33576248374753287,3.795,ROUTE_SutterEdenMedicalCenter,0.4236825700926704,7.826666666666667,ROUTE_SutterEdenMedicalCenter,0.4236825700926704,7.826666666666667
38.01055555552891,-122.26472222217741,217.72381384717374,HEMORRHAGIC,ROUTE_ContraCostaRegionalMedicalCenter,0.32734294144,14.811666666666667,ROUTE_ContraCostaRegionalMedicalCenter,0.32734294144,14.811666666666667,ROUTE_JohnMuirMedicalCenterWalnutCreekCampus,0.32734294144,27.86,ROUTE_KaiserFoundationHospitalRichmondCampus,0.32734294144,18.38
37.916388888862166,-122.48055555551092,172.2901591759882,LVO,ROUTE_UCSFMedicalCenter,0.3377928068910761,35.66,ROUTE_MarinHealthMedicalCenter,0.341667463613372,13.78,ROUTE_UCSFMedicalCenter,0.3377928068910761,35.66,ROUTE_MarinHealthMedicalCenter,0.341667463613372,13.78
37.98916666664,-122.02583333328833,229.36889777471035,HEMORRHAGIC,ROUTE_JohnMuirMedicalCenterConcordCampus,0.32734294144,5.178333333333333,ROUTE_JohnMuirMedicalCenterConcordCampus,0.32734294144,5.178333333333333,ROUTE_JohnMuirMedicalCenterWalnutCreekCampus,0.32734294144,18.043333333333333,ROUTE_JohnMuirMedicalCenterConcordCampus,0.32734294144,5.178333333333333
37.79638888886207,-122.39833333328863,220.5100376888053,HEMORRHAGIC,ROUTE_ChineseHospital,0.33491688273025694,3.9433333333333334,ROUTE_ChineseHospital,0.33491688273025694,3.9433333333333334,ROUTE_CPMCDaviesCampusSutter,0.32734294144,13.573333333333332,ROUTE_ChineseHospital,0.33491688273025694,3.9433333333333334
37.9499999999733,-122.33749999995526,53.14182097993005,NLVO,ROUTE_CPMCDaviesCampusSutter,0.4251989240510278,33.66166666666667,ROUTE_KaiserFoundationHospitalRichmondCampus,0.36554642225284834,5.9383333333333335,ROUTE_CPMCDaviesCampusSutter,0.4251989240510278,33.66166666666667,ROUTE_KaiserFoundationHospitalRichmondCampus,0.36554642225284834,5.9383333333333335
37.93416666663996,-122.37416666662195,171.5628091882013,LVO,ROUTE_CPMCDaviesCampusSutter,0.3379085082529509,35.72833333333333,ROUTE_KaiserFoundationHospitalRichmondCampus,0.3433936155851318,4.885000000000001,ROUTE_CPMCDaviesCampusSutter,0.3379085082529509,35.72833333333333,ROUTE_KaiserFoundationHospitalRichmondCampus,0.3433936155851318,4.885000000000001
37.53944444441742,-122.04305555551058,264.48244220954746,HEMORRHAGIC,ROUTE_StRoseHospital,0.32734294144,15.428333333333335,ROUTE_StRoseHospital,0.32734294144,15.428333333333335,ROUTE_SutterEdenMedicalCenter,0.32734294144,24.59,ROUTE_WashingtonHospitalHealthcareSystem,0.32734294144,15.92
37.73944444441758,-122.15694444439956,201.71456218119974,LVO,ROUTE_HighlandHospitalWilmaChanCampus,0.33686490915196576,11.535,ROUTE_SanLeandroHospitalAlamedaHealthSystem,0.32734294144,10.103333333333333,ROUTE_SutterEdenMedicalCenter,0.3364379613986902,13.981666666666666,ROUTE_HighlandHospitalWilmaChanCampus,0.33686490915196576,11.535
37.99777777775112,-122.31222222217745,100.40507635900971,HEMORRHAGIC,ROUTE_JohnMuirMedicalCenterWalnutCreekCampus,0.41456794285951776,32.20166666666667,ROUTE_KaiserFoundationHospitalRichmondCampus,0.3549782575352198,13.33,ROUTE_JohnMuirMedicalCenterWalnutCreekCampus,0.41456794285951776,32.20166666666667,ROUTE_KaiserFoundationHospitalRichmondCampus,0.3549782575352198,13.33
37.6583333333064,-122.40999999995532,36.47393265086423,HEMORRHAGIC,ROUTE_MillsPeninsulaMedicalCenterSutter,0.43440421994995015,11.285,ROUTE_KaiserFoundationHospitalSouthSanFrancisco,0.42801600656200983,7.891666666666667,ROUTE_MillsPeninsulaMedicalCenterSutter,0.43440421994995015,11.285,ROUTE_KaiserFoundationHospitalSouthSanFrancisco,0.42801600656200983,7.891666666666667
37.57972222219523,-122.38583333328863,124.3957285057956,NLVO,ROUTE_MillsPeninsulaMedicalCenterSutter,0.4152541949750519,5.23,ROUTE_MillsPeninsulaMedicalCenterSutter,0.4152541949750519,5.23,ROUTE_MillsPeninsulaMedicalCenterSutter,0.4152541949750519,5.23,ROUTE_MillsPeninsulaMedicalCenterSutter,0.4152541949750519,5.23
37.55055555552854,-122.35138888884416,69.64988334640582,HEMORRHAGIC,ROUTE_MillsPeninsulaMedicalCenterSutter,0.4261313134865174,13.173333333333334,ROUTE_MillsPeninsulaMedicalCenterSutter,0.4261313134865174,13.173333333333334,ROUTE_MillsPeninsulaMedicalCenterSutter,0.4261313134865174,13.173333333333334,ROUTE_MillsPeninsulaMedicalCenterSutter,0.4261313134865174,13.173333333333334
37.781388888862054,-122.2069444443996,59.452574020625015,HEMORRHAGIC,ROUTE_SutterEdenMedicalCenter,0.42734646029268586,18.19333333333333,ROUTE_HighlandHospitalWilmaChanCampus,0.42261038734501744,7.275,ROUTE_SutterEdenMedicalCenter,0.42734646029268586,18.19333333333333,ROUTE_HighlandHospitalWilmaChanCampus,0.42261038734501744,7.275
37.96111111108442,-122.35666666662193,225.0078417156192,HEMORRHAGIC,ROUTE_KaiserFoundationHospitalRichmondCampus,0.32734294144,6.6866666666666665,ROUTE_KaiserFoundationHospitalRichmondCampus,0.32734294144,6.6866666666666665,ROUTE_CPMCDaviesCampusSutter,0.32734294144,38.69666666666667,ROUTE_KaiserFoundationHospitalRichmondCampus,0.32734294144,6.6866666666666665
37.724444444417564,-122.46166666662202,156.82502846546504,HEMORRHAGIC,ROUTE_UCSFMedicalCenter,0.4063408736226977,11.811666666666667,ROUTE_CPMCMissionBernalCampusSutter,0.3453911150982251,8.581666666666667,ROUTE_UCSFMedicalCenter,0.4063408736226977,11.811666666666667,ROUTE_CPMCMissionBernalCampusSutter,0.3453911150982251,8.581666666666667
37.39999999997286,-121.99833333328831,115.29138853933743,MIMIC,ROUTE_KaiserFoundationHospitalSantaClara,0.41522648364107406,14.453333333333335,ROUTE_KaiserFoundationHospitalSantaClara,0.41522648364107406,14.453333333333335,ROUTE_KaiserFoundationHospitalSantaClara,0.41522648364107406,14.453333333333335,ROUTE_KaiserFoundationHospitalSantaClara,0.41522648364107406,14.453333333333335
37.76388888886204,-122.42444444439977,117.86624657921101,MIMIC,ROUTE_CPMCDaviesCampusSutter,0.41688828927371274,4.673333333333333,ROUTE_CPMCMissionBernalCampusSutter,0.3534575163351075,3.925,ROUTE_CPMCDaviesCampusSutter,0.41688828927371274,4.673333333333333,ROUTE_CPMCMissionBernalCampusSutter,0.3534575163351075,3.925
37.68166666663976,-122.05555555551058,44.17674653437747,LVO,ROUTE_SutterEdenMedicalCenter,0.432002179808696,13.718333333333334,ROUTE_SutterEdenMedicalCenter,0.432002179808696,13.718333333333334,ROUTE_SutterEdenMedicalCenter,0.432002179808696,13.718333333333334,ROUTE_SutterEdenMedicalCenter,0.432002179808696,13.718333333333334
37.95583333330664,-121.9708333332883,97.43565438155015,LVO,ROUTE_JohnMuirMedicalCenterWalnutCreekCampus,0.4202049679268321,10.783333333333333,ROUTE_JohnMuirMedicalCenterWalnutCreekCampus,0.4202049679268321,10.783333333333333,ROUTE_JohnMuirMedicalCenterWalnutCreekCampus,0.4202049679268321,10.783333333333333,ROUTE_JohnMuirMedicalCenterWalnutCreekCampus,0.4202049679268321,10.783333333333333
37.44138888886179,-121.90666666662158,218.95328873851113,HEMORRHAGIC,ROUTE_RegionalMedicalCenterOfSanJose,0.32734294144,13.818333333333333,ROUTE_RegionalMedicalCenterOfSanJose,0.32734294144,13.818333333333333,ROUTE_RegionalMedicalCenterOfSanJose,0.32734294144,13.818333333333333,ROUTE_RegionalMedicalCenterOfSanJose,0.32734294144,13.818333333333333
38.09666666664009,-122.21166666662182,198.0938007440992,NLVO,ROUTE_SutterSolanoMedicalCenter,0.3377923433656664,9.858333333333333,ROUTE_SutterSolanoMedicalCenter,0.3377923433656664,9.858333333333333,ROUTE_JohnMuirMedicalCenterWalnutCreekCampus,0.32734294144,27.211666666666666,ROUTE_SutterSolanoMedicalCenter,0.3377923433656664,9.858333333333333
37.792499999973174,-121.98027777773275,101.96819395213794,LVO,ROUTE_JohnMuirMedicalCenterWalnutCreekCampus,0.4172538628186657,18.990000000000002,ROUTE_SanRamonRegionalMedicalCenter,0.3558943407372698,6.9383333333333335,ROUTE_JohnMuirMedicalCenterWalnutCreekCampus,0.4172538628186657,18.990000000000002,ROUTE_SanRamonRegionalMedicalCenter,0.3558943407372698,6.9383333333333335
37.43055555552844,-122.1172222221773,223.15758016411,LVO,ROUTE_StanfordHealthCare,0.32734294144,14.926666666666668,ROUTE_StanfordHealthCare,0.32734294144,14.926666666666668,ROUTE_StanfordHealthCare,0.32734294144,14.926666666666668,ROUTE_StanfordHealthCare,0.32734294144,14.926666666666668
37.96749999997332,-122.06583333328837,73.01463082958804,NLVO,ROUTE_JohnMuirMedicalCenterWalnutCreekCampus,0.4251599886175609,13.955,ROUTE_JohnMuirMedicalCenterConcordCampus,0.36085238479436876,10.061666666666667,ROUTE_JohnMuirMedicalCenterWalnutCreekCampus,0.4251599886175609,13.955,ROUTE_JohnMuirMedicalCenterConcordCampus,0.36085238479436876,10.061666666666667
37.77555555552872,-122.21527777773294,192.87068910167113,LVO,ROUTE_HighlandHospitalWilmaChanCampus,0.3389765439040144,8.351666666666667,ROUTE_HighlandHospitalWilmaChanCampus,0.3389765439040144,8.351666666666667,ROUTE_SutterEdenMedicalCenter,0.3372817458870348,17.995,ROUTE_HighlandHospitalWilmaChanCampus,0.3389765439040144,8.351666666666667
37.9702777777511,-121.7888888888437,222.20403799396502,HEMORRHAGIC,ROUTE_SutterDeltaMedicalCenter,0.32734294144,4.043333333333333,ROUTE_SutterDeltaMedicalCenter,0.32734294144,4.043333333333333,ROUTE_JohnMuirMedicalCenterWalnutCreekCampus,0.32734294144,34.236666666666665,ROUTE_KaiserFoundationHospitalAntioch,0.32734294144,5.7716666666666665
37.560555555528545,-121.94749999995494,125.46939859438483,LVO,ROUTE_RegionalMedicalCenterOfSanJose,0.41071766906737495,23.93166666666667,ROUTE_KaiserFoundationHospitalFremont,0.351507331305229,6.73,ROUTE_RegionalMedicalCenterOfSanJose,0.41071766906737495,23.93166666666667,ROUTE_KaiserFoundationHospitalFremont,0.351507331305229,6.73
37.760833333306486,-122.48277777773315,169.50625660967088,LVO,ROUTE_UCSFMedicalCenter,0.40497738710638337,5.155,ROUTE_UCSFMedicalCenter,0.40497738710638337,5.155,ROUTE_UCSFMedicalCenter,0.40497738710638337,5.155,ROUTE_UCSFMedicalCenter,0.40497738710638337,5.155
38.18333333330683,-122.25249999995519,172.0826596410679,LVO,ROUTE_JohnMuirMedicalCenterWalnutCreekCampus,0.33749456805654754,37.568333333333335,ROUTE_KaiserFoundationHospitalVallejo,0.3425184895080785,9.233333333333333,ROUTE_JohnMuirMedicalCenterWalnutCreekCampus,0.33749456805654754,37.568333333333335,ROUTE_KaiserFoundationHospitalVallejo,0.3425184895080785,9.233333333333333
37.67749999997309,-121.883611111066,81.92561170864154,LVO,ROUTE_SutterEdenMedicalCenter,0.42104896061994446,22.66166666666667,ROUTE_StanfordHealthCareTriValley,0.35956394782010576,7.8133333333333335,ROUTE_SutterEdenMedicalCenter,0.42104896061994446,22.66166666666667,ROUTE_StanfordHealthCareTriValley,0.35956394782010576,7.8133333333333335
37.54444444441742,-122.30749999995523,64.99786963540141,HEMORRHAGIC,ROUTE_KaiserFoundationHospitalRedwoodCity,0.42691278568753566,14.495000000000001,ROUTE_SanMateoMedicalCenter,0.3995967897702322,6.15,ROUTE_KaiserFoundationHospitalRedwoodCity,0.42691278568753566,14.495000000000001,ROUTE_KaiserFoundationHospitalRedwoodCity,0.42691278568753566,14.495000000000001
37.95611111108442,-122.06499999995503,207.04295512518107,HEMORRHAGIC,ROUTE_JohnMuirMedicalCenterConcordCampus,0.3363671836781493,9.058333333333334,ROUTE_JohnMuirMedicalCenterConcordCampus,0.3363671836781493,9.058333333333334,ROUTE_JohnMuirMedicalCenterWalnutCreekCampus,0.33587391151875223,11.893333333333334,ROUTE_JohnMuirMedicalCenterConcordCampus,0.3363671836781493,9.058333333333334
37.94805555552886,-122.04555555551057,44.77070880574342,LVO,ROUTE_JohnMuirMedicalCenterWalnutCreekCampus,0.43264528295614246,10.408333333333333,ROUTE_JohnMuirMedicalCenterConcordCampus,0.42586371091494246,9.118333333333334,ROUTE_JohnMuirMedicalCenterWalnutCreekCampus,0.43264528295614246,10.408333333333333,ROUTE_JohnMuirMedicalCenterConcordCampus,0.42586371091494246,9.118333333333334
37.7694444444176,-122.18805555551069,166.4130870976314,LVO,ROUTE_SutterEdenMedicalCenter,0.3420117653947065,17.73166666666667,ROUTE_HighlandHospitalWilmaChanCampus,0.34335958733611144,10.223333333333333,ROUTE_SutterEdenMedicalCenter,0.3420117653947065,17.73166666666667,ROUTE_HighlandHospitalWilmaChanCampus,0.34335958733611144,10.223333333333333
37.554999999972985,-122.25305555551074,70.58804283698855,LVO,ROUTE_MillsPeninsulaMedicalCenterSutter,0.4247721738690797,18.038333333333334,ROUTE_SanMateoMedicalCenter,0.33532637075801586,14.833333333333334,ROUTE_MillsPeninsulaMedicalCenterSutter,0.4247721738690797,18.038333333333334,ROUTE_MillsPeninsulaMedicalCenterSutter,0.4247721738690797,18.038333333333334
37.74027777775091,-122.41249999995532,121.36703146052044,HEMORRHAGIC,ROUTE_CPMCDaviesCampusSutter,0.4146346661823656,10.95,ROUTE_CPMCMissionBernalCampusSutter,0.35272068300200415,4.346666666666667,ROUTE_CPMCDaviesCampusSutter,0.4146346661823656,10.95,ROUTE_CPMCMissionBernalCampusSutter,0.35272068300200415,4.346666666666667
37.99472222219556,-121.88388888884379,160.5178021697563,MIMIC,ROUTE_JohnMuirMedicalCenterWalnutCreekCampus,0.341892232557389,24.295,ROUTE_SutterDeltaMedicalCenter,0.32734294144,15.363333333333333,ROUTE_JohnMuirMedicalCenterWalnutCreekCampus,0.341892232557389,24.295,ROUTE_JohnMuirMedicalCenterConcordCampus,0.3430501442680796,17.83833333333333
37.80333333330652,-122.40444444439976,111.93601179307112,HEMORRHAGIC,ROUTE_CPMCDaviesCampusSutter,0.4158941983079097,14.911666666666667,ROUTE_ChineseHospital,0.35436542111362346,5.04,ROUTE_CPMCDaviesCampusSutter,0.4158941983079097,14.911666666666667,ROUTE_ChineseHospital,0.35436542111362346,5.04
38.27138888886245,-122.63944444439994,186.60596858418052,HEMORRHAGIC,ROUTE_PetalumaValleyHospitalProvidence,0.34051706312229574,5.918333333333334,ROUTE_PetalumaValleyHospitalProvidence,0.34051706312229574,5.918333333333334,ROUTE_UCSFMedicalCenter,0.32734294144,65.67333333333333,ROUTE_PetalumaValleyHospitalProvidence,0.34051706312229574,5.918333333333334
37.96749999997332,-122.56972222217766,174.1352019213517,LVO,ROUTE_MarinHealthMedicalCenter,0.342170167766523,9.125,ROUTE_MarinHealthMedicalCenter,0.342170167766523,9.125,ROUTE_UCSFMedicalCenter,0.3364048163040467,41.751666666666665,ROUTE_MarinHealthMedicalCenter,0.342170167766523,9.125
37.89583333330659,-122.53083333328874,204.36685432739233,HEMORRHAGIC,ROUTE_MarinHealthMedicalCenter,0.3357829641363554,15.091666666666667,ROUTE_MarinHealthMedicalCenter,0.3357829641363554,15.091666666666667,ROUTE_UCSFMedicalCenter,0.32734294144,29.391666666666666,ROUTE_MarinHealthMedicalCenter,0.3357829641363554,15.091666666666667
37.76611111108427,-122.4544444443998,34.69101418222727,HEMORRHAGIC,ROUTE_UCSFMedicalCenter,0.4370208702261311,2.065,ROUTE_UCSFMedicalCenter,0.4370208702261311,2.065,ROUTE_UCSFMedicalCenter,0.4370208702261311,2.065,ROUTE_UCSFMedicalCenter,0.4370208702261311,2.065
37.94611111108441,-122.52805555551096,177.50554633766455,LVO,ROUTE_MarinHealthMedicalCenter,0.34226182853147813,5.241666666666666,ROUTE_MarinHealthMedicalCenter,0.34226182853147813,5.241666666666666,ROUTE_UCSFMedicalCenter,0.3367753133985262,36.25666666666667,ROUTE_MarinHealthMedicalCenter,0.34226182853147813,5.241666666666666
37.657222222195294,-122.46749999995535,130.4034704465553,LVO,ROUTE_MillsPeninsulaMedicalCenterSutter,0.41169632851022464,14.718333333333334,ROUTE_AHMCSetonMedicalCenter,0.35053261093195054,7.03,ROUTE_MillsPeninsulaMedicalCenterSutter,0.41169632851022464,14.718333333333334,ROUTE_AHMCSetonMedicalCenter,0.35053261093195054,7.03
37.653055555528624,-122.1183333332884,251.25565927965462,LVO,ROUTE_StRoseHospital,0.32734294144,7.138333333333334,ROUTE_StRoseHospital,0.32734294144,7.138333333333334,ROUTE_SutterEdenMedicalCenter,0.32734294144,14.831666666666667,ROUTE_KaiserFoundationHospitalSanLeandro,0.32734294144,13.138333333333332
37.64638888886195,-121.87527777773266,64.56967386471379,LVO,ROUTE_SutterEdenMedicalCenter,0.42472862746244033,24.243333333333332,ROUTE_StanfordHealthCareTriValley,0.3613141961517109,16.12666666666667,ROUTE_SutterEdenMedicalCenter,0.42472862746244033,24.243333333333332,ROUTE_StanfordHealthCareTriValley,0.3613141961517109,16.12666666666667
37.45333333330624,-121.91861111106603,226.31488851910314,HEMORRHAGIC,ROUTE_OConnorHospital,0.32734294144,15.576666666666666,ROUTE_OConnorHospital,0.32734294144,15.576666666666666,ROUTE_RegionalMedicalCenterOfSanJose,0.32734294144,16.835,ROUTE_OConnorHospital,0.32734294144,15.576666666666666
37.76166666663982,-122.47638888884426,55.510095573579584,HEMORRHAGIC,ROUTE_UCSFMedicalCenter,0.4316938998486208,3.69,ROUTE_UCSFMedicalCenter,0.4316938998486208,3.69,ROUTE_UCSFMedicalCenter,0.4316938998486208,3.69,ROUTE_UCSFMedicalCenter,0.4316938998486208,3.69
37.582222222195234,-122.01944444439944,148.42109011076215,HEMORRHAGIC,ROUTE_SutterEdenMedicalCenter,0.40563063624720047,23.351666666666667,ROUTE_WashingtonHospitalHealthcareSystem,0.34599679497270824,13.658333333333333,ROUTE_SutterEdenMedicalCenter,0.40563063624720047,23.351666666666667,ROUTE_WashingtonHospitalHealthcareSystem,0.34599679497270824,13.658333333333333
37.771111111084274,-121.94111111106605,164.62481502598413,HEMORRHAGIC,ROUTE_JohnMuirMedicalCenterWalnutCreekCampus,0.3411206076744483,24.508333333333333,ROUTE_SanRamonRegionalMedicalCenter,0.34437381380528936,6.3933333333333335,ROUTE_JohnMuirMedicalCenterWalnutCreekCampus,0.3411206076744483,24.508333333333333,ROUTE_SanRamonRegionalMedicalCenter,0.34437381380528936,6.3933333333333335
37.664722222195294,-121.90083333328823,143.76954986232556,HEMORRHAGIC,ROUTE_SutterEdenMedicalCenter,0.40694933955263013,22.183333333333334,ROUTE_StanfordHealthCareTriValley,0.3476449318251883,9.298333333333334,ROUTE_SutterEdenMedicalCenter,0.40694933955263013,22.183333333333334,ROUTE_StanfordHealthCareTriValley,0.3476449318251883,9.298333333333334
37.65138888886195,-122.08361111106616,222.99232324135485,LVO,ROUTE_StRoseHospital,0.32734294144,7.178333333333333,ROUTE_StRoseHospital,0.32734294144,7.178333333333333,ROUTE_SutterEdenMedicalCenter,0.32734294144,15.571666666666665,ROUTE_KaiserFoundationHospitalSanLeandro,0.32734294144,13.878333333333334
37.36138888886172,-122.04305555551058,48.21796254203477,LVO,ROUTE_KaiserFoundationHospitalSantaClara,0.43129142377349877,12.683333333333334,ROUTE_KaiserFoundationHospitalSantaClara,0.43129142377349877,12.683333333333334,ROUTE_KaiserFoundationHospitalSantaClara,0.43129142377349877,12.683333333333334,ROUTE_KaiserFoundationHospitalSantaClara,0.43129142377349877,12.683333333333334
38.41194444441812,-122.21611111106627,253.4214525061597,LVO,ROUTE_ProvidenceQueenOfTheValleyMedicalCenter,0.32734294144,25.403333333333332,ROUTE_ProvidenceQueenOfTheValleyMedicalCenter,0.32734294144,25.403333333333332,ROUTE_JohnMuirMedicalCenterWalnutCreekCampus,0.32734294144,68.73666666666666,ROUTE_ProvidenceQueenOfTheValleyMedicalCenter,0.32734294144,25.403333333333332
37.775277777750944,-122.44277777773311,36.044151166567104,HEMORRHAGIC,ROUTE_CPMCDaviesCampusSutter,0.43618235127844873,4.233333333333333,ROUTE_UCSFHealthStanyanHospital,0.42995489336139836,3.4466666666666668,ROUTE_CPMCDaviesCampusSutter,0.43618235127844873,4.233333333333333,ROUTE_UCSFHealthStanyanHospital,0.42995489336139836,3.4466666666666668
37.7694444444176,-122.19805555551069,69.03705715841178,HEMORRHAGIC,ROUTE_SutterEdenMedicalCenter,0.4251413946574065,18.011666666666667,ROUTE_HighlandHospitalWilmaChanCampus,0.3615385572200666,10.504999999999999,ROUTE_SutterEdenMedicalCenter,0.4251413946574065,18.011666666666667,ROUTE_HighlandHospitalWilmaChanCampus,0.3615385572200666,10.504999999999999
37.792499999973174,-122.27027777773297,197.14527518751086,LVO,ROUTE_HighlandHospitalWilmaChanCampus,0.3384344515186035,7.153333333333333,ROUTE_HighlandHospitalWilmaChanCampus,0.3384344515186035,7.153333333333333,ROUTE_SutterEdenMedicalCenter,0.33596112151646457,21.290000000000003,ROUTE_HighlandHospitalWilmaChanCampus,0.3384344515186035,7.153333333333333
37.99222222219556,-121.7308333332881,213.02473722681057,LVO,ROUTE_KaiserFoundationHospitalAntioch,0.32734294144,13.586666666666668,ROUTE_KaiserFoundationHospitalAntioch,0.32734294144,13.586666666666668,ROUTE_JohnMuirMedicalCenterWalnutCreekCampus,0.32734294144,35.195,ROUTE_KaiserFoundationHospitalAntioch,0.32734294144,13.586666666666668
37.94861111108441,-122.0211111110661,92.25039556130338,LVO,ROUTE_JohnMuirMedicalCenterWalnutCreekCampus,0.4220379872412606,8.088333333333333,ROUTE_JohnMuirMedicalCenterWalnutCreekCampus,0.4220379872412606,8.088333333333333,ROUTE_JohnMuirMedicalCenterWalnutCreekCampus,0.4220379872412606,8.088333333333333,ROUTE_JohnMuirMedicalCenterWalnutCreekCampus,0.4220379872412606,8.088333333333333
37.91611111108439,-121.98999999995497,167.28433202781304,LVO,ROUTE_JohnMuirMedicalCenterWalnutCreekCampus,0.4041022155593266,11.251666666666667,ROUTE_JohnMuirMedicalCenterWalnutCreekCampus,0.4041022155593266,11.251666666666667,ROUTE_JohnMuirMedicalCenterWalnutCreekCampus,0.4041022155593266,11.251666666666667,ROUTE_JohnMuirMedicalCenterWalnutCreekCampus,0.4041022155593266,11.251666666666667
37.99861111108445,-122.08999999995505,133.5912347155557,HEMORRHAGIC,ROUTE_JohnMuirMedicalCenterWalnutCreekCampus,0.40974703616924285,20.063333333333333,ROUTE_ContraCostaRegionalMedicalCenter,0.32734294144,10.81,ROUTE_JohnMuirMedicalCenterWalnutCreekCampus,0.40974703616924285,20.063333333333333,ROUTE_JohnMuirMedicalCenterConcordCampus,0.3489250589500393,12.521666666666667
37.809444444417636,-122.27277777773298,264.2063767415107,LVO,ROUTE_AltaBatesSummitMedicalCenterSummitCampus,0.32734294144,6.013333333333334,ROUTE_AltaBatesSummitMedicalCenterSummitCampus,0.32734294144,6.013333333333334,ROUTE_SutterEdenMedicalCenter,0.32734294144,22.376666666666665,ROUTE_AltaBatesSummitMedicalCenterSummitCampus,0.32734294144,6.013333333333334
37.5472222221952,-122.02722222217723,103.93852836404078,HEMORRHAGIC,ROUTE_SutterEdenMedicalCenter,0.41577008891595785,23.446666666666665,ROUTE_WashingtonHospitalHealthcareSystem,0.3541353339629775,14.256666666666666,ROUTE_SutterEdenMedicalCenter,0.41577008891595785,23.446666666666665,ROUTE_WashingtonHospitalHealthcareSystem,0.3541353339629775,14.256666666666666
37.686388888861984,-122.48277777773315,187.2219960201054,MIMIC,ROUTE_MillsPeninsulaMedicalCenterSutter,0.338391939586283,17.31833333333333,ROUTE_AHMCSetonMedicalCenter,0.34065277914808656,4.538333333333333,ROUTE_MillsPeninsulaMedicalCenterSutter,0.338391939586283,17.31833333333333,ROUTE_AHMCSetonMedicalCenter,0.34065277914808656,4.538333333333333
37.35166666663949,-122.07694444439949,153.10366718224103,LVO,ROUTE_ElCaminoHealthMountainView,0.4082474452409134,7.135000000000001,ROUTE_ElCaminoHealthMountainView,0.4082474452409134,7.135000000000001,ROUTE_ElCaminoHealthMountainView,0.4082474452409134,7.135000000000001,ROUTE_ElCaminoHealthMountainView,0.4082474452409134,7.135000000000001
37.78944444441762,-122.43749999995534,122.45766921368879,LVO,ROUTE_CPMCDaviesCampusSutter,0.41527562751694697,7.075,ROUTE_KaiserFoundationHospitalSanFrancisco,0.3526540139108493,3.6116666666666664,ROUTE_CPMCDaviesCampusSutter,0.41527562751694697,7.075,ROUTE_KaiserFoundationHospitalSanFrancisco,0.3526540139108493,3.6116666666666664
37.68888888886198,-121.7913888888437,209.0942250074963,HEMORRHAGIC,ROUTE_StanfordHealthCareTriValley,0.33508237713758365,14.403333333333334,ROUTE_StanfordHealthCareTriValley,0.33508237713758365,14.403333333333334,ROUTE_SutterEdenMedicalCenter,0.32734294144,25.801666666666666,ROUTE_StanfordHealthCareTriValley,0.33508237713758365,14.403333333333334
38.0863888888623,-122.16972222217734,249.32867331354964,LVO,ROUTE_SutterSolanoMedicalCenter,0.32734294144,15.29,ROUTE_SutterSolanoMedicalCenter,0.32734294144,15.29,ROUTE_JohnMuirMedicalCenterWalnutCreekCampus,0.32734294144,26.415000000000003,ROUTE_SutterSolanoMedicalCenter,0.32734294144,15.29
37.721666666639784,-122.4669444443998,92.31347654460575,LVO,ROUTE_UCSFMedicalCenter,0.4212158818734461,11.556666666666667,ROUTE_AHMCSetonMedicalCenter,0.3574545968056447,8.408333333333333,ROUTE_UCSFMedicalCenter,0.4212158818734461,11.556666666666667,ROUTE_AHMCSetonMedicalCenter,0.3574545968056447,8.408333333333333
37.5372222221952,-122.02666666662167,91.68152803558942,LVO,ROUTE_SutterEdenMedicalCenter,0.41864525068934916,23.261666666666667,ROUTE_WashingtonHospitalHealthcareSystem,0.35649439968845825,14.07,ROUTE_SutterEdenMedicalCenter,0.41864525068934916,23.261666666666667,ROUTE_WashingtonHospitalHealthcareSystem,0.35649439968845825,14.07
37.96305555552887,-122.30083333328855,120.09073866581558,HEMORRHAGIC,ROUTE_JohnMuirMedicalCenterWalnutCreekCampus,0.40946063326523263,34.82,ROUTE_KaiserFoundationHospitalRichmondCampus,0.3508319746564759,15.731666666666666,ROUTE_JohnMuirMedicalCenterWalnutCreekCampus,0.40946063326523263,34.82,ROUTE_KaiserFoundationHospitalRichmondCampus,0.3508319746564759,15.731666666666666
37.76722222219538,-122.42194444439977,169.2667752831344,LVO,ROUTE_CPMCDaviesCampusSutter,0.4050511105216022,5.068333333333333,ROUTE_CPMCDaviesCampusSutter,0.4050511105216022,5.068333333333333,ROUTE_CPMCDaviesCampusSutter,0.4050511105216022,5.068333333333333,ROUTE_CPMCDaviesCampusSutter,0.4050511105216022,5.068333333333333
37.9752777777511,-122.55777777773321,266.3482583266236,HEMORRHAGIC,ROUTE_MarinHealthMedicalCenter,0.32734294144,10.558333333333334,ROUTE_MarinHealthMedicalCenter,0.32734294144,10.558333333333334,ROUTE_UCSFMedicalCenter,0.32734294144,42.065000000000005,ROUTE_MarinHealthMedicalCenter,0.32734294144,10.558333333333334
37.94916666663997,-122.34694444439971,111.53160343643873,LVO,ROUTE_CPMCDaviesCampusSutter,0.41143903777535873,34.715,ROUTE_KaiserFoundationHospitalRichmondCampus,0.3544910621816602,4.78,ROUTE_CPMCDaviesCampusSutter,0.41143903777535873,34.715,ROUTE_KaiserFoundationHospitalRichmondCampus,0.3544910621816602,4.78
37.671111111084194,-122.41666666662198,162.60960741392003,LVO,ROUTE_MillsPeninsulaMedicalCenterSutter,0.40440280126613903,14.595,ROUTE_KaiserFoundationHospitalSouthSanFrancisco,0.34404583314234105,10.221666666666666,ROUTE_MillsPeninsulaMedicalCenterSutter,0.40440280126613903,14.595,ROUTE_KaiserFoundationHospitalSouthSanFrancisco,0.34404583314234105,10.221666666666666
38.009444444417795,-121.96249999995496,250.04745262315618,HEMORRHAGIC,ROUTE_JohnMuirMedicalCenterConcordCampus,0.32734294144,12.026666666666667,ROUTE_JohnMuirMedicalCenterConcordCampus,0.32734294144,12.026666666666667,ROUTE_JohnMuirMedicalCenterWalnutCreekCampus,0.32734294144,21.788333333333334,ROUTE_JohnMuirMedicalCenterConcordCampus,0.32734294144,12.026666666666667
37.98083333330666,-122.30361111106633,113.20846548038618,MIMIC,ROUTE_JohnMuirMedicalCenterWalnutCreekCampus,0.4114071584439055,33.17666666666666,ROUTE_KaiserFoundationHospitalRichmondCampus,0.35245904300036707,13.901666666666667,ROUTE_JohnMuirMedicalCenterWalnutCreekCampus,0.4114071584439055,33.17666666666666,ROUTE_KaiserFoundationHospitalRichmondCampus,0.35245904300036707,13.901666666666667
37.572499999973004,-122.03833333328835,127.36211478701262,LVO,ROUTE_SutterEdenMedicalCenter,0.4110879639492322,20.42,ROUTE_StRoseHospital,0.32734294144,11.256666666666666,ROUTE_SutterEdenMedicalCenter,0.4110879639492322,20.42,ROUTE_WashingtonHospitalHealthcareSystem,0.3498861828105179,13.553333333333335
37.64916666663973,-122.08555555551061,102.53859291863046,HEMORRHAGIC,ROUTE_SutterEdenMedicalCenter,0.41828625947777576,13.955,ROUTE_StRoseHospital,0.32734294144,5.5616666666666665,ROUTE_SutterEdenMedicalCenter,0.41828625947777576,13.955,ROUTE_KaiserFoundationHospitalSanLeandro,0.35477656393694945,12.261666666666667
37.44861111108401,-122.13833333328843,98.02635878980992,HEMORRHAGIC,ROUTE_StanfordHealthCare,0.4199764735889219,11.176666666666668,ROUTE_StanfordHealthCare,0.4199764735889219,11.176666666666668,ROUTE_StanfordHealthCare,0.4199764735889219,11.176666666666668,ROUTE_StanfordHealthCare,0.4199764735889219,11.176666666666668
37.864999999973236,-122.26583333328853,73.3289602579795,LVO,ROUTE_JohnMuirMedicalCenterWalnutCreekCampus,0.42183526792875903,27.88,ROUTE_AltaBatesSummitMedicalCenterAltaBatesCampus,0.3374219563161688,5.243333333333334,ROUTE_JohnMuirMedicalCenterWalnutCreekCampus,0.42183526792875903,27.88,ROUTE_KaiserFoundationHospitalOaklandRichmond,0.36036260161988126,12.276666666666667
37.44861111108401,-121.89916666662157,268.21876066616505,NLVO,ROUTE_RegionalMedicalCenterOfSanJose,0.32734294144,11.685,ROUTE_RegionalMedicalCenterOfSanJose,0.32734294144,11.685,ROUTE_RegionalMedicalCenterOfSanJose,0.32734294144,11.685,ROUTE_RegionalMedicalCenterOfSanJose,0.32734294144,11.685
38.09861111108453,-122.25888888884408,152.59408191612582,LVO,ROUTE_JohnMuirMedicalCenterWalnutCreekCampus,0.34252481222468806,28.686666666666667,ROUTE_KaiserFoundationHospitalVallejo,0.34630031425810465,7.819999999999999,ROUTE_JohnMuirMedicalCenterWalnutCreekCampus,0.34252481222468806,28.686666666666667,ROUTE_KaiserFoundationHospitalVallejo,0.34630031425810465,7.819999999999999
37.44972222219513,-122.14944444439955,79.41339327348047,MIMIC,ROUTE_StanfordHealthCare,0.4245288943683276,10.253333333333334,ROUTE_StanfordHealthCare,0.4245288943683276,10.253333333333334,ROUTE_StanfordHealthCare,0.4245288943683276,10.253333333333334,ROUTE_StanfordHealthCare,0.4245288943683276,10.253333333333334
38.255277777751324,-122.42166666662199,42.63088832769136,HEMORRHAGIC,ROUTE_JohnMuirMedicalCenterWalnutCreekCampus,0.4212909304348488,60.916666666666664,ROUTE_SonomaValleyHospital,0.3654996328631882,16.686666666666667,ROUTE_JohnMuirMedicalCenterWalnutCreekCampus,0.4212909304348488,60.916666666666664,ROUTE_SonomaValleyHospital,0.3654996328631882,16.686666666666667
37.38638888886174,-122.1436111110662,219.14237433078,HEMORRHAGIC,ROUTE_ElCaminoHealthMountainView,0.32734294144,16.768333333333334,ROUTE_ElCaminoHealthMountainView,0.32734294144,16.768333333333334,ROUTE_ElCaminoHealthMountainView,0.32734294144,16.768333333333334,ROUTE_ElCaminoHealthMountainView,0.32734294144,16.768333333333334
37.535555555528525,-122.27055555551075,143.4000421408793,LVO,ROUTE_MillsPeninsulaMedicalCenterSutter,0.40766640952559696,19.395,ROUTE_SanMateoMedicalCenter,0.32734294144,14.43,ROUTE_MillsPeninsulaMedicalCenterSutter,0.40766640952559696,19.395,ROUTE_MillsPeninsulaMedicalCenterSutter,0.40766640952559696,19.395
37.778888888862056,-122.48555555551093,186.67431682447523,NLVO,ROUTE_UCSFMedicalCenter,0.33997308423240447,8.915,ROUTE_UCSFHealthStanyanHospital,0.34016337489800463,7.841666666666667,ROUTE_UCSFMedicalCenter,0.33997308423240447,8.915,ROUTE_UCSFHealthStanyanHospital,0.34016337489800463,7.841666666666667
37.88666666663992,-122.30111111106633,235.36078871129928,LVO,ROUTE_KaiserFoundationHospitalRichmondCampus,0.32734294144,12.403333333333334,ROUTE_KaiserFoundationHospitalRichmondCampus,0.32734294144,12.403333333333334,ROUTE_CPMCDaviesCampusSutter,0.32734294144,29.636666666666667,ROUTE_KaiserFoundationHospitalRichmondCampus,0.32734294144,12.403333333333334
37.90305555552882,-122.49694444439983,90.16214868312906,HEMORRHAGIC,ROUTE_UCSFMedicalCenter,0.417055739542821,31.653333333333332,ROUTE_MarinHealthMedicalCenter,0.35661300116833583,14.968333333333334,ROUTE_UCSFMedicalCenter,0.417055739542821,31.653333333333332,ROUTE_MarinHealthMedicalCenter,0.35661300116833583,14.968333333333334
37.70055555552866,-122.18555555551069,199.86026461322862,HEMORRHAGIC,ROUTE_KaiserFoundationHospitalSanLeandro,0.33822771257440537,5.613333333333333,ROUTE_KaiserFoundationHospitalSanLeandro,0.33822771257440537,5.613333333333333,ROUTE_SutterEdenMedicalCenter,0.3366141072175818,14.825,ROUTE_KaiserFoundationHospitalSanLeandro,0.33822771257440537,5.613333333333333
37.51111111108406,-121.91333333328825,269.6158820550286,LVO,ROUTE_KaiserFoundationHospitalFremont,0.32734294144,18.145,ROUTE_KaiserFoundationHospitalFremont,0.32734294144,18.145,ROUTE_RegionalMedicalCenterOfSanJose,0.32734294144,20.515,ROUTE_KaiserFoundationHospitalFremont,0.32734294144,18.145
37.73194444441757,-122.14722222217732,162.35033625316723,LVO,ROUTE_SutterEdenMedicalCenter,0.4049776704740237,12.31,ROUTE_SanLeandroHospitalAlamedaHealthSystem,0.32734294144,7.536666666666666,ROUTE_SutterEdenMedicalCenter,0.4049776704740237,12.31,ROUTE_HighlandHospitalWilmaChanCampus,0.34371684529662844,12.303333333333335
37.38111111108396,-122.05055555551058,161.86658974011627,HEMORRHAGIC,ROUTE_ElCaminoHealthMountainView,0.40546187440968123,10.651666666666667,ROUTE_ElCaminoHealthMountainView,0.40546187440968123,10.651666666666667,ROUTE_ElCaminoHealthMountainView,0.40546187440968123,10.651666666666667,ROUTE_ElCaminoHealthMountainView,0.40546187440968123,10.651666666666667
37.377222222195066,-122.05055555551058,166.70322031202704,LVO,ROUTE_ElCaminoHealthMountainView,0.4045428894073392,9.881666666666666,ROUTE_ElCaminoHealthMountainView,0.4045428894073392,9.881666666666666,ROUTE_ElCaminoHealthMountainView,0.4045428894073392,9.881666666666666,ROUTE_ElCaminoHealthMountainView,0.4045428894073392,9.881666666666666
37.663333333306404,-121.84861111106598,203.77070089967327,HEMORRHAGIC,ROUTE_StanfordHealthCareTriValley,0.33642012689755857,12.028333333333334,ROUTE_StanfordHealthCareTriValley,0.33642012689755857,12.028333333333334,ROUTE_SutterEdenMedicalCenter,0.32734294144,28.586666666666666,ROUTE_StanfordHealthCareTriValley,0.33642012689755857,12.028333333333334
38.458888888862596,-121.82583333328817,177.27050674238407,LVO,ROUTE_KaiserFoundationHospitalVacaville,0.3409517244695204,12.811666666666667,ROUTE_KaiserFoundationHospitalVacaville,0.3409517244695204,12.811666666666667,ROUTE_JohnMuirMedicalCenterWalnutCreekCampus,0.32734294144,59.74166666666667,ROUTE_KaiserFoundationHospitalVacaville,0.3409517244695204,12.811666666666667
37.53666666663964,-122.05611111106614,226.74473011675556,LVO,ROUTE_StRoseHospital,0.32734294144,17.108333333333334,ROUTE_StRoseHospital,0.32734294144,17.108333333333334,ROUTE_KaiserFoundationHospitalRedwoodCity,0.32734294144,25.634999999999998,ROUTE_WashingtonHospitalHealthcareSystem,0.32734294144,19.93166666666667
37.835833333306546,-122.27916666662188,246.18177372491186,HEMORRHAGIC,ROUTE_KaiserFoundationHospitalOaklandRichmond,0.32734294144,6.461666666666667,ROUTE_KaiserFoundationHospitalOaklandRichmond,0.32734294144,6.461666666666667,ROUTE_SutterEdenMedicalCenter,0.32734294144,24.40666666666667,ROUTE_KaiserFoundationHospitalOaklandRichmond,0.32734294144,6.461666666666667
37.67888888886198,-122.49277777773315,204.8810485823188,LVO,ROUTE_AHMCSetonMedicalCenter,0.3370042474543007,7.571666666666667,ROUTE_AHMCSetonMedicalCenter,0.3370042474543007,7.571666666666667,ROUTE_MillsPeninsulaMedicalCenterSutter,0.32734294144,20.35,ROUTE_AHMCSetonMedicalCenter,0.3370042474543007,7.571666666666667
37.630833333306384,-122.40999999995532,221.80355009095697,LVO,ROUTE_MillsPeninsulaMedicalCenterSutter,0.32734294144,8.198333333333332,ROUTE_MillsPeninsulaMedicalCenterSutter,0.32734294144,8.198333333333332,ROUTE_MillsPeninsulaMedicalCenterSutter,0.32734294144,8.198333333333332,ROUTE_MillsPeninsulaMedicalCenterSutter,0.32734294144,8.198333333333332
37.84722222219544,-122.12305555551063,172.3634947938191,LVO,ROUTE_JohnMuirMedicalCenterWalnutCreekCampus,0.34005935274598453,22.738333333333333,ROUTE_KaiserFoundationHospitalWalnutCreek,0.34046252756708384,20.46833333333333,ROUTE_JohnMuirMedicalCenterWalnutCreekCampus,0.34005935274598453,22.738333333333333,ROUTE_KaiserFoundationHospitalWalnutCreek,0.34046252756708384,20.46833333333333
37.52638888886185,-122.034999999955,115.42305258527497,LVO,ROUTE_SutterEdenMedicalCenter,0.4124685743415426,26.326666666666664,ROUTE_WashingtonHospitalHealthcareSystem,0.3515358887193115,16.62333333333333,ROUTE_SutterEdenMedicalCenter,0.4124685743415426,26.326666666666664,ROUTE_WashingtonHospitalHealthcareSystem,0.3515358887193115,16.62333333333333
37.93972222219552,-121.72027777773253,259.4998615961665,LVO,ROUTE_KaiserFoundationHospitalAntioch,0.32734294144,10.971666666666666,ROUTE_KaiserFoundationHospitalAntioch,0.32734294144,10.971666666666666,ROUTE_JohnMuirMedicalCenterWalnutCreekCampus,0.32734294144,37.190000000000005,ROUTE_KaiserFoundationHospitalAntioch,0.32734294144,10.971666666666666
38.01722222219558,-122.08861111106617,181.0203727873223,MIMIC,ROUTE_JohnMuirMedicalCenterWalnutCreekCampus,0.3394131208840599,17.73166666666667,ROUTE_ContraCostaRegionalMedicalCenter,0.32734294144,9.196666666666665,ROUTE_JohnMuirMedicalCenterWalnutCreekCampus,0.3394131208840599,17.73166666666667,ROUTE_JohnMuirMedicalCenterConcordCampus,0.34039876479442777,12.17
37.88194444441769,-122.18611111106624,242.90333117014563,LVO,ROUTE_AltaBatesSummitMedicalCenterAltaBatesCampus,0.32734294144,13.021666666666667,ROUTE_AltaBatesSummitMedicalCenterAltaBatesCampus,0.32734294144,13.021666666666667,ROUTE_JohnMuirMedicalCenterWalnutCreekCampus,0.32734294144,15.71,ROUTE_KaiserFoundationHospitalWalnutCreek,0.32734294144,13.438333333333333
37.50194444441739,-122.2599999999552,71.72676835703336,LVO,ROUTE_KaiserFoundationHospitalRedwoodCity,0.42612055525558434,11.143333333333334,ROUTE_SequoiaHospital,0.36130508276745804,9.016666666666667,ROUTE_KaiserFoundationHospitalRedwoodCity,0.42612055525558434,11.143333333333334,ROUTE_SequoiaHospital,0.36130508276745804,9.016666666666667
37.98361111108444,-122.48111111106648,162.05978564033495,NLVO,ROUTE_UCSFMedicalCenter,0.33763214171175315,46.806666666666665,ROUTE_MarinHealthMedicalCenter,0.34240087602164515,19.91166666666667,ROUTE_UCSFMedicalCenter,0.33763214171175315,46.806666666666665,ROUTE_MarinHealthMedicalCenter,0.34240087602164515,19.91166666666667
37.56722222219522,-122.00888888884388,247.63559645166976,HEMORRHAGIC,ROUTE_WashingtonHospitalHealthcareSystem,0.32734294144,8.870000000000001,ROUTE_WashingtonHospitalHealthcareSystem,0.32734294144,8.870000000000001,ROUTE_SutterEdenMedicalCenter,0.32734294144,24.278333333333332,ROUTE_WashingtonHospitalHealthcareSystem,0.32734294144,8.870000000000001
37.66388888886196,-122.07777777773282,176.14646492384296,MIMIC,ROUTE_SutterEdenMedicalCenter,0.34135271886437085,11.685,ROUTE_StRoseHospital,0.32734294144,9.481666666666666,ROUTE_SutterEdenMedicalCenter,0.34135271886437085,11.685,ROUTE_SutterEdenMedicalCenter,0.34135271886437085,11.685
37.78249999997317,-122.21722222217738,175.00067834860891,LVO,ROUTE_SutterEdenMedicalCenter,0.3402432081682086,19.065,ROUTE_HighlandHospitalWilmaChanCampus,0.3424761832088273,6.551666666666667,ROUTE_SutterEdenMedicalCenter,0.3402432081682086,19.065,ROUTE_HighlandHospitalWilmaChanCampus,0.3424761832088273,6.551666666666667
37.43861111108401,-121.88472222217712,209.07285038437314,NLVO,ROUTE_RegionalMedicalCenterOfSanJose,0.33564751925433967,11.166666666666666,ROUTE_RegionalMedicalCenterOfSanJose,0.33564751925433967,11.166666666666666,ROUTE_RegionalMedicalCenterOfSanJose,0.33564751925433967,11.166666666666666,ROUTE_RegionalMedicalCenterOfSanJose,0.33564751925433967,11.166666666666666
37.62333333330638,-122.09416666662173,205.52208463067444,HEMORRHAGIC,ROUTE_KaiserFoundationHospitalSanLeandro,0.3357489819451272,14.133333333333333,ROUTE_StRoseHospital,0.32734294144,4.631666666666666,ROUTE_SutterEdenMedicalCenter,0.33545500352437824,15.826666666666666,ROUTE_KaiserFoundationHospitalSanLeandro,0.3357489819451272,14.133333333333333
37.95694444441775,-122.04083333328835,81.23528753630157,HEMORRHAGIC,ROUTE_JohnMuirMedicalCenterWalnutCreekCampus,0.4243123890864493,9.356666666666666,ROUTE_JohnMuirMedicalCenterConcordCampus,0.35987540165184706,6.89,ROUTE_JohnMuirMedicalCenterWalnutCreekCampus,0.4243123890864493,9.356666666666666,ROUTE_JohnMuirMedicalCenterConcordCampus,0.35987540165184706,6.89
37.98333333330666,-122.07027777773281,75.08926915056517,LVO,ROUTE_JohnMuirMedicalCenterWalnutCreekCampus,0.42469526851403744,13.866666666666667,ROUTE_JohnMuirMedicalCenterConcordCampus,0.3606249726782219,9.16,ROUTE_JohnMuirMedicalCenterWalnutCreekCampus,0.42469526851403744,13.866666666666667,ROUTE_JohnMuirMedicalCenterConcordCampus,0.3606249726782219,9.16
37.554999999972985,-121.97027777773273,103.47672883638896,HEMORRHAGIC,ROUTE_RegionalMedicalCenterOfSanJose,0.41526943370211306,26.081666666666667,ROUTE_KaiserFoundationHospitalFremont,0.3565100794679358,2.1933333333333334,ROUTE_RegionalMedicalCenterOfSanJose,0.41526943370211306,26.081666666666667,ROUTE_KaiserFoundationHospitalFremont,0.3565100794679358,2.1933333333333334
37.65527777775085,-122.03694444439945,254.02650581546789,HEMORRHAGIC,ROUTE_StRoseHospital,0.32734294144,16.64,ROUTE_StRoseHospital,0.32734294144,16.64,ROUTE_SutterEdenMedicalCenter,0.32734294144,20.396666666666665,ROUTE_SutterEdenMedicalCenter,0.32734294144,20.396666666666665
37.79083333330651,-121.9530555555105,190.09811277311306,HEMORRHAGIC,ROUTE_SanRamonRegionalMedicalCenter,0.33973494183853137,6.835,ROUTE_SanRamonRegionalMedicalCenter,0.33973494183853137,6.835,ROUTE_JohnMuirMedicalCenterWalnutCreekCampus,0.336771169207597,23.688333333333333,ROUTE_SanRamonRegionalMedicalCenter,0.33973494183853137,6.835
38.07388888886229,-122.20277777773292,154.7514501498547,HEMORRHAGIC,ROUTE_JohnMuirMedicalCenterWalnutCreekCampus,0.3423416565725622,27.551666666666666,ROUTE_SutterSolanoMedicalCenter,0.34501842749720196,12.708333333333334,ROUTE_JohnMuirMedicalCenterWalnutCreekCampus,0.3423416565725622,27.551666666666666,ROUTE_SutterSolanoMedicalCenter,0.34501842749720196,12.708333333333334
37.535555555528525,-122.0288888888439,117.03288325955018,HEMORRHAGIC,ROUTE_SutterEdenMedicalCenter,0.4128348107615547,23.12,ROUTE_WashingtonHospitalHealthcareSystem,0.35173848628665344,13.928333333333335,ROUTE_SutterEdenMedicalCenter,0.4128348107615547,23.12,ROUTE_WashingtonHospitalHealthcareSystem,0.35173848628665344,13.928333333333335
37.35722222219505,-122.0288888888439,191.42941484241504,LVO,ROUTE_KaiserFoundationHospitalSantaClara,0.338669855999261,11.533333333333333,ROUTE_KaiserFoundationHospitalSantaClara,0.338669855999261,11.533333333333333,ROUTE_KaiserFoundationHospitalSantaClara,0.338669855999261,11.533333333333333,ROUTE_KaiserFoundationHospitalSantaClara,0.338669855999261,11.533333333333333
37.783055555528726,-122.19361111106625,194.0493957099103,LVO,ROUTE_HighlandHospitalWilmaChanCampus,0.33905531322314836,6.7266666666666675,ROUTE_HighlandHospitalWilmaChanCampus,0.33905531322314836,6.7266666666666675,ROUTE_SutterEdenMedicalCenter,0.3371367941337235,17.645,ROUTE_HighlandHospitalWilmaChanCampus,0.33905531322314836,6.7266666666666675
38.23888888886243,-122.59305555551101,246.6137530877944,HEMORRHAGIC,ROUTE_PetalumaValleyHospitalProvidence,0.32734294144,10.068333333333333,ROUTE_PetalumaValleyHospitalProvidence,0.32734294144,10.068333333333333,ROUTE_UCSFMedicalCenter,0.32734294144,63.15,ROUTE_PetalumaValleyHospitalProvidence,0.32734294144,10.068333333333333
37.74916666663981,-122.46361111106647,86.12827336496386,HEMORRHAGIC,ROUTE_UCSFMedicalCenter,0.4241184125246772,5.293333333333334,ROUTE_UCSFMedicalCenter,0.4241184125246772,5.293333333333334,ROUTE_UCSFMedicalCenter,0.4241184125246772,5.293333333333334,ROUTE_UCSFMedicalCenter,0.4241184125246772,5.293333333333334
37.65416666663973,-122.06888888884393,66.20175958882332,HEMORRHAGIC,ROUTE_SutterEdenMedicalCenter,0.42679736544664243,13.783333333333333,ROUTE_StRoseHospital,0.33739110677289247,9.618333333333334,ROUTE_SutterEdenMedicalCenter,0.42679736544664243,13.783333333333333,ROUTE_SutterEdenMedicalCenter,0.42679736544664243,13.783333333333333
37.58111111108412,-122.33083333328858,252.1233615314231,LVO,ROUTE_MillsPeninsulaMedicalCenterSutter,0.32734294144,9.571666666666665,ROUTE_MillsPeninsulaMedicalCenterSutter,0.32734294144,9.571666666666665,ROUTE_MillsPeninsulaMedicalCenterSutter,0.32734294144,9.571666666666665,ROUTE_MillsPeninsulaMedicalCenterSutter,0.32734294144,9.571666666666665
37.65944444441752,-122.40861111106642,103.97651499520502,HEMORRHAGIC,ROUTE_MillsPeninsulaMedicalCenterSutter,0.41859861818528404,11.168333333333333,ROUTE_KaiserFoundationHospitalSouthSanFrancisco,0.35535398949828995,7.775,ROUTE_MillsPeninsulaMedicalCenterSutter,0.41859861818528404,11.168333333333333,ROUTE_KaiserFoundationHospitalSouthSanFrancisco,0.35535398949828995,7.775
37.95472222219553,-122.36611111106639,247.3164877477763,LVO,ROUTE_KaiserFoundationHospitalRichmondCampus,0.32734294144,4.425,ROUTE_KaiserFoundationHospitalRichmondCampus,0.32734294144,4.425,ROUTE_CPMCDaviesCampusSutter,0.32734294144,36.61,ROUTE_KaiserFoundationHospitalRichmondCampus,0.32734294144,4.425
37.991388888862225,-121.71138888884364,52.81716487330346,LVO,ROUTE_JohnMuirMedicalCenterWalnutCreekCampus,0.42439853762234975,37.406666666666666,ROUTE_KaiserFoundationHospitalAntioch,0.36367117608235094,15.798333333333334,ROUTE_JohnMuirMedicalCenterWalnutCreekCampus,0.42439853762234975,37.406666666666666,ROUTE_KaiserFoundationHospitalAntioch,0.36367117608235094,15.798333333333334
37.91611111108439,-122.30888888884412,96.39844435487989,LVO,ROUTE_CPMCDaviesCampusSutter,0.41550177767502827,32.151666666666664,ROUTE_KaiserFoundationHospitalRichmondCampus,0.35585454394654215,12.716666666666667,ROUTE_CPMCDaviesCampusSutter,0.41550177767502827,32.151666666666664,ROUTE_KaiserFoundationHospitalRichmondCampus,0.35585454394654215,12.716666666666667
37.689166666639764,-122.45611111106646,120.88596274115335,HEMORRHAGIC,ROUTE_CPMCDaviesCampusSutter,0.41296598472576057,18.695,ROUTE_AHMCSetonMedicalCenter,0.3521575963384129,7.833333333333333,ROUTE_CPMCDaviesCampusSutter,0.41296598472576057,18.695,ROUTE_AHMCSetonMedicalCenter,0.3521575963384129,7.833333333333333
37.753888888862036,-122.47666666662204,30.919377079508948,LVO,ROUTE_UCSFMedicalCenter,0.4370427830370507,5.745,ROUTE_UCSFMedicalCenter,0.4370427830370507,5.745,ROUTE_UCSFMedicalCenter,0.4370427830370507,5.745,ROUTE_UCSFMedicalCenter,0.4370427830370507,5.745
38.11722222219566,-122.5477777777332,262.20752929895207,LVO,ROUTE_NovatoCommunityHospitalSutter,0.32734294144,9.385,ROUTE_NovatoCommunityHospitalSutter,0.32734294144,9.385,ROUTE_UCSFMedicalCenter,0.32734294144,50.63166666666667,ROUTE_NovatoCommunityHospitalSutter,0.32734294144,9.385
37.96166666663998,-122.03805555551057,166.48138210128525,HEMORRHAGIC,ROUTE_JohnMuirMedicalCenterWalnutCreekCampus,0.40424050617274193,11.443333333333333,ROUTE_JohnMuirMedicalCenterConcordCampus,0.34384590243497376,7.458333333333333,ROUTE_JohnMuirMedicalCenterWalnutCreekCampus,0.40424050617274193,11.443333333333333,ROUTE_JohnMuirMedicalCenterConcordCampus,0.34384590243497376,7.458333333333333
37.487777777750715,-122.24055555551072,91.34211715366634,LVO,ROUTE_KaiserFoundationHospitalRedwoodCity,0.4225631723349888,6.743333333333334,ROUTE_SequoiaHospital,0.35837554175753306,4.573333333333333,ROUTE_KaiserFoundationHospitalRedwoodCity,0.4225631723349888,6.743333333333334,ROUTE_SequoiaHospital,0.35837554175753306,4.573333333333333
37.664722222195294,-122.48972222217759,263.8211524030518,LVO,ROUTE_AHMCSetonMedicalCenter,0.32734294144,8.748333333333333,ROUTE_AHMCSetonMedicalCenter,0.32734294144,8.748333333333333,ROUTE_MillsPeninsulaMedicalCenterSutter,0.32734294144,18.358333333333334,ROUTE_AHMCSetonMedicalCenter,0.32734294144,8.748333333333333
38.29083333330691,-122.08388888884394,196.4763898477837,HEMORRHAGIC,ROUTE_NorthBayMedicalCenter,0.33732527222324693,14.139999999999999,ROUTE_NorthBayMedicalCenter,0.33732527222324693,14.139999999999999,ROUTE_JohnMuirMedicalCenterWalnutCreekCampus,0.32734294144,45.675,ROUTE_NorthBayMedicalCenter,0.33732527222324693,14.139999999999999
37.53583333330631,-122.30999999995524,127.20397390725903,LVO,ROUTE_KaiserFoundationHospitalRedwoodCity,0.4122783663396593,15.376666666666667,ROUTE_SanMateoMedicalCenter,0.32734294144,3.703333333333333,ROUTE_KaiserFoundationHospitalRedwoodCity,0.4122783663396593,15.376666666666667,ROUTE_KaiserFoundationHospitalRedwoodCity,0.4122783663396593,15.376666666666667
37.773333333306496,-122.20027777773292,87.65070288171572,HEMORRHAGIC,ROUTE_SutterEdenMedicalCenter,0.4206291450225892,18.743333333333332,ROUTE_HighlandHospitalWilmaChanCampus,0.35790527357505525,10.716666666666667,ROUTE_SutterEdenMedicalCenter,0.4206291450225892,18.743333333333332,ROUTE_HighlandHospitalWilmaChanCampus,0.35790527357505525,10.716666666666667
37.764722222195374,-122.25444444439964,266.2089856820247,HEMORRHAGIC,ROUTE_AlamedaHospital,0.32734294144,1.3066666666666669,ROUTE_AlamedaHospital,0.32734294144,1.3066666666666669,ROUTE_SutterEdenMedicalCenter,0.32734294144,22.295,ROUTE_AlamedaHospital,0.32734294144,1.3066666666666669
38.35083333330696,-122.25555555551074,185.62996684495852,HEMORRHAGIC,ROUTE_ProvidenceQueenOfTheValleyMedicalCenter,0.34008753098975847,9.313333333333333,ROUTE_ProvidenceQueenOfTheValleyMedicalCenter,0.34008753098975847,9.313333333333333,ROUTE_JohnMuirMedicalCenterWalnutCreekCampus,0.32734294144,58.58833333333334,ROUTE_ProvidenceQueenOfTheValleyMedicalCenter,0.34008753098975847,9.313333333333333
37.588333333306345,-122.49777777773316,109.51913176557842,HEMORRHAGIC,ROUTE_MillsPeninsulaMedicalCenterSutter,0.4138224632619584,26.33,ROUTE_AHMCSetonMedicalCenter,0.35225754707043316,18.666666666666668,ROUTE_MillsPeninsulaMedicalCenterSutter,0.4138224632619584,26.33,ROUTE_AHMCSetonMedicalCenter,0.35225754707043316,18.666666666666668
37.794166666639846,-122.26888888884409,54.211497313116546,LVO,ROUTE_SutterEdenMedicalCenter,0.42798247762964087,20.728333333333335,ROUTE_HighlandHospitalWilmaChanCampus,0.424009186612238,6.591666666666667,ROUTE_SutterEdenMedicalCenter,0.42798247762964087,20.728333333333335,ROUTE_HighlandHospitalWilmaChanCampus,0.424009186612238,6.591666666666667
37.41388888886176,-122.08361111106616,261.0328410942893,LVO,ROUTE_ElCaminoHealthMountainView,0.32734294144,9.595,ROUTE_ElCaminoHealthMountainView,0.32734294144,9.595,ROUTE_ElCaminoHealthMountainView,0.32734294144,9.595,ROUTE_ElCaminoHealthMountainView,0.32734294144,9.595
38.06388888886228,-122.54166666662208,90.71577702806887,HEMORRHAGIC,ROUTE_UCSFMedicalCenter,0.4138261821762857,45.11833333333333,ROUTE_NovatoCommunityHospitalSutter,0.35773124927060784,8.56,ROUTE_UCSFMedicalCenter,0.4138261821762857,45.11833333333333,ROUTE_NovatoCommunityHospitalSutter,0.35773124927060784,8.56
38.01111111108446,-121.62527777773246,130.20024976060972,LVO,ROUTE_JohnMuirMedicalCenterWalnutCreekCampus,0.34194072361431543,54.34166666666667,ROUTE_KaiserFoundationHospitalAntioch,0.34584141167349086,32.73166666666667,ROUTE_JohnMuirMedicalCenterWalnutCreekCampus,0.34194072361431543,54.34166666666667,ROUTE_KaiserFoundationHospitalAntioch,0.34584141167349086,32.73166666666667
37.94333333330663,-122.31249999995524,189.3280266114793,LVO,ROUTE_KaiserFoundationHospitalRichmondCampus,0.33932617122958664,9.915,ROUTE_KaiserFoundationHospitalRichmondCampus,0.33932617122958664,9.915,ROUTE_CPMCDaviesCampusSutter,0.3352997306406865,32.915,ROUTE_KaiserFoundationHospitalRichmondCampus,0.33932617122958664,9.915
37.960833333306645,-122.07694444439949,247.109898367459,MIMIC,ROUTE_JohnMuirMedicalCenterConcordCampus,0.32734294144,9.811666666666667,ROUTE_JohnMuirMedicalCenterConcordCampus,0.32734294144,9.811666666666667,ROUTE_JohnMuirMedicalCenterWalnutCreekCampus,0.32734294144,13.365,ROUTE_JohnMuirMedicalCenterConcordCampus,0.32734294144,9.811666666666667
37.673888888861974,-122.1122222221773,48.18435998727694,HEMORRHAGIC,ROUTE_SutterEdenMedicalCenter,0.43176079404004447,10.731666666666666,ROUTE_StRoseHospital,0.40330973949105636,8.093333333333334,ROUTE_SutterEdenMedicalCenter,0.43176079404004447,10.731666666666666,ROUTE_SutterEdenMedicalCenter,0.43176079404004447,10.731666666666666
38.283333333306906,-122.01222222217721,96.31105947544972,HEMORRHAGIC,ROUTE_JohnMuirMedicalCenterWalnutCreekCampus,0.41202730610520766,47.365,ROUTE_NorthBayMedicalCenter,0.35578830882576373,13.153333333333334,ROUTE_JohnMuirMedicalCenterWalnutCreekCampus,0.41202730610520766,47.365,ROUTE_NorthBayMedicalCenter,0.35578830882576373,13.153333333333334
37.9286111110844,-121.6916666666214,101.93540044203773,LVO,ROUTE_JohnMuirMedicalCenterWalnutCreekCampus,0.41216002575847904,41.16166666666666,ROUTE_KaiserFoundationHospitalAntioch,0.35429758662438704,15.4,ROUTE_JohnMuirMedicalCenterWalnutCreekCampus,0.41216002575847904,41.16166666666666,ROUTE_KaiserFoundationHospitalAntioch,0.35429758662438704,15.4
37.774722222195386,-122.44972222217757,89.91629670820033,NLVO,ROUTE_UCSFMedicalCenter,0.4232996689050129,5.011666666666667,ROUTE_UCSFHealthStanyanHospital,0.3591491273854695,1.9766666666666666,ROUTE_UCSFMedicalCenter,0.4232996689050129,5.011666666666667,ROUTE_UCSFHealthStanyanHospital,0.3591491273854695,1.9766666666666666
37.9058333333066,-122.29944444439967,248.8825757154129,LVO,ROUTE_KaiserFoundationHospitalRichmondCampus,0.32734294144,12.32,ROUTE_KaiserFoundationHospitalRichmondCampus,0.32734294144,12.32,ROUTE_CPMCDaviesCampusSutter,0.32734294144,30.39333333333333,ROUTE_KaiserFoundationHospitalRichmondCampus,0.32734294144,12.32
37.91416666663994,-122.30888888884412,212.2788776960247,HEMORRHAGIC,ROUTE_KaiserFoundationHospitalRichmondCampus,0.33486301412804015,12.486666666666668,ROUTE_KaiserFoundationHospitalRichmondCampus,0.33486301412804015,12.486666666666668,ROUTE_CPMCDaviesCampusSutter,0.32734294144,31.881666666666668,ROUTE_KaiserFoundationHospitalRichmondCampus,0.33486301412804015,12.486666666666668
37.67499999997308,-122.48666666662204,217.05562175525947,MIMIC,ROUTE_AHMCSetonMedicalCenter,0.3354503415049837,4.319999999999999,ROUTE_AHMCSetonMedicalCenter,0.3354503415049837,4.319999999999999,ROUTE_MillsPeninsulaMedicalCenterSutter,0.32734294144,17.605,ROUTE_AHMCSetonMedicalCenter,0.3354503415049837,4.319999999999999
37.70749999997311,-121.88499999995489,229.03125084896573,LVO,ROUTE_StanfordHealthCareTriValley,0.32734294144,6.069999999999999,ROUTE_StanfordHealthCareTriValley,0.32734294144,6.069999999999999,ROUTE_SutterEdenMedicalCenter,0.32734294144,17.02,ROUTE_StanfordHealthCareTriValley,0.32734294144,6.069999999999999
37.778055555528724,-122.39305555551086,222.7905064686634,LVO,ROUTE_ChineseHospital,0.32734294144,7.114999999999999,ROUTE_ChineseHospital,0.32734294144,7.114999999999999,ROUTE_CPMCDaviesCampusSutter,0.32734294144,10.845,ROUTE_ChineseHospital,0.32734294144,7.114999999999999
38.17388888886237,-121.69499999995475,197.29357941405863,HEMORRHAGIC,ROUTE_SutterDeltaMedicalCenter,0.32734294144,31.788333333333334,ROUTE_SutterDeltaMedicalCenter,0.32734294144,31.788333333333334,ROUTE_JohnMuirMedicalCenterWalnutCreekCampus,0.32734294144,53.345,ROUTE_KaiserFoundationHospitalAntioch,0.32734294144,34.443333333333335
37.4083333333062,-121.93944444439938,255.87870182149237,LVO,ROUTE_OConnorHospital,0.32734294144,15.856666666666666,ROUTE_OConnorHospital,0.32734294144,15.856666666666666,ROUTE_RegionalMedicalCenterOfSanJose,0.32734294144,18.271666666666665,ROUTE_OConnorHospital,0.32734294144,15.856666666666666
38.07916666664007,-122.55472222217765,253.34217365966737,LVO,ROUTE_NovatoCommunityHospitalSutter,0.32734294144,6.3100000000000005,ROUTE_NovatoCommunityHospitalSutter,0.32734294144,6.3100000000000005,ROUTE_UCSFMedicalCenter,0.32734294144,45.480000000000004,ROUTE_NovatoCommunityHospitalSutter,0.32734294144,6.3100000000000005
37.564166666639665,-122.05555555551058,124.53537176676133,LVO,ROUTE_SutterEdenMedicalCenter,0.4111177400792014,23.116666666666667,ROUTE_StRoseHospital,0.32734294144,13.953333333333335,ROUTE_SutterEdenMedicalCenter,0.4111177400792014,23.116666666666667,ROUTE_WashingtonHospitalHealthcareSystem,0.34943714917207347,18.805
37.761388888862044,-122.39388888884419,186.8641694240861,NLVO,ROUTE_CPMCDaviesCampusSutter,0.33947815095111966,11.520000000000001,ROUTE_ZuckerbergSanFranciscoGeneralHospital,0.3403426128764297,6.641666666666667,ROUTE_CPMCDaviesCampusSutter,0.33947815095111966,11.520000000000001,ROUTE_ZuckerbergSanFranciscoGeneralHospital,0.3403426128764297,6.641666666666667
37.99944444441779,-122.58222222217768,30.069668084638835,HEMORRHAGIC,ROUTE_UCSFMedicalCenter,0.42618568343755586,52.52166666666667,ROUTE_MarinHealthMedicalCenter,0.4254244031981381,19.895,ROUTE_UCSFMedicalCenter,0.42618568343755586,52.52166666666667,ROUTE_MarinHealthMedicalCenter,0.4254244031981381,19.895
37.730277777750906,-122.40472222217753,231.3725002491726,HEMORRHAGIC,ROUTE_ZuckerbergSanFranciscoGeneralHospital,0.32734294144,7.765,ROUTE_ZuckerbergSanFranciscoGeneralHospital,0.32734294144,7.765,ROUTE_CPMCDaviesCampusSutter,0.32734294144,12.538333333333332,ROUTE_ZuckerbergSanFranciscoGeneralHospital,0.32734294144,7.765
37.52222222219518,-122.28611111106632,94.40044461560025,HEMORRHAGIC,ROUTE_KaiserFoundationHospitalRedwoodCity,0.42005481169880665,14.465,ROUTE_SanMateoMedicalCenter,0.32734294144,8.996666666666666,ROUTE_KaiserFoundationHospitalRedwoodCity,0.42005481169880665,14.465,ROUTE_KaiserFoundationHospitalRedwoodCity,0.42005481169880665,14.465
37.86611111108435,-122.27527777773298,81.99847984108736,MIMIC,ROUTE_JohnMuirMedicalCenterWalnutCreekCampus,0.41940676951678124,29.66,ROUTE_AltaBatesSummitMedicalCenterAltaBatesCampus,0.3355148018112166,7.513333333333334,ROUTE_JohnMuirMedicalCenterWalnutCreekCampus,0.41940676951678124,29.66,ROUTE_KaiserFoundationHospitalOaklandRichmond,0.35858412716597965,12.831666666666667
37.69027777775087,-122.49138888884427,65.59473119645952,HEMORRHAGIC,ROUTE_MillsPeninsulaMedicalCenterSutter,0.4257512024517956,18.85,ROUTE_AHMCSetonMedicalCenter,0.4215943412262793,6.071666666666667,ROUTE_MillsPeninsulaMedicalCenterSutter,0.4257512024517956,18.85,ROUTE_AHMCSetonMedicalCenter,0.4215943412262793,6.071666666666667
37.79888888886207,-122.42111111106644,195.51749349342097,LVO,ROUTE_CPMCDaviesCampusSutter,0.3381145509520632,10.6,ROUTE_UCSFHealthHydeHospital,0.33958197804500484,2.2800000000000002,ROUTE_CPMCDaviesCampusSutter,0.3381145509520632,10.6,ROUTE_UCSFHealthHydeHospital,0.33958197804500484,2.2800000000000002
37.94222222219552,-122.48749999995538,265.9453111703084,MIMIC,ROUTE_MarinHealthMedicalCenter,0.32734294144,12.46,ROUTE_MarinHealthMedicalCenter,0.32734294144,12.46,ROUTE_UCSFMedicalCenter,0.32734294144,39.73166666666667,ROUTE_MarinHealthMedicalCenter,0.32734294144,12.46
37.74027777775091,-122.43055555551088,36.20117153281224,MIMIC,ROUTE_CPMCDaviesCampusSutter,0.4348792763776032,9.556666666666667,ROUTE_CPMCMissionBernalCampusSutter,0.42964855477697794,3.675,ROUTE_CPMCDaviesCampusSutter,0.4348792763776032,9.556666666666667,ROUTE_CPMCMissionBernalCampusSutter,0.42964855477697794,3.675
37.744722222195364,-122.47055555551091,152.39775989552112,LVO,ROUTE_UCSFMedicalCenter,0.408786808910487,5.47,ROUTE_UCSFMedicalCenter,0.408786808910487,5.47,ROUTE_UCSFMedicalCenter,0.408786808910487,5.47,ROUTE_UCSFMedicalCenter,0.408786808910487,5.47
37.5233333333063,-121.9530555555105,95.04531932285344,HEMORRHAGIC,ROUTE_RegionalMedicalCenterOfSanJose,0.41844199024081385,20.776666666666664,ROUTE_KaiserFoundationHospitalFremont,0.35651060205682117,10.621666666666666,ROUTE_RegionalMedicalCenterOfSanJose,0.41844199024081385,20.776666666666664,ROUTE_KaiserFoundationHospitalFremont,0.35651060205682117,10.621666666666666
37.47361111108403,-122.14805555551065,133.49915216466064,LVO,ROUTE_KaiserFoundationHospitalRedwoodCity,0.4119047450381523,10.711666666666668,ROUTE_KaiserFoundationHospitalRedwoodCity,0.4119047450381523,10.711666666666668,ROUTE_KaiserFoundationHospitalRedwoodCity,0.4119047450381523,10.711666666666668,ROUTE_KaiserFoundationHospitalRedwoodCity,0.4119047450381523,10.711666666666668
37.54361111108409,-122.04527777773279,204.78316012636063,HEMORRHAGIC,ROUTE_WashingtonHospitalHealthcareSystem,0.33552428720468247,16.165,ROUTE_StRoseHospital,0.32734294144,14.675,ROUTE_SutterEdenMedicalCenter,0.32734294144,23.83833333333333,ROUTE_WashingtonHospitalHealthcareSystem,0.33552428720468247,16.165
37.97138888886221,-121.80111111106594,172.92439527643774,HEMORRHAGIC,ROUTE_JohnMuirMedicalCenterWalnutCreekCampus,0.33785076757062615,34.695,ROUTE_SutterDeltaMedicalCenter,0.32734294144,4.501666666666667,ROUTE_JohnMuirMedicalCenterWalnutCreekCampus,0.33785076757062615,34.695,ROUTE_KaiserFoundationHospitalAntioch,0.3426283535238099,7.78
37.67472222219531,-122.11111111106618,47.08599100467279,MIMIC,ROUTE_SutterEdenMedicalCenter,0.4319297013787083,11.116666666666667,ROUTE_StRoseHospital,0.4034461770696915,8.585,ROUTE_SutterEdenMedicalCenter,0.4319297013787083,11.116666666666667,ROUTE_SutterEdenMedicalCenter,0.4319297013787083,11.116666666666667
37.89166666663992,-122.26666666662186,57.54826822785798,MIMIC,ROUTE_JohnMuirMedicalCenterWalnutCreekCampus,0.42472037828234643,31.3,ROUTE_AltaBatesSummitMedicalCenterAltaBatesCampus,0.33911303933994286,11.408333333333333,ROUTE_JohnMuirMedicalCenterWalnutCreekCampus,0.42472037828234643,31.3,ROUTE_KaiserFoundationHospitalOaklandRichmond,0.3620698338964098,19.263333333333332
37.96749999997332,-122.04249999995501,95.15140171854738,HEMORRHAGIC,ROUTE_JohnMuirMedicalCenterWalnutCreekCampus,0.42014321397428767,13.333333333333334,ROUTE_JohnMuirMedicalCenterConcordCampus,0.3572702768932891,6.535,ROUTE_JohnMuirMedicalCenterWalnutCreekCampus,0.42014321397428767,13.333333333333334,ROUTE_JohnMuirMedicalCenterConcordCampus,0.3572702768932891,6.535
37.87499999997324,-122.29111111106633,243.11732463050274,HEMORRHAGIC,ROUTE_AltaBatesSummitMedicalCenterAltaBatesCampus,0.32734294144,11.19,ROUTE_AltaBatesSummitMedicalCenterAltaBatesCampus,0.32734294144,11.19,ROUTE_CPMCDaviesCampusSutter,0.32734294144,30.06,ROUTE_KaiserFoundationHospitalRichmondCampus,0.32734294144,14.351666666666667
37.529444444417415,-122.33499999995526,45.68976962156715,MIMIC,ROUTE_MillsPeninsulaMedicalCenterSutter,0.4309212414172082,16.779999999999998,ROUTE_SanMateoMedicalCenter,0.4033545763575308,8.663333333333332,ROUTE_MillsPeninsulaMedicalCenterSutter,0.4309212414172082,16.779999999999998,ROUTE_MillsPeninsulaMedicalCenterSutter,0.4309212414172082,16.779999999999998
37.759444444417596,-122.4352777777331,178.75311266712407,HEMORRHAGIC,ROUTE_CPMCDaviesCampusSutter,0.34236812797242566,3.4016666666666664,ROUTE_CPMCDaviesCampusSutter,0.34236812797242566,3.4016666666666664,ROUTE_CPMCDaviesCampusSutter,0.34236812797242566,3.4016666666666664,ROUTE_CPMCDaviesCampusSutter,0.34236812797242566,3.4016666666666664
38.31611111108471,-122.30305555551078,216.14553760748248,HEMORRHAGIC,ROUTE_ProvidenceQueenOfTheValleyMedicalCenter,0.335658601601586,4.03,ROUTE_ProvidenceQueenOfTheValleyMedicalCenter,0.335658601601586,4.03,ROUTE_JohnMuirMedicalCenterWalnutCreekCampus,0.32734294144,50.541666666666664,ROUTE_ProvidenceQueenOfTheValleyMedicalCenter,0.335658601601586,4.03
37.40722222219509,-121.9416666666216,195.69995898141346,LVO,ROUTE_OConnorHospital,0.3371191749319888,16.095000000000002,ROUTE_OConnorHospital,0.3371191749319888,16.095000000000002,ROUTE_RegionalMedicalCenterOfSanJose,0.33669731809255354,18.509999999999998,ROUTE_OConnorHospital,0.3371191749319888,16.095000000000002
37.56222222219522,-121.98166666662163,40.763655855262456,LVO,ROUTE_SutterEdenMedicalCenter,0.42898051503431434,29.935,ROUTE_WashingtonHospitalHealthcareSystem,0.4269642619363291,4.67,ROUTE_SutterEdenMedicalCenter,0.42898051503431434,29.935,ROUTE_WashingtonHospitalHealthcareSystem,0.4269642619363291,4.67
37.680833333306424,-121.72111111106587,195.7725567237232,LVO,ROUTE_StanfordHealthCareTriValley,0.33633873224478517,20.493333333333332,ROUTE_StanfordHealthCareTriValley,0.33633873224478517,20.493333333333332,ROUTE_SutterEdenMedicalCenter,0.32734294144,31.89,ROUTE_StanfordHealthCareTriValley,0.33633873224478517,20.493333333333332
38.246944444417984,-122.0011111110661,144.38944547345295,MIMIC,ROUTE_JohnMuirMedicalCenterWalnutCreekCampus,0.34112180242165974,44.73833333333334,ROUTE_NorthBayMedicalCenter,0.34707875377035774,11.766666666666667,ROUTE_JohnMuirMedicalCenterWalnutCreekCampus,0.34112180242165974,44.73833333333334,ROUTE_NorthBayMedicalCenter,0.34707875377035774,11.766666666666667
37.916388888862166,-122.50749999995539,211.2268842039018,LVO,ROUTE_MarinHealthMedicalCenter,0.3354635979009546,10.071666666666665,ROUTE_MarinHealthMedicalCenter,0.3354635979009546,10.071666666666665,ROUTE_UCSFMedicalCenter,0.32734294144,32.37166666666666,ROUTE_MarinHealthMedicalCenter,0.3354635979009546,10.071666666666665
37.436944444417335,-122.12555555551064,100.11159710463235,NLVO,ROUTE_StanfordHealthCare,0.4188563755418397,13.921666666666665,ROUTE_StanfordHealthCare,0.4188563755418397,13.921666666666665,ROUTE_StanfordHealthCare,0.4188563755418397,13.921666666666665,ROUTE_StanfordHealthCare,0.4188563755418397,13.921666666666665
38.2922222221958,-122.45027777773312,106.89021045060595,LVO,ROUTE_JohnMuirMedicalCenterWalnutCreekCampus,0.4053590703955654,66.08333333333333,ROUTE_SonomaValleyHospital,0.35571467809300256,2.9616666666666664,ROUTE_JohnMuirMedicalCenterWalnutCreekCampus,0.4053590703955654,66.08333333333333,ROUTE_SonomaValleyHospital,0.35571467809300256,2.9616666666666664
37.598888888861914,-122.05638888884391,46.22537713570939,LVO,ROUTE_SutterEdenMedicalCenter,0.4307700019182461,16.883333333333333,ROUTE_StRoseHospital,0.40383356234505113,7.721666666666667,ROUTE_SutterEdenMedicalCenter,0.4307700019182461,16.883333333333333,ROUTE_KaiserFoundationHospitalSanLeandro,0.4241726887142725,15.19
37.724444444417564,-122.45833333328868,107.63014448623856,HEMORRHAGIC,ROUTE_UCSFMedicalCenter,0.41765230766678924,11.603333333333333,ROUTE_CPMCMissionBernalCampusSutter,0.3546676087225663,7.746666666666667,ROUTE_UCSFMedicalCenter,0.41765230766678924,11.603333333333333,ROUTE_CPMCMissionBernalCampusSutter,0.3546676087225663,7.746666666666667
37.52499999997296,-122.28222222217744,149.96679952291845,MIMIC,ROUTE_KaiserFoundationHospitalRedwoodCity,0.40768975116637185,12.725,ROUTE_SanMateoMedicalCenter,0.32734294144,7.035,ROUTE_KaiserFoundationHospitalRedwoodCity,0.40768975116637185,12.725,ROUTE_KaiserFoundationHospitalRedwoodCity,0.40768975116637185,12.725
38.00027777775112,-122.0388888888439,215.63688112009075,MIMIC,ROUTE_JohnMuirMedicalCenterConcordCampus,0.33545243632310034,5.725,ROUTE_JohnMuirMedicalCenterConcordCampus,0.33545243632310034,5.725,ROUTE_JohnMuirMedicalCenterWalnutCreekCampus,0.32734294144,15.486666666666668,ROUTE_JohnMuirMedicalCenterConcordCampus,0.33545243632310034,5.725
38.02361111108447,-121.93694444439937,34.105139466397425,LVO,ROUTE_JohnMuirMedicalCenterWalnutCreekCampus,0.4326297907936488,21.138333333333332,ROUTE_JohnMuirMedicalCenterConcordCampus,0.42785890945941296,11.378333333333334,ROUTE_JohnMuirMedicalCenterWalnutCreekCampus,0.4326297907936488,21.138333333333332,ROUTE_JohnMuirMedicalCenterConcordCampus,0.42785890945941296,11.378333333333334
37.49277777775072,-121.9227777777327,216.45684364518408,HEMORRHAGIC,ROUTE_RegionalMedicalCenterOfSanJose,0.32734294144,15.736666666666668,ROUTE_RegionalMedicalCenterOfSanJose,0.32734294144,15.736666666666668,ROUTE_RegionalMedicalCenterOfSanJose,0.32734294144,15.736666666666668,ROUTE_RegionalMedicalCenterOfSanJose,0.32734294144,15.736666666666668
37.98972222219556,-122.23444444439961,70.5480641289609,LVO,ROUTE_JohnMuirMedicalCenterWalnutCreekCampus,0.42123036232380084,33.26,ROUTE_ContraCostaRegionalMedicalCenter,0.3348584551227538,20.21333333333333,ROUTE_JohnMuirMedicalCenterWalnutCreekCampus,0.42123036232380084,33.26,ROUTE_KaiserFoundationHospitalRichmondCampus,0.3586626696542118,23.873333333333335
38.3224999999736,-122.29583333328856,222.4145810988004,HEMORRHAGIC,ROUTE_ProvidenceQueenOfTheValleyMedicalCenter,0.33495209285953154,1.835,ROUTE_ProvidenceQueenOfTheValleyMedicalCenter,0.33495209285953154,1.835,ROUTE_JohnMuirMedicalCenterWalnutCreekCampus,0.32734294144,50.89,ROUTE_ProvidenceQueenOfTheValleyMedicalCenter,0.33495209285953154,1.835
37.692499999973094,-122.10555555551062,264.9021768253609,LVO,ROUTE_SutterEdenMedicalCenter,0.32734294144,5.6433333333333335,ROUTE_SutterEdenMedicalCenter,0.32734294144,5.6433333333333335,ROUTE_SutterEdenMedicalCenter,0.32734294144,5.6433333333333335,ROUTE_SutterEdenMedicalCenter,0.32734294144,5.6433333333333335
37.69916666663977,-122.11111111106618,131.25076219058238,LVO,ROUTE_SutterEdenMedicalCenter,0.41347698467146377,6.1033333333333335,ROUTE_SutterEdenMedicalCenter,0.41347698467146377,6.1033333333333335,ROUTE_SutterEdenMedicalCenter,0.41347698467146377,6.1033333333333335,ROUTE_SutterEdenMedicalCenter,0.41347698467146377,6.1033333333333335
37.97166666663999,-122.28527777773299,121.47370086582698,NLVO,ROUTE_JohnMuirMedicalCenterWalnutCreekCampus,0.4093392030282468,33.97,ROUTE_KaiserFoundationHospitalRichmondCampus,0.3502345259931897,17.563333333333333,ROUTE_JohnMuirMedicalCenterWalnutCreekCampus,0.4093392030282468,33.97,ROUTE_KaiserFoundationHospitalRichmondCampus,0.3502345259931897,17.563333333333333
37.728888888862016,-122.3836111110664,221.45014464920305,HEMORRHAGIC,ROUTE_ZuckerbergSanFranciscoGeneralHospital,0.32734294144,11.533333333333333,ROUTE_ZuckerbergSanFranciscoGeneralHospital,0.32734294144,11.533333333333333,ROUTE_CPMCDaviesCampusSutter,0.32734294144,17.39,ROUTE_ZuckerbergSanFranciscoGeneralHospital,0.32734294144,11.533333333333333
37.5561111110841,-121.99777777773276,99.1083113373829,HEMORRHAGIC,ROUTE_SutterEdenMedicalCenter,0.416164333103295,26.56833333333333,ROUTE_WashingtonHospitalHealthcareSystem,0.35633579251904496,7.4766666666666675,ROUTE_SutterEdenMedicalCenter,0.416164333103295,26.56833333333333,ROUTE_WashingtonHospitalHealthcareSystem,0.35633579251904496,7.4766666666666675
37.87083333330657,-122.290277777733,55.34775264271693,HEMORRHAGIC,ROUTE_CPMCDaviesCampusSutter,0.4258665731820176,28.605,ROUTE_AltaBatesSummitMedicalCenterAltaBatesCampus,0.33969058882715236,10.343333333333334,ROUTE_CPMCDaviesCampusSutter,0.4258665731820176,28.605,ROUTE_AltaBatesSummitMedicalCenterSummitCampus,0.3637385199266537,12.923333333333334
37.596111111084134,-122.48611111106648,195.27545489678172,LVO,ROUTE_AHMCSetonMedicalCenter,0.3367515244458618,18.623333333333335,ROUTE_AHMCSetonMedicalCenter,0.3367515244458618,18.623333333333335,ROUTE_MillsPeninsulaMedicalCenterSutter,0.3354177554581107,26.28666666666667,ROUTE_AHMCSetonMedicalCenter,0.3367515244458618,18.623333333333335
37.895555555528816,-121.59888888884355,253.6835985056869,HEMORRHAGIC,ROUTE_KaiserFoundationHospitalAntioch,0.32734294144,25.196666666666665,ROUTE_KaiserFoundationHospitalAntioch,0.32734294144,25.196666666666665,ROUTE_JohnMuirMedicalCenterWalnutCreekCampus,0.32734294144,50.72166666666667,ROUTE_KaiserFoundationHospitalAntioch,0.32734294144,25.196666666666665
37.78611111108428,-122.47416666662203,119.6747604175298,LVO,ROUTE_UCSFMedicalCenter,0.41510600456300123,10.593333333333334,ROUTE_KaiserFoundationHospitalSanFrancisco,0.3524705426289346,7.373333333333333,ROUTE_UCSFMedicalCenter,0.41510600456300123,10.593333333333334,ROUTE_KaiserFoundationHospitalSanFrancisco,0.3524705426289346,7.373333333333333
37.625277777750824,-122.09638888884395,194.4422584389181,LVO,ROUTE_KaiserFoundationHospitalSanLeandro,0.33762814294661175,14.446666666666665,ROUTE_StRoseHospital,0.32734294144,4.944999999999999,ROUTE_SutterEdenMedicalCenter,0.33733148152454495,16.14,ROUTE_KaiserFoundationHospitalSanLeandro,0.33762814294661175,14.446666666666665
37.75277777775092,-122.41166666662198,219.4326995897951,LVO,ROUTE_ZuckerbergSanFranciscoGeneralHospital,0.33534027325957605,2.5766666666666667,ROUTE_ZuckerbergSanFranciscoGeneralHospital,0.33534027325957605,2.5766666666666667,ROUTE_CPMCDaviesCampusSutter,0.32734294144,7.868333333333334,ROUTE_ZuckerbergSanFranciscoGeneralHospital,0.33534027325957605,2.5766666666666667
37.49305555552849,-122.45805555551091,130.27430873804576,MIMIC,ROUTE_MillsPeninsulaMedicalCenterSutter,0.4075478873973014,33.041666666666664,ROUTE_SanMateoMedicalCenter,0.32734294144,32.83166666666667,ROUTE_MillsPeninsulaMedicalCenterSutter,0.4075478873973014,33.041666666666664,ROUTE_MillsPeninsulaMedicalCenterSutter,0.4075478873973014,33.041666666666664
37.750277777750924,-122.1727777777329,162.72155963119638,LVO,ROUTE_SutterEdenMedicalCenter,0.40438903983198,14.545,ROUTE_SanLeandroHospitalAlamedaHealthSystem,0.32734294144,11.871666666666666,ROUTE_SutterEdenMedicalCenter,0.40438903983198,14.545,ROUTE_HighlandHospitalWilmaChanCampus,0.3434947856926616,13.165
38.00499999997335,-122.64305555551105,65.54077446354628,LVO,ROUTE_UCSFMedicalCenter,0.4153053914363343,63.861666666666665,ROUTE_MarinHealthMedicalCenter,0.3582104455265382,31.235,ROUTE_UCSFMedicalCenter,0.4153053914363343,63.861666666666665,ROUTE_MarinHealthMedicalCenter,0.3582104455265382,31.235
37.38888888886174,-122.01305555551055,50.76857915915959,LVO,ROUTE_KaiserFoundationHospitalSantaClara,0.43049925486417945,13.488333333333333,ROUTE_KaiserFoundationHospitalSantaClara,0.43049925486417945,13.488333333333333,ROUTE_KaiserFoundationHospitalSantaClara,0.43049925486417945,13.488333333333333,ROUTE_KaiserFoundationHospitalSantaClara,0.43049925486417945,13.488333333333333
37.34027777775059,-122.01694444439944,99.25152449844643,LVO,ROUTE_KaiserFoundationHospitalSantaClara,0.4209033336471693,5.961666666666667,ROUTE_KaiserFoundationHospitalSantaClara,0.4209033336471693,5.961666666666667,ROUTE_KaiserFoundationHospitalSantaClara,0.4209033336471693,5.961666666666667,ROUTE_KaiserFoundationHospitalSantaClara,0.4209033336471693,5.961666666666667
37.723888888862014,-122.158888888844,232.17130987356023,HEMORRHAGIC,ROUTE_SanLeandroHospitalAlamedaHealthSystem,0.32734294144,4.581666666666666,ROUTE_SanLeandroHospitalAlamedaHealthSystem,0.32734294144,4.581666666666666,ROUTE_SutterEdenMedicalCenter,0.32734294144,13.481666666666666,ROUTE_KaiserFoundationHospitalSanLeandro,0.32734294144,8.695
37.566111111084105,-122.25222222217741,180.276470669048,HEMORRHAGIC,ROUTE_MillsPeninsulaMedicalCenterSutter,0.3394602923196974,18.208333333333332,ROUTE_SanMateoMedicalCenter,0.32734294144,15.21,ROUTE_MillsPeninsulaMedicalCenterSutter,0.3394602923196974,18.208333333333332,ROUTE_MillsPeninsulaMedicalCenterSutter,0.3394602923196974,18.208333333333332
37.753611111084254,-122.16555555551066,82.16573518668196,LVO,ROUTE_SutterEdenMedicalCenter,0.42307163799725,13.738333333333333,ROUTE_SanLeandroHospitalAlamedaHealthSystem,0.3349879246403093,11.556666666666667,ROUTE_SutterEdenMedicalCenter,0.42307163799725,13.738333333333333,ROUTE_HighlandHospitalWilmaChanCampus,0.3586426505041463,12.360000000000001
38.295833333306916,-122.27027777773297,43.89713868705077,LVO,ROUTE_JohnMuirMedicalCenterWalnutCreekCampus,0.423078271602357,51.980000000000004,ROUTE_ProvidenceQueenOfTheValleyMedicalCenter,0.3666345660006019,9.681666666666667,ROUTE_JohnMuirMedicalCenterWalnutCreekCampus,0.423078271602357,51.980000000000004,ROUTE_ProvidenceQueenOfTheValleyMedicalCenter,0.3666345660006019,9.681666666666667
37.784444444417616,-121.92749999995493,189.19067046744993,LVO,ROUTE_SanRamonRegionalMedicalCenter,0.33931126942524364,10.136666666666667,ROUTE_SanRamonRegionalMedicalCenter,0.33931126942524364,10.136666666666667,ROUTE_JohnMuirMedicalCenterWalnutCreekCampus,0.3363632250251483,26.933333333333334,ROUTE_SanRamonRegionalMedicalCenter,0.33931126942524364,10.136666666666667
37.94722222219552,-122.36055555551083,190.36307562055438,LVO,ROUTE_KaiserFoundationHospitalRichmondCampus,0.34026245830199225,3.5949999999999998,ROUTE_KaiserFoundationHospitalRichmondCampus,0.34026245830199225,3.5949999999999998,ROUTE_CPMCDaviesCampusSutter,0.32734294144,36.55333333333333,ROUTE_KaiserFoundationHospitalRichmondCampus,0.34026245830199225,3.5949999999999998
37.743333333306474,-122.43444444439977,140.3488218269506,LVO,ROUTE_CPMCDaviesCampusSutter,0.41094684191299224,8.05,ROUTE_CPMCMissionBernalCampusSutter,0.34923958792833193,4.06,ROUTE_CPMCDaviesCampusSutter,0.41094684191299224,8.05,ROUTE_CPMCMissionBernalCampusSutter,0.34923958792833193,4.06
37.57472222219523,-121.97277777773274,140.12497368760526,HEMORRHAGIC,ROUTE_RegionalMedicalCenterOfSanJose,0.4064827282507481,27.886666666666667,ROUTE_WashingtonHospitalHealthcareSystem,0.3486516667348663,7.47,ROUTE_RegionalMedicalCenterOfSanJose,0.4064827282507481,27.886666666666667,ROUTE_WashingtonHospitalHealthcareSystem,0.3486516667348663,7.47
37.765555555528714,-122.46527777773314,81.19922688226447,LVO,ROUTE_UCSFMedicalCenter,0.42585896237256105,2.7866666666666666,ROUTE_UCSFMedicalCenter,0.42585896237256105,2.7866666666666666,ROUTE_UCSFMedicalCenter,0.42585896237256105,2.7866666666666666,ROUTE_UCSFMedicalCenter,0.42585896237256105,2.7866666666666666
38.02722222219559,-121.92222222217714,116.20614474807246,HEMORRHAGIC,ROUTE_JohnMuirMedicalCenterWalnutCreekCampus,0.41297324507035704,23.34333333333333,ROUTE_JohnMuirMedicalCenterConcordCampus,0.35195763005649117,13.583333333333334,ROUTE_JohnMuirMedicalCenterWalnutCreekCampus,0.41297324507035704,23.34333333333333,ROUTE_JohnMuirMedicalCenterConcordCampus,0.35195763005649117,13.583333333333334
37.92916666663995,-122.39249999995529,141.58662761510914,HEMORRHAGIC,ROUTE_CPMCDaviesCampusSutter,0.4044538248479764,35.391666666666666,ROUTE_KaiserFoundationHospitalRichmondCampus,0.34830951034280627,7.864999999999999,ROUTE_CPMCDaviesCampusSutter,0.4044538248479764,35.391666666666666,ROUTE_KaiserFoundationHospitalRichmondCampus,0.34830951034280627,7.864999999999999
37.63749999997305,-122.07777777773282,192.0730917271856,LVO,ROUTE_SutterEdenMedicalCenter,0.3378287646941315,15.671666666666665,ROUTE_StRoseHospital,0.32734294144,4.923333333333333,ROUTE_SutterEdenMedicalCenter,0.3378287646941315,15.671666666666665,ROUTE_KaiserFoundationHospitalSanLeandro,0.3381261330746709,13.978333333333333
37.74999999997314,-122.41999999995532,201.2102124644602,LVO,ROUTE_CPMCDaviesCampusSutter,0.3376835059477852,7.363333333333333,ROUTE_CPMCMissionBernalCampusSutter,0.3385950165869909,2.1766666666666667,ROUTE_CPMCDaviesCampusSutter,0.3376835059477852,7.363333333333333,ROUTE_CPMCMissionBernalCampusSutter,0.3385950165869909,2.1766666666666667
37.89361111108437,-122.2863888888441,149.5176283173513,HEMORRHAGIC,ROUTE_CPMCDaviesCampusSutter,0.3422788966314473,33.135,ROUTE_AltaBatesSummitMedicalCenterAltaBatesCampus,0.32734294144,15.528333333333334,ROUTE_CPMCDaviesCampusSutter,0.3422788966314473,33.135,ROUTE_KaiserFoundationHospitalRichmondCampus,0.34543305144939895,15.658333333333333
37.761944444417594,-122.42499999995532,48.42008193601813,NLVO,ROUTE_CPMCDaviesCampusSutter,0.4331577269449623,4.595,ROUTE_CPMCMissionBernalCampusSutter,0.42667355612419583,3.975,ROUTE_CPMCDaviesCampusSutter,0.4331577269449623,4.595,ROUTE_CPMCMissionBernalCampusSutter,0.42667355612419583,3.975
37.771111111084274,-122.17416666662179,248.7382586523517,MIMIC,ROUTE_HighlandHospitalWilmaChanCampus,0.32734294144,9.7,ROUTE_HighlandHospitalWilmaChanCampus,0.32734294144,9.7,ROUTE_SutterEdenMedicalCenter,0.32734294144,16.293333333333333,ROUTE_HighlandHospitalWilmaChanCampus,0.32734294144,9.7
37.66777777775086,-122.10749999995507,244.1982531036059,HEMORRHAGIC,ROUTE_StRoseHospital,0.32734294144,6.096666666666667,ROUTE_StRoseHospital,0.32734294144,6.096666666666667,ROUTE_SutterEdenMedicalCenter,0.32734294144,10.943333333333333,ROUTE_KaiserFoundationHospitalSanLeandro,0.32734294144,9.25
37.57138888886189,-122.01861111106611,41.98138371121416,LVO,ROUTE_SutterEdenMedicalCenter,0.4302342158323019,23.398333333333333,ROUTE_WashingtonHospitalHealthcareSystem,0.42536167720219886,10.201666666666666,ROUTE_SutterEdenMedicalCenter,0.4302342158323019,23.398333333333333,ROUTE_WashingtonHospitalHealthcareSystem,0.42536167720219886,10.201666666666666
38.09916666664009,-122.24888888884406,259.64960211880634,LVO,ROUTE_KaiserFoundationHospitalVallejo,0.32734294144,6.716666666666667,ROUTE_KaiserFoundationHospitalVallejo,0.32734294144,6.716666666666667,ROUTE_JohnMuirMedicalCenterWalnutCreekCampus,0.32734294144,27.466666666666665,ROUTE_KaiserFoundationHospitalVallejo,0.32734294144,6.716666666666667
37.3944444444173,-122.10083333328839,89.07634169576242,LVO,ROUTE_ElCaminoHealthMountainView,0.42190566385039846,11.83,ROUTE_ElCaminoHealthMountainView,0.42190566385039846,11.83,ROUTE_ElCaminoHealthMountainView,0.42190566385039846,11.83,ROUTE_ElCaminoHealthMountainView,0.42190566385039846,11.83
37.9222222221955,-122.03999999995501,269.5020334139442,HEMORRHAGIC,ROUTE_JohnMuirMedicalCenterWalnutCreekCampus,0.32734294144,3.5366666666666666,ROUTE_JohnMuirMedicalCenterWalnutCreekCampus,0.32734294144,3.5366666666666666,ROUTE_JohnMuirMedicalCenterWalnutCreekCampus,0.32734294144,3.5366666666666666,ROUTE_JohnMuirMedicalCenterWalnutCreekCampus,0.32734294144,3.5366666666666666
37.648888888861954,-122.42166666662199,244.48642833619908,LVO,ROUTE_KaiserFoundationHospitalSouthSanFrancisco,0.32734294144,7.198333333333333,ROUTE_KaiserFoundationHospitalSouthSanFrancisco,0.32734294144,7.198333333333333,ROUTE_MillsPeninsulaMedicalCenterSutter,0.32734294144,13.536666666666667,ROUTE_KaiserFoundationHospitalSouthSanFrancisco,0.32734294144,7.198333333333333
38.29638888886247,-122.46638888884425,89.15358276798136,LVO,ROUTE_JohnMuirMedicalCenterWalnutCreekCampus,0.4092549565955013,66.66,ROUTE_SonomaValleyHospital,0.359146440724188,2.753333333333333,ROUTE_JohnMuirMedicalCenterWalnutCreekCampus,0.4092549565955013,66.66,ROUTE_SonomaValleyHospital,0.359146440724188,2.753333333333333
38.31333333330693,-122.31305555551079,243.83147769289508,HEMORRHAGIC,ROUTE_ProvidenceQueenOfTheValleyMedicalCenter,0.32734294144,5.553333333333333,ROUTE_ProvidenceQueenOfTheValleyMedicalCenter,0.32734294144,5.553333333333333,ROUTE_JohnMuirMedicalCenterWalnutCreekCampus,0.32734294144,49.83833333333334,ROUTE_ProvidenceQueenOfTheValleyMedicalCenter,0.32734294144,5.553333333333333
37.68749999997309,-121.75333333328813,177.8159985054976,HEMORRHAGIC,ROUTE_SutterEdenMedicalCenter,0.3379635529518989,29.16166666666667,ROUTE_StanfordHealthCareTriValley,0.33997476586167413,17.763333333333332,ROUTE_SutterEdenMedicalCenter,0.3379635529518989,29.16166666666667,ROUTE_StanfordHealthCareTriValley,0.33997476586167413,17.763333333333332
37.40388888886176,-122.09527777773283,101.0010122018073,HEMORRHAGIC,ROUTE_ElCaminoHealthMountainView,0.41861969701989926,14.053333333333335,ROUTE_ElCaminoHealthMountainView,0.41861969701989926,14.053333333333335,ROUTE_ElCaminoHealthMountainView,0.41861969701989926,14.053333333333335,ROUTE_ElCaminoHealthMountainView,0.41861969701989926,14.053333333333335
37.663333333306404,-121.84388888884375,214.73458749171152,HEMORRHAGIC,ROUTE_StanfordHealthCareTriValley,0.32734294144,11.708333333333334,ROUTE_StanfordHealthCareTriValley,0.32734294144,11.708333333333334,ROUTE_SutterEdenMedicalCenter,0.32734294144,28.266666666666666,ROUTE_StanfordHealthCareTriValley,0.32734294144,11.708333333333334
38.01249999997335,-121.94638888884383,264.5571068117162,LVO,ROUTE_JohnMuirMedicalCenterConcordCampus,0.32734294144,13.183333333333334,ROUTE_JohnMuirMedicalCenterConcordCampus,0.32734294144,13.183333333333334,ROUTE_JohnMuirMedicalCenterWalnutCreekCampus,0.32734294144,22.94333333333333,ROUTE_JohnMuirMedicalCenterConcordCampus,0.32734294144,13.183333333333334
37.677222222195304,-122.0488888888439,91.78927668833107,HEMORRHAGIC,ROUTE_SutterEdenMedicalCenter,0.42097307127821143,13.125,ROUTE_SutterEdenMedicalCenter,0.42097307127821143,13.125,ROUTE_SutterEdenMedicalCenter,0.42097307127821143,13.125,ROUTE_SutterEdenMedicalCenter,0.42097307127821143,13.125
37.39888888886175,-121.9238888888438,41.83941347496773,MIMIC,ROUTE_RegionalMedicalCenterOfSanJose,0.4320432228170032,15.883333333333333,ROUTE_OConnorHospital,0.42575335182408625,13.431666666666667,ROUTE_RegionalMedicalCenterOfSanJose,0.4320432228170032,15.883333333333333,ROUTE_OConnorHospital,0.42575335182408625,13.431666666666667
38.112222222195655,-122.58111111106656,88.14931466503835,HEMORRHAGIC,ROUTE_UCSFMedicalCenter,0.4128574924246468,51.905,ROUTE_NovatoCommunityHospitalSutter,0.35782121670648365,10.656666666666666,ROUTE_UCSFMedicalCenter,0.4128574924246468,51.905,ROUTE_NovatoCommunityHospitalSutter,0.35782121670648365,10.656666666666666
37.863611111084346,-122.27527777773298,190.93446828600747,LVO,ROUTE_KaiserFoundationHospitalOaklandRichmond,0.33876170024469987,11.506666666666666,ROUTE_AltaBatesSummitMedicalCenterAltaBatesCampus,0.32734294144,6.1883333333333335,ROUTE_JohnMuirMedicalCenterWalnutCreekCampus,0.33581590720845017,28.334999999999997,ROUTE_KaiserFoundationHospitalOaklandRichmond,0.33876170024469987,11.506666666666666
37.67499999997308,-122.12249999995508,49.850852292763285,HEMORRHAGIC,ROUTE_SutterEdenMedicalCenter,0.43124584449555403,11.243333333333334,ROUTE_StRoseHospital,0.40263314882318196,9.441666666666666,ROUTE_SutterEdenMedicalCenter,0.43124584449555403,11.243333333333334,ROUTE_KaiserFoundationHospitalSanLeandro,0.42431950876015256,10.943333333333333
37.96805555552887,-121.71027777773253,164.38108612880734,LVO,ROUTE_JohnMuirMedicalCenterWalnutCreekCampus,0.33865931234338237,38.641666666666666,ROUTE_KaiserFoundationHospitalAntioch,0.34295498403364066,14.504999999999999,ROUTE_JohnMuirMedicalCenterWalnutCreekCampus,0.33865931234338237,38.641666666666666,ROUTE_KaiserFoundationHospitalAntioch,0.34295498403364066,14.504999999999999
37.86277777775101,-122.24888888884406,80.64056281350244,LVO,ROUTE_SutterEdenMedicalCenter,0.4209522316730423,24.363333333333333,ROUTE_AltaBatesSummitMedicalCenterAltaBatesCampus,0.3362947958581488,4.385000000000001,ROUTE_SutterEdenMedicalCenter,0.4209522316730423,24.363333333333333,ROUTE_AltaBatesSummitMedicalCenterSummitCampus,0.35873250625948183,13.416666666666666
37.74083333330647,-122.45777777773313,199.91845348834894,LVO,ROUTE_UCSFMedicalCenter,0.337970468571156,7.02,ROUTE_UCSFMedicalCenter,0.337970468571156,7.02,ROUTE_UCSFMedicalCenter,0.337970468571156,7.02,ROUTE_UCSFMedicalCenter,0.337970468571156,7.02
37.579444444417454,-122.38583333328863,250.00708029480708,HEMORRHAGIC,ROUTE_MillsPeninsulaMedicalCenterSutter,0.32734294144,5.238333333333333,ROUTE_MillsPeninsulaMedicalCenterSutter,0.32734294144,5.238333333333333,ROUTE_MillsPeninsulaMedicalCenterSutter,0.32734294144,5.238333333333333,ROUTE_MillsPeninsulaMedicalCenterSutter,0.32734294144,5.238333333333333
37.72499999997312,-121.92055555551048,30.83125459008641,NLVO,ROUTE_SutterEdenMedicalCenter,0.4330349561943529,22.701666666666664,ROUTE_SanRamonRegionalMedicalCenter,0.4276065650385538,13.83,ROUTE_SutterEdenMedicalCenter,0.4330349561943529,22.701666666666664,ROUTE_SanRamonRegionalMedicalCenter,0.4276065650385538,13.83
37.9197222221955,-122.30972222217746,65.67148731385188,HEMORRHAGIC,ROUTE_CPMCDaviesCampusSutter,0.42284070180397615,31.223333333333336,ROUTE_KaiserFoundationHospitalRichmondCampus,0.3619442891265833,11.785,ROUTE_CPMCDaviesCampusSutter,0.42284070180397615,31.223333333333336,ROUTE_KaiserFoundationHospitalRichmondCampus,0.3619442891265833,11.785
37.72916666663979,-122.41499999995531,197.66841029387987,NLVO,ROUTE_CPMCMissionBernalCampusSutter,0.33841169419534184,6.760000000000001,ROUTE_CPMCMissionBernalCampusSutter,0.33841169419534184,6.760000000000001,ROUTE_CPMCDaviesCampusSutter,0.33735888694145066,12.756666666666666,ROUTE_CPMCMissionBernalCampusSutter,0.33841169419534184,6.760000000000001
37.92638888886217,-122.34388888884415,163.22394970199448,HEMORRHAGIC,ROUTE_CPMCDaviesCampusSutter,0.3400315162958609,32.035,ROUTE_KaiserFoundationHospitalRichmondCampus,0.3446103036028987,6.486666666666666,ROUTE_CPMCDaviesCampusSutter,0.3400315162958609,32.035,ROUTE_KaiserFoundationHospitalRichmondCampus,0.3446103036028987,6.486666666666666
37.77972222219539,-122.44388888884423,55.300960062383794,LVO,ROUTE_CPMCDaviesCampusSutter,0.43125613706579763,5.75,ROUTE_KaiserFoundationHospitalSanFrancisco,0.4254938547410203,2.6983333333333333,ROUTE_CPMCDaviesCampusSutter,0.43125613706579763,5.75,ROUTE_KaiserFoundationHospitalSanFrancisco,0.4254938547410203,2.6983333333333333
37.782222222195394,-122.38916666662196,86.14006725660715,HEMORRHAGIC,ROUTE_CPMCDaviesCampusSutter,0.4224762675328083,12.318333333333333,ROUTE_ChineseHospital,0.3587723656824238,7.71,ROUTE_CPMCDaviesCampusSutter,0.4224762675328083,12.318333333333333,ROUTE_ChineseHospital,0.3587723656824238,7.71
37.82444444441765,-122.27694444439965,245.37277973549593,LVO,ROUTE_KaiserFoundationHospitalOaklandRichmond,0.32734294144,4.79,ROUTE_KaiserFoundationHospitalOaklandRichmond,0.32734294144,4.79,ROUTE_SutterEdenMedicalCenter,0.32734294144,21.623333333333335,ROUTE_KaiserFoundationHospitalOaklandRichmond,0.32734294144,4.79
37.67916666663975,-121.89055555551045,78.42538173902994,MIMIC,ROUTE_SutterEdenMedicalCenter,0.4219683057784011,22.211666666666666,ROUTE_StanfordHealthCareTriValley,0.360127549466103,8.395,ROUTE_SutterEdenMedicalCenter,0.4219683057784011,22.211666666666666,ROUTE_StanfordHealthCareTriValley,0.360127549466103,8.395
38.00194444441779,-122.30722222217746,227.45985113074383,HEMORRHAGIC,ROUTE_KaiserFoundationHospitalRichmondCampus,0.32734294144,15.748333333333333,ROUTE_KaiserFoundationHospitalRichmondCampus,0.32734294144,15.748333333333333,ROUTE_JohnMuirMedicalCenterWalnutCreekCampus,0.32734294144,33.42,ROUTE_KaiserFoundationHospitalRichmondCampus,0.32734294144,15.748333333333333
37.93527777775107,-122.07166666662171,42.76808723138159,LVO,ROUTE_JohnMuirMedicalCenterWalnutCreekCampus,0.4331352551753822,10.341666666666667,ROUTE_JohnMuirMedicalCenterConcordCampus,0.42617897373522384,9.791666666666666,ROUTE_JohnMuirMedicalCenterWalnutCreekCampus,0.4331352551753822,10.341666666666667,ROUTE_JohnMuirMedicalCenterConcordCampus,0.42617897373522384,9.791666666666666
37.69277777775088,-121.86555555551043,173.2782656155837,HEMORRHAGIC,ROUTE_SutterEdenMedicalCenter,0.34011015530049593,21.538333333333334,ROUTE_StanfordHealthCareTriValley,0.3430786556612719,4.92,ROUTE_SutterEdenMedicalCenter,0.34011015530049593,21.538333333333334,ROUTE_StanfordHealthCareTriValley,0.3430786556612719,4.92
37.798333333306516,-122.41694444439976,92.87732938188385,LVO,ROUTE_CPMCDaviesCampusSutter,0.42123561250143654,10.908333333333333,ROUTE_UCSFHealthHydeHospital,0.3584672763140019,2.56,ROUTE_CPMCDaviesCampusSutter,0.42123561250143654,10.908333333333333,ROUTE_UCSFHealthHydeHospital,0.3584672763140019,2.56
37.65249999997307,-122.47777777773314,152.54816529257036,HEMORRHAGIC,ROUTE_MillsPeninsulaMedicalCenterSutter,0.4063002423365619,16.268333333333334,ROUTE_AHMCSetonMedicalCenter,0.3464527129789455,7.031666666666666,ROUTE_MillsPeninsulaMedicalCenterSutter,0.4063002423365619,16.268333333333334,ROUTE_AHMCSetonMedicalCenter,0.3464527129789455,7.031666666666666
37.53611111108408,-122.05583333328836,260.76167786494807,MIMIC,ROUTE_StRoseHospital,0.32734294144,17.611666666666668,ROUTE_StRoseHospital,0.32734294144,17.611666666666668,ROUTE_KaiserFoundationHospitalRedwoodCity,0.32734294144,26.138333333333332,ROUTE_WashingtonHospitalHealthcareSystem,0.32734294144,20.433333333333334
38.2947222221958,-122.2169444443996,45.92388203858899,NLVO,ROUTE_JohnMuirMedicalCenterWalnutCreekCampus,0.4209073969881799,59.27166666666667,ROUTE_ProvidenceQueenOfTheValleyMedicalCenter,0.36491379258375123,16.365,ROUTE_JohnMuirMedicalCenterWalnutCreekCampus,0.4209073969881799,59.27166666666667,ROUTE_ProvidenceQueenOfTheValleyMedicalCenter,0.36491379258375123,16.365
37.77444444441761,-122.42194444439977,81.01221866252537,LVO,ROUTE_CPMCDaviesCampusSutter,0.42509180765657095,6.248333333333333,ROUTE_CPMCVanNessCampusSutter,0.36048711930813376,3.95,ROUTE_CPMCDaviesCampusSutter,0.42509180765657095,6.248333333333333,ROUTE_CPMCVanNessCampusSutter,0.36048711930813376,3.95
37.8666666666399,-122.26361111106631,250.79141547212407,HEMORRHAGIC,ROUTE_AltaBatesSummitMedicalCenterAltaBatesCampus,0.32734294144,4.86,ROUTE_AltaBatesSummitMedicalCenterAltaBatesCampus,0.32734294144,4.86,ROUTE_SutterEdenMedicalCenter,0.32734294144,27.858333333333334,ROUTE_KaiserFoundationHospitalOaklandRichmond,0.32734294144,13.985000000000001
37.753888888862036,-122.49388888884427,160.124103946737,MIMIC,ROUTE_UCSFMedicalCenter,0.4063504877396039,8.47,ROUTE_UCSFMedicalCenter,0.4063504877396039,8.47,ROUTE_UCSFMedicalCenter,0.4063504877396039,8.47,ROUTE_UCSFMedicalCenter,0.4063504877396039,8.47
37.98472222219555,-122.07027777773281,106.2475673397763,LVO,ROUTE_JohnMuirMedicalCenterWalnutCreekCampus,0.417206518749914,14.915,ROUTE_JohnMuirMedicalCenterConcordCampus,0.35456688593074365,9.661666666666667,ROUTE_JohnMuirMedicalCenterWalnutCreekCampus,0.417206518749914,14.915,ROUTE_JohnMuirMedicalCenterConcordCampus,0.35456688593074365,9.661666666666667
37.93805555552885,-122.01083333328833,210.89122675665135,LVO,ROUTE_JohnMuirMedicalCenterWalnutCreekCampus,0.3357889817962253,8.533333333333333,ROUTE_JohnMuirMedicalCenterWalnutCreekCampus,0.3357889817962253,8.533333333333333,ROUTE_JohnMuirMedicalCenterWalnutCreekCampus,0.3357889817962253,8.533333333333333,ROUTE_JohnMuirMedicalCenterWalnutCreekCampus,0.3357889817962253,8.533333333333333
37.746944444417586,-122.40972222217754,120.99413364435301,MIMIC,ROUTE_CPMCDaviesCampusSutter,0.4151043836503066,9.281666666666666,ROUTE_ZuckerbergSanFranciscoGeneralHospital,0.3528416506724201,4.075,ROUTE_CPMCDaviesCampusSutter,0.4151043836503066,9.281666666666666,ROUTE_ZuckerbergSanFranciscoGeneralHospital,0.3528416506724201,4.075
38.00499999997335,-122.10861111106618,266.1358654418001,HEMORRHAGIC,ROUTE_ContraCostaRegionalMedicalCenter,0.32734294144,9.118333333333334,ROUTE_ContraCostaRegionalMedicalCenter,0.32734294144,9.118333333333334,ROUTE_JohnMuirMedicalCenterWalnutCreekCampus,0.32734294144,20.226666666666667,ROUTE_JohnMuirMedicalCenterConcordCampus,0.32734294144,13.685
37.793333333306514,-122.24138888884407,72.43723976329008,MIMIC,ROUTE_SutterEdenMedicalCenter,0.42416466000855074,18.78666666666667,ROUTE_HighlandHospitalWilmaChanCampus,0.36264461156040445,1.4266666666666665,ROUTE_SutterEdenMedicalCenter,0.42416466000855074,18.78666666666667,ROUTE_HighlandHospitalWilmaChanCampus,0.36264461156040445,1.4266666666666665
37.459999999972915,-122.27166666662187,72.08099687317198,HEMORRHAGIC,ROUTE_KaiserFoundationHospitalRedwoodCity,0.4247535847817974,16.625,ROUTE_SequoiaHospital,0.3607183641941753,11.686666666666667,ROUTE_KaiserFoundationHospitalRedwoodCity,0.4247535847817974,16.625,ROUTE_SequoiaHospital,0.3607183641941753,11.686666666666667
37.70111111108422,-122.07166666662171,173.5861217414299,MIMIC,ROUTE_SutterEdenMedicalCenter,0.404123925486247,4.855,ROUTE_SutterEdenMedicalCenter,0.404123925486247,4.855,ROUTE_SutterEdenMedicalCenter,0.404123925486247,4.855,ROUTE_SutterEdenMedicalCenter,0.404123925486247,4.855
37.532222222195195,-121.97972222217719,142.4220322628593,MIMIC,ROUTE_RegionalMedicalCenterOfSanJose,0.40687534952550103,23.858333333333334,ROUTE_KaiserFoundationHospitalFremont,0.3485522474123422,5.711666666666667,ROUTE_RegionalMedicalCenterOfSanJose,0.40687534952550103,23.858333333333334,ROUTE_KaiserFoundationHospitalFremont,0.3485522474123422,5.711666666666667
38.265277777751336,-122.65277777773328,83.44412392202933,HEMORRHAGIC,ROUTE_UCSFMedicalCenter,0.41070330092333407,66.02,ROUTE_PetalumaValleyHospitalProvidence,0.3595697959954167,6.265,ROUTE_UCSFMedicalCenter,0.41070330092333407,66.02,ROUTE_PetalumaValleyHospitalProvidence,0.3595697959954167,6.265
37.721111111084234,-122.43888888884422,134.5477701052561,LVO,ROUTE_CPMCDaviesCampusSutter,0.411120202003662,13.093333333333334,ROUTE_CPMCMissionBernalCampusSutter,0.3498020556843455,6.821666666666667,ROUTE_CPMCDaviesCampusSutter,0.411120202003662,13.093333333333334,ROUTE_CPMCMissionBernalCampusSutter,0.3498020556843455,6.821666666666667
37.589166666639684,-122.06055555551059,131.54961595487944,HEMORRHAGIC,ROUTE_SutterEdenMedicalCenter,0.409887260076355,21.490000000000002,ROUTE_StRoseHospital,0.32734294144,12.326666666666666,ROUTE_SutterEdenMedicalCenter,0.409887260076355,21.490000000000002,ROUTE_WashingtonHospitalHealthcareSystem,0.3483291796092215,17.795
37.755833333306484,-121.90944444439936,55.06484228155667,LVO,ROUTE_SutterEdenMedicalCenter,0.4272553784042332,22.96833333333333,ROUTE_SanRamonRegionalMedicalCenter,0.42224499518448977,12.238333333333333,ROUTE_SutterEdenMedicalCenter,0.4272553784042332,22.96833333333333,ROUTE_SanRamonRegionalMedicalCenter,0.42224499518448977,12.238333333333333
37.47472222219515,-122.20388888884403,215.40587117673812,LVO,ROUTE_KaiserFoundationHospitalRedwoodCity,0.3349086055674488,9.095,ROUTE_KaiserFoundationHospitalRedwoodCity,0.3349086055674488,9.095,ROUTE_KaiserFoundationHospitalRedwoodCity,0.3349086055674488,9.095,ROUTE_KaiserFoundationHospitalRedwoodCity,0.3349086055674488,9.095
37.700277777750884,-122.18333333328846,123.94913749983088,HEMORRHAGIC,ROUTE_SutterEdenMedicalCenter,0.4132932553521882,14.205,ROUTE_KaiserFoundationHospitalSanLeandro,0.352185042900631,4.623333333333333,ROUTE_SutterEdenMedicalCenter,0.4132932553521882,14.205,ROUTE_KaiserFoundationHospitalSanLeandro,0.352185042900631,4.623333333333333
38.0005555555289,-122.27666666662188,53.721407867282515,MIMIC,ROUTE_JohnMuirMedicalCenterWalnutCreekCampus,0.4260193615832572,29.58,ROUTE_ContraCostaRegionalMedicalCenter,0.33843695100679416,16.533333333333335,ROUTE_JohnMuirMedicalCenterWalnutCreekCampus,0.4260193615832572,29.58,ROUTE_KaiserFoundationHospitalRichmondCampus,0.3629275261584319,18.69333333333333
37.787777777750954,-122.41194444439975,49.98387162439077,LVO,ROUTE_CPMCDaviesCampusSutter,0.4314449427565161,10.268333333333334,ROUTE_UCSFHealthHydeHospital,0.4266309446309886,2.0616666666666665,ROUTE_CPMCDaviesCampusSutter,0.4314449427565161,10.268333333333334,ROUTE_UCSFHealthHydeHospital,0.4266309446309886,2.0616666666666665
37.99999999997334,-121.79333333328815,89.68039525867925,MIMIC,ROUTE_JohnMuirMedicalCenterWalnutCreekCampus,0.41744038103242515,30.470000000000002,ROUTE_SutterDeltaMedicalCenter,0.33491347535250887,5.871666666666667,ROUTE_JohnMuirMedicalCenterWalnutCreekCampus,0.41744038103242515,30.470000000000002,ROUTE_KaiserFoundationHospitalAntioch,0.35738806418480207,11.389999999999999
37.697499999973104,-122.07138888884393,205.0551419414245,HEMORRHAGIC,ROUTE_SutterEdenMedicalCenter,0.3371033143772934,6.83,ROUTE_SutterEdenMedicalCenter,0.3371033143772934,6.83,ROUTE_SutterEdenMedicalCenter,0.3371033143772934,6.83,ROUTE_SutterEdenMedicalCenter,0.3371033143772934,6.83
37.717499999973114,-121.71249999995476,114.49406657095598,LVO,ROUTE_SutterEdenMedicalCenter,0.41221309272200785,28.371666666666666,ROUTE_StanfordHealthCareTriValley,0.351644009681821,16.973333333333333,ROUTE_SutterEdenMedicalCenter,0.41221309272200785,28.371666666666666,ROUTE_StanfordHealthCareTriValley,0.351644009681821,16.973333333333333
37.78194444441761,-122.23111111106628,175.38886884904684,HEMORRHAGIC,ROUTE_SutterEdenMedicalCenter,0.33992379321249283,20.478333333333335,ROUTE_HighlandHospitalWilmaChanCampus,0.3427524467222701,4.623333333333333,ROUTE_SutterEdenMedicalCenter,0.33992379321249283,20.478333333333335,ROUTE_HighlandHospitalWilmaChanCampus,0.3427524467222701,4.623333333333333
38.2152777777513,-121.66666666662138,205.71753092772508,HEMORRHAGIC,ROUTE_SutterDeltaMedicalCenter,0.32734294144,58.31333333333334,ROUTE_SutterDeltaMedicalCenter,0.32734294144,58.31333333333334,ROUTE_JohnMuirMedicalCenterWalnutCreekCampus,0.32734294144,79.86999999999999,ROUTE_KaiserFoundationHospitalAntioch,0.32734294144,60.97
37.76111111108426,-121.94999999995494,117.72806112568247,LVO,ROUTE_JohnMuirMedicalCenterWalnutCreekCampus,0.4124602073454134,24.058333333333334,ROUTE_SanRamonRegionalMedicalCenter,0.3531043620597855,5.941666666666666,ROUTE_JohnMuirMedicalCenterWalnutCreekCampus,0.4124602073454134,24.058333333333334,ROUTE_SanRamonRegionalMedicalCenter,0.3531043620597855,5.941666666666666
37.91138888886216,-122.05916666662169,166.322828196562,LVO,ROUTE_JohnMuirMedicalCenterWalnutCreekCampus,0.4050128960215459,8.181666666666667,ROUTE_JohnMuirMedicalCenterWalnutCreekCampus,0.4050128960215459,8.181666666666667,ROUTE_JohnMuirMedicalCenterWalnutCreekCampus,0.4050128960215459,8.181666666666667,ROUTE_JohnMuirMedicalCenterWalnutCreekCampus,0.4050128960215459,8.181666666666667
37.669722222195304,-122.14722222217732,96.92635025098333,LVO,ROUTE_SutterEdenMedicalCenter,0.41931743299252544,15.116666666666667,ROUTE_StRoseHospital,0.32734294144,13.085,ROUTE_SutterEdenMedicalCenter,0.41931743299252544,15.116666666666667,ROUTE_KaiserFoundationHospitalSanLeandro,0.3555235161685047,13.931666666666667
37.82361111108431,-122.25222222217741,134.86659974476433,NLVO,ROUTE_SutterEdenMedicalCenter,0.40917270482056217,21.30666666666667,ROUTE_KaiserFoundationHospitalOaklandRichmond,0.35042407402298215,3.15,ROUTE_SutterEdenMedicalCenter,0.40917270482056217,21.30666666666667,ROUTE_KaiserFoundationHospitalOaklandRichmond,0.35042407402298215,3.15
37.97944444441777,-121.76611111106591,182.5810032268202,LVO,ROUTE_KaiserFoundationHospitalAntioch,0.3406766416024893,9.046666666666665,ROUTE_SutterDeltaMedicalCenter,0.32734294144,8.921666666666665,ROUTE_JohnMuirMedicalCenterWalnutCreekCampus,0.3360068306843347,35.59,ROUTE_KaiserFoundationHospitalAntioch,0.3406766416024893,9.046666666666665
38.08749999997341,-122.14166666662176,60.65135793583684,MIMIC,ROUTE_JohnMuirMedicalCenterWalnutCreekCampus,0.4248388612968646,27.69,ROUTE_ContraCostaRegionalMedicalCenter,0.33716079568444046,16.875,ROUTE_JohnMuirMedicalCenterWalnutCreekCampus,0.4248388612968646,27.69,ROUTE_JohnMuirMedicalCenterConcordCampus,0.3609097600551145,22.128333333333334
37.761944444417594,-122.39333333328864,223.1194463049634,HEMORRHAGIC,ROUTE_ZuckerbergSanFranciscoGeneralHospital,0.32734294144,6.441666666666666,ROUTE_ZuckerbergSanFranciscoGeneralHospital,0.32734294144,6.441666666666666,ROUTE_CPMCDaviesCampusSutter,0.32734294144,11.32,ROUTE_ZuckerbergSanFranciscoGeneralHospital,0.32734294144,6.441666666666666
38.0005555555289,-121.8116666666215,171.23366900889985,NLVO,ROUTE_JohnMuirMedicalCenterWalnutCreekCampus,0.3391351007895014,29.091666666666665,ROUTE_SutterDeltaMedicalCenter,0.32734294144,6.9816666666666665,ROUTE_JohnMuirMedicalCenterWalnutCreekCampus,0.3391351007895014,29.091666666666665,ROUTE_KaiserFoundationHospitalAntioch,0.3420314988209082,12.8
37.77694444441761,-122.39416666662197,135.3605227198824,LVO,ROUTE_CPMCDaviesCampusSutter,0.41138141209861157,11.138333333333332,ROUTE_ChineseHospital,0.3494267315949058,8.036666666666667,ROUTE_CPMCDaviesCampusSutter,0.41138141209861157,11.138333333333332,ROUTE_ChineseHospital,0.3494267315949058,8.036666666666667
37.69222222219532,-122.14527777773287,211.3141187846595,LVO,ROUTE_KaiserFoundationHospitalSanLeandro,0.3360234833112529,6.761666666666667,ROUTE_KaiserFoundationHospitalSanLeandro,0.3360234833112529,6.761666666666667,ROUTE_SutterEdenMedicalCenter,0.33561928296572163,9.086666666666668,ROUTE_KaiserFoundationHospitalSanLeandro,0.3360234833112529,6.761666666666667
37.35416666663949,-122.05499999995503,165.16851807772272,LVO,ROUTE_ElCaminoHealthMountainView,0.4048499021335136,10.056666666666667,ROUTE_ElCaminoHealthMountainView,0.4048499021335136,10.056666666666667,ROUTE_ElCaminoHealthMountainView,0.4048499021335136,10.056666666666667,ROUTE_ElCaminoHealthMountainView,0.4048499021335136,10.056666666666667
37.431388888861775,-121.9669444443994,224.84410743965435,HEMORRHAGIC,ROUTE_OConnorHospital,0.32734294144,19.938333333333333,ROUTE_OConnorHospital,0.32734294144,19.938333333333333,ROUTE_ElCaminoHealthMountainView,0.32734294144,21.134999999999998,ROUTE_OConnorHospital,0.32734294144,19.938333333333333
38.26138888886244,-121.99416666662165,87.48665762853292,MIMIC,ROUTE_JohnMuirMedicalCenterWalnutCreekCampus,0.41373964531976165,48.723333333333336,ROUTE_NorthBayMedicalCenter,0.35748688652749233,13.066666666666666,ROUTE_JohnMuirMedicalCenterWalnutCreekCampus,0.41373964531976165,48.723333333333336,ROUTE_NorthBayMedicalCenter,0.35748688652749233,13.066666666666666
37.69277777775088,-122.45888888884424,134.21628963265215,LVO,ROUTE_CPMCDaviesCampusSutter,0.41014410039165494,17.696666666666665,ROUTE_AHMCSetonMedicalCenter,0.34986082197146445,6.836666666666667,ROUTE_CPMCDaviesCampusSutter,0.41014410039165494,17.696666666666665,ROUTE_AHMCSetonMedicalCenter,0.34986082197146445,6.836666666666667
37.38388888886174,-122.04416666662169,142.17008295023027,LVO,ROUTE_ElCaminoHealthMountainView,0.40940467512699324,12.985000000000001,ROUTE_ElCaminoHealthMountainView,0.40940467512699324,12.985000000000001,ROUTE_ElCaminoHealthMountainView,0.40940467512699324,12.985000000000001,ROUTE_ElCaminoHealthMountainView,0.40940467512699324,12.985000000000001
37.83083333330654,-122.00777777773277,50.14898265933746,HEMORRHAGIC,ROUTE_JohnMuirMedicalCenterWalnutCreekCampus,0.43016463483851547,15.525,ROUTE_KaiserFoundationHospitalWalnutCreek,0.42483875292133894,9.913333333333332,ROUTE_JohnMuirMedicalCenterWalnutCreekCampus,0.43016463483851547,15.525,ROUTE_KaiserFoundationHospitalWalnutCreek,0.42483875292133894,9.913333333333332
37.47555555552848,-122.43249999995533,228.4046406645407,LVO,ROUTE_SanMateoMedicalCenter,0.32734294144,26.785,ROUTE_SanMateoMedicalCenter,0.32734294144,26.785,ROUTE_MillsPeninsulaMedicalCenterSutter,0.32734294144,26.995,ROUTE_MillsPeninsulaMedicalCenterSutter,0.32734294144,26.995
37.748055555528694,-122.42333333328865,139.60357538297805,HEMORRHAGIC,ROUTE_CPMCDaviesCampusSutter,0.4113971067250952,6.826666666666667,ROUTE_CPMCMissionBernalCampusSutter,0.34996948445135007,0.8633333333333333,ROUTE_CPMCDaviesCampusSutter,0.4113971067250952,6.826666666666667,ROUTE_CPMCMissionBernalCampusSutter,0.34996948445135007,0.8633333333333333
37.87527777775102,-122.28666666662188,242.63029932465125,HEMORRHAGIC,ROUTE_AltaBatesSummitMedicalCenterAltaBatesCampus,0.32734294144,10.763333333333332,ROUTE_AltaBatesSummitMedicalCenterAltaBatesCampus,0.32734294144,10.763333333333332,ROUTE_CPMCDaviesCampusSutter,0.32734294144,31.173333333333336,ROUTE_KaiserFoundationHospitalOaklandRichmond,0.32734294144,15.481666666666666
37.82916666663987,-121.96861111106607,115.27681080136036,LVO,ROUTE_JohnMuirMedicalCenterWalnutCreekCampus,0.4127517395071511,25.238333333333333,ROUTE_KaiserFoundationHospitalWalnutCreek,0.35100335013648204,19.625,ROUTE_JohnMuirMedicalCenterWalnutCreekCampus,0.4127517395071511,25.238333333333333,ROUTE_KaiserFoundationHospitalWalnutCreek,0.35100335013648204,19.625
37.42944444441733,-122.42888888884421,265.6873057341929,LVO,ROUTE_SanMateoMedicalCenter,0.32734294144,30.759999999999998,ROUTE_SanMateoMedicalCenter,0.32734294144,30.759999999999998,ROUTE_MillsPeninsulaMedicalCenterSutter,0.32734294144,30.970000000000002,ROUTE_MillsPeninsulaMedicalCenterSutter,0.32734294144,30.970000000000002
37.405833333306205,-121.93555555551049,266.3588922321673,MIMIC,ROUTE_OConnorHospital,0.32734294144,15.071666666666665,ROUTE_OConnorHospital,0.32734294144,15.071666666666665,ROUTE_RegionalMedicalCenterOfSanJose,0.32734294144,17.523333333333333,ROUTE_OConnorHospital,0.32734294144,15.071666666666665
37.891388888862146,-121.608333333288,239.2333490852406,LVO,ROUTE_KaiserFoundationHospitalAntioch,0.32734294144,24.988333333333333,ROUTE_KaiserFoundationHospitalAntioch,0.32734294144,24.988333333333333,ROUTE_JohnMuirMedicalCenterWalnutCreekCampus,0.32734294144,50.513333333333335,ROUTE_KaiserFoundationHospitalAntioch,0.32734294144,24.988333333333333
37.698888888861994,-122.48499999995538,156.55094412912376,HEMORRHAGIC,ROUTE_CPMCDaviesCampusSutter,0.40524680060602536,16.918333333333333,ROUTE_AHMCSetonMedicalCenter,0.3456333021935215,7.525,ROUTE_CPMCDaviesCampusSutter,0.40524680060602536,16.918333333333333,ROUTE_AHMCSetonMedicalCenter,0.3456333021935215,7.525
38.32722222219583,-122.25083333328851,196.57365915343257,HEMORRHAGIC,ROUTE_ProvidenceQueenOfTheValleyMedicalCenter,0.33738578276722375,13.698333333333332,ROUTE_ProvidenceQueenOfTheValleyMedicalCenter,0.33738578276722375,13.698333333333332,ROUTE_JohnMuirMedicalCenterWalnutCreekCampus,0.32734294144,62.973333333333336,ROUTE_ProvidenceQueenOfTheValleyMedicalCenter,0.33738578276722375,13.698333333333332
37.72083333330645,-121.91305555551047,36.60280372257978,MIMIC,ROUTE_SutterEdenMedicalCenter,0.4327101398655259,18.301666666666666,ROUTE_StanfordHealthCareTriValley,0.4272085031876197,10.354999999999999,ROUTE_SutterEdenMedicalCenter,0.4327101398655259,18.301666666666666,ROUTE_StanfordHealthCareTriValley,0.4272085031876197,10.354999999999999
37.8363888888621,-122.27555555551076,264.4020793636525,HEMORRHAGIC,ROUTE_KaiserFoundationHospitalOaklandRichmond,0.32734294144,5.36,ROUTE_KaiserFoundationHospitalOaklandRichmond,0.32734294144,5.36,ROUTE_SutterEdenMedicalCenter,0.32734294144,23.305,ROUTE_KaiserFoundationHospitalOaklandRichmond,0.32734294144,5.36
37.611388888861924,-122.09333333328838,31.251942339181582,NLVO,ROUTE_SutterEdenMedicalCenter,0.4338290924056687,18.93166666666667,ROUTE_StRoseHospital,0.4074107057670696,6.84,ROUTE_SutterEdenMedicalCenter,0.4338290924056687,18.93166666666667,ROUTE_KaiserFoundationHospitalSanLeandro,0.42723485193191735,17.238333333333333
37.70833333330644,-122.45749999995535,211.58391521614578,HEMORRHAGIC,ROUTE_CPMCMissionBernalCampusSutter,0.33591295301727186,7.128333333333333,ROUTE_CPMCMissionBernalCampusSutter,0.33591295301727186,7.128333333333333,ROUTE_CPMCDaviesCampusSutter,0.3348254415215359,13.398333333333333,ROUTE_CPMCMissionBernalCampusSutter,0.33591295301727186,7.128333333333333
37.613333333306365,-122.0388888888439,233.64069147163374,LVO,ROUTE_StRoseHospital,0.32734294144,15.426666666666668,ROUTE_StRoseHospital,0.32734294144,15.426666666666668,ROUTE_SutterEdenMedicalCenter,0.32734294144,24.88,ROUTE_WashingtonHospitalHealthcareSystem,0.32734294144,20.751666666666665
37.59166666663968,-122.05194444439947,125.82972366495441,HEMORRHAGIC,ROUTE_SutterEdenMedicalCenter,0.4120769637652697,17.63,ROUTE_StRoseHospital,0.32734294144,8.466666666666667,ROUTE_SutterEdenMedicalCenter,0.4120769637652697,17.63,ROUTE_KaiserFoundationHospitalSanLeandro,0.34972867674521424,15.936666666666667
37.417499999972875,-121.94999999995494,187.87798009999204,MIMIC,ROUTE_RegionalMedicalCenterOfSanJose,0.3381105991157181,18.261666666666667,ROUTE_OConnorHospital,0.3384677722014544,16.231666666666666,ROUTE_RegionalMedicalCenterOfSanJose,0.3381105991157181,18.261666666666667,ROUTE_OConnorHospital,0.3384677722014544,16.231666666666666
37.77499999997316,-122.23499999995516,225.7584540940639,HEMORRHAGIC,ROUTE_HighlandHospitalWilmaChanCampus,0.32734294144,6.861666666666666,ROUTE_HighlandHospitalWilmaChanCampus,0.32734294144,6.861666666666666,ROUTE_SutterEdenMedicalCenter,0.32734294144,17.228333333333335,ROUTE_HighlandHospitalWilmaChanCampus,0.32734294144,6.861666666666666
38.09944444441787,-122.19583333328848,140.9813972620533,MIMIC,ROUTE_JohnMuirMedicalCenterWalnutCreekCampus,0.40605031193882124,28.938333333333333,ROUTE_SutterSolanoMedicalCenter,0.3477647586080557,11.433333333333334,ROUTE_JohnMuirMedicalCenterWalnutCreekCampus,0.40605031193882124,28.938333333333333,ROUTE_SutterSolanoMedicalCenter,0.3477647586080557,11.433333333333334
38.01388888886224,-121.8041666666215,234.59108590158357,MIMIC,ROUTE_SutterDeltaMedicalCenter,0.32734294144,9.396666666666667,ROUTE_SutterDeltaMedicalCenter,0.32734294144,9.396666666666667,ROUTE_JohnMuirMedicalCenterWalnutCreekCampus,0.32734294144,31.44333333333333,ROUTE_KaiserFoundationHospitalAntioch,0.32734294144,14.913333333333332
38.45027777775148,-121.84416666662152,248.1300997157113,LVO,ROUTE_KaiserFoundationHospitalVacaville,0.32734294144,12.976666666666667,ROUTE_KaiserFoundationHospitalVacaville,0.32734294144,12.976666666666667,ROUTE_JohnMuirMedicalCenterWalnutCreekCampus,0.32734294144,59.906666666666666,ROUTE_KaiserFoundationHospitalVacaville,0.32734294144,12.976666666666667
37.6811111110842,-121.78527777773259,218.91841419208487,MIMIC,ROUTE_StanfordHealthCareTriValley,0.32734294144,16.321666666666665,ROUTE_StanfordHealthCareTriValley,0.32734294144,16.321666666666665,ROUTE_SutterEdenMedicalCenter,0.32734294144,27.720000000000002,ROUTE_StanfordHealthCareTriValley,0.32734294144,16.321666666666665
37.90166666663993,-122.29749999995522,240.45109176831275,LVO,ROUTE_KaiserFoundationHospitalRichmondCampus,0.32734294144,12.411666666666667,ROUTE_KaiserFoundationHospitalRichmondCampus,0.32734294144,12.411666666666667,ROUTE_CPMCDaviesCampusSutter,0.32734294144,30.485,ROUTE_KaiserFoundationHospitalRichmondCampus,0.32734294144,12.411666666666667
37.780277777750946,-122.45527777773313,199.00991602143586,HEMORRHAGIC,ROUTE_UCSFMedicalCenter,0.3383278789731242,5.895,ROUTE_KaiserFoundationHospitalSanFrancisco,0.3389483891570862,2.3733333333333335,ROUTE_UCSFMedicalCenter,0.3383278789731242,5.895,ROUTE_KaiserFoundationHospitalSanFrancisco,0.3389483891570862,2.3733333333333335
38.06972222219562,-122.54305555551097,50.74374133250701,HEMORRHAGIC,ROUTE_UCSFMedicalCenter,0.4228287860632701,46.20166666666667,ROUTE_NovatoCommunityHospitalSutter,0.36531599273954435,9.504999999999999,ROUTE_UCSFMedicalCenter,0.4228287860632701,46.20166666666667,ROUTE_NovatoCommunityHospitalSutter,0.36531599273954435,9.504999999999999
37.95916666663998,-121.81138888884372,92.00872170648196,LVO,ROUTE_JohnMuirMedicalCenterWalnutCreekCampus,0.41512919214993527,38.16,ROUTE_SutterDeltaMedicalCenter,0.32734294144,7.965,ROUTE_JohnMuirMedicalCenterWalnutCreekCampus,0.41512919214993527,38.16,ROUTE_KaiserFoundationHospitalAntioch,0.35696875744190143,11.256666666666666
38.457499999973706,-121.83138888884373,65.60144050223658,LVO,ROUTE_JohnMuirMedicalCenterWalnutCreekCampus,0.4163567896040529,59.24,ROUTE_KaiserFoundationHospitalVacaville,0.36185540952692136,12.311666666666667,ROUTE_JohnMuirMedicalCenterWalnutCreekCampus,0.4163567896040529,59.24,ROUTE_KaiserFoundationHospitalVacaville,0.36185540952692136,12.311666666666667
37.66638888886197,-121.888611111066,265.54242159993066,HEMORRHAGIC,ROUTE_StanfordHealthCareTriValley,0.32734294144,11.751666666666667,ROUTE_StanfordHealthCareTriValley,0.32734294144,11.751666666666667,ROUTE_SutterEdenMedicalCenter,0.32734294144,25.56833333333333,ROUTE_StanfordHealthCareTriValley,0.32734294144,11.751666666666667
38.177499999973485,-122.13444444439953,50.42189392688395,LVO,ROUTE_JohnMuirMedicalCenterWalnutCreekCampus,0.42621478512944333,32.045,ROUTE_NorthBayMedicalCenter,0.3639820450309531,16.608333333333334,ROUTE_JohnMuirMedicalCenterWalnutCreekCampus,0.42621478512944333,32.045,ROUTE_NorthBayMedicalCenter,0.3639820450309531,16.608333333333334
37.98277777775111,-122.07333333328837,58.61790719831316,LVO,ROUTE_JohnMuirMedicalCenterWalnutCreekCampus,0.4283416845457037,14.795,ROUTE_JohnMuirMedicalCenterConcordCampus,0.4223619056523073,10.088333333333333,ROUTE_JohnMuirMedicalCenterWalnutCreekCampus,0.4283416845457037,14.795,ROUTE_JohnMuirMedicalCenterConcordCampus,0.4223619056523073,10.088333333333333
37.789999999973176,-122.41972222217754,132.27767945820176,HEMORRHAGIC,ROUTE_CPMCDaviesCampusSutter,0.4126361014715238,8.741666666666667,ROUTE_UCSFHealthHydeHospital,0.3513094790406968,0.9816666666666667,ROUTE_CPMCDaviesCampusSutter,0.4126361014715238,8.741666666666667,ROUTE_UCSFHealthHydeHospital,0.3513094790406968,0.9816666666666667
37.83805555552877,-121.98194444439942,168.93573378330115,LVO,ROUTE_JohnMuirMedicalCenterWalnutCreekCampus,0.34118714683301027,19.825,ROUTE_KaiserFoundationHospitalWalnutCreek,0.3421901036383913,14.213333333333333,ROUTE_JohnMuirMedicalCenterWalnutCreekCampus,0.34118714683301027,19.825,ROUTE_KaiserFoundationHospitalWalnutCreek,0.3421901036383913,14.213333333333333
37.704999999973104,-122.12055555551063,170.5481067306313,HEMORRHAGIC,ROUTE_SutterEdenMedicalCenter,0.40404770053642125,8.23,ROUTE_SanLeandroHospitalAlamedaHealthSystem,0.32734294144,6.323333333333333,ROUTE_SutterEdenMedicalCenter,0.40404770053642125,8.23,ROUTE_SutterEdenMedicalCenter,0.40404770053642125,8.23
38.45777777775149,-121.82722222217707,31.466851670166484,LVO,ROUTE_JohnMuirMedicalCenterWalnutCreekCampus,0.4243430017970719,58.995,ROUTE_KaiserFoundationHospitalVacaville,0.36863331379992953,12.065,ROUTE_JohnMuirMedicalCenterWalnutCreekCampus,0.4243430017970719,58.995,ROUTE_KaiserFoundationHospitalVacaville,0.36863331379992953,12.065
37.939999999973296,-121.9594444443994,38.70936399419282,HEMORRHAGIC,ROUTE_JohnMuirMedicalCenterWalnutCreekCampus,0.4336929427978231,12.048333333333334,ROUTE_JohnMuirMedicalCenterWalnutCreekCampus,0.4336929427978231,12.048333333333334,ROUTE_JohnMuirMedicalCenterWalnutCreekCampus,0.4336929427978231,12.048333333333334,ROUTE_JohnMuirMedicalCenterWalnutCreekCampus,0.4336929427978231,12.048333333333334
37.78888888886206,-122.18722222217735,154.88950298739272,HEMORRHAGIC,ROUTE_SutterEdenMedicalCenter,0.4058850138931213,15.76,ROUTE_HighlandHospitalWilmaChanCampus,0.3461376845467597,6.416666666666667,ROUTE_SutterEdenMedicalCenter,0.4058850138931213,15.76,ROUTE_HighlandHospitalWilmaChanCampus,0.3461376845467597,6.416666666666667
37.46805555552847,-122.14694444439955,158.18009639903352,NLVO,ROUTE_KaiserFoundationHospitalRedwoodCity,0.4062087204927464,11.04,ROUTE_KaiserFoundationHospitalRedwoodCity,0.4062087204927464,11.04,ROUTE_KaiserFoundationHospitalRedwoodCity,0.4062087204927464,11.04,ROUTE_KaiserFoundationHospitalRedwoodCity,0.4062087204927464,11.04
37.87166666663991,-122.28694444439965,115.13012372848496,MIMIC,ROUTE_CPMCDaviesCampusSutter,0.4116718054843629,30.098333333333336,ROUTE_AltaBatesSummitMedicalCenterAltaBatesCampus,0.32734294144,10.286666666666667,ROUTE_CPMCDaviesCampusSutter,0.4116718054843629,30.098333333333336,ROUTE_AltaBatesSummitMedicalCenterSummitCampus,0.35200276225945365,14.416666666666666
37.37277777775062,-122.09611111106616,185.62710988998793,LVO,ROUTE_ElCaminoHealthMountainView,0.34062987591513233,6.263333333333334,ROUTE_ElCaminoHealthMountainView,0.34062987591513233,6.263333333333334,ROUTE_ElCaminoHealthMountainView,0.34062987591513233,6.263333333333334,ROUTE_ElCaminoHealthMountainView,0.34062987591513233,6.263333333333334
37.778611111084274,-122.43472222217756,238.20803377142494,HEMORRHAGIC,ROUTE_KaiserFoundationHospitalSanFrancisco,0.32734294144,4.166666666666667,ROUTE_KaiserFoundationHospitalSanFrancisco,0.32734294144,4.166666666666667,ROUTE_CPMCDaviesCampusSutter,0.32734294144,4.4399999999999995,ROUTE_KaiserFoundationHospitalSanFrancisco,0.32734294144,4.166666666666667
37.44888888886179,-122.16472222217733,149.64486718839925,HEMORRHAGIC,ROUTE_StanfordHealthCare,0.40897675725996796,7.39,ROUTE_StanfordHealthCare,0.40897675725996796,7.39,ROUTE_StanfordHealthCare,0.40897675725996796,7.39,ROUTE_StanfordHealthCare,0.40897675725996796,7.39
37.696666666639764,-121.87944444439933,44.08466228051107,LVO,ROUTE_SutterEdenMedicalCenter,0.4306692358682966,19.451666666666664,ROUTE_StanfordHealthCareTriValley,0.4273673510262029,2.203333333333333,ROUTE_SutterEdenMedicalCenter,0.4306692358682966,19.451666666666664,ROUTE_StanfordHealthCareTriValley,0.4273673510262029,2.203333333333333
37.469722222195145,-122.25222222217741,30.574833314845744,LVO,ROUTE_KaiserFoundationHospitalRedwoodCity,0.43613134315919155,9.916666666666666,ROUTE_SequoiaHospital,0.43056059037413585,4.833333333333333,ROUTE_KaiserFoundationHospitalRedwoodCity,0.43613134315919155,9.916666666666666,ROUTE_SequoiaHospital,0.43056059037413585,4.833333333333333
37.786944444417614,-122.41472222217753,73.67640051715183,NLVO,ROUTE_CPMCDaviesCampusSutter,0.4259209137202059,10.045,ROUTE_UCSFHealthHydeHospital,0.42118859221105354,1.4166666666666667,ROUTE_CPMCDaviesCampusSutter,0.4259209137202059,10.045,ROUTE_UCSFHealthHydeHospital,0.42118859221105354,1.4166666666666667
37.54583333330631,-122.29249999995521,32.355682566828925,LVO,ROUTE_KaiserFoundationHospitalRedwoodCity,0.4351258023632346,12.365,ROUTE_SanMateoMedicalCenter,0.4068973891189905,6.276666666666667,ROUTE_KaiserFoundationHospitalRedwoodCity,0.4351258023632346,12.365,ROUTE_KaiserFoundationHospitalRedwoodCity,0.4351258023632346,12.365
37.76166666663982,-122.19611111106624,126.36720736194987,HEMORRHAGIC,ROUTE_SutterEdenMedicalCenter,0.41193319923832156,17.720000000000002,ROUTE_HighlandHospitalWilmaChanCampus,0.35051658411392567,11.151666666666667,ROUTE_SutterEdenMedicalCenter,0.41193319923832156,17.720000000000002,ROUTE_HighlandHospitalWilmaChanCampus,0.35051658411392567,11.151666666666667
37.56083333330633,-122.2599999999552,243.1983250203871,LVO,ROUTE_SanMateoMedicalCenter,0.32734294144,14.151666666666667,ROUTE_SanMateoMedicalCenter,0.32734294144,14.151666666666667,ROUTE_MillsPeninsulaMedicalCenterSutter,0.32734294144,17.148333333333333,ROUTE_MillsPeninsulaMedicalCenterSutter,0.32734294144,17.148333333333333
37.88361111108436,-122.20027777773292,61.89225795547384,LVO,ROUTE_JohnMuirMedicalCenterWalnutCreekCampus,0.4260913682469545,21.101666666666667,ROUTE_AltaBatesSummitMedicalCenterAltaBatesCampus,0.3371324160559926,18.334999999999997,ROUTE_JohnMuirMedicalCenterWalnutCreekCampus,0.4260913682469545,21.101666666666667,ROUTE_KaiserFoundationHospitalWalnutCreek,0.41997270272502796,18.83
37.944166666639966,-121.72249999995476,153.56337192929124,NLVO,ROUTE_JohnMuirMedicalCenterWalnutCreekCampus,0.34064509424153605,38.24166666666667,ROUTE_KaiserFoundationHospitalAntioch,0.34535864555486756,12.023333333333333,ROUTE_JohnMuirMedicalCenterWalnutCreekCampus,0.34064509424153605,38.24166666666667,ROUTE_KaiserFoundationHospitalAntioch,0.34535864555486756,12.023333333333333
38.0258333333067,-122.56055555551099,239.18131873251215,NLVO,ROUTE_KaiserFoundationHospitalSanRafael,0.32734294144,11.615,ROUTE_KaiserFoundationHospitalSanRafael,0.32734294144,11.615,ROUTE_UCSFMedicalCenter,0.32734294144,45.22166666666667,ROUTE_KaiserFoundationHospitalSanRafael,0.32734294144,11.615
37.78833333330651,-122.41222222217753,147.2683028067915,NLVO,ROUTE_CPMCDaviesCampusSutter,0.40894394125969424,9.91,ROUTE_UCSFHealthHydeHospital,0.34827290969900776,2.381666666666667,ROUTE_CPMCDaviesCampusSutter,0.40894394125969424,9.91,ROUTE_UCSFHealthHydeHospital,0.34827290969900776,2.381666666666667
37.78111111108428,-122.48777777773316,257.2390541307964,HEMORRHAGIC,ROUTE_UCSFHealthStanyanHospital,0.32734294144,8.91,ROUTE_UCSFHealthStanyanHospital,0.32734294144,8.91,ROUTE_UCSFMedicalCenter,0.32734294144,9.981666666666666,ROUTE_UCSFHealthStanyanHospital,0.32734294144,8.91
37.95472222219553,-121.93416666662159,237.14058570007265,LVO,ROUTE_JohnMuirMedicalCenterWalnutCreekCampus,0.32734294144,18.44333333333333,ROUTE_JohnMuirMedicalCenterWalnutCreekCampus,0.32734294144,18.44333333333333,ROUTE_JohnMuirMedicalCenterWalnutCreekCampus,0.32734294144,18.44333333333333,ROUTE_JohnMuirMedicalCenterWalnutCreekCampus,0.32734294144,18.44333333333333
38.01999999997336,-121.89416666662157,134.475364351881,MIMIC,ROUTE_JohnMuirMedicalCenterWalnutCreekCampus,0.40865927589625833,23.953333333333333,ROUTE_SutterDeltaMedicalCenter,0.32734294144,12.235000000000001,ROUTE_JohnMuirMedicalCenterWalnutCreekCampus,0.40865927589625833,23.953333333333333,ROUTE_JohnMuirMedicalCenterConcordCampus,0.3484537415245606,14.193333333333333
37.52638888886185,-122.04833333328835,56.62768546053526,LVO,ROUTE_KaiserFoundationHospitalRedwoodCity,0.42649159540160986,24.66,ROUTE_StRoseHospital,0.39960315439077065,16.21333333333333,ROUTE_KaiserFoundationHospitalRedwoodCity,0.42649159540160986,24.66,ROUTE_WashingtonHospitalHealthcareSystem,0.36272232706788804,16.836666666666666
37.570277777750775,-122.31888888884413,165.66319922084105,LVO,ROUTE_MillsPeninsulaMedicalCenterSutter,0.4043863366985819,11.615,ROUTE_SanMateoMedicalCenter,0.32734294144,10.151666666666667,ROUTE_MillsPeninsulaMedicalCenterSutter,0.4043863366985819,11.615,ROUTE_MillsPeninsulaMedicalCenterSutter,0.4043863366985819,11.615
38.24611111108465,-122.59916666662212,151.14270539240286,HEMORRHAGIC,ROUTE_PetalumaValleyHospitalProvidence,0.34674035046272683,6.863333333333333,ROUTE_PetalumaValleyHospitalProvidence,0.34674035046272683,6.863333333333333,ROUTE_UCSFMedicalCenter,0.3368286092458592,62.315000000000005,ROUTE_PetalumaValleyHospitalProvidence,0.34674035046272683,6.863333333333333
37.86749999997324,-122.25916666662185,91.24503369696824,HEMORRHAGIC,ROUTE_SutterEdenMedicalCenter,0.4178982856954415,26.925,ROUTE_AltaBatesSummitMedicalCenterAltaBatesCampus,0.32734294144,4.751666666666667,ROUTE_SutterEdenMedicalCenter,0.4178982856954415,26.925,ROUTE_AltaBatesSummitMedicalCenterSummitCampus,0.3566078767442988,13.911666666666667
37.554999999972985,-121.98805555551053,71.56787295379476,HEMORRHAGIC,ROUTE_SutterEdenMedicalCenter,0.42220786977732044,28.041666666666668,ROUTE_WashingtonHospitalHealthcareSystem,0.3624035169996412,3.5316666666666667,ROUTE_SutterEdenMedicalCenter,0.42220786977732044,28.041666666666668,ROUTE_WashingtonHospitalHealthcareSystem,0.3624035169996412,3.5316666666666667
37.69416666663977,-122.06222222217725,58.279450727319144,LVO,ROUTE_SutterEdenMedicalCenter,0.43024595751118067,7.05,ROUTE_SutterEdenMedicalCenter,0.43024595751118067,7.05,ROUTE_SutterEdenMedicalCenter,0.43024595751118067,7.05,ROUTE_SutterEdenMedicalCenter,0.43024595751118067,7.05
37.641944444417504,-122.42944444439978,244.71553116831853,LVO,ROUTE_KaiserFoundationHospitalSouthSanFrancisco,0.32734294144,6.33,ROUTE_KaiserFoundationHospitalSouthSanFrancisco,0.32734294144,6.33,ROUTE_MillsPeninsulaMedicalCenterSutter,0.32734294144,13.031666666666666,ROUTE_KaiserFoundationHospitalSouthSanFrancisco,0.32734294144,6.33
37.787777777750954,-122.44194444439978,170.60502674237907,NLVO,ROUTE_CPMCDaviesCampusSutter,0.40445896576912654,6.3516666666666675,ROUTE_KaiserFoundationHospitalSanFrancisco,0.3439790501358305,2.5966666666666667,ROUTE_CPMCDaviesCampusSutter,0.40445896576912654,6.3516666666666675,ROUTE_KaiserFoundationHospitalSanFrancisco,0.3439790501358305,2.5966666666666667
37.712777777750894,-122.48388888884426,208.21123653532254,HEMORRHAGIC,ROUTE_AHMCSetonMedicalCenter,0.33644891431342455,7.421666666666667,ROUTE_AHMCSetonMedicalCenter,0.33644891431342455,7.421666666666667,ROUTE_UCSFMedicalCenter,0.33518862320048837,14.673333333333334,ROUTE_AHMCSetonMedicalCenter,0.33644891431342455,7.421666666666667
37.98972222219556,-121.74055555551033,197.47125849737841,LVO,ROUTE_KaiserFoundationHospitalAntioch,0.33755506999961177,11.835,ROUTE_KaiserFoundationHospitalAntioch,0.33755506999961177,11.835,ROUTE_JohnMuirMedicalCenterWalnutCreekCampus,0.32734294144,33.443333333333335,ROUTE_KaiserFoundationHospitalAntioch,0.33755506999961177,11.835
38.29194444441802,-122.41972222217754,240.35625347617608,HEMORRHAGIC,ROUTE_SonomaValleyHospital,0.32734294144,11.09,ROUTE_SonomaValleyHospital,0.32734294144,11.09,ROUTE_JohnMuirMedicalCenterWalnutCreekCampus,0.32734294144,73.16333333333334,ROUTE_SonomaValleyHospital,0.32734294144,11.09
37.445277777750675,-122.13583333328843,118.07805139185314,HEMORRHAGIC,ROUTE_StanfordHealthCare,0.4153784226370866,11.008333333333333,ROUTE_StanfordHealthCare,0.4153784226370866,11.008333333333333,ROUTE_StanfordHealthCare,0.4153784226370866,11.008333333333333,ROUTE_StanfordHealthCare,0.4153784226370866,11.008333333333333
38.02944444441781,-121.89888888884379,236.72636331116934,HEMORRHAGIC,ROUTE_SutterDeltaMedicalCenter,0.32734294144,15.376666666666667,ROUTE_SutterDeltaMedicalCenter,0.32734294144,15.376666666666667,ROUTE_JohnMuirMedicalCenterWalnutCreekCampus,0.32734294144,25.62,ROUTE_JohnMuirMedicalCenterConcordCampus,0.32734294144,15.860000000000001
37.66805555552863,-122.06777777773281,131.54660394578505,HEMORRHAGIC,ROUTE_SutterEdenMedicalCenter,0.41204309716134585,12.06,ROUTE_SutterEdenMedicalCenter,0.41204309716134585,12.06,ROUTE_SutterEdenMedicalCenter,0.41204309716134585,12.06,ROUTE_SutterEdenMedicalCenter,0.41204309716134585,12.06
37.69861111108421,-122.15222222217733,135.4859389332628,LVO,ROUTE_SutterEdenMedicalCenter,0.4111119328969019,12.19,ROUTE_KaiserFoundationHospitalSanLeandro,0.34946127830017276,7.725,ROUTE_SutterEdenMedicalCenter,0.4111119328969019,12.19,ROUTE_KaiserFoundationHospitalSanLeandro,0.34946127830017276,7.725
37.59694444441747,-122.08527777773283,203.30775482176344,LVO,ROUTE_KaiserFoundationHospitalSanLeandro,0.33513768334729865,19.87,ROUTE_StRoseHospital,0.32734294144,10.729999999999999,ROUTE_SutterEdenMedicalCenter,0.3348445830079655,21.563333333333333,ROUTE_KaiserFoundationHospitalSanLeandro,0.33513768334729865,19.87
37.46916666663959,-122.14333333328842,34.197797273998574,HEMORRHAGIC,ROUTE_KaiserFoundationHospitalRedwoodCity,0.43492556796549386,11.366666666666667,ROUTE_KaiserFoundationHospitalRedwoodCity,0.43492556796549386,11.366666666666667,ROUTE_KaiserFoundationHospitalRedwoodCity,0.43492556796549386,11.366666666666667,ROUTE_KaiserFoundationHospitalRedwoodCity,0.43492556796549386,11.366666666666667
37.95138888886219,-122.51916666662207,176.68174811953645,LVO,ROUTE_MarinHealthMedicalCenter,0.3425058267396659,4.705,ROUTE_MarinHealthMedicalCenter,0.3425058267396659,4.705,ROUTE_UCSFMedicalCenter,0.33739107959216663,33.559999999999995,ROUTE_MarinHealthMedicalCenter,0.3425058267396659,4.705
37.90861111108438,-121.71888888884365,231.29388733221293,NLVO,ROUTE_KaiserFoundationHospitalAntioch,0.32734294144,13.566666666666666,ROUTE_KaiserFoundationHospitalAntioch,0.32734294144,13.566666666666666,ROUTE_JohnMuirMedicalCenterWalnutCreekCampus,0.32734294144,39.09166666666667,ROUTE_KaiserFoundationHospitalAntioch,0.32734294144,13.566666666666666
37.64972222219529,-122.09305555551062,253.48879033547712,MIMIC,ROUTE_StRoseHospital,0.32734294144,4.9383333333333335,ROUTE_StRoseHospital,0.32734294144,4.9383333333333335,ROUTE_SutterEdenMedicalCenter,0.32734294144,13.331666666666667,ROUTE_KaiserFoundationHospitalSanLeandro,0.32734294144,11.638333333333332
37.77166666663983,-122.2611111110663,244.04766157464547,HEMORRHAGIC,ROUTE_AlamedaHospital,0.32734294144,3.395,ROUTE_AlamedaHospital,0.32734294144,3.395,ROUTE_SutterEdenMedicalCenter,0.32734294144,22.258333333333333,ROUTE_AlamedaHospital,0.32734294144,3.395
37.876111111084356,-122.51888888884429,105.80826701372322,HEMORRHAGIC,ROUTE_UCSFMedicalCenter,0.4151594612247344,24.228333333333335,ROUTE_MarinHealthMedicalCenter,0.35313460501196137,17.701666666666664,ROUTE_UCSFMedicalCenter,0.4151594612247344,24.228333333333335,ROUTE_MarinHealthMedicalCenter,0.35313460501196137,17.701666666666664
37.838611111084326,-122.27833333328854,49.61332677159451,LVO,ROUTE_JohnMuirMedicalCenterWalnutCreekCampus,0.42827689202110514,24.075,ROUTE_KaiserFoundationHospitalOaklandRichmond,0.4248130796257366,7.1,ROUTE_JohnMuirMedicalCenterWalnutCreekCampus,0.42827689202110514,24.075,ROUTE_KaiserFoundationHospitalOaklandRichmond,0.4248130796257366,7.1
37.93916666663996,-121.68444444439918,178.7196128800992,LVO,ROUTE_KaiserFoundationHospitalAntioch,0.34017293450637637,15.743333333333334,ROUTE_KaiserFoundationHospitalAntioch,0.34017293450637637,15.743333333333334,ROUTE_JohnMuirMedicalCenterWalnutCreekCampus,0.3355708149206898,41.961666666666666,ROUTE_KaiserFoundationHospitalAntioch,0.34017293450637637,15.743333333333334
37.9613888888622,-122.04527777773279,137.48423793698515,LVO,ROUTE_JohnMuirMedicalCenterWalnutCreekCampus,0.4107188480745784,11.911666666666667,ROUTE_JohnMuirMedicalCenterConcordCampus,0.3490552820413923,7.923333333333333,ROUTE_JohnMuirMedicalCenterWalnutCreekCampus,0.4107188480745784,11.911666666666667,ROUTE_JohnMuirMedicalCenterConcordCampus,0.3490552820413923,7.923333333333333
37.9336111110844,-122.05583333328836,249.88065690051002,HEMORRHAGIC,ROUTE_JohnMuirMedicalCenterConcordCampus,0.32734294144,7.15,ROUTE_JohnMuirMedicalCenterConcordCampus,0.32734294144,7.15,ROUTE_JohnMuirMedicalCenterWalnutCreekCampus,0.32734294144,7.321666666666667,ROUTE_JohnMuirMedicalCenterConcordCampus,0.32734294144,7.15
37.87138888886213,-122.0211111110661,146.0206330362885,NLVO,ROUTE_JohnMuirMedicalCenterWalnutCreekCampus,0.40849627740585925,13.123333333333333,ROUTE_KaiserFoundationHospitalWalnutCreek,0.3475594892360762,7.511666666666667,ROUTE_JohnMuirMedicalCenterWalnutCreekCampus,0.40849627740585925,13.123333333333333,ROUTE_KaiserFoundationHospitalWalnutCreek,0.3475594892360762,7.511666666666667
37.71583333330645,-122.02749999995501,72.28134641369977,HEMORRHAGIC,ROUTE_SutterEdenMedicalCenter,0.42561352510790923,12.751666666666667,ROUTE_SutterEdenMedicalCenter,0.42561352510790923,12.751666666666667,ROUTE_SutterEdenMedicalCenter,0.42561352510790923,12.751666666666667,ROUTE_SutterEdenMedicalCenter,0.42561352510790923,12.751666666666667
37.78527777775095,-121.94694444439939,221.3790002183652,LVO,ROUTE_SanRamonRegionalMedicalCenter,0.32734294144,5.641666666666667,ROUTE_SanRamonRegionalMedicalCenter,0.32734294144,5.641666666666667,ROUTE_JohnMuirMedicalCenterWalnutCreekCampus,0.32734294144,22.496666666666666,ROUTE_SanRamonRegionalMedicalCenter,0.32734294144,5.641666666666667
37.64638888886195,-122.4783333332887,100.14286283942786,LVO,ROUTE_MillsPeninsulaMedicalCenterSutter,0.4183478956734138,16.085,ROUTE_AHMCSetonMedicalCenter,0.35597544233167766,8.336666666666666,ROUTE_MillsPeninsulaMedicalCenterSutter,0.4183478956734138,16.085,ROUTE_AHMCSetonMedicalCenter,0.35597544233167766,8.336666666666666
38.053888888862275,-122.21583333328849,212.1287565334902,LVO,ROUTE_SutterSolanoMedicalCenter,0.32734294144,14.7,ROUTE_SutterSolanoMedicalCenter,0.32734294144,14.7,ROUTE_JohnMuirMedicalCenterWalnutCreekCampus,0.32734294144,31.0,ROUTE_SutterSolanoMedicalCenter,0.32734294144,14.7
37.36388888886172,-122.01861111106611,54.88890183188371,HEMORRHAGIC,ROUTE_KaiserFoundationHospitalSantaClara,0.43045260423719606,9.565,ROUTE_KaiserFoundationHospitalSantaClara,0.43045260423719606,9.565,ROUTE_KaiserFoundationHospitalSantaClara,0.43045260423719606,9.565,ROUTE_KaiserFoundationHospitalSantaClara,0.43045260423719606,9.565
37.67555555552864,-122.08888888884394,50.20644179196773,NLVO,ROUTE_SutterEdenMedicalCenter,0.43179782244131953,8.553333333333335,ROUTE_SutterEdenMedicalCenter,0.43179782244131953,8.553333333333335,ROUTE_SutterEdenMedicalCenter,0.43179782244131953,8.553333333333335,ROUTE_SutterEdenMedicalCenter,0.43179782244131953,8.553333333333335
37.96999999997332,-122.04388888884391,202.406702201984,HEMORRHAGIC,ROUTE_JohnMuirMedicalCenterConcordCampus,0.33789020994984464,4.988333333333333,ROUTE_JohnMuirMedicalCenterConcordCampus,0.33789020994984464,4.988333333333333,ROUTE_JohnMuirMedicalCenterWalnutCreekCampus,0.3366001599933226,12.360000000000001,ROUTE_JohnMuirMedicalCenterConcordCampus,0.33789020994984464,4.988333333333333
37.727499999973126,-122.42888888884421,126.16433310976385,HEMORRHAGIC,ROUTE_CPMCDaviesCampusSutter,0.4132074542309798,12.363333333333333,ROUTE_CPMCMissionBernalCampusSutter,0.3514965818415589,6.093333333333334,ROUTE_CPMCDaviesCampusSutter,0.4132074542309798,12.363333333333333,ROUTE_CPMCMissionBernalCampusSutter,0.3514965818415589,6.093333333333334
37.65888888886196,-122.41833333328866,230.83610862443751,HEMORRHAGIC,ROUTE_KaiserFoundationHospitalSouthSanFrancisco,0.32734294144,6.444999999999999,ROUTE_KaiserFoundationHospitalSouthSanFrancisco,0.32734294144,6.444999999999999,ROUTE_MillsPeninsulaMedicalCenterSutter,0.32734294144,12.731666666666666,ROUTE_KaiserFoundationHospitalSouthSanFrancisco,0.32734294144,6.444999999999999
37.90416666663993,-122.28083333328854,144.02838139689732,LVO,ROUTE_CPMCDaviesCampusSutter,0.34270653521673944,36.24,ROUTE_AltaBatesSummitMedicalCenterAltaBatesCampus,0.32734294144,16.98,ROUTE_CPMCDaviesCampusSutter,0.34270653521673944,36.24,ROUTE_KaiserFoundationHospitalRichmondCampus,0.34597563512933227,18.166666666666668
37.67194444441753,-122.48944444439982,79.51596918250897,HEMORRHAGIC,ROUTE_MillsPeninsulaMedicalCenterSutter,0.4226551487042996,18.175,ROUTE_AHMCSetonMedicalCenter,0.3598841532277833,8.565,ROUTE_MillsPeninsulaMedicalCenterSutter,0.4226551487042996,18.175,ROUTE_AHMCSetonMedicalCenter,0.3598841532277833,8.565
37.758611111084264,-121.96805555551052,113.27263627553609,MIMIC,ROUTE_SutterEdenMedicalCenter,0.414562868408341,19.35666666666667,ROUTE_SanRamonRegionalMedicalCenter,0.35378847790616863,6.761666666666667,ROUTE_SutterEdenMedicalCenter,0.414562868408341,19.35666666666667,ROUTE_SanRamonRegionalMedicalCenter,0.35378847790616863,6.761666666666667
37.874722222195466,-122.18388888884402,37.64203045346521,HEMORRHAGIC,ROUTE_JohnMuirMedicalCenterWalnutCreekCampus,0.4328759431925309,16.561666666666667,ROUTE_KaiserFoundationHospitalWalnutCreek,0.42676366448172887,14.291666666666666,ROUTE_JohnMuirMedicalCenterWalnutCreekCampus,0.4328759431925309,16.561666666666667,ROUTE_KaiserFoundationHospitalWalnutCreek,0.42676366448172887,14.291666666666666
37.62083333330637,-122.41666666662198,237.14480823234774,LVO,ROUTE_MillsPeninsulaMedicalCenterSutter,0.32734294144,9.166666666666666,ROUTE_MillsPeninsulaMedicalCenterSutter,0.32734294144,9.166666666666666,ROUTE_MillsPeninsulaMedicalCenterSutter,0.32734294144,9.166666666666666,ROUTE_MillsPeninsulaMedicalCenterSutter,0.32734294144,9.166666666666666
37.728055555528684,-122.15722222217732,145.07964785279756,HEMORRHAGIC,ROUTE_SutterEdenMedicalCenter,0.4084550544372586,14.246666666666666,ROUTE_SanLeandroHospitalAlamedaHealthSystem,0.32734294144,5.925,ROUTE_SutterEdenMedicalCenter,0.4084550544372586,14.246666666666666,ROUTE_KaiserFoundationHospitalSanLeandro,0.3471585610049853,10.639999999999999
37.70694444441755,-121.8583333332882,158.23936077562834,NLVO,ROUTE_SutterEdenMedicalCenter,0.40417938578091955,19.955,ROUTE_StanfordHealthCareTriValley,0.3452858546292004,7.746666666666667,ROUTE_SutterEdenMedicalCenter,0.40417938578091955,19.955,ROUTE_StanfordHealthCareTriValley,0.3452858546292004,7.746666666666667
37.81833333330653,-121.9872222221772,166.06621289288577,LVO,ROUTE_JohnMuirMedicalCenterWalnutCreekCampus,0.34191243300699853,18.633333333333333,ROUTE_KaiserFoundationHospitalWalnutCreek,0.34291871434601073,13.021666666666667,ROUTE_JohnMuirMedicalCenterWalnutCreekCampus,0.34191243300699853,18.633333333333333,ROUTE_KaiserFoundationHospitalWalnutCreek,0.34291871434601073,13.021666666666667
38.26999999997356,-122.03861111106613,229.00516895727165,LVO,ROUTE_NorthBayMedicalCenter,0.32734294144,5.423333333333333,ROUTE_NorthBayMedicalCenter,0.32734294144,5.423333333333333,ROUTE_JohnMuirMedicalCenterWalnutCreekCampus,0.32734294144,43.05,ROUTE_NorthBayMedicalCenter,0.32734294144,5.423333333333333
37.877499999973246,-122.29249999995521,122.66364930820336,LVO,ROUTE_CPMCDaviesCampusSutter,0.4098781279366613,30.415000000000003,ROUTE_AltaBatesSummitMedicalCenterAltaBatesCampus,0.32734294144,11.678333333333335,ROUTE_CPMCDaviesCampusSutter,0.4098781279366613,30.415000000000003,ROUTE_KaiserFoundationHospitalRichmondCampus,0.3505875035871587,14.473333333333333
37.96805555552887,-122.06499999995503,240.78747020354527,HEMORRHAGIC,ROUTE_JohnMuirMedicalCenterConcordCampus,0.32734294144,10.54,ROUTE_JohnMuirMedicalCenterConcordCampus,0.32734294144,10.54,ROUTE_JohnMuirMedicalCenterWalnutCreekCampus,0.32734294144,14.433333333333334,ROUTE_JohnMuirMedicalCenterConcordCampus,0.32734294144,10.54
38.43444444441813,-121.82833333328819,93.35174848685811,LVO,ROUTE_JohnMuirMedicalCenterWalnutCreekCampus,0.40904662722948126,63.375,ROUTE_KaiserFoundationHospitalVacaville,0.3557249263459333,16.445,ROUTE_JohnMuirMedicalCenterWalnutCreekCampus,0.40904662722948126,63.375,ROUTE_KaiserFoundationHospitalVacaville,0.3557249263459333,16.445
37.54277777775076,-122.01694444439944,41.89981433890861,MIMIC,ROUTE_SutterEdenMedicalCenter,0.43027402761698724,23.31,ROUTE_WashingtonHospitalHealthcareSystem,0.42514047678841205,11.215,ROUTE_SutterEdenMedicalCenter,0.43027402761698724,23.31,ROUTE_WashingtonHospitalHealthcareSystem,0.42514047678841205,11.215
37.98194444441777,-122.02999999995501,251.00132357035076,HEMORRHAGIC,ROUTE_JohnMuirMedicalCenterConcordCampus,0.32734294144,1.8,ROUTE_JohnMuirMedicalCenterConcordCampus,0.32734294144,1.8,ROUTE_JohnMuirMedicalCenterWalnutCreekCampus,0.32734294144,14.8,ROUTE_JohnMuirMedicalCenterConcordCampus,0.32734294144,1.8
38.105277777751205,-122.23666666662184,193.49370002157943,LVO,ROUTE_SutterSolanoMedicalCenter,0.3393647651083018,5.531666666666666,ROUTE_SutterSolanoMedicalCenter,0.3393647651083018,5.531666666666666,ROUTE_JohnMuirMedicalCenterWalnutCreekCampus,0.3354367666291036,27.959999999999997,ROUTE_SutterSolanoMedicalCenter,0.3393647651083018,5.531666666666666
38.01472222219558,-121.93749999995494,51.712603209787964,HEMORRHAGIC,ROUTE_JohnMuirMedicalCenterWalnutCreekCampus,0.4282274287402651,22.185,ROUTE_JohnMuirMedicalCenterConcordCampus,0.42343962539208796,12.425,ROUTE_JohnMuirMedicalCenterWalnutCreekCampus,0.4282274287402651,22.185,ROUTE_JohnMuirMedicalCenterConcordCampus,0.42343962539208796,12.425
37.96555555552887,-122.25555555551074,94.62683536916627,HEMORRHAGIC,ROUTE_JohnMuirMedicalCenterWalnutCreekCampus,0.4158215014387489,32.53666666666667,ROUTE_KaiserFoundationHospitalRichmondCampus,0.35447939749927093,21.745,ROUTE_JohnMuirMedicalCenterWalnutCreekCampus,0.4158215014387489,32.53666666666667,ROUTE_KaiserFoundationHospitalRichmondCampus,0.35447939749927093,21.745
37.764722222195374,-121.94916666662161,191.45882264279246,MIMIC,ROUTE_SanRamonRegionalMedicalCenter,0.34008359493817425,3.506666666666667,ROUTE_SanRamonRegionalMedicalCenter,0.34008359493817425,3.506666666666667,ROUTE_JohnMuirMedicalCenterWalnutCreekCampus,0.3368942142694136,21.623333333333335,ROUTE_SanRamonRegionalMedicalCenter,0.34008359493817425,3.506666666666667
37.69916666663977,-122.06999999995504,47.99799231159068,LVO,ROUTE_SutterEdenMedicalCenter,0.4326536608512293,7.145,ROUTE_SutterEdenMedicalCenter,0.4326536608512293,7.145,ROUTE_SutterEdenMedicalCenter,0.4326536608512293,7.145,ROUTE_SutterEdenMedicalCenter,0.4326536608512293,7.145
37.658611111084184,-122.46555555551092,257.5840951860449,HEMORRHAGIC,ROUTE_AHMCSetonMedicalCenter,0.32734294144,7.735,ROUTE_AHMCSetonMedicalCenter,0.32734294144,7.735,ROUTE_MillsPeninsulaMedicalCenterSutter,0.32734294144,15.423333333333334,ROUTE_AHMCSetonMedicalCenter,0.32734294144,7.735
37.62499999997304,-122.08833333328839,191.579334498216,NLVO,ROUTE_SutterEdenMedicalCenter,0.33798322250446444,15.286666666666667,ROUTE_StRoseHospital,0.32734294144,2.6233333333333335,ROUTE_SutterEdenMedicalCenter,0.33798322250446444,15.286666666666667,ROUTE_KaiserFoundationHospitalSanLeandro,0.3382808101265819,13.593333333333334
38.00583333330668,-122.07888888884393,83.84272521330828,LVO,ROUTE_JohnMuirMedicalCenterWalnutCreekCampus,0.4213450640769877,19.471666666666668,ROUTE_JohnMuirMedicalCenterConcordCampus,0.3584029412829512,11.93,ROUTE_JohnMuirMedicalCenterWalnutCreekCampus,0.4213450640769877,19.471666666666668,ROUTE_JohnMuirMedicalCenterConcordCampus,0.3584029412829512,11.93
37.82527777775098,-122.26333333328853,101.08420877999514,LVO,ROUTE_SutterEdenMedicalCenter,0.4169721405983836,21.09333333333333,ROUTE_KaiserFoundationHospitalOaklandRichmond,0.35710693318297004,1.4566666666666668,ROUTE_SutterEdenMedicalCenter,0.4169721405983836,21.09333333333333,ROUTE_KaiserFoundationHospitalOaklandRichmond,0.35710693318297004,1.4566666666666668
37.71999999997312,-121.93527777773271,76.9824229430284,LVO,ROUTE_SutterEdenMedicalCenter,0.4228964648063198,19.673333333333336,ROUTE_SanRamonRegionalMedicalCenter,0.3597901318163707,11.585,ROUTE_SutterEdenMedicalCenter,0.4228964648063198,19.673333333333336,ROUTE_SanRamonRegionalMedicalCenter,0.3597901318163707,11.585
37.64138888886195,-122.45777777773313,262.3409971113322,LVO,ROUTE_KaiserFoundationHospitalSouthSanFrancisco,0.32734294144,7.153333333333333,ROUTE_KaiserFoundationHospitalSouthSanFrancisco,0.32734294144,7.153333333333333,ROUTE_MillsPeninsulaMedicalCenterSutter,0.32734294144,12.898333333333333,ROUTE_KaiserFoundationHospitalSouthSanFrancisco,0.32734294144,7.153333333333333
37.98416666664,-122.55138888884431,81.74281642642083,NLVO,ROUTE_UCSFMedicalCenter,0.4170983256687099,39.888333333333335,ROUTE_MarinHealthMedicalCenter,0.3591405550102895,10.193333333333333,ROUTE_UCSFMedicalCenter,0.4170983256687099,39.888333333333335,ROUTE_MarinHealthMedicalCenter,0.3591405550102895,10.193333333333333
37.92305555552884,-122.51805555551095,174.37894834291046,LVO,ROUTE_UCSFMedicalCenter,0.33827671552903665,30.816666666666666,ROUTE_MarinHealthMedicalCenter,0.341777157901335,11.076666666666666,ROUTE_UCSFMedicalCenter,0.33827671552903665,30.816666666666666,ROUTE_MarinHealthMedicalCenter,0.341777157901335,11.076666666666666
37.678055555528644,-122.15249999995511,114.15179847112293,LVO,ROUTE_SutterEdenMedicalCenter,0.4158036439561276,13.088333333333333,ROUTE_KaiserFoundationHospitalSanLeandro,0.3531216028956026,9.426666666666668,ROUTE_SutterEdenMedicalCenter,0.4158036439561276,13.088333333333333,ROUTE_KaiserFoundationHospitalSanLeandro,0.3531216028956026,9.426666666666668
38.27388888886245,-122.05555555551058,256.7415770282049,NLVO,ROUTE_NorthBayMedicalCenter,0.32734294144,9.308333333333334,ROUTE_NorthBayMedicalCenter,0.32734294144,9.308333333333334,ROUTE_JohnMuirMedicalCenterWalnutCreekCampus,0.32734294144,40.608333333333334,ROUTE_NorthBayMedicalCenter,0.32734294144,9.308333333333334
37.74722222219536,-122.16249999995512,162.98895990108718,LVO,ROUTE_SutterEdenMedicalCenter,0.40462854793097486,13.216666666666667,ROUTE_SanLeandroHospitalAlamedaHealthSystem,0.32734294144,11.033333333333333,ROUTE_SutterEdenMedicalCenter,0.40462854793097486,13.216666666666667,ROUTE_HighlandHospitalWilmaChanCampus,0.3436859811418602,11.836666666666668
38.387499999973656,-121.69277777773252,203.06769677444953,HEMORRHAGIC,ROUTE_KaiserFoundationHospitalVacaville,0.32734294144,37.315000000000005,ROUTE_KaiserFoundationHospitalVacaville,0.32734294144,37.315000000000005,ROUTE_JohnMuirMedicalCenterWalnutCreekCampus,0.32734294144,84.24499999999999,ROUTE_KaiserFoundationHospitalVacaville,0.32734294144,37.315000000000005
37.63166666663972,-122.07305555551059,44.23956687945228,LVO,ROUTE_SutterEdenMedicalCenter,0.43167719803922866,15.03,ROUTE_StRoseHospital,0.40505477513581206,4.281666666666666,ROUTE_SutterEdenMedicalCenter,0.43167719803922866,15.03,ROUTE_KaiserFoundationHospitalSanLeandro,0.42508066562991975,13.336666666666668
37.623055555528595,-122.41555555551088,238.7545691645439,NLVO,ROUTE_MillsPeninsulaMedicalCenterSutter,0.32734294144,8.798333333333334,ROUTE_MillsPeninsulaMedicalCenterSutter,0.32734294144,8.798333333333334,ROUTE_MillsPeninsulaMedicalCenterSutter,0.32734294144,8.798333333333334,ROUTE_MillsPeninsulaMedicalCenterSutter,0.32734294144,8.798333333333334
37.9702777777511,-122.35055555551082,159.40770253096215,LVO,ROUTE_JohnMuirMedicalCenterWalnutCreekCampus,0.3395558398582868,38.53666666666666,ROUTE_KaiserFoundationHospitalRichmondCampus,0.344701642433614,9.8,ROUTE_JohnMuirMedicalCenterWalnutCreekCampus,0.3395558398582868,38.53666666666666,ROUTE_KaiserFoundationHospitalRichmondCampus,0.344701642433614,9.8
37.759999999973154,-122.5061111110665,69.48998849951587,NLVO,ROUTE_UCSFMedicalCenter,0.42703906394315916,9.465,ROUTE_UCSFMedicalCenter,0.42703906394315916,9.465,ROUTE_UCSFMedicalCenter,0.42703906394315916,9.465,ROUTE_UCSFMedicalCenter,0.42703906394315916,9.465
37.85583333330656,-122.28527777773299,91.45886360149294,LVO,ROUTE_CPMCDaviesCampusSutter,0.41759606469694616,28.01833333333333,ROUTE_AltaBatesSummitMedicalCenterAltaBatesCampus,0.32734294144,6.528333333333333,ROUTE_CPMCDaviesCampusSutter,0.41759606469694616,28.01833333333333,ROUTE_KaiserFoundationHospitalOaklandRichmond,0.357075838146689,11.245000000000001
37.74583333330647,-122.45638888884423,227.96142299702277,HEMORRHAGIC,ROUTE_UCSFMedicalCenter,0.32734294144,5.823333333333333,ROUTE_UCSFMedicalCenter,0.32734294144,5.823333333333333,ROUTE_UCSFMedicalCenter,0.32734294144,5.823333333333333,ROUTE_UCSFMedicalCenter,0.32734294144,5.823333333333333
37.99111111108445,-121.71138888884364,221.78023719793947,LVO,ROUTE_KaiserFoundationHospitalAntioch,0.32734294144,15.65,ROUTE_KaiserFoundationHospitalAntioch,0.32734294144,15.65,ROUTE_JohnMuirMedicalCenterWalnutCreekCampus,0.32734294144,37.25833333333333,ROUTE_KaiserFoundationHospitalAntioch,0.32734294144,15.65
37.528055555528525,-122.32666666662192,107.64049176897787,NLVO,ROUTE_MillsPeninsulaMedicalCenterSutter,0.41657914280124675,16.238333333333333,ROUTE_SanMateoMedicalCenter,0.32734294144,6.331666666666666,ROUTE_MillsPeninsulaMedicalCenterSutter,0.41657914280124675,16.238333333333333,ROUTE_MillsPeninsulaMedicalCenterSutter,0.41657914280124675,16.238333333333333
37.552222222195205,-122.28972222217743,222.4710299540164,LVO,ROUTE_SanMateoMedicalCenter,0.32734294144,8.098333333333333,ROUTE_SanMateoMedicalCenter,0.32734294144,8.098333333333333,ROUTE_MillsPeninsulaMedicalCenterSutter,0.32734294144,11.308333333333334,ROUTE_MillsPeninsulaMedicalCenterSutter,0.32734294144,11.308333333333334
37.92722222219551,-122.31388888884412,152.87134427937224,HEMORRHAGIC,ROUTE_CPMCDaviesCampusSutter,0.34198096723185156,31.445,ROUTE_KaiserFoundationHospitalRichmondCampus,0.3458304687462936,10.120000000000001,ROUTE_CPMCDaviesCampusSutter,0.34198096723185156,31.445,ROUTE_KaiserFoundationHospitalRichmondCampus,0.3458304687462936,10.120000000000001
37.59694444441747,-122.06472222217725,230.25874573574282,LVO,ROUTE_StRoseHospital,0.32734294144,8.578333333333335,ROUTE_StRoseHospital,0.32734294144,8.578333333333335,ROUTE_SutterEdenMedicalCenter,0.32734294144,17.741666666666667,ROUTE_KaiserFoundationHospitalSanLeandro,0.32734294144,16.048333333333332
37.95166666663997,-122.52555555551096,53.64121169984634,HEMORRHAGIC,ROUTE_UCSFMedicalCenter,0.4245173601868148,36.075,ROUTE_MarinHealthMedicalCenter,0.3654768747682779,5.791666666666667,ROUTE_UCSFMedicalCenter,0.4245173601868148,36.075,ROUTE_MarinHealthMedicalCenter,0.3654768747682779,5.791666666666667
37.82527777775098,-122.28194444439966,142.16372898694127,HEMORRHAGIC,ROUTE_SutterEdenMedicalCenter,0.4071769413889775,22.78666666666667,ROUTE_KaiserFoundationHospitalOaklandRichmond,0.3485554053292447,5.953333333333333,ROUTE_SutterEdenMedicalCenter,0.4071769413889775,22.78666666666667,ROUTE_KaiserFoundationHospitalOaklandRichmond,0.3485554053292447,5.953333333333333
38.277777777751346,-122.4683333332887,229.58574289911442,LVO,ROUTE_SonomaValleyHospital,0.32734294144,3.8699999999999997,ROUTE_SonomaValleyHospital,0.32734294144,3.8699999999999997,ROUTE_JohnMuirMedicalCenterWalnutCreekCampus,0.32734294144,63.18833333333334,ROUTE_SonomaValleyHospital,0.32734294144,3.8699999999999997
37.95861111108442,-122.10777777773285,117.35471037438997,LVO,ROUTE_JohnMuirMedicalCenterWalnutCreekCampus,0.413916834198127,18.083333333333332,ROUTE_ContraCostaRegionalMedicalCenter,0.32734294144,11.770000000000001,ROUTE_JohnMuirMedicalCenterWalnutCreekCampus,0.413916834198127,18.083333333333332,ROUTE_JohnMuirMedicalCenterConcordCampus,0.35123573711531175,16.3
37.789999999973176,-122.19222222217736,102.88142737521983,MIMIC,ROUTE_SutterEdenMedicalCenter,0.41777119639697563,15.838333333333333,ROUTE_HighlandHospitalWilmaChanCampus,0.3560377637570435,5.27,ROUTE_SutterEdenMedicalCenter,0.41777119639697563,15.838333333333333,ROUTE_HighlandHospitalWilmaChanCampus,0.3560377637570435,5.27
37.76027777775093,-122.42222222217754,49.86304996784452,HEMORRHAGIC,ROUTE_CPMCDaviesCampusSutter,0.432700885990798,5.08,ROUTE_CPMCMissionBernalCampusSutter,0.42628236010623416,4.181666666666667,ROUTE_CPMCDaviesCampusSutter,0.432700885990798,5.08,ROUTE_CPMCMissionBernalCampusSutter,0.42628236010623416,4.181666666666667
37.58166666663968,-121.99416666662165,111.55539189641107,NLVO,ROUTE_SutterEdenMedicalCenter,0.4129426425546523,28.126666666666665,ROUTE_WashingtonHospitalHealthcareSystem,0.3533274778321161,10.928333333333335,ROUTE_SutterEdenMedicalCenter,0.4129426425546523,28.126666666666665,ROUTE_WashingtonHospitalHealthcareSystem,0.3533274778321161,10.928333333333335
37.787777777750954,-122.28194444439966,177.8178088102728,LVO,ROUTE_SutterEdenMedicalCenter,0.33856696501209316,25.728333333333335,ROUTE_AlamedaHospital,0.34139423678890457,9.781666666666666,ROUTE_SutterEdenMedicalCenter,0.33856696501209316,25.728333333333335,ROUTE_AlamedaHospital,0.34139423678890457,9.781666666666666
37.768333333306494,-121.94138888884383,187.6045811626052,LVO,ROUTE_SanRamonRegionalMedicalCenter,0.34027521049806836,6.281666666666666,ROUTE_SanRamonRegionalMedicalCenter,0.34027521049806836,6.281666666666666,ROUTE_JohnMuirMedicalCenterWalnutCreekCampus,0.33708297994375414,24.396666666666665,ROUTE_SanRamonRegionalMedicalCenter,0.34027521049806836,6.281666666666666
37.89916666663993,-122.4947222221776,204.8229283069358,LVO,ROUTE_MarinHealthMedicalCenter,0.3358130753178964,14.463333333333333,ROUTE_MarinHealthMedicalCenter,0.3358130753178964,14.463333333333333,ROUTE_UCSFMedicalCenter,0.32734294144,31.148333333333333,ROUTE_MarinHealthMedicalCenter,0.3358130753178964,14.463333333333333
38.095555555528975,-122.2233333332885,203.6323829588785,LVO,ROUTE_SutterSolanoMedicalCenter,0.33696928799689285,9.020000000000001,ROUTE_SutterSolanoMedicalCenter,0.33696928799689285,9.020000000000001,ROUTE_JohnMuirMedicalCenterWalnutCreekCampus,0.32734294144,27.45,ROUTE_SutterSolanoMedicalCenter,0.33696928799689285,9.020000000000001
37.75694444441759,-122.41222222217753,49.54784724926469,HEMORRHAGIC,ROUTE_CPMCDaviesCampusSutter,0.43225519565743714,7.278333333333333,ROUTE_ZuckerbergSanFranciscoGeneralHospital,0.4265287299304359,2.8666666666666667,ROUTE_CPMCDaviesCampusSutter,0.43225519565743714,7.278333333333333,ROUTE_ZuckerbergSanFranciscoGeneralHospital,0.4265287299304359,2.8666666666666667
37.93083333330662,-122.34999999995526,126.85136760445006,HEMORRHAGIC,ROUTE_CPMCDaviesCampusSutter,0.4083071782972907,33.125,ROUTE_KaiserFoundationHospitalRichmondCampus,0.3517281217458225,4.165,ROUTE_CPMCDaviesCampusSutter,0.4083071782972907,33.125,ROUTE_KaiserFoundationHospitalRichmondCampus,0.3517281217458225,4.165
38.33249999997361,-122.3155555555108,105.0425089996498,MIMIC,ROUTE_JohnMuirMedicalCenterWalnutCreekCampus,0.4093815212670332,50.215,ROUTE_ProvidenceQueenOfTheValleyMedicalCenter,0.3556726860354462,5.03,ROUTE_JohnMuirMedicalCenterWalnutCreekCampus,0.4093815212670332,50.215,ROUTE_ProvidenceQueenOfTheValleyMedicalCenter,0.3556726860354462,5.03
37.481388888861815,-122.22416666662183,258.4718467488576,HEMORRHAGIC,ROUTE_KaiserFoundationHospitalRedwoodCity,0.32734294144,4.585,ROUTE_KaiserFoundationHospitalRedwoodCity,0.32734294144,4.585,ROUTE_KaiserFoundationHospitalRedwoodCity,0.32734294144,4.585,ROUTE_KaiserFoundationHospitalRedwoodCity,0.32734294144,4.585
37.69277777775088,-122.48499999995538,212.99453639545217,LVO,ROUTE_AHMCSetonMedicalCenter,0.3358517028733026,6.068333333333333,ROUTE_AHMCSetonMedicalCenter,0.3358517028733026,6.068333333333333,ROUTE_CPMCDaviesCampusSutter,0.32734294144,17.94333333333333,ROUTE_AHMCSetonMedicalCenter,0.3358517028733026,6.068333333333333
37.71444444441756,-122.0338888888439,149.41916710051495,HEMORRHAGIC,ROUTE_SutterEdenMedicalCenter,0.40771375039031793,13.166666666666666,ROUTE_SutterEdenMedicalCenter,0.40771375039031793,13.166666666666666,ROUTE_SutterEdenMedicalCenter,0.40771375039031793,13.166666666666666,ROUTE_SutterEdenMedicalCenter,0.40771375039031793,13.166666666666666
38.02305555552892,-122.25277777773296,95.80760457002782,LVO,ROUTE_JohnMuirMedicalCenterWalnutCreekCampus,0.4161996741634492,29.715,ROUTE_ContraCostaRegionalMedicalCenter,0.32734294144,16.668333333333333,ROUTE_JohnMuirMedicalCenterWalnutCreekCampus,0.4161996741634492,29.715,ROUTE_SutterSolanoMedicalCenter,0.3550437413087122,17.581666666666667
37.46916666663959,-122.14833333328843,53.58468067148764,HEMORRHAGIC,ROUTE_KaiserFoundationHospitalRedwoodCity,0.4305894387925257,10.29,ROUTE_KaiserFoundationHospitalRedwoodCity,0.4305894387925257,10.29,ROUTE_KaiserFoundationHospitalRedwoodCity,0.4305894387925257,10.29,ROUTE_KaiserFoundationHospitalRedwoodCity,0.4305894387925257,10.29
37.6999999999731,-122.09249999995505,203.05172014937816,HEMORRHAGIC,ROUTE_SutterEdenMedicalCenter,0.338295194478391,2.038333333333333,ROUTE_SutterEdenMedicalCenter,0.338295194478391,2.038333333333333,ROUTE_SutterEdenMedicalCenter,0.338295194478391,2.038333333333333,ROUTE_SutterEdenMedicalCenter,0.338295194478391,2.038333333333333
37.632777777750825,-122.06222222217725,230.80743915979568,LVO,ROUTE_StRoseHospital,0.32734294144,6.975,ROUTE_StRoseHospital,0.32734294144,6.975,ROUTE_SutterEdenMedicalCenter,0.32734294144,17.721666666666668,ROUTE_KaiserFoundationHospitalSanLeandro,0.32734294144,16.028333333333332
37.8249999999732,-122.25277777773296,185.2558858479759,HEMORRHAGIC,ROUTE_SutterEdenMedicalCenter,0.33808542777104655,21.026666666666664,ROUTE_KaiserFoundationHospitalOaklandRichmond,0.34132793196089856,2.7150000000000003,ROUTE_SutterEdenMedicalCenter,0.33808542777104655,21.026666666666664,ROUTE_KaiserFoundationHospitalOaklandRichmond,0.34132793196089856,2.7150000000000003
37.823333333306536,-122.24305555551074,84.82390036396302,HEMORRHAGIC,ROUTE_SutterEdenMedicalCenter,0.4204396781716965,22.384999999999998,ROUTE_KaiserFoundationHospitalOaklandRichmond,0.3595943999678647,4.758333333333334,ROUTE_SutterEdenMedicalCenter,0.4204396781716965,22.384999999999998,ROUTE_KaiserFoundationHospitalOaklandRichmond,0.3595943999678647,4.758333333333334
37.755833333306484,-122.41194444439975,153.2631700302843,NLVO,ROUTE_CPMCDaviesCampusSutter,0.4081189638388266,7.54,ROUTE_ZuckerbergSanFranciscoGeneralHospital,0.34713148122235815,2.605,ROUTE_CPMCDaviesCampusSutter,0.4081189638388266,7.54,ROUTE_ZuckerbergSanFranciscoGeneralHospital,0.34713148122235815,2.605
38.30999999997359,-122.29194444439966,195.1673922511735,LVO,ROUTE_ProvidenceQueenOfTheValleyMedicalCenter,0.3392157516821144,4.7,ROUTE_ProvidenceQueenOfTheValleyMedicalCenter,0.3392157516821144,4.7,ROUTE_JohnMuirMedicalCenterWalnutCreekCampus,0.32734294144,50.91166666666666,ROUTE_ProvidenceQueenOfTheValleyMedicalCenter,0.3392157516821144,4.7
37.96555555552887,-122.2699999999552,198.08501970830858,HEMORRHAGIC,ROUTE_KaiserFoundationHospitalRichmondCampus,0.3359045883051136,20.675,ROUTE_KaiserFoundationHospitalRichmondCampus,0.3359045883051136,20.675,ROUTE_JohnMuirMedicalCenterWalnutCreekCampus,0.32734294144,32.335,ROUTE_KaiserFoundationHospitalRichmondCampus,0.3359045883051136,20.675
37.530833333306305,-122.02333333328833,236.69985397832693,LVO,ROUTE_WashingtonHospitalHealthcareSystem,0.32734294144,13.045,ROUTE_WashingtonHospitalHealthcareSystem,0.32734294144,13.045,ROUTE_SutterEdenMedicalCenter,0.32734294144,24.34333333333333,ROUTE_WashingtonHospitalHealthcareSystem,0.32734294144,13.045
37.95833333330664,-122.04722222217724,147.64242851281892,LVO,ROUTE_JohnMuirMedicalCenterWalnutCreekCampus,0.408529696302825,11.354999999999999,ROUTE_JohnMuirMedicalCenterConcordCampus,0.347028868394073,8.785,ROUTE_JohnMuirMedicalCenterWalnutCreekCampus,0.408529696302825,11.354999999999999,ROUTE_JohnMuirMedicalCenterConcordCampus,0.347028868394073,8.785
38.46472222219594,-121.82694444439929,171.1275985043991,LVO,ROUTE_KaiserFoundationHospitalVacaville,0.3417947420432801,14.229999999999999,ROUTE_KaiserFoundationHospitalVacaville,0.3417947420432801,14.229999999999999,ROUTE_JohnMuirMedicalCenterWalnutCreekCampus,0.32734294144,61.16,ROUTE_KaiserFoundationHospitalVacaville,0.3417947420432801,14.229999999999999
38.00833333330668,-121.896111111066,201.306424513345,HEMORRHAGIC,ROUTE_JohnMuirMedicalCenterConcordCampus,0.3364827649512713,14.133333333333333,ROUTE_SutterDeltaMedicalCenter,0.32734294144,11.658333333333333,ROUTE_JohnMuirMedicalCenterWalnutCreekCampus,0.3351269426978223,21.933333333333334,ROUTE_JohnMuirMedicalCenterConcordCampus,0.3364827649512713,14.133333333333333
37.998333333306675,-121.87499999995488,193.38715317326523,HEMORRHAGIC,ROUTE_JohnMuirMedicalCenterConcordCampus,0.33727431291414334,17.521666666666665,ROUTE_SutterDeltaMedicalCenter,0.32734294144,13.69,ROUTE_JohnMuirMedicalCenterWalnutCreekCampus,0.3361473327617458,23.976666666666667,ROUTE_JohnMuirMedicalCenterConcordCampus,0.33727431291414334,17.521666666666665
37.76111111108426,-122.44694444439979,110.52070334250001,HEMORRHAGIC,ROUTE_UCSFMedicalCenter,0.4189773619416495,2.99,ROUTE_UCSFMedicalCenter,0.4189773619416495,2.99,ROUTE_UCSFMedicalCenter,0.4189773619416495,2.99,ROUTE_UCSFMedicalCenter,0.4189773619416495,2.99
38.24111111108465,-122.07138888884393,58.62615805798753,LVO,ROUTE_JohnMuirMedicalCenterWalnutCreekCampus,0.422680365803905,38.95666666666667,ROUTE_NorthBayMedicalCenter,0.3636974402798384,9.854999999999999,ROUTE_JohnMuirMedicalCenterWalnutCreekCampus,0.422680365803905,38.95666666666667,ROUTE_NorthBayMedicalCenter,0.3636974402798384,9.854999999999999
37.672499999973084,-121.71972222217698,181.17919354338042,HEMORRHAGIC,ROUTE_StanfordHealthCareTriValley,0.338700586772552,21.608333333333334,ROUTE_StanfordHealthCareTriValley,0.338700586772552,21.608333333333334,ROUTE_SutterEdenMedicalCenter,0.33670149554293616,33.00666666666667,ROUTE_StanfordHealthCareTriValley,0.338700586772552,21.608333333333334
37.620277777750815,-122.03194444439946,46.275039516689375,HEMORRHAGIC,ROUTE_SutterEdenMedicalCenter,0.42920256829823955,23.48,ROUTE_StRoseHospital,0.4024065674345219,14.028333333333334,ROUTE_SutterEdenMedicalCenter,0.42920256829823955,23.48,ROUTE_WashingtonHospitalHealthcareSystem,0.36424943047639574,19.391666666666666
37.99666666664001,-121.8344444443993,172.00500885173835,MIMIC,ROUTE_JohnMuirMedicalCenterWalnutCreekCampus,0.33906603240329497,28.709999999999997,ROUTE_SutterDeltaMedicalCenter,0.32734294144,8.79,ROUTE_JohnMuirMedicalCenterWalnutCreekCampus,0.33906603240329497,28.709999999999997,ROUTE_KaiserFoundationHospitalAntioch,0.3415793525667374,14.558333333333334
37.79999999997318,-122.27694444439965,125.43220848323658,HEMORRHAGIC,ROUTE_SutterEdenMedicalCenter,0.41116826794080596,21.998333333333335,ROUTE_AltaBatesSummitMedicalCenterSummitCampus,0.3512363277628621,8.22,ROUTE_SutterEdenMedicalCenter,0.41116826794080596,21.998333333333335,ROUTE_AltaBatesSummitMedicalCenterSummitCampus,0.3512363277628621,8.22
38.00972222219557,-121.82972222217707,78.21061801633952,HEMORRHAGIC,ROUTE_JohnMuirMedicalCenterWalnutCreekCampus,0.420666351015594,28.023333333333333,ROUTE_SutterDeltaMedicalCenter,0.3361147579677762,10.42,ROUTE_JohnMuirMedicalCenterWalnutCreekCampus,0.420666351015594,28.023333333333333,ROUTE_KaiserFoundationHospitalAntioch,0.3587693757961053,15.655
37.394722222195085,-121.99083333328831,205.89021906623046,HEMORRHAGIC,ROUTE_KaiserFoundationHospitalSantaClara,0.3357321923028941,13.861666666666668,ROUTE_KaiserFoundationHospitalSantaClara,0.3357321923028941,13.861666666666668,ROUTE_KaiserFoundationHospitalSantaClara,0.3357321923028941,13.861666666666668,ROUTE_KaiserFoundationHospitalSantaClara,0.3357321923028941,13.861666666666668
38.31611111108471,-122.4833333332887,127.3465931194737,HEMORRHAGIC,ROUTE_JohnMuirMedicalCenterWalnutCreekCampus,0.3392221056131871,72.485,ROUTE_SonomaValleyHospital,0.35078917400114346,8.706666666666667,ROUTE_JohnMuirMedicalCenterWalnutCreekCampus,0.3392221056131871,72.485,ROUTE_SonomaValleyHospital,0.35078917400114346,8.706666666666667
37.553611111084095,-122.27944444439966,90.92494742827904,LVO,ROUTE_MillsPeninsulaMedicalCenterSutter,0.4211935177263161,13.041666666666666,ROUTE_SanMateoMedicalCenter,0.32734294144,8.076666666666666,ROUTE_MillsPeninsulaMedicalCenterSutter,0.4211935177263161,13.041666666666666,ROUTE_MillsPeninsulaMedicalCenterSutter,0.4211935177263161,13.041666666666666
38.14611111108457,-122.24611111106628,151.5830344544127,LVO,ROUTE_JohnMuirMedicalCenterWalnutCreekCampus,0.3417233946123977,34.17333333333333,ROUTE_SutterSolanoMedicalCenter,0.3471496986297091,4.185,ROUTE_JohnMuirMedicalCenterWalnutCreekCampus,0.3417233946123977,34.17333333333333,ROUTE_SutterSolanoMedicalCenter,0.3471496986297091,4.185
37.97583333330666,-122.51472222217761,42.73562456968048,HEMORRHAGIC,ROUTE_UCSFMedicalCenter,0.4265292240135506,38.391666666666666,ROUTE_MarinHealthMedicalCenter,0.36650491491986315,11.498333333333333,ROUTE_UCSFMedicalCenter,0.4265292240135506,38.391666666666666,ROUTE_MarinHealthMedicalCenter,0.36650491491986315,11.498333333333333
37.79749999997318,-122.21638888884405,119.15828936843194,LVO,ROUTE_SutterEdenMedicalCenter,0.4138102514423712,16.745,ROUTE_HighlandHospitalWilmaChanCampus,0.3532278809853218,3.855,ROUTE_SutterEdenMedicalCenter,0.4138102514423712,16.745,ROUTE_HighlandHospitalWilmaChanCampus,0.3532278809853218,3.855
37.90638888886216,-122.05472222217725,150.77677797549785,HEMORRHAGIC,ROUTE_JohnMuirMedicalCenterWalnutCreekCampus,0.40961860749856566,3.44,ROUTE_JohnMuirMedicalCenterWalnutCreekCampus,0.40961860749856566,3.44,ROUTE_JohnMuirMedicalCenterWalnutCreekCampus,0.40961860749856566,3.44,ROUTE_JohnMuirMedicalCenterWalnutCreekCampus,0.40961860749856566,3.44
37.71916666663979,-122.43694444439977,147.40313595837875,LVO,ROUTE_CPMCDaviesCampusSutter,0.40789630647585673,14.379999999999999,ROUTE_CPMCMissionBernalCampusSutter,0.3471965112357425,8.110000000000001,ROUTE_CPMCDaviesCampusSutter,0.40789630647585673,14.379999999999999,ROUTE_CPMCMissionBernalCampusSutter,0.3471965112357425,8.110000000000001
38.03499999997337,-122.58916666662212,119.86651811735537,HEMORRHAGIC,ROUTE_UCSFMedicalCenter,0.40628951241395206,48.99666666666667,ROUTE_KaiserFoundationHospitalSanRafael,0.3515866370775911,11.908333333333333,ROUTE_UCSFMedicalCenter,0.40628951241395206,48.99666666666667,ROUTE_KaiserFoundationHospitalSanRafael,0.3515866370775911,11.908333333333333
37.95194444441775,-122.32527777773302,235.23182213883052,LVO,ROUTE_KaiserFoundationHospitalRichmondCampus,0.32734294144,9.841666666666667,ROUTE_KaiserFoundationHospitalRichmondCampus,0.32734294144,9.841666666666667,ROUTE_CPMCDaviesCampusSutter,0.32734294144,33.13666666666667,ROUTE_KaiserFoundationHospitalRichmondCampus,0.32734294144,9.841666666666667
37.79166666663984,-122.20527777773293,230.97873603048808,MIMIC,ROUTE_HighlandHospitalWilmaChanCampus,0.32734294144,4.556666666666667,ROUTE_HighlandHospitalWilmaChanCampus,0.32734294144,4.556666666666667,ROUTE_SutterEdenMedicalCenter,0.32734294144,17.375,ROUTE_HighlandHospitalWilmaChanCampus,0.32734294144,4.556666666666667
37.50472222219517,-122.29888888884412,216.59660017940104,HEMORRHAGIC,ROUTE_SanMateoMedicalCenter,0.32734294144,10.638333333333332,ROUTE_SanMateoMedicalCenter,0.32734294144,10.638333333333332,ROUTE_KaiserFoundationHospitalRedwoodCity,0.32734294144,20.933333333333334,ROUTE_SequoiaHospital,0.32734294144,16.595000000000002
37.98833333330667,-122.32249999995524,197.20507134984987,LVO,ROUTE_KaiserFoundationHospitalRichmondCampus,0.33781376322203827,10.625,ROUTE_KaiserFoundationHospitalRichmondCampus,0.33781376322203827,10.625,ROUTE_JohnMuirMedicalCenterWalnutCreekCampus,0.32734294144,31.311666666666667,ROUTE_KaiserFoundationHospitalRichmondCampus,0.33781376322203827,10.625
37.99777777775112,-121.71888888884365,80.66973291517394,LVO,ROUTE_JohnMuirMedicalCenterWalnutCreekCampus,0.4179463240715687,37.29333333333333,ROUTE_KaiserFoundationHospitalAntioch,0.35829151766595424,15.683333333333334,ROUTE_JohnMuirMedicalCenterWalnutCreekCampus,0.4179463240715687,37.29333333333333,ROUTE_KaiserFoundationHospitalAntioch,0.35829151766595424,15.683333333333334
37.77277777775094,-122.25083333328851,45.73531642931179,LVO,ROUTE_SutterEdenMedicalCenter,0.4300414619124494,20.461666666666666,ROUTE_AlamedaHospital,0.42635020429029497,4.013333333333334,ROUTE_SutterEdenMedicalCenter,0.4300414619124494,20.461666666666666,ROUTE_AlamedaHospital,0.42635020429029497,4.013333333333334
37.551666666639655,-122.30249999995523,102.71406492546402,LVO,ROUTE_KaiserFoundationHospitalRedwoodCity,0.4186907230147398,12.033333333333333,ROUTE_SanMateoMedicalCenter,0.32734294144,7.723333333333333,ROUTE_KaiserFoundationHospitalRedwoodCity,0.4186907230147398,12.033333333333333,ROUTE_KaiserFoundationHospitalRedwoodCity,0.4186907230147398,12.033333333333333
37.721111111084234,-122.46666666662202,75.16340890953735,LVO,ROUTE_UCSFMedicalCenter,0.4251184489785075,11.983333333333333,ROUTE_AHMCSetonMedicalCenter,0.36067353173698735,8.836666666666668,ROUTE_UCSFMedicalCenter,0.4251184489785075,11.983333333333333,ROUTE_AHMCSetonMedicalCenter,0.36067353173698735,8.836666666666668
37.80138888886207,-122.2208333332885,268.80353798724013,LVO,ROUTE_HighlandHospitalWilmaChanCampus,0.32734294144,2.8766666666666665,ROUTE_HighlandHospitalWilmaChanCampus,0.32734294144,2.8766666666666665,ROUTE_SutterEdenMedicalCenter,0.32734294144,18.83833333333333,ROUTE_HighlandHospitalWilmaChanCampus,0.32734294144,2.8766666666666665
37.87638888886213,-122.27333333328853,165.19919921472663,LVO,ROUTE_JohnMuirMedicalCenterWalnutCreekCampus,0.3397591899664374,31.596666666666668,ROUTE_AltaBatesSummitMedicalCenterAltaBatesCampus,0.32734294144,9.3,ROUTE_JohnMuirMedicalCenterWalnutCreekCampus,0.3397591899664374,31.596666666666668,ROUTE_KaiserFoundationHospitalOaklandRichmond,0.34276064848644866,14.768333333333334
37.90222222219549,-122.29333333328856,84.19023656806739,LVO,ROUTE_CPMCDaviesCampusSutter,0.4185727027094494,31.066666666666666,ROUTE_KaiserFoundationHospitalRichmondCampus,0.3581323234988636,12.993333333333334,ROUTE_CPMCDaviesCampusSutter,0.4185727027094494,31.066666666666666,ROUTE_KaiserFoundationHospitalRichmondCampus,0.3581323234988636,12.993333333333334
37.5888888888619,-122.49333333328872,45.26657015942051,HEMORRHAGIC,ROUTE_MillsPeninsulaMedicalCenterSutter,0.42889548953232837,25.793333333333333,ROUTE_AHMCSetonMedicalCenter,0.42354438068243855,18.128333333333334,ROUTE_MillsPeninsulaMedicalCenterSutter,0.42889548953232837,25.793333333333333,ROUTE_AHMCSetonMedicalCenter,0.42354438068243855,18.128333333333334
37.41388888886176,-122.10749999995507,79.00857981447959,LVO,ROUTE_ElCaminoHealthMountainView,0.42346422211500767,15.215,ROUTE_ElCaminoHealthMountainView,0.42346422211500767,15.215,ROUTE_ElCaminoHealthMountainView,0.42346422211500767,15.215,ROUTE_ElCaminoHealthMountainView,0.42346422211500767,15.215
38.28638888886246,-122.00749999995499,133.11387320226936,HEMORRHAGIC,ROUTE_JohnMuirMedicalCenterWalnutCreekCampus,0.3427264973516596,47.04333333333333,ROUTE_NorthBayMedicalCenter,0.3488805550333556,13.24,ROUTE_JohnMuirMedicalCenterWalnutCreekCampus,0.3427264973516596,47.04333333333333,ROUTE_NorthBayMedicalCenter,0.3488805550333556,13.24
37.693333333306434,-122.1752777777329,75.91132504132688,LVO,ROUTE_SutterEdenMedicalCenter,0.4240546366227841,15.783333333333333,ROUTE_KaiserFoundationHospitalSanLeandro,0.36114400401283425,5.661666666666666,ROUTE_SutterEdenMedicalCenter,0.4240546366227841,15.783333333333333,ROUTE_KaiserFoundationHospitalSanLeandro,0.36114400401283425,5.661666666666666
38.33361111108472,-122.25666666662185,49.05108588072069,HEMORRHAGIC,ROUTE_JohnMuirMedicalCenterWalnutCreekCampus,0.42032866673864144,58.635,ROUTE_ProvidenceQueenOfTheValleyMedicalCenter,0.365678519232794,9.360000000000001,ROUTE_JohnMuirMedicalCenterWalnutCreekCampus,0.42032866673864144,58.635,ROUTE_ProvidenceQueenOfTheValleyMedicalCenter,0.365678519232794,9.360000000000001
37.38722222219508,-122.03055555551056,118.25868296781312,HEMORRHAGIC,ROUTE_ElCaminoHealthMountainView,0.4145613241406979,14.376666666666667,ROUTE_ElCaminoHealthMountainView,0.4145613241406979,14.376666666666667,ROUTE_ElCaminoHealthMountainView,0.4145613241406979,14.376666666666667,ROUTE_ElCaminoHealthMountainView,0.4145613241406979,14.376666666666667
37.378611111083956,-122.10805555551063,264.8559786090184,HEMORRHAGIC,ROUTE_ElCaminoHealthMountainView,0.32734294144,10.34,ROUTE_ElCaminoHealthMountainView,0.32734294144,10.34,ROUTE_ElCaminoHealthMountainView,0.32734294144,10.34,ROUTE_ElCaminoHealthMountainView,0.32734294144,10.34
37.687777777750874,-122.49111111106649,200.70571033478217,LVO,ROUTE_AHMCSetonMedicalCenter,0.3377721807626278,7.361666666666666,ROUTE_AHMCSetonMedicalCenter,0.3377721807626278,7.361666666666666,ROUTE_MillsPeninsulaMedicalCenterSutter,0.33554201136111583,20.141666666666666,ROUTE_AHMCSetonMedicalCenter,0.3377721807626278,7.361666666666666
37.99111111108445,-122.3444444443997,91.57644306551205,HEMORRHAGIC,ROUTE_JohnMuirMedicalCenterWalnutCreekCampus,0.4157482871869125,35.90333333333333,ROUTE_KaiserFoundationHospitalRichmondCampus,0.3569711648488605,11.676666666666668,ROUTE_JohnMuirMedicalCenterWalnutCreekCampus,0.4157482871869125,35.90333333333333,ROUTE_KaiserFoundationHospitalRichmondCampus,0.3569711648488605,11.676666666666668
37.74361111108425,-122.46527777773314,158.1454726649422,HEMORRHAGIC,ROUTE_UCSFMedicalCenter,0.4072579213907244,6.448333333333333,ROUTE_UCSFMedicalCenter,0.4072579213907244,6.448333333333333,ROUTE_UCSFMedicalCenter,0.4072579213907244,6.448333333333333,ROUTE_UCSFMedicalCenter,0.4072579213907244,6.448333333333333
37.60888888886192,-121.89666666662157,34.621992255999984,HEMORRHAGIC,ROUTE_RegionalMedicalCenterOfSanJose,0.4307154326402584,28.71833333333333,ROUTE_StanfordHealthCareTriValley,0.42499117704102074,21.683333333333334,ROUTE_RegionalMedicalCenterOfSanJose,0.4307154326402584,28.71833333333333,ROUTE_StanfordHealthCareTriValley,0.42499117704102074,21.683333333333334
37.536388888861865,-122.2447222221774,168.21444048847567,NLVO,ROUTE_KaiserFoundationHospitalRedwoodCity,0.34197021314630643,16.16166666666667,ROUTE_SanMateoMedicalCenter,0.32734294144,14.25,ROUTE_KaiserFoundationHospitalRedwoodCity,0.34197021314630643,16.16166666666667,ROUTE_KaiserFoundationHospitalRedwoodCity,0.34197021314630643,16.16166666666667
37.87944444441769,-122.10638888884395,37.971734912095414,HEMORRHAGIC,ROUTE_JohnMuirMedicalCenterWalnutCreekCampus,0.4323376568380766,18.506666666666668,ROUTE_KaiserFoundationHospitalWalnutCreek,0.42622470324574946,16.235,ROUTE_JohnMuirMedicalCenterWalnutCreekCampus,0.4323376568380766,18.506666666666668,ROUTE_KaiserFoundationHospitalWalnutCreek,0.42622470324574946,16.235
37.46305555552847,-121.90944444439936,101.83118894300273,HEMORRHAGIC,ROUTE_RegionalMedicalCenterOfSanJose,0.4187474923273741,12.671666666666665,ROUTE_RegionalMedicalCenterOfSanJose,0.4187474923273741,12.671666666666665,ROUTE_RegionalMedicalCenterOfSanJose,0.4187474923273741,12.671666666666665,ROUTE_RegionalMedicalCenterOfSanJose,0.4187474923273741,12.671666666666665
37.49444444441738,-122.45638888884423,125.09103816843755,LVO,ROUTE_MillsPeninsulaMedicalCenterSutter,0.4088723123371034,32.401666666666664,ROUTE_SanMateoMedicalCenter,0.32734294144,32.19166666666667,ROUTE_MillsPeninsulaMedicalCenterSutter,0.4088723123371034,32.401666666666664,ROUTE_MillsPeninsulaMedicalCenterSutter,0.4088723123371034,32.401666666666664
37.80194444441763,-122.41027777773309,264.0726241210467,LVO,ROUTE_ChineseHospital,0.32734294144,3.558333333333333,ROUTE_ChineseHospital,0.32734294144,3.558333333333333,ROUTE_CPMCDaviesCampusSutter,0.32734294144,12.618333333333334,ROUTE_ChineseHospital,0.32734294144,3.558333333333333
37.774722222195386,-122.46638888884425,51.71737883473027,LVO,ROUTE_UCSFMedicalCenter,0.4318360695658594,6.88,ROUTE_UCSFHealthStanyanHospital,0.4261133997065222,3.945,ROUTE_UCSFMedicalCenter,0.4318360695658594,6.88,ROUTE_UCSFHealthStanyanHospital,0.4261133997065222,3.945
37.984444444417775,-121.82972222217707,259.0238392636602,LVO,ROUTE_SutterDeltaMedicalCenter,0.32734294144,5.678333333333333,ROUTE_SutterDeltaMedicalCenter,0.32734294144,5.678333333333333,ROUTE_JohnMuirMedicalCenterWalnutCreekCampus,0.32734294144,30.945,ROUTE_KaiserFoundationHospitalAntioch,0.32734294144,11.366666666666667
37.78277777775095,-122.41333333328865,91.32674304320963,HEMORRHAGIC,ROUTE_CPMCDaviesCampusSutter,0.4222496484764193,8.103333333333333,ROUTE_UCSFHealthHydeHospital,0.35874041752847413,2.69,ROUTE_CPMCDaviesCampusSutter,0.4222496484764193,8.103333333333333,ROUTE_UCSFHealthHydeHospital,0.35874041752847413,2.69
37.70694444441755,-122.46555555551092,197.21454669700208,HEMORRHAGIC,ROUTE_AHMCSetonMedicalCenter,0.3383282371490728,7.6883333333333335,ROUTE_AHMCSetonMedicalCenter,0.3383282371490728,7.6883333333333335,ROUTE_CPMCDaviesCampusSutter,0.33703705659100575,15.05,ROUTE_AHMCSetonMedicalCenter,0.3383282371490728,7.6883333333333335
37.92972222219551,-122.0680555555106,66.70920272436565,LVO,ROUTE_JohnMuirMedicalCenterWalnutCreekCampus,0.42760295648241375,9.845,ROUTE_KaiserFoundationHospitalWalnutCreek,0.4209975357824626,9.648333333333333,ROUTE_JohnMuirMedicalCenterWalnutCreekCampus,0.42760295648241375,9.845,ROUTE_KaiserFoundationHospitalWalnutCreek,0.4209975357824626,9.648333333333333
38.11111111108454,-122.25249999995519,213.8427557313186,LVO,ROUTE_KaiserFoundationHospitalVallejo,0.3359143139100116,4.86,ROUTE_KaiserFoundationHospitalVallejo,0.3359143139100116,4.86,ROUTE_JohnMuirMedicalCenterWalnutCreekCampus,0.32734294144,30.113333333333333,ROUTE_KaiserFoundationHospitalVallejo,0.3359143139100116,4.86
37.95583333330664,-122.54222222217764,233.3146564720641,HEMORRHAGIC,ROUTE_MarinHealthMedicalCenter,0.32734294144,4.091666666666667,ROUTE_MarinHealthMedicalCenter,0.32734294144,4.091666666666667,ROUTE_UCSFMedicalCenter,0.32734294144,36.718333333333334,ROUTE_MarinHealthMedicalCenter,0.32734294144,4.091666666666667
38.339444444418056,-122.51027777773317,89.4600376604307,NLVO,ROUTE_JohnMuirMedicalCenterWalnutCreekCampus,0.4075235708702361,73.96333333333334,ROUTE_SonomaValleyHospital,0.35687419693779804,14.3,ROUTE_JohnMuirMedicalCenterWalnutCreekCampus,0.4075235708702361,73.96333333333334,ROUTE_SonomaValleyHospital,0.35687419693779804,14.3
37.71999999997312,-122.45805555551091,182.09119452297264,LVO,ROUTE_UCSFMedicalCenter,0.3400605884384649,13.003333333333334,ROUTE_CPMCMissionBernalCampusSutter,0.3408253338468555,8.7,ROUTE_UCSFMedicalCenter,0.3400605884384649,13.003333333333334,ROUTE_CPMCMissionBernalCampusSutter,0.3408253338468555,8.7
38.013611111084465,-122.28166666662187,100.09561833015007,LVO,ROUTE_JohnMuirMedicalCenterWalnutCreekCampus,0.4151433768939468,30.009999999999998,ROUTE_ContraCostaRegionalMedicalCenter,0.32734294144,16.96333333333333,ROUTE_JohnMuirMedicalCenterWalnutCreekCampus,0.4151433768939468,30.009999999999998,ROUTE_KaiserFoundationHospitalRichmondCampus,0.35415726825402827,17.983333333333334
37.53249999997297,-121.96277777773273,182.06431070558358,HEMORRHAGIC,ROUTE_RegionalMedicalCenterOfSanJose,0.3385770038670681,21.425,ROUTE_KaiserFoundationHospitalFremont,0.3411864496428013,6.7,ROUTE_RegionalMedicalCenterOfSanJose,0.3385770038670681,21.425,ROUTE_KaiserFoundationHospitalFremont,0.3411864496428013,6.7
37.46222222219514,-122.1599999999551,35.99576564229303,HEMORRHAGIC,ROUTE_KaiserFoundationHospitalRedwoodCity,0.43459671976640984,10.953333333333335,ROUTE_KaiserFoundationHospitalRedwoodCity,0.43459671976640984,10.953333333333335,ROUTE_KaiserFoundationHospitalRedwoodCity,0.43459671976640984,10.953333333333335,ROUTE_KaiserFoundationHospitalRedwoodCity,0.43459671976640984,10.953333333333335
37.663333333306404,-122.10388888884395,209.24859303940045,HEMORRHAGIC,ROUTE_KaiserFoundationHospitalSanLeandro,0.3355621096164665,11.481666666666666,ROUTE_StRoseHospital,0.32734294144,8.328333333333333,ROUTE_SutterEdenMedicalCenter,0.3352683993444452,13.175,ROUTE_KaiserFoundationHospitalSanLeandro,0.3355621096164665,11.481666666666666
37.783055555528726,-122.48555555551093,105.09302035043346,NLVO,ROUTE_UCSFMedicalCenter,0.41857811854359167,10.139999999999999,ROUTE_KaiserFoundationHospitalSanFrancisco,0.35498009844001355,8.631666666666666,ROUTE_UCSFMedicalCenter,0.41857811854359167,10.139999999999999,ROUTE_KaiserFoundationHospitalSanFrancisco,0.35498009844001355,8.631666666666666
37.93472222219551,-121.74916666662145,193.74195197918553,HEMORRHAGIC,ROUTE_KaiserFoundationHospitalAntioch,0.3383578694882355,10.991666666666667,ROUTE_KaiserFoundationHospitalAntioch,0.3383578694882355,10.991666666666667,ROUTE_JohnMuirMedicalCenterWalnutCreekCampus,0.32734294144,40.57,ROUTE_KaiserFoundationHospitalAntioch,0.3383578694882355,10.991666666666667
38.13277777775123,-122.24277777773295,256.3590581647296,LVO,ROUTE_SutterSolanoMedicalCenter,0.32734294144,2.4166666666666665,ROUTE_SutterSolanoMedicalCenter,0.32734294144,2.4166666666666665,ROUTE_JohnMuirMedicalCenterWalnutCreekCampus,0.32734294144,32.29333333333333,ROUTE_SutterSolanoMedicalCenter,0.32734294144,2.4166666666666665
37.49305555552849,-121.9291666666216,113.6790807007759,LVO,ROUTE_RegionalMedicalCenterOfSanJose,0.41517873186588633,16.273333333333333,ROUTE_KaiserFoundationHospitalFremont,0.3520216282361138,15.766666666666667,ROUTE_RegionalMedicalCenterOfSanJose,0.41517873186588633,16.273333333333333,ROUTE_KaiserFoundationHospitalFremont,0.3520216282361138,15.766666666666667
37.775277777750944,-121.77722222217703,47.11863980251291,LVO,ROUTE_SutterEdenMedicalCenter,0.4271427368110384,31.395,ROUTE_StanfordHealthCareTriValley,0.4224368096491052,19.996666666666666,ROUTE_SutterEdenMedicalCenter,0.4271427368110384,31.395,ROUTE_StanfordHealthCareTriValley,0.4224368096491052,19.996666666666666
37.721944444417566,-122.16888888884401,96.48293994995647,HEMORRHAGIC,ROUTE_SutterEdenMedicalCenter,0.41998775315524667,12.671666666666665,ROUTE_SanLeandroHospitalAlamedaHealthSystem,0.32734294144,6.78,ROUTE_SutterEdenMedicalCenter,0.41998775315524667,12.671666666666665,ROUTE_KaiserFoundationHospitalSanLeandro,0.3569660752673871,6.796666666666667
37.78833333330651,-122.44999999995534,232.1559046570235,LVO,ROUTE_KaiserFoundationHospitalSanFrancisco,0.32734294144,3.2483333333333335,ROUTE_KaiserFoundationHospitalSanFrancisco,0.32734294144,3.2483333333333335,ROUTE_CPMCDaviesCampusSutter,0.32734294144,8.203333333333333,ROUTE_KaiserFoundationHospitalSanFrancisco,0.32734294144,3.2483333333333335
37.9424999999733,-122.34972222217749,253.652789445036,NLVO,ROUTE_KaiserFoundationHospitalRichmondCampus,0.32734294144,4.136666666666667,ROUTE_KaiserFoundationHospitalRichmondCampus,0.32734294144,4.136666666666667,ROUTE_CPMCDaviesCampusSutter,0.32734294144,34.60166666666667,ROUTE_KaiserFoundationHospitalRichmondCampus,0.32734294144,4.136666666666667
37.783055555528726,-122.19111111106625,209.71968151415498,HEMORRHAGIC,ROUTE_HighlandHospitalWilmaChanCampus,0.3362867034808276,6.845,ROUTE_HighlandHospitalWilmaChanCampus,0.3362867034808276,6.845,ROUTE_SutterEdenMedicalCenter,0.32734294144,17.791666666666668,ROUTE_HighlandHospitalWilmaChanCampus,0.3362867034808276,6.845
38.006666666640015,-122.24805555551073,169.5828655251914,HEMORRHAGIC,ROUTE_JohnMuirMedicalCenterWalnutCreekCampus,0.3387955383311289,32.666666666666664,ROUTE_ContraCostaRegionalMedicalCenter,0.32734294144,19.62,ROUTE_JohnMuirMedicalCenterWalnutCreekCampus,0.3387955383311289,32.666666666666664,ROUTE_KaiserFoundationHospitalRichmondCampus,0.34045704193996185,23.279999999999998
37.763611111084266,-122.46777777773313,257.7942353316661,MIMIC,ROUTE_UCSFMedicalCenter,0.32734294144,2.7616666666666663,ROUTE_UCSFMedicalCenter,0.32734294144,2.7616666666666663,ROUTE_UCSFMedicalCenter,0.32734294144,2.7616666666666663,ROUTE_UCSFMedicalCenter,0.32734294144,2.7616666666666663
37.693888888861984,-122.15916666662177,186.59390897017266,HEMORRHAGIC,ROUTE_SutterEdenMedicalCenter,0.33954315204106256,11.421666666666665,ROUTE_KaiserFoundationHospitalSanLeandro,0.3407828173936254,4.4366666666666665,ROUTE_SutterEdenMedicalCenter,0.33954315204106256,11.421666666666665,ROUTE_KaiserFoundationHospitalSanLeandro,0.3407828173936254,4.4366666666666665
37.58249999997301,-122.36833333328862,74.88793966186398,HEMORRHAGIC,ROUTE_MillsPeninsulaMedicalCenterSutter,0.42687791026891175,4.753333333333333,ROUTE_MillsPeninsulaMedicalCenterSutter,0.42687791026891175,4.753333333333333,ROUTE_MillsPeninsulaMedicalCenterSutter,0.42687791026891175,4.753333333333333,ROUTE_MillsPeninsulaMedicalCenterSutter,0.42687791026891175,4.753333333333333
37.4866666666396,-121.92638888884382,241.23532778844202,LVO,ROUTE_KaiserFoundationHospitalFremont,0.32734294144,15.57,ROUTE_KaiserFoundationHospitalFremont,0.32734294144,15.57,ROUTE_RegionalMedicalCenterOfSanJose,0.32734294144,16.191666666666666,ROUTE_KaiserFoundationHospitalFremont,0.32734294144,15.57
38.10472222219565,-122.64305555551105,136.81968033508952,HEMORRHAGIC,ROUTE_UCSFMedicalCenter,0.33810704915383094,69.33999999999999,ROUTE_NovatoCommunityHospitalSutter,0.3454808524147776,28.09333333333333,ROUTE_UCSFMedicalCenter,0.33810704915383094,69.33999999999999,ROUTE_NovatoCommunityHospitalSutter,0.3454808524147776,28.09333333333333
37.760833333306486,-122.49305555551094,145.87696393246736,NLVO,ROUTE_UCSFMedicalCenter,0.40992907945232643,6.9783333333333335,ROUTE_UCSFMedicalCenter,0.40992907945232643,6.9783333333333335,ROUTE_UCSFMedicalCenter,0.40992907945232643,6.9783333333333335,ROUTE_UCSFMedicalCenter,0.40992907945232643,6.9783333333333335
37.72361111108423,-122.17249999995512,180.9504408781248,LVO,ROUTE_SutterEdenMedicalCenter,0.3401881678884171,13.426666666666668,ROUTE_KaiserFoundationHospitalSanLeandro,0.34123347239374086,7.55,ROUTE_SutterEdenMedicalCenter,0.3401881678884171,13.426666666666668,ROUTE_KaiserFoundationHospitalSanLeandro,0.34123347239374086,7.55
37.725833333306454,-122.47888888884425,79.88849671526381,LVO,ROUTE_UCSFMedicalCenter,0.4240827577355582,11.686666666666667,ROUTE_AHMCSetonMedicalCenter,0.35966441219610273,9.33,ROUTE_UCSFMedicalCenter,0.4240827577355582,11.686666666666667,ROUTE_AHMCSetonMedicalCenter,0.35966441219610273,9.33
38.08749999997341,-122.51944444439984,74.48102373949243,MIMIC,ROUTE_UCSFMedicalCenter,0.4158203821963196,52.68666666666666,ROUTE_NovatoCommunityHospitalSutter,0.3597142570675178,14.479999999999999,ROUTE_UCSFMedicalCenter,0.4158203821963196,52.68666666666666,ROUTE_NovatoCommunityHospitalSutter,0.3597142570675178,14.479999999999999
37.641111111084165,-122.05749999995503,262.05545706982116,MIMIC,ROUTE_StRoseHospital,0.32734294144,10.205,ROUTE_StRoseHospital,0.32734294144,10.205,ROUTE_SutterEdenMedicalCenter,0.32734294144,17.555,ROUTE_SutterEdenMedicalCenter,0.32734294144,17.555
38.338055555529166,-122.30833333328856,159.74525641228408,LVO,ROUTE_ProvidenceQueenOfTheValleyMedicalCenter,0.3454912927875094,5.111666666666666,ROUTE_ProvidenceQueenOfTheValleyMedicalCenter,0.3454912927875094,5.111666666666666,ROUTE_JohnMuirMedicalCenterWalnutCreekCampus,0.33709647358467804,52.18,ROUTE_ProvidenceQueenOfTheValleyMedicalCenter,0.3454912927875094,5.111666666666666
37.95916666663998,-121.73638888884366,97.3814500502585,LVO,ROUTE_JohnMuirMedicalCenterWalnutCreekCampus,0.4148072161856535,34.184999999999995,ROUTE_KaiserFoundationHospitalAntioch,0.35623935093211634,9.71,ROUTE_JohnMuirMedicalCenterWalnutCreekCampus,0.4148072161856535,34.184999999999995,ROUTE_KaiserFoundationHospitalAntioch,0.35623935093211634,9.71
37.765555555528714,-122.43611111106644,138.92424346545423,HEMORRHAGIC,ROUTE_CPMCDaviesCampusSutter,0.4126600438555228,1.99,ROUTE_CPMCDaviesCampusSutter,0.4126600438555228,1.99,ROUTE_CPMCDaviesCampusSutter,0.4126600438555228,1.99,ROUTE_CPMCDaviesCampusSutter,0.4126600438555228,1.99
37.69416666663977,-121.78555555551037,91.80755687969986,MIMIC,ROUTE_SutterEdenMedicalCenter,0.41836255287893653,24.35666666666667,ROUTE_StanfordHealthCareTriValley,0.3566822505594183,12.958333333333334,ROUTE_SutterEdenMedicalCenter,0.41836255287893653,24.35666666666667,ROUTE_StanfordHealthCareTriValley,0.3566822505594183,12.958333333333334
37.741111111084244,-122.42611111106643,108.41724169159293,LVO,ROUTE_CPMCDaviesCampusSutter,0.41818838460190444,8.5,ROUTE_CPMCMissionBernalCampusSutter,0.3555071859783381,2.5266666666666664,ROUTE_CPMCDaviesCampusSutter,0.41818838460190444,8.5,ROUTE_CPMCMissionBernalCampusSutter,0.3555071859783381,2.5266666666666664
37.96749999997332,-121.74527777773255,139.6234234901404,LVO,ROUTE_JohnMuirMedicalCenterWalnutCreekCampus,0.4045967463466096,36.723333333333336,ROUTE_KaiserFoundationHospitalAntioch,0.3483984468568364,9.345,ROUTE_JohnMuirMedicalCenterWalnutCreekCampus,0.4045967463466096,36.723333333333336,ROUTE_KaiserFoundationHospitalAntioch,0.3483984468568364,9.345
37.700833333306434,-122.45638888884423,217.32572216533464,HEMORRHAGIC,ROUTE_CPMCMissionBernalCampusSutter,0.32734294144,8.536666666666667,ROUTE_CPMCMissionBernalCampusSutter,0.32734294144,8.536666666666667,ROUTE_CPMCDaviesCampusSutter,0.32734294144,14.806666666666667,ROUTE_CPMCMissionBernalCampusSutter,0.32734294144,8.536666666666667
38.26583333330689,-122.02222222217722,167.20131487207306,LVO,ROUTE_NorthBayMedicalCenter,0.3438583078478598,6.668333333333334,ROUTE_NorthBayMedicalCenter,0.3438583078478598,6.668333333333334,ROUTE_JohnMuirMedicalCenterWalnutCreekCampus,0.33720503930835055,44.10333333333333,ROUTE_NorthBayMedicalCenter,0.3438583078478598,6.668333333333334
37.790555555528734,-121.96388888884384,41.77554098018652,LVO,ROUTE_JohnMuirMedicalCenterWalnutCreekCampus,0.4305263682445653,22.366666666666667,ROUTE_SanRamonRegionalMedicalCenter,0.4266996880323237,6.703333333333333,ROUTE_JohnMuirMedicalCenterWalnutCreekCampus,0.4305263682445653,22.366666666666667,ROUTE_SanRamonRegionalMedicalCenter,0.4266996880323237,6.703333333333333
37.66111111108418,-121.77527777773258,165.2704258165424,LVO,ROUTE_SutterEdenMedicalCenter,0.3398274092352546,31.14,ROUTE_StanfordHealthCareTriValley,0.34185634811308774,19.743333333333332,ROUTE_SutterEdenMedicalCenter,0.3398274092352546,31.14,ROUTE_StanfordHealthCareTriValley,0.34185634811308774,19.743333333333332
37.57472222219523,-122.05166666662168,230.00614841219343,LVO,ROUTE_StRoseHospital,0.32734294144,11.08,ROUTE_StRoseHospital,0.32734294144,11.08,ROUTE_SutterEdenMedicalCenter,0.32734294144,20.241666666666667,ROUTE_WashingtonHospitalHealthcareSystem,0.32734294144,16.548333333333332
37.926111111084396,-122.3419444443997,64.14805126220368,LVO,ROUTE_CPMCDaviesCampusSutter,0.42311912675260027,31.553333333333335,ROUTE_KaiserFoundationHospitalRichmondCampus,0.36320449414161177,6.85,ROUTE_CPMCDaviesCampusSutter,0.42311912675260027,31.553333333333335,ROUTE_KaiserFoundationHospitalRichmondCampus,0.36320449414161177,6.85
37.421666666639545,-122.15916666662177,139.92391810282584,LVO,ROUTE_StanfordHealthCare,0.4114242873207769,6.386666666666667,ROUTE_StanfordHealthCare,0.4114242873207769,6.386666666666667,ROUTE_StanfordHealthCare,0.4114242873207769,6.386666666666667,ROUTE_StanfordHealthCare,0.4114242873207769,6.386666666666667
37.685555555528644,-121.8822222221771,148.05445497241163,HEMORRHAGIC,ROUTE_SutterEdenMedicalCenter,0.4057338363397375,23.263333333333332,ROUTE_StanfordHealthCareTriValley,0.3475663108836237,5.441666666666666,ROUTE_SutterEdenMedicalCenter,0.4057338363397375,23.263333333333332,ROUTE_StanfordHealthCareTriValley,0.3475663108836237,5.441666666666666
37.98277777775111,-122.00277777773276,265.7504303111002,LVO,ROUTE_JohnMuirMedicalCenterConcordCampus,0.32734294144,8.151666666666667,ROUTE_JohnMuirMedicalCenterConcordCampus,0.32734294144,8.151666666666667,ROUTE_JohnMuirMedicalCenterWalnutCreekCampus,0.32734294144,18.31833333333333,ROUTE_JohnMuirMedicalCenterConcordCampus,0.32734294144,8.151666666666667
38.43583333330702,-121.82722222217707,246.11931137176137,LVO,ROUTE_KaiserFoundationHospitalVacaville,0.32734294144,16.598333333333333,ROUTE_KaiserFoundationHospitalVacaville,0.32734294144,16.598333333333333,ROUTE_JohnMuirMedicalCenterWalnutCreekCampus,0.32734294144,63.52833333333333,ROUTE_KaiserFoundationHospitalVacaville,0.32734294144,16.598333333333333
37.77999999997317,-121.89666666662157,67.4662886485806,LVO,ROUTE_SutterEdenMedicalCenter,0.42289902318227335,29.178333333333335,ROUTE_SanRamonRegionalMedicalCenter,0.36141679855722714,12.701666666666666,ROUTE_SutterEdenMedicalCenter,0.42289902318227335,29.178333333333335,ROUTE_SanRamonRegionalMedicalCenter,0.36141679855722714,12.701666666666666
37.50111111108406,-122.27777777773298,175.05694496583843,LVO,ROUTE_KaiserFoundationHospitalRedwoodCity,0.34104900203752314,14.478333333333333,ROUTE_SequoiaHospital,0.34206981713566437,8.763333333333332,ROUTE_KaiserFoundationHospitalRedwoodCity,0.34104900203752314,14.478333333333333,ROUTE_SequoiaHospital,0.34206981713566437,8.763333333333332
38.266388888862444,-122.034999999955,95.31090388474288,HEMORRHAGIC,ROUTE_JohnMuirMedicalCenterWalnutCreekCampus,0.4132086618939202,43.211666666666666,ROUTE_NorthBayMedicalCenter,0.35750252494178464,5.16,ROUTE_JohnMuirMedicalCenterWalnutCreekCampus,0.4132086618939202,43.211666666666666,ROUTE_NorthBayMedicalCenter,0.35750252494178464,5.16
37.927499999973286,-121.75416666662146,164.99025796928728,HEMORRHAGIC,ROUTE_JohnMuirMedicalCenterWalnutCreekCampus,0.33850736512466223,38.894999999999996,ROUTE_KaiserFoundationHospitalAntioch,0.3437797288057155,9.315,ROUTE_JohnMuirMedicalCenterWalnutCreekCampus,0.33850736512466223,38.894999999999996,ROUTE_KaiserFoundationHospitalAntioch,0.3437797288057155,9.315
37.576666666639674,-122.31083333328857,192.96412935869822,HEMORRHAGIC,ROUTE_MillsPeninsulaMedicalCenterSutter,0.3384018589769423,11.520000000000001,ROUTE_MillsPeninsulaMedicalCenterSutter,0.3384018589769423,11.520000000000001,ROUTE_MillsPeninsulaMedicalCenterSutter,0.3384018589769423,11.520000000000001,ROUTE_MillsPeninsulaMedicalCenterSutter,0.3384018589769423,11.520000000000001
37.98388888886222,-122.33499999995526,253.47295326878822,HEMORRHAGIC,ROUTE_KaiserFoundationHospitalRichmondCampus,0.32734294144,11.303333333333335,ROUTE_KaiserFoundationHospitalRichmondCampus,0.32734294144,11.303333333333335,ROUTE_JohnMuirMedicalCenterWalnutCreekCampus,0.32734294144,34.733333333333334,ROUTE_KaiserFoundationHospitalRichmondCampus,0.32734294144,11.303333333333335
37.960833333306645,-121.98111111106608,115.29756242780545,LVO,ROUTE_JohnMuirMedicalCenterWalnutCreekCampus,0.415521642454895,13.166666666666666,ROUTE_JohnMuirMedicalCenterConcordCampus,0.35286452988905354,9.65,ROUTE_JohnMuirMedicalCenterWalnutCreekCampus,0.415521642454895,13.166666666666666,ROUTE_JohnMuirMedicalCenterConcordCampus,0.35286452988905354,9.65
37.994166666640005,-121.8091666666215,243.44983231673535,LVO,ROUTE_SutterDeltaMedicalCenter,0.32734294144,3.765,ROUTE_SutterDeltaMedicalCenter,0.32734294144,3.765,ROUTE_JohnMuirMedicalCenterWalnutCreekCampus,0.32734294144,28.748333333333335,ROUTE_KaiserFoundationHospitalAntioch,0.32734294144,10.233333333333333
37.38388888886174,-122.02277777773278,189.44339559844494,MIMIC,ROUTE_KaiserFoundationHospitalSantaClara,0.3389532155195888,11.911666666666667,ROUTE_KaiserFoundationHospitalSantaClara,0.3389532155195888,11.911666666666667,ROUTE_KaiserFoundationHospitalSantaClara,0.3389532155195888,11.911666666666667,ROUTE_KaiserFoundationHospitalSantaClara,0.3389532155195888,11.911666666666667
37.45527777775069,-122.26722222217742,152.07455166922045,LVO,ROUTE_KaiserFoundationHospitalRedwoodCity,0.40670758289056613,14.945,ROUTE_SequoiaHospital,0.34599640715672375,10.006666666666666,ROUTE_KaiserFoundationHospitalRedwoodCity,0.40670758289056613,14.945,ROUTE_SequoiaHospital,0.34599640715672375,10.006666666666666
37.542499999972975,-122.30805555551079,57.506742099035634,HEMORRHAGIC,ROUTE_KaiserFoundationHospitalRedwoodCity,0.42838069959384173,15.74,ROUTE_SanMateoMedicalCenter,0.4013158092505425,5.943333333333333,ROUTE_KaiserFoundationHospitalRedwoodCity,0.42838069959384173,15.74,ROUTE_KaiserFoundationHospitalRedwoodCity,0.42838069959384173,15.74
37.736388888862024,-122.42111111106644,60.252380025630565,HEMORRHAGIC,ROUTE_CPMCDaviesCampusSutter,0.4289655872922775,10.51,ROUTE_CPMCMissionBernalCampusSutter,0.42381641720194424,4.218333333333333,ROUTE_CPMCDaviesCampusSutter,0.4289655872922775,10.51,ROUTE_CPMCMissionBernalCampusSutter,0.42381641720194424,4.218333333333333
37.82305555552876,-122.22999999995517,79.34093718291948,LVO,ROUTE_SutterEdenMedicalCenter,0.4216575059471649,22.631666666666668,ROUTE_KaiserFoundationHospitalOaklandRichmond,0.36010679184610983,7.586666666666667,ROUTE_SutterEdenMedicalCenter,0.4216575059471649,22.631666666666668,ROUTE_KaiserFoundationHospitalOaklandRichmond,0.36010679184610983,7.586666666666667
37.92111111108439,-122.03777777773279,146.48170892769704,HEMORRHAGIC,ROUTE_JohnMuirMedicalCenterWalnutCreekCampus,0.41081001813842444,2.515,ROUTE_JohnMuirMedicalCenterWalnutCreekCampus,0.41081001813842444,2.515,ROUTE_JohnMuirMedicalCenterWalnutCreekCampus,0.41081001813842444,2.515,ROUTE_JohnMuirMedicalCenterWalnutCreekCampus,0.41081001813842444,2.515
38.03222222219559,-121.95805555551051,128.22675887546683,NLVO,ROUTE_JohnMuirMedicalCenterWalnutCreekCampus,0.410794469035025,20.83833333333333,ROUTE_JohnMuirMedicalCenterConcordCampus,0.35018483714922466,11.078333333333335,ROUTE_JohnMuirMedicalCenterWalnutCreekCampus,0.410794469035025,20.83833333333333,ROUTE_JohnMuirMedicalCenterConcordCampus,0.35018483714922466,11.078333333333335
37.61361111108415,-122.43388888884422,101.27158328854307,HEMORRHAGIC,ROUTE_MillsPeninsulaMedicalCenterSutter,0.4191597443376296,11.451666666666666,ROUTE_KaiserFoundationHospitalSouthSanFrancisco,0.35519378962372333,11.325,ROUTE_MillsPeninsulaMedicalCenterSutter,0.4191597443376296,11.451666666666666,ROUTE_KaiserFoundationHospitalSouthSanFrancisco,0.35519378962372333,11.325
38.03194444441781,-122.54249999995541,196.2870013342415,LVO,ROUTE_KaiserFoundationHospitalSanRafael,0.33792614938725996,10.903333333333334,ROUTE_KaiserFoundationHospitalSanRafael,0.33792614938725996,10.903333333333334,ROUTE_UCSFMedicalCenter,0.32734294144,43.388333333333335,ROUTE_KaiserFoundationHospitalSanRafael,0.33792614938725996,10.903333333333334
37.364722222195056,-122.0263888888439,162.16949625698462,HEMORRHAGIC,ROUTE_KaiserFoundationHospitalSantaClara,0.4053264351028504,10.948333333333332,ROUTE_KaiserFoundationHospitalSantaClara,0.4053264351028504,10.948333333333332,ROUTE_KaiserFoundationHospitalSantaClara,0.4053264351028504,10.948333333333332,ROUTE_KaiserFoundationHospitalSantaClara,0.4053264351028504,10.948333333333332
37.98749999997333,-121.8558333332882,137.5274533506206,HEMORRHAGIC,ROUTE_JohnMuirMedicalCenterWalnutCreekCampus,0.4064202118271691,30.759999999999998,ROUTE_SutterDeltaMedicalCenter,0.32734294144,9.483333333333333,ROUTE_JohnMuirMedicalCenterWalnutCreekCampus,0.4064202118271691,30.759999999999998,ROUTE_KaiserFoundationHospitalAntioch,0.34771238410030497,15.171666666666665
37.94027777775107,-121.72722222217699,224.15440859642456,HEMORRHAGIC,ROUTE_KaiserFoundationHospitalAntioch,0.32734294144,11.306666666666667,ROUTE_KaiserFoundationHospitalAntioch,0.32734294144,11.306666666666667,ROUTE_JohnMuirMedicalCenterWalnutCreekCampus,0.32734294144,37.525,ROUTE_KaiserFoundationHospitalAntioch,0.32734294144,11.306666666666667
37.764166666639824,-121.888611111066,156.3774027127942,LVO,ROUTE_SutterEdenMedicalCenter,0.34232526443920896,26.016666666666666,ROUTE_SanRamonRegionalMedicalCenter,0.3447234993500747,12.708333333333334,ROUTE_SutterEdenMedicalCenter,0.34232526443920896,26.016666666666666,ROUTE_SanRamonRegionalMedicalCenter,0.3447234993500747,12.708333333333334
37.963611111084425,-122.50222222217761,100.45251949019075,NLVO,ROUTE_UCSFMedicalCenter,0.41337775089050494,37.333333333333336,ROUTE_MarinHealthMedicalCenter,0.3556004771042145,10.0,ROUTE_UCSFMedicalCenter,0.41337775089050494,37.333333333333336,ROUTE_MarinHealthMedicalCenter,0.3556004771042145,10.0
37.75833333330648,-122.23638888884406,39.74399875260684,LVO,ROUTE_SutterEdenMedicalCenter,0.4318725017808863,18.7,ROUTE_AlamedaHospital,0.42778443389468773,3.9683333333333333,ROUTE_SutterEdenMedicalCenter,0.4318725017808863,18.7,ROUTE_AlamedaHospital,0.42778443389468773,3.9683333333333333
37.77777777775094,-122.45361111106645,171.67911591056347,LVO,ROUTE_UCSFMedicalCenter,0.4044902577327517,5.138333333333334,ROUTE_UCSFHealthStanyanHospital,0.343856207973488,2.203333333333333,ROUTE_UCSFMedicalCenter,0.4044902577327517,5.138333333333334,ROUTE_UCSFHealthStanyanHospital,0.343856207973488,2.203333333333333
37.78388888886206,-122.46555555551092,250.89869612498393,LVO,ROUTE_KaiserFoundationHospitalSanFrancisco,0.32734294144,5.46,ROUTE_KaiserFoundationHospitalSanFrancisco,0.32734294144,5.46,ROUTE_UCSFMedicalCenter,0.32734294144,9.521666666666667,ROUTE_KaiserFoundationHospitalSanFrancisco,0.32734294144,5.46
37.713888888862,-122.04472222217724,138.94735517993934,HEMORRHAGIC,ROUTE_SutterEdenMedicalCenter,0.4099250739338771,13.926666666666668,ROUTE_SutterEdenMedicalCenter,0.4099250739338771,13.926666666666668,ROUTE_SutterEdenMedicalCenter,0.4099250739338771,13.926666666666668,ROUTE_SutterEdenMedicalCenter,0.4099250739338771,13.926666666666668
37.99222222219556,-122.53166666662207,70.60147440552043,HEMORRHAGIC,ROUTE_UCSFMedicalCenter,0.4196870938601853,39.848333333333336,ROUTE_KaiserFoundationHospitalSanRafael,0.36122362261698626,10.561666666666667,ROUTE_UCSFMedicalCenter,0.4196870938601853,39.848333333333336,ROUTE_KaiserFoundationHospitalSanRafael,0.36122362261698626,10.561666666666667
37.76888888886205,-122.4455555555109,36.50873972806838,LVO,ROUTE_UCSFMedicalCenter,0.4362980754353672,3.283333333333333,ROUTE_UCSFMedicalCenter,0.4362980754353672,3.283333333333333,ROUTE_UCSFMedicalCenter,0.4362980754353672,3.283333333333333,ROUTE_UCSFMedicalCenter,0.4362980754353672,3.283333333333333
38.028888888862255,-121.96999999995496,118.1644393904239,HEMORRHAGIC,ROUTE_JohnMuirMedicalCenterWalnutCreekCampus,0.4127487291767245,22.363333333333333,ROUTE_JohnMuirMedicalCenterConcordCampus,0.35177462537245663,12.603333333333333,ROUTE_JohnMuirMedicalCenterWalnutCreekCampus,0.4127487291767245,22.363333333333333,ROUTE_JohnMuirMedicalCenterConcordCampus,0.35177462537245663,12.603333333333333
37.77916666663983,-122.27777777773298,115.27268755410005,LVO,ROUTE_SutterEdenMedicalCenter,0.41278180640193907,25.11,ROUTE_AlamedaHospital,0.3532507088533556,7.618333333333334,ROUTE_SutterEdenMedicalCenter,0.41278180640193907,25.11,ROUTE_AlamedaHospital,0.3532507088533556,7.618333333333334
37.99111111108445,-122.32194444439969,92.97287708221717,HEMORRHAGIC,ROUTE_JohnMuirMedicalCenterWalnutCreekCampus,0.4159270852895094,33.73166666666667,ROUTE_KaiserFoundationHospitalRichmondCampus,0.356648540202629,11.97,ROUTE_JohnMuirMedicalCenterWalnutCreekCampus,0.4159270852895094,33.73166666666667,ROUTE_KaiserFoundationHospitalRichmondCampus,0.356648540202629,11.97
37.708888888862,-122.42722222217755,138.79096584702114,NLVO,ROUTE_CPMCDaviesCampusSutter,0.4089565047976338,18.331666666666667,ROUTE_CPMCMissionBernalCampusSutter,0.3480518138574851,12.061666666666667,ROUTE_CPMCDaviesCampusSutter,0.4089565047976338,18.331666666666667,ROUTE_CPMCMissionBernalCampusSutter,0.3480518138574851,12.061666666666667
38.33111111108472,-122.29444444439966,95.47281647132826,HEMORRHAGIC,ROUTE_JohnMuirMedicalCenterWalnutCreekCampus,0.4103085530167145,55.72,ROUTE_ProvidenceQueenOfTheValleyMedicalCenter,0.3572259905269318,6.444999999999999,ROUTE_JohnMuirMedicalCenterWalnutCreekCampus,0.4103085530167145,55.72,ROUTE_ProvidenceQueenOfTheValleyMedicalCenter,0.3572259905269318,6.444999999999999
37.83749999997321,-122.20138888884404,85.2008431525166,MIMIC,ROUTE_SutterEdenMedicalCenter,0.42048612143636005,21.808333333333334,ROUTE_HighlandHospitalWilmaChanCampus,0.35820633986570133,11.596666666666666,ROUTE_SutterEdenMedicalCenter,0.42048612143636005,21.808333333333334,ROUTE_HighlandHospitalWilmaChanCampus,0.35820633986570133,11.596666666666666
37.66027777775085,-122.41583333328865,85.36217358009168,LVO,ROUTE_MillsPeninsulaMedicalCenterSutter,0.4222662094724516,13.996666666666666,ROUTE_KaiserFoundationHospitalSouthSanFrancisco,0.3589220379349117,7.71,ROUTE_MillsPeninsulaMedicalCenterSutter,0.4222662094724516,13.996666666666666,ROUTE_KaiserFoundationHospitalSouthSanFrancisco,0.3589220379349117,7.71
37.7644444444176,-122.42388888884422,242.4317082723795,LVO,ROUTE_CPMCMissionBernalCampusSutter,0.32734294144,4.24,ROUTE_CPMCMissionBernalCampusSutter,0.32734294144,4.24,ROUTE_CPMCDaviesCampusSutter,0.32734294144,4.35,ROUTE_CPMCMissionBernalCampusSutter,0.32734294144,4.24
37.574999999973,-122.04333333328834,116.65504514565576,HEMORRHAGIC,ROUTE_SutterEdenMedicalCenter,0.41394203244288497,18.673333333333336,ROUTE_StRoseHospital,0.32734294144,9.511666666666667,ROUTE_SutterEdenMedicalCenter,0.41394203244288497,18.673333333333336,ROUTE_WashingtonHospitalHealthcareSystem,0.35165696070574176,14.743333333333334
38.31888888886249,-122.31249999995524,157.20833378890242,HEMORRHAGIC,ROUTE_JohnMuirMedicalCenterWalnutCreekCampus,0.3379585183178362,49.79833333333333,ROUTE_ProvidenceQueenOfTheValleyMedicalCenter,0.34606433586558943,4.5,ROUTE_JohnMuirMedicalCenterWalnutCreekCampus,0.3379585183178362,49.79833333333333,ROUTE_ProvidenceQueenOfTheValleyMedicalCenter,0.34606433586558943,4.5
37.652222222195284,-122.02027777773277,230.07776096032657,LVO,ROUTE_StRoseHospital,0.32734294144,18.096666666666668,ROUTE_StRoseHospital,0.32734294144,18.096666666666668,ROUTE_SutterEdenMedicalCenter,0.32734294144,19.438333333333333,ROUTE_SutterEdenMedicalCenter,0.32734294144,19.438333333333333
38.00416666664001,-121.82583333328817,47.17043694009188,NLVO,ROUTE_JohnMuirMedicalCenterWalnutCreekCampus,0.42802665913270505,27.581666666666667,ROUTE_SutterDeltaMedicalCenter,0.40319700691578103,8.418333333333333,ROUTE_JohnMuirMedicalCenterWalnutCreekCampus,0.42802665913270505,27.581666666666667,ROUTE_KaiserFoundationHospitalAntioch,0.36518993224069496,13.716666666666667
37.59361111108413,-122.50305555551094,52.59199858116406,HEMORRHAGIC,ROUTE_MillsPeninsulaMedicalCenterSutter,0.42739279487932436,24.85666666666667,ROUTE_AHMCSetonMedicalCenter,0.42203739370561255,17.19333333333333,ROUTE_MillsPeninsulaMedicalCenterSutter,0.42739279487932436,24.85666666666667,ROUTE_AHMCSetonMedicalCenter,0.42203739370561255,17.19333333333333
37.711388888862004,-122.45888888884424,43.9007280333886,MIMIC,ROUTE_CPMCDaviesCampusSutter,0.43213888573385584,13.416666666666666,ROUTE_CPMCMissionBernalCampusSutter,0.4269931160167456,7.1466666666666665,ROUTE_CPMCDaviesCampusSutter,0.43213888573385584,13.416666666666666,ROUTE_CPMCMissionBernalCampusSutter,0.4269931160167456,7.1466666666666665
37.62333333330638,-122.03749999995502,242.24556561727363,HEMORRHAGIC,ROUTE_StRoseHospital,0.32734294144,12.466666666666667,ROUTE_StRoseHospital,0.32734294144,12.466666666666667,ROUTE_SutterEdenMedicalCenter,0.32734294144,21.92,ROUTE_WashingtonHospitalHealthcareSystem,0.32734294144,19.598333333333336
37.707777777750884,-122.12916666662176,53.045891077233414,LVO,ROUTE_SutterEdenMedicalCenter,0.4310905718499814,8.706666666666667,ROUTE_SanLeandroHospitalAlamedaHealthSystem,0.4042742794238314,3.033333333333333,ROUTE_SutterEdenMedicalCenter,0.4310905718499814,8.706666666666667,ROUTE_SutterEdenMedicalCenter,0.4310905718499814,8.706666666666667
37.95027777775108,-122.3419444443997,176.59176239405787,LVO,ROUTE_KaiserFoundationHospitalRichmondCampus,0.342287026225422,6.015,ROUTE_KaiserFoundationHospitalRichmondCampus,0.342287026225422,6.015,ROUTE_CPMCDaviesCampusSutter,0.3372602036889162,34.39666666666667,ROUTE_KaiserFoundationHospitalRichmondCampus,0.342287026225422,6.015
37.96472222219554,-122.03249999995501,65.8346770106489,HEMORRHAGIC,ROUTE_JohnMuirMedicalCenterWalnutCreekCampus,0.4276718201160331,10.426666666666668,ROUTE_JohnMuirMedicalCenterConcordCampus,0.4218055897472006,5.233333333333333,ROUTE_JohnMuirMedicalCenterWalnutCreekCampus,0.4276718201160331,10.426666666666668,ROUTE_JohnMuirMedicalCenterConcordCampus,0.4218055897472006,5.233333333333333
38.15888888886236,-121.69083333328807,77.70696117563959,LVO,ROUTE_JohnMuirMedicalCenterWalnutCreekCampus,0.41590639143041047,49.08833333333334,ROUTE_SutterDeltaMedicalCenter,0.32734294144,27.53166666666667,ROUTE_JohnMuirMedicalCenterWalnutCreekCampus,0.41590639143041047,49.08833333333334,ROUTE_KaiserFoundationHospitalAntioch,0.3560867924497703,30.186666666666667
37.9499999999733,-122.02027777773277,159.5037312948208,HEMORRHAGIC,ROUTE_JohnMuirMedicalCenterWalnutCreekCampus,0.40650212654858064,8.421666666666667,ROUTE_JohnMuirMedicalCenterWalnutCreekCampus,0.40650212654858064,8.421666666666667,ROUTE_JohnMuirMedicalCenterWalnutCreekCampus,0.40650212654858064,8.421666666666667,ROUTE_JohnMuirMedicalCenterWalnutCreekCampus,0.40650212654858064,8.421666666666667
38.11722222219566,-122.2144444443996,125.22286837634152,MIMIC,ROUTE_JohnMuirMedicalCenterWalnutCreekCampus,0.4092513218693091,30.60666666666667,ROUTE_SutterSolanoMedicalCenter,0.3514701707736425,7.175,ROUTE_JohnMuirMedicalCenterWalnutCreekCampus,0.4092513218693091,30.60666666666667,ROUTE_SutterSolanoMedicalCenter,0.3514701707736425,7.175
37.67555555552864,-122.07527777773282,116.29840803145211,LVO,ROUTE_SutterEdenMedicalCenter,0.4159452169564759,10.328333333333335,ROUTE_SutterEdenMedicalCenter,0.4159452169564759,10.328333333333335,ROUTE_SutterEdenMedicalCenter,0.4159452169564759,10.328333333333335,ROUTE_SutterEdenMedicalCenter,0.4159452169564759,10.328333333333335
38.13222222219567,-122.26194444439963,51.942451571410714,HEMORRHAGIC,ROUTE_JohnMuirMedicalCenterWalnutCreekCampus,0.42522780807308125,34.736666666666665,ROUTE_KaiserFoundationHospitalVallejo,0.3660170178823562,4.756666666666666,ROUTE_JohnMuirMedicalCenterWalnutCreekCampus,0.42522780807308125,34.736666666666665,ROUTE_KaiserFoundationHospitalVallejo,0.3660170178823562,4.756666666666666
37.80055555552874,-122.40777777773309,135.50053937140447,HEMORRHAGIC,ROUTE_CPMCDaviesCampusSutter,0.4110507184230692,12.443333333333333,ROUTE_ChineseHospital,0.35037439789742253,2.783333333333333,ROUTE_CPMCDaviesCampusSutter,0.4110507184230692,12.443333333333333,ROUTE_ChineseHospital,0.35037439789742253,2.783333333333333
37.68249999997309,-121.87694444439933,154.21489064505215,MIMIC,ROUTE_SutterEdenMedicalCenter,0.4045498896082292,22.33833333333333,ROUTE_StanfordHealthCareTriValley,0.3466074723194703,4.516666666666667,ROUTE_SutterEdenMedicalCenter,0.4045498896082292,22.33833333333333,ROUTE_StanfordHealthCareTriValley,0.3466074723194703,4.516666666666667
37.554999999972985,-122.35388888884415,80.23640786112517,LVO,ROUTE_MillsPeninsulaMedicalCenterSutter,0.42425111000885096,10.618333333333334,ROUTE_MillsPeninsulaMedicalCenterSutter,0.42425111000885096,10.618333333333334,ROUTE_MillsPeninsulaMedicalCenterSutter,0.42425111000885096,10.618333333333334,ROUTE_MillsPeninsulaMedicalCenterSutter,0.42425111000885096,10.618333333333334
37.90416666663993,-122.31472222217745,94.27485713540025,LVO,ROUTE_CPMCDaviesCampusSutter,0.41672088392773976,28.990000000000002,ROUTE_KaiserFoundationHospitalRichmondCampus,0.3566466694382961,10.678333333333335,ROUTE_CPMCDaviesCampusSutter,0.41672088392773976,28.990000000000002,ROUTE_KaiserFoundationHospitalRichmondCampus,0.3566466694382961,10.678333333333335
37.924722222195506,-122.05138888884392,162.96088389231568,LVO,ROUTE_JohnMuirMedicalCenterWalnutCreekCampus,0.40658344000241997,4.6066666666666665,ROUTE_JohnMuirMedicalCenterWalnutCreekCampus,0.40658344000241997,4.6066666666666665,ROUTE_JohnMuirMedicalCenterWalnutCreekCampus,0.40658344000241997,4.6066666666666665,ROUTE_JohnMuirMedicalCenterWalnutCreekCampus,0.40658344000241997,4.6066666666666665
37.74638888886203,-122.41999999995532,75.63341929590516,HEMORRHAGIC,ROUTE_CPMCDaviesCampusSutter,0.4258854789807519,8.238333333333333,ROUTE_CPMCMissionBernalCampusSutter,0.4209440231546303,1.035,ROUTE_CPMCDaviesCampusSutter,0.4258854789807519,8.238333333333333,ROUTE_CPMCMissionBernalCampusSutter,0.4209440231546303,1.035
37.53611111108408,-122.24277777773295,267.38254813676076,HEMORRHAGIC,ROUTE_SanMateoMedicalCenter,0.32734294144,15.821666666666665,ROUTE_SanMateoMedicalCenter,0.32734294144,15.821666666666665,ROUTE_KaiserFoundationHospitalRedwoodCity,0.32734294144,16.131666666666668,ROUTE_KaiserFoundationHospitalRedwoodCity,0.32734294144,16.131666666666668
37.40944444441732,-121.90527777773269,64.58784719148936,HEMORRHAGIC,ROUTE_RegionalMedicalCenterOfSanJose,0.42731182702503645,13.205,ROUTE_RegionalMedicalCenterOfSanJose,0.42731182702503645,13.205,ROUTE_RegionalMedicalCenterOfSanJose,0.42731182702503645,13.205,ROUTE_RegionalMedicalCenterOfSanJose,0.42731182702503645,13.205
37.4677777777507,-122.22722222217739,61.61738583119914,LVO,ROUTE_KaiserFoundationHospitalRedwoodCity,0.428973396214482,9.111666666666668,ROUTE_SequoiaHospital,0.42219028139076265,9.1,ROUTE_KaiserFoundationHospitalRedwoodCity,0.428973396214482,9.111666666666668,ROUTE_SequoiaHospital,0.42219028139076265,9.1
37.80194444441763,-122.1791666666218,51.5563296488981,NLVO,ROUTE_SutterEdenMedicalCenter,0.42862690201836434,20.64333333333333,ROUTE_HighlandHospitalWilmaChanCampus,0.42307834989035653,13.188333333333333,ROUTE_SutterEdenMedicalCenter,0.42862690201836434,20.64333333333333,ROUTE_HighlandHospitalWilmaChanCampus,0.42307834989035653,13.188333333333333
38.274722222195784,-122.26805555551076,170.63168826707152,LVO,ROUTE_ProvidenceQueenOfTheValleyMedicalCenter,0.34234053840130907,11.676666666666668,ROUTE_ProvidenceQueenOfTheValleyMedicalCenter,0.34234053840130907,11.676666666666668,ROUTE_JohnMuirMedicalCenterWalnutCreekCampus,0.3357839198220009,48.82166666666667,ROUTE_ProvidenceQueenOfTheValleyMedicalCenter,0.34234053840130907,11.676666666666668
38.00638888886224,-122.25333333328852,58.633515621496485,HEMORRHAGIC,ROUTE_JohnMuirMedicalCenterWalnutCreekCampus,0.4253885447035073,27.36,ROUTE_ContraCostaRegionalMedicalCenter,0.3379636084850247,14.313333333333333,ROUTE_JohnMuirMedicalCenterWalnutCreekCampus,0.4253885447035073,27.36,ROUTE_KaiserFoundationHospitalRichmondCampus,0.36210962033114136,17.973333333333336
37.7972222221954,-122.2005555555107,86.31922351003006,HEMORRHAGIC,ROUTE_SutterEdenMedicalCenter,0.4210681604813401,18.185,ROUTE_HighlandHospitalWilmaChanCampus,0.359041686284528,6.131666666666666,ROUTE_SutterEdenMedicalCenter,0.4210681604813401,18.185,ROUTE_HighlandHospitalWilmaChanCampus,0.359041686284528,6.131666666666666
37.56305555552855,-122.0086111110661,143.07831537180812,LVO,ROUTE_SutterEdenMedicalCenter,0.4065148775123152,24.790000000000003,ROUTE_WashingtonHospitalHealthcareSystem,0.3481048656884342,7.485,ROUTE_SutterEdenMedicalCenter,0.4065148775123152,24.790000000000003,ROUTE_WashingtonHospitalHealthcareSystem,0.3481048656884342,7.485
37.71083333330645,-122.44111111106645,192.77390703780924,LVO,ROUTE_CPMCDaviesCampusSutter,0.33755019476696824,16.56,ROUTE_CPMCMissionBernalCampusSutter,0.33865214922484826,10.288333333333332,ROUTE_CPMCDaviesCampusSutter,0.33755019476696824,16.56,ROUTE_CPMCMissionBernalCampusSutter,0.33865214922484826,10.288333333333332
37.85083333330656,-122.1374999999551,219.62633591187804,LVO,ROUTE_KaiserFoundationHospitalWalnutCreek,0.32734294144,23.488333333333333,ROUTE_KaiserFoundationHospitalWalnutCreek,0.32734294144,23.488333333333333,ROUTE_JohnMuirMedicalCenterWalnutCreekCampus,0.32734294144,25.758333333333333,ROUTE_KaiserFoundationHospitalWalnutCreek,0.32734294144,23.488333333333333
37.758611111084264,-122.23861111106629,51.29386257874566,HEMORRHAGIC,ROUTE_SutterEdenMedicalCenter,0.42904122556947516,19.146666666666665,ROUTE_AlamedaHospital,0.425057001302943,3.908333333333333,ROUTE_SutterEdenMedicalCenter,0.42904122556947516,19.146666666666665,ROUTE_AlamedaHospital,0.425057001302943,3.908333333333333
38.03833333330671,-122.5958333332888,73.7296318554877,NLVO,ROUTE_UCSFMedicalCenter,0.41650540251723756,50.468333333333334,ROUTE_KaiserFoundationHospitalSanRafael,0.36007183624794165,13.379999999999999,ROUTE_UCSFMedicalCenter,0.41650540251723756,50.468333333333334,ROUTE_KaiserFoundationHospitalSanRafael,0.36007183624794165,13.379999999999999
37.6722222221953,-121.78361111106592,226.96189854797882,MIMIC,ROUTE_StanfordHealthCareTriValley,0.32734294144,19.43166666666667,ROUTE_StanfordHealthCareTriValley,0.32734294144,19.43166666666667,ROUTE_SutterEdenMedicalCenter,0.32734294144,30.828333333333333,ROUTE_StanfordHealthCareTriValley,0.32734294144,19.43166666666667
37.58805555552857,-122.03666666662168,151.58428291846025,LVO,ROUTE_SutterEdenMedicalCenter,0.4053719094128966,21.331666666666667,ROUTE_StRoseHospital,0.32734294144,12.17,ROUTE_SutterEdenMedicalCenter,0.4053719094128966,21.331666666666667,ROUTE_WashingtonHospitalHealthcareSystem,0.3448870480372429,16.6
37.737222222195356,-122.42749999995533,253.74566353078134,LVO,ROUTE_CPMCMissionBernalCampusSutter,0.32734294144,4.216666666666667,ROUTE_CPMCMissionBernalCampusSutter,0.32734294144,4.216666666666667,ROUTE_CPMCDaviesCampusSutter,0.32734294144,10.19,ROUTE_CPMCMissionBernalCampusSutter,0.32734294144,4.216666666666667
37.98416666664,-122.33416666662191,88.66791622111379,LVO,ROUTE_JohnMuirMedicalCenterWalnutCreekCampus,0.4165705425460725,35.248333333333335,ROUTE_KaiserFoundationHospitalRichmondCampus,0.35749978073297295,11.818333333333333,ROUTE_JohnMuirMedicalCenterWalnutCreekCampus,0.4165705425460725,35.248333333333335,ROUTE_KaiserFoundationHospitalRichmondCampus,0.35749978073297295,11.818333333333333
38.0055555555289,-121.82749999995484,63.88691531480018,HEMORRHAGIC,ROUTE_JohnMuirMedicalCenterWalnutCreekCampus,0.4242123424539378,27.133333333333333,ROUTE_SutterDeltaMedicalCenter,0.3389671516086879,8.468333333333334,ROUTE_JohnMuirMedicalCenterWalnutCreekCampus,0.4242123424539378,27.133333333333333,ROUTE_KaiserFoundationHospitalAntioch,0.36190566197823537,13.766666666666667
37.81583333330653,-122.21777777773293,72.56394405878405,LVO,ROUTE_SutterEdenMedicalCenter,0.4238369957857245,20.063333333333333,ROUTE_HighlandHospitalWilmaChanCampus,0.3614799822991575,7.278333333333333,ROUTE_SutterEdenMedicalCenter,0.4238369957857245,20.063333333333333,ROUTE_HighlandHospitalWilmaChanCampus,0.3614799822991575,7.278333333333333
37.40944444441732,-122.11388888884396,112.43734465722605,HEMORRHAGIC,ROUTE_ElCaminoHealthMountainView,0.4149880340023842,18.34333333333333,ROUTE_ElCaminoHealthMountainView,0.4149880340023842,18.34333333333333,ROUTE_ElCaminoHealthMountainView,0.4149880340023842,18.34333333333333,ROUTE_ElCaminoHealthMountainView,0.4149880340023842,18.34333333333333
37.967777777751095,-122.28027777773299,256.1747778676877,LVO,ROUTE_KaiserFoundationHospitalRichmondCampus,0.32734294144,18.9,ROUTE_KaiserFoundationHospitalRichmondCampus,0.32734294144,18.9,ROUTE_JohnMuirMedicalCenterWalnutCreekCampus,0.32734294144,32.45333333333333,ROUTE_KaiserFoundationHospitalRichmondCampus,0.32734294144,18.9
37.74861111108425,-122.44444444439978,139.51064614668576,LVO,ROUTE_UCSFMedicalCenter,0.41119648268330056,7.796666666666667,ROUTE_CPMCMissionBernalCampusSutter,0.34904412617850517,5.956666666666666,ROUTE_UCSFMedicalCenter,0.41119648268330056,7.796666666666667,ROUTE_CPMCMissionBernalCampusSutter,0.34904412617850517,5.956666666666666
37.373055555528396,-122.02611111106611,221.291599142389,LVO,ROUTE_KaiserFoundationHospitalSantaClara,0.32734294144,13.058333333333334,ROUTE_KaiserFoundationHospitalSantaClara,0.32734294144,13.058333333333334,ROUTE_KaiserFoundationHospitalSantaClara,0.32734294144,13.058333333333334,ROUTE_KaiserFoundationHospitalSantaClara,0.32734294144,13.058333333333334
37.749722222195366,-122.49027777773316,248.46984776630975,LVO,ROUTE_UCSFMedicalCenter,0.32734294144,9.071666666666665,ROUTE_UCSFMedicalCenter,0.32734294144,9.071666666666665,ROUTE_UCSFMedicalCenter,0.32734294144,9.071666666666665,ROUTE_UCSFMedicalCenter,0.32734294144,9.071666666666665
37.95694444441775,-122.05972222217726,213.40341320991394,LVO,ROUTE_JohnMuirMedicalCenterConcordCampus,0.3353146606684935,8.753333333333334,ROUTE_JohnMuirMedicalCenterConcordCampus,0.3353146606684935,8.753333333333334,ROUTE_JohnMuirMedicalCenterWalnutCreekCampus,0.33482388517241624,11.588333333333333,ROUTE_JohnMuirMedicalCenterConcordCampus,0.3353146606684935,8.753333333333334
37.91305555552883,-122.05916666662169,177.90254568650045,LVO,ROUTE_JohnMuirMedicalCenterWalnutCreekCampus,0.34153859432058586,8.888333333333332,ROUTE_JohnMuirMedicalCenterWalnutCreekCampus,0.34153859432058586,8.888333333333332,ROUTE_JohnMuirMedicalCenterWalnutCreekCampus,0.34153859432058586,8.888333333333332,ROUTE_JohnMuirMedicalCenterWalnutCreekCampus,0.34153859432058586,8.888333333333332
38.03249999997337,-121.97805555551052,121.36578654676771,LVO,ROUTE_JohnMuirMedicalCenterWalnutCreekCampus,0.4115536919608148,24.38,ROUTE_JohnMuirMedicalCenterConcordCampus,0.35080188317795713,14.618333333333334,ROUTE_JohnMuirMedicalCenterWalnutCreekCampus,0.4115536919608148,24.38,ROUTE_JohnMuirMedicalCenterConcordCampus,0.35080188317795713,14.618333333333334
37.93472222219551,-122.32833333328858,59.676409099351496,MIMIC,ROUTE_CPMCDaviesCampusSutter,0.4243750983989764,30.648333333333333,ROUTE_KaiserFoundationHospitalRichmondCampus,0.3641633093397963,6.430000000000001,ROUTE_CPMCDaviesCampusSutter,0.4243750983989764,30.648333333333333,ROUTE_KaiserFoundationHospitalRichmondCampus,0.3641633093397963,6.430000000000001
38.07777777775118,-122.15222222217733,182.2046382498111,HEMORRHAGIC,ROUTE_JohnMuirMedicalCenterWalnutCreekCampus,0.33783715163532185,25.493333333333332,ROUTE_ContraCostaRegionalMedicalCenter,0.32734294144,14.678333333333335,ROUTE_JohnMuirMedicalCenterWalnutCreekCampus,0.33783715163532185,25.493333333333332,ROUTE_SutterSolanoMedicalCenter,0.33959068303360296,15.543333333333333
37.694722222195324,-122.13027777773287,86.55150624514513,HEMORRHAGIC,ROUTE_SutterEdenMedicalCenter,0.4231617638140215,8.966666666666667,ROUTE_SanLeandroHospitalAlamedaHealthSystem,0.3350559482365882,6.776666666666667,ROUTE_SutterEdenMedicalCenter,0.4231617638140215,8.966666666666667,ROUTE_SutterEdenMedicalCenter,0.4231617638140215,8.966666666666667
37.9449999999733,-122.31499999995523,146.79121297268503,NLVO,ROUTE_CPMCDaviesCampusSutter,0.40377365591893793,33.20166666666667,ROUTE_KaiserFoundationHospitalRichmondCampus,0.3469254126647795,10.201666666666666,ROUTE_CPMCDaviesCampusSutter,0.40377365591893793,33.20166666666667,ROUTE_KaiserFoundationHospitalRichmondCampus,0.3469254126647795,10.201666666666666
