start_lat,start_lon,t_onset,stroke_type,optimal_action,optimal_action_reward,travel_time_optimal,nearest_hospital_action,nearest_hospital_reward,travel_time_nh,heuristic_1_action,heuristic_1_reward,travel_time_h1,heuristic_2_action,heuristic_2_reward,travel_time_h2
37.42083333330621,-121.90694444439936,155.23079115843393,HEMORRHAGIC,ROUTE_RegionalMedicalCenterOfSanJose,0.24,14.311666666666667,ROUTE_OConnorHospital,0.24,13.108333333333333,ROUTE_RegionalMedicalCenterOfSanJose,0.24,14.311666666666667,ROUTE_OConnorHospital,0.24,13.108333333333333
37.47611111108404,-122.23888888884406,45.35516413043983,NLVO,ROUTE_KaiserFoundationHospitalRedwoodCity,0.5843027615897073,7.286666666666666,ROUTE_SequoiaHospital,0.5856884690829649,5.9783333333333335,ROUTE_KaiserFoundationHospitalRedwoodCity,0.5843027615897073,7.286666666666666,ROUTE_SequoiaHospital,0.5856884690829649,5.9783333333333335
37.77555555552872,-122.41027777773309,172.7675285768236,HEMORRHAGIC,ROUTE_CPMCDaviesCampusSutter,0.24,8.348333333333333,ROUTE_CPMCVanNessCampusSutter,0.24,5.613333333333333,ROUTE_CPMCDaviesCampusSutter,0.24,8.348333333333333,ROUTE_CPMCVanNessCampusSutter,0.24,5.613333333333333
38.09861111108453,-122.57777777773322,244.004262143253,LVO,ROUTE_NovatoCommunityHospitalSutter,0.24466880000000002,8.858333333333333,ROUTE_NovatoCommunityHospitalSutter,0.24466880000000002,8.858333333333333,ROUTE_UCSFMedicalCenter,0.24466880000000002,50.45166666666667,ROUTE_NovatoCommunityHospitalSutter,0.24466880000000002,8.858333333333333
37.67833333330642,-121.77055555551036,165.43945055920307,HEMORRHAGIC,ROUTE_SutterEdenMedicalCenter,0.24,27.28666666666667,ROUTE_StanfordHealthCareTriValley,0.24,15.889999999999999,ROUTE_SutterEdenMedicalCenter,0.24,27.28666666666667,ROUTE_StanfordHealthCareTriValley,0.24,15.889999999999999
37.61944444441748,-122.43111111106644,139.67559159913918,LVO,ROUTE_MillsPeninsulaMedicalCenterSutter,0.41038581129689145,9.791666666666666,ROUTE_KaiserFoundationHospitalSouthSanFrancisco,0.2738999293827574,9.665,ROUTE_MillsPeninsulaMedicalCenterSutter,0.41038581129689145,9.791666666666666,ROUTE_KaiserFoundationHospitalSouthSanFrancisco,0.2738999293827574,9.665
37.74916666663981,-122.03194444439946,121.4443900554649,HEMORRHAGIC,ROUTE_SutterEdenMedicalCenter,0.24,15.593333333333334,ROUTE_SanRamonRegionalMedicalCenter,0.24,13.171666666666665,ROUTE_SutterEdenMedicalCenter,0.24,15.593333333333334,ROUTE_SanRamonRegionalMedicalCenter,0.24,13.171666666666665
37.9727777777511,-122.03611111106612,115.94712901712018,LVO,ROUTE_JohnMuirMedicalCenterWalnutCreekCampus,0.41868815147782334,13.456666666666667,ROUTE_JohnMuirMedicalCenterConcordCampus,0.2814912931269694,4.418333333333334,ROUTE_JohnMuirMedicalCenterWalnutCreekCampus,0.41868815147782334,13.456666666666667,ROUTE_JohnMuirMedicalCenterConcordCampus,0.2814912931269694,4.418333333333334
37.526666666639635,-122.27444444439965,180.30247474800532,LVO,ROUTE_KaiserFoundationHospitalRedwoodCity,0.2618330531120978,10.626666666666667,ROUTE_SanMateoMedicalCenter,0.24466880000000002,7.705,ROUTE_KaiserFoundationHospitalRedwoodCity,0.2618330531120978,10.626666666666667,ROUTE_KaiserFoundationHospitalRedwoodCity,0.2618330531120978,10.626666666666667
37.670277777750854,-122.09611111106616,222.08609709124053,LVO,ROUTE_StRoseHospital,0.24466880000000002,8.683333333333334,ROUTE_StRoseHospital,0.24466880000000002,8.683333333333334,ROUTE_SutterEdenMedicalCenter,0.24466880000000002,12.066666666666666,ROUTE_KaiserFoundationHospitalSanLeandro,0.24466880000000002,11.836666666666668
37.70694444441755,-122.45916666662201,187.61699910072377,LVO,ROUTE_CPMCDaviesCampusSutter,0.2584635395455043,13.853333333333333,ROUTE_CPMCMissionBernalCampusSutter,0.26083224997908405,7.583333333333333,ROUTE_CPMCDaviesCampusSutter,0.2584635395455043,13.853333333333333,ROUTE_CPMCMissionBernalCampusSutter,0.26083224997908405,7.583333333333333
37.90305555552882,-122.05499999995503,259.2441338395681,LVO,ROUTE_JohnMuirMedicalCenterWalnutCreekCampus,0.24466880000000002,4.886666666666667,ROUTE_JohnMuirMedicalCenterWalnutCreekCampus,0.24466880000000002,4.886666666666667,ROUTE_JohnMuirMedicalCenterWalnutCreekCampus,0.24466880000000002,4.886666666666667,ROUTE_JohnMuirMedicalCenterWalnutCreekCampus,0.24466880000000002,4.886666666666667
37.770277777750934,-122.42972222217755,46.31616545473433,LVO,ROUTE_CPMCDaviesCampusSutter,0.4501020838912807,2.3366666666666664,ROUTE_CPMCDaviesCampusSutter,0.4501020838912807,2.3366666666666664,ROUTE_CPMCDaviesCampusSutter,0.4501020838912807,2.3366666666666664,ROUTE_CPMCDaviesCampusSutter,0.4501020838912807,2.3366666666666664
37.69027777775087,-122.15444444439954,42.28192754917516,LVO,ROUTE_SutterEdenMedicalCenter,0.44820515691015705,10.543333333333333,ROUTE_KaiserFoundationHospitalSanLeandro,0.43510103198868855,5.788333333333333,ROUTE_SutterEdenMedicalCenter,0.44820515691015705,10.543333333333333,ROUTE_KaiserFoundationHospitalSanLeandro,0.43510103198868855,5.788333333333333
37.65472222219529,-122.45499999995535,137.2728141580231,LVO,ROUTE_MillsPeninsulaMedicalCenterSutter,0.4089918209886,15.036666666666667,ROUTE_KaiserFoundationHospitalSouthSanFrancisco,0.27457194895402004,7.881666666666666,ROUTE_MillsPeninsulaMedicalCenterSutter,0.4089918209886,15.036666666666667,ROUTE_KaiserFoundationHospitalSouthSanFrancisco,0.27457194895402004,7.881666666666666
37.98555555552889,-121.7711111110659,124.36022066253994,LVO,ROUTE_JohnMuirMedicalCenterWalnutCreekCampus,0.40864306942450784,33.35,ROUTE_SutterDeltaMedicalCenter,0.24466880000000002,7.336666666666667,ROUTE_JohnMuirMedicalCenterWalnutCreekCampus,0.40864306942450784,33.35,ROUTE_KaiserFoundationHospitalAntioch,0.2775118722361248,9.351666666666667
37.95555555552886,-122.01055555551055,137.66056223185726,HEMORRHAGIC,ROUTE_JohnMuirMedicalCenterWalnutCreekCampus,0.24,12.245000000000001,ROUTE_JohnMuirMedicalCenterConcordCampus,0.24,10.4,ROUTE_JohnMuirMedicalCenterWalnutCreekCampus,0.24,12.245000000000001,ROUTE_JohnMuirMedicalCenterConcordCampus,0.24,10.4
37.98888888886222,-121.77722222217703,85.90479329637286,LVO,ROUTE_JohnMuirMedicalCenterWalnutCreekCampus,0.4222535257113531,33.18833333333333,ROUTE_SutterDeltaMedicalCenter,0.25366682255600226,7.175,ROUTE_JohnMuirMedicalCenterWalnutCreekCampus,0.4222535257113531,33.18833333333333,ROUTE_KaiserFoundationHospitalAntioch,0.288783432826393,10.25
37.65666666663974,-122.42861111106643,125.88992963889983,LVO,ROUTE_MillsPeninsulaMedicalCenterSutter,0.4150560578165916,13.623333333333333,ROUTE_KaiserFoundationHospitalSouthSanFrancisco,0.27857485448813263,4.8983333333333325,ROUTE_MillsPeninsulaMedicalCenterSutter,0.4150560578165916,13.623333333333333,ROUTE_KaiserFoundationHospitalSouthSanFrancisco,0.27857485448813263,4.8983333333333325
37.98472222219555,-121.69027777773252,260.65189068533573,LVO,ROUTE_KaiserFoundationHospitalAntioch,0.24466880000000002,17.6,ROUTE_KaiserFoundationHospitalAntioch,0.24466880000000002,17.6,ROUTE_JohnMuirMedicalCenterWalnutCreekCampus,0.24466880000000002,39.208333333333336,ROUTE_KaiserFoundationHospitalAntioch,0.24466880000000002,17.6
38.03222222219559,-121.96222222217718,75.29119419257955,LVO,ROUTE_JohnMuirMedicalCenterWalnutCreekCampus,0.4307322960581699,22.208333333333332,ROUTE_JohnMuirMedicalCenterConcordCampus,0.29106098810023545,12.448333333333332,ROUTE_JohnMuirMedicalCenterWalnutCreekCampus,0.4307322960581699,22.208333333333332,ROUTE_JohnMuirMedicalCenterConcordCampus,0.29106098810023545,12.448333333333332
37.96833333330665,-121.72638888884366,169.30042347338428,LVO,ROUTE_JohnMuirMedicalCenterWalnutCreekCampus,0.2575857747606009,36.255,ROUTE_KaiserFoundationHospitalAntioch,0.2638277590487145,13.941666666666666,ROUTE_JohnMuirMedicalCenterWalnutCreekCampus,0.2575857747606009,36.255,ROUTE_KaiserFoundationHospitalAntioch,0.2638277590487145,13.941666666666666
38.34388888886251,-122.31583333328857,52.802540289749025,LVO,ROUTE_JohnMuirMedicalCenterWalnutCreekCampus,0.4292137849050599,52.208333333333336,ROUTE_ProvidenceQueenOfTheValleyMedicalCenter,0.30053058850604786,5.921666666666667,ROUTE_JohnMuirMedicalCenterWalnutCreekCampus,0.4292137849050599,52.208333333333336,ROUTE_ProvidenceQueenOfTheValleyMedicalCenter,0.30053058850604786,5.921666666666667
38.005277777751125,-122.55083333328875,236.21996668702593,HEMORRHAGIC,ROUTE_KaiserFoundationHospitalSanRafael,0.24,3.3449999999999998,ROUTE_KaiserFoundationHospitalSanRafael,0.24,3.3449999999999998,ROUTE_UCSFMedicalCenter,0.24,42.2,ROUTE_KaiserFoundationHospitalSanRafael,0.24,3.3449999999999998
37.75777777775093,-122.18444444439957,91.78923808314845,LVO,ROUTE_SutterEdenMedicalCenter,0.42662225826746114,17.253333333333334,ROUTE_KaiserFoundationHospitalSanLeandro,0.28596190893081663,12.395000000000001,ROUTE_SutterEdenMedicalCenter,0.42662225826746114,17.253333333333334,ROUTE_KaiserFoundationHospitalSanLeandro,0.28596190893081663,12.395000000000001
37.74999999997314,-122.17194444439957,183.89183015820296,HEMORRHAGIC,ROUTE_SutterEdenMedicalCenter,0.24,14.754999999999999,ROUTE_SanLeandroHospitalAlamedaHealthSystem,0.24,12.225,ROUTE_SutterEdenMedicalCenter,0.24,14.754999999999999,ROUTE_HighlandHospitalWilmaChanCampus,0.24,13.375
37.92388888886217,-122.06694444439948,88.49103626591193,HEMORRHAGIC,ROUTE_JohnMuirMedicalCenterWalnutCreekCampus,0.24,8.461666666666666,ROUTE_JohnMuirMedicalCenterWalnutCreekCampus,0.24,8.461666666666666,ROUTE_JohnMuirMedicalCenterWalnutCreekCampus,0.24,8.461666666666666,ROUTE_JohnMuirMedicalCenterWalnutCreekCampus,0.24,8.461666666666666
38.00611111108446,-122.02444444439945,247.93323575278026,HEMORRHAGIC,ROUTE_JohnMuirMedicalCenterConcordCampus,0.24,6.381666666666666,ROUTE_JohnMuirMedicalCenterConcordCampus,0.24,6.381666666666666,ROUTE_JohnMuirMedicalCenterWalnutCreekCampus,0.24,16.895,ROUTE_JohnMuirMedicalCenterConcordCampus,0.24,6.381666666666666
38.037222222195595,-121.97361111106608,207.3367061863152,HEMORRHAGIC,ROUTE_JohnMuirMedicalCenterConcordCampus,0.24,13.715,ROUTE_JohnMuirMedicalCenterConcordCampus,0.24,13.715,ROUTE_JohnMuirMedicalCenterWalnutCreekCampus,0.24,23.475,ROUTE_JohnMuirMedicalCenterConcordCampus,0.24,13.715
38.23888888886243,-122.59305555551101,268.37112095056057,LVO,ROUTE_PetalumaValleyHospitalProvidence,0.24466880000000002,10.068333333333333,ROUTE_PetalumaValleyHospitalProvidence,0.24466880000000002,10.068333333333333,ROUTE_UCSFMedicalCenter,0.24466880000000002,63.15,ROUTE_PetalumaValleyHospitalProvidence,0.24466880000000002,10.068333333333333
37.86111111108434,-122.07833333328838,85.61373699291266,NLVO,ROUTE_JohnMuirMedicalCenterWalnutCreekCampus,0.5565572026797384,18.85666666666667,ROUTE_KaiserFoundationHospitalWalnutCreek,0.5590762064846019,16.585,ROUTE_JohnMuirMedicalCenterWalnutCreekCampus,0.5565572026797384,18.85666666666667,ROUTE_KaiserFoundationHospitalWalnutCreek,0.5590762064846019,16.585
37.43944444441734,-121.90972222217714,246.7089178253476,HEMORRHAGIC,ROUTE_RegionalMedicalCenterOfSanJose,0.24,15.241666666666667,ROUTE_RegionalMedicalCenterOfSanJose,0.24,15.241666666666667,ROUTE_RegionalMedicalCenterOfSanJose,0.24,15.241666666666667,ROUTE_RegionalMedicalCenterOfSanJose,0.24,15.241666666666667
37.47194444441737,-122.14944444439955,247.96938314861868,NLVO,ROUTE_KaiserFoundationHospitalRedwoodCity,0.4622,9.508333333333333,ROUTE_KaiserFoundationHospitalRedwoodCity,0.4622,9.508333333333333,ROUTE_KaiserFoundationHospitalRedwoodCity,0.4622,9.508333333333333,ROUTE_KaiserFoundationHospitalRedwoodCity,0.4622,9.508333333333333
38.14472222219568,-122.24888888884406,242.99047418722367,LVO,ROUTE_SutterSolanoMedicalCenter,0.24466880000000002,4.463333333333334,ROUTE_SutterSolanoMedicalCenter,0.24466880000000002,4.463333333333334,ROUTE_JohnMuirMedicalCenterWalnutCreekCampus,0.24466880000000002,34.45166666666667,ROUTE_SutterSolanoMedicalCenter,0.24466880000000002,4.463333333333334
37.679444444417534,-122.13444444439953,171.76782666260394,LVO,ROUTE_SutterEdenMedicalCenter,0.26379990291712396,11.693333333333333,ROUTE_StRoseHospital,0.24466880000000002,8.565,ROUTE_SutterEdenMedicalCenter,0.26379990291712396,11.693333333333333,ROUTE_KaiserFoundationHospitalSanLeandro,0.26415276568252444,10.066666666666666
37.59916666663969,-122.40333333328864,268.2491750448834,LVO,ROUTE_MillsPeninsulaMedicalCenterSutter,0.24466880000000002,6.335,ROUTE_MillsPeninsulaMedicalCenterSutter,0.24466880000000002,6.335,ROUTE_MillsPeninsulaMedicalCenterSutter,0.24466880000000002,6.335,ROUTE_MillsPeninsulaMedicalCenterSutter,0.24466880000000002,6.335
38.22361111108464,-122.3155555555108,186.32600776465145,HEMORRHAGIC,ROUTE_ProvidenceQueenOfTheValleyMedicalCenter,0.24,22.305,ROUTE_ProvidenceQueenOfTheValleyMedicalCenter,0.24,22.305,ROUTE_JohnMuirMedicalCenterWalnutCreekCampus,0.24,58.025,ROUTE_ProvidenceQueenOfTheValleyMedicalCenter,0.24,22.305
37.58166666663968,-122.47222222217758,108.11255507636736,LVO,ROUTE_MillsPeninsulaMedicalCenterSutter,0.41633811282143607,28.685,ROUTE_AHMCSetonMedicalCenter,0.2795638337679766,21.021666666666665,ROUTE_MillsPeninsulaMedicalCenterSutter,0.41633811282143607,28.685,ROUTE_AHMCSetonMedicalCenter,0.2795638337679766,21.021666666666665
38.27277777775134,-122.02166666662167,46.6952000636963,LVO,ROUTE_JohnMuirMedicalCenterWalnutCreekCampus,0.4352504149852191,45.205000000000005,ROUTE_NorthBayMedicalCenter,0.3003695455352966,10.945,ROUTE_JohnMuirMedicalCenterWalnutCreekCampus,0.4352504149852191,45.205000000000005,ROUTE_NorthBayMedicalCenter,0.3003695455352966,10.945
37.709166666639774,-122.10999999995506,224.44479914099549,LVO,ROUTE_SutterEdenMedicalCenter,0.24466880000000002,7.206666666666666,ROUTE_SutterEdenMedicalCenter,0.24466880000000002,7.206666666666666,ROUTE_SutterEdenMedicalCenter,0.24466880000000002,7.206666666666666,ROUTE_SutterEdenMedicalCenter,0.24466880000000002,7.206666666666666
37.36805555552839,-122.04638888884391,161.165594937523,NLVO,ROUTE_ElCaminoHealthMountainView,0.5220224524284143,11.541666666666666,ROUTE_ElCaminoHealthMountainView,0.5220224524284143,11.541666666666666,ROUTE_ElCaminoHealthMountainView,0.5220224524284143,11.541666666666666,ROUTE_ElCaminoHealthMountainView,0.5220224524284143,11.541666666666666
37.92444444441773,-121.61916666662134,135.4913974809873,HEMORRHAGIC,ROUTE_JohnMuirMedicalCenterWalnutCreekCampus,0.24,48.638333333333335,ROUTE_KaiserFoundationHospitalAntioch,0.24,23.113333333333333,ROUTE_JohnMuirMedicalCenterWalnutCreekCampus,0.24,48.638333333333335,ROUTE_KaiserFoundationHospitalAntioch,0.24,23.113333333333333
37.785833333306506,-122.41333333328865,147.87249682915694,LVO,ROUTE_CPMCDaviesCampusSutter,0.4081601695909394,9.116666666666667,ROUTE_UCSFHealthHydeHospital,0.2730197141436051,2.93,ROUTE_CPMCDaviesCampusSutter,0.4081601695909394,9.116666666666667,ROUTE_UCSFHealthHydeHospital,0.2730197141436051,2.93
37.55944444441744,-121.9872222221772,98.54967717988558,HEMORRHAGIC,ROUTE_SutterEdenMedicalCenter,0.24,28.831666666666667,ROUTE_WashingtonHospitalHealthcareSystem,0.24,2.9266666666666667,ROUTE_SutterEdenMedicalCenter,0.24,28.831666666666667,ROUTE_WashingtonHospitalHealthcareSystem,0.24,2.9266666666666667
37.75138888886203,-122.47944444439982,148.67234563010805,HEMORRHAGIC,ROUTE_UCSFMedicalCenter,0.24,6.908333333333333,ROUTE_UCSFMedicalCenter,0.24,6.908333333333333,ROUTE_UCSFMedicalCenter,0.24,6.908333333333333,ROUTE_UCSFMedicalCenter,0.24,6.908333333333333
38.10722222219565,-122.5819444443999,80.83435833623582,MIMIC,ROUTE_UCSFMedicalCenter,0.9,50.76833333333333,ROUTE_NovatoCommunityHospitalSutter,0.9,9.19,ROUTE_UCSFMedicalCenter,0.9,50.76833333333333,ROUTE_NovatoCommunityHospitalSutter,0.9,9.19
37.831666666639876,-122.12749999995509,247.68592840127147,HEMORRHAGIC,ROUTE_KaiserFoundationHospitalWalnutCreek,0.24,19.698333333333334,ROUTE_KaiserFoundationHospitalWalnutCreek,0.24,19.698333333333334,ROUTE_JohnMuirMedicalCenterWalnutCreekCampus,0.24,21.96833333333333,ROUTE_KaiserFoundationHospitalWalnutCreek,0.24,19.698333333333334
37.43861111108401,-121.87999999995489,167.59071426241957,HEMORRHAGIC,ROUTE_RegionalMedicalCenterOfSanJose,0.24,12.205,ROUTE_RegionalMedicalCenterOfSanJose,0.24,12.205,ROUTE_RegionalMedicalCenterOfSanJose,0.24,12.205,ROUTE_RegionalMedicalCenterOfSanJose,0.24,12.205
37.38722222219508,-122.12444444439953,76.84185893647306,LVO,ROUTE_ElCaminoHealthMountainView,0.4324963246259048,13.696666666666665,ROUTE_ElCaminoHealthMountainView,0.4324963246259048,13.696666666666665,ROUTE_ElCaminoHealthMountainView,0.4324963246259048,13.696666666666665,ROUTE_ElCaminoHealthMountainView,0.4324963246259048,13.696666666666665
37.795555555528736,-122.40722222217754,70.11006141038311,HEMORRHAGIC,ROUTE_CPMCDaviesCampusSutter,0.24,10.986666666666668,ROUTE_ChineseHospital,0.24,0.765,ROUTE_CPMCDaviesCampusSutter,0.24,10.986666666666668,ROUTE_ChineseHospital,0.24,0.765
37.45277777775068,-122.22666666662182,233.12897493200052,HEMORRHAGIC,ROUTE_SequoiaHospital,0.24,11.573333333333332,ROUTE_SequoiaHospital,0.24,11.573333333333332,ROUTE_KaiserFoundationHospitalRedwoodCity,0.24,13.07,ROUTE_SequoiaHospital,0.24,11.573333333333332
37.94916666663997,-122.52694444439985,154.32159799951108,NLVO,ROUTE_UCSFMedicalCenter,0.5151905488064126,33.21333333333333,ROUTE_MarinHealthMedicalCenter,0.5312090662832979,2.9316666666666666,ROUTE_UCSFMedicalCenter,0.5151905488064126,33.21333333333333,ROUTE_MarinHealthMedicalCenter,0.5312090662832979,2.9316666666666666
37.94472222219552,-122.3533333332886,213.13359762847355,LVO,ROUTE_KaiserFoundationHospitalRichmondCampus,0.2551052727658047,3.635,ROUTE_KaiserFoundationHospitalRichmondCampus,0.2551052727658047,3.635,ROUTE_CPMCDaviesCampusSutter,0.24466880000000002,34.775,ROUTE_KaiserFoundationHospitalRichmondCampus,0.2551052727658047,3.635
37.96527777775109,-122.09888888884394,41.90666355967455,LVO,ROUTE_JohnMuirMedicalCenterWalnutCreekCampus,0.44621775032824085,16.793333333333333,ROUTE_ContraCostaRegionalMedicalCenter,0.40072820123220604,9.538333333333332,ROUTE_JohnMuirMedicalCenterWalnutCreekCampus,0.44621775032824085,16.793333333333333,ROUTE_JohnMuirMedicalCenterConcordCampus,0.43152996568730617,14.385
37.903888888862156,-122.05333333328836,257.8873106213473,NLVO,ROUTE_JohnMuirMedicalCenterWalnutCreekCampus,0.4622,4.011666666666667,ROUTE_JohnMuirMedicalCenterWalnutCreekCampus,0.4622,4.011666666666667,ROUTE_JohnMuirMedicalCenterWalnutCreekCampus,0.4622,4.011666666666667,ROUTE_JohnMuirMedicalCenterWalnutCreekCampus,0.4622,4.011666666666667
37.399444444417306,-121.9252777777327,113.96474320891225,LVO,ROUTE_RegionalMedicalCenterOfSanJose,0.41882848993155875,16.548333333333332,ROUTE_OConnorHospital,0.27871886545488267,14.096666666666666,ROUTE_RegionalMedicalCenterOfSanJose,0.41882848993155875,16.548333333333332,ROUTE_OConnorHospital,0.27871886545488267,14.096666666666666
37.896944444417706,-122.27138888884409,234.5157288235177,NLVO,ROUTE_AltaBatesSummitMedicalCenterAltaBatesCampus,0.4622,13.253333333333334,ROUTE_AltaBatesSummitMedicalCenterAltaBatesCampus,0.4622,13.253333333333334,ROUTE_JohnMuirMedicalCenterWalnutCreekCampus,0.4622,32.461666666666666,ROUTE_KaiserFoundationHospitalRichmondCampus,0.4622,19.85666666666667
38.2530555555291,-122.05861111106614,61.7468514918686,HEMORRHAGIC,ROUTE_JohnMuirMedicalCenterWalnutCreekCampus,0.24,39.84666666666667,ROUTE_NorthBayMedicalCenter,0.24,6.3966666666666665,ROUTE_JohnMuirMedicalCenterWalnutCreekCampus,0.24,39.84666666666667,ROUTE_NorthBayMedicalCenter,0.24,6.3966666666666665
37.94777777775108,-122.09805555551061,153.46991464109882,HEMORRHAGIC,ROUTE_JohnMuirMedicalCenterWalnutCreekCampus,0.24,14.541666666666666,ROUTE_ContraCostaRegionalMedicalCenter,0.24,12.51,ROUTE_JohnMuirMedicalCenterWalnutCreekCampus,0.24,14.541666666666666,ROUTE_JohnMuirMedicalCenterConcordCampus,0.24,12.758333333333333
38.45027777775148,-121.84416666662152,175.0883916665135,NLVO,ROUTE_KaiserFoundationHospitalVacaville,0.5134385166683052,12.976666666666667,ROUTE_KaiserFoundationHospitalVacaville,0.5134385166683052,12.976666666666667,ROUTE_JohnMuirMedicalCenterWalnutCreekCampus,0.4622,59.906666666666666,ROUTE_KaiserFoundationHospitalVacaville,0.5134385166683052,12.976666666666667
37.73472222219535,-122.44083333328867,120.83029478347439,LVO,ROUTE_UCSFMedicalCenter,0.41827196261640365,11.031666666666666,ROUTE_CPMCMissionBernalCampusSutter,0.2797230701420548,6.0,ROUTE_UCSFMedicalCenter,0.41827196261640365,11.031666666666666,ROUTE_CPMCMissionBernalCampusSutter,0.2797230701420548,6.0
37.79111111108429,-121.94638888884383,121.24791062497125,LVO,ROUTE_JohnMuirMedicalCenterWalnutCreekCampus,0.4136168422134755,23.6,ROUTE_SanRamonRegionalMedicalCenter,0.2794284982275093,6.746666666666667,ROUTE_JohnMuirMedicalCenterWalnutCreekCampus,0.4136168422134755,23.6,ROUTE_SanRamonRegionalMedicalCenter,0.2794284982275093,6.746666666666667
37.9008333333066,-122.27777777773298,112.5694714078028,NLVO,ROUTE_JohnMuirMedicalCenterWalnutCreekCampus,0.5344395200907918,34.68,ROUTE_AltaBatesSummitMedicalCenterAltaBatesCampus,0.4622,14.303333333333335,ROUTE_JohnMuirMedicalCenterWalnutCreekCampus,0.5344395200907918,34.68,ROUTE_KaiserFoundationHospitalRichmondCampus,0.5456886716465986,18.378333333333334
37.596111111084134,-122.06555555551058,73.97579543616325,LVO,ROUTE_SutterEdenMedicalCenter,0.43352936407006154,18.14333333333333,ROUTE_StRoseHospital,0.25487564945024643,8.981666666666666,ROUTE_SutterEdenMedicalCenter,0.43352936407006154,18.14333333333333,ROUTE_KaiserFoundationHospitalSanLeandro,0.2891983731000793,16.45
37.47472222219515,-122.24638888884407,172.6005191666367,NLVO,ROUTE_KaiserFoundationHospitalRedwoodCity,0.5190917689570564,8.853333333333333,ROUTE_SequoiaHospital,0.5209124310537965,4.163333333333333,ROUTE_KaiserFoundationHospitalRedwoodCity,0.5190917689570564,8.853333333333333,ROUTE_SequoiaHospital,0.5209124310537965,4.163333333333333
37.532222222195195,-122.28861111106633,225.4449813596844,LVO,ROUTE_SanMateoMedicalCenter,0.24466880000000002,6.076666666666667,ROUTE_SanMateoMedicalCenter,0.24466880000000002,6.076666666666667,ROUTE_KaiserFoundationHospitalRedwoodCity,0.24466880000000002,13.718333333333334,ROUTE_KaiserFoundationHospitalRedwoodCity,0.24466880000000002,13.718333333333334
37.99361111108445,-122.03583333328835,152.09343976336427,HEMORRHAGIC,ROUTE_JohnMuirMedicalCenterWalnutCreekCampus,0.24,16.86,ROUTE_JohnMuirMedicalCenterConcordCampus,0.24,3.9633333333333334,ROUTE_JohnMuirMedicalCenterWalnutCreekCampus,0.24,16.86,ROUTE_JohnMuirMedicalCenterConcordCampus,0.24,3.9633333333333334
37.52222222219518,-121.94749999995494,171.14222073204556,HEMORRHAGIC,ROUTE_RegionalMedicalCenterOfSanJose,0.24,17.146666666666665,ROUTE_KaiserFoundationHospitalFremont,0.24,10.72,ROUTE_RegionalMedicalCenterOfSanJose,0.24,17.146666666666665,ROUTE_KaiserFoundationHospitalFremont,0.24,10.72
37.751666666639814,-122.4555555555109,138.2458487324315,LVO,ROUTE_UCSFMedicalCenter,0.41359220057277507,4.3116666666666665,ROUTE_UCSFMedicalCenter,0.41359220057277507,4.3116666666666665,ROUTE_UCSFMedicalCenter,0.41359220057277507,4.3116666666666665,ROUTE_UCSFMedicalCenter,0.41359220057277507,4.3116666666666665
37.521111111084075,-121.92694444439937,267.4099908923481,HEMORRHAGIC,ROUTE_KaiserFoundationHospitalFremont,0.24,12.438333333333333,ROUTE_KaiserFoundationHospitalFremont,0.24,12.438333333333333,ROUTE_RegionalMedicalCenterOfSanJose,0.24,19.158333333333335,ROUTE_KaiserFoundationHospitalFremont,0.24,12.438333333333333
37.738611111084246,-122.17611111106623,166.22849989806895,LVO,ROUTE_SutterEdenMedicalCenter,0.2644578369196106,15.493333333333334,ROUTE_KaiserFoundationHospitalSanLeandro,0.266361446866369,9.618333333333334,ROUTE_SutterEdenMedicalCenter,0.2644578369196106,15.493333333333334,ROUTE_KaiserFoundationHospitalSanLeandro,0.266361446866369,9.618333333333334
37.66361111108419,-122.07222222217726,199.73107971478655,LVO,ROUTE_SutterEdenMedicalCenter,0.2561151079652231,12.995000000000001,ROUTE_StRoseHospital,0.24466880000000002,10.768333333333334,ROUTE_SutterEdenMedicalCenter,0.2561151079652231,12.995000000000001,ROUTE_SutterEdenMedicalCenter,0.2561151079652231,12.995000000000001
38.14472222219568,-122.23833333328851,206.05079757699738,LVO,ROUTE_SutterSolanoMedicalCenter,0.25639624514084297,7.443333333333333,ROUTE_SutterSolanoMedicalCenter,0.25639624514084297,7.443333333333333,ROUTE_JohnMuirMedicalCenterWalnutCreekCampus,0.24466880000000002,33.275,ROUTE_SutterSolanoMedicalCenter,0.25639624514084297,7.443333333333333
37.9499999999733,-122.34611111106638,184.87880957041256,HEMORRHAGIC,ROUTE_KaiserFoundationHospitalRichmondCampus,0.24,4.911666666666666,ROUTE_KaiserFoundationHospitalRichmondCampus,0.24,4.911666666666666,ROUTE_CPMCDaviesCampusSutter,0.24,34.335,ROUTE_KaiserFoundationHospitalRichmondCampus,0.24,4.911666666666666
37.675833333306414,-121.90555555551046,59.637377368676354,MIMIC,ROUTE_SutterEdenMedicalCenter,0.9,21.36,ROUTE_StanfordHealthCareTriValley,0.9,7.543333333333334,ROUTE_SutterEdenMedicalCenter,0.9,21.36,ROUTE_StanfordHealthCareTriValley,0.9,7.543333333333334
37.6949999999731,-122.06611111106615,170.5512636127117,HEMORRHAGIC,ROUTE_SutterEdenMedicalCenter,0.24,7.118333333333334,ROUTE_SutterEdenMedicalCenter,0.24,7.118333333333334,ROUTE_SutterEdenMedicalCenter,0.24,7.118333333333334,ROUTE_SutterEdenMedicalCenter,0.24,7.118333333333334
37.77722222219539,-122.46472222217757,264.7242411242727,LVO,ROUTE_UCSFHealthStanyanHospital,0.24466880000000002,3.731666666666667,ROUTE_UCSFHealthStanyanHospital,0.24466880000000002,3.731666666666667,ROUTE_UCSFMedicalCenter,0.24466880000000002,6.666666666666667,ROUTE_UCSFHealthStanyanHospital,0.24466880000000002,3.731666666666667
38.25277777775133,-121.99583333328832,33.12127396387511,LVO,ROUTE_JohnMuirMedicalCenterWalnutCreekCampus,0.4362129078017256,47.998333333333335,ROUTE_NorthBayMedicalCenter,0.4310391550583087,15.026666666666667,ROUTE_JohnMuirMedicalCenterWalnutCreekCampus,0.4362129078017256,47.998333333333335,ROUTE_NorthBayMedicalCenter,0.4310391550583087,15.026666666666667
37.94888888886219,-122.51805555551095,100.24438775053079,HEMORRHAGIC,ROUTE_UCSFMedicalCenter,0.24,32.861666666666665,ROUTE_MarinHealthMedicalCenter,0.24,4.008333333333334,ROUTE_UCSFMedicalCenter,0.24,32.861666666666665,ROUTE_MarinHealthMedicalCenter,0.24,4.008333333333334
37.96416666663998,-122.28527777773299,38.0657072278207,LVO,ROUTE_JohnMuirMedicalCenterWalnutCreekCampus,0.43762230564961674,32.82833333333333,ROUTE_KaiserFoundationHospitalRichmondCampus,0.300719426661595,17.908333333333335,ROUTE_JohnMuirMedicalCenterWalnutCreekCampus,0.43762230564961674,32.82833333333333,ROUTE_KaiserFoundationHospitalRichmondCampus,0.300719426661595,17.908333333333335
37.99222222219556,-122.08416666662171,209.11366088099928,HEMORRHAGIC,ROUTE_JohnMuirMedicalCenterConcordCampus,0.24,9.246666666666666,ROUTE_ContraCostaRegionalMedicalCenter,0.24,9.011666666666667,ROUTE_JohnMuirMedicalCenterWalnutCreekCampus,0.24,16.788333333333334,ROUTE_JohnMuirMedicalCenterConcordCampus,0.24,9.246666666666666
38.264999999973554,-122.04805555551057,211.04426764628127,NLVO,ROUTE_NorthBayMedicalCenter,0.5009627436505717,3.5616666666666665,ROUTE_NorthBayMedicalCenter,0.5009627436505717,3.5616666666666665,ROUTE_JohnMuirMedicalCenterWalnutCreekCampus,0.4622,41.333333333333336,ROUTE_NorthBayMedicalCenter,0.5009627436505717,3.5616666666666665
37.459999999972915,-121.91499999995492,142.03634038981437,HEMORRHAGIC,ROUTE_RegionalMedicalCenterOfSanJose,0.24,14.898333333333333,ROUTE_RegionalMedicalCenterOfSanJose,0.24,14.898333333333333,ROUTE_RegionalMedicalCenterOfSanJose,0.24,14.898333333333333,ROUTE_RegionalMedicalCenterOfSanJose,0.24,14.898333333333333
37.945555555528856,-122.3533333332886,267.6965249789947,HEMORRHAGIC,ROUTE_KaiserFoundationHospitalRichmondCampus,0.24,3.3433333333333333,ROUTE_KaiserFoundationHospitalRichmondCampus,0.24,3.3433333333333333,ROUTE_CPMCDaviesCampusSutter,0.24,34.88333333333333,ROUTE_KaiserFoundationHospitalRichmondCampus,0.24,3.3433333333333333
37.74861111108425,-122.41055555551087,72.68597388918687,LVO,ROUTE_CPMCDaviesCampusSutter,0.43654951817346205,8.941666666666666,ROUTE_ZuckerbergSanFranciscoGeneralHospital,0.4243204696149542,3.7366666666666664,ROUTE_CPMCDaviesCampusSutter,0.43654951817346205,8.941666666666666,ROUTE_ZuckerbergSanFranciscoGeneralHospital,0.4243204696149542,3.7366666666666664
37.59499999997302,-122.02305555551055,92.29868542547577,LVO,ROUTE_SutterEdenMedicalCenter,0.4237657061832959,23.668333333333333,ROUTE_StRoseHospital,0.24466880000000002,14.504999999999999,ROUTE_SutterEdenMedicalCenter,0.4237657061832959,23.668333333333333,ROUTE_WashingtonHospitalHealthcareSystem,0.2844613712081909,16.61
37.45749999997291,-121.87833333328823,48.97207904766171,NLVO,ROUTE_RegionalMedicalCenterOfSanJose,0.5804077978569083,12.22,ROUTE_RegionalMedicalCenterOfSanJose,0.5804077978569083,12.22,ROUTE_RegionalMedicalCenterOfSanJose,0.5804077978569083,12.22,ROUTE_RegionalMedicalCenterOfSanJose,0.5804077978569083,12.22
37.746944444417586,-122.50333333328872,110.91370559683916,HEMORRHAGIC,ROUTE_UCSFMedicalCenter,0.24,11.083333333333334,ROUTE_UCSFMedicalCenter,0.24,11.083333333333334,ROUTE_UCSFMedicalCenter,0.24,11.083333333333334,ROUTE_UCSFMedicalCenter,0.24,11.083333333333334
37.82361111108431,-122.25222222217741,242.439001405885,LVO,ROUTE_KaiserFoundationHospitalOaklandRichmond,0.24466880000000002,3.15,ROUTE_KaiserFoundationHospitalOaklandRichmond,0.24466880000000002,3.15,ROUTE_SutterEdenMedicalCenter,0.24466880000000002,21.30666666666667,ROUTE_KaiserFoundationHospitalOaklandRichmond,0.24466880000000002,3.15
38.06527777775117,-122.16194444439955,49.45743678565657,HEMORRHAGIC,ROUTE_JohnMuirMedicalCenterWalnutCreekCampus,0.24,23.02,ROUTE_ContraCostaRegionalMedicalCenter,0.24,12.205,ROUTE_JohnMuirMedicalCenterWalnutCreekCampus,0.24,23.02,ROUTE_SutterSolanoMedicalCenter,0.24,13.07
38.02555555552892,-122.2561111110663,170.5968203762094,NLVO,ROUTE_JohnMuirMedicalCenterWalnutCreekCampus,0.509093496678088,30.375,ROUTE_ContraCostaRegionalMedicalCenter,0.4622,17.328333333333333,ROUTE_JohnMuirMedicalCenterWalnutCreekCampus,0.509093496678088,30.375,ROUTE_SutterSolanoMedicalCenter,0.5159610212922009,18.240000000000002
37.71805555552867,-122.08555555551061,226.88106292230265,LVO,ROUTE_SutterEdenMedicalCenter,0.24466880000000002,8.43,ROUTE_SutterEdenMedicalCenter,0.24466880000000002,8.43,ROUTE_SutterEdenMedicalCenter,0.24466880000000002,8.43,ROUTE_SutterEdenMedicalCenter,0.24466880000000002,8.43
37.52749999997297,-122.30388888884411,228.94692206288082,LVO,ROUTE_SanMateoMedicalCenter,0.24466880000000002,2.8583333333333334,ROUTE_SanMateoMedicalCenter,0.24466880000000002,2.8583333333333334,ROUTE_KaiserFoundationHospitalRedwoodCity,0.24466880000000002,15.886666666666667,ROUTE_KaiserFoundationHospitalRedwoodCity,0.24466880000000002,15.886666666666667
37.92083333330661,-122.08694444439949,38.75220935304167,NLVO,ROUTE_JohnMuirMedicalCenterWalnutCreekCampus,0.5854712400429649,12.413333333333332,ROUTE_JohnMuirMedicalCenterWalnutCreekCampus,0.5854712400429649,12.413333333333332,ROUTE_JohnMuirMedicalCenterWalnutCreekCampus,0.5854712400429649,12.413333333333332,ROUTE_JohnMuirMedicalCenterWalnutCreekCampus,0.5854712400429649,12.413333333333332
37.535555555528525,-122.23861111106629,236.84001505350795,HEMORRHAGIC,ROUTE_KaiserFoundationHospitalRedwoodCity,0.24,16.345000000000002,ROUTE_KaiserFoundationHospitalRedwoodCity,0.24,16.345000000000002,ROUTE_KaiserFoundationHospitalRedwoodCity,0.24,16.345000000000002,ROUTE_KaiserFoundationHospitalRedwoodCity,0.24,16.345000000000002
38.255277777751324,-122.61111111106658,211.86644012328452,LVO,ROUTE_PetalumaValleyHospitalProvidence,0.25488692012932646,6.131666666666666,ROUTE_PetalumaValleyHospitalProvidence,0.25488692012932646,6.131666666666666,ROUTE_UCSFMedicalCenter,0.24466880000000002,63.01,ROUTE_PetalumaValleyHospitalProvidence,0.25488692012932646,6.131666666666666
37.436111111084,-122.1891666666218,49.7593279995199,HEMORRHAGIC,ROUTE_StanfordHealthCare,0.24,9.463333333333333,ROUTE_StanfordHealthCare,0.24,9.463333333333333,ROUTE_StanfordHealthCare,0.24,9.463333333333333,ROUTE_StanfordHealthCare,0.24,9.463333333333333
37.43861111108401,-121.88888888884378,80.82420474257015,HEMORRHAGIC,ROUTE_RegionalMedicalCenterOfSanJose,0.24,11.345,ROUTE_RegionalMedicalCenterOfSanJose,0.24,11.345,ROUTE_RegionalMedicalCenterOfSanJose,0.24,11.345,ROUTE_RegionalMedicalCenterOfSanJose,0.24,11.345
38.08361111108452,-122.55444444439988,44.94986897410154,NLVO,ROUTE_UCSFMedicalCenter,0.5599946502417312,51.305,ROUTE_NovatoCommunityHospitalSutter,0.5842927504330715,8.888333333333332,ROUTE_UCSFMedicalCenter,0.5599946502417312,51.305,ROUTE_NovatoCommunityHospitalSutter,0.5842927504330715,8.888333333333332
37.69555555552866,-122.16027777773289,204.4075388017966,LVO,ROUTE_KaiserFoundationHospitalSanLeandro,0.2573594737040028,3.8,ROUTE_KaiserFoundationHospitalSanLeandro,0.2573594737040028,3.8,ROUTE_SutterEdenMedicalCenter,0.2555775886345602,11.365,ROUTE_KaiserFoundationHospitalSanLeandro,0.2573594737040028,3.8
37.47888888886182,-122.19194444439958,197.63889151399155,HEMORRHAGIC,ROUTE_KaiserFoundationHospitalRedwoodCity,0.24,8.09,ROUTE_KaiserFoundationHospitalRedwoodCity,0.24,8.09,ROUTE_KaiserFoundationHospitalRedwoodCity,0.24,8.09,ROUTE_KaiserFoundationHospitalRedwoodCity,0.24,8.09
37.764722222195374,-122.40666666662197,189.20015587163627,HEMORRHAGIC,ROUTE_CPMCDaviesCampusSutter,0.24,7.921666666666667,ROUTE_ZuckerbergSanFranciscoGeneralHospital,0.24,3.045,ROUTE_CPMCDaviesCampusSutter,0.24,7.921666666666667,ROUTE_ZuckerbergSanFranciscoGeneralHospital,0.24,3.045
37.772499999973164,-122.48972222217759,216.31309991452727,HEMORRHAGIC,ROUTE_UCSFHealthStanyanHospital,0.24,7.605,ROUTE_UCSFHealthStanyanHospital,0.24,7.605,ROUTE_UCSFMedicalCenter,0.24,7.743333333333334,ROUTE_UCSFHealthStanyanHospital,0.24,7.605
37.56583333330633,-122.0477777777328,32.26551193900172,NLVO,ROUTE_SutterEdenMedicalCenter,0.5847071176374264,22.96833333333333,ROUTE_StRoseHospital,0.5183115782081847,13.806666666666667,ROUTE_SutterEdenMedicalCenter,0.5847071176374264,22.96833333333333,ROUTE_WashingtonHospitalHealthcareSystem,0.5875852659290608,18.445
37.65249999997307,-121.883611111066,61.244260818675585,HEMORRHAGIC,ROUTE_SutterEdenMedicalCenter,0.24,22.42,ROUTE_StanfordHealthCareTriValley,0.24,12.648333333333333,ROUTE_SutterEdenMedicalCenter,0.24,22.42,ROUTE_StanfordHealthCareTriValley,0.24,12.648333333333333
37.67333333330642,-122.49055555551094,233.31494382214234,HEMORRHAGIC,ROUTE_AHMCSetonMedicalCenter,0.24,9.451666666666666,ROUTE_AHMCSetonMedicalCenter,0.24,9.451666666666666,ROUTE_MillsPeninsulaMedicalCenterSutter,0.24,19.061666666666667,ROUTE_AHMCSetonMedicalCenter,0.24,9.451666666666666
37.510555555528505,-122.29805555551077,106.48502332697969,LVO,ROUTE_KaiserFoundationHospitalRedwoodCity,0.4211609018402399,17.62,ROUTE_SanMateoMedicalCenter,0.24466880000000002,7.326666666666667,ROUTE_KaiserFoundationHospitalRedwoodCity,0.4211609018402399,17.62,ROUTE_SequoiaHospital,0.28180084655450766,13.968333333333334
37.44916666663957,-121.9152777777327,235.91994894380008,HEMORRHAGIC,ROUTE_OConnorHospital,0.24,17.483333333333334,ROUTE_OConnorHospital,0.24,17.483333333333334,ROUTE_RegionalMedicalCenterOfSanJose,0.24,17.91,ROUTE_OConnorHospital,0.24,17.483333333333334
37.76666666663982,-122.45666666662201,253.14310003694055,NLVO,ROUTE_UCSFMedicalCenter,0.4622,2.4650000000000003,ROUTE_UCSFMedicalCenter,0.4622,2.4650000000000003,ROUTE_UCSFMedicalCenter,0.4622,2.4650000000000003,ROUTE_UCSFMedicalCenter,0.4622,2.4650000000000003
37.770277777750934,-122.43499999995534,55.18191144403662,LVO,ROUTE_CPMCDaviesCampusSutter,0.4469664849558605,1.1866666666666668,ROUTE_CPMCDaviesCampusSutter,0.4469664849558605,1.1866666666666668,ROUTE_CPMCDaviesCampusSutter,0.4469664849558605,1.1866666666666668,ROUTE_CPMCDaviesCampusSutter,0.4469664849558605,1.1866666666666668
37.52416666663963,-121.96194444439939,112.85708707564422,LVO,ROUTE_RegionalMedicalCenterOfSanJose,0.41532379592321234,21.743333333333332,ROUTE_KaiserFoundationHospitalFremont,0.28074536430555624,9.375,ROUTE_RegionalMedicalCenterOfSanJose,0.41532379592321234,21.743333333333332,ROUTE_KaiserFoundationHospitalFremont,0.28074536430555624,9.375
37.711388888862004,-122.41472222217753,156.6469374024968,HEMORRHAGIC,ROUTE_MillsPeninsulaMedicalCenterSutter,0.24,17.45,ROUTE_CPMCMissionBernalCampusSutter,0.24,12.618333333333334,ROUTE_MillsPeninsulaMedicalCenterSutter,0.24,17.45,ROUTE_CPMCMissionBernalCampusSutter,0.24,12.618333333333334
37.96444444441776,-122.50555555551094,206.6224353902682,LVO,ROUTE_MarinHealthMedicalCenter,0.2549530024786014,10.065,ROUTE_MarinHealthMedicalCenter,0.2549530024786014,10.065,ROUTE_UCSFMedicalCenter,0.24466880000000002,37.39833333333333,ROUTE_MarinHealthMedicalCenter,0.2549530024786014,10.065
37.67638888886197,-121.86249999995488,192.5788536326835,HEMORRHAGIC,ROUTE_StanfordHealthCareTriValley,0.24,8.551666666666668,ROUTE_StanfordHealthCareTriValley,0.24,8.551666666666668,ROUTE_SutterEdenMedicalCenter,0.24,25.6,ROUTE_StanfordHealthCareTriValley,0.24,8.551666666666668
37.74222222219536,-122.45388888884423,84.72517677177183,LVO,ROUTE_UCSFMedicalCenter,0.43285756247755436,7.553333333333333,ROUTE_UCSFMedicalCenter,0.43285756247755436,7.553333333333333,ROUTE_UCSFMedicalCenter,0.43285756247755436,7.553333333333333,ROUTE_UCSFMedicalCenter,0.43285756247755436,7.553333333333333
37.74777777775092,-122.43583333328867,174.20666245351916,LVO,ROUTE_CPMCDaviesCampusSutter,0.2648047054438129,5.775,ROUTE_CPMCMissionBernalCampusSutter,0.26542868772772055,3.6616666666666666,ROUTE_CPMCDaviesCampusSutter,0.2648047054438129,5.775,ROUTE_CPMCMissionBernalCampusSutter,0.26542868772772055,3.6616666666666666
37.5055555555285,-122.27861111106631,53.588910355991565,HEMORRHAGIC,ROUTE_KaiserFoundationHospitalRedwoodCity,0.24,16.208333333333332,ROUTE_SequoiaHospital,0.24,10.493333333333334,ROUTE_KaiserFoundationHospitalRedwoodCity,0.24,16.208333333333332,ROUTE_SequoiaHospital,0.24,10.493333333333334
37.764722222195374,-121.90499999995491,162.88081385772927,HEMORRHAGIC,ROUTE_SutterEdenMedicalCenter,0.24,24.58,ROUTE_SanRamonRegionalMedicalCenter,0.24,11.5,ROUTE_SutterEdenMedicalCenter,0.24,24.58,ROUTE_SanRamonRegionalMedicalCenter,0.24,11.5
37.59027777775079,-122.00194444439943,57.02419360840521,MIMIC,ROUTE_SutterEdenMedicalCenter,0.9,25.965,ROUTE_WashingtonHospitalHealthcareSystem,0.9,12.481666666666666,ROUTE_SutterEdenMedicalCenter,0.9,25.965,ROUTE_WashingtonHospitalHealthcareSystem,0.9,12.481666666666666
38.266666666640226,-122.00694444439944,162.87014154913234,HEMORRHAGIC,ROUTE_JohnMuirMedicalCenterWalnutCreekCampus,0.24,44.84666666666667,ROUTE_NorthBayMedicalCenter,0.24,9.46,ROUTE_JohnMuirMedicalCenterWalnutCreekCampus,0.24,44.84666666666667,ROUTE_NorthBayMedicalCenter,0.24,9.46
37.87444444441769,-122.05833333328836,84.70314163830449,LVO,ROUTE_JohnMuirMedicalCenterWalnutCreekCampus,0.432028563333457,11.183333333333334,ROUTE_KaiserFoundationHospitalWalnutCreek,0.2903687510134739,5.316666666666666,ROUTE_JohnMuirMedicalCenterWalnutCreekCampus,0.432028563333457,11.183333333333334,ROUTE_KaiserFoundationHospitalWalnutCreek,0.2903687510134739,5.316666666666666
37.95694444441775,-121.99638888884387,177.03823343396508,HEMORRHAGIC,ROUTE_JohnMuirMedicalCenterWalnutCreekCampus,0.24,11.141666666666667,ROUTE_JohnMuirMedicalCenterConcordCampus,0.24,10.22,ROUTE_JohnMuirMedicalCenterWalnutCreekCampus,0.24,11.141666666666667,ROUTE_JohnMuirMedicalCenterConcordCampus,0.24,10.22
37.753055555528704,-122.17194444439957,55.49071629175516,NLVO,ROUTE_SutterEdenMedicalCenter,0.5761966618126342,15.253333333333334,ROUTE_SanLeandroHospitalAlamedaHealthSystem,0.5100394232141394,12.998333333333333,ROUTE_SutterEdenMedicalCenter,0.5761966618126342,15.253333333333334,ROUTE_HighlandHospitalWilmaChanCampus,0.5760381612065465,13.873333333333333
37.58611111108412,-122.07861111106615,220.0801014348909,HEMORRHAGIC,ROUTE_StRoseHospital,0.24,11.728333333333333,ROUTE_StRoseHospital,0.24,11.728333333333333,ROUTE_SutterEdenMedicalCenter,0.24,22.23,ROUTE_WashingtonHospitalHealthcareSystem,0.24,20.3
37.45555555552846,-122.43472222217756,190.6654338375336,HEMORRHAGIC,ROUTE_MillsPeninsulaMedicalCenterSutter,0.24,27.65,ROUTE_SanMateoMedicalCenter,0.24,27.44,ROUTE_MillsPeninsulaMedicalCenterSutter,0.24,27.65,ROUTE_MillsPeninsulaMedicalCenterSutter,0.24,27.65
37.83694444441766,-122.2788888888441,213.55916315430773,LVO,ROUTE_KaiserFoundationHospitalOaklandRichmond,0.2539780170342031,7.008333333333334,ROUTE_KaiserFoundationHospitalOaklandRichmond,0.2539780170342031,7.008333333333334,ROUTE_JohnMuirMedicalCenterWalnutCreekCampus,0.24466880000000002,24.418333333333333,ROUTE_KaiserFoundationHospitalOaklandRichmond,0.2539780170342031,7.008333333333334
38.44972222219592,-121.8141666666215,133.03640541447646,LVO,ROUTE_JohnMuirMedicalCenterWalnutCreekCampus,0.2620493197122067,63.63333333333333,ROUTE_KaiserFoundationHospitalVacaville,0.2728354835933049,16.703333333333333,ROUTE_JohnMuirMedicalCenterWalnutCreekCampus,0.2620493197122067,63.63333333333333,ROUTE_KaiserFoundationHospitalVacaville,0.2728354835933049,16.703333333333333
37.789999999973176,-122.45111111106645,51.85063197861601,LVO,ROUTE_CPMCDaviesCampusSutter,0.44520401462185444,8.888333333333332,ROUTE_KaiserFoundationHospitalSanFrancisco,0.43280451909010464,4.028333333333333,ROUTE_CPMCDaviesCampusSutter,0.44520401462185444,8.888333333333332,ROUTE_KaiserFoundationHospitalSanFrancisco,0.43280451909010464,4.028333333333333
37.3780555555284,-122.08833333328839,268.9523559495493,NLVO,ROUTE_ElCaminoHealthMountainView,0.4622,6.206666666666666,ROUTE_ElCaminoHealthMountainView,0.4622,6.206666666666666,ROUTE_ElCaminoHealthMountainView,0.4622,6.206666666666666,ROUTE_ElCaminoHealthMountainView,0.4622,6.206666666666666
37.95916666663998,-121.7308333332881,172.45907865325654,MIMIC,ROUTE_JohnMuirMedicalCenterWalnutCreekCampus,0.9,35.52166666666667,ROUTE_KaiserFoundationHospitalAntioch,0.9,11.046666666666665,ROUTE_JohnMuirMedicalCenterWalnutCreekCampus,0.9,35.52166666666667,ROUTE_KaiserFoundationHospitalAntioch,0.9,11.046666666666665
38.03111111108448,-121.94055555551049,91.00756296237604,LVO,ROUTE_JohnMuirMedicalCenterWalnutCreekCampus,0.4225682873264903,22.903333333333332,ROUTE_JohnMuirMedicalCenterConcordCampus,0.28673191428363154,13.143333333333334,ROUTE_JohnMuirMedicalCenterWalnutCreekCampus,0.4225682873264903,22.903333333333332,ROUTE_JohnMuirMedicalCenterConcordCampus,0.28673191428363154,13.143333333333334
37.50111111108406,-122.30527777773301,74.26531772191149,LVO,ROUTE_MillsPeninsulaMedicalCenterSutter,0.43223436573207036,18.053333333333335,ROUTE_SanMateoMedicalCenter,0.25336924703341424,13.566666666666666,ROUTE_MillsPeninsulaMedicalCenterSutter,0.43223436573207036,18.053333333333335,ROUTE_MillsPeninsulaMedicalCenterSutter,0.43223436573207036,18.053333333333335
38.10777777775121,-122.20388888884403,167.87803797960774,NLVO,ROUTE_JohnMuirMedicalCenterWalnutCreekCampus,0.5139735499421728,29.451666666666664,ROUTE_SutterSolanoMedicalCenter,0.520869828542729,10.148333333333333,ROUTE_JohnMuirMedicalCenterWalnutCreekCampus,0.5139735499421728,29.451666666666664,ROUTE_SutterSolanoMedicalCenter,0.520869828542729,10.148333333333333
37.89638888886215,-122.49583333328872,64.8107970625103,LVO,ROUTE_UCSFMedicalCenter,0.4334080417044668,30.991666666666667,ROUTE_MarinHealthMedicalCenter,0.29397225682461814,14.306666666666667,ROUTE_UCSFMedicalCenter,0.4334080417044668,30.991666666666667,ROUTE_MarinHealthMedicalCenter,0.29397225682461814,14.306666666666667
37.41805555552843,-122.1652777777329,114.33550482776924,MIMIC,ROUTE_StanfordHealthCare,0.9,8.53,ROUTE_StanfordHealthCare,0.9,8.53,ROUTE_StanfordHealthCare,0.9,8.53,ROUTE_StanfordHealthCare,0.9,8.53
37.874722222195466,-122.18388888884402,209.56414382993634,LVO,ROUTE_KaiserFoundationHospitalWalnutCreek,0.253691847871492,14.291666666666666,ROUTE_KaiserFoundationHospitalWalnutCreek,0.253691847871492,14.291666666666666,ROUTE_JohnMuirMedicalCenterWalnutCreekCampus,0.24466880000000002,16.561666666666667,ROUTE_KaiserFoundationHospitalWalnutCreek,0.253691847871492,14.291666666666666
37.77444444441761,-122.19999999995514,175.90047050052007,LVO,ROUTE_SutterEdenMedicalCenter,0.2613525011351674,18.805,ROUTE_HighlandHospitalWilmaChanCampus,0.26318974574294574,10.353333333333333,ROUTE_SutterEdenMedicalCenter,0.2613525011351674,18.805,ROUTE_HighlandHospitalWilmaChanCampus,0.26318974574294574,10.353333333333333
38.31277777775137,-122.30055555551078,48.00398659139837,HEMORRHAGIC,ROUTE_JohnMuirMedicalCenterWalnutCreekCampus,0.24,50.905,ROUTE_ProvidenceQueenOfTheValleyMedicalCenter,0.24,4.385000000000001,ROUTE_JohnMuirMedicalCenterWalnutCreekCampus,0.24,50.905,ROUTE_ProvidenceQueenOfTheValleyMedicalCenter,0.24,4.385000000000001
37.92416666663995,-121.71388888884364,184.42408213380355,LVO,ROUTE_KaiserFoundationHospitalAntioch,0.2592048010234405,12.673333333333334,ROUTE_KaiserFoundationHospitalAntioch,0.2592048010234405,12.673333333333334,ROUTE_JohnMuirMedicalCenterWalnutCreekCampus,0.24466880000000002,38.19833333333334,ROUTE_KaiserFoundationHospitalAntioch,0.2592048010234405,12.673333333333334
38.00583333330668,-121.80194444439927,177.55389709054361,LVO,ROUTE_JohnMuirMedicalCenterWalnutCreekCampus,0.25818039223422995,29.645,ROUTE_SutterDeltaMedicalCenter,0.24466880000000002,6.568333333333333,ROUTE_JohnMuirMedicalCenterWalnutCreekCampus,0.25818039223422995,29.645,ROUTE_KaiserFoundationHospitalAntioch,0.2620533185989815,12.086666666666668
37.80999999997319,-122.23694444439961,259.57764014437964,LVO,ROUTE_HighlandHospitalWilmaChanCampus,0.24466880000000002,6.038333333333333,ROUTE_HighlandHospitalWilmaChanCampus,0.24466880000000002,6.038333333333333,ROUTE_SutterEdenMedicalCenter,0.24466880000000002,20.115000000000002,ROUTE_HighlandHospitalWilmaChanCampus,0.24466880000000002,6.038333333333333
38.084444444417855,-122.16583333328845,196.87046692264772,LVO,ROUTE_SutterSolanoMedicalCenter,0.25690826916110354,15.576666666666666,ROUTE_SutterSolanoMedicalCenter,0.25690826916110354,15.576666666666666,ROUTE_JohnMuirMedicalCenterWalnutCreekCampus,0.2540655952559956,26.703333333333333,ROUTE_SutterSolanoMedicalCenter,0.25690826916110354,15.576666666666666
37.520277777750735,-121.97166666662163,259.8452532830371,LVO,ROUTE_KaiserFoundationHospitalFremont,0.24466880000000002,9.516666666666667,ROUTE_KaiserFoundationHospitalFremont,0.24466880000000002,9.516666666666667,ROUTE_RegionalMedicalCenterOfSanJose,0.24466880000000002,22.14333333333333,ROUTE_KaiserFoundationHospitalFremont,0.24466880000000002,9.516666666666667
37.749444444417584,-122.42111111106644,243.47545630820636,HEMORRHAGIC,ROUTE_CPMCMissionBernalCampusSutter,0.24,2.183333333333333,ROUTE_CPMCMissionBernalCampusSutter,0.24,2.183333333333333,ROUTE_CPMCDaviesCampusSutter,0.24,7.33,ROUTE_CPMCMissionBernalCampusSutter,0.24,2.183333333333333
37.588333333306345,-122.06444444439948,180.51467100835288,LVO,ROUTE_SutterEdenMedicalCenter,0.25787810680970547,21.273333333333333,ROUTE_StRoseHospital,0.24466880000000002,12.111666666666668,ROUTE_SutterEdenMedicalCenter,0.25787810680970547,21.273333333333333,ROUTE_KaiserFoundationHospitalSanLeandro,0.26006839669064435,19.58
37.78666666663984,-122.45333333328868,239.88547169482558,HEMORRHAGIC,ROUTE_KaiserFoundationHospitalSanFrancisco,0.24,3.378333333333333,ROUTE_KaiserFoundationHospitalSanFrancisco,0.24,3.378333333333333,ROUTE_CPMCDaviesCampusSutter,0.24,8.333333333333334,ROUTE_KaiserFoundationHospitalSanFrancisco,0.24,3.378333333333333
38.170555555529035,-122.12833333328842,118.70293979786483,LVO,ROUTE_JohnMuirMedicalCenterWalnutCreekCampus,0.4118900492866764,33.10166666666667,ROUTE_NorthBayMedicalCenter,0.27673435990907724,17.663333333333334,ROUTE_JohnMuirMedicalCenterWalnutCreekCampus,0.4118900492866764,33.10166666666667,ROUTE_NorthBayMedicalCenter,0.27673435990907724,17.663333333333334
38.00083333330668,-122.24416666662185,215.9894455493889,NLVO,ROUTE_ContraCostaRegionalMedicalCenter,0.4622,15.725,ROUTE_ContraCostaRegionalMedicalCenter,0.4622,15.725,ROUTE_JohnMuirMedicalCenterWalnutCreekCampus,0.4622,28.771666666666665,ROUTE_KaiserFoundationHospitalRichmondCampus,0.4622,19.384999999999998
37.76888888886205,-122.4455555555109,233.2413483635803,HEMORRHAGIC,ROUTE_UCSFMedicalCenter,0.24,3.283333333333333,ROUTE_UCSFMedicalCenter,0.24,3.283333333333333,ROUTE_UCSFMedicalCenter,0.24,3.283333333333333,ROUTE_UCSFMedicalCenter,0.24,3.283333333333333
37.89944444441771,-122.53527777773319,265.46330245314124,LVO,ROUTE_MarinHealthMedicalCenter,0.24466880000000002,15.633333333333333,ROUTE_MarinHealthMedicalCenter,0.24466880000000002,15.633333333333333,ROUTE_UCSFMedicalCenter,0.24466880000000002,29.956666666666667,ROUTE_MarinHealthMedicalCenter,0.24466880000000002,15.633333333333333
37.41499999997288,-122.11999999995508,236.98286152202817,LVO,ROUTE_StanfordHealthCare,0.24466880000000002,14.826666666666666,ROUTE_StanfordHealthCare,0.24466880000000002,14.826666666666666,ROUTE_StanfordHealthCare,0.24466880000000002,14.826666666666666,ROUTE_StanfordHealthCare,0.24466880000000002,14.826666666666666
37.751666666639814,-122.42166666662199,165.67094040378998,HEMORRHAGIC,ROUTE_CPMCDaviesCampusSutter,0.24,6.553333333333333,ROUTE_CPMCMissionBernalCampusSutter,0.24,1.8900000000000001,ROUTE_CPMCDaviesCampusSutter,0.24,6.553333333333333,ROUTE_CPMCMissionBernalCampusSutter,0.24,1.8900000000000001
37.775277777750944,-122.47388888884426,223.7300374583971,HEMORRHAGIC,ROUTE_UCSFHealthStanyanHospital,0.24,5.553333333333333,ROUTE_UCSFHealthStanyanHospital,0.24,5.553333333333333,ROUTE_UCSFMedicalCenter,0.24,8.306666666666667,ROUTE_UCSFHealthStanyanHospital,0.24,5.553333333333333
37.70805555552867,-122.09888888884394,231.36309165871813,HEMORRHAGIC,ROUTE_SutterEdenMedicalCenter,0.24,4.19,ROUTE_SutterEdenMedicalCenter,0.24,4.19,ROUTE_SutterEdenMedicalCenter,0.24,4.19,ROUTE_SutterEdenMedicalCenter,0.24,4.19
37.727499999973126,-122.40861111106642,222.80121488491363,LVO,ROUTE_ZuckerbergSanFranciscoGeneralHospital,0.24466880000000002,8.978333333333333,ROUTE_ZuckerbergSanFranciscoGeneralHospital,0.24466880000000002,8.978333333333333,ROUTE_CPMCDaviesCampusSutter,0.24466880000000002,13.751666666666667,ROUTE_ZuckerbergSanFranciscoGeneralHospital,0.24466880000000002,8.978333333333333
37.38222222219507,-122.08527777773283,268.15005759456835,LVO,ROUTE_ElCaminoHealthMountainView,0.24466880000000002,7.863333333333333,ROUTE_ElCaminoHealthMountainView,0.24466880000000002,7.863333333333333,ROUTE_ElCaminoHealthMountainView,0.24466880000000002,7.863333333333333,ROUTE_ElCaminoHealthMountainView,0.24466880000000002,7.863333333333333
37.48888888886182,-122.24055555551072,76.88463766377366,LVO,ROUTE_KaiserFoundationHospitalRedwoodCity,0.4362413617346534,6.875,ROUTE_SequoiaHospital,0.2931170612324224,4.38,ROUTE_KaiserFoundationHospitalRedwoodCity,0.4362413617346534,6.875,ROUTE_SequoiaHospital,0.2931170612324224,4.38
38.24611111108465,-122.59916666662212,188.87862705653006,HEMORRHAGIC,ROUTE_PetalumaValleyHospitalProvidence,0.24,6.863333333333333,ROUTE_PetalumaValleyHospitalProvidence,0.24,6.863333333333333,ROUTE_UCSFMedicalCenter,0.24,62.315000000000005,ROUTE_PetalumaValleyHospitalProvidence,0.24,6.863333333333333
37.805277777750966,-122.2963888888441,90.06017167149568,MIMIC,ROUTE_CPMCDaviesCampusSutter,0.9,24.921666666666667,ROUTE_KaiserFoundationHospitalOaklandRichmond,0.9,9.821666666666665,ROUTE_CPMCDaviesCampusSutter,0.9,24.921666666666667,ROUTE_KaiserFoundationHospitalOaklandRichmond,0.9,9.821666666666665
37.75777777775093,-122.47583333328869,114.06680053956987,HEMORRHAGIC,ROUTE_UCSFMedicalCenter,0.24,4.873333333333333,ROUTE_UCSFMedicalCenter,0.24,4.873333333333333,ROUTE_UCSFMedicalCenter,0.24,4.873333333333333,ROUTE_UCSFMedicalCenter,0.24,4.873333333333333
38.006666666640015,-121.88444444439934,182.9137449870901,HEMORRHAGIC,ROUTE_JohnMuirMedicalCenterWalnutCreekCampus,0.24,23.381666666666668,ROUTE_SutterDeltaMedicalCenter,0.24,12.121666666666666,ROUTE_JohnMuirMedicalCenterWalnutCreekCampus,0.24,23.381666666666668,ROUTE_JohnMuirMedicalCenterConcordCampus,0.24,14.596666666666666
37.763611111084266,-122.41222222217753,185.62553091147558,HEMORRHAGIC,ROUTE_CPMCDaviesCampusSutter,0.24,7.03,ROUTE_ZuckerbergSanFranciscoGeneralHospital,0.24,3.4099999999999997,ROUTE_CPMCDaviesCampusSutter,0.24,7.03,ROUTE_ZuckerbergSanFranciscoGeneralHospital,0.24,3.4099999999999997
37.47361111108403,-122.43472222217756,196.2012511727165,NLVO,ROUTE_MillsPeninsulaMedicalCenterSutter,0.4982605138466692,26.41166666666667,ROUTE_SanMateoMedicalCenter,0.4622,26.201666666666664,ROUTE_MillsPeninsulaMedicalCenterSutter,0.4982605138466692,26.41166666666667,ROUTE_MillsPeninsulaMedicalCenterSutter,0.4982605138466692,26.41166666666667
37.71666666663978,-122.436666666622,185.9509413212969,NLVO,ROUTE_CPMCDaviesCampusSutter,0.5085930956456127,15.543333333333333,ROUTE_CPMCMissionBernalCampusSutter,0.5115296543202815,9.273333333333333,ROUTE_CPMCDaviesCampusSutter,0.5085930956456127,15.543333333333333,ROUTE_CPMCMissionBernalCampusSutter,0.5115296543202815,9.273333333333333
37.71944444441756,-122.38722222217751,225.95880884394793,LVO,ROUTE_CPMCMissionBernalCampusSutter,0.24466880000000002,13.556666666666667,ROUTE_CPMCMissionBernalCampusSutter,0.24466880000000002,13.556666666666667,ROUTE_MillsPeninsulaMedicalCenterSutter,0.24466880000000002,17.873333333333335,ROUTE_CPMCMissionBernalCampusSutter,0.24466880000000002,13.556666666666667
37.67416666663975,-122.08861111106617,183.61837487547092,LVO,ROUTE_SutterEdenMedicalCenter,0.26192638323463896,8.728333333333333,ROUTE_SutterEdenMedicalCenter,0.26192638323463896,8.728333333333333,ROUTE_SutterEdenMedicalCenter,0.26192638323463896,8.728333333333333,ROUTE_SutterEdenMedicalCenter,0.26192638323463896,8.728333333333333
37.543888888861865,-121.96888888884385,41.17165700668465,LVO,ROUTE_RegionalMedicalCenterOfSanJose,0.44473038855085245,25.134999999999998,ROUTE_KaiserFoundationHospitalFremont,0.43399123210812574,4.298333333333333,ROUTE_RegionalMedicalCenterOfSanJose,0.44473038855085245,25.134999999999998,ROUTE_KaiserFoundationHospitalFremont,0.43399123210812574,4.298333333333333
37.71999999997312,-122.4430555555109,204.65598603555745,HEMORRHAGIC,ROUTE_CPMCMissionBernalCampusSutter,0.24,6.8116666666666665,ROUTE_CPMCMissionBernalCampusSutter,0.24,6.8116666666666665,ROUTE_CPMCDaviesCampusSutter,0.24,13.081666666666667,ROUTE_CPMCMissionBernalCampusSutter,0.24,6.8116666666666665
37.508611111084065,-122.2763888888441,86.21036646912087,HEMORRHAGIC,ROUTE_KaiserFoundationHospitalRedwoodCity,0.24,17.223333333333336,ROUTE_SequoiaHospital,0.24,12.155,ROUTE_KaiserFoundationHospitalRedwoodCity,0.24,17.223333333333336,ROUTE_SequoiaHospital,0.24,12.155
37.86138888886212,-122.49277777773315,175.117300880938,LVO,ROUTE_UCSFMedicalCenter,0.25829965464347215,25.133333333333333,ROUTE_MarinHealthMedicalCenter,0.260757677781369,18.216666666666665,ROUTE_UCSFMedicalCenter,0.25829965464347215,25.133333333333333,ROUTE_MarinHealthMedicalCenter,0.260757677781369,18.216666666666665
37.76027777775093,-122.41611111106643,182.03141800848283,LVO,ROUTE_CPMCDaviesCampusSutter,0.26259837929830804,6.386666666666667,ROUTE_ZuckerbergSanFranciscoGeneralHospital,0.26305835743961103,4.53,ROUTE_CPMCDaviesCampusSutter,0.26259837929830804,6.386666666666667,ROUTE_ZuckerbergSanFranciscoGeneralHospital,0.26305835743961103,4.53
37.68194444441753,-122.48666666662204,131.41189585117633,MIMIC,ROUTE_MillsPeninsulaMedicalCenterSutter,0.9,17.605,ROUTE_AHMCSetonMedicalCenter,0.9,4.556666666666667,ROUTE_MillsPeninsulaMedicalCenterSutter,0.9,17.605,ROUTE_AHMCSetonMedicalCenter,0.9,4.556666666666667
37.45333333330624,-121.89583333328824,69.03322137132874,HEMORRHAGIC,ROUTE_RegionalMedicalCenterOfSanJose,0.24,12.354999999999999,ROUTE_RegionalMedicalCenterOfSanJose,0.24,12.354999999999999,ROUTE_RegionalMedicalCenterOfSanJose,0.24,12.354999999999999,ROUTE_RegionalMedicalCenterOfSanJose,0.24,12.354999999999999
37.86444444441768,-122.287777777733,128.65217361094494,LVO,ROUTE_CPMCDaviesCampusSutter,0.40649864516070366,29.928333333333335,ROUTE_AltaBatesSummitMedicalCenterAltaBatesCampus,0.24466880000000002,8.328333333333333,ROUTE_CPMCDaviesCampusSutter,0.40649864516070366,29.928333333333335,ROUTE_KaiserFoundationHospitalOaklandRichmond,0.27535329572761574,13.046666666666665
38.246944444417984,-122.00833333328832,166.5583755660103,HEMORRHAGIC,ROUTE_NorthBayMedicalCenter,0.24,11.685,ROUTE_NorthBayMedicalCenter,0.24,11.685,ROUTE_JohnMuirMedicalCenterWalnutCreekCampus,0.24,45.01833333333333,ROUTE_NorthBayMedicalCenter,0.24,11.685
37.63805555552861,-122.05722222217724,107.37171914137498,LVO,ROUTE_SutterEdenMedicalCenter,0.41968440195269135,17.973333333333336,ROUTE_StRoseHospital,0.24466880000000002,8.66,ROUTE_SutterEdenMedicalCenter,0.41968440195269135,17.973333333333336,ROUTE_KaiserFoundationHospitalSanLeandro,0.2803858188967694,17.715
37.65805555552863,-122.07416666662171,152.39364634696176,HEMORRHAGIC,ROUTE_SutterEdenMedicalCenter,0.24,13.231666666666666,ROUTE_StRoseHospital,0.24,8.645000000000001,ROUTE_SutterEdenMedicalCenter,0.24,13.231666666666666,ROUTE_SutterEdenMedicalCenter,0.24,13.231666666666666
37.87111111108435,-122.25249999995519,190.88828456460115,LVO,ROUTE_AltaBatesSummitMedicalCenterSummitCampus,0.25834651435037354,14.168333333333333,ROUTE_AltaBatesSummitMedicalCenterAltaBatesCampus,0.24466880000000002,5.008333333333334,ROUTE_SutterEdenMedicalCenter,0.2555589586152823,26.961666666666666,ROUTE_AltaBatesSummitMedicalCenterSummitCampus,0.25834651435037354,14.168333333333333
37.78472222219539,-122.41305555551087,197.5743774037599,NLVO,ROUTE_CPMCDaviesCampusSutter,0.5048299071359175,8.903333333333334,ROUTE_UCSFHealthHydeHospital,0.5088156161138715,2.521666666666667,ROUTE_CPMCDaviesCampusSutter,0.5048299071359175,8.903333333333334,ROUTE_UCSFHealthHydeHospital,0.5088156161138715,2.521666666666667
37.59833333330636,-122.02083333328834,120.2690429393254,MIMIC,ROUTE_SutterEdenMedicalCenter,0.9,23.533333333333335,ROUTE_StRoseHospital,0.9,14.201666666666666,ROUTE_SutterEdenMedicalCenter,0.9,23.533333333333335,ROUTE_WashingtonHospitalHealthcareSystem,0.9,15.748333333333333
37.37361111108395,-122.0641666666217,127.81895597833818,HEMORRHAGIC,ROUTE_ElCaminoHealthMountainView,0.24,8.885,ROUTE_ElCaminoHealthMountainView,0.24,8.885,ROUTE_ElCaminoHealthMountainView,0.24,8.885,ROUTE_ElCaminoHealthMountainView,0.24,8.885
37.543333333306315,-122.30722222217746,222.57009112047524,HEMORRHAGIC,ROUTE_SanMateoMedicalCenter,0.24,5.9383333333333335,ROUTE_SanMateoMedicalCenter,0.24,5.9383333333333335,ROUTE_KaiserFoundationHospitalRedwoodCity,0.24,14.811666666666667,ROUTE_KaiserFoundationHospitalRedwoodCity,0.24,14.811666666666667
37.643333333306394,-122.43944444439978,78.79138870823097,HEMORRHAGIC,ROUTE_MillsPeninsulaMedicalCenterSutter,0.24,11.95,ROUTE_KaiserFoundationHospitalSouthSanFrancisco,0.24,6.715,ROUTE_MillsPeninsulaMedicalCenterSutter,0.24,11.95,ROUTE_KaiserFoundationHospitalSouthSanFrancisco,0.24,6.715
37.69222222219532,-122.17944444439956,249.45541963962975,LVO,ROUTE_KaiserFoundationHospitalSanLeandro,0.24466880000000002,6.433333333333334,ROUTE_KaiserFoundationHospitalSanLeandro,0.24466880000000002,6.433333333333334,ROUTE_SutterEdenMedicalCenter,0.24466880000000002,16.470000000000002,ROUTE_KaiserFoundationHospitalSanLeandro,0.24466880000000002,6.433333333333334
37.4172222221951,-122.09166666662172,208.66032737992919,LVO,ROUTE_ElCaminoHealthMountainView,0.254452087532818,11.541666666666666,ROUTE_ElCaminoHealthMountainView,0.254452087532818,11.541666666666666,ROUTE_ElCaminoHealthMountainView,0.254452087532818,11.541666666666666,ROUTE_ElCaminoHealthMountainView,0.254452087532818,11.541666666666666
37.87388888886213,-122.46555555551092,113.48282827883592,HEMORRHAGIC,ROUTE_UCSFMedicalCenter,0.24,37.391666666666666,ROUTE_MarinHealthMedicalCenter,0.24,20.706666666666667,ROUTE_UCSFMedicalCenter,0.24,37.391666666666666,ROUTE_MarinHealthMedicalCenter,0.24,20.706666666666667
37.716111111084224,-122.43749999995534,152.7200321452409,LVO,ROUTE_CPMCDaviesCampusSutter,0.40419496351178796,15.408333333333333,ROUTE_CPMCMissionBernalCampusSutter,0.26993278069593934,9.138333333333332,ROUTE_CPMCDaviesCampusSutter,0.40419496351178796,15.408333333333333,ROUTE_CPMCMissionBernalCampusSutter,0.26993278069593934,9.138333333333332
37.66388888886196,-122.07777777773282,220.43701090300658,LVO,ROUTE_StRoseHospital,0.24466880000000002,9.481666666666666,ROUTE_StRoseHospital,0.24466880000000002,9.481666666666666,ROUTE_SutterEdenMedicalCenter,0.24466880000000002,11.685,ROUTE_SutterEdenMedicalCenter,0.24466880000000002,11.685
37.454999999972905,-122.23499999995516,211.48786740343573,MIMIC,ROUTE_SequoiaHospital,0.9,9.254999999999999,ROUTE_SequoiaHospital,0.9,9.254999999999999,ROUTE_KaiserFoundationHospitalRedwoodCity,0.9,12.921666666666665,ROUTE_SequoiaHospital,0.9,9.254999999999999
37.758055555528706,-122.47472222217759,122.30785456057932,LVO,ROUTE_UCSFMedicalCenter,0.4195128606108349,4.655,ROUTE_UCSFMedicalCenter,0.4195128606108349,4.655,ROUTE_UCSFMedicalCenter,0.4195128606108349,4.655,ROUTE_UCSFMedicalCenter,0.4195128606108349,4.655
37.75472222219537,-122.43138888884421,97.56506828445958,MIMIC,ROUTE_CPMCDaviesCampusSutter,0.9,4.803333333333333,ROUTE_CPMCMissionBernalCampusSutter,0.9,4.39,ROUTE_CPMCDaviesCampusSutter,0.9,4.803333333333333,ROUTE_CPMCMissionBernalCampusSutter,0.9,4.39
37.771111111084274,-121.94111111106605,85.15669502802756,LVO,ROUTE_JohnMuirMedicalCenterWalnutCreekCampus,0.42710525162906066,24.508333333333333,ROUTE_SanRamonRegionalMedicalCenter,0.2901743155353494,6.3933333333333335,ROUTE_JohnMuirMedicalCenterWalnutCreekCampus,0.42710525162906066,24.508333333333333,ROUTE_SanRamonRegionalMedicalCenter,0.2901743155353494,6.3933333333333335
37.721111111084234,-122.39138888884419,268.1679314356919,NLVO,ROUTE_CPMCMissionBernalCampusSutter,0.4622,11.771666666666667,ROUTE_CPMCMissionBernalCampusSutter,0.4622,11.771666666666667,ROUTE_MillsPeninsulaMedicalCenterSutter,0.4622,16.188333333333333,ROUTE_CPMCMissionBernalCampusSutter,0.4622,11.771666666666667
37.72638888886201,-122.42027777773309,267.7134306002298,LVO,ROUTE_CPMCMissionBernalCampusSutter,0.24466880000000002,7.128333333333333,ROUTE_CPMCMissionBernalCampusSutter,0.24466880000000002,7.128333333333333,ROUTE_CPMCDaviesCampusSutter,0.24466880000000002,13.4,ROUTE_CPMCMissionBernalCampusSutter,0.24466880000000002,7.128333333333333
37.56166666663966,-122.30611111106634,224.20142654197636,LVO,ROUTE_SanMateoMedicalCenter,0.24466880000000002,9.998333333333333,ROUTE_SanMateoMedicalCenter,0.24466880000000002,9.998333333333333,ROUTE_MillsPeninsulaMedicalCenterSutter,0.24466880000000002,13.006666666666666,ROUTE_MillsPeninsulaMedicalCenterSutter,0.24466880000000002,13.006666666666666
37.731666666639796,-122.41333333328865,93.13177116996575,NLVO,ROUTE_CPMCDaviesCampusSutter,0.5568526702316461,13.22,ROUTE_CPMCMissionBernalCampusSutter,0.5599799736077136,7.73,ROUTE_CPMCDaviesCampusSutter,0.5568526702316461,13.22,ROUTE_CPMCMissionBernalCampusSutter,0.5599799736077136,7.73
37.713888888862,-121.94472222217716,250.6002253436146,HEMORRHAGIC,ROUTE_StanfordHealthCareTriValley,0.24,13.126666666666667,ROUTE_StanfordHealthCareTriValley,0.24,13.126666666666667,ROUTE_SutterEdenMedicalCenter,0.24,18.098333333333336,ROUTE_StanfordHealthCareTriValley,0.24,13.126666666666667
37.39638888886175,-122.00638888884387,48.644537836111645,LVO,ROUTE_KaiserFoundationHospitalSantaClara,0.4435486481789399,15.325,ROUTE_KaiserFoundationHospitalSantaClara,0.4435486481789399,15.325,ROUTE_KaiserFoundationHospitalSantaClara,0.4435486481789399,15.325,ROUTE_KaiserFoundationHospitalSantaClara,0.4435486481789399,15.325
37.657222222195294,-122.07388888884392,212.85019904100338,HEMORRHAGIC,ROUTE_StRoseHospital,0.24,9.986666666666668,ROUTE_StRoseHospital,0.24,9.986666666666668,ROUTE_SutterEdenMedicalCenter,0.24,13.743333333333334,ROUTE_SutterEdenMedicalCenter,0.24,13.743333333333334
37.543333333306315,-122.28416666662187,212.7926312550832,LVO,ROUTE_SanMateoMedicalCenter,0.24466880000000002,7.826666666666667,ROUTE_SanMateoMedicalCenter,0.24466880000000002,7.826666666666667,ROUTE_MillsPeninsulaMedicalCenterSutter,0.24466880000000002,12.791666666666666,ROUTE_MillsPeninsulaMedicalCenterSutter,0.24466880000000002,12.791666666666666
37.58027777775079,-122.3658333332886,184.36600063091697,HEMORRHAGIC,ROUTE_MillsPeninsulaMedicalCenterSutter,0.24,5.026666666666667,ROUTE_MillsPeninsulaMedicalCenterSutter,0.24,5.026666666666667,ROUTE_MillsPeninsulaMedicalCenterSutter,0.24,5.026666666666667,ROUTE_MillsPeninsulaMedicalCenterSutter,0.24,5.026666666666667
38.43583333330702,-121.82722222217707,250.06244774779125,HEMORRHAGIC,ROUTE_KaiserFoundationHospitalVacaville,0.24,16.598333333333333,ROUTE_KaiserFoundationHospitalVacaville,0.24,16.598333333333333,ROUTE_JohnMuirMedicalCenterWalnutCreekCampus,0.24,63.52833333333333,ROUTE_KaiserFoundationHospitalVacaville,0.24,16.598333333333333
38.02694444441781,-121.89444444439934,170.53292805187988,NLVO,ROUTE_JohnMuirMedicalCenterWalnutCreekCampus,0.5097700594569918,27.233333333333334,ROUTE_SutterDeltaMedicalCenter,0.4622,15.516666666666667,ROUTE_JohnMuirMedicalCenterWalnutCreekCampus,0.5097700594569918,27.233333333333334,ROUTE_JohnMuirMedicalCenterConcordCampus,0.5145407518956192,17.473333333333336
37.69416666663977,-121.72027777773253,226.65320542802047,HEMORRHAGIC,ROUTE_StanfordHealthCareTriValley,0.24,17.64333333333333,ROUTE_StanfordHealthCareTriValley,0.24,17.64333333333333,ROUTE_SutterEdenMedicalCenter,0.24,29.041666666666668,ROUTE_StanfordHealthCareTriValley,0.24,17.64333333333333
37.675833333306414,-121.78583333328814,189.3884494836664,LVO,ROUTE_StanfordHealthCareTriValley,0.2577985264059479,16.743333333333332,ROUTE_StanfordHealthCareTriValley,0.2577985264059479,16.743333333333332,ROUTE_SutterEdenMedicalCenter,0.25423558714548855,28.67,ROUTE_StanfordHealthCareTriValley,0.2577985264059479,16.743333333333332
37.78666666663984,-122.41833333328866,227.92508158242248,NLVO,ROUTE_UCSFHealthHydeHospital,0.4622,0.9633333333333333,ROUTE_UCSFHealthHydeHospital,0.4622,0.9633333333333333,ROUTE_CPMCDaviesCampusSutter,0.4622,9.18,ROUTE_UCSFHealthHydeHospital,0.4622,0.9633333333333333
37.536944444417415,-122.31222222217745,36.16902340956492,LVO,ROUTE_KaiserFoundationHospitalRedwoodCity,0.4489384188801525,15.514999999999999,ROUTE_SanMateoMedicalCenter,0.405007973720217,3.841666666666667,ROUTE_KaiserFoundationHospitalRedwoodCity,0.4489384188801525,15.514999999999999,ROUTE_KaiserFoundationHospitalRedwoodCity,0.4489384188801525,15.514999999999999
37.96805555552887,-121.71027777773253,140.9872677716273,NLVO,ROUTE_JohnMuirMedicalCenterWalnutCreekCampus,0.5204288727166287,38.641666666666666,ROUTE_KaiserFoundationHospitalAntioch,0.5323509904618926,14.504999999999999,ROUTE_JohnMuirMedicalCenterWalnutCreekCampus,0.5204288727166287,38.641666666666666,ROUTE_KaiserFoundationHospitalAntioch,0.5323509904618926,14.504999999999999
37.708611111084224,-122.42722222217755,86.17287530233477,MIMIC,ROUTE_CPMCDaviesCampusSutter,0.9,18.30666666666667,ROUTE_CPMCMissionBernalCampusSutter,0.9,12.035,ROUTE_CPMCDaviesCampusSutter,0.9,18.30666666666667,ROUTE_CPMCMissionBernalCampusSutter,0.9,12.035
37.40555555552842,-122.07972222217727,246.0929683871547,HEMORRHAGIC,ROUTE_ElCaminoHealthMountainView,0.24,12.158333333333333,ROUTE_ElCaminoHealthMountainView,0.24,12.158333333333333,ROUTE_ElCaminoHealthMountainView,0.24,12.158333333333333,ROUTE_ElCaminoHealthMountainView,0.24,12.158333333333333
38.266388888862444,-122.07888888884393,179.21220656410176,NLVO,ROUTE_NorthBayMedicalCenter,0.5140176483754169,10.106666666666666,ROUTE_NorthBayMedicalCenter,0.5140176483754169,10.106666666666666,ROUTE_JohnMuirMedicalCenterWalnutCreekCampus,0.5007023106188949,42.29666666666667,ROUTE_NorthBayMedicalCenter,0.5140176483754169,10.106666666666666
37.663333333306404,-121.84388888884375,94.09229500232036,LVO,ROUTE_SutterEdenMedicalCenter,0.4186022938795664,28.266666666666666,ROUTE_StanfordHealthCareTriValley,0.28598435044611004,11.708333333333334,ROUTE_SutterEdenMedicalCenter,0.4186022938795664,28.266666666666666,ROUTE_StanfordHealthCareTriValley,0.28598435044611004,11.708333333333334
37.73055555552868,-122.41833333328866,177.98644942000126,MIMIC,ROUTE_CPMCDaviesCampusSutter,0.9,13.575,ROUTE_CPMCMissionBernalCampusSutter,0.9,7.303333333333333,ROUTE_CPMCDaviesCampusSutter,0.9,13.575,ROUTE_CPMCMissionBernalCampusSutter,0.9,7.303333333333333
37.749444444417584,-122.46805555551092,58.050616010170785,LVO,ROUTE_UCSFMedicalCenter,0.4443665686960434,6.0649999999999995,ROUTE_UCSFMedicalCenter,0.4443665686960434,6.0649999999999995,ROUTE_UCSFMedicalCenter,0.4443665686960434,6.0649999999999995,ROUTE_UCSFMedicalCenter,0.4443665686960434,6.0649999999999995
37.69361111108421,-122.14388888884399,72.08207989363548,MIMIC,ROUTE_SutterEdenMedicalCenter,0.9,9.483333333333333,ROUTE_KaiserFoundationHospitalSanLeandro,0.9,7.566666666666666,ROUTE_SutterEdenMedicalCenter,0.9,9.483333333333333,ROUTE_KaiserFoundationHospitalSanLeandro,0.9,7.566666666666666
37.9058333333066,-122.29944444439967,58.29365028747521,HEMORRHAGIC,ROUTE_CPMCDaviesCampusSutter,0.24,30.39333333333333,ROUTE_KaiserFoundationHospitalRichmondCampus,0.24,12.32,ROUTE_CPMCDaviesCampusSutter,0.24,30.39333333333333,ROUTE_KaiserFoundationHospitalRichmondCampus,0.24,12.32
37.94861111108441,-121.71527777773254,162.010888827467,NLVO,ROUTE_JohnMuirMedicalCenterWalnutCreekCampus,0.5096465366570481,38.766666666666666,ROUTE_KaiserFoundationHospitalAntioch,0.5220575335266056,12.546666666666665,ROUTE_JohnMuirMedicalCenterWalnutCreekCampus,0.5096465366570481,38.766666666666666,ROUTE_KaiserFoundationHospitalAntioch,0.5220575335266056,12.546666666666665
37.59444444441746,-122.08333333328838,143.60489938080474,HEMORRHAGIC,ROUTE_SutterEdenMedicalCenter,0.24,21.555,ROUTE_StRoseHospital,0.24,10.721666666666666,ROUTE_SutterEdenMedicalCenter,0.24,21.555,ROUTE_KaiserFoundationHospitalSanLeandro,0.24,19.861666666666668
37.790555555528734,-122.436666666622,247.1173607315044,HEMORRHAGIC,ROUTE_UCSFHealthHydeHospital,0.24,4.058333333333334,ROUTE_UCSFHealthHydeHospital,0.24,4.058333333333334,ROUTE_CPMCDaviesCampusSutter,0.24,7.723333333333333,ROUTE_UCSFHealthHydeHospital,0.24,4.058333333333334
37.79666666663985,-122.22888888884405,207.32099659815802,HEMORRHAGIC,ROUTE_HighlandHospitalWilmaChanCampus,0.24,0.8049999999999999,ROUTE_HighlandHospitalWilmaChanCampus,0.24,0.8049999999999999,ROUTE_SutterEdenMedicalCenter,0.24,18.166666666666668,ROUTE_HighlandHospitalWilmaChanCampus,0.24,0.8049999999999999
38.02277777775114,-121.92055555551048,75.44523791099772,MIMIC,ROUTE_JohnMuirMedicalCenterWalnutCreekCampus,0.9,22.404999999999998,ROUTE_JohnMuirMedicalCenterConcordCampus,0.9,12.645000000000001,ROUTE_JohnMuirMedicalCenterWalnutCreekCampus,0.9,22.404999999999998,ROUTE_JohnMuirMedicalCenterConcordCampus,0.9,12.645000000000001
37.5372222221952,-122.00444444439943,198.61226590601217,LVO,ROUTE_WashingtonHospitalHealthcareSystem,0.25805094856913247,8.148333333333333,ROUTE_WashingtonHospitalHealthcareSystem,0.25805094856913247,8.148333333333333,ROUTE_SutterEdenMedicalCenter,0.25357791002856467,23.725,ROUTE_WashingtonHospitalHealthcareSystem,0.25805094856913247,8.148333333333333
37.346666666639486,-122.0427777777328,234.0687110549545,LVO,ROUTE_KaiserFoundationHospitalSantaClara,0.24466880000000002,11.393333333333334,ROUTE_KaiserFoundationHospitalSantaClara,0.24466880000000002,11.393333333333334,ROUTE_KaiserFoundationHospitalSantaClara,0.24466880000000002,11.393333333333334,ROUTE_KaiserFoundationHospitalSantaClara,0.24466880000000002,11.393333333333334
37.71527777775089,-121.9138888888438,190.10700065589202,HEMORRHAGIC,ROUTE_SutterEdenMedicalCenter,0.24,18.486666666666668,ROUTE_StanfordHealthCareTriValley,0.24,10.538333333333332,ROUTE_SutterEdenMedicalCenter,0.24,18.486666666666668,ROUTE_StanfordHealthCareTriValley,0.24,10.538333333333332
37.54499999997298,-122.05055555551058,95.38469659488321,HEMORRHAGIC,ROUTE_SutterEdenMedicalCenter,0.24,23.37,ROUTE_StRoseHospital,0.24,14.208333333333334,ROUTE_SutterEdenMedicalCenter,0.24,23.37,ROUTE_WashingtonHospitalHealthcareSystem,0.24,17.031666666666666
37.402222222195086,-122.06249999995504,53.83949033193831,LVO,ROUTE_ElCaminoHealthMountainView,0.4434290843306899,12.055,ROUTE_ElCaminoHealthMountainView,0.4434290843306899,12.055,ROUTE_ElCaminoHealthMountainView,0.4434290843306899,12.055,ROUTE_ElCaminoHealthMountainView,0.4434290843306899,12.055
37.71583333330645,-122.47527777773314,179.69366090101568,HEMORRHAGIC,ROUTE_UCSFMedicalCenter,0.24,13.110000000000001,ROUTE_AHMCSetonMedicalCenter,0.24,6.836666666666667,ROUTE_UCSFMedicalCenter,0.24,13.110000000000001,ROUTE_AHMCSetonMedicalCenter,0.24,6.836666666666667
37.582777777750785,-122.06583333328837,69.82381144327665,LVO,ROUTE_SutterEdenMedicalCenter,0.43213852080576065,22.373333333333335,ROUTE_StRoseHospital,0.2547546989739366,13.211666666666668,ROUTE_SutterEdenMedicalCenter,0.43213852080576065,22.373333333333335,ROUTE_WashingtonHospitalHealthcareSystem,0.2896711895732783,18.678333333333335
38.159444444417915,-122.23499999995516,257.6641322189343,LVO,ROUTE_SutterSolanoMedicalCenter,0.24466880000000002,8.7,ROUTE_SutterSolanoMedicalCenter,0.24466880000000002,8.7,ROUTE_JohnMuirMedicalCenterWalnutCreekCampus,0.24466880000000002,34.27333333333333,ROUTE_SutterSolanoMedicalCenter,0.24466880000000002,8.7
37.76527777775093,-122.18472222217736,111.69332456737477,LVO,ROUTE_SutterEdenMedicalCenter,0.4176775905335185,18.873333333333335,ROUTE_HighlandHospitalWilmaChanCampus,0.2814392053729785,11.366666666666667,ROUTE_SutterEdenMedicalCenter,0.4176775905335185,18.873333333333335,ROUTE_HighlandHospitalWilmaChanCampus,0.2814392053729785,11.366666666666667
37.446666666639565,-122.13722222217731,164.72300518849966,HEMORRHAGIC,ROUTE_StanfordHealthCare,0.24,11.268333333333334,ROUTE_StanfordHealthCare,0.24,11.268333333333334,ROUTE_StanfordHealthCare,0.24,11.268333333333334,ROUTE_StanfordHealthCare,0.24,11.268333333333334
37.70972222219533,-122.07944444439948,124.23045597928161,MIMIC,ROUTE_SutterEdenMedicalCenter,0.9,5.916666666666667,ROUTE_SutterEdenMedicalCenter,0.9,5.916666666666667,ROUTE_SutterEdenMedicalCenter,0.9,5.916666666666667,ROUTE_SutterEdenMedicalCenter,0.9,5.916666666666667
37.78277777775095,-122.41638888884421,208.6329681842635,LVO,ROUTE_UCSFHealthHydeHospital,0.25664015049790034,2.341666666666667,ROUTE_UCSFHealthHydeHospital,0.25664015049790034,2.341666666666667,ROUTE_CPMCDaviesCampusSutter,0.2554368066714688,7.42,ROUTE_UCSFHealthHydeHospital,0.25664015049790034,2.341666666666667
37.93638888886218,-122.37055555551083,160.5853200257344,LVO,ROUTE_CPMCDaviesCampusSutter,0.2617223163845771,34.54833333333333,ROUTE_KaiserFoundationHospitalRichmondCampus,0.26942379216672296,2.9466666666666668,ROUTE_CPMCDaviesCampusSutter,0.2617223163845771,34.54833333333333,ROUTE_KaiserFoundationHospitalRichmondCampus,0.26942379216672296,2.9466666666666668
38.09305555552897,-122.22777777773294,52.9072151150271,MIMIC,ROUTE_JohnMuirMedicalCenterWalnutCreekCampus,0.9,25.721666666666668,ROUTE_SutterSolanoMedicalCenter,0.9,8.103333333333333,ROUTE_JohnMuirMedicalCenterWalnutCreekCampus,0.9,25.721666666666668,ROUTE_SutterSolanoMedicalCenter,0.9,8.103333333333333
37.95055555552886,-122.34888888884416,222.68895530012443,MIMIC,ROUTE_KaiserFoundationHospitalRichmondCampus,0.9,5.085,ROUTE_KaiserFoundationHospitalRichmondCampus,0.9,5.085,ROUTE_CPMCDaviesCampusSutter,0.9,35.193333333333335,ROUTE_KaiserFoundationHospitalRichmondCampus,0.9,5.085
37.69361111108421,-122.46611111106647,126.1119620735764,HEMORRHAGIC,ROUTE_CPMCDaviesCampusSutter,0.24,16.415,ROUTE_AHMCSetonMedicalCenter,0.24,5.416666666666667,ROUTE_CPMCDaviesCampusSutter,0.24,16.415,ROUTE_AHMCSetonMedicalCenter,0.24,5.416666666666667
38.11694444441788,-122.25444444439964,123.7044897010598,HEMORRHAGIC,ROUTE_JohnMuirMedicalCenterWalnutCreekCampus,0.24,30.85,ROUTE_KaiserFoundationHospitalVallejo,0.24,3.878333333333333,ROUTE_JohnMuirMedicalCenterWalnutCreekCampus,0.24,30.85,ROUTE_KaiserFoundationHospitalVallejo,0.24,3.878333333333333
37.712777777750894,-122.48388888884426,140.7537227486519,MIMIC,ROUTE_UCSFMedicalCenter,0.9,14.673333333333334,ROUTE_AHMCSetonMedicalCenter,0.9,7.421666666666667,ROUTE_UCSFMedicalCenter,0.9,14.673333333333334,ROUTE_AHMCSetonMedicalCenter,0.9,7.421666666666667
37.94333333330663,-122.36499999995527,199.03363834656878,HEMORRHAGIC,ROUTE_KaiserFoundationHospitalRichmondCampus,0.24,2.871666666666667,ROUTE_KaiserFoundationHospitalRichmondCampus,0.24,2.871666666666667,ROUTE_CPMCDaviesCampusSutter,0.24,36.026666666666664,ROUTE_KaiserFoundationHospitalRichmondCampus,0.24,2.871666666666667
37.72916666663979,-122.39222222217752,70.7889973531768,HEMORRHAGIC,ROUTE_CPMCDaviesCampusSutter,0.24,15.451666666666666,ROUTE_ZuckerbergSanFranciscoGeneralHospital,0.24,9.595,ROUTE_CPMCDaviesCampusSutter,0.24,15.451666666666666,ROUTE_ZuckerbergSanFranciscoGeneralHospital,0.24,9.595
37.910833333306606,-121.61944444439912,131.68226176902522,LVO,ROUTE_JohnMuirMedicalCenterWalnutCreekCampus,0.4008888588623245,47.87166666666667,ROUTE_KaiserFoundationHospitalAntioch,0.2715952611175528,22.346666666666668,ROUTE_JohnMuirMedicalCenterWalnutCreekCampus,0.4008888588623245,47.87166666666667,ROUTE_KaiserFoundationHospitalAntioch,0.2715952611175528,22.346666666666668
37.37527777775062,-122.12083333328842,116.53168771938246,HEMORRHAGIC,ROUTE_ElCaminoHealthMountainView,0.24,11.215,ROUTE_ElCaminoHealthMountainView,0.24,11.215,ROUTE_ElCaminoHealthMountainView,0.24,11.215,ROUTE_ElCaminoHealthMountainView,0.24,11.215
37.789166666639844,-122.24499999995518,186.18830579736172,LVO,ROUTE_SutterEdenMedicalCenter,0.2583695841381643,19.778333333333332,ROUTE_HighlandHospitalWilmaChanCampus,0.26237818111433925,2.9133333333333336,ROUTE_SutterEdenMedicalCenter,0.2583695841381643,19.778333333333332,ROUTE_HighlandHospitalWilmaChanCampus,0.26237818111433925,2.9133333333333336
37.56027777775077,-121.99083333328831,84.63259702047264,HEMORRHAGIC,ROUTE_SutterEdenMedicalCenter,0.24,27.96833333333333,ROUTE_WashingtonHospitalHealthcareSystem,0.24,4.855,ROUTE_SutterEdenMedicalCenter,0.24,27.96833333333333,ROUTE_WashingtonHospitalHealthcareSystem,0.24,4.855
38.016388888862245,-121.89305555551046,61.88288051420805,LVO,ROUTE_JohnMuirMedicalCenterWalnutCreekCampus,0.4350271452718528,23.496666666666666,ROUTE_SutterDeltaMedicalCenter,0.25864020705466756,12.370000000000001,ROUTE_JohnMuirMedicalCenterWalnutCreekCampus,0.4350271452718528,23.496666666666666,ROUTE_JohnMuirMedicalCenterConcordCampus,0.29411374948927715,14.845
37.55333333330632,-122.25638888884407,121.66355190790684,HEMORRHAGIC,ROUTE_MillsPeninsulaMedicalCenterSutter,0.24,17.175,ROUTE_SanMateoMedicalCenter,0.24,13.723333333333333,ROUTE_MillsPeninsulaMedicalCenterSutter,0.24,17.175,ROUTE_MillsPeninsulaMedicalCenterSutter,0.24,17.175
38.24638888886243,-121.98222222217719,107.04377729472758,HEMORRHAGIC,ROUTE_JohnMuirMedicalCenterWalnutCreekCampus,0.24,49.355000000000004,ROUTE_NorthBayMedicalCenter,0.24,16.385,ROUTE_JohnMuirMedicalCenterWalnutCreekCampus,0.24,49.355000000000004,ROUTE_NorthBayMedicalCenter,0.24,16.385
38.26583333330689,-122.49333333328872,212.77242226913134,LVO,ROUTE_SonomaValleyHospital,0.25372776607993075,8.695,ROUTE_SonomaValleyHospital,0.25372776607993075,8.695,ROUTE_JohnMuirMedicalCenterWalnutCreekCampus,0.24466880000000002,65.09333333333333,ROUTE_SonomaValleyHospital,0.25372776607993075,8.695
37.59027777775079,-122.4769444443998,216.26368674687242,MIMIC,ROUTE_AHMCSetonMedicalCenter,0.9,17.91166666666667,ROUTE_AHMCSetonMedicalCenter,0.9,17.91166666666667,ROUTE_MillsPeninsulaMedicalCenterSutter,0.9,25.575,ROUTE_AHMCSetonMedicalCenter,0.9,17.91166666666667
37.743888888862024,-122.24499999995518,110.08559829758873,HEMORRHAGIC,ROUTE_SutterEdenMedicalCenter,0.24,23.55666666666667,ROUTE_AlamedaHospital,0.24,9.463333333333333,ROUTE_SutterEdenMedicalCenter,0.24,23.55666666666667,ROUTE_AlamedaHospital,0.24,9.463333333333333
37.668333333306414,-122.13249999995509,128.9177803486466,LVO,ROUTE_SutterEdenMedicalCenter,0.4134921662651539,13.566666666666666,ROUTE_StRoseHospital,0.24466880000000002,11.535,ROUTE_SutterEdenMedicalCenter,0.4134921662651539,13.566666666666666,ROUTE_KaiserFoundationHospitalSanLeandro,0.2752375688010992,12.381666666666666
37.74861111108425,-122.43111111106644,67.04256783829551,LVO,ROUTE_CPMCDaviesCampusSutter,0.44054011648982716,5.863333333333333,ROUTE_CPMCMissionBernalCampusSutter,0.4268777089939989,2.9616666666666664,ROUTE_CPMCDaviesCampusSutter,0.44054011648982716,5.863333333333333,ROUTE_CPMCMissionBernalCampusSutter,0.4268777089939989,2.9616666666666664
38.01527777775113,-121.87916666662156,101.13454938485815,LVO,ROUTE_JohnMuirMedicalCenterWalnutCreekCampus,0.42099032755395727,23.966666666666665,ROUTE_SutterDeltaMedicalCenter,0.24466880000000002,12.09,ROUTE_JohnMuirMedicalCenterWalnutCreekCampus,0.42099032755395727,23.966666666666665,ROUTE_JohnMuirMedicalCenterConcordCampus,0.28359348971536924,14.286666666666667
37.460555555528465,-122.43138888884421,219.52584655314018,HEMORRHAGIC,ROUTE_SanMateoMedicalCenter,0.24,26.82,ROUTE_SanMateoMedicalCenter,0.24,26.82,ROUTE_MillsPeninsulaMedicalCenterSutter,0.24,27.029999999999998,ROUTE_MillsPeninsulaMedicalCenterSutter,0.24,27.029999999999998
37.68166666663976,-122.08888888884394,219.7554396043198,LVO,ROUTE_SutterEdenMedicalCenter,0.24466880000000002,6.506666666666666,ROUTE_SutterEdenMedicalCenter,0.24466880000000002,6.506666666666666,ROUTE_SutterEdenMedicalCenter,0.24466880000000002,6.506666666666666,ROUTE_SutterEdenMedicalCenter,0.24466880000000002,6.506666666666666
37.36361111108395,-122.03361111106612,229.26235231583885,HEMORRHAGIC,ROUTE_KaiserFoundationHospitalSantaClara,0.24,11.84,ROUTE_KaiserFoundationHospitalSantaClara,0.24,11.84,ROUTE_KaiserFoundationHospitalSantaClara,0.24,11.84,ROUTE_KaiserFoundationHospitalSantaClara,0.24,11.84
37.96444444441776,-122.50499999995539,158.81298254366618,LVO,ROUTE_UCSFMedicalCenter,0.2609968580991187,37.40333333333333,ROUTE_MarinHealthMedicalCenter,0.26831093316111343,10.07,ROUTE_UCSFMedicalCenter,0.2609968580991187,37.40333333333333,ROUTE_MarinHealthMedicalCenter,0.26831093316111343,10.07
37.9752777777511,-122.54916666662209,104.97497241994202,HEMORRHAGIC,ROUTE_UCSFMedicalCenter,0.24,40.52166666666667,ROUTE_MarinHealthMedicalCenter,0.24,10.828333333333335,ROUTE_UCSFMedicalCenter,0.24,40.52166666666667,ROUTE_MarinHealthMedicalCenter,0.24,10.828333333333335
37.96805555552887,-122.28194444439966,114.21192224737437,LVO,ROUTE_JohnMuirMedicalCenterWalnutCreekCampus,0.4116202800813342,33.013333333333335,ROUTE_KaiserFoundationHospitalRichmondCampus,0.2788662411270707,18.561666666666667,ROUTE_JohnMuirMedicalCenterWalnutCreekCampus,0.4116202800813342,33.013333333333335,ROUTE_KaiserFoundationHospitalRichmondCampus,0.2788662411270707,18.561666666666667
37.741111111084244,-122.17666666662178,184.76134138227278,LVO,ROUTE_SutterEdenMedicalCenter,0.25894237162019323,15.751666666666667,ROUTE_KaiserFoundationHospitalSanLeandro,0.2609314433775963,9.876666666666667,ROUTE_SutterEdenMedicalCenter,0.25894237162019323,15.751666666666667,ROUTE_KaiserFoundationHospitalSanLeandro,0.2609314433775963,9.876666666666667
37.6949999999731,-122.06444444439948,141.41878983403222,LVO,ROUTE_SutterEdenMedicalCenter,0.41103163089684025,7.911666666666666,ROUTE_SutterEdenMedicalCenter,0.41103163089684025,7.911666666666666,ROUTE_SutterEdenMedicalCenter,0.41103163089684025,7.911666666666666,ROUTE_SutterEdenMedicalCenter,0.41103163089684025,7.911666666666666
37.345277777750596,-122.04555555551057,37.84198010588178,LVO,ROUTE_KaiserFoundationHospitalSantaClara,0.44978650286542954,10.961666666666668,ROUTE_KaiserFoundationHospitalSantaClara,0.44978650286542954,10.961666666666668,ROUTE_KaiserFoundationHospitalSantaClara,0.44978650286542954,10.961666666666668,ROUTE_KaiserFoundationHospitalSantaClara,0.44978650286542954,10.961666666666668
37.47083333330625,-122.14055555551064,95.69131884613654,LVO,ROUTE_KaiserFoundationHospitalRedwoodCity,0.4274303788377058,11.196666666666665,ROUTE_KaiserFoundationHospitalRedwoodCity,0.4274303788377058,11.196666666666665,ROUTE_KaiserFoundationHospitalRedwoodCity,0.4274303788377058,11.196666666666665,ROUTE_KaiserFoundationHospitalRedwoodCity,0.4274303788377058,11.196666666666665
37.519722222195185,-121.96999999995496,31.030372920722016,LVO,ROUTE_RegionalMedicalCenterOfSanJose,0.44879258448500237,21.42,ROUTE_KaiserFoundationHospitalFremont,0.43649749841158836,8.795,ROUTE_RegionalMedicalCenterOfSanJose,0.44879258448500237,21.42,ROUTE_KaiserFoundationHospitalFremont,0.43649749841158836,8.795
38.21666666664019,-122.12805555551064,162.54297040510534,HEMORRHAGIC,ROUTE_JohnMuirMedicalCenterWalnutCreekCampus,0.24,35.69666666666667,ROUTE_NorthBayMedicalCenter,0.24,11.53,ROUTE_JohnMuirMedicalCenterWalnutCreekCampus,0.24,35.69666666666667,ROUTE_NorthBayMedicalCenter,0.24,11.53
37.38916666663952,-122.09222222217728,237.5217166660176,LVO,ROUTE_ElCaminoHealthMountainView,0.24466880000000002,9.35,ROUTE_ElCaminoHealthMountainView,0.24466880000000002,9.35,ROUTE_ElCaminoHealthMountainView,0.24466880000000002,9.35,ROUTE_ElCaminoHealthMountainView,0.24466880000000002,9.35
37.44888888886179,-122.2233333332885,211.1737721150961,NLVO,ROUTE_SequoiaHospital,0.49585117076060004,11.961666666666668,ROUTE_SequoiaHospital,0.49585117076060004,11.961666666666668,ROUTE_KaiserFoundationHospitalRedwoodCity,0.49649352146241954,13.46,ROUTE_SequoiaHospital,0.49585117076060004,11.961666666666668
37.758611111084264,-122.19083333328847,79.0403893550338,LVO,ROUTE_SutterEdenMedicalCenter,0.43050815619972005,17.908333333333335,ROUTE_KaiserFoundationHospitalSanLeandro,0.2906054653245904,12.033333333333333,ROUTE_SutterEdenMedicalCenter,0.43050815619972005,17.908333333333335,ROUTE_KaiserFoundationHospitalSanLeandro,0.2906054653245904,12.033333333333333
37.78833333330651,-122.4152777777331,230.41514032248512,NLVO,ROUTE_UCSFHealthHydeHospital,0.4622,1.7533333333333334,ROUTE_UCSFHealthHydeHospital,0.4622,1.7533333333333334,ROUTE_CPMCDaviesCampusSutter,0.4622,9.493333333333334,ROUTE_UCSFHealthHydeHospital,0.4622,1.7533333333333334
37.795277777750954,-122.431666666622,46.15790259690185,LVO,ROUTE_CPMCDaviesCampusSutter,0.44765020392459737,8.845,ROUTE_UCSFHealthHydeHospital,0.43501018311716977,3.4616666666666664,ROUTE_CPMCDaviesCampusSutter,0.44765020392459737,8.845,ROUTE_UCSFHealthHydeHospital,0.43501018311716977,3.4616666666666664
37.75138888886203,-121.94055555551049,46.18048142169574,HEMORRHAGIC,ROUTE_SutterEdenMedicalCenter,0.24,23.236666666666668,ROUTE_SanRamonRegionalMedicalCenter,0.24,6.591666666666667,ROUTE_SutterEdenMedicalCenter,0.24,23.236666666666668,ROUTE_SanRamonRegionalMedicalCenter,0.24,6.591666666666667
37.999722222195565,-121.7294444443992,73.62695338063604,LVO,ROUTE_JohnMuirMedicalCenterWalnutCreekCampus,0.42551192165669693,36.763333333333335,ROUTE_KaiserFoundationHospitalAntioch,0.29164256420714585,15.155,ROUTE_JohnMuirMedicalCenterWalnutCreekCampus,0.42551192165669693,36.763333333333335,ROUTE_KaiserFoundationHospitalAntioch,0.29164256420714585,15.155
37.69222222219532,-122.10805555551063,232.80622901972146,LVO,ROUTE_SutterEdenMedicalCenter,0.24466880000000002,6.025,ROUTE_SutterEdenMedicalCenter,0.24466880000000002,6.025,ROUTE_SutterEdenMedicalCenter,0.24466880000000002,6.025,ROUTE_SutterEdenMedicalCenter,0.24466880000000002,6.025
37.72222222219534,-122.43749999995534,162.68068459751515,NLVO,ROUTE_CPMCDaviesCampusSutter,0.522066556842554,12.781666666666666,ROUTE_CPMCMissionBernalCampusSutter,0.5248404015527715,6.510000000000001,ROUTE_CPMCDaviesCampusSutter,0.522066556842554,12.781666666666666,ROUTE_CPMCMissionBernalCampusSutter,0.5248404015527715,6.510000000000001
37.74999999997314,-122.16222222217733,86.25704098940045,LVO,ROUTE_SutterEdenMedicalCenter,0.4305147242524512,13.211666666666668,ROUTE_SanLeandroHospitalAlamedaHealthSystem,0.24466880000000002,11.028333333333334,ROUTE_SutterEdenMedicalCenter,0.4305147242524512,13.211666666666668,ROUTE_HighlandHospitalWilmaChanCampus,0.2880000973590911,11.831666666666667
38.08611111108452,-122.56499999995543,233.89356375781534,LVO,ROUTE_NovatoCommunityHospitalSutter,0.24466880000000002,6.331666666666666,ROUTE_NovatoCommunityHospitalSutter,0.24466880000000002,6.331666666666666,ROUTE_UCSFMedicalCenter,0.24466880000000002,48.748333333333335,ROUTE_NovatoCommunityHospitalSutter,0.24466880000000002,6.331666666666666
37.81472222219542,-122.28083333328854,199.05302367681523,NLVO,ROUTE_AltaBatesSummitMedicalCenterSummitCampus,0.5062971342215083,6.446666666666667,ROUTE_AltaBatesSummitMedicalCenterSummitCampus,0.5062971342215083,6.446666666666667,ROUTE_SutterEdenMedicalCenter,0.49618231224210785,23.28166666666667,ROUTE_AltaBatesSummitMedicalCenterSummitCampus,0.5062971342215083,6.446666666666667
37.99916666664001,-121.86305555551043,159.6021533522767,NLVO,ROUTE_JohnMuirMedicalCenterWalnutCreekCampus,0.5164922755423862,26.741666666666667,ROUTE_SutterDeltaMedicalCenter,0.4622,11.646666666666667,ROUTE_JohnMuirMedicalCenterWalnutCreekCampus,0.5164922755423862,26.741666666666667,ROUTE_KaiserFoundationHospitalAntioch,0.5210240959212604,16.883333333333333
37.730277777750906,-122.1727777777329,269.5600299002757,HEMORRHAGIC,ROUTE_SanLeandroHospitalAlamedaHealthSystem,0.24,10.479999999999999,ROUTE_SanLeandroHospitalAlamedaHealthSystem,0.24,10.479999999999999,ROUTE_SutterEdenMedicalCenter,0.24,18.198333333333334,ROUTE_KaiserFoundationHospitalSanLeandro,0.24,11.863333333333333
37.643888888861945,-122.4405555555109,232.02282508242905,LVO,ROUTE_KaiserFoundationHospitalSouthSanFrancisco,0.24466880000000002,7.2733333333333325,ROUTE_KaiserFoundationHospitalSouthSanFrancisco,0.24466880000000002,7.2733333333333325,ROUTE_MillsPeninsulaMedicalCenterSutter,0.24466880000000002,12.506666666666666,ROUTE_KaiserFoundationHospitalSouthSanFrancisco,0.24466880000000002,7.2733333333333325
38.020555555528915,-122.26138888884408,50.13909296171887,LVO,ROUTE_JohnMuirMedicalCenterWalnutCreekCampus,0.4363188083816349,28.866666666666667,ROUTE_SutterSolanoMedicalCenter,0.29802764402006626,15.451666666666666,ROUTE_JohnMuirMedicalCenterWalnutCreekCampus,0.4363188083816349,28.866666666666667,ROUTE_SutterSolanoMedicalCenter,0.29802764402006626,15.451666666666666
37.98361111108444,-122.0011111110661,251.01431784524868,LVO,ROUTE_JohnMuirMedicalCenterConcordCampus,0.24466880000000002,8.191666666666666,ROUTE_JohnMuirMedicalCenterConcordCampus,0.24466880000000002,8.191666666666666,ROUTE_JohnMuirMedicalCenterWalnutCreekCampus,0.24466880000000002,17.851666666666667,ROUTE_JohnMuirMedicalCenterConcordCampus,0.24466880000000002,8.191666666666666
37.97666666663999,-122.60138888884435,181.88785168035145,NLVO,ROUTE_MarinHealthMedicalCenter,0.5085101487688637,18.80666666666667,ROUTE_MarinHealthMedicalCenter,0.5085101487688637,18.80666666666667,ROUTE_UCSFMedicalCenter,0.4622,51.43333333333333,ROUTE_MarinHealthMedicalCenter,0.5085101487688637,18.80666666666667
37.725277777750904,-122.40499999995531,183.1531308168496,LVO,ROUTE_CPMCDaviesCampusSutter,0.26045477316243215,14.455,ROUTE_ZuckerbergSanFranciscoGeneralHospital,0.2607867496257383,9.681666666666667,ROUTE_CPMCDaviesCampusSutter,0.26045477316243215,14.455,ROUTE_ZuckerbergSanFranciscoGeneralHospital,0.2607867496257383,9.681666666666667
37.582777777750785,-122.05583333328836,253.7537685717585,HEMORRHAGIC,ROUTE_StRoseHospital,0.24,11.003333333333334,ROUTE_StRoseHospital,0.24,11.003333333333334,ROUTE_SutterEdenMedicalCenter,0.24,20.165000000000003,ROUTE_WashingtonHospitalHealthcareSystem,0.24,16.470000000000002
37.769722222195384,-122.21611111106627,158.7311838707188,NLVO,ROUTE_SutterEdenMedicalCenter,0.521968739738967,16.325,ROUTE_HighlandHospitalWilmaChanCampus,0.5262460639581448,7.325,ROUTE_SutterEdenMedicalCenter,0.521968739738967,16.325,ROUTE_HighlandHospitalWilmaChanCampus,0.5262460639581448,7.325
37.69222222219532,-122.16083333328845,51.69416844030077,MIMIC,ROUTE_SutterEdenMedicalCenter,0.9,11.211666666666668,ROUTE_KaiserFoundationHospitalSanLeandro,0.9,4.651666666666667,ROUTE_SutterEdenMedicalCenter,0.9,11.211666666666668,ROUTE_KaiserFoundationHospitalSanLeandro,0.9,4.651666666666667
37.9147222221955,-122.29555555551077,83.14972446736633,HEMORRHAGIC,ROUTE_CPMCDaviesCampusSutter,0.24,33.21,ROUTE_KaiserFoundationHospitalRichmondCampus,0.24,14.328333333333335,ROUTE_CPMCDaviesCampusSutter,0.24,33.21,ROUTE_KaiserFoundationHospitalRichmondCampus,0.24,14.328333333333335
37.82305555552876,-122.22999999995517,194.16919525149933,LVO,ROUTE_KaiserFoundationHospitalOaklandRichmond,0.25947172391224177,7.586666666666667,ROUTE_KaiserFoundationHospitalOaklandRichmond,0.25947172391224177,7.586666666666667,ROUTE_SutterEdenMedicalCenter,0.2554142605716959,22.631666666666668,ROUTE_KaiserFoundationHospitalOaklandRichmond,0.25947172391224177,7.586666666666667
37.555833333306325,-122.03611111106612,248.89989756136742,HEMORRHAGIC,ROUTE_StRoseHospital,0.24,15.17,ROUTE_StRoseHospital,0.24,15.17,ROUTE_SutterEdenMedicalCenter,0.24,24.333333333333332,ROUTE_WashingtonHospitalHealthcareSystem,0.24,15.761666666666667
37.64694444441751,-122.10111111106617,136.57040757255277,HEMORRHAGIC,ROUTE_SutterEdenMedicalCenter,0.24,15.518333333333334,ROUTE_StRoseHospital,0.24,5.048333333333333,ROUTE_SutterEdenMedicalCenter,0.24,15.518333333333334,ROUTE_KaiserFoundationHospitalSanLeandro,0.24,13.825
37.99861111108445,-122.58583333328879,159.4228630519411,NLVO,ROUTE_MarinHealthMedicalCenter,0.5208391694706703,19.201666666666664,ROUTE_MarinHealthMedicalCenter,0.5208391694706703,19.201666666666664,ROUTE_UCSFMedicalCenter,0.5045816164346053,51.82833333333333,ROUTE_MarinHealthMedicalCenter,0.5208391694706703,19.201666666666664
37.47055555552848,-122.25333333328852,109.84990869737791,NLVO,ROUTE_KaiserFoundationHospitalRedwoodCity,0.549862817696747,9.8,ROUTE_SequoiaHospital,0.5532638138516653,4.716666666666667,ROUTE_KaiserFoundationHospitalRedwoodCity,0.549862817696747,9.8,ROUTE_SequoiaHospital,0.5532638138516653,4.716666666666667
37.43749999997289,-121.89166666662156,248.33826006631932,LVO,ROUTE_RegionalMedicalCenterOfSanJose,0.24466880000000002,10.135,ROUTE_RegionalMedicalCenterOfSanJose,0.24466880000000002,10.135,ROUTE_RegionalMedicalCenterOfSanJose,0.24466880000000002,10.135,ROUTE_RegionalMedicalCenterOfSanJose,0.24466880000000002,10.135
37.64916666663973,-122.48388888884426,43.91915449442928,NLVO,ROUTE_MillsPeninsulaMedicalCenterSutter,0.5813012403819898,16.96,ROUTE_AHMCSetonMedicalCenter,0.5851329083281223,8.69,ROUTE_MillsPeninsulaMedicalCenterSutter,0.5813012403819898,16.96,ROUTE_AHMCSetonMedicalCenter,0.5851329083281223,8.69
37.68749999997309,-121.7977777777326,144.34199869825858,LVO,ROUTE_SutterEdenMedicalCenter,0.40493540498321134,25.384999999999998,ROUTE_StanfordHealthCareTriValley,0.2708848436325562,13.986666666666668,ROUTE_SutterEdenMedicalCenter,0.40493540498321134,25.384999999999998,ROUTE_StanfordHealthCareTriValley,0.2708848436325562,13.986666666666668
37.5233333333063,-121.9530555555105,265.99720321999695,HEMORRHAGIC,ROUTE_KaiserFoundationHospitalFremont,0.24,10.621666666666666,ROUTE_KaiserFoundationHospitalFremont,0.24,10.621666666666666,ROUTE_RegionalMedicalCenterOfSanJose,0.24,20.776666666666664,ROUTE_KaiserFoundationHospitalFremont,0.24,10.621666666666666
38.177499999973485,-122.13444444439953,192.57337130094731,LVO,ROUTE_NorthBayMedicalCenter,0.2565862966624399,16.608333333333334,ROUTE_NorthBayMedicalCenter,0.2565862966624399,16.608333333333334,ROUTE_JohnMuirMedicalCenterWalnutCreekCampus,0.24466880000000002,32.045,ROUTE_NorthBayMedicalCenter,0.2565862966624399,16.608333333333334
38.30333333330692,-122.34361111106637,139.70246753049045,LVO,ROUTE_JohnMuirMedicalCenterWalnutCreekCampus,0.2610639493693842,53.123333333333335,ROUTE_ProvidenceQueenOfTheValleyMedicalCenter,0.27276050136789287,10.918333333333333,ROUTE_JohnMuirMedicalCenterWalnutCreekCampus,0.2610639493693842,53.123333333333335,ROUTE_ProvidenceQueenOfTheValleyMedicalCenter,0.27276050136789287,10.918333333333333
37.734999999973134,-122.42638888884422,140.31536464205539,HEMORRHAGIC,ROUTE_CPMCDaviesCampusSutter,0.24,10.351666666666667,ROUTE_CPMCMissionBernalCampusSutter,0.24,4.08,ROUTE_CPMCDaviesCampusSutter,0.24,10.351666666666667,ROUTE_CPMCMissionBernalCampusSutter,0.24,4.08
37.845277777751,-122.27694444439965,262.9965888918173,HEMORRHAGIC,ROUTE_AltaBatesSummitMedicalCenterAltaBatesCampus,0.24,6.456666666666666,ROUTE_AltaBatesSummitMedicalCenterAltaBatesCampus,0.24,6.456666666666666,ROUTE_JohnMuirMedicalCenterWalnutCreekCampus,0.24,24.52,ROUTE_KaiserFoundationHospitalOaklandRichmond,0.24,7.545
37.68444444441754,-122.04611111106612,39.637116867981305,LVO,ROUTE_SutterEdenMedicalCenter,0.4473991310676576,13.553333333333335,ROUTE_SutterEdenMedicalCenter,0.4473991310676576,13.553333333333335,ROUTE_SutterEdenMedicalCenter,0.4473991310676576,13.553333333333335,ROUTE_SutterEdenMedicalCenter,0.4473991310676576,13.553333333333335
37.74999999997314,-122.47416666662203,174.28219346899647,LVO,ROUTE_UCSFMedicalCenter,0.2648048736949065,6.405,ROUTE_UCSFMedicalCenter,0.2648048736949065,6.405,ROUTE_UCSFMedicalCenter,0.2648048736949065,6.405,ROUTE_UCSFMedicalCenter,0.2648048736949065,6.405
37.726111111084236,-122.42833333328866,96.4951215002468,LVO,ROUTE_CPMCDaviesCampusSutter,0.42583061789886456,13.126666666666667,ROUTE_CPMCMissionBernalCampusSutter,0.28661612094103267,6.8566666666666665,ROUTE_CPMCDaviesCampusSutter,0.42583061789886456,13.126666666666667,ROUTE_CPMCMissionBernalCampusSutter,0.28661612094103267,6.8566666666666665
37.778055555528724,-122.17666666662178,176.6884048613124,LVO,ROUTE_SutterEdenMedicalCenter,0.2620197632918608,15.141666666666667,ROUTE_HighlandHospitalWilmaChanCampus,0.26354245640718466,8.548333333333334,ROUTE_SutterEdenMedicalCenter,0.2620197632918608,15.141666666666667,ROUTE_HighlandHospitalWilmaChanCampus,0.26354245640718466,8.548333333333334
37.99222222219556,-122.53166666662207,138.7063982821047,LVO,ROUTE_UCSFMedicalCenter,0.40066011781589994,39.848333333333336,ROUTE_KaiserFoundationHospitalSanRafael,0.27327490578610664,10.561666666666667,ROUTE_UCSFMedicalCenter,0.40066011781589994,39.848333333333336,ROUTE_KaiserFoundationHospitalSanRafael,0.27327490578610664,10.561666666666667
37.82555555552876,-122.25749999995519,207.82112437018918,LVO,ROUTE_KaiserFoundationHospitalOaklandRichmond,0.2571631039907074,1.8099999999999998,ROUTE_KaiserFoundationHospitalOaklandRichmond,0.2571631039907074,1.8099999999999998,ROUTE_SutterEdenMedicalCenter,0.24466880000000002,21.445,ROUTE_KaiserFoundationHospitalOaklandRichmond,0.2571631039907074,1.8099999999999998
37.38388888886174,-122.02277777773278,186.49483598254525,HEMORRHAGIC,ROUTE_KaiserFoundationHospitalSantaClara,0.24,11.911666666666667,ROUTE_KaiserFoundationHospitalSantaClara,0.24,11.911666666666667,ROUTE_KaiserFoundationHospitalSantaClara,0.24,11.911666666666667,ROUTE_KaiserFoundationHospitalSantaClara,0.24,11.911666666666667
37.78833333330651,-122.41583333328865,61.53221316543271,LVO,ROUTE_CPMCDaviesCampusSutter,0.4414346049660984,9.301666666666668,ROUTE_UCSFHealthHydeHospital,0.42947662034858103,1.5599999999999998,ROUTE_CPMCDaviesCampusSutter,0.4414346049660984,9.301666666666668,ROUTE_UCSFHealthHydeHospital,0.42947662034858103,1.5599999999999998
37.692499999973094,-121.76666666662146,55.78251157137862,LVO,ROUTE_SutterEdenMedicalCenter,0.4362383578882589,26.21333333333333,ROUTE_StanfordHealthCareTriValley,0.42590337883477114,14.815,ROUTE_SutterEdenMedicalCenter,0.4362383578882589,26.21333333333333,ROUTE_StanfordHealthCareTriValley,0.42590337883477114,14.815
37.579999999973005,-122.3519444443997,134.383366036741,HEMORRHAGIC,ROUTE_MillsPeninsulaMedicalCenterSutter,0.24,6.838333333333334,ROUTE_MillsPeninsulaMedicalCenterSutter,0.24,6.838333333333334,ROUTE_MillsPeninsulaMedicalCenterSutter,0.24,6.838333333333334,ROUTE_MillsPeninsulaMedicalCenterSutter,0.24,6.838333333333334
38.05972222219561,-122.56749999995543,38.43919390050445,LVO,ROUTE_UCSFMedicalCenter,0.43576481856359994,54.08166666666667,ROUTE_NovatoCommunityHospitalSutter,0.3017735066227336,17.39,ROUTE_UCSFMedicalCenter,0.43576481856359994,54.08166666666667,ROUTE_NovatoCommunityHospitalSutter,0.3017735066227336,17.39
37.73194444441757,-121.92472222217715,43.41555484389795,LVO,ROUTE_SutterEdenMedicalCenter,0.4443251346608478,23.009999999999998,ROUTE_SanRamonRegionalMedicalCenter,0.4309452713544961,12.653333333333334,ROUTE_SutterEdenMedicalCenter,0.4443251346608478,23.009999999999998,ROUTE_SanRamonRegionalMedicalCenter,0.4309452713544961,12.653333333333334
37.93472222219551,-122.32833333328858,245.398524347866,LVO,ROUTE_KaiserFoundationHospitalRichmondCampus,0.24466880000000002,6.430000000000001,ROUTE_KaiserFoundationHospitalRichmondCampus,0.24466880000000002,6.430000000000001,ROUTE_CPMCDaviesCampusSutter,0.24466880000000002,30.648333333333333,ROUTE_KaiserFoundationHospitalRichmondCampus,0.24466880000000002,6.430000000000001
37.46222222219514,-122.1599999999551,96.45377510246881,LVO,ROUTE_KaiserFoundationHospitalRedwoodCity,0.42667926374818504,10.953333333333335,ROUTE_KaiserFoundationHospitalRedwoodCity,0.42667926374818504,10.953333333333335,ROUTE_KaiserFoundationHospitalRedwoodCity,0.42667926374818504,10.953333333333335,ROUTE_KaiserFoundationHospitalRedwoodCity,0.42667926374818504,10.953333333333335
37.68027777775087,-122.15527777773289,139.49361818453573,HEMORRHAGIC,ROUTE_SutterEdenMedicalCenter,0.24,12.226666666666667,ROUTE_KaiserFoundationHospitalSanLeandro,0.24,8.245,ROUTE_SutterEdenMedicalCenter,0.24,12.226666666666667,ROUTE_KaiserFoundationHospitalSanLeandro,0.24,8.245
38.17249999997348,-122.1311111110662,137.4468424895803,LVO,ROUTE_JohnMuirMedicalCenterWalnutCreekCampus,0.40298985363351447,32.431666666666665,ROUTE_NorthBayMedicalCenter,0.2719848530592212,16.993333333333332,ROUTE_JohnMuirMedicalCenterWalnutCreekCampus,0.40298985363351447,32.431666666666665,ROUTE_NorthBayMedicalCenter,0.2719848530592212,16.993333333333332
37.700277777750884,-122.18333333328846,89.34027372981555,LVO,ROUTE_SutterEdenMedicalCenter,0.42864199220365423,14.205,ROUTE_KaiserFoundationHospitalSanLeandro,0.28940051879671747,4.623333333333333,ROUTE_SutterEdenMedicalCenter,0.42864199220365423,14.205,ROUTE_KaiserFoundationHospitalSanLeandro,0.28940051879671747,4.623333333333333
37.62777777775082,-122.10166666662172,120.53251558764943,HEMORRHAGIC,ROUTE_SutterEdenMedicalCenter,0.24,14.986666666666668,ROUTE_StRoseHospital,0.24,4.126666666666667,ROUTE_SutterEdenMedicalCenter,0.24,14.986666666666668,ROUTE_KaiserFoundationHospitalSanLeandro,0.24,13.293333333333333
37.84305555552877,-122.2963888888441,118.81390498092573,MIMIC,ROUTE_CPMCDaviesCampusSutter,0.9,24.413333333333334,ROUTE_AltaBatesSummitMedicalCenterSummitCampus,0.9,8.731666666666666,ROUTE_CPMCDaviesCampusSutter,0.9,24.413333333333334,ROUTE_AltaBatesSummitMedicalCenterSummitCampus,0.9,8.731666666666666
37.42194444441733,-121.91444444439936,211.32104769375593,MIMIC,ROUTE_OConnorHospital,0.9,14.173333333333334,ROUTE_OConnorHospital,0.9,14.173333333333334,ROUTE_RegionalMedicalCenterOfSanJose,0.9,14.43,ROUTE_OConnorHospital,0.9,14.173333333333334
37.425277777750665,-122.1816666666218,147.46866312247343,MIMIC,ROUTE_StanfordHealthCare,0.9,6.028333333333333,ROUTE_StanfordHealthCare,0.9,6.028333333333333,ROUTE_StanfordHealthCare,0.9,6.028333333333333,ROUTE_StanfordHealthCare,0.9,6.028333333333333
37.43861111108401,-121.88472222217712,199.02954371218905,HEMORRHAGIC,ROUTE_RegionalMedicalCenterOfSanJose,0.24,11.166666666666666,ROUTE_RegionalMedicalCenterOfSanJose,0.24,11.166666666666666,ROUTE_RegionalMedicalCenterOfSanJose,0.24,11.166666666666666,ROUTE_RegionalMedicalCenterOfSanJose,0.24,11.166666666666666
38.25861111108466,-122.61944444439992,131.18151130249086,NLVO,ROUTE_UCSFMedicalCenter,0.5117753264425283,61.835,ROUTE_PetalumaValleyHospitalProvidence,0.5415753297700581,4.8933333333333335,ROUTE_UCSFMedicalCenter,0.5117753264425283,61.835,ROUTE_PetalumaValleyHospitalProvidence,0.5415753297700581,4.8933333333333335
37.853888888862116,-122.0427777777328,132.70705632767397,MIMIC,ROUTE_JohnMuirMedicalCenterWalnutCreekCampus,0.9,13.875,ROUTE_KaiserFoundationHospitalWalnutCreek,0.9,8.263333333333334,ROUTE_JohnMuirMedicalCenterWalnutCreekCampus,0.9,13.875,ROUTE_KaiserFoundationHospitalWalnutCreek,0.9,8.263333333333334
37.717499999973114,-121.92972222217715,120.09890874454314,LVO,ROUTE_SutterEdenMedicalCenter,0.4144069269068348,20.06833333333333,ROUTE_StanfordHealthCareTriValley,0.27811450960189166,13.801666666666668,ROUTE_SutterEdenMedicalCenter,0.4144069269068348,20.06833333333333,ROUTE_StanfordHealthCareTriValley,0.27811450960189166,13.801666666666668
38.023333333306695,-121.89638888884379,87.29106221436206,LVO,ROUTE_JohnMuirMedicalCenterWalnutCreekCampus,0.4269187219578564,24.93,ROUTE_SutterDeltaMedicalCenter,0.24466880000000002,13.211666666666668,ROUTE_JohnMuirMedicalCenterWalnutCreekCampus,0.4269187219578564,24.93,ROUTE_JohnMuirMedicalCenterConcordCampus,0.28652414318361463,15.17
37.7783333333065,-122.47444444439981,234.19593139313253,LVO,ROUTE_UCSFHealthStanyanHospital,0.24466880000000002,6.055000000000001,ROUTE_UCSFHealthStanyanHospital,0.24466880000000002,6.055000000000001,ROUTE_UCSFMedicalCenter,0.24466880000000002,8.991666666666667,ROUTE_UCSFHealthStanyanHospital,0.24466880000000002,6.055000000000001
37.502222222195165,-122.2547222221774,130.2187672603701,LVO,ROUTE_KaiserFoundationHospitalRedwoodCity,0.4144828432885428,9.283333333333333,ROUTE_SequoiaHospital,0.2765895617617981,7.845,ROUTE_KaiserFoundationHospitalRedwoodCity,0.4144828432885428,9.283333333333333,ROUTE_SequoiaHospital,0.2765895617617981,7.845
37.48444444441738,-121.9202777777327,249.68010814844268,HEMORRHAGIC,ROUTE_KaiserFoundationHospitalFremont,0.24,17.773333333333333,ROUTE_KaiserFoundationHospitalFremont,0.24,17.773333333333333,ROUTE_RegionalMedicalCenterOfSanJose,0.24,18.395,ROUTE_KaiserFoundationHospitalFremont,0.24,17.773333333333333
37.668333333306414,-121.9063888888438,269.02210936967117,LVO,ROUTE_StanfordHealthCareTriValley,0.24466880000000002,9.266666666666667,ROUTE_StanfordHealthCareTriValley,0.24466880000000002,9.266666666666667,ROUTE_SutterEdenMedicalCenter,0.24466880000000002,23.083333333333332,ROUTE_StanfordHealthCareTriValley,0.24466880000000002,9.266666666666667
37.81472222219542,-122.27027777773297,189.37253969561976,HEMORRHAGIC,ROUTE_AltaBatesSummitMedicalCenterSummitCampus,0.24,3.9266666666666667,ROUTE_AltaBatesSummitMedicalCenterSummitCampus,0.24,3.9266666666666667,ROUTE_SutterEdenMedicalCenter,0.24,21.061666666666667,ROUTE_AltaBatesSummitMedicalCenterSummitCampus,0.24,3.9266666666666667
38.27527777775134,-122.02472222217723,140.36573763925037,HEMORRHAGIC,ROUTE_JohnMuirMedicalCenterWalnutCreekCampus,0.24,42.28333333333333,ROUTE_NorthBayMedicalCenter,0.24,8.071666666666667,ROUTE_JohnMuirMedicalCenterWalnutCreekCampus,0.24,42.28333333333333,ROUTE_NorthBayMedicalCenter,0.24,8.071666666666667
37.718888888862004,-122.45583333328868,75.78691778321586,HEMORRHAGIC,ROUTE_UCSFMedicalCenter,0.24,12.875,ROUTE_CPMCMissionBernalCampusSutter,0.24,8.275,ROUTE_UCSFMedicalCenter,0.24,12.875,ROUTE_CPMCMissionBernalCampusSutter,0.24,8.275
37.74444444441758,-122.47527777773314,65.17234114545491,LVO,ROUTE_UCSFMedicalCenter,0.4406997792137311,6.691666666666666,ROUTE_UCSFMedicalCenter,0.4406997792137311,6.691666666666666,ROUTE_UCSFMedicalCenter,0.4406997792137311,6.691666666666666,ROUTE_UCSFMedicalCenter,0.4406997792137311,6.691666666666666
37.985833333306665,-122.03083333328834,70.27981501134872,LVO,ROUTE_JohnMuirMedicalCenterWalnutCreekCampus,0.43339360429995444,18.121666666666666,ROUTE_JohnMuirMedicalCenterConcordCampus,0.29519382398667066,4.633333333333334,ROUTE_JohnMuirMedicalCenterWalnutCreekCampus,0.43339360429995444,18.121666666666666,ROUTE_JohnMuirMedicalCenterConcordCampus,0.29519382398667066,4.633333333333334
37.989999999973335,-122.32388888884414,253.74715001566224,NLVO,ROUTE_KaiserFoundationHospitalRichmondCampus,0.4622,9.683333333333334,ROUTE_KaiserFoundationHospitalRichmondCampus,0.4622,9.683333333333334,ROUTE_JohnMuirMedicalCenterWalnutCreekCampus,0.4622,32.18666666666667,ROUTE_KaiserFoundationHospitalRichmondCampus,0.4622,9.683333333333334
37.87944444441769,-122.10638888884395,45.01070851922661,MIMIC,ROUTE_JohnMuirMedicalCenterWalnutCreekCampus,0.9,18.506666666666668,ROUTE_KaiserFoundationHospitalWalnutCreek,0.9,16.235,ROUTE_JohnMuirMedicalCenterWalnutCreekCampus,0.9,18.506666666666668,ROUTE_KaiserFoundationHospitalWalnutCreek,0.9,16.235
37.41277777775065,-121.91083333328825,142.82163235465978,LVO,ROUTE_RegionalMedicalCenterOfSanJose,0.4084556967751145,13.595,ROUTE_OConnorHospital,0.27152524493934516,13.514999999999999,ROUTE_RegionalMedicalCenterOfSanJose,0.4084556967751145,13.595,ROUTE_OConnorHospital,0.27152524493934516,13.514999999999999
37.35333333330616,-122.0427777777328,71.68688726097078,HEMORRHAGIC,ROUTE_ElCaminoHealthMountainView,0.24,12.196666666666665,ROUTE_ElCaminoHealthMountainView,0.24,12.196666666666665,ROUTE_ElCaminoHealthMountainView,0.24,12.196666666666665,ROUTE_ElCaminoHealthMountainView,0.24,12.196666666666665
37.93972222219552,-121.72027777773253,197.48803771775792,HEMORRHAGIC,ROUTE_KaiserFoundationHospitalAntioch,0.24,10.971666666666666,ROUTE_KaiserFoundationHospitalAntioch,0.24,10.971666666666666,ROUTE_JohnMuirMedicalCenterWalnutCreekCampus,0.24,37.190000000000005,ROUTE_KaiserFoundationHospitalAntioch,0.24,10.971666666666666
37.53055555552852,-121.99777777773276,101.36419395508116,LVO,ROUTE_SutterEdenMedicalCenter,0.41901717025598006,24.0,ROUTE_WashingtonHospitalHealthcareSystem,0.2844014114309044,9.143333333333334,ROUTE_SutterEdenMedicalCenter,0.41901717025598006,24.0,ROUTE_WashingtonHospitalHealthcareSystem,0.2844014114309044,9.143333333333334
37.58611111108412,-122.40444444439976,144.81125055590786,NLVO,ROUTE_MillsPeninsulaMedicalCenterSutter,0.5345271027445015,5.736666666666666,ROUTE_MillsPeninsulaMedicalCenterSutter,0.5345271027445015,5.736666666666666,ROUTE_MillsPeninsulaMedicalCenterSutter,0.5345271027445015,5.736666666666666,ROUTE_MillsPeninsulaMedicalCenterSutter,0.5345271027445015,5.736666666666666
37.77277777775094,-122.48999999995537,63.583539817105574,LVO,ROUTE_UCSFMedicalCenter,0.4408496499728314,7.871666666666667,ROUTE_UCSFHealthStanyanHospital,0.42728422902076535,7.733333333333333,ROUTE_UCSFMedicalCenter,0.4408496499728314,7.871666666666667,ROUTE_UCSFHealthStanyanHospital,0.42728422902076535,7.733333333333333
37.78555555552873,-121.92305555551047,98.6862382982739,HEMORRHAGIC,ROUTE_JohnMuirMedicalCenterWalnutCreekCampus,0.24,26.44333333333333,ROUTE_SanRamonRegionalMedicalCenter,0.24,9.791666666666666,ROUTE_JohnMuirMedicalCenterWalnutCreekCampus,0.24,26.44333333333333,ROUTE_SanRamonRegionalMedicalCenter,0.24,9.791666666666666
37.90055555552882,-122.26527777773298,253.49112404194975,LVO,ROUTE_AltaBatesSummitMedicalCenterAltaBatesCampus,0.24466880000000002,13.811666666666667,ROUTE_AltaBatesSummitMedicalCenterAltaBatesCampus,0.24466880000000002,13.811666666666667,ROUTE_JohnMuirMedicalCenterWalnutCreekCampus,0.24466880000000002,30.965,ROUTE_KaiserFoundationHospitalRichmondCampus,0.24466880000000002,19.488333333333333
37.748055555528694,-122.42333333328865,185.27436105163562,LVO,ROUTE_CPMCDaviesCampusSutter,0.26161064107030596,6.826666666666667,ROUTE_CPMCMissionBernalCampusSutter,0.263241657642464,0.8633333333333333,ROUTE_CPMCDaviesCampusSutter,0.26161064107030596,6.826666666666667,ROUTE_CPMCMissionBernalCampusSutter,0.263241657642464,0.8633333333333333
37.750277777750924,-122.43277777773311,119.09773236973243,HEMORRHAGIC,ROUTE_CPMCDaviesCampusSutter,0.24,5.131666666666666,ROUTE_CPMCMissionBernalCampusSutter,0.24,3.3216666666666668,ROUTE_CPMCDaviesCampusSutter,0.24,5.131666666666666,ROUTE_CPMCMissionBernalCampusSutter,0.24,3.3216666666666668
37.65805555552863,-122.47277777773314,261.8853894051008,MIMIC,ROUTE_AHMCSetonMedicalCenter,0.9,6.97,ROUTE_AHMCSetonMedicalCenter,0.9,6.97,ROUTE_MillsPeninsulaMedicalCenterSutter,0.9,15.966666666666667,ROUTE_AHMCSetonMedicalCenter,0.9,6.97
38.27861111108468,-122.01388888884388,225.46302913044997,LVO,ROUTE_NorthBayMedicalCenter,0.24466880000000002,12.53,ROUTE_NorthBayMedicalCenter,0.24466880000000002,12.53,ROUTE_JohnMuirMedicalCenterWalnutCreekCampus,0.24466880000000002,46.74333333333333,ROUTE_NorthBayMedicalCenter,0.24466880000000002,12.53
37.659166666639734,-122.44694444439979,145.1092360550295,LVO,ROUTE_MillsPeninsulaMedicalCenterSutter,0.4051865868312261,17.211666666666666,ROUTE_KaiserFoundationHospitalSouthSanFrancisco,0.2728394389121519,6.248333333333333,ROUTE_MillsPeninsulaMedicalCenterSutter,0.4051865868312261,17.211666666666666,ROUTE_KaiserFoundationHospitalSouthSanFrancisco,0.2728394389121519,6.248333333333333
37.536944444417415,-122.00444444439943,43.82127204974705,HEMORRHAGIC,ROUTE_SutterEdenMedicalCenter,0.24,23.673333333333336,ROUTE_WashingtonHospitalHealthcareSystem,0.24,8.2,ROUTE_SutterEdenMedicalCenter,0.24,23.673333333333336,ROUTE_WashingtonHospitalHealthcareSystem,0.24,8.2
38.448611111084816,-121.84972222217708,230.0419665390368,HEMORRHAGIC,ROUTE_KaiserFoundationHospitalVacaville,0.24,11.045,ROUTE_KaiserFoundationHospitalVacaville,0.24,11.045,ROUTE_JohnMuirMedicalCenterWalnutCreekCampus,0.24,57.975,ROUTE_KaiserFoundationHospitalVacaville,0.24,11.045
37.42638888886177,-122.25555555551074,104.34664348443974,HEMORRHAGIC,ROUTE_StanfordHealthCare,0.24,17.863333333333333,ROUTE_SequoiaHospital,0.24,15.253333333333334,ROUTE_StanfordHealthCare,0.24,17.863333333333333,ROUTE_SequoiaHospital,0.24,15.253333333333334
37.99333333330667,-121.74027777773256,90.14347723308252,LVO,ROUTE_JohnMuirMedicalCenterWalnutCreekCampus,0.41999802746756176,34.325,ROUTE_KaiserFoundationHospitalAntioch,0.2874769048313526,12.715,ROUTE_JohnMuirMedicalCenterWalnutCreekCampus,0.41999802746756176,34.325,ROUTE_KaiserFoundationHospitalAntioch,0.2874769048313526,12.715
37.523888888861855,-122.27111111106632,173.49905314744797,LVO,ROUTE_KaiserFoundationHospitalRedwoodCity,0.2641464799832866,10.235000000000001,ROUTE_SanMateoMedicalCenter,0.24466880000000002,8.991666666666667,ROUTE_KaiserFoundationHospitalRedwoodCity,0.2641464799832866,10.235000000000001,ROUTE_KaiserFoundationHospitalRedwoodCity,0.2641464799832866,10.235000000000001
37.39916666663953,-122.022499999955,165.0155691682872,LVO,ROUTE_ElCaminoHealthMountainView,0.39975463821214974,14.55,ROUTE_ElCaminoHealthMountainView,0.39975463821214974,14.55,ROUTE_ElCaminoHealthMountainView,0.39975463821214974,14.55,ROUTE_ElCaminoHealthMountainView,0.39975463821214974,14.55
38.00166666664001,-121.89416666662157,225.36950972162492,HEMORRHAGIC,ROUTE_SutterDeltaMedicalCenter,0.24,11.266666666666667,ROUTE_SutterDeltaMedicalCenter,0.24,11.266666666666667,ROUTE_JohnMuirMedicalCenterWalnutCreekCampus,0.24,20.798333333333336,ROUTE_JohnMuirMedicalCenterConcordCampus,0.24,13.741666666666667
37.94388888886219,-122.53583333328875,85.19563808847346,LVO,ROUTE_UCSFMedicalCenter,0.4225886640089467,36.75666666666667,ROUTE_MarinHealthMedicalCenter,0.2913369022479198,2.515,ROUTE_UCSFMedicalCenter,0.4225886640089467,36.75666666666667,ROUTE_MarinHealthMedicalCenter,0.2913369022479198,2.515
37.53999999997298,-121.98777777773275,261.30603678912354,HEMORRHAGIC,ROUTE_WashingtonHospitalHealthcareSystem,0.24,6.83,ROUTE_WashingtonHospitalHealthcareSystem,0.24,6.83,ROUTE_SutterEdenMedicalCenter,0.24,25.78666666666667,ROUTE_WashingtonHospitalHealthcareSystem,0.24,6.83
37.7783333333065,-122.49916666662205,132.7045453470581,LVO,ROUTE_UCSFMedicalCenter,0.41281457415587286,11.118333333333334,ROUTE_UCSFHealthStanyanHospital,0.27455418867864606,10.046666666666665,ROUTE_UCSFMedicalCenter,0.41281457415587286,11.118333333333334,ROUTE_UCSFHealthStanyanHospital,0.27455418867864606,10.046666666666665
37.8388888888621,-122.28305555551077,158.71924202315674,LVO,ROUTE_SutterEdenMedicalCenter,0.26450120086987977,25.236666666666668,ROUTE_KaiserFoundationHospitalOaklandRichmond,0.2684279168318826,7.868333333333334,ROUTE_SutterEdenMedicalCenter,0.26450120086987977,25.236666666666668,ROUTE_KaiserFoundationHospitalOaklandRichmond,0.2684279168318826,7.868333333333334
37.93333333330662,-121.92333333328826,222.00883654745482,MIMIC,ROUTE_JohnMuirMedicalCenterWalnutCreekCampus,0.9,17.725,ROUTE_JohnMuirMedicalCenterWalnutCreekCampus,0.9,17.725,ROUTE_JohnMuirMedicalCenterWalnutCreekCampus,0.9,17.725,ROUTE_JohnMuirMedicalCenterWalnutCreekCampus,0.9,17.725
38.009444444417795,-121.80111111106594,71.037700563262,LVO,ROUTE_JohnMuirMedicalCenterWalnutCreekCampus,0.42945385799118707,30.59,ROUTE_SutterDeltaMedicalCenter,0.25805108566537877,7.035,ROUTE_JohnMuirMedicalCenterWalnutCreekCampus,0.42945385799118707,30.59,ROUTE_KaiserFoundationHospitalAntioch,0.29279731628769556,12.551666666666668
37.94333333330663,-121.95249999995495,119.63185145637429,NLVO,ROUTE_JohnMuirMedicalCenterWalnutCreekCampus,0.5432145398655244,13.264999999999999,ROUTE_JohnMuirMedicalCenterWalnutCreekCampus,0.5432145398655244,13.264999999999999,ROUTE_JohnMuirMedicalCenterWalnutCreekCampus,0.5432145398655244,13.264999999999999,ROUTE_JohnMuirMedicalCenterWalnutCreekCampus,0.5432145398655244,13.264999999999999
37.94166666663996,-122.35361111106637,140.49332121041525,HEMORRHAGIC,ROUTE_CPMCDaviesCampusSutter,0.24,35.76833333333333,ROUTE_KaiserFoundationHospitalRichmondCampus,0.24,4.395,ROUTE_CPMCDaviesCampusSutter,0.24,35.76833333333333,ROUTE_KaiserFoundationHospitalRichmondCampus,0.24,4.395
37.86805555552879,-122.25805555551075,218.41398108648792,HEMORRHAGIC,ROUTE_AltaBatesSummitMedicalCenterAltaBatesCampus,0.24,4.538333333333333,ROUTE_AltaBatesSummitMedicalCenterAltaBatesCampus,0.24,4.538333333333333,ROUTE_SutterEdenMedicalCenter,0.24,26.71333333333333,ROUTE_AltaBatesSummitMedicalCenterSummitCampus,0.24,13.698333333333332
37.65555555552862,-122.06944444439948,151.28556695791303,LVO,ROUTE_SutterEdenMedicalCenter,0.40449209929285523,14.176666666666668,ROUTE_StRoseHospital,0.24466880000000002,10.011666666666667,ROUTE_SutterEdenMedicalCenter,0.40449209929285523,14.176666666666668,ROUTE_SutterEdenMedicalCenter,0.40449209929285523,14.176666666666668
37.80194444441763,-122.26777777773297,172.4467964378793,NLVO,ROUTE_SutterEdenMedicalCenter,0.5090223070973572,23.435,ROUTE_AltaBatesSummitMedicalCenterSummitCampus,0.5196980107857582,7.333333333333333,ROUTE_SutterEdenMedicalCenter,0.5090223070973572,23.435,ROUTE_AltaBatesSummitMedicalCenterSummitCampus,0.5196980107857582,7.333333333333333
37.421666666639545,-122.15916666662177,159.63841864055775,LVO,ROUTE_StanfordHealthCare,0.4048139051157019,6.386666666666667,ROUTE_StanfordHealthCare,0.4048139051157019,6.386666666666667,ROUTE_StanfordHealthCare,0.4048139051157019,6.386666666666667,ROUTE_StanfordHealthCare,0.4048139051157019,6.386666666666667
37.761944444417594,-122.43111111106644,45.815889012915456,HEMORRHAGIC,ROUTE_CPMCDaviesCampusSutter,0.24,3.9833333333333334,ROUTE_CPMCDaviesCampusSutter,0.24,3.9833333333333334,ROUTE_CPMCDaviesCampusSutter,0.24,3.9833333333333334,ROUTE_CPMCDaviesCampusSutter,0.24,3.9833333333333334
38.09916666664009,-122.21277777773292,201.82922149624932,LVO,ROUTE_SutterSolanoMedicalCenter,0.25670606236286897,8.581666666666667,ROUTE_SutterSolanoMedicalCenter,0.25670606236286897,8.581666666666667,ROUTE_JohnMuirMedicalCenterWalnutCreekCampus,0.24466880000000002,27.271666666666665,ROUTE_SutterSolanoMedicalCenter,0.25670606236286897,8.581666666666667
37.96583333330665,-122.32999999995525,156.63180610445875,HEMORRHAGIC,ROUTE_JohnMuirMedicalCenterWalnutCreekCampus,0.24,33.233333333333334,ROUTE_KaiserFoundationHospitalRichmondCampus,0.24,11.168333333333333,ROUTE_JohnMuirMedicalCenterWalnutCreekCampus,0.24,33.233333333333334,ROUTE_KaiserFoundationHospitalRichmondCampus,0.24,11.168333333333333
37.729999999973124,-122.40611111106642,105.45298313155486,LVO,ROUTE_CPMCDaviesCampusSutter,0.4227808293648727,12.593333333333334,ROUTE_ZuckerbergSanFranciscoGeneralHospital,0.2840032898100814,7.819999999999999,ROUTE_CPMCDaviesCampusSutter,0.4227808293648727,12.593333333333334,ROUTE_ZuckerbergSanFranciscoGeneralHospital,0.2840032898100814,7.819999999999999
37.484166666639595,-122.39972222217753,246.04515389507918,LVO,ROUTE_SanMateoMedicalCenter,0.24466880000000002,20.685,ROUTE_SanMateoMedicalCenter,0.24466880000000002,20.685,ROUTE_MillsPeninsulaMedicalCenterSutter,0.24466880000000002,20.895,ROUTE_MillsPeninsulaMedicalCenterSutter,0.24466880000000002,20.895
37.445277777750675,-122.13583333328843,66.13307409366669,NLVO,ROUTE_StanfordHealthCare,0.5736677275073265,11.008333333333333,ROUTE_StanfordHealthCare,0.5736677275073265,11.008333333333333,ROUTE_StanfordHealthCare,0.5736677275073265,11.008333333333333,ROUTE_StanfordHealthCare,0.5736677275073265,11.008333333333333
37.65749999997307,-122.41444444439976,247.95420203111487,HEMORRHAGIC,ROUTE_KaiserFoundationHospitalSouthSanFrancisco,0.24,6.861666666666666,ROUTE_KaiserFoundationHospitalSouthSanFrancisco,0.24,6.861666666666666,ROUTE_MillsPeninsulaMedicalCenterSutter,0.24,11.608333333333333,ROUTE_KaiserFoundationHospitalSouthSanFrancisco,0.24,6.861666666666666
37.534999999972975,-122.27083333328854,259.3901573149601,NLVO,ROUTE_SanMateoMedicalCenter,0.4622,14.501666666666667,ROUTE_SanMateoMedicalCenter,0.4622,14.501666666666667,ROUTE_MillsPeninsulaMedicalCenterSutter,0.4622,19.466666666666665,ROUTE_MillsPeninsulaMedicalCenterSutter,0.4622,19.466666666666665
37.94722222219552,-122.36055555551083,151.37903056085588,HEMORRHAGIC,ROUTE_CPMCDaviesCampusSutter,0.24,36.55333333333333,ROUTE_KaiserFoundationHospitalRichmondCampus,0.24,3.5949999999999998,ROUTE_CPMCDaviesCampusSutter,0.24,36.55333333333333,ROUTE_KaiserFoundationHospitalRichmondCampus,0.24,3.5949999999999998
37.35944444441728,-121.99916666662165,265.5684076673002,LVO,ROUTE_KaiserFoundationHospitalSantaClara,0.24466880000000002,5.6033333333333335,ROUTE_KaiserFoundationHospitalSantaClara,0.24466880000000002,5.6033333333333335,ROUTE_KaiserFoundationHospitalSantaClara,0.24466880000000002,5.6033333333333335,ROUTE_KaiserFoundationHospitalSantaClara,0.24466880000000002,5.6033333333333335
38.11138888886232,-122.63944444439994,172.4754964730068,LVO,ROUTE_NovatoCommunityHospitalSutter,0.26140779563170435,21.275,ROUTE_NovatoCommunityHospitalSutter,0.26140779563170435,21.275,ROUTE_UCSFMedicalCenter,0.24466880000000002,62.52166666666667,ROUTE_NovatoCommunityHospitalSutter,0.26140779563170435,21.275
37.770555555528716,-122.27694444439965,249.2951141343569,HEMORRHAGIC,ROUTE_AlamedaHospital,0.24,5.703333333333333,ROUTE_AlamedaHospital,0.24,5.703333333333333,ROUTE_SutterEdenMedicalCenter,0.24,24.896666666666665,ROUTE_AlamedaHospital,0.24,5.703333333333333
37.97444444441777,-122.51444444439984,210.42023302083314,NLVO,ROUTE_MarinHealthMedicalCenter,0.49733586192878254,10.873333333333333,ROUTE_MarinHealthMedicalCenter,0.49733586192878254,10.873333333333333,ROUTE_UCSFMedicalCenter,0.4622,37.766666666666666,ROUTE_MarinHealthMedicalCenter,0.49733586192878254,10.873333333333333
37.87638888886213,-122.26527777773298,144.64955608698367,LVO,ROUTE_SutterEdenMedicalCenter,0.2644251773729947,31.245,ROUTE_AltaBatesSummitMedicalCenterAltaBatesCampus,0.24466880000000002,8.348333333333333,ROUTE_SutterEdenMedicalCenter,0.2644251773729947,31.245,ROUTE_KaiserFoundationHospitalOaklandRichmond,0.2702551176180913,16.201666666666668
37.794166666639846,-122.4074999999553,33.424630643498965,HEMORRHAGIC,ROUTE_CPMCDaviesCampusSutter,0.24,10.825,ROUTE_ChineseHospital,0.24,0.9366666666666668,ROUTE_CPMCDaviesCampusSutter,0.24,10.825,ROUTE_ChineseHospital,0.24,0.9366666666666668
37.60833333330636,-122.08972222217727,146.69762638792795,LVO,ROUTE_SutterEdenMedicalCenter,0.4031626504702709,22.993333333333332,ROUTE_StRoseHospital,0.24466880000000002,10.901666666666667,ROUTE_SutterEdenMedicalCenter,0.4031626504702709,22.993333333333332,ROUTE_KaiserFoundationHospitalSanLeandro,0.2687498399382825,21.3
37.591944444417464,-122.38805555551085,213.8674988508235,HEMORRHAGIC,ROUTE_MillsPeninsulaMedicalCenterSutter,0.24,2.15,ROUTE_MillsPeninsulaMedicalCenterSutter,0.24,2.15,ROUTE_MillsPeninsulaMedicalCenterSutter,0.24,2.15,ROUTE_MillsPeninsulaMedicalCenterSutter,0.24,2.15
37.77999999997317,-121.89666666662157,198.66241269970067,LVO,ROUTE_SanRamonRegionalMedicalCenter,0.25626104878776873,12.701666666666666,ROUTE_SanRamonRegionalMedicalCenter,0.25626104878776873,12.701666666666666,ROUTE_SutterEdenMedicalCenter,0.24466880000000002,29.178333333333335,ROUTE_SanRamonRegionalMedicalCenter,0.25626104878776873,12.701666666666666
37.75611111108426,-122.18499999995512,149.92482696642745,LVO,ROUTE_SutterEdenMedicalCenter,0.40467876101700473,17.658333333333335,ROUTE_KaiserFoundationHospitalSanLeandro,0.2694344713262848,13.376666666666667,ROUTE_SutterEdenMedicalCenter,0.40467876101700473,17.658333333333335,ROUTE_KaiserFoundationHospitalSanLeandro,0.2694344713262848,13.376666666666667
37.68027777775087,-121.9177777777327,198.7857618735501,LVO,ROUTE_StanfordHealthCareTriValley,0.2579093969574616,7.661666666666666,ROUTE_StanfordHealthCareTriValley,0.2579093969574616,7.661666666666666,ROUTE_SutterEdenMedicalCenter,0.25476667427404226,19.581666666666667,ROUTE_StanfordHealthCareTriValley,0.2579093969574616,7.661666666666666
37.77361111108427,-122.4708333332887,139.75737830651633,NLVO,ROUTE_UCSFMedicalCenter,0.5355665694755162,7.42,ROUTE_UCSFHealthStanyanHospital,0.5377900801247847,4.485,ROUTE_UCSFMedicalCenter,0.5355665694755162,7.42,ROUTE_UCSFHealthStanyanHospital,0.5377900801247847,4.485
37.96722222219554,-122.03527777773279,45.883807720368296,LVO,ROUTE_JohnMuirMedicalCenterWalnutCreekCampus,0.44673198482814735,12.328333333333335,ROUTE_JohnMuirMedicalCenterConcordCampus,0.43342325205652954,5.796666666666667,ROUTE_JohnMuirMedicalCenterWalnutCreekCampus,0.44673198482814735,12.328333333333335,ROUTE_JohnMuirMedicalCenterConcordCampus,0.43342325205652954,5.796666666666667
37.79999999997318,-122.21777777773293,249.35578534738167,LVO,ROUTE_HighlandHospitalWilmaChanCampus,0.24466880000000002,2.98,ROUTE_HighlandHospitalWilmaChanCampus,0.24466880000000002,2.98,ROUTE_SutterEdenMedicalCenter,0.24466880000000002,17.716666666666665,ROUTE_HighlandHospitalWilmaChanCampus,0.24466880000000002,2.98
37.784444444417616,-122.23166666662183,128.36228479701697,HEMORRHAGIC,ROUTE_SutterEdenMedicalCenter,0.24,20.67,ROUTE_HighlandHospitalWilmaChanCampus,0.24,3.365,ROUTE_SutterEdenMedicalCenter,0.24,20.67,ROUTE_HighlandHospitalWilmaChanCampus,0.24,3.365
37.935833333306626,-122.54138888884431,203.32896943748614,HEMORRHAGIC,ROUTE_MarinHealthMedicalCenter,0.24,6.973333333333333,ROUTE_MarinHealthMedicalCenter,0.24,6.973333333333333,ROUTE_UCSFMedicalCenter,0.24,35.931666666666665,ROUTE_MarinHealthMedicalCenter,0.24,6.973333333333333
37.405833333306205,-122.09972222217729,50.839300411053145,NLVO,ROUTE_ElCaminoHealthMountainView,0.5794820598517215,15.256666666666666,ROUTE_ElCaminoHealthMountainView,0.5794820598517215,15.256666666666666,ROUTE_ElCaminoHealthMountainView,0.5794820598517215,15.256666666666666,ROUTE_ElCaminoHealthMountainView,0.5794820598517215,15.256666666666666
37.559999999972995,-121.98499999995497,130.53949360035477,LVO,ROUTE_SutterEdenMedicalCenter,0.4058413364985066,29.456666666666667,ROUTE_WashingtonHospitalHealthcareSystem,0.2780921308868509,2.3,ROUTE_SutterEdenMedicalCenter,0.4058413364985066,29.456666666666667,ROUTE_WashingtonHospitalHealthcareSystem,0.2780921308868509,2.3
37.378611111083956,-122.05694444439948,34.231830958945,HEMORRHAGIC,ROUTE_ElCaminoHealthMountainView,0.24,9.91,ROUTE_ElCaminoHealthMountainView,0.24,9.91,ROUTE_ElCaminoHealthMountainView,0.24,9.91,ROUTE_ElCaminoHealthMountainView,0.24,9.91
37.9058333333066,-122.14194444439954,203.5719175223356,MIMIC,ROUTE_KaiserFoundationHospitalWalnutCreek,0.9,12.51,ROUTE_KaiserFoundationHospitalWalnutCreek,0.9,12.51,ROUTE_JohnMuirMedicalCenterWalnutCreekCampus,0.9,14.781666666666666,ROUTE_KaiserFoundationHospitalWalnutCreek,0.9,12.51
37.68333333330642,-122.04499999995502,88.34647664750116,MIMIC,ROUTE_SutterEdenMedicalCenter,0.9,14.293333333333333,ROUTE_SutterEdenMedicalCenter,0.9,14.293333333333333,ROUTE_SutterEdenMedicalCenter,0.9,14.293333333333333,ROUTE_SutterEdenMedicalCenter,0.9,14.293333333333333
37.86722222219546,-122.26444444439964,30.072314854257005,MIMIC,ROUTE_SutterEdenMedicalCenter,0.9,27.823333333333334,ROUTE_AltaBatesSummitMedicalCenterAltaBatesCampus,0.9,4.826666666666667,ROUTE_SutterEdenMedicalCenter,0.9,27.823333333333334,ROUTE_KaiserFoundationHospitalOaklandRichmond,0.9,13.951666666666666
38.0005555555289,-122.26388888884408,66.08311561327423,LVO,ROUTE_JohnMuirMedicalCenterWalnutCreekCampus,0.430717916171252,29.978333333333335,ROUTE_ContraCostaRegionalMedicalCenter,0.2552706159652153,16.931666666666665,ROUTE_JohnMuirMedicalCenterWalnutCreekCampus,0.430717916171252,29.978333333333335,ROUTE_KaiserFoundationHospitalRichmondCampus,0.29137015597242577,19.790000000000003
37.78944444441762,-122.45972222217758,105.38233848245603,HEMORRHAGIC,ROUTE_UCSFMedicalCenter,0.24,9.123333333333333,ROUTE_KaiserFoundationHospitalSanFrancisco,0.24,4.925,ROUTE_UCSFMedicalCenter,0.24,9.123333333333333,ROUTE_KaiserFoundationHospitalSanFrancisco,0.24,4.925
37.721666666639784,-122.39972222217753,31.19659628618379,LVO,ROUTE_MillsPeninsulaMedicalCenterSutter,0.4500528851158311,14.461666666666668,ROUTE_CPMCMissionBernalCampusSutter,0.4385166756508885,10.075,ROUTE_MillsPeninsulaMedicalCenterSutter,0.4500528851158311,14.461666666666668,ROUTE_CPMCMissionBernalCampusSutter,0.4385166756508885,10.075
37.98777777775111,-122.08694444439949,43.20725324520244,HEMORRHAGIC,ROUTE_JohnMuirMedicalCenterWalnutCreekCampus,0.24,16.676666666666666,ROUTE_ContraCostaRegionalMedicalCenter,0.24,8.9,ROUTE_JohnMuirMedicalCenterWalnutCreekCampus,0.24,16.676666666666666,ROUTE_JohnMuirMedicalCenterConcordCampus,0.24,9.135
37.71999999997312,-122.16694444439956,138.9249666892004,HEMORRHAGIC,ROUTE_SutterEdenMedicalCenter,0.24,14.41,ROUTE_SanLeandroHospitalAlamedaHealthSystem,0.24,7.321666666666667,ROUTE_SutterEdenMedicalCenter,0.24,14.41,ROUTE_KaiserFoundationHospitalSanLeandro,0.24,8.126666666666667
37.66861111108419,-122.10027777773284,104.62044928063024,HEMORRHAGIC,ROUTE_SutterEdenMedicalCenter,0.24,10.768333333333334,ROUTE_StRoseHospital,0.24,7.866666666666666,ROUTE_SutterEdenMedicalCenter,0.24,10.768333333333334,ROUTE_SutterEdenMedicalCenter,0.24,10.768333333333334
37.95361111108442,-121.96916666662163,111.24961090035767,MIMIC,ROUTE_JohnMuirMedicalCenterWalnutCreekCampus,0.9,12.311666666666667,ROUTE_JohnMuirMedicalCenterWalnutCreekCampus,0.9,12.311666666666667,ROUTE_JohnMuirMedicalCenterWalnutCreekCampus,0.9,12.311666666666667,ROUTE_JohnMuirMedicalCenterWalnutCreekCampus,0.9,12.311666666666667
37.960833333306645,-122.34749999995526,37.916461676262884,HEMORRHAGIC,ROUTE_JohnMuirMedicalCenterWalnutCreekCampus,0.24,37.945,ROUTE_KaiserFoundationHospitalRichmondCampus,0.24,8.465,ROUTE_JohnMuirMedicalCenterWalnutCreekCampus,0.24,37.945,ROUTE_KaiserFoundationHospitalRichmondCampus,0.24,8.465
37.928888888862176,-121.96749999995495,188.80886229670068,HEMORRHAGIC,ROUTE_JohnMuirMedicalCenterWalnutCreekCampus,0.24,15.301666666666668,ROUTE_JohnMuirMedicalCenterWalnutCreekCampus,0.24,15.301666666666668,ROUTE_JohnMuirMedicalCenterWalnutCreekCampus,0.24,15.301666666666668,ROUTE_JohnMuirMedicalCenterWalnutCreekCampus,0.24,15.301666666666668
38.05138888886227,-122.52833333328874,191.90234638324648,LVO,ROUTE_NovatoCommunityHospitalSutter,0.2591528726448448,9.453333333333335,ROUTE_NovatoCommunityHospitalSutter,0.2591528726448448,9.453333333333335,ROUTE_UCSFMedicalCenter,0.24466880000000002,45.83833333333334,ROUTE_NovatoCommunityHospitalSutter,0.2591528726448448,9.453333333333335
37.47916666663959,-122.20194444439959,35.06485676178853,LVO,ROUTE_KaiserFoundationHospitalRedwoodCity,0.45280925606366385,7.293333333333334,ROUTE_KaiserFoundationHospitalRedwoodCity,0.45280925606366385,7.293333333333334,ROUTE_KaiserFoundationHospitalRedwoodCity,0.45280925606366385,7.293333333333334,ROUTE_KaiserFoundationHospitalRedwoodCity,0.45280925606366385,7.293333333333334
37.65611111108418,-122.09249999995505,268.0466450945708,NLVO,ROUTE_StRoseHospital,0.4622,5.546666666666667,ROUTE_StRoseHospital,0.4622,5.546666666666667,ROUTE_SutterEdenMedicalCenter,0.4622,13.118333333333334,ROUTE_KaiserFoundationHospitalSanLeandro,0.4622,11.425
37.708888888862,-122.41638888884421,79.81662093485477,NLVO,ROUTE_MillsPeninsulaMedicalCenterSutter,0.5629251992813239,18.490000000000002,ROUTE_CPMCMissionBernalCampusSutter,0.562903230938293,13.585,ROUTE_MillsPeninsulaMedicalCenterSutter,0.5629251992813239,18.490000000000002,ROUTE_CPMCMissionBernalCampusSutter,0.562903230938293,13.585
37.77361111108427,-122.47638888884426,201.204740745861,MIMIC,ROUTE_UCSFMedicalCenter,0.9,8.4,ROUTE_UCSFHealthStanyanHospital,0.9,5.676666666666667,ROUTE_UCSFMedicalCenter,0.9,8.4,ROUTE_UCSFHealthStanyanHospital,0.9,5.676666666666667
37.6861111110842,-122.49111111106649,182.8435327555555,NLVO,ROUTE_MillsPeninsulaMedicalCenterSutter,0.507792671763388,19.51833333333333,ROUTE_AHMCSetonMedicalCenter,0.514758629674706,6.738333333333333,ROUTE_MillsPeninsulaMedicalCenterSutter,0.507792671763388,19.51833333333333,ROUTE_AHMCSetonMedicalCenter,0.514758629674706,6.738333333333333
37.74722222219536,-122.42694444439977,195.3915307606918,LVO,ROUTE_CPMCDaviesCampusSutter,0.2590846730749845,6.985,ROUTE_CPMCMissionBernalCampusSutter,0.2602952879314203,2.0616666666666665,ROUTE_CPMCDaviesCampusSutter,0.2590846730749845,6.985,ROUTE_CPMCMissionBernalCampusSutter,0.2602952879314203,2.0616666666666665
37.77166666663983,-122.4405555555109,167.10450994226397,NLVO,ROUTE_CPMCDaviesCampusSutter,0.5246636670060413,2.55,ROUTE_CPMCDaviesCampusSutter,0.5246636670060413,2.55,ROUTE_CPMCDaviesCampusSutter,0.5246636670060413,2.55,ROUTE_CPMCDaviesCampusSutter,0.5246636670060413,2.55
37.95166666663997,-122.55055555551098,92.92715401353803,LVO,ROUTE_UCSFMedicalCenter,0.4159864017545608,38.485,ROUTE_MarinHealthMedicalCenter,0.2880855369605224,5.858333333333333,ROUTE_UCSFMedicalCenter,0.4159864017545608,38.485,ROUTE_MarinHealthMedicalCenter,0.2880855369605224,5.858333333333333
38.06861111108451,-122.55861111106654,52.6039978612344,HEMORRHAGIC,ROUTE_UCSFMedicalCenter,0.24,47.51,ROUTE_NovatoCommunityHospitalSutter,0.24,10.818333333333333,ROUTE_UCSFMedicalCenter,0.24,47.51,ROUTE_NovatoCommunityHospitalSutter,0.24,10.818333333333333
37.641111111084165,-122.0566666666217,53.226117645226026,NLVO,ROUTE_SutterEdenMedicalCenter,0.5753992320092549,17.821666666666665,ROUTE_StRoseHospital,0.5096914712827872,10.113333333333333,ROUTE_SutterEdenMedicalCenter,0.5753992320092549,17.821666666666665,ROUTE_SutterEdenMedicalCenter,0.5753992320092549,17.821666666666665
37.6949999999731,-122.0983333332884,175.76237096391876,LVO,ROUTE_SutterEdenMedicalCenter,0.26474802480457116,4.6,ROUTE_SutterEdenMedicalCenter,0.26474802480457116,4.6,ROUTE_SutterEdenMedicalCenter,0.26474802480457116,4.6,ROUTE_SutterEdenMedicalCenter,0.26474802480457116,4.6
37.582777777750785,-122.02527777773278,160.3836357825705,HEMORRHAGIC,ROUTE_SutterEdenMedicalCenter,0.24,22.759999999999998,ROUTE_WashingtonHospitalHealthcareSystem,0.24,13.388333333333332,ROUTE_SutterEdenMedicalCenter,0.24,22.759999999999998,ROUTE_WashingtonHospitalHealthcareSystem,0.24,13.388333333333332
37.80499999997319,-122.41583333328865,197.86132519253977,HEMORRHAGIC,ROUTE_UCSFHealthHydeHospital,0.24,4.051666666666667,ROUTE_UCSFHealthHydeHospital,0.24,4.051666666666667,ROUTE_CPMCDaviesCampusSutter,0.24,12.4,ROUTE_UCSFHealthHydeHospital,0.24,4.051666666666667
37.360555555528386,-122.00083333328831,112.0417484362632,NLVO,ROUTE_KaiserFoundationHospitalSantaClara,0.5510505517221727,6.408333333333333,ROUTE_KaiserFoundationHospitalSantaClara,0.5510505517221727,6.408333333333333,ROUTE_KaiserFoundationHospitalSantaClara,0.5510505517221727,6.408333333333333,ROUTE_KaiserFoundationHospitalSantaClara,0.5510505517221727,6.408333333333333
37.379999999972846,-122.12555555551064,244.3969850734921,MIMIC,ROUTE_ElCaminoHealthMountainView,0.9,12.42,ROUTE_ElCaminoHealthMountainView,0.9,12.42,ROUTE_ElCaminoHealthMountainView,0.9,12.42,ROUTE_ElCaminoHealthMountainView,0.9,12.42
37.80166666663985,-122.44583333328868,81.83533337283455,LVO,ROUTE_CPMCDaviesCampusSutter,0.4329727469535007,9.698333333333332,ROUTE_KaiserFoundationHospitalSanFrancisco,0.29131096009598817,6.235,ROUTE_CPMCDaviesCampusSutter,0.4329727469535007,9.698333333333332,ROUTE_KaiserFoundationHospitalSanFrancisco,0.29131096009598817,6.235
37.85361111108434,-122.24055555551072,88.73934927253796,HEMORRHAGIC,ROUTE_SutterEdenMedicalCenter,0.24,21.238333333333333,ROUTE_AltaBatesSummitMedicalCenterAltaBatesCampus,0.24,4.975,ROUTE_SutterEdenMedicalCenter,0.24,21.238333333333333,ROUTE_AltaBatesSummitMedicalCenterSummitCampus,0.24,10.453333333333335
37.732777777750904,-122.3849999999553,227.12962773478844,LVO,ROUTE_ZuckerbergSanFranciscoGeneralHospital,0.24466880000000002,11.065,ROUTE_ZuckerbergSanFranciscoGeneralHospital,0.24466880000000002,11.065,ROUTE_CPMCDaviesCampusSutter,0.24466880000000002,16.921666666666667,ROUTE_ZuckerbergSanFranciscoGeneralHospital,0.24466880000000002,11.065
37.697499999973104,-122.09944444439951,110.94405678294007,HEMORRHAGIC,ROUTE_SutterEdenMedicalCenter,0.24,3.0349999999999997,ROUTE_SutterEdenMedicalCenter,0.24,3.0349999999999997,ROUTE_SutterEdenMedicalCenter,0.24,3.0349999999999997,ROUTE_SutterEdenMedicalCenter,0.24,3.0349999999999997
38.16694444441792,-122.24833333328851,77.74959154140527,HEMORRHAGIC,ROUTE_JohnMuirMedicalCenterWalnutCreekCampus,0.24,36.44666666666667,ROUTE_KaiserFoundationHospitalVallejo,0.24,8.113333333333333,ROUTE_JohnMuirMedicalCenterWalnutCreekCampus,0.24,36.44666666666667,ROUTE_KaiserFoundationHospitalVallejo,0.24,8.113333333333333
37.77499999997316,-122.41249999995532,156.7205783080034,LVO,ROUTE_CPMCDaviesCampusSutter,0.40532999565512734,7.905,ROUTE_CPMCVanNessCampusSutter,0.2700497643907606,4.7716666666666665,ROUTE_CPMCDaviesCampusSutter,0.40532999565512734,7.905,ROUTE_CPMCVanNessCampusSutter,0.2700497643907606,4.7716666666666665
38.269444444418006,-122.06361111106615,251.7470167252203,LVO,ROUTE_NorthBayMedicalCenter,0.24466880000000002,9.215,ROUTE_NorthBayMedicalCenter,0.24466880000000002,9.215,ROUTE_JohnMuirMedicalCenterWalnutCreekCampus,0.24466880000000002,40.515,ROUTE_NorthBayMedicalCenter,0.24466880000000002,9.215
37.403055555528425,-121.99194444439942,129.29406396753035,LVO,ROUTE_KaiserFoundationHospitalSantaClara,0.41342337550300745,14.058333333333334,ROUTE_KaiserFoundationHospitalSantaClara,0.41342337550300745,14.058333333333334,ROUTE_KaiserFoundationHospitalSantaClara,0.41342337550300745,14.058333333333334,ROUTE_KaiserFoundationHospitalSantaClara,0.41342337550300745,14.058333333333334
37.80222222219541,-122.44888888884424,111.16698763350855,LVO,ROUTE_CPMCDaviesCampusSutter,0.4209094289018014,11.85,ROUTE_KaiserFoundationHospitalSanFrancisco,0.28158498923313513,8.386666666666667,ROUTE_CPMCDaviesCampusSutter,0.4209094289018014,11.85,ROUTE_KaiserFoundationHospitalSanFrancisco,0.28158498923313513,8.386666666666667
37.46166666663958,-122.22499999995516,50.867932111888756,LVO,ROUTE_KaiserFoundationHospitalRedwoodCity,0.4455120696655523,9.995000000000001,ROUTE_SequoiaHospital,0.43109402405794695,8.879999999999999,ROUTE_KaiserFoundationHospitalRedwoodCity,0.4455120696655523,9.995000000000001,ROUTE_SequoiaHospital,0.43109402405794695,8.879999999999999
37.6899999999731,-122.15361111106621,156.04228161087443,HEMORRHAGIC,ROUTE_SutterEdenMedicalCenter,0.24,10.54,ROUTE_KaiserFoundationHospitalSanLeandro,0.24,6.1066666666666665,ROUTE_SutterEdenMedicalCenter,0.24,10.54,ROUTE_KaiserFoundationHospitalSanLeandro,0.24,6.1066666666666665
37.780277777750946,-122.41166666662198,42.098869365347696,LVO,ROUTE_CPMCDaviesCampusSutter,0.4483196919847636,10.19,ROUTE_UCSFHealthHydeHospital,0.43581527554307115,4.776666666666667,ROUTE_CPMCDaviesCampusSutter,0.4483196919847636,10.19,ROUTE_UCSFHealthHydeHospital,0.43581527554307115,4.776666666666667
38.245555555529094,-122.0288888888439,260.63644877310975,LVO,ROUTE_NorthBayMedicalCenter,0.24466880000000002,10.738333333333333,ROUTE_NorthBayMedicalCenter,0.24466880000000002,10.738333333333333,ROUTE_JohnMuirMedicalCenterWalnutCreekCampus,0.24466880000000002,42.25666666666667,ROUTE_NorthBayMedicalCenter,0.24466880000000002,10.738333333333333
37.68722222219532,-121.73416666662143,251.16293994705723,HEMORRHAGIC,ROUTE_StanfordHealthCareTriValley,0.24,18.348333333333336,ROUTE_StanfordHealthCareTriValley,0.24,18.348333333333336,ROUTE_SutterEdenMedicalCenter,0.24,29.746666666666666,ROUTE_StanfordHealthCareTriValley,0.24,18.348333333333336
37.49999999997294,-121.9227777777327,151.89119286024274,LVO,ROUTE_RegionalMedicalCenterOfSanJose,0.40349881773256147,16.616666666666667,ROUTE_KaiserFoundationHospitalFremont,0.26865520786223374,15.316666666666666,ROUTE_RegionalMedicalCenterOfSanJose,0.40349881773256147,16.616666666666667,ROUTE_KaiserFoundationHospitalFremont,0.26865520786223374,15.316666666666666
37.78749999997317,-122.46555555551092,94.36712398708691,LVO,ROUTE_UCSFMedicalCenter,0.42761505130674227,10.31,ROUTE_KaiserFoundationHospitalSanFrancisco,0.28744139399948654,6.191666666666666,ROUTE_UCSFMedicalCenter,0.42761505130674227,10.31,ROUTE_KaiserFoundationHospitalSanFrancisco,0.28744139399948654,6.191666666666666
38.06666666664006,-122.56111111106654,259.9755138534223,HEMORRHAGIC,ROUTE_NovatoCommunityHospitalSutter,0.24,12.723333333333333,ROUTE_NovatoCommunityHospitalSutter,0.24,12.723333333333333,ROUTE_UCSFMedicalCenter,0.24,49.415,ROUTE_NovatoCommunityHospitalSutter,0.24,12.723333333333333
37.69694444441755,-121.78222222217703,209.16919977795644,LVO,ROUTE_StanfordHealthCareTriValley,0.2534084422276217,14.91,ROUTE_StanfordHealthCareTriValley,0.2534084422276217,14.91,ROUTE_SutterEdenMedicalCenter,0.24466880000000002,26.308333333333334,ROUTE_StanfordHealthCareTriValley,0.2534084422276217,14.91
37.96444444441776,-122.35388888884415,148.20110675155496,LVO,ROUTE_JohnMuirMedicalCenterWalnutCreekCampus,0.2624801187440553,37.593333333333334,ROUTE_KaiserFoundationHospitalRichmondCampus,0.2712069786569229,8.8,ROUTE_JohnMuirMedicalCenterWalnutCreekCampus,0.2624801187440553,37.593333333333334,ROUTE_KaiserFoundationHospitalRichmondCampus,0.2712069786569229,8.8
37.98194444441777,-122.07833333328838,109.90230619792244,HEMORRHAGIC,ROUTE_JohnMuirMedicalCenterWalnutCreekCampus,0.24,16.365,ROUTE_JohnMuirMedicalCenterConcordCampus,0.24,11.373333333333333,ROUTE_JohnMuirMedicalCenterWalnutCreekCampus,0.24,16.365,ROUTE_JohnMuirMedicalCenterConcordCampus,0.24,11.373333333333333
37.58666666663968,-122.34972222217749,85.10669526934382,HEMORRHAGIC,ROUTE_MillsPeninsulaMedicalCenterSutter,0.24,7.066666666666666,ROUTE_MillsPeninsulaMedicalCenterSutter,0.24,7.066666666666666,ROUTE_MillsPeninsulaMedicalCenterSutter,0.24,7.066666666666666,ROUTE_MillsPeninsulaMedicalCenterSutter,0.24,7.066666666666666
37.752499999973146,-122.49333333328872,68.43401389479128,HEMORRHAGIC,ROUTE_UCSFMedicalCenter,0.24,8.666666666666666,ROUTE_UCSFMedicalCenter,0.24,8.666666666666666,ROUTE_UCSFMedicalCenter,0.24,8.666666666666666,ROUTE_UCSFMedicalCenter,0.24,8.666666666666666
37.49722222219516,-121.91944444439936,89.62448759690481,HEMORRHAGIC,ROUTE_RegionalMedicalCenterOfSanJose,0.24,16.651666666666667,ROUTE_KaiserFoundationHospitalFremont,0.24,15.351666666666667,ROUTE_RegionalMedicalCenterOfSanJose,0.24,16.651666666666667,ROUTE_KaiserFoundationHospitalFremont,0.24,15.351666666666667
37.62083333330637,-122.43305555551089,110.51182075587326,LVO,ROUTE_MillsPeninsulaMedicalCenterSutter,0.42205900320556133,12.073333333333332,ROUTE_KaiserFoundationHospitalSouthSanFrancisco,0.2809942779521055,11.946666666666665,ROUTE_MillsPeninsulaMedicalCenterSutter,0.42205900320556133,12.073333333333332,ROUTE_KaiserFoundationHospitalSouthSanFrancisco,0.2809942779521055,11.946666666666665
37.71249999997311,-122.44527777773311,210.14165273939486,LVO,ROUTE_CPMCMissionBernalCampusSutter,0.25456276957143675,8.751666666666667,ROUTE_CPMCMissionBernalCampusSutter,0.25456276957143675,8.751666666666667,ROUTE_CPMCDaviesCampusSutter,0.2531063893481242,15.021666666666667,ROUTE_CPMCMissionBernalCampusSutter,0.25456276957143675,8.751666666666667
37.79583333330651,-122.4152777777331,129.08896480869157,HEMORRHAGIC,ROUTE_CPMCDaviesCampusSutter,0.24,10.741666666666667,ROUTE_UCSFHealthHydeHospital,0.24,2.393333333333333,ROUTE_CPMCDaviesCampusSutter,0.24,10.741666666666667,ROUTE_UCSFHealthHydeHospital,0.24,2.393333333333333
37.71861111108423,-121.8874999999549,49.8076223391537,LVO,ROUTE_SutterEdenMedicalCenter,0.44110044071150656,20.471666666666668,ROUTE_StanfordHealthCareTriValley,0.42940898995761867,9.366666666666667,ROUTE_SutterEdenMedicalCenter,0.44110044071150656,20.471666666666668,ROUTE_StanfordHealthCareTriValley,0.42940898995761867,9.366666666666667
37.834444444417656,-122.20527777773293,112.75095605550172,NLVO,ROUTE_SutterEdenMedicalCenter,0.543439365213085,20.683333333333334,ROUTE_HighlandHospitalWilmaChanCampus,0.5493038462434068,10.471666666666666,ROUTE_SutterEdenMedicalCenter,0.543439365213085,20.683333333333334,ROUTE_HighlandHospitalWilmaChanCampus,0.5493038462434068,10.471666666666666
37.751666666639814,-121.89111111106601,241.66806017797674,NLVO,ROUTE_SanRamonRegionalMedicalCenter,0.4622,13.991666666666667,ROUTE_SanRamonRegionalMedicalCenter,0.4622,13.991666666666667,ROUTE_SutterEdenMedicalCenter,0.4622,24.82,ROUTE_SanRamonRegionalMedicalCenter,0.4622,13.991666666666667
37.87833333330658,-122.26805555551076,33.463251871388586,MIMIC,ROUTE_SutterEdenMedicalCenter,0.9,31.10666666666667,ROUTE_AltaBatesSummitMedicalCenterAltaBatesCampus,0.9,8.495,ROUTE_SutterEdenMedicalCenter,0.9,31.10666666666667,ROUTE_KaiserFoundationHospitalOaklandRichmond,0.9,16.27
37.59027777775079,-122.06361111106615,179.7234933476535,LVO,ROUTE_SutterEdenMedicalCenter,0.2592072222942257,21.891666666666666,ROUTE_StRoseHospital,0.24466880000000002,12.729999999999999,ROUTE_SutterEdenMedicalCenter,0.2592072222942257,21.891666666666666,ROUTE_KaiserFoundationHospitalSanLeandro,0.25939201023482183,20.198333333333334
38.1458333333068,-122.17749999995513,34.77303049018911,HEMORRHAGIC,ROUTE_JohnMuirMedicalCenterWalnutCreekCampus,0.24,37.66,ROUTE_SutterSolanoMedicalCenter,0.24,13.553333333333335,ROUTE_JohnMuirMedicalCenterWalnutCreekCampus,0.24,37.66,ROUTE_SutterSolanoMedicalCenter,0.24,13.553333333333335
37.770277777750934,-122.24888888884406,136.2497681275625,HEMORRHAGIC,ROUTE_SutterEdenMedicalCenter,0.24,20.425,ROUTE_AlamedaHospital,0.24,2.7416666666666667,ROUTE_SutterEdenMedicalCenter,0.24,20.425,ROUTE_AlamedaHospital,0.24,2.7416666666666667
37.89916666663993,-122.30361111106633,264.28184424841123,LVO,ROUTE_KaiserFoundationHospitalRichmondCampus,0.24466880000000002,11.425,ROUTE_KaiserFoundationHospitalRichmondCampus,0.24466880000000002,11.425,ROUTE_CPMCDaviesCampusSutter,0.24466880000000002,29.498333333333335,ROUTE_KaiserFoundationHospitalRichmondCampus,0.24466880000000002,11.425
37.99361111108445,-122.59694444439991,91.55099138539416,HEMORRHAGIC,ROUTE_UCSFMedicalCenter,0.24,49.03666666666666,ROUTE_MarinHealthMedicalCenter,0.24,16.41,ROUTE_UCSFMedicalCenter,0.24,49.03666666666666,ROUTE_MarinHealthMedicalCenter,0.24,16.41
38.40222222219589,-122.20611111106626,210.78657010773583,NLVO,ROUTE_ProvidenceQueenOfTheValleyMedicalCenter,0.4622,19.21333333333333,ROUTE_ProvidenceQueenOfTheValleyMedicalCenter,0.4622,19.21333333333333,ROUTE_JohnMuirMedicalCenterWalnutCreekCampus,0.4622,62.54666666666667,ROUTE_ProvidenceQueenOfTheValleyMedicalCenter,0.4622,19.21333333333333
37.493888888861825,-122.45583333328868,55.58678777775931,HEMORRHAGIC,ROUTE_MillsPeninsulaMedicalCenterSutter,0.24,32.19166666666667,ROUTE_SanMateoMedicalCenter,0.24,31.98166666666667,ROUTE_MillsPeninsulaMedicalCenterSutter,0.24,32.19166666666667,ROUTE_MillsPeninsulaMedicalCenterSutter,0.24,32.19166666666667
37.441944444417345,-122.13888888884398,263.6242072331497,LVO,ROUTE_StanfordHealthCare,0.24466880000000002,10.195,ROUTE_StanfordHealthCare,0.24466880000000002,10.195,ROUTE_StanfordHealthCare,0.24466880000000002,10.195,ROUTE_StanfordHealthCare,0.24466880000000002,10.195
37.71222222219534,-122.46972222217758,199.5579305632486,LVO,ROUTE_AHMCSetonMedicalCenter,0.25793026754397846,6.703333333333333,ROUTE_AHMCSetonMedicalCenter,0.25793026754397846,6.703333333333333,ROUTE_UCSFMedicalCenter,0.25612865196002776,13.42,ROUTE_AHMCSetonMedicalCenter,0.25793026754397846,6.703333333333333
37.75277777775092,-122.41944444439976,182.23569477399397,LVO,ROUTE_CPMCDaviesCampusSutter,0.2623531496729269,7.495,ROUTE_CPMCMissionBernalCampusSutter,0.26339597188983854,3.2783333333333333,ROUTE_CPMCDaviesCampusSutter,0.2623531496729269,7.495,ROUTE_CPMCMissionBernalCampusSutter,0.26339597188983854,3.2783333333333333
37.409166666639535,-121.93694444439937,266.8422222448819,LVO,ROUTE_OConnorHospital,0.24466880000000002,15.801666666666668,ROUTE_OConnorHospital,0.24466880000000002,15.801666666666668,ROUTE_RegionalMedicalCenterOfSanJose,0.24466880000000002,18.253333333333334,ROUTE_OConnorHospital,0.24466880000000002,15.801666666666668
37.55527777775077,-121.9708333332883,255.88098832804647,HEMORRHAGIC,ROUTE_KaiserFoundationHospitalFremont,0.24,2.316666666666667,ROUTE_KaiserFoundationHospitalFremont,0.24,2.316666666666667,ROUTE_RegionalMedicalCenterOfSanJose,0.24,26.205,ROUTE_KaiserFoundationHospitalFremont,0.24,2.316666666666667
37.63749999997305,-122.07777777773282,71.14359130469062,HEMORRHAGIC,ROUTE_SutterEdenMedicalCenter,0.24,15.671666666666665,ROUTE_StRoseHospital,0.24,4.923333333333333,ROUTE_SutterEdenMedicalCenter,0.24,15.671666666666665,ROUTE_KaiserFoundationHospitalSanLeandro,0.24,13.978333333333333
37.87027777775102,-121.75416666662146,177.76932721973367,HEMORRHAGIC,ROUTE_KaiserFoundationHospitalAntioch,0.24,15.879999999999999,ROUTE_KaiserFoundationHospitalAntioch,0.24,15.879999999999999,ROUTE_JohnMuirMedicalCenterWalnutCreekCampus,0.24,36.251666666666665,ROUTE_KaiserFoundationHospitalAntioch,0.24,15.879999999999999
38.338055555529166,-122.30833333328856,218.48759402757884,LVO,ROUTE_ProvidenceQueenOfTheValleyMedicalCenter,0.2532877804195903,5.111666666666666,ROUTE_ProvidenceQueenOfTheValleyMedicalCenter,0.2532877804195903,5.111666666666666,ROUTE_JohnMuirMedicalCenterWalnutCreekCampus,0.24466880000000002,52.18,ROUTE_ProvidenceQueenOfTheValleyMedicalCenter,0.2532877804195903,5.111666666666666
37.5788888888619,-122.35277777773304,178.83278596637777,HEMORRHAGIC,ROUTE_MillsPeninsulaMedicalCenterSutter,0.24,6.8533333333333335,ROUTE_MillsPeninsulaMedicalCenterSutter,0.24,6.8533333333333335,ROUTE_MillsPeninsulaMedicalCenterSutter,0.24,6.8533333333333335,ROUTE_MillsPeninsulaMedicalCenterSutter,0.24,6.8533333333333335
37.48055555552848,-122.20277777773292,102.177338881747,HEMORRHAGIC,ROUTE_KaiserFoundationHospitalRedwoodCity,0.24,6.45,ROUTE_KaiserFoundationHospitalRedwoodCity,0.24,6.45,ROUTE_KaiserFoundationHospitalRedwoodCity,0.24,6.45,ROUTE_KaiserFoundationHospitalRedwoodCity,0.24,6.45
38.00027777775112,-122.11083333328841,146.13011072959623,LVO,ROUTE_JohnMuirMedicalCenterWalnutCreekCampus,0.4050057885406808,19.33833333333333,ROUTE_ContraCostaRegionalMedicalCenter,0.24466880000000002,6.265,ROUTE_JohnMuirMedicalCenterWalnutCreekCampus,0.4050057885406808,19.33833333333333,ROUTE_JohnMuirMedicalCenterConcordCampus,0.2712622562714474,11.796666666666665
37.942777777751076,-122.06222222217725,200.9447263502457,LVO,ROUTE_JohnMuirMedicalCenterConcordCampus,0.25739807096726625,7.27,ROUTE_JohnMuirMedicalCenterConcordCampus,0.25739807096726625,7.27,ROUTE_JohnMuirMedicalCenterWalnutCreekCampus,0.25692342615127894,10.075,ROUTE_JohnMuirMedicalCenterConcordCampus,0.25739807096726625,7.27
37.55333333330632,-121.97194444439941,51.48651406482715,LVO,ROUTE_RegionalMedicalCenterOfSanJose,0.4390324192478322,25.93,ROUTE_KaiserFoundationHospitalFremont,0.43085853140786046,2.0416666666666665,ROUTE_RegionalMedicalCenterOfSanJose,0.4390324192478322,25.93,ROUTE_KaiserFoundationHospitalFremont,0.43085853140786046,2.0416666666666665
38.12499999997344,-122.24111111106629,226.09860335090988,LVO,ROUTE_SutterSolanoMedicalCenter,0.24466880000000002,2.8233333333333333,ROUTE_SutterSolanoMedicalCenter,0.24466880000000002,2.8233333333333333,ROUTE_JohnMuirMedicalCenterWalnutCreekCampus,0.24466880000000002,30.53166666666667,ROUTE_SutterSolanoMedicalCenter,0.24466880000000002,2.8233333333333333
37.63333333330638,-122.44499999995534,181.90410091983895,LVO,ROUTE_MillsPeninsulaMedicalCenterSutter,0.26058915497222424,13.753333333333334,ROUTE_KaiserFoundationHospitalSouthSanFrancisco,0.26209647441482453,9.213333333333333,ROUTE_MillsPeninsulaMedicalCenterSutter,0.26058915497222424,13.753333333333334,ROUTE_KaiserFoundationHospitalSouthSanFrancisco,0.26209647441482453,9.213333333333333
37.58749999997301,-122.01527777773278,190.91969678813018,HEMORRHAGIC,ROUTE_WashingtonHospitalHealthcareSystem,0.24,15.365,ROUTE_StRoseHospital,0.24,14.45,ROUTE_SutterEdenMedicalCenter,0.24,23.611666666666668,ROUTE_WashingtonHospitalHealthcareSystem,0.24,15.365
38.151111111084575,-122.26388888884408,173.78488807160048,HEMORRHAGIC,ROUTE_JohnMuirMedicalCenterWalnutCreekCampus,0.24,35.79833333333333,ROUTE_KaiserFoundationHospitalVallejo,0.24,7.463333333333334,ROUTE_JohnMuirMedicalCenterWalnutCreekCampus,0.24,35.79833333333333,ROUTE_KaiserFoundationHospitalVallejo,0.24,7.463333333333334
37.92166666663995,-122.51361111106651,154.67921432106112,NLVO,ROUTE_UCSFMedicalCenter,0.5170768476492993,30.436666666666667,ROUTE_MarinHealthMedicalCenter,0.525987791135338,11.018333333333334,ROUTE_UCSFMedicalCenter,0.5170768476492993,30.436666666666667,ROUTE_MarinHealthMedicalCenter,0.525987791135338,11.018333333333334
37.55388888886188,-122.02138888884389,93.42451546533377,LVO,ROUTE_SutterEdenMedicalCenter,0.42418950369983127,21.728333333333335,ROUTE_WashingtonHospitalHealthcareSystem,0.28635155299053666,11.528333333333334,ROUTE_SutterEdenMedicalCenter,0.42418950369983127,21.728333333333335,ROUTE_WashingtonHospitalHealthcareSystem,0.28635155299053666,11.528333333333334
37.910833333306606,-122.05972222217726,44.33793826111115,LVO,ROUTE_JohnMuirMedicalCenterWalnutCreekCampus,0.4499731346784189,4.958333333333333,ROUTE_JohnMuirMedicalCenterWalnutCreekCampus,0.4499731346784189,4.958333333333333,ROUTE_JohnMuirMedicalCenterWalnutCreekCampus,0.4499731346784189,4.958333333333333,ROUTE_JohnMuirMedicalCenterWalnutCreekCampus,0.4499731346784189,4.958333333333333
37.764722222195374,-122.46861111106647,92.7523747060821,NLVO,ROUTE_UCSFMedicalCenter,0.5626087439105456,3.4583333333333335,ROUTE_UCSFMedicalCenter,0.5626087439105456,3.4583333333333335,ROUTE_UCSFMedicalCenter,0.5626087439105456,3.4583333333333335,ROUTE_UCSFMedicalCenter,0.5626087439105456,3.4583333333333335
37.83416666663988,-122.2649999999552,260.5454924172567,LVO,ROUTE_KaiserFoundationHospitalOaklandRichmond,0.24466880000000002,5.48,ROUTE_KaiserFoundationHospitalOaklandRichmond,0.24466880000000002,5.48,ROUTE_JohnMuirMedicalCenterWalnutCreekCampus,0.24466880000000002,23.246666666666666,ROUTE_KaiserFoundationHospitalOaklandRichmond,0.24466880000000002,5.48
37.70611111108422,-122.10888888884396,91.84367603652692,HEMORRHAGIC,ROUTE_SutterEdenMedicalCenter,0.24,7.718333333333334,ROUTE_SutterEdenMedicalCenter,0.24,7.718333333333334,ROUTE_SutterEdenMedicalCenter,0.24,7.718333333333334,ROUTE_SutterEdenMedicalCenter,0.24,7.718333333333334
37.3705555555284,-122.02083333328834,178.54026030091967,HEMORRHAGIC,ROUTE_KaiserFoundationHospitalSantaClara,0.24,12.370000000000001,ROUTE_KaiserFoundationHospitalSantaClara,0.24,12.370000000000001,ROUTE_KaiserFoundationHospitalSantaClara,0.24,12.370000000000001,ROUTE_KaiserFoundationHospitalSantaClara,0.24,12.370000000000001
38.003888888862235,-122.56055555551099,227.20590605020325,LVO,ROUTE_KaiserFoundationHospitalSanRafael,0.24466880000000002,4.1433333333333335,ROUTE_KaiserFoundationHospitalSanRafael,0.24466880000000002,4.1433333333333335,ROUTE_UCSFMedicalCenter,0.24466880000000002,45.89333333333333,ROUTE_KaiserFoundationHospitalSanRafael,0.24466880000000002,4.1433333333333335
38.02527777775114,-122.25138888884408,61.78673325274151,HEMORRHAGIC,ROUTE_JohnMuirMedicalCenterWalnutCreekCampus,0.24,30.546666666666667,ROUTE_ContraCostaRegionalMedicalCenter,0.24,17.5,ROUTE_JohnMuirMedicalCenterWalnutCreekCampus,0.24,30.546666666666667,ROUTE_SutterSolanoMedicalCenter,0.24,18.41166666666667
37.746944444417586,-122.17055555551067,159.7354381413828,NLVO,ROUTE_SutterEdenMedicalCenter,0.5203049274111504,16.236666666666668,ROUTE_SanLeandroHospitalAlamedaHealthSystem,0.4622,11.446666666666665,ROUTE_SutterEdenMedicalCenter,0.5203049274111504,16.236666666666668,ROUTE_KaiserFoundationHospitalSanLeandro,0.5231963685914272,13.691666666666666
37.79499999997318,-121.89138888884378,187.8398199177628,MIMIC,ROUTE_SanRamonRegionalMedicalCenter,0.9,14.936666666666667,ROUTE_SanRamonRegionalMedicalCenter,0.9,14.936666666666667,ROUTE_JohnMuirMedicalCenterWalnutCreekCampus,0.9,27.948333333333334,ROUTE_SanRamonRegionalMedicalCenter,0.9,14.936666666666667
37.91583333330661,-122.04472222217724,256.158051847403,HEMORRHAGIC,ROUTE_JohnMuirMedicalCenterWalnutCreekCampus,0.24,1.7,ROUTE_JohnMuirMedicalCenterWalnutCreekCampus,0.24,1.7,ROUTE_JohnMuirMedicalCenterWalnutCreekCampus,0.24,1.7,ROUTE_JohnMuirMedicalCenterWalnutCreekCampus,0.24,1.7
37.87527777775102,-122.25638888884407,232.9978947100407,LVO,ROUTE_AltaBatesSummitMedicalCenterAltaBatesCampus,0.24466880000000002,6.215,ROUTE_AltaBatesSummitMedicalCenterAltaBatesCampus,0.24466880000000002,6.215,ROUTE_SutterEdenMedicalCenter,0.24466880000000002,28.166666666666668,ROUTE_AltaBatesSummitMedicalCenterSummitCampus,0.24466880000000002,15.375
37.58444444441746,-122.33638888884414,240.74425185229688,HEMORRHAGIC,ROUTE_MillsPeninsulaMedicalCenterSutter,0.24,9.271666666666667,ROUTE_MillsPeninsulaMedicalCenterSutter,0.24,9.271666666666667,ROUTE_MillsPeninsulaMedicalCenterSutter,0.24,9.271666666666667,ROUTE_MillsPeninsulaMedicalCenterSutter,0.24,9.271666666666667
37.546666666639645,-122.29249999995521,234.3871594452331,LVO,ROUTE_SanMateoMedicalCenter,0.24466880000000002,6.566666666666666,ROUTE_SanMateoMedicalCenter,0.24466880000000002,6.566666666666666,ROUTE_KaiserFoundationHospitalRedwoodCity,0.24466880000000002,12.655,ROUTE_KaiserFoundationHospitalRedwoodCity,0.24466880000000002,12.655
37.91416666663994,-122.52472222217763,30.199866805570093,LVO,ROUTE_UCSFMedicalCenter,0.44607713339741056,33.23833333333333,ROUTE_MarinHealthMedicalCenter,0.43340738991121186,15.816666666666666,ROUTE_UCSFMedicalCenter,0.44607713339741056,33.23833333333333,ROUTE_MarinHealthMedicalCenter,0.43340738991121186,15.816666666666666
38.26833333330689,-122.05833333328836,239.6953528262646,LVO,ROUTE_NorthBayMedicalCenter,0.24466880000000002,10.014999999999999,ROUTE_NorthBayMedicalCenter,0.24466880000000002,10.014999999999999,ROUTE_JohnMuirMedicalCenterWalnutCreekCampus,0.24466880000000002,41.315000000000005,ROUTE_NorthBayMedicalCenter,0.24466880000000002,10.014999999999999
37.41833333330621,-121.90722222217713,136.14553877552385,HEMORRHAGIC,ROUTE_RegionalMedicalCenterOfSanJose,0.24,13.608333333333333,ROUTE_OConnorHospital,0.24,13.078333333333335,ROUTE_RegionalMedicalCenterOfSanJose,0.24,13.608333333333333,ROUTE_OConnorHospital,0.24,13.078333333333335
37.535555555528525,-121.92611111106604,166.42677638356852,HEMORRHAGIC,ROUTE_RegionalMedicalCenterOfSanJose,0.24,20.051666666666666,ROUTE_KaiserFoundationHospitalFremont,0.24,11.898333333333333,ROUTE_RegionalMedicalCenterOfSanJose,0.24,20.051666666666666,ROUTE_KaiserFoundationHospitalFremont,0.24,11.898333333333333
37.739722222195354,-122.4594444443998,121.98559991044364,HEMORRHAGIC,ROUTE_UCSFMedicalCenter,0.24,7.645,ROUTE_UCSFMedicalCenter,0.24,7.645,ROUTE_UCSFMedicalCenter,0.24,7.645,ROUTE_UCSFMedicalCenter,0.24,7.645
37.775833333306494,-122.19999999995514,166.40542542725345,HEMORRHAGIC,ROUTE_SutterEdenMedicalCenter,0.24,19.138333333333332,ROUTE_HighlandHospitalWilmaChanCampus,0.24,10.085,ROUTE_SutterEdenMedicalCenter,0.24,19.138333333333332,ROUTE_HighlandHospitalWilmaChanCampus,0.24,10.085
37.57694444441745,-122.0427777777328,91.55720531316464,LVO,ROUTE_SutterEdenMedicalCenter,0.42558451297962907,20.07,ROUTE_StRoseHospital,0.24466880000000002,10.908333333333333,ROUTE_SutterEdenMedicalCenter,0.42558451297962907,20.07,ROUTE_WashingtonHospitalHealthcareSystem,0.2855029022502546,14.941666666666666
37.4083333333062,-121.93944444439938,187.88430892740757,LVO,ROUTE_RegionalMedicalCenterOfSanJose,0.2585693470589013,18.271666666666665,ROUTE_OConnorHospital,0.2587618317155349,15.856666666666666,ROUTE_RegionalMedicalCenterOfSanJose,0.2585693470589013,18.271666666666665,ROUTE_OConnorHospital,0.2587618317155349,15.856666666666666
37.56027777775077,-121.98222222217719,167.48861738073967,LVO,ROUTE_SutterEdenMedicalCenter,0.26013006045784093,29.846666666666668,ROUTE_WashingtonHospitalHealthcareSystem,0.2677551719316908,2.0466666666666664,ROUTE_SutterEdenMedicalCenter,0.26013006045784093,29.846666666666668,ROUTE_WashingtonHospitalHealthcareSystem,0.2677551719316908,2.0466666666666664
37.942777777751076,-122.54833333328875,47.28215624283579,MIMIC,ROUTE_UCSFMedicalCenter,0.9,39.065000000000005,ROUTE_MarinHealthMedicalCenter,0.9,6.161666666666666,ROUTE_UCSFMedicalCenter,0.9,39.065000000000005,ROUTE_MarinHealthMedicalCenter,0.9,6.161666666666666
38.0977777777512,-122.27527777773298,197.21905689992803,LVO,ROUTE_KaiserFoundationHospitalVallejo,0.2578058590448147,10.211666666666668,ROUTE_KaiserFoundationHospitalVallejo,0.2578058590448147,10.211666666666668,ROUTE_JohnMuirMedicalCenterWalnutCreekCampus,0.24466880000000002,36.736666666666665,ROUTE_KaiserFoundationHospitalVallejo,0.2578058590448147,10.211666666666668
37.578611111084115,-122.32027777773301,117.99074451098859,HEMORRHAGIC,ROUTE_MillsPeninsulaMedicalCenterSutter,0.24,10.131666666666666,ROUTE_MillsPeninsulaMedicalCenterSutter,0.24,10.131666666666666,ROUTE_MillsPeninsulaMedicalCenterSutter,0.24,10.131666666666666,ROUTE_MillsPeninsulaMedicalCenterSutter,0.24,10.131666666666666
37.36805555552839,-121.99833333328831,179.8712539201296,MIMIC,ROUTE_KaiserFoundationHospitalSantaClara,0.9,6.501666666666667,ROUTE_KaiserFoundationHospitalSantaClara,0.9,6.501666666666667,ROUTE_KaiserFoundationHospitalSantaClara,0.9,6.501666666666667,ROUTE_KaiserFoundationHospitalSantaClara,0.9,6.501666666666667
37.90027777775104,-122.47361111106648,67.04721674272307,LVO,ROUTE_UCSFMedicalCenter,0.42921482362293195,34.66166666666666,ROUTE_MarinHealthMedicalCenter,0.2922049831952676,17.976666666666667,ROUTE_UCSFMedicalCenter,0.42921482362293195,34.66166666666666,ROUTE_MarinHealthMedicalCenter,0.2922049831952676,17.976666666666667
37.778055555528724,-122.39305555551086,194.90475771991592,LVO,ROUTE_CPMCDaviesCampusSutter,0.2578889952142066,10.845,ROUTE_ChineseHospital,0.25867448312977337,7.114999999999999,ROUTE_CPMCDaviesCampusSutter,0.2578889952142066,10.845,ROUTE_ChineseHospital,0.25867448312977337,7.114999999999999
37.78805555552873,-122.44694444439979,247.86397140935108,MIMIC,ROUTE_KaiserFoundationHospitalSanFrancisco,0.9,2.308333333333333,ROUTE_KaiserFoundationHospitalSanFrancisco,0.9,2.308333333333333,ROUTE_CPMCDaviesCampusSutter,0.9,7.168333333333334,ROUTE_KaiserFoundationHospitalSanFrancisco,0.9,2.308333333333333
38.11305555552899,-122.22722222217739,100.06686001620056,LVO,ROUTE_JohnMuirMedicalCenterWalnutCreekCampus,0.41916686710546364,29.113333333333333,ROUTE_SutterSolanoMedicalCenter,0.28581596945112625,6.443333333333333,ROUTE_JohnMuirMedicalCenterWalnutCreekCampus,0.41916686710546364,29.113333333333333,ROUTE_SutterSolanoMedicalCenter,0.28581596945112625,6.443333333333333
38.17833333330682,-122.25972222217742,164.15886773647057,LVO,ROUTE_JohnMuirMedicalCenterWalnutCreekCampus,0.2589491868012337,36.84,ROUTE_KaiserFoundationHospitalVallejo,0.2663232594117365,8.505,ROUTE_JohnMuirMedicalCenterWalnutCreekCampus,0.2589491868012337,36.84,ROUTE_KaiserFoundationHospitalVallejo,0.2663232594117365,8.505
37.81138888886208,-122.25527777773297,69.425638984716,HEMORRHAGIC,ROUTE_SutterEdenMedicalCenter,0.24,20.813333333333333,ROUTE_AltaBatesSummitMedicalCenterSummitCampus,0.24,6.5,ROUTE_SutterEdenMedicalCenter,0.24,20.813333333333333,ROUTE_AltaBatesSummitMedicalCenterSummitCampus,0.24,6.5
37.89361111108437,-122.29055555551078,58.76564064318358,LVO,ROUTE_CPMCDaviesCampusSutter,0.4331937007030666,32.663333333333334,ROUTE_KaiserFoundationHospitalRichmondCampus,0.29539218912113735,15.123333333333333,ROUTE_CPMCDaviesCampusSutter,0.4331937007030666,32.663333333333334,ROUTE_KaiserFoundationHospitalRichmondCampus,0.29539218912113735,15.123333333333333
37.70944444441756,-122.41749999995531,141.4412918799082,LVO,ROUTE_MillsPeninsulaMedicalCenterSutter,0.40616276679037283,18.94,ROUTE_CPMCMissionBernalCampusSutter,0.2721367912911513,13.293333333333333,ROUTE_MillsPeninsulaMedicalCenterSutter,0.40616276679037283,18.94,ROUTE_CPMCMissionBernalCampusSutter,0.2721367912911513,13.293333333333333
37.77916666663983,-122.41333333328865,100.590841634813,LVO,ROUTE_CPMCDaviesCampusSutter,0.4255478589027397,9.635,ROUTE_UCSFHealthHydeHospital,0.28609566594340174,4.526666666666667,ROUTE_CPMCDaviesCampusSutter,0.4255478589027397,9.635,ROUTE_UCSFHealthHydeHospital,0.28609566594340174,4.526666666666667
37.69722222219532,-121.94361111106605,102.11662499329618,HEMORRHAGIC,ROUTE_SutterEdenMedicalCenter,0.24,15.148333333333333,ROUTE_StanfordHealthCareTriValley,0.24,9.558333333333334,ROUTE_SutterEdenMedicalCenter,0.24,15.148333333333333,ROUTE_StanfordHealthCareTriValley,0.24,9.558333333333334
37.853888888862116,-122.28305555551077,269.52133575568695,HEMORRHAGIC,ROUTE_AltaBatesSummitMedicalCenterAltaBatesCampus,0.24,5.7283333333333335,ROUTE_AltaBatesSummitMedicalCenterAltaBatesCampus,0.24,5.7283333333333335,ROUTE_JohnMuirMedicalCenterWalnutCreekCampus,0.24,27.42,ROUTE_KaiserFoundationHospitalOaklandRichmond,0.24,10.445
37.75972222219537,-121.90166666662157,143.0006160037682,LVO,ROUTE_SutterEdenMedicalCenter,0.4061711681949681,23.56833333333333,ROUTE_SanRamonRegionalMedicalCenter,0.2724313178846489,11.41,ROUTE_SutterEdenMedicalCenter,0.4061711681949681,23.56833333333333,ROUTE_SanRamonRegionalMedicalCenter,0.2724313178846489,11.41
37.80222222219541,-122.2624999999552,212.62333479590035,HEMORRHAGIC,ROUTE_AltaBatesSummitMedicalCenterSummitCampus,0.24,7.260000000000001,ROUTE_AltaBatesSummitMedicalCenterSummitCampus,0.24,7.260000000000001,ROUTE_SutterEdenMedicalCenter,0.24,24.51833333333333,ROUTE_AltaBatesSummitMedicalCenterSummitCampus,0.24,7.260000000000001
37.83944444441766,-122.20499999995515,197.4150065327268,LVO,ROUTE_KaiserFoundationHospitalOaklandRichmond,0.2578122383319704,12.396666666666667,ROUTE_AltaBatesSummitMedicalCenterAltaBatesCampus,0.24466880000000002,11.981666666666666,ROUTE_SutterEdenMedicalCenter,0.25453379994391234,21.836666666666666,ROUTE_KaiserFoundationHospitalOaklandRichmond,0.2578122383319704,12.396666666666667
38.00083333330668,-122.13499999995508,122.91986486424307,NLVO,ROUTE_JohnMuirMedicalCenterWalnutCreekCampus,0.5367535353542497,20.445,ROUTE_ContraCostaRegionalMedicalCenter,0.4622,3.631666666666667,ROUTE_JohnMuirMedicalCenterWalnutCreekCampus,0.5367535353542497,20.445,ROUTE_JohnMuirMedicalCenterConcordCampus,0.5430963347241938,12.903333333333334
37.52499999997296,-122.28222222217744,192.24956505713,LVO,ROUTE_KaiserFoundationHospitalRedwoodCity,0.2586974727230776,12.725,ROUTE_SanMateoMedicalCenter,0.24466880000000002,7.035,ROUTE_KaiserFoundationHospitalRedwoodCity,0.2586974727230776,12.725,ROUTE_KaiserFoundationHospitalRedwoodCity,0.2586974727230776,12.725
37.58583333330635,-122.022499999955,111.17581078967027,LVO,ROUTE_SutterEdenMedicalCenter,0.41660493993623815,23.005,ROUTE_WashingtonHospitalHealthcareSystem,0.2806591257673541,13.131666666666666,ROUTE_SutterEdenMedicalCenter,0.41660493993623815,23.005,ROUTE_WashingtonHospitalHealthcareSystem,0.2806591257673541,13.131666666666666
37.77722222219539,-122.45749999995535,123.18075892815072,HEMORRHAGIC,ROUTE_UCSFMedicalCenter,0.24,5.2266666666666675,ROUTE_UCSFHealthStanyanHospital,0.24,2.2916666666666665,ROUTE_UCSFMedicalCenter,0.24,5.2266666666666675,ROUTE_UCSFHealthStanyanHospital,0.24,2.2916666666666665
37.71861111108423,-122.163888888844,141.78172855247618,LVO,ROUTE_SutterEdenMedicalCenter,0.40872771845173417,14.363333333333333,ROUTE_SanLeandroHospitalAlamedaHealthSystem,0.24466880000000002,6.201666666666667,ROUTE_SutterEdenMedicalCenter,0.40872771845173417,14.363333333333333,ROUTE_KaiserFoundationHospitalSanLeandro,0.27348768068477064,6.723333333333333
37.53444444441742,-122.28527777773299,81.6990244159567,MIMIC,ROUTE_KaiserFoundationHospitalRedwoodCity,0.9,14.376666666666667,ROUTE_SanMateoMedicalCenter,0.9,7.694999999999999,ROUTE_KaiserFoundationHospitalRedwoodCity,0.9,14.376666666666667,ROUTE_KaiserFoundationHospitalRedwoodCity,0.9,14.376666666666667
37.749722222195366,-122.49027777773316,63.499836202656006,LVO,ROUTE_UCSFMedicalCenter,0.44060957347595386,9.071666666666665,ROUTE_UCSFMedicalCenter,0.44060957347595386,9.071666666666665,ROUTE_UCSFMedicalCenter,0.44060957347595386,9.071666666666665,ROUTE_UCSFMedicalCenter,0.44060957347595386,9.071666666666665
37.987222222195555,-122.04305555551058,44.436773379100316,MIMIC,ROUTE_JohnMuirMedicalCenterWalnutCreekCampus,0.9,14.148333333333333,ROUTE_JohnMuirMedicalCenterConcordCampus,0.9,3.5483333333333333,ROUTE_JohnMuirMedicalCenterWalnutCreekCampus,0.9,14.148333333333333,ROUTE_JohnMuirMedicalCenterConcordCampus,0.9,3.5483333333333333
37.655833333306404,-122.41083333328865,257.1483796648399,MIMIC,ROUTE_KaiserFoundationHospitalSouthSanFrancisco,0.9,7.245,ROUTE_KaiserFoundationHospitalSouthSanFrancisco,0.9,7.245,ROUTE_MillsPeninsulaMedicalCenterSutter,0.9,10.68,ROUTE_KaiserFoundationHospitalSouthSanFrancisco,0.9,7.245
37.36222222219506,-122.05833333328836,165.26169764791652,NLVO,ROUTE_ElCaminoHealthMountainView,0.5213297183719837,10.595,ROUTE_ElCaminoHealthMountainView,0.5213297183719837,10.595,ROUTE_ElCaminoHealthMountainView,0.5213297183719837,10.595,ROUTE_ElCaminoHealthMountainView,0.5213297183719837,10.595
37.74999999997314,-122.12166666662175,264.30044608091487,LVO,ROUTE_HighlandHospitalWilmaChanCampus,0.24466880000000002,13.316666666666666,ROUTE_HighlandHospitalWilmaChanCampus,0.24466880000000002,13.316666666666666,ROUTE_SutterEdenMedicalCenter,0.24466880000000002,15.988333333333333,ROUTE_HighlandHospitalWilmaChanCampus,0.24466880000000002,13.316666666666666
37.73888888886202,-122.25027777773296,83.65522083876421,LVO,ROUTE_SutterEdenMedicalCenter,0.42678624802959664,25.315,ROUTE_AlamedaHospital,0.2895216758719815,11.233333333333333,ROUTE_SutterEdenMedicalCenter,0.42678624802959664,25.315,ROUTE_AlamedaHospital,0.2895216758719815,11.233333333333333
37.356388888861716,-122.08138888884393,160.3124534611898,MIMIC,ROUTE_ElCaminoHealthMountainView,0.9,7.23,ROUTE_ElCaminoHealthMountainView,0.9,7.23,ROUTE_ElCaminoHealthMountainView,0.9,7.23,ROUTE_ElCaminoHealthMountainView,0.9,7.23
37.755277777750926,-122.50694444439983,52.34391331790001,LVO,ROUTE_UCSFMedicalCenter,0.44417734121435687,10.626666666666667,ROUTE_UCSFMedicalCenter,0.44417734121435687,10.626666666666667,ROUTE_UCSFMedicalCenter,0.44417734121435687,10.626666666666667,ROUTE_UCSFMedicalCenter,0.44417734121435687,10.626666666666667
37.611944444417475,-122.47805555551092,225.97251590830427,HEMORRHAGIC,ROUTE_AHMCSetonMedicalCenter,0.24,15.195,ROUTE_AHMCSetonMedicalCenter,0.24,15.195,ROUTE_MillsPeninsulaMedicalCenterSutter,0.24,22.858333333333334,ROUTE_AHMCSetonMedicalCenter,0.24,15.195
37.98638888886222,-122.46722222217758,94.41185029907886,LVO,ROUTE_UCSFMedicalCenter,0.4167986865609027,46.51166666666666,ROUTE_MarinHealthMedicalCenter,0.2842477773108756,19.618333333333332,ROUTE_UCSFMedicalCenter,0.4167986865609027,46.51166666666666,ROUTE_MarinHealthMedicalCenter,0.2842477773108756,19.618333333333332
37.96305555552887,-122.50249999995539,191.48018743941705,HEMORRHAGIC,ROUTE_MarinHealthMedicalCenter,0.24,10.808333333333334,ROUTE_MarinHealthMedicalCenter,0.24,10.808333333333334,ROUTE_UCSFMedicalCenter,0.24,38.14,ROUTE_MarinHealthMedicalCenter,0.24,10.808333333333334
37.93694444441774,-121.6877777777325,119.28488827815995,LVO,ROUTE_JohnMuirMedicalCenterWalnutCreekCampus,0.40465415067453475,41.818333333333335,ROUTE_KaiserFoundationHospitalAntioch,0.27709282220984033,15.6,ROUTE_JohnMuirMedicalCenterWalnutCreekCampus,0.40465415067453475,41.818333333333335,ROUTE_KaiserFoundationHospitalAntioch,0.27709282220984033,15.6
37.686388888861984,-122.13944444439954,129.6096095909939,NLVO,ROUTE_SutterEdenMedicalCenter,0.5415549884497447,8.913333333333332,ROUTE_KaiserFoundationHospitalSanLeandro,0.5409782811110889,7.7283333333333335,ROUTE_SutterEdenMedicalCenter,0.5415549884497447,8.913333333333332,ROUTE_KaiserFoundationHospitalSanLeandro,0.5409782811110889,7.7283333333333335
37.94166666663996,-121.92999999995493,77.63121190294541,LVO,ROUTE_JohnMuirMedicalCenterWalnutCreekCampus,0.43105166433354025,16.3,ROUTE_JohnMuirMedicalCenterWalnutCreekCampus,0.43105166433354025,16.3,ROUTE_JohnMuirMedicalCenterWalnutCreekCampus,0.43105166433354025,16.3,ROUTE_JohnMuirMedicalCenterWalnutCreekCampus,0.43105166433354025,16.3
37.87166666663991,-122.09472222217728,92.69976123598065,LVO,ROUTE_JohnMuirMedicalCenterWalnutCreekCampus,0.4276346105275354,14.053333333333335,ROUTE_KaiserFoundationHospitalWalnutCreek,0.2867156671348029,11.781666666666666,ROUTE_JohnMuirMedicalCenterWalnutCreekCampus,0.4276346105275354,14.053333333333335,ROUTE_KaiserFoundationHospitalWalnutCreek,0.2867156671348029,11.781666666666666
37.48472222219515,-122.2888888888441,75.15246118085282,LVO,ROUTE_KaiserFoundationHospitalRedwoodCity,0.4327047683706446,16.11,ROUTE_SequoiaHospital,0.2921096950243791,9.908333333333333,ROUTE_KaiserFoundationHospitalRedwoodCity,0.4327047683706446,16.11,ROUTE_SequoiaHospital,0.2921096950243791,9.908333333333333
38.309444444418034,-122.33888888884414,79.32598972474631,LVO,ROUTE_JohnMuirMedicalCenterWalnutCreekCampus,0.4152653852905793,52.73833333333334,ROUTE_ProvidenceQueenOfTheValleyMedicalCenter,0.2910153887113312,9.616666666666667,ROUTE_JohnMuirMedicalCenterWalnutCreekCampus,0.4152653852905793,52.73833333333334,ROUTE_ProvidenceQueenOfTheValleyMedicalCenter,0.2910153887113312,9.616666666666667
37.92444444441773,-122.0111111110661,149.1181140937726,HEMORRHAGIC,ROUTE_JohnMuirMedicalCenterWalnutCreekCampus,0.24,5.77,ROUTE_JohnMuirMedicalCenterWalnutCreekCampus,0.24,5.77,ROUTE_JohnMuirMedicalCenterWalnutCreekCampus,0.24,5.77,ROUTE_JohnMuirMedicalCenterWalnutCreekCampus,0.24,5.77
37.992777777751115,-122.10555555551062,133.07018381535403,HEMORRHAGIC,ROUTE_JohnMuirMedicalCenterWalnutCreekCampus,0.24,17.066666666666666,ROUTE_ContraCostaRegionalMedicalCenter,0.24,7.553333333333333,ROUTE_JohnMuirMedicalCenterWalnutCreekCampus,0.24,17.066666666666666,ROUTE_JohnMuirMedicalCenterConcordCampus,0.24,9.525
38.1166666666401,-122.57111111106656,53.92263912559025,HEMORRHAGIC,ROUTE_UCSFMedicalCenter,0.24,50.598333333333336,ROUTE_NovatoCommunityHospitalSutter,0.24,9.351666666666667,ROUTE_UCSFMedicalCenter,0.24,50.598333333333336,ROUTE_NovatoCommunityHospitalSutter,0.24,9.351666666666667
37.79361111108429,-122.439166666622,71.55904351341668,LVO,ROUTE_CPMCDaviesCampusSutter,0.4379262175045856,7.9783333333333335,ROUTE_KaiserFoundationHospitalSanFrancisco,0.42496506433520864,4.516666666666667,ROUTE_CPMCDaviesCampusSutter,0.4379262175045856,7.9783333333333335,ROUTE_KaiserFoundationHospitalSanFrancisco,0.42496506433520864,4.516666666666667
38.270555555529114,-122.0263888888439,43.696356069547136,LVO,ROUTE_JohnMuirMedicalCenterWalnutCreekCampus,0.4372437789374447,43.68,ROUTE_NorthBayMedicalCenter,0.30248130052836586,7.9366666666666665,ROUTE_JohnMuirMedicalCenterWalnutCreekCampus,0.4372437789374447,43.68,ROUTE_NorthBayMedicalCenter,0.30248130052836586,7.9366666666666665
37.59694444441747,-122.06777777773281,44.49738410979347,LVO,ROUTE_SutterEdenMedicalCenter,0.44438831600214157,17.683333333333334,ROUTE_StRoseHospital,0.4008580990376792,8.521666666666667,ROUTE_SutterEdenMedicalCenter,0.44438831600214157,17.683333333333334,ROUTE_KaiserFoundationHospitalSanLeandro,0.42982942045683137,15.99
38.14638888886235,-122.17888888884401,68.33557154552446,LVO,ROUTE_JohnMuirMedicalCenterWalnutCreekCampus,0.4269419918357168,37.425,ROUTE_SutterSolanoMedicalCenter,0.2929808694071683,13.32,ROUTE_JohnMuirMedicalCenterWalnutCreekCampus,0.4269419918357168,37.425,ROUTE_SutterSolanoMedicalCenter,0.2929808694071683,13.32
37.65416666663973,-122.06888888884393,92.7068977589401,HEMORRHAGIC,ROUTE_SutterEdenMedicalCenter,0.24,13.783333333333333,ROUTE_StRoseHospital,0.24,9.618333333333334,ROUTE_SutterEdenMedicalCenter,0.24,13.783333333333333,ROUTE_SutterEdenMedicalCenter,0.24,13.783333333333333
37.745555555528696,-122.45277777773312,151.64992803869737,MIMIC,ROUTE_UCSFMedicalCenter,0.9,6.378333333333333,ROUTE_UCSFMedicalCenter,0.9,6.378333333333333,ROUTE_UCSFMedicalCenter,0.9,6.378333333333333,ROUTE_UCSFMedicalCenter,0.9,6.378333333333333
38.242777777751314,-122.06833333328836,124.9249208708653,NLVO,ROUTE_JohnMuirMedicalCenterWalnutCreekCampus,0.5244842975005631,37.37166666666667,ROUTE_NorthBayMedicalCenter,0.5432143509740519,8.27,ROUTE_JohnMuirMedicalCenterWalnutCreekCampus,0.5244842975005631,37.37166666666667,ROUTE_NorthBayMedicalCenter,0.5432143509740519,8.27
37.78194444441761,-122.20499999995515,52.16179371524669,NLVO,ROUTE_SutterEdenMedicalCenter,0.5729542739769116,17.31,ROUTE_HighlandHospitalWilmaChanCampus,0.5815954346143706,6.3933333333333335,ROUTE_SutterEdenMedicalCenter,0.5729542739769116,17.31,ROUTE_HighlandHospitalWilmaChanCampus,0.5815954346143706,6.3933333333333335
37.5422222221952,-122.00472222217721,89.50686009188972,HEMORRHAGIC,ROUTE_SutterEdenMedicalCenter,0.24,23.89333333333333,ROUTE_WashingtonHospitalHealthcareSystem,0.24,8.373333333333333,ROUTE_SutterEdenMedicalCenter,0.24,23.89333333333333,ROUTE_WashingtonHospitalHealthcareSystem,0.24,8.373333333333333
37.91888888886217,-122.310277777733,181.69679398114422,LVO,ROUTE_KaiserFoundationHospitalRichmondCampus,0.2606962769754735,12.521666666666667,ROUTE_KaiserFoundationHospitalRichmondCampus,0.2606962769754735,12.521666666666667,ROUTE_CPMCDaviesCampusSutter,0.25666538683071516,31.779999999999998,ROUTE_KaiserFoundationHospitalRichmondCampus,0.2606962769754735,12.521666666666667
37.72638888886201,-122.0363888888439,223.73626789495287,MIMIC,ROUTE_SutterEdenMedicalCenter,0.9,12.781666666666666,ROUTE_SutterEdenMedicalCenter,0.9,12.781666666666666,ROUTE_SutterEdenMedicalCenter,0.9,12.781666666666666,ROUTE_SutterEdenMedicalCenter,0.9,12.781666666666666
37.43333333330622,-122.11527777773286,102.93224896545547,HEMORRHAGIC,ROUTE_StanfordHealthCare,0.24,14.973333333333333,ROUTE_StanfordHealthCare,0.24,14.973333333333333,ROUTE_StanfordHealthCare,0.24,14.973333333333333,ROUTE_StanfordHealthCare,0.24,14.973333333333333
37.95472222219553,-122.03666666662168,136.090444862701,NLVO,ROUTE_JohnMuirMedicalCenterWalnutCreekCampus,0.5362889114818571,9.945,ROUTE_JohnMuirMedicalCenterConcordCampus,0.5377107327035037,7.3149999999999995,ROUTE_JohnMuirMedicalCenterWalnutCreekCampus,0.5362889114818571,9.945,ROUTE_JohnMuirMedicalCenterConcordCampus,0.5377107327035037,7.3149999999999995
37.57472222219523,-122.33027777773303,217.1048477702037,HEMORRHAGIC,ROUTE_MillsPeninsulaMedicalCenterSutter,0.24,10.481666666666666,ROUTE_MillsPeninsulaMedicalCenterSutter,0.24,10.481666666666666,ROUTE_MillsPeninsulaMedicalCenterSutter,0.24,10.481666666666666,ROUTE_MillsPeninsulaMedicalCenterSutter,0.24,10.481666666666666
37.725833333306454,-122.46416666662202,232.98290171157598,LVO,ROUTE_CPMCMissionBernalCampusSutter,0.24466880000000002,9.145000000000001,ROUTE_CPMCMissionBernalCampusSutter,0.24466880000000002,9.145000000000001,ROUTE_UCSFMedicalCenter,0.24466880000000002,10.928333333333335,ROUTE_CPMCMissionBernalCampusSutter,0.24466880000000002,9.145000000000001
37.91805555552883,-122.0680555555106,240.16915151972205,HEMORRHAGIC,ROUTE_KaiserFoundationHospitalWalnutCreek,0.24,6.916666666666667,ROUTE_KaiserFoundationHospitalWalnutCreek,0.24,6.916666666666667,ROUTE_JohnMuirMedicalCenterWalnutCreekCampus,0.24,7.943333333333333,ROUTE_KaiserFoundationHospitalWalnutCreek,0.24,6.916666666666667
37.721666666639784,-122.48444444439981,93.89300523856244,HEMORRHAGIC,ROUTE_UCSFMedicalCenter,0.24,13.055,ROUTE_AHMCSetonMedicalCenter,0.24,8.695,ROUTE_UCSFMedicalCenter,0.24,13.055,ROUTE_AHMCSetonMedicalCenter,0.24,8.695
37.89611111108437,-121.618333333288,152.1426684964348,LVO,ROUTE_JohnMuirMedicalCenterWalnutCreekCampus,0.258338009346889,49.531666666666666,ROUTE_KaiserFoundationHospitalAntioch,0.26628145827578364,24.006666666666668,ROUTE_JohnMuirMedicalCenterWalnutCreekCampus,0.258338009346889,49.531666666666666,ROUTE_KaiserFoundationHospitalAntioch,0.26628145827578364,24.006666666666668
37.96472222219554,-122.25333333328852,186.3743704064391,LVO,ROUTE_KaiserFoundationHospitalRichmondCampus,0.25750959171427634,22.051666666666666,ROUTE_KaiserFoundationHospitalRichmondCampus,0.25750959171427634,22.051666666666666,ROUTE_JohnMuirMedicalCenterWalnutCreekCampus,0.2551588378915719,32.84166666666667,ROUTE_KaiserFoundationHospitalRichmondCampus,0.25750959171427634,22.051666666666666
38.02444444441781,-121.9291666666216,57.19516625593524,HEMORRHAGIC,ROUTE_JohnMuirMedicalCenterWalnutCreekCampus,0.24,23.62,ROUTE_JohnMuirMedicalCenterConcordCampus,0.24,13.858333333333333,ROUTE_JohnMuirMedicalCenterWalnutCreekCampus,0.24,23.62,ROUTE_JohnMuirMedicalCenterConcordCampus,0.24,13.858333333333333
38.450555555529256,-121.81749999995483,113.46446916483863,NLVO,ROUTE_JohnMuirMedicalCenterWalnutCreekCampus,0.5214174187733527,62.89333333333333,ROUTE_KaiserFoundationHospitalVacaville,0.5452195098959234,15.963333333333333,ROUTE_JohnMuirMedicalCenterWalnutCreekCampus,0.5214174187733527,62.89333333333333,ROUTE_KaiserFoundationHospitalVacaville,0.5452195098959234,15.963333333333333
37.761388888862044,-122.42222222217754,104.57933681271743,MIMIC,ROUTE_CPMCDaviesCampusSutter,0.9,4.586666666666667,ROUTE_CPMCMissionBernalCampusSutter,0.9,3.6883333333333335,ROUTE_CPMCDaviesCampusSutter,0.9,4.586666666666667,ROUTE_CPMCMissionBernalCampusSutter,0.9,3.6883333333333335
37.969166666639985,-122.04444444439946,52.720158994250326,NLVO,ROUTE_JohnMuirMedicalCenterWalnutCreekCampus,0.5787340994097573,12.181666666666667,ROUTE_JohnMuirMedicalCenterConcordCampus,0.5822774269563572,5.383333333333334,ROUTE_JohnMuirMedicalCenterWalnutCreekCampus,0.5787340994097573,12.181666666666667,ROUTE_JohnMuirMedicalCenterConcordCampus,0.5822774269563572,5.383333333333334
38.44277777775147,-121.82083333328818,68.97415432907873,LVO,ROUTE_JohnMuirMedicalCenterWalnutCreekCampus,0.41861554670337137,60.32166666666667,ROUTE_KaiserFoundationHospitalVacaville,0.2924287234934026,13.391666666666667,ROUTE_JohnMuirMedicalCenterWalnutCreekCampus,0.41861554670337137,60.32166666666667,ROUTE_KaiserFoundationHospitalVacaville,0.2924287234934026,13.391666666666667
37.72083333330645,-122.42999999995533,48.9496301276722,HEMORRHAGIC,ROUTE_CPMCDaviesCampusSutter,0.24,13.936666666666667,ROUTE_CPMCMissionBernalCampusSutter,0.24,7.665,ROUTE_CPMCDaviesCampusSutter,0.24,13.936666666666667,ROUTE_CPMCMissionBernalCampusSutter,0.24,7.665
37.74777777775092,-122.16416666662178,230.3920507850973,MIMIC,ROUTE_SanLeandroHospitalAlamedaHealthSystem,0.9,11.29,ROUTE_SanLeandroHospitalAlamedaHealthSystem,0.9,11.29,ROUTE_SutterEdenMedicalCenter,0.9,13.471666666666666,ROUTE_HighlandHospitalWilmaChanCampus,0.9,12.093333333333334
37.56666666663966,-122.04916666662169,203.16431066712832,HEMORRHAGIC,ROUTE_WashingtonHospitalHealthcareSystem,0.24,16.858333333333334,ROUTE_StRoseHospital,0.24,12.133333333333333,ROUTE_SutterEdenMedicalCenter,0.24,21.295,ROUTE_WashingtonHospitalHealthcareSystem,0.24,16.858333333333334
38.14611111108457,-122.24611111106628,236.82540499718553,LVO,ROUTE_SutterSolanoMedicalCenter,0.24466880000000002,4.185,ROUTE_SutterSolanoMedicalCenter,0.24466880000000002,4.185,ROUTE_JohnMuirMedicalCenterWalnutCreekCampus,0.24466880000000002,34.17333333333333,ROUTE_SutterSolanoMedicalCenter,0.24466880000000002,4.185
37.67138888886197,-122.1197222221773,127.96255713352967,HEMORRHAGIC,ROUTE_SutterEdenMedicalCenter,0.24,12.735000000000001,ROUTE_StRoseHospital,0.24,10.343333333333334,ROUTE_SutterEdenMedicalCenter,0.24,12.735000000000001,ROUTE_KaiserFoundationHospitalSanLeandro,0.24,12.435
38.17138888886237,-121.69583333328808,243.78512295788767,LVO,ROUTE_SutterDeltaMedicalCenter,0.24466880000000002,32.82666666666667,ROUTE_SutterDeltaMedicalCenter,0.24466880000000002,32.82666666666667,ROUTE_JohnMuirMedicalCenterWalnutCreekCampus,0.24466880000000002,54.38333333333333,ROUTE_KaiserFoundationHospitalAntioch,0.24466880000000002,35.48166666666667
37.76888888886205,-122.18388888884402,264.5562409561429,HEMORRHAGIC,ROUTE_HighlandHospitalWilmaChanCampus,0.24,10.15,ROUTE_HighlandHospitalWilmaChanCampus,0.24,10.15,ROUTE_SutterEdenMedicalCenter,0.24,17.65666666666667,ROUTE_HighlandHospitalWilmaChanCampus,0.24,10.15
38.053888888862275,-122.21583333328849,125.3143425129983,LVO,ROUTE_JohnMuirMedicalCenterWalnutCreekCampus,0.40764926401330076,31.0,ROUTE_SutterSolanoMedicalCenter,0.27649133826051786,14.7,ROUTE_JohnMuirMedicalCenterWalnutCreekCampus,0.40764926401330076,31.0,ROUTE_SutterSolanoMedicalCenter,0.27649133826051786,14.7
37.67777777775086,-122.13138888884397,171.3705368296148,LVO,ROUTE_SutterEdenMedicalCenter,0.26390488663468803,10.648333333333333,ROUTE_StRoseHospital,0.24466880000000002,8.825,ROUTE_SutterEdenMedicalCenter,0.26390488663468803,10.648333333333333,ROUTE_KaiserFoundationHospitalSanLeandro,0.2645294975763841,10.285
37.6672222221953,-122.09333333328838,223.23445070963515,HEMORRHAGIC,ROUTE_StRoseHospital,0.24,9.118333333333334,ROUTE_StRoseHospital,0.24,9.118333333333334,ROUTE_SutterEdenMedicalCenter,0.24,12.426666666666668,ROUTE_KaiserFoundationHospitalSanLeandro,0.24,12.273333333333333
37.736944444417574,-122.47111111106648,210.5497654067865,LVO,ROUTE_UCSFMedicalCenter,0.2550707475577317,7.405,ROUTE_UCSFMedicalCenter,0.2550707475577317,7.405,ROUTE_UCSFMedicalCenter,0.2550707475577317,7.405,ROUTE_UCSFMedicalCenter,0.2550707475577317,7.405
37.37194444441729,-122.01472222217721,44.95812498461329,HEMORRHAGIC,ROUTE_KaiserFoundationHospitalSantaClara,0.24,10.548333333333334,ROUTE_KaiserFoundationHospitalSantaClara,0.24,10.548333333333334,ROUTE_KaiserFoundationHospitalSantaClara,0.24,10.548333333333334,ROUTE_KaiserFoundationHospitalSantaClara,0.24,10.548333333333334
37.36722222219506,-122.09472222217728,107.66394745123323,LVO,ROUTE_ElCaminoHealthMountainView,0.42456690248387746,6.058333333333334,ROUTE_ElCaminoHealthMountainView,0.42456690248387746,6.058333333333334,ROUTE_ElCaminoHealthMountainView,0.42456690248387746,6.058333333333334,ROUTE_ElCaminoHealthMountainView,0.42456690248387746,6.058333333333334
37.800833333306514,-122.431666666622,162.8848855954142,LVO,ROUTE_CPMCDaviesCampusSutter,0.4019642034461783,10.688333333333333,ROUTE_UCSFHealthHydeHospital,0.2683555864679733,4.908333333333333,ROUTE_CPMCDaviesCampusSutter,0.4019642034461783,10.688333333333333,ROUTE_UCSFHealthHydeHospital,0.2683555864679733,4.908333333333333
37.65555555552862,-122.0388888888439,66.03465860075818,LVO,ROUTE_SutterEdenMedicalCenter,0.4362046608175072,18.395,ROUTE_StRoseHospital,0.2551887777245397,14.639999999999999,ROUTE_SutterEdenMedicalCenter,0.4362046608175072,18.395,ROUTE_SutterEdenMedicalCenter,0.4362046608175072,18.395
37.94194444441774,-122.36611111106639,63.655407547523346,LVO,ROUTE_CPMCDaviesCampusSutter,0.43061125002023337,35.24166666666667,ROUTE_KaiserFoundationHospitalRichmondCampus,0.2978434612625653,2.2483333333333335,ROUTE_CPMCDaviesCampusSutter,0.43061125002023337,35.24166666666667,ROUTE_KaiserFoundationHospitalRichmondCampus,0.2978434612625653,2.2483333333333335
37.724444444417564,-122.17499999995512,166.2782127028243,HEMORRHAGIC,ROUTE_SutterEdenMedicalCenter,0.24,13.66,ROUTE_KaiserFoundationHospitalSanLeandro,0.24,7.785,ROUTE_SutterEdenMedicalCenter,0.24,13.66,ROUTE_KaiserFoundationHospitalSanLeandro,0.24,7.785
37.91194444441772,-122.32083333328858,182.44857799375993,LVO,ROUTE_KaiserFoundationHospitalRichmondCampus,0.262064304311475,8.604999999999999,ROUTE_KaiserFoundationHospitalRichmondCampus,0.262064304311475,8.604999999999999,ROUTE_CPMCDaviesCampusSutter,0.25628476841693937,28.861666666666668,ROUTE_KaiserFoundationHospitalRichmondCampus,0.262064304311475,8.604999999999999
37.75833333330648,-122.23638888884406,145.39990215783678,HEMORRHAGIC,ROUTE_SutterEdenMedicalCenter,0.24,18.7,ROUTE_AlamedaHospital,0.24,3.9683333333333333,ROUTE_SutterEdenMedicalCenter,0.24,18.7,ROUTE_AlamedaHospital,0.24,3.9683333333333333
37.70249999997311,-122.47305555551091,52.552374156218775,HEMORRHAGIC,ROUTE_CPMCDaviesCampusSutter,0.24,15.451666666666666,ROUTE_AHMCSetonMedicalCenter,0.24,6.421666666666667,ROUTE_CPMCDaviesCampusSutter,0.24,15.451666666666666,ROUTE_AHMCSetonMedicalCenter,0.24,6.421666666666667
37.52749999997297,-121.93472222217716,63.0376880977278,LVO,ROUTE_RegionalMedicalCenterOfSanJose,0.4363538457095234,19.601666666666667,ROUTE_KaiserFoundationHospitalFremont,0.2956098753012365,11.82,ROUTE_RegionalMedicalCenterOfSanJose,0.4363538457095234,19.601666666666667,ROUTE_KaiserFoundationHospitalFremont,0.2956098753012365,11.82
37.44333333330623,-121.90166666662157,209.17015677335468,HEMORRHAGIC,ROUTE_RegionalMedicalCenterOfSanJose,0.24,13.203333333333335,ROUTE_RegionalMedicalCenterOfSanJose,0.24,13.203333333333335,ROUTE_RegionalMedicalCenterOfSanJose,0.24,13.203333333333335,ROUTE_RegionalMedicalCenterOfSanJose,0.24,13.203333333333335
37.68749999997309,-121.88583333328822,42.56492436984952,NLVO,ROUTE_SutterEdenMedicalCenter,0.5795811688822473,20.52,ROUTE_StanfordHealthCareTriValley,0.5887162559998387,2.8316666666666666,ROUTE_SutterEdenMedicalCenter,0.5795811688822473,20.52,ROUTE_StanfordHealthCareTriValley,0.5887162559998387,2.8316666666666666
38.246944444417984,-121.98055555551052,244.57151346450826,LVO,ROUTE_NorthBayMedicalCenter,0.24466880000000002,16.76,ROUTE_NorthBayMedicalCenter,0.24466880000000002,16.76,ROUTE_JohnMuirMedicalCenterWalnutCreekCampus,0.24466880000000002,49.73166666666667,ROUTE_NorthBayMedicalCenter,0.24466880000000002,16.76
38.07388888886229,-122.16222222217733,240.55093810448386,HEMORRHAGIC,ROUTE_ContraCostaRegionalMedicalCenter,0.24,14.103333333333333,ROUTE_ContraCostaRegionalMedicalCenter,0.24,14.103333333333333,ROUTE_JohnMuirMedicalCenterWalnutCreekCampus,0.24,24.918333333333333,ROUTE_SutterSolanoMedicalCenter,0.24,14.97
37.76583333330649,-122.46499999995535,225.67584488210787,LVO,ROUTE_UCSFMedicalCenter,0.24466880000000002,2.57,ROUTE_UCSFMedicalCenter,0.24466880000000002,2.57,ROUTE_UCSFMedicalCenter,0.24466880000000002,2.57,ROUTE_UCSFMedicalCenter,0.24466880000000002,2.57
37.97361111108443,-122.51138888884428,139.6694142792481,HEMORRHAGIC,ROUTE_UCSFMedicalCenter,0.24,38.72,ROUTE_MarinHealthMedicalCenter,0.24,11.825,ROUTE_UCSFMedicalCenter,0.24,38.72,ROUTE_MarinHealthMedicalCenter,0.24,11.825
37.81666666663986,-122.25916666662185,162.78011220017194,LVO,ROUTE_SutterEdenMedicalCenter,0.3994111686046009,20.16,ROUTE_AltaBatesSummitMedicalCenterSummitCampus,0.268669144895321,3.0050000000000003,ROUTE_SutterEdenMedicalCenter,0.3994111686046009,20.16,ROUTE_AltaBatesSummitMedicalCenterSummitCampus,0.268669144895321,3.0050000000000003
37.68027777775087,-122.05111111106613,183.02012628928577,LVO,ROUTE_SutterEdenMedicalCenter,0.26017467314065773,12.316666666666666,ROUTE_SutterEdenMedicalCenter,0.26017467314065773,12.316666666666666,ROUTE_SutterEdenMedicalCenter,0.26017467314065773,12.316666666666666,ROUTE_SutterEdenMedicalCenter,0.26017467314065773,12.316666666666666
37.753611111084254,-122.41444444439976,109.22925474388454,LVO,ROUTE_CPMCDaviesCampusSutter,0.4233993543953728,7.27,ROUTE_ZuckerbergSanFranciscoGeneralHospital,0.2839160704251191,3.175,ROUTE_CPMCDaviesCampusSutter,0.4233993543953728,7.27,ROUTE_ZuckerbergSanFranciscoGeneralHospital,0.2839160704251191,3.175
37.721944444417566,-122.4088888888442,142.37480108142765,HEMORRHAGIC,ROUTE_CPMCDaviesCampusSutter,0.24,16.045,ROUTE_CPMCMissionBernalCampusSutter,0.24,10.57,ROUTE_CPMCDaviesCampusSutter,0.24,16.045,ROUTE_CPMCMissionBernalCampusSutter,0.24,10.57
37.980277777751105,-121.81305555551039,176.72670410635675,LVO,ROUTE_JohnMuirMedicalCenterWalnutCreekCampus,0.25875699627426907,30.490000000000002,ROUTE_SutterDeltaMedicalCenter,0.24466880000000002,3.2116666666666664,ROUTE_JohnMuirMedicalCenterWalnutCreekCampus,0.25875699627426907,30.490000000000002,ROUTE_KaiserFoundationHospitalAntioch,0.2637289188195449,8.9
37.98916666664,-121.99999999995498,65.37849690541216,LVO,ROUTE_JohnMuirMedicalCenterWalnutCreekCampus,0.4372057174796549,19.603333333333335,ROUTE_JohnMuirMedicalCenterConcordCampus,0.4250219128025369,8.358333333333333,ROUTE_JohnMuirMedicalCenterWalnutCreekCampus,0.4372057174796549,19.603333333333335,ROUTE_JohnMuirMedicalCenterConcordCampus,0.4250219128025369,8.358333333333333
38.01027777775113,-122.5641666666221,250.68704018122781,NLVO,ROUTE_KaiserFoundationHospitalSanRafael,0.4622,4.798333333333333,ROUTE_KaiserFoundationHospitalSanRafael,0.4622,4.798333333333333,ROUTE_UCSFMedicalCenter,0.4622,43.031666666666666,ROUTE_KaiserFoundationHospitalSanRafael,0.4622,4.798333333333333
37.468333333306255,-122.2333333332885,172.99474188361245,LVO,ROUTE_KaiserFoundationHospitalRedwoodCity,0.2645691495643465,7.989999999999999,ROUTE_SequoiaHospital,0.26476191617545186,6.85,ROUTE_KaiserFoundationHospitalRedwoodCity,0.2645691495643465,7.989999999999999,ROUTE_SequoiaHospital,0.26476191617545186,6.85
37.703611111084214,-122.45333333328868,236.5755509877071,LVO,ROUTE_CPMCMissionBernalCampusSutter,0.24466880000000002,9.479999999999999,ROUTE_CPMCMissionBernalCampusSutter,0.24466880000000002,9.479999999999999,ROUTE_CPMCDaviesCampusSutter,0.24466880000000002,15.75,ROUTE_CPMCMissionBernalCampusSutter,0.24466880000000002,9.479999999999999
37.876111111084356,-122.28666666662188,229.14496085181705,HEMORRHAGIC,ROUTE_AltaBatesSummitMedicalCenterAltaBatesCampus,0.24,10.156666666666666,ROUTE_AltaBatesSummitMedicalCenterAltaBatesCampus,0.24,10.156666666666666,ROUTE_CPMCDaviesCampusSutter,0.24,30.866666666666667,ROUTE_KaiserFoundationHospitalOaklandRichmond,0.24,14.875
37.414166666639545,-121.90499999995491,50.75703144198553,HEMORRHAGIC,ROUTE_RegionalMedicalCenterOfSanJose,0.24,12.623333333333333,ROUTE_OConnorHospital,0.24,12.543333333333333,ROUTE_RegionalMedicalCenterOfSanJose,0.24,12.623333333333333,ROUTE_OConnorHospital,0.24,12.543333333333333
37.50972222219517,-121.93444444439938,206.56443226671433,LVO,ROUTE_KaiserFoundationHospitalFremont,0.2537598904466779,15.746666666666666,ROUTE_KaiserFoundationHospitalFremont,0.2537598904466779,15.746666666666666,ROUTE_RegionalMedicalCenterOfSanJose,0.24466880000000002,19.123333333333335,ROUTE_KaiserFoundationHospitalFremont,0.2537598904466779,15.746666666666666
37.817777777750976,-122.26888888884409,264.97003065074773,NLVO,ROUTE_AltaBatesSummitMedicalCenterSummitCampus,0.4622,3.853333333333333,ROUTE_AltaBatesSummitMedicalCenterSummitCampus,0.4622,3.853333333333333,ROUTE_SutterEdenMedicalCenter,0.4622,22.221666666666668,ROUTE_AltaBatesSummitMedicalCenterSummitCampus,0.4622,3.853333333333333
37.44222222219512,-121.90527777773269,241.03008326170072,LVO,ROUTE_RegionalMedicalCenterOfSanJose,0.24466880000000002,12.805,ROUTE_RegionalMedicalCenterOfSanJose,0.24466880000000002,12.805,ROUTE_RegionalMedicalCenterOfSanJose,0.24466880000000002,12.805,ROUTE_RegionalMedicalCenterOfSanJose,0.24466880000000002,12.805
37.779444444417614,-122.21277777773292,111.82118908760033,HEMORRHAGIC,ROUTE_SutterEdenMedicalCenter,0.24,18.413333333333334,ROUTE_HighlandHospitalWilmaChanCampus,0.24,8.298333333333334,ROUTE_SutterEdenMedicalCenter,0.24,18.413333333333334,ROUTE_HighlandHospitalWilmaChanCampus,0.24,8.298333333333334
37.45416666663957,-122.26638888884409,122.63016902835874,LVO,ROUTE_KaiserFoundationHospitalRedwoodCity,0.41538198360921785,15.108333333333333,ROUTE_SequoiaHospital,0.2779349315725549,10.17,ROUTE_KaiserFoundationHospitalRedwoodCity,0.41538198360921785,15.108333333333333,ROUTE_SequoiaHospital,0.2779349315725549,10.17
37.71944444441756,-122.16999999995512,247.07356886137703,LVO,ROUTE_KaiserFoundationHospitalSanLeandro,0.24466880000000002,6.961666666666667,ROUTE_KaiserFoundationHospitalSanLeandro,0.24466880000000002,6.961666666666667,ROUTE_SutterEdenMedicalCenter,0.24466880000000002,12.836666666666668,ROUTE_KaiserFoundationHospitalSanLeandro,0.24466880000000002,6.961666666666667
38.01527777775113,-121.92583333328825,219.39203920055346,LVO,ROUTE_JohnMuirMedicalCenterConcordCampus,0.24466880000000002,13.685,ROUTE_JohnMuirMedicalCenterConcordCampus,0.24466880000000002,13.685,ROUTE_JohnMuirMedicalCenterWalnutCreekCampus,0.24466880000000002,23.445,ROUTE_JohnMuirMedicalCenterConcordCampus,0.24466880000000002,13.685
37.44861111108401,-122.13833333328843,154.55842459915021,LVO,ROUTE_StanfordHealthCare,0.40405768091745725,11.176666666666668,ROUTE_StanfordHealthCare,0.40405768091745725,11.176666666666668,ROUTE_StanfordHealthCare,0.40405768091745725,11.176666666666668,ROUTE_StanfordHealthCare,0.40405768091745725,11.176666666666668
37.71361111108423,-121.92333333328826,164.603377272117,NLVO,ROUTE_SutterEdenMedicalCenter,0.5173879103498773,18.555,ROUTE_StanfordHealthCareTriValley,0.5201873101787092,12.288333333333332,ROUTE_SutterEdenMedicalCenter,0.5173879103498773,18.555,ROUTE_StanfordHealthCareTriValley,0.5201873101787092,12.288333333333332
37.73749999997313,-122.39555555551085,37.64657230246528,LVO,ROUTE_CPMCDaviesCampusSutter,0.4497438749100159,12.535,ROUTE_ZuckerbergSanFranciscoGeneralHospital,0.4369803524944373,6.678333333333333,ROUTE_CPMCDaviesCampusSutter,0.4497438749100159,12.535,ROUTE_ZuckerbergSanFranciscoGeneralHospital,0.4369803524944373,6.678333333333333
37.72555555552868,-122.40861111106642,224.24061368900396,LVO,ROUTE_CPMCMissionBernalCampusSutter,0.24466880000000002,9.955,ROUTE_CPMCMissionBernalCampusSutter,0.24466880000000002,9.955,ROUTE_CPMCDaviesCampusSutter,0.24466880000000002,14.785,ROUTE_CPMCMissionBernalCampusSutter,0.24466880000000002,9.955
38.088611111084525,-122.22888888884405,265.0248389859653,LVO,ROUTE_SutterSolanoMedicalCenter,0.24466880000000002,8.445,ROUTE_SutterSolanoMedicalCenter,0.24466880000000002,8.445,ROUTE_JohnMuirMedicalCenterWalnutCreekCampus,0.24466880000000002,25.321666666666665,ROUTE_SutterSolanoMedicalCenter,0.24466880000000002,8.445
37.796944444417626,-122.43638888884422,181.4210309148721,HEMORRHAGIC,ROUTE_CPMCDaviesCampusSutter,0.24,9.561666666666667,ROUTE_UCSFHealthHydeHospital,0.24,4.6,ROUTE_CPMCDaviesCampusSutter,0.24,9.561666666666667,ROUTE_UCSFHealthHydeHospital,0.24,4.6
37.923333333306616,-122.10388888884395,237.93648439178546,HEMORRHAGIC,ROUTE_KaiserFoundationHospitalWalnutCreek,0.24,13.685,ROUTE_KaiserFoundationHospitalWalnutCreek,0.24,13.685,ROUTE_JohnMuirMedicalCenterWalnutCreekCampus,0.24,16.08833333333333,ROUTE_KaiserFoundationHospitalWalnutCreek,0.24,13.685
38.05333333330672,-122.14944444439955,261.0533537280498,NLVO,ROUTE_ContraCostaRegionalMedicalCenter,0.4622,9.868333333333334,ROUTE_ContraCostaRegionalMedicalCenter,0.4622,9.868333333333334,ROUTE_JohnMuirMedicalCenterWalnutCreekCampus,0.4622,20.683333333333334,ROUTE_SutterSolanoMedicalCenter,0.4622,14.648333333333333
37.67333333330642,-122.12166666662175,238.75103532530366,MIMIC,ROUTE_StRoseHospital,0.9,10.0,ROUTE_StRoseHospital,0.9,10.0,ROUTE_SutterEdenMedicalCenter,0.9,11.801666666666668,ROUTE_KaiserFoundationHospitalSanLeandro,0.9,11.501666666666667
37.87499999997324,-122.09638888884395,208.12380043436147,HEMORRHAGIC,ROUTE_KaiserFoundationHospitalWalnutCreek,0.24,11.335,ROUTE_KaiserFoundationHospitalWalnutCreek,0.24,11.335,ROUTE_JohnMuirMedicalCenterWalnutCreekCampus,0.24,13.606666666666666,ROUTE_KaiserFoundationHospitalWalnutCreek,0.24,11.335
37.86527777775101,-122.1777777777329,30.46352888929811,LVO,ROUTE_JohnMuirMedicalCenterWalnutCreekCampus,0.44892429465279404,18.236666666666668,ROUTE_KaiserFoundationHospitalWalnutCreek,0.43723141021767903,15.965,ROUTE_JohnMuirMedicalCenterWalnutCreekCampus,0.44892429465279404,18.236666666666668,ROUTE_KaiserFoundationHospitalWalnutCreek,0.43723141021767903,15.965
37.768333333306494,-122.42499999995532,237.13988362389017,HEMORRHAGIC,ROUTE_CPMCDaviesCampusSutter,0.24,4.456666666666666,ROUTE_CPMCDaviesCampusSutter,0.24,4.456666666666666,ROUTE_CPMCDaviesCampusSutter,0.24,4.456666666666666,ROUTE_CPMCDaviesCampusSutter,0.24,4.456666666666666
37.546666666639645,-122.04305555551058,70.50736094363555,NLVO,ROUTE_SutterEdenMedicalCenter,0.5644368436936895,23.07,ROUTE_StRoseHospital,0.49759884333727844,13.908333333333333,ROUTE_SutterEdenMedicalCenter,0.5644368436936895,23.07,ROUTE_WashingtonHospitalHealthcareSystem,0.5679413904319021,15.828333333333335
37.528611111084075,-122.28916666662188,88.89724429225367,LVO,ROUTE_KaiserFoundationHospitalRedwoodCity,0.4288840573646043,14.523333333333333,ROUTE_SanMateoMedicalCenter,0.24466880000000002,5.566666666666666,ROUTE_KaiserFoundationHospitalRedwoodCity,0.4288840573646043,14.523333333333333,ROUTE_KaiserFoundationHospitalRedwoodCity,0.4288840573646043,14.523333333333333
37.93916666663996,-121.68444444439918,37.834029393193774,NLVO,ROUTE_JohnMuirMedicalCenterWalnutCreekCampus,0.5705319940873588,41.961666666666666,ROUTE_KaiserFoundationHospitalAntioch,0.5846397175874218,15.743333333333334,ROUTE_JohnMuirMedicalCenterWalnutCreekCampus,0.5705319940873588,41.961666666666666,ROUTE_KaiserFoundationHospitalAntioch,0.5846397175874218,15.743333333333334
37.777499999973166,-122.48361111106648,269.6313321318005,HEMORRHAGIC,ROUTE_UCSFHealthStanyanHospital,0.24,7.026666666666667,ROUTE_UCSFHealthStanyanHospital,0.24,7.026666666666667,ROUTE_UCSFMedicalCenter,0.24,8.476666666666667,ROUTE_UCSFHealthStanyanHospital,0.24,7.026666666666667
37.75972222219537,-121.98138888884385,41.657586869236276,LVO,ROUTE_SutterEdenMedicalCenter,0.44422196379522255,21.87,ROUTE_SanRamonRegionalMedicalCenter,0.43332620114113996,7.85,ROUTE_SutterEdenMedicalCenter,0.44422196379522255,21.87,ROUTE_SanRamonRegionalMedicalCenter,0.43332620114113996,7.85
37.96861111108443,-122.27861111106631,151.10783611931558,LVO,ROUTE_JohnMuirMedicalCenterWalnutCreekCampus,0.26401010106333667,32.94833333333334,ROUTE_KaiserFoundationHospitalRichmondCampus,0.26747795188578855,19.395,ROUTE_JohnMuirMedicalCenterWalnutCreekCampus,0.26401010106333667,32.94833333333334,ROUTE_KaiserFoundationHospitalRichmondCampus,0.26747795188578855,19.395
38.2391666666402,-122.04083333328835,51.12627490338609,HEMORRHAGIC,ROUTE_JohnMuirMedicalCenterWalnutCreekCampus,0.24,40.915,ROUTE_NorthBayMedicalCenter,0.24,9.396666666666667,ROUTE_JohnMuirMedicalCenterWalnutCreekCampus,0.24,40.915,ROUTE_NorthBayMedicalCenter,0.24,9.396666666666667
38.25555555552911,-122.61861111106658,31.240028407704933,HEMORRHAGIC,ROUTE_UCSFMedicalCenter,0.24,61.30333333333333,ROUTE_PetalumaValleyHospitalProvidence,0.24,4.363333333333333,ROUTE_UCSFMedicalCenter,0.24,61.30333333333333,ROUTE_PetalumaValleyHospitalProvidence,0.24,4.363333333333333
37.91138888886216,-122.292777777733,231.84212020125236,NLVO,ROUTE_KaiserFoundationHospitalRichmondCampus,0.4622,15.391666666666667,ROUTE_KaiserFoundationHospitalRichmondCampus,0.4622,15.391666666666667,ROUTE_CPMCDaviesCampusSutter,0.4622,33.63,ROUTE_KaiserFoundationHospitalRichmondCampus,0.4622,15.391666666666667
38.23555555552909,-122.04222222217724,244.49896304614538,LVO,ROUTE_NorthBayMedicalCenter,0.24466880000000002,10.771666666666667,ROUTE_NorthBayMedicalCenter,0.24466880000000002,10.771666666666667,ROUTE_JohnMuirMedicalCenterWalnutCreekCampus,0.24466880000000002,41.44166666666667,ROUTE_NorthBayMedicalCenter,0.24466880000000002,10.771666666666667
37.83361111108432,-122.27777777773298,242.19284599504255,HEMORRHAGIC,ROUTE_KaiserFoundationHospitalOaklandRichmond,0.24,5.163333333333333,ROUTE_KaiserFoundationHospitalOaklandRichmond,0.24,5.163333333333333,ROUTE_SutterEdenMedicalCenter,0.24,23.108333333333334,ROUTE_KaiserFoundationHospitalOaklandRichmond,0.24,5.163333333333333
38.0724999999734,-122.15638888884399,198.76263279728437,LVO,ROUTE_SutterSolanoMedicalCenter,0.25629461974666745,14.343333333333334,ROUTE_ContraCostaRegionalMedicalCenter,0.24466880000000002,13.478333333333333,ROUTE_JohnMuirMedicalCenterWalnutCreekCampus,0.2534535005902059,24.293333333333333,ROUTE_SutterSolanoMedicalCenter,0.25629461974666745,14.343333333333334
37.783611111084284,-122.41444444439976,179.72760786271186,LVO,ROUTE_CPMCDaviesCampusSutter,0.26261142945218524,8.316666666666666,ROUTE_UCSFHealthHydeHospital,0.2643429845247675,2.36,ROUTE_CPMCDaviesCampusSutter,0.26261142945218524,8.316666666666666,ROUTE_UCSFHealthHydeHospital,0.2643429845247675,2.36
37.69027777775087,-122.49138888884427,89.69541997038084,HEMORRHAGIC,ROUTE_MillsPeninsulaMedicalCenterSutter,0.24,18.85,ROUTE_AHMCSetonMedicalCenter,0.24,6.071666666666667,ROUTE_MillsPeninsulaMedicalCenterSutter,0.24,18.85,ROUTE_AHMCSetonMedicalCenter,0.24,6.071666666666667
37.798055555528734,-122.43611111106644,38.78152537825474,LVO,ROUTE_CPMCDaviesCampusSutter,0.45000667055333793,9.331666666666667,ROUTE_UCSFHealthHydeHospital,0.43722987562931237,4.701666666666667,ROUTE_CPMCDaviesCampusSutter,0.45000667055333793,9.331666666666667,ROUTE_UCSFHealthHydeHospital,0.43722987562931237,4.701666666666667
37.38861111108397,-122.04499999995502,248.23965947462307,HEMORRHAGIC,ROUTE_ElCaminoHealthMountainView,0.24,11.596666666666666,ROUTE_ElCaminoHealthMountainView,0.24,11.596666666666666,ROUTE_ElCaminoHealthMountainView,0.24,11.596666666666666,ROUTE_ElCaminoHealthMountainView,0.24,11.596666666666666
37.343888888861706,-122.0541666666217,176.83404778081052,NLVO,ROUTE_ElCaminoHealthMountainView,0.5143639870292078,10.486666666666668,ROUTE_ElCaminoHealthMountainView,0.5143639870292078,10.486666666666668,ROUTE_ElCaminoHealthMountainView,0.5143639870292078,10.486666666666668,ROUTE_ElCaminoHealthMountainView,0.5143639870292078,10.486666666666668
37.56583333330633,-122.30583333328856,225.40689250977505,LVO,ROUTE_MillsPeninsulaMedicalCenterSutter,0.24466880000000002,10.835,ROUTE_MillsPeninsulaMedicalCenterSutter,0.24466880000000002,10.835,ROUTE_MillsPeninsulaMedicalCenterSutter,0.24466880000000002,10.835,ROUTE_MillsPeninsulaMedicalCenterSutter,0.24466880000000002,10.835
37.91305555552883,-122.00972222217722,96.71347949696018,MIMIC,ROUTE_JohnMuirMedicalCenterWalnutCreekCampus,0.9,5.525,ROUTE_JohnMuirMedicalCenterWalnutCreekCampus,0.9,5.525,ROUTE_JohnMuirMedicalCenterWalnutCreekCampus,0.9,5.525,ROUTE_JohnMuirMedicalCenterWalnutCreekCampus,0.9,5.525
37.76388888886204,-122.25166666662184,229.91885535174433,HEMORRHAGIC,ROUTE_AlamedaHospital,0.24,1.2333333333333334,ROUTE_AlamedaHospital,0.24,1.2333333333333334,ROUTE_SutterEdenMedicalCenter,0.24,21.846666666666668,ROUTE_AlamedaHospital,0.24,1.2333333333333334
37.52361111108407,-122.32499999995524,34.49998491111102,NLVO,ROUTE_MillsPeninsulaMedicalCenterSutter,0.5861179223118191,14.936666666666667,ROUTE_SanMateoMedicalCenter,0.520272975463392,7.08,ROUTE_MillsPeninsulaMedicalCenterSutter,0.5861179223118191,14.936666666666667,ROUTE_MillsPeninsulaMedicalCenterSutter,0.5861179223118191,14.936666666666667
37.94805555552886,-122.04555555551057,258.71914692614683,HEMORRHAGIC,ROUTE_JohnMuirMedicalCenterConcordCampus,0.24,9.118333333333334,ROUTE_JohnMuirMedicalCenterConcordCampus,0.24,9.118333333333334,ROUTE_JohnMuirMedicalCenterWalnutCreekCampus,0.24,10.408333333333333,ROUTE_JohnMuirMedicalCenterConcordCampus,0.24,9.118333333333334
37.66999999997308,-122.14444444439954,40.946885666700865,HEMORRHAGIC,ROUTE_SutterEdenMedicalCenter,0.24,15.376666666666667,ROUTE_StRoseHospital,0.24,13.343333333333334,ROUTE_SutterEdenMedicalCenter,0.24,15.376666666666667,ROUTE_KaiserFoundationHospitalSanLeandro,0.24,14.191666666666666
37.794166666639846,-122.40999999995532,98.98755328241789,LVO,ROUTE_CPMCDaviesCampusSutter,0.42615909774977906,10.821666666666665,ROUTE_ChineseHospital,0.2874630304510879,1.5816666666666668,ROUTE_CPMCDaviesCampusSutter,0.42615909774977906,10.821666666666665,ROUTE_ChineseHospital,0.2874630304510879,1.5816666666666668
37.58444444441746,-121.99749999995498,175.42349590773856,HEMORRHAGIC,ROUTE_SutterEdenMedicalCenter,0.24,27.848333333333336,ROUTE_WashingtonHospitalHealthcareSystem,0.24,11.645000000000001,ROUTE_SutterEdenMedicalCenter,0.24,27.848333333333336,ROUTE_WashingtonHospitalHealthcareSystem,0.24,11.645000000000001
37.98944444441778,-122.30444444439968,152.30042206851465,HEMORRHAGIC,ROUTE_JohnMuirMedicalCenterWalnutCreekCampus,0.24,31.41,ROUTE_KaiserFoundationHospitalRichmondCampus,0.24,12.915,ROUTE_JohnMuirMedicalCenterWalnutCreekCampus,0.24,31.41,ROUTE_KaiserFoundationHospitalRichmondCampus,0.24,12.915
37.78277777775095,-122.41333333328865,163.0740235646943,HEMORRHAGIC,ROUTE_CPMCDaviesCampusSutter,0.24,8.103333333333333,ROUTE_UCSFHealthHydeHospital,0.24,2.69,ROUTE_CPMCDaviesCampusSutter,0.24,8.103333333333333,ROUTE_UCSFHealthHydeHospital,0.24,2.69
37.79666666663985,-122.43444444439977,114.3251505149402,HEMORRHAGIC,ROUTE_CPMCDaviesCampusSutter,0.24,9.375,ROUTE_UCSFHealthHydeHospital,0.24,4.413333333333333,ROUTE_CPMCDaviesCampusSutter,0.24,9.375,ROUTE_UCSFHealthHydeHospital,0.24,4.413333333333333
37.79777777775096,-122.24833333328851,230.3427098871781,LVO,ROUTE_HighlandHospitalWilmaChanCampus,0.24466880000000002,3.228333333333333,ROUTE_HighlandHospitalWilmaChanCampus,0.24466880000000002,3.228333333333333,ROUTE_SutterEdenMedicalCenter,0.24466880000000002,20.59,ROUTE_HighlandHospitalWilmaChanCampus,0.24466880000000002,3.228333333333333
37.759999999973154,-122.48249999995537,71.0711065693122,NLVO,ROUTE_UCSFMedicalCenter,0.5731892466618662,5.53,ROUTE_UCSFMedicalCenter,0.5731892466618662,5.53,ROUTE_UCSFMedicalCenter,0.5731892466618662,5.53,ROUTE_UCSFMedicalCenter,0.5731892466618662,5.53
37.806666666639856,-122.29694444439967,180.20873585823378,MIMIC,ROUTE_CPMCDaviesCampusSutter,0.9,24.783333333333335,ROUTE_KaiserFoundationHospitalOaklandRichmond,0.9,9.225,ROUTE_CPMCDaviesCampusSutter,0.9,24.783333333333335,ROUTE_KaiserFoundationHospitalOaklandRichmond,0.9,9.225
37.75416666663981,-122.12527777773286,165.44608861041712,LVO,ROUTE_SutterEdenMedicalCenter,0.26487519027018586,14.758333333333333,ROUTE_HighlandHospitalWilmaChanCampus,0.26576650210216557,12.086666666666668,ROUTE_SutterEdenMedicalCenter,0.26487519027018586,14.758333333333333,ROUTE_HighlandHospitalWilmaChanCampus,0.26576650210216557,12.086666666666668
37.778888888862056,-122.26361111106631,157.090103173443,LVO,ROUTE_SutterEdenMedicalCenter,0.2639870144795768,23.30666666666667,ROUTE_AlamedaHospital,0.269921489756923,5.215,ROUTE_SutterEdenMedicalCenter,0.2639870144795768,23.30666666666667,ROUTE_AlamedaHospital,0.269921489756923,5.215
37.780277777750946,-122.20472222217737,212.37201365117295,LVO,ROUTE_HighlandHospitalWilmaChanCampus,0.2542080957641122,7.235,ROUTE_HighlandHospitalWilmaChanCampus,0.2542080957641122,7.235,ROUTE_SutterEdenMedicalCenter,0.24466880000000002,18.151666666666664,ROUTE_HighlandHospitalWilmaChanCampus,0.2542080957641122,7.235
38.11055555552899,-122.24416666662185,86.1342241666359,LVO,ROUTE_JohnMuirMedicalCenterWalnutCreekCampus,0.42273634752530165,28.833333333333332,ROUTE_SutterSolanoMedicalCenter,0.2900581589899498,5.128333333333333,ROUTE_JohnMuirMedicalCenterWalnutCreekCampus,0.42273634752530165,28.833333333333332,ROUTE_SutterSolanoMedicalCenter,0.2900581589899498,5.128333333333333
37.95222222219553,-122.34805555551081,83.2708582246708,NLVO,ROUTE_CPMCDaviesCampusSutter,0.5508915730912689,35.52333333333333,ROUTE_KaiserFoundationHospitalRichmondCampus,0.5662876406688819,5.783333333333333,ROUTE_CPMCDaviesCampusSutter,0.5508915730912689,35.52333333333333,ROUTE_KaiserFoundationHospitalRichmondCampus,0.5662876406688819,5.783333333333333
37.95055555552886,-122.51888888884429,238.16058929664754,HEMORRHAGIC,ROUTE_MarinHealthMedicalCenter,0.24,4.3983333333333325,ROUTE_MarinHealthMedicalCenter,0.24,4.3983333333333325,ROUTE_UCSFMedicalCenter,0.24,33.25333333333334,ROUTE_MarinHealthMedicalCenter,0.24,4.3983333333333325
37.697499999973104,-122.07138888884393,248.03875349144747,HEMORRHAGIC,ROUTE_SutterEdenMedicalCenter,0.24,6.83,ROUTE_SutterEdenMedicalCenter,0.24,6.83,ROUTE_SutterEdenMedicalCenter,0.24,6.83,ROUTE_SutterEdenMedicalCenter,0.24,6.83
37.753888888862036,-121.9024999999549,200.7271290804809,HEMORRHAGIC,ROUTE_SanRamonRegionalMedicalCenter,0.24,12.708333333333334,ROUTE_SanRamonRegionalMedicalCenter,0.24,12.708333333333334,ROUTE_SutterEdenMedicalCenter,0.24,22.953333333333333,ROUTE_SanRamonRegionalMedicalCenter,0.24,12.708333333333334
37.97166666663999,-122.34999999995526,142.17090470212742,LVO,ROUTE_JohnMuirMedicalCenterWalnutCreekCampus,0.40019437169625843,37.843333333333334,ROUTE_KaiserFoundationHospitalRichmondCampus,0.27240066031749743,10.488333333333333,ROUTE_JohnMuirMedicalCenterWalnutCreekCampus,0.40019437169625843,37.843333333333334,ROUTE_KaiserFoundationHospitalRichmondCampus,0.27240066031749743,10.488333333333333
37.8919444444177,-121.59111111106577,61.32722009525608,HEMORRHAGIC,ROUTE_JohnMuirMedicalCenterWalnutCreekCampus,0.24,50.445,ROUTE_KaiserFoundationHospitalAntioch,0.24,24.92,ROUTE_JohnMuirMedicalCenterWalnutCreekCampus,0.24,50.445,ROUTE_KaiserFoundationHospitalAntioch,0.24,24.92
37.52555555552852,-121.99083333328831,104.78589223966141,MIMIC,ROUTE_RegionalMedicalCenterOfSanJose,0.9,23.209999999999997,ROUTE_KaiserFoundationHospitalFremont,0.9,8.79,ROUTE_RegionalMedicalCenterOfSanJose,0.9,23.209999999999997,ROUTE_KaiserFoundationHospitalFremont,0.9,8.79
37.8086111110843,-122.29888888884412,101.16056426637341,HEMORRHAGIC,ROUTE_CPMCDaviesCampusSutter,0.24,25.023333333333333,ROUTE_KaiserFoundationHospitalOaklandRichmond,0.24,10.091666666666667,ROUTE_CPMCDaviesCampusSutter,0.24,25.023333333333333,ROUTE_KaiserFoundationHospitalOaklandRichmond,0.24,10.091666666666667
37.732222222195354,-122.38805555551085,135.46541762176628,HEMORRHAGIC,ROUTE_CPMCDaviesCampusSutter,0.24,15.108333333333333,ROUTE_ZuckerbergSanFranciscoGeneralHospital,0.24,9.251666666666667,ROUTE_CPMCDaviesCampusSutter,0.24,15.108333333333333,ROUTE_ZuckerbergSanFranciscoGeneralHospital,0.24,9.251666666666667
37.654999999973064,-122.07611111106615,212.40924096198492,HEMORRHAGIC,ROUTE_StRoseHospital,0.24,8.903333333333334,ROUTE_StRoseHospital,0.24,8.903333333333334,ROUTE_SutterEdenMedicalCenter,0.24,14.016666666666667,ROUTE_SutterEdenMedicalCenter,0.24,14.016666666666667
37.60805555552859,-122.02027777773277,153.127101306098,LVO,ROUTE_SutterEdenMedicalCenter,0.39990994111832184,25.011666666666667,ROUTE_StRoseHospital,0.24466880000000002,15.68,ROUTE_SutterEdenMedicalCenter,0.39990994111832184,25.011666666666667,ROUTE_WashingtonHospitalHealthcareSystem,0.26737266761539163,17.146666666666665
37.75277777775092,-122.41166666662198,62.019691539822034,LVO,ROUTE_CPMCDaviesCampusSutter,0.441421344859281,7.868333333333334,ROUTE_ZuckerbergSanFranciscoGeneralHospital,0.4287459327202302,2.5766666666666667,ROUTE_CPMCDaviesCampusSutter,0.441421344859281,7.868333333333334,ROUTE_ZuckerbergSanFranciscoGeneralHospital,0.4287459327202302,2.5766666666666667
37.71361111108423,-122.47055555551091,193.07856427773748,LVO,ROUTE_UCSFMedicalCenter,0.25852922184815585,12.256666666666666,ROUTE_AHMCSetonMedicalCenter,0.25927546589781253,7.465,ROUTE_UCSFMedicalCenter,0.25852922184815585,12.256666666666666,ROUTE_AHMCSetonMedicalCenter,0.25927546589781253,7.465
37.46861111108403,-122.13805555551065,247.95823734994616,LVO,ROUTE_KaiserFoundationHospitalRedwoodCity,0.24466880000000002,11.178333333333335,ROUTE_KaiserFoundationHospitalRedwoodCity,0.24466880000000002,11.178333333333335,ROUTE_KaiserFoundationHospitalRedwoodCity,0.24466880000000002,11.178333333333335,ROUTE_KaiserFoundationHospitalRedwoodCity,0.24466880000000002,11.178333333333335
37.596111111084134,-122.00027777773276,209.10671154012326,LVO,ROUTE_WashingtonHospitalHealthcareSystem,0.2532646952243151,14.138333333333332,ROUTE_WashingtonHospitalHealthcareSystem,0.2532646952243151,14.138333333333332,ROUTE_SutterEdenMedicalCenter,0.24466880000000002,27.621666666666666,ROUTE_WashingtonHospitalHealthcareSystem,0.2532646952243151,14.138333333333332
37.40527777775065,-122.0894444443995,42.28793219270295,HEMORRHAGIC,ROUTE_ElCaminoHealthMountainView,0.24,14.65,ROUTE_ElCaminoHealthMountainView,0.24,14.65,ROUTE_ElCaminoHealthMountainView,0.24,14.65,ROUTE_ElCaminoHealthMountainView,0.24,14.65
38.08805555552897,-122.23138888884405,175.14441687106014,NLVO,ROUTE_JohnMuirMedicalCenterWalnutCreekCampus,0.5086887466521021,25.158333333333335,ROUTE_SutterSolanoMedicalCenter,0.5182374758252519,7.958333333333333,ROUTE_JohnMuirMedicalCenterWalnutCreekCampus,0.5086887466521021,25.158333333333335,ROUTE_SutterSolanoMedicalCenter,0.5182374758252519,7.958333333333333
37.67749999997309,-122.49277777773315,241.62289921635295,NLVO,ROUTE_AHMCSetonMedicalCenter,0.4622,8.24,ROUTE_AHMCSetonMedicalCenter,0.4622,8.24,ROUTE_MillsPeninsulaMedicalCenterSutter,0.4622,21.01833333333333,ROUTE_AHMCSetonMedicalCenter,0.4622,8.24
37.84249999997322,-122.27277777773298,51.98340783609444,LVO,ROUTE_JohnMuirMedicalCenterWalnutCreekCampus,0.44087529360436584,23.456666666666667,ROUTE_KaiserFoundationHospitalOaklandRichmond,0.42962852795193285,6.4816666666666665,ROUTE_JohnMuirMedicalCenterWalnutCreekCampus,0.44087529360436584,23.456666666666667,ROUTE_KaiserFoundationHospitalOaklandRichmond,0.42962852795193285,6.4816666666666665
37.55388888886188,-122.01222222217721,180.71784055944198,NLVO,ROUTE_SutterEdenMedicalCenter,0.5048603920066357,22.888333333333332,ROUTE_WashingtonHospitalHealthcareSystem,0.514306333099159,10.24,ROUTE_SutterEdenMedicalCenter,0.5048603920066357,22.888333333333332,ROUTE_WashingtonHospitalHealthcareSystem,0.514306333099159,10.24
37.87166666663991,-122.28694444439965,190.5472822224412,HEMORRHAGIC,ROUTE_AltaBatesSummitMedicalCenterSummitCampus,0.24,14.416666666666666,ROUTE_AltaBatesSummitMedicalCenterAltaBatesCampus,0.24,10.286666666666667,ROUTE_CPMCDaviesCampusSutter,0.24,30.098333333333336,ROUTE_AltaBatesSummitMedicalCenterSummitCampus,0.24,14.416666666666666
37.984444444417775,-122.55499999995543,211.62299489717142,LVO,ROUTE_MarinHealthMedicalCenter,0.24466880000000002,12.916666666666666,ROUTE_MarinHealthMedicalCenter,0.24466880000000002,12.916666666666666,ROUTE_UCSFMedicalCenter,0.24466880000000002,42.61,ROUTE_MarinHealthMedicalCenter,0.24466880000000002,12.916666666666666
37.95749999997331,-122.28499999995522,39.712819475834095,NLVO,ROUTE_JohnMuirMedicalCenterWalnutCreekCampus,0.5747998814057649,32.583333333333336,ROUTE_KaiserFoundationHospitalRichmondCampus,0.5820789840341876,19.029999999999998,ROUTE_JohnMuirMedicalCenterWalnutCreekCampus,0.5747998814057649,32.583333333333336,ROUTE_KaiserFoundationHospitalRichmondCampus,0.5820789840341876,19.029999999999998
37.75694444441759,-122.41222222217753,100.73539440658047,HEMORRHAGIC,ROUTE_CPMCDaviesCampusSutter,0.24,7.278333333333333,ROUTE_ZuckerbergSanFranciscoGeneralHospital,0.24,2.8666666666666667,ROUTE_CPMCDaviesCampusSutter,0.24,7.278333333333333,ROUTE_ZuckerbergSanFranciscoGeneralHospital,0.24,2.8666666666666667
37.700277777750884,-122.08333333328838,147.6360876385374,NLVO,ROUTE_SutterEdenMedicalCenter,0.5346794175362121,3.3633333333333337,ROUTE_SutterEdenMedicalCenter,0.5346794175362121,3.3633333333333337,ROUTE_SutterEdenMedicalCenter,0.5346794175362121,3.3633333333333337,ROUTE_SutterEdenMedicalCenter,0.5346794175362121,3.3633333333333337
37.77722222219539,-122.28305555551077,64.6746708957148,NLVO,ROUTE_SutterEdenMedicalCenter,0.5649065995203091,26.756666666666668,ROUTE_AlamedaHospital,0.5749101064986235,8.42,ROUTE_SutterEdenMedicalCenter,0.5649065995203091,26.756666666666668,ROUTE_AlamedaHospital,0.5749101064986235,8.42
38.05722222219561,-122.51583333328873,233.99221630490817,LVO,ROUTE_NovatoCommunityHospitalSutter,0.24466880000000002,11.343333333333334,ROUTE_NovatoCommunityHospitalSutter,0.24466880000000002,11.343333333333334,ROUTE_UCSFMedicalCenter,0.24466880000000002,49.51,ROUTE_NovatoCommunityHospitalSutter,0.24466880000000002,11.343333333333334
37.80555555552874,-122.23444444439961,212.1022970528589,MIMIC,ROUTE_KaiserFoundationHospitalOaklandRichmond,0.9,5.076666666666667,ROUTE_KaiserFoundationHospitalOaklandRichmond,0.9,5.076666666666667,ROUTE_SutterEdenMedicalCenter,0.9,19.416666666666668,ROUTE_KaiserFoundationHospitalOaklandRichmond,0.9,5.076666666666667
37.48472222219515,-122.21972222217738,115.702629141538,HEMORRHAGIC,ROUTE_KaiserFoundationHospitalRedwoodCity,0.24,3.1566666666666667,ROUTE_KaiserFoundationHospitalRedwoodCity,0.24,3.1566666666666667,ROUTE_KaiserFoundationHospitalRedwoodCity,0.24,3.1566666666666667,ROUTE_KaiserFoundationHospitalRedwoodCity,0.24,3.1566666666666667
37.557777777750765,-122.27666666662188,217.13442873998514,HEMORRHAGIC,ROUTE_SanMateoMedicalCenter,0.24,10.086666666666668,ROUTE_SanMateoMedicalCenter,0.24,10.086666666666668,ROUTE_MillsPeninsulaMedicalCenterSutter,0.24,14.941666666666666,ROUTE_MillsPeninsulaMedicalCenterSutter,0.24,14.941666666666666
37.534166666639635,-121.99888888884387,144.40483132691674,MIMIC,ROUTE_SutterEdenMedicalCenter,0.9,22.598333333333336,ROUTE_WashingtonHospitalHealthcareSystem,0.9,7.068333333333333,ROUTE_SutterEdenMedicalCenter,0.9,22.598333333333336,ROUTE_WashingtonHospitalHealthcareSystem,0.9,7.068333333333333
38.08277777775119,-122.51555555551096,197.53658332078052,HEMORRHAGIC,ROUTE_NovatoCommunityHospitalSutter,0.24,12.046666666666665,ROUTE_NovatoCommunityHospitalSutter,0.24,12.046666666666665,ROUTE_UCSFMedicalCenter,0.24,50.25333333333333,ROUTE_NovatoCommunityHospitalSutter,0.24,12.046666666666665
37.921944444417726,-122.32722222217747,208.51116586022067,LVO,ROUTE_KaiserFoundationHospitalRichmondCampus,0.25436605207029667,9.268333333333334,ROUTE_KaiserFoundationHospitalRichmondCampus,0.25436605207029667,9.268333333333334,ROUTE_CPMCDaviesCampusSutter,0.24466880000000002,31.226666666666667,ROUTE_KaiserFoundationHospitalRichmondCampus,0.25436605207029667,9.268333333333334
37.714166666639784,-122.40277777773308,136.03309307648288,NLVO,ROUTE_MillsPeninsulaMedicalCenterSutter,0.5335263835506474,15.845,ROUTE_ZuckerbergSanFranciscoGeneralHospital,0.5361807939909894,12.115,ROUTE_MillsPeninsulaMedicalCenterSutter,0.5335263835506474,15.845,ROUTE_ZuckerbergSanFranciscoGeneralHospital,0.5361807939909894,12.115
37.577222222195225,-122.3344444443997,188.7553238833457,HEMORRHAGIC,ROUTE_MillsPeninsulaMedicalCenterSutter,0.24,10.628333333333334,ROUTE_MillsPeninsulaMedicalCenterSutter,0.24,10.628333333333334,ROUTE_MillsPeninsulaMedicalCenterSutter,0.24,10.628333333333334,ROUTE_MillsPeninsulaMedicalCenterSutter,0.24,10.628333333333334
37.428055555528445,-122.19888888884402,192.31155826044449,HEMORRHAGIC,ROUTE_StanfordHealthCare,0.24,8.91,ROUTE_StanfordHealthCare,0.24,8.91,ROUTE_StanfordHealthCare,0.24,8.91,ROUTE_StanfordHealthCare,0.24,8.91
38.091388888862305,-122.18222222217734,41.45121225787126,MIMIC,ROUTE_JohnMuirMedicalCenterWalnutCreekCampus,0.9,26.641666666666666,ROUTE_SutterSolanoMedicalCenter,0.9,13.79,ROUTE_JohnMuirMedicalCenterWalnutCreekCampus,0.9,26.641666666666666,ROUTE_SutterSolanoMedicalCenter,0.9,13.79
37.759999999973154,-122.4986111110665,68.68878400397799,HEMORRHAGIC,ROUTE_UCSFMedicalCenter,0.24,8.218333333333334,ROUTE_UCSFMedicalCenter,0.24,8.218333333333334,ROUTE_UCSFMedicalCenter,0.24,8.218333333333334,ROUTE_UCSFMedicalCenter,0.24,8.218333333333334
37.40416666663953,-122.10555555551062,267.0978916541452,NLVO,ROUTE_ElCaminoHealthMountainView,0.4622,16.24,ROUTE_ElCaminoHealthMountainView,0.4622,16.24,ROUTE_ElCaminoHealthMountainView,0.4622,16.24,ROUTE_ElCaminoHealthMountainView,0.4622,16.24
38.00861111108446,-121.78666666662149,220.57205109390617,LVO,ROUTE_SutterDeltaMedicalCenter,0.24466880000000002,9.293333333333333,ROUTE_SutterDeltaMedicalCenter,0.24466880000000002,9.293333333333333,ROUTE_JohnMuirMedicalCenterWalnutCreekCampus,0.24466880000000002,32.68,ROUTE_KaiserFoundationHospitalAntioch,0.24466880000000002,13.706666666666667
37.561388888861885,-122.32472222217747,83.2673891165571,HEMORRHAGIC,ROUTE_MillsPeninsulaMedicalCenterSutter,0.24,12.165,ROUTE_SanMateoMedicalCenter,0.24,9.729999999999999,ROUTE_MillsPeninsulaMedicalCenterSutter,0.24,12.165,ROUTE_MillsPeninsulaMedicalCenterSutter,0.24,12.165
37.58666666663968,-122.3658333332886,121.769591251409,LVO,ROUTE_MillsPeninsulaMedicalCenterSutter,0.4192748167285488,5.1850000000000005,ROUTE_MillsPeninsulaMedicalCenterSutter,0.4192748167285488,5.1850000000000005,ROUTE_MillsPeninsulaMedicalCenterSutter,0.4192748167285488,5.1850000000000005,ROUTE_MillsPeninsulaMedicalCenterSutter,0.4192748167285488,5.1850000000000005
37.94083333330663,-121.6866666666214,90.48470622738057,HEMORRHAGIC,ROUTE_JohnMuirMedicalCenterWalnutCreekCampus,0.24,41.995,ROUTE_KaiserFoundationHospitalAntioch,0.24,15.776666666666667,ROUTE_JohnMuirMedicalCenterWalnutCreekCampus,0.24,41.995,ROUTE_KaiserFoundationHospitalAntioch,0.24,15.776666666666667
37.666111111084184,-122.48749999995538,113.8789114877541,LVO,ROUTE_MillsPeninsulaMedicalCenterSutter,0.41565245764697867,17.763333333333332,ROUTE_AHMCSetonMedicalCenter,0.2810075578022464,8.153333333333332,ROUTE_MillsPeninsulaMedicalCenterSutter,0.41565245764697867,17.763333333333332,ROUTE_AHMCSetonMedicalCenter,0.2810075578022464,8.153333333333332
38.00166666664001,-122.297777777733,59.17487120578074,LVO,ROUTE_JohnMuirMedicalCenterWalnutCreekCampus,0.43318643391177547,31.834999999999997,ROUTE_KaiserFoundationHospitalRichmondCampus,0.29577186622635354,13.938333333333333,ROUTE_JohnMuirMedicalCenterWalnutCreekCampus,0.43318643391177547,31.834999999999997,ROUTE_KaiserFoundationHospitalRichmondCampus,0.29577186622635354,13.938333333333333
37.962222222195535,-121.8041666666215,259.1156048777741,LVO,ROUTE_SutterDeltaMedicalCenter,0.24466880000000002,4.755,ROUTE_SutterDeltaMedicalCenter,0.24466880000000002,4.755,ROUTE_JohnMuirMedicalCenterWalnutCreekCampus,0.24466880000000002,34.94833333333334,ROUTE_KaiserFoundationHospitalAntioch,0.24466880000000002,8.046666666666667
38.15027777775124,-122.26333333328853,183.8088909902058,LVO,ROUTE_KaiserFoundationHospitalVallejo,0.26180271119004256,7.77,ROUTE_KaiserFoundationHospitalVallejo,0.26180271119004256,7.77,ROUTE_JohnMuirMedicalCenterWalnutCreekCampus,0.2534544771214633,36.105000000000004,ROUTE_KaiserFoundationHospitalVallejo,0.26180271119004256,7.77
37.7505555555287,-122.4152777777331,266.0626307836327,NLVO,ROUTE_CPMCMissionBernalCampusSutter,0.4622,3.4383333333333335,ROUTE_CPMCMissionBernalCampusSutter,0.4622,3.4383333333333335,ROUTE_CPMCDaviesCampusSutter,0.4622,8.313333333333334,ROUTE_CPMCMissionBernalCampusSutter,0.4622,3.4383333333333335
37.93805555552885,-122.32388888884414,192.26503883931923,LVO,ROUTE_KaiserFoundationHospitalRichmondCampus,0.25865165820512914,8.098333333333333,ROUTE_KaiserFoundationHospitalRichmondCampus,0.25865165820512914,8.098333333333333,ROUTE_CPMCDaviesCampusSutter,0.25458429671660177,31.505,ROUTE_KaiserFoundationHospitalRichmondCampus,0.25865165820512914,8.098333333333333
37.758055555528706,-122.49333333328872,147.09643419507088,HEMORRHAGIC,ROUTE_UCSFMedicalCenter,0.24,7.89,ROUTE_UCSFMedicalCenter,0.24,7.89,ROUTE_UCSFMedicalCenter,0.24,7.89,ROUTE_UCSFMedicalCenter,0.24,7.89
37.80194444441763,-122.21249999995516,220.3444079976847,LVO,ROUTE_HighlandHospitalWilmaChanCampus,0.24466880000000002,4.16,ROUTE_HighlandHospitalWilmaChanCampus,0.24466880000000002,4.16,ROUTE_SutterEdenMedicalCenter,0.24466880000000002,17.293333333333333,ROUTE_HighlandHospitalWilmaChanCampus,0.24466880000000002,4.16
37.97249999997332,-121.77722222217703,109.29399258398456,LVO,ROUTE_JohnMuirMedicalCenterWalnutCreekCampus,0.41289792506098705,33.56666666666667,ROUTE_SutterDeltaMedicalCenter,0.24466880000000002,4.845,ROUTE_JohnMuirMedicalCenterWalnutCreekCampus,0.41289792506098705,33.56666666666667,ROUTE_KaiserFoundationHospitalAntioch,0.28332045480354096,4.971666666666667
37.489166666639605,-121.92805555551048,186.55593142128055,HEMORRHAGIC,ROUTE_RegionalMedicalCenterOfSanJose,0.24,15.066666666666666,ROUTE_KaiserFoundationHospitalFremont,0.24,14.766666666666667,ROUTE_RegionalMedicalCenterOfSanJose,0.24,15.066666666666666,ROUTE_KaiserFoundationHospitalFremont,0.24,14.766666666666667
37.64166666663972,-122.45888888884424,30.320041040702215,NLVO,ROUTE_MillsPeninsulaMedicalCenterSutter,0.5892374733113804,13.318333333333333,ROUTE_KaiserFoundationHospitalSouthSanFrancisco,0.5930864948629568,7.575,ROUTE_MillsPeninsulaMedicalCenterSutter,0.5892374733113804,13.318333333333333,ROUTE_KaiserFoundationHospitalSouthSanFrancisco,0.5930864948629568,7.575
37.41777777775066,-121.90194444439935,233.70806283997646,HEMORRHAGIC,ROUTE_RegionalMedicalCenterOfSanJose,0.24,13.53,ROUTE_RegionalMedicalCenterOfSanJose,0.24,13.53,ROUTE_RegionalMedicalCenterOfSanJose,0.24,13.53,ROUTE_RegionalMedicalCenterOfSanJose,0.24,13.53
37.83055555552876,-122.28805555551077,149.35308980417994,HEMORRHAGIC,ROUTE_SutterEdenMedicalCenter,0.24,24.959999999999997,ROUTE_KaiserFoundationHospitalOaklandRichmond,0.24,7.635000000000001,ROUTE_SutterEdenMedicalCenter,0.24,24.959999999999997,ROUTE_KaiserFoundationHospitalOaklandRichmond,0.24,7.635000000000001
37.97361111108443,-122.28805555551077,196.1291334362733,HEMORRHAGIC,ROUTE_KaiserFoundationHospitalRichmondCampus,0.24,17.075,ROUTE_KaiserFoundationHospitalRichmondCampus,0.24,17.075,ROUTE_JohnMuirMedicalCenterWalnutCreekCampus,0.24,34.45333333333333,ROUTE_KaiserFoundationHospitalRichmondCampus,0.24,17.075
37.80055555552874,-122.24777777773296,149.82371032063054,LVO,ROUTE_SutterEdenMedicalCenter,0.40363575027718246,19.633333333333333,ROUTE_HighlandHospitalWilmaChanCampus,0.2721989338137239,3.8433333333333333,ROUTE_SutterEdenMedicalCenter,0.40363575027718246,19.633333333333333,ROUTE_HighlandHospitalWilmaChanCampus,0.2721989338137239,3.8433333333333333
37.54444444441742,-121.99694444439943,234.87952268265875,LVO,ROUTE_WashingtonHospitalHealthcareSystem,0.24466880000000002,6.325,ROUTE_WashingtonHospitalHealthcareSystem,0.24466880000000002,6.325,ROUTE_SutterEdenMedicalCenter,0.24466880000000002,24.875,ROUTE_WashingtonHospitalHealthcareSystem,0.24466880000000002,6.325
38.24166666664021,-122.00749999995499,164.74857188145523,HEMORRHAGIC,ROUTE_JohnMuirMedicalCenterWalnutCreekCampus,0.24,45.07833333333333,ROUTE_NorthBayMedicalCenter,0.24,13.56,ROUTE_JohnMuirMedicalCenterWalnutCreekCampus,0.24,45.07833333333333,ROUTE_NorthBayMedicalCenter,0.24,13.56
38.326111111084714,-122.4922222221776,125.46976223893084,LVO,ROUTE_JohnMuirMedicalCenterWalnutCreekCampus,0.25750619802793173,76.10333333333332,ROUTE_SonomaValleyHospital,0.276589311099892,12.325,ROUTE_JohnMuirMedicalCenterWalnutCreekCampus,0.25750619802793173,76.10333333333332,ROUTE_SonomaValleyHospital,0.276589311099892,12.325
37.65972222219529,-122.47805555551092,56.19148474731574,HEMORRHAGIC,ROUTE_MillsPeninsulaMedicalCenterSutter,0.24,15.406666666666666,ROUTE_AHMCSetonMedicalCenter,0.24,5.796666666666667,ROUTE_MillsPeninsulaMedicalCenterSutter,0.24,15.406666666666666,ROUTE_AHMCSetonMedicalCenter,0.24,5.796666666666667
38.13222222219567,-122.2611111110663,34.98394377784025,HEMORRHAGIC,ROUTE_JohnMuirMedicalCenterWalnutCreekCampus,0.24,34.575,ROUTE_KaiserFoundationHospitalVallejo,0.24,4.593333333333334,ROUTE_JohnMuirMedicalCenterWalnutCreekCampus,0.24,34.575,ROUTE_KaiserFoundationHospitalVallejo,0.24,4.593333333333334
37.86694444441768,-122.50416666662206,41.40401791469615,HEMORRHAGIC,ROUTE_UCSFMedicalCenter,0.24,24.78166666666667,ROUTE_MarinHealthMedicalCenter,0.24,16.183333333333334,ROUTE_UCSFMedicalCenter,0.24,24.78166666666667,ROUTE_MarinHealthMedicalCenter,0.24,16.183333333333334
37.909444444417716,-122.54111111106653,204.82007611120846,LVO,ROUTE_MarinHealthMedicalCenter,0.2536179855371753,18.413333333333334,ROUTE_MarinHealthMedicalCenter,0.2536179855371753,18.413333333333334,ROUTE_UCSFMedicalCenter,0.24466880000000002,32.736666666666665,ROUTE_MarinHealthMedicalCenter,0.2536179855371753,18.413333333333334
37.80444444441763,-122.26444444439964,151.8917504771674,LVO,ROUTE_SutterEdenMedicalCenter,0.3999911153196676,23.988333333333333,ROUTE_AltaBatesSummitMedicalCenterSummitCampus,0.27061239146562716,6.83,ROUTE_SutterEdenMedicalCenter,0.3999911153196676,23.988333333333333,ROUTE_AltaBatesSummitMedicalCenterSummitCampus,0.27061239146562716,6.83
38.05999999997339,-122.15333333328844,40.120603361416784,LVO,ROUTE_JohnMuirMedicalCenterWalnutCreekCampus,0.44422292612998915,22.61,ROUTE_ContraCostaRegionalMedicalCenter,0.40107419949625805,11.795,ROUTE_JohnMuirMedicalCenterWalnutCreekCampus,0.44422292612998915,22.61,ROUTE_SutterSolanoMedicalCenter,0.4291355868362914,16.201666666666668
37.671111111084194,-122.09527777773283,86.03118486297618,HEMORRHAGIC,ROUTE_SutterEdenMedicalCenter,0.24,11.646666666666667,ROUTE_StRoseHospital,0.24,9.246666666666666,ROUTE_SutterEdenMedicalCenter,0.24,11.646666666666667,ROUTE_SutterEdenMedicalCenter,0.24,11.646666666666667
37.604444444417474,-122.42111111106644,258.8106904199259,NLVO,ROUTE_MillsPeninsulaMedicalCenterSutter,0.4622,8.276666666666667,ROUTE_MillsPeninsulaMedicalCenterSutter,0.4622,8.276666666666667,ROUTE_MillsPeninsulaMedicalCenterSutter,0.4622,8.276666666666667,ROUTE_MillsPeninsulaMedicalCenterSutter,0.4622,8.276666666666667
37.88222222219547,-122.29555555551077,215.84542525367516,LVO,ROUTE_AltaBatesSummitMedicalCenterAltaBatesCampus,0.24466880000000002,13.026666666666667,ROUTE_AltaBatesSummitMedicalCenterAltaBatesCampus,0.24466880000000002,13.026666666666667,ROUTE_CPMCDaviesCampusSutter,0.24466880000000002,30.3,ROUTE_KaiserFoundationHospitalRichmondCampus,0.24466880000000002,13.95
37.89499999997326,-122.53499999995542,82.610428584029,NLVO,ROUTE_UCSFMedicalCenter,0.555650904844969,28.76833333333333,ROUTE_MarinHealthMedicalCenter,0.56064421649358,16.533333333333335,ROUTE_UCSFMedicalCenter,0.555650904844969,28.76833333333333,ROUTE_MarinHealthMedicalCenter,0.56064421649358,16.533333333333335
37.54444444441742,-122.30749999995523,106.76838853653992,LVO,ROUTE_KaiserFoundationHospitalRedwoodCity,0.4205397654142821,14.495000000000001,ROUTE_SanMateoMedicalCenter,0.24466880000000002,6.15,ROUTE_KaiserFoundationHospitalRedwoodCity,0.4205397654142821,14.495000000000001,ROUTE_KaiserFoundationHospitalRedwoodCity,0.4205397654142821,14.495000000000001
37.71527777775089,-122.47249999995536,58.401410605775055,LVO,ROUTE_UCSFMedicalCenter,0.44186672951037265,12.870000000000001,ROUTE_AHMCSetonMedicalCenter,0.4284155738768891,6.331666666666666,ROUTE_UCSFMedicalCenter,0.44186672951037265,12.870000000000001,ROUTE_AHMCSetonMedicalCenter,0.4284155738768891,6.331666666666666
37.978888888862215,-122.02416666662167,101.23767802948761,MIMIC,ROUTE_JohnMuirMedicalCenterWalnutCreekCampus,0.9,15.035,ROUTE_JohnMuirMedicalCenterConcordCampus,0.9,3.485,ROUTE_JohnMuirMedicalCenterWalnutCreekCampus,0.9,15.035,ROUTE_JohnMuirMedicalCenterConcordCampus,0.9,3.485
37.906666666639936,-122.30222222217745,265.1799315109154,LVO,ROUTE_KaiserFoundationHospitalRichmondCampus,0.24466880000000002,12.436666666666667,ROUTE_KaiserFoundationHospitalRichmondCampus,0.24466880000000002,12.436666666666667,ROUTE_CPMCDaviesCampusSutter,0.24466880000000002,30.509999999999998,ROUTE_KaiserFoundationHospitalRichmondCampus,0.24466880000000002,12.436666666666667
37.509166666639615,-122.31749999995523,183.0334869600714,LVO,ROUTE_MillsPeninsulaMedicalCenterSutter,0.259738789845693,16.24833333333333,ROUTE_SanMateoMedicalCenter,0.24466880000000002,11.264999999999999,ROUTE_MillsPeninsulaMedicalCenterSutter,0.259738789845693,16.24833333333333,ROUTE_MillsPeninsulaMedicalCenterSutter,0.259738789845693,16.24833333333333
37.745555555528696,-122.4277777777331,250.8953939892593,HEMORRHAGIC,ROUTE_CPMCMissionBernalCampusSutter,0.24,2.6166666666666667,ROUTE_CPMCMissionBernalCampusSutter,0.24,2.6166666666666667,ROUTE_CPMCDaviesCampusSutter,0.24,8.16,ROUTE_CPMCMissionBernalCampusSutter,0.24,2.6166666666666667
38.00694444441779,-122.12527777773286,138.08004499385484,HEMORRHAGIC,ROUTE_JohnMuirMedicalCenterWalnutCreekCampus,0.24,19.591666666666665,ROUTE_ContraCostaRegionalMedicalCenter,0.24,2.033333333333333,ROUTE_JohnMuirMedicalCenterWalnutCreekCampus,0.24,19.591666666666665,ROUTE_JohnMuirMedicalCenterConcordCampus,0.24,12.05
37.76111111108426,-122.42361111106644,62.110206738993305,HEMORRHAGIC,ROUTE_CPMCDaviesCampusSutter,0.24,4.401666666666667,ROUTE_CPMCMissionBernalCampusSutter,0.24,3.503333333333333,ROUTE_CPMCDaviesCampusSutter,0.24,4.401666666666667,ROUTE_CPMCMissionBernalCampusSutter,0.24,3.503333333333333
37.775833333306494,-122.4530555555109,213.84835297795775,HEMORRHAGIC,ROUTE_UCSFHealthStanyanHospital,0.24,1.8033333333333335,ROUTE_UCSFHealthStanyanHospital,0.24,1.8033333333333335,ROUTE_UCSFMedicalCenter,0.24,5.1899999999999995,ROUTE_UCSFHealthStanyanHospital,0.24,1.8033333333333335
38.01249999997335,-121.8116666666215,39.778989999348504,LVO,ROUTE_JohnMuirMedicalCenterWalnutCreekCampus,0.4393949594702765,30.134999999999998,ROUTE_SutterDeltaMedicalCenter,0.4013498646877548,9.165,ROUTE_JohnMuirMedicalCenterWalnutCreekCampus,0.4393949594702765,30.134999999999998,ROUTE_KaiserFoundationHospitalAntioch,0.30203899752694136,14.860000000000001
38.001111111084455,-121.79472222217704,42.97949830391872,LVO,ROUTE_JohnMuirMedicalCenterWalnutCreekCampus,0.4417550229412165,30.095000000000002,ROUTE_SutterDeltaMedicalCenter,0.40109522654825125,5.496666666666667,ROUTE_JohnMuirMedicalCenterWalnutCreekCampus,0.4417550229412165,30.095000000000002,ROUTE_KaiserFoundationHospitalAntioch,0.3017915932021218,11.014999999999999
37.810833333306526,-122.29944444439967,61.156984437021876,LVO,ROUTE_CPMCDaviesCampusSutter,0.43547709543957785,24.666666666666668,ROUTE_KaiserFoundationHospitalOaklandRichmond,0.2969726783913578,9.875,ROUTE_CPMCDaviesCampusSutter,0.43547709543957785,24.666666666666668,ROUTE_KaiserFoundationHospitalOaklandRichmond,0.2969726783913578,9.875
37.795277777750954,-121.92722222217715,85.09285529335924,LVO,ROUTE_JohnMuirMedicalCenterWalnutCreekCampus,0.42565730072207253,25.44,ROUTE_SanRamonRegionalMedicalCenter,0.2876996331641207,13.676666666666668,ROUTE_JohnMuirMedicalCenterWalnutCreekCampus,0.42565730072207253,25.44,ROUTE_SanRamonRegionalMedicalCenter,0.2876996331641207,13.676666666666668
37.532777777750745,-121.95638888884383,128.74551249877658,LVO,ROUTE_RegionalMedicalCenterOfSanJose,0.4121318589488744,19.095000000000002,ROUTE_KaiserFoundationHospitalFremont,0.27693107034568365,7.66,ROUTE_RegionalMedicalCenterOfSanJose,0.4121318589488744,19.095000000000002,ROUTE_KaiserFoundationHospitalFremont,0.27693107034568365,7.66
37.58055555552856,-122.07499999995504,59.362246078300245,MIMIC,ROUTE_SutterEdenMedicalCenter,0.9,23.955,ROUTE_StRoseHospital,0.9,13.455,ROUTE_SutterEdenMedicalCenter,0.9,23.955,ROUTE_WashingtonHospitalHealthcareSystem,0.9,20.62
37.78527777775095,-122.41055555551087,213.8886828659271,LVO,ROUTE_UCSFHealthHydeHospital,0.2551874102223803,2.98,ROUTE_UCSFHealthHydeHospital,0.2551874102223803,2.98,ROUTE_CPMCDaviesCampusSutter,0.25367649721978774,9.291666666666666,ROUTE_UCSFHealthHydeHospital,0.2551874102223803,2.98
38.12944444441789,-122.2333333332885,265.83361131625304,NLVO,ROUTE_SutterSolanoMedicalCenter,0.4622,1.9849999999999999,ROUTE_SutterSolanoMedicalCenter,0.4622,1.9849999999999999,ROUTE_JohnMuirMedicalCenterWalnutCreekCampus,0.4622,29.633333333333333,ROUTE_SutterSolanoMedicalCenter,0.4622,1.9849999999999999
37.693888888861984,-122.15694444439956,136.96866657765787,MIMIC,ROUTE_SutterEdenMedicalCenter,0.9,10.926666666666668,ROUTE_KaiserFoundationHospitalSanLeandro,0.9,5.6483333333333325,ROUTE_SutterEdenMedicalCenter,0.9,10.926666666666668,ROUTE_KaiserFoundationHospitalSanLeandro,0.9,5.6483333333333325
38.25222222219577,-122.06472222217725,149.37812450277588,LVO,ROUTE_JohnMuirMedicalCenterWalnutCreekCampus,0.263628372804996,38.43833333333334,ROUTE_NorthBayMedicalCenter,0.27166937297405397,5.591666666666667,ROUTE_JohnMuirMedicalCenterWalnutCreekCampus,0.263628372804996,38.43833333333334,ROUTE_NorthBayMedicalCenter,0.27166937297405397,5.591666666666667
37.33583333330615,-122.06555555551058,99.05351444292444,NLVO,ROUTE_ElCaminoHealthMountainView,0.5542803166497974,10.483333333333333,ROUTE_ElCaminoHealthMountainView,0.5542803166497974,10.483333333333333,ROUTE_ElCaminoHealthMountainView,0.5542803166497974,10.483333333333333,ROUTE_ElCaminoHealthMountainView,0.5542803166497974,10.483333333333333
37.94222222219552,-122.08416666662171,72.84858639366661,LVO,ROUTE_JohnMuirMedicalCenterWalnutCreekCampus,0.43554380412818344,16.086666666666666,ROUTE_JohnMuirMedicalCenterConcordCampus,0.2926423941315541,13.445,ROUTE_JohnMuirMedicalCenterWalnutCreekCampus,0.43554380412818344,16.086666666666666,ROUTE_JohnMuirMedicalCenterConcordCampus,0.2926423941315541,13.445
37.47555555552848,-122.43249999995533,30.093151073376603,HEMORRHAGIC,ROUTE_MillsPeninsulaMedicalCenterSutter,0.24,26.995,ROUTE_SanMateoMedicalCenter,0.24,26.785,ROUTE_MillsPeninsulaMedicalCenterSutter,0.24,26.995,ROUTE_MillsPeninsulaMedicalCenterSutter,0.24,26.995
37.71666666663978,-122.431666666622,55.416455596125914,NLVO,ROUTE_CPMCDaviesCampusSutter,0.5757861099002209,15.616666666666667,ROUTE_CPMCMissionBernalCampusSutter,0.5793674258521777,9.346666666666666,ROUTE_CPMCDaviesCampusSutter,0.5757861099002209,15.616666666666667,ROUTE_CPMCMissionBernalCampusSutter,0.5793674258521777,9.346666666666666
37.8641666666399,-122.26388888884408,140.0763144539029,LVO,ROUTE_SutterEdenMedicalCenter,0.40335750698962725,27.483333333333334,ROUTE_AltaBatesSummitMedicalCenterAltaBatesCampus,0.24466880000000002,3.993333333333333,ROUTE_SutterEdenMedicalCenter,0.40335750698962725,27.483333333333334,ROUTE_KaiserFoundationHospitalOaklandRichmond,0.2726203147503353,13.118333333333334
37.553611111084095,-121.98527777773275,194.8023964773774,HEMORRHAGIC,ROUTE_WashingtonHospitalHealthcareSystem,0.24,2.5866666666666664,ROUTE_WashingtonHospitalHealthcareSystem,0.24,2.5866666666666664,ROUTE_SutterEdenMedicalCenter,0.24,27.096666666666668,ROUTE_WashingtonHospitalHealthcareSystem,0.24,2.5866666666666664
37.99999999997334,-122.26555555551076,211.53952262796113,LVO,ROUTE_ContraCostaRegionalMedicalCenter,0.24466880000000002,16.735,ROUTE_ContraCostaRegionalMedicalCenter,0.24466880000000002,16.735,ROUTE_JohnMuirMedicalCenterWalnutCreekCampus,0.24466880000000002,29.783333333333335,ROUTE_KaiserFoundationHospitalRichmondCampus,0.24466880000000002,19.59333333333333
37.98416666664,-121.8027777777326,115.01258890860422,LVO,ROUTE_JohnMuirMedicalCenterWalnutCreekCampus,0.41079753558507637,31.158333333333335,ROUTE_SutterDeltaMedicalCenter,0.24466880000000002,2.6666666666666665,ROUTE_JohnMuirMedicalCenterWalnutCreekCampus,0.41079753558507637,31.158333333333335,ROUTE_KaiserFoundationHospitalAntioch,0.28113059354821684,8.796666666666665
37.707222222195334,-121.85888888884377,207.94614025476193,LVO,ROUTE_StanfordHealthCareTriValley,0.25554072621064694,7.553333333333333,ROUTE_StanfordHealthCareTriValley,0.25554072621064694,7.553333333333333,ROUTE_SutterEdenMedicalCenter,0.25349900519376206,19.761666666666667,ROUTE_StanfordHealthCareTriValley,0.25554072621064694,7.553333333333333
37.96555555552887,-122.53361111106652,260.41694501940736,LVO,ROUTE_MarinHealthMedicalCenter,0.24466880000000002,5.713333333333334,ROUTE_MarinHealthMedicalCenter,0.24466880000000002,5.713333333333334,ROUTE_UCSFMedicalCenter,0.24466880000000002,37.681666666666665,ROUTE_MarinHealthMedicalCenter,0.24466880000000002,5.713333333333334
37.664166666639744,-121.78249999995481,89.50076840276358,LVO,ROUTE_SutterEdenMedicalCenter,0.4239573413508765,31.384999999999998,ROUTE_StanfordHealthCareTriValley,0.28516016979577635,19.988333333333333,ROUTE_SutterEdenMedicalCenter,0.4239573413508765,31.384999999999998,ROUTE_StanfordHealthCareTriValley,0.28516016979577635,19.988333333333333
37.94944444441775,-122.3572222221775,221.73159627510012,NLVO,ROUTE_KaiserFoundationHospitalRichmondCampus,0.4622,3.3633333333333337,ROUTE_KaiserFoundationHospitalRichmondCampus,0.4622,3.3633333333333337,ROUTE_CPMCDaviesCampusSutter,0.4622,35.75666666666667,ROUTE_KaiserFoundationHospitalRichmondCampus,0.4622,3.3633333333333337
37.80416666663985,-122.2030555555107,243.46667152891644,LVO,ROUTE_HighlandHospitalWilmaChanCampus,0.24466880000000002,6.783333333333333,ROUTE_HighlandHospitalWilmaChanCampus,0.24466880000000002,6.783333333333333,ROUTE_SutterEdenMedicalCenter,0.24466880000000002,19.21833333333333,ROUTE_HighlandHospitalWilmaChanCampus,0.24466880000000002,6.783333333333333
37.75694444441759,-122.18111111106624,60.52628521862347,LVO,ROUTE_SutterEdenMedicalCenter,0.43950741624613404,16.618333333333332,ROUTE_KaiserFoundationHospitalSanLeandro,0.4248268505030727,13.096666666666666,ROUTE_SutterEdenMedicalCenter,0.43950741624613404,16.618333333333332,ROUTE_KaiserFoundationHospitalSanLeandro,0.4248268505030727,13.096666666666666
37.96055555552887,-122.3533333332886,216.96313939607302,LVO,ROUTE_KaiserFoundationHospitalRichmondCampus,0.25330072166155726,7.151666666666667,ROUTE_KaiserFoundationHospitalRichmondCampus,0.25330072166155726,7.151666666666667,ROUTE_CPMCDaviesCampusSutter,0.24466880000000002,38.330000000000005,ROUTE_KaiserFoundationHospitalRichmondCampus,0.25330072166155726,7.151666666666667
37.52972222219519,-122.0363888888439,163.09836227202112,LVO,ROUTE_SutterEdenMedicalCenter,0.2633731625511599,24.526666666666664,ROUTE_WashingtonHospitalHealthcareSystem,0.2656722631968451,15.335,ROUTE_SutterEdenMedicalCenter,0.2633731625511599,24.526666666666664,ROUTE_WashingtonHospitalHealthcareSystem,0.2656722631968451,15.335
37.46027777775069,-122.26333333328853,187.7887327882258,HEMORRHAGIC,ROUTE_KaiserFoundationHospitalRedwoodCity,0.24,13.733333333333333,ROUTE_SequoiaHospital,0.24,8.795,ROUTE_KaiserFoundationHospitalRedwoodCity,0.24,13.733333333333333,ROUTE_SequoiaHospital,0.24,8.795
37.99333333330667,-121.81694444439928,166.63655188502005,NLVO,ROUTE_JohnMuirMedicalCenterWalnutCreekCampus,0.510943681373425,28.151666666666664,ROUTE_SutterDeltaMedicalCenter,0.4622,4.525,ROUTE_JohnMuirMedicalCenterWalnutCreekCampus,0.510943681373425,28.151666666666664,ROUTE_KaiserFoundationHospitalAntioch,0.5203196652537081,10.391666666666667
37.727499999973126,-122.38666666662196,54.87311540101862,HEMORRHAGIC,ROUTE_CPMCDaviesCampusSutter,0.24,17.216666666666665,ROUTE_ZuckerbergSanFranciscoGeneralHospital,0.24,11.360000000000001,ROUTE_CPMCDaviesCampusSutter,0.24,17.216666666666665,ROUTE_ZuckerbergSanFranciscoGeneralHospital,0.24,11.360000000000001
37.34999999997282,-122.03972222217723,229.5012184996836,LVO,ROUTE_KaiserFoundationHospitalSantaClara,0.24466880000000002,11.781666666666666,ROUTE_KaiserFoundationHospitalSantaClara,0.24466880000000002,11.781666666666666,ROUTE_KaiserFoundationHospitalSantaClara,0.24466880000000002,11.781666666666666,ROUTE_KaiserFoundationHospitalSantaClara,0.24466880000000002,11.781666666666666
37.99666666664001,-122.10027777773284,150.79436046408784,LVO,ROUTE_JohnMuirMedicalCenterWalnutCreekCampus,0.40320241410384605,17.240000000000002,ROUTE_ContraCostaRegionalMedicalCenter,0.24466880000000002,6.8966666666666665,ROUTE_JohnMuirMedicalCenterWalnutCreekCampus,0.40320241410384605,17.240000000000002,ROUTE_JohnMuirMedicalCenterConcordCampus,0.27057595318092376,9.698333333333332
37.866388888862126,-122.26611111106631,72.85943258097564,HEMORRHAGIC,ROUTE_JohnMuirMedicalCenterWalnutCreekCampus,0.24,28.375,ROUTE_AltaBatesSummitMedicalCenterAltaBatesCampus,0.24,4.9350000000000005,ROUTE_JohnMuirMedicalCenterWalnutCreekCampus,0.24,28.375,ROUTE_KaiserFoundationHospitalOaklandRichmond,0.24,12.771666666666667
37.427222222195105,-121.91055555551047,62.91618770393288,MIMIC,ROUTE_RegionalMedicalCenterOfSanJose,0.9,12.986666666666668,ROUTE_RegionalMedicalCenterOfSanJose,0.9,12.986666666666668,ROUTE_RegionalMedicalCenterOfSanJose,0.9,12.986666666666668,ROUTE_RegionalMedicalCenterOfSanJose,0.9,12.986666666666668
37.96555555552887,-122.25555555551074,188.5872134624109,LVO,ROUTE_KaiserFoundationHospitalRichmondCampus,0.25669538562852257,21.745,ROUTE_KaiserFoundationHospitalRichmondCampus,0.25669538562852257,21.745,ROUTE_JohnMuirMedicalCenterWalnutCreekCampus,0.25393307189958103,32.53666666666667,ROUTE_KaiserFoundationHospitalRichmondCampus,0.25669538562852257,21.745
37.92722222219551,-122.03083333328834,62.870368110783765,MIMIC,ROUTE_JohnMuirMedicalCenterWalnutCreekCampus,0.9,5.046666666666667,ROUTE_JohnMuirMedicalCenterWalnutCreekCampus,0.9,5.046666666666667,ROUTE_JohnMuirMedicalCenterWalnutCreekCampus,0.9,5.046666666666667,ROUTE_JohnMuirMedicalCenterWalnutCreekCampus,0.9,5.046666666666667
37.739166666639804,-122.42638888884422,226.52822099721365,LVO,ROUTE_CPMCMissionBernalCampusSutter,0.24466880000000002,3.55,ROUTE_CPMCMissionBernalCampusSutter,0.24466880000000002,3.55,ROUTE_CPMCDaviesCampusSutter,0.24466880000000002,9.675,ROUTE_CPMCMissionBernalCampusSutter,0.24466880000000002,3.55
37.77361111108427,-122.49555555551093,110.56926766227001,LVO,ROUTE_UCSFMedicalCenter,0.4219875183135715,9.441666666666666,ROUTE_UCSFHealthStanyanHospital,0.28154337083497727,9.188333333333333,ROUTE_UCSFMedicalCenter,0.4219875183135715,9.441666666666666,ROUTE_UCSFHealthStanyanHospital,0.28154337083497727,9.188333333333333
37.425277777750665,-122.18194444439958,30.25559639842056,HEMORRHAGIC,ROUTE_StanfordHealthCare,0.24,5.98,ROUTE_StanfordHealthCare,0.24,5.98,ROUTE_StanfordHealthCare,0.24,5.98,ROUTE_StanfordHealthCare,0.24,5.98
37.721666666639784,-122.43555555551089,88.31372439458379,HEMORRHAGIC,ROUTE_CPMCDaviesCampusSutter,0.24,13.548333333333334,ROUTE_CPMCMissionBernalCampusSutter,0.24,7.278333333333333,ROUTE_CPMCDaviesCampusSutter,0.24,13.548333333333334,ROUTE_CPMCMissionBernalCampusSutter,0.24,7.278333333333333
37.75694444441759,-122.17249999995512,138.00842151581918,LVO,ROUTE_SutterEdenMedicalCenter,0.4080461497067809,15.626666666666667,ROUTE_HighlandHospitalWilmaChanCampus,0.2730784174867218,13.251666666666667,ROUTE_SutterEdenMedicalCenter,0.4080461497067809,15.626666666666667,ROUTE_HighlandHospitalWilmaChanCampus,0.2730784174867218,13.251666666666667
37.72138888886201,-122.39555555551085,249.46086083125522,LVO,ROUTE_CPMCMissionBernalCampusSutter,0.24466880000000002,11.123333333333333,ROUTE_CPMCMissionBernalCampusSutter,0.24466880000000002,11.123333333333333,ROUTE_MillsPeninsulaMedicalCenterSutter,0.24466880000000002,15.046666666666665,ROUTE_CPMCMissionBernalCampusSutter,0.24466880000000002,11.123333333333333
37.76805555552871,-122.26583333328853,111.17491635017744,HEMORRHAGIC,ROUTE_SutterEdenMedicalCenter,0.24,24.203333333333333,ROUTE_AlamedaHospital,0.24,4.743333333333334,ROUTE_SutterEdenMedicalCenter,0.24,24.203333333333333,ROUTE_AlamedaHospital,0.24,4.743333333333334
37.77777777775094,-122.18999999995513,195.73205116394828,MIMIC,ROUTE_HighlandHospitalWilmaChanCampus,0.9,7.418333333333334,ROUTE_HighlandHospitalWilmaChanCampus,0.9,7.418333333333334,ROUTE_SutterEdenMedicalCenter,0.9,17.188333333333333,ROUTE_HighlandHospitalWilmaChanCampus,0.9,7.418333333333334
38.0005555555289,-121.8116666666215,235.13300241696612,LVO,ROUTE_SutterDeltaMedicalCenter,0.24466880000000002,6.9816666666666665,ROUTE_SutterDeltaMedicalCenter,0.24466880000000002,6.9816666666666665,ROUTE_JohnMuirMedicalCenterWalnutCreekCampus,0.24466880000000002,29.091666666666665,ROUTE_KaiserFoundationHospitalAntioch,0.24466880000000002,12.8
37.99583333330667,-122.04138888884391,259.23960999454164,LVO,ROUTE_JohnMuirMedicalCenterConcordCampus,0.24466880000000002,4.698333333333333,ROUTE_JohnMuirMedicalCenterConcordCampus,0.24466880000000002,4.698333333333333,ROUTE_JohnMuirMedicalCenterWalnutCreekCampus,0.24466880000000002,14.458333333333334,ROUTE_JohnMuirMedicalCenterConcordCampus,0.24466880000000002,4.698333333333333
37.48805555552849,-122.23194444439962,40.096394972660235,MIMIC,ROUTE_KaiserFoundationHospitalRedwoodCity,0.9,4.388333333333334,ROUTE_KaiserFoundationHospitalRedwoodCity,0.9,4.388333333333334,ROUTE_KaiserFoundationHospitalRedwoodCity,0.9,4.388333333333334,ROUTE_KaiserFoundationHospitalRedwoodCity,0.9,4.388333333333334
37.579999999973005,-122.0011111110661,202.90231941145746,LVO,ROUTE_WashingtonHospitalHealthcareSystem,0.2556218359913047,12.976666666666667,ROUTE_WashingtonHospitalHealthcareSystem,0.2556218359913047,12.976666666666667,ROUTE_SutterEdenMedicalCenter,0.24466880000000002,26.611666666666668,ROUTE_WashingtonHospitalHealthcareSystem,0.2556218359913047,12.976666666666667
37.3705555555284,-122.00527777773277,35.27218501293898,HEMORRHAGIC,ROUTE_KaiserFoundationHospitalSantaClara,0.24,8.885,ROUTE_KaiserFoundationHospitalSantaClara,0.24,8.885,ROUTE_KaiserFoundationHospitalSantaClara,0.24,8.885,ROUTE_KaiserFoundationHospitalSantaClara,0.24,8.885
37.77777777775094,-122.47888888884425,213.9227587186573,HEMORRHAGIC,ROUTE_UCSFHealthStanyanHospital,0.24,6.458333333333333,ROUTE_UCSFHealthStanyanHospital,0.24,6.458333333333333,ROUTE_UCSFMedicalCenter,0.24,9.103333333333333,ROUTE_UCSFHealthStanyanHospital,0.24,6.458333333333333
37.92277777775106,-122.53277777773319,190.87584497764954,HEMORRHAGIC,ROUTE_MarinHealthMedicalCenter,0.24,9.901666666666667,ROUTE_MarinHealthMedicalCenter,0.24,9.901666666666667,ROUTE_UCSFMedicalCenter,0.24,33.92,ROUTE_MarinHealthMedicalCenter,0.24,9.901666666666667
38.03611111108448,-121.97277777773274,174.28088377059868,LVO,ROUTE_JohnMuirMedicalCenterWalnutCreekCampus,0.260036362496974,23.21833333333333,ROUTE_JohnMuirMedicalCenterConcordCampus,0.26333502281896426,13.458333333333334,ROUTE_JohnMuirMedicalCenterWalnutCreekCampus,0.260036362496974,23.21833333333333,ROUTE_JohnMuirMedicalCenterConcordCampus,0.26333502281896426,13.458333333333334
37.98138888886222,-121.79416666662148,39.9058998185845,LVO,ROUTE_JohnMuirMedicalCenterWalnutCreekCampus,0.4408646915414075,32.17166666666667,ROUTE_SutterDeltaMedicalCenter,0.40326205819012173,3.4833333333333334,ROUTE_JohnMuirMedicalCenterWalnutCreekCampus,0.4408646915414075,32.17166666666667,ROUTE_KaiserFoundationHospitalAntioch,0.4317435537913754,7.276666666666667
37.572499999973004,-122.06861111106615,122.30624936108059,LVO,ROUTE_SutterEdenMedicalCenter,0.4116224762099108,21.973333333333336,ROUTE_StRoseHospital,0.24466880000000002,12.811666666666667,ROUTE_SutterEdenMedicalCenter,0.4116224762099108,21.973333333333336,ROUTE_WashingtonHospitalHealthcareSystem,0.2758796302040352,18.279999999999998
37.73111111108424,-122.45499999995535,57.08690566505217,LVO,ROUTE_UCSFMedicalCenter,0.4423576864270099,9.686666666666667,ROUTE_CPMCMissionBernalCampusSutter,0.42943472828177387,7.026666666666667,ROUTE_UCSFMedicalCenter,0.4423576864270099,9.686666666666667,ROUTE_CPMCMissionBernalCampusSutter,0.42943472828177387,7.026666666666667
37.76027777775093,-122.40333333328864,224.65298861208447,NLVO,ROUTE_ZuckerbergSanFranciscoGeneralHospital,0.4622,5.328333333333333,ROUTE_ZuckerbergSanFranciscoGeneralHospital,0.4622,5.328333333333333,ROUTE_CPMCDaviesCampusSutter,0.4622,10.206666666666667,ROUTE_ZuckerbergSanFranciscoGeneralHospital,0.4622,5.328333333333333
37.722499999973124,-122.429166666622,256.40631931185476,LVO,ROUTE_CPMCMissionBernalCampusSutter,0.24466880000000002,7.760000000000001,ROUTE_CPMCMissionBernalCampusSutter,0.24466880000000002,7.760000000000001,ROUTE_CPMCDaviesCampusSutter,0.24466880000000002,14.031666666666666,ROUTE_CPMCMissionBernalCampusSutter,0.24466880000000002,7.760000000000001
37.589166666639684,-122.06888888884393,187.9545143220041,HEMORRHAGIC,ROUTE_SutterEdenMedicalCenter,0.24,21.40666666666667,ROUTE_StRoseHospital,0.24,12.245000000000001,ROUTE_SutterEdenMedicalCenter,0.24,21.40666666666667,ROUTE_WashingtonHospitalHealthcareSystem,0.24,17.71333333333333
37.64361111108417,-122.11666666662174,243.32820255703624,LVO,ROUTE_StRoseHospital,0.24466880000000002,8.913333333333332,ROUTE_StRoseHospital,0.24466880000000002,8.913333333333332,ROUTE_SutterEdenMedicalCenter,0.24466880000000002,16.768333333333334,ROUTE_KaiserFoundationHospitalSanLeandro,0.24466880000000002,15.076666666666666
38.32138888886249,-122.3180555555108,228.55683202462,HEMORRHAGIC,ROUTE_ProvidenceQueenOfTheValleyMedicalCenter,0.24,5.133333333333334,ROUTE_ProvidenceQueenOfTheValleyMedicalCenter,0.24,5.133333333333334,ROUTE_JohnMuirMedicalCenterWalnutCreekCampus,0.24,50.43,ROUTE_ProvidenceQueenOfTheValleyMedicalCenter,0.24,5.133333333333334
37.71027777775089,-122.45194444439979,241.89461193626104,LVO,ROUTE_CPMCMissionBernalCampusSutter,0.24466880000000002,7.6066666666666665,ROUTE_CPMCMissionBernalCampusSutter,0.24466880000000002,7.6066666666666665,ROUTE_CPMCDaviesCampusSutter,0.24466880000000002,13.878333333333334,ROUTE_CPMCMissionBernalCampusSutter,0.24466880000000002,7.6066666666666665
37.735555555528684,-122.40249999995531,244.66646771415745,MIMIC,ROUTE_CPMCMissionBernalCampusSutter,0.9,7.975,ROUTE_CPMCMissionBernalCampusSutter,0.9,7.975,ROUTE_CPMCDaviesCampusSutter,0.9,13.095,ROUTE_CPMCMissionBernalCampusSutter,0.9,7.975
37.79666666663985,-122.21527777773294,184.17650836412702,HEMORRHAGIC,ROUTE_SutterEdenMedicalCenter,0.24,16.79,ROUTE_HighlandHospitalWilmaChanCampus,0.24,4.081666666666667,ROUTE_SutterEdenMedicalCenter,0.24,16.79,ROUTE_HighlandHospitalWilmaChanCampus,0.24,4.081666666666667
37.88638888886214,-122.28611111106632,164.26110268845193,HEMORRHAGIC,ROUTE_CPMCDaviesCampusSutter,0.24,33.30166666666666,ROUTE_AltaBatesSummitMedicalCenterAltaBatesCampus,0.24,13.795,ROUTE_CPMCDaviesCampusSutter,0.24,33.30166666666666,ROUTE_KaiserFoundationHospitalRichmondCampus,0.24,16.54
37.578611111084115,-122.06694444439948,221.58015716385182,HEMORRHAGIC,ROUTE_StRoseHospital,0.24,14.191666666666666,ROUTE_StRoseHospital,0.24,14.191666666666666,ROUTE_SutterEdenMedicalCenter,0.24,23.904999999999998,ROUTE_WashingtonHospitalHealthcareSystem,0.24,20.211666666666666
37.71666666663978,-122.13916666662176,68.43734555878746,LVO,ROUTE_SutterEdenMedicalCenter,0.4375643821665602,10.913333333333332,ROUTE_SanLeandroHospitalAlamedaHealthSystem,0.3961112532049225,1.775,ROUTE_SutterEdenMedicalCenter,0.4375643821665602,10.913333333333332,ROUTE_KaiserFoundationHospitalSanLeandro,0.29326561453013755,10.083333333333334
37.767499999973154,-122.26722222217742,79.28150194121949,LVO,ROUTE_SutterEdenMedicalCenter,0.42959568804170867,24.42,ROUTE_AlamedaHospital,0.29228780640649155,4.96,ROUTE_SutterEdenMedicalCenter,0.42959568804170867,24.42,ROUTE_AlamedaHospital,0.29228780640649155,4.96
37.55277777775076,-122.26277777773296,209.98741429852657,MIMIC,ROUTE_SanMateoMedicalCenter,0.9,12.703333333333335,ROUTE_SanMateoMedicalCenter,0.9,12.703333333333335,ROUTE_MillsPeninsulaMedicalCenterSutter,0.9,17.598333333333336,ROUTE_MillsPeninsulaMedicalCenterSutter,0.9,17.598333333333336
37.59222222219524,-122.08333333328838,251.27329820494495,LVO,ROUTE_StRoseHospital,0.24466880000000002,11.406666666666666,ROUTE_StRoseHospital,0.24466880000000002,11.406666666666666,ROUTE_SutterEdenMedicalCenter,0.24466880000000002,21.908333333333335,ROUTE_KaiserFoundationHospitalSanLeandro,0.24466880000000002,20.215
37.98666666664,-122.59277777773323,34.344459686829374,MIMIC,ROUTE_UCSFMedicalCenter,0.9,47.22,ROUTE_MarinHealthMedicalCenter,0.9,14.593333333333334,ROUTE_UCSFMedicalCenter,0.9,47.22,ROUTE_MarinHealthMedicalCenter,0.9,14.593333333333334
37.703055555528664,-122.4555555555109,199.06436378356213,HEMORRHAGIC,ROUTE_CPMCMissionBernalCampusSutter,0.24,8.551666666666668,ROUTE_CPMCMissionBernalCampusSutter,0.24,8.551666666666668,ROUTE_CPMCDaviesCampusSutter,0.24,14.821666666666665,ROUTE_CPMCMissionBernalCampusSutter,0.24,8.551666666666668
37.356388888861716,-122.01722222217722,77.33717678870572,HEMORRHAGIC,ROUTE_KaiserFoundationHospitalSantaClara,0.24,8.031666666666666,ROUTE_KaiserFoundationHospitalSantaClara,0.24,8.031666666666666,ROUTE_KaiserFoundationHospitalSantaClara,0.24,8.031666666666666,ROUTE_KaiserFoundationHospitalSantaClara,0.24,8.031666666666666
37.88555555552881,-122.16638888884401,230.1220687562742,HEMORRHAGIC,ROUTE_KaiserFoundationHospitalWalnutCreek,0.24,15.014999999999999,ROUTE_KaiserFoundationHospitalWalnutCreek,0.24,15.014999999999999,ROUTE_JohnMuirMedicalCenterWalnutCreekCampus,0.24,17.28666666666667,ROUTE_KaiserFoundationHospitalWalnutCreek,0.24,15.014999999999999
37.787777777750954,-122.297777777733,122.84834159634913,HEMORRHAGIC,ROUTE_SutterEdenMedicalCenter,0.24,28.366666666666667,ROUTE_AlamedaHospital,0.24,12.42,ROUTE_SutterEdenMedicalCenter,0.24,28.366666666666667,ROUTE_AlamedaHospital,0.24,12.42
37.43722222219512,-122.2094444443996,185.54320006972753,HEMORRHAGIC,ROUTE_StanfordHealthCare,0.24,12.423333333333334,ROUTE_StanfordHealthCare,0.24,12.423333333333334,ROUTE_StanfordHealthCare,0.24,12.423333333333334,ROUTE_StanfordHealthCare,0.24,12.423333333333334
37.55138888886187,-121.98944444439942,46.90467614920375,LVO,ROUTE_SutterEdenMedicalCenter,0.4397546126095092,26.9,ROUTE_WashingtonHospitalHealthcareSystem,0.4311230417871905,4.703333333333333,ROUTE_SutterEdenMedicalCenter,0.4397546126095092,26.9,ROUTE_WashingtonHospitalHealthcareSystem,0.4311230417871905,4.703333333333333
37.81694444441764,-122.27805555551076,248.0852383717331,MIMIC,ROUTE_AltaBatesSummitMedicalCenterSummitCampus,0.9,5.59,ROUTE_AltaBatesSummitMedicalCenterSummitCampus,0.9,5.59,ROUTE_SutterEdenMedicalCenter,0.9,22.725,ROUTE_AltaBatesSummitMedicalCenterSummitCampus,0.9,5.59
37.70833333330644,-122.45999999995536,201.03981310490082,LVO,ROUTE_CPMCMissionBernalCampusSutter,0.25757697349150444,7.383333333333334,ROUTE_CPMCMissionBernalCampusSutter,0.25757697349150444,7.383333333333334,ROUTE_CPMCDaviesCampusSutter,0.2561773604309521,13.655,ROUTE_CPMCMissionBernalCampusSutter,0.25757697349150444,7.383333333333334
37.99777777775112,-122.0844444443995,68.70247723403719,LVO,ROUTE_JohnMuirMedicalCenterWalnutCreekCampus,0.4330633032762281,20.138333333333332,ROUTE_ContraCostaRegionalMedicalCenter,0.2551168426477674,12.361666666666668,ROUTE_JohnMuirMedicalCenterWalnutCreekCampus,0.4330633032762281,20.138333333333332,ROUTE_JohnMuirMedicalCenterConcordCampus,0.2940760729793671,12.596666666666666
37.35472222219505,-122.00138888884388,215.55078408437106,LVO,ROUTE_KaiserFoundationHospitalSantaClara,0.25388932564393063,5.485,ROUTE_KaiserFoundationHospitalSantaClara,0.25388932564393063,5.485,ROUTE_KaiserFoundationHospitalSantaClara,0.25388932564393063,5.485,ROUTE_KaiserFoundationHospitalSantaClara,0.25388932564393063,5.485
37.81583333330653,-121.97444444439941,143.3108921187839,HEMORRHAGIC,ROUTE_JohnMuirMedicalCenterWalnutCreekCampus,0.24,19.176666666666666,ROUTE_SanRamonRegionalMedicalCenter,0.24,11.770000000000001,ROUTE_JohnMuirMedicalCenterWalnutCreekCampus,0.24,19.176666666666666,ROUTE_SanRamonRegionalMedicalCenter,0.24,11.770000000000001
38.26277777775133,-122.63805555551104,241.11824517888974,HEMORRHAGIC,ROUTE_PetalumaValleyHospitalProvidence,0.24,3.7116666666666664,ROUTE_PetalumaValleyHospitalProvidence,0.24,3.7116666666666664,ROUTE_UCSFMedicalCenter,0.24,63.46666666666667,ROUTE_PetalumaValleyHospitalProvidence,0.24,3.7116666666666664
37.542499999972975,-122.03138888884389,68.64049311602277,LVO,ROUTE_SutterEdenMedicalCenter,0.43319057867831917,23.10666666666667,ROUTE_WashingtonHospitalHealthcareSystem,0.29220966960923445,13.916666666666666,ROUTE_SutterEdenMedicalCenter,0.43319057867831917,23.10666666666667,ROUTE_WashingtonHospitalHealthcareSystem,0.29220966960923445,13.916666666666666
37.97305555552888,-121.80222222217705,199.7743163466734,LVO,ROUTE_KaiserFoundationHospitalAntioch,0.2577004118909207,7.7266666666666675,ROUTE_SutterDeltaMedicalCenter,0.24466880000000002,3.353333333333333,ROUTE_JohnMuirMedicalCenterWalnutCreekCampus,0.24466880000000002,33.54833333333333,ROUTE_KaiserFoundationHospitalAntioch,0.2577004118909207,7.7266666666666675
37.78388888886206,-122.41472222217753,268.2324093165471,LVO,ROUTE_UCSFHealthHydeHospital,0.24466880000000002,2.4366666666666665,ROUTE_UCSFHealthHydeHospital,0.24466880000000002,2.4366666666666665,ROUTE_CPMCDaviesCampusSutter,0.24466880000000002,8.24,ROUTE_UCSFHealthHydeHospital,0.24466880000000002,2.4366666666666665
37.57555555552856,-122.31388888884412,182.1897515361153,LVO,ROUTE_MillsPeninsulaMedicalCenterSutter,0.26173145222382305,11.125,ROUTE_MillsPeninsulaMedicalCenterSutter,0.26173145222382305,11.125,ROUTE_MillsPeninsulaMedicalCenterSutter,0.26173145222382305,11.125,ROUTE_MillsPeninsulaMedicalCenterSutter,0.26173145222382305,11.125
37.7644444444176,-122.49249999995537,114.22460834112395,NLVO,ROUTE_UCSFMedicalCenter,0.5497809077116407,6.698333333333333,ROUTE_UCSFMedicalCenter,0.5497809077116407,6.698333333333333,ROUTE_UCSFMedicalCenter,0.5497809077116407,6.698333333333333,ROUTE_UCSFMedicalCenter,0.5497809077116407,6.698333333333333
37.90777777775105,-122.31249999995524,40.75589661166751,MIMIC,ROUTE_CPMCDaviesCampusSutter,0.9,30.076666666666664,ROUTE_KaiserFoundationHospitalRichmondCampus,0.9,10.575,ROUTE_CPMCDaviesCampusSutter,0.9,30.076666666666664,ROUTE_KaiserFoundationHospitalRichmondCampus,0.9,10.575
37.42694444441733,-121.88249999995489,210.7452794791982,LVO,ROUTE_RegionalMedicalCenterOfSanJose,0.2537729035503351,11.33,ROUTE_RegionalMedicalCenterOfSanJose,0.2537729035503351,11.33,ROUTE_RegionalMedicalCenterOfSanJose,0.2537729035503351,11.33,ROUTE_RegionalMedicalCenterOfSanJose,0.2537729035503351,11.33
37.554999999972985,-122.02361111106612,165.7827426746871,HEMORRHAGIC,ROUTE_SutterEdenMedicalCenter,0.24,22.423333333333336,ROUTE_WashingtonHospitalHealthcareSystem,0.24,12.033333333333333,ROUTE_SutterEdenMedicalCenter,0.24,22.423333333333336,ROUTE_WashingtonHospitalHealthcareSystem,0.24,12.033333333333333
37.70333333330644,-121.94388888884383,183.12090143405962,LVO,ROUTE_SutterEdenMedicalCenter,0.2602392551316378,15.958333333333334,ROUTE_StanfordHealthCareTriValley,0.26097362965072785,10.988333333333333,ROUTE_SutterEdenMedicalCenter,0.2602392551316378,15.958333333333334,ROUTE_StanfordHealthCareTriValley,0.26097362965072785,10.988333333333333
37.55194444441743,-122.03305555551057,183.54365697186338,HEMORRHAGIC,ROUTE_SutterEdenMedicalCenter,0.24,24.413333333333334,ROUTE_WashingtonHospitalHealthcareSystem,0.24,15.221666666666666,ROUTE_SutterEdenMedicalCenter,0.24,24.413333333333334,ROUTE_WashingtonHospitalHealthcareSystem,0.24,15.221666666666666
37.46805555552847,-122.23972222217739,153.6978515250095,HEMORRHAGIC,ROUTE_KaiserFoundationHospitalRedwoodCity,0.24,7.430000000000001,ROUTE_SequoiaHospital,0.24,5.931666666666667,ROUTE_KaiserFoundationHospitalRedwoodCity,0.24,7.430000000000001,ROUTE_SequoiaHospital,0.24,5.931666666666667
38.39527777775144,-122.35749999995527,164.96756952031367,LVO,ROUTE_ProvidenceQueenOfTheValleyMedicalCenter,0.2656178341858987,12.004999999999999,ROUTE_ProvidenceQueenOfTheValleyMedicalCenter,0.2656178341858987,12.004999999999999,ROUTE_JohnMuirMedicalCenterWalnutCreekCampus,0.2544902154452663,56.695,ROUTE_ProvidenceQueenOfTheValleyMedicalCenter,0.2656178341858987,12.004999999999999
37.87666666663991,-122.25638888884407,113.68833441767366,HEMORRHAGIC,ROUTE_SutterEdenMedicalCenter,0.24,28.795,ROUTE_AltaBatesSummitMedicalCenterAltaBatesCampus,0.24,6.841666666666667,ROUTE_SutterEdenMedicalCenter,0.24,28.795,ROUTE_AltaBatesSummitMedicalCenterSummitCampus,0.24,16.00166666666667
37.78472222219539,-121.97527777773274,101.31029023678411,LVO,ROUTE_JohnMuirMedicalCenterWalnutCreekCampus,0.4212497836852455,19.841666666666665,ROUTE_SanRamonRegionalMedicalCenter,0.28542355558588384,5.515,ROUTE_JohnMuirMedicalCenterWalnutCreekCampus,0.4212497836852455,19.841666666666665,ROUTE_SanRamonRegionalMedicalCenter,0.28542355558588384,5.515
37.537777777750755,-122.25138888884408,195.84624353345325,HEMORRHAGIC,ROUTE_KaiserFoundationHospitalRedwoodCity,0.24,16.183333333333334,ROUTE_SanMateoMedicalCenter,0.24,14.271666666666667,ROUTE_KaiserFoundationHospitalRedwoodCity,0.24,16.183333333333334,ROUTE_KaiserFoundationHospitalRedwoodCity,0.24,16.183333333333334
38.28249999997357,-122.0402777777328,50.78542772874379,HEMORRHAGIC,ROUTE_JohnMuirMedicalCenterWalnutCreekCampus,0.24,45.525,ROUTE_NorthBayMedicalCenter,0.24,11.313333333333333,ROUTE_JohnMuirMedicalCenterWalnutCreekCampus,0.24,45.525,ROUTE_NorthBayMedicalCenter,0.24,11.313333333333333
37.72833333330646,-122.43111111106644,250.20353373632784,LVO,ROUTE_CPMCMissionBernalCampusSutter,0.24466880000000002,5.051666666666667,ROUTE_CPMCMissionBernalCampusSutter,0.24466880000000002,5.051666666666667,ROUTE_CPMCDaviesCampusSutter,0.24466880000000002,11.321666666666665,ROUTE_CPMCMissionBernalCampusSutter,0.24466880000000002,5.051666666666667
37.45277777775068,-122.16277777773288,116.35850530080407,HEMORRHAGIC,ROUTE_StanfordHealthCare,0.24,8.963333333333333,ROUTE_StanfordHealthCare,0.24,8.963333333333333,ROUTE_StanfordHealthCare,0.24,8.963333333333333,ROUTE_StanfordHealthCare,0.24,8.963333333333333
37.58666666663968,-122.48499999995538,149.60178842002827,LVO,ROUTE_MillsPeninsulaMedicalCenterSutter,0.40210676088814257,26.691666666666666,ROUTE_AHMCSetonMedicalCenter,0.26794866978938653,19.028333333333332,ROUTE_MillsPeninsulaMedicalCenterSutter,0.40210676088814257,26.691666666666666,ROUTE_AHMCSetonMedicalCenter,0.26794866978938653,19.028333333333332
37.99749999997334,-121.89833333328824,95.94038367210418,HEMORRHAGIC,ROUTE_JohnMuirMedicalCenterWalnutCreekCampus,0.24,20.45,ROUTE_SutterDeltaMedicalCenter,0.24,11.629999999999999,ROUTE_JohnMuirMedicalCenterWalnutCreekCampus,0.24,20.45,ROUTE_JohnMuirMedicalCenterConcordCampus,0.24,14.104999999999999
37.5333333333063,-122.28722222217743,61.800176744463215,HEMORRHAGIC,ROUTE_KaiserFoundationHospitalRedwoodCity,0.24,14.408333333333333,ROUTE_SanMateoMedicalCenter,0.24,6.766666666666667,ROUTE_KaiserFoundationHospitalRedwoodCity,0.24,14.408333333333333,ROUTE_KaiserFoundationHospitalRedwoodCity,0.24,14.408333333333333
38.031666666640035,-122.57972222217767,218.7005844876834,NLVO,ROUTE_KaiserFoundationHospitalSanRafael,0.4622,12.206666666666667,ROUTE_KaiserFoundationHospitalSanRafael,0.4622,12.206666666666667,ROUTE_UCSFMedicalCenter,0.4622,49.294999999999995,ROUTE_KaiserFoundationHospitalSanRafael,0.4622,12.206666666666667
37.718333333306454,-122.39472222217752,121.29082568559284,LVO,ROUTE_MillsPeninsulaMedicalCenterSutter,0.41573610814456946,15.53,ROUTE_ZuckerbergSanFranciscoGeneralHospital,0.27809305574024795,11.753333333333334,ROUTE_MillsPeninsulaMedicalCenterSutter,0.41573610814456946,15.53,ROUTE_ZuckerbergSanFranciscoGeneralHospital,0.27809305574024795,11.753333333333334
37.5472222221952,-122.28972222217743,70.4753229954963,LVO,ROUTE_MillsPeninsulaMedicalCenterSutter,0.4351737270941326,13.508333333333333,ROUTE_SanMateoMedicalCenter,0.2554391042748021,8.625,ROUTE_MillsPeninsulaMedicalCenterSutter,0.4351737270941326,13.508333333333333,ROUTE_MillsPeninsulaMedicalCenterSutter,0.4351737270941326,13.508333333333333
37.74499999997314,-122.50277777773316,158.26789922478466,NLVO,ROUTE_UCSFMedicalCenter,0.5243694665374741,11.521666666666667,ROUTE_UCSFMedicalCenter,0.5243694665374741,11.521666666666667,ROUTE_UCSFMedicalCenter,0.5243694665374741,11.521666666666667,ROUTE_UCSFMedicalCenter,0.5243694665374741,11.521666666666667
37.541111111084085,-122.28749999995522,108.14358622263192,LVO,ROUTE_KaiserFoundationHospitalRedwoodCity,0.4219306430636153,12.171666666666665,ROUTE_SanMateoMedicalCenter,0.24466880000000002,6.211666666666667,ROUTE_KaiserFoundationHospitalRedwoodCity,0.4219306430636153,12.171666666666665,ROUTE_KaiserFoundationHospitalRedwoodCity,0.4219306430636153,12.171666666666665
37.6861111110842,-122.48527777773315,55.97964485953863,LVO,ROUTE_MillsPeninsulaMedicalCenterSutter,0.4401995065225715,16.84,ROUTE_AHMCSetonMedicalCenter,0.42973957710355176,4.0616666666666665,ROUTE_MillsPeninsulaMedicalCenterSutter,0.4401995065225715,16.84,ROUTE_AHMCSetonMedicalCenter,0.42973957710355176,4.0616666666666665
37.78833333330651,-122.44999999995534,186.3165590086999,MIMIC,ROUTE_CPMCDaviesCampusSutter,0.9,8.203333333333333,ROUTE_KaiserFoundationHospitalSanFrancisco,0.9,3.2483333333333335,ROUTE_CPMCDaviesCampusSutter,0.9,8.203333333333333,ROUTE_KaiserFoundationHospitalSanFrancisco,0.9,3.2483333333333335
37.55749999997299,-121.96888888884385,43.8676308051121,NLVO,ROUTE_RegionalMedicalCenterOfSanJose,0.5759480781929527,25.611666666666668,ROUTE_KaiserFoundationHospitalFremont,0.5876705168913927,3.71,ROUTE_RegionalMedicalCenterOfSanJose,0.5759480781929527,25.611666666666668,ROUTE_KaiserFoundationHospitalFremont,0.5876705168913927,3.71
37.983055555528885,-122.06972222217726,220.667191311609,MIMIC,ROUTE_JohnMuirMedicalCenterConcordCampus,0.9,9.133333333333333,ROUTE_JohnMuirMedicalCenterConcordCampus,0.9,9.133333333333333,ROUTE_JohnMuirMedicalCenterWalnutCreekCampus,0.9,13.84,ROUTE_JohnMuirMedicalCenterConcordCampus,0.9,9.133333333333333
37.714166666639784,-122.43888888884422,132.5623648948296,NLVO,ROUTE_CPMCDaviesCampusSutter,0.5348393541344423,15.518333333333334,ROUTE_CPMCMissionBernalCampusSutter,0.5396104263228236,9.248333333333333,ROUTE_CPMCDaviesCampusSutter,0.5348393541344423,15.518333333333334,ROUTE_CPMCMissionBernalCampusSutter,0.5396104263228236,9.248333333333333
37.68333333330642,-121.88388888884379,242.2473564165543,HEMORRHAGIC,ROUTE_StanfordHealthCareTriValley,0.24,6.5183333333333335,ROUTE_StanfordHealthCareTriValley,0.24,6.5183333333333335,ROUTE_SutterEdenMedicalCenter,0.24,24.34,ROUTE_StanfordHealthCareTriValley,0.24,6.5183333333333335
37.98333333330666,-121.99694444439943,168.90559204357749,HEMORRHAGIC,ROUTE_JohnMuirMedicalCenterWalnutCreekCampus,0.24,17.375,ROUTE_JohnMuirMedicalCenterConcordCampus,0.24,7.713333333333334,ROUTE_JohnMuirMedicalCenterWalnutCreekCampus,0.24,17.375,ROUTE_JohnMuirMedicalCenterConcordCampus,0.24,7.713333333333334
37.92916666663995,-122.3899999999553,99.27782845527625,LVO,ROUTE_CPMCDaviesCampusSutter,0.4160557411696022,34.1,ROUTE_KaiserFoundationHospitalRichmondCampus,0.28562812355269573,6.571666666666667,ROUTE_CPMCDaviesCampusSutter,0.4160557411696022,34.1,ROUTE_KaiserFoundationHospitalRichmondCampus,0.28562812355269573,6.571666666666667
37.80277777775096,-122.4213888888442,157.44584809933477,HEMORRHAGIC,ROUTE_CPMCDaviesCampusSutter,0.24,11.608333333333333,ROUTE_UCSFHealthHydeHospital,0.24,3.26,ROUTE_CPMCDaviesCampusSutter,0.24,11.608333333333333,ROUTE_UCSFHealthHydeHospital,0.24,3.26
37.96444444441776,-122.35777777773305,40.486503180882565,NLVO,ROUTE_JohnMuirMedicalCenterWalnutCreekCampus,0.5727059889320986,39.22833333333333,ROUTE_KaiserFoundationHospitalRichmondCampus,0.587161879282322,8.971666666666666,ROUTE_JohnMuirMedicalCenterWalnutCreekCampus,0.5727059889320986,39.22833333333333,ROUTE_KaiserFoundationHospitalRichmondCampus,0.587161879282322,8.971666666666666
37.80222222219541,-122.2624999999552,178.67691827463617,NLVO,ROUTE_SutterEdenMedicalCenter,0.5051947660813765,24.51833333333333,ROUTE_AltaBatesSummitMedicalCenterSummitCampus,0.5167314187823489,7.260000000000001,ROUTE_SutterEdenMedicalCenter,0.5051947660813765,24.51833333333333,ROUTE_AltaBatesSummitMedicalCenterSummitCampus,0.5167314187823489,7.260000000000001
37.64972222219529,-122.09305555551062,158.44055262698953,LVO,ROUTE_SutterEdenMedicalCenter,0.40286205481335274,13.331666666666667,ROUTE_StRoseHospital,0.24466880000000002,4.9383333333333335,ROUTE_SutterEdenMedicalCenter,0.40286205481335274,13.331666666666667,ROUTE_KaiserFoundationHospitalSanLeandro,0.2675996341380702,11.638333333333332
38.00777777775113,-122.0983333332884,31.099211760027117,HEMORRHAGIC,ROUTE_JohnMuirMedicalCenterWalnutCreekCampus,0.24,16.641666666666666,ROUTE_ContraCostaRegionalMedicalCenter,0.24,6.836666666666667,ROUTE_JohnMuirMedicalCenterWalnutCreekCampus,0.24,16.641666666666666,ROUTE_JohnMuirMedicalCenterConcordCampus,0.24,11.08
37.7783333333065,-122.2724999999552,177.25570517759806,LVO,ROUTE_SutterEdenMedicalCenter,0.2583857348738944,25.34,ROUTE_AlamedaHospital,0.26389765005762156,7.125,ROUTE_SutterEdenMedicalCenter,0.2583857348738944,25.34,ROUTE_AlamedaHospital,0.26389765005762156,7.125
37.561388888861885,-122.26277777773296,35.88711040509921,NLVO,ROUTE_MillsPeninsulaMedicalCenterSutter,0.5842960679695431,16.59,ROUTE_SanMateoMedicalCenter,0.5165145207522206,13.593333333333334,ROUTE_MillsPeninsulaMedicalCenterSutter,0.5842960679695431,16.59,ROUTE_MillsPeninsulaMedicalCenterSutter,0.5842960679695431,16.59
37.350833333306156,-122.04694444439947,266.0940934357958,LVO,ROUTE_ElCaminoHealthMountainView,0.24466880000000002,12.196666666666665,ROUTE_ElCaminoHealthMountainView,0.24466880000000002,12.196666666666665,ROUTE_ElCaminoHealthMountainView,0.24466880000000002,12.196666666666665,ROUTE_ElCaminoHealthMountainView,0.24466880000000002,12.196666666666665
37.782222222195394,-122.46166666662202,42.499123721700435,LVO,ROUTE_UCSFMedicalCenter,0.4495732744485379,7.496666666666667,ROUTE_KaiserFoundationHospitalSanFrancisco,0.4365863784024634,4.371666666666667,ROUTE_UCSFMedicalCenter,0.4495732744485379,7.496666666666667,ROUTE_KaiserFoundationHospitalSanFrancisco,0.4365863784024634,4.371666666666667
37.7366666666398,-122.13666666662176,73.29698436346261,HEMORRHAGIC,ROUTE_SutterEdenMedicalCenter,0.24,11.808333333333334,ROUTE_SanLeandroHospitalAlamedaHealthSystem,0.24,9.625,ROUTE_SutterEdenMedicalCenter,0.24,11.808333333333334,ROUTE_HighlandHospitalWilmaChanCampus,0.24,11.19
37.784444444417616,-122.41055555551087,217.6221015932829,MIMIC,ROUTE_UCSFHealthHydeHospital,0.9,3.32,ROUTE_UCSFHealthHydeHospital,0.9,3.32,ROUTE_CPMCDaviesCampusSutter,0.9,9.303333333333335,ROUTE_UCSFHealthHydeHospital,0.9,3.32
37.95611111108442,-122.06499999995503,62.78075410410174,LVO,ROUTE_JohnMuirMedicalCenterWalnutCreekCampus,0.4404179003631692,11.893333333333334,ROUTE_JohnMuirMedicalCenterConcordCampus,0.42502669457314257,9.058333333333334,ROUTE_JohnMuirMedicalCenterWalnutCreekCampus,0.4404179003631692,11.893333333333334,ROUTE_JohnMuirMedicalCenterConcordCampus,0.42502669457314257,9.058333333333334
37.40249999997287,-122.08277777773283,143.25826339400237,LVO,ROUTE_ElCaminoHealthMountainView,0.4077635407730594,13.17,ROUTE_ElCaminoHealthMountainView,0.4077635407730594,13.17,ROUTE_ElCaminoHealthMountainView,0.4077635407730594,13.17,ROUTE_ElCaminoHealthMountainView,0.4077635407730594,13.17
37.9588888888622,-121.79749999995482,214.61456602811467,LVO,ROUTE_KaiserFoundationHospitalAntioch,0.2538809484107334,6.788333333333333,ROUTE_SutterDeltaMedicalCenter,0.24466880000000002,5.85,ROUTE_JohnMuirMedicalCenterWalnutCreekCampus,0.24466880000000002,36.04333333333333,ROUTE_KaiserFoundationHospitalAntioch,0.2538809484107334,6.788333333333333
38.070555555528955,-122.21361111106627,198.46112965733735,NLVO,ROUTE_SutterSolanoMedicalCenter,0.5021340068225479,14.85,ROUTE_SutterSolanoMedicalCenter,0.5021340068225479,14.85,ROUTE_JohnMuirMedicalCenterWalnutCreekCampus,0.4622,29.69333333333333,ROUTE_SutterSolanoMedicalCenter,0.5021340068225479,14.85
37.80583333330652,-121.91972222217714,260.3823422213663,LVO,ROUTE_SanRamonRegionalMedicalCenter,0.24466880000000002,12.588333333333333,ROUTE_SanRamonRegionalMedicalCenter,0.24466880000000002,12.588333333333333,ROUTE_JohnMuirMedicalCenterWalnutCreekCampus,0.24466880000000002,25.584999999999997,ROUTE_SanRamonRegionalMedicalCenter,0.24466880000000002,12.588333333333333
38.01388888886224,-121.95388888884384,227.75360371137336,MIMIC,ROUTE_JohnMuirMedicalCenterConcordCampus,0.9,12.858333333333333,ROUTE_JohnMuirMedicalCenterConcordCampus,0.9,12.858333333333333,ROUTE_JohnMuirMedicalCenterWalnutCreekCampus,0.9,22.618333333333332,ROUTE_JohnMuirMedicalCenterConcordCampus,0.9,12.858333333333333
37.54833333330632,-122.02861111106611,262.8041893946021,LVO,ROUTE_WashingtonHospitalHealthcareSystem,0.24466880000000002,14.843333333333334,ROUTE_WashingtonHospitalHealthcareSystem,0.24466880000000002,14.843333333333334,ROUTE_SutterEdenMedicalCenter,0.24466880000000002,24.035,ROUTE_WashingtonHospitalHealthcareSystem,0.24466880000000002,14.843333333333334
37.778611111084274,-122.50305555551094,212.28975924585998,HEMORRHAGIC,ROUTE_UCSFHealthStanyanHospital,0.24,10.625,ROUTE_UCSFHealthStanyanHospital,0.24,10.625,ROUTE_UCSFMedicalCenter,0.24,11.698333333333332,ROUTE_UCSFHealthStanyanHospital,0.24,10.625
37.76388888886204,-122.46722222217758,260.79132234900067,LVO,ROUTE_UCSFMedicalCenter,0.24466880000000002,2.8316666666666666,ROUTE_UCSFMedicalCenter,0.24466880000000002,2.8316666666666666,ROUTE_UCSFMedicalCenter,0.24466880000000002,2.8316666666666666,ROUTE_UCSFMedicalCenter,0.24466880000000002,2.8316666666666666
38.10305555552898,-122.58749999995545,70.0357131895473,LVO,ROUTE_UCSFMedicalCenter,0.41798211304005983,56.08833333333334,ROUTE_NovatoCommunityHospitalSutter,0.2918246518575417,14.623333333333333,ROUTE_UCSFMedicalCenter,0.41798211304005983,56.08833333333334,ROUTE_NovatoCommunityHospitalSutter,0.2918246518575417,14.623333333333333
37.901111111084376,-122.54055555551098,251.17123193254255,HEMORRHAGIC,ROUTE_MarinHealthMedicalCenter,0.24,17.134999999999998,ROUTE_MarinHealthMedicalCenter,0.24,17.134999999999998,ROUTE_UCSFMedicalCenter,0.24,30.561666666666667,ROUTE_MarinHealthMedicalCenter,0.24,17.134999999999998
37.71944444441756,-122.42833333328866,135.43216816151366,LVO,ROUTE_CPMCDaviesCampusSutter,0.4106766353387712,14.110000000000001,ROUTE_CPMCMissionBernalCampusSutter,0.2752177548100768,7.84,ROUTE_CPMCDaviesCampusSutter,0.4106766353387712,14.110000000000001,ROUTE_CPMCMissionBernalCampusSutter,0.2752177548100768,7.84
37.70138888886199,-122.46249999995536,218.4029529690724,MIMIC,ROUTE_AHMCSetonMedicalCenter,0.9,7.861666666666666,ROUTE_AHMCSetonMedicalCenter,0.9,7.861666666666666,ROUTE_CPMCDaviesCampusSutter,0.9,15.418333333333333,ROUTE_AHMCSetonMedicalCenter,0.9,7.861666666666666
37.992777777751115,-121.73388888884367,82.47716876233905,MIMIC,ROUTE_JohnMuirMedicalCenterWalnutCreekCampus,0.9,35.275,ROUTE_KaiserFoundationHospitalAntioch,0.9,13.665,ROUTE_JohnMuirMedicalCenterWalnutCreekCampus,0.9,35.275,ROUTE_KaiserFoundationHospitalAntioch,0.9,13.665
37.98611111108444,-122.27861111106631,268.8825280939842,HEMORRHAGIC,ROUTE_KaiserFoundationHospitalRichmondCampus,0.24,16.970000000000002,ROUTE_KaiserFoundationHospitalRichmondCampus,0.24,16.970000000000002,ROUTE_JohnMuirMedicalCenterWalnutCreekCampus,0.24,32.13166666666667,ROUTE_KaiserFoundationHospitalRichmondCampus,0.24,16.970000000000002
37.97388888886221,-121.7913888888437,226.8563112487352,LVO,ROUTE_SutterDeltaMedicalCenter,0.24466880000000002,3.4516666666666667,ROUTE_SutterDeltaMedicalCenter,0.24466880000000002,3.4516666666666667,ROUTE_JohnMuirMedicalCenterWalnutCreekCampus,0.24466880000000002,33.32666666666667,ROUTE_KaiserFoundationHospitalAntioch,0.24466880000000002,6.383333333333334
37.41777777775066,-122.12055555551063,62.46812984803762,HEMORRHAGIC,ROUTE_StanfordHealthCare,0.24,14.475,ROUTE_StanfordHealthCare,0.24,14.475,ROUTE_StanfordHealthCare,0.24,14.475,ROUTE_StanfordHealthCare,0.24,14.475
37.751111111084256,-122.48944444439982,250.86703597256104,NLVO,ROUTE_UCSFMedicalCenter,0.4622,8.431666666666667,ROUTE_UCSFMedicalCenter,0.4622,8.431666666666667,ROUTE_UCSFMedicalCenter,0.4622,8.431666666666667,ROUTE_UCSFMedicalCenter,0.4622,8.431666666666667
37.48194444441737,-122.23194444439962,60.429400573652714,LVO,ROUTE_KaiserFoundationHospitalRedwoodCity,0.4431245489514062,5.198333333333333,ROUTE_KaiserFoundationHospitalRedwoodCity,0.4431245489514062,5.198333333333333,ROUTE_KaiserFoundationHospitalRedwoodCity,0.4431245489514062,5.198333333333333,ROUTE_KaiserFoundationHospitalRedwoodCity,0.4431245489514062,5.198333333333333
37.80305555552874,-122.40694444439976,105.98240168196621,HEMORRHAGIC,ROUTE_CPMCDaviesCampusSutter,0.24,13.785,ROUTE_ChineseHospital,0.24,4.613333333333333,ROUTE_CPMCDaviesCampusSutter,0.24,13.785,ROUTE_ChineseHospital,0.24,4.613333333333333
37.76166666663982,-122.23111111106628,237.6545751632588,HEMORRHAGIC,ROUTE_AlamedaHospital,0.24,5.361666666666666,ROUTE_AlamedaHospital,0.24,5.361666666666666,ROUTE_SutterEdenMedicalCenter,0.24,18.19,ROUTE_AlamedaHospital,0.24,5.361666666666666
37.5561111110841,-121.97138888884385,171.33762208977979,LVO,ROUTE_RegionalMedicalCenterOfSanJose,0.2604467816151915,25.636666666666667,ROUTE_KaiserFoundationHospitalFremont,0.2663371020721753,3.7333333333333334,ROUTE_RegionalMedicalCenterOfSanJose,0.2604467816151915,25.636666666666667,ROUTE_KaiserFoundationHospitalFremont,0.2663371020721753,3.7333333333333334
37.949722222195525,-122.3519444443997,123.25253480238588,HEMORRHAGIC,ROUTE_CPMCDaviesCampusSutter,0.24,35.248333333333335,ROUTE_KaiserFoundationHospitalRichmondCampus,0.24,4.145,ROUTE_CPMCDaviesCampusSutter,0.24,35.248333333333335,ROUTE_KaiserFoundationHospitalRichmondCampus,0.24,4.145
37.96027777775109,-122.04749999995502,100.71032800703841,HEMORRHAGIC,ROUTE_JohnMuirMedicalCenterWalnutCreekCampus,0.24,11.551666666666668,ROUTE_JohnMuirMedicalCenterConcordCampus,0.24,8.21,ROUTE_JohnMuirMedicalCenterWalnutCreekCampus,0.24,11.551666666666668,ROUTE_JohnMuirMedicalCenterConcordCampus,0.24,8.21
37.70277777775088,-122.46166666662202,176.85599703718245,HEMORRHAGIC,ROUTE_CPMCDaviesCampusSutter,0.24,15.263333333333332,ROUTE_AHMCSetonMedicalCenter,0.24,7.9,ROUTE_CPMCDaviesCampusSutter,0.24,15.263333333333332,ROUTE_AHMCSetonMedicalCenter,0.24,7.9
37.90277777775104,-122.30999999995524,78.37973991560219,HEMORRHAGIC,ROUTE_CPMCDaviesCampusSutter,0.24,28.305,ROUTE_KaiserFoundationHospitalRichmondCampus,0.24,10.229999999999999,ROUTE_CPMCDaviesCampusSutter,0.24,28.305,ROUTE_KaiserFoundationHospitalRichmondCampus,0.24,10.229999999999999
37.81333333330653,-122.27361111106632,208.11879157246688,LVO,ROUTE_AltaBatesSummitMedicalCenterSummitCampus,0.2562958424399073,5.051666666666667,ROUTE_AltaBatesSummitMedicalCenterSummitCampus,0.2562958424399073,5.051666666666667,ROUTE_SutterEdenMedicalCenter,0.24466880000000002,22.186666666666667,ROUTE_AltaBatesSummitMedicalCenterSummitCampus,0.2562958424399073,5.051666666666667
37.66999999997308,-122.47638888884426,230.1369545984419,HEMORRHAGIC,ROUTE_AHMCSetonMedicalCenter,0.24,3.5316666666666667,ROUTE_AHMCSetonMedicalCenter,0.24,3.5316666666666667,ROUTE_MillsPeninsulaMedicalCenterSutter,0.24,14.94,ROUTE_AHMCSetonMedicalCenter,0.24,3.5316666666666667
37.85055555552878,-122.27666666662188,83.01072656427355,MIMIC,ROUTE_JohnMuirMedicalCenterWalnutCreekCampus,0.9,25.654999999999998,ROUTE_AltaBatesSummitMedicalCenterAltaBatesCampus,0.9,5.321666666666667,ROUTE_JohnMuirMedicalCenterWalnutCreekCampus,0.9,25.654999999999998,ROUTE_KaiserFoundationHospitalOaklandRichmond,0.9,8.68
37.734444444417576,-122.05805555551059,211.71918912560358,LVO,ROUTE_SutterEdenMedicalCenter,0.24466880000000002,15.448333333333332,ROUTE_SutterEdenMedicalCenter,0.24466880000000002,15.448333333333332,ROUTE_SutterEdenMedicalCenter,0.24466880000000002,15.448333333333332,ROUTE_SutterEdenMedicalCenter,0.24466880000000002,15.448333333333332
37.65749999997307,-121.90777777773269,145.78261761016003,HEMORRHAGIC,ROUTE_SutterEdenMedicalCenter,0.24,21.173333333333336,ROUTE_StanfordHealthCareTriValley,0.24,10.455,ROUTE_SutterEdenMedicalCenter,0.24,21.173333333333336,ROUTE_StanfordHealthCareTriValley,0.24,10.455
37.78944444441762,-122.2169444443996,137.63779348898402,LVO,ROUTE_SutterEdenMedicalCenter,0.40893391364469256,16.865,ROUTE_HighlandHospitalWilmaChanCampus,0.2747742017400089,5.525,ROUTE_SutterEdenMedicalCenter,0.40893391364469256,16.865,ROUTE_HighlandHospitalWilmaChanCampus,0.2747742017400089,5.525
38.00194444441779,-122.32027777773301,92.40513538375771,LVO,ROUTE_JohnMuirMedicalCenterWalnutCreekCampus,0.42154772575528576,34.461666666666666,ROUTE_KaiserFoundationHospitalRichmondCampus,0.2859181690508407,12.626666666666667,ROUTE_JohnMuirMedicalCenterWalnutCreekCampus,0.42154772575528576,34.461666666666666,ROUTE_KaiserFoundationHospitalRichmondCampus,0.2859181690508407,12.626666666666667
38.09888888886231,-122.2069444443996,256.5089397137864,LVO,ROUTE_SutterSolanoMedicalCenter,0.24466880000000002,11.026666666666667,ROUTE_SutterSolanoMedicalCenter,0.24466880000000002,11.026666666666667,ROUTE_JohnMuirMedicalCenterWalnutCreekCampus,0.24466880000000002,27.384999999999998,ROUTE_SutterSolanoMedicalCenter,0.24466880000000002,11.026666666666667
37.88388888886214,-122.300277777733,235.94188899190968,NLVO,ROUTE_KaiserFoundationHospitalRichmondCampus,0.4622,13.348333333333333,ROUTE_KaiserFoundationHospitalRichmondCampus,0.4622,13.348333333333333,ROUTE_CPMCDaviesCampusSutter,0.4622,30.16166666666667,ROUTE_KaiserFoundationHospitalRichmondCampus,0.4622,13.348333333333333
37.58527777775079,-122.02166666662167,203.98117901166697,HEMORRHAGIC,ROUTE_WashingtonHospitalHealthcareSystem,0.24,14.013333333333332,ROUTE_StRoseHospital,0.24,12.958333333333334,ROUTE_SutterEdenMedicalCenter,0.24,22.12,ROUTE_WashingtonHospitalHealthcareSystem,0.24,14.013333333333332
37.83749999997321,-122.20138888884404,256.9438114587429,LVO,ROUTE_HighlandHospitalWilmaChanCampus,0.24466880000000002,11.596666666666666,ROUTE_HighlandHospitalWilmaChanCampus,0.24466880000000002,11.596666666666666,ROUTE_SutterEdenMedicalCenter,0.24466880000000002,21.808333333333334,ROUTE_HighlandHospitalWilmaChanCampus,0.24466880000000002,11.596666666666666
37.570277777750775,-122.31888888884413,66.81783496406791,LVO,ROUTE_MillsPeninsulaMedicalCenterSutter,0.4381052549808946,11.615,ROUTE_SanMateoMedicalCenter,0.25630435094222276,10.151666666666667,ROUTE_MillsPeninsulaMedicalCenterSutter,0.4381052549808946,11.615,ROUTE_MillsPeninsulaMedicalCenterSutter,0.4381052549808946,11.615
37.67749999997309,-122.11638888884397,142.2727924710574,HEMORRHAGIC,ROUTE_SutterEdenMedicalCenter,0.24,11.365,ROUTE_StRoseHospital,0.24,9.514999999999999,ROUTE_SutterEdenMedicalCenter,0.24,11.365,ROUTE_SutterEdenMedicalCenter,0.24,11.365
37.998333333306675,-122.04249999995501,83.07717834800812,HEMORRHAGIC,ROUTE_JohnMuirMedicalCenterWalnutCreekCampus,0.24,13.915,ROUTE_JohnMuirMedicalCenterConcordCampus,0.24,4.155,ROUTE_JohnMuirMedicalCenterWalnutCreekCampus,0.24,13.915,ROUTE_JohnMuirMedicalCenterConcordCampus,0.24,4.155
37.68333333330642,-121.74444444439922,32.520534517785066,MIMIC,ROUTE_SutterEdenMedicalCenter,0.9,31.91166666666667,ROUTE_StanfordHealthCareTriValley,0.9,20.513333333333332,ROUTE_SutterEdenMedicalCenter,0.9,31.91166666666667,ROUTE_StanfordHealthCareTriValley,0.9,20.513333333333332
37.762777777750934,-122.39666666662197,139.1651702581331,LVO,ROUTE_CPMCDaviesCampusSutter,0.4106981445908896,10.725,ROUTE_ZuckerbergSanFranciscoGeneralHospital,0.2745102420701776,5.846666666666667,ROUTE_CPMCDaviesCampusSutter,0.4106981445908896,10.725,ROUTE_ZuckerbergSanFranciscoGeneralHospital,0.2745102420701776,5.846666666666667
37.39722222219508,-122.01722222217722,211.63938444297972,HEMORRHAGIC,ROUTE_KaiserFoundationHospitalSantaClara,0.24,14.55,ROUTE_KaiserFoundationHospitalSantaClara,0.24,14.55,ROUTE_KaiserFoundationHospitalSantaClara,0.24,14.55,ROUTE_KaiserFoundationHospitalSantaClara,0.24,14.55
37.69138888886199,-122.04416666662169,256.11598488330765,LVO,ROUTE_SutterEdenMedicalCenter,0.24466880000000002,11.354999999999999,ROUTE_SutterEdenMedicalCenter,0.24466880000000002,11.354999999999999,ROUTE_SutterEdenMedicalCenter,0.24466880000000002,11.354999999999999,ROUTE_SutterEdenMedicalCenter,0.24466880000000002,11.354999999999999
38.24388888886243,-122.07583333328837,196.32109045933984,LVO,ROUTE_NorthBayMedicalCenter,0.25821924229413595,8.613333333333333,ROUTE_NorthBayMedicalCenter,0.25821924229413595,8.613333333333333,ROUTE_JohnMuirMedicalCenterWalnutCreekCampus,0.24466880000000002,40.355000000000004,ROUTE_NorthBayMedicalCenter,0.25821924229413595,8.613333333333333
37.600277777750804,-122.01638888884389,73.09509369088971,NLVO,ROUTE_SutterEdenMedicalCenter,0.5602574396383759,24.255,ROUTE_StRoseHospital,0.4963448536702624,15.093333333333334,ROUTE_SutterEdenMedicalCenter,0.5602574396383759,24.255,ROUTE_WashingtonHospitalHealthcareSystem,0.5670654067610957,15.305
37.72361111108423,-122.18027777773291,59.54126124280761,HEMORRHAGIC,ROUTE_SutterEdenMedicalCenter,0.24,16.061666666666667,ROUTE_KaiserFoundationHospitalSanLeandro,0.24,10.185,ROUTE_SutterEdenMedicalCenter,0.24,16.061666666666667,ROUTE_KaiserFoundationHospitalSanLeandro,0.24,10.185
37.537777777750755,-122.36055555551083,36.95354583410481,HEMORRHAGIC,ROUTE_MillsPeninsulaMedicalCenterSutter,0.24,13.7,ROUTE_MillsPeninsulaMedicalCenterSutter,0.24,13.7,ROUTE_MillsPeninsulaMedicalCenterSutter,0.24,13.7,ROUTE_MillsPeninsulaMedicalCenterSutter,0.24,13.7
37.693333333306434,-121.8672222221771,103.37595362128758,HEMORRHAGIC,ROUTE_SutterEdenMedicalCenter,0.24,22.9,ROUTE_StanfordHealthCareTriValley,0.24,5.395,ROUTE_SutterEdenMedicalCenter,0.24,22.9,ROUTE_StanfordHealthCareTriValley,0.24,5.395
38.457499999973706,-121.83138888884373,36.54306405432533,LVO,ROUTE_JohnMuirMedicalCenterWalnutCreekCampus,0.43209986675984957,59.24,ROUTE_KaiserFoundationHospitalVacaville,0.3034957946493573,12.311666666666667,ROUTE_JohnMuirMedicalCenterWalnutCreekCampus,0.43209986675984957,59.24,ROUTE_KaiserFoundationHospitalVacaville,0.3034957946493573,12.311666666666667
38.22416666664019,-122.15166666662176,162.90566956116024,MIMIC,ROUTE_JohnMuirMedicalCenterWalnutCreekCampus,0.9,38.655,ROUTE_NorthBayMedicalCenter,0.9,17.863333333333333,ROUTE_JohnMuirMedicalCenterWalnutCreekCampus,0.9,38.655,ROUTE_NorthBayMedicalCenter,0.9,17.863333333333333
37.771944444417606,-122.25027777773296,232.57936522515016,LVO,ROUTE_AlamedaHospital,0.24466880000000002,3.6383333333333336,ROUTE_AlamedaHospital,0.24466880000000002,3.6383333333333336,ROUTE_SutterEdenMedicalCenter,0.24466880000000002,20.583333333333332,ROUTE_AlamedaHospital,0.24466880000000002,3.6383333333333336
37.703055555528664,-122.11111111106618,54.761371038860304,HEMORRHAGIC,ROUTE_SutterEdenMedicalCenter,0.24,6.958333333333333,ROUTE_SutterEdenMedicalCenter,0.24,6.958333333333333,ROUTE_SutterEdenMedicalCenter,0.24,6.958333333333333,ROUTE_SutterEdenMedicalCenter,0.24,6.958333333333333
37.799722222195406,-122.4138888888442,79.04587886432643,LVO,ROUTE_CPMCDaviesCampusSutter,0.43369182004332224,11.003333333333334,ROUTE_UCSFHealthHydeHospital,0.29297835554964075,2.6550000000000002,ROUTE_CPMCDaviesCampusSutter,0.43369182004332224,11.003333333333334,ROUTE_UCSFHealthHydeHospital,0.29297835554964075,2.6550000000000002
38.23083333330686,-122.60472222217768,259.73190127530904,LVO,ROUTE_PetalumaValleyHospitalProvidence,0.24466880000000002,8.595,ROUTE_PetalumaValleyHospitalProvidence,0.24466880000000002,8.595,ROUTE_UCSFMedicalCenter,0.24466880000000002,61.01,ROUTE_PetalumaValleyHospitalProvidence,0.24466880000000002,8.595
38.28555555552913,-122.29194444439966,192.58419759372066,NLVO,ROUTE_ProvidenceQueenOfTheValleyMedicalCenter,0.5079866786168337,9.965,ROUTE_ProvidenceQueenOfTheValleyMedicalCenter,0.5079866786168337,9.965,ROUTE_JohnMuirMedicalCenterWalnutCreekCampus,0.4622,49.806666666666665,ROUTE_ProvidenceQueenOfTheValleyMedicalCenter,0.5079866786168337,9.965
37.94916666663997,-122.50527777773317,35.38268024564196,NLVO,ROUTE_UCSFMedicalCenter,0.5770585251936565,35.09666666666667,ROUTE_MarinHealthMedicalCenter,0.5897374515489682,7.826666666666667,ROUTE_UCSFMedicalCenter,0.5770585251936565,35.09666666666667,ROUTE_MarinHealthMedicalCenter,0.5897374515489682,7.826666666666667
37.69416666663977,-122.06222222217725,154.73295224134887,LVO,ROUTE_SutterEdenMedicalCenter,0.40619305565836766,7.05,ROUTE_SutterEdenMedicalCenter,0.40619305565836766,7.05,ROUTE_SutterEdenMedicalCenter,0.40619305565836766,7.05,ROUTE_SutterEdenMedicalCenter,0.40619305565836766,7.05
37.43527777775067,-122.18222222217734,197.6390439825553,LVO,ROUTE_StanfordHealthCare,0.2590277724478186,4.151666666666666,ROUTE_StanfordHealthCare,0.2590277724478186,4.151666666666666,ROUTE_StanfordHealthCare,0.2590277724478186,4.151666666666666,ROUTE_StanfordHealthCare,0.2590277724478186,4.151666666666666
38.01305555552891,-122.11944444439952,119.68460752523613,HEMORRHAGIC,ROUTE_JohnMuirMedicalCenterWalnutCreekCampus,0.24,18.918333333333333,ROUTE_ContraCostaRegionalMedicalCenter,0.24,2.0533333333333332,ROUTE_JohnMuirMedicalCenterWalnutCreekCampus,0.24,18.918333333333333,ROUTE_JohnMuirMedicalCenterConcordCampus,0.24,13.356666666666666
37.971944444417765,-122.34416666662193,234.95230302881072,MIMIC,ROUTE_KaiserFoundationHospitalRichmondCampus,0.9,10.301666666666668,ROUTE_KaiserFoundationHospitalRichmondCampus,0.9,10.301666666666668,ROUTE_JohnMuirMedicalCenterWalnutCreekCampus,0.9,36.17833333333333,ROUTE_KaiserFoundationHospitalRichmondCampus,0.9,10.301666666666668
37.38388888886174,-122.04416666662169,242.74282323092808,HEMORRHAGIC,ROUTE_ElCaminoHealthMountainView,0.24,12.985000000000001,ROUTE_ElCaminoHealthMountainView,0.24,12.985000000000001,ROUTE_ElCaminoHealthMountainView,0.24,12.985000000000001,ROUTE_ElCaminoHealthMountainView,0.24,12.985000000000001
37.669722222195304,-122.14722222217732,268.9517847958387,LVO,ROUTE_StRoseHospital,0.24466880000000002,13.085,ROUTE_StRoseHospital,0.24466880000000002,13.085,ROUTE_SutterEdenMedicalCenter,0.24466880000000002,15.116666666666667,ROUTE_KaiserFoundationHospitalSanLeandro,0.24466880000000002,13.931666666666667
37.65416666663973,-122.4405555555109,119.99042165537128,HEMORRHAGIC,ROUTE_MillsPeninsulaMedicalCenterSutter,0.24,15.17,ROUTE_KaiserFoundationHospitalSouthSanFrancisco,0.24,3.7083333333333335,ROUTE_MillsPeninsulaMedicalCenterSutter,0.24,15.17,ROUTE_KaiserFoundationHospitalSouthSanFrancisco,0.24,3.7083333333333335
37.66111111108418,-122.41027777773309,182.3641598154033,LVO,ROUTE_MillsPeninsulaMedicalCenterSutter,0.2609641318555076,12.426666666666668,ROUTE_KaiserFoundationHospitalSouthSanFrancisco,0.26193666150304995,9.035,ROUTE_MillsPeninsulaMedicalCenterSutter,0.2609641318555076,12.426666666666668,ROUTE_KaiserFoundationHospitalSouthSanFrancisco,0.26193666150304995,9.035
37.93666666663996,-122.36333333328861,166.7035058974987,HEMORRHAGIC,ROUTE_CPMCDaviesCampusSutter,0.24,33.88,ROUTE_KaiserFoundationHospitalRichmondCampus,0.24,1.4383333333333332,ROUTE_CPMCDaviesCampusSutter,0.24,33.88,ROUTE_KaiserFoundationHospitalRichmondCampus,0.24,1.4383333333333332
37.95999999997331,-122.51305555551095,263.34691492588536,HEMORRHAGIC,ROUTE_MarinHealthMedicalCenter,0.24,7.5633333333333335,ROUTE_MarinHealthMedicalCenter,0.24,7.5633333333333335,ROUTE_UCSFMedicalCenter,0.24,35.60666666666667,ROUTE_MarinHealthMedicalCenter,0.24,7.5633333333333335
38.459722222195936,-121.84027777773264,72.75633325333428,HEMORRHAGIC,ROUTE_JohnMuirMedicalCenterWalnutCreekCampus,0.24,60.24,ROUTE_KaiserFoundationHospitalVacaville,0.24,13.31,ROUTE_JohnMuirMedicalCenterWalnutCreekCampus,0.24,60.24,ROUTE_KaiserFoundationHospitalVacaville,0.24,13.31
37.42055555552844,-121.97194444439941,212.1025418588357,NLVO,ROUTE_ElCaminoHealthMountainView,0.4622,17.973333333333336,ROUTE_ElCaminoHealthMountainView,0.4622,17.973333333333336,ROUTE_ElCaminoHealthMountainView,0.4622,17.973333333333336,ROUTE_ElCaminoHealthMountainView,0.4622,17.973333333333336
37.9033333333066,-122.31305555551079,256.89120526952945,HEMORRHAGIC,ROUTE_KaiserFoundationHospitalRichmondCampus,0.24,9.785,ROUTE_KaiserFoundationHospitalRichmondCampus,0.24,9.785,ROUTE_CPMCDaviesCampusSutter,0.24,28.096666666666668,ROUTE_KaiserFoundationHospitalRichmondCampus,0.24,9.785
37.39999999997286,-122.0780555555106,223.5574724506604,LVO,ROUTE_ElCaminoHealthMountainView,0.24466880000000002,11.928333333333335,ROUTE_ElCaminoHealthMountainView,0.24466880000000002,11.928333333333335,ROUTE_ElCaminoHealthMountainView,0.24466880000000002,11.928333333333335,ROUTE_ElCaminoHealthMountainView,0.24466880000000002,11.928333333333335
37.53583333330631,-122.30999999995524,87.99454668246423,LVO,ROUTE_KaiserFoundationHospitalRedwoodCity,0.4289680963785283,15.376666666666667,ROUTE_SanMateoMedicalCenter,0.24466880000000002,3.703333333333333,ROUTE_KaiserFoundationHospitalRedwoodCity,0.4289680963785283,15.376666666666667,ROUTE_KaiserFoundationHospitalRedwoodCity,0.4289680963785283,15.376666666666667
37.37944444441729,-122.02999999995501,105.64851897370117,NLVO,ROUTE_KaiserFoundationHospitalSantaClara,0.5509592812793345,12.79,ROUTE_KaiserFoundationHospitalSantaClara,0.5509592812793345,12.79,ROUTE_KaiserFoundationHospitalSantaClara,0.5509592812793345,12.79,ROUTE_KaiserFoundationHospitalSantaClara,0.5509592812793345,12.79
37.68055555552864,-121.90666666662158,144.0197266970391,HEMORRHAGIC,ROUTE_SutterEdenMedicalCenter,0.24,19.311666666666667,ROUTE_StanfordHealthCareTriValley,0.24,5.586666666666667,ROUTE_SutterEdenMedicalCenter,0.24,19.311666666666667,ROUTE_StanfordHealthCareTriValley,0.24,5.586666666666667
37.92944444441773,-121.75027777773256,35.84784627935218,LVO,ROUTE_JohnMuirMedicalCenterWalnutCreekCampus,0.4387059623902889,39.309999999999995,ROUTE_KaiserFoundationHospitalAntioch,0.4326785189815827,9.731666666666666,ROUTE_JohnMuirMedicalCenterWalnutCreekCampus,0.4387059623902889,39.309999999999995,ROUTE_KaiserFoundationHospitalAntioch,0.4326785189815827,9.731666666666666
37.57916666663967,-122.05805555551059,185.79167339447346,LVO,ROUTE_SutterEdenMedicalCenter,0.2588292451923663,20.271666666666665,ROUTE_StRoseHospital,0.24466880000000002,11.108333333333333,ROUTE_SutterEdenMedicalCenter,0.2588292451923663,20.271666666666665,ROUTE_WashingtonHospitalHealthcareSystem,0.2591824121481112,16.576666666666668
37.6583333333064,-122.4074999999553,186.25348561729334,HEMORRHAGIC,ROUTE_MillsPeninsulaMedicalCenterSutter,0.24,11.416666666666666,ROUTE_KaiserFoundationHospitalSouthSanFrancisco,0.24,8.023333333333333,ROUTE_MillsPeninsulaMedicalCenterSutter,0.24,11.416666666666666,ROUTE_KaiserFoundationHospitalSouthSanFrancisco,0.24,8.023333333333333
37.80333333330652,-122.4113888888442,89.48463607514655,LVO,ROUTE_CPMCDaviesCampusSutter,0.4284824654275571,12.553333333333335,ROUTE_ChineseHospital,0.2896752777713011,3.493333333333333,ROUTE_CPMCDaviesCampusSutter,0.4284824654275571,12.553333333333335,ROUTE_ChineseHospital,0.2896752777713011,3.493333333333333
37.4083333333062,-122.08972222217727,246.61741357532676,LVO,ROUTE_ElCaminoHealthMountainView,0.24466880000000002,13.036666666666667,ROUTE_ElCaminoHealthMountainView,0.24466880000000002,13.036666666666667,ROUTE_ElCaminoHealthMountainView,0.24466880000000002,13.036666666666667,ROUTE_ElCaminoHealthMountainView,0.24466880000000002,13.036666666666667
38.11722222219566,-122.54888888884432,136.45358968693506,LVO,ROUTE_UCSFMedicalCenter,0.2636366090649234,50.385,ROUTE_NovatoCommunityHospitalSutter,0.27408815247717644,9.138333333333332,ROUTE_UCSFMedicalCenter,0.2636366090649234,50.385,ROUTE_NovatoCommunityHospitalSutter,0.27408815247717644,9.138333333333332
38.108055555528985,-122.55861111106654,246.24049353670435,HEMORRHAGIC,ROUTE_NovatoCommunityHospitalSutter,0.24,9.979999999999999,ROUTE_NovatoCommunityHospitalSutter,0.24,9.979999999999999,ROUTE_UCSFMedicalCenter,0.24,51.22666666666667,ROUTE_NovatoCommunityHospitalSutter,0.24,9.979999999999999
37.66527777775085,-122.10916666662173,94.89897568649235,LVO,ROUTE_SutterEdenMedicalCenter,0.4270147114433844,10.95,ROUTE_StRoseHospital,0.24466880000000002,5.593333333333334,ROUTE_SutterEdenMedicalCenter,0.4270147114433844,10.95,ROUTE_KaiserFoundationHospitalSanLeandro,0.2860434220280063,9.256666666666666
37.82638888886209,-122.28166666662187,61.566293663657206,LVO,ROUTE_SutterEdenMedicalCenter,0.4365764622607913,21.648333333333333,ROUTE_KaiserFoundationHospitalOaklandRichmond,0.42658124729049685,4.8133333333333335,ROUTE_SutterEdenMedicalCenter,0.4365764622607913,21.648333333333333,ROUTE_KaiserFoundationHospitalOaklandRichmond,0.42658124729049685,4.8133333333333335
37.805277777750966,-121.99111111106609,98.27389857140113,LVO,ROUTE_JohnMuirMedicalCenterWalnutCreekCampus,0.42266895712765656,17.665000000000003,ROUTE_SanRamonRegionalMedicalCenter,0.2847875954995401,9.958333333333334,ROUTE_JohnMuirMedicalCenterWalnutCreekCampus,0.42266895712765656,17.665000000000003,ROUTE_SanRamonRegionalMedicalCenter,0.2847875954995401,9.958333333333334
37.72361111108423,-122.46138888884424,269.3469508670403,MIMIC,ROUTE_CPMCMissionBernalCampusSutter,0.9,8.961666666666668,ROUTE_CPMCMissionBernalCampusSutter,0.9,8.961666666666668,ROUTE_UCSFMedicalCenter,0.9,12.191666666666666,ROUTE_CPMCMissionBernalCampusSutter,0.9,8.961666666666668
37.53111111108408,-122.29222222217744,32.93980111285026,HEMORRHAGIC,ROUTE_KaiserFoundationHospitalRedwoodCity,0.24,14.736666666666668,ROUTE_SanMateoMedicalCenter,0.24,4.415,ROUTE_KaiserFoundationHospitalRedwoodCity,0.24,14.736666666666668,ROUTE_KaiserFoundationHospitalRedwoodCity,0.24,14.736666666666668
37.79083333330651,-122.24555555551073,269.2532098297533,LVO,ROUTE_HighlandHospitalWilmaChanCampus,0.24466880000000002,2.5883333333333334,ROUTE_HighlandHospitalWilmaChanCampus,0.24466880000000002,2.5883333333333334,ROUTE_SutterEdenMedicalCenter,0.24466880000000002,19.95,ROUTE_HighlandHospitalWilmaChanCampus,0.24466880000000002,2.5883333333333334
37.46527777775069,-122.26888888884409,52.309160397784225,LVO,ROUTE_KaiserFoundationHospitalRedwoodCity,0.4417356139440053,16.158333333333335,ROUTE_SequoiaHospital,0.4298761516241048,10.528333333333334,ROUTE_KaiserFoundationHospitalRedwoodCity,0.4417356139440053,16.158333333333335,ROUTE_SequoiaHospital,0.4298761516241048,10.528333333333334
37.379999999972846,-122.05777777773281,86.80533156293129,NLVO,ROUTE_ElCaminoHealthMountainView,0.5625628508353462,10.481666666666666,ROUTE_ElCaminoHealthMountainView,0.5625628508353462,10.481666666666666,ROUTE_ElCaminoHealthMountainView,0.5625628508353462,10.481666666666666,ROUTE_ElCaminoHealthMountainView,0.5625628508353462,10.481666666666666
37.708611111084224,-121.734722222177,239.0071891156378,LVO,ROUTE_StanfordHealthCareTriValley,0.24466880000000002,14.293333333333333,ROUTE_StanfordHealthCareTriValley,0.24466880000000002,14.293333333333333,ROUTE_SutterEdenMedicalCenter,0.24466880000000002,25.691666666666666,ROUTE_StanfordHealthCareTriValley,0.24466880000000002,14.293333333333333
37.759444444417596,-122.47777777773314,178.56649568799955,LVO,ROUTE_UCSFMedicalCenter,0.263917893770442,4.6883333333333335,ROUTE_UCSFMedicalCenter,0.263917893770442,4.6883333333333335,ROUTE_UCSFMedicalCenter,0.263917893770442,4.6883333333333335,ROUTE_UCSFMedicalCenter,0.263917893770442,4.6883333333333335
38.34388888886251,-122.33083333328858,117.50249837552418,MIMIC,ROUTE_JohnMuirMedicalCenterWalnutCreekCampus,0.9,52.615,ROUTE_ProvidenceQueenOfTheValleyMedicalCenter,0.9,7.925,ROUTE_JohnMuirMedicalCenterWalnutCreekCampus,0.9,52.615,ROUTE_ProvidenceQueenOfTheValleyMedicalCenter,0.9,7.925
38.11388888886232,-122.25499999995519,252.4743844080047,MIMIC,ROUTE_KaiserFoundationHospitalVallejo,0.9,4.025,ROUTE_KaiserFoundationHospitalVallejo,0.9,4.025,ROUTE_JohnMuirMedicalCenterWalnutCreekCampus,0.9,30.148333333333333,ROUTE_KaiserFoundationHospitalVallejo,0.9,4.025
37.85055555552878,-122.1474999999551,215.29378376386364,LVO,ROUTE_KaiserFoundationHospitalWalnutCreek,0.24466880000000002,19.186666666666667,ROUTE_KaiserFoundationHospitalWalnutCreek,0.24466880000000002,19.186666666666667,ROUTE_JohnMuirMedicalCenterWalnutCreekCampus,0.24466880000000002,21.458333333333332,ROUTE_KaiserFoundationHospitalWalnutCreek,0.24466880000000002,19.186666666666667
37.78527777775095,-122.39055555551086,144.2447538463434,HEMORRHAGIC,ROUTE_CPMCDaviesCampusSutter,0.24,12.870000000000001,ROUTE_ChineseHospital,0.24,6.381666666666666,ROUTE_CPMCDaviesCampusSutter,0.24,12.870000000000001,ROUTE_ChineseHospital,0.24,6.381666666666666
37.798055555528734,-121.98305555551053,167.99848111632906,NLVO,ROUTE_JohnMuirMedicalCenterWalnutCreekCampus,0.5150767149573703,19.265,ROUTE_SanRamonRegionalMedicalCenter,0.5208302395560208,8.27,ROUTE_JohnMuirMedicalCenterWalnutCreekCampus,0.5150767149573703,19.265,ROUTE_SanRamonRegionalMedicalCenter,0.5208302395560208,8.27
37.379999999972846,-122.09916666662173,257.48100255871856,MIMIC,ROUTE_ElCaminoHealthMountainView,0.9,8.52,ROUTE_ElCaminoHealthMountainView,0.9,8.52,ROUTE_ElCaminoHealthMountainView,0.9,8.52,ROUTE_ElCaminoHealthMountainView,0.9,8.52
38.2783333333069,-122.28277777773299,98.45025786453483,HEMORRHAGIC,ROUTE_JohnMuirMedicalCenterWalnutCreekCampus,0.24,49.565000000000005,ROUTE_ProvidenceQueenOfTheValleyMedicalCenter,0.24,9.725,ROUTE_JohnMuirMedicalCenterWalnutCreekCampus,0.24,49.565000000000005,ROUTE_ProvidenceQueenOfTheValleyMedicalCenter,0.24,9.725
38.00749999997335,-121.89722222217712,149.58069542291167,LVO,ROUTE_JohnMuirMedicalCenterWalnutCreekCampus,0.40266497828946096,22.25,ROUTE_SutterDeltaMedicalCenter,0.24466880000000002,11.975,ROUTE_JohnMuirMedicalCenterWalnutCreekCampus,0.40266497828946096,22.25,ROUTE_JohnMuirMedicalCenterConcordCampus,0.26796951972258576,14.45
37.37249999997284,-122.06555555551058,209.0561355302328,HEMORRHAGIC,ROUTE_ElCaminoHealthMountainView,0.24,9.865,ROUTE_ElCaminoHealthMountainView,0.24,9.865,ROUTE_ElCaminoHealthMountainView,0.24,9.865,ROUTE_ElCaminoHealthMountainView,0.24,9.865
37.782222222195394,-122.40333333328864,249.36170581959433,NLVO,ROUTE_UCSFHealthHydeHospital,0.4622,6.208333333333333,ROUTE_UCSFHealthHydeHospital,0.4622,6.208333333333333,ROUTE_CPMCDaviesCampusSutter,0.4622,10.078333333333335,ROUTE_UCSFHealthHydeHospital,0.4622,6.208333333333333
37.93472222219551,-121.96999999995496,100.48092317860694,LVO,ROUTE_JohnMuirMedicalCenterWalnutCreekCampus,0.4243325916542652,12.466666666666667,ROUTE_JohnMuirMedicalCenterWalnutCreekCampus,0.4243325916542652,12.466666666666667,ROUTE_JohnMuirMedicalCenterWalnutCreekCampus,0.4243325916542652,12.466666666666667,ROUTE_JohnMuirMedicalCenterWalnutCreekCampus,0.4243325916542652,12.466666666666667
37.50611111108406,-122.27138888884409,160.60721592107978,LVO,ROUTE_KaiserFoundationHospitalRedwoodCity,0.4013294143704468,14.663333333333332,ROUTE_SequoiaHospital,0.26769819595193445,9.97,ROUTE_KaiserFoundationHospitalRedwoodCity,0.4013294143704468,14.663333333333332,ROUTE_SequoiaHospital,0.26769819595193445,9.97
37.472499999972925,-122.20388888884403,38.49203831764732,MIMIC,ROUTE_KaiserFoundationHospitalRedwoodCity,0.9,9.373333333333333,ROUTE_KaiserFoundationHospitalRedwoodCity,0.9,9.373333333333333,ROUTE_KaiserFoundationHospitalRedwoodCity,0.9,9.373333333333333,ROUTE_KaiserFoundationHospitalRedwoodCity,0.9,9.373333333333333
37.76055555552871,-122.46722222217758,258.05404268303926,MIMIC,ROUTE_UCSFMedicalCenter,0.9,2.7333333333333334,ROUTE_UCSFMedicalCenter,0.9,2.7333333333333334,ROUTE_UCSFMedicalCenter,0.9,2.7333333333333334,ROUTE_UCSFMedicalCenter,0.9,2.7333333333333334
37.79583333330651,-122.44333333328868,156.0593244492465,LVO,ROUTE_CPMCDaviesCampusSutter,0.4053288409959766,8.003333333333334,ROUTE_KaiserFoundationHospitalSanFrancisco,0.2700727448615045,4.541666666666667,ROUTE_CPMCDaviesCampusSutter,0.4053288409959766,8.003333333333334,ROUTE_KaiserFoundationHospitalSanFrancisco,0.2700727448615045,4.541666666666667
37.775277777750944,-122.26138888884408,162.0226455870067,HEMORRHAGIC,ROUTE_SutterEdenMedicalCenter,0.24,21.92,ROUTE_AlamedaHospital,0.24,4.248333333333333,ROUTE_SutterEdenMedicalCenter,0.24,21.92,ROUTE_AlamedaHospital,0.24,4.248333333333333
38.30888888886248,-122.3255555555108,136.81099277213212,NLVO,ROUTE_JohnMuirMedicalCenterWalnutCreekCampus,0.51234565009582,51.84,ROUTE_ProvidenceQueenOfTheValleyMedicalCenter,0.5356502638150169,10.661666666666667,ROUTE_JohnMuirMedicalCenterWalnutCreekCampus,0.51234565009582,51.84,ROUTE_ProvidenceQueenOfTheValleyMedicalCenter,0.5356502638150169,10.661666666666667
38.11749999997344,-122.27027777773297,124.63635101942904,NLVO,ROUTE_JohnMuirMedicalCenterWalnutCreekCampus,0.5315386939072423,33.88166666666667,ROUTE_KaiserFoundationHospitalVallejo,0.5443712116806696,7.963333333333334,ROUTE_JohnMuirMedicalCenterWalnutCreekCampus,0.5315386939072423,33.88166666666667,ROUTE_KaiserFoundationHospitalVallejo,0.5443712116806696,7.963333333333334
37.45555555552846,-122.42722222217755,175.57103713140575,LVO,ROUTE_MillsPeninsulaMedicalCenterSutter,0.2598551368790051,28.041666666666668,ROUTE_SanMateoMedicalCenter,0.24466880000000002,27.83,ROUTE_MillsPeninsulaMedicalCenterSutter,0.2598551368790051,28.041666666666668,ROUTE_MillsPeninsulaMedicalCenterSutter,0.2598551368790051,28.041666666666668
37.84111111108433,-122.27083333328854,189.3679011160387,NLVO,ROUTE_KaiserFoundationHospitalOaklandRichmond,0.5112645096394395,5.673333333333333,ROUTE_KaiserFoundationHospitalOaklandRichmond,0.5112645096394395,5.673333333333333,ROUTE_JohnMuirMedicalCenterWalnutCreekCampus,0.5016192588174663,22.648333333333333,ROUTE_KaiserFoundationHospitalOaklandRichmond,0.5112645096394395,5.673333333333333
37.64777777775084,-122.43444444439977,184.68451195941108,HEMORRHAGIC,ROUTE_MillsPeninsulaMedicalCenterSutter,0.24,14.803333333333335,ROUTE_KaiserFoundationHospitalSouthSanFrancisco,0.24,5.968333333333334,ROUTE_MillsPeninsulaMedicalCenterSutter,0.24,14.803333333333335,ROUTE_KaiserFoundationHospitalSouthSanFrancisco,0.24,5.968333333333334
37.66777777775086,-121.79555555551038,254.02003112284825,HEMORRHAGIC,ROUTE_StanfordHealthCareTriValley,0.24,17.558333333333334,ROUTE_StanfordHealthCareTriValley,0.24,17.558333333333334,ROUTE_SutterEdenMedicalCenter,0.24,29.748333333333335,ROUTE_StanfordHealthCareTriValley,0.24,17.558333333333334
38.184444444417935,-122.13833333328843,235.5637411966686,HEMORRHAGIC,ROUTE_NorthBayMedicalCenter,0.24,15.481666666666666,ROUTE_NorthBayMedicalCenter,0.24,15.481666666666666,ROUTE_JohnMuirMedicalCenterWalnutCreekCampus,0.24,30.92,ROUTE_NorthBayMedicalCenter,0.24,15.481666666666666
37.70749999997311,-122.08138888884393,35.60958804447061,LVO,ROUTE_SutterEdenMedicalCenter,0.4529422628588523,5.691666666666666,ROUTE_SutterEdenMedicalCenter,0.4529422628588523,5.691666666666666,ROUTE_SutterEdenMedicalCenter,0.4529422628588523,5.691666666666666,ROUTE_SutterEdenMedicalCenter,0.4529422628588523,5.691666666666666
37.71638888886201,-122.45527777773313,245.985886019354,LVO,ROUTE_CPMCMissionBernalCampusSutter,0.24466880000000002,8.29,ROUTE_CPMCMissionBernalCampusSutter,0.24466880000000002,8.29,ROUTE_UCSFMedicalCenter,0.24466880000000002,13.595,ROUTE_CPMCMissionBernalCampusSutter,0.24466880000000002,8.29
37.52361111108407,-122.01388888884388,79.26024320076759,HEMORRHAGIC,ROUTE_RegionalMedicalCenterOfSanJose,0.24,25.008333333333333,ROUTE_WashingtonHospitalHealthcareSystem,0.24,11.870000000000001,ROUTE_RegionalMedicalCenterOfSanJose,0.24,25.008333333333333,ROUTE_WashingtonHospitalHealthcareSystem,0.24,11.870000000000001
37.737222222195356,-122.42861111106643,34.919963593069824,LVO,ROUTE_CPMCDaviesCampusSutter,0.45003430778293585,10.248333333333333,ROUTE_CPMCMissionBernalCampusSutter,0.4395906199601194,4.276666666666667,ROUTE_CPMCDaviesCampusSutter,0.45003430778293585,10.248333333333333,ROUTE_CPMCMissionBernalCampusSutter,0.4395906199601194,4.276666666666667
37.99444444441778,-122.32972222217747,83.35367031363451,NLVO,ROUTE_JohnMuirMedicalCenterWalnutCreekCampus,0.5533259441603944,33.748333333333335,ROUTE_KaiserFoundationHospitalRichmondCampus,0.5631811404067727,10.688333333333333,ROUTE_JohnMuirMedicalCenterWalnutCreekCampus,0.5533259441603944,33.748333333333335,ROUTE_KaiserFoundationHospitalRichmondCampus,0.5631811404067727,10.688333333333333
38.15694444441792,-122.2611111110663,201.24469490433182,HEMORRHAGIC,ROUTE_KaiserFoundationHospitalVallejo,0.24,7.203333333333333,ROUTE_KaiserFoundationHospitalVallejo,0.24,7.203333333333333,ROUTE_JohnMuirMedicalCenterWalnutCreekCampus,0.24,35.53666666666666,ROUTE_KaiserFoundationHospitalVallejo,0.24,7.203333333333333
37.79361111108429,-122.40638888884419,46.710935233532894,LVO,ROUTE_CPMCDaviesCampusSutter,0.44592788266950767,11.775,ROUTE_ChineseHospital,0.43523093759601533,1.5533333333333335,ROUTE_CPMCDaviesCampusSutter,0.44592788266950767,11.775,ROUTE_ChineseHospital,0.43523093759601533,1.5533333333333335
37.63166666663972,-122.45222222217757,231.2963712087369,HEMORRHAGIC,ROUTE_KaiserFoundationHospitalSouthSanFrancisco,0.24,10.468333333333334,ROUTE_KaiserFoundationHospitalSouthSanFrancisco,0.24,10.468333333333334,ROUTE_MillsPeninsulaMedicalCenterSutter,0.24,13.578333333333335,ROUTE_KaiserFoundationHospitalSouthSanFrancisco,0.24,10.468333333333334
37.57555555552856,-121.97611111106607,45.287055139721126,LVO,ROUTE_RegionalMedicalCenterOfSanJose,0.44019261167545987,28.756666666666668,ROUTE_WashingtonHospitalHealthcareSystem,0.4306583020821706,8.34,ROUTE_RegionalMedicalCenterOfSanJose,0.44019261167545987,28.756666666666668,ROUTE_WashingtonHospitalHealthcareSystem,0.4306583020821706,8.34
37.55944444441744,-121.98361111106608,123.36803653513417,HEMORRHAGIC,ROUTE_SutterEdenMedicalCenter,0.24,29.745,ROUTE_WashingtonHospitalHealthcareSystem,0.24,2.1783333333333332,ROUTE_SutterEdenMedicalCenter,0.24,29.745,ROUTE_WashingtonHospitalHealthcareSystem,0.24,2.1783333333333332
37.759999999973154,-122.47666666662204,217.00471143870232,LVO,ROUTE_UCSFMedicalCenter,0.254141896611095,4.09,ROUTE_UCSFMedicalCenter,0.254141896611095,4.09,ROUTE_UCSFMedicalCenter,0.254141896611095,4.09,ROUTE_UCSFMedicalCenter,0.254141896611095,4.09
37.91555555552883,-122.04444444439946,79.52632705946148,LVO,ROUTE_JohnMuirMedicalCenterWalnutCreekCampus,0.4370784264715226,1.7,ROUTE_JohnMuirMedicalCenterWalnutCreekCampus,0.4370784264715226,1.7,ROUTE_JohnMuirMedicalCenterWalnutCreekCampus,0.4370784264715226,1.7,ROUTE_JohnMuirMedicalCenterWalnutCreekCampus,0.4370784264715226,1.7
37.765555555528714,-122.44999999995534,76.8856157291846,LVO,ROUTE_UCSFMedicalCenter,0.43781525529001397,2.575,ROUTE_UCSFMedicalCenter,0.43781525529001397,2.575,ROUTE_UCSFMedicalCenter,0.43781525529001397,2.575,ROUTE_UCSFMedicalCenter,0.43781525529001397,2.575
37.724722222195346,-122.08749999995506,54.838241754135296,NLVO,ROUTE_SutterEdenMedicalCenter,0.5773831223345179,11.3,ROUTE_SutterEdenMedicalCenter,0.5773831223345179,11.3,ROUTE_SutterEdenMedicalCenter,0.5773831223345179,11.3,ROUTE_SutterEdenMedicalCenter,0.5773831223345179,11.3
37.71722222219534,-121.7155555555103,138.82438896579032,MIMIC,ROUTE_SutterEdenMedicalCenter,0.9,27.334999999999997,ROUTE_StanfordHealthCareTriValley,0.9,15.936666666666667,ROUTE_SutterEdenMedicalCenter,0.9,27.334999999999997,ROUTE_StanfordHealthCareTriValley,0.9,15.936666666666667
