start_lat,start_lon,t_onset,stroke_type,optimal_action,optimal_action_reward,travel_time_optimal,nearest_hospital_action,nearest_hospital_reward,travel_time_nh,heuristic_1_action,heuristic_1_reward,travel_time_h1,heuristic_2_action,heuristic_2_reward,travel_time_h2
37.78749999997317,-122.21333333328849,246.61732833065125,HEMORRHAGIC,ROUTE_HighlandHospitalWilmaChanCampus,0.24,5.838333333333334,ROUTE_HighlandHospitalWilmaChanCampus,0.24,5.838333333333334,ROUTE_SutterEdenMedicalCenter,0.24,18.351666666666667,ROUTE_HighlandHospitalWilmaChanCampus,0.24,5.838333333333334
37.91277777775105,-122.04694444439947,64.46293658476716,LVO,ROUTE_JohnMuirMedicalCenterWalnutCreekCampus,0.4427731774146656,2.5349999999999997,ROUTE_JohnMuirMedicalCenterWalnutCreekCampus,0.4427731774146656,2.5349999999999997,ROUTE_JohnMuirMedicalCenterWalnutCreekCampus,0.4427731774146656,2.5349999999999997,ROUTE_JohnMuirMedicalCenterWalnutCreekCampus,0.4427731774146656,2.5349999999999997
37.70944444441756,-122.43083333328866,138.30177443846335,NLVO,ROUTE_CPMCDaviesCampusSutter,0.5320624668598547,17.154999999999998,ROUTE_CPMCMissionBernalCampusSutter,0.5353220533100844,10.883333333333333,ROUTE_CPMCDaviesCampusSutter,0.5320624668598547,17.154999999999998,ROUTE_CPMCMissionBernalCampusSutter,0.5353220533100844,10.883333333333333
37.36361111108395,-122.07583333328837,32.16367826594136,MIMIC,ROUTE_ElCaminoHealthMountainView,0.9,3.396666666666667,ROUTE_ElCaminoHealthMountainView,0.9,3.396666666666667,ROUTE_ElCaminoHealthMountainView,0.9,3.396666666666667,ROUTE_ElCaminoHealthMountainView,0.9,3.396666666666667
37.586388888861904,-122.022499999955,80.92078004458173,LVO,ROUTE_SutterEdenMedicalCenter,0.42820905262327985,23.166666666666668,ROUTE_WashingtonHospitalHealthcareSystem,0.28934279808227337,13.293333333333333,ROUTE_SutterEdenMedicalCenter,0.42820905262327985,23.166666666666668,ROUTE_WashingtonHospitalHealthcareSystem,0.28934279808227337,13.293333333333333
37.739166666639804,-122.42388888884422,190.89879947332528,LVO,ROUTE_CPMCDaviesCampusSutter,0.25963465793320084,8.845,ROUTE_CPMCMissionBernalCampusSutter,0.2612917814355972,2.5733333333333333,ROUTE_CPMCDaviesCampusSutter,0.25963465793320084,8.845,ROUTE_CPMCMissionBernalCampusSutter,0.2612917814355972,2.5733333333333333
37.43527777775067,-121.90972222217714,253.55055678562368,LVO,ROUTE_RegionalMedicalCenterOfSanJose,0.24466880000000002,13.116666666666667,ROUTE_RegionalMedicalCenterOfSanJose,0.24466880000000002,13.116666666666667,ROUTE_RegionalMedicalCenterOfSanJose,0.24466880000000002,13.116666666666667,ROUTE_RegionalMedicalCenterOfSanJose,0.24466880000000002,13.116666666666667
37.737222222195356,-122.46722222217758,100.76423943628897,HEMORRHAGIC,ROUTE_UCSFMedicalCenter,0.24,7.381666666666666,ROUTE_UCSFMedicalCenter,0.24,7.381666666666666,ROUTE_UCSFMedicalCenter,0.24,7.381666666666666,ROUTE_UCSFMedicalCenter,0.24,7.381666666666666
37.969166666639985,-122.04444444439946,167.1700699242251,HEMORRHAGIC,ROUTE_JohnMuirMedicalCenterWalnutCreekCampus,0.24,12.181666666666667,ROUTE_JohnMuirMedicalCenterConcordCampus,0.24,5.383333333333334,ROUTE_JohnMuirMedicalCenterWalnutCreekCampus,0.24,12.181666666666667,ROUTE_JohnMuirMedicalCenterConcordCampus,0.24,5.383333333333334
37.78611111108428,-122.46249999995536,33.05141598215776,HEMORRHAGIC,ROUTE_UCSFMedicalCenter,0.24,8.863333333333333,ROUTE_KaiserFoundationHospitalSanFrancisco,0.24,4.745,ROUTE_UCSFMedicalCenter,0.24,8.863333333333333,ROUTE_KaiserFoundationHospitalSanFrancisco,0.24,4.745
37.62333333330638,-122.07361111106616,65.11645914405744,LVO,ROUTE_SutterEdenMedicalCenter,0.436913248687367,16.715,ROUTE_StRoseHospital,0.24466880000000002,5.968333333333334,ROUTE_SutterEdenMedicalCenter,0.436913248687367,16.715,ROUTE_KaiserFoundationHospitalSanLeandro,0.2935986706701172,15.021666666666667
37.76249999997315,-122.16805555551068,95.53735538857967,LVO,ROUTE_SutterEdenMedicalCenter,0.4259790946255039,14.296666666666665,ROUTE_HighlandHospitalWilmaChanCampus,0.2854012385592847,11.921666666666665,ROUTE_SutterEdenMedicalCenter,0.4259790946255039,14.296666666666665,ROUTE_HighlandHospitalWilmaChanCampus,0.2854012385592847,11.921666666666665
37.82416666663987,-122.27361111106632,203.26300765811757,HEMORRHAGIC,ROUTE_KaiserFoundationHospitalOaklandRichmond,0.24,4.031666666666667,ROUTE_KaiserFoundationHospitalOaklandRichmond,0.24,4.031666666666667,ROUTE_SutterEdenMedicalCenter,0.24,20.865000000000002,ROUTE_KaiserFoundationHospitalOaklandRichmond,0.24,4.031666666666667
37.84805555552878,-122.28305555551077,224.84188291133432,HEMORRHAGIC,ROUTE_AltaBatesSummitMedicalCenterAltaBatesCampus,0.24,6.626666666666667,ROUTE_AltaBatesSummitMedicalCenterAltaBatesCampus,0.24,6.626666666666667,ROUTE_JohnMuirMedicalCenterWalnutCreekCampus,0.24,26.043333333333333,ROUTE_KaiserFoundationHospitalOaklandRichmond,0.24,9.068333333333333
37.70666666663978,-121.87722222217711,203.18481925500393,NLVO,ROUTE_StanfordHealthCareTriValley,0.5032589289413261,7.366666666666666,ROUTE_StanfordHealthCareTriValley,0.5032589289413261,7.366666666666666,ROUTE_SutterEdenMedicalCenter,0.4968353243321244,19.575,ROUTE_StanfordHealthCareTriValley,0.5032589289413261,7.366666666666666
37.98333333330666,-122.07027777773281,95.0845443883179,MIMIC,ROUTE_JohnMuirMedicalCenterWalnutCreekCampus,0.9,13.866666666666667,ROUTE_JohnMuirMedicalCenterConcordCampus,0.9,9.16,ROUTE_JohnMuirMedicalCenterWalnutCreekCampus,0.9,13.866666666666667,ROUTE_JohnMuirMedicalCenterConcordCampus,0.9,9.16
37.776111111084276,-122.21388888884404,176.34035631969462,MIMIC,ROUTE_SutterEdenMedicalCenter,0.9,17.509999999999998,ROUTE_HighlandHospitalWilmaChanCampus,0.9,8.55,ROUTE_SutterEdenMedicalCenter,0.9,17.509999999999998,ROUTE_HighlandHospitalWilmaChanCampus,0.9,8.55
37.47361111108403,-122.14805555551065,211.68137900652158,HEMORRHAGIC,ROUTE_KaiserFoundationHospitalRedwoodCity,0.24,10.711666666666668,ROUTE_KaiserFoundationHospitalRedwoodCity,0.24,10.711666666666668,ROUTE_KaiserFoundationHospitalRedwoodCity,0.24,10.711666666666668,ROUTE_KaiserFoundationHospitalRedwoodCity,0.24,10.711666666666668
38.03222222219559,-121.95805555551051,127.29427778255202,HEMORRHAGIC,ROUTE_JohnMuirMedicalCenterWalnutCreekCampus,0.24,20.83833333333333,ROUTE_JohnMuirMedicalCenterConcordCampus,0.24,11.078333333333335,ROUTE_JohnMuirMedicalCenterWalnutCreekCampus,0.24,20.83833333333333,ROUTE_JohnMuirMedicalCenterConcordCampus,0.24,11.078333333333335
37.35555555552838,-122.00249999995499,249.7742299904619,LVO,ROUTE_KaiserFoundationHospitalSantaClara,0.24466880000000002,7.66,ROUTE_KaiserFoundationHospitalSantaClara,0.24466880000000002,7.66,ROUTE_KaiserFoundationHospitalSantaClara,0.24466880000000002,7.66,ROUTE_KaiserFoundationHospitalSantaClara,0.24466880000000002,7.66
37.75777777775093,-122.4013888888442,161.52468485875934,LVO,ROUTE_CPMCDaviesCampusSutter,0.40181853107393545,11.856666666666666,ROUTE_ZuckerbergSanFranciscoGeneralHospital,0.2686654189521514,4.645,ROUTE_CPMCDaviesCampusSutter,0.40181853107393545,11.856666666666666,ROUTE_ZuckerbergSanFranciscoGeneralHospital,0.2686654189521514,4.645
37.80888888886208,-121.98361111106608,235.35421034632498,LVO,ROUTE_SanRamonRegionalMedicalCenter,0.24466880000000002,11.47,ROUTE_SanRamonRegionalMedicalCenter,0.24466880000000002,11.47,ROUTE_JohnMuirMedicalCenterWalnutCreekCampus,0.24466880000000002,18.045,ROUTE_SanRamonRegionalMedicalCenter,0.24466880000000002,11.47
37.75888888886204,-122.43416666662199,79.96116095811917,LVO,ROUTE_CPMCDaviesCampusSutter,0.4361287907375011,3.865,ROUTE_CPMCDaviesCampusSutter,0.4361287907375011,3.865,ROUTE_CPMCDaviesCampusSutter,0.4361287907375011,3.865,ROUTE_CPMCDaviesCampusSutter,0.4361287907375011,3.865
37.423055555528435,-122.15916666662177,220.36010407546385,MIMIC,ROUTE_StanfordHealthCare,0.9,6.215,ROUTE_StanfordHealthCare,0.9,6.215,ROUTE_StanfordHealthCare,0.9,6.215,ROUTE_StanfordHealthCare,0.9,6.215
37.76666666663982,-122.41722222217754,62.237360200642726,LVO,ROUTE_CPMCDaviesCampusSutter,0.44221242698080665,6.175,ROUTE_ZuckerbergSanFranciscoGeneralHospital,0.2976438787120351,4.7283333333333335,ROUTE_CPMCDaviesCampusSutter,0.44221242698080665,6.175,ROUTE_ZuckerbergSanFranciscoGeneralHospital,0.2976438787120351,4.7283333333333335
37.703888888862,-122.41638888884421,126.34030080728014,MIMIC,ROUTE_MillsPeninsulaMedicalCenterSutter,0.9,18.558333333333334,ROUTE_CPMCMissionBernalCampusSutter,0.9,14.06,ROUTE_MillsPeninsulaMedicalCenterSutter,0.9,18.558333333333334,ROUTE_CPMCMissionBernalCampusSutter,0.9,14.06
37.435555555528445,-122.1852777777329,41.256465311747306,LVO,ROUTE_StanfordHealthCare,0.44967174552826716,8.425,ROUTE_StanfordHealthCare,0.44967174552826716,8.425,ROUTE_StanfordHealthCare,0.44967174552826716,8.425,ROUTE_StanfordHealthCare,0.44967174552826716,8.425
38.03194444441781,-122.54249999995541,75.93020097562997,LVO,ROUTE_UCSFMedicalCenter,0.4223146110133561,43.388333333333335,ROUTE_KaiserFoundationHospitalSanRafael,0.2915657067166112,10.903333333333334,ROUTE_UCSFMedicalCenter,0.4223146110133561,43.388333333333335,ROUTE_KaiserFoundationHospitalSanRafael,0.2915657067166112,10.903333333333334
37.741944444417584,-122.23888888884406,82.95290782895026,LVO,ROUTE_SutterEdenMedicalCenter,0.4272604976608203,23.576666666666664,ROUTE_AlamedaHospital,0.2898765286700956,9.483333333333333,ROUTE_SutterEdenMedicalCenter,0.4272604976608203,23.576666666666664,ROUTE_AlamedaHospital,0.2898765286700956,9.483333333333333
37.636388888861944,-122.11361111106619,70.5533669101915,MIMIC,ROUTE_SutterEdenMedicalCenter,0.9,15.338333333333333,ROUTE_StRoseHospital,0.9,6.526666666666667,ROUTE_SutterEdenMedicalCenter,0.9,15.338333333333333,ROUTE_KaiserFoundationHospitalSanLeandro,0.9,13.646666666666667
37.87722222219547,-122.07972222217727,133.68222036802445,LVO,ROUTE_JohnMuirMedicalCenterWalnutCreekCampus,0.4119513364084441,12.748333333333333,ROUTE_KaiserFoundationHospitalWalnutCreek,0.2753198649140637,8.635,ROUTE_JohnMuirMedicalCenterWalnutCreekCampus,0.4119513364084441,12.748333333333333,ROUTE_KaiserFoundationHospitalWalnutCreek,0.2753198649140637,8.635
37.95722222219553,-122.04333333328834,120.21872105624318,HEMORRHAGIC,ROUTE_JohnMuirMedicalCenterWalnutCreekCampus,0.24,9.991666666666667,ROUTE_JohnMuirMedicalCenterConcordCampus,0.24,8.156666666666666,ROUTE_JohnMuirMedicalCenterWalnutCreekCampus,0.24,9.991666666666667,ROUTE_JohnMuirMedicalCenterConcordCampus,0.24,8.156666666666666
37.732777777750904,-122.24249999995517,251.6803646365288,LVO,ROUTE_AlamedaHospital,0.24466880000000002,12.176666666666668,ROUTE_AlamedaHospital,0.24466880000000002,12.176666666666668,ROUTE_SutterEdenMedicalCenter,0.24466880000000002,25.325,ROUTE_AlamedaHospital,0.24466880000000002,12.176666666666668
37.543888888861865,-122.00277777773276,123.24444217369214,LVO,ROUTE_SutterEdenMedicalCenter,0.4115272737432685,24.305,ROUTE_WashingtonHospitalHealthcareSystem,0.2782717192745715,8.713333333333333,ROUTE_SutterEdenMedicalCenter,0.4115272737432685,24.305,ROUTE_WashingtonHospitalHealthcareSystem,0.2782717192745715,8.713333333333333
37.725833333306454,-122.46416666662202,170.39028783585948,NLVO,ROUTE_UCSFMedicalCenter,0.5185796835010074,10.928333333333335,ROUTE_CPMCMissionBernalCampusSutter,0.5195115513078936,9.145000000000001,ROUTE_UCSFMedicalCenter,0.5185796835010074,10.928333333333335,ROUTE_CPMCMissionBernalCampusSutter,0.5195115513078936,9.145000000000001
37.773333333306496,-122.47583333328869,161.91668399449904,MIMIC,ROUTE_UCSFMedicalCenter,0.9,8.135,ROUTE_UCSFHealthStanyanHospital,0.9,5.38,ROUTE_UCSFMedicalCenter,0.9,8.135,ROUTE_UCSFHealthStanyanHospital,0.9,5.38
37.95083333330664,-122.3583333332886,112.16657407756311,MIMIC,ROUTE_CPMCDaviesCampusSutter,0.9,36.66833333333333,ROUTE_KaiserFoundationHospitalRichmondCampus,0.9,4.275,ROUTE_CPMCDaviesCampusSutter,0.9,36.66833333333333,ROUTE_KaiserFoundationHospitalRichmondCampus,0.9,4.275
37.68749999997309,-122.11166666662174,181.1217789565165,HEMORRHAGIC,ROUTE_SutterEdenMedicalCenter,0.24,6.66,ROUTE_SutterEdenMedicalCenter,0.24,6.66,ROUTE_SutterEdenMedicalCenter,0.24,6.66,ROUTE_SutterEdenMedicalCenter,0.24,6.66
37.8199999999732,-122.2408333332885,196.38060726434662,HEMORRHAGIC,ROUTE_KaiserFoundationHospitalOaklandRichmond,0.24,5.638333333333334,ROUTE_KaiserFoundationHospitalOaklandRichmond,0.24,5.638333333333334,ROUTE_SutterEdenMedicalCenter,0.24,22.256666666666668,ROUTE_KaiserFoundationHospitalOaklandRichmond,0.24,5.638333333333334
37.80416666663985,-122.21472222217737,65.62088325967187,HEMORRHAGIC,ROUTE_SutterEdenMedicalCenter,0.24,18.023333333333333,ROUTE_HighlandHospitalWilmaChanCampus,0.24,3.896666666666667,ROUTE_SutterEdenMedicalCenter,0.24,18.023333333333333,ROUTE_HighlandHospitalWilmaChanCampus,0.24,3.896666666666667
38.158055555529025,-122.23916666662184,173.6038602924713,LVO,ROUTE_JohnMuirMedicalCenterWalnutCreekCampus,0.2576553259195027,33.7,ROUTE_SutterSolanoMedicalCenter,0.26443103709660665,8.126666666666667,ROUTE_JohnMuirMedicalCenterWalnutCreekCampus,0.2576553259195027,33.7,ROUTE_SutterSolanoMedicalCenter,0.26443103709660665,8.126666666666667
37.696666666639764,-121.86499999995488,263.37382446789815,LVO,ROUTE_StanfordHealthCareTriValley,0.24466880000000002,7.836666666666667,ROUTE_StanfordHealthCareTriValley,0.24466880000000002,7.836666666666667,ROUTE_SutterEdenMedicalCenter,0.24466880000000002,21.666666666666668,ROUTE_StanfordHealthCareTriValley,0.24466880000000002,7.836666666666667
37.863611111084346,-122.28833333328855,67.24148605683857,LVO,ROUTE_CPMCDaviesCampusSutter,0.4309387989516737,29.836666666666666,ROUTE_AltaBatesSummitMedicalCenterAltaBatesCampus,0.24466880000000002,8.233333333333333,ROUTE_CPMCDaviesCampusSutter,0.4309387989516737,29.836666666666666,ROUTE_KaiserFoundationHospitalOaklandRichmond,0.2935818988912886,12.951666666666666
37.54833333330632,-122.02861111106611,67.8357575728495,LVO,ROUTE_SutterEdenMedicalCenter,0.4329737100699226,24.035,ROUTE_WashingtonHospitalHealthcareSystem,0.2928253044626423,14.843333333333334,ROUTE_SutterEdenMedicalCenter,0.4329737100699226,24.035,ROUTE_WashingtonHospitalHealthcareSystem,0.2928253044626423,14.843333333333334
37.746111111084254,-122.43722222217755,91.85425366907079,HEMORRHAGIC,ROUTE_CPMCDaviesCampusSutter,0.24,6.881666666666666,ROUTE_CPMCMissionBernalCampusSutter,0.24,4.7683333333333335,ROUTE_CPMCDaviesCampusSutter,0.24,6.881666666666666,ROUTE_CPMCMissionBernalCampusSutter,0.24,4.7683333333333335
38.334722222195836,-122.31833333328858,217.1809904435776,HEMORRHAGIC,ROUTE_ProvidenceQueenOfTheValleyMedicalCenter,0.24,6.91,ROUTE_ProvidenceQueenOfTheValleyMedicalCenter,0.24,6.91,ROUTE_JohnMuirMedicalCenterWalnutCreekCampus,0.24,51.6,ROUTE_ProvidenceQueenOfTheValleyMedicalCenter,0.24,6.91
37.78527777775095,-121.94694444439939,35.97165217614019,LVO,ROUTE_JohnMuirMedicalCenterWalnutCreekCampus,0.44616353727957764,22.496666666666666,ROUTE_SanRamonRegionalMedicalCenter,0.3055996449467343,5.641666666666667,ROUTE_JohnMuirMedicalCenterWalnutCreekCampus,0.44616353727957764,22.496666666666666,ROUTE_SanRamonRegionalMedicalCenter,0.3055996449467343,5.641666666666667
37.71666666663978,-121.86666666662154,43.14438682633866,HEMORRHAGIC,ROUTE_SutterEdenMedicalCenter,0.24,20.066666666666666,ROUTE_StanfordHealthCareTriValley,0.24,7.858333333333333,ROUTE_SutterEdenMedicalCenter,0.24,20.066666666666666,ROUTE_StanfordHealthCareTriValley,0.24,7.858333333333333
38.05972222219561,-122.56749999995543,145.10017386383973,HEMORRHAGIC,ROUTE_UCSFMedicalCenter,0.24,54.08166666666667,ROUTE_NovatoCommunityHospitalSutter,0.24,17.39,ROUTE_UCSFMedicalCenter,0.24,54.08166666666667,ROUTE_NovatoCommunityHospitalSutter,0.24,17.39
37.73888888886202,-122.43777777773312,260.8079232782798,LVO,ROUTE_CPMCMissionBernalCampusSutter,0.24466880000000002,8.545,ROUTE_CPMCMissionBernalCampusSutter,0.24466880000000002,8.545,ROUTE_CPMCDaviesCampusSutter,0.24466880000000002,12.058333333333334,ROUTE_CPMCMissionBernalCampusSutter,0.24466880000000002,8.545
38.30055555552914,-122.30722222217746,206.71702056429302,MIMIC,ROUTE_ProvidenceQueenOfTheValleyMedicalCenter,0.9,6.7733333333333325,ROUTE_ProvidenceQueenOfTheValleyMedicalCenter,0.9,6.7733333333333325,ROUTE_JohnMuirMedicalCenterWalnutCreekCampus,0.9,47.95166666666667,ROUTE_ProvidenceQueenOfTheValleyMedicalCenter,0.9,6.7733333333333325
38.293055555529136,-121.97916666662164,36.37492713982564,LVO,ROUTE_JohnMuirMedicalCenterWalnutCreekCampus,0.4342868700896302,52.14333333333333,ROUTE_NorthBayVacaValleyHospital,0.30204326290983285,16.483333333333334,ROUTE_JohnMuirMedicalCenterWalnutCreekCampus,0.4342868700896302,52.14333333333333,ROUTE_NorthBayVacaValleyHospital,0.30204326290983285,16.483333333333334
37.77916666663983,-122.27777777773298,185.66457627075087,HEMORRHAGIC,ROUTE_AlamedaHospital,0.24,7.618333333333334,ROUTE_AlamedaHospital,0.24,7.618333333333334,ROUTE_SutterEdenMedicalCenter,0.24,25.11,ROUTE_AlamedaHospital,0.24,7.618333333333334
37.758055555528706,-122.42638888884422,219.1399959521412,HEMORRHAGIC,ROUTE_CPMCMissionBernalCampusSutter,0.24,3.2449999999999997,ROUTE_CPMCMissionBernalCampusSutter,0.24,3.2449999999999997,ROUTE_CPMCDaviesCampusSutter,0.24,4.9,ROUTE_CPMCMissionBernalCampusSutter,0.24,3.2449999999999997
37.73249999997313,-122.43611111106644,102.2865359488834,LVO,ROUTE_CPMCDaviesCampusSutter,0.4248246019030577,10.53,ROUTE_CPMCMissionBernalCampusSutter,0.2856713181601598,4.258333333333334,ROUTE_CPMCDaviesCampusSutter,0.4248246019030577,10.53,ROUTE_CPMCMissionBernalCampusSutter,0.2856713181601598,4.258333333333334
38.10694444441787,-122.24999999995518,181.51291454830996,LVO,ROUTE_KaiserFoundationHospitalVallejo,0.26299048925253987,5.583333333333333,ROUTE_KaiserFoundationHospitalVallejo,0.26299048925253987,5.583333333333333,ROUTE_JohnMuirMedicalCenterWalnutCreekCampus,0.25672435909516705,29.373333333333335,ROUTE_KaiserFoundationHospitalVallejo,0.26299048925253987,5.583333333333333
37.888611111084366,-122.15694444439956,119.76284781034556,LVO,ROUTE_JohnMuirMedicalCenterWalnutCreekCampus,0.41704134459916553,13.296666666666665,ROUTE_KaiserFoundationHospitalWalnutCreek,0.27860695343850006,11.026666666666667,ROUTE_JohnMuirMedicalCenterWalnutCreekCampus,0.41704134459916553,13.296666666666665,ROUTE_KaiserFoundationHospitalWalnutCreek,0.27860695343850006,11.026666666666667
37.86999999997324,-122.26611111106631,233.76008482283308,MIMIC,ROUTE_AltaBatesSummitMedicalCenterAltaBatesCampus,0.9,6.078333333333333,ROUTE_AltaBatesSummitMedicalCenterAltaBatesCampus,0.9,6.078333333333333,ROUTE_SutterEdenMedicalCenter,0.9,29.076666666666664,ROUTE_KaiserFoundationHospitalOaklandRichmond,0.9,13.931666666666667
37.56083333330633,-122.33027777773303,201.18935767512218,NLVO,ROUTE_MillsPeninsulaMedicalCenterSutter,0.5021745632984206,11.425,ROUTE_SanMateoMedicalCenter,0.4622,9.581666666666667,ROUTE_MillsPeninsulaMedicalCenterSutter,0.5021745632984206,11.425,ROUTE_MillsPeninsulaMedicalCenterSutter,0.5021745632984206,11.425
38.02666666664003,-122.27083333328854,179.832660974493,NLVO,ROUTE_JohnMuirMedicalCenterWalnutCreekCampus,0.5039274373561381,29.446666666666665,ROUTE_ContraCostaRegionalMedicalCenter,0.4622,16.398333333333333,ROUTE_JohnMuirMedicalCenterWalnutCreekCampus,0.5039274373561381,29.446666666666665,ROUTE_KaiserFoundationHospitalRichmondCampus,0.5098077058956498,18.243333333333332
37.99472222219556,-121.88388888884379,69.83733493986911,HEMORRHAGIC,ROUTE_JohnMuirMedicalCenterWalnutCreekCampus,0.24,24.295,ROUTE_SutterDeltaMedicalCenter,0.24,15.363333333333333,ROUTE_JohnMuirMedicalCenterWalnutCreekCampus,0.24,24.295,ROUTE_JohnMuirMedicalCenterConcordCampus,0.24,17.83833333333333
37.79888888886207,-122.25805555551075,181.01473725583097,HEMORRHAGIC,ROUTE_SutterEdenMedicalCenter,0.24,22.58,ROUTE_HighlandHospitalWilmaChanCampus,0.24,5.218333333333334,ROUTE_SutterEdenMedicalCenter,0.24,22.58,ROUTE_HighlandHospitalWilmaChanCampus,0.24,5.218333333333334
38.151111111084575,-122.26388888884408,114.18065907024567,LVO,ROUTE_JohnMuirMedicalCenterWalnutCreekCampus,0.410607466789303,35.79833333333333,ROUTE_KaiserFoundationHospitalVallejo,0.28124770540616545,7.463333333333334,ROUTE_JohnMuirMedicalCenterWalnutCreekCampus,0.410607466789303,35.79833333333333,ROUTE_KaiserFoundationHospitalVallejo,0.28124770540616545,7.463333333333334
37.53027777775075,-122.28722222217743,74.55092696197198,HEMORRHAGIC,ROUTE_KaiserFoundationHospitalRedwoodCity,0.24,12.828333333333335,ROUTE_SanMateoMedicalCenter,0.24,5.1866666666666665,ROUTE_KaiserFoundationHospitalRedwoodCity,0.24,12.828333333333335,ROUTE_KaiserFoundationHospitalRedwoodCity,0.24,12.828333333333335
37.787777777750954,-122.297777777733,91.95788192054673,HEMORRHAGIC,ROUTE_SutterEdenMedicalCenter,0.24,28.366666666666667,ROUTE_AlamedaHospital,0.24,12.42,ROUTE_SutterEdenMedicalCenter,0.24,28.366666666666667,ROUTE_AlamedaHospital,0.24,12.42
37.944166666639966,-121.72249999995476,200.9724045931644,MIMIC,ROUTE_KaiserFoundationHospitalAntioch,0.9,12.023333333333333,ROUTE_KaiserFoundationHospitalAntioch,0.9,12.023333333333333,ROUTE_JohnMuirMedicalCenterWalnutCreekCampus,0.9,38.24166666666667,ROUTE_KaiserFoundationHospitalAntioch,0.9,12.023333333333333
37.55944444441744,-122.29972222217745,249.48498234485336,NLVO,ROUTE_SanMateoMedicalCenter,0.4622,10.761666666666667,ROUTE_SanMateoMedicalCenter,0.4622,10.761666666666667,ROUTE_MillsPeninsulaMedicalCenterSutter,0.4622,11.388333333333332,ROUTE_MillsPeninsulaMedicalCenterSutter,0.4622,11.388333333333332
37.659999999973074,-122.47472222217759,169.18080155218982,LVO,ROUTE_MillsPeninsulaMedicalCenterSutter,0.2633065458494277,16.735,ROUTE_AHMCSetonMedicalCenter,0.26578913189659586,7.525,ROUTE_MillsPeninsulaMedicalCenterSutter,0.2633065458494277,16.735,ROUTE_AHMCSetonMedicalCenter,0.26578913189659586,7.525
37.83805555552877,-122.20333333328848,86.57643000817747,HEMORRHAGIC,ROUTE_SutterEdenMedicalCenter,0.24,22.67,ROUTE_AltaBatesSummitMedicalCenterAltaBatesCampus,0.24,12.816666666666666,ROUTE_SutterEdenMedicalCenter,0.24,22.67,ROUTE_HighlandHospitalWilmaChanCampus,0.24,12.983333333333333
37.99638888886223,-122.2649999999552,40.34254810785616,HEMORRHAGIC,ROUTE_JohnMuirMedicalCenterWalnutCreekCampus,0.24,31.578333333333333,ROUTE_ContraCostaRegionalMedicalCenter,0.24,18.53166666666667,ROUTE_JohnMuirMedicalCenterWalnutCreekCampus,0.24,31.578333333333333,ROUTE_KaiserFoundationHospitalRichmondCampus,0.24,21.388333333333332
37.98611111108444,-122.57583333328877,77.31610029725475,HEMORRHAGIC,ROUTE_UCSFMedicalCenter,0.24,44.718333333333334,ROUTE_MarinHealthMedicalCenter,0.24,12.091666666666667,ROUTE_UCSFMedicalCenter,0.24,44.718333333333334,ROUTE_MarinHealthMedicalCenter,0.24,12.091666666666667
37.92027777775106,-121.74527777773255,209.86096955013556,LVO,ROUTE_KaiserFoundationHospitalAntioch,0.2539465604475526,11.818333333333333,ROUTE_KaiserFoundationHospitalAntioch,0.2539465604475526,11.818333333333333,ROUTE_JohnMuirMedicalCenterWalnutCreekCampus,0.24466880000000002,39.275,ROUTE_KaiserFoundationHospitalAntioch,0.2539465604475526,11.818333333333333
37.42055555552844,-122.15083333328843,74.85856802347027,LVO,ROUTE_StanfordHealthCare,0.43612194877299015,8.985000000000001,ROUTE_StanfordHealthCare,0.43612194877299015,8.985000000000001,ROUTE_StanfordHealthCare,0.43612194877299015,8.985000000000001,ROUTE_StanfordHealthCare,0.43612194877299015,8.985000000000001
37.78249999997317,-122.39083333328863,163.49307941493484,HEMORRHAGIC,ROUTE_CPMCDaviesCampusSutter,0.24,11.388333333333332,ROUTE_ChineseHospital,0.24,7.1850000000000005,ROUTE_CPMCDaviesCampusSutter,0.24,11.388333333333332,ROUTE_ChineseHospital,0.24,7.1850000000000005
37.34416666663949,-122.02944444439945,160.65304336102588,LVO,ROUTE_KaiserFoundationHospitalSantaClara,0.40346605315572026,8.315,ROUTE_KaiserFoundationHospitalSantaClara,0.40346605315572026,8.315,ROUTE_KaiserFoundationHospitalSantaClara,0.40346605315572026,8.315,ROUTE_KaiserFoundationHospitalSantaClara,0.40346605315572026,8.315
37.86305555552879,-122.01472222217721,69.49823255557348,LVO,ROUTE_JohnMuirMedicalCenterWalnutCreekCampus,0.4358286589726814,15.091666666666667,ROUTE_KaiserFoundationHospitalWalnutCreek,0.2939524426717508,9.479999999999999,ROUTE_JohnMuirMedicalCenterWalnutCreekCampus,0.4358286589726814,15.091666666666667,ROUTE_KaiserFoundationHospitalWalnutCreek,0.2939524426717508,9.479999999999999
37.93638888886218,-122.3141666666219,190.7659667839114,LVO,ROUTE_KaiserFoundationHospitalRichmondCampus,0.25948109234116173,9.561666666666667,ROUTE_KaiserFoundationHospitalRichmondCampus,0.25948109234116173,9.561666666666667,ROUTE_CPMCDaviesCampusSutter,0.25337131942434993,33.16833333333333,ROUTE_KaiserFoundationHospitalRichmondCampus,0.25948109234116173,9.561666666666667
37.69222222219532,-122.10805555551063,253.28890040849552,NLVO,ROUTE_SutterEdenMedicalCenter,0.4622,6.025,ROUTE_SutterEdenMedicalCenter,0.4622,6.025,ROUTE_SutterEdenMedicalCenter,0.4622,6.025,ROUTE_SutterEdenMedicalCenter,0.4622,6.025
37.72499999997312,-121.7308333332881,164.79365864059935,LVO,ROUTE_SutterEdenMedicalCenter,0.26087834921546554,30.238333333333333,ROUTE_StanfordHealthCareTriValley,0.263918950875817,18.84,ROUTE_SutterEdenMedicalCenter,0.26087834921546554,30.238333333333333,ROUTE_StanfordHealthCareTriValley,0.263918950875817,18.84
37.452222222195125,-121.91361111106602,171.8662833183657,NLVO,ROUTE_RegionalMedicalCenterOfSanJose,0.5149200339377423,16.45,ROUTE_OConnorHospital,0.5151433129969416,16.023333333333333,ROUTE_RegionalMedicalCenterOfSanJose,0.5149200339377423,16.45,ROUTE_OConnorHospital,0.5151433129969416,16.023333333333333
37.692499999973094,-121.92249999995492,157.43270376870822,LVO,ROUTE_SutterEdenMedicalCenter,0.40135037757050984,17.205,ROUTE_StanfordHealthCareTriValley,0.2685743730443594,9.068333333333333,ROUTE_SutterEdenMedicalCenter,0.40135037757050984,17.205,ROUTE_StanfordHealthCareTriValley,0.2685743730443594,9.068333333333333
37.62416666663971,-122.08472222217728,126.84173762521414,LVO,ROUTE_SutterEdenMedicalCenter,0.413137441486339,16.46333333333333,ROUTE_StRoseHospital,0.24466880000000002,3.8,ROUTE_SutterEdenMedicalCenter,0.413137441486339,16.46333333333333,ROUTE_KaiserFoundationHospitalSanLeandro,0.2755197010672926,14.770000000000001
37.50388888886184,-122.26444444439964,155.5982692333568,HEMORRHAGIC,ROUTE_KaiserFoundationHospitalRedwoodCity,0.24,11.728333333333333,ROUTE_SequoiaHospital,0.24,8.82,ROUTE_KaiserFoundationHospitalRedwoodCity,0.24,11.728333333333333,ROUTE_SequoiaHospital,0.24,8.82
37.69722222219532,-121.94361111106605,236.9569703580855,LVO,ROUTE_StanfordHealthCareTriValley,0.24466880000000002,9.558333333333334,ROUTE_StanfordHealthCareTriValley,0.24466880000000002,9.558333333333334,ROUTE_SutterEdenMedicalCenter,0.24466880000000002,15.148333333333333,ROUTE_StanfordHealthCareTriValley,0.24466880000000002,9.558333333333334
38.12722222219567,-122.23666666662184,156.5071138399531,HEMORRHAGIC,ROUTE_JohnMuirMedicalCenterWalnutCreekCampus,0.24,30.845000000000002,ROUTE_SutterSolanoMedicalCenter,0.24,2.4650000000000003,ROUTE_JohnMuirMedicalCenterWalnutCreekCampus,0.24,30.845000000000002,ROUTE_SutterSolanoMedicalCenter,0.24,2.4650000000000003
37.535555555528525,-122.0502777777328,80.02118962170681,LVO,ROUTE_KaiserFoundationHospitalRedwoodCity,0.426934553334523,27.348333333333336,ROUTE_StRoseHospital,0.24466880000000002,18.753333333333334,ROUTE_KaiserFoundationHospitalRedwoodCity,0.426934553334523,27.348333333333336,ROUTE_WashingtonHospitalHealthcareSystem,0.28767516685777045,19.771666666666665
37.79361111108429,-122.40638888884419,264.07711364162947,HEMORRHAGIC,ROUTE_ChineseHospital,0.24,1.5533333333333335,ROUTE_ChineseHospital,0.24,1.5533333333333335,ROUTE_CPMCDaviesCampusSutter,0.24,11.775,ROUTE_ChineseHospital,0.24,1.5533333333333335
37.65944444441752,-122.40805555551087,51.92482465593137,LVO,ROUTE_MillsPeninsulaMedicalCenterSutter,0.44409491273088664,11.743333333333334,ROUTE_KaiserFoundationHospitalSouthSanFrancisco,0.29944447806286745,9.24,ROUTE_MillsPeninsulaMedicalCenterSutter,0.44409491273088664,11.743333333333334,ROUTE_KaiserFoundationHospitalSouthSanFrancisco,0.29944447806286745,9.24
37.87444444441769,-122.05833333328836,242.5332408452484,LVO,ROUTE_KaiserFoundationHospitalWalnutCreek,0.24466880000000002,5.316666666666666,ROUTE_KaiserFoundationHospitalWalnutCreek,0.24466880000000002,5.316666666666666,ROUTE_JohnMuirMedicalCenterWalnutCreekCampus,0.24466880000000002,11.183333333333334,ROUTE_KaiserFoundationHospitalWalnutCreek,0.24466880000000002,5.316666666666666
38.12277777775122,-122.5224999999554,47.727879664199335,NLVO,ROUTE_UCSFMedicalCenter,0.5593577531348455,54.975,ROUTE_NovatoCommunityHospitalSutter,0.5805052472369449,13.728333333333333,ROUTE_UCSFMedicalCenter,0.5593577531348455,54.975,ROUTE_NovatoCommunityHospitalSutter,0.5805052472369449,13.728333333333333
37.970555555528875,-122.3116666666219,58.5853283448354,HEMORRHAGIC,ROUTE_JohnMuirMedicalCenterWalnutCreekCampus,0.24,37.32333333333334,ROUTE_KaiserFoundationHospitalRichmondCampus,0.24,15.879999999999999,ROUTE_JohnMuirMedicalCenterWalnutCreekCampus,0.24,37.32333333333334,ROUTE_KaiserFoundationHospitalRichmondCampus,0.24,15.879999999999999
37.71222222219534,-122.06972222217726,47.292727180210086,HEMORRHAGIC,ROUTE_SutterEdenMedicalCenter,0.24,8.375,ROUTE_SutterEdenMedicalCenter,0.24,8.375,ROUTE_SutterEdenMedicalCenter,0.24,8.375,ROUTE_SutterEdenMedicalCenter,0.24,8.375
37.96861111108443,-122.0388888888439,132.1696714581392,NLVO,ROUTE_JohnMuirMedicalCenterWalnutCreekCampus,0.5373489815556687,13.111666666666668,ROUTE_JohnMuirMedicalCenterConcordCampus,0.5411576819244094,5.7683333333333335,ROUTE_JohnMuirMedicalCenterWalnutCreekCampus,0.5373489815556687,13.111666666666668,ROUTE_JohnMuirMedicalCenterConcordCampus,0.5411576819244094,5.7683333333333335
37.403055555528425,-121.99194444439942,248.28675522006145,LVO,ROUTE_KaiserFoundationHospitalSantaClara,0.24466880000000002,14.058333333333334,ROUTE_KaiserFoundationHospitalSantaClara,0.24466880000000002,14.058333333333334,ROUTE_KaiserFoundationHospitalSantaClara,0.24466880000000002,14.058333333333334,ROUTE_KaiserFoundationHospitalSantaClara,0.24466880000000002,14.058333333333334
37.76055555552871,-122.18111111106624,135.260934522039,LVO,ROUTE_SutterEdenMedicalCenter,0.4096220294501222,17.325,ROUTE_HighlandHospitalWilmaChanCampus,0.2737349577235735,12.673333333333334,ROUTE_SutterEdenMedicalCenter,0.4096220294501222,17.325,ROUTE_HighlandHospitalWilmaChanCampus,0.2737349577235735,12.673333333333334
37.573055555528555,-122.03277777773279,203.14183418154008,NLVO,ROUTE_WashingtonHospitalHealthcareSystem,0.4999869812885803,13.631666666666666,ROUTE_StRoseHospital,0.4622,12.681666666666667,ROUTE_SutterEdenMedicalCenter,0.4956628167086615,21.84333333333333,ROUTE_WashingtonHospitalHealthcareSystem,0.4999869812885803,13.631666666666666
38.305555555529146,-122.30583333328856,160.2580888880339,LVO,ROUTE_JohnMuirMedicalCenterWalnutCreekCampus,0.2575222845338234,47.556666666666665,ROUTE_ProvidenceQueenOfTheValleyMedicalCenter,0.26832853873611423,7.138333333333334,ROUTE_JohnMuirMedicalCenterWalnutCreekCampus,0.2575222845338234,47.556666666666665,ROUTE_ProvidenceQueenOfTheValleyMedicalCenter,0.26832853873611423,7.138333333333334
37.725833333306454,-122.4038888888442,104.04710577691898,NLVO,ROUTE_CPMCDaviesCampusSutter,0.5514807887713665,13.935,ROUTE_ZuckerbergSanFranciscoGeneralHospital,0.5539441129943018,9.161666666666667,ROUTE_CPMCDaviesCampusSutter,0.5514807887713665,13.935,ROUTE_ZuckerbergSanFranciscoGeneralHospital,0.5539441129943018,9.161666666666667
38.29111111108469,-122.28416666662187,225.28148044431515,LVO,ROUTE_ProvidenceQueenOfTheValleyMedicalCenter,0.24466880000000002,8.19,ROUTE_ProvidenceQueenOfTheValleyMedicalCenter,0.24466880000000002,8.19,ROUTE_JohnMuirMedicalCenterWalnutCreekCampus,0.24466880000000002,49.833333333333336,ROUTE_ProvidenceQueenOfTheValleyMedicalCenter,0.24466880000000002,8.19
37.778611111084274,-122.39444444439974,46.0460203550922,NLVO,ROUTE_CPMCDaviesCampusSutter,0.5827121022012063,11.086666666666668,ROUTE_ChineseHospital,0.5846153517821077,7.355,ROUTE_CPMCDaviesCampusSutter,0.5827121022012063,11.086666666666668,ROUTE_ChineseHospital,0.5846153517821077,7.355
38.01527777775113,-121.87916666662156,125.9650070366865,HEMORRHAGIC,ROUTE_JohnMuirMedicalCenterWalnutCreekCampus,0.24,23.966666666666665,ROUTE_SutterDeltaMedicalCenter,0.24,12.09,ROUTE_JohnMuirMedicalCenterWalnutCreekCampus,0.24,23.966666666666665,ROUTE_JohnMuirMedicalCenterConcordCampus,0.24,14.286666666666667
37.67083333330641,-122.12416666662175,90.76456155486008,HEMORRHAGIC,ROUTE_SutterEdenMedicalCenter,0.24,12.051666666666668,ROUTE_StRoseHospital,0.24,9.475,ROUTE_SutterEdenMedicalCenter,0.24,12.051666666666668,ROUTE_KaiserFoundationHospitalSanLeandro,0.24,11.751666666666667
37.630833333306384,-122.09166666662172,134.5328284989958,HEMORRHAGIC,ROUTE_SutterEdenMedicalCenter,0.24,15.004999999999999,ROUTE_StRoseHospital,0.24,2.3366666666666664,ROUTE_SutterEdenMedicalCenter,0.24,15.004999999999999,ROUTE_KaiserFoundationHospitalSanLeandro,0.24,13.311666666666667
38.28777777775135,-122.0755555555106,175.28164615939153,LVO,ROUTE_NorthBayMedicalCenter,0.26210274630595326,15.139999999999999,ROUTE_NorthBayMedicalCenter,0.26210274630595326,15.139999999999999,ROUTE_JohnMuirMedicalCenterWalnutCreekCampus,0.25387614136416703,46.67333333333333,ROUTE_NorthBayMedicalCenter,0.26210274630595326,15.139999999999999
37.86833333330657,-122.25555555551074,53.36384507392087,LVO,ROUTE_SutterEdenMedicalCenter,0.43780540447134886,26.201666666666664,ROUTE_AltaBatesSummitMedicalCenterAltaBatesCampus,0.24466880000000002,4.028333333333333,ROUTE_SutterEdenMedicalCenter,0.43780540447134886,26.201666666666664,ROUTE_AltaBatesSummitMedicalCenterSummitCampus,0.2977718464209024,13.188333333333333
37.664722222195294,-122.48972222217759,122.12540083568786,LVO,ROUTE_MillsPeninsulaMedicalCenterSutter,0.41421006169971186,18.358333333333334,ROUTE_AHMCSetonMedicalCenter,0.2785827705740638,8.748333333333333,ROUTE_MillsPeninsulaMedicalCenterSutter,0.41421006169971186,18.358333333333334,ROUTE_AHMCSetonMedicalCenter,0.2785827705740638,8.748333333333333
37.50388888886184,-122.26027777773297,152.3334406198844,NLVO,ROUTE_KaiserFoundationHospitalRedwoodCity,0.5279310203196758,11.061666666666667,ROUTE_SequoiaHospital,0.5290384462102699,8.935,ROUTE_KaiserFoundationHospitalRedwoodCity,0.5279310203196758,11.061666666666667,ROUTE_SequoiaHospital,0.5290384462102699,8.935
37.760833333306486,-122.48277777773315,125.71209276878403,LVO,ROUTE_UCSFMedicalCenter,0.41787984858986815,5.155,ROUTE_UCSFMedicalCenter,0.41787984858986815,5.155,ROUTE_UCSFMedicalCenter,0.41787984858986815,5.155,ROUTE_UCSFMedicalCenter,0.41787984858986815,5.155
38.071944444417845,-122.19999999995514,96.15961027132413,HEMORRHAGIC,ROUTE_JohnMuirMedicalCenterWalnutCreekCampus,0.24,29.051666666666666,ROUTE_SutterSolanoMedicalCenter,0.24,14.208333333333334,ROUTE_JohnMuirMedicalCenterWalnutCreekCampus,0.24,29.051666666666666,ROUTE_SutterSolanoMedicalCenter,0.24,14.208333333333334
37.543888888861865,-122.30555555551078,75.71680030945447,MIMIC,ROUTE_KaiserFoundationHospitalRedwoodCity,0.9,14.226666666666667,ROUTE_SanMateoMedicalCenter,0.9,5.433333333333334,ROUTE_KaiserFoundationHospitalRedwoodCity,0.9,14.226666666666667,ROUTE_KaiserFoundationHospitalRedwoodCity,0.9,14.226666666666667
37.70944444441756,-122.41749999995531,251.12454133167438,HEMORRHAGIC,ROUTE_CPMCMissionBernalCampusSutter,0.24,13.293333333333333,ROUTE_CPMCMissionBernalCampusSutter,0.24,13.293333333333333,ROUTE_MillsPeninsulaMedicalCenterSutter,0.24,18.94,ROUTE_CPMCMissionBernalCampusSutter,0.24,13.293333333333333
37.58166666663968,-122.02749999995501,150.49063480151943,LVO,ROUTE_SutterEdenMedicalCenter,0.40201516227656076,22.363333333333333,ROUTE_WashingtonHospitalHealthcareSystem,0.269498566880052,12.653333333333334,ROUTE_SutterEdenMedicalCenter,0.40201516227656076,22.363333333333333,ROUTE_WashingtonHospitalHealthcareSystem,0.269498566880052,12.653333333333334
38.283333333306906,-122.27027777773297,75.53613781699923,HEMORRHAGIC,ROUTE_JohnMuirMedicalCenterWalnutCreekCampus,0.24,48.765,ROUTE_ProvidenceQueenOfTheValleyMedicalCenter,0.24,10.583333333333334,ROUTE_JohnMuirMedicalCenterWalnutCreekCampus,0.24,48.765,ROUTE_ProvidenceQueenOfTheValleyMedicalCenter,0.24,10.583333333333334
37.71249999997311,-122.449166666622,114.68463432837007,NLVO,ROUTE_CPMCDaviesCampusSutter,0.5455587235345841,14.754999999999999,ROUTE_CPMCMissionBernalCampusSutter,0.5488011315403081,8.485000000000001,ROUTE_CPMCDaviesCampusSutter,0.5455587235345841,14.754999999999999,ROUTE_CPMCMissionBernalCampusSutter,0.5488011315403081,8.485000000000001
37.69416666663977,-122.15305555551066,135.4073053956257,NLVO,ROUTE_SutterEdenMedicalCenter,0.5371451857877533,10.266666666666667,ROUTE_KaiserFoundationHospitalSanLeandro,0.5392630128805443,6.1850000000000005,ROUTE_SutterEdenMedicalCenter,0.5371451857877533,10.266666666666667,ROUTE_KaiserFoundationHospitalSanLeandro,0.5392630128805443,6.1850000000000005
37.980277777751105,-121.77916666662148,60.14051530039122,MIMIC,ROUTE_JohnMuirMedicalCenterWalnutCreekCampus,0.9,33.355,ROUTE_SutterDeltaMedicalCenter,0.9,6.283333333333333,ROUTE_JohnMuirMedicalCenterWalnutCreekCampus,0.9,33.355,ROUTE_KaiserFoundationHospitalAntioch,0.9,8.065
37.828888888862096,-122.2094444443996,191.6735031696086,HEMORRHAGIC,ROUTE_HighlandHospitalWilmaChanCampus,0.24,10.22,ROUTE_HighlandHospitalWilmaChanCampus,0.24,10.22,ROUTE_SutterEdenMedicalCenter,0.24,20.43166666666667,ROUTE_HighlandHospitalWilmaChanCampus,0.24,10.22
37.409166666639535,-121.93694444439937,32.30782470110378,HEMORRHAGIC,ROUTE_RegionalMedicalCenterOfSanJose,0.24,18.253333333333334,ROUTE_OConnorHospital,0.24,15.801666666666668,ROUTE_RegionalMedicalCenterOfSanJose,0.24,18.253333333333334,ROUTE_OConnorHospital,0.24,15.801666666666668
37.613333333306365,-122.0388888888439,135.31237349669925,NLVO,ROUTE_SutterEdenMedicalCenter,0.5295986177445899,24.88,ROUTE_StRoseHospital,0.4622,15.426666666666668,ROUTE_SutterEdenMedicalCenter,0.5295986177445899,24.88,ROUTE_WashingtonHospitalHealthcareSystem,0.5317466425059763,20.751666666666665
37.516111111084065,-122.34277777773303,133.2486472698562,HEMORRHAGIC,ROUTE_MillsPeninsulaMedicalCenterSutter,0.24,15.838333333333333,ROUTE_SanMateoMedicalCenter,0.24,13.578333333333335,ROUTE_MillsPeninsulaMedicalCenterSutter,0.24,15.838333333333333,ROUTE_MillsPeninsulaMedicalCenterSutter,0.24,15.838333333333333
37.85611111108434,-122.24388888884407,212.20424679479208,LVO,ROUTE_AltaBatesSummitMedicalCenterSummitCampus,0.2534367183308237,11.473333333333333,ROUTE_AltaBatesSummitMedicalCenterAltaBatesCampus,0.24466880000000002,4.236666666666666,ROUTE_SutterEdenMedicalCenter,0.24466880000000002,23.508333333333333,ROUTE_AltaBatesSummitMedicalCenterSummitCampus,0.2534367183308237,11.473333333333333
37.68055555552864,-121.89777777773268,253.93910875553829,LVO,ROUTE_StanfordHealthCareTriValley,0.24466880000000002,6.605,ROUTE_StanfordHealthCareTriValley,0.24466880000000002,6.605,ROUTE_SutterEdenMedicalCenter,0.24466880000000002,20.421666666666667,ROUTE_StanfordHealthCareTriValley,0.24466880000000002,6.605
37.95694444441775,-122.36777777773305,263.3534218967542,LVO,ROUTE_KaiserFoundationHospitalRichmondCampus,0.24466880000000002,5.1883333333333335,ROUTE_KaiserFoundationHospitalRichmondCampus,0.24466880000000002,5.1883333333333335,ROUTE_CPMCDaviesCampusSutter,0.24466880000000002,37.375,ROUTE_KaiserFoundationHospitalRichmondCampus,0.24466880000000002,5.1883333333333335
37.87444444441769,-122.08138888884393,198.06166322232573,HEMORRHAGIC,ROUTE_KaiserFoundationHospitalWalnutCreek,0.24,8.635,ROUTE_KaiserFoundationHospitalWalnutCreek,0.24,8.635,ROUTE_JohnMuirMedicalCenterWalnutCreekCampus,0.24,12.748333333333333,ROUTE_KaiserFoundationHospitalWalnutCreek,0.24,8.635
37.71861111108423,-122.163888888844,217.70729569850593,LVO,ROUTE_KaiserFoundationHospitalSanLeandro,0.253244945729805,6.723333333333333,ROUTE_SanLeandroHospitalAlamedaHealthSystem,0.24466880000000002,6.201666666666667,ROUTE_SutterEdenMedicalCenter,0.24466880000000002,14.363333333333333,ROUTE_KaiserFoundationHospitalSanLeandro,0.253244945729805,6.723333333333333
37.764999999973156,-122.42583333328865,109.62445545609827,HEMORRHAGIC,ROUTE_CPMCDaviesCampusSutter,0.24,4.013333333333334,ROUTE_CPMCDaviesCampusSutter,0.24,4.013333333333334,ROUTE_CPMCDaviesCampusSutter,0.24,4.013333333333334,ROUTE_CPMCDaviesCampusSutter,0.24,4.013333333333334
37.78611111108428,-122.23777777773294,45.24091311151861,LVO,ROUTE_SutterEdenMedicalCenter,0.44339358850792643,20.19333333333333,ROUTE_HighlandHospitalWilmaChanCampus,0.3033519011652867,3.4633333333333334,ROUTE_SutterEdenMedicalCenter,0.44339358850792643,20.19333333333333,ROUTE_HighlandHospitalWilmaChanCampus,0.3033519011652867,3.4633333333333334
37.765555555528714,-122.44944444439979,235.9365400560353,HEMORRHAGIC,ROUTE_UCSFMedicalCenter,0.24,2.6333333333333333,ROUTE_UCSFMedicalCenter,0.24,2.6333333333333333,ROUTE_UCSFMedicalCenter,0.24,2.6333333333333333,ROUTE_UCSFMedicalCenter,0.24,2.6333333333333333
37.47472222219515,-122.24638888884407,266.2717698560449,HEMORRHAGIC,ROUTE_SequoiaHospital,0.24,4.163333333333333,ROUTE_SequoiaHospital,0.24,4.163333333333333,ROUTE_KaiserFoundationHospitalRedwoodCity,0.24,8.853333333333333,ROUTE_SequoiaHospital,0.24,4.163333333333333
37.702222222195324,-122.11916666662175,45.38855273524167,LVO,ROUTE_SutterEdenMedicalCenter,0.44846737945956766,7.305000000000001,ROUTE_SanLeandroHospitalAlamedaHealthSystem,0.24466880000000002,5.821666666666667,ROUTE_SutterEdenMedicalCenter,0.44846737945956766,7.305000000000001,ROUTE_SutterEdenMedicalCenter,0.44846737945956766,7.305000000000001
37.42666666663955,-122.16333333328845,66.1145170121511,LVO,ROUTE_StanfordHealthCare,0.43993232501352764,8.06,ROUTE_StanfordHealthCare,0.43993232501352764,8.06,ROUTE_StanfordHealthCare,0.43993232501352764,8.06,ROUTE_StanfordHealthCare,0.43993232501352764,8.06
37.94583333330663,-122.01222222217721,230.00913345530103,LVO,ROUTE_JohnMuirMedicalCenterWalnutCreekCampus,0.24466880000000002,8.238333333333333,ROUTE_JohnMuirMedicalCenterWalnutCreekCampus,0.24466880000000002,8.238333333333333,ROUTE_JohnMuirMedicalCenterWalnutCreekCampus,0.24466880000000002,8.238333333333333,ROUTE_JohnMuirMedicalCenterWalnutCreekCampus,0.24466880000000002,8.238333333333333
37.74305555552869,-122.4683333332887,170.41880756442575,MIMIC,ROUTE_UCSFMedicalCenter,0.9,6.158333333333333,ROUTE_UCSFMedicalCenter,0.9,6.158333333333333,ROUTE_UCSFMedicalCenter,0.9,6.158333333333333,ROUTE_UCSFMedicalCenter,0.9,6.158333333333333
37.97305555552888,-121.78249999995481,142.59440019747302,HEMORRHAGIC,ROUTE_JohnMuirMedicalCenterWalnutCreekCampus,0.24,33.645,ROUTE_SutterDeltaMedicalCenter,0.24,5.541666666666667,ROUTE_JohnMuirMedicalCenterWalnutCreekCampus,0.24,33.645,ROUTE_KaiserFoundationHospitalAntioch,0.24,5.666666666666667
37.72638888886201,-122.0363888888439,59.21223378368897,LVO,ROUTE_SutterEdenMedicalCenter,0.4407943844652691,12.781666666666666,ROUTE_SutterEdenMedicalCenter,0.4407943844652691,12.781666666666666,ROUTE_SutterEdenMedicalCenter,0.4407943844652691,12.781666666666666,ROUTE_SutterEdenMedicalCenter,0.4407943844652691,12.781666666666666
37.78388888886206,-122.28305555551077,193.79635932779524,MIMIC,ROUTE_AlamedaHospital,0.9,9.68,ROUTE_AlamedaHospital,0.9,9.68,ROUTE_SutterEdenMedicalCenter,0.9,26.048333333333336,ROUTE_AlamedaHospital,0.9,9.68
37.783611111084284,-122.41444444439976,179.53762026931327,LVO,ROUTE_CPMCDaviesCampusSutter,0.26278778535163017,8.316666666666666,ROUTE_UCSFHealthHydeHospital,0.26438602583878273,2.36,ROUTE_CPMCDaviesCampusSutter,0.26278778535163017,8.316666666666666,ROUTE_UCSFHealthHydeHospital,0.26438602583878273,2.36
37.686944444417534,-122.48027777773315,182.72664541542446,MIMIC,ROUTE_CPMCDaviesCampusSutter,0.9,18.495,ROUTE_AHMCSetonMedicalCenter,0.9,6.556666666666667,ROUTE_CPMCDaviesCampusSutter,0.9,18.495,ROUTE_AHMCSetonMedicalCenter,0.9,6.556666666666667
37.989999999973335,-122.07361111106616,211.48426234621851,HEMORRHAGIC,ROUTE_JohnMuirMedicalCenterConcordCampus,0.24,7.251666666666667,ROUTE_JohnMuirMedicalCenterConcordCampus,0.24,7.251666666666667,ROUTE_JohnMuirMedicalCenterWalnutCreekCampus,0.24,14.518333333333334,ROUTE_JohnMuirMedicalCenterConcordCampus,0.24,7.251666666666667
37.66027777775085,-122.41583333328865,155.71873619873867,NLVO,ROUTE_MillsPeninsulaMedicalCenterSutter,0.5246371633559147,13.996666666666666,ROUTE_KaiserFoundationHospitalSouthSanFrancisco,0.5279135049969604,7.71,ROUTE_MillsPeninsulaMedicalCenterSutter,0.5246371633559147,13.996666666666666,ROUTE_KaiserFoundationHospitalSouthSanFrancisco,0.5279135049969604,7.71
37.41499999997288,-122.11999999995508,224.66519006074313,HEMORRHAGIC,ROUTE_StanfordHealthCare,0.24,14.826666666666666,ROUTE_StanfordHealthCare,0.24,14.826666666666666,ROUTE_StanfordHealthCare,0.24,14.826666666666666,ROUTE_StanfordHealthCare,0.24,14.826666666666666
37.674444444417524,-121.89666666662157,209.61475420278944,HEMORRHAGIC,ROUTE_StanfordHealthCareTriValley,0.24,7.091666666666667,ROUTE_StanfordHealthCareTriValley,0.24,7.091666666666667,ROUTE_SutterEdenMedicalCenter,0.24,20.908333333333335,ROUTE_StanfordHealthCareTriValley,0.24,7.091666666666667
37.6949999999731,-122.07499999995504,116.81026375780263,MIMIC,ROUTE_SutterEdenMedicalCenter,0.9,6.38,ROUTE_SutterEdenMedicalCenter,0.9,6.38,ROUTE_SutterEdenMedicalCenter,0.9,6.38,ROUTE_SutterEdenMedicalCenter,0.9,6.38
37.92999999997329,-122.06833333328836,98.23059161295363,NLVO,ROUTE_JohnMuirMedicalCenterWalnutCreekCampus,0.556539924962684,9.943333333333333,ROUTE_KaiserFoundationHospitalWalnutCreek,0.5566404099529704,9.748333333333333,ROUTE_JohnMuirMedicalCenterWalnutCreekCampus,0.556539924962684,9.943333333333333,ROUTE_KaiserFoundationHospitalWalnutCreek,0.5566404099529704,9.748333333333333
37.70527777775089,-121.93722222217716,106.91351188107008,LVO,ROUTE_SutterEdenMedicalCenter,0.42153418752658345,14.431666666666667,ROUTE_StanfordHealthCareTriValley,0.2827822951793474,9.461666666666668,ROUTE_SutterEdenMedicalCenter,0.42153418752658345,14.431666666666667,ROUTE_StanfordHealthCareTriValley,0.2827822951793474,9.461666666666668
37.74361111108425,-122.49027777773316,56.446464779755885,LVO,ROUTE_UCSFMedicalCenter,0.443081848903903,9.773333333333333,ROUTE_UCSFMedicalCenter,0.443081848903903,9.773333333333333,ROUTE_UCSFMedicalCenter,0.443081848903903,9.773333333333333,ROUTE_UCSFMedicalCenter,0.443081848903903,9.773333333333333
37.33916666663948,-122.03999999995501,85.79476751030272,LVO,ROUTE_KaiserFoundationHospitalSantaClara,0.43135451553502646,10.218333333333334,ROUTE_KaiserFoundationHospitalSantaClara,0.43135451553502646,10.218333333333334,ROUTE_KaiserFoundationHospitalSantaClara,0.43135451553502646,10.218333333333334,ROUTE_KaiserFoundationHospitalSantaClara,0.43135451553502646,10.218333333333334
37.79777777775096,-122.4038888888442,149.25145364518085,HEMORRHAGIC,ROUTE_CPMCDaviesCampusSutter,0.24,12.268333333333334,ROUTE_ChineseHospital,0.24,2.253333333333333,ROUTE_CPMCDaviesCampusSutter,0.24,12.268333333333334,ROUTE_ChineseHospital,0.24,2.253333333333333
37.95194444441775,-121.71749999995475,46.831835248624614,LVO,ROUTE_JohnMuirMedicalCenterWalnutCreekCampus,0.43552346838057915,38.535,ROUTE_KaiserFoundationHospitalAntioch,0.29995919508950103,12.681666666666667,ROUTE_JohnMuirMedicalCenterWalnutCreekCampus,0.43552346838057915,38.535,ROUTE_KaiserFoundationHospitalAntioch,0.29995919508950103,12.681666666666667
38.1394444444179,-122.24944444439963,220.30815984811102,LVO,ROUTE_SutterSolanoMedicalCenter,0.2535075013715564,3.091666666666667,ROUTE_SutterSolanoMedicalCenter,0.2535075013715564,3.091666666666667,ROUTE_JohnMuirMedicalCenterWalnutCreekCampus,0.24466880000000002,33.126666666666665,ROUTE_SutterSolanoMedicalCenter,0.2535075013715564,3.091666666666667
37.960833333306645,-121.9783333332883,260.3353114852217,LVO,ROUTE_JohnMuirMedicalCenterConcordCampus,0.24466880000000002,10.316666666666666,ROUTE_JohnMuirMedicalCenterConcordCampus,0.24466880000000002,10.316666666666666,ROUTE_JohnMuirMedicalCenterWalnutCreekCampus,0.24466880000000002,13.131666666666666,ROUTE_JohnMuirMedicalCenterConcordCampus,0.24466880000000002,10.316666666666666
37.92694444441773,-121.7069444443992,202.617407173146,LVO,ROUTE_KaiserFoundationHospitalAntioch,0.2553755263425309,13.49,ROUTE_KaiserFoundationHospitalAntioch,0.2553755263425309,13.49,ROUTE_JohnMuirMedicalCenterWalnutCreekCampus,0.24466880000000002,39.015,ROUTE_KaiserFoundationHospitalAntioch,0.2553755263425309,13.49
38.005277777751125,-122.55083333328875,230.01560301064447,HEMORRHAGIC,ROUTE_KaiserFoundationHospitalSanRafael,0.24,3.3449999999999998,ROUTE_KaiserFoundationHospitalSanRafael,0.24,3.3449999999999998,ROUTE_UCSFMedicalCenter,0.24,42.2,ROUTE_KaiserFoundationHospitalSanRafael,0.24,3.3449999999999998
37.356388888861716,-122.08138888884393,99.38799590832215,LVO,ROUTE_ElCaminoHealthMountainView,0.42722617817826464,7.23,ROUTE_ElCaminoHealthMountainView,0.42722617817826464,7.23,ROUTE_ElCaminoHealthMountainView,0.42722617817826464,7.23,ROUTE_ElCaminoHealthMountainView,0.42722617817826464,7.23
37.730277777750906,-122.44527777773311,72.79627544068735,MIMIC,ROUTE_UCSFMedicalCenter,0.9,12.03,ROUTE_CPMCMissionBernalCampusSutter,0.9,6.286666666666666,ROUTE_UCSFMedicalCenter,0.9,12.03,ROUTE_CPMCMissionBernalCampusSutter,0.9,6.286666666666666
37.436944444417335,-122.20472222217737,148.59254828133885,LVO,ROUTE_StanfordHealthCare,0.4068409978160814,11.373333333333333,ROUTE_StanfordHealthCare,0.4068409978160814,11.373333333333333,ROUTE_StanfordHealthCare,0.4068409978160814,11.373333333333333,ROUTE_StanfordHealthCare,0.4068409978160814,11.373333333333333
37.955277777751085,-122.0427777777328,165.6804825155198,LVO,ROUTE_JohnMuirMedicalCenterWalnutCreekCampus,0.4013344436279698,9.0,ROUTE_JohnMuirMedicalCenterConcordCampus,0.2667009136576042,7.67,ROUTE_JohnMuirMedicalCenterWalnutCreekCampus,0.4013344436279698,9.0,ROUTE_JohnMuirMedicalCenterConcordCampus,0.2667009136576042,7.67
37.95916666663998,-122.3672222221775,95.24758134423124,HEMORRHAGIC,ROUTE_CPMCDaviesCampusSutter,0.24,37.16,ROUTE_KaiserFoundationHospitalRichmondCampus,0.24,4.975,ROUTE_CPMCDaviesCampusSutter,0.24,37.16,ROUTE_KaiserFoundationHospitalRichmondCampus,0.24,4.975
37.78805555552873,-122.20749999995515,55.08313723133763,HEMORRHAGIC,ROUTE_SutterEdenMedicalCenter,0.24,17.941666666666666,ROUTE_HighlandHospitalWilmaChanCampus,0.24,5.426666666666667,ROUTE_SutterEdenMedicalCenter,0.24,17.941666666666666,ROUTE_HighlandHospitalWilmaChanCampus,0.24,5.426666666666667
37.767499999973154,-122.19805555551069,257.7186663106346,HEMORRHAGIC,ROUTE_HighlandHospitalWilmaChanCampus,0.24,10.853333333333333,ROUTE_HighlandHospitalWilmaChanCampus,0.24,10.853333333333333,ROUTE_SutterEdenMedicalCenter,0.24,18.361666666666668,ROUTE_HighlandHospitalWilmaChanCampus,0.24,10.853333333333333
37.743888888862024,-122.24499999995518,187.7258129522756,NLVO,ROUTE_AlamedaHospital,0.5102726477282679,9.463333333333333,ROUTE_AlamedaHospital,0.5102726477282679,9.463333333333333,ROUTE_SutterEdenMedicalCenter,0.5028747247225471,23.55666666666667,ROUTE_AlamedaHospital,0.5102726477282679,9.463333333333333
37.89305555552881,-122.29583333328856,216.6258574880047,LVO,ROUTE_KaiserFoundationHospitalRichmondCampus,0.24466880000000002,14.181666666666667,ROUTE_KaiserFoundationHospitalRichmondCampus,0.24466880000000002,14.181666666666667,ROUTE_CPMCDaviesCampusSutter,0.24466880000000002,31.413333333333334,ROUTE_KaiserFoundationHospitalRichmondCampus,0.24466880000000002,14.181666666666667
38.07416666664007,-122.56722222217766,109.26100528631282,NLVO,ROUTE_UCSFMedicalCenter,0.5303496410407798,49.48833333333334,ROUTE_NovatoCommunityHospitalSutter,0.5515097531969158,8.665,ROUTE_UCSFMedicalCenter,0.5303496410407798,49.48833333333334,ROUTE_NovatoCommunityHospitalSutter,0.5515097531969158,8.665
37.97249999997332,-121.77722222217703,208.88359832157008,NLVO,ROUTE_KaiserFoundationHospitalAntioch,0.5015220650952751,4.971666666666667,ROUTE_SutterDeltaMedicalCenter,0.4622,4.845,ROUTE_JohnMuirMedicalCenterWalnutCreekCampus,0.4622,33.56666666666667,ROUTE_KaiserFoundationHospitalAntioch,0.5015220650952751,4.971666666666667
37.96194444441776,-122.08249999995505,97.77873207431581,LVO,ROUTE_JohnMuirMedicalCenterWalnutCreekCampus,0.4242515961573371,16.52,ROUTE_JohnMuirMedicalCenterConcordCampus,0.2844322176603101,12.968333333333334,ROUTE_JohnMuirMedicalCenterWalnutCreekCampus,0.4242515961573371,16.52,ROUTE_JohnMuirMedicalCenterConcordCampus,0.2844322176603101,12.968333333333334
37.65527777775085,-122.42416666662199,135.11536482768048,HEMORRHAGIC,ROUTE_MillsPeninsulaMedicalCenterSutter,0.24,12.455,ROUTE_KaiserFoundationHospitalSouthSanFrancisco,0.24,5.025,ROUTE_MillsPeninsulaMedicalCenterSutter,0.24,12.455,ROUTE_KaiserFoundationHospitalSouthSanFrancisco,0.24,5.025
37.489722222195155,-122.24194444439962,82.92390428730343,HEMORRHAGIC,ROUTE_KaiserFoundationHospitalRedwoodCity,0.24,6.656666666666666,ROUTE_SequoiaHospital,0.24,4.165,ROUTE_KaiserFoundationHospitalRedwoodCity,0.24,6.656666666666666,ROUTE_SequoiaHospital,0.24,4.165
37.40555555552842,-122.00805555551055,254.04875115007115,HEMORRHAGIC,ROUTE_KaiserFoundationHospitalSantaClara,0.24,15.875,ROUTE_KaiserFoundationHospitalSantaClara,0.24,15.875,ROUTE_KaiserFoundationHospitalSantaClara,0.24,15.875,ROUTE_KaiserFoundationHospitalSantaClara,0.24,15.875
38.29499999997358,-122.01416666662166,203.47782848964349,HEMORRHAGIC,ROUTE_NorthBayMedicalCenter,0.24,13.838333333333333,ROUTE_NorthBayMedicalCenter,0.24,13.838333333333333,ROUTE_JohnMuirMedicalCenterWalnutCreekCampus,0.24,45.13666666666666,ROUTE_NorthBayMedicalCenter,0.24,13.838333333333333
37.51111111108406,-122.26361111106631,73.01306603840163,LVO,ROUTE_KaiserFoundationHospitalRedwoodCity,0.43643338133246046,10.038333333333332,ROUTE_KaiserFoundationHospitalRedwoodCity,0.43643338133246046,10.038333333333332,ROUTE_KaiserFoundationHospitalRedwoodCity,0.43643338133246046,10.038333333333332,ROUTE_KaiserFoundationHospitalRedwoodCity,0.43643338133246046,10.038333333333332
37.87416666663991,-122.26694444439964,259.67803390283245,LVO,ROUTE_AltaBatesSummitMedicalCenterAltaBatesCampus,0.24466880000000002,7.513333333333334,ROUTE_AltaBatesSummitMedicalCenterAltaBatesCampus,0.24466880000000002,7.513333333333334,ROUTE_SutterEdenMedicalCenter,0.24466880000000002,30.511666666666667,ROUTE_KaiserFoundationHospitalOaklandRichmond,0.24466880000000002,15.366666666666667
37.746666666639804,-122.15861111106622,79.56988387592241,HEMORRHAGIC,ROUTE_SutterEdenMedicalCenter,0.24,13.291666666666666,ROUTE_SanLeandroHospitalAlamedaHealthSystem,0.24,11.110000000000001,ROUTE_SutterEdenMedicalCenter,0.24,13.291666666666666,ROUTE_HighlandHospitalWilmaChanCampus,0.24,11.375
38.0194444444178,-122.26694444439964,105.34288941218217,LVO,ROUTE_JohnMuirMedicalCenterWalnutCreekCampus,0.4162538317659735,29.778333333333332,ROUTE_ContraCostaRegionalMedicalCenter,0.24466880000000002,16.731666666666666,ROUTE_JohnMuirMedicalCenterWalnutCreekCampus,0.4162538317659735,29.778333333333332,ROUTE_KaiserFoundationHospitalRichmondCampus,0.280622665803196,18.456666666666667
37.710555555528664,-122.42194444439977,174.0376150988948,NLVO,ROUTE_CPMCDaviesCampusSutter,0.5127571239547449,18.41,ROUTE_CPMCMissionBernalCampusSutter,0.516039037964412,12.139999999999999,ROUTE_CPMCDaviesCampusSutter,0.5127571239547449,18.41,ROUTE_CPMCMissionBernalCampusSutter,0.516039037964412,12.139999999999999
37.72972222219535,-122.42722222217755,113.06802565979618,HEMORRHAGIC,ROUTE_CPMCDaviesCampusSutter,0.24,11.72,ROUTE_CPMCMissionBernalCampusSutter,0.24,5.45,ROUTE_CPMCDaviesCampusSutter,0.24,11.72,ROUTE_CPMCMissionBernalCampusSutter,0.24,5.45
37.40944444441732,-122.11388888884396,229.0728755136889,HEMORRHAGIC,ROUTE_ElCaminoHealthMountainView,0.24,18.34333333333333,ROUTE_ElCaminoHealthMountainView,0.24,18.34333333333333,ROUTE_ElCaminoHealthMountainView,0.24,18.34333333333333,ROUTE_ElCaminoHealthMountainView,0.24,18.34333333333333
37.884444444417696,-122.30361111106633,136.07867793746004,HEMORRHAGIC,ROUTE_CPMCDaviesCampusSutter,0.24,30.271666666666665,ROUTE_KaiserFoundationHospitalRichmondCampus,0.24,13.923333333333334,ROUTE_CPMCDaviesCampusSutter,0.24,30.271666666666665,ROUTE_KaiserFoundationHospitalRichmondCampus,0.24,13.923333333333334
37.78277777775095,-122.28333333328854,82.03841066835301,LVO,ROUTE_SutterEdenMedicalCenter,0.4266253331481532,26.128333333333334,ROUTE_AlamedaHospital,0.29015099510040837,9.485000000000001,ROUTE_SutterEdenMedicalCenter,0.4266253331481532,26.128333333333334,ROUTE_AlamedaHospital,0.29015099510040837,9.485000000000001
37.41388888886176,-122.08361111106616,117.00601497444734,LVO,ROUTE_ElCaminoHealthMountainView,0.41951456080888044,9.595,ROUTE_ElCaminoHealthMountainView,0.41951456080888044,9.595,ROUTE_ElCaminoHealthMountainView,0.41951456080888044,9.595,ROUTE_ElCaminoHealthMountainView,0.41951456080888044,9.595
38.270555555529114,-122.0263888888439,129.5047510695548,LVO,ROUTE_JohnMuirMedicalCenterWalnutCreekCampus,0.4018918243857889,43.68,ROUTE_NorthBayMedicalCenter,0.2767045345724564,7.9366666666666665,ROUTE_JohnMuirMedicalCenterWalnutCreekCampus,0.4018918243857889,43.68,ROUTE_NorthBayMedicalCenter,0.2767045345724564,7.9366666666666665
37.582777777750785,-122.02527777773278,62.126294478654415,LVO,ROUTE_SutterEdenMedicalCenter,0.43571221586505693,22.759999999999998,ROUTE_WashingtonHospitalHealthcareSystem,0.29501164536530594,13.388333333333332,ROUTE_SutterEdenMedicalCenter,0.43571221586505693,22.759999999999998,ROUTE_WashingtonHospitalHealthcareSystem,0.29501164536530594,13.388333333333332
37.55388888886188,-122.02138888884389,232.4767992168468,LVO,ROUTE_WashingtonHospitalHealthcareSystem,0.24466880000000002,11.528333333333334,ROUTE_WashingtonHospitalHealthcareSystem,0.24466880000000002,11.528333333333334,ROUTE_SutterEdenMedicalCenter,0.24466880000000002,21.728333333333335,ROUTE_WashingtonHospitalHealthcareSystem,0.24466880000000002,11.528333333333334
37.53249999997297,-121.96472222217717,221.33096143827743,LVO,ROUTE_KaiserFoundationHospitalFremont,0.24466880000000002,6.671666666666667,ROUTE_KaiserFoundationHospitalFremont,0.24466880000000002,6.671666666666667,ROUTE_RegionalMedicalCenterOfSanJose,0.24466880000000002,22.043333333333333,ROUTE_KaiserFoundationHospitalFremont,0.24466880000000002,6.671666666666667
37.80166666663985,-122.23694444439961,190.6333183251707,LVO,ROUTE_HighlandHospitalWilmaChanCampus,0.2610629823729935,3.7016666666666667,ROUTE_HighlandHospitalWilmaChanCampus,0.2610629823729935,3.7016666666666667,ROUTE_SutterEdenMedicalCenter,0.25694950039061004,19.384999999999998,ROUTE_HighlandHospitalWilmaChanCampus,0.2610629823729935,3.7016666666666667
37.90027777775104,-122.47361111106648,79.44882306330489,LVO,ROUTE_UCSFMedicalCenter,0.4243243421726536,34.66166666666666,ROUTE_MarinHealthMedicalCenter,0.28838150988382194,17.976666666666667,ROUTE_UCSFMedicalCenter,0.4243243421726536,34.66166666666666,ROUTE_MarinHealthMedicalCenter,0.28838150988382194,17.976666666666667
37.81333333330653,-122.27388888884408,194.80722022163405,HEMORRHAGIC,ROUTE_AltaBatesSummitMedicalCenterSummitCampus,0.24,5.069999999999999,ROUTE_AltaBatesSummitMedicalCenterSummitCampus,0.24,5.069999999999999,ROUTE_SutterEdenMedicalCenter,0.24,22.206666666666667,ROUTE_AltaBatesSummitMedicalCenterSummitCampus,0.24,5.069999999999999
37.96527777775109,-122.53305555551097,225.45198401604864,LVO,ROUTE_MarinHealthMedicalCenter,0.24466880000000002,5.671666666666667,ROUTE_MarinHealthMedicalCenter,0.24466880000000002,5.671666666666667,ROUTE_UCSFMedicalCenter,0.24466880000000002,37.723333333333336,ROUTE_MarinHealthMedicalCenter,0.24466880000000002,5.671666666666667
37.406388888861756,-122.12249999995508,83.03505773347513,HEMORRHAGIC,ROUTE_StanfordHealthCare,0.24,16.91166666666667,ROUTE_StanfordHealthCare,0.24,16.91166666666667,ROUTE_StanfordHealthCare,0.24,16.91166666666667,ROUTE_StanfordHealthCare,0.24,16.91166666666667
37.41583333330621,-122.12722222217731,46.67261589729546,NLVO,ROUTE_StanfordHealthCare,0.580770053128252,14.264999999999999,ROUTE_StanfordHealthCare,0.580770053128252,14.264999999999999,ROUTE_StanfordHealthCare,0.580770053128252,14.264999999999999,ROUTE_StanfordHealthCare,0.580770053128252,14.264999999999999
37.399444444417306,-122.00222222217721,260.8266739001918,LVO,ROUTE_KaiserFoundationHospitalSantaClara,0.24466880000000002,14.041666666666666,ROUTE_KaiserFoundationHospitalSantaClara,0.24466880000000002,14.041666666666666,ROUTE_KaiserFoundationHospitalSantaClara,0.24466880000000002,14.041666666666666,ROUTE_KaiserFoundationHospitalSantaClara,0.24466880000000002,14.041666666666666
37.38638888886174,-122.02277777773278,53.46211245791942,MIMIC,ROUTE_KaiserFoundationHospitalSantaClara,0.9,13.313333333333333,ROUTE_KaiserFoundationHospitalSantaClara,0.9,13.313333333333333,ROUTE_KaiserFoundationHospitalSantaClara,0.9,13.313333333333333,ROUTE_KaiserFoundationHospitalSantaClara,0.9,13.313333333333333
37.37416666663951,-122.02444444439945,158.17774048921052,MIMIC,ROUTE_KaiserFoundationHospitalSantaClara,0.9,11.941666666666666,ROUTE_KaiserFoundationHospitalSantaClara,0.9,11.941666666666666,ROUTE_KaiserFoundationHospitalSantaClara,0.9,11.941666666666666,ROUTE_KaiserFoundationHospitalSantaClara,0.9,11.941666666666666
37.66861111108419,-122.14249999995509,78.65202056786751,LVO,ROUTE_SutterEdenMedicalCenter,0.432366905047023,14.770000000000001,ROUTE_StRoseHospital,0.24466880000000002,12.738333333333333,ROUTE_SutterEdenMedicalCenter,0.432366905047023,14.770000000000001,ROUTE_KaiserFoundationHospitalSanLeandro,0.28993640480181393,13.585
37.67749999997309,-122.49277777773315,116.05749805078692,LVO,ROUTE_MillsPeninsulaMedicalCenterSutter,0.4155081245255882,21.01833333333333,ROUTE_AHMCSetonMedicalCenter,0.28047850986292366,8.24,ROUTE_MillsPeninsulaMedicalCenterSutter,0.4155081245255882,21.01833333333333,ROUTE_AHMCSetonMedicalCenter,0.28047850986292366,8.24
38.09388888886231,-122.18083333328846,258.99321085780673,NLVO,ROUTE_SutterSolanoMedicalCenter,0.4622,15.368333333333334,ROUTE_SutterSolanoMedicalCenter,0.4622,15.368333333333334,ROUTE_JohnMuirMedicalCenterWalnutCreekCampus,0.4622,28.220000000000002,ROUTE_SutterSolanoMedicalCenter,0.4622,15.368333333333334
37.754444444417594,-122.18416666662179,79.8150217444823,HEMORRHAGIC,ROUTE_SutterEdenMedicalCenter,0.24,17.37,ROUTE_KaiserFoundationHospitalSanLeandro,0.24,14.483333333333333,ROUTE_SutterEdenMedicalCenter,0.24,17.37,ROUTE_KaiserFoundationHospitalSanLeandro,0.24,14.483333333333333
37.45833333330624,-122.13916666662176,261.8307878643297,LVO,ROUTE_KaiserFoundationHospitalRedwoodCity,0.24466880000000002,11.786666666666667,ROUTE_KaiserFoundationHospitalRedwoodCity,0.24466880000000002,11.786666666666667,ROUTE_KaiserFoundationHospitalRedwoodCity,0.24466880000000002,11.786666666666667,ROUTE_KaiserFoundationHospitalRedwoodCity,0.24466880000000002,11.786666666666667
38.0888888888623,-122.5602777777332,89.04097617428275,MIMIC,ROUTE_UCSFMedicalCenter,0.9,47.99333333333333,ROUTE_NovatoCommunityHospitalSutter,0.9,5.576666666666667,ROUTE_UCSFMedicalCenter,0.9,47.99333333333333,ROUTE_NovatoCommunityHospitalSutter,0.9,5.576666666666667
37.92833333330662,-122.3305555555108,108.3733268221882,HEMORRHAGIC,ROUTE_CPMCDaviesCampusSutter,0.24,33.29666666666667,ROUTE_KaiserFoundationHospitalRichmondCampus,0.24,8.613333333333333,ROUTE_CPMCDaviesCampusSutter,0.24,33.29666666666667,ROUTE_KaiserFoundationHospitalRichmondCampus,0.24,8.613333333333333
38.07944444441785,-122.15722222217732,197.29647884681913,LVO,ROUTE_SutterSolanoMedicalCenter,0.2560053633339206,16.368333333333332,ROUTE_ContraCostaRegionalMedicalCenter,0.24466880000000002,15.501666666666667,ROUTE_JohnMuirMedicalCenterWalnutCreekCampus,0.25345313652551105,26.316666666666666,ROUTE_SutterSolanoMedicalCenter,0.2560053633339206,16.368333333333332
37.46916666663959,-122.13305555551065,127.70544117827201,HEMORRHAGIC,ROUTE_KaiserFoundationHospitalRedwoodCity,0.24,12.629999999999999,ROUTE_KaiserFoundationHospitalRedwoodCity,0.24,12.629999999999999,ROUTE_KaiserFoundationHospitalRedwoodCity,0.24,12.629999999999999,ROUTE_KaiserFoundationHospitalRedwoodCity,0.24,12.629999999999999
37.9613888888622,-122.04527777773279,213.0309747696317,LVO,ROUTE_JohnMuirMedicalCenterConcordCampus,0.25413188015147037,7.923333333333333,ROUTE_JohnMuirMedicalCenterConcordCampus,0.25413188015147037,7.923333333333333,ROUTE_JohnMuirMedicalCenterWalnutCreekCampus,0.25311466869134225,11.911666666666667,ROUTE_JohnMuirMedicalCenterConcordCampus,0.25413188015147037,7.923333333333333
37.700277777750884,-122.4152777777331,31.52880116807036,LVO,ROUTE_MillsPeninsulaMedicalCenterSutter,0.4491521210828498,19.451666666666664,ROUTE_CPMCMissionBernalCampusSutter,0.3041562352284344,14.631666666666666,ROUTE_MillsPeninsulaMedicalCenterSutter,0.4491521210828498,19.451666666666664,ROUTE_CPMCMissionBernalCampusSutter,0.3041562352284344,14.631666666666666
37.97583333330666,-122.29472222217744,178.0298315579571,LVO,ROUTE_KaiserFoundationHospitalRichmondCampus,0.26086435921436957,17.055,ROUTE_KaiserFoundationHospitalRichmondCampus,0.26086435921436957,17.055,ROUTE_JohnMuirMedicalCenterWalnutCreekCampus,0.25631899593855867,34.42166666666667,ROUTE_KaiserFoundationHospitalRichmondCampus,0.26086435921436957,17.055
37.582777777750785,-122.05583333328836,226.18763510187975,HEMORRHAGIC,ROUTE_StRoseHospital,0.24,11.003333333333334,ROUTE_StRoseHospital,0.24,11.003333333333334,ROUTE_SutterEdenMedicalCenter,0.24,20.165000000000003,ROUTE_WashingtonHospitalHealthcareSystem,0.24,16.470000000000002
37.94166666663996,-121.94944444439939,38.531489767218076,LVO,ROUTE_JohnMuirMedicalCenterWalnutCreekCampus,0.44909639677166746,12.588333333333333,ROUTE_JohnMuirMedicalCenterWalnutCreekCampus,0.44909639677166746,12.588333333333333,ROUTE_JohnMuirMedicalCenterWalnutCreekCampus,0.44909639677166746,12.588333333333333,ROUTE_JohnMuirMedicalCenterWalnutCreekCampus,0.44909639677166746,12.588333333333333
38.21666666664019,-122.12805555551064,159.0083192505338,HEMORRHAGIC,ROUTE_JohnMuirMedicalCenterWalnutCreekCampus,0.24,35.69666666666667,ROUTE_NorthBayMedicalCenter,0.24,11.53,ROUTE_JohnMuirMedicalCenterWalnutCreekCampus,0.24,35.69666666666667,ROUTE_NorthBayMedicalCenter,0.24,11.53
38.00888888886224,-121.8747222221771,252.9142438480443,HEMORRHAGIC,ROUTE_SutterDeltaMedicalCenter,0.24,11.035,ROUTE_SutterDeltaMedicalCenter,0.24,11.035,ROUTE_JohnMuirMedicalCenterWalnutCreekCampus,0.24,24.446666666666665,ROUTE_JohnMuirMedicalCenterConcordCampus,0.24,15.661666666666667
37.862222222195456,-122.26388888884408,154.67635843427638,LVO,ROUTE_JohnMuirMedicalCenterWalnutCreekCampus,0.2643347468281592,27.41166666666667,ROUTE_AltaBatesSummitMedicalCenterAltaBatesCampus,0.24466880000000002,3.795,ROUTE_JohnMuirMedicalCenterWalnutCreekCampus,0.2643347468281592,27.41166666666667,ROUTE_KaiserFoundationHospitalOaklandRichmond,0.2685788633673903,11.808333333333334
38.23805555552909,-122.59277777773323,98.76595760290739,MIMIC,ROUTE_UCSFMedicalCenter,0.9,62.93833333333334,ROUTE_PetalumaValleyHospitalProvidence,0.9,9.856666666666666,ROUTE_UCSFMedicalCenter,0.9,62.93833333333334,ROUTE_PetalumaValleyHospitalProvidence,0.9,9.856666666666666
37.723333333306456,-122.17083333328846,209.21455918963434,MIMIC,ROUTE_KaiserFoundationHospitalSanLeandro,0.9,7.4366666666666665,ROUTE_KaiserFoundationHospitalSanLeandro,0.9,7.4366666666666665,ROUTE_SutterEdenMedicalCenter,0.9,13.313333333333333,ROUTE_KaiserFoundationHospitalSanLeandro,0.9,7.4366666666666665
37.97166666663999,-122.31972222217746,95.60127391437723,HEMORRHAGIC,ROUTE_JohnMuirMedicalCenterWalnutCreekCampus,0.24,30.913333333333334,ROUTE_KaiserFoundationHospitalRichmondCampus,0.24,11.833333333333334,ROUTE_JohnMuirMedicalCenterWalnutCreekCampus,0.24,30.913333333333334,ROUTE_KaiserFoundationHospitalRichmondCampus,0.24,11.833333333333334
37.761944444417594,-122.43111111106644,182.11219682622655,HEMORRHAGIC,ROUTE_CPMCDaviesCampusSutter,0.24,3.9833333333333334,ROUTE_CPMCDaviesCampusSutter,0.24,3.9833333333333334,ROUTE_CPMCDaviesCampusSutter,0.24,3.9833333333333334,ROUTE_CPMCDaviesCampusSutter,0.24,3.9833333333333334
37.808055555528746,-122.2963888888441,103.41271521858472,LVO,ROUTE_CPMCDaviesCampusSutter,0.41909264620698305,24.288333333333334,ROUTE_KaiserFoundationHospitalOaklandRichmond,0.2840225331366991,8.728333333333333,ROUTE_CPMCDaviesCampusSutter,0.41909264620698305,24.288333333333334,ROUTE_KaiserFoundationHospitalOaklandRichmond,0.2840225331366991,8.728333333333333
37.560555555528545,-121.9933333332883,223.20066353963043,HEMORRHAGIC,ROUTE_WashingtonHospitalHealthcareSystem,0.24,5.556666666666667,ROUTE_WashingtonHospitalHealthcareSystem,0.24,5.556666666666667,ROUTE_SutterEdenMedicalCenter,0.24,28.178333333333335,ROUTE_WashingtonHospitalHealthcareSystem,0.24,5.556666666666667
38.39527777775144,-122.35749999995527,84.05415515510276,LVO,ROUTE_JohnMuirMedicalCenterWalnutCreekCampus,0.4141090754058688,56.695,ROUTE_ProvidenceQueenOfTheValleyMedicalCenter,0.28879006711504723,12.004999999999999,ROUTE_JohnMuirMedicalCenterWalnutCreekCampus,0.4141090754058688,56.695,ROUTE_ProvidenceQueenOfTheValleyMedicalCenter,0.28879006711504723,12.004999999999999
37.557777777750765,-121.98583333328831,146.51628646110277,LVO,ROUTE_SutterEdenMedicalCenter,0.40113614929337293,28.696666666666665,ROUTE_WashingtonHospitalHealthcareSystem,0.27332844732142864,2.865,ROUTE_SutterEdenMedicalCenter,0.40113614929337293,28.696666666666665,ROUTE_WashingtonHospitalHealthcareSystem,0.27332844732142864,2.865
37.728055555528684,-122.15722222217732,147.84773245780667,MIMIC,ROUTE_SutterEdenMedicalCenter,0.9,14.246666666666666,ROUTE_SanLeandroHospitalAlamedaHealthSystem,0.9,5.925,ROUTE_SutterEdenMedicalCenter,0.9,14.246666666666666,ROUTE_KaiserFoundationHospitalSanLeandro,0.9,10.639999999999999
37.35194444441727,-122.00694444439944,237.11410965734967,MIMIC,ROUTE_KaiserFoundationHospitalSantaClara,0.9,5.868333333333334,ROUTE_KaiserFoundationHospitalSantaClara,0.9,5.868333333333334,ROUTE_KaiserFoundationHospitalSantaClara,0.9,5.868333333333334,ROUTE_KaiserFoundationHospitalSantaClara,0.9,5.868333333333334
37.40999999997287,-122.13583333328843,177.41882467032156,LVO,ROUTE_StanfordHealthCare,0.26126480272712516,16.154999999999998,ROUTE_StanfordHealthCare,0.26126480272712516,16.154999999999998,ROUTE_StanfordHealthCare,0.26126480272712516,16.154999999999998,ROUTE_StanfordHealthCare,0.26126480272712516,16.154999999999998
37.41666666663954,-122.0880555555106,112.7833252420894,HEMORRHAGIC,ROUTE_ElCaminoHealthMountainView,0.24,11.921666666666665,ROUTE_ElCaminoHealthMountainView,0.24,11.921666666666665,ROUTE_ElCaminoHealthMountainView,0.24,11.921666666666665,ROUTE_ElCaminoHealthMountainView,0.24,11.921666666666665
37.57916666663967,-122.05805555551059,146.36913881263064,HEMORRHAGIC,ROUTE_SutterEdenMedicalCenter,0.24,20.271666666666665,ROUTE_StRoseHospital,0.24,11.108333333333333,ROUTE_SutterEdenMedicalCenter,0.24,20.271666666666665,ROUTE_WashingtonHospitalHealthcareSystem,0.24,16.576666666666668
37.549444444417425,-122.26055555551075,64.19435296566112,MIMIC,ROUTE_MillsPeninsulaMedicalCenterSutter,0.9,17.55,ROUTE_SanMateoMedicalCenter,0.9,12.585,ROUTE_MillsPeninsulaMedicalCenterSutter,0.9,17.55,ROUTE_MillsPeninsulaMedicalCenterSutter,0.9,17.55
38.268055555529116,-122.0388888888439,82.73952916093717,LVO,ROUTE_JohnMuirMedicalCenterWalnutCreekCampus,0.4200467326704166,42.475,ROUTE_NorthBayMedicalCenter,0.2914484772275262,4.4816666666666665,ROUTE_JohnMuirMedicalCenterWalnutCreekCampus,0.4200467326704166,42.475,ROUTE_NorthBayMedicalCenter,0.2914484772275262,4.4816666666666665
37.71027777775089,-122.41638888884421,98.43628925238794,MIMIC,ROUTE_MillsPeninsulaMedicalCenterSutter,0.9,18.065,ROUTE_CPMCMissionBernalCampusSutter,0.9,12.816666666666666,ROUTE_MillsPeninsulaMedicalCenterSutter,0.9,18.065,ROUTE_CPMCMissionBernalCampusSutter,0.9,12.816666666666666
37.34555555552838,-122.03999999995501,192.46940542230232,LVO,ROUTE_KaiserFoundationHospitalSantaClara,0.2585572809809375,11.379999999999999,ROUTE_KaiserFoundationHospitalSantaClara,0.2585572809809375,11.379999999999999,ROUTE_KaiserFoundationHospitalSantaClara,0.2585572809809375,11.379999999999999,ROUTE_KaiserFoundationHospitalSantaClara,0.2585572809809375,11.379999999999999
37.60527777775081,-122.02388888884389,231.93352371620864,MIMIC,ROUTE_StRoseHospital,0.9,13.596666666666666,ROUTE_StRoseHospital,0.9,13.596666666666666,ROUTE_SutterEdenMedicalCenter,0.9,22.928333333333335,ROUTE_WashingtonHospitalHealthcareSystem,0.9,16.575
37.56777777775078,-121.97027777773273,133.61805492380046,HEMORRHAGIC,ROUTE_RegionalMedicalCenterOfSanJose,0.24,28.56833333333333,ROUTE_WashingtonHospitalHealthcareSystem,0.24,5.2,ROUTE_RegionalMedicalCenterOfSanJose,0.24,28.56833333333333,ROUTE_WashingtonHospitalHealthcareSystem,0.24,5.2
37.773333333306496,-122.50527777773317,91.61100986292738,LVO,ROUTE_UCSFMedicalCenter,0.42907691516357205,10.245000000000001,ROUTE_UCSFMedicalCenter,0.42907691516357205,10.245000000000001,ROUTE_UCSFMedicalCenter,0.42907691516357205,10.245000000000001,ROUTE_UCSFMedicalCenter,0.42907691516357205,10.245000000000001
37.38999999997286,-122.00888888884388,124.70345386381351,LVO,ROUTE_KaiserFoundationHospitalSantaClara,0.4147970557536719,14.238333333333333,ROUTE_KaiserFoundationHospitalSantaClara,0.4147970557536719,14.238333333333333,ROUTE_KaiserFoundationHospitalSantaClara,0.4147970557536719,14.238333333333333,ROUTE_KaiserFoundationHospitalSantaClara,0.4147970557536719,14.238333333333333
37.741388888862026,-122.15361111106621,144.24830930804393,LVO,ROUTE_SutterEdenMedicalCenter,0.40789434736698194,12.918333333333333,ROUTE_HighlandHospitalWilmaChanCampus,0.27183496195595247,10.471666666666666,ROUTE_SutterEdenMedicalCenter,0.40789434736698194,12.918333333333333,ROUTE_HighlandHospitalWilmaChanCampus,0.27183496195595247,10.471666666666666
37.752222222195364,-122.48166666662203,151.18360898245908,HEMORRHAGIC,ROUTE_UCSFMedicalCenter,0.24,7.055000000000001,ROUTE_UCSFMedicalCenter,0.24,7.055000000000001,ROUTE_UCSFMedicalCenter,0.24,7.055000000000001,ROUTE_UCSFMedicalCenter,0.24,7.055000000000001
38.01611111108447,-121.89888888884379,164.3614800936603,HEMORRHAGIC,ROUTE_JohnMuirMedicalCenterWalnutCreekCampus,0.24,23.163333333333334,ROUTE_SutterDeltaMedicalCenter,0.24,12.036666666666667,ROUTE_JohnMuirMedicalCenterWalnutCreekCampus,0.24,23.163333333333334,ROUTE_JohnMuirMedicalCenterConcordCampus,0.24,14.511666666666667
37.91166666663994,-122.37638888884418,260.1560420302665,LVO,ROUTE_KaiserFoundationHospitalRichmondCampus,0.24466880000000002,9.166666666666666,ROUTE_KaiserFoundationHospitalRichmondCampus,0.24466880000000002,9.166666666666666,ROUTE_CPMCDaviesCampusSutter,0.24466880000000002,36.693333333333335,ROUTE_KaiserFoundationHospitalRichmondCampus,0.24466880000000002,9.166666666666666
37.59916666663969,-122.49888888884428,139.49207708061334,NLVO,ROUTE_MillsPeninsulaMedicalCenterSutter,0.5284681420153157,22.871666666666666,ROUTE_AHMCSetonMedicalCenter,0.532456648713648,15.206666666666667,ROUTE_MillsPeninsulaMedicalCenterSutter,0.5284681420153157,22.871666666666666,ROUTE_AHMCSetonMedicalCenter,0.532456648713648,15.206666666666667
37.74444444441758,-122.47527777773314,264.3757443599392,NLVO,ROUTE_UCSFMedicalCenter,0.4622,6.691666666666666,ROUTE_UCSFMedicalCenter,0.4622,6.691666666666666,ROUTE_UCSFMedicalCenter,0.4622,6.691666666666666,ROUTE_UCSFMedicalCenter,0.4622,6.691666666666666
37.693888888861984,-122.45777777773313,186.08483814953087,HEMORRHAGIC,ROUTE_CPMCDaviesCampusSutter,0.24,18.388333333333332,ROUTE_AHMCSetonMedicalCenter,0.24,7.526666666666667,ROUTE_CPMCDaviesCampusSutter,0.24,18.388333333333332,ROUTE_AHMCSetonMedicalCenter,0.24,7.526666666666667
37.81583333330653,-122.27333333328853,175.37595533745673,HEMORRHAGIC,ROUTE_SutterEdenMedicalCenter,0.24,21.7,ROUTE_AltaBatesSummitMedicalCenterSummitCampus,0.24,4.5633333333333335,ROUTE_SutterEdenMedicalCenter,0.24,21.7,ROUTE_AltaBatesSummitMedicalCenterSummitCampus,0.24,4.5633333333333335
38.14305555552902,-122.22499999995516,138.04767441628985,HEMORRHAGIC,ROUTE_JohnMuirMedicalCenterWalnutCreekCampus,0.24,34.105,ROUTE_SutterSolanoMedicalCenter,0.24,8.126666666666667,ROUTE_JohnMuirMedicalCenterWalnutCreekCampus,0.24,34.105,ROUTE_SutterSolanoMedicalCenter,0.24,8.126666666666667
37.54777777775076,-121.9430555555105,170.9544381728636,HEMORRHAGIC,ROUTE_RegionalMedicalCenterOfSanJose,0.24,21.17,ROUTE_KaiserFoundationHospitalFremont,0.24,8.346666666666668,ROUTE_RegionalMedicalCenterOfSanJose,0.24,21.17,ROUTE_KaiserFoundationHospitalFremont,0.24,8.346666666666668
37.78833333330651,-122.15055555551066,143.02958548859795,LVO,ROUTE_SutterEdenMedicalCenter,0.4055933177268095,20.258333333333333,ROUTE_HighlandHospitalWilmaChanCampus,0.2709043747640086,15.035,ROUTE_SutterEdenMedicalCenter,0.4055933177268095,20.258333333333333,ROUTE_HighlandHospitalWilmaChanCampus,0.2709043747640086,15.035
37.56916666663967,-122.05361111106613,155.4989799831133,HEMORRHAGIC,ROUTE_SutterEdenMedicalCenter,0.24,19.91166666666667,ROUTE_StRoseHospital,0.24,10.748333333333333,ROUTE_SutterEdenMedicalCenter,0.24,19.91166666666667,ROUTE_WashingtonHospitalHealthcareSystem,0.24,16.216666666666665
37.779444444417614,-122.4277777777331,103.29969152933171,LVO,ROUTE_CPMCDaviesCampusSutter,0.42625977046500696,5.8100000000000005,ROUTE_CPMCVanNessCampusSutter,0.28549899558009634,3.828333333333333,ROUTE_CPMCDaviesCampusSutter,0.42625977046500696,5.8100000000000005,ROUTE_CPMCVanNessCampusSutter,0.28549899558009634,3.828333333333333
37.479999999972925,-122.23499999995516,110.6103858429998,LVO,ROUTE_KaiserFoundationHospitalRedwoodCity,0.4232399238396475,6.308333333333334,ROUTE_SequoiaHospital,0.2826269431798747,6.296666666666667,ROUTE_KaiserFoundationHospitalRedwoodCity,0.4232399238396475,6.308333333333334,ROUTE_SequoiaHospital,0.2826269431798747,6.296666666666667
38.27861111108468,-122.05333333328836,109.77657933557293,LVO,ROUTE_JohnMuirMedicalCenterWalnutCreekCampus,0.41088839240700614,39.46,ROUTE_NorthBayMedicalCenter,0.282326514651354,8.16,ROUTE_JohnMuirMedicalCenterWalnutCreekCampus,0.41088839240700614,39.46,ROUTE_NorthBayMedicalCenter,0.282326514651354,8.16
37.81666666663986,-122.27666666662188,134.5690467204259,HEMORRHAGIC,ROUTE_SutterEdenMedicalCenter,0.24,22.698333333333334,ROUTE_AltaBatesSummitMedicalCenterSummitCampus,0.24,5.5633333333333335,ROUTE_SutterEdenMedicalCenter,0.24,22.698333333333334,ROUTE_AltaBatesSummitMedicalCenterSummitCampus,0.24,5.5633333333333335
37.94166666663996,-122.35361111106637,262.34311586912213,LVO,ROUTE_KaiserFoundationHospitalRichmondCampus,0.24466880000000002,4.395,ROUTE_KaiserFoundationHospitalRichmondCampus,0.24466880000000002,4.395,ROUTE_CPMCDaviesCampusSutter,0.24466880000000002,35.76833333333333,ROUTE_KaiserFoundationHospitalRichmondCampus,0.24466880000000002,4.395
37.80055555552874,-122.21888888884405,32.16847789695372,LVO,ROUTE_SutterEdenMedicalCenter,0.44942688686990656,18.125,ROUTE_HighlandHospitalWilmaChanCampus,0.3078314217107878,2.4583333333333335,ROUTE_SutterEdenMedicalCenter,0.44942688686990656,18.125,ROUTE_HighlandHospitalWilmaChanCampus,0.3078314217107878,2.4583333333333335
37.504444444417395,-122.26416666662186,204.88313037944525,NLVO,ROUTE_SequoiaHospital,0.5015556170590806,8.908333333333333,ROUTE_SequoiaHospital,0.5015556170590806,8.908333333333333,ROUTE_KaiserFoundationHospitalRedwoodCity,0.5000845173125066,11.705,ROUTE_SequoiaHospital,0.5015556170590806,8.908333333333333
37.784999999973174,-122.23138888884405,54.798889425168475,LVO,ROUTE_SutterEdenMedicalCenter,0.4394164886850489,20.68166666666667,ROUTE_HighlandHospitalWilmaChanCampus,0.3003941147688543,3.3216666666666668,ROUTE_SutterEdenMedicalCenter,0.4394164886850489,20.68166666666667,ROUTE_HighlandHospitalWilmaChanCampus,0.3003941147688543,3.3216666666666668
37.744722222195364,-121.95472222217717,40.33988568258863,HEMORRHAGIC,ROUTE_SutterEdenMedicalCenter,0.24,21.353333333333335,ROUTE_SanRamonRegionalMedicalCenter,0.24,9.69,ROUTE_SutterEdenMedicalCenter,0.24,21.353333333333335,ROUTE_SanRamonRegionalMedicalCenter,0.24,9.69
37.79305555552873,-122.41694444439976,135.7719450989354,HEMORRHAGIC,ROUTE_CPMCDaviesCampusSutter,0.24,9.625,ROUTE_UCSFHealthHydeHospital,0.24,1.2783333333333333,ROUTE_CPMCDaviesCampusSutter,0.24,9.625,ROUTE_UCSFHealthHydeHospital,0.24,1.2783333333333333
37.7505555555287,-122.4152777777331,149.56127840737304,HEMORRHAGIC,ROUTE_CPMCDaviesCampusSutter,0.24,8.313333333333334,ROUTE_CPMCMissionBernalCampusSutter,0.24,3.4383333333333335,ROUTE_CPMCDaviesCampusSutter,0.24,8.313333333333334,ROUTE_CPMCMissionBernalCampusSutter,0.24,3.4383333333333335
37.39638888886175,-122.07499999995504,58.890767929710755,NLVO,ROUTE_ElCaminoHealthMountainView,0.57580074537324,11.770000000000001,ROUTE_ElCaminoHealthMountainView,0.57580074537324,11.770000000000001,ROUTE_ElCaminoHealthMountainView,0.57580074537324,11.770000000000001,ROUTE_ElCaminoHealthMountainView,0.57580074537324,11.770000000000001
37.781666666639836,-122.43222222217756,207.60046529049174,MIMIC,ROUTE_CPMCVanNessCampusSutter,0.9,4.013333333333334,ROUTE_CPMCVanNessCampusSutter,0.9,4.013333333333334,ROUTE_CPMCDaviesCampusSutter,0.9,5.285,ROUTE_CPMCVanNessCampusSutter,0.9,4.013333333333334
37.453611111084015,-122.18861111106625,47.908081844692624,MIMIC,ROUTE_StanfordHealthCare,0.9,9.801666666666668,ROUTE_StanfordHealthCare,0.9,9.801666666666668,ROUTE_StanfordHealthCare,0.9,9.801666666666668,ROUTE_StanfordHealthCare,0.9,9.801666666666668
37.791388888862066,-122.44388888884423,182.37532485545916,LVO,ROUTE_CPMCDaviesCampusSutter,0.2621608220228077,7.828333333333333,ROUTE_KaiserFoundationHospitalSanFrancisco,0.26317140370928915,4.045,ROUTE_CPMCDaviesCampusSutter,0.2621608220228077,7.828333333333333,ROUTE_KaiserFoundationHospitalSanFrancisco,0.26317140370928915,4.045
37.747499999973144,-122.50249999995539,139.18978114826632,MIMIC,ROUTE_UCSFMedicalCenter,0.9,11.110000000000001,ROUTE_UCSFMedicalCenter,0.9,11.110000000000001,ROUTE_UCSFMedicalCenter,0.9,11.110000000000001,ROUTE_UCSFMedicalCenter,0.9,11.110000000000001
37.6861111110842,-121.74583333328812,45.1118217848137,LVO,ROUTE_SutterEdenMedicalCenter,0.43883976908333355,31.83,ROUTE_StanfordHealthCareTriValley,0.298084248730062,20.43166666666667,ROUTE_SutterEdenMedicalCenter,0.43883976908333355,31.83,ROUTE_StanfordHealthCareTriValley,0.298084248730062,20.43166666666667
37.699444444417544,-122.1791666666218,106.13273843444584,LVO,ROUTE_SutterEdenMedicalCenter,0.4218854375777161,14.3,ROUTE_KaiserFoundationHospitalSanLeandro,0.2846458515910575,3.8883333333333336,ROUTE_SutterEdenMedicalCenter,0.4218854375777161,14.3,ROUTE_KaiserFoundationHospitalSanLeandro,0.2846458515910575,3.8883333333333336
37.79361111108429,-122.24583333328852,151.2797753368595,LVO,ROUTE_SutterEdenMedicalCenter,0.4026777686314318,19.798333333333336,ROUTE_HighlandHospitalWilmaChanCampus,0.27211494028295813,2.4366666666666665,ROUTE_SutterEdenMedicalCenter,0.4026777686314318,19.798333333333336,ROUTE_HighlandHospitalWilmaChanCampus,0.27211494028295813,2.4366666666666665
37.728888888862016,-122.3836111110664,77.52071691148143,HEMORRHAGIC,ROUTE_CPMCDaviesCampusSutter,0.24,17.39,ROUTE_ZuckerbergSanFranciscoGeneralHospital,0.24,11.533333333333333,ROUTE_CPMCDaviesCampusSutter,0.24,17.39,ROUTE_ZuckerbergSanFranciscoGeneralHospital,0.24,11.533333333333333
37.89083333330659,-122.19361111106625,74.54905720841816,LVO,ROUTE_JohnMuirMedicalCenterWalnutCreekCampus,0.4328563322763914,17.621666666666666,ROUTE_AltaBatesSummitMedicalCenterAltaBatesCampus,0.24466880000000002,14.854999999999999,ROUTE_JohnMuirMedicalCenterWalnutCreekCampus,0.4328563322763914,17.621666666666666,ROUTE_KaiserFoundationHospitalWalnutCreek,0.29063961516553266,15.351666666666667
37.96527777775109,-122.28666666662188,145.18163896570977,HEMORRHAGIC,ROUTE_JohnMuirMedicalCenterWalnutCreekCampus,0.24,32.72666666666667,ROUTE_KaiserFoundationHospitalRichmondCampus,0.24,17.808333333333334,ROUTE_JohnMuirMedicalCenterWalnutCreekCampus,0.24,32.72666666666667,ROUTE_KaiserFoundationHospitalRichmondCampus,0.24,17.808333333333334
37.689722222195314,-121.87027777773265,228.5488135366311,HEMORRHAGIC,ROUTE_StanfordHealthCareTriValley,0.24,3.466666666666667,ROUTE_StanfordHealthCareTriValley,0.24,3.466666666666667,ROUTE_SutterEdenMedicalCenter,0.24,21.288333333333334,ROUTE_StanfordHealthCareTriValley,0.24,3.466666666666667
37.79388888886207,-122.21194444439959,116.7605744781375,LVO,ROUTE_SutterEdenMedicalCenter,0.4170320213856715,16.323333333333334,ROUTE_HighlandHospitalWilmaChanCampus,0.28121869758249185,4.983333333333333,ROUTE_SutterEdenMedicalCenter,0.4170320213856715,16.323333333333334,ROUTE_HighlandHospitalWilmaChanCampus,0.28121869758249185,4.983333333333333
37.778611111084274,-122.50305555551094,171.76175430444053,LVO,ROUTE_UCSFMedicalCenter,0.2639656022952902,11.698333333333332,ROUTE_UCSFHealthStanyanHospital,0.2642543198173003,10.625,ROUTE_UCSFMedicalCenter,0.2639656022952902,11.698333333333332,ROUTE_UCSFHealthStanyanHospital,0.2642543198173003,10.625
37.74444444441758,-122.23249999995517,253.17634968584352,LVO,ROUTE_AlamedaHospital,0.24466880000000002,7.683333333333334,ROUTE_AlamedaHospital,0.24466880000000002,7.683333333333334,ROUTE_SutterEdenMedicalCenter,0.24466880000000002,21.776666666666664,ROUTE_AlamedaHospital,0.24466880000000002,7.683333333333334
37.56722222219522,-122.0363888888439,199.35767249727004,LVO,ROUTE_WashingtonHospitalHealthcareSystem,0.2561010734504927,13.936666666666667,ROUTE_StRoseHospital,0.24466880000000002,9.875,ROUTE_SutterEdenMedicalCenter,0.25478771210609275,19.03666666666667,ROUTE_WashingtonHospitalHealthcareSystem,0.2561010734504927,13.936666666666667
37.41999999997288,-121.90777777773269,48.75790892708743,HEMORRHAGIC,ROUTE_RegionalMedicalCenterOfSanJose,0.24,14.548333333333334,ROUTE_OConnorHospital,0.24,13.345,ROUTE_RegionalMedicalCenterOfSanJose,0.24,14.548333333333334,ROUTE_OConnorHospital,0.24,13.345
38.258055555529104,-122.64055555551106,224.32147241648875,MIMIC,ROUTE_PetalumaValleyHospitalProvidence,0.9,3.64,ROUTE_PetalumaValleyHospitalProvidence,0.9,3.64,ROUTE_UCSFMedicalCenter,0.9,64.54833333333333,ROUTE_PetalumaValleyHospitalProvidence,0.9,3.64
37.553055555528545,-122.3305555555108,251.43991690867594,LVO,ROUTE_SanMateoMedicalCenter,0.24466880000000002,7.693333333333333,ROUTE_SanMateoMedicalCenter,0.24466880000000002,7.693333333333333,ROUTE_MillsPeninsulaMedicalCenterSutter,0.24466880000000002,13.623333333333333,ROUTE_MillsPeninsulaMedicalCenterSutter,0.24466880000000002,13.623333333333333
37.51916666663963,-122.30722222217746,73.84071438048286,HEMORRHAGIC,ROUTE_KaiserFoundationHospitalRedwoodCity,0.24,19.758333333333333,ROUTE_SanMateoMedicalCenter,0.24,7.126666666666667,ROUTE_KaiserFoundationHospitalRedwoodCity,0.24,19.758333333333333,ROUTE_SequoiaHospital,0.24,18.46333333333333
37.779444444417614,-122.23583333328851,240.9609100638063,LVO,ROUTE_HighlandHospitalWilmaChanCampus,0.24466880000000002,5.4816666666666665,ROUTE_HighlandHospitalWilmaChanCampus,0.24466880000000002,5.4816666666666665,ROUTE_SutterEdenMedicalCenter,0.24466880000000002,18.638333333333332,ROUTE_HighlandHospitalWilmaChanCampus,0.24466880000000002,5.4816666666666665
37.696666666639764,-121.87944444439933,209.01005398105275,MIMIC,ROUTE_StanfordHealthCareTriValley,0.9,2.203333333333333,ROUTE_StanfordHealthCareTriValley,0.9,2.203333333333333,ROUTE_SutterEdenMedicalCenter,0.9,19.451666666666664,ROUTE_StanfordHealthCareTriValley,0.9,2.203333333333333
37.47833333330626,-122.23416666662183,101.73214457466098,LVO,ROUTE_KaiserFoundationHospitalRedwoodCity,0.42661936106656606,6.45,ROUTE_SequoiaHospital,0.28532650687351124,5.98,ROUTE_KaiserFoundationHospitalRedwoodCity,0.42661936106656606,6.45,ROUTE_SequoiaHospital,0.28532650687351124,5.98
37.794166666639846,-122.43722222217755,257.1524500635603,HEMORRHAGIC,ROUTE_UCSFHealthHydeHospital,0.24,4.41,ROUTE_UCSFHealthHydeHospital,0.24,4.41,ROUTE_CPMCDaviesCampusSutter,0.24,8.69,ROUTE_UCSFHealthHydeHospital,0.24,4.41
37.64972222219529,-122.09305555551062,123.89214257653455,LVO,ROUTE_SutterEdenMedicalCenter,0.41545170475300897,13.331666666666667,ROUTE_StRoseHospital,0.24466880000000002,4.9383333333333335,ROUTE_SutterEdenMedicalCenter,0.41545170475300897,13.331666666666667,ROUTE_KaiserFoundationHospitalSanLeandro,0.2772494784189588,11.638333333333332
37.496111111084055,-122.2486111110663,211.3499255534277,NLVO,ROUTE_SequoiaHospital,0.499302116400539,6.725,ROUTE_SequoiaHospital,0.499302116400539,6.725,ROUTE_KaiserFoundationHospitalRedwoodCity,0.4984993811931422,8.25,ROUTE_SequoiaHospital,0.499302116400539,6.725
37.87416666663991,-122.2724999999552,257.63547602062243,HEMORRHAGIC,ROUTE_AltaBatesSummitMedicalCenterAltaBatesCampus,0.24,8.918333333333333,ROUTE_AltaBatesSummitMedicalCenterAltaBatesCampus,0.24,8.918333333333333,ROUTE_JohnMuirMedicalCenterWalnutCreekCampus,0.24,31.395,ROUTE_KaiserFoundationHospitalOaklandRichmond,0.24,14.565
37.985833333306665,-122.52916666662207,140.90650987150497,LVO,ROUTE_UCSFMedicalCenter,0.2648874672068158,39.13166666666667,ROUTE_MarinHealthMedicalCenter,0.27227456882984064,12.238333333333333,ROUTE_UCSFMedicalCenter,0.2648874672068158,39.13166666666667,ROUTE_MarinHealthMedicalCenter,0.27227456882984064,12.238333333333333
37.564166666639665,-121.98666666662164,217.3042967391704,LVO,ROUTE_WashingtonHospitalHealthcareSystem,0.25378312045254253,5.015,ROUTE_WashingtonHospitalHealthcareSystem,0.25378312045254253,5.015,ROUTE_SutterEdenMedicalCenter,0.24466880000000002,28.69,ROUTE_WashingtonHospitalHealthcareSystem,0.25378312045254253,5.015
37.75777777775093,-122.42611111106643,210.0459148988579,NLVO,ROUTE_CPMCMissionBernalCampusSutter,0.5019634319335163,2.9699999999999998,ROUTE_CPMCMissionBernalCampusSutter,0.5019634319335163,2.9699999999999998,ROUTE_CPMCDaviesCampusSutter,0.5009326687341962,4.930000000000001,ROUTE_CPMCMissionBernalCampusSutter,0.5019634319335163,2.9699999999999998
37.3666666666395,-122.07166666662171,231.6409627549343,HEMORRHAGIC,ROUTE_ElCaminoHealthMountainView,0.24,3.3733333333333335,ROUTE_ElCaminoHealthMountainView,0.24,3.3733333333333335,ROUTE_ElCaminoHealthMountainView,0.24,3.3733333333333335,ROUTE_ElCaminoHealthMountainView,0.24,3.3733333333333335
37.55888888886188,-122.31055555551079,190.87609122536261,NLVO,ROUTE_MillsPeninsulaMedicalCenterSutter,0.5067999812331905,12.933333333333334,ROUTE_SanMateoMedicalCenter,0.4622,9.504999999999999,ROUTE_MillsPeninsulaMedicalCenterSutter,0.5067999812331905,12.933333333333334,ROUTE_MillsPeninsulaMedicalCenterSutter,0.5067999812331905,12.933333333333334
37.798333333306516,-122.41027777773309,216.83906454821744,HEMORRHAGIC,ROUTE_ChineseHospital,0.24,2.0516666666666667,ROUTE_ChineseHospital,0.24,2.0516666666666667,ROUTE_CPMCDaviesCampusSutter,0.24,11.695,ROUTE_ChineseHospital,0.24,2.0516666666666667
38.29888888886247,-121.97527777773274,43.49403439814835,LVO,ROUTE_JohnMuirMedicalCenterWalnutCreekCampus,0.4309573152931871,53.53666666666666,ROUTE_NorthBayVacaValleyHospital,0.3009163847838661,12.956666666666667,ROUTE_JohnMuirMedicalCenterWalnutCreekCampus,0.4309573152931871,53.53666666666666,ROUTE_NorthBayVacaValleyHospital,0.3009163847838661,12.956666666666667
37.95027777775108,-122.34722222217748,233.42553543177084,LVO,ROUTE_KaiserFoundationHospitalRichmondCampus,0.24466880000000002,4.926666666666667,ROUTE_KaiserFoundationHospitalRichmondCampus,0.24466880000000002,4.926666666666667,ROUTE_CPMCDaviesCampusSutter,0.24466880000000002,34.665,ROUTE_KaiserFoundationHospitalRichmondCampus,0.24466880000000002,4.926666666666667
37.696111111084214,-122.18111111106624,223.58840967412382,NLVO,ROUTE_KaiserFoundationHospitalSanLeandro,0.4622,4.233333333333333,ROUTE_KaiserFoundationHospitalSanLeandro,0.4622,4.233333333333333,ROUTE_SutterEdenMedicalCenter,0.4622,14.645000000000001,ROUTE_KaiserFoundationHospitalSanLeandro,0.4622,4.233333333333333
38.03638888886226,-121.88499999995489,46.1958682361672,NLVO,ROUTE_JohnMuirMedicalCenterWalnutCreekCampus,0.574849861078373,26.323333333333334,ROUTE_SutterDeltaMedicalCenter,0.4622,14.606666666666666,ROUTE_JohnMuirMedicalCenterWalnutCreekCampus,0.574849861078373,26.323333333333334,ROUTE_JohnMuirMedicalCenterConcordCampus,0.5798397969391049,16.563333333333333
37.744166666639806,-122.43027777773311,228.96259214797826,NLVO,ROUTE_CPMCMissionBernalCampusSutter,0.4622,3.6966666666666668,ROUTE_CPMCMissionBernalCampusSutter,0.4622,3.6966666666666668,ROUTE_CPMCDaviesCampusSutter,0.4622,7.785,ROUTE_CPMCMissionBernalCampusSutter,0.4622,3.6966666666666668
37.91611111108439,-121.98999999995497,221.1516289020556,HEMORRHAGIC,ROUTE_JohnMuirMedicalCenterWalnutCreekCampus,0.24,11.251666666666667,ROUTE_JohnMuirMedicalCenterWalnutCreekCampus,0.24,11.251666666666667,ROUTE_JohnMuirMedicalCenterWalnutCreekCampus,0.24,11.251666666666667,ROUTE_JohnMuirMedicalCenterWalnutCreekCampus,0.24,11.251666666666667
37.723333333306456,-122.18055555551068,77.68442730133239,HEMORRHAGIC,ROUTE_SutterEdenMedicalCenter,0.24,13.788333333333332,ROUTE_KaiserFoundationHospitalSanLeandro,0.24,7.913333333333333,ROUTE_SutterEdenMedicalCenter,0.24,13.788333333333332,ROUTE_KaiserFoundationHospitalSanLeandro,0.24,7.913333333333333
38.269444444418006,-122.06361111106615,173.66846284728476,LVO,ROUTE_NorthBayMedicalCenter,0.26412065955776676,9.215,ROUTE_NorthBayMedicalCenter,0.26412065955776676,9.215,ROUTE_JohnMuirMedicalCenterWalnutCreekCampus,0.25587145248743937,40.515,ROUTE_NorthBayMedicalCenter,0.26412065955776676,9.215
37.708611111084224,-122.42722222217755,172.38520377499597,HEMORRHAGIC,ROUTE_CPMCDaviesCampusSutter,0.24,18.30666666666667,ROUTE_CPMCMissionBernalCampusSutter,0.24,12.035,ROUTE_CPMCDaviesCampusSutter,0.24,18.30666666666667,ROUTE_CPMCMissionBernalCampusSutter,0.24,12.035
38.25749999997355,-122.02333333328833,36.02124779083434,LVO,ROUTE_JohnMuirMedicalCenterWalnutCreekCampus,0.4372878924362609,44.858333333333334,ROUTE_NorthBayMedicalCenter,0.30508470782414304,7.211666666666667,ROUTE_JohnMuirMedicalCenterWalnutCreekCampus,0.4372878924362609,44.858333333333334,ROUTE_NorthBayMedicalCenter,0.30508470782414304,7.211666666666667
37.99083333330667,-121.77694444439925,250.42249006657548,HEMORRHAGIC,ROUTE_SutterDeltaMedicalCenter,0.24,7.456666666666666,ROUTE_SutterDeltaMedicalCenter,0.24,7.456666666666666,ROUTE_JohnMuirMedicalCenterWalnutCreekCampus,0.24,33.47,ROUTE_KaiserFoundationHospitalAntioch,0.24,10.531666666666666
37.459999999972915,-122.13083333328842,94.83058000540262,HEMORRHAGIC,ROUTE_KaiserFoundationHospitalRedwoodCity,0.24,13.241666666666667,ROUTE_KaiserFoundationHospitalRedwoodCity,0.24,13.241666666666667,ROUTE_KaiserFoundationHospitalRedwoodCity,0.24,13.241666666666667,ROUTE_KaiserFoundationHospitalRedwoodCity,0.24,13.241666666666667
37.92416666663995,-122.50972222217761,117.17922635329688,HEMORRHAGIC,ROUTE_UCSFMedicalCenter,0.24,33.571666666666665,ROUTE_MarinHealthMedicalCenter,0.24,11.271666666666667,ROUTE_UCSFMedicalCenter,0.24,33.571666666666665,ROUTE_MarinHealthMedicalCenter,0.24,11.271666666666667
37.587777777750794,-122.47388888884426,256.9453948632454,HEMORRHAGIC,ROUTE_AHMCSetonMedicalCenter,0.24,20.895,ROUTE_AHMCSetonMedicalCenter,0.24,20.895,ROUTE_MillsPeninsulaMedicalCenterSutter,0.24,28.558333333333334,ROUTE_AHMCSetonMedicalCenter,0.24,20.895
37.772499999973164,-121.99972222217721,141.57918669750268,LVO,ROUTE_SutterEdenMedicalCenter,0.40639940775120986,19.561666666666667,ROUTE_SanRamonRegionalMedicalCenter,0.2730779691465127,8.695,ROUTE_SutterEdenMedicalCenter,0.40639940775120986,19.561666666666667,ROUTE_SanRamonRegionalMedicalCenter,0.2730779691465127,8.695
37.56027777775077,-121.97694444439941,83.49616760312406,MIMIC,ROUTE_SutterEdenMedicalCenter,0.9,30.073333333333334,ROUTE_WashingtonHospitalHealthcareSystem,0.9,2.2733333333333334,ROUTE_SutterEdenMedicalCenter,0.9,30.073333333333334,ROUTE_WashingtonHospitalHealthcareSystem,0.9,2.2733333333333334
38.073333333306735,-122.15972222217734,156.51542561892262,MIMIC,ROUTE_JohnMuirMedicalCenterWalnutCreekCampus,0.9,24.30666666666667,ROUTE_ContraCostaRegionalMedicalCenter,0.9,13.491666666666667,ROUTE_JohnMuirMedicalCenterWalnutCreekCampus,0.9,24.30666666666667,ROUTE_SutterSolanoMedicalCenter,0.9,14.356666666666666
37.543333333306315,-122.23416666662183,50.215103767951646,LVO,ROUTE_KaiserFoundationHospitalRedwoodCity,0.4422159632527478,18.188333333333333,ROUTE_KaiserFoundationHospitalRedwoodCity,0.4422159632527478,18.188333333333333,ROUTE_KaiserFoundationHospitalRedwoodCity,0.4422159632527478,18.188333333333333,ROUTE_KaiserFoundationHospitalRedwoodCity,0.4422159632527478,18.188333333333333
37.645277777750835,-122.43361111106644,186.80108874146262,HEMORRHAGIC,ROUTE_MillsPeninsulaMedicalCenterSutter,0.24,12.521666666666667,ROUTE_KaiserFoundationHospitalSouthSanFrancisco,0.24,6.196666666666667,ROUTE_MillsPeninsulaMedicalCenterSutter,0.24,12.521666666666667,ROUTE_KaiserFoundationHospitalSouthSanFrancisco,0.24,6.196666666666667
38.246944444417984,-122.04388888884391,55.58147832972307,HEMORRHAGIC,ROUTE_JohnMuirMedicalCenterWalnutCreekCampus,0.24,39.25333333333333,ROUTE_NorthBayMedicalCenter,0.24,6.511666666666667,ROUTE_JohnMuirMedicalCenterWalnutCreekCampus,0.24,39.25333333333333,ROUTE_NorthBayMedicalCenter,0.24,6.511666666666667
37.73944444441758,-122.41861111106643,95.27904371492299,LVO,ROUTE_CPMCDaviesCampusSutter,0.42796425403671035,9.438333333333333,ROUTE_CPMCMissionBernalCampusSutter,0.28817536946546246,2.8366666666666664,ROUTE_CPMCDaviesCampusSutter,0.42796425403671035,9.438333333333333,ROUTE_CPMCMissionBernalCampusSutter,0.28817536946546246,2.8366666666666664
37.723888888862014,-122.40527777773309,234.86429036660783,HEMORRHAGIC,ROUTE_ZuckerbergSanFranciscoGeneralHospital,0.24,10.331666666666667,ROUTE_ZuckerbergSanFranciscoGeneralHospital,0.24,10.331666666666667,ROUTE_CPMCDaviesCampusSutter,0.24,15.104999999999999,ROUTE_ZuckerbergSanFranciscoGeneralHospital,0.24,10.331666666666667
37.66166666663974,-122.40611111106642,180.6562847906414,HEMORRHAGIC,ROUTE_MillsPeninsulaMedicalCenterSutter,0.24,11.021666666666667,ROUTE_KaiserFoundationHospitalSouthSanFrancisco,0.24,8.621666666666666,ROUTE_MillsPeninsulaMedicalCenterSutter,0.24,11.021666666666667,ROUTE_KaiserFoundationHospitalSouthSanFrancisco,0.24,8.621666666666666
38.113611111084545,-122.59638888884434,142.36437970639992,LVO,ROUTE_UCSFMedicalCenter,0.2606400040564069,53.568333333333335,ROUTE_NovatoCommunityHospitalSutter,0.27184442232524936,12.321666666666665,ROUTE_UCSFMedicalCenter,0.2606400040564069,53.568333333333335,ROUTE_NovatoCommunityHospitalSutter,0.27184442232524936,12.321666666666665
37.976111111084435,-122.04222222217724,181.24855150462218,HEMORRHAGIC,ROUTE_JohnMuirMedicalCenterWalnutCreekCampus,0.24,13.441666666666666,ROUTE_JohnMuirMedicalCenterConcordCampus,0.24,4.138333333333334,ROUTE_JohnMuirMedicalCenterWalnutCreekCampus,0.24,13.441666666666666,ROUTE_JohnMuirMedicalCenterConcordCampus,0.24,4.138333333333334
37.7783333333065,-122.48055555551092,126.08327989056035,HEMORRHAGIC,ROUTE_UCSFMedicalCenter,0.24,9.348333333333333,ROUTE_UCSFHealthStanyanHospital,0.24,6.955,ROUTE_UCSFMedicalCenter,0.24,9.348333333333333,ROUTE_UCSFHealthStanyanHospital,0.24,6.955
37.810833333306526,-122.24527777773295,247.97301349505312,LVO,ROUTE_HighlandHospitalWilmaChanCampus,0.24466880000000002,4.883333333333334,ROUTE_HighlandHospitalWilmaChanCampus,0.24466880000000002,4.883333333333334,ROUTE_SutterEdenMedicalCenter,0.24466880000000002,18.959999999999997,ROUTE_HighlandHospitalWilmaChanCampus,0.24466880000000002,4.883333333333334
37.794166666639846,-122.22249999995516,198.97081396511248,LVO,ROUTE_HighlandHospitalWilmaChanCampus,0.25861580376797655,4.655,ROUTE_HighlandHospitalWilmaChanCampus,0.25861580376797655,4.655,ROUTE_SutterEdenMedicalCenter,0.25465820586361376,19.928333333333335,ROUTE_HighlandHospitalWilmaChanCampus,0.25861580376797655,4.655
37.455833333306245,-121.89722222217712,51.838289956069026,LVO,ROUTE_RegionalMedicalCenterOfSanJose,0.44492299309166417,9.746666666666666,ROUTE_RegionalMedicalCenterOfSanJose,0.44492299309166417,9.746666666666666,ROUTE_RegionalMedicalCenterOfSanJose,0.44492299309166417,9.746666666666666,ROUTE_RegionalMedicalCenterOfSanJose,0.44492299309166417,9.746666666666666
38.25333333330688,-122.16833333328844,228.07549933509705,HEMORRHAGIC,ROUTE_NorthBayMedicalCenter,0.24,16.613333333333333,ROUTE_NorthBayMedicalCenter,0.24,16.613333333333333,ROUTE_JohnMuirMedicalCenterWalnutCreekCampus,0.24,39.84666666666667,ROUTE_NorthBayMedicalCenter,0.24,16.613333333333333
37.71638888886201,-121.7283333332881,91.55770057746994,LVO,ROUTE_SutterEdenMedicalCenter,0.4226226083340035,26.961666666666666,ROUTE_StanfordHealthCareTriValley,0.2855010607059757,15.563333333333333,ROUTE_SutterEdenMedicalCenter,0.4226226083340035,26.961666666666666,ROUTE_StanfordHealthCareTriValley,0.2855010607059757,15.563333333333333
37.78555555552873,-122.47444444439981,251.623256619144,NLVO,ROUTE_KaiserFoundationHospitalSanFrancisco,0.4622,7.013333333333334,ROUTE_KaiserFoundationHospitalSanFrancisco,0.4622,7.013333333333334,ROUTE_UCSFMedicalCenter,0.4622,10.233333333333333,ROUTE_KaiserFoundationHospitalSanFrancisco,0.4622,7.013333333333334
37.98055555552888,-121.83249999995485,118.775903475891,NLVO,ROUTE_JohnMuirMedicalCenterWalnutCreekCampus,0.5343137797613429,32.35,ROUTE_SutterDeltaMedicalCenter,0.4622,7.245,ROUTE_JohnMuirMedicalCenterWalnutCreekCampus,0.5343137797613429,32.35,ROUTE_KaiserFoundationHospitalAntioch,0.5443832110916912,12.935
37.93472222219551,-122.02194444439945,111.30089225600318,LVO,ROUTE_JohnMuirMedicalCenterWalnutCreekCampus,0.42309569538406444,5.991666666666666,ROUTE_JohnMuirMedicalCenterWalnutCreekCampus,0.42309569538406444,5.991666666666666,ROUTE_JohnMuirMedicalCenterWalnutCreekCampus,0.42309569538406444,5.991666666666666,ROUTE_JohnMuirMedicalCenterWalnutCreekCampus,0.42309569538406444,5.991666666666666
37.74499999997314,-122.4986111110665,224.05262514067562,LVO,ROUTE_UCSFMedicalCenter,0.24466880000000002,11.586666666666668,ROUTE_UCSFMedicalCenter,0.24466880000000002,11.586666666666668,ROUTE_UCSFMedicalCenter,0.24466880000000002,11.586666666666668,ROUTE_UCSFMedicalCenter,0.24466880000000002,11.586666666666668
37.76333333330649,-122.46749999995535,93.77586685944433,LVO,ROUTE_UCSFMedicalCenter,0.4311998792526862,2.6333333333333333,ROUTE_UCSFMedicalCenter,0.4311998792526862,2.6333333333333333,ROUTE_UCSFMedicalCenter,0.4311998792526862,2.6333333333333333,ROUTE_UCSFMedicalCenter,0.4311998792526862,2.6333333333333333
37.550277777750765,-121.98888888884386,245.4044430340305,HEMORRHAGIC,ROUTE_WashingtonHospitalHealthcareSystem,0.24,5.355,ROUTE_WashingtonHospitalHealthcareSystem,0.24,5.355,ROUTE_SutterEdenMedicalCenter,0.24,26.785,ROUTE_WashingtonHospitalHealthcareSystem,0.24,5.355
38.46222222219593,-121.83499999995485,258.15983419200904,HEMORRHAGIC,ROUTE_KaiserFoundationHospitalVacaville,0.24,11.723333333333333,ROUTE_KaiserFoundationHospitalVacaville,0.24,11.723333333333333,ROUTE_JohnMuirMedicalCenterWalnutCreekCampus,0.24,58.65333333333333,ROUTE_KaiserFoundationHospitalVacaville,0.24,11.723333333333333
38.26055555552911,-122.04722222217724,199.6878630894865,HEMORRHAGIC,ROUTE_NorthBayMedicalCenter,0.24,1.3783333333333334,ROUTE_NorthBayMedicalCenter,0.24,1.3783333333333334,ROUTE_JohnMuirMedicalCenterWalnutCreekCampus,0.24,40.66833333333333,ROUTE_NorthBayMedicalCenter,0.24,1.3783333333333334
37.566111111084105,-122.02777777773278,33.562942827116345,HEMORRHAGIC,ROUTE_SutterEdenMedicalCenter,0.24,21.833333333333332,ROUTE_StRoseHospital,0.24,12.67,ROUTE_SutterEdenMedicalCenter,0.24,21.833333333333332,ROUTE_WashingtonHospitalHealthcareSystem,0.24,12.7
37.57472222219523,-122.04222222217724,106.21163027227013,HEMORRHAGIC,ROUTE_SutterEdenMedicalCenter,0.24,19.523333333333333,ROUTE_StRoseHospital,0.24,10.361666666666668,ROUTE_SutterEdenMedicalCenter,0.24,19.523333333333333,ROUTE_WashingtonHospitalHealthcareSystem,0.24,14.754999999999999
37.746944444417586,-122.50333333328872,106.04767365210331,LVO,ROUTE_UCSFMedicalCenter,0.4231580187637647,11.083333333333334,ROUTE_UCSFMedicalCenter,0.4231580187637647,11.083333333333334,ROUTE_UCSFMedicalCenter,0.4231580187637647,11.083333333333334,ROUTE_UCSFMedicalCenter,0.4231580187637647,11.083333333333334
37.746944444417586,-122.16999999995512,157.58449980235477,LVO,ROUTE_SutterEdenMedicalCenter,0.401857121923595,15.693333333333333,ROUTE_SanLeandroHospitalAlamedaHealthSystem,0.24466880000000002,11.776666666666667,ROUTE_SutterEdenMedicalCenter,0.401857121923595,15.693333333333333,ROUTE_KaiserFoundationHospitalSanLeandro,0.26717692239495183,14.020000000000001
37.471111111084035,-122.20361111106625,205.1235916534476,LVO,ROUTE_KaiserFoundationHospitalRedwoodCity,0.2557183409762289,9.653333333333334,ROUTE_KaiserFoundationHospitalRedwoodCity,0.2557183409762289,9.653333333333334,ROUTE_KaiserFoundationHospitalRedwoodCity,0.2557183409762289,9.653333333333334,ROUTE_KaiserFoundationHospitalRedwoodCity,0.2557183409762289,9.653333333333334
37.7694444444176,-121.92472222217715,51.22759953538526,MIMIC,ROUTE_JohnMuirMedicalCenterWalnutCreekCampus,0.9,27.345000000000002,ROUTE_SanRamonRegionalMedicalCenter,0.9,9.228333333333333,ROUTE_JohnMuirMedicalCenterWalnutCreekCampus,0.9,27.345000000000002,ROUTE_SanRamonRegionalMedicalCenter,0.9,9.228333333333333
37.53194444441741,-122.04138888884391,36.34038747570607,HEMORRHAGIC,ROUTE_SutterEdenMedicalCenter,0.24,25.226666666666667,ROUTE_WashingtonHospitalHealthcareSystem,0.24,16.035,ROUTE_SutterEdenMedicalCenter,0.24,25.226666666666667,ROUTE_WashingtonHospitalHealthcareSystem,0.24,16.035
37.93388888886218,-121.72055555551032,194.3149138697051,NLVO,ROUTE_KaiserFoundationHospitalAntioch,0.5050381858758016,12.85,ROUTE_KaiserFoundationHospitalAntioch,0.5050381858758016,12.85,ROUTE_JohnMuirMedicalCenterWalnutCreekCampus,0.4622,38.375,ROUTE_KaiserFoundationHospitalAntioch,0.5050381858758016,12.85
37.70972222219533,-122.44888888884424,37.58271873298348,HEMORRHAGIC,ROUTE_CPMCDaviesCampusSutter,0.24,14.97,ROUTE_CPMCMissionBernalCampusSutter,0.24,8.698333333333332,ROUTE_CPMCDaviesCampusSutter,0.24,14.97,ROUTE_CPMCMissionBernalCampusSutter,0.24,8.698333333333332
37.72638888886201,-122.46416666662202,101.13207132246873,LVO,ROUTE_UCSFMedicalCenter,0.4250352101924384,11.139999999999999,ROUTE_CPMCMissionBernalCampusSutter,0.2844621217226581,9.513333333333332,ROUTE_UCSFMedicalCenter,0.4250352101924384,11.139999999999999,ROUTE_CPMCMissionBernalCampusSutter,0.2844621217226581,9.513333333333332
37.71805555552867,-122.08555555551061,119.54997722188502,NLVO,ROUTE_SutterEdenMedicalCenter,0.5463139077630733,8.43,ROUTE_SutterEdenMedicalCenter,0.5463139077630733,8.43,ROUTE_SutterEdenMedicalCenter,0.5463139077630733,8.43,ROUTE_SutterEdenMedicalCenter,0.5463139077630733,8.43
37.775833333306494,-122.27666666662188,236.3357702909374,MIMIC,ROUTE_AlamedaHospital,0.9,6.373333333333333,ROUTE_AlamedaHospital,0.9,6.373333333333333,ROUTE_SutterEdenMedicalCenter,0.9,24.709999999999997,ROUTE_AlamedaHospital,0.9,6.373333333333333
37.70749999997311,-122.41833333328866,200.87494760295107,LVO,ROUTE_CPMCMissionBernalCampusSutter,0.25568532760268725,14.03,ROUTE_CPMCMissionBernalCampusSutter,0.25568532760268725,14.03,ROUTE_CPMCDaviesCampusSutter,0.2540754619509476,20.3,ROUTE_CPMCMissionBernalCampusSutter,0.25568532760268725,14.03
37.63749999997305,-122.0780555555106,214.9578707371388,LVO,ROUTE_StRoseHospital,0.24466880000000002,4.826666666666667,ROUTE_StRoseHospital,0.24466880000000002,4.826666666666667,ROUTE_SutterEdenMedicalCenter,0.24466880000000002,15.575,ROUTE_KaiserFoundationHospitalSanLeandro,0.24466880000000002,13.881666666666666
37.59694444441747,-122.08527777773283,145.8920387435214,LVO,ROUTE_SutterEdenMedicalCenter,0.4040318147756821,21.563333333333333,ROUTE_StRoseHospital,0.24466880000000002,10.729999999999999,ROUTE_SutterEdenMedicalCenter,0.4040318147756821,21.563333333333333,ROUTE_KaiserFoundationHospitalSanLeandro,0.2687774806628589,19.87
37.777499999973166,-122.42499999995532,183.208606863944,HEMORRHAGIC,ROUTE_CPMCDaviesCampusSutter,0.24,5.6033333333333335,ROUTE_CPMCVanNessCampusSutter,0.24,3.4716666666666667,ROUTE_CPMCDaviesCampusSutter,0.24,5.6033333333333335,ROUTE_CPMCVanNessCampusSutter,0.24,3.4716666666666667
37.76111111108426,-122.42361111106644,240.64165638027353,HEMORRHAGIC,ROUTE_CPMCMissionBernalCampusSutter,0.24,3.503333333333333,ROUTE_CPMCMissionBernalCampusSutter,0.24,3.503333333333333,ROUTE_CPMCDaviesCampusSutter,0.24,4.401666666666667,ROUTE_CPMCMissionBernalCampusSutter,0.24,3.503333333333333
37.52916666663963,-122.03833333328835,218.3306557843958,LVO,ROUTE_WashingtonHospitalHealthcareSystem,0.24466880000000002,15.555,ROUTE_WashingtonHospitalHealthcareSystem,0.24466880000000002,15.555,ROUTE_SutterEdenMedicalCenter,0.24466880000000002,24.746666666666666,ROUTE_WashingtonHospitalHealthcareSystem,0.24466880000000002,15.555
37.71999999997312,-121.93527777773271,264.80120999814176,LVO,ROUTE_SanRamonRegionalMedicalCenter,0.24466880000000002,11.585,ROUTE_SanRamonRegionalMedicalCenter,0.24466880000000002,11.585,ROUTE_SutterEdenMedicalCenter,0.24466880000000002,19.673333333333336,ROUTE_SanRamonRegionalMedicalCenter,0.24466880000000002,11.585
37.89944444441771,-122.53527777773319,241.12341551456473,LVO,ROUTE_MarinHealthMedicalCenter,0.24466880000000002,15.633333333333333,ROUTE_MarinHealthMedicalCenter,0.24466880000000002,15.633333333333333,ROUTE_UCSFMedicalCenter,0.24466880000000002,29.956666666666667,ROUTE_MarinHealthMedicalCenter,0.24466880000000002,15.633333333333333
37.73749999997313,-121.95444444439939,117.37663068419904,LVO,ROUTE_SutterEdenMedicalCenter,0.41575443418595104,19.053333333333335,ROUTE_SanRamonRegionalMedicalCenter,0.2794780222862118,10.385,ROUTE_SutterEdenMedicalCenter,0.41575443418595104,19.053333333333335,ROUTE_SanRamonRegionalMedicalCenter,0.2794780222862118,10.385
37.79666666663985,-122.41222222217753,194.51907222352887,LVO,ROUTE_CPMCDaviesCampusSutter,0.2579307239867845,11.728333333333333,ROUTE_ChineseHospital,0.2603735995123265,2.421666666666667,ROUTE_CPMCDaviesCampusSutter,0.2579307239867845,11.728333333333333,ROUTE_ChineseHospital,0.2603735995123265,2.421666666666667
37.85694444441767,-122.12861111106619,263.3648589770089,HEMORRHAGIC,ROUTE_KaiserFoundationHospitalWalnutCreek,0.24,18.316666666666666,ROUTE_KaiserFoundationHospitalWalnutCreek,0.24,18.316666666666666,ROUTE_JohnMuirMedicalCenterWalnutCreekCampus,0.24,20.58833333333333,ROUTE_KaiserFoundationHospitalWalnutCreek,0.24,18.316666666666666
37.814999999973196,-122.27916666662188,178.87868992969013,LVO,ROUTE_SutterEdenMedicalCenter,0.25897182794936535,23.388333333333332,ROUTE_AltaBatesSummitMedicalCenterSummitCampus,0.2634759890895537,6.405,ROUTE_SutterEdenMedicalCenter,0.25897182794936535,23.388333333333332,ROUTE_AltaBatesSummitMedicalCenterSummitCampus,0.2634759890895537,6.405
37.859444444417676,-122.26055555551075,102.32041136738238,LVO,ROUTE_JohnMuirMedicalCenterWalnutCreekCampus,0.41892740076069446,25.811666666666667,ROUTE_AltaBatesSummitMedicalCenterAltaBatesCampus,0.24466880000000002,2.015,ROUTE_JohnMuirMedicalCenterWalnutCreekCampus,0.41892740076069446,25.811666666666667,ROUTE_KaiserFoundationHospitalOaklandRichmond,0.28363540276290344,11.139999999999999
37.51083333330629,-121.91333333328825,64.043374682244,LVO,ROUTE_RegionalMedicalCenterOfSanJose,0.43582467418392895,20.55666666666667,ROUTE_KaiserFoundationHospitalFremont,0.2929202598091012,18.323333333333334,ROUTE_RegionalMedicalCenterOfSanJose,0.43582467418392895,20.55666666666667,ROUTE_KaiserFoundationHospitalFremont,0.2929202598091012,18.323333333333334
37.384166666639516,-122.12305555551063,140.4382378658123,LVO,ROUTE_StanfordHealthCare,0.4084099464430737,15.360000000000001,ROUTE_StanfordHealthCare,0.4084099464430737,15.360000000000001,ROUTE_StanfordHealthCare,0.4084099464430737,15.360000000000001,ROUTE_StanfordHealthCare,0.4084099464430737,15.360000000000001
37.625277777750824,-122.09638888884395,210.09088981620567,HEMORRHAGIC,ROUTE_KaiserFoundationHospitalSanLeandro,0.24,14.446666666666665,ROUTE_StRoseHospital,0.24,4.944999999999999,ROUTE_SutterEdenMedicalCenter,0.24,16.14,ROUTE_KaiserFoundationHospitalSanLeandro,0.24,14.446666666666665
38.45861111108482,-121.8330555555104,77.13455145391106,MIMIC,ROUTE_JohnMuirMedicalCenterWalnutCreekCampus,0.9,58.098333333333336,ROUTE_KaiserFoundationHospitalVacaville,0.9,11.168333333333333,ROUTE_JohnMuirMedicalCenterWalnutCreekCampus,0.9,58.098333333333336,ROUTE_KaiserFoundationHospitalVacaville,0.9,11.168333333333333
37.66666666663974,-122.44999999995534,219.39810649404998,HEMORRHAGIC,ROUTE_KaiserFoundationHospitalSouthSanFrancisco,0.24,3.9033333333333333,ROUTE_KaiserFoundationHospitalSouthSanFrancisco,0.24,3.9033333333333333,ROUTE_MillsPeninsulaMedicalCenterSutter,0.24,16.396666666666665,ROUTE_KaiserFoundationHospitalSouthSanFrancisco,0.24,3.9033333333333333
37.630833333306384,-122.40999999995532,148.00519121939004,LVO,ROUTE_MillsPeninsulaMedicalCenterSutter,0.40825719330187515,8.198333333333332,ROUTE_MillsPeninsulaMedicalCenterSutter,0.40825719330187515,8.198333333333332,ROUTE_MillsPeninsulaMedicalCenterSutter,0.40825719330187515,8.198333333333332,ROUTE_MillsPeninsulaMedicalCenterSutter,0.40825719330187515,8.198333333333332
37.67138888886197,-122.1236111110662,94.12274908723398,HEMORRHAGIC,ROUTE_SutterEdenMedicalCenter,0.24,11.881666666666666,ROUTE_StRoseHospital,0.24,9.305,ROUTE_SutterEdenMedicalCenter,0.24,11.881666666666666,ROUTE_KaiserFoundationHospitalSanLeandro,0.24,11.581666666666667
37.799722222195406,-122.16749999995511,77.00923945698082,HEMORRHAGIC,ROUTE_SutterEdenMedicalCenter,0.24,20.473333333333336,ROUTE_HighlandHospitalWilmaChanCampus,0.24,13.018333333333334,ROUTE_SutterEdenMedicalCenter,0.24,20.473333333333336,ROUTE_HighlandHospitalWilmaChanCampus,0.24,13.018333333333334
37.937222222195516,-122.35222222217749,240.10147317946794,HEMORRHAGIC,ROUTE_KaiserFoundationHospitalRichmondCampus,0.24,4.071666666666667,ROUTE_KaiserFoundationHospitalRichmondCampus,0.24,4.071666666666667,ROUTE_CPMCDaviesCampusSutter,0.24,34.888333333333335,ROUTE_KaiserFoundationHospitalRichmondCampus,0.24,4.071666666666667
37.977499999973325,-122.56861111106655,61.97550900727424,LVO,ROUTE_UCSFMedicalCenter,0.42802132096553325,42.595,ROUTE_MarinHealthMedicalCenter,0.29610800053446557,9.968333333333334,ROUTE_UCSFMedicalCenter,0.42802132096553325,42.595,ROUTE_MarinHealthMedicalCenter,0.29610800053446557,9.968333333333334
37.83416666663988,-121.95444444439939,35.348798147281144,LVO,ROUTE_JohnMuirMedicalCenterWalnutCreekCampus,0.44531331723745815,25.255,ROUTE_KaiserFoundationHospitalWalnutCreek,0.3013733672637239,19.64333333333333,ROUTE_JohnMuirMedicalCenterWalnutCreekCampus,0.44531331723745815,25.255,ROUTE_KaiserFoundationHospitalWalnutCreek,0.3013733672637239,19.64333333333333
37.67055555552864,-121.91305555551047,171.56451182426514,LVO,ROUTE_SutterEdenMedicalCenter,0.26136766402348,21.621666666666666,ROUTE_StanfordHealthCareTriValley,0.2646595337531895,9.318333333333333,ROUTE_SutterEdenMedicalCenter,0.26136766402348,21.621666666666666,ROUTE_StanfordHealthCareTriValley,0.2646595337531895,9.318333333333333
37.86722222219546,-122.25833333328852,88.5761240353151,LVO,ROUTE_SutterEdenMedicalCenter,0.42383152909449984,26.81,ROUTE_AltaBatesSummitMedicalCenterAltaBatesCampus,0.24466880000000002,4.636666666666667,ROUTE_SutterEdenMedicalCenter,0.42383152909449984,26.81,ROUTE_AltaBatesSummitMedicalCenterSummitCampus,0.2869076241297539,13.796666666666665
38.08749999997341,-122.51944444439984,159.0055216174242,LVO,ROUTE_NovatoCommunityHospitalSutter,0.2666641420823409,14.479999999999999,ROUTE_NovatoCommunityHospitalSutter,0.2666641420823409,14.479999999999999,ROUTE_UCSFMedicalCenter,0.256515532815265,52.68666666666666,ROUTE_NovatoCommunityHospitalSutter,0.2666641420823409,14.479999999999999
37.464166666639585,-121.89944444439935,172.45888510693544,MIMIC,ROUTE_RegionalMedicalCenterOfSanJose,0.9,14.251666666666667,ROUTE_RegionalMedicalCenterOfSanJose,0.9,14.251666666666667,ROUTE_RegionalMedicalCenterOfSanJose,0.9,14.251666666666667,ROUTE_RegionalMedicalCenterOfSanJose,0.9,14.251666666666667
37.764166666639824,-122.46111111106646,116.26905242886721,LVO,ROUTE_UCSFMedicalCenter,0.4229710443816067,1.3466666666666667,ROUTE_UCSFMedicalCenter,0.4229710443816067,1.3466666666666667,ROUTE_UCSFMedicalCenter,0.4229710443816067,1.3466666666666667,ROUTE_UCSFMedicalCenter,0.4229710443816067,1.3466666666666667
38.177499999973485,-122.53027777773319,110.63695694941407,LVO,ROUTE_JohnMuirMedicalCenterWalnutCreekCampus,0.40418029478849254,56.42166666666667,ROUTE_NovatoCommunityHospitalSutter,0.27957209535562955,16.798333333333332,ROUTE_JohnMuirMedicalCenterWalnutCreekCampus,0.40418029478849254,56.42166666666667,ROUTE_NovatoCommunityHospitalSutter,0.27957209535562955,16.798333333333332
37.94027777775107,-121.68833333328807,67.63867266654484,MIMIC,ROUTE_JohnMuirMedicalCenterWalnutCreekCampus,0.9,41.281666666666666,ROUTE_KaiserFoundationHospitalAntioch,0.9,15.063333333333333,ROUTE_JohnMuirMedicalCenterWalnutCreekCampus,0.9,41.281666666666666,ROUTE_KaiserFoundationHospitalAntioch,0.9,15.063333333333333
37.74999999997314,-122.45333333328868,259.1400483856791,LVO,ROUTE_UCSFMedicalCenter,0.24466880000000002,5.786666666666666,ROUTE_UCSFMedicalCenter,0.24466880000000002,5.786666666666666,ROUTE_UCSFMedicalCenter,0.24466880000000002,5.786666666666666,ROUTE_UCSFMedicalCenter,0.24466880000000002,5.786666666666666
37.746944444417586,-122.49111111106649,212.04981220902772,LVO,ROUTE_UCSFMedicalCenter,0.2538080916898799,10.171666666666665,ROUTE_UCSFMedicalCenter,0.2538080916898799,10.171666666666665,ROUTE_UCSFMedicalCenter,0.2538080916898799,10.171666666666665,ROUTE_UCSFMedicalCenter,0.2538080916898799,10.171666666666665
37.768333333306494,-121.98555555551053,240.40456533405313,HEMORRHAGIC,ROUTE_SanRamonRegionalMedicalCenter,0.24,7.766666666666667,ROUTE_SanRamonRegionalMedicalCenter,0.24,7.766666666666667,ROUTE_JohnMuirMedicalCenterWalnutCreekCampus,0.24,22.34333333333333,ROUTE_SanRamonRegionalMedicalCenter,0.24,7.766666666666667
38.274722222195784,-122.01777777773277,114.04795251326063,NLVO,ROUTE_JohnMuirMedicalCenterWalnutCreekCampus,0.5300086279929317,45.35666666666667,ROUTE_NorthBayMedicalCenter,0.5477552416891106,11.145000000000001,ROUTE_JohnMuirMedicalCenterWalnutCreekCampus,0.5300086279929317,45.35666666666667,ROUTE_NorthBayMedicalCenter,0.5477552416891106,11.145000000000001
38.28916666664024,-122.300277777733,125.29600337210793,LVO,ROUTE_JohnMuirMedicalCenterWalnutCreekCampus,0.40149132833469015,48.96333333333334,ROUTE_ProvidenceQueenOfTheValleyMedicalCenter,0.27789116003067876,7.989999999999999,ROUTE_JohnMuirMedicalCenterWalnutCreekCampus,0.40149132833469015,48.96333333333334,ROUTE_ProvidenceQueenOfTheValleyMedicalCenter,0.27789116003067876,7.989999999999999
37.7972222221954,-122.2094444443996,178.67148991592745,NLVO,ROUTE_SutterEdenMedicalCenter,0.5115222707126892,16.133333333333333,ROUTE_HighlandHospitalWilmaChanCampus,0.517818519870058,4.1033333333333335,ROUTE_SutterEdenMedicalCenter,0.5115222707126892,16.133333333333333,ROUTE_HighlandHospitalWilmaChanCampus,0.517818519870058,4.1033333333333335
37.856666666639896,-122.27722222217743,155.1054946566184,MIMIC,ROUTE_JohnMuirMedicalCenterWalnutCreekCampus,0.9,27.435,ROUTE_AltaBatesSummitMedicalCenterAltaBatesCampus,0.9,5.345,ROUTE_JohnMuirMedicalCenterWalnutCreekCampus,0.9,27.435,ROUTE_KaiserFoundationHospitalOaklandRichmond,0.9,10.606666666666666
37.703888888862,-122.45749999995535,51.22878657738073,LVO,ROUTE_CPMCDaviesCampusSutter,0.44325419921123005,14.556666666666667,ROUTE_CPMCMissionBernalCampusSutter,0.29995858629999195,8.286666666666667,ROUTE_CPMCDaviesCampusSutter,0.44325419921123005,14.556666666666667,ROUTE_CPMCMissionBernalCampusSutter,0.29995858629999195,8.286666666666667
37.97638888886221,-122.35138888884416,135.066225033806,HEMORRHAGIC,ROUTE_JohnMuirMedicalCenterWalnutCreekCampus,0.24,36.45166666666667,ROUTE_KaiserFoundationHospitalRichmondCampus,0.24,9.785,ROUTE_JohnMuirMedicalCenterWalnutCreekCampus,0.24,36.45166666666667,ROUTE_KaiserFoundationHospitalRichmondCampus,0.24,9.785
38.123055555529,-122.58694444439989,248.07738866559944,LVO,ROUTE_NovatoCommunityHospitalSutter,0.24466880000000002,9.746666666666666,ROUTE_NovatoCommunityHospitalSutter,0.24466880000000002,9.746666666666666,ROUTE_UCSFMedicalCenter,0.24466880000000002,50.99333333333333,ROUTE_NovatoCommunityHospitalSutter,0.24466880000000002,9.746666666666666
38.02527777775114,-121.9505555555105,150.85595294697566,LVO,ROUTE_JohnMuirMedicalCenterWalnutCreekCampus,0.40240486122704433,20.953333333333333,ROUTE_JohnMuirMedicalCenterConcordCampus,0.2698007793504884,11.193333333333333,ROUTE_JohnMuirMedicalCenterWalnutCreekCampus,0.40240486122704433,20.953333333333333,ROUTE_JohnMuirMedicalCenterConcordCampus,0.2698007793504884,11.193333333333333
37.48444444441738,-122.2208333332885,198.60374461608447,LVO,ROUTE_KaiserFoundationHospitalRedwoodCity,0.2590972974102878,3.185,ROUTE_KaiserFoundationHospitalRedwoodCity,0.2590972974102878,3.185,ROUTE_KaiserFoundationHospitalRedwoodCity,0.2590972974102878,3.185,ROUTE_KaiserFoundationHospitalRedwoodCity,0.2590972974102878,3.185
38.00222222219557,-121.896111111066,197.36722247712032,HEMORRHAGIC,ROUTE_JohnMuirMedicalCenterConcordCampus,0.24,14.446666666666665,ROUTE_SutterDeltaMedicalCenter,0.24,11.971666666666666,ROUTE_JohnMuirMedicalCenterWalnutCreekCampus,0.24,21.23,ROUTE_JohnMuirMedicalCenterConcordCampus,0.24,14.446666666666665
37.462777777750695,-122.14916666662177,220.9417542958847,HEMORRHAGIC,ROUTE_StanfordHealthCare,0.24,13.171666666666665,ROUTE_StanfordHealthCare,0.24,13.171666666666665,ROUTE_StanfordHealthCare,0.24,13.171666666666665,ROUTE_StanfordHealthCare,0.24,13.171666666666665
37.781388888862054,-122.2333333332885,91.43479041010195,LVO,ROUTE_SutterEdenMedicalCenter,0.4256618348743171,19.21833333333333,ROUTE_HighlandHospitalWilmaChanCampus,0.2888826627309054,4.3149999999999995,ROUTE_SutterEdenMedicalCenter,0.4256618348743171,19.21833333333333,ROUTE_HighlandHospitalWilmaChanCampus,0.2888826627309054,4.3149999999999995
37.699444444417544,-122.08083333328838,68.20677087425442,LVO,ROUTE_SutterEdenMedicalCenter,0.44072930354037954,3.9516666666666667,ROUTE_SutterEdenMedicalCenter,0.44072930354037954,3.9516666666666667,ROUTE_SutterEdenMedicalCenter,0.44072930354037954,3.9516666666666667,ROUTE_SutterEdenMedicalCenter,0.44072930354037954,3.9516666666666667
38.28138888886246,-122.02083333328834,193.93492605061044,HEMORRHAGIC,ROUTE_NorthBayMedicalCenter,0.24,10.45,ROUTE_NorthBayMedicalCenter,0.24,10.45,ROUTE_JohnMuirMedicalCenterWalnutCreekCampus,0.24,44.663333333333334,ROUTE_NorthBayMedicalCenter,0.24,10.45
38.18333333330683,-122.25249999995519,143.06595603728897,NLVO,ROUTE_JohnMuirMedicalCenterWalnutCreekCampus,0.5189373136876996,37.568333333333335,ROUTE_KaiserFoundationHospitalVallejo,0.5337040048353813,9.233333333333333,ROUTE_JohnMuirMedicalCenterWalnutCreekCampus,0.5189373136876996,37.568333333333335,ROUTE_KaiserFoundationHospitalVallejo,0.5337040048353813,9.233333333333333
38.088611111084525,-122.55694444439987,83.41649964228651,LVO,ROUTE_UCSFMedicalCenter,0.41752680815700427,48.373333333333335,ROUTE_NovatoCommunityHospitalSutter,0.29079866980888297,5.956666666666666,ROUTE_UCSFMedicalCenter,0.41752680815700427,48.373333333333335,ROUTE_NovatoCommunityHospitalSutter,0.29079866980888297,5.956666666666666
37.54833333330632,-122.30833333328856,160.552764814203,LVO,ROUTE_KaiserFoundationHospitalRedwoodCity,0.40139319144193797,13.97,ROUTE_SanMateoMedicalCenter,0.24466880000000002,6.593333333333334,ROUTE_KaiserFoundationHospitalRedwoodCity,0.40139319144193797,13.97,ROUTE_KaiserFoundationHospitalRedwoodCity,0.40139319144193797,13.97
38.00194444441779,-122.03305555551057,144.71175285094634,MIMIC,ROUTE_JohnMuirMedicalCenterWalnutCreekCampus,0.9,16.211666666666666,ROUTE_JohnMuirMedicalCenterConcordCampus,0.9,6.28,ROUTE_JohnMuirMedicalCenterWalnutCreekCampus,0.9,16.211666666666666,ROUTE_JohnMuirMedicalCenterConcordCampus,0.9,6.28
37.3527777777506,-122.00972222217722,188.60649569751635,HEMORRHAGIC,ROUTE_KaiserFoundationHospitalSantaClara,0.24,7.8516666666666675,ROUTE_KaiserFoundationHospitalSantaClara,0.24,7.8516666666666675,ROUTE_KaiserFoundationHospitalSantaClara,0.24,7.8516666666666675,ROUTE_KaiserFoundationHospitalSantaClara,0.24,7.8516666666666675
37.82916666663987,-121.96861111106607,80.78220970891692,HEMORRHAGIC,ROUTE_JohnMuirMedicalCenterWalnutCreekCampus,0.24,25.238333333333333,ROUTE_KaiserFoundationHospitalWalnutCreek,0.24,19.625,ROUTE_JohnMuirMedicalCenterWalnutCreekCampus,0.24,25.238333333333333,ROUTE_KaiserFoundationHospitalWalnutCreek,0.24,19.625
37.78472222219539,-122.2069444443996,103.668965725984,LVO,ROUTE_SutterEdenMedicalCenter,0.42144421960465506,17.91,ROUTE_HighlandHospitalWilmaChanCampus,0.28444881729358273,7.0216666666666665,ROUTE_SutterEdenMedicalCenter,0.42144421960465506,17.91,ROUTE_HighlandHospitalWilmaChanCampus,0.28444881729358273,7.0216666666666665
37.39722222219508,-122.022499999955,130.23983609155104,HEMORRHAGIC,ROUTE_KaiserFoundationHospitalSantaClara,0.24,14.306666666666667,ROUTE_KaiserFoundationHospitalSantaClara,0.24,14.306666666666667,ROUTE_KaiserFoundationHospitalSantaClara,0.24,14.306666666666667,ROUTE_KaiserFoundationHospitalSantaClara,0.24,14.306666666666667
37.749444444417584,-122.17555555551068,60.05683725204619,MIMIC,ROUTE_SutterEdenMedicalCenter,0.9,15.34,ROUTE_SanLeandroHospitalAlamedaHealthSystem,0.9,12.016666666666667,ROUTE_SutterEdenMedicalCenter,0.9,15.34,ROUTE_HighlandHospitalWilmaChanCampus,0.9,13.96
37.52638888886185,-122.51444444439984,30.539078340537937,LVO,ROUTE_MillsPeninsulaMedicalCenterSutter,0.44288973014665894,36.165,ROUTE_AHMCSetonMedicalCenter,0.3001067282669821,28.501666666666665,ROUTE_MillsPeninsulaMedicalCenterSutter,0.44288973014665894,36.165,ROUTE_AHMCSetonMedicalCenter,0.3001067282669821,28.501666666666665
38.063611111084505,-122.17444444439957,64.86372100485808,LVO,ROUTE_JohnMuirMedicalCenterWalnutCreekCampus,0.4345481077881717,22.988333333333333,ROUTE_ContraCostaRegionalMedicalCenter,0.24466880000000002,12.173333333333334,ROUTE_JohnMuirMedicalCenterWalnutCreekCampus,0.4345481077881717,22.988333333333333,ROUTE_SutterSolanoMedicalCenter,0.2943605632709314,12.778333333333334
37.57083333330633,-122.35138888884416,248.92801761122263,HEMORRHAGIC,ROUTE_MillsPeninsulaMedicalCenterSutter,0.24,8.651666666666667,ROUTE_MillsPeninsulaMedicalCenterSutter,0.24,8.651666666666667,ROUTE_MillsPeninsulaMedicalCenterSutter,0.24,8.651666666666667,ROUTE_MillsPeninsulaMedicalCenterSutter,0.24,8.651666666666667
38.07694444441785,-122.1791666666218,268.5646015687847,NLVO,ROUTE_SutterSolanoMedicalCenter,0.4622,13.1,ROUTE_SutterSolanoMedicalCenter,0.4622,13.1,ROUTE_JohnMuirMedicalCenterWalnutCreekCampus,0.4622,24.58833333333333,ROUTE_SutterSolanoMedicalCenter,0.4622,13.1
37.948333333306635,-122.53222222217764,191.03203609494378,NLVO,ROUTE_MarinHealthMedicalCenter,0.5121253691271034,2.621666666666667,ROUTE_MarinHealthMedicalCenter,0.5121253691271034,2.621666666666667,ROUTE_UCSFMedicalCenter,0.4622,35.223333333333336,ROUTE_MarinHealthMedicalCenter,0.5121253691271034,2.621666666666667
38.16194444441792,-122.18694444439957,77.51894549130483,NLVO,ROUTE_JohnMuirMedicalCenterWalnutCreekCampus,0.5531770594938887,37.17666666666666,ROUTE_SutterSolanoMedicalCenter,0.5655854532157455,13.071666666666665,ROUTE_JohnMuirMedicalCenterWalnutCreekCampus,0.5531770594938887,37.17666666666666,ROUTE_SutterSolanoMedicalCenter,0.5655854532157455,13.071666666666665
37.79499999997318,-122.24194444439962,112.0923902303054,LVO,ROUTE_SutterEdenMedicalCenter,0.41754878010285235,19.64,ROUTE_HighlandHospitalWilmaChanCampus,0.2833686505060145,2.2783333333333333,ROUTE_SutterEdenMedicalCenter,0.41754878010285235,19.64,ROUTE_HighlandHospitalWilmaChanCampus,0.2833686505060145,2.2783333333333333
37.791388888862066,-122.19222222217736,264.11419386184866,HEMORRHAGIC,ROUTE_HighlandHospitalWilmaChanCampus,0.24,6.1466666666666665,ROUTE_HighlandHospitalWilmaChanCampus,0.24,6.1466666666666665,ROUTE_SutterEdenMedicalCenter,0.24,16.715,ROUTE_HighlandHospitalWilmaChanCampus,0.24,6.1466666666666665
37.34555555552838,-122.02944444439945,122.12471347728288,LVO,ROUTE_KaiserFoundationHospitalSantaClara,0.41788713761235236,8.723333333333333,ROUTE_KaiserFoundationHospitalSantaClara,0.41788713761235236,8.723333333333333,ROUTE_KaiserFoundationHospitalSantaClara,0.41788713761235236,8.723333333333333,ROUTE_KaiserFoundationHospitalSantaClara,0.41788713761235236,8.723333333333333
37.374444444417286,-122.01888888884389,208.4105875402007,NLVO,ROUTE_KaiserFoundationHospitalSantaClara,0.4980260557139824,12.088333333333333,ROUTE_KaiserFoundationHospitalSantaClara,0.4980260557139824,12.088333333333333,ROUTE_KaiserFoundationHospitalSantaClara,0.4980260557139824,12.088333333333333,ROUTE_KaiserFoundationHospitalSantaClara,0.4980260557139824,12.088333333333333
37.884444444417696,-122.47194444439981,127.05925447484343,LVO,ROUTE_UCSFMedicalCenter,0.40619904696399467,34.615,ROUTE_MarinHealthMedicalCenter,0.2745645524502955,17.93,ROUTE_UCSFMedicalCenter,0.40619904696399467,34.615,ROUTE_MarinHealthMedicalCenter,0.2745645524502955,17.93
37.79166666663984,-122.44499999995534,223.995324604254,MIMIC,ROUTE_KaiserFoundationHospitalSanFrancisco,0.9,4.05,ROUTE_KaiserFoundationHospitalSanFrancisco,0.9,4.05,ROUTE_CPMCDaviesCampusSutter,0.9,8.275,ROUTE_KaiserFoundationHospitalSanFrancisco,0.9,4.05
37.73055555552868,-122.4972222221776,268.8668396410975,LVO,ROUTE_UCSFMedicalCenter,0.24466880000000002,13.273333333333333,ROUTE_UCSFMedicalCenter,0.24466880000000002,13.273333333333333,ROUTE_UCSFMedicalCenter,0.24466880000000002,13.273333333333333,ROUTE_UCSFMedicalCenter,0.24466880000000002,13.273333333333333
37.97361111108443,-122.10472222217729,229.15299946116798,NLVO,ROUTE_ContraCostaRegionalMedicalCenter,0.4622,9.311666666666667,ROUTE_ContraCostaRegionalMedicalCenter,0.4622,9.311666666666667,ROUTE_JohnMuirMedicalCenterWalnutCreekCampus,0.4622,18.35666666666667,ROUTE_JohnMuirMedicalCenterConcordCampus,0.4622,15.633333333333333
37.526666666639635,-122.25694444439964,112.21241236448107,LVO,ROUTE_KaiserFoundationHospitalRedwoodCity,0.4196470441956923,14.043333333333333,ROUTE_SanMateoMedicalCenter,0.24466880000000002,13.398333333333333,ROUTE_KaiserFoundationHospitalRedwoodCity,0.4196470441956923,14.043333333333333,ROUTE_KaiserFoundationHospitalRedwoodCity,0.4196470441956923,14.043333333333333
37.71583333330645,-122.49666666662205,96.62095436336008,LVO,ROUTE_UCSFMedicalCenter,0.4245992563360347,16.778333333333332,ROUTE_AHMCSetonMedicalCenter,0.2854720381179401,10.598333333333333,ROUTE_UCSFMedicalCenter,0.4245992563360347,16.778333333333332,ROUTE_AHMCSetonMedicalCenter,0.2854720381179401,10.598333333333333
37.95166666663997,-121.99027777773276,256.38769329464253,NLVO,ROUTE_JohnMuirMedicalCenterWalnutCreekCampus,0.4622,11.041666666666666,ROUTE_JohnMuirMedicalCenterWalnutCreekCampus,0.4622,11.041666666666666,ROUTE_JohnMuirMedicalCenterWalnutCreekCampus,0.4622,11.041666666666666,ROUTE_JohnMuirMedicalCenterWalnutCreekCampus,0.4622,11.041666666666666
37.34833333330616,-122.0211111110661,219.73804365086505,HEMORRHAGIC,ROUTE_KaiserFoundationHospitalSantaClara,0.24,8.388333333333334,ROUTE_KaiserFoundationHospitalSantaClara,0.24,8.388333333333334,ROUTE_KaiserFoundationHospitalSantaClara,0.24,8.388333333333334,ROUTE_KaiserFoundationHospitalSantaClara,0.24,8.388333333333334
37.53861111108409,-122.24666666662185,142.28778518913717,HEMORRHAGIC,ROUTE_KaiserFoundationHospitalRedwoodCity,0.24,17.771666666666665,ROUTE_SanMateoMedicalCenter,0.24,15.860000000000001,ROUTE_KaiserFoundationHospitalRedwoodCity,0.24,17.771666666666665,ROUTE_KaiserFoundationHospitalRedwoodCity,0.24,17.771666666666665
37.575277777750784,-122.31972222217746,98.08808599569181,HEMORRHAGIC,ROUTE_MillsPeninsulaMedicalCenterSutter,0.24,12.26,ROUTE_SanMateoMedicalCenter,0.24,10.389999999999999,ROUTE_MillsPeninsulaMedicalCenterSutter,0.24,12.26,ROUTE_MillsPeninsulaMedicalCenterSutter,0.24,12.26
37.78805555552873,-122.41722222217754,221.4533085728858,HEMORRHAGIC,ROUTE_UCSFHealthHydeHospital,0.24,1.0566666666666666,ROUTE_UCSFHealthHydeHospital,0.24,1.0566666666666666,ROUTE_CPMCDaviesCampusSutter,0.24,9.42,ROUTE_UCSFHealthHydeHospital,0.24,1.0566666666666666
38.13333333330678,-122.24249999995517,44.424567657108426,MIMIC,ROUTE_JohnMuirMedicalCenterWalnutCreekCampus,0.9,31.81,ROUTE_SutterSolanoMedicalCenter,0.9,1.775,ROUTE_JohnMuirMedicalCenterWalnutCreekCampus,0.9,31.81,ROUTE_SutterSolanoMedicalCenter,0.9,1.775
37.53444444441742,-122.26722222217742,175.8646531282285,LVO,ROUTE_MillsPeninsulaMedicalCenterSutter,0.26060819918232286,20.188333333333333,ROUTE_SanMateoMedicalCenter,0.24466880000000002,15.221666666666666,ROUTE_MillsPeninsulaMedicalCenterSutter,0.26060819918232286,20.188333333333333,ROUTE_MillsPeninsulaMedicalCenterSutter,0.26060819918232286,20.188333333333333
38.00499999997335,-121.71749999995475,163.4475558692522,HEMORRHAGIC,ROUTE_JohnMuirMedicalCenterWalnutCreekCampus,0.24,38.65,ROUTE_SutterDeltaMedicalCenter,0.24,17.091666666666665,ROUTE_JohnMuirMedicalCenterWalnutCreekCampus,0.24,38.65,ROUTE_KaiserFoundationHospitalAntioch,0.24,17.641666666666666
37.700833333306434,-122.04305555551058,216.5443909637151,HEMORRHAGIC,ROUTE_SutterEdenMedicalCenter,0.24,10.053333333333335,ROUTE_SutterEdenMedicalCenter,0.24,10.053333333333335,ROUTE_SutterEdenMedicalCenter,0.24,10.053333333333335,ROUTE_SutterEdenMedicalCenter,0.24,10.053333333333335
37.80222222219541,-122.24916666662185,106.57457268115466,HEMORRHAGIC,ROUTE_SutterEdenMedicalCenter,0.24,20.741666666666667,ROUTE_HighlandHospitalWilmaChanCampus,0.24,4.735,ROUTE_SutterEdenMedicalCenter,0.24,20.741666666666667,ROUTE_HighlandHospitalWilmaChanCampus,0.24,4.735
37.643888888861945,-122.4405555555109,206.23249202411222,LVO,ROUTE_KaiserFoundationHospitalSouthSanFrancisco,0.25604643104122443,7.2733333333333325,ROUTE_KaiserFoundationHospitalSouthSanFrancisco,0.25604643104122443,7.2733333333333325,ROUTE_MillsPeninsulaMedicalCenterSutter,0.25469924060678206,12.506666666666666,ROUTE_KaiserFoundationHospitalSouthSanFrancisco,0.25604643104122443,7.2733333333333325
38.0144444444178,-121.96472222217717,227.85626518689546,HEMORRHAGIC,ROUTE_JohnMuirMedicalCenterConcordCampus,0.24,11.211666666666668,ROUTE_JohnMuirMedicalCenterConcordCampus,0.24,11.211666666666668,ROUTE_JohnMuirMedicalCenterWalnutCreekCampus,0.24,20.971666666666668,ROUTE_JohnMuirMedicalCenterConcordCampus,0.24,11.211666666666668
37.55472222219521,-122.03444444439945,121.74687617573557,NLVO,ROUTE_SutterEdenMedicalCenter,0.5365492803031533,25.075,ROUTE_WashingtonHospitalHealthcareSystem,0.5413172055741993,15.883333333333333,ROUTE_SutterEdenMedicalCenter,0.5365492803031533,25.075,ROUTE_WashingtonHospitalHealthcareSystem,0.5413172055741993,15.883333333333333
38.28249999997357,-122.0402777777328,122.82743768447946,HEMORRHAGIC,ROUTE_JohnMuirMedicalCenterWalnutCreekCampus,0.24,45.525,ROUTE_NorthBayMedicalCenter,0.24,11.313333333333333,ROUTE_JohnMuirMedicalCenterWalnutCreekCampus,0.24,45.525,ROUTE_NorthBayMedicalCenter,0.24,11.313333333333333
37.92666666663995,-121.62138888884357,96.12489534475407,HEMORRHAGIC,ROUTE_JohnMuirMedicalCenterWalnutCreekCampus,0.24,48.495,ROUTE_KaiserFoundationHospitalAntioch,0.24,22.970000000000002,ROUTE_JohnMuirMedicalCenterWalnutCreekCampus,0.24,48.495,ROUTE_KaiserFoundationHospitalAntioch,0.24,22.970000000000002
37.98277777775111,-122.00277777773276,194.68227623606322,LVO,ROUTE_JohnMuirMedicalCenterConcordCampus,0.25882320803166,8.151666666666667,ROUTE_JohnMuirMedicalCenterConcordCampus,0.25882320803166,8.151666666666667,ROUTE_JohnMuirMedicalCenterWalnutCreekCampus,0.2561769912185732,18.31833333333333,ROUTE_JohnMuirMedicalCenterConcordCampus,0.25882320803166,8.151666666666667
37.673888888861974,-121.90527777773269,136.0119279308059,LVO,ROUTE_SutterEdenMedicalCenter,0.40734712260942985,22.608333333333334,ROUTE_StanfordHealthCareTriValley,0.2746169531099942,8.791666666666666,ROUTE_SutterEdenMedicalCenter,0.40734712260942985,22.608333333333334,ROUTE_StanfordHealthCareTriValley,0.2746169531099942,8.791666666666666
37.793333333306514,-121.90666666662158,102.74657816560139,MIMIC,ROUTE_JohnMuirMedicalCenterWalnutCreekCampus,0.9,27.316666666666666,ROUTE_SanRamonRegionalMedicalCenter,0.9,14.305,ROUTE_JohnMuirMedicalCenterWalnutCreekCampus,0.9,27.316666666666666,ROUTE_SanRamonRegionalMedicalCenter,0.9,14.305
38.26861111108467,-122.07194444439949,167.74197486688823,HEMORRHAGIC,ROUTE_NorthBayMedicalCenter,0.24,10.458333333333334,ROUTE_NorthBayMedicalCenter,0.24,10.458333333333334,ROUTE_JohnMuirMedicalCenterWalnutCreekCampus,0.24,42.486666666666665,ROUTE_NorthBayMedicalCenter,0.24,10.458333333333334
37.66805555552863,-122.11805555551064,178.89057055332108,LVO,ROUTE_SutterEdenMedicalCenter,0.26176412540657323,12.803333333333335,ROUTE_StRoseHospital,0.24466880000000002,8.626666666666667,ROUTE_SutterEdenMedicalCenter,0.26176412540657323,12.803333333333335,ROUTE_KaiserFoundationHospitalSanLeandro,0.2619006850434036,12.29
37.36305555552839,-122.0211111110661,33.90934178157171,LVO,ROUTE_KaiserFoundationHospitalSantaClara,0.45211993907570047,9.663333333333332,ROUTE_KaiserFoundationHospitalSantaClara,0.45211993907570047,9.663333333333332,ROUTE_KaiserFoundationHospitalSantaClara,0.45211993907570047,9.663333333333332,ROUTE_KaiserFoundationHospitalSantaClara,0.45211993907570047,9.663333333333332
37.79499999997318,-122.42999999995533,64.05750890703649,LVO,ROUTE_CPMCDaviesCampusSutter,0.44040738954735137,8.915,ROUTE_UCSFHealthHydeHospital,0.29757216644784984,3.14,ROUTE_CPMCDaviesCampusSutter,0.44040738954735137,8.915,ROUTE_UCSFHealthHydeHospital,0.29757216644784984,3.14
37.99916666664001,-121.80499999995483,30.924678438815747,LVO,ROUTE_JohnMuirMedicalCenterWalnutCreekCampus,0.44596649681267575,28.038333333333334,ROUTE_SutterDeltaMedicalCenter,0.25467619350483817,4.983333333333333,ROUTE_JohnMuirMedicalCenterWalnutCreekCampus,0.44596649681267575,28.038333333333334,ROUTE_KaiserFoundationHospitalAntioch,0.3056591505521984,10.501666666666667
37.84944444441767,-122.26472222217741,42.8055257198332,HEMORRHAGIC,ROUTE_JohnMuirMedicalCenterWalnutCreekCampus,0.24,23.35,ROUTE_AltaBatesSummitMedicalCenterAltaBatesCampus,0.24,3.0633333333333335,ROUTE_JohnMuirMedicalCenterWalnutCreekCampus,0.24,23.35,ROUTE_KaiserFoundationHospitalOaklandRichmond,0.24,7.746666666666667
37.788611111084286,-122.41611111106643,132.1740179748845,HEMORRHAGIC,ROUTE_CPMCDaviesCampusSutter,0.24,9.225,ROUTE_UCSFHealthHydeHospital,0.24,1.4833333333333334,ROUTE_CPMCDaviesCampusSutter,0.24,9.225,ROUTE_UCSFHealthHydeHospital,0.24,1.4833333333333334
37.98916666664,-122.47749999995537,130.49171965690607,LVO,ROUTE_UCSFMedicalCenter,0.3999265331710889,47.973333333333336,ROUTE_MarinHealthMedicalCenter,0.272714944212817,21.078333333333333,ROUTE_UCSFMedicalCenter,0.3999265331710889,47.973333333333336,ROUTE_MarinHealthMedicalCenter,0.272714944212817,21.078333333333333
37.99111111108445,-122.10166666662172,85.08305445352306,HEMORRHAGIC,ROUTE_JohnMuirMedicalCenterWalnutCreekCampus,0.24,15.865,ROUTE_ContraCostaRegionalMedicalCenter,0.24,6.3516666666666675,ROUTE_JohnMuirMedicalCenterWalnutCreekCampus,0.24,15.865,ROUTE_JohnMuirMedicalCenterConcordCampus,0.24,8.323333333333332
37.713333333306444,-122.43444444439977,180.30780195584092,LVO,ROUTE_CPMCDaviesCampusSutter,0.2604866529157764,16.205,ROUTE_CPMCMissionBernalCampusSutter,0.2621508363049904,9.933333333333334,ROUTE_CPMCDaviesCampusSutter,0.2604866529157764,16.205,ROUTE_CPMCMissionBernalCampusSutter,0.2621508363049904,9.933333333333334
37.71166666663978,-122.41083333328865,60.464652424085905,HEMORRHAGIC,ROUTE_MillsPeninsulaMedicalCenterSutter,0.24,16.153333333333332,ROUTE_CPMCMissionBernalCampusSutter,0.24,12.25,ROUTE_MillsPeninsulaMedicalCenterSutter,0.24,16.153333333333332,ROUTE_CPMCMissionBernalCampusSutter,0.24,12.25
38.301111111084694,-122.47111111106648,148.96357723297763,LVO,ROUTE_SonomaValleyHospital,0.2719548109741895,5.326666666666667,ROUTE_SonomaValleyHospital,0.2719548109741895,5.326666666666667,ROUTE_JohnMuirMedicalCenterWalnutCreekCampus,0.2548383856707508,69.23333333333333,ROUTE_SonomaValleyHospital,0.2719548109741895,5.326666666666667
37.99472222219556,-122.3205555555108,265.4778283971616,HEMORRHAGIC,ROUTE_KaiserFoundationHospitalRichmondCampus,0.24,13.543333333333333,ROUTE_KaiserFoundationHospitalRichmondCampus,0.24,13.543333333333333,ROUTE_JohnMuirMedicalCenterWalnutCreekCampus,0.24,34.294999999999995,ROUTE_KaiserFoundationHospitalRichmondCampus,0.24,13.543333333333333
38.02222222219558,-122.52555555551096,55.861176822576056,LVO,ROUTE_UCSFMedicalCenter,0.42924356444203304,45.56666666666667,ROUTE_KaiserFoundationHospitalSanRafael,0.29703284697800436,13.081666666666667,ROUTE_UCSFMedicalCenter,0.42924356444203304,45.56666666666667,ROUTE_KaiserFoundationHospitalSanRafael,0.29703284697800436,13.081666666666667
37.703888888862,-122.45249999995535,223.9702318098289,MIMIC,ROUTE_CPMCMissionBernalCampusSutter,0.9,9.218333333333334,ROUTE_CPMCMissionBernalCampusSutter,0.9,9.218333333333334,ROUTE_CPMCDaviesCampusSutter,0.9,15.488333333333333,ROUTE_CPMCMissionBernalCampusSutter,0.9,9.218333333333334
37.63388888886194,-122.06749999995503,104.68778414638862,HEMORRHAGIC,ROUTE_SutterEdenMedicalCenter,0.24,16.735,ROUTE_StRoseHospital,0.24,5.986666666666666,ROUTE_SutterEdenMedicalCenter,0.24,16.735,ROUTE_KaiserFoundationHospitalSanLeandro,0.24,15.041666666666666
37.85499999997323,-122.26555555551076,73.81189177421848,HEMORRHAGIC,ROUTE_JohnMuirMedicalCenterWalnutCreekCampus,0.24,24.38,ROUTE_AltaBatesSummitMedicalCenterAltaBatesCampus,0.24,2.425,ROUTE_JohnMuirMedicalCenterWalnutCreekCampus,0.24,24.38,ROUTE_KaiserFoundationHospitalOaklandRichmond,0.24,8.776666666666667
37.77138888886205,-122.4430555555109,130.03855275280924,LVO,ROUTE_CPMCDaviesCampusSutter,0.41697164484638016,3.203333333333333,ROUTE_CPMCDaviesCampusSutter,0.41697164484638016,3.203333333333333,ROUTE_CPMCDaviesCampusSutter,0.41697164484638016,3.203333333333333,ROUTE_CPMCDaviesCampusSutter,0.41697164484638016,3.203333333333333
38.03055555552892,-122.58083333328878,152.49895153191483,HEMORRHAGIC,ROUTE_UCSFMedicalCenter,0.24,48.84166666666667,ROUTE_KaiserFoundationHospitalSanRafael,0.24,11.751666666666667,ROUTE_UCSFMedicalCenter,0.24,48.84166666666667,ROUTE_KaiserFoundationHospitalSanRafael,0.24,11.751666666666667
37.867777777751016,-122.50805555551095,179.68125194402407,LVO,ROUTE_UCSFMedicalCenter,0.2586078359127961,23.975,ROUTE_MarinHealthMedicalCenter,0.26032416998273916,17.446666666666665,ROUTE_UCSFMedicalCenter,0.2586078359127961,23.975,ROUTE_MarinHealthMedicalCenter,0.26032416998273916,17.446666666666665
37.68861111108421,-122.10638888884395,256.0714995241849,LVO,ROUTE_SutterEdenMedicalCenter,0.24466880000000002,5.516666666666667,ROUTE_SutterEdenMedicalCenter,0.24466880000000002,5.516666666666667,ROUTE_SutterEdenMedicalCenter,0.24466880000000002,5.516666666666667,ROUTE_SutterEdenMedicalCenter,0.24466880000000002,5.516666666666667
38.1458333333068,-122.17749999995513,110.02361889754633,HEMORRHAGIC,ROUTE_JohnMuirMedicalCenterWalnutCreekCampus,0.24,37.66,ROUTE_SutterSolanoMedicalCenter,0.24,13.553333333333335,ROUTE_JohnMuirMedicalCenterWalnutCreekCampus,0.24,37.66,ROUTE_SutterSolanoMedicalCenter,0.24,13.553333333333335
37.43527777775067,-122.20666666662181,199.80430297146108,LVO,ROUTE_StanfordHealthCare,0.25668425176888543,11.236666666666668,ROUTE_StanfordHealthCare,0.25668425176888543,11.236666666666668,ROUTE_StanfordHealthCare,0.25668425176888543,11.236666666666668,ROUTE_StanfordHealthCare,0.25668425176888543,11.236666666666668
37.82999999997321,-122.1930555555107,162.53530641993171,HEMORRHAGIC,ROUTE_SutterEdenMedicalCenter,0.24,23.55666666666667,ROUTE_HighlandHospitalWilmaChanCampus,0.24,13.346666666666666,ROUTE_SutterEdenMedicalCenter,0.24,23.55666666666667,ROUTE_HighlandHospitalWilmaChanCampus,0.24,13.346666666666666
37.45416666663957,-122.26638888884409,52.46424346703344,HEMORRHAGIC,ROUTE_KaiserFoundationHospitalRedwoodCity,0.24,15.108333333333333,ROUTE_SequoiaHospital,0.24,10.17,ROUTE_KaiserFoundationHospitalRedwoodCity,0.24,15.108333333333333,ROUTE_SequoiaHospital,0.24,10.17
37.7366666666398,-122.18638888884402,268.36582999604383,HEMORRHAGIC,ROUTE_KaiserFoundationHospitalSanLeandro,0.24,8.426666666666668,ROUTE_KaiserFoundationHospitalSanLeandro,0.24,8.426666666666668,ROUTE_SutterEdenMedicalCenter,0.24,14.301666666666668,ROUTE_KaiserFoundationHospitalSanLeandro,0.24,8.426666666666668
37.507777777750725,-122.26916666662187,75.30473505580233,LVO,ROUTE_KaiserFoundationHospitalRedwoodCity,0.43435033059812894,13.051666666666668,ROUTE_SequoiaHospital,0.29180995294649226,10.721666666666666,ROUTE_KaiserFoundationHospitalRedwoodCity,0.43435033059812894,13.051666666666668,ROUTE_SequoiaHospital,0.29180995294649226,10.721666666666666
37.97666666663999,-122.565555555511,232.85663146296417,LVO,ROUTE_MarinHealthMedicalCenter,0.24466880000000002,9.643333333333334,ROUTE_MarinHealthMedicalCenter,0.24466880000000002,9.643333333333334,ROUTE_UCSFMedicalCenter,0.24466880000000002,42.269999999999996,ROUTE_MarinHealthMedicalCenter,0.24466880000000002,9.643333333333334
37.908055555528826,-122.29138888884411,109.05383093437364,HEMORRHAGIC,ROUTE_CPMCDaviesCampusSutter,0.24,33.145,ROUTE_KaiserFoundationHospitalRichmondCampus,0.24,15.071666666666665,ROUTE_CPMCDaviesCampusSutter,0.24,33.145,ROUTE_KaiserFoundationHospitalRichmondCampus,0.24,15.071666666666665
37.79999999997318,-122.27694444439965,144.74019372552402,LVO,ROUTE_SutterEdenMedicalCenter,0.40430011571258084,21.998333333333335,ROUTE_AltaBatesSummitMedicalCenterSummitCampus,0.2723261596178608,8.22,ROUTE_SutterEdenMedicalCenter,0.40430011571258084,21.998333333333335,ROUTE_AltaBatesSummitMedicalCenterSummitCampus,0.2723261596178608,8.22
37.96444444441776,-121.63972222217691,182.70925782698495,LVO,ROUTE_KaiserFoundationHospitalAntioch,0.2584932133380684,21.384999999999998,ROUTE_KaiserFoundationHospitalAntioch,0.2584932133380684,21.384999999999998,ROUTE_JohnMuirMedicalCenterWalnutCreekCampus,0.24466880000000002,45.86833333333333,ROUTE_KaiserFoundationHospitalAntioch,0.2584932133380684,21.384999999999998
37.69694444441755,-121.78222222217703,194.7968445908963,HEMORRHAGIC,ROUTE_StanfordHealthCareTriValley,0.24,14.91,ROUTE_StanfordHealthCareTriValley,0.24,14.91,ROUTE_SutterEdenMedicalCenter,0.24,26.308333333333334,ROUTE_StanfordHealthCareTriValley,0.24,14.91
37.573888888861894,-122.32222222217746,47.806127912365895,MIMIC,ROUTE_MillsPeninsulaMedicalCenterSutter,0.9,11.915,ROUTE_SanMateoMedicalCenter,0.9,11.118333333333334,ROUTE_MillsPeninsulaMedicalCenterSutter,0.9,11.915,ROUTE_MillsPeninsulaMedicalCenterSutter,0.9,11.915
37.72916666663979,-122.41499999995531,207.6109454687753,LVO,ROUTE_CPMCMissionBernalCampusSutter,0.25582306925563514,6.760000000000001,ROUTE_CPMCMissionBernalCampusSutter,0.25582306925563514,6.760000000000001,ROUTE_CPMCDaviesCampusSutter,0.25428198263118723,12.756666666666666,ROUTE_CPMCMissionBernalCampusSutter,0.25582306925563514,6.760000000000001
37.96194444441776,-122.34555555551081,112.02099028229617,HEMORRHAGIC,ROUTE_JohnMuirMedicalCenterWalnutCreekCampus,0.24,35.723333333333336,ROUTE_KaiserFoundationHospitalRichmondCampus,0.24,9.216666666666667,ROUTE_JohnMuirMedicalCenterWalnutCreekCampus,0.24,35.723333333333336,ROUTE_KaiserFoundationHospitalRichmondCampus,0.24,9.216666666666667
37.91305555552883,-122.00972222217722,58.101897723530875,LVO,ROUTE_JohnMuirMedicalCenterWalnutCreekCampus,0.4441113051422294,5.525,ROUTE_JohnMuirMedicalCenterWalnutCreekCampus,0.4441113051422294,5.525,ROUTE_JohnMuirMedicalCenterWalnutCreekCampus,0.4441113051422294,5.525,ROUTE_JohnMuirMedicalCenterWalnutCreekCampus,0.4441113051422294,5.525
37.781388888862054,-122.48138888884425,44.604178245179725,HEMORRHAGIC,ROUTE_UCSFMedicalCenter,0.24,10.066666666666666,ROUTE_UCSFHealthStanyanHospital,0.24,8.198333333333332,ROUTE_UCSFMedicalCenter,0.24,10.066666666666666,ROUTE_UCSFHealthStanyanHospital,0.24,8.198333333333332
37.8388888888621,-122.28305555551077,141.51300464869405,LVO,ROUTE_SutterEdenMedicalCenter,0.40429594370226696,25.236666666666668,ROUTE_KaiserFoundationHospitalOaklandRichmond,0.27332843286066166,7.868333333333334,ROUTE_SutterEdenMedicalCenter,0.40429594370226696,25.236666666666668,ROUTE_KaiserFoundationHospitalOaklandRichmond,0.27332843286066166,7.868333333333334
37.583611111084124,-122.35527777773305,208.81123684945462,LVO,ROUTE_MillsPeninsulaMedicalCenterSutter,0.25531619888261725,7.526666666666667,ROUTE_MillsPeninsulaMedicalCenterSutter,0.25531619888261725,7.526666666666667,ROUTE_MillsPeninsulaMedicalCenterSutter,0.25531619888261725,7.526666666666667,ROUTE_MillsPeninsulaMedicalCenterSutter,0.25531619888261725,7.526666666666667
37.632222222195274,-122.40972222217754,81.89135350609001,HEMORRHAGIC,ROUTE_MillsPeninsulaMedicalCenterSutter,0.24,8.726666666666667,ROUTE_MillsPeninsulaMedicalCenterSutter,0.24,8.726666666666667,ROUTE_MillsPeninsulaMedicalCenterSutter,0.24,8.726666666666667,ROUTE_MillsPeninsulaMedicalCenterSutter,0.24,8.726666666666667
37.92166666663995,-122.51361111106651,217.3470693866655,NLVO,ROUTE_MarinHealthMedicalCenter,0.4622,11.018333333333334,ROUTE_MarinHealthMedicalCenter,0.4622,11.018333333333334,ROUTE_UCSFMedicalCenter,0.4622,30.436666666666667,ROUTE_MarinHealthMedicalCenter,0.4622,11.018333333333334
37.81138888886208,-122.25527777773297,139.38674594685656,HEMORRHAGIC,ROUTE_SutterEdenMedicalCenter,0.24,20.813333333333333,ROUTE_AltaBatesSummitMedicalCenterSummitCampus,0.24,6.5,ROUTE_SutterEdenMedicalCenter,0.24,20.813333333333333,ROUTE_AltaBatesSummitMedicalCenterSummitCampus,0.24,6.5
37.81138888886208,-122.25138888884408,86.29163145327405,HEMORRHAGIC,ROUTE_SutterEdenMedicalCenter,0.24,19.31,ROUTE_HighlandHospitalWilmaChanCampus,0.24,5.233333333333333,ROUTE_SutterEdenMedicalCenter,0.24,19.31,ROUTE_HighlandHospitalWilmaChanCampus,0.24,5.233333333333333
37.59861111108413,-122.0288888888439,236.81971494654485,HEMORRHAGIC,ROUTE_StRoseHospital,0.24,15.67,ROUTE_StRoseHospital,0.24,15.67,ROUTE_SutterEdenMedicalCenter,0.24,24.833333333333332,ROUTE_WashingtonHospitalHealthcareSystem,0.24,18.738333333333333
37.983055555528885,-121.78055555551036,55.717133048178205,MIMIC,ROUTE_JohnMuirMedicalCenterWalnutCreekCampus,0.9,31.78166666666667,ROUTE_SutterDeltaMedicalCenter,0.9,4.71,ROUTE_JohnMuirMedicalCenterWalnutCreekCampus,0.9,31.78166666666667,ROUTE_KaiserFoundationHospitalAntioch,0.9,6.491666666666666
37.99444444441778,-121.7155555555103,34.64302111842859,HEMORRHAGIC,ROUTE_JohnMuirMedicalCenterWalnutCreekCampus,0.24,37.85166666666667,ROUTE_KaiserFoundationHospitalAntioch,0.24,16.241666666666667,ROUTE_JohnMuirMedicalCenterWalnutCreekCampus,0.24,37.85166666666667,ROUTE_KaiserFoundationHospitalAntioch,0.24,16.241666666666667
37.91749999997328,-122.5527777777332,259.6244080525238,HEMORRHAGIC,ROUTE_MarinHealthMedicalCenter,0.24,21.44333333333333,ROUTE_MarinHealthMedicalCenter,0.24,21.44333333333333,ROUTE_UCSFMedicalCenter,0.24,35.765,ROUTE_MarinHealthMedicalCenter,0.24,21.44333333333333
38.24361111108465,-122.61638888884437,203.26508035196127,MIMIC,ROUTE_PetalumaValleyHospitalProvidence,0.9,5.0616666666666665,ROUTE_PetalumaValleyHospitalProvidence,0.9,5.0616666666666665,ROUTE_UCSFMedicalCenter,0.9,59.830000000000005,ROUTE_PetalumaValleyHospitalProvidence,0.9,5.0616666666666665
37.36944444441728,-122.02305555551055,167.19353070202118,MIMIC,ROUTE_KaiserFoundationHospitalSantaClara,0.9,11.773333333333333,ROUTE_KaiserFoundationHospitalSantaClara,0.9,11.773333333333333,ROUTE_KaiserFoundationHospitalSantaClara,0.9,11.773333333333333,ROUTE_KaiserFoundationHospitalSantaClara,0.9,11.773333333333333
37.80055555552874,-122.24777777773296,176.85783928018608,HEMORRHAGIC,ROUTE_SutterEdenMedicalCenter,0.24,19.633333333333333,ROUTE_HighlandHospitalWilmaChanCampus,0.24,3.8433333333333333,ROUTE_SutterEdenMedicalCenter,0.24,19.633333333333333,ROUTE_HighlandHospitalWilmaChanCampus,0.24,3.8433333333333333
37.684999999973094,-122.1374999999551,234.56479196805995,LVO,ROUTE_KaiserFoundationHospitalSanLeandro,0.24466880000000002,8.555,ROUTE_KaiserFoundationHospitalSanLeandro,0.24466880000000002,8.555,ROUTE_SutterEdenMedicalCenter,0.24466880000000002,9.74,ROUTE_KaiserFoundationHospitalSanLeandro,0.24466880000000002,8.555
37.80972222219541,-122.300277777733,167.76455126439635,HEMORRHAGIC,ROUTE_CPMCDaviesCampusSutter,0.24,25.035,ROUTE_AltaBatesSummitMedicalCenterSummitCampus,0.24,10.358333333333333,ROUTE_CPMCDaviesCampusSutter,0.24,25.035,ROUTE_AltaBatesSummitMedicalCenterSummitCampus,0.24,10.358333333333333
37.528055555528525,-122.31444444439968,58.006132078063146,HEMORRHAGIC,ROUTE_KaiserFoundationHospitalRedwoodCity,0.24,16.343333333333334,ROUTE_SanMateoMedicalCenter,0.24,4.67,ROUTE_KaiserFoundationHospitalRedwoodCity,0.24,16.343333333333334,ROUTE_KaiserFoundationHospitalRedwoodCity,0.24,16.343333333333334
38.109444444417875,-122.20138888884404,112.06643865055136,HEMORRHAGIC,ROUTE_JohnMuirMedicalCenterWalnutCreekCampus,0.24,30.62,ROUTE_SutterSolanoMedicalCenter,0.24,10.455,ROUTE_JohnMuirMedicalCenterWalnutCreekCampus,0.24,30.62,ROUTE_SutterSolanoMedicalCenter,0.24,10.455
37.536944444417415,-122.00444444439943,235.97048582051409,HEMORRHAGIC,ROUTE_WashingtonHospitalHealthcareSystem,0.24,8.2,ROUTE_WashingtonHospitalHealthcareSystem,0.24,8.2,ROUTE_SutterEdenMedicalCenter,0.24,23.673333333333336,ROUTE_WashingtonHospitalHealthcareSystem,0.24,8.2
37.38249999997285,-122.16333333328845,79.4086822887973,LVO,ROUTE_StanfordHealthCare,0.43157166729769747,16.048333333333332,ROUTE_StanfordHealthCare,0.43157166729769747,16.048333333333332,ROUTE_StanfordHealthCare,0.43157166729769747,16.048333333333332,ROUTE_StanfordHealthCare,0.43157166729769747,16.048333333333332
37.88916666663992,-122.0388888888439,115.28121571416266,NLVO,ROUTE_JohnMuirMedicalCenterWalnutCreekCampus,0.547053763087332,11.268333333333334,ROUTE_KaiserFoundationHospitalWalnutCreek,0.5491129703104803,7.285,ROUTE_JohnMuirMedicalCenterWalnutCreekCampus,0.547053763087332,11.268333333333334,ROUTE_KaiserFoundationHospitalWalnutCreek,0.5491129703104803,7.285
37.95333333330664,-121.93861111106605,225.90433494441817,HEMORRHAGIC,ROUTE_JohnMuirMedicalCenterWalnutCreekCampus,0.24,17.96833333333333,ROUTE_JohnMuirMedicalCenterWalnutCreekCampus,0.24,17.96833333333333,ROUTE_JohnMuirMedicalCenterWalnutCreekCampus,0.24,17.96833333333333,ROUTE_JohnMuirMedicalCenterWalnutCreekCampus,0.24,17.96833333333333
37.577222222195225,-122.3344444443997,107.53350203168407,LVO,ROUTE_MillsPeninsulaMedicalCenterSutter,0.42276044659578127,10.628333333333334,ROUTE_MillsPeninsulaMedicalCenterSutter,0.42276044659578127,10.628333333333334,ROUTE_MillsPeninsulaMedicalCenterSutter,0.42276044659578127,10.628333333333334,ROUTE_MillsPeninsulaMedicalCenterSutter,0.42276044659578127,10.628333333333334
37.74638888886203,-122.23944444439962,48.08519408263222,LVO,ROUTE_SutterEdenMedicalCenter,0.44098442340986943,23.428333333333335,ROUTE_AlamedaHospital,0.30061304429197294,9.335,ROUTE_SutterEdenMedicalCenter,0.44098442340986943,23.428333333333335,ROUTE_AlamedaHospital,0.30061304429197294,9.335
37.79666666663985,-122.39944444439975,86.99227540244544,NLVO,ROUTE_CPMCDaviesCampusSutter,0.5605537771255872,13.386666666666667,ROUTE_ChineseHospital,0.5656282512144276,3.515,ROUTE_CPMCDaviesCampusSutter,0.5605537771255872,13.386666666666667,ROUTE_ChineseHospital,0.5656282512144276,3.515
38.26305555552911,-122.03611111106612,70.08649824490256,MIMIC,ROUTE_JohnMuirMedicalCenterWalnutCreekCampus,0.9,42.97833333333333,ROUTE_NorthBayMedicalCenter,0.9,4.276666666666667,ROUTE_JohnMuirMedicalCenterWalnutCreekCampus,0.9,42.97833333333333,ROUTE_NorthBayMedicalCenter,0.9,4.276666666666667
37.735833333306466,-122.158888888844,112.78933044667808,LVO,ROUTE_SutterEdenMedicalCenter,0.4195945040922714,13.603333333333333,ROUTE_SanLeandroHospitalAlamedaHealthSystem,0.24466880000000002,7.871666666666667,ROUTE_SutterEdenMedicalCenter,0.4195945040922714,13.603333333333333,ROUTE_KaiserFoundationHospitalSanLeandro,0.2805136768411878,11.386666666666667
37.62638888886193,-122.45083333328867,31.76578565300881,MIMIC,ROUTE_MillsPeninsulaMedicalCenterSutter,0.9,12.631666666666666,ROUTE_KaiserFoundationHospitalSouthSanFrancisco,0.9,11.945,ROUTE_MillsPeninsulaMedicalCenterSutter,0.9,12.631666666666666,ROUTE_KaiserFoundationHospitalSouthSanFrancisco,0.9,11.945
37.721944444417566,-122.45111111106645,253.58521374577876,LVO,ROUTE_CPMCMissionBernalCampusSutter,0.24466880000000002,7.558333333333334,ROUTE_CPMCMissionBernalCampusSutter,0.24466880000000002,7.558333333333334,ROUTE_UCSFMedicalCenter,0.24466880000000002,13.78,ROUTE_CPMCMissionBernalCampusSutter,0.24466880000000002,7.558333333333334
37.95472222219553,-121.99083333328831,107.08366440328325,LVO,ROUTE_JohnMuirMedicalCenterWalnutCreekCampus,0.42256891322382606,11.575,ROUTE_JohnMuirMedicalCenterConcordCampus,0.2822743903315058,11.031666666666666,ROUTE_JohnMuirMedicalCenterWalnutCreekCampus,0.42256891322382606,11.575,ROUTE_JohnMuirMedicalCenterConcordCampus,0.2822743903315058,11.031666666666666
37.82527777775098,-122.24944444439963,150.05431537477565,LVO,ROUTE_SutterEdenMedicalCenter,0.40227674750209674,22.098333333333336,ROUTE_KaiserFoundationHospitalOaklandRichmond,0.2721499673301752,3.5366666666666666,ROUTE_SutterEdenMedicalCenter,0.40227674750209674,22.098333333333336,ROUTE_KaiserFoundationHospitalOaklandRichmond,0.2721499673301752,3.5366666666666666
37.92305555552884,-121.6197222221769,171.07305722584059,LVO,ROUTE_KaiserFoundationHospitalAntioch,0.2611819019921266,22.813333333333333,ROUTE_KaiserFoundationHospitalAntioch,0.2611819019921266,22.813333333333333,ROUTE_JohnMuirMedicalCenterWalnutCreekCampus,0.25452688292746917,48.33833333333334,ROUTE_KaiserFoundationHospitalAntioch,0.2611819019921266,22.813333333333333
37.67472222219531,-122.11111111106618,171.26715935503114,LVO,ROUTE_SutterEdenMedicalCenter,0.264255108049418,11.116666666666667,ROUTE_StRoseHospital,0.24466880000000002,8.585,ROUTE_SutterEdenMedicalCenter,0.264255108049418,11.116666666666667,ROUTE_SutterEdenMedicalCenter,0.264255108049418,11.116666666666667
37.69222222219532,-121.88638888884378,117.53706501977285,LVO,ROUTE_SutterEdenMedicalCenter,0.4152211171080752,20.291666666666668,ROUTE_StanfordHealthCareTriValley,0.2811771416955443,4.35,ROUTE_SutterEdenMedicalCenter,0.4152211171080752,20.291666666666668,ROUTE_StanfordHealthCareTriValley,0.2811771416955443,4.35
37.46861111108403,-122.24527777773295,161.69891048512943,LVO,ROUTE_KaiserFoundationHospitalRedwoodCity,0.4026718693529765,9.395000000000001,ROUTE_SequoiaHospital,0.26860151454770353,4.703333333333333,ROUTE_KaiserFoundationHospitalRedwoodCity,0.4026718693529765,9.395000000000001,ROUTE_SequoiaHospital,0.26860151454770353,4.703333333333333
37.734444444417576,-122.3999999999553,234.4619530193399,LVO,ROUTE_ZuckerbergSanFranciscoGeneralHospital,0.24466880000000002,7.958333333333333,ROUTE_ZuckerbergSanFranciscoGeneralHospital,0.24466880000000002,7.958333333333333,ROUTE_CPMCDaviesCampusSutter,0.24466880000000002,13.25,ROUTE_ZuckerbergSanFranciscoGeneralHospital,0.24466880000000002,7.958333333333333
38.01388888886224,-121.95388888884384,34.618530181961574,LVO,ROUTE_JohnMuirMedicalCenterWalnutCreekCampus,0.4466542544869292,22.618333333333332,ROUTE_JohnMuirMedicalCenterConcordCampus,0.3037397139750274,12.858333333333333,ROUTE_JohnMuirMedicalCenterWalnutCreekCampus,0.4466542544869292,22.618333333333332,ROUTE_JohnMuirMedicalCenterConcordCampus,0.3037397139750274,12.858333333333333
37.96833333330665,-122.00638888884387,229.64026556535939,LVO,ROUTE_JohnMuirMedicalCenterConcordCampus,0.24466880000000002,6.7283333333333335,ROUTE_JohnMuirMedicalCenterConcordCampus,0.24466880000000002,6.7283333333333335,ROUTE_JohnMuirMedicalCenterWalnutCreekCampus,0.24466880000000002,13.258333333333333,ROUTE_JohnMuirMedicalCenterConcordCampus,0.24466880000000002,6.7283333333333335
38.12222222219566,-122.2724999999552,256.44542457121327,HEMORRHAGIC,ROUTE_KaiserFoundationHospitalVallejo,0.24,7.1066666666666665,ROUTE_KaiserFoundationHospitalVallejo,0.24,7.1066666666666665,ROUTE_JohnMuirMedicalCenterWalnutCreekCampus,0.24,34.715,ROUTE_KaiserFoundationHospitalVallejo,0.24,7.1066666666666665
38.25222222219577,-122.06472222217725,128.31176520983064,HEMORRHAGIC,ROUTE_JohnMuirMedicalCenterWalnutCreekCampus,0.24,38.43833333333334,ROUTE_NorthBayMedicalCenter,0.24,5.591666666666667,ROUTE_JohnMuirMedicalCenterWalnutCreekCampus,0.24,38.43833333333334,ROUTE_NorthBayMedicalCenter,0.24,5.591666666666667
37.764166666639824,-121.888611111066,189.0041548716817,HEMORRHAGIC,ROUTE_SanRamonRegionalMedicalCenter,0.24,12.708333333333334,ROUTE_SanRamonRegionalMedicalCenter,0.24,12.708333333333334,ROUTE_SutterEdenMedicalCenter,0.24,26.016666666666666,ROUTE_SanRamonRegionalMedicalCenter,0.24,12.708333333333334
37.77722222219539,-122.45749999995535,83.28879151947457,LVO,ROUTE_UCSFMedicalCenter,0.43428796874401554,5.2266666666666675,ROUTE_UCSFHealthStanyanHospital,0.29194499717361827,2.2916666666666665,ROUTE_UCSFMedicalCenter,0.43428796874401554,5.2266666666666675,ROUTE_UCSFHealthStanyanHospital,0.29194499717361827,2.2916666666666665
37.4499999999729,-122.16972222217734,244.76792558020176,LVO,ROUTE_StanfordHealthCare,0.24466880000000002,11.186666666666667,ROUTE_StanfordHealthCare,0.24466880000000002,11.186666666666667,ROUTE_StanfordHealthCare,0.24466880000000002,11.186666666666667,ROUTE_StanfordHealthCare,0.24466880000000002,11.186666666666667
37.824722222195426,-121.93861111106605,127.7969661402482,LVO,ROUTE_JohnMuirMedicalCenterWalnutCreekCampus,0.40912642349570255,26.101666666666667,ROUTE_SanRamonRegionalMedicalCenter,0.27436162846370865,17.91166666666667,ROUTE_JohnMuirMedicalCenterWalnutCreekCampus,0.40912642349570255,26.101666666666667,ROUTE_SanRamonRegionalMedicalCenter,0.27436162846370865,17.91166666666667
37.93666666663996,-122.32916666662192,175.54059697717102,LVO,ROUTE_CPMCDaviesCampusSutter,0.25784730189999555,31.026666666666664,ROUTE_KaiserFoundationHospitalRichmondCampus,0.26440722196886274,6.278333333333333,ROUTE_CPMCDaviesCampusSutter,0.25784730189999555,31.026666666666664,ROUTE_KaiserFoundationHospitalRichmondCampus,0.26440722196886274,6.278333333333333
37.77361111108427,-122.4708333332887,176.5074051143247,HEMORRHAGIC,ROUTE_UCSFMedicalCenter,0.24,7.42,ROUTE_UCSFHealthStanyanHospital,0.24,4.485,ROUTE_UCSFMedicalCenter,0.24,7.42,ROUTE_UCSFHealthStanyanHospital,0.24,4.485
37.717499999973114,-122.45777777773313,269.550912077851,LVO,ROUTE_CPMCMissionBernalCampusSutter,0.24466880000000002,8.748333333333333,ROUTE_CPMCMissionBernalCampusSutter,0.24466880000000002,8.748333333333333,ROUTE_UCSFMedicalCenter,0.24466880000000002,13.728333333333333,ROUTE_CPMCMissionBernalCampusSutter,0.24466880000000002,8.748333333333333
37.764999999973156,-122.19472222217736,160.8805447606579,LVO,ROUTE_SutterEdenMedicalCenter,0.3999015804833033,17.651666666666664,ROUTE_HighlandHospitalWilmaChanCampus,0.2673354531030124,10.143333333333334,ROUTE_SutterEdenMedicalCenter,0.3999015804833033,17.651666666666664,ROUTE_HighlandHospitalWilmaChanCampus,0.2673354531030124,10.143333333333334
37.725277777750904,-122.46777777773313,143.91088963594234,HEMORRHAGIC,ROUTE_UCSFMedicalCenter,0.24,11.35,ROUTE_AHMCSetonMedicalCenter,0.24,9.633333333333333,ROUTE_UCSFMedicalCenter,0.24,11.35,ROUTE_AHMCSetonMedicalCenter,0.24,9.633333333333333
37.734999999973134,-122.42638888884422,175.64016029727082,LVO,ROUTE_CPMCDaviesCampusSutter,0.2632861759281889,10.351666666666667,ROUTE_CPMCMissionBernalCampusSutter,0.264973348159781,4.08,ROUTE_CPMCDaviesCampusSutter,0.2632861759281889,10.351666666666667,ROUTE_CPMCMissionBernalCampusSutter,0.264973348159781,4.08
37.80138888886207,-122.43888888884422,179.90233267093492,MIMIC,ROUTE_CPMCDaviesCampusSutter,0.9,9.6,ROUTE_KaiserFoundationHospitalSanFrancisco,0.9,6.136666666666667,ROUTE_CPMCDaviesCampusSutter,0.9,9.6,ROUTE_KaiserFoundationHospitalSanFrancisco,0.9,6.136666666666667
37.52194444441741,-121.96666666662162,57.79968561544681,NLVO,ROUTE_RegionalMedicalCenterOfSanJose,0.5711683860261034,21.908333333333335,ROUTE_KaiserFoundationHospitalFremont,0.5777223762431173,9.103333333333333,ROUTE_RegionalMedicalCenterOfSanJose,0.5711683860261034,21.908333333333335,ROUTE_KaiserFoundationHospitalFremont,0.5777223762431173,9.103333333333333
37.668333333306414,-122.48277777773315,30.023858741491402,HEMORRHAGIC,ROUTE_MillsPeninsulaMedicalCenterSutter,0.24,16.543333333333333,ROUTE_AHMCSetonMedicalCenter,0.24,5.281666666666666,ROUTE_MillsPeninsulaMedicalCenterSutter,0.24,16.543333333333333,ROUTE_AHMCSetonMedicalCenter,0.24,5.281666666666666
38.25555555552911,-122.04499999995502,233.9870932852878,HEMORRHAGIC,ROUTE_NorthBayMedicalCenter,0.24,3.7766666666666664,ROUTE_NorthBayMedicalCenter,0.24,3.7766666666666664,ROUTE_JohnMuirMedicalCenterWalnutCreekCampus,0.24,41.68,ROUTE_NorthBayMedicalCenter,0.24,3.7766666666666664
37.59916666663969,-122.40333333328864,192.66639005126623,MIMIC,ROUTE_MillsPeninsulaMedicalCenterSutter,0.9,6.335,ROUTE_MillsPeninsulaMedicalCenterSutter,0.9,6.335,ROUTE_MillsPeninsulaMedicalCenterSutter,0.9,6.335,ROUTE_MillsPeninsulaMedicalCenterSutter,0.9,6.335
37.856666666639896,-121.97694444439941,118.96635157256766,LVO,ROUTE_JohnMuirMedicalCenterWalnutCreekCampus,0.4147838916751535,20.009999999999998,ROUTE_KaiserFoundationHospitalWalnutCreek,0.2778686357539036,14.398333333333333,ROUTE_JohnMuirMedicalCenterWalnutCreekCampus,0.4147838916751535,20.009999999999998,ROUTE_KaiserFoundationHospitalWalnutCreek,0.2778686357539036,14.398333333333333
37.69777777775088,-121.86249999995488,199.70873635746645,LVO,ROUTE_StanfordHealthCareTriValley,0.2578812534422854,6.7283333333333335,ROUTE_StanfordHealthCareTriValley,0.2578812534422854,6.7283333333333335,ROUTE_SutterEdenMedicalCenter,0.25430771782102557,20.558333333333334,ROUTE_StanfordHealthCareTriValley,0.2578812534422854,6.7283333333333335
37.64027777775083,-122.06027777773281,187.16416915714615,LVO,ROUTE_SutterEdenMedicalCenter,0.2581995748401752,18.053333333333335,ROUTE_StRoseHospital,0.24466880000000002,9.71,ROUTE_SutterEdenMedicalCenter,0.2581995748401752,18.053333333333335,ROUTE_SutterEdenMedicalCenter,0.2581995748401752,18.053333333333335
37.930277777751066,-122.3305555555108,234.86621253720887,LVO,ROUTE_KaiserFoundationHospitalRichmondCampus,0.24466880000000002,8.465,ROUTE_KaiserFoundationHospitalRichmondCampus,0.24466880000000002,8.465,ROUTE_CPMCDaviesCampusSutter,0.24466880000000002,33.63,ROUTE_KaiserFoundationHospitalRichmondCampus,0.24466880000000002,8.465
37.693333333306434,-122.08027777773283,60.46962928424965,NLVO,ROUTE_SutterEdenMedicalCenter,0.578236100785572,5.428333333333333,ROUTE_SutterEdenMedicalCenter,0.578236100785572,5.428333333333333,ROUTE_SutterEdenMedicalCenter,0.578236100785572,5.428333333333333,ROUTE_SutterEdenMedicalCenter,0.578236100785572,5.428333333333333
37.796111111084294,-122.45722222217758,50.260063715502085,NLVO,ROUTE_CPMCDaviesCampusSutter,0.5798989464291715,12.383333333333333,ROUTE_KaiserFoundationHospitalSanFrancisco,0.5823800801401373,7.5233333333333325,ROUTE_CPMCDaviesCampusSutter,0.5798989464291715,12.383333333333333,ROUTE_KaiserFoundationHospitalSanFrancisco,0.5823800801401373,7.5233333333333325
37.46805555552847,-122.13083333328842,182.4853758177095,LVO,ROUTE_KaiserFoundationHospitalRedwoodCity,0.26089951878346357,12.466666666666667,ROUTE_KaiserFoundationHospitalRedwoodCity,0.26089951878346357,12.466666666666667,ROUTE_KaiserFoundationHospitalRedwoodCity,0.26089951878346357,12.466666666666667,ROUTE_KaiserFoundationHospitalRedwoodCity,0.26089951878346357,12.466666666666667
38.06472222219562,-122.17833333328846,106.89642288004306,HEMORRHAGIC,ROUTE_JohnMuirMedicalCenterWalnutCreekCampus,0.24,23.015,ROUTE_ContraCostaRegionalMedicalCenter,0.24,12.2,ROUTE_JohnMuirMedicalCenterWalnutCreekCampus,0.24,23.015,ROUTE_SutterSolanoMedicalCenter,0.24,12.805
37.798055555528734,-121.88444444439934,114.61138098897688,HEMORRHAGIC,ROUTE_JohnMuirMedicalCenterWalnutCreekCampus,0.24,28.220000000000002,ROUTE_SanRamonRegionalMedicalCenter,0.24,15.208333333333334,ROUTE_JohnMuirMedicalCenterWalnutCreekCampus,0.24,28.220000000000002,ROUTE_SanRamonRegionalMedicalCenter,0.24,15.208333333333334
37.53944444441742,-122.04305555551058,36.21573251838843,MIMIC,ROUTE_SutterEdenMedicalCenter,0.9,24.59,ROUTE_StRoseHospital,0.9,15.428333333333335,ROUTE_SutterEdenMedicalCenter,0.9,24.59,ROUTE_WashingtonHospitalHealthcareSystem,0.9,15.92
37.787777777750954,-122.22749999995517,239.59542613427288,LVO,ROUTE_HighlandHospitalWilmaChanCampus,0.24466880000000002,3.635,ROUTE_HighlandHospitalWilmaChanCampus,0.24466880000000002,3.635,ROUTE_SutterEdenMedicalCenter,0.24466880000000002,20.673333333333336,ROUTE_HighlandHospitalWilmaChanCampus,0.24466880000000002,3.635
38.03611111108448,-121.88333333328822,54.02842228710402,LVO,ROUTE_JohnMuirMedicalCenterWalnutCreekCampus,0.4372811311303122,26.868333333333332,ROUTE_SutterDeltaMedicalCenter,0.24466880000000002,15.15,ROUTE_JohnMuirMedicalCenterWalnutCreekCampus,0.4372811311303122,26.868333333333332,ROUTE_JohnMuirMedicalCenterConcordCampus,0.296356419696092,17.108333333333334
37.99611111108445,-122.32666666662192,96.5793207617274,HEMORRHAGIC,ROUTE_JohnMuirMedicalCenterWalnutCreekCampus,0.24,34.15,ROUTE_KaiserFoundationHospitalRichmondCampus,0.24,11.09,ROUTE_JohnMuirMedicalCenterWalnutCreekCampus,0.24,34.15,ROUTE_KaiserFoundationHospitalRichmondCampus,0.24,11.09
38.23611111108465,-122.59694444439991,235.1164651401237,HEMORRHAGIC,ROUTE_PetalumaValleyHospitalProvidence,0.24,9.956666666666667,ROUTE_PetalumaValleyHospitalProvidence,0.24,9.956666666666667,ROUTE_UCSFMedicalCenter,0.24,62.72,ROUTE_PetalumaValleyHospitalProvidence,0.24,9.956666666666667
37.97138888886221,-121.80111111106594,175.48355687370355,MIMIC,ROUTE_KaiserFoundationHospitalAntioch,0.9,7.78,ROUTE_SutterDeltaMedicalCenter,0.9,4.501666666666667,ROUTE_JohnMuirMedicalCenterWalnutCreekCampus,0.9,34.695,ROUTE_KaiserFoundationHospitalAntioch,0.9,7.78
37.60249999997303,-122.39416666662197,98.83613096888836,MIMIC,ROUTE_MillsPeninsulaMedicalCenterSutter,0.9,2.7849999999999997,ROUTE_MillsPeninsulaMedicalCenterSutter,0.9,2.7849999999999997,ROUTE_MillsPeninsulaMedicalCenterSutter,0.9,2.7849999999999997,ROUTE_MillsPeninsulaMedicalCenterSutter,0.9,2.7849999999999997
37.800833333306514,-122.4074999999553,38.594113094620816,LVO,ROUTE_CPMCDaviesCampusSutter,0.4488934455721313,13.033333333333333,ROUTE_ChineseHospital,0.3054329028665921,3.5433333333333334,ROUTE_CPMCDaviesCampusSutter,0.4488934455721313,13.033333333333333,ROUTE_ChineseHospital,0.3054329028665921,3.5433333333333334
37.78527777775095,-122.46861111106647,70.3141184485684,HEMORRHAGIC,ROUTE_UCSFMedicalCenter,0.24,9.941666666666666,ROUTE_KaiserFoundationHospitalSanFrancisco,0.24,5.886666666666667,ROUTE_UCSFMedicalCenter,0.24,9.941666666666666,ROUTE_KaiserFoundationHospitalSanFrancisco,0.24,5.886666666666667
37.91555555552883,-121.58916666662132,232.91537705620183,LVO,ROUTE_KaiserFoundationHospitalAntioch,0.24466880000000002,30.82,ROUTE_KaiserFoundationHospitalAntioch,0.24466880000000002,30.82,ROUTE_JohnMuirMedicalCenterWalnutCreekCampus,0.24466880000000002,56.345,ROUTE_KaiserFoundationHospitalAntioch,0.24466880000000002,30.82
37.59694444441747,-122.06777777773281,155.83170050708674,LVO,ROUTE_SutterEdenMedicalCenter,0.40176869914776814,17.683333333333334,ROUTE_StRoseHospital,0.24466880000000002,8.521666666666667,ROUTE_SutterEdenMedicalCenter,0.40176869914776814,17.683333333333334,ROUTE_KaiserFoundationHospitalSanLeandro,0.2671176489403697,15.99
38.02277777775114,-121.92055555551048,41.71367779505594,HEMORRHAGIC,ROUTE_JohnMuirMedicalCenterWalnutCreekCampus,0.24,22.404999999999998,ROUTE_JohnMuirMedicalCenterConcordCampus,0.24,12.645000000000001,ROUTE_JohnMuirMedicalCenterWalnutCreekCampus,0.24,22.404999999999998,ROUTE_JohnMuirMedicalCenterConcordCampus,0.24,12.645000000000001
37.944166666639966,-122.03027777773279,70.5553413066053,HEMORRHAGIC,ROUTE_JohnMuirMedicalCenterWalnutCreekCampus,0.24,6.4399999999999995,ROUTE_JohnMuirMedicalCenterWalnutCreekCampus,0.24,6.4399999999999995,ROUTE_JohnMuirMedicalCenterWalnutCreekCampus,0.24,6.4399999999999995,ROUTE_JohnMuirMedicalCenterWalnutCreekCampus,0.24,6.4399999999999995
37.98611111108444,-122.27861111106631,119.65841035881634,LVO,ROUTE_JohnMuirMedicalCenterWalnutCreekCampus,0.409922699505758,32.13166666666667,ROUTE_KaiserFoundationHospitalRichmondCampus,0.27693622463108614,16.970000000000002,ROUTE_JohnMuirMedicalCenterWalnutCreekCampus,0.409922699505758,32.13166666666667,ROUTE_KaiserFoundationHospitalRichmondCampus,0.27693622463108614,16.970000000000002
37.84499999997322,-122.28555555551077,59.3011535490928,HEMORRHAGIC,ROUTE_CPMCDaviesCampusSutter,0.24,26.583333333333332,ROUTE_AltaBatesSummitMedicalCenterAltaBatesCampus,0.24,7.568333333333333,ROUTE_CPMCDaviesCampusSutter,0.24,26.583333333333332,ROUTE_KaiserFoundationHospitalOaklandRichmond,0.24,9.933333333333334
37.81527777775097,-122.25972222217742,175.2314989494401,HEMORRHAGIC,ROUTE_SutterEdenMedicalCenter,0.24,20.241666666666667,ROUTE_AltaBatesSummitMedicalCenterSummitCampus,0.24,4.088333333333334,ROUTE_SutterEdenMedicalCenter,0.24,20.241666666666667,ROUTE_AltaBatesSummitMedicalCenterSummitCampus,0.24,4.088333333333334
37.79638888886207,-122.20444444439958,46.9604656734462,LVO,ROUTE_SutterEdenMedicalCenter,0.4439106032424244,17.171666666666667,ROUTE_HighlandHospitalWilmaChanCampus,0.30228888260109743,5.116666666666666,ROUTE_SutterEdenMedicalCenter,0.4439106032424244,17.171666666666667,ROUTE_HighlandHospitalWilmaChanCampus,0.30228888260109743,5.116666666666666
37.752499999973146,-122.49333333328872,111.71329527741368,MIMIC,ROUTE_UCSFMedicalCenter,0.9,8.666666666666666,ROUTE_UCSFMedicalCenter,0.9,8.666666666666666,ROUTE_UCSFMedicalCenter,0.9,8.666666666666666,ROUTE_UCSFMedicalCenter,0.9,8.666666666666666
38.02527777775114,-122.25138888884408,166.05171403517588,LVO,ROUTE_JohnMuirMedicalCenterWalnutCreekCampus,0.26046403941403856,30.546666666666667,ROUTE_ContraCostaRegionalMedicalCenter,0.24466880000000002,17.5,ROUTE_JohnMuirMedicalCenterWalnutCreekCampus,0.26046403941403856,30.546666666666667,ROUTE_SutterSolanoMedicalCenter,0.26369608794855737,18.41166666666667
37.59361111108413,-122.07777777773282,157.6795210058066,LVO,ROUTE_SutterEdenMedicalCenter,0.4001819240152511,20.098333333333336,ROUTE_StRoseHospital,0.24466880000000002,10.151666666666667,ROUTE_SutterEdenMedicalCenter,0.4001819240152511,20.098333333333336,ROUTE_KaiserFoundationHospitalSanLeandro,0.2659576641391985,18.404999999999998
37.98833333330667,-121.77416666662147,265.60810443366506,HEMORRHAGIC,ROUTE_SutterDeltaMedicalCenter,0.24,8.436666666666666,ROUTE_SutterDeltaMedicalCenter,0.24,8.436666666666666,ROUTE_JohnMuirMedicalCenterWalnutCreekCampus,0.24,34.45,ROUTE_KaiserFoundationHospitalAntioch,0.24,11.511666666666667
37.98111111108444,-122.33499999995526,188.42628576788326,LVO,ROUTE_KaiserFoundationHospitalRichmondCampus,0.2595274644760267,11.725,ROUTE_KaiserFoundationHospitalRichmondCampus,0.2595274644760267,11.725,ROUTE_JohnMuirMedicalCenterWalnutCreekCampus,0.2534612550491453,35.155,ROUTE_KaiserFoundationHospitalRichmondCampus,0.2595274644760267,11.725
37.969166666639985,-121.7711111110659,182.2044092833451,MIMIC,ROUTE_KaiserFoundationHospitalAntioch,0.9,5.713333333333334,ROUTE_SutterDeltaMedicalCenter,0.9,5.588333333333334,ROUTE_JohnMuirMedicalCenterWalnutCreekCampus,0.9,34.30833333333333,ROUTE_KaiserFoundationHospitalAntioch,0.9,5.713333333333334
37.724444444417564,-122.43027777773311,163.7183498220934,HEMORRHAGIC,ROUTE_CPMCDaviesCampusSutter,0.24,13.373333333333333,ROUTE_CPMCMissionBernalCampusSutter,0.24,7.1016666666666675,ROUTE_CPMCDaviesCampusSutter,0.24,13.373333333333333,ROUTE_CPMCMissionBernalCampusSutter,0.24,7.1016666666666675
37.99472222219556,-122.11499999995507,182.22030305392133,HEMORRHAGIC,ROUTE_JohnMuirMedicalCenterWalnutCreekCampus,0.24,17.928333333333335,ROUTE_ContraCostaRegionalMedicalCenter,0.24,5.9383333333333335,ROUTE_JohnMuirMedicalCenterWalnutCreekCampus,0.24,17.928333333333335,ROUTE_JohnMuirMedicalCenterConcordCampus,0.24,10.386666666666667
37.781388888862054,-122.29055555551078,117.12738923670157,NLVO,ROUTE_SutterEdenMedicalCenter,0.5374314792371956,27.995,ROUTE_AlamedaHospital,0.5463876672257412,10.71,ROUTE_SutterEdenMedicalCenter,0.5374314792371956,27.995,ROUTE_AlamedaHospital,0.5463876672257412,10.71
37.39638888886175,-122.00638888884387,244.59390795701475,LVO,ROUTE_KaiserFoundationHospitalSantaClara,0.24466880000000002,15.325,ROUTE_KaiserFoundationHospitalSantaClara,0.24466880000000002,15.325,ROUTE_KaiserFoundationHospitalSantaClara,0.24466880000000002,15.325,ROUTE_KaiserFoundationHospitalSantaClara,0.24466880000000002,15.325
37.55416666663965,-122.28083333328854,246.5656049323957,LVO,ROUTE_SanMateoMedicalCenter,0.24466880000000002,8.881666666666666,ROUTE_SanMateoMedicalCenter,0.24466880000000002,8.881666666666666,ROUTE_MillsPeninsulaMedicalCenterSutter,0.24466880000000002,13.846666666666666,ROUTE_MillsPeninsulaMedicalCenterSutter,0.24466880000000002,13.846666666666666
37.711388888862004,-122.14166666662176,43.21404210096876,HEMORRHAGIC,ROUTE_SutterEdenMedicalCenter,0.24,11.603333333333333,ROUTE_SanLeandroHospitalAlamedaHealthSystem,0.24,2.2183333333333333,ROUTE_SutterEdenMedicalCenter,0.24,11.603333333333333,ROUTE_KaiserFoundationHospitalSanLeandro,0.24,10.306666666666667
37.7972222221954,-122.2005555555107,160.8649658543287,LVO,ROUTE_SutterEdenMedicalCenter,0.3997092455766381,18.185,ROUTE_HighlandHospitalWilmaChanCampus,0.26843826930696735,6.131666666666666,ROUTE_SutterEdenMedicalCenter,0.3997092455766381,18.185,ROUTE_HighlandHospitalWilmaChanCampus,0.26843826930696735,6.131666666666666
37.77499999997316,-122.43194444439978,206.0606959102465,HEMORRHAGIC,ROUTE_CPMCDaviesCampusSutter,0.24,3.5483333333333333,ROUTE_CPMCDaviesCampusSutter,0.24,3.5483333333333333,ROUTE_CPMCDaviesCampusSutter,0.24,3.5483333333333333,ROUTE_CPMCDaviesCampusSutter,0.24,3.5483333333333333
37.545277777750755,-122.02833333328834,152.04549904626373,LVO,ROUTE_SutterEdenMedicalCenter,0.4014188697615895,22.408333333333335,ROUTE_WashingtonHospitalHealthcareSystem,0.26891497453075186,13.216666666666667,ROUTE_SutterEdenMedicalCenter,0.4014188697615895,22.408333333333335,ROUTE_WashingtonHospitalHealthcareSystem,0.26891497453075186,13.216666666666667
37.839999999973216,-122.29138888884411,48.87801038929413,LVO,ROUTE_CPMCDaviesCampusSutter,0.43999152907855565,25.146666666666665,ROUTE_AltaBatesSummitMedicalCenterSummitCampus,0.3003246124724892,9.465,ROUTE_CPMCDaviesCampusSutter,0.43999152907855565,25.146666666666665,ROUTE_AltaBatesSummitMedicalCenterSummitCampus,0.3003246124724892,9.465
37.97138888886221,-122.54222222217764,92.45037007655003,LVO,ROUTE_UCSFMedicalCenter,0.4168747795740425,41.044999999999995,ROUTE_MarinHealthMedicalCenter,0.2864888517797394,11.333333333333334,ROUTE_UCSFMedicalCenter,0.4168747795740425,41.044999999999995,ROUTE_MarinHealthMedicalCenter,0.2864888517797394,11.333333333333334
37.976111111084435,-122.55611111106654,236.78202039661426,LVO,ROUTE_MarinHealthMedicalCenter,0.24466880000000002,9.633333333333333,ROUTE_MarinHealthMedicalCenter,0.24466880000000002,9.633333333333333,ROUTE_UCSFMedicalCenter,0.24466880000000002,40.89666666666667,ROUTE_MarinHealthMedicalCenter,0.24466880000000002,9.633333333333333
37.998333333306675,-121.87499999995488,156.5165749780919,LVO,ROUTE_JohnMuirMedicalCenterWalnutCreekCampus,0.2647646372041499,23.976666666666667,ROUTE_SutterDeltaMedicalCenter,0.24466880000000002,13.69,ROUTE_JohnMuirMedicalCenterWalnutCreekCampus,0.2647646372041499,23.976666666666667,ROUTE_JohnMuirMedicalCenterConcordCampus,0.2665137008879187,17.521666666666665
37.53805555552853,-121.95777777773273,57.159428555229425,NLVO,ROUTE_RegionalMedicalCenterOfSanJose,0.5713359195466221,22.221666666666668,ROUTE_KaiserFoundationHospitalFremont,0.5794301768192631,6.401666666666667,ROUTE_RegionalMedicalCenterOfSanJose,0.5713359195466221,22.221666666666668,ROUTE_KaiserFoundationHospitalFremont,0.5794301768192631,6.401666666666667
37.78611111108428,-122.44972222217757,97.65329408277516,HEMORRHAGIC,ROUTE_CPMCDaviesCampusSutter,0.24,7.818333333333333,ROUTE_KaiserFoundationHospitalSanFrancisco,0.24,2.695,ROUTE_CPMCDaviesCampusSutter,0.24,7.818333333333333,ROUTE_KaiserFoundationHospitalSanFrancisco,0.24,2.695
37.44083333330623,-121.89111111106601,234.86930692928706,LVO,ROUTE_RegionalMedicalCenterOfSanJose,0.24466880000000002,11.006666666666666,ROUTE_RegionalMedicalCenterOfSanJose,0.24466880000000002,11.006666666666666,ROUTE_RegionalMedicalCenterOfSanJose,0.24466880000000002,11.006666666666666,ROUTE_RegionalMedicalCenterOfSanJose,0.24466880000000002,11.006666666666666
37.837222222195436,-122.22972222217739,171.11445989437473,HEMORRHAGIC,ROUTE_SutterEdenMedicalCenter,0.24,20.466666666666665,ROUTE_KaiserFoundationHospitalOaklandRichmond,0.24,10.111666666666668,ROUTE_SutterEdenMedicalCenter,0.24,20.466666666666665,ROUTE_KaiserFoundationHospitalOaklandRichmond,0.24,10.111666666666668
38.24111111108465,-122.00888888884388,44.02605257963082,LVO,ROUTE_JohnMuirMedicalCenterWalnutCreekCampus,0.4339865689263268,45.25833333333333,ROUTE_NorthBayMedicalCenter,0.3005049093654963,13.74,ROUTE_JohnMuirMedicalCenterWalnutCreekCampus,0.4339865689263268,45.25833333333333,ROUTE_NorthBayMedicalCenter,0.3005049093654963,13.74
37.789999999973176,-122.44499999995534,259.8693935330244,HEMORRHAGIC,ROUTE_KaiserFoundationHospitalSanFrancisco,0.24,3.43,ROUTE_KaiserFoundationHospitalSanFrancisco,0.24,3.43,ROUTE_CPMCDaviesCampusSutter,0.24,7.995,ROUTE_KaiserFoundationHospitalSanFrancisco,0.24,3.43
37.801111111084296,-122.4152777777331,185.03118904525465,LVO,ROUTE_CPMCDaviesCampusSutter,0.26043467492021805,11.678333333333335,ROUTE_UCSFHealthHydeHospital,0.26265190341657985,3.3316666666666666,ROUTE_CPMCDaviesCampusSutter,0.26043467492021805,11.678333333333335,ROUTE_UCSFHealthHydeHospital,0.26265190341657985,3.3316666666666666
37.80222222219541,-122.26805555551076,245.34391569315363,NLVO,ROUTE_AltaBatesSummitMedicalCenterSummitCampus,0.4622,6.5216666666666665,ROUTE_AltaBatesSummitMedicalCenterSummitCampus,0.4622,6.5216666666666665,ROUTE_SutterEdenMedicalCenter,0.4622,22.878333333333334,ROUTE_AltaBatesSummitMedicalCenterSummitCampus,0.4622,6.5216666666666665
37.916388888862166,-122.32138888884413,165.20333409253604,NLVO,ROUTE_CPMCDaviesCampusSutter,0.5111815692508932,30.251666666666665,ROUTE_KaiserFoundationHospitalRichmondCampus,0.522339320883763,8.916666666666666,ROUTE_CPMCDaviesCampusSutter,0.5111815692508932,30.251666666666665,ROUTE_KaiserFoundationHospitalRichmondCampus,0.522339320883763,8.916666666666666
37.96555555552887,-122.50305555551094,199.49556823657434,LVO,ROUTE_MarinHealthMedicalCenter,0.25687106685113903,10.825,ROUTE_MarinHealthMedicalCenter,0.25687106685113903,10.825,ROUTE_UCSFMedicalCenter,0.24466880000000002,38.15833333333333,ROUTE_MarinHealthMedicalCenter,0.25687106685113903,10.825
37.61777777775082,-122.43722222217755,96.55836646177957,LVO,ROUTE_MillsPeninsulaMedicalCenterSutter,0.4271057259818417,10.370000000000001,ROUTE_KaiserFoundationHospitalSouthSanFrancisco,0.28559491757715827,10.245000000000001,ROUTE_MillsPeninsulaMedicalCenterSutter,0.4271057259818417,10.370000000000001,ROUTE_KaiserFoundationHospitalSouthSanFrancisco,0.28559491757715827,10.245000000000001
37.575277777750784,-122.34083333328859,175.58106914442936,MIMIC,ROUTE_MillsPeninsulaMedicalCenterSutter,0.9,8.691666666666666,ROUTE_MillsPeninsulaMedicalCenterSutter,0.9,8.691666666666666,ROUTE_MillsPeninsulaMedicalCenterSutter,0.9,8.691666666666666,ROUTE_MillsPeninsulaMedicalCenterSutter,0.9,8.691666666666666
37.94111111108441,-121.72222222217698,174.96859155261853,LVO,ROUTE_KaiserFoundationHospitalAntioch,0.2632040032017937,11.33,ROUTE_KaiserFoundationHospitalAntioch,0.2632040032017937,11.33,ROUTE_JohnMuirMedicalCenterWalnutCreekCampus,0.25630207055192766,37.54833333333333,ROUTE_KaiserFoundationHospitalAntioch,0.2632040032017937,11.33
37.708888888862,-122.41972222217754,185.86588205410573,HEMORRHAGIC,ROUTE_CPMCDaviesCampusSutter,0.24,18.625,ROUTE_CPMCMissionBernalCampusSutter,0.24,12.354999999999999,ROUTE_CPMCDaviesCampusSutter,0.24,18.625,ROUTE_CPMCMissionBernalCampusSutter,0.24,12.354999999999999
37.69722222219532,-122.48499999995538,156.78276103608414,HEMORRHAGIC,ROUTE_CPMCDaviesCampusSutter,0.24,17.346666666666668,ROUTE_AHMCSetonMedicalCenter,0.24,7.078333333333333,ROUTE_CPMCDaviesCampusSutter,0.24,17.346666666666668,ROUTE_AHMCSetonMedicalCenter,0.24,7.078333333333333
37.97388888886221,-121.7913888888437,164.23928407148773,LVO,ROUTE_JohnMuirMedicalCenterWalnutCreekCampus,0.2602085442505243,33.32666666666667,ROUTE_SutterDeltaMedicalCenter,0.24466880000000002,3.4516666666666667,ROUTE_JohnMuirMedicalCenterWalnutCreekCampus,0.2602085442505243,33.32666666666667,ROUTE_KaiserFoundationHospitalAntioch,0.2674450804045397,6.383333333333334
37.973333333306655,-121.76833333328813,115.45802802395623,MIMIC,ROUTE_JohnMuirMedicalCenterWalnutCreekCampus,0.9,33.86,ROUTE_SutterDeltaMedicalCenter,0.9,6.05,ROUTE_JohnMuirMedicalCenterWalnutCreekCampus,0.9,33.86,ROUTE_KaiserFoundationHospitalAntioch,0.9,6.175
37.759166666639814,-121.97666666662163,91.40945996874493,LVO,ROUTE_SutterEdenMedicalCenter,0.4253722431598421,19.991666666666667,ROUTE_SanRamonRegionalMedicalCenter,0.2879688395159467,7.3983333333333325,ROUTE_SutterEdenMedicalCenter,0.4253722431598421,19.991666666666667,ROUTE_SanRamonRegionalMedicalCenter,0.2879688395159467,7.3983333333333325
37.55333333330632,-122.00305555551054,144.373631638943,LVO,ROUTE_SutterEdenMedicalCenter,0.40334372666135965,24.921666666666667,ROUTE_WashingtonHospitalHealthcareSystem,0.2723270618323552,8.583333333333334,ROUTE_SutterEdenMedicalCenter,0.40334372666135965,24.921666666666667,ROUTE_WashingtonHospitalHealthcareSystem,0.2723270618323552,8.583333333333334
37.48194444441737,-122.23194444439962,48.31430831026406,MIMIC,ROUTE_KaiserFoundationHospitalRedwoodCity,0.9,5.198333333333333,ROUTE_KaiserFoundationHospitalRedwoodCity,0.9,5.198333333333333,ROUTE_KaiserFoundationHospitalRedwoodCity,0.9,5.198333333333333,ROUTE_KaiserFoundationHospitalRedwoodCity,0.9,5.198333333333333
38.255277777751324,-122.02194444439945,120.89504121648007,HEMORRHAGIC,ROUTE_JohnMuirMedicalCenterWalnutCreekCampus,0.24,45.695,ROUTE_NorthBayMedicalCenter,0.24,8.048333333333334,ROUTE_JohnMuirMedicalCenterWalnutCreekCampus,0.24,45.695,ROUTE_NorthBayMedicalCenter,0.24,8.048333333333334
37.678611111084194,-121.91472222217713,192.76416908648065,MIMIC,ROUTE_StanfordHealthCareTriValley,0.9,7.043333333333334,ROUTE_StanfordHealthCareTriValley,0.9,7.043333333333334,ROUTE_SutterEdenMedicalCenter,0.9,19.396666666666665,ROUTE_StanfordHealthCareTriValley,0.9,7.043333333333334
37.866388888862126,-122.2547222221774,188.5037728835649,MIMIC,ROUTE_AltaBatesSummitMedicalCenterSummitCampus,0.9,13.258333333333333,ROUTE_AltaBatesSummitMedicalCenterAltaBatesCampus,0.9,4.098333333333334,ROUTE_SutterEdenMedicalCenter,0.9,26.271666666666665,ROUTE_AltaBatesSummitMedicalCenterSummitCampus,0.9,13.258333333333333
38.320833333306936,-122.29138888884411,211.2892623418862,LVO,ROUTE_ProvidenceQueenOfTheValleyMedicalCenter,0.255785662066098,3.2266666666666666,ROUTE_ProvidenceQueenOfTheValleyMedicalCenter,0.255785662066098,3.2266666666666666,ROUTE_JohnMuirMedicalCenterWalnutCreekCampus,0.24466880000000002,52.501666666666665,ROUTE_ProvidenceQueenOfTheValleyMedicalCenter,0.255785662066098,3.2266666666666666
37.813611111084306,-122.2686111110663,202.12368733392313,HEMORRHAGIC,ROUTE_AltaBatesSummitMedicalCenterSummitCampus,0.24,4.5183333333333335,ROUTE_AltaBatesSummitMedicalCenterSummitCampus,0.24,4.5183333333333335,ROUTE_SutterEdenMedicalCenter,0.24,21.94333333333333,ROUTE_AltaBatesSummitMedicalCenterSummitCampus,0.24,4.5183333333333335
37.99361111108445,-121.82194444439928,229.25237890382138,HEMORRHAGIC,ROUTE_SutterDeltaMedicalCenter,0.24,5.691666666666666,ROUTE_SutterDeltaMedicalCenter,0.24,5.691666666666666,ROUTE_JohnMuirMedicalCenterWalnutCreekCampus,0.24,28.191666666666666,ROUTE_KaiserFoundationHospitalAntioch,0.24,11.791666666666666
37.87166666663991,-122.50222222217761,214.40789765334358,LVO,ROUTE_MarinHealthMedicalCenter,0.24466880000000002,15.526666666666667,ROUTE_MarinHealthMedicalCenter,0.24466880000000002,15.526666666666667,ROUTE_UCSFMedicalCenter,0.24466880000000002,24.123333333333335,ROUTE_MarinHealthMedicalCenter,0.24466880000000002,15.526666666666667
38.272222222195786,-122.04527777773279,88.68555527799025,LVO,ROUTE_JohnMuirMedicalCenterWalnutCreekCampus,0.4177005906309461,42.65,ROUTE_NorthBayMedicalCenter,0.2892254322085799,5.92,ROUTE_JohnMuirMedicalCenterWalnutCreekCampus,0.4177005906309461,42.65,ROUTE_NorthBayMedicalCenter,0.2892254322085799,5.92
37.67916666663975,-121.7611111110659,183.23342073203972,HEMORRHAGIC,ROUTE_StanfordHealthCareTriValley,0.24,16.675,ROUTE_StanfordHealthCareTriValley,0.24,16.675,ROUTE_SutterEdenMedicalCenter,0.24,28.073333333333334,ROUTE_StanfordHealthCareTriValley,0.24,16.675
37.91277777775105,-121.60305555551022,64.3357171159466,HEMORRHAGIC,ROUTE_JohnMuirMedicalCenterWalnutCreekCampus,0.24,54.708333333333336,ROUTE_KaiserFoundationHospitalAntioch,0.24,29.183333333333334,ROUTE_JohnMuirMedicalCenterWalnutCreekCampus,0.24,54.708333333333336,ROUTE_KaiserFoundationHospitalAntioch,0.24,29.183333333333334
37.96166666663998,-122.33694444439969,61.28915013994229,HEMORRHAGIC,ROUTE_JohnMuirMedicalCenterWalnutCreekCampus,0.24,34.41833333333333,ROUTE_KaiserFoundationHospitalRichmondCampus,0.24,9.466666666666667,ROUTE_JohnMuirMedicalCenterWalnutCreekCampus,0.24,34.41833333333333,ROUTE_KaiserFoundationHospitalRichmondCampus,0.24,9.466666666666667
37.99222222219556,-122.53166666662207,266.2529547223821,LVO,ROUTE_KaiserFoundationHospitalSanRafael,0.24466880000000002,10.561666666666667,ROUTE_KaiserFoundationHospitalSanRafael,0.24466880000000002,10.561666666666667,ROUTE_UCSFMedicalCenter,0.24466880000000002,39.848333333333336,ROUTE_KaiserFoundationHospitalSanRafael,0.24466880000000002,10.561666666666667
37.99499999997334,-121.896111111066,155.09255421703418,HEMORRHAGIC,ROUTE_JohnMuirMedicalCenterWalnutCreekCampus,0.24,20.508333333333333,ROUTE_SutterDeltaMedicalCenter,0.24,12.0,ROUTE_JohnMuirMedicalCenterWalnutCreekCampus,0.24,20.508333333333333,ROUTE_JohnMuirMedicalCenterConcordCampus,0.24,14.475
37.74999999997314,-122.41583333328865,150.71747040921838,NLVO,ROUTE_CPMCDaviesCampusSutter,0.5300626572082314,8.583333333333334,ROUTE_CPMCMissionBernalCampusSutter,0.5328767205380562,3.1733333333333333,ROUTE_CPMCDaviesCampusSutter,0.5300626572082314,8.583333333333334,ROUTE_CPMCMissionBernalCampusSutter,0.5328767205380562,3.1733333333333333
37.76583333330649,-122.46333333328869,165.97759346202758,LVO,ROUTE_UCSFMedicalCenter,0.40362823881455523,2.5566666666666666,ROUTE_UCSFMedicalCenter,0.40362823881455523,2.5566666666666666,ROUTE_UCSFMedicalCenter,0.40362823881455523,2.5566666666666666,ROUTE_UCSFMedicalCenter,0.40362823881455523,2.5566666666666666
37.79888888886207,-122.40916666662197,46.8573843753817,LVO,ROUTE_CPMCDaviesCampusSutter,0.44601785814639866,11.976666666666667,ROUTE_ChineseHospital,0.303380908399788,1.755,ROUTE_CPMCDaviesCampusSutter,0.44601785814639866,11.976666666666667,ROUTE_ChineseHospital,0.303380908399788,1.755
37.97111111108443,-122.03972222217723,114.87012359805207,LVO,ROUTE_JohnMuirMedicalCenterWalnutCreekCampus,0.4187991098405822,13.596666666666666,ROUTE_JohnMuirMedicalCenterConcordCampus,0.28176037122691155,5.010000000000001,ROUTE_JohnMuirMedicalCenterWalnutCreekCampus,0.4187991098405822,13.596666666666666,ROUTE_JohnMuirMedicalCenterConcordCampus,0.28176037122691155,5.010000000000001
38.008055555528905,-122.31611111106635,107.72910236803399,NLVO,ROUTE_JohnMuirMedicalCenterWalnutCreekCampus,0.5389439509502222,34.47833333333333,ROUTE_KaiserFoundationHospitalRichmondCampus,0.5495188242366593,14.051666666666668,ROUTE_JohnMuirMedicalCenterWalnutCreekCampus,0.5389439509502222,34.47833333333333,ROUTE_KaiserFoundationHospitalRichmondCampus,0.5495188242366593,14.051666666666668
37.38527777775063,-122.0880555555106,186.35167711035703,LVO,ROUTE_ElCaminoHealthMountainView,0.261167684001941,7.588333333333334,ROUTE_ElCaminoHealthMountainView,0.261167684001941,7.588333333333334,ROUTE_ElCaminoHealthMountainView,0.261167684001941,7.588333333333334,ROUTE_ElCaminoHealthMountainView,0.261167684001941,7.588333333333334
37.71999999997312,-122.48361111106648,42.82308693724875,LVO,ROUTE_UCSFMedicalCenter,0.4471116405626284,13.266666666666667,ROUTE_AHMCSetonMedicalCenter,0.30234993163857077,9.06,ROUTE_UCSFMedicalCenter,0.4471116405626284,13.266666666666667,ROUTE_AHMCSetonMedicalCenter,0.30234993163857077,9.06
37.82361111108431,-122.24305555551074,206.51752377657863,MIMIC,ROUTE_KaiserFoundationHospitalOaklandRichmond,0.9,4.83,ROUTE_KaiserFoundationHospitalOaklandRichmond,0.9,4.83,ROUTE_SutterEdenMedicalCenter,0.9,22.456666666666667,ROUTE_KaiserFoundationHospitalOaklandRichmond,0.9,4.83
37.58305555552857,-122.34611111106638,105.1539277930302,HEMORRHAGIC,ROUTE_MillsPeninsulaMedicalCenterSutter,0.24,7.988333333333333,ROUTE_MillsPeninsulaMedicalCenterSutter,0.24,7.988333333333333,ROUTE_MillsPeninsulaMedicalCenterSutter,0.24,7.988333333333333,ROUTE_MillsPeninsulaMedicalCenterSutter,0.24,7.988333333333333
37.96472222219554,-122.25333333328852,46.75553372808739,HEMORRHAGIC,ROUTE_JohnMuirMedicalCenterWalnutCreekCampus,0.24,32.84166666666667,ROUTE_KaiserFoundationHospitalRichmondCampus,0.24,22.051666666666666,ROUTE_JohnMuirMedicalCenterWalnutCreekCampus,0.24,32.84166666666667,ROUTE_KaiserFoundationHospitalRichmondCampus,0.24,22.051666666666666
38.00916666664002,-122.56361111106655,141.5990297500156,HEMORRHAGIC,ROUTE_UCSFMedicalCenter,0.24,43.333333333333336,ROUTE_KaiserFoundationHospitalSanRafael,0.24,5.1,ROUTE_UCSFMedicalCenter,0.24,43.333333333333336,ROUTE_KaiserFoundationHospitalSanRafael,0.24,5.1
37.35583333330616,-122.01222222217721,94.79590032585669,LVO,ROUTE_KaiserFoundationHospitalSantaClara,0.4285394639956591,8.441666666666666,ROUTE_KaiserFoundationHospitalSantaClara,0.4285394639956591,8.441666666666666,ROUTE_KaiserFoundationHospitalSantaClara,0.4285394639956591,8.441666666666666,ROUTE_KaiserFoundationHospitalSantaClara,0.4285394639956591,8.441666666666666
37.80694444441763,-122.21277777773292,117.68496899139757,LVO,ROUTE_SutterEdenMedicalCenter,0.41584280455602896,18.513333333333332,ROUTE_HighlandHospitalWilmaChanCampus,0.28112357479383293,4.386666666666667,ROUTE_SutterEdenMedicalCenter,0.41584280455602896,18.513333333333332,ROUTE_HighlandHospitalWilmaChanCampus,0.28112357479383293,4.386666666666667
38.05305555552894,-122.16277777773288,35.74479954034026,HEMORRHAGIC,ROUTE_JohnMuirMedicalCenterWalnutCreekCampus,0.24,22.706666666666667,ROUTE_ContraCostaRegionalMedicalCenter,0.24,11.891666666666667,ROUTE_JohnMuirMedicalCenterWalnutCreekCampus,0.24,22.706666666666667,ROUTE_SutterSolanoMedicalCenter,0.24,14.99
38.23749999997354,-121.99583333328832,233.56297577774473,HEMORRHAGIC,ROUTE_NorthBayMedicalCenter,0.24,14.106666666666666,ROUTE_NorthBayMedicalCenter,0.24,14.106666666666666,ROUTE_JohnMuirMedicalCenterWalnutCreekCampus,0.24,45.625,ROUTE_NorthBayMedicalCenter,0.24,14.106666666666666
37.984444444417775,-122.09749999995506,34.9977961932591,NLVO,ROUTE_JohnMuirMedicalCenterWalnutCreekCampus,0.5849636635187271,17.720000000000002,ROUTE_ContraCostaRegionalMedicalCenter,0.4622,8.583333333333334,ROUTE_JohnMuirMedicalCenterWalnutCreekCampus,0.5849636635187271,17.720000000000002,ROUTE_JohnMuirMedicalCenterConcordCampus,0.5886136114584496,10.555
37.97694444441777,-121.70083333328807,38.003445941656445,HEMORRHAGIC,ROUTE_JohnMuirMedicalCenterWalnutCreekCampus,0.24,38.026666666666664,ROUTE_KaiserFoundationHospitalAntioch,0.24,16.12333333333333,ROUTE_JohnMuirMedicalCenterWalnutCreekCampus,0.24,38.026666666666664,ROUTE_KaiserFoundationHospitalAntioch,0.24,16.12333333333333
37.770555555528716,-121.92166666662159,42.55040282223369,HEMORRHAGIC,ROUTE_JohnMuirMedicalCenterWalnutCreekCampus,0.24,26.528333333333332,ROUTE_SanRamonRegionalMedicalCenter,0.24,8.411666666666667,ROUTE_JohnMuirMedicalCenterWalnutCreekCampus,0.24,26.528333333333332,ROUTE_SanRamonRegionalMedicalCenter,0.24,8.411666666666667
37.551666666639655,-122.30249999995523,118.67516743586624,NLVO,ROUTE_KaiserFoundationHospitalRedwoodCity,0.5449020757532722,12.033333333333333,ROUTE_SanMateoMedicalCenter,0.4622,7.723333333333333,ROUTE_KaiserFoundationHospitalRedwoodCity,0.5449020757532722,12.033333333333333,ROUTE_KaiserFoundationHospitalRedwoodCity,0.5449020757532722,12.033333333333333
37.99388888886223,-121.72638888884366,71.76362341147589,NLVO,ROUTE_JohnMuirMedicalCenterWalnutCreekCampus,0.5562566406745244,36.96,ROUTE_KaiserFoundationHospitalAntioch,0.5673704878197166,15.35,ROUTE_JohnMuirMedicalCenterWalnutCreekCampus,0.5562566406745244,36.96,ROUTE_KaiserFoundationHospitalAntioch,0.5673704878197166,15.35
37.40444444441731,-122.24527777773295,148.8284533065368,LVO,ROUTE_StanfordHealthCare,0.405274921332809,15.308333333333334,ROUTE_StanfordHealthCare,0.405274921332809,15.308333333333334,ROUTE_StanfordHealthCare,0.405274921332809,15.308333333333334,ROUTE_StanfordHealthCare,0.405274921332809,15.308333333333334
37.42694444441733,-122.16333333328845,230.43922216439944,LVO,ROUTE_StanfordHealthCare,0.24466880000000002,8.04,ROUTE_StanfordHealthCare,0.24466880000000002,8.04,ROUTE_StanfordHealthCare,0.24466880000000002,8.04,ROUTE_StanfordHealthCare,0.24466880000000002,8.04
37.75777777775093,-122.48722222217759,130.70200172001756,LVO,ROUTE_UCSFMedicalCenter,0.41527640548603517,6.9816666666666665,ROUTE_UCSFMedicalCenter,0.41527640548603517,6.9816666666666665,ROUTE_UCSFMedicalCenter,0.41527640548603517,6.9816666666666665,ROUTE_UCSFMedicalCenter,0.41527640548603517,6.9816666666666665
37.978888888862215,-122.56388888884432,55.81375466922942,HEMORRHAGIC,ROUTE_UCSFMedicalCenter,0.24,42.32666666666667,ROUTE_MarinHealthMedicalCenter,0.24,9.7,ROUTE_UCSFMedicalCenter,0.24,42.32666666666667,ROUTE_MarinHealthMedicalCenter,0.24,9.7
37.743333333306474,-122.16638888884401,172.71982826935135,HEMORRHAGIC,ROUTE_SutterEdenMedicalCenter,0.24,15.635,ROUTE_SanLeandroHospitalAlamedaHealthSystem,0.24,11.0,ROUTE_SutterEdenMedicalCenter,0.24,15.635,ROUTE_HighlandHospitalWilmaChanCampus,0.24,13.188333333333333
37.561388888861885,-122.24916666662185,127.4331107174829,HEMORRHAGIC,ROUTE_MillsPeninsulaMedicalCenterSutter,0.24,19.138333333333332,ROUTE_SanMateoMedicalCenter,0.24,15.879999999999999,ROUTE_MillsPeninsulaMedicalCenterSutter,0.24,19.138333333333332,ROUTE_MillsPeninsulaMedicalCenterSutter,0.24,19.138333333333332
37.4866666666396,-121.92361111106604,190.71418134466717,HEMORRHAGIC,ROUTE_RegionalMedicalCenterOfSanJose,0.24,16.875,ROUTE_KaiserFoundationHospitalFremont,0.24,16.253333333333334,ROUTE_RegionalMedicalCenterOfSanJose,0.24,16.875,ROUTE_KaiserFoundationHospitalFremont,0.24,16.253333333333334
37.95722222219553,-122.02305555551055,211.97397083283172,NLVO,ROUTE_JohnMuirMedicalCenterConcordCampus,0.49772675739960487,9.093333333333334,ROUTE_JohnMuirMedicalCenterConcordCampus,0.49772675739960487,9.093333333333334,ROUTE_JohnMuirMedicalCenterWalnutCreekCampus,0.4622,14.438333333333333,ROUTE_JohnMuirMedicalCenterConcordCampus,0.49772675739960487,9.093333333333334
38.44972222219592,-121.8141666666215,45.874335854456696,LVO,ROUTE_JohnMuirMedicalCenterWalnutCreekCampus,0.4261055410161909,63.63333333333333,ROUTE_KaiserFoundationHospitalVacaville,0.2990048487999262,16.703333333333333,ROUTE_JohnMuirMedicalCenterWalnutCreekCampus,0.4261055410161909,63.63333333333333,ROUTE_KaiserFoundationHospitalVacaville,0.2990048487999262,16.703333333333333
37.76583333330649,-122.42749999995533,41.19758284030559,HEMORRHAGIC,ROUTE_CPMCDaviesCampusSutter,0.24,4.095,ROUTE_CPMCDaviesCampusSutter,0.24,4.095,ROUTE_CPMCDaviesCampusSutter,0.24,4.095,ROUTE_CPMCDaviesCampusSutter,0.24,4.095
37.734166666639794,-122.14444444439954,180.27044697133832,HEMORRHAGIC,ROUTE_SutterEdenMedicalCenter,0.24,11.033333333333333,ROUTE_SanLeandroHospitalAlamedaHealthSystem,0.24,8.245,ROUTE_SutterEdenMedicalCenter,0.24,11.033333333333333,ROUTE_HighlandHospitalWilmaChanCampus,0.24,11.026666666666667
38.25999999997355,-121.98361111106608,155.9873101823728,NLVO,ROUTE_JohnMuirMedicalCenterWalnutCreekCampus,0.5055130826931505,50.27333333333333,ROUTE_NorthBayMedicalCenter,0.5235938947349256,15.728333333333333,ROUTE_JohnMuirMedicalCenterWalnutCreekCampus,0.5055130826931505,50.27333333333333,ROUTE_NorthBayMedicalCenter,0.5235938947349256,15.728333333333333
37.755833333306484,-122.41194444439975,104.31883453045555,HEMORRHAGIC,ROUTE_CPMCDaviesCampusSutter,0.24,7.54,ROUTE_ZuckerbergSanFranciscoGeneralHospital,0.24,2.605,ROUTE_CPMCDaviesCampusSutter,0.24,7.54,ROUTE_ZuckerbergSanFranciscoGeneralHospital,0.24,2.605
37.84305555552877,-122.24944444439963,248.94688311797285,LVO,ROUTE_AltaBatesSummitMedicalCenterAltaBatesCampus,0.24466880000000002,6.206666666666666,ROUTE_AltaBatesSummitMedicalCenterAltaBatesCampus,0.24466880000000002,6.206666666666666,ROUTE_JohnMuirMedicalCenterWalnutCreekCampus,0.24466880000000002,22.288333333333334,ROUTE_KaiserFoundationHospitalOaklandRichmond,0.24466880000000002,7.591666666666667
37.86111111108434,-122.07833333328838,246.15652933449607,LVO,ROUTE_KaiserFoundationHospitalWalnutCreek,0.24466880000000002,16.585,ROUTE_KaiserFoundationHospitalWalnutCreek,0.24466880000000002,16.585,ROUTE_JohnMuirMedicalCenterWalnutCreekCampus,0.24466880000000002,18.85666666666667,ROUTE_KaiserFoundationHospitalWalnutCreek,0.24466880000000002,16.585
37.681388888861974,-121.74444444439922,78.18063285355878,HEMORRHAGIC,ROUTE_SutterEdenMedicalCenter,0.24,31.048333333333336,ROUTE_StanfordHealthCareTriValley,0.24,19.65,ROUTE_SutterEdenMedicalCenter,0.24,31.048333333333336,ROUTE_StanfordHealthCareTriValley,0.24,19.65
37.75694444441759,-122.49749999995538,258.1057931307587,LVO,ROUTE_UCSFMedicalCenter,0.24466880000000002,8.753333333333334,ROUTE_UCSFMedicalCenter,0.24466880000000002,8.753333333333334,ROUTE_UCSFMedicalCenter,0.24466880000000002,8.753333333333334,ROUTE_UCSFMedicalCenter,0.24466880000000002,8.753333333333334
37.99583333330667,-122.02805555551056,134.47105061039133,LVO,ROUTE_JohnMuirMedicalCenterWalnutCreekCampus,0.41036840006593966,16.14,ROUTE_JohnMuirMedicalCenterConcordCampus,0.276283935025466,4.448333333333333,ROUTE_JohnMuirMedicalCenterWalnutCreekCampus,0.41036840006593966,16.14,ROUTE_JohnMuirMedicalCenterConcordCampus,0.276283935025466,4.448333333333333
37.95277777775108,-122.32499999995524,209.16260232945226,LVO,ROUTE_KaiserFoundationHospitalRichmondCampus,0.25460090783489414,9.96,ROUTE_KaiserFoundationHospitalRichmondCampus,0.25460090783489414,9.96,ROUTE_CPMCDaviesCampusSutter,0.24466880000000002,33.255,ROUTE_KaiserFoundationHospitalRichmondCampus,0.25460090783489414,9.96
38.32277777775138,-122.23499999995516,194.43114533502532,LVO,ROUTE_ProvidenceQueenOfTheValleyMedicalCenter,0.25603170987269924,19.131666666666668,ROUTE_ProvidenceQueenOfTheValleyMedicalCenter,0.25603170987269924,19.131666666666668,ROUTE_JohnMuirMedicalCenterWalnutCreekCampus,0.24466880000000002,68.00333333333333,ROUTE_ProvidenceQueenOfTheValleyMedicalCenter,0.25603170987269924,19.131666666666668
37.48444444441738,-122.22222222217738,37.584732432671515,LVO,ROUTE_KaiserFoundationHospitalRedwoodCity,0.4533120929706148,3.02,ROUTE_KaiserFoundationHospitalRedwoodCity,0.4533120929706148,3.02,ROUTE_KaiserFoundationHospitalRedwoodCity,0.4533120929706148,3.02,ROUTE_KaiserFoundationHospitalRedwoodCity,0.4533120929706148,3.02
37.9613888888622,-122.56138888884432,152.06792495706765,MIMIC,ROUTE_UCSFMedicalCenter,0.9,39.916666666666664,ROUTE_MarinHealthMedicalCenter,0.9,7.29,ROUTE_UCSFMedicalCenter,0.9,39.916666666666664,ROUTE_MarinHealthMedicalCenter,0.9,7.29
37.77555555552872,-122.44027777773312,186.99758628287836,LVO,ROUTE_CPMCDaviesCampusSutter,0.2620643184985346,3.5683333333333334,ROUTE_CPMCDaviesCampusSutter,0.2620643184985346,3.5683333333333334,ROUTE_CPMCDaviesCampusSutter,0.2620643184985346,3.5683333333333334,ROUTE_CPMCDaviesCampusSutter,0.2620643184985346,3.5683333333333334
37.7833333333065,-122.46722222217758,226.1152075247436,LVO,ROUTE_KaiserFoundationHospitalSanFrancisco,0.24466880000000002,6.010000000000001,ROUTE_KaiserFoundationHospitalSanFrancisco,0.24466880000000002,6.010000000000001,ROUTE_UCSFMedicalCenter,0.24466880000000002,9.24,ROUTE_KaiserFoundationHospitalSanFrancisco,0.24466880000000002,6.010000000000001
37.778055555528724,-122.28999999995521,121.46345783974185,LVO,ROUTE_SutterEdenMedicalCenter,0.4108996667839737,27.743333333333332,ROUTE_AlamedaHospital,0.2786062996748972,9.328333333333335,ROUTE_SutterEdenMedicalCenter,0.4108996667839737,27.743333333333332,ROUTE_AlamedaHospital,0.2786062996748972,9.328333333333335
37.795555555528736,-122.40555555551086,202.56688834675197,LVO,ROUTE_ChineseHospital,0.2585631738074574,1.26,ROUTE_ChineseHospital,0.2585631738074574,1.26,ROUTE_CPMCDaviesCampusSutter,0.25590670568107543,11.479999999999999,ROUTE_ChineseHospital,0.2585631738074574,1.26
37.654999999973064,-121.89444444439934,256.44808284852326,HEMORRHAGIC,ROUTE_StanfordHealthCareTriValley,0.24,11.213333333333333,ROUTE_StanfordHealthCareTriValley,0.24,11.213333333333333,ROUTE_SutterEdenMedicalCenter,0.24,20.401666666666664,ROUTE_StanfordHealthCareTriValley,0.24,11.213333333333333
37.338333333306146,-122.03722222217723,69.09709003354882,HEMORRHAGIC,ROUTE_KaiserFoundationHospitalSantaClara,0.24,10.528333333333334,ROUTE_KaiserFoundationHospitalSantaClara,0.24,10.528333333333334,ROUTE_KaiserFoundationHospitalSantaClara,0.24,10.528333333333334,ROUTE_KaiserFoundationHospitalSantaClara,0.24,10.528333333333334
37.94888888886219,-122.35166666662194,118.75820978359859,HEMORRHAGIC,ROUTE_CPMCDaviesCampusSutter,0.24,35.230000000000004,ROUTE_KaiserFoundationHospitalRichmondCampus,0.24,4.2316666666666665,ROUTE_CPMCDaviesCampusSutter,0.24,35.230000000000004,ROUTE_KaiserFoundationHospitalRichmondCampus,0.24,4.2316666666666665
37.74722222219536,-121.94999999995494,240.03141711009806,LVO,ROUTE_SanRamonRegionalMedicalCenter,0.24466880000000002,8.725,ROUTE_SanRamonRegionalMedicalCenter,0.24466880000000002,8.725,ROUTE_SutterEdenMedicalCenter,0.24466880000000002,21.529999999999998,ROUTE_SanRamonRegionalMedicalCenter,0.24466880000000002,8.725
37.728055555528684,-122.3949999999553,216.58682842925916,LVO,ROUTE_ZuckerbergSanFranciscoGeneralHospital,0.24466880000000002,10.878333333333334,ROUTE_ZuckerbergSanFranciscoGeneralHospital,0.24466880000000002,10.878333333333334,ROUTE_CPMCDaviesCampusSutter,0.24466880000000002,16.735,ROUTE_ZuckerbergSanFranciscoGeneralHospital,0.24466880000000002,10.878333333333334
37.739166666639804,-122.50527777773317,94.85733989056013,HEMORRHAGIC,ROUTE_UCSFMedicalCenter,0.24,12.833333333333334,ROUTE_UCSFMedicalCenter,0.24,12.833333333333334,ROUTE_UCSFMedicalCenter,0.24,12.833333333333334,ROUTE_UCSFMedicalCenter,0.24,12.833333333333334
37.414166666639545,-121.90499999995491,150.20223176873088,LVO,ROUTE_RegionalMedicalCenterOfSanJose,0.40576681079453086,12.623333333333333,ROUTE_OConnorHospital,0.26960850701101097,12.543333333333333,ROUTE_RegionalMedicalCenterOfSanJose,0.40576681079453086,12.623333333333333,ROUTE_OConnorHospital,0.26960850701101097,12.543333333333333
37.55666666663966,-121.98555555551053,110.62140874781888,LVO,ROUTE_SutterEdenMedicalCenter,0.41458205014167526,28.884999999999998,ROUTE_WashingtonHospitalHealthcareSystem,0.28341580251071846,3.5883333333333334,ROUTE_SutterEdenMedicalCenter,0.41458205014167526,28.884999999999998,ROUTE_WashingtonHospitalHealthcareSystem,0.28341580251071846,3.5883333333333334
37.52277777775074,-121.93861111106605,246.62346692479235,NLVO,ROUTE_KaiserFoundationHospitalFremont,0.4622,14.82,ROUTE_KaiserFoundationHospitalFremont,0.4622,14.82,ROUTE_RegionalMedicalCenterOfSanJose,0.4622,23.175,ROUTE_KaiserFoundationHospitalFremont,0.4622,14.82
37.88222222219547,-122.27305555551075,262.8540873162816,LVO,ROUTE_AltaBatesSummitMedicalCenterAltaBatesCampus,0.24466880000000002,10.245000000000001,ROUTE_AltaBatesSummitMedicalCenterAltaBatesCampus,0.24466880000000002,10.245000000000001,ROUTE_SutterEdenMedicalCenter,0.24466880000000002,32.85666666666667,ROUTE_KaiserFoundationHospitalOaklandRichmond,0.24466880000000002,16.293333333333333
37.90722222219549,-122.54499999995542,175.69454155243724,HEMORRHAGIC,ROUTE_UCSFMedicalCenter,0.24,31.715,ROUTE_MarinHealthMedicalCenter,0.24,17.39333333333333,ROUTE_UCSFMedicalCenter,0.24,31.715,ROUTE_MarinHealthMedicalCenter,0.24,17.39333333333333
37.758055555528706,-122.41833333328866,45.85668933982902,HEMORRHAGIC,ROUTE_CPMCDaviesCampusSutter,0.24,6.588333333333334,ROUTE_CPMCMissionBernalCampusSutter,0.24,5.028333333333333,ROUTE_CPMCDaviesCampusSutter,0.24,6.588333333333334,ROUTE_CPMCMissionBernalCampusSutter,0.24,5.028333333333333
37.867777777751016,-122.25333333328852,105.06467107084933,HEMORRHAGIC,ROUTE_SutterEdenMedicalCenter,0.24,26.0,ROUTE_AltaBatesSummitMedicalCenterAltaBatesCampus,0.24,3.8266666666666667,ROUTE_SutterEdenMedicalCenter,0.24,26.0,ROUTE_AltaBatesSummitMedicalCenterSummitCampus,0.24,12.985000000000001
37.584166666639675,-122.33388888884414,166.8654399623524,NLVO,ROUTE_MillsPeninsulaMedicalCenterSutter,0.5210714204047159,9.683333333333334,ROUTE_MillsPeninsulaMedicalCenterSutter,0.5210714204047159,9.683333333333334,ROUTE_MillsPeninsulaMedicalCenterSutter,0.5210714204047159,9.683333333333334,ROUTE_MillsPeninsulaMedicalCenterSutter,0.5210714204047159,9.683333333333334
37.51638888886185,-122.33249999995525,188.608818380614,LVO,ROUTE_MillsPeninsulaMedicalCenterSutter,0.2589385784553603,13.785,ROUTE_SanMateoMedicalCenter,0.24466880000000002,10.66,ROUTE_MillsPeninsulaMedicalCenterSutter,0.2589385784553603,13.785,ROUTE_MillsPeninsulaMedicalCenterSutter,0.2589385784553603,13.785
38.00694444441779,-122.09138888884395,186.65015763273615,LVO,ROUTE_JohnMuirMedicalCenterWalnutCreekCampus,0.25901078470959527,15.468333333333334,ROUTE_ContraCostaRegionalMedicalCenter,0.24466880000000002,7.276666666666667,ROUTE_JohnMuirMedicalCenterWalnutCreekCampus,0.25901078470959527,15.468333333333334,ROUTE_JohnMuirMedicalCenterConcordCampus,0.26047502004357775,9.906666666666666
37.69555555552866,-121.86861111106599,243.1542563903127,HEMORRHAGIC,ROUTE_StanfordHealthCareTriValley,0.24,5.675,ROUTE_StanfordHealthCareTriValley,0.24,5.675,ROUTE_SutterEdenMedicalCenter,0.24,22.668333333333333,ROUTE_StanfordHealthCareTriValley,0.24,5.675
38.098333333306755,-122.57444444439989,186.7580390660428,LVO,ROUTE_NovatoCommunityHospitalSutter,0.26085292015977213,8.37,ROUTE_NovatoCommunityHospitalSutter,0.26085292015977213,8.37,ROUTE_UCSFMedicalCenter,0.24466880000000002,50.776666666666664,ROUTE_NovatoCommunityHospitalSutter,0.26085292015977213,8.37
37.718333333306454,-122.44805555551089,260.79390479488234,MIMIC,ROUTE_CPMCMissionBernalCampusSutter,0.9,6.3533333333333335,ROUTE_CPMCMissionBernalCampusSutter,0.9,6.3533333333333335,ROUTE_CPMCDaviesCampusSutter,0.9,12.623333333333333,ROUTE_CPMCMissionBernalCampusSutter,0.9,6.3533333333333335
37.69916666663977,-122.09916666662173,121.98998226210642,LVO,ROUTE_SutterEdenMedicalCenter,0.4196115215285329,4.358333333333333,ROUTE_SutterEdenMedicalCenter,0.4196115215285329,4.358333333333333,ROUTE_SutterEdenMedicalCenter,0.4196115215285329,4.358333333333333,ROUTE_SutterEdenMedicalCenter,0.4196115215285329,4.358333333333333
37.704444444417554,-122.4430555555109,195.12595281835007,NLVO,ROUTE_CPMCMissionBernalCampusSutter,0.5057815966988793,10.623333333333333,ROUTE_CPMCMissionBernalCampusSutter,0.5057815966988793,10.623333333333333,ROUTE_CPMCDaviesCampusSutter,0.5024874112514621,16.893333333333334,ROUTE_CPMCMissionBernalCampusSutter,0.5057815966988793,10.623333333333333
37.725833333306454,-122.47888888884425,53.160793601793515,NLVO,ROUTE_UCSFMedicalCenter,0.5787729466393983,11.686666666666667,ROUTE_AHMCSetonMedicalCenter,0.579976889663646,9.33,ROUTE_UCSFMedicalCenter,0.5787729466393983,11.686666666666667,ROUTE_AHMCSetonMedicalCenter,0.579976889663646,9.33
37.82083333330653,-122.28416666662187,221.81648936916028,HEMORRHAGIC,ROUTE_KaiserFoundationHospitalOaklandRichmond,0.24,6.005,ROUTE_KaiserFoundationHospitalOaklandRichmond,0.24,6.005,ROUTE_SutterEdenMedicalCenter,0.24,22.83833333333333,ROUTE_KaiserFoundationHospitalOaklandRichmond,0.24,6.005
37.7833333333065,-122.41416666662198,164.8415925034595,HEMORRHAGIC,ROUTE_CPMCDaviesCampusSutter,0.24,8.498333333333333,ROUTE_UCSFHealthHydeHospital,0.24,2.395,ROUTE_CPMCDaviesCampusSutter,0.24,8.498333333333333,ROUTE_UCSFHealthHydeHospital,0.24,2.395
37.67138888886197,-121.77666666662147,227.3997724202574,MIMIC,ROUTE_StanfordHealthCareTriValley,0.9,19.456666666666667,ROUTE_StanfordHealthCareTriValley,0.9,19.456666666666667,ROUTE_SutterEdenMedicalCenter,0.9,30.855,ROUTE_StanfordHealthCareTriValley,0.9,19.456666666666667
37.41305555552843,-121.96222222217718,69.64829659822921,LVO,ROUTE_RegionalMedicalCenterOfSanJose,0.4338433165414356,20.001666666666665,ROUTE_OConnorHospital,0.2913279439196521,17.971666666666668,ROUTE_RegionalMedicalCenterOfSanJose,0.4338433165414356,20.001666666666665,ROUTE_OConnorHospital,0.2913279439196521,17.971666666666668
37.71666666663978,-122.43805555551089,239.8869496851868,LVO,ROUTE_CPMCMissionBernalCampusSutter,0.24466880000000002,9.07,ROUTE_CPMCMissionBernalCampusSutter,0.24466880000000002,9.07,ROUTE_CPMCDaviesCampusSutter,0.24466880000000002,15.341666666666667,ROUTE_CPMCMissionBernalCampusSutter,0.24466880000000002,9.07
37.757222222195374,-122.43277777773311,110.83710889315041,NLVO,ROUTE_CPMCDaviesCampusSutter,0.5529552710243467,4.288333333333333,ROUTE_CPMCDaviesCampusSutter,0.5529552710243467,4.288333333333333,ROUTE_CPMCDaviesCampusSutter,0.5529552710243467,4.288333333333333,ROUTE_CPMCDaviesCampusSutter,0.5529552710243467,4.288333333333333
37.558611111084105,-122.31444444439968,42.11433572925558,LVO,ROUTE_MillsPeninsulaMedicalCenterSutter,0.44715368723359483,13.870000000000001,ROUTE_SanMateoMedicalCenter,0.24466880000000002,8.575,ROUTE_MillsPeninsulaMedicalCenterSutter,0.44715368723359483,13.870000000000001,ROUTE_MillsPeninsulaMedicalCenterSutter,0.44715368723359483,13.870000000000001
37.611388888861924,-122.09333333328838,161.6766500077083,HEMORRHAGIC,ROUTE_SutterEdenMedicalCenter,0.24,18.93166666666667,ROUTE_StRoseHospital,0.24,6.84,ROUTE_SutterEdenMedicalCenter,0.24,18.93166666666667,ROUTE_KaiserFoundationHospitalSanLeandro,0.24,17.238333333333333
37.541111111084085,-121.98388888884386,98.50402628574489,LVO,ROUTE_SutterEdenMedicalCenter,0.42018773519256625,26.34333333333333,ROUTE_KaiserFoundationHospitalFremont,0.2863755929441619,5.661666666666666,ROUTE_SutterEdenMedicalCenter,0.42018773519256625,26.34333333333333,ROUTE_KaiserFoundationHospitalFremont,0.2863755929441619,5.661666666666666
37.68249999997309,-121.87694444439933,84.23574617946082,HEMORRHAGIC,ROUTE_SutterEdenMedicalCenter,0.24,22.33833333333333,ROUTE_StanfordHealthCareTriValley,0.24,4.516666666666667,ROUTE_SutterEdenMedicalCenter,0.24,22.33833333333333,ROUTE_StanfordHealthCareTriValley,0.24,4.516666666666667
37.737777777750914,-122.24194444439962,40.761587618704674,NLVO,ROUTE_SutterEdenMedicalCenter,0.578983739427792,23.673333333333336,ROUTE_AlamedaHospital,0.5856923014616481,10.526666666666667,ROUTE_SutterEdenMedicalCenter,0.578983739427792,23.673333333333336,ROUTE_AlamedaHospital,0.5856923014616481,10.526666666666667
37.82527777775098,-122.01027777773277,31.862956851769574,LVO,ROUTE_JohnMuirMedicalCenterWalnutCreekCampus,0.4498719156922937,17.31833333333333,ROUTE_KaiserFoundationHospitalWalnutCreek,0.3049777686903932,11.706666666666667,ROUTE_JohnMuirMedicalCenterWalnutCreekCampus,0.4498719156922937,17.31833333333333,ROUTE_KaiserFoundationHospitalWalnutCreek,0.3049777686903932,11.706666666666667
37.748055555528694,-122.47055555551091,178.59114022077668,LVO,ROUTE_UCSFMedicalCenter,0.2639729356135381,4.841666666666667,ROUTE_UCSFMedicalCenter,0.2639729356135381,4.841666666666667,ROUTE_UCSFMedicalCenter,0.2639729356135381,4.841666666666667,ROUTE_UCSFMedicalCenter,0.2639729356135381,4.841666666666667
37.80583333330652,-121.91972222217714,46.14056225162665,LVO,ROUTE_JohnMuirMedicalCenterWalnutCreekCampus,0.44090053498815296,25.584999999999997,ROUTE_SanRamonRegionalMedicalCenter,0.30020408969254975,12.588333333333333,ROUTE_JohnMuirMedicalCenterWalnutCreekCampus,0.44090053498815296,25.584999999999997,ROUTE_SanRamonRegionalMedicalCenter,0.30020408969254975,12.588333333333333
37.65277777775084,-122.05222222217725,178.57621056112572,MIMIC,ROUTE_SutterEdenMedicalCenter,0.9,17.396666666666665,ROUTE_StRoseHospital,0.9,11.903333333333334,ROUTE_SutterEdenMedicalCenter,0.9,17.396666666666665,ROUTE_SutterEdenMedicalCenter,0.9,17.396666666666665
37.49861111108405,-121.91888888884381,269.02746341589176,NLVO,ROUTE_KaiserFoundationHospitalFremont,0.4622,15.738333333333333,ROUTE_KaiserFoundationHospitalFremont,0.4622,15.738333333333333,ROUTE_RegionalMedicalCenterOfSanJose,0.4622,17.038333333333334,ROUTE_KaiserFoundationHospitalFremont,0.4622,15.738333333333333
37.81944444441764,-122.26944444439964,158.650289178495,LVO,ROUTE_SutterEdenMedicalCenter,0.26474294850483454,21.923333333333336,ROUTE_AltaBatesSummitMedicalCenterSummitCampus,0.2697848479035218,3.4566666666666666,ROUTE_SutterEdenMedicalCenter,0.26474294850483454,21.923333333333336,ROUTE_AltaBatesSummitMedicalCenterSummitCampus,0.2697848479035218,3.4566666666666666
37.62916666663971,-122.04222222217724,35.943058563161394,LVO,ROUTE_SutterEdenMedicalCenter,0.446668394018903,21.258333333333333,ROUTE_StRoseHospital,0.24466880000000002,11.805,ROUTE_SutterEdenMedicalCenter,0.446668394018903,21.258333333333333,ROUTE_KaiserFoundationHospitalSanLeandro,0.30121163812204943,19.565
37.84666666663989,-122.292777777733,44.55936329999032,LVO,ROUTE_CPMCDaviesCampusSutter,0.44154415671857017,25.540000000000003,ROUTE_AltaBatesSummitMedicalCenterAltaBatesCampus,0.24466880000000002,8.233333333333333,ROUTE_CPMCDaviesCampusSutter,0.44154415671857017,25.540000000000003,ROUTE_AltaBatesSummitMedicalCenterSummitCampus,0.3015535461109052,9.858333333333333
37.566111111084105,-122.07527777773282,82.74989934002912,LVO,ROUTE_SutterEdenMedicalCenter,0.4269208288372537,24.654999999999998,ROUTE_StRoseHospital,0.24466880000000002,15.493333333333334,ROUTE_SutterEdenMedicalCenter,0.4269208288372537,24.654999999999998,ROUTE_WashingtonHospitalHealthcareSystem,0.2865102460256045,20.961666666666666
37.55694444441743,-122.28944444439966,76.1983565846086,LVO,ROUTE_MillsPeninsulaMedicalCenterSutter,0.4345789736156907,11.575,ROUTE_SanMateoMedicalCenter,0.24466880000000002,9.088333333333333,ROUTE_MillsPeninsulaMedicalCenterSutter,0.4345789736156907,11.575,ROUTE_MillsPeninsulaMedicalCenterSutter,0.4345789736156907,11.575
37.59833333330636,-122.01916666662167,63.47211324644816,HEMORRHAGIC,ROUTE_SutterEdenMedicalCenter,0.24,23.493333333333332,ROUTE_StRoseHospital,0.24,14.331666666666667,ROUTE_SutterEdenMedicalCenter,0.24,23.493333333333332,ROUTE_WashingtonHospitalHealthcareSystem,0.24,15.146666666666667
37.67499999997308,-121.75916666662145,120.36879327937103,LVO,ROUTE_SutterEdenMedicalCenter,0.4106794250218267,29.42,ROUTE_StanfordHealthCareTriValley,0.27643436874602445,18.021666666666665,ROUTE_SutterEdenMedicalCenter,0.4106794250218267,29.42,ROUTE_StanfordHealthCareTriValley,0.27643436874602445,18.021666666666665
37.71944444441756,-122.38722222217751,147.85332448270825,LVO,ROUTE_MillsPeninsulaMedicalCenterSutter,0.40467904629906626,17.873333333333335,ROUTE_CPMCMissionBernalCampusSutter,0.2699774647941006,13.556666666666667,ROUTE_MillsPeninsulaMedicalCenterSutter,0.40467904629906626,17.873333333333335,ROUTE_CPMCMissionBernalCampusSutter,0.2699774647941006,13.556666666666667
37.783055555528726,-122.42749999995533,147.87602099937155,MIMIC,ROUTE_CPMCDaviesCampusSutter,0.9,6.233333333333333,ROUTE_CPMCVanNessCampusSutter,0.9,2.8366666666666664,ROUTE_CPMCDaviesCampusSutter,0.9,6.233333333333333,ROUTE_CPMCVanNessCampusSutter,0.9,2.8366666666666664
37.62277777775082,-122.12777777773286,233.3391710539585,HEMORRHAGIC,ROUTE_StRoseHospital,0.24,7.739999999999999,ROUTE_StRoseHospital,0.24,7.739999999999999,ROUTE_SutterEdenMedicalCenter,0.24,16.551666666666666,ROUTE_KaiserFoundationHospitalSanLeandro,0.24,14.858333333333333
37.69555555552866,-121.78722222217704,79.35307822104791,MIMIC,ROUTE_SutterEdenMedicalCenter,0.9,24.991666666666667,ROUTE_StanfordHealthCareTriValley,0.9,13.595,ROUTE_SutterEdenMedicalCenter,0.9,24.991666666666667,ROUTE_StanfordHealthCareTriValley,0.9,13.595
37.69222222219532,-122.17944444439956,153.66128685605014,HEMORRHAGIC,ROUTE_SutterEdenMedicalCenter,0.24,16.470000000000002,ROUTE_KaiserFoundationHospitalSanLeandro,0.24,6.433333333333334,ROUTE_SutterEdenMedicalCenter,0.24,16.470000000000002,ROUTE_KaiserFoundationHospitalSanLeandro,0.24,6.433333333333334
38.0119444444178,-121.79388888884371,160.24989688634855,LVO,ROUTE_JohnMuirMedicalCenterWalnutCreekCampus,0.26158753410217883,32.108333333333334,ROUTE_SutterDeltaMedicalCenter,0.24466880000000002,8.01,ROUTE_JohnMuirMedicalCenterWalnutCreekCampus,0.26158753410217883,32.108333333333334,ROUTE_KaiserFoundationHospitalAntioch,0.2666915419121564,13.135
37.94805555552886,-122.06555555551058,221.13450542331546,MIMIC,ROUTE_JohnMuirMedicalCenterConcordCampus,0.9,7.465,ROUTE_JohnMuirMedicalCenterConcordCampus,0.9,7.465,ROUTE_JohnMuirMedicalCenterWalnutCreekCampus,0.9,10.3,ROUTE_JohnMuirMedicalCenterConcordCampus,0.9,7.465
37.63722222219528,-122.07166666662171,46.096417399672596,LVO,ROUTE_SutterEdenMedicalCenter,0.4439592138729537,17.913333333333334,ROUTE_StRoseHospital,0.24466880000000002,7.165,ROUTE_SutterEdenMedicalCenter,0.4439592138729537,17.913333333333334,ROUTE_KaiserFoundationHospitalSanLeandro,0.29908608907981193,16.220000000000002
37.747499999973144,-121.88638888884378,149.21044266303807,LVO,ROUTE_SutterEdenMedicalCenter,0.40126369384476496,25.66,ROUTE_SanRamonRegionalMedicalCenter,0.26910767667907265,15.351666666666667,ROUTE_SutterEdenMedicalCenter,0.40126369384476496,25.66,ROUTE_SanRamonRegionalMedicalCenter,0.26910767667907265,15.351666666666667
37.82166666663987,-121.9972222221772,64.1143638864946,MIMIC,ROUTE_JohnMuirMedicalCenterWalnutCreekCampus,0.9,16.69,ROUTE_KaiserFoundationHospitalWalnutCreek,0.9,11.078333333333335,ROUTE_JohnMuirMedicalCenterWalnutCreekCampus,0.9,16.69,ROUTE_KaiserFoundationHospitalWalnutCreek,0.9,11.078333333333335
37.764166666639824,-122.1677777777329,59.47201340870972,LVO,ROUTE_SutterEdenMedicalCenter,0.4400893951175968,14.305,ROUTE_HighlandHospitalWilmaChanCampus,0.2965036771159536,11.186666666666667,ROUTE_SutterEdenMedicalCenter,0.4400893951175968,14.305,ROUTE_HighlandHospitalWilmaChanCampus,0.2965036771159536,11.186666666666667
37.80194444441763,-122.41027777773309,183.1122512913326,NLVO,ROUTE_CPMCDaviesCampusSutter,0.5110371469689804,12.618333333333334,ROUTE_ChineseHospital,0.5157811446986502,3.558333333333333,ROUTE_CPMCDaviesCampusSutter,0.5110371469689804,12.618333333333334,ROUTE_ChineseHospital,0.5157811446986502,3.558333333333333
37.45416666663957,-122.2333333332885,149.02017183670583,NLVO,ROUTE_KaiserFoundationHospitalRedwoodCity,0.528459587298096,13.360000000000001,ROUTE_SequoiaHospital,0.5302876290449672,9.848333333333333,ROUTE_KaiserFoundationHospitalRedwoodCity,0.528459587298096,13.360000000000001,ROUTE_SequoiaHospital,0.5302876290449672,9.848333333333333
37.76722222219538,-122.24805555551073,257.0711125365307,LVO,ROUTE_AlamedaHospital,0.24466880000000002,1.9349999999999998,ROUTE_AlamedaHospital,0.24466880000000002,1.9349999999999998,ROUTE_SutterEdenMedicalCenter,0.24466880000000002,20.64,ROUTE_AlamedaHospital,0.24466880000000002,1.9349999999999998
37.63194444441749,-122.40805555551087,210.1790235512463,LVO,ROUTE_MillsPeninsulaMedicalCenterSutter,0.25474502568806157,8.381666666666666,ROUTE_MillsPeninsulaMedicalCenterSutter,0.25474502568806157,8.381666666666666,ROUTE_MillsPeninsulaMedicalCenterSutter,0.25474502568806157,8.381666666666666,ROUTE_MillsPeninsulaMedicalCenterSutter,0.25474502568806157,8.381666666666666
37.86527777775101,-122.26027777773297,41.33477120106511,LVO,ROUTE_SutterEdenMedicalCenter,0.44230592983584377,26.841666666666665,ROUTE_AltaBatesSummitMedicalCenterAltaBatesCampus,0.24466880000000002,3.3516666666666666,ROUTE_SutterEdenMedicalCenter,0.44230592983584377,26.841666666666665,ROUTE_KaiserFoundationHospitalOaklandRichmond,0.30174383163103996,12.476666666666667
37.421666666639545,-121.88166666662156,155.02247622045235,LVO,ROUTE_RegionalMedicalCenterOfSanJose,0.4050865761651117,9.616666666666667,ROUTE_RegionalMedicalCenterOfSanJose,0.4050865761651117,9.616666666666667,ROUTE_RegionalMedicalCenterOfSanJose,0.4050865761651117,9.616666666666667,ROUTE_RegionalMedicalCenterOfSanJose,0.4050865761651117,9.616666666666667
37.994166666640005,-122.04972222217725,32.878284457482145,NLVO,ROUTE_JohnMuirMedicalCenterWalnutCreekCampus,0.5874872576300723,14.886666666666667,ROUTE_JohnMuirMedicalCenterConcordCampus,0.5928799704782638,4.286666666666666,ROUTE_JohnMuirMedicalCenterWalnutCreekCampus,0.5874872576300723,14.886666666666667,ROUTE_JohnMuirMedicalCenterConcordCampus,0.5928799704782638,4.286666666666666
37.470277777750695,-122.14444444439954,130.77605625401407,NLVO,ROUTE_KaiserFoundationHospitalRedwoodCity,0.5393881360646436,10.575,ROUTE_KaiserFoundationHospitalRedwoodCity,0.5393881360646436,10.575,ROUTE_KaiserFoundationHospitalRedwoodCity,0.5393881360646436,10.575,ROUTE_KaiserFoundationHospitalRedwoodCity,0.5393881360646436,10.575
37.99194444441778,-121.89805555551045,69.45193388485472,NLVO,ROUTE_JohnMuirMedicalCenterWalnutCreekCampus,0.5650403455058491,22.2,ROUTE_SutterDeltaMedicalCenter,0.4622,13.79,ROUTE_JohnMuirMedicalCenterWalnutCreekCampus,0.5650403455058491,22.2,ROUTE_JohnMuirMedicalCenterConcordCampus,0.5680871872173598,16.265
38.006666666640015,-122.2611111110663,100.14749846355053,LVO,ROUTE_JohnMuirMedicalCenterWalnutCreekCampus,0.4192435597411027,27.16,ROUTE_ContraCostaRegionalMedicalCenter,0.24466880000000002,14.113333333333333,ROUTE_JohnMuirMedicalCenterWalnutCreekCampus,0.4192435597411027,27.16,ROUTE_KaiserFoundationHospitalRichmondCampus,0.28233110719486193,17.773333333333333
37.90361111108438,-122.05777777773281,124.66043509111995,HEMORRHAGIC,ROUTE_JohnMuirMedicalCenterWalnutCreekCampus,0.24,6.953333333333333,ROUTE_KaiserFoundationHospitalWalnutCreek,0.24,5.64,ROUTE_JohnMuirMedicalCenterWalnutCreekCampus,0.24,6.953333333333333,ROUTE_KaiserFoundationHospitalWalnutCreek,0.24,5.64
37.42083333330621,-122.1222222221773,32.125896407624516,LVO,ROUTE_StanfordHealthCare,0.4509073963418752,14.47,ROUTE_StanfordHealthCare,0.4509073963418752,14.47,ROUTE_StanfordHealthCare,0.4509073963418752,14.47,ROUTE_StanfordHealthCare,0.4509073963418752,14.47
37.78277777775095,-122.41333333328865,176.55104098372465,NLVO,ROUTE_CPMCDaviesCampusSutter,0.516835756259323,8.103333333333333,ROUTE_UCSFHealthHydeHospital,0.5196652772850645,2.69,ROUTE_CPMCDaviesCampusSutter,0.516835756259323,8.103333333333333,ROUTE_UCSFHealthHydeHospital,0.5196652772850645,2.69
37.66083333330641,-122.10305555551062,217.45246951601064,LVO,ROUTE_StRoseHospital,0.24466880000000002,7.748333333333333,ROUTE_StRoseHospital,0.24466880000000002,7.748333333333333,ROUTE_SutterEdenMedicalCenter,0.24466880000000002,12.975,ROUTE_KaiserFoundationHospitalSanLeandro,0.24466880000000002,11.281666666666666
37.92277777775106,-121.91416666662158,191.20824506898748,HEMORRHAGIC,ROUTE_JohnMuirMedicalCenterWalnutCreekCampus,0.24,18.884999999999998,ROUTE_JohnMuirMedicalCenterWalnutCreekCampus,0.24,18.884999999999998,ROUTE_JohnMuirMedicalCenterWalnutCreekCampus,0.24,18.884999999999998,ROUTE_JohnMuirMedicalCenterWalnutCreekCampus,0.24,18.884999999999998
37.776666666639834,-122.43944444439978,81.98940299927898,NLVO,ROUTE_CPMCDaviesCampusSutter,0.5681885327723961,3.5300000000000002,ROUTE_CPMCDaviesCampusSutter,0.5681885327723961,3.5300000000000002,ROUTE_CPMCDaviesCampusSutter,0.5681885327723961,3.5300000000000002,ROUTE_CPMCDaviesCampusSutter,0.5681885327723961,3.5300000000000002
37.341111111083926,-122.04083333328835,181.2809395467731,HEMORRHAGIC,ROUTE_KaiserFoundationHospitalSantaClara,0.24,11.023333333333333,ROUTE_KaiserFoundationHospitalSantaClara,0.24,11.023333333333333,ROUTE_KaiserFoundationHospitalSantaClara,0.24,11.023333333333333,ROUTE_KaiserFoundationHospitalSantaClara,0.24,11.023333333333333
37.724722222195346,-121.8608333332882,141.17672466408095,NLVO,ROUTE_SutterEdenMedicalCenter,0.5271435960149994,23.73,ROUTE_StanfordHealthCareTriValley,0.5334965716378879,11.521666666666667,ROUTE_SutterEdenMedicalCenter,0.5271435960149994,23.73,ROUTE_StanfordHealthCareTriValley,0.5334965716378879,11.521666666666667
37.78249999997317,-122.22666666662182,144.57701297168998,LVO,ROUTE_SutterEdenMedicalCenter,0.40491933419478554,20.508333333333333,ROUTE_HighlandHospitalWilmaChanCampus,0.27344943490343615,4.373333333333333,ROUTE_SutterEdenMedicalCenter,0.40491933419478554,20.508333333333333,ROUTE_HighlandHospitalWilmaChanCampus,0.27344943490343615,4.373333333333333
37.758055555528706,-122.23583333328851,183.0733363748371,LVO,ROUTE_SutterEdenMedicalCenter,0.25909171887849475,18.736666666666668,ROUTE_AlamedaHospital,0.2629952813111748,4.005,ROUTE_SutterEdenMedicalCenter,0.25909171887849475,18.736666666666668,ROUTE_AlamedaHospital,0.2629952813111748,4.005
37.783055555528726,-122.4127777777331,89.08865327272005,HEMORRHAGIC,ROUTE_CPMCDaviesCampusSutter,0.24,8.23,ROUTE_UCSFHealthHydeHospital,0.24,2.816666666666667,ROUTE_CPMCDaviesCampusSutter,0.24,8.23,ROUTE_UCSFHealthHydeHospital,0.24,2.816666666666667
38.15305555552902,-122.27333333328853,124.30276258248598,HEMORRHAGIC,ROUTE_JohnMuirMedicalCenterWalnutCreekCampus,0.24,36.91,ROUTE_KaiserFoundationHospitalVallejo,0.24,8.575,ROUTE_JohnMuirMedicalCenterWalnutCreekCampus,0.24,36.91,ROUTE_KaiserFoundationHospitalVallejo,0.24,8.575
38.10499999997343,-122.24805555551073,219.74398425375173,MIMIC,ROUTE_KaiserFoundationHospitalVallejo,0.9,5.583333333333333,ROUTE_KaiserFoundationHospitalVallejo,0.9,5.583333333333333,ROUTE_JohnMuirMedicalCenterWalnutCreekCampus,0.9,28.52,ROUTE_KaiserFoundationHospitalVallejo,0.9,5.583333333333333
37.432777777750665,-122.12027777773285,250.98719630795625,LVO,ROUTE_StanfordHealthCare,0.24466880000000002,15.191666666666666,ROUTE_StanfordHealthCare,0.24466880000000002,15.191666666666666,ROUTE_StanfordHealthCare,0.24466880000000002,15.191666666666666,ROUTE_StanfordHealthCare,0.24466880000000002,15.191666666666666
38.12944444441789,-122.23888888884406,184.17510930963553,LVO,ROUTE_SutterSolanoMedicalCenter,0.2634179602447665,1.325,ROUTE_SutterSolanoMedicalCenter,0.2634179602447665,1.325,ROUTE_JohnMuirMedicalCenterWalnutCreekCampus,0.25584823006923063,30.098333333333336,ROUTE_SutterSolanoMedicalCenter,0.2634179602447665,1.325
37.713888888862,-122.39972222217753,242.32109508998235,HEMORRHAGIC,ROUTE_ZuckerbergSanFranciscoGeneralHospital,0.24,9.785,ROUTE_ZuckerbergSanFranciscoGeneralHospital,0.24,9.785,ROUTE_CPMCDaviesCampusSutter,0.24,14.558333333333334,ROUTE_ZuckerbergSanFranciscoGeneralHospital,0.24,9.785
37.93972222219552,-122.01444444439944,165.7402463250523,LVO,ROUTE_JohnMuirMedicalCenterWalnutCreekCampus,0.40118742536890184,9.335,ROUTE_JohnMuirMedicalCenterWalnutCreekCampus,0.40118742536890184,9.335,ROUTE_JohnMuirMedicalCenterWalnutCreekCampus,0.40118742536890184,9.335,ROUTE_JohnMuirMedicalCenterWalnutCreekCampus,0.40118742536890184,9.335
37.91166666663994,-122.27972222217743,81.57829085843758,NLVO,ROUTE_JohnMuirMedicalCenterWalnutCreekCampus,0.5524859083601923,34.45666666666667,ROUTE_KaiserFoundationHospitalRichmondCampus,0.5624040864561917,15.203333333333335,ROUTE_JohnMuirMedicalCenterWalnutCreekCampus,0.5524859083601923,34.45666666666667,ROUTE_KaiserFoundationHospitalRichmondCampus,0.5624040864561917,15.203333333333335
37.772499999973164,-122.43194444439978,146.95121283287625,LVO,ROUTE_CPMCDaviesCampusSutter,0.4107258054722771,2.7150000000000003,ROUTE_CPMCDaviesCampusSutter,0.4107258054722771,2.7150000000000003,ROUTE_CPMCDaviesCampusSutter,0.4107258054722771,2.7150000000000003,ROUTE_CPMCDaviesCampusSutter,0.4107258054722771,2.7150000000000003
37.758055555528706,-122.15194444439955,212.5274433328973,HEMORRHAGIC,ROUTE_HighlandHospitalWilmaChanCampus,0.24,10.906666666666666,ROUTE_SanLeandroHospitalAlamedaHealthSystem,0.24,10.74,ROUTE_SutterEdenMedicalCenter,0.24,12.921666666666665,ROUTE_HighlandHospitalWilmaChanCampus,0.24,10.906666666666666
38.280555555529126,-122.02444444439945,49.76652837676716,LVO,ROUTE_JohnMuirMedicalCenterWalnutCreekCampus,0.4323879511961333,43.60166666666667,ROUTE_NorthBayMedicalCenter,0.3000711087551505,9.388333333333332,ROUTE_JohnMuirMedicalCenterWalnutCreekCampus,0.4323879511961333,43.60166666666667,ROUTE_NorthBayMedicalCenter,0.3000711087551505,9.388333333333332
37.67333333330642,-122.12166666662175,33.2369619219552,HEMORRHAGIC,ROUTE_SutterEdenMedicalCenter,0.24,11.801666666666668,ROUTE_StRoseHospital,0.24,10.0,ROUTE_SutterEdenMedicalCenter,0.24,11.801666666666668,ROUTE_KaiserFoundationHospitalSanLeandro,0.24,11.501666666666667
37.91888888886217,-122.3116666666219,205.857166886149,HEMORRHAGIC,ROUTE_KaiserFoundationHospitalRichmondCampus,0.24,12.254999999999999,ROUTE_KaiserFoundationHospitalRichmondCampus,0.24,12.254999999999999,ROUTE_CPMCDaviesCampusSutter,0.24,31.351666666666667,ROUTE_KaiserFoundationHospitalRichmondCampus,0.24,12.254999999999999
37.586944444417455,-122.01527777773278,78.17641276589808,LVO,ROUTE_SutterEdenMedicalCenter,0.4292298485312262,23.28666666666667,ROUTE_StRoseHospital,0.24466880000000002,14.125,ROUTE_SutterEdenMedicalCenter,0.4292298485312262,23.28666666666667,ROUTE_WashingtonHospitalHealthcareSystem,0.28962016264426005,15.113333333333333
37.670277777750854,-122.41888888884421,76.42057921434588,HEMORRHAGIC,ROUTE_MillsPeninsulaMedicalCenterSutter,0.24,14.118333333333334,ROUTE_KaiserFoundationHospitalSouthSanFrancisco,0.24,9.745000000000001,ROUTE_MillsPeninsulaMedicalCenterSutter,0.24,14.118333333333334,ROUTE_KaiserFoundationHospitalSouthSanFrancisco,0.24,9.745000000000001
37.403055555528425,-122.01222222217721,267.6372973005699,HEMORRHAGIC,ROUTE_KaiserFoundationHospitalSantaClara,0.24,14.241666666666667,ROUTE_KaiserFoundationHospitalSantaClara,0.24,14.241666666666667,ROUTE_KaiserFoundationHospitalSantaClara,0.24,14.241666666666667,ROUTE_KaiserFoundationHospitalSantaClara,0.24,14.241666666666667
37.778888888862056,-122.20472222217737,138.27897263115267,MIMIC,ROUTE_SutterEdenMedicalCenter,0.9,18.623333333333335,ROUTE_HighlandHospitalWilmaChanCampus,0.9,7.705,ROUTE_SutterEdenMedicalCenter,0.9,18.623333333333335,ROUTE_HighlandHospitalWilmaChanCampus,0.9,7.705
37.71861111108423,-122.44944444439979,123.0245117828657,LVO,ROUTE_CPMCDaviesCampusSutter,0.41599877297674354,12.764999999999999,ROUTE_CPMCMissionBernalCampusSutter,0.278971921945618,6.495,ROUTE_CPMCDaviesCampusSutter,0.41599877297674354,12.764999999999999,ROUTE_CPMCMissionBernalCampusSutter,0.278971921945618,6.495
37.97916666663999,-121.80388888884372,265.9725668345387,LVO,ROUTE_SutterDeltaMedicalCenter,0.24466880000000002,3.25,ROUTE_SutterDeltaMedicalCenter,0.24466880000000002,3.25,ROUTE_JohnMuirMedicalCenterWalnutCreekCampus,0.24466880000000002,33.445,ROUTE_KaiserFoundationHospitalAntioch,0.24466880000000002,7.826666666666667
37.456388888861795,-122.426666666622,56.55065839990406,LVO,ROUTE_MillsPeninsulaMedicalCenterSutter,0.43579038177228097,28.136666666666667,ROUTE_SanMateoMedicalCenter,0.24466880000000002,27.926666666666666,ROUTE_MillsPeninsulaMedicalCenterSutter,0.43579038177228097,28.136666666666667,ROUTE_MillsPeninsulaMedicalCenterSutter,0.43579038177228097,28.136666666666667
37.493333333306275,-122.24694444439963,187.6566464558657,HEMORRHAGIC,ROUTE_KaiserFoundationHospitalRedwoodCity,0.24,8.176666666666668,ROUTE_SequoiaHospital,0.24,6.651666666666667,ROUTE_KaiserFoundationHospitalRedwoodCity,0.24,8.176666666666668,ROUTE_SequoiaHospital,0.24,6.651666666666667
37.94027777775107,-122.34638888884415,48.65326664484133,LVO,ROUTE_CPMCDaviesCampusSutter,0.43672237912419487,33.663333333333334,ROUTE_KaiserFoundationHospitalRichmondCampus,0.3020767889445666,4.098333333333334,ROUTE_CPMCDaviesCampusSutter,0.43672237912419487,33.663333333333334,ROUTE_KaiserFoundationHospitalRichmondCampus,0.3020767889445666,4.098333333333334
37.80166666663985,-122.24527777773295,127.47390011811504,HEMORRHAGIC,ROUTE_SutterEdenMedicalCenter,0.24,19.115000000000002,ROUTE_HighlandHospitalWilmaChanCampus,0.24,3.433333333333333,ROUTE_SutterEdenMedicalCenter,0.24,19.115000000000002,ROUTE_HighlandHospitalWilmaChanCampus,0.24,3.433333333333333
37.94666666663997,-122.32444444439969,106.13544604763403,HEMORRHAGIC,ROUTE_CPMCDaviesCampusSutter,0.24,31.041666666666668,ROUTE_KaiserFoundationHospitalRichmondCampus,0.24,8.041666666666666,ROUTE_CPMCDaviesCampusSutter,0.24,31.041666666666668,ROUTE_KaiserFoundationHospitalRichmondCampus,0.24,8.041666666666666
37.96611111108443,-121.71222222217698,42.83999349324822,HEMORRHAGIC,ROUTE_JohnMuirMedicalCenterWalnutCreekCampus,0.24,38.14666666666667,ROUTE_KaiserFoundationHospitalAntioch,0.24,14.01,ROUTE_JohnMuirMedicalCenterWalnutCreekCampus,0.24,38.14666666666667,ROUTE_KaiserFoundationHospitalAntioch,0.24,14.01
38.27722222219579,-121.96111111106606,177.73432650137124,HEMORRHAGIC,ROUTE_NorthBayMedicalCenter,0.24,17.13,ROUTE_NorthBayMedicalCenter,0.24,17.13,ROUTE_JohnMuirMedicalCenterWalnutCreekCampus,0.24,51.388333333333335,ROUTE_NorthBayMedicalCenter,0.24,17.13
37.96999999997332,-122.03972222217723,74.0363255261328,HEMORRHAGIC,ROUTE_JohnMuirMedicalCenterWalnutCreekCampus,0.24,13.633333333333333,ROUTE_JohnMuirMedicalCenterConcordCampus,0.24,5.326666666666667,ROUTE_JohnMuirMedicalCenterWalnutCreekCampus,0.24,13.633333333333333,ROUTE_JohnMuirMedicalCenterConcordCampus,0.24,5.326666666666667
37.785833333306506,-122.41361111106643,229.08084124661448,LVO,ROUTE_UCSFHealthHydeHospital,0.24466880000000002,2.978333333333333,ROUTE_UCSFHealthHydeHospital,0.24466880000000002,2.978333333333333,ROUTE_CPMCDaviesCampusSutter,0.24466880000000002,9.165,ROUTE_UCSFHealthHydeHospital,0.24466880000000002,2.978333333333333
37.419722222195105,-122.1222222221773,121.47268080706402,LVO,ROUTE_StanfordHealthCare,0.4161374926067264,13.953333333333335,ROUTE_StanfordHealthCare,0.4161374926067264,13.953333333333335,ROUTE_StanfordHealthCare,0.4161374926067264,13.953333333333335,ROUTE_StanfordHealthCare,0.4161374926067264,13.953333333333335
37.853888888862116,-122.28305555551077,228.77805111286136,NLVO,ROUTE_AltaBatesSummitMedicalCenterAltaBatesCampus,0.4622,5.7283333333333335,ROUTE_AltaBatesSummitMedicalCenterAltaBatesCampus,0.4622,5.7283333333333335,ROUTE_JohnMuirMedicalCenterWalnutCreekCampus,0.4622,27.42,ROUTE_KaiserFoundationHospitalOaklandRichmond,0.4622,10.445
38.2897222221958,-122.47055555551091,255.5907336931438,LVO,ROUTE_SonomaValleyHospital,0.24466880000000002,1.8616666666666668,ROUTE_SonomaValleyHospital,0.24466880000000002,1.8616666666666668,ROUTE_JohnMuirMedicalCenterWalnutCreekCampus,0.24466880000000002,65.76833333333333,ROUTE_SonomaValleyHospital,0.24466880000000002,1.8616666666666668
37.89305555552881,-122.08277777773283,243.18926828149026,LVO,ROUTE_KaiserFoundationHospitalWalnutCreek,0.24466880000000002,8.153333333333332,ROUTE_KaiserFoundationHospitalWalnutCreek,0.24466880000000002,8.153333333333332,ROUTE_JohnMuirMedicalCenterWalnutCreekCampus,0.24466880000000002,10.946666666666665,ROUTE_KaiserFoundationHospitalWalnutCreek,0.24466880000000002,8.153333333333332
38.10749999997343,-122.58833333328879,125.02511724705653,NLVO,ROUTE_UCSFMedicalCenter,0.5202725749541377,53.05333333333333,ROUTE_NovatoCommunityHospitalSutter,0.5418441024382192,11.588333333333333,ROUTE_UCSFMedicalCenter,0.5202725749541377,53.05333333333333,ROUTE_NovatoCommunityHospitalSutter,0.5418441024382192,11.588333333333333
38.089999999973415,-122.20444444439958,31.8077128606191,LVO,ROUTE_JohnMuirMedicalCenterWalnutCreekCampus,0.44621357521900534,26.535,ROUTE_SutterSolanoMedicalCenter,0.3052198087104273,11.0,ROUTE_JohnMuirMedicalCenterWalnutCreekCampus,0.44621357521900534,26.535,ROUTE_SutterSolanoMedicalCenter,0.3052198087104273,11.0
37.6344444444175,-122.06638888884393,215.4050911110275,HEMORRHAGIC,ROUTE_StRoseHospital,0.24,6.265,ROUTE_StRoseHospital,0.24,6.265,ROUTE_SutterEdenMedicalCenter,0.24,17.013333333333332,ROUTE_KaiserFoundationHospitalSanLeandro,0.24,15.32
37.8919444444177,-122.28277777773299,152.39297082657666,HEMORRHAGIC,ROUTE_CPMCDaviesCampusSutter,0.24,33.163333333333334,ROUTE_AltaBatesSummitMedicalCenterAltaBatesCampus,0.24,14.285,ROUTE_CPMCDaviesCampusSutter,0.24,33.163333333333334,ROUTE_KaiserFoundationHospitalRichmondCampus,0.24,15.93
37.709999999973114,-122.43749999995534,256.50971539487466,HEMORRHAGIC,ROUTE_CPMCMissionBernalCampusSutter,0.24,11.371666666666666,ROUTE_CPMCMissionBernalCampusSutter,0.24,11.371666666666666,ROUTE_CPMCDaviesCampusSutter,0.24,17.64333333333333,ROUTE_CPMCMissionBernalCampusSutter,0.24,11.371666666666666
37.530833333306305,-122.32638888884414,137.104305461044,HEMORRHAGIC,ROUTE_MillsPeninsulaMedicalCenterSutter,0.24,15.736666666666668,ROUTE_SanMateoMedicalCenter,0.24,5.678333333333333,ROUTE_MillsPeninsulaMedicalCenterSutter,0.24,15.736666666666668,ROUTE_MillsPeninsulaMedicalCenterSutter,0.24,15.736666666666668
37.709166666639774,-122.44583333328868,215.6051937588747,HEMORRHAGIC,ROUTE_CPMCMissionBernalCampusSutter,0.24,9.486666666666668,ROUTE_CPMCMissionBernalCampusSutter,0.24,9.486666666666668,ROUTE_CPMCDaviesCampusSutter,0.24,15.758333333333333,ROUTE_CPMCMissionBernalCampusSutter,0.24,9.486666666666668
37.57555555552856,-121.98611111106608,135.2192064260109,HEMORRHAGIC,ROUTE_SutterEdenMedicalCenter,0.24,29.259999999999998,ROUTE_WashingtonHospitalHealthcareSystem,0.24,10.815,ROUTE_SutterEdenMedicalCenter,0.24,29.259999999999998,ROUTE_WashingtonHospitalHealthcareSystem,0.24,10.815
37.77722222219539,-122.4177777777331,54.40128458798095,HEMORRHAGIC,ROUTE_CPMCDaviesCampusSutter,0.24,8.07,ROUTE_CPMCVanNessCampusSutter,0.24,5.026666666666667,ROUTE_CPMCDaviesCampusSutter,0.24,8.07,ROUTE_CPMCVanNessCampusSutter,0.24,5.026666666666667
37.68027777775087,-122.05111111106613,180.82161932001816,HEMORRHAGIC,ROUTE_SutterEdenMedicalCenter,0.24,12.316666666666666,ROUTE_SutterEdenMedicalCenter,0.24,12.316666666666666,ROUTE_SutterEdenMedicalCenter,0.24,12.316666666666666,ROUTE_SutterEdenMedicalCenter,0.24,12.316666666666666
37.565555555528555,-122.34805555551081,221.60724897630072,HEMORRHAGIC,ROUTE_MillsPeninsulaMedicalCenterSutter,0.24,10.876666666666667,ROUTE_MillsPeninsulaMedicalCenterSutter,0.24,10.876666666666667,ROUTE_MillsPeninsulaMedicalCenterSutter,0.24,10.876666666666667,ROUTE_MillsPeninsulaMedicalCenterSutter,0.24,10.876666666666667
37.44861111108401,-122.13833333328843,67.82514563905374,HEMORRHAGIC,ROUTE_StanfordHealthCare,0.24,11.176666666666668,ROUTE_StanfordHealthCare,0.24,11.176666666666668,ROUTE_StanfordHealthCare,0.24,11.176666666666668,ROUTE_StanfordHealthCare,0.24,11.176666666666668
37.76722222219538,-122.21083333328849,240.98590644254483,HEMORRHAGIC,ROUTE_HighlandHospitalWilmaChanCampus,0.24,8.761666666666667,ROUTE_HighlandHospitalWilmaChanCampus,0.24,8.761666666666667,ROUTE_SutterEdenMedicalCenter,0.24,17.763333333333332,ROUTE_HighlandHospitalWilmaChanCampus,0.24,8.761666666666667
37.734999999973134,-122.47999999995537,176.42417428572787,HEMORRHAGIC,ROUTE_UCSFMedicalCenter,0.24,9.945,ROUTE_UCSFMedicalCenter,0.24,9.945,ROUTE_UCSFMedicalCenter,0.24,9.945,ROUTE_UCSFMedicalCenter,0.24,9.945
37.75749999997315,-122.40166666662198,48.33099342533945,NLVO,ROUTE_CPMCDaviesCampusSutter,0.5812048499866207,11.754999999999999,ROUTE_ZuckerbergSanFranciscoGeneralHospital,0.5850597381417636,4.198333333333333,ROUTE_CPMCDaviesCampusSutter,0.5812048499866207,11.754999999999999,ROUTE_ZuckerbergSanFranciscoGeneralHospital,0.5850597381417636,4.198333333333333
37.56388888886188,-122.04305555551058,115.88664533290574,HEMORRHAGIC,ROUTE_SutterEdenMedicalCenter,0.24,23.601666666666667,ROUTE_StRoseHospital,0.24,14.44,ROUTE_SutterEdenMedicalCenter,0.24,23.601666666666667,ROUTE_WashingtonHospitalHealthcareSystem,0.24,18.834999999999997
37.56305555552855,-122.28972222217743,114.31414752335817,HEMORRHAGIC,ROUTE_MillsPeninsulaMedicalCenterSutter,0.24,13.818333333333333,ROUTE_SanMateoMedicalCenter,0.24,11.331666666666667,ROUTE_MillsPeninsulaMedicalCenterSutter,0.24,13.818333333333333,ROUTE_MillsPeninsulaMedicalCenterSutter,0.24,13.818333333333333
37.57777777775078,-121.98499999995497,233.816454303037,NLVO,ROUTE_WashingtonHospitalHealthcareSystem,0.4622,9.183333333333334,ROUTE_WashingtonHospitalHealthcareSystem,0.4622,9.183333333333334,ROUTE_SutterEdenMedicalCenter,0.4622,27.756666666666668,ROUTE_WashingtonHospitalHealthcareSystem,0.4622,9.183333333333334
37.400277777750645,-121.92611111106604,213.35565525482392,MIMIC,ROUTE_OConnorHospital,0.9,14.81,ROUTE_OConnorHospital,0.9,14.81,ROUTE_RegionalMedicalCenterOfSanJose,0.9,17.261666666666667,ROUTE_OConnorHospital,0.9,14.81
37.535555555528525,-122.27055555551075,170.2411714590052,LVO,ROUTE_MillsPeninsulaMedicalCenterSutter,0.2623120878247815,19.395,ROUTE_SanMateoMedicalCenter,0.24466880000000002,14.43,ROUTE_MillsPeninsulaMedicalCenterSutter,0.2623120878247815,19.395,ROUTE_MillsPeninsulaMedicalCenterSutter,0.2623120878247815,19.395
37.95777777775109,-122.04333333328834,213.45239140884928,LVO,ROUTE_JohnMuirMedicalCenterConcordCampus,0.2539351263403127,8.271666666666667,ROUTE_JohnMuirMedicalCenterConcordCampus,0.2539351263403127,8.271666666666667,ROUTE_JohnMuirMedicalCenterWalnutCreekCampus,0.253396428589395,10.383333333333333,ROUTE_JohnMuirMedicalCenterConcordCampus,0.2539351263403127,8.271666666666667
37.96444444441776,-122.35388888884415,244.37113305032923,LVO,ROUTE_KaiserFoundationHospitalRichmondCampus,0.24466880000000002,8.8,ROUTE_KaiserFoundationHospitalRichmondCampus,0.24466880000000002,8.8,ROUTE_JohnMuirMedicalCenterWalnutCreekCampus,0.24466880000000002,37.593333333333334,ROUTE_KaiserFoundationHospitalRichmondCampus,0.24466880000000002,8.8
37.93472222219551,-122.31111111106634,197.28420210259944,HEMORRHAGIC,ROUTE_KaiserFoundationHospitalRichmondCampus,0.24,11.354999999999999,ROUTE_KaiserFoundationHospitalRichmondCampus,0.24,11.354999999999999,ROUTE_CPMCDaviesCampusSutter,0.24,33.505,ROUTE_KaiserFoundationHospitalRichmondCampus,0.24,11.354999999999999
37.57833333330634,-122.35138888884416,118.60370282176663,LVO,ROUTE_MillsPeninsulaMedicalCenterSutter,0.41994914126988026,6.864999999999999,ROUTE_MillsPeninsulaMedicalCenterSutter,0.41994914126988026,6.864999999999999,ROUTE_MillsPeninsulaMedicalCenterSutter,0.41994914126988026,6.864999999999999,ROUTE_MillsPeninsulaMedicalCenterSutter,0.41994914126988026,6.864999999999999
37.66916666663975,-122.08499999995504,53.67628896553697,LVO,ROUTE_SutterEdenMedicalCenter,0.44372030948004787,10.935,ROUTE_StRoseHospital,0.24466880000000002,9.325,ROUTE_SutterEdenMedicalCenter,0.44372030948004787,10.935,ROUTE_SutterEdenMedicalCenter,0.44372030948004787,10.935
37.555833333306325,-122.03611111106612,205.92692378215133,HEMORRHAGIC,ROUTE_WashingtonHospitalHealthcareSystem,0.24,15.761666666666667,ROUTE_StRoseHospital,0.24,15.17,ROUTE_SutterEdenMedicalCenter,0.24,24.333333333333332,ROUTE_WashingtonHospitalHealthcareSystem,0.24,15.761666666666667
38.290277777751356,-122.2888888888441,116.59314359742,NLVO,ROUTE_JohnMuirMedicalCenterWalnutCreekCampus,0.5262822172020079,49.96666666666667,ROUTE_ProvidenceQueenOfTheValleyMedicalCenter,0.5475698712204603,8.958333333333334,ROUTE_JohnMuirMedicalCenterWalnutCreekCampus,0.5262822172020079,49.96666666666667,ROUTE_ProvidenceQueenOfTheValleyMedicalCenter,0.5475698712204603,8.958333333333334
37.79166666663984,-122.42416666662199,232.54496048925438,LVO,ROUTE_UCSFHealthHydeHospital,0.24466880000000002,1.7616666666666667,ROUTE_UCSFHealthHydeHospital,0.24466880000000002,1.7616666666666667,ROUTE_CPMCDaviesCampusSutter,0.24466880000000002,8.461666666666666,ROUTE_UCSFHealthHydeHospital,0.24466880000000002,1.7616666666666667
37.775277777750944,-121.95499999995495,140.85210585800922,HEMORRHAGIC,ROUTE_JohnMuirMedicalCenterWalnutCreekCampus,0.24,22.381666666666668,ROUTE_SanRamonRegionalMedicalCenter,0.24,1.85,ROUTE_JohnMuirMedicalCenterWalnutCreekCampus,0.24,22.381666666666668,ROUTE_SanRamonRegionalMedicalCenter,0.24,1.85
37.692499999973094,-122.1449999999551,89.89282229274559,MIMIC,ROUTE_SutterEdenMedicalCenter,0.9,9.110000000000001,ROUTE_KaiserFoundationHospitalSanLeandro,0.9,6.986666666666666,ROUTE_SutterEdenMedicalCenter,0.9,9.110000000000001,ROUTE_KaiserFoundationHospitalSanLeandro,0.9,6.986666666666666
38.16694444441792,-122.24833333328851,92.67028162305313,LVO,ROUTE_JohnMuirMedicalCenterWalnutCreekCampus,0.4185499850935429,36.44666666666667,ROUTE_KaiserFoundationHospitalVallejo,0.2873801371774898,8.113333333333333,ROUTE_JohnMuirMedicalCenterWalnutCreekCampus,0.4185499850935429,36.44666666666667,ROUTE_KaiserFoundationHospitalVallejo,0.2873801371774898,8.113333333333333
38.26416666664022,-122.6449999999555,53.29206285914748,HEMORRHAGIC,ROUTE_UCSFMedicalCenter,0.24,64.86,ROUTE_PetalumaValleyHospitalProvidence,0.24,5.105,ROUTE_UCSFMedicalCenter,0.24,64.86,ROUTE_PetalumaValleyHospitalProvidence,0.24,5.105
37.382777777750626,-122.05361111106613,110.11548390764447,HEMORRHAGIC,ROUTE_ElCaminoHealthMountainView,0.24,10.068333333333333,ROUTE_ElCaminoHealthMountainView,0.24,10.068333333333333,ROUTE_ElCaminoHealthMountainView,0.24,10.068333333333333,ROUTE_ElCaminoHealthMountainView,0.24,10.068333333333333
37.57222222219522,-122.08166666662171,40.03855793952839,LVO,ROUTE_SutterEdenMedicalCenter,0.4433726928482271,25.448333333333334,ROUTE_StRoseHospital,0.24466880000000002,14.948333333333332,ROUTE_SutterEdenMedicalCenter,0.4433726928482271,25.448333333333334,ROUTE_WashingtonHospitalHealthcareSystem,0.29910667652732303,22.211666666666666
37.677222222195304,-122.13916666662176,180.44494006781937,NLVO,ROUTE_SutterEdenMedicalCenter,0.5127716185689999,11.975,ROUTE_StRoseHospital,0.4622,9.943333333333333,ROUTE_SutterEdenMedicalCenter,0.5127716185689999,11.975,ROUTE_KaiserFoundationHospitalSanLeandro,0.513392182620648,10.79
37.753888888862036,-122.43583333328867,130.4139929943882,HEMORRHAGIC,ROUTE_CPMCDaviesCampusSutter,0.24,4.616666666666666,ROUTE_CPMCMissionBernalCampusSutter,0.24,4.178333333333333,ROUTE_CPMCDaviesCampusSutter,0.24,4.616666666666666,ROUTE_CPMCMissionBernalCampusSutter,0.24,4.178333333333333
37.47222222219514,-122.22583333328849,56.71502864317094,NLVO,ROUTE_KaiserFoundationHospitalRedwoodCity,0.5789130029290062,7.858333333333333,ROUTE_KaiserFoundationHospitalRedwoodCity,0.5789130029290062,7.858333333333333,ROUTE_KaiserFoundationHospitalRedwoodCity,0.5789130029290062,7.858333333333333,ROUTE_KaiserFoundationHospitalRedwoodCity,0.5789130029290062,7.858333333333333
38.294444444418026,-122.27555555551076,158.17081365314914,LVO,ROUTE_JohnMuirMedicalCenterWalnutCreekCampus,0.2570635216203091,51.40833333333333,ROUTE_ProvidenceQueenOfTheValleyMedicalCenter,0.26833373647698244,9.206666666666667,ROUTE_JohnMuirMedicalCenterWalnutCreekCampus,0.2570635216203091,51.40833333333333,ROUTE_ProvidenceQueenOfTheValleyMedicalCenter,0.26833373647698244,9.206666666666667
37.99222222219556,-122.34416666662193,80.08359936493815,LVO,ROUTE_JohnMuirMedicalCenterWalnutCreekCampus,0.4237919557248552,35.405,ROUTE_KaiserFoundationHospitalRichmondCampus,0.2900090831623941,11.911666666666667,ROUTE_JohnMuirMedicalCenterWalnutCreekCampus,0.4237919557248552,35.405,ROUTE_KaiserFoundationHospitalRichmondCampus,0.2900090831623941,11.911666666666667
37.87138888886213,-122.0211111110661,157.41957738057513,MIMIC,ROUTE_JohnMuirMedicalCenterWalnutCreekCampus,0.9,13.123333333333333,ROUTE_KaiserFoundationHospitalWalnutCreek,0.9,7.511666666666667,ROUTE_JohnMuirMedicalCenterWalnutCreekCampus,0.9,13.123333333333333,ROUTE_KaiserFoundationHospitalWalnutCreek,0.9,7.511666666666667
38.28805555552913,-122.31138888884412,168.01239079084317,NLVO,ROUTE_ProvidenceQueenOfTheValleyMedicalCenter,0.520678757340605,9.288333333333332,ROUTE_ProvidenceQueenOfTheValleyMedicalCenter,0.520678757340605,9.288333333333332,ROUTE_JohnMuirMedicalCenterWalnutCreekCampus,0.5000813987263908,48.58166666666667,ROUTE_ProvidenceQueenOfTheValleyMedicalCenter,0.520678757340605,9.288333333333332
37.96305555552887,-122.51888888884429,89.2009867741472,LVO,ROUTE_UCSFMedicalCenter,0.42033614508506195,35.26,ROUTE_MarinHealthMedicalCenter,0.2884082528793021,8.135,ROUTE_UCSFMedicalCenter,0.42033614508506195,35.26,ROUTE_MarinHealthMedicalCenter,0.2884082528793021,8.135
37.842777777750996,-122.2838888888441,230.1291126037497,LVO,ROUTE_AltaBatesSummitMedicalCenterAltaBatesCampus,0.24466880000000002,8.31,ROUTE_AltaBatesSummitMedicalCenterAltaBatesCampus,0.24466880000000002,8.31,ROUTE_CPMCDaviesCampusSutter,0.24466880000000002,25.438333333333333,ROUTE_KaiserFoundationHospitalOaklandRichmond,0.24466880000000002,8.788333333333332
37.76166666663982,-122.41916666662199,50.00047835928153,MIMIC,ROUTE_CPMCDaviesCampusSutter,0.9,5.053333333333333,ROUTE_CPMCMissionBernalCampusSutter,0.9,4.155,ROUTE_CPMCDaviesCampusSutter,0.9,5.053333333333333,ROUTE_CPMCMissionBernalCampusSutter,0.9,4.155
37.432777777750665,-122.18749999995514,94.23571267277723,LVO,ROUTE_StanfordHealthCare,0.4294046591485124,6.778333333333333,ROUTE_StanfordHealthCare,0.4294046591485124,6.778333333333333,ROUTE_StanfordHealthCare,0.4294046591485124,6.778333333333333,ROUTE_StanfordHealthCare,0.4294046591485124,6.778333333333333
37.44888888886179,-122.2233333332885,95.18770913424387,HEMORRHAGIC,ROUTE_KaiserFoundationHospitalRedwoodCity,0.24,13.46,ROUTE_SequoiaHospital,0.24,11.961666666666668,ROUTE_KaiserFoundationHospitalRedwoodCity,0.24,13.46,ROUTE_SequoiaHospital,0.24,11.961666666666668
37.730277777750906,-122.42722222217755,152.66109752086174,LVO,ROUTE_CPMCDaviesCampusSutter,0.40517706724785496,11.736666666666668,ROUTE_CPMCMissionBernalCampusSutter,0.2708872964659961,5.465,ROUTE_CPMCDaviesCampusSutter,0.40517706724785496,11.736666666666668,ROUTE_CPMCMissionBernalCampusSutter,0.2708872964659961,5.465
37.35111111108394,-122.08361111106616,138.93780564878818,NLVO,ROUTE_ElCaminoHealthMountainView,0.536209577305066,8.538333333333332,ROUTE_ElCaminoHealthMountainView,0.536209577305066,8.538333333333332,ROUTE_ElCaminoHealthMountainView,0.536209577305066,8.538333333333332,ROUTE_ElCaminoHealthMountainView,0.536209577305066,8.538333333333332
37.688333333306424,-121.79416666662148,124.48599459654443,MIMIC,ROUTE_SutterEdenMedicalCenter,0.9,25.565,ROUTE_StanfordHealthCareTriValley,0.9,14.168333333333333,ROUTE_SutterEdenMedicalCenter,0.9,25.565,ROUTE_StanfordHealthCareTriValley,0.9,14.168333333333333
37.476666666639595,-122.24944444439963,70.77189654995684,HEMORRHAGIC,ROUTE_KaiserFoundationHospitalRedwoodCity,0.24,7.368333333333334,ROUTE_SequoiaHospital,0.24,2.6483333333333334,ROUTE_KaiserFoundationHospitalRedwoodCity,0.24,7.368333333333334,ROUTE_SequoiaHospital,0.24,2.6483333333333334
38.02138888886225,-122.26555555551076,227.07623530488496,LVO,ROUTE_ContraCostaRegionalMedicalCenter,0.24466880000000002,15.925,ROUTE_ContraCostaRegionalMedicalCenter,0.24466880000000002,15.925,ROUTE_JohnMuirMedicalCenterWalnutCreekCampus,0.24466880000000002,28.971666666666668,ROUTE_KaiserFoundationHospitalRichmondCampus,0.24466880000000002,17.648333333333333
37.67416666663975,-122.08861111106617,255.65426417874434,MIMIC,ROUTE_SutterEdenMedicalCenter,0.9,8.728333333333333,ROUTE_SutterEdenMedicalCenter,0.9,8.728333333333333,ROUTE_SutterEdenMedicalCenter,0.9,8.728333333333333,ROUTE_SutterEdenMedicalCenter,0.9,8.728333333333333
37.71861111108423,-122.40694444439976,190.65736914306478,HEMORRHAGIC,ROUTE_CPMCDaviesCampusSutter,0.24,16.41,ROUTE_ZuckerbergSanFranciscoGeneralHospital,0.24,11.636666666666667,ROUTE_CPMCDaviesCampusSutter,0.24,16.41,ROUTE_ZuckerbergSanFranciscoGeneralHospital,0.24,11.636666666666667
37.42083333330621,-121.90694444439936,199.36199036806556,LVO,ROUTE_OConnorHospital,0.2563141257760711,13.108333333333333,ROUTE_OConnorHospital,0.2563141257760711,13.108333333333333,ROUTE_RegionalMedicalCenterOfSanJose,0.2560030788880757,14.311666666666667,ROUTE_OConnorHospital,0.2563141257760711,13.108333333333333
37.53888888886186,-122.26277777773296,200.7483110813216,HEMORRHAGIC,ROUTE_MillsPeninsulaMedicalCenterSutter,0.24,19.136666666666667,ROUTE_SanMateoMedicalCenter,0.24,14.171666666666665,ROUTE_MillsPeninsulaMedicalCenterSutter,0.24,19.136666666666667,ROUTE_MillsPeninsulaMedicalCenterSutter,0.24,19.136666666666667
37.991388888862225,-122.02722222217723,141.8424209590762,MIMIC,ROUTE_JohnMuirMedicalCenterWalnutCreekCampus,0.9,18.17,ROUTE_JohnMuirMedicalCenterConcordCampus,0.9,5.161666666666666,ROUTE_JohnMuirMedicalCenterWalnutCreekCampus,0.9,18.17,ROUTE_JohnMuirMedicalCenterConcordCampus,0.9,5.161666666666666
37.97694444441777,-121.7636111110659,141.0011874883412,HEMORRHAGIC,ROUTE_JohnMuirMedicalCenterWalnutCreekCampus,0.24,33.975,ROUTE_SutterDeltaMedicalCenter,0.24,7.305000000000001,ROUTE_JohnMuirMedicalCenterWalnutCreekCampus,0.24,33.975,ROUTE_KaiserFoundationHospitalAntioch,0.24,7.430000000000001
37.95361111108442,-121.97194444439941,47.93132859254138,LVO,ROUTE_JohnMuirMedicalCenterWalnutCreekCampus,0.44594128080146245,11.095,ROUTE_JohnMuirMedicalCenterWalnutCreekCampus,0.44594128080146245,11.095,ROUTE_JohnMuirMedicalCenterWalnutCreekCampus,0.44594128080146245,11.095,ROUTE_JohnMuirMedicalCenterWalnutCreekCampus,0.44594128080146245,11.095
37.7783333333065,-122.43472222217756,156.17018908030477,HEMORRHAGIC,ROUTE_CPMCDaviesCampusSutter,0.24,4.416666666666667,ROUTE_CPMCDaviesCampusSutter,0.24,4.416666666666667,ROUTE_CPMCDaviesCampusSutter,0.24,4.416666666666667,ROUTE_CPMCDaviesCampusSutter,0.24,4.416666666666667
37.766944444417604,-122.42194444439977,56.01118547708154,LVO,ROUTE_CPMCDaviesCampusSutter,0.44509486832667844,5.141666666666667,ROUTE_CPMCDaviesCampusSutter,0.44509486832667844,5.141666666666667,ROUTE_CPMCDaviesCampusSutter,0.44509486832667844,5.141666666666667,ROUTE_CPMCDaviesCampusSutter,0.44509486832667844,5.141666666666667
37.39027777775063,-121.98861111106609,256.86219177306566,HEMORRHAGIC,ROUTE_KaiserFoundationHospitalSantaClara,0.24,13.573333333333332,ROUTE_KaiserFoundationHospitalSantaClara,0.24,13.573333333333332,ROUTE_KaiserFoundationHospitalSantaClara,0.24,13.573333333333332,ROUTE_KaiserFoundationHospitalSantaClara,0.24,13.573333333333332
37.87638888886213,-122.26527777773298,227.31902422663,LVO,ROUTE_AltaBatesSummitMedicalCenterAltaBatesCampus,0.24466880000000002,8.348333333333333,ROUTE_AltaBatesSummitMedicalCenterAltaBatesCampus,0.24466880000000002,8.348333333333333,ROUTE_SutterEdenMedicalCenter,0.24466880000000002,31.245,ROUTE_KaiserFoundationHospitalOaklandRichmond,0.24466880000000002,16.201666666666668
37.71805555552867,-121.91722222217714,35.76121457233271,HEMORRHAGIC,ROUTE_SutterEdenMedicalCenter,0.24,18.421666666666667,ROUTE_StanfordHealthCareTriValley,0.24,10.475,ROUTE_SutterEdenMedicalCenter,0.24,18.421666666666667,ROUTE_StanfordHealthCareTriValley,0.24,10.475
37.86694444441768,-122.50416666662206,189.62963954027325,LVO,ROUTE_MarinHealthMedicalCenter,0.258044085321243,16.183333333333334,ROUTE_MarinHealthMedicalCenter,0.258044085321243,16.183333333333334,ROUTE_UCSFMedicalCenter,0.25581265504977013,24.78166666666667,ROUTE_MarinHealthMedicalCenter,0.258044085321243,16.183333333333334
37.944166666639966,-122.32972222217747,210.68799073646156,LVO,ROUTE_KaiserFoundationHospitalRichmondCampus,0.2551412590926163,6.33,ROUTE_KaiserFoundationHospitalRichmondCampus,0.2551412590926163,6.33,ROUTE_CPMCDaviesCampusSutter,0.24466880000000002,31.923333333333336,ROUTE_KaiserFoundationHospitalRichmondCampus,0.2551412590926163,6.33
37.759444444417596,-122.429166666622,108.82744078784654,HEMORRHAGIC,ROUTE_CPMCDaviesCampusSutter,0.24,4.655,ROUTE_CPMCDaviesCampusSutter,0.24,4.655,ROUTE_CPMCDaviesCampusSutter,0.24,4.655,ROUTE_CPMCDaviesCampusSutter,0.24,4.655
37.594722222195244,-122.00888888884388,187.84926943984098,HEMORRHAGIC,ROUTE_WashingtonHospitalHealthcareSystem,0.24,13.908333333333333,ROUTE_WashingtonHospitalHealthcareSystem,0.24,13.908333333333333,ROUTE_SutterEdenMedicalCenter,0.24,27.205,ROUTE_WashingtonHospitalHealthcareSystem,0.24,13.908333333333333
37.87416666663991,-122.46166666662202,249.8264762254112,LVO,ROUTE_MarinHealthMedicalCenter,0.24466880000000002,21.153333333333332,ROUTE_MarinHealthMedicalCenter,0.24466880000000002,21.153333333333332,ROUTE_UCSFMedicalCenter,0.24466880000000002,37.836666666666666,ROUTE_MarinHealthMedicalCenter,0.24466880000000002,21.153333333333332
37.91944444441772,-122.02694444439945,92.33019358308236,NLVO,ROUTE_JohnMuirMedicalCenterWalnutCreekCampus,0.5620071611399766,5.223333333333333,ROUTE_JohnMuirMedicalCenterWalnutCreekCampus,0.5620071611399766,5.223333333333333,ROUTE_JohnMuirMedicalCenterWalnutCreekCampus,0.5620071611399766,5.223333333333333,ROUTE_JohnMuirMedicalCenterWalnutCreekCampus,0.5620071611399766,5.223333333333333
37.680833333306424,-121.72694444439921,33.828039652086815,LVO,ROUTE_SutterEdenMedicalCenter,0.4436686557070355,30.913333333333334,ROUTE_StanfordHealthCareTriValley,0.30189093475585665,19.515,ROUTE_SutterEdenMedicalCenter,0.4436686557070355,30.913333333333334,ROUTE_StanfordHealthCareTriValley,0.30189093475585665,19.515
37.67638888886197,-122.07027777773281,164.09840002815307,HEMORRHAGIC,ROUTE_SutterEdenMedicalCenter,0.24,10.72,ROUTE_SutterEdenMedicalCenter,0.24,10.72,ROUTE_SutterEdenMedicalCenter,0.24,10.72,ROUTE_SutterEdenMedicalCenter,0.24,10.72
38.33083333330694,-122.31222222217745,207.1208435303445,HEMORRHAGIC,ROUTE_ProvidenceQueenOfTheValleyMedicalCenter,0.24,4.995,ROUTE_ProvidenceQueenOfTheValleyMedicalCenter,0.24,4.995,ROUTE_JohnMuirMedicalCenterWalnutCreekCampus,0.24,50.57666666666667,ROUTE_ProvidenceQueenOfTheValleyMedicalCenter,0.24,4.995
37.774722222195386,-122.22111111106626,253.04148516468666,LVO,ROUTE_HighlandHospitalWilmaChanCampus,0.24466880000000002,6.41,ROUTE_HighlandHospitalWilmaChanCampus,0.24466880000000002,6.41,ROUTE_SutterEdenMedicalCenter,0.24466880000000002,17.16,ROUTE_HighlandHospitalWilmaChanCampus,0.24466880000000002,6.41
37.52055555552852,-122.27333333328853,92.9412675768692,HEMORRHAGIC,ROUTE_KaiserFoundationHospitalRedwoodCity,0.24,10.573333333333332,ROUTE_SanMateoMedicalCenter,0.24,7.995,ROUTE_KaiserFoundationHospitalRedwoodCity,0.24,10.573333333333332,ROUTE_KaiserFoundationHospitalRedwoodCity,0.24,10.573333333333332
37.778888888862056,-122.48722222217759,155.32403662922775,LVO,ROUTE_UCSFMedicalCenter,0.4050928637634029,9.298333333333334,ROUTE_UCSFHealthStanyanHospital,0.26938638452794633,8.226666666666667,ROUTE_UCSFMedicalCenter,0.4050928637634029,9.298333333333334,ROUTE_UCSFHealthStanyanHospital,0.26938638452794633,8.226666666666667
37.78527777775095,-122.39055555551086,212.54861750745442,LVO,ROUTE_ChineseHospital,0.2546502207460535,6.381666666666666,ROUTE_ChineseHospital,0.2546502207460535,6.381666666666666,ROUTE_CPMCDaviesCampusSutter,0.24466880000000002,12.870000000000001,ROUTE_ChineseHospital,0.2546502207460535,6.381666666666666
37.794722222195404,-122.40805555551087,241.18603565622058,HEMORRHAGIC,ROUTE_ChineseHospital,0.24,0.495,ROUTE_ChineseHospital,0.24,0.495,ROUTE_CPMCDaviesCampusSutter,0.24,10.471666666666666,ROUTE_ChineseHospital,0.24,0.495
37.95416666663997,-122.06749999995503,201.4499902003852,MIMIC,ROUTE_JohnMuirMedicalCenterConcordCampus,0.9,9.378333333333334,ROUTE_JohnMuirMedicalCenterConcordCampus,0.9,9.378333333333334,ROUTE_JohnMuirMedicalCenterWalnutCreekCampus,0.9,12.213333333333333,ROUTE_JohnMuirMedicalCenterConcordCampus,0.9,9.378333333333334
37.78833333330651,-122.41555555551088,139.73013189166016,LVO,ROUTE_CPMCDaviesCampusSutter,0.4109299438215982,9.396666666666667,ROUTE_UCSFHealthHydeHospital,0.27558345411978136,1.6566666666666667,ROUTE_CPMCDaviesCampusSutter,0.4109299438215982,9.396666666666667,ROUTE_UCSFHealthHydeHospital,0.27558345411978136,1.6566666666666667
37.379999999972846,-122.05777777773281,185.3534161561287,HEMORRHAGIC,ROUTE_ElCaminoHealthMountainView,0.24,10.481666666666666,ROUTE_ElCaminoHealthMountainView,0.24,10.481666666666666,ROUTE_ElCaminoHealthMountainView,0.24,10.481666666666666,ROUTE_ElCaminoHealthMountainView,0.24,10.481666666666666
37.79888888886207,-122.25777777773297,30.91521061421391,HEMORRHAGIC,ROUTE_SutterEdenMedicalCenter,0.24,22.666666666666668,ROUTE_HighlandHospitalWilmaChanCampus,0.24,5.305000000000001,ROUTE_SutterEdenMedicalCenter,0.24,22.666666666666668,ROUTE_HighlandHospitalWilmaChanCampus,0.24,5.305000000000001
37.711944444417554,-122.08583333328839,39.73059160423177,HEMORRHAGIC,ROUTE_SutterEdenMedicalCenter,0.24,5.4399999999999995,ROUTE_SutterEdenMedicalCenter,0.24,5.4399999999999995,ROUTE_SutterEdenMedicalCenter,0.24,5.4399999999999995,ROUTE_SutterEdenMedicalCenter,0.24,5.4399999999999995
37.761944444417594,-122.50333333328872,54.89494649205446,MIMIC,ROUTE_UCSFMedicalCenter,0.9,9.103333333333333,ROUTE_UCSFMedicalCenter,0.9,9.103333333333333,ROUTE_UCSFMedicalCenter,0.9,9.103333333333333,ROUTE_UCSFMedicalCenter,0.9,9.103333333333333
38.248333333306874,-121.9847222221772,225.72409217916692,MIMIC,ROUTE_NorthBayMedicalCenter,0.9,15.735000000000001,ROUTE_NorthBayMedicalCenter,0.9,15.735000000000001,ROUTE_JohnMuirMedicalCenterWalnutCreekCampus,0.9,48.70666666666667,ROUTE_NorthBayMedicalCenter,0.9,15.735000000000001
38.25722222219577,-122.0627777777328,166.595257975922,LVO,ROUTE_JohnMuirMedicalCenterWalnutCreekCampus,0.25829770944376956,38.24666666666667,ROUTE_NorthBayMedicalCenter,0.26740519279408553,4.173333333333334,ROUTE_JohnMuirMedicalCenterWalnutCreekCampus,0.25829770944376956,38.24666666666667,ROUTE_NorthBayMedicalCenter,0.26740519279408553,4.173333333333334
37.71444444441756,-121.9516666666216,38.3076364006788,NLVO,ROUTE_SutterEdenMedicalCenter,0.5822282308169286,19.773333333333333,ROUTE_StanfordHealthCareTriValley,0.5847632270138865,14.803333333333335,ROUTE_SutterEdenMedicalCenter,0.5822282308169286,19.773333333333333,ROUTE_StanfordHealthCareTriValley,0.5847632270138865,14.803333333333335
37.86722222219546,-122.14777777773288,103.56376702752493,HEMORRHAGIC,ROUTE_JohnMuirMedicalCenterWalnutCreekCampus,0.24,18.793333333333333,ROUTE_KaiserFoundationHospitalWalnutCreek,0.24,16.523333333333333,ROUTE_JohnMuirMedicalCenterWalnutCreekCampus,0.24,18.793333333333333,ROUTE_KaiserFoundationHospitalWalnutCreek,0.24,16.523333333333333
37.98833333330667,-122.57388888884434,129.31535814772963,HEMORRHAGIC,ROUTE_UCSFMedicalCenter,0.24,45.776666666666664,ROUTE_MarinHealthMedicalCenter,0.24,13.15,ROUTE_UCSFMedicalCenter,0.24,45.776666666666664,ROUTE_MarinHealthMedicalCenter,0.24,13.15
38.02527777775114,-122.53444444439985,194.89590735526286,HEMORRHAGIC,ROUTE_KaiserFoundationHospitalSanRafael,0.24,12.498333333333333,ROUTE_KaiserFoundationHospitalSanRafael,0.24,12.498333333333333,ROUTE_UCSFMedicalCenter,0.24,44.983333333333334,ROUTE_KaiserFoundationHospitalSanRafael,0.24,12.498333333333333
37.742777777750916,-122.43444444439977,241.3918037922908,HEMORRHAGIC,ROUTE_CPMCMissionBernalCampusSutter,0.24,4.296666666666667,ROUTE_CPMCMissionBernalCampusSutter,0.24,4.296666666666667,ROUTE_CPMCDaviesCampusSutter,0.24,8.203333333333333,ROUTE_CPMCMissionBernalCampusSutter,0.24,4.296666666666667
37.759999999973154,-121.90166666662157,165.07209791950905,LVO,ROUTE_SutterEdenMedicalCenter,0.26258267246848876,23.55,ROUTE_SanRamonRegionalMedicalCenter,0.2658547722882758,11.391666666666667,ROUTE_SutterEdenMedicalCenter,0.26258267246848876,23.55,ROUTE_SanRamonRegionalMedicalCenter,0.2658547722882758,11.391666666666667
37.71722222219534,-121.7155555555103,268.15922402376987,MIMIC,ROUTE_StanfordHealthCareTriValley,0.9,15.936666666666667,ROUTE_StanfordHealthCareTriValley,0.9,15.936666666666667,ROUTE_SutterEdenMedicalCenter,0.9,27.334999999999997,ROUTE_StanfordHealthCareTriValley,0.9,15.936666666666667
37.85555555552878,-122.25972222217742,143.77304603753043,HEMORRHAGIC,ROUTE_JohnMuirMedicalCenterWalnutCreekCampus,0.24,24.51833333333333,ROUTE_AltaBatesSummitMedicalCenterAltaBatesCampus,0.24,0.7799999999999999,ROUTE_JohnMuirMedicalCenterWalnutCreekCampus,0.24,24.51833333333333,ROUTE_KaiserFoundationHospitalOaklandRichmond,0.24,10.08
37.76527777775093,-122.44861111106646,91.29683741392608,HEMORRHAGIC,ROUTE_UCSFMedicalCenter,0.24,2.868333333333333,ROUTE_UCSFMedicalCenter,0.24,2.868333333333333,ROUTE_UCSFMedicalCenter,0.24,2.868333333333333,ROUTE_UCSFMedicalCenter,0.24,2.868333333333333
38.23555555552909,-122.12833333328842,33.67888647793917,HEMORRHAGIC,ROUTE_JohnMuirMedicalCenterWalnutCreekCampus,0.24,39.125,ROUTE_NorthBayMedicalCenter,0.24,13.591666666666667,ROUTE_JohnMuirMedicalCenterWalnutCreekCampus,0.24,39.125,ROUTE_NorthBayMedicalCenter,0.24,13.591666666666667
37.54361111108409,-122.33222222217748,142.9010576681705,LVO,ROUTE_MillsPeninsulaMedicalCenterSutter,0.40598371018955637,19.346666666666668,ROUTE_SanMateoMedicalCenter,0.24466880000000002,11.773333333333333,ROUTE_MillsPeninsulaMedicalCenterSutter,0.40598371018955637,19.346666666666668,ROUTE_MillsPeninsulaMedicalCenterSutter,0.40598371018955637,19.346666666666668
37.38111111108396,-122.05694444439948,265.7264736067323,HEMORRHAGIC,ROUTE_ElCaminoHealthMountainView,0.24,10.418333333333333,ROUTE_ElCaminoHealthMountainView,0.24,10.418333333333333,ROUTE_ElCaminoHealthMountainView,0.24,10.418333333333333,ROUTE_ElCaminoHealthMountainView,0.24,10.418333333333333
37.728055555528684,-122.39305555551086,121.090198974692,HEMORRHAGIC,ROUTE_CPMCDaviesCampusSutter,0.24,15.716666666666667,ROUTE_ZuckerbergSanFranciscoGeneralHospital,0.24,9.860000000000001,ROUTE_CPMCDaviesCampusSutter,0.24,15.716666666666667,ROUTE_ZuckerbergSanFranciscoGeneralHospital,0.24,9.860000000000001
37.78944444441762,-122.43749999995534,190.6266828864757,LVO,ROUTE_CPMCDaviesCampusSutter,0.26017272910013844,7.075,ROUTE_KaiserFoundationHospitalSanFrancisco,0.2610885939073272,3.6116666666666664,ROUTE_CPMCDaviesCampusSutter,0.26017272910013844,7.075,ROUTE_KaiserFoundationHospitalSanFrancisco,0.2610885939073272,3.6116666666666664
37.79166666663984,-122.20527777773293,145.22329808725152,MIMIC,ROUTE_SutterEdenMedicalCenter,0.9,17.375,ROUTE_HighlandHospitalWilmaChanCampus,0.9,4.556666666666667,ROUTE_SutterEdenMedicalCenter,0.9,17.375,ROUTE_HighlandHospitalWilmaChanCampus,0.9,4.556666666666667
37.763611111084266,-122.41055555551087,50.57873139072477,LVO,ROUTE_CPMCDaviesCampusSutter,0.4464641926430404,7.135000000000001,ROUTE_ZuckerbergSanFranciscoGeneralHospital,0.30188914677417744,2.77,ROUTE_CPMCDaviesCampusSutter,0.4464641926430404,7.135000000000001,ROUTE_ZuckerbergSanFranciscoGeneralHospital,0.30188914677417744,2.77
37.76722222219538,-122.18444444439957,182.67955606092863,HEMORRHAGIC,ROUTE_SutterEdenMedicalCenter,0.24,17.66,ROUTE_HighlandHospitalWilmaChanCampus,0.24,10.153333333333334,ROUTE_SutterEdenMedicalCenter,0.24,17.66,ROUTE_HighlandHospitalWilmaChanCampus,0.24,10.153333333333334
37.94361111108441,-122.06527777773282,36.511709708305986,LVO,ROUTE_JohnMuirMedicalCenterWalnutCreekCampus,0.45088369235205294,10.143333333333334,ROUTE_JohnMuirMedicalCenterConcordCampus,0.3048977317209475,7.3100000000000005,ROUTE_JohnMuirMedicalCenterWalnutCreekCampus,0.45088369235205294,10.143333333333334,ROUTE_JohnMuirMedicalCenterConcordCampus,0.3048977317209475,7.3100000000000005
38.00499999997335,-122.64305555551105,233.82569793173425,LVO,ROUTE_MarinHealthMedicalCenter,0.24466880000000002,31.235,ROUTE_MarinHealthMedicalCenter,0.24466880000000002,31.235,ROUTE_UCSFMedicalCenter,0.24466880000000002,63.861666666666665,ROUTE_MarinHealthMedicalCenter,0.24466880000000002,31.235
37.44222222219512,-121.90527777773269,106.75882323112458,HEMORRHAGIC,ROUTE_RegionalMedicalCenterOfSanJose,0.24,12.805,ROUTE_RegionalMedicalCenterOfSanJose,0.24,12.805,ROUTE_RegionalMedicalCenterOfSanJose,0.24,12.805,ROUTE_RegionalMedicalCenterOfSanJose,0.24,12.805
37.570277777750775,-122.07194444439949,144.75923765663404,LVO,ROUTE_SutterEdenMedicalCenter,0.40396987669787554,22.861666666666668,ROUTE_StRoseHospital,0.24466880000000002,13.7,ROUTE_SutterEdenMedicalCenter,0.40396987669787554,22.861666666666668,ROUTE_WashingtonHospitalHealthcareSystem,0.2692829507689933,19.166666666666668
37.98083333330666,-122.30361111106633,199.07908998083516,LVO,ROUTE_KaiserFoundationHospitalRichmondCampus,0.25618212351744307,13.901666666666667,ROUTE_KaiserFoundationHospitalRichmondCampus,0.25618212351744307,13.901666666666667,ROUTE_JohnMuirMedicalCenterWalnutCreekCampus,0.24466880000000002,33.17666666666666,ROUTE_KaiserFoundationHospitalRichmondCampus,0.25618212351744307,13.901666666666667
37.95777777775109,-122.06249999995504,247.6728014567035,HEMORRHAGIC,ROUTE_JohnMuirMedicalCenterConcordCampus,0.24,9.131666666666666,ROUTE_JohnMuirMedicalCenterConcordCampus,0.24,9.131666666666666,ROUTE_JohnMuirMedicalCenterWalnutCreekCampus,0.24,11.965,ROUTE_JohnMuirMedicalCenterConcordCampus,0.24,9.131666666666666
37.53944444441742,-121.95805555551051,73.09693788259278,LVO,ROUTE_RegionalMedicalCenterOfSanJose,0.4313367492634199,22.961666666666666,ROUTE_KaiserFoundationHospitalFremont,0.29368642372516396,6.753333333333333,ROUTE_RegionalMedicalCenterOfSanJose,0.4313367492634199,22.961666666666666,ROUTE_KaiserFoundationHospitalFremont,0.29368642372516396,6.753333333333333
37.99222222219556,-122.32499999995524,134.78782823690588,LVO,ROUTE_JohnMuirMedicalCenterWalnutCreekCampus,0.40336832163958025,34.44166666666667,ROUTE_KaiserFoundationHospitalRichmondCampus,0.2740490972440449,12.03,ROUTE_JohnMuirMedicalCenterWalnutCreekCampus,0.40336832163958025,34.44166666666667,ROUTE_KaiserFoundationHospitalRichmondCampus,0.2740490972440449,12.03
37.76888888886205,-122.25277777773296,87.00996544794319,LVO,ROUTE_SutterEdenMedicalCenter,0.42651874405008194,21.43166666666667,ROUTE_AlamedaHospital,0.2908096881840694,2.3266666666666667,ROUTE_SutterEdenMedicalCenter,0.42651874405008194,21.43166666666667,ROUTE_AlamedaHospital,0.2908096881840694,2.3266666666666667
37.79861111108429,-122.39916666662197,80.1863111067938,HEMORRHAGIC,ROUTE_CPMCDaviesCampusSutter,0.24,13.068333333333333,ROUTE_ChineseHospital,0.24,3.1966666666666668,ROUTE_CPMCDaviesCampusSutter,0.24,13.068333333333333,ROUTE_ChineseHospital,0.24,3.1966666666666668
38.0030555555289,-122.11361111106619,113.89949188031467,NLVO,ROUTE_JohnMuirMedicalCenterWalnutCreekCampus,0.5431481490261951,20.196666666666665,ROUTE_ContraCostaRegionalMedicalCenter,0.4622,6.583333333333333,ROUTE_JohnMuirMedicalCenterWalnutCreekCampus,0.5431481490261951,20.196666666666665,ROUTE_JohnMuirMedicalCenterConcordCampus,0.547051206875627,12.655
37.76305555552871,-122.2372222221774,42.08766257541996,LVO,ROUTE_SutterEdenMedicalCenter,0.4453031579541161,18.541666666666668,ROUTE_AlamedaHospital,0.3042130687749931,3.893333333333333,ROUTE_SutterEdenMedicalCenter,0.4453031579541161,18.541666666666668,ROUTE_AlamedaHospital,0.3042130687749931,3.893333333333333
37.759999999973154,-122.47999999995537,127.23728616581374,NLVO,ROUTE_UCSFMedicalCenter,0.544020100952964,5.175,ROUTE_UCSFMedicalCenter,0.544020100952964,5.175,ROUTE_UCSFMedicalCenter,0.544020100952964,5.175,ROUTE_UCSFMedicalCenter,0.544020100952964,5.175
37.452222222195125,-122.22861111106627,108.79041859014883,LVO,ROUTE_KaiserFoundationHospitalRedwoodCity,0.42166944950318924,12.203333333333335,ROUTE_SequoiaHospital,0.281871843998827,10.706666666666667,ROUTE_KaiserFoundationHospitalRedwoodCity,0.42166944950318924,12.203333333333335,ROUTE_SequoiaHospital,0.281871843998827,10.706666666666667
37.68194444441753,-122.48666666662204,40.865268299924,HEMORRHAGIC,ROUTE_MillsPeninsulaMedicalCenterSutter,0.24,17.605,ROUTE_AHMCSetonMedicalCenter,0.24,4.556666666666667,ROUTE_MillsPeninsulaMedicalCenterSutter,0.24,17.605,ROUTE_AHMCSetonMedicalCenter,0.24,4.556666666666667
37.749444444417584,-121.93277777773271,93.63625934229623,NLVO,ROUTE_SutterEdenMedicalCenter,0.552404379025752,22.55666666666667,ROUTE_SanRamonRegionalMedicalCenter,0.5604788333085149,6.888333333333334,ROUTE_SutterEdenMedicalCenter,0.552404379025752,22.55666666666667,ROUTE_SanRamonRegionalMedicalCenter,0.5604788333085149,6.888333333333334
37.74361111108425,-122.46527777773314,123.80117725514988,NLVO,ROUTE_UCSFMedicalCenter,0.5451396251576832,6.448333333333333,ROUTE_UCSFMedicalCenter,0.5451396251576832,6.448333333333333,ROUTE_UCSFMedicalCenter,0.5451396251576832,6.448333333333333,ROUTE_UCSFMedicalCenter,0.5451396251576832,6.448333333333333
37.775277777750944,-122.19527777773291,59.39912004957064,NLVO,ROUTE_SutterEdenMedicalCenter,0.572119137043438,18.453333333333333,ROUTE_HighlandHospitalWilmaChanCampus,0.5766157041124849,9.668333333333333,ROUTE_SutterEdenMedicalCenter,0.572119137043438,18.453333333333333,ROUTE_HighlandHospitalWilmaChanCampus,0.5766157041124849,9.668333333333333
37.54583333330631,-122.29249999995521,70.35008750769133,HEMORRHAGIC,ROUTE_KaiserFoundationHospitalRedwoodCity,0.24,12.365,ROUTE_SanMateoMedicalCenter,0.24,6.276666666666667,ROUTE_KaiserFoundationHospitalRedwoodCity,0.24,12.365,ROUTE_KaiserFoundationHospitalRedwoodCity,0.24,12.365
37.522499999972965,-122.28027777773299,131.665535345893,LVO,ROUTE_KaiserFoundationHospitalRedwoodCity,0.41298217640312934,12.048333333333334,ROUTE_SanMateoMedicalCenter,0.24466880000000002,8.253333333333334,ROUTE_KaiserFoundationHospitalRedwoodCity,0.41298217640312934,12.048333333333334,ROUTE_KaiserFoundationHospitalRedwoodCity,0.41298217640312934,12.048333333333334
37.343888888861706,-122.08138888884393,167.52613965152347,LVO,ROUTE_ElCaminoHealthMountainView,0.40042361290494244,9.601666666666667,ROUTE_ElCaminoHealthMountainView,0.40042361290494244,9.601666666666667,ROUTE_ElCaminoHealthMountainView,0.40042361290494244,9.601666666666667,ROUTE_ElCaminoHealthMountainView,0.40042361290494244,9.601666666666667
37.64166666663972,-122.07722222217727,190.63899338162796,NLVO,ROUTE_SutterEdenMedicalCenter,0.5049984024467726,16.601666666666667,ROUTE_StRoseHospital,0.4622,5.8533333333333335,ROUTE_SutterEdenMedicalCenter,0.5049984024467726,16.601666666666667,ROUTE_KaiserFoundationHospitalSanLeandro,0.5058876384963187,14.908333333333333
37.96055555552887,-122.2863888888441,232.47952029876177,NLVO,ROUTE_KaiserFoundationHospitalRichmondCampus,0.4622,18.645,ROUTE_KaiserFoundationHospitalRichmondCampus,0.4622,18.645,ROUTE_JohnMuirMedicalCenterWalnutCreekCampus,0.4622,32.19833333333334,ROUTE_KaiserFoundationHospitalRichmondCampus,0.4622,18.645
37.98277777775111,-122.10499999995507,57.62915681827365,LVO,ROUTE_JohnMuirMedicalCenterWalnutCreekCampus,0.4394953523280978,17.651666666666664,ROUTE_ContraCostaRegionalMedicalCenter,0.24466880000000002,8.138333333333334,ROUTE_JohnMuirMedicalCenterWalnutCreekCampus,0.4394953523280978,17.651666666666664,ROUTE_JohnMuirMedicalCenterConcordCampus,0.297404680229546,10.110000000000001
37.457777777750685,-122.1877777777329,229.88264053410964,HEMORRHAGIC,ROUTE_StanfordHealthCare,0.24,9.870000000000001,ROUTE_StanfordHealthCare,0.24,9.870000000000001,ROUTE_StanfordHealthCare,0.24,9.870000000000001,ROUTE_StanfordHealthCare,0.24,9.870000000000001
37.532222222195195,-122.25194444439963,89.98549807722267,NLVO,ROUTE_KaiserFoundationHospitalRedwoodCity,0.5578245203363487,15.695,ROUTE_KaiserFoundationHospitalRedwoodCity,0.5578245203363487,15.695,ROUTE_KaiserFoundationHospitalRedwoodCity,0.5578245203363487,15.695,ROUTE_KaiserFoundationHospitalRedwoodCity,0.5578245203363487,15.695
38.134444444417895,-122.2016666666218,242.0790887675799,LVO,ROUTE_SutterSolanoMedicalCenter,0.24466880000000002,10.46,ROUTE_SutterSolanoMedicalCenter,0.24466880000000002,10.46,ROUTE_JohnMuirMedicalCenterWalnutCreekCampus,0.24466880000000002,34.565000000000005,ROUTE_SutterSolanoMedicalCenter,0.24466880000000002,10.46
37.456388888861795,-122.13777777773286,148.44564677599377,NLVO,ROUTE_KaiserFoundationHospitalRedwoodCity,0.5291509654849161,12.606666666666666,ROUTE_KaiserFoundationHospitalRedwoodCity,0.5291509654849161,12.606666666666666,ROUTE_KaiserFoundationHospitalRedwoodCity,0.5291509654849161,12.606666666666666,ROUTE_KaiserFoundationHospitalRedwoodCity,0.5291509654849161,12.606666666666666
38.003888888862235,-121.79416666662148,117.48603466250412,MIMIC,ROUTE_JohnMuirMedicalCenterWalnutCreekCampus,0.9,30.790000000000003,ROUTE_SutterDeltaMedicalCenter,0.9,6.191666666666666,ROUTE_JohnMuirMedicalCenterWalnutCreekCampus,0.9,30.790000000000003,ROUTE_KaiserFoundationHospitalAntioch,0.9,11.71
38.184444444417935,-122.13833333328843,231.0571845986358,HEMORRHAGIC,ROUTE_NorthBayMedicalCenter,0.24,15.481666666666666,ROUTE_NorthBayMedicalCenter,0.24,15.481666666666666,ROUTE_JohnMuirMedicalCenterWalnutCreekCampus,0.24,30.92,ROUTE_NorthBayMedicalCenter,0.24,15.481666666666666
37.596666666639685,-122.06388888884392,37.05367931371059,MIMIC,ROUTE_SutterEdenMedicalCenter,0.9,18.186666666666667,ROUTE_StRoseHospital,0.9,9.025,ROUTE_SutterEdenMedicalCenter,0.9,18.186666666666667,ROUTE_KaiserFoundationHospitalSanLeandro,0.9,16.493333333333332
37.409166666639535,-121.93888888884382,265.691262112574,LVO,ROUTE_OConnorHospital,0.24466880000000002,15.71,ROUTE_OConnorHospital,0.24466880000000002,15.71,ROUTE_RegionalMedicalCenterOfSanJose,0.24466880000000002,18.123333333333335,ROUTE_OConnorHospital,0.24466880000000002,15.71
37.58611111108412,-122.01527777773278,117.65539620704324,NLVO,ROUTE_SutterEdenMedicalCenter,0.5398413815205321,22.821666666666665,ROUTE_StRoseHospital,0.4622,13.658333333333333,ROUTE_SutterEdenMedicalCenter,0.5398413815205321,22.821666666666665,ROUTE_WashingtonHospitalHealthcareSystem,0.5440771674881814,14.646666666666667
37.75277777775092,-122.50277777773316,207.08803479584344,LVO,ROUTE_UCSFMedicalCenter,0.2552081088986359,9.67,ROUTE_UCSFMedicalCenter,0.2552081088986359,9.67,ROUTE_UCSFMedicalCenter,0.2552081088986359,9.67,ROUTE_UCSFMedicalCenter,0.2552081088986359,9.67
37.76888888886205,-122.42583333328865,123.63305094401072,LVO,ROUTE_CPMCDaviesCampusSutter,0.41866322616419605,5.1883333333333335,ROUTE_CPMCDaviesCampusSutter,0.41866322616419605,5.1883333333333335,ROUTE_CPMCDaviesCampusSutter,0.41866322616419605,5.1883333333333335,ROUTE_CPMCDaviesCampusSutter,0.41866322616419605,5.1883333333333335
37.751111111084256,-122.48944444439982,61.81255487495421,HEMORRHAGIC,ROUTE_UCSFMedicalCenter,0.24,8.431666666666667,ROUTE_UCSFMedicalCenter,0.24,8.431666666666667,ROUTE_UCSFMedicalCenter,0.24,8.431666666666667,ROUTE_UCSFMedicalCenter,0.24,8.431666666666667
38.324722222195824,-122.30611111106634,209.20361670110177,LVO,ROUTE_ProvidenceQueenOfTheValleyMedicalCenter,0.256159842139956,3.8633333333333337,ROUTE_ProvidenceQueenOfTheValleyMedicalCenter,0.256159842139956,3.8633333333333337,ROUTE_JohnMuirMedicalCenterWalnutCreekCampus,0.24466880000000002,50.684999999999995,ROUTE_ProvidenceQueenOfTheValleyMedicalCenter,0.256159842139956,3.8633333333333337
37.92138888886217,-122.1097222221773,245.769812549095,LVO,ROUTE_KaiserFoundationHospitalWalnutCreek,0.24466880000000002,11.546666666666665,ROUTE_KaiserFoundationHospitalWalnutCreek,0.24466880000000002,11.546666666666665,ROUTE_JohnMuirMedicalCenterWalnutCreekCampus,0.24466880000000002,13.95,ROUTE_KaiserFoundationHospitalWalnutCreek,0.24466880000000002,11.546666666666665
37.47361111108403,-122.43472222217756,253.56075866026904,LVO,ROUTE_SanMateoMedicalCenter,0.24466880000000002,26.201666666666664,ROUTE_SanMateoMedicalCenter,0.24466880000000002,26.201666666666664,ROUTE_MillsPeninsulaMedicalCenterSutter,0.24466880000000002,26.41166666666667,ROUTE_MillsPeninsulaMedicalCenterSutter,0.24466880000000002,26.41166666666667
37.734999999973134,-122.46916666662203,39.658260807197664,NLVO,ROUTE_UCSFMedicalCenter,0.5875424407078483,7.998333333333333,ROUTE_UCSFMedicalCenter,0.5875424407078483,7.998333333333333,ROUTE_UCSFMedicalCenter,0.5875424407078483,7.998333333333333,ROUTE_UCSFMedicalCenter,0.5875424407078483,7.998333333333333
37.98083333330666,-121.81499999995484,84.31069389733311,HEMORRHAGIC,ROUTE_JohnMuirMedicalCenterWalnutCreekCampus,0.24,30.515,ROUTE_SutterDeltaMedicalCenter,0.24,3.8383333333333334,ROUTE_JohnMuirMedicalCenterWalnutCreekCampus,0.24,30.515,ROUTE_KaiserFoundationHospitalAntioch,0.24,9.526666666666667
37.92138888886217,-122.55249999995543,62.01680612390842,LVO,ROUTE_UCSFMedicalCenter,0.429796292605957,37.99166666666667,ROUTE_MarinHealthMedicalCenter,0.29191278573999635,23.67,ROUTE_UCSFMedicalCenter,0.429796292605957,37.99166666666667,ROUTE_MarinHealthMedicalCenter,0.29191278573999635,23.67
37.56083333330633,-122.3280555555108,132.67219524511563,LVO,ROUTE_MillsPeninsulaMedicalCenterSutter,0.4125683758194546,12.131666666666666,ROUTE_SanMateoMedicalCenter,0.24466880000000002,10.056666666666667,ROUTE_MillsPeninsulaMedicalCenterSutter,0.4125683758194546,12.131666666666666,ROUTE_MillsPeninsulaMedicalCenterSutter,0.4125683758194546,12.131666666666666
37.439722222195115,-122.18388888884402,240.84744982970915,NLVO,ROUTE_StanfordHealthCare,0.4622,9.096666666666666,ROUTE_StanfordHealthCare,0.4622,9.096666666666666,ROUTE_StanfordHealthCare,0.4622,9.096666666666666,ROUTE_StanfordHealthCare,0.4622,9.096666666666666
37.80055555552874,-122.1727777777329,235.74242822724227,HEMORRHAGIC,ROUTE_HighlandHospitalWilmaChanCampus,0.24,11.026666666666667,ROUTE_HighlandHospitalWilmaChanCampus,0.24,11.026666666666667,ROUTE_SutterEdenMedicalCenter,0.24,18.483333333333334,ROUTE_HighlandHospitalWilmaChanCampus,0.24,11.026666666666667
37.99249999997334,-122.11749999995507,223.64419695995443,HEMORRHAGIC,ROUTE_ContraCostaRegionalMedicalCenter,0.24,5.913333333333333,ROUTE_ContraCostaRegionalMedicalCenter,0.24,5.913333333333333,ROUTE_JohnMuirMedicalCenterWalnutCreekCampus,0.24,17.903333333333332,ROUTE_JohnMuirMedicalCenterConcordCampus,0.24,10.361666666666668
37.407777777750645,-122.05888888884392,237.60266315267978,LVO,ROUTE_ElCaminoHealthMountainView,0.24466880000000002,11.79,ROUTE_ElCaminoHealthMountainView,0.24466880000000002,11.79,ROUTE_ElCaminoHealthMountainView,0.24466880000000002,11.79,ROUTE_ElCaminoHealthMountainView,0.24466880000000002,11.79
37.6949999999731,-122.06444444439948,88.99050340273502,HEMORRHAGIC,ROUTE_SutterEdenMedicalCenter,0.24,7.911666666666666,ROUTE_SutterEdenMedicalCenter,0.24,7.911666666666666,ROUTE_SutterEdenMedicalCenter,0.24,7.911666666666666,ROUTE_SutterEdenMedicalCenter,0.24,7.911666666666666
37.64583333330639,-122.43083333328866,63.064777645415376,LVO,ROUTE_MillsPeninsulaMedicalCenterSutter,0.4390076069465097,13.451666666666666,ROUTE_KaiserFoundationHospitalSouthSanFrancisco,0.2970759861285264,5.738333333333333,ROUTE_MillsPeninsulaMedicalCenterSutter,0.4390076069465097,13.451666666666666,ROUTE_KaiserFoundationHospitalSouthSanFrancisco,0.2970759861285264,5.738333333333333
38.304166666640256,-122.49749999995538,210.54750745064314,LVO,ROUTE_SonomaValleyHospital,0.254285422068611,9.806666666666667,ROUTE_SonomaValleyHospital,0.254285422068611,9.806666666666667,ROUTE_JohnMuirMedicalCenterWalnutCreekCampus,0.24466880000000002,69.47,ROUTE_SonomaValleyHospital,0.254285422068611,9.806666666666667
37.78888888886206,-122.38972222217751,47.74256548998196,HEMORRHAGIC,ROUTE_CPMCDaviesCampusSutter,0.24,11.783333333333333,ROUTE_ChineseHospital,0.24,5.295,ROUTE_CPMCDaviesCampusSutter,0.24,11.783333333333333,ROUTE_ChineseHospital,0.24,5.295
37.700833333306434,-122.12138888884397,199.68031418367588,HEMORRHAGIC,ROUTE_SutterEdenMedicalCenter,0.24,9.363333333333333,ROUTE_SanLeandroHospitalAlamedaHealthSystem,0.24,5.593333333333334,ROUTE_SutterEdenMedicalCenter,0.24,9.363333333333333,ROUTE_SutterEdenMedicalCenter,0.24,9.363333333333333
37.800833333306514,-122.431666666622,102.11655507108082,LVO,ROUTE_CPMCDaviesCampusSutter,0.4248291066857702,10.688333333333333,ROUTE_UCSFHealthHydeHospital,0.28552946379806216,4.908333333333333,ROUTE_CPMCDaviesCampusSutter,0.4248291066857702,10.688333333333333,ROUTE_UCSFHealthHydeHospital,0.28552946379806216,4.908333333333333
37.69722222219532,-122.41999999995532,74.01007893518332,HEMORRHAGIC,ROUTE_MillsPeninsulaMedicalCenterSutter,0.24,17.228333333333335,ROUTE_AHMCSetonMedicalCenter,0.24,16.523333333333333,ROUTE_MillsPeninsulaMedicalCenterSutter,0.24,17.228333333333335,ROUTE_AHMCSetonMedicalCenter,0.24,16.523333333333333
38.1458333333068,-122.25138888884408,235.94111630476885,LVO,ROUTE_SutterSolanoMedicalCenter,0.24466880000000002,5.25,ROUTE_SutterSolanoMedicalCenter,0.24466880000000002,5.25,ROUTE_JohnMuirMedicalCenterWalnutCreekCampus,0.24466880000000002,35.23833333333334,ROUTE_SutterSolanoMedicalCenter,0.24466880000000002,5.25
37.56249999997299,-122.35027777773304,170.22995765234492,LVO,ROUTE_MillsPeninsulaMedicalCenterSutter,0.26411173913431396,12.686666666666667,ROUTE_MillsPeninsulaMedicalCenterSutter,0.26411173913431396,12.686666666666667,ROUTE_MillsPeninsulaMedicalCenterSutter,0.26411173913431396,12.686666666666667,ROUTE_MillsPeninsulaMedicalCenterSutter,0.26411173913431396,12.686666666666667
37.80027777775096,-121.89083333328823,122.10581169623592,HEMORRHAGIC,ROUTE_JohnMuirMedicalCenterWalnutCreekCampus,0.24,26.66,ROUTE_SanRamonRegionalMedicalCenter,0.24,13.648333333333333,ROUTE_JohnMuirMedicalCenterWalnutCreekCampus,0.24,26.66,ROUTE_SanRamonRegionalMedicalCenter,0.24,13.648333333333333
37.709166666639774,-122.44777777773312,62.54381062701975,LVO,ROUTE_CPMCDaviesCampusSutter,0.43861808803888236,14.96,ROUTE_CPMCMissionBernalCampusSutter,0.29632653441681367,8.69,ROUTE_CPMCDaviesCampusSutter,0.43861808803888236,14.96,ROUTE_CPMCMissionBernalCampusSutter,0.29632653441681367,8.69
37.80833333330652,-121.95916666662161,250.5313799096002,MIMIC,ROUTE_SanRamonRegionalMedicalCenter,0.9,15.558333333333334,ROUTE_SanRamonRegionalMedicalCenter,0.9,15.558333333333334,ROUTE_JohnMuirMedicalCenterWalnutCreekCampus,0.9,23.53666666666667,ROUTE_SanRamonRegionalMedicalCenter,0.9,15.558333333333334
37.37249999997284,-122.06555555551058,112.1361014172202,LVO,ROUTE_ElCaminoHealthMountainView,0.42128180091487477,9.865,ROUTE_ElCaminoHealthMountainView,0.42128180091487477,9.865,ROUTE_ElCaminoHealthMountainView,0.42128180091487477,9.865,ROUTE_ElCaminoHealthMountainView,0.42128180091487477,9.865
37.83249999997321,-121.99194444439942,49.923488240622476,LVO,ROUTE_JohnMuirMedicalCenterWalnutCreekCampus,0.44337735116872645,15.551666666666668,ROUTE_KaiserFoundationHospitalWalnutCreek,0.2998500250700828,9.94,ROUTE_JohnMuirMedicalCenterWalnutCreekCampus,0.44337735116872645,15.551666666666668,ROUTE_KaiserFoundationHospitalWalnutCreek,0.2998500250700828,9.94
37.65611111108418,-122.11027777773285,176.34843051612197,LVO,ROUTE_SutterEdenMedicalCenter,0.2620232607079198,14.371666666666666,ROUTE_StRoseHospital,0.24466880000000002,6.676666666666667,ROUTE_SutterEdenMedicalCenter,0.2620232607079198,14.371666666666666,ROUTE_KaiserFoundationHospitalSanLeandro,0.262474652738515,12.678333333333335
37.796111111084294,-122.40499999995531,105.03108445439672,LVO,ROUTE_CPMCDaviesCampusSutter,0.4231335554999971,12.163333333333332,ROUTE_ChineseHospital,0.28548332234161594,2.15,ROUTE_CPMCDaviesCampusSutter,0.4231335554999971,12.163333333333332,ROUTE_ChineseHospital,0.28548332234161594,2.15
37.7644444444176,-122.43611111106644,181.24080602799026,MIMIC,ROUTE_CPMCDaviesCampusSutter,0.9,2.2449999999999997,ROUTE_CPMCDaviesCampusSutter,0.9,2.2449999999999997,ROUTE_CPMCDaviesCampusSutter,0.9,2.2449999999999997,ROUTE_CPMCDaviesCampusSutter,0.9,2.2449999999999997
37.59166666663968,-122.05194444439947,32.50280580700707,LVO,ROUTE_SutterEdenMedicalCenter,0.4494911624425606,17.63,ROUTE_StRoseHospital,0.24466880000000002,8.466666666666667,ROUTE_SutterEdenMedicalCenter,0.4494911624425606,17.63,ROUTE_KaiserFoundationHospitalSanLeandro,0.30343551666998686,15.936666666666667
37.72694444441757,-122.39944444439975,72.68684872830286,LVO,ROUTE_CPMCDaviesCampusSutter,0.434811663614313,14.493333333333334,ROUTE_CPMCMissionBernalCampusSutter,0.29298559054008066,9.465,ROUTE_CPMCDaviesCampusSutter,0.434811663614313,14.493333333333334,ROUTE_CPMCMissionBernalCampusSutter,0.29298559054008066,9.465
37.92944444441773,-121.72361111106588,143.38033325011114,LVO,ROUTE_JohnMuirMedicalCenterWalnutCreekCampus,0.264612569077216,37.67666666666666,ROUTE_KaiserFoundationHospitalAntioch,0.2716086702859611,12.151666666666667,ROUTE_JohnMuirMedicalCenterWalnutCreekCampus,0.264612569077216,37.67666666666666,ROUTE_KaiserFoundationHospitalAntioch,0.2716086702859611,12.151666666666667
37.41027777775065,-121.93694444439937,68.7465010562099,LVO,ROUTE_RegionalMedicalCenterOfSanJose,0.4349988410153164,17.956666666666667,ROUTE_OConnorHospital,0.29234785361352084,15.504999999999999,ROUTE_RegionalMedicalCenterOfSanJose,0.4349988410153164,17.956666666666667,ROUTE_OConnorHospital,0.29234785361352084,15.504999999999999
38.259444444417994,-122.63333333328882,208.5321951297625,HEMORRHAGIC,ROUTE_PetalumaValleyHospitalProvidence,0.24,2.555,ROUTE_PetalumaValleyHospitalProvidence,0.24,2.555,ROUTE_UCSFMedicalCenter,0.24,62.309999999999995,ROUTE_PetalumaValleyHospitalProvidence,0.24,2.555
37.78749999997317,-122.46555555551092,236.19748272141464,LVO,ROUTE_KaiserFoundationHospitalSanFrancisco,0.24466880000000002,6.191666666666666,ROUTE_KaiserFoundationHospitalSanFrancisco,0.24466880000000002,6.191666666666666,ROUTE_UCSFMedicalCenter,0.24466880000000002,10.31,ROUTE_KaiserFoundationHospitalSanFrancisco,0.24466880000000002,6.191666666666666
37.86694444441768,-121.63583333328802,240.8277732647303,LVO,ROUTE_KaiserFoundationHospitalAntioch,0.24466880000000002,20.446666666666665,ROUTE_KaiserFoundationHospitalAntioch,0.24466880000000002,20.446666666666665,ROUTE_JohnMuirMedicalCenterWalnutCreekCampus,0.24466880000000002,45.97166666666667,ROUTE_KaiserFoundationHospitalAntioch,0.24466880000000002,20.446666666666665
37.570277777750775,-122.33583333328859,69.47523032727557,LVO,ROUTE_MillsPeninsulaMedicalCenterSutter,0.4381588540374831,9.193333333333333,ROUTE_MillsPeninsulaMedicalCenterSutter,0.4381588540374831,9.193333333333333,ROUTE_MillsPeninsulaMedicalCenterSutter,0.4381588540374831,9.193333333333333,ROUTE_MillsPeninsulaMedicalCenterSutter,0.4381588540374831,9.193333333333333
37.998333333306675,-122.58305555551101,220.06753344563094,MIMIC,ROUTE_MarinHealthMedicalCenter,0.9,18.86,ROUTE_MarinHealthMedicalCenter,0.9,18.86,ROUTE_UCSFMedicalCenter,0.9,51.486666666666665,ROUTE_MarinHealthMedicalCenter,0.9,18.86
37.442499999972895,-122.15472222217733,242.02248562171292,MIMIC,ROUTE_StanfordHealthCare,0.9,8.076666666666666,ROUTE_StanfordHealthCare,0.9,8.076666666666666,ROUTE_StanfordHealthCare,0.9,8.076666666666666,ROUTE_StanfordHealthCare,0.9,8.076666666666666
37.737777777750914,-121.94694444439939,234.8671826791123,LVO,ROUTE_SanRamonRegionalMedicalCenter,0.24466880000000002,9.401666666666667,ROUTE_SanRamonRegionalMedicalCenter,0.24466880000000002,9.401666666666667,ROUTE_SutterEdenMedicalCenter,0.24466880000000002,19.013333333333332,ROUTE_SanRamonRegionalMedicalCenter,0.24466880000000002,9.401666666666667
37.771944444417606,-122.2511111110663,212.16714626878417,LVO,ROUTE_AlamedaHospital,0.25542365322754645,3.753333333333333,ROUTE_AlamedaHospital,0.25542365322754645,3.753333333333333,ROUTE_SutterEdenMedicalCenter,0.24466880000000002,20.91,ROUTE_AlamedaHospital,0.25542365322754645,3.753333333333333
37.98805555552889,-122.29222222217744,110.87115189282612,LVO,ROUTE_JohnMuirMedicalCenterWalnutCreekCampus,0.4118133732182552,35.92333333333333,ROUTE_KaiserFoundationHospitalRichmondCampus,0.2788042237030275,19.23166666666667,ROUTE_JohnMuirMedicalCenterWalnutCreekCampus,0.4118133732182552,35.92333333333333,ROUTE_KaiserFoundationHospitalRichmondCampus,0.2788042237030275,19.23166666666667
38.27416666664023,-122.03111111106612,95.8794481407058,MIMIC,ROUTE_JohnMuirMedicalCenterWalnutCreekCampus,0.9,41.526666666666664,ROUTE_NorthBayMedicalCenter,0.9,7.3149999999999995,ROUTE_JohnMuirMedicalCenterWalnutCreekCampus,0.9,41.526666666666664,ROUTE_NorthBayMedicalCenter,0.9,7.3149999999999995
38.09666666664009,-122.21166666662182,250.98848264013438,LVO,ROUTE_SutterSolanoMedicalCenter,0.24466880000000002,9.858333333333333,ROUTE_SutterSolanoMedicalCenter,0.24466880000000002,9.858333333333333,ROUTE_JohnMuirMedicalCenterWalnutCreekCampus,0.24466880000000002,27.211666666666666,ROUTE_SutterSolanoMedicalCenter,0.24466880000000002,9.858333333333333
37.916388888862166,-122.48055555551092,63.67554405801713,NLVO,ROUTE_UCSFMedicalCenter,0.5610905905070652,35.66,ROUTE_MarinHealthMedicalCenter,0.5723224599574642,13.78,ROUTE_UCSFMedicalCenter,0.5610905905070652,35.66,ROUTE_MarinHealthMedicalCenter,0.5723224599574642,13.78
37.53944444441742,-122.29388888884411,72.9369312496666,LVO,ROUTE_KaiserFoundationHospitalRedwoodCity,0.43584881532460207,11.601666666666667,ROUTE_SanMateoMedicalCenter,0.24466880000000002,4.045,ROUTE_KaiserFoundationHospitalRedwoodCity,0.43584881532460207,11.601666666666667,ROUTE_KaiserFoundationHospitalRedwoodCity,0.43584881532460207,11.601666666666667
37.700833333306434,-122.45638888884423,162.69672195685334,HEMORRHAGIC,ROUTE_CPMCDaviesCampusSutter,0.24,14.806666666666667,ROUTE_CPMCMissionBernalCampusSutter,0.24,8.536666666666667,ROUTE_CPMCDaviesCampusSutter,0.24,14.806666666666667,ROUTE_CPMCMissionBernalCampusSutter,0.24,8.536666666666667
37.65416666663973,-122.41083333328865,180.90781928353726,MIMIC,ROUTE_MillsPeninsulaMedicalCenterSutter,0.9,10.103333333333333,ROUTE_KaiserFoundationHospitalSouthSanFrancisco,0.9,7.381666666666666,ROUTE_MillsPeninsulaMedicalCenterSutter,0.9,10.103333333333333,ROUTE_KaiserFoundationHospitalSouthSanFrancisco,0.9,7.381666666666666
38.08194444441785,-122.2294444443996,153.89232102307955,LVO,ROUTE_JohnMuirMedicalCenterWalnutCreekCampus,0.26437308831367134,28.053333333333335,ROUTE_SutterSolanoMedicalCenter,0.2693546901168776,9.773333333333333,ROUTE_JohnMuirMedicalCenterWalnutCreekCampus,0.26437308831367134,28.053333333333335,ROUTE_SutterSolanoMedicalCenter,0.2693546901168776,9.773333333333333
37.68388888886198,-121.72138888884365,121.47176041005518,LVO,ROUTE_SutterEdenMedicalCenter,0.4094662505146886,31.526666666666664,ROUTE_StanfordHealthCareTriValley,0.2755230007861976,20.128333333333334,ROUTE_SutterEdenMedicalCenter,0.4094662505146886,31.526666666666664,ROUTE_StanfordHealthCareTriValley,0.2755230007861976,20.128333333333334
37.95777777775109,-122.32222222217746,253.35868957987515,HEMORRHAGIC,ROUTE_KaiserFoundationHospitalRichmondCampus,0.24,13.161666666666667,ROUTE_KaiserFoundationHospitalRichmondCampus,0.24,13.161666666666667,ROUTE_CPMCDaviesCampusSutter,0.24,36.05,ROUTE_KaiserFoundationHospitalRichmondCampus,0.24,13.161666666666667
38.30888888886248,-122.3255555555108,154.22424586580453,HEMORRHAGIC,ROUTE_JohnMuirMedicalCenterWalnutCreekCampus,0.24,51.84,ROUTE_ProvidenceQueenOfTheValleyMedicalCenter,0.24,10.661666666666667,ROUTE_JohnMuirMedicalCenterWalnutCreekCampus,0.24,51.84,ROUTE_ProvidenceQueenOfTheValleyMedicalCenter,0.24,10.661666666666667
37.90694444441771,-122.55055555551098,57.39190685449205,LVO,ROUTE_UCSFMedicalCenter,0.4330463133296921,34.29333333333333,ROUTE_MarinHealthMedicalCenter,0.2944457004317803,19.971666666666668,ROUTE_UCSFMedicalCenter,0.4330463133296921,34.29333333333333,ROUTE_MarinHealthMedicalCenter,0.2944457004317803,19.971666666666668
37.764722222195374,-122.42388888884422,227.1305870921829,HEMORRHAGIC,ROUTE_CPMCMissionBernalCampusSutter,0.24,4.205,ROUTE_CPMCMissionBernalCampusSutter,0.24,4.205,ROUTE_CPMCDaviesCampusSutter,0.24,4.3149999999999995,ROUTE_CPMCMissionBernalCampusSutter,0.24,4.205
37.710555555528664,-122.44388888884423,266.4125748850667,NLVO,ROUTE_CPMCMissionBernalCampusSutter,0.4622,9.923333333333334,ROUTE_CPMCMissionBernalCampusSutter,0.4622,9.923333333333334,ROUTE_CPMCDaviesCampusSutter,0.4622,16.193333333333335,ROUTE_CPMCMissionBernalCampusSutter,0.4622,9.923333333333334
37.89361111108437,-122.2863888888441,199.12689157938217,LVO,ROUTE_KaiserFoundationHospitalRichmondCampus,0.2557162004894598,15.658333333333333,ROUTE_AltaBatesSummitMedicalCenterAltaBatesCampus,0.24466880000000002,15.528333333333334,ROUTE_CPMCDaviesCampusSutter,0.24466880000000002,33.135,ROUTE_KaiserFoundationHospitalRichmondCampus,0.2557162004894598,15.658333333333333
37.721666666639784,-122.45833333328868,241.4119216824959,LVO,ROUTE_CPMCMissionBernalCampusSutter,0.24466880000000002,8.433333333333334,ROUTE_CPMCMissionBernalCampusSutter,0.24466880000000002,8.433333333333334,ROUTE_UCSFMedicalCenter,0.24466880000000002,12.736666666666668,ROUTE_CPMCMissionBernalCampusSutter,0.24466880000000002,8.433333333333334
37.40527777775065,-122.08888888884394,95.84899771186662,MIMIC,ROUTE_ElCaminoHealthMountainView,0.9,13.888333333333332,ROUTE_ElCaminoHealthMountainView,0.9,13.888333333333332,ROUTE_ElCaminoHealthMountainView,0.9,13.888333333333332,ROUTE_ElCaminoHealthMountainView,0.9,13.888333333333332
37.554444444417435,-121.9694444443994,251.98341418974368,LVO,ROUTE_KaiserFoundationHospitalFremont,0.24466880000000002,2.3449999999999998,ROUTE_KaiserFoundationHospitalFremont,0.24466880000000002,2.3449999999999998,ROUTE_RegionalMedicalCenterOfSanJose,0.24466880000000002,26.233333333333334,ROUTE_KaiserFoundationHospitalFremont,0.24466880000000002,2.3449999999999998
37.71805555552867,-121.89027777773268,55.75201670264944,LVO,ROUTE_SutterEdenMedicalCenter,0.43960150288484984,19.259999999999998,ROUTE_StanfordHealthCareTriValley,0.2985432020347706,8.311666666666666,ROUTE_SutterEdenMedicalCenter,0.43960150288484984,19.259999999999998,ROUTE_StanfordHealthCareTriValley,0.2985432020347706,8.311666666666666
37.98527777775111,-122.32277777773302,219.50990525685918,MIMIC,ROUTE_KaiserFoundationHospitalRichmondCampus,0.9,12.908333333333333,ROUTE_KaiserFoundationHospitalRichmondCampus,0.9,12.908333333333333,ROUTE_JohnMuirMedicalCenterWalnutCreekCampus,0.9,33.595,ROUTE_KaiserFoundationHospitalRichmondCampus,0.9,12.908333333333333
37.43249999997289,-121.888611111066,98.49255834036016,MIMIC,ROUTE_RegionalMedicalCenterOfSanJose,0.9,10.46,ROUTE_RegionalMedicalCenterOfSanJose,0.9,10.46,ROUTE_RegionalMedicalCenterOfSanJose,0.9,10.46,ROUTE_RegionalMedicalCenterOfSanJose,0.9,10.46
37.62472222219527,-122.40499999995531,269.6944947311095,HEMORRHAGIC,ROUTE_MillsPeninsulaMedicalCenterSutter,0.24,10.558333333333334,ROUTE_MillsPeninsulaMedicalCenterSutter,0.24,10.558333333333334,ROUTE_MillsPeninsulaMedicalCenterSutter,0.24,10.558333333333334,ROUTE_MillsPeninsulaMedicalCenterSutter,0.24,10.558333333333334
37.66083333330641,-122.40972222217754,111.03705031841157,LVO,ROUTE_MillsPeninsulaMedicalCenterSutter,0.42090837565273054,11.935,ROUTE_KaiserFoundationHospitalSouthSanFrancisco,0.2818475979431029,8.543333333333333,ROUTE_MillsPeninsulaMedicalCenterSutter,0.42090837565273054,11.935,ROUTE_KaiserFoundationHospitalSouthSanFrancisco,0.2818475979431029,8.543333333333333
37.58666666663968,-122.48499999995538,229.87179654470742,NLVO,ROUTE_AHMCSetonMedicalCenter,0.4622,19.028333333333332,ROUTE_AHMCSetonMedicalCenter,0.4622,19.028333333333332,ROUTE_MillsPeninsulaMedicalCenterSutter,0.4622,26.691666666666666,ROUTE_AHMCSetonMedicalCenter,0.4622,19.028333333333332
37.589722222195235,-122.37638888884418,187.43147894041772,LVO,ROUTE_MillsPeninsulaMedicalCenterSutter,0.2622244736596165,2.533333333333333,ROUTE_MillsPeninsulaMedicalCenterSutter,0.2622244736596165,2.533333333333333,ROUTE_MillsPeninsulaMedicalCenterSutter,0.2622244736596165,2.533333333333333,ROUTE_MillsPeninsulaMedicalCenterSutter,0.2622244736596165,2.533333333333333
37.974722222195545,-122.2724999999552,261.15526457023043,LVO,ROUTE_KaiserFoundationHospitalRichmondCampus,0.24466880000000002,19.28166666666667,ROUTE_KaiserFoundationHospitalRichmondCampus,0.24466880000000002,19.28166666666667,ROUTE_JohnMuirMedicalCenterWalnutCreekCampus,0.24466880000000002,35.68666666666666,ROUTE_KaiserFoundationHospitalRichmondCampus,0.24466880000000002,19.28166666666667
38.262499999973556,-122.63472222217771,194.45871560166884,LVO,ROUTE_PetalumaValleyHospitalProvidence,0.2600565754993314,3.683333333333333,ROUTE_PetalumaValleyHospitalProvidence,0.2600565754993314,3.683333333333333,ROUTE_UCSFMedicalCenter,0.24466880000000002,63.440000000000005,ROUTE_PetalumaValleyHospitalProvidence,0.2600565754993314,3.683333333333333
37.82638888886209,-122.2599999999552,171.50358455895335,LVO,ROUTE_SutterEdenMedicalCenter,0.26131792958471806,21.87,ROUTE_KaiserFoundationHospitalOaklandRichmond,0.26659570300350605,2.2333333333333334,ROUTE_SutterEdenMedicalCenter,0.26131792958471806,21.87,ROUTE_KaiserFoundationHospitalOaklandRichmond,0.26659570300350605,2.2333333333333334
37.4588888888618,-122.43194444439978,63.45082205675822,NLVO,ROUTE_MillsPeninsulaMedicalCenterSutter,0.5655545316953872,27.2,ROUTE_SanMateoMedicalCenter,0.4622,26.990000000000002,ROUTE_MillsPeninsulaMedicalCenterSutter,0.5655545316953872,27.2,ROUTE_MillsPeninsulaMedicalCenterSutter,0.5655545316953872,27.2
37.92416666663995,-122.30583333328856,133.21466118226581,LVO,ROUTE_CPMCDaviesCampusSutter,0.4050876314224159,31.421666666666667,ROUTE_KaiserFoundationHospitalRichmondCampus,0.2746030093002886,11.638333333333332,ROUTE_CPMCDaviesCampusSutter,0.4050876314224159,31.421666666666667,ROUTE_KaiserFoundationHospitalRichmondCampus,0.2746030093002886,11.638333333333332
37.73111111108424,-122.4544444443998,210.66112000061324,LVO,ROUTE_CPMCMissionBernalCampusSutter,0.25494515013819924,7.12,ROUTE_CPMCMissionBernalCampusSutter,0.25494515013819924,7.12,ROUTE_UCSFMedicalCenter,0.2542631695339931,9.78,ROUTE_CPMCMissionBernalCampusSutter,0.25494515013819924,7.12
37.71638888886201,-122.46277777773314,127.44468108385652,HEMORRHAGIC,ROUTE_UCSFMedicalCenter,0.24,13.686666666666667,ROUTE_AHMCSetonMedicalCenter,0.24,8.691666666666666,ROUTE_UCSFMedicalCenter,0.24,13.686666666666667,ROUTE_AHMCSetonMedicalCenter,0.24,8.691666666666666
37.60416666663969,-122.05111111106613,42.00901437583507,NLVO,ROUTE_SutterEdenMedicalCenter,0.5808586914752378,18.755,ROUTE_StRoseHospital,0.4622,9.423333333333334,ROUTE_SutterEdenMedicalCenter,0.5808586914752378,18.755,ROUTE_KaiserFoundationHospitalSanLeandro,0.5817231241461166,17.061666666666667
37.76111111108426,-122.44694444439979,192.55516347675183,MIMIC,ROUTE_UCSFMedicalCenter,0.9,2.99,ROUTE_UCSFMedicalCenter,0.9,2.99,ROUTE_UCSFMedicalCenter,0.9,2.99,ROUTE_UCSFMedicalCenter,0.9,2.99
37.716111111084224,-122.43749999995534,41.319317395686156,HEMORRHAGIC,ROUTE_CPMCDaviesCampusSutter,0.24,15.408333333333333,ROUTE_CPMCMissionBernalCampusSutter,0.24,9.138333333333332,ROUTE_CPMCDaviesCampusSutter,0.24,15.408333333333333,ROUTE_CPMCMissionBernalCampusSutter,0.24,9.138333333333332
37.8666666666399,-122.26361111106631,37.47376590765198,MIMIC,ROUTE_SutterEdenMedicalCenter,0.9,27.858333333333334,ROUTE_AltaBatesSummitMedicalCenterAltaBatesCampus,0.9,4.86,ROUTE_SutterEdenMedicalCenter,0.9,27.858333333333334,ROUTE_KaiserFoundationHospitalOaklandRichmond,0.9,13.985000000000001
37.94805555552886,-122.3458333332886,44.78857911141016,LVO,ROUTE_CPMCDaviesCampusSutter,0.43775429582570097,34.906666666666666,ROUTE_KaiserFoundationHospitalRichmondCampus,0.3030155061611767,4.9816666666666665,ROUTE_CPMCDaviesCampusSutter,0.43775429582570097,34.906666666666666,ROUTE_KaiserFoundationHospitalRichmondCampus,0.3030155061611767,4.9816666666666665
38.22555555552908,-122.15111111106621,216.6642531649607,LVO,ROUTE_NorthBayMedicalCenter,0.24466880000000002,18.423333333333336,ROUTE_NorthBayMedicalCenter,0.24466880000000002,18.423333333333336,ROUTE_JohnMuirMedicalCenterWalnutCreekCampus,0.24466880000000002,39.215,ROUTE_NorthBayMedicalCenter,0.24466880000000002,18.423333333333336
37.578055555528564,-122.3166666666219,186.30797310013108,LVO,ROUTE_MillsPeninsulaMedicalCenterSutter,0.2601596367168128,11.443333333333333,ROUTE_MillsPeninsulaMedicalCenterSutter,0.2601596367168128,11.443333333333333,ROUTE_MillsPeninsulaMedicalCenterSutter,0.2601596367168128,11.443333333333333,ROUTE_MillsPeninsulaMedicalCenterSutter,0.2601596367168128,11.443333333333333
37.70972222219533,-122.08722222217727,232.2841223896682,MIMIC,ROUTE_SutterEdenMedicalCenter,0.9,5.1899999999999995,ROUTE_SutterEdenMedicalCenter,0.9,5.1899999999999995,ROUTE_SutterEdenMedicalCenter,0.9,5.1899999999999995,ROUTE_SutterEdenMedicalCenter,0.9,5.1899999999999995
37.63888888886194,-122.10805555551063,171.18662791057676,HEMORRHAGIC,ROUTE_SutterEdenMedicalCenter,0.24,14.343333333333334,ROUTE_StRoseHospital,0.24,5.371666666666667,ROUTE_SutterEdenMedicalCenter,0.24,14.343333333333334,ROUTE_KaiserFoundationHospitalSanLeandro,0.24,12.65
37.768333333306494,-122.16722222217734,55.24106831360421,HEMORRHAGIC,ROUTE_SutterEdenMedicalCenter,0.24,15.453333333333335,ROUTE_HighlandHospitalWilmaChanCampus,0.24,10.761666666666667,ROUTE_SutterEdenMedicalCenter,0.24,15.453333333333335,ROUTE_HighlandHospitalWilmaChanCampus,0.24,10.761666666666667
37.41083333330621,-121.96027777773273,246.44610251335024,MIMIC,ROUTE_OConnorHospital,0.9,19.041666666666668,ROUTE_OConnorHospital,0.9,19.041666666666668,ROUTE_RegionalMedicalCenterOfSanJose,0.9,21.071666666666665,ROUTE_OConnorHospital,0.9,19.041666666666668
37.596111111084134,-122.48611111106648,54.41919122072413,HEMORRHAGIC,ROUTE_MillsPeninsulaMedicalCenterSutter,0.24,26.28666666666667,ROUTE_AHMCSetonMedicalCenter,0.24,18.623333333333335,ROUTE_MillsPeninsulaMedicalCenterSutter,0.24,26.28666666666667,ROUTE_AHMCSetonMedicalCenter,0.24,18.623333333333335
38.02444444441781,-121.9291666666216,110.49726287538861,HEMORRHAGIC,ROUTE_JohnMuirMedicalCenterWalnutCreekCampus,0.24,23.62,ROUTE_JohnMuirMedicalCenterConcordCampus,0.24,13.858333333333333,ROUTE_JohnMuirMedicalCenterWalnutCreekCampus,0.24,23.62,ROUTE_JohnMuirMedicalCenterConcordCampus,0.24,13.858333333333333
37.76999999997316,-122.42972222217755,57.464462782005526,LVO,ROUTE_CPMCDaviesCampusSutter,0.4457276649030907,2.0983333333333336,ROUTE_CPMCDaviesCampusSutter,0.4457276649030907,2.0983333333333336,ROUTE_CPMCDaviesCampusSutter,0.4457276649030907,2.0983333333333336,ROUTE_CPMCDaviesCampusSutter,0.4457276649030907,2.0983333333333336
37.611944444417475,-122.41833333328866,152.54133553966167,HEMORRHAGIC,ROUTE_MillsPeninsulaMedicalCenterSutter,0.24,9.583333333333334,ROUTE_MillsPeninsulaMedicalCenterSutter,0.24,9.583333333333334,ROUTE_MillsPeninsulaMedicalCenterSutter,0.24,9.583333333333334,ROUTE_MillsPeninsulaMedicalCenterSutter,0.24,9.583333333333334
37.68527777775087,-121.7611111110659,118.98640126020697,LVO,ROUTE_SutterEdenMedicalCenter,0.4116389407790161,28.26833333333333,ROUTE_StanfordHealthCareTriValley,0.27715644419908125,16.87,ROUTE_SutterEdenMedicalCenter,0.4116389407790161,28.26833333333333,ROUTE_StanfordHealthCareTriValley,0.27715644419908125,16.87
37.730833333306464,-121.92833333328826,167.21929324303238,LVO,ROUTE_SutterEdenMedicalCenter,0.26275927646774566,20.741666666666667,ROUTE_SanRamonRegionalMedicalCenter,0.2655456395868216,10.385,ROUTE_SutterEdenMedicalCenter,0.26275927646774566,20.741666666666667,ROUTE_SanRamonRegionalMedicalCenter,0.2655456395868216,10.385
37.66499999997308,-122.40416666662198,42.425370116124974,HEMORRHAGIC,ROUTE_MillsPeninsulaMedicalCenterSutter,0.24,11.770000000000001,ROUTE_KaiserFoundationHospitalSouthSanFrancisco,0.24,10.748333333333333,ROUTE_MillsPeninsulaMedicalCenterSutter,0.24,11.770000000000001,ROUTE_KaiserFoundationHospitalSouthSanFrancisco,0.24,10.748333333333333
37.75472222219537,-122.50277777773316,262.59317274746763,LVO,ROUTE_UCSFMedicalCenter,0.24466880000000002,10.358333333333333,ROUTE_UCSFMedicalCenter,0.24466880000000002,10.358333333333333,ROUTE_UCSFMedicalCenter,0.24466880000000002,10.358333333333333,ROUTE_UCSFMedicalCenter,0.24466880000000002,10.358333333333333
37.78388888886206,-122.43277777773311,42.978783638485595,LVO,ROUTE_CPMCDaviesCampusSutter,0.44994363314848074,6.0233333333333325,ROUTE_CPMCVanNessCampusSutter,0.30421165806121664,3.006666666666667,ROUTE_CPMCDaviesCampusSutter,0.44994363314848074,6.0233333333333325,ROUTE_CPMCVanNessCampusSutter,0.30421165806121664,3.006666666666667
37.98888888886222,-121.77722222217703,141.68699433799458,HEMORRHAGIC,ROUTE_JohnMuirMedicalCenterWalnutCreekCampus,0.24,33.18833333333333,ROUTE_SutterDeltaMedicalCenter,0.24,7.175,ROUTE_JohnMuirMedicalCenterWalnutCreekCampus,0.24,33.18833333333333,ROUTE_KaiserFoundationHospitalAntioch,0.24,10.25
37.49277777775072,-121.9227777777327,96.89553853080808,LVO,ROUTE_RegionalMedicalCenterOfSanJose,0.4248958968520873,15.736666666666668,ROUTE_RegionalMedicalCenterOfSanJose,0.4248958968520873,15.736666666666668,ROUTE_RegionalMedicalCenterOfSanJose,0.4248958968520873,15.736666666666668,ROUTE_RegionalMedicalCenterOfSanJose,0.4248958968520873,15.736666666666668
37.89055555552881,-122.30499999995523,73.13919429927519,LVO,ROUTE_CPMCDaviesCampusSutter,0.4279525393349635,31.608333333333334,ROUTE_KaiserFoundationHospitalRichmondCampus,0.2913599087426675,14.375,ROUTE_CPMCDaviesCampusSutter,0.4279525393349635,31.608333333333334,ROUTE_KaiserFoundationHospitalRichmondCampus,0.2913599087426675,14.375
37.806666666639856,-122.2433333332885,255.49341349757242,HEMORRHAGIC,ROUTE_HighlandHospitalWilmaChanCampus,0.24,4.495,ROUTE_HighlandHospitalWilmaChanCampus,0.24,4.495,ROUTE_SutterEdenMedicalCenter,0.24,20.178333333333335,ROUTE_HighlandHospitalWilmaChanCampus,0.24,4.495
38.0005555555289,-122.60277777773324,260.00404699838134,MIMIC,ROUTE_MarinHealthMedicalCenter,0.9,17.48,ROUTE_MarinHealthMedicalCenter,0.9,17.48,ROUTE_UCSFMedicalCenter,0.9,50.10666666666667,ROUTE_MarinHealthMedicalCenter,0.9,17.48
37.78666666663984,-122.2030555555107,193.62630924167664,NLVO,ROUTE_HighlandHospitalWilmaChanCampus,0.5086608156782575,6.636666666666667,ROUTE_HighlandHospitalWilmaChanCampus,0.5086608156782575,6.636666666666667,ROUTE_SutterEdenMedicalCenter,0.502983967583999,17.448333333333334,ROUTE_HighlandHospitalWilmaChanCampus,0.5086608156782575,6.636666666666667
37.575833333306335,-121.96361111106607,263.76137369801364,LVO,ROUTE_KaiserFoundationHospitalFremont,0.24466880000000002,10.296666666666665,ROUTE_KaiserFoundationHospitalFremont,0.24466880000000002,10.296666666666665,ROUTE_RegionalMedicalCenterOfSanJose,0.24466880000000002,29.134999999999998,ROUTE_KaiserFoundationHospitalFremont,0.24466880000000002,10.296666666666665
37.68749999997309,-121.88583333328822,136.562873470677,NLVO,ROUTE_SutterEdenMedicalCenter,0.5312166888771532,20.52,ROUTE_StanfordHealthCareTriValley,0.540402662609705,2.8316666666666666,ROUTE_SutterEdenMedicalCenter,0.5312166888771532,20.52,ROUTE_StanfordHealthCareTriValley,0.540402662609705,2.8316666666666666
37.716111111084224,-121.8583333332882,75.64284660652395,HEMORRHAGIC,ROUTE_SutterEdenMedicalCenter,0.24,21.956666666666667,ROUTE_StanfordHealthCareTriValley,0.24,9.75,ROUTE_SutterEdenMedicalCenter,0.24,21.956666666666667,ROUTE_StanfordHealthCareTriValley,0.24,9.75
38.06472222219562,-122.53694444439985,55.87190987333459,LVO,ROUTE_UCSFMedicalCenter,0.4293892679775313,45.181666666666665,ROUTE_NovatoCommunityHospitalSutter,0.29840876026407936,8.625,ROUTE_UCSFMedicalCenter,0.4293892679775313,45.181666666666665,ROUTE_NovatoCommunityHospitalSutter,0.29840876026407936,8.625
37.73611111108424,-122.15249999995511,226.26540234219107,LVO,ROUTE_SanLeandroHospitalAlamedaHealthSystem,0.24466880000000002,8.173333333333334,ROUTE_SanLeandroHospitalAlamedaHealthSystem,0.24466880000000002,8.173333333333334,ROUTE_SutterEdenMedicalCenter,0.24466880000000002,12.610000000000001,ROUTE_KaiserFoundationHospitalSanLeandro,0.24466880000000002,11.686666666666667
37.55277777775076,-121.9455555555105,104.06316032818884,HEMORRHAGIC,ROUTE_RegionalMedicalCenterOfSanJose,0.24,21.466666666666665,ROUTE_KaiserFoundationHospitalFremont,0.24,6.45,ROUTE_RegionalMedicalCenterOfSanJose,0.24,21.466666666666665,ROUTE_KaiserFoundationHospitalFremont,0.24,6.45
37.970555555528875,-122.50333333328872,55.74710436191994,NLVO,ROUTE_UCSFMedicalCenter,0.5629736589929365,39.92666666666666,ROUTE_MarinHealthMedicalCenter,0.5767624817522671,13.033333333333333,ROUTE_UCSFMedicalCenter,0.5629736589929365,39.92666666666666,ROUTE_MarinHealthMedicalCenter,0.5767624817522671,13.033333333333333
37.780277777750946,-122.20472222217737,129.63245762303922,LVO,ROUTE_SutterEdenMedicalCenter,0.41143836524999433,18.151666666666664,ROUTE_HighlandHospitalWilmaChanCampus,0.27686807727131624,7.235,ROUTE_SutterEdenMedicalCenter,0.41143836524999433,18.151666666666664,ROUTE_HighlandHospitalWilmaChanCampus,0.27686807727131624,7.235
37.37277777775062,-122.09611111106616,98.99683626233268,LVO,ROUTE_ElCaminoHealthMountainView,0.4277533880558328,6.263333333333334,ROUTE_ElCaminoHealthMountainView,0.4277533880558328,6.263333333333334,ROUTE_ElCaminoHealthMountainView,0.4277533880558328,6.263333333333334,ROUTE_ElCaminoHealthMountainView,0.4277533880558328,6.263333333333334
37.728888888862016,-122.15305555551066,136.2190969786024,HEMORRHAGIC,ROUTE_SutterEdenMedicalCenter,0.24,13.623333333333333,ROUTE_SanLeandroHospitalAlamedaHealthSystem,0.24,7.753333333333333,ROUTE_SutterEdenMedicalCenter,0.24,13.623333333333333,ROUTE_KaiserFoundationHospitalSanLeandro,0.24,12.363333333333333
37.792777777750956,-122.42388888884422,234.4741112309625,LVO,ROUTE_UCSFHealthHydeHospital,0.24466880000000002,1.9849999999999999,ROUTE_UCSFHealthHydeHospital,0.24466880000000002,1.9849999999999999,ROUTE_CPMCDaviesCampusSutter,0.24466880000000002,9.06,ROUTE_UCSFHealthHydeHospital,0.24466880000000002,1.9849999999999999
37.530833333306305,-122.02333333328833,223.81745340560795,NLVO,ROUTE_WashingtonHospitalHealthcareSystem,0.4622,13.045,ROUTE_WashingtonHospitalHealthcareSystem,0.4622,13.045,ROUTE_SutterEdenMedicalCenter,0.4622,24.34333333333333,ROUTE_WashingtonHospitalHealthcareSystem,0.4622,13.045
37.682777777750864,-122.1158333332884,61.826278080032466,LVO,ROUTE_SutterEdenMedicalCenter,0.44145629409272125,8.495,ROUTE_SutterEdenMedicalCenter,0.44145629409272125,8.495,ROUTE_SutterEdenMedicalCenter,0.44145629409272125,8.495,ROUTE_SutterEdenMedicalCenter,0.44145629409272125,8.495
