start_lat,start_lon,t_onset,stroke_type,optimal_action,optimal_action_reward,travel_time_optimal,nearest_hospital_action,nearest_hospital_reward,travel_time_nh,heuristic_1_action,heuristic_1_reward,travel_time_h1,heuristic_2_action,heuristic_2_reward,travel_time_h2
38.45777777775149,-121.82722222217707,45.020711001818164,HEMORRHAGIC,ROUTE_JohnMuirMedicalCenterWalnutCreekCampus,0.24,58.995,ROUTE_KaiserFoundationHospitalVacaville,0.24,12.065,ROUTE_JohnMuirMedicalCenterWalnutCreekCampus,0.24,58.995,ROUTE_KaiserFoundationHospitalVacaville,0.24,12.065
37.93277777775107,-122.03111111106612,94.78120903182094,LVO,ROUTE_JohnMuirMedicalCenterWalnutCreekCampus,0.43020706084090654,5.961666666666667,ROUTE_JohnMuirMedicalCenterWalnutCreekCampus,0.43020706084090654,5.961666666666667,ROUTE_JohnMuirMedicalCenterWalnutCreekCampus,0.43020706084090654,5.961666666666667,ROUTE_JohnMuirMedicalCenterWalnutCreekCampus,0.43020706084090654,5.961666666666667
37.48472222219515,-121.92249999995492,140.47803519895757,LVO,ROUTE_RegionalMedicalCenterOfSanJose,0.40961330436579335,17.33,ROUTE_KaiserFoundationHospitalFremont,0.2725456643795779,16.71,ROUTE_RegionalMedicalCenterOfSanJose,0.40961330436579335,17.33,ROUTE_KaiserFoundationHospitalFremont,0.2725456643795779,16.71
37.87666666663991,-122.07333333328837,90.7991551076374,LVO,ROUTE_JohnMuirMedicalCenterWalnutCreekCampus,0.43002435359470337,12.32,ROUTE_KaiserFoundationHospitalWalnutCreek,0.28887057932694465,7.13,ROUTE_JohnMuirMedicalCenterWalnutCreekCampus,0.43002435359470337,12.32,ROUTE_KaiserFoundationHospitalWalnutCreek,0.28887057932694465,7.13
37.67555555552864,-122.08888888884394,268.85131690266917,HEMORRHAGIC,ROUTE_SutterEdenMedicalCenter,0.24,8.553333333333335,ROUTE_SutterEdenMedicalCenter,0.24,8.553333333333335,ROUTE_SutterEdenMedicalCenter,0.24,8.553333333333335,ROUTE_SutterEdenMedicalCenter,0.24,8.553333333333335
37.746666666639804,-122.47638888884426,123.93833699020199,HEMORRHAGIC,ROUTE_UCSFMedicalCenter,0.24,6.4816666666666665,ROUTE_UCSFMedicalCenter,0.24,6.4816666666666665,ROUTE_UCSFMedicalCenter,0.24,6.4816666666666665,ROUTE_UCSFMedicalCenter,0.24,6.4816666666666665
37.417499999972875,-122.12416666662175,191.38733027612275,HEMORRHAGIC,ROUTE_StanfordHealthCare,0.24,14.03,ROUTE_StanfordHealthCare,0.24,14.03,ROUTE_StanfordHealthCare,0.24,14.03,ROUTE_StanfordHealthCare,0.24,14.03
37.762777777750934,-122.46777777773313,144.80030196744082,HEMORRHAGIC,ROUTE_UCSFMedicalCenter,0.24,2.3916666666666666,ROUTE_UCSFMedicalCenter,0.24,2.3916666666666666,ROUTE_UCSFMedicalCenter,0.24,2.3916666666666666,ROUTE_UCSFMedicalCenter,0.24,2.3916666666666666
37.70277777775088,-122.49194444439982,108.87770448248114,HEMORRHAGIC,ROUTE_CPMCDaviesCampusSutter,0.24,18.381666666666668,ROUTE_AHMCSetonMedicalCenter,0.24,9.295,ROUTE_CPMCDaviesCampusSutter,0.24,18.381666666666668,ROUTE_AHMCSetonMedicalCenter,0.24,9.295
37.99361111108445,-122.26055555551075,139.1802217727834,LVO,ROUTE_JohnMuirMedicalCenterWalnutCreekCampus,0.40664026145728993,30.456666666666667,ROUTE_ContraCostaRegionalMedicalCenter,0.24466880000000002,17.41,ROUTE_JohnMuirMedicalCenterWalnutCreekCampus,0.40664026145728993,30.456666666666667,ROUTE_KaiserFoundationHospitalRichmondCampus,0.2722125454548534,20.266666666666666
37.85972222219545,-122.23861111106629,138.25545705890548,LVO,ROUTE_SutterEdenMedicalCenter,0.4086495250680207,24.153333333333332,ROUTE_AltaBatesSummitMedicalCenterAltaBatesCampus,0.24466880000000002,8.2,ROUTE_SutterEdenMedicalCenter,0.4086495250680207,24.153333333333332,ROUTE_AltaBatesSummitMedicalCenterSummitCampus,0.2735769354640729,14.629999999999999
38.098333333306755,-122.57444444439989,68.03931312040316,LVO,ROUTE_UCSFMedicalCenter,0.4284051573067158,50.776666666666664,ROUTE_NovatoCommunityHospitalSutter,0.29550735981276477,8.37,ROUTE_UCSFMedicalCenter,0.4284051573067158,50.776666666666664,ROUTE_NovatoCommunityHospitalSutter,0.29550735981276477,8.37
37.685555555528644,-122.15083333328843,129.40779675045204,MIMIC,ROUTE_SutterEdenMedicalCenter,0.9,10.806666666666667,ROUTE_KaiserFoundationHospitalSanLeandro,0.9,6.725,ROUTE_SutterEdenMedicalCenter,0.9,10.806666666666667,ROUTE_KaiserFoundationHospitalSanLeandro,0.9,6.725
37.66111111108418,-122.11416666662174,165.38316784265308,LVO,ROUTE_SutterEdenMedicalCenter,0.401099891415323,14.181666666666667,ROUTE_StRoseHospital,0.24466880000000002,8.825,ROUTE_SutterEdenMedicalCenter,0.401099891415323,14.181666666666667,ROUTE_KaiserFoundationHospitalSanLeandro,0.26649009605193985,12.488333333333333
37.425833333306215,-122.1777777777329,73.28558119610872,HEMORRHAGIC,ROUTE_StanfordHealthCare,0.24,6.1483333333333325,ROUTE_StanfordHealthCare,0.24,6.1483333333333325,ROUTE_StanfordHealthCare,0.24,6.1483333333333325,ROUTE_StanfordHealthCare,0.24,6.1483333333333325
37.976111111084435,-122.56777777773321,130.15819578394536,HEMORRHAGIC,ROUTE_UCSFMedicalCenter,0.24,42.96,ROUTE_MarinHealthMedicalCenter,0.24,10.333333333333334,ROUTE_UCSFMedicalCenter,0.24,42.96,ROUTE_MarinHealthMedicalCenter,0.24,10.333333333333334
37.477222222195145,-122.16749999995511,162.89425184140393,NLVO,ROUTE_KaiserFoundationHospitalRedwoodCity,0.523492371211603,12.879999999999999,ROUTE_KaiserFoundationHospitalRedwoodCity,0.523492371211603,12.879999999999999,ROUTE_KaiserFoundationHospitalRedwoodCity,0.523492371211603,12.879999999999999,ROUTE_KaiserFoundationHospitalRedwoodCity,0.523492371211603,12.879999999999999
37.478055555528485,-122.17444444439957,208.17436118247858,HEMORRHAGIC,ROUTE_KaiserFoundationHospitalRedwoodCity,0.24,11.135,ROUTE_KaiserFoundationHospitalRedwoodCity,0.24,11.135,ROUTE_KaiserFoundationHospitalRedwoodCity,0.24,11.135,ROUTE_KaiserFoundationHospitalRedwoodCity,0.24,11.135
38.08361111108452,-122.55305555551098,227.09762641042428,LVO,ROUTE_NovatoCommunityHospitalSutter,0.24466880000000002,9.078333333333335,ROUTE_NovatoCommunityHospitalSutter,0.24466880000000002,9.078333333333335,ROUTE_UCSFMedicalCenter,0.24466880000000002,51.495,ROUTE_NovatoCommunityHospitalSutter,0.24466880000000002,9.078333333333335
38.0030555555289,-122.29472222217744,195.4188595732858,NLVO,ROUTE_KaiserFoundationHospitalRichmondCampus,0.5057930222593034,14.726666666666667,ROUTE_KaiserFoundationHospitalRichmondCampus,0.5057930222593034,14.726666666666667,ROUTE_JohnMuirMedicalCenterWalnutCreekCampus,0.4999519769129568,30.601666666666667,ROUTE_KaiserFoundationHospitalRichmondCampus,0.5057930222593034,14.726666666666667
37.74222222219536,-122.48388888884426,45.640893155813316,HEMORRHAGIC,ROUTE_UCSFMedicalCenter,0.24,8.83,ROUTE_UCSFMedicalCenter,0.24,8.83,ROUTE_UCSFMedicalCenter,0.24,8.83,ROUTE_UCSFMedicalCenter,0.24,8.83
37.86277777775101,-122.24888888884406,88.63658056153972,NLVO,ROUTE_SutterEdenMedicalCenter,0.5578191554760398,24.363333333333333,ROUTE_AltaBatesSummitMedicalCenterAltaBatesCampus,0.4966043613950827,4.385000000000001,ROUTE_SutterEdenMedicalCenter,0.5578191554760398,24.363333333333333,ROUTE_AltaBatesSummitMedicalCenterSummitCampus,0.561763022410638,13.416666666666666
37.784166666639834,-122.4127777777331,93.74931405254561,HEMORRHAGIC,ROUTE_CPMCDaviesCampusSutter,0.24,8.618333333333334,ROUTE_UCSFHealthHydeHospital,0.24,2.935,ROUTE_CPMCDaviesCampusSutter,0.24,8.618333333333334,ROUTE_UCSFHealthHydeHospital,0.24,2.935
37.89666666663993,-122.25888888884408,246.6128469052993,LVO,ROUTE_AltaBatesSummitMedicalCenterAltaBatesCampus,0.24466880000000002,16.778333333333332,ROUTE_AltaBatesSummitMedicalCenterAltaBatesCampus,0.24466880000000002,16.778333333333332,ROUTE_JohnMuirMedicalCenterWalnutCreekCampus,0.24466880000000002,33.89666666666667,ROUTE_KaiserFoundationHospitalRichmondCampus,0.24466880000000002,24.451666666666664
37.88916666663992,-122.29055555551078,105.88515635277078,LVO,ROUTE_CPMCDaviesCampusSutter,0.41882132612867085,32.17666666666666,ROUTE_AltaBatesSummitMedicalCenterAltaBatesCampus,0.24466880000000002,14.338333333333333,ROUTE_CPMCDaviesCampusSutter,0.41882132612867085,32.17666666666666,ROUTE_KaiserFoundationHospitalRichmondCampus,0.2827909697320862,14.943333333333333
38.04499999997338,-122.1361111110662,188.94259666399475,HEMORRHAGIC,ROUTE_SutterSolanoMedicalCenter,0.24,16.903333333333332,ROUTE_ContraCostaRegionalMedicalCenter,0.24,12.125,ROUTE_JohnMuirMedicalCenterWalnutCreekCampus,0.24,22.94,ROUTE_SutterSolanoMedicalCenter,0.24,16.903333333333332
37.559999999972995,-121.98499999995497,132.84066610514355,HEMORRHAGIC,ROUTE_SutterEdenMedicalCenter,0.24,29.456666666666667,ROUTE_WashingtonHospitalHealthcareSystem,0.24,2.3,ROUTE_SutterEdenMedicalCenter,0.24,29.456666666666667,ROUTE_WashingtonHospitalHealthcareSystem,0.24,2.3
37.901111111084376,-122.0566666666217,211.04814685315102,HEMORRHAGIC,ROUTE_KaiserFoundationHospitalWalnutCreek,0.24,4.666666666666667,ROUTE_KaiserFoundationHospitalWalnutCreek,0.24,4.666666666666667,ROUTE_JohnMuirMedicalCenterWalnutCreekCampus,0.24,6.363333333333333,ROUTE_KaiserFoundationHospitalWalnutCreek,0.24,4.666666666666667
37.55972222219521,-122.35777777773305,231.9147324916066,LVO,ROUTE_MillsPeninsulaMedicalCenterSutter,0.24466880000000002,12.891666666666667,ROUTE_MillsPeninsulaMedicalCenterSutter,0.24466880000000002,12.891666666666667,ROUTE_MillsPeninsulaMedicalCenterSutter,0.24466880000000002,12.891666666666667,ROUTE_MillsPeninsulaMedicalCenterSutter,0.24466880000000002,12.891666666666667
37.62694444441749,-122.04749999995502,250.84674504330982,HEMORRHAGIC,ROUTE_StRoseHospital,0.24,10.08,ROUTE_StRoseHospital,0.24,10.08,ROUTE_SutterEdenMedicalCenter,0.24,19.41166666666667,ROUTE_KaiserFoundationHospitalSanLeandro,0.24,17.71833333333333
37.361944444417276,-122.11361111106619,145.0912631143803,HEMORRHAGIC,ROUTE_ElCaminoHealthMountainView,0.24,11.333333333333334,ROUTE_ElCaminoHealthMountainView,0.24,11.333333333333334,ROUTE_ElCaminoHealthMountainView,0.24,11.333333333333334,ROUTE_ElCaminoHealthMountainView,0.24,11.333333333333334
38.272222222195786,-122.02361111106612,204.39505320900807,NLVO,ROUTE_NorthBayMedicalCenter,0.5035672896430985,7.956666666666666,ROUTE_NorthBayMedicalCenter,0.5035672896430985,7.956666666666666,ROUTE_JohnMuirMedicalCenterWalnutCreekCampus,0.4622,42.97666666666667,ROUTE_NorthBayMedicalCenter,0.5035672896430985,7.956666666666666
37.92111111108439,-121.71055555551031,184.75706750350946,MIMIC,ROUTE_KaiserFoundationHospitalAntioch,0.9,15.383333333333333,ROUTE_KaiserFoundationHospitalAntioch,0.9,15.383333333333333,ROUTE_JohnMuirMedicalCenterWalnutCreekCampus,0.9,40.90833333333333,ROUTE_KaiserFoundationHospitalAntioch,0.9,15.383333333333333
37.50249999997295,-122.46499999995535,69.0025677481261,HEMORRHAGIC,ROUTE_MillsPeninsulaMedicalCenterSutter,0.24,35.82166666666667,ROUTE_SanMateoMedicalCenter,0.24,35.611666666666665,ROUTE_MillsPeninsulaMedicalCenterSutter,0.24,35.82166666666667,ROUTE_MillsPeninsulaMedicalCenterSutter,0.24,35.82166666666667
37.78888888886206,-122.19694444439959,97.78423498385575,HEMORRHAGIC,ROUTE_SutterEdenMedicalCenter,0.24,15.551666666666668,ROUTE_HighlandHospitalWilmaChanCampus,0.24,4.983333333333333,ROUTE_SutterEdenMedicalCenter,0.24,15.551666666666668,ROUTE_HighlandHospitalWilmaChanCampus,0.24,4.983333333333333
37.672499999973084,-121.71972222217698,121.25500212016712,MIMIC,ROUTE_SutterEdenMedicalCenter,0.9,33.00666666666667,ROUTE_StanfordHealthCareTriValley,0.9,21.608333333333334,ROUTE_SutterEdenMedicalCenter,0.9,33.00666666666667,ROUTE_StanfordHealthCareTriValley,0.9,21.608333333333334
37.56444444441744,-121.96472222217717,56.16495132953922,LVO,ROUTE_RegionalMedicalCenterOfSanJose,0.44013967546000043,24.978333333333335,ROUTE_KaiserFoundationHospitalFremont,0.4282649342403333,5.3533333333333335,ROUTE_RegionalMedicalCenterOfSanJose,0.44013967546000043,24.978333333333335,ROUTE_KaiserFoundationHospitalFremont,0.4282649342403333,5.3533333333333335
37.698888888861994,-122.1399999999551,121.86951964340152,HEMORRHAGIC,ROUTE_SutterEdenMedicalCenter,0.24,11.05,ROUTE_SanLeandroHospitalAlamedaHealthSystem,0.24,5.5616666666666665,ROUTE_SutterEdenMedicalCenter,0.24,11.05,ROUTE_KaiserFoundationHospitalSanLeandro,0.24,8.511666666666667
37.763611111084266,-122.171388888844,75.27106511909712,HEMORRHAGIC,ROUTE_SutterEdenMedicalCenter,0.24,15.848333333333333,ROUTE_HighlandHospitalWilmaChanCampus,0.24,12.07,ROUTE_SutterEdenMedicalCenter,0.24,15.848333333333333,ROUTE_HighlandHospitalWilmaChanCampus,0.24,12.07
37.700833333306434,-122.06999999995504,36.95914075183674,NLVO,ROUTE_SutterEdenMedicalCenter,0.5907104038763343,6.39,ROUTE_SutterEdenMedicalCenter,0.5907104038763343,6.39,ROUTE_SutterEdenMedicalCenter,0.5907104038763343,6.39,ROUTE_SutterEdenMedicalCenter,0.5907104038763343,6.39
37.789166666639844,-122.41944444439976,247.75250051102705,LVO,ROUTE_UCSFHealthHydeHospital,0.24466880000000002,0.9283333333333333,ROUTE_UCSFHealthHydeHospital,0.24466880000000002,0.9283333333333333,ROUTE_CPMCDaviesCampusSutter,0.24466880000000002,9.001666666666667,ROUTE_UCSFHealthHydeHospital,0.24466880000000002,0.9283333333333333
37.9563888888622,-121.77611111106592,72.46241848080717,MIMIC,ROUTE_JohnMuirMedicalCenterWalnutCreekCampus,0.9,36.01833333333333,ROUTE_KaiserFoundationHospitalAntioch,0.9,3.256666666666667,ROUTE_JohnMuirMedicalCenterWalnutCreekCampus,0.9,36.01833333333333,ROUTE_KaiserFoundationHospitalAntioch,0.9,3.256666666666667
38.25916666664022,-122.64583333328883,41.49123575849998,LVO,ROUTE_UCSFMedicalCenter,0.4350625239814119,64.35666666666667,ROUTE_PetalumaValleyHospitalProvidence,0.30487127011864623,3.4483333333333333,ROUTE_UCSFMedicalCenter,0.4350625239814119,64.35666666666667,ROUTE_PetalumaValleyHospitalProvidence,0.30487127011864623,3.4483333333333333
37.775833333306494,-122.26694444439964,134.9549932046802,MIMIC,ROUTE_SutterEdenMedicalCenter,0.9,23.276666666666664,ROUTE_AlamedaHospital,0.9,5.1850000000000005,ROUTE_SutterEdenMedicalCenter,0.9,23.276666666666664,ROUTE_AlamedaHospital,0.9,5.1850000000000005
37.48305555552849,-121.9202777777327,129.40498185117016,HEMORRHAGIC,ROUTE_RegionalMedicalCenterOfSanJose,0.24,18.45,ROUTE_KaiserFoundationHospitalFremont,0.24,17.828333333333333,ROUTE_RegionalMedicalCenterOfSanJose,0.24,18.45,ROUTE_KaiserFoundationHospitalFremont,0.24,17.828333333333333
37.568333333306335,-122.35138888884416,56.4670493169464,LVO,ROUTE_MillsPeninsulaMedicalCenterSutter,0.4442596498160454,9.695,ROUTE_MillsPeninsulaMedicalCenterSutter,0.4442596498160454,9.695,ROUTE_MillsPeninsulaMedicalCenterSutter,0.4442596498160454,9.695,ROUTE_MillsPeninsulaMedicalCenterSutter,0.4442596498160454,9.695
37.391111111083966,-122.22972222217739,96.88873342787745,HEMORRHAGIC,ROUTE_StanfordHealthCare,0.24,25.766666666666666,ROUTE_StanfordHealthCare,0.24,25.766666666666666,ROUTE_StanfordHealthCare,0.24,25.766666666666666,ROUTE_StanfordHealthCare,0.24,25.766666666666666
37.600833333306355,-122.06138888884392,58.46317529540958,LVO,ROUTE_SutterEdenMedicalCenter,0.4420200529575373,14.906666666666666,ROUTE_StRoseHospital,0.3973989257941699,5.745,ROUTE_SutterEdenMedicalCenter,0.4420200529575373,14.906666666666666,ROUTE_KaiserFoundationHospitalSanLeandro,0.4270695040214375,13.215
37.65249999997307,-122.47777777773314,83.34723332166634,LVO,ROUTE_MillsPeninsulaMedicalCenterSutter,0.43185368887305525,16.268333333333334,ROUTE_AHMCSetonMedicalCenter,0.29113176072800495,7.031666666666666,ROUTE_MillsPeninsulaMedicalCenterSutter,0.43185368887305525,16.268333333333334,ROUTE_AHMCSetonMedicalCenter,0.29113176072800495,7.031666666666666
37.68027777775087,-121.9177777777327,86.08338798123692,HEMORRHAGIC,ROUTE_SutterEdenMedicalCenter,0.24,19.581666666666667,ROUTE_StanfordHealthCareTriValley,0.24,7.661666666666666,ROUTE_SutterEdenMedicalCenter,0.24,19.581666666666667,ROUTE_StanfordHealthCareTriValley,0.24,7.661666666666666
38.26833333330689,-122.49194444439982,235.95566240536704,NLVO,ROUTE_SonomaValleyHospital,0.4622,6.528333333333333,ROUTE_SonomaValleyHospital,0.4622,6.528333333333333,ROUTE_JohnMuirMedicalCenterWalnutCreekCampus,0.4622,63.89666666666667,ROUTE_SonomaValleyHospital,0.4622,6.528333333333333
37.764999999973156,-122.44388888884423,198.06291605649986,LVO,ROUTE_CPMCDaviesCampusSutter,0.2594667328091621,3.3133333333333335,ROUTE_CPMCDaviesCampusSutter,0.2594667328091621,3.3133333333333335,ROUTE_CPMCDaviesCampusSutter,0.2594667328091621,3.3133333333333335,ROUTE_CPMCDaviesCampusSutter,0.2594667328091621,3.3133333333333335
37.80999999997319,-122.2586111110663,239.38035092394603,LVO,ROUTE_AltaBatesSummitMedicalCenterSummitCampus,0.24466880000000002,5.368333333333334,ROUTE_AltaBatesSummitMedicalCenterSummitCampus,0.24466880000000002,5.368333333333334,ROUTE_SutterEdenMedicalCenter,0.24466880000000002,22.091666666666665,ROUTE_AltaBatesSummitMedicalCenterSummitCampus,0.24466880000000002,5.368333333333334
37.789166666639844,-122.4227777777331,118.58097482610114,LVO,ROUTE_CPMCDaviesCampusSutter,0.4204621002959376,7.931666666666667,ROUTE_UCSFHealthHydeHospital,0.28175444999193594,1.885,ROUTE_CPMCDaviesCampusSutter,0.4204621002959376,7.931666666666667,ROUTE_UCSFHealthHydeHospital,0.28175444999193594,1.885
37.77972222219539,-122.44388888884423,75.4022948559339,HEMORRHAGIC,ROUTE_CPMCDaviesCampusSutter,0.24,5.75,ROUTE_KaiserFoundationHospitalSanFrancisco,0.24,2.6983333333333333,ROUTE_CPMCDaviesCampusSutter,0.24,5.75,ROUTE_KaiserFoundationHospitalSanFrancisco,0.24,2.6983333333333333
37.42472222219511,-121.87444444439933,99.95971839233039,HEMORRHAGIC,ROUTE_RegionalMedicalCenterOfSanJose,0.24,12.32,ROUTE_RegionalMedicalCenterOfSanJose,0.24,12.32,ROUTE_RegionalMedicalCenterOfSanJose,0.24,12.32,ROUTE_RegionalMedicalCenterOfSanJose,0.24,12.32
37.72555555552868,-121.73055555551032,230.40966519010135,HEMORRHAGIC,ROUTE_StanfordHealthCareTriValley,0.24,18.716666666666665,ROUTE_StanfordHealthCareTriValley,0.24,18.716666666666665,ROUTE_SutterEdenMedicalCenter,0.24,30.115000000000002,ROUTE_StanfordHealthCareTriValley,0.24,18.716666666666665
37.823333333306536,-122.25027777773296,161.07708407956983,LVO,ROUTE_SutterEdenMedicalCenter,0.4009361263928105,20.961666666666666,ROUTE_KaiserFoundationHospitalOaklandRichmond,0.2693854982661168,3.5383333333333336,ROUTE_SutterEdenMedicalCenter,0.4009361263928105,20.961666666666666,ROUTE_KaiserFoundationHospitalOaklandRichmond,0.2693854982661168,3.5383333333333336
37.64277777775084,-122.0819444443995,114.49144412327699,NLVO,ROUTE_SutterEdenMedicalCenter,0.5474938799970561,16.01,ROUTE_StRoseHospital,0.4622,5.666666666666667,ROUTE_SutterEdenMedicalCenter,0.5474938799970561,16.01,ROUTE_KaiserFoundationHospitalSanLeandro,0.5481067098685439,14.316666666666666
37.99611111108445,-122.3533333332886,257.5465279847025,HEMORRHAGIC,ROUTE_KaiserFoundationHospitalRichmondCampus,0.24,12.296666666666665,ROUTE_KaiserFoundationHospitalRichmondCampus,0.24,12.296666666666665,ROUTE_JohnMuirMedicalCenterWalnutCreekCampus,0.24,37.388333333333335,ROUTE_KaiserFoundationHospitalRichmondCampus,0.24,12.296666666666665
37.41777777775066,-122.12805555551064,135.27412725158828,MIMIC,ROUTE_StanfordHealthCare,0.9,13.921666666666665,ROUTE_StanfordHealthCare,0.9,13.921666666666665,ROUTE_StanfordHealthCare,0.9,13.921666666666665,ROUTE_StanfordHealthCare,0.9,13.921666666666665
37.431388888861775,-121.87305555551043,74.62228908243415,NLVO,ROUTE_RegionalMedicalCenterOfSanJose,0.5691193593221452,12.975,ROUTE_RegionalMedicalCenterOfSanJose,0.5691193593221452,12.975,ROUTE_RegionalMedicalCenterOfSanJose,0.5691193593221452,12.975,ROUTE_RegionalMedicalCenterOfSanJose,0.5691193593221452,12.975
37.759444444417596,-122.4352777777331,125.1894503035351,NLVO,ROUTE_CPMCDaviesCampusSutter,0.5465256606228254,3.4016666666666664,ROUTE_CPMCDaviesCampusSutter,0.5465256606228254,3.4016666666666664,ROUTE_CPMCDaviesCampusSutter,0.5465256606228254,3.4016666666666664,ROUTE_CPMCDaviesCampusSutter,0.5465256606228254,3.4016666666666664
37.57222222219522,-122.08166666662171,200.31701152787647,LVO,ROUTE_WashingtonHospitalHealthcareSystem,0.255437893613098,22.211666666666666,ROUTE_StRoseHospital,0.24466880000000002,14.948333333333332,ROUTE_SutterEdenMedicalCenter,0.2548553456426811,25.448333333333334,ROUTE_WashingtonHospitalHealthcareSystem,0.255437893613098,22.211666666666666
37.771111111084274,-121.99194444439942,83.63394237677474,MIMIC,ROUTE_SutterEdenMedicalCenter,0.9,21.48166666666667,ROUTE_SanRamonRegionalMedicalCenter,0.9,8.643333333333334,ROUTE_SutterEdenMedicalCenter,0.9,21.48166666666667,ROUTE_SanRamonRegionalMedicalCenter,0.9,8.643333333333334
37.70111111108422,-122.14638888884399,60.69141038336667,MIMIC,ROUTE_SutterEdenMedicalCenter,0.9,12.513333333333332,ROUTE_SanLeandroHospitalAlamedaHealthSystem,0.9,6.013333333333334,ROUTE_SutterEdenMedicalCenter,0.9,12.513333333333332,ROUTE_KaiserFoundationHospitalSanLeandro,0.9,7.73
37.91749999997328,-122.31333333328857,258.34620668658306,LVO,ROUTE_KaiserFoundationHospitalRichmondCampus,0.24466880000000002,12.298333333333334,ROUTE_KaiserFoundationHospitalRichmondCampus,0.24466880000000002,12.298333333333334,ROUTE_CPMCDaviesCampusSutter,0.24466880000000002,31.395,ROUTE_KaiserFoundationHospitalRichmondCampus,0.24466880000000002,12.298333333333334
37.908055555528826,-122.26916666662187,108.38093778001713,HEMORRHAGIC,ROUTE_JohnMuirMedicalCenterWalnutCreekCampus,0.24,34.08166666666667,ROUTE_AltaBatesSummitMedicalCenterAltaBatesCampus,0.24,16.58,ROUTE_JohnMuirMedicalCenterWalnutCreekCampus,0.24,34.08166666666667,ROUTE_KaiserFoundationHospitalRichmondCampus,0.24,18.94
38.28555555552913,-122.05305555551058,138.78069689251544,LVO,ROUTE_JohnMuirMedicalCenterWalnutCreekCampus,0.4037774827333741,41.934999999999995,ROUTE_NorthBayMedicalCenter,0.27421602602905804,10.635,ROUTE_JohnMuirMedicalCenterWalnutCreekCampus,0.4037774827333741,41.934999999999995,ROUTE_NorthBayMedicalCenter,0.27421602602905804,10.635
37.54833333330632,-122.30833333328856,222.23652058158558,HEMORRHAGIC,ROUTE_SanMateoMedicalCenter,0.24,6.593333333333334,ROUTE_SanMateoMedicalCenter,0.24,6.593333333333334,ROUTE_KaiserFoundationHospitalRedwoodCity,0.24,13.97,ROUTE_KaiserFoundationHospitalRedwoodCity,0.24,13.97
37.896944444417706,-122.27138888884409,114.35366823574113,LVO,ROUTE_JohnMuirMedicalCenterWalnutCreekCampus,0.41550774189555595,32.461666666666666,ROUTE_AltaBatesSummitMedicalCenterAltaBatesCampus,0.24466880000000002,13.253333333333334,ROUTE_JohnMuirMedicalCenterWalnutCreekCampus,0.41550774189555595,32.461666666666666,ROUTE_KaiserFoundationHospitalRichmondCampus,0.2793363504051483,19.85666666666667
37.98138888886222,-121.83777777773263,36.11670963344922,HEMORRHAGIC,ROUTE_JohnMuirMedicalCenterWalnutCreekCampus,0.24,31.378333333333334,ROUTE_SutterDeltaMedicalCenter,0.24,7.305000000000001,ROUTE_JohnMuirMedicalCenterWalnutCreekCampus,0.24,31.378333333333334,ROUTE_KaiserFoundationHospitalAntioch,0.24,12.995000000000001
37.7177777777509,-122.45861111106646,94.34038178059764,LVO,ROUTE_UCSFMedicalCenter,0.42818303671144053,14.020000000000001,ROUTE_CPMCMissionBernalCampusSutter,0.2874144339195305,9.04,ROUTE_UCSFMedicalCenter,0.42818303671144053,14.020000000000001,ROUTE_CPMCMissionBernalCampusSutter,0.2874144339195305,9.04
38.29111111108469,-122.02749999995501,97.9853499376887,LVO,ROUTE_JohnMuirMedicalCenterWalnutCreekCampus,0.41866585764895736,44.041666666666664,ROUTE_NorthBayMedicalCenter,0.2855646835858442,12.743333333333334,ROUTE_JohnMuirMedicalCenterWalnutCreekCampus,0.41866585764895736,44.041666666666664,ROUTE_NorthBayMedicalCenter,0.2855646835858442,12.743333333333334
37.679999999973084,-122.49166666662204,124.0994491285598,MIMIC,ROUTE_MillsPeninsulaMedicalCenterSutter,0.9,19.866666666666667,ROUTE_AHMCSetonMedicalCenter,0.9,7.086666666666667,ROUTE_MillsPeninsulaMedicalCenterSutter,0.9,19.866666666666667,ROUTE_AHMCSetonMedicalCenter,0.9,7.086666666666667
37.503611111084055,-122.27333333328853,65.98642972210402,LVO,ROUTE_KaiserFoundationHospitalRedwoodCity,0.4392768494594451,14.068333333333333,ROUTE_SequoiaHospital,0.42590499359734263,8.353333333333333,ROUTE_KaiserFoundationHospitalRedwoodCity,0.4392768494594451,14.068333333333333,ROUTE_SequoiaHospital,0.42590499359734263,8.353333333333333
37.90777777775105,-122.31249999995524,122.28614222884454,HEMORRHAGIC,ROUTE_CPMCDaviesCampusSutter,0.24,30.076666666666664,ROUTE_KaiserFoundationHospitalRichmondCampus,0.24,10.575,ROUTE_CPMCDaviesCampusSutter,0.24,30.076666666666664,ROUTE_KaiserFoundationHospitalRichmondCampus,0.24,10.575
37.80138888886207,-122.43888888884422,137.6680224221353,LVO,ROUTE_CPMCDaviesCampusSutter,0.41272621102459506,9.6,ROUTE_KaiserFoundationHospitalSanFrancisco,0.2754199850662277,6.136666666666667,ROUTE_CPMCDaviesCampusSutter,0.41272621102459506,9.6,ROUTE_KaiserFoundationHospitalSanFrancisco,0.2754199850662277,6.136666666666667
37.762222222195376,-122.20499999995515,159.072391988066,LVO,ROUTE_SutterEdenMedicalCenter,0.40234449798840516,18.426666666666666,ROUTE_HighlandHospitalWilmaChanCampus,0.26848830747635816,11.06,ROUTE_SutterEdenMedicalCenter,0.40234449798840516,18.426666666666666,ROUTE_HighlandHospitalWilmaChanCampus,0.26848830747635816,11.06
37.86027777775101,-122.13555555551065,182.95506859827657,NLVO,ROUTE_JohnMuirMedicalCenterWalnutCreekCampus,0.508872143041164,24.15,ROUTE_KaiserFoundationHospitalWalnutCreek,0.5097054250600143,21.88,ROUTE_JohnMuirMedicalCenterWalnutCreekCampus,0.508872143041164,24.15,ROUTE_KaiserFoundationHospitalWalnutCreek,0.5097054250600143,21.88
38.11944444441788,-122.57249999995544,235.22709202029827,LVO,ROUTE_NovatoCommunityHospitalSutter,0.24466880000000002,8.491666666666667,ROUTE_NovatoCommunityHospitalSutter,0.24466880000000002,8.491666666666667,ROUTE_UCSFMedicalCenter,0.24466880000000002,49.73833333333334,ROUTE_NovatoCommunityHospitalSutter,0.24466880000000002,8.491666666666667
38.09583333330675,-122.57083333328877,152.49523102956107,HEMORRHAGIC,ROUTE_UCSFMedicalCenter,0.24,49.626666666666665,ROUTE_NovatoCommunityHospitalSutter,0.24,7.21,ROUTE_UCSFMedicalCenter,0.24,49.626666666666665,ROUTE_NovatoCommunityHospitalSutter,0.24,7.21
37.686388888861984,-122.13944444439954,257.0608049645933,HEMORRHAGIC,ROUTE_KaiserFoundationHospitalSanLeandro,0.24,7.7283333333333335,ROUTE_KaiserFoundationHospitalSanLeandro,0.24,7.7283333333333335,ROUTE_SutterEdenMedicalCenter,0.24,8.913333333333332,ROUTE_KaiserFoundationHospitalSanLeandro,0.24,7.7283333333333335
37.58666666663968,-122.07861111106615,105.37827781419207,NLVO,ROUTE_SutterEdenMedicalCenter,0.5500283017719593,22.023333333333333,ROUTE_StRoseHospital,0.4622,11.521666666666667,ROUTE_SutterEdenMedicalCenter,0.5500283017719593,22.023333333333333,ROUTE_WashingtonHospitalHealthcareSystem,0.5507261093638753,20.09333333333333
37.794166666639846,-122.40694444439976,217.4341570332869,HEMORRHAGIC,ROUTE_ChineseHospital,0.24,1.4033333333333333,ROUTE_ChineseHospital,0.24,1.4033333333333333,ROUTE_CPMCDaviesCampusSutter,0.24,10.705,ROUTE_ChineseHospital,0.24,1.4033333333333333
37.660555555528624,-122.06638888884393,111.01519044621776,HEMORRHAGIC,ROUTE_SutterEdenMedicalCenter,0.24,14.245000000000001,ROUTE_StRoseHospital,0.24,10.488333333333333,ROUTE_SutterEdenMedicalCenter,0.24,14.245000000000001,ROUTE_SutterEdenMedicalCenter,0.24,14.245000000000001
37.40138888886175,-122.19694444439959,259.501461992279,HEMORRHAGIC,ROUTE_StanfordHealthCare,0.24,14.628333333333334,ROUTE_StanfordHealthCare,0.24,14.628333333333334,ROUTE_StanfordHealthCare,0.24,14.628333333333334,ROUTE_StanfordHealthCare,0.24,14.628333333333334
37.52416666663963,-121.96194444439939,253.86431991422572,LVO,ROUTE_KaiserFoundationHospitalFremont,0.24466880000000002,9.375,ROUTE_KaiserFoundationHospitalFremont,0.24466880000000002,9.375,ROUTE_RegionalMedicalCenterOfSanJose,0.24466880000000002,21.743333333333332,ROUTE_KaiserFoundationHospitalFremont,0.24466880000000002,9.375
37.71861111108423,-122.14472222217732,62.06762742074686,LVO,ROUTE_SutterEdenMedicalCenter,0.4414847275713185,11.688333333333333,ROUTE_SanLeandroHospitalAlamedaHealthSystem,0.3985646577629386,1.91,ROUTE_SutterEdenMedicalCenter,0.4414847275713185,11.688333333333333,ROUTE_KaiserFoundationHospitalSanLeandro,0.4266211559279348,9.681666666666667
37.752222222195364,-121.9555555555105,260.04639412107474,HEMORRHAGIC,ROUTE_SanRamonRegionalMedicalCenter,0.24,8.818333333333333,ROUTE_SanRamonRegionalMedicalCenter,0.24,8.818333333333333,ROUTE_SutterEdenMedicalCenter,0.24,21.891666666666666,ROUTE_SanRamonRegionalMedicalCenter,0.24,8.818333333333333
37.69027777775087,-121.7788888888437,75.16722310710594,HEMORRHAGIC,ROUTE_SutterEdenMedicalCenter,0.24,25.255,ROUTE_StanfordHealthCareTriValley,0.24,13.856666666666666,ROUTE_SutterEdenMedicalCenter,0.24,25.255,ROUTE_StanfordHealthCareTriValley,0.24,13.856666666666666
37.37749999997285,-122.07305555551059,169.98387906591665,HEMORRHAGIC,ROUTE_ElCaminoHealthMountainView,0.24,5.258333333333334,ROUTE_ElCaminoHealthMountainView,0.24,5.258333333333334,ROUTE_ElCaminoHealthMountainView,0.24,5.258333333333334,ROUTE_ElCaminoHealthMountainView,0.24,5.258333333333334
37.80333333330652,-122.21583333328849,233.78438073113026,NLVO,ROUTE_HighlandHospitalWilmaChanCampus,0.4622,3.955,ROUTE_HighlandHospitalWilmaChanCampus,0.4622,3.955,ROUTE_SutterEdenMedicalCenter,0.4622,19.078333333333333,ROUTE_HighlandHospitalWilmaChanCampus,0.4622,3.955
37.784999999973174,-122.47777777773314,244.71177237907452,LVO,ROUTE_KaiserFoundationHospitalSanFrancisco,0.24466880000000002,7.326666666666667,ROUTE_KaiserFoundationHospitalSanFrancisco,0.24466880000000002,7.326666666666667,ROUTE_UCSFMedicalCenter,0.24466880000000002,10.546666666666665,ROUTE_KaiserFoundationHospitalSanFrancisco,0.24466880000000002,7.326666666666667
37.543888888861865,-121.94694444439939,101.52122977054583,LVO,ROUTE_RegionalMedicalCenterOfSanJose,0.4231732362777657,22.243333333333332,ROUTE_KaiserFoundationHospitalFremont,0.285831725355003,6.401666666666667,ROUTE_RegionalMedicalCenterOfSanJose,0.4231732362777657,22.243333333333332,ROUTE_KaiserFoundationHospitalFremont,0.285831725355003,6.401666666666667
37.96805555552887,-121.76388888884368,154.16375000908093,LVO,ROUTE_JohnMuirMedicalCenterWalnutCreekCampus,0.39953986109309275,36.20333333333333,ROUTE_KaiserFoundationHospitalAntioch,0.2705585524343781,7.3533333333333335,ROUTE_JohnMuirMedicalCenterWalnutCreekCampus,0.39953986109309275,36.20333333333333,ROUTE_KaiserFoundationHospitalAntioch,0.2705585524343781,7.3533333333333335
37.80166666663985,-122.44583333328868,140.2092589090667,HEMORRHAGIC,ROUTE_CPMCDaviesCampusSutter,0.24,9.698333333333332,ROUTE_KaiserFoundationHospitalSanFrancisco,0.24,6.235,ROUTE_CPMCDaviesCampusSutter,0.24,9.698333333333332,ROUTE_KaiserFoundationHospitalSanFrancisco,0.24,6.235
37.77777777775094,-122.40583333328864,70.545166794101,NLVO,ROUTE_CPMCDaviesCampusSutter,0.5728065952127288,8.521666666666667,ROUTE_UCSFHealthHydeHospital,0.5734673575147509,6.678333333333333,ROUTE_CPMCDaviesCampusSutter,0.5728065952127288,8.521666666666667,ROUTE_UCSFHealthHydeHospital,0.5734673575147509,6.678333333333333
37.466944444417365,-122.14666666662177,146.04644256662797,LVO,ROUTE_KaiserFoundationHospitalRedwoodCity,0.4092714947690486,10.668333333333333,ROUTE_KaiserFoundationHospitalRedwoodCity,0.4092714947690486,10.668333333333333,ROUTE_KaiserFoundationHospitalRedwoodCity,0.4092714947690486,10.668333333333333,ROUTE_KaiserFoundationHospitalRedwoodCity,0.4092714947690486,10.668333333333333
38.00611111108446,-121.94638888884383,180.54379447014412,LVO,ROUTE_JohnMuirMedicalCenterWalnutCreekCampus,0.2600108098558268,25.388333333333332,ROUTE_JohnMuirMedicalCenterConcordCampus,0.2618200530566346,15.628333333333334,ROUTE_JohnMuirMedicalCenterWalnutCreekCampus,0.2600108098558268,25.388333333333332,ROUTE_JohnMuirMedicalCenterConcordCampus,0.2618200530566346,15.628333333333334
37.48749999997293,-122.23194444439962,95.24587845502833,LVO,ROUTE_KaiserFoundationHospitalRedwoodCity,0.43055946465118183,4.006666666666667,ROUTE_KaiserFoundationHospitalRedwoodCity,0.43055946465118183,4.006666666666667,ROUTE_KaiserFoundationHospitalRedwoodCity,0.43055946465118183,4.006666666666667,ROUTE_KaiserFoundationHospitalRedwoodCity,0.43055946465118183,4.006666666666667
37.56805555552855,-122.37472222217751,265.438696878619,MIMIC,ROUTE_MillsPeninsulaMedicalCenterSutter,0.9,12.448333333333332,ROUTE_MillsPeninsulaMedicalCenterSutter,0.9,12.448333333333332,ROUTE_MillsPeninsulaMedicalCenterSutter,0.9,12.448333333333332,ROUTE_MillsPeninsulaMedicalCenterSutter,0.9,12.448333333333332
37.814999999973196,-122.25916666662185,145.64599277963526,MIMIC,ROUTE_SutterEdenMedicalCenter,0.9,19.933333333333334,ROUTE_AltaBatesSummitMedicalCenterSummitCampus,0.9,3.7783333333333333,ROUTE_SutterEdenMedicalCenter,0.9,19.933333333333334,ROUTE_AltaBatesSummitMedicalCenterSummitCampus,0.9,3.7783333333333333
37.45333333330624,-121.91861111106603,168.87598470769473,LVO,ROUTE_RegionalMedicalCenterOfSanJose,0.2647195135170919,16.835,ROUTE_OConnorHospital,0.2649572797904313,15.576666666666666,ROUTE_RegionalMedicalCenterOfSanJose,0.2647195135170919,16.835,ROUTE_OConnorHospital,0.2649572797904313,15.576666666666666
37.8061111110843,-122.2888888888441,202.66347555188034,HEMORRHAGIC,ROUTE_KaiserFoundationHospitalOaklandRichmond,0.24,8.818333333333333,ROUTE_KaiserFoundationHospitalOaklandRichmond,0.24,8.818333333333333,ROUTE_SutterEdenMedicalCenter,0.24,24.611666666666668,ROUTE_KaiserFoundationHospitalOaklandRichmond,0.24,8.818333333333333
37.52694444441741,-122.0527777777328,77.85756123467368,MIMIC,ROUTE_KaiserFoundationHospitalRedwoodCity,0.9,24.705,ROUTE_StRoseHospital,0.9,16.26,ROUTE_KaiserFoundationHospitalRedwoodCity,0.9,24.705,ROUTE_WashingtonHospitalHealthcareSystem,0.9,17.803333333333335
37.96749999997332,-122.00194444439943,197.0026582904509,HEMORRHAGIC,ROUTE_JohnMuirMedicalCenterConcordCampus,0.24,7.741666666666666,ROUTE_JohnMuirMedicalCenterConcordCampus,0.24,7.741666666666666,ROUTE_JohnMuirMedicalCenterWalnutCreekCampus,0.24,13.366666666666667,ROUTE_JohnMuirMedicalCenterConcordCampus,0.24,7.741666666666666
37.650277777750844,-122.01749999995499,232.77190018951075,HEMORRHAGIC,ROUTE_StRoseHospital,0.24,19.548333333333336,ROUTE_StRoseHospital,0.24,19.548333333333336,ROUTE_SutterEdenMedicalCenter,0.24,20.89,ROUTE_SutterEdenMedicalCenter,0.24,20.89
37.71249999997311,-122.03472222217724,213.6718311406969,LVO,ROUTE_SutterEdenMedicalCenter,0.2536352010450768,13.181666666666667,ROUTE_SutterEdenMedicalCenter,0.2536352010450768,13.181666666666667,ROUTE_SutterEdenMedicalCenter,0.2536352010450768,13.181666666666667,ROUTE_SutterEdenMedicalCenter,0.2536352010450768,13.181666666666667
37.711944444417554,-122.44583333328868,64.6753951643022,LVO,ROUTE_CPMCDaviesCampusSutter,0.439571076566209,14.876666666666667,ROUTE_CPMCMissionBernalCampusSutter,0.4266918553871322,8.604999999999999,ROUTE_CPMCDaviesCampusSutter,0.439571076566209,14.876666666666667,ROUTE_CPMCMissionBernalCampusSutter,0.4266918553871322,8.604999999999999
37.56861111108411,-122.0427777777328,258.1805812621716,HEMORRHAGIC,ROUTE_StRoseHospital,0.24,11.898333333333333,ROUTE_StRoseHospital,0.24,11.898333333333333,ROUTE_SutterEdenMedicalCenter,0.24,21.061666666666667,ROUTE_WashingtonHospitalHealthcareSystem,0.24,15.541666666666666
37.382777777750626,-122.01388888884388,133.15569297268064,MIMIC,ROUTE_KaiserFoundationHospitalSantaClara,0.9,11.381666666666666,ROUTE_KaiserFoundationHospitalSantaClara,0.9,11.381666666666666,ROUTE_KaiserFoundationHospitalSantaClara,0.9,11.381666666666666,ROUTE_KaiserFoundationHospitalSantaClara,0.9,11.381666666666666
37.460555555528465,-122.43138888884421,196.53300975145217,LVO,ROUTE_MillsPeninsulaMedicalCenterSutter,0.25554380492886924,27.029999999999998,ROUTE_SanMateoMedicalCenter,0.24466880000000002,26.82,ROUTE_MillsPeninsulaMedicalCenterSutter,0.25554380492886924,27.029999999999998,ROUTE_MillsPeninsulaMedicalCenterSutter,0.25554380492886924,27.029999999999998
37.773888888862054,-122.48749999995538,255.59122353998214,HEMORRHAGIC,ROUTE_UCSFHealthStanyanHospital,0.24,7.8516666666666675,ROUTE_UCSFHealthStanyanHospital,0.24,7.8516666666666675,ROUTE_UCSFMedicalCenter,0.24,7.989999999999999,ROUTE_UCSFHealthStanyanHospital,0.24,7.8516666666666675
37.34138888886171,-122.03361111106612,116.05070109729579,NLVO,ROUTE_KaiserFoundationHospitalSantaClara,0.5489445960234226,9.773333333333333,ROUTE_KaiserFoundationHospitalSantaClara,0.5489445960234226,9.773333333333333,ROUTE_KaiserFoundationHospitalSantaClara,0.5489445960234226,9.773333333333333,ROUTE_KaiserFoundationHospitalSantaClara,0.5489445960234226,9.773333333333333
37.78388888886206,-122.43277777773311,147.66587132016815,HEMORRHAGIC,ROUTE_CPMCDaviesCampusSutter,0.24,6.0233333333333325,ROUTE_CPMCVanNessCampusSutter,0.24,3.006666666666667,ROUTE_CPMCDaviesCampusSutter,0.24,6.0233333333333325,ROUTE_CPMCVanNessCampusSutter,0.24,3.006666666666667
38.31277777775137,-122.29222222217744,86.83088579407024,HEMORRHAGIC,ROUTE_JohnMuirMedicalCenterWalnutCreekCampus,0.24,51.785,ROUTE_ProvidenceQueenOfTheValleyMedicalCenter,0.24,4.598333333333333,ROUTE_JohnMuirMedicalCenterWalnutCreekCampus,0.24,51.785,ROUTE_ProvidenceQueenOfTheValleyMedicalCenter,0.24,4.598333333333333
37.783611111084284,-122.22027777773293,54.60363252654139,HEMORRHAGIC,ROUTE_SutterEdenMedicalCenter,0.24,18.58833333333333,ROUTE_HighlandHospitalWilmaChanCampus,0.24,5.739999999999999,ROUTE_SutterEdenMedicalCenter,0.24,18.58833333333333,ROUTE_HighlandHospitalWilmaChanCampus,0.24,5.739999999999999
38.12638888886233,-122.21222222217737,43.808408304473936,LVO,ROUTE_JohnMuirMedicalCenterWalnutCreekCampus,0.44273419077393183,33.26833333333333,ROUTE_SutterSolanoMedicalCenter,0.4316741988513886,8.435,ROUTE_JohnMuirMedicalCenterWalnutCreekCampus,0.44273419077393183,33.26833333333333,ROUTE_SutterSolanoMedicalCenter,0.4316741988513886,8.435
37.42555555552844,-122.18055555551068,128.13623803434265,LVO,ROUTE_StanfordHealthCare,0.4173513031596988,5.875,ROUTE_StanfordHealthCare,0.4173513031596988,5.875,ROUTE_StanfordHealthCare,0.4173513031596988,5.875,ROUTE_StanfordHealthCare,0.4173513031596988,5.875
37.92249999997328,-122.02777777773278,218.45712819946147,HEMORRHAGIC,ROUTE_JohnMuirMedicalCenterWalnutCreekCampus,0.24,3.768333333333333,ROUTE_JohnMuirMedicalCenterWalnutCreekCampus,0.24,3.768333333333333,ROUTE_JohnMuirMedicalCenterWalnutCreekCampus,0.24,3.768333333333333,ROUTE_JohnMuirMedicalCenterWalnutCreekCampus,0.24,3.768333333333333
37.92138888886217,-122.3205555555108,88.42706036430135,HEMORRHAGIC,ROUTE_CPMCDaviesCampusSutter,0.24,29.35666666666667,ROUTE_KaiserFoundationHospitalRichmondCampus,0.24,9.733333333333333,ROUTE_CPMCDaviesCampusSutter,0.24,29.35666666666667,ROUTE_KaiserFoundationHospitalRichmondCampus,0.24,9.733333333333333
37.97861111108444,-122.53861111106653,227.30151309513457,HEMORRHAGIC,ROUTE_MarinHealthMedicalCenter,0.24,8.943333333333333,ROUTE_MarinHealthMedicalCenter,0.24,8.943333333333333,ROUTE_UCSFMedicalCenter,0.24,38.580000000000005,ROUTE_MarinHealthMedicalCenter,0.24,8.943333333333333
37.527222222195185,-122.33472222217748,96.85864130887987,HEMORRHAGIC,ROUTE_MillsPeninsulaMedicalCenterSutter,0.24,15.915,ROUTE_SanMateoMedicalCenter,0.24,9.225,ROUTE_MillsPeninsulaMedicalCenterSutter,0.24,15.915,ROUTE_MillsPeninsulaMedicalCenterSutter,0.24,15.915
37.8388888888621,-122.28305555551077,143.1131663755299,HEMORRHAGIC,ROUTE_SutterEdenMedicalCenter,0.24,25.236666666666668,ROUTE_KaiserFoundationHospitalOaklandRichmond,0.24,7.868333333333334,ROUTE_SutterEdenMedicalCenter,0.24,25.236666666666668,ROUTE_KaiserFoundationHospitalOaklandRichmond,0.24,7.868333333333334
37.84083333330655,-122.29166666662188,151.3396698411125,LVO,ROUTE_CPMCDaviesCampusSutter,0.4035751134475993,24.766666666666666,ROUTE_AltaBatesSummitMedicalCenterSummitCampus,0.27100585651909126,9.085,ROUTE_CPMCDaviesCampusSutter,0.4035751134475993,24.766666666666666,ROUTE_AltaBatesSummitMedicalCenterSummitCampus,0.27100585651909126,9.085
37.748333333306476,-122.43055555551088,150.64114519961416,LVO,ROUTE_CPMCDaviesCampusSutter,0.40875894809535857,6.045,ROUTE_CPMCMissionBernalCampusSutter,0.2723593347385366,3.143333333333333,ROUTE_CPMCDaviesCampusSutter,0.40875894809535857,6.045,ROUTE_CPMCMissionBernalCampusSutter,0.2723593347385366,3.143333333333333
37.645277777750835,-122.46138888884424,138.09702169691604,NLVO,ROUTE_MillsPeninsulaMedicalCenterSutter,0.5358268390103276,14.451666666666666,ROUTE_KaiserFoundationHospitalSouthSanFrancisco,0.5379138756651505,8.708333333333334,ROUTE_MillsPeninsulaMedicalCenterSutter,0.5358268390103276,14.451666666666666,ROUTE_KaiserFoundationHospitalSouthSanFrancisco,0.5379138756651505,8.708333333333334
37.74916666663981,-122.03194444439946,69.99448109117964,LVO,ROUTE_SutterEdenMedicalCenter,0.4372759901439701,15.593333333333334,ROUTE_SanRamonRegionalMedicalCenter,0.2938802970737733,13.171666666666665,ROUTE_SutterEdenMedicalCenter,0.4372759901439701,15.593333333333334,ROUTE_SanRamonRegionalMedicalCenter,0.2938802970737733,13.171666666666665
37.78611111108428,-122.46249999995536,44.95658917702342,NLVO,ROUTE_UCSFMedicalCenter,0.5857571925939195,8.863333333333333,ROUTE_KaiserFoundationHospitalSanFrancisco,0.5872259153154624,4.745,ROUTE_UCSFMedicalCenter,0.5857571925939195,8.863333333333333,ROUTE_KaiserFoundationHospitalSanFrancisco,0.5872259153154624,4.745
37.703888888862,-122.45611111106646,200.0507885886508,LVO,ROUTE_CPMCMissionBernalCampusSutter,0.25797497619742527,8.610000000000001,ROUTE_CPMCMissionBernalCampusSutter,0.25797497619742527,8.610000000000001,ROUTE_CPMCDaviesCampusSutter,0.25683283161652576,14.881666666666666,ROUTE_CPMCMissionBernalCampusSutter,0.25797497619742527,8.610000000000001
37.5372222221952,-122.03722222217723,167.7632237246718,NLVO,ROUTE_SutterEdenMedicalCenter,0.5164642428408269,25.145,ROUTE_WashingtonHospitalHealthcareSystem,0.519827476751782,15.953333333333335,ROUTE_SutterEdenMedicalCenter,0.5164642428408269,25.145,ROUTE_WashingtonHospitalHealthcareSystem,0.519827476751782,15.953333333333335
38.00861111108446,-121.78666666662149,129.00061008186975,NLVO,ROUTE_JohnMuirMedicalCenterWalnutCreekCampus,0.5339236749791987,32.68,ROUTE_SutterDeltaMedicalCenter,0.4622,9.293333333333333,ROUTE_JohnMuirMedicalCenterWalnutCreekCampus,0.5339236749791987,32.68,ROUTE_KaiserFoundationHospitalAntioch,0.5408170003435131,13.706666666666667
37.518333333306295,-121.99527777773275,207.25092839925142,HEMORRHAGIC,ROUTE_KaiserFoundationHospitalFremont,0.24,12.666666666666666,ROUTE_KaiserFoundationHospitalFremont,0.24,12.666666666666666,ROUTE_RegionalMedicalCenterOfSanJose,0.24,24.8,ROUTE_KaiserFoundationHospitalFremont,0.24,12.666666666666666
37.748055555528694,-122.47055555551091,88.3171190030354,HEMORRHAGIC,ROUTE_UCSFMedicalCenter,0.24,4.841666666666667,ROUTE_UCSFMedicalCenter,0.24,4.841666666666667,ROUTE_UCSFMedicalCenter,0.24,4.841666666666667,ROUTE_UCSFMedicalCenter,0.24,4.841666666666667
37.78555555552873,-122.2333333332885,261.6232310688772,HEMORRHAGIC,ROUTE_HighlandHospitalWilmaChanCampus,0.24,2.555,ROUTE_HighlandHospitalWilmaChanCampus,0.24,2.555,ROUTE_SutterEdenMedicalCenter,0.24,19.916666666666668,ROUTE_HighlandHospitalWilmaChanCampus,0.24,2.555
37.66111111108418,-121.85916666662153,267.86739213806857,NLVO,ROUTE_StanfordHealthCareTriValley,0.4622,11.328333333333335,ROUTE_StanfordHealthCareTriValley,0.4622,11.328333333333335,ROUTE_SutterEdenMedicalCenter,0.4622,26.091666666666665,ROUTE_StanfordHealthCareTriValley,0.4622,11.328333333333335
37.532222222195195,-121.97972222217719,144.53510860697824,HEMORRHAGIC,ROUTE_RegionalMedicalCenterOfSanJose,0.24,23.858333333333334,ROUTE_KaiserFoundationHospitalFremont,0.24,5.711666666666667,ROUTE_RegionalMedicalCenterOfSanJose,0.24,23.858333333333334,ROUTE_KaiserFoundationHospitalFremont,0.24,5.711666666666667
38.042777777751155,-122.78611111106672,145.2229088041066,HEMORRHAGIC,ROUTE_NovatoCommunityHospitalSutter,0.24,43.638333333333335,ROUTE_NovatoCommunityHospitalSutter,0.24,43.638333333333335,ROUTE_UCSFMedicalCenter,0.24,66.32,ROUTE_NovatoCommunityHospitalSutter,0.24,43.638333333333335
37.59583333330635,-122.02027777773277,34.26030951802812,NLVO,ROUTE_SutterEdenMedicalCenter,0.5859903890683507,23.490000000000002,ROUTE_StRoseHospital,0.5199420077406723,14.328333333333335,ROUTE_SutterEdenMedicalCenter,0.5859903890683507,23.490000000000002,ROUTE_WashingtonHospitalHealthcareSystem,0.5887165166411366,15.843333333333334
37.564722222195215,-122.28499999995522,210.3557878580751,HEMORRHAGIC,ROUTE_MillsPeninsulaMedicalCenterSutter,0.24,13.485000000000001,ROUTE_SanMateoMedicalCenter,0.24,10.905,ROUTE_MillsPeninsulaMedicalCenterSutter,0.24,13.485000000000001,ROUTE_MillsPeninsulaMedicalCenterSutter,0.24,13.485000000000001
37.72138888886201,-122.1677777777329,180.07017474252203,MIMIC,ROUTE_SutterEdenMedicalCenter,0.9,13.628333333333334,ROUTE_SanLeandroHospitalAlamedaHealthSystem,0.9,6.538333333333333,ROUTE_SutterEdenMedicalCenter,0.9,13.628333333333334,ROUTE_KaiserFoundationHospitalSanLeandro,0.9,7.751666666666667
37.53583333330631,-121.96861111106607,67.40399780131642,HEMORRHAGIC,ROUTE_RegionalMedicalCenterOfSanJose,0.24,23.396666666666665,ROUTE_KaiserFoundationHospitalFremont,0.24,6.1016666666666675,ROUTE_RegionalMedicalCenterOfSanJose,0.24,23.396666666666665,ROUTE_KaiserFoundationHospitalFremont,0.24,6.1016666666666675
37.400277777750645,-122.2005555555107,89.77022354974083,HEMORRHAGIC,ROUTE_StanfordHealthCare,0.24,17.5,ROUTE_StanfordHealthCare,0.24,17.5,ROUTE_StanfordHealthCare,0.24,17.5,ROUTE_StanfordHealthCare,0.24,17.5
37.94027777775107,-122.06222222217725,170.16712121196704,LVO,ROUTE_JohnMuirMedicalCenterWalnutCreekCampus,0.40040291882258355,10.023333333333333,ROUTE_JohnMuirMedicalCenterConcordCampus,0.2659978946062211,8.241666666666667,ROUTE_JohnMuirMedicalCenterWalnutCreekCampus,0.40040291882258355,10.023333333333333,ROUTE_JohnMuirMedicalCenterConcordCampus,0.2659978946062211,8.241666666666667
37.848333333306556,-122.05499999995503,200.16546143316873,HEMORRHAGIC,ROUTE_KaiserFoundationHospitalWalnutCreek,0.24,16.696666666666665,ROUTE_KaiserFoundationHospitalWalnutCreek,0.24,16.696666666666665,ROUTE_JohnMuirMedicalCenterWalnutCreekCampus,0.24,22.308333333333334,ROUTE_KaiserFoundationHospitalWalnutCreek,0.24,16.696666666666665
37.52222222219518,-122.28611111106632,82.50935053591934,LVO,ROUTE_KaiserFoundationHospitalRedwoodCity,0.43267475621457324,14.465,ROUTE_SanMateoMedicalCenter,0.24466880000000002,8.996666666666666,ROUTE_KaiserFoundationHospitalRedwoodCity,0.43267475621457324,14.465,ROUTE_KaiserFoundationHospitalRedwoodCity,0.43267475621457324,14.465
37.756666666639816,-121.94916666662161,30.076134940852192,HEMORRHAGIC,ROUTE_JohnMuirMedicalCenterWalnutCreekCampus,0.24,25.009999999999998,ROUTE_SanRamonRegionalMedicalCenter,0.24,6.8933333333333335,ROUTE_JohnMuirMedicalCenterWalnutCreekCampus,0.24,25.009999999999998,ROUTE_SanRamonRegionalMedicalCenter,0.24,6.8933333333333335
37.783055555528726,-122.19694444439959,187.07111585107833,HEMORRHAGIC,ROUTE_SutterEdenMedicalCenter,0.24,18.158333333333335,ROUTE_HighlandHospitalWilmaChanCampus,0.24,7.241666666666666,ROUTE_SutterEdenMedicalCenter,0.24,18.158333333333335,ROUTE_HighlandHospitalWilmaChanCampus,0.24,7.241666666666666
37.56166666663966,-122.26277777773296,214.77534697292748,HEMORRHAGIC,ROUTE_SanMateoMedicalCenter,0.24,13.47,ROUTE_SanMateoMedicalCenter,0.24,13.47,ROUTE_MillsPeninsulaMedicalCenterSutter,0.24,16.468333333333334,ROUTE_MillsPeninsulaMedicalCenterSutter,0.24,16.468333333333334
38.08249999997341,-122.55083333328875,147.03982715070228,HEMORRHAGIC,ROUTE_UCSFMedicalCenter,0.24,47.56666666666667,ROUTE_NovatoCommunityHospitalSutter,0.24,8.398333333333333,ROUTE_UCSFMedicalCenter,0.24,47.56666666666667,ROUTE_NovatoCommunityHospitalSutter,0.24,8.398333333333333
37.94305555552885,-121.72305555551031,164.72672109470352,LVO,ROUTE_JohnMuirMedicalCenterWalnutCreekCampus,0.26213109769178083,36.555,ROUTE_KaiserFoundationHospitalAntioch,0.2670792645598213,10.336666666666668,ROUTE_JohnMuirMedicalCenterWalnutCreekCampus,0.26213109769178083,36.555,ROUTE_KaiserFoundationHospitalAntioch,0.2670792645598213,10.336666666666668
37.66861111108419,-121.79055555551037,168.87890026954565,HEMORRHAGIC,ROUTE_SutterEdenMedicalCenter,0.24,29.685,ROUTE_StanfordHealthCareTriValley,0.24,17.493333333333332,ROUTE_SutterEdenMedicalCenter,0.24,29.685,ROUTE_StanfordHealthCareTriValley,0.24,17.493333333333332
37.34999999997282,-122.03972222217723,41.28745338870437,LVO,ROUTE_KaiserFoundationHospitalSantaClara,0.4497305077749455,11.781666666666666,ROUTE_KaiserFoundationHospitalSantaClara,0.4497305077749455,11.781666666666666,ROUTE_KaiserFoundationHospitalSantaClara,0.4497305077749455,11.781666666666666,ROUTE_KaiserFoundationHospitalSantaClara,0.4497305077749455,11.781666666666666
37.69138888886199,-122.04444444439946,61.92735576900854,LVO,ROUTE_SutterEdenMedicalCenter,0.4415989351603101,11.476666666666667,ROUTE_SutterEdenMedicalCenter,0.4415989351603101,11.476666666666667,ROUTE_SutterEdenMedicalCenter,0.4415989351603101,11.476666666666667,ROUTE_SutterEdenMedicalCenter,0.4415989351603101,11.476666666666667
37.97666666663999,-122.55666666662209,243.31217880540984,NLVO,ROUTE_MarinHealthMedicalCenter,0.4622,9.338333333333333,ROUTE_MarinHealthMedicalCenter,0.4622,9.338333333333333,ROUTE_UCSFMedicalCenter,0.4622,40.97666666666667,ROUTE_MarinHealthMedicalCenter,0.4622,9.338333333333333
37.7227777777509,-122.43583333328867,135.629818610469,LVO,ROUTE_CPMCDaviesCampusSutter,0.4125947054967948,13.006666666666666,ROUTE_CPMCMissionBernalCampusSutter,0.2758788166300238,6.736666666666666,ROUTE_CPMCDaviesCampusSutter,0.4125947054967948,13.006666666666666,ROUTE_CPMCMissionBernalCampusSutter,0.2758788166300238,6.736666666666666
37.74638888886203,-122.40638888884419,144.4765317604714,LVO,ROUTE_CPMCDaviesCampusSutter,0.4098807096435151,10.606666666666666,ROUTE_ZuckerbergSanFranciscoGeneralHospital,0.27356075836596155,5.825,ROUTE_CPMCDaviesCampusSutter,0.4098807096435151,10.606666666666666,ROUTE_ZuckerbergSanFranciscoGeneralHospital,0.27356075836596155,5.825
38.08694444441786,-122.23666666662184,180.08683347601152,LVO,ROUTE_SutterSolanoMedicalCenter,0.26267207612605015,11.715,ROUTE_SutterSolanoMedicalCenter,0.26267207612605015,11.715,ROUTE_JohnMuirMedicalCenterWalnutCreekCampus,0.2592824972389124,29.995,ROUTE_SutterSolanoMedicalCenter,0.26267207612605015,11.715
37.564999999973,-121.9833333332883,68.77992798857285,HEMORRHAGIC,ROUTE_SutterEdenMedicalCenter,0.24,28.953333333333333,ROUTE_WashingtonHospitalHealthcareSystem,0.24,3.6883333333333335,ROUTE_SutterEdenMedicalCenter,0.24,28.953333333333333,ROUTE_WashingtonHospitalHealthcareSystem,0.24,3.6883333333333335
37.974722222195545,-122.12722222217731,217.32467853276938,LVO,ROUTE_ContraCostaRegionalMedicalCenter,0.24466880000000002,6.516666666666667,ROUTE_ContraCostaRegionalMedicalCenter,0.24466880000000002,6.516666666666667,ROUTE_JohnMuirMedicalCenterWalnutCreekCampus,0.24466880000000002,20.32,ROUTE_JohnMuirMedicalCenterConcordCampus,0.24466880000000002,12.836666666666668
37.92833333330662,-122.36611111106639,127.06069192501475,HEMORRHAGIC,ROUTE_CPMCDaviesCampusSutter,0.24,33.57333333333334,ROUTE_KaiserFoundationHospitalRichmondCampus,0.24,3.5716666666666668,ROUTE_CPMCDaviesCampusSutter,0.24,33.57333333333334,ROUTE_KaiserFoundationHospitalRichmondCampus,0.24,3.5716666666666668
37.60527777775081,-122.02277777773278,142.06610948023575,HEMORRHAGIC,ROUTE_SutterEdenMedicalCenter,0.24,23.028333333333332,ROUTE_StRoseHospital,0.24,13.696666666666665,ROUTE_SutterEdenMedicalCenter,0.24,23.028333333333332,ROUTE_WashingtonHospitalHealthcareSystem,0.24,16.42
37.539166666639645,-121.99611111106609,60.86745685563607,HEMORRHAGIC,ROUTE_SutterEdenMedicalCenter,0.24,23.243333333333332,ROUTE_WashingtonHospitalHealthcareSystem,0.24,6.1433333333333335,ROUTE_SutterEdenMedicalCenter,0.24,23.243333333333332,ROUTE_WashingtonHospitalHealthcareSystem,0.24,6.1433333333333335
38.01249999997335,-121.8116666666215,211.14624246149359,MIMIC,ROUTE_SutterDeltaMedicalCenter,0.9,9.165,ROUTE_SutterDeltaMedicalCenter,0.9,9.165,ROUTE_JohnMuirMedicalCenterWalnutCreekCampus,0.9,30.134999999999998,ROUTE_KaiserFoundationHospitalAntioch,0.9,14.860000000000001
37.839999999973216,-122.26138888884408,146.83718074207707,HEMORRHAGIC,ROUTE_JohnMuirMedicalCenterWalnutCreekCampus,0.24,21.248333333333335,ROUTE_AltaBatesSummitMedicalCenterAltaBatesCampus,0.24,4.6433333333333335,ROUTE_JohnMuirMedicalCenterWalnutCreekCampus,0.24,21.248333333333335,ROUTE_KaiserFoundationHospitalOaklandRichmond,0.24,6.343333333333334
37.775277777750944,-121.77722222217703,120.19362958522072,NLVO,ROUTE_SutterEdenMedicalCenter,0.5389633023369422,31.395,ROUTE_StanfordHealthCareTriValley,0.5430988758414347,19.996666666666666,ROUTE_SutterEdenMedicalCenter,0.5389633023369422,31.395,ROUTE_StanfordHealthCareTriValley,0.5430988758414347,19.996666666666666
37.77416666663983,-122.50694444439983,148.5683257652488,HEMORRHAGIC,ROUTE_UCSFMedicalCenter,0.24,10.663333333333332,ROUTE_UCSFHealthStanyanHospital,0.24,10.098333333333333,ROUTE_UCSFMedicalCenter,0.24,10.663333333333332,ROUTE_UCSFHealthStanyanHospital,0.24,10.098333333333333
37.764999999973156,-122.20388888884403,153.47163141493394,HEMORRHAGIC,ROUTE_SutterEdenMedicalCenter,0.24,18.965,ROUTE_HighlandHospitalWilmaChanCampus,0.24,11.456666666666667,ROUTE_SutterEdenMedicalCenter,0.24,18.965,ROUTE_HighlandHospitalWilmaChanCampus,0.24,11.456666666666667
38.1974999999735,-122.14777777773288,227.2309507913432,HEMORRHAGIC,ROUTE_NorthBayMedicalCenter,0.24,12.898333333333333,ROUTE_NorthBayMedicalCenter,0.24,12.898333333333333,ROUTE_JohnMuirMedicalCenterWalnutCreekCampus,0.24,33.696666666666665,ROUTE_NorthBayMedicalCenter,0.24,12.898333333333333
37.688333333306424,-121.79416666662148,218.11545548500652,LVO,ROUTE_StanfordHealthCareTriValley,0.24466880000000002,14.168333333333333,ROUTE_StanfordHealthCareTriValley,0.24466880000000002,14.168333333333333,ROUTE_SutterEdenMedicalCenter,0.24466880000000002,25.565,ROUTE_StanfordHealthCareTriValley,0.24466880000000002,14.168333333333333
37.77166666663983,-121.98694444439941,126.63800432763391,LVO,ROUTE_JohnMuirMedicalCenterWalnutCreekCampus,0.41350894991480336,22.413333333333334,ROUTE_SanRamonRegionalMedicalCenter,0.277986130163047,9.023333333333333,ROUTE_JohnMuirMedicalCenterWalnutCreekCampus,0.41350894991480336,22.413333333333334,ROUTE_SanRamonRegionalMedicalCenter,0.277986130163047,9.023333333333333
37.99944444441779,-122.04611111106612,102.27730706565036,LVO,ROUTE_JohnMuirMedicalCenterWalnutCreekCampus,0.424954395374582,14.576666666666666,ROUTE_JohnMuirMedicalCenterConcordCampus,0.2859362862861865,4.816666666666666,ROUTE_JohnMuirMedicalCenterWalnutCreekCampus,0.424954395374582,14.576666666666666,ROUTE_JohnMuirMedicalCenterConcordCampus,0.2859362862861865,4.816666666666666
37.942777777751076,-122.36305555551083,177.65423705654348,HEMORRHAGIC,ROUTE_KaiserFoundationHospitalRichmondCampus,0.24,2.4033333333333333,ROUTE_KaiserFoundationHospitalRichmondCampus,0.24,2.4033333333333333,ROUTE_CPMCDaviesCampusSutter,0.24,35.55833333333333,ROUTE_KaiserFoundationHospitalRichmondCampus,0.24,2.4033333333333333
37.72222222219534,-122.4569444443998,150.8653733402948,NLVO,ROUTE_UCSFMedicalCenter,0.5300058067737369,12.206666666666667,ROUTE_CPMCMissionBernalCampusSutter,0.5315730948505161,7.903333333333333,ROUTE_UCSFMedicalCenter,0.5300058067737369,12.206666666666667,ROUTE_CPMCMissionBernalCampusSutter,0.5315730948505161,7.903333333333333
37.442499999972895,-122.15472222217733,251.88757739940357,LVO,ROUTE_StanfordHealthCare,0.24466880000000002,8.076666666666666,ROUTE_StanfordHealthCare,0.24466880000000002,8.076666666666666,ROUTE_StanfordHealthCare,0.24466880000000002,8.076666666666666,ROUTE_StanfordHealthCare,0.24466880000000002,8.076666666666666
37.427222222195105,-121.91055555551047,214.10354889647928,HEMORRHAGIC,ROUTE_RegionalMedicalCenterOfSanJose,0.24,12.986666666666668,ROUTE_RegionalMedicalCenterOfSanJose,0.24,12.986666666666668,ROUTE_RegionalMedicalCenterOfSanJose,0.24,12.986666666666668,ROUTE_RegionalMedicalCenterOfSanJose,0.24,12.986666666666668
37.58666666663968,-122.01361111106611,61.052871330139155,MIMIC,ROUTE_SutterEdenMedicalCenter,0.9,23.398333333333333,ROUTE_StRoseHospital,0.9,14.236666666666668,ROUTE_SutterEdenMedicalCenter,0.9,23.398333333333333,ROUTE_WashingtonHospitalHealthcareSystem,0.9,14.596666666666666
38.30027777775136,-122.02666666662167,247.3254556393194,LVO,ROUTE_NorthBayMedicalCenter,0.24466880000000002,15.305,ROUTE_NorthBayMedicalCenter,0.24466880000000002,15.305,ROUTE_JohnMuirMedicalCenterWalnutCreekCampus,0.24466880000000002,46.605000000000004,ROUTE_NorthBayMedicalCenter,0.24466880000000002,15.305
37.79638888886207,-122.20444444439958,42.31613999881305,HEMORRHAGIC,ROUTE_SutterEdenMedicalCenter,0.24,17.171666666666667,ROUTE_HighlandHospitalWilmaChanCampus,0.24,5.116666666666666,ROUTE_SutterEdenMedicalCenter,0.24,17.171666666666667,ROUTE_HighlandHospitalWilmaChanCampus,0.24,5.116666666666666
37.464722222195135,-122.42805555551088,93.20706714186517,HEMORRHAGIC,ROUTE_MillsPeninsulaMedicalCenterSutter,0.24,26.015,ROUTE_SanMateoMedicalCenter,0.24,25.805,ROUTE_MillsPeninsulaMedicalCenterSutter,0.24,26.015,ROUTE_MillsPeninsulaMedicalCenterSutter,0.24,26.015
37.78249999997317,-122.41249999995532,109.15125944995961,HEMORRHAGIC,ROUTE_CPMCDaviesCampusSutter,0.24,9.026666666666667,ROUTE_UCSFHealthHydeHospital,0.24,3.9166666666666665,ROUTE_CPMCDaviesCampusSutter,0.24,9.026666666666667,ROUTE_UCSFHealthHydeHospital,0.24,3.9166666666666665
37.38749999997285,-122.019999999955,264.4014490571095,HEMORRHAGIC,ROUTE_KaiserFoundationHospitalSantaClara,0.24,13.023333333333333,ROUTE_KaiserFoundationHospitalSantaClara,0.24,13.023333333333333,ROUTE_KaiserFoundationHospitalSantaClara,0.24,13.023333333333333,ROUTE_KaiserFoundationHospitalSantaClara,0.24,13.023333333333333
37.3641666666395,-122.022499999955,249.8621568748189,LVO,ROUTE_KaiserFoundationHospitalSantaClara,0.24466880000000002,11.653333333333334,ROUTE_KaiserFoundationHospitalSantaClara,0.24466880000000002,11.653333333333334,ROUTE_KaiserFoundationHospitalSantaClara,0.24466880000000002,11.653333333333334,ROUTE_KaiserFoundationHospitalSantaClara,0.24466880000000002,11.653333333333334
37.798055555528734,-122.28361111106632,43.373820604807996,LVO,ROUTE_SutterEdenMedicalCenter,0.44577005766434863,22.975,ROUTE_HighlandHospitalWilmaChanCampus,0.4335177584030571,9.218333333333334,ROUTE_SutterEdenMedicalCenter,0.44577005766434863,22.975,ROUTE_HighlandHospitalWilmaChanCampus,0.4335177584030571,9.218333333333334
37.69722222219532,-122.1816666666218,153.2213131800341,LVO,ROUTE_SutterEdenMedicalCenter,0.4056281254415537,14.248333333333333,ROUTE_KaiserFoundationHospitalSanLeandro,0.2715039250717759,3.8383333333333334,ROUTE_SutterEdenMedicalCenter,0.4056281254415537,14.248333333333333,ROUTE_KaiserFoundationHospitalSanLeandro,0.2715039250717759,3.8383333333333334
37.883055555528806,-122.05999999995502,147.87813178516575,LVO,ROUTE_JohnMuirMedicalCenterWalnutCreekCampus,0.40801808635160974,12.8,ROUTE_KaiserFoundationHospitalWalnutCreek,0.272501308627128,6.364999999999999,ROUTE_JohnMuirMedicalCenterWalnutCreekCampus,0.40801808635160974,12.8,ROUTE_KaiserFoundationHospitalWalnutCreek,0.272501308627128,6.364999999999999
38.2391666666402,-122.04083333328835,181.41977021574093,MIMIC,ROUTE_NorthBayMedicalCenter,0.9,9.396666666666667,ROUTE_NorthBayMedicalCenter,0.9,9.396666666666667,ROUTE_JohnMuirMedicalCenterWalnutCreekCampus,0.9,40.915,ROUTE_NorthBayMedicalCenter,0.9,9.396666666666667
38.0030555555289,-122.02666666662167,129.6816078570822,HEMORRHAGIC,ROUTE_JohnMuirMedicalCenterWalnutCreekCampus,0.24,17.01,ROUTE_JohnMuirMedicalCenterConcordCampus,0.24,5.611666666666666,ROUTE_JohnMuirMedicalCenterWalnutCreekCampus,0.24,17.01,ROUTE_JohnMuirMedicalCenterConcordCampus,0.24,5.611666666666666
37.94916666663997,-122.52694444439985,77.62924921763062,LVO,ROUTE_UCSFMedicalCenter,0.42945740428563195,33.21333333333333,ROUTE_MarinHealthMedicalCenter,0.2937379130482471,2.9316666666666666,ROUTE_UCSFMedicalCenter,0.42945740428563195,33.21333333333333,ROUTE_MarinHealthMedicalCenter,0.2937379130482471,2.9316666666666666
37.77972222219539,-122.48861111106649,117.62513786512156,HEMORRHAGIC,ROUTE_UCSFMedicalCenter,0.24,9.558333333333334,ROUTE_UCSFHealthStanyanHospital,0.24,8.486666666666666,ROUTE_UCSFMedicalCenter,0.24,9.558333333333334,ROUTE_UCSFHealthStanyanHospital,0.24,8.486666666666666
37.443888888861785,-121.88833333328823,220.53136203500105,NLVO,ROUTE_RegionalMedicalCenterOfSanJose,0.4622,11.691666666666666,ROUTE_RegionalMedicalCenterOfSanJose,0.4622,11.691666666666666,ROUTE_RegionalMedicalCenterOfSanJose,0.4622,11.691666666666666,ROUTE_RegionalMedicalCenterOfSanJose,0.4622,11.691666666666666
37.781388888862054,-122.29055555551078,139.35677669268154,HEMORRHAGIC,ROUTE_SutterEdenMedicalCenter,0.24,27.995,ROUTE_AlamedaHospital,0.24,10.71,ROUTE_SutterEdenMedicalCenter,0.24,27.995,ROUTE_AlamedaHospital,0.24,10.71
37.80694444441763,-122.41111111106642,43.21787927427109,LVO,ROUTE_CPMCDaviesCampusSutter,0.44855082358853426,13.238333333333333,ROUTE_ChineseHospital,0.43583998079260117,4.845,ROUTE_CPMCDaviesCampusSutter,0.44855082358853426,13.238333333333333,ROUTE_ChineseHospital,0.43583998079260117,4.845
37.48027777775071,-122.24027777773296,264.8257676326332,LVO,ROUTE_SequoiaHospital,0.24466880000000002,4.1866666666666665,ROUTE_SequoiaHospital,0.24466880000000002,4.1866666666666665,ROUTE_KaiserFoundationHospitalRedwoodCity,0.24466880000000002,6.79,ROUTE_SequoiaHospital,0.24466880000000002,4.1866666666666665
37.80222222219541,-122.44888888884424,43.108675969603354,LVO,ROUTE_CPMCDaviesCampusSutter,0.4489829040535426,11.85,ROUTE_KaiserFoundationHospitalSanFrancisco,0.43566686096639917,8.386666666666667,ROUTE_CPMCDaviesCampusSutter,0.4489829040535426,11.85,ROUTE_KaiserFoundationHospitalSanFrancisco,0.43566686096639917,8.386666666666667
37.748333333306476,-122.40999999995532,223.06132624161293,LVO,ROUTE_ZuckerbergSanFranciscoGeneralHospital,0.24466880000000002,3.796666666666667,ROUTE_ZuckerbergSanFranciscoGeneralHospital,0.24466880000000002,3.796666666666667,ROUTE_CPMCDaviesCampusSutter,0.24466880000000002,9.586666666666668,ROUTE_ZuckerbergSanFranciscoGeneralHospital,0.24466880000000002,3.796666666666667
37.68444444441754,-121.90722222217713,152.46360850541083,LVO,ROUTE_SutterEdenMedicalCenter,0.40473819302925435,18.721666666666668,ROUTE_StanfordHealthCareTriValley,0.27133978452584806,5.763333333333334,ROUTE_SutterEdenMedicalCenter,0.40473819302925435,18.721666666666668,ROUTE_StanfordHealthCareTriValley,0.27133978452584806,5.763333333333334
37.48861111108405,-122.20638888884403,138.68463080382617,HEMORRHAGIC,ROUTE_KaiserFoundationHospitalRedwoodCity,0.24,5.989999999999999,ROUTE_KaiserFoundationHospitalRedwoodCity,0.24,5.989999999999999,ROUTE_KaiserFoundationHospitalRedwoodCity,0.24,5.989999999999999,ROUTE_KaiserFoundationHospitalRedwoodCity,0.24,5.989999999999999
37.69138888886199,-122.47472222217759,143.90839784600783,LVO,ROUTE_CPMCDaviesCampusSutter,0.4085213476296278,16.563333333333333,ROUTE_AHMCSetonMedicalCenter,0.2738884513931483,4.971666666666667,ROUTE_CPMCDaviesCampusSutter,0.4085213476296278,16.563333333333333,ROUTE_AHMCSetonMedicalCenter,0.2738884513931483,4.971666666666667
38.063611111084505,-122.56194444439987,143.63402872425888,LVO,ROUTE_UCSFMedicalCenter,0.3996063491008469,50.99,ROUTE_NovatoCommunityHospitalSutter,0.27213548233294327,14.298333333333334,ROUTE_UCSFMedicalCenter,0.3996063491008469,50.99,ROUTE_NovatoCommunityHospitalSutter,0.27213548233294327,14.298333333333334
37.66361111108419,-122.07222222217726,246.2607726756773,HEMORRHAGIC,ROUTE_StRoseHospital,0.24,10.768333333333334,ROUTE_StRoseHospital,0.24,10.768333333333334,ROUTE_SutterEdenMedicalCenter,0.24,12.995000000000001,ROUTE_SutterEdenMedicalCenter,0.24,12.995000000000001
37.97555555552888,-121.78666666662149,169.9171089748758,LVO,ROUTE_JohnMuirMedicalCenterWalnutCreekCampus,0.26127600205439416,33.735,ROUTE_SutterDeltaMedicalCenter,0.24466880000000002,5.725,ROUTE_JohnMuirMedicalCenterWalnutCreekCampus,0.26127600205439416,33.735,ROUTE_KaiserFoundationHospitalAntioch,0.26641798390252186,6.39
37.827499999973206,-122.2724999999552,202.6705818210167,HEMORRHAGIC,ROUTE_KaiserFoundationHospitalOaklandRichmond,0.24,3.4016666666666664,ROUTE_KaiserFoundationHospitalOaklandRichmond,0.24,3.4016666666666664,ROUTE_SutterEdenMedicalCenter,0.24,21.341666666666665,ROUTE_KaiserFoundationHospitalOaklandRichmond,0.24,3.4016666666666664
37.586388888861904,-122.01638888884389,248.87615237725322,LVO,ROUTE_StRoseHospital,0.24466880000000002,14.026666666666667,ROUTE_StRoseHospital,0.24466880000000002,14.026666666666667,ROUTE_SutterEdenMedicalCenter,0.24466880000000002,23.19,ROUTE_WashingtonHospitalHealthcareSystem,0.24466880000000002,15.014999999999999
37.97833333330666,-122.53583333328875,208.6467365115662,LVO,ROUTE_MarinHealthMedicalCenter,0.2556309406463245,9.241666666666667,ROUTE_MarinHealthMedicalCenter,0.2556309406463245,9.241666666666667,ROUTE_UCSFMedicalCenter,0.24466880000000002,38.876666666666665,ROUTE_MarinHealthMedicalCenter,0.2556309406463245,9.241666666666667
37.721666666639784,-122.43555555551089,101.74743206465878,LVO,ROUTE_CPMCDaviesCampusSutter,0.4254379946179376,13.548333333333334,ROUTE_CPMCMissionBernalCampusSutter,0.2855834227496996,7.278333333333333,ROUTE_CPMCDaviesCampusSutter,0.4254379946179376,13.548333333333334,ROUTE_CPMCMissionBernalCampusSutter,0.2855834227496996,7.278333333333333
37.79777777775096,-122.2016666666218,218.97726168790246,NLVO,ROUTE_HighlandHospitalWilmaChanCampus,0.49664614783561534,5.916666666666667,ROUTE_HighlandHospitalWilmaChanCampus,0.49664614783561534,5.916666666666667,ROUTE_SutterEdenMedicalCenter,0.4622,17.971666666666668,ROUTE_HighlandHospitalWilmaChanCampus,0.49664614783561534,5.916666666666667
38.00166666664001,-121.71305555551031,51.757411174578124,MIMIC,ROUTE_JohnMuirMedicalCenterWalnutCreekCampus,0.9,40.19166666666667,ROUTE_SutterDeltaMedicalCenter,0.9,18.634999999999998,ROUTE_JohnMuirMedicalCenterWalnutCreekCampus,0.9,40.19166666666667,ROUTE_KaiserFoundationHospitalAntioch,0.9,19.183333333333334
37.99583333330667,-121.81527777773262,209.964115193122,MIMIC,ROUTE_KaiserFoundationHospitalAntioch,0.9,11.403333333333334,ROUTE_SutterDeltaMedicalCenter,0.9,4.985,ROUTE_JohnMuirMedicalCenterWalnutCreekCampus,0.9,28.163333333333334,ROUTE_KaiserFoundationHospitalAntioch,0.9,11.403333333333334
37.761388888862044,-122.42222222217754,234.38981764300308,MIMIC,ROUTE_CPMCMissionBernalCampusSutter,0.9,3.6883333333333335,ROUTE_CPMCMissionBernalCampusSutter,0.9,3.6883333333333335,ROUTE_CPMCDaviesCampusSutter,0.9,4.586666666666667,ROUTE_CPMCMissionBernalCampusSutter,0.9,3.6883333333333335
37.806666666639856,-122.28833333328855,231.66773514319937,LVO,ROUTE_KaiserFoundationHospitalOaklandRichmond,0.24466880000000002,7.781666666666666,ROUTE_KaiserFoundationHospitalOaklandRichmond,0.24466880000000002,7.781666666666666,ROUTE_SutterEdenMedicalCenter,0.24466880000000002,23.916666666666668,ROUTE_KaiserFoundationHospitalOaklandRichmond,0.24466880000000002,7.781666666666666
38.10499999997343,-122.24805555551073,38.095010786735564,HEMORRHAGIC,ROUTE_JohnMuirMedicalCenterWalnutCreekCampus,0.24,28.52,ROUTE_KaiserFoundationHospitalVallejo,0.24,5.583333333333333,ROUTE_JohnMuirMedicalCenterWalnutCreekCampus,0.24,28.52,ROUTE_KaiserFoundationHospitalVallejo,0.24,5.583333333333333
37.46944444441736,-122.15055555551066,157.17720820963513,HEMORRHAGIC,ROUTE_KaiserFoundationHospitalRedwoodCity,0.24,10.086666666666668,ROUTE_KaiserFoundationHospitalRedwoodCity,0.24,10.086666666666668,ROUTE_KaiserFoundationHospitalRedwoodCity,0.24,10.086666666666668,ROUTE_KaiserFoundationHospitalRedwoodCity,0.24,10.086666666666668
37.543888888861865,-122.30555555551078,198.4293713645374,LVO,ROUTE_KaiserFoundationHospitalRedwoodCity,0.25737310526970264,14.226666666666667,ROUTE_SanMateoMedicalCenter,0.24466880000000002,5.433333333333334,ROUTE_KaiserFoundationHospitalRedwoodCity,0.25737310526970264,14.226666666666667,ROUTE_KaiserFoundationHospitalRedwoodCity,0.25737310526970264,14.226666666666667
37.64638888886195,-121.87527777773266,92.6441986276304,LVO,ROUTE_SutterEdenMedicalCenter,0.42606413412674726,24.243333333333332,ROUTE_StanfordHealthCareTriValley,0.2864446196466097,16.12666666666667,ROUTE_SutterEdenMedicalCenter,0.42606413412674726,24.243333333333332,ROUTE_StanfordHealthCareTriValley,0.2864446196466097,16.12666666666667
37.96444444441776,-122.25583333328852,252.28116078457907,LVO,ROUTE_KaiserFoundationHospitalRichmondCampus,0.24466880000000002,21.381666666666668,ROUTE_KaiserFoundationHospitalRichmondCampus,0.24466880000000002,21.381666666666668,ROUTE_JohnMuirMedicalCenterWalnutCreekCampus,0.24466880000000002,32.17166666666667,ROUTE_KaiserFoundationHospitalRichmondCampus,0.24466880000000002,21.381666666666668
37.54972222219521,-122.34666666662193,201.97822315624538,MIMIC,ROUTE_MillsPeninsulaMedicalCenterSutter,0.9,14.245000000000001,ROUTE_MillsPeninsulaMedicalCenterSutter,0.9,14.245000000000001,ROUTE_MillsPeninsulaMedicalCenterSutter,0.9,14.245000000000001,ROUTE_MillsPeninsulaMedicalCenterSutter,0.9,14.245000000000001
37.82166666663987,-122.24499999995518,48.809533089705646,LVO,ROUTE_SutterEdenMedicalCenter,0.4438488155031308,22.111666666666668,ROUTE_KaiserFoundationHospitalOaklandRichmond,0.43242824002373104,4.053333333333333,ROUTE_SutterEdenMedicalCenter,0.4438488155031308,22.111666666666668,ROUTE_KaiserFoundationHospitalOaklandRichmond,0.43242824002373104,4.053333333333333
37.530833333306305,-122.32638888884414,178.53390706582525,NLVO,ROUTE_MillsPeninsulaMedicalCenterSutter,0.5142745380068494,15.736666666666668,ROUTE_SanMateoMedicalCenter,0.4622,5.678333333333333,ROUTE_MillsPeninsulaMedicalCenterSutter,0.5142745380068494,15.736666666666668,ROUTE_MillsPeninsulaMedicalCenterSutter,0.5142745380068494,15.736666666666668
37.78555555552873,-122.49055555551094,221.60146188164344,HEMORRHAGIC,ROUTE_KaiserFoundationHospitalSanFrancisco,0.24,9.770000000000001,ROUTE_KaiserFoundationHospitalSanFrancisco,0.24,9.770000000000001,ROUTE_UCSFMedicalCenter,0.24,11.351666666666667,ROUTE_KaiserFoundationHospitalSanFrancisco,0.24,9.770000000000001
37.47333333330626,-122.23944444439962,118.64569858362617,NLVO,ROUTE_KaiserFoundationHospitalRedwoodCity,0.5482274560452189,8.048333333333334,ROUTE_SequoiaHospital,0.5490185832852155,5.861666666666666,ROUTE_KaiserFoundationHospitalRedwoodCity,0.5482274560452189,8.048333333333334,ROUTE_SequoiaHospital,0.5490185832852155,5.861666666666666
37.92444444441773,-122.31194444439967,84.90126634064951,NLVO,ROUTE_CPMCDaviesCampusSutter,0.5569943918533866,31.986666666666668,ROUTE_KaiserFoundationHospitalRichmondCampus,0.5645742392418663,10.94,ROUTE_CPMCDaviesCampusSutter,0.5569943918533866,31.986666666666668,ROUTE_KaiserFoundationHospitalRichmondCampus,0.5645742392418663,10.94
37.66027777775085,-121.86694444439932,162.89728848564562,HEMORRHAGIC,ROUTE_SutterEdenMedicalCenter,0.24,25.36,ROUTE_StanfordHealthCareTriValley,0.24,11.741666666666667,ROUTE_SutterEdenMedicalCenter,0.24,25.36,ROUTE_StanfordHealthCareTriValley,0.24,11.741666666666667
37.77972222219539,-122.4630555555109,253.15668651391707,MIMIC,ROUTE_UCSFHealthStanyanHospital,0.9,4.506666666666666,ROUTE_UCSFHealthStanyanHospital,0.9,4.506666666666666,ROUTE_UCSFMedicalCenter,0.9,7.441666666666666,ROUTE_UCSFHealthStanyanHospital,0.9,4.506666666666666
38.28499999997357,-122.44138888884423,53.11360977662862,HEMORRHAGIC,ROUTE_JohnMuirMedicalCenterWalnutCreekCampus,0.24,65.04166666666667,ROUTE_SonomaValleyHospital,0.24,6.96,ROUTE_JohnMuirMedicalCenterWalnutCreekCampus,0.24,65.04166666666667,ROUTE_SonomaValleyHospital,0.24,6.96
37.736944444417574,-122.50222222217761,88.40473344983153,HEMORRHAGIC,ROUTE_UCSFMedicalCenter,0.24,12.451666666666666,ROUTE_UCSFMedicalCenter,0.24,12.451666666666666,ROUTE_UCSFMedicalCenter,0.24,12.451666666666666,ROUTE_UCSFMedicalCenter,0.24,12.451666666666666
37.55388888886188,-122.25249999995519,175.32903153132807,LVO,ROUTE_MillsPeninsulaMedicalCenterSutter,0.26278526998549606,17.90666666666667,ROUTE_SanMateoMedicalCenter,0.24466880000000002,14.681666666666667,ROUTE_MillsPeninsulaMedicalCenterSutter,0.26278526998549606,17.90666666666667,ROUTE_MillsPeninsulaMedicalCenterSutter,0.26278526998549606,17.90666666666667
37.749444444417584,-121.93277777773271,192.19334240511344,HEMORRHAGIC,ROUTE_SanRamonRegionalMedicalCenter,0.24,6.888333333333334,ROUTE_SanRamonRegionalMedicalCenter,0.24,6.888333333333334,ROUTE_SutterEdenMedicalCenter,0.24,22.55666666666667,ROUTE_SanRamonRegionalMedicalCenter,0.24,6.888333333333334
38.0119444444178,-122.29333333328856,251.9141935819217,HEMORRHAGIC,ROUTE_ContraCostaRegionalMedicalCenter,0.24,17.346666666666668,ROUTE_ContraCostaRegionalMedicalCenter,0.24,17.346666666666668,ROUTE_JohnMuirMedicalCenterWalnutCreekCampus,0.24,30.39333333333333,ROUTE_KaiserFoundationHospitalRichmondCampus,0.24,18.365000000000002
37.84805555552878,-122.28305555551077,235.09728826263432,LVO,ROUTE_AltaBatesSummitMedicalCenterAltaBatesCampus,0.24466880000000002,6.626666666666667,ROUTE_AltaBatesSummitMedicalCenterAltaBatesCampus,0.24466880000000002,6.626666666666667,ROUTE_JohnMuirMedicalCenterWalnutCreekCampus,0.24466880000000002,26.043333333333333,ROUTE_KaiserFoundationHospitalOaklandRichmond,0.24466880000000002,9.068333333333333
37.40166666663953,-122.10388888884395,228.5351846470593,LVO,ROUTE_ElCaminoHealthMountainView,0.24466880000000002,13.96,ROUTE_ElCaminoHealthMountainView,0.24466880000000002,13.96,ROUTE_ElCaminoHealthMountainView,0.24466880000000002,13.96,ROUTE_ElCaminoHealthMountainView,0.24466880000000002,13.96
37.54166666663964,-122.30749999995523,160.28590257881822,HEMORRHAGIC,ROUTE_KaiserFoundationHospitalRedwoodCity,0.24,15.32,ROUTE_SanMateoMedicalCenter,0.24,5.5233333333333325,ROUTE_KaiserFoundationHospitalRedwoodCity,0.24,15.32,ROUTE_KaiserFoundationHospitalRedwoodCity,0.24,15.32
37.68055555552864,-121.88333333328822,232.79994982451498,HEMORRHAGIC,ROUTE_StanfordHealthCareTriValley,0.24,6.96,ROUTE_StanfordHealthCareTriValley,0.24,6.96,ROUTE_SutterEdenMedicalCenter,0.24,23.8,ROUTE_StanfordHealthCareTriValley,0.24,6.96
37.787222222195396,-122.41222222217753,42.074905424867445,NLVO,ROUTE_CPMCDaviesCampusSutter,0.5869674272776061,9.586666666666668,ROUTE_UCSFHealthHydeHospital,0.5895720144923272,2.2783333333333333,ROUTE_CPMCDaviesCampusSutter,0.5869674272776061,9.586666666666668,ROUTE_UCSFHealthHydeHospital,0.5895720144923272,2.2783333333333333
38.01166666664002,-122.28944444439966,33.46382958560803,LVO,ROUTE_JohnMuirMedicalCenterWalnutCreekCampus,0.4479793177105327,29.216666666666665,ROUTE_ContraCostaRegionalMedicalCenter,0.4031959904450606,16.17,ROUTE_JohnMuirMedicalCenterWalnutCreekCampus,0.4479793177105327,29.216666666666665,ROUTE_KaiserFoundationHospitalRichmondCampus,0.4327709167798067,17.188333333333333
37.774722222195386,-121.98833333328831,144.76956830345273,HEMORRHAGIC,ROUTE_JohnMuirMedicalCenterWalnutCreekCampus,0.24,20.521666666666665,ROUTE_SanRamonRegionalMedicalCenter,0.24,7.131666666666666,ROUTE_JohnMuirMedicalCenterWalnutCreekCampus,0.24,20.521666666666665,ROUTE_SanRamonRegionalMedicalCenter,0.24,7.131666666666666
37.52499999997296,-122.01166666662166,63.78283923682624,MIMIC,ROUTE_RegionalMedicalCenterOfSanJose,0.9,24.153333333333332,ROUTE_WashingtonHospitalHealthcareSystem,0.9,11.013333333333332,ROUTE_RegionalMedicalCenterOfSanJose,0.9,24.153333333333332,ROUTE_WashingtonHospitalHealthcareSystem,0.9,11.013333333333332
37.87583333330658,-122.25638888884407,33.89284107896746,LVO,ROUTE_SutterEdenMedicalCenter,0.448029292509883,28.425,ROUTE_AltaBatesSummitMedicalCenterAltaBatesCampus,0.4054650998009418,6.471666666666667,ROUTE_SutterEdenMedicalCenter,0.448029292509883,28.425,ROUTE_AltaBatesSummitMedicalCenterSummitCampus,0.43506264843515763,15.631666666666666
37.36583333330617,-122.02749999995501,84.89389207810717,NLVO,ROUTE_KaiserFoundationHospitalSantaClara,0.5647380577000588,10.495000000000001,ROUTE_KaiserFoundationHospitalSantaClara,0.5647380577000588,10.495000000000001,ROUTE_KaiserFoundationHospitalSantaClara,0.5647380577000588,10.495000000000001,ROUTE_KaiserFoundationHospitalSantaClara,0.5647380577000588,10.495000000000001
38.03222222219559,-121.97999999995497,135.61141902507504,LVO,ROUTE_JohnMuirMedicalCenterWalnutCreekCampus,0.41050907906010514,20.896666666666665,ROUTE_JohnMuirMedicalCenterConcordCampus,0.2750114888003458,11.136666666666667,ROUTE_JohnMuirMedicalCenterWalnutCreekCampus,0.41050907906010514,20.896666666666665,ROUTE_JohnMuirMedicalCenterConcordCampus,0.2750114888003458,11.136666666666667
37.659166666639734,-122.4644444443998,128.20264924166224,NLVO,ROUTE_MillsPeninsulaMedicalCenterSutter,0.5405043046633556,15.708333333333334,ROUTE_AHMCSetonMedicalCenter,0.5432935098720757,8.018333333333334,ROUTE_MillsPeninsulaMedicalCenterSutter,0.5405043046633556,15.708333333333334,ROUTE_AHMCSetonMedicalCenter,0.5432935098720757,8.018333333333334
37.69916666663977,-122.09916666662173,183.62067734199536,LVO,ROUTE_SutterEdenMedicalCenter,0.2631041538798817,4.358333333333333,ROUTE_SutterEdenMedicalCenter,0.2631041538798817,4.358333333333333,ROUTE_SutterEdenMedicalCenter,0.2631041538798817,4.358333333333333,ROUTE_SutterEdenMedicalCenter,0.2631041538798817,4.358333333333333
37.55138888886187,-122.33861111106637,165.82779953766573,LVO,ROUTE_MillsPeninsulaMedicalCenterSutter,0.4008957247284082,14.33,ROUTE_SanMateoMedicalCenter,0.24466880000000002,9.99,ROUTE_MillsPeninsulaMedicalCenterSutter,0.4008957247284082,14.33,ROUTE_MillsPeninsulaMedicalCenterSutter,0.4008957247284082,14.33
37.788611111084286,-122.23166666662183,238.02763660510328,HEMORRHAGIC,ROUTE_HighlandHospitalWilmaChanCampus,0.24,2.4116666666666666,ROUTE_HighlandHospitalWilmaChanCampus,0.24,2.4116666666666666,ROUTE_SutterEdenMedicalCenter,0.24,19.773333333333333,ROUTE_HighlandHospitalWilmaChanCampus,0.24,2.4116666666666666
37.787777777750954,-122.45583333328868,66.45780715376574,HEMORRHAGIC,ROUTE_CPMCDaviesCampusSutter,0.24,9.141666666666667,ROUTE_KaiserFoundationHospitalSanFrancisco,0.24,4.1866666666666665,ROUTE_CPMCDaviesCampusSutter,0.24,9.141666666666667,ROUTE_KaiserFoundationHospitalSanFrancisco,0.24,4.1866666666666665
38.06472222219562,-122.53694444439985,269.2863769439489,MIMIC,ROUTE_NovatoCommunityHospitalSutter,0.9,8.625,ROUTE_NovatoCommunityHospitalSutter,0.9,8.625,ROUTE_UCSFMedicalCenter,0.9,45.181666666666665,ROUTE_NovatoCommunityHospitalSutter,0.9,8.625
37.4727777777507,-122.22861111106627,96.86816565499777,NLVO,ROUTE_KaiserFoundationHospitalRedwoodCity,0.5599169306170546,6.783333333333333,ROUTE_KaiserFoundationHospitalRedwoodCity,0.5599169306170546,6.783333333333333,ROUTE_KaiserFoundationHospitalRedwoodCity,0.5599169306170546,6.783333333333333,ROUTE_KaiserFoundationHospitalRedwoodCity,0.5599169306170546,6.783333333333333
37.79305555552873,-122.43333333328866,45.602489304435,LVO,ROUTE_CPMCDaviesCampusSutter,0.4490409519066431,8.08,ROUTE_UCSFHealthHydeHospital,0.435430166044222,3.521666666666667,ROUTE_CPMCDaviesCampusSutter,0.4490409519066431,8.08,ROUTE_UCSFHealthHydeHospital,0.435430166044222,3.521666666666667
37.79361111108429,-122.41305555551087,204.89879276555726,LVO,ROUTE_ChineseHospital,0.25801411770161814,1.47,ROUTE_ChineseHospital,0.25801411770161814,1.47,ROUTE_CPMCDaviesCampusSutter,0.2564671710587959,9.971666666666666,ROUTE_ChineseHospital,0.25801411770161814,1.47
37.87638888886213,-122.27333333328853,198.59003756506428,LVO,ROUTE_KaiserFoundationHospitalOaklandRichmond,0.2572327349214269,14.768333333333334,ROUTE_AltaBatesSummitMedicalCenterAltaBatesCampus,0.24466880000000002,9.3,ROUTE_JohnMuirMedicalCenterWalnutCreekCampus,0.2541949575938114,31.596666666666668,ROUTE_KaiserFoundationHospitalOaklandRichmond,0.2572327349214269,14.768333333333334
37.582222222195234,-122.01944444439944,263.38376399830656,NLVO,ROUTE_WashingtonHospitalHealthcareSystem,0.4622,13.658333333333333,ROUTE_WashingtonHospitalHealthcareSystem,0.4622,13.658333333333333,ROUTE_SutterEdenMedicalCenter,0.4622,23.351666666666667,ROUTE_WashingtonHospitalHealthcareSystem,0.4622,13.658333333333333
38.0863888888623,-122.16972222217734,167.34272246060976,HEMORRHAGIC,ROUTE_JohnMuirMedicalCenterWalnutCreekCampus,0.24,26.415000000000003,ROUTE_SutterSolanoMedicalCenter,0.24,15.29,ROUTE_JohnMuirMedicalCenterWalnutCreekCampus,0.24,26.415000000000003,ROUTE_SutterSolanoMedicalCenter,0.24,15.29
38.28111111108468,-122.02222222217722,48.29928979950333,NLVO,ROUTE_JohnMuirMedicalCenterWalnutCreekCampus,0.5710689968304611,45.14666666666667,ROUTE_NorthBayMedicalCenter,0.5833135217165042,10.935,ROUTE_JohnMuirMedicalCenterWalnutCreekCampus,0.5710689968304611,45.14666666666667,ROUTE_NorthBayMedicalCenter,0.5833135217165042,10.935
37.65694444441751,-122.42416666662199,198.12306037176802,MIMIC,ROUTE_KaiserFoundationHospitalSouthSanFrancisco,0.9,5.098333333333333,ROUTE_KaiserFoundationHospitalSouthSanFrancisco,0.9,5.098333333333333,ROUTE_MillsPeninsulaMedicalCenterSutter,0.9,12.526666666666667,ROUTE_KaiserFoundationHospitalSouthSanFrancisco,0.9,5.098333333333333
37.44888888886179,-122.18305555551069,163.95312702468536,MIMIC,ROUTE_StanfordHealthCare,0.9,8.236666666666666,ROUTE_StanfordHealthCare,0.9,8.236666666666666,ROUTE_StanfordHealthCare,0.9,8.236666666666666,ROUTE_StanfordHealthCare,0.9,8.236666666666666
37.801111111084296,-121.89444444439934,58.693376207470685,HEMORRHAGIC,ROUTE_JohnMuirMedicalCenterWalnutCreekCampus,0.24,26.873333333333335,ROUTE_SanRamonRegionalMedicalCenter,0.24,13.861666666666668,ROUTE_JohnMuirMedicalCenterWalnutCreekCampus,0.24,26.873333333333335,ROUTE_SanRamonRegionalMedicalCenter,0.24,13.861666666666668
38.085833333306745,-122.57527777773322,213.25134067676052,MIMIC,ROUTE_NovatoCommunityHospitalSutter,0.9,8.803333333333335,ROUTE_NovatoCommunityHospitalSutter,0.9,8.803333333333335,ROUTE_UCSFMedicalCenter,0.9,51.22,ROUTE_NovatoCommunityHospitalSutter,0.9,8.803333333333335
37.85722222219545,-122.29222222217744,83.46894844265972,LVO,ROUTE_CPMCDaviesCampusSutter,0.42879108823175816,27.316666666666666,ROUTE_AltaBatesSummitMedicalCenterAltaBatesCampus,0.2541101074944183,8.683333333333334,ROUTE_CPMCDaviesCampusSutter,0.42879108823175816,27.316666666666666,ROUTE_AltaBatesSummitMedicalCenterSummitCampus,0.29012355903921866,11.636666666666667
37.439166666639565,-122.11861111106619,187.95018009309956,HEMORRHAGIC,ROUTE_StanfordHealthCare,0.24,14.866666666666667,ROUTE_StanfordHealthCare,0.24,14.866666666666667,ROUTE_StanfordHealthCare,0.24,14.866666666666667,ROUTE_StanfordHealthCare,0.24,14.866666666666667
37.73805555552869,-122.25249999995519,77.05181595068082,NLVO,ROUTE_SutterEdenMedicalCenter,0.5635005880956504,25.138333333333332,ROUTE_AlamedaHospital,0.5683985783124919,11.511666666666667,ROUTE_SutterEdenMedicalCenter,0.5635005880956504,25.138333333333332,ROUTE_AlamedaHospital,0.5683985783124919,11.511666666666667
37.43805555552845,-121.87638888884378,210.2536547161745,LVO,ROUTE_RegionalMedicalCenterOfSanJose,0.2546789781645018,12.235000000000001,ROUTE_RegionalMedicalCenterOfSanJose,0.2546789781645018,12.235000000000001,ROUTE_RegionalMedicalCenterOfSanJose,0.2546789781645018,12.235000000000001,ROUTE_RegionalMedicalCenterOfSanJose,0.2546789781645018,12.235000000000001
37.359166666639496,-122.09888888884394,71.86708645675436,LVO,ROUTE_ElCaminoHealthMountainView,0.43870619838420566,7.733333333333333,ROUTE_ElCaminoHealthMountainView,0.43870619838420566,7.733333333333333,ROUTE_ElCaminoHealthMountainView,0.43870619838420566,7.733333333333333,ROUTE_ElCaminoHealthMountainView,0.43870619838420566,7.733333333333333
37.96749999997332,-122.49833333328871,95.58648215013399,LVO,ROUTE_UCSFMedicalCenter,0.42106913797799406,38.525,ROUTE_MarinHealthMedicalCenter,0.2865965435751905,11.191666666666666,ROUTE_UCSFMedicalCenter,0.42106913797799406,38.525,ROUTE_MarinHealthMedicalCenter,0.2865965435751905,11.191666666666666
37.45944444441736,-122.14666666662177,153.65314464938132,HEMORRHAGIC,ROUTE_KaiserFoundationHospitalRedwoodCity,0.24,13.393333333333334,ROUTE_KaiserFoundationHospitalRedwoodCity,0.24,13.393333333333334,ROUTE_KaiserFoundationHospitalRedwoodCity,0.24,13.393333333333334,ROUTE_KaiserFoundationHospitalRedwoodCity,0.24,13.393333333333334
37.82083333330653,-122.2611111110663,37.28455824956452,LVO,ROUTE_SutterEdenMedicalCenter,0.44878893845432966,20.863333333333333,ROUTE_AltaBatesSummitMedicalCenterSummitCampus,0.43800015259482994,0.35500000000000004,ROUTE_SutterEdenMedicalCenter,0.44878893845432966,20.863333333333333,ROUTE_AltaBatesSummitMedicalCenterSummitCampus,0.43800015259482994,0.35500000000000004
37.88111111108436,-122.52805555551096,206.85403437970388,MIMIC,ROUTE_MarinHealthMedicalCenter,0.9,16.923333333333332,ROUTE_MarinHealthMedicalCenter,0.9,16.923333333333332,ROUTE_UCSFMedicalCenter,0.9,26.05,ROUTE_MarinHealthMedicalCenter,0.9,16.923333333333332
37.700277777750884,-122.09805555551061,222.92559136058796,HEMORRHAGIC,ROUTE_SutterEdenMedicalCenter,0.24,3.775,ROUTE_SutterEdenMedicalCenter,0.24,3.775,ROUTE_SutterEdenMedicalCenter,0.24,3.775,ROUTE_SutterEdenMedicalCenter,0.24,3.775
37.726666666639794,-122.45666666662201,269.46229965565976,MIMIC,ROUTE_CPMCMissionBernalCampusSutter,0.9,8.266666666666667,ROUTE_CPMCMissionBernalCampusSutter,0.9,8.266666666666667,ROUTE_UCSFMedicalCenter,0.9,10.736666666666668,ROUTE_CPMCMissionBernalCampusSutter,0.9,8.266666666666667
37.93972222219552,-122.31777777773301,262.4136089261202,NLVO,ROUTE_KaiserFoundationHospitalRichmondCampus,0.4622,9.78,ROUTE_KaiserFoundationHospitalRichmondCampus,0.4622,9.78,ROUTE_CPMCDaviesCampusSutter,0.4622,32.78,ROUTE_KaiserFoundationHospitalRichmondCampus,0.4622,9.78
37.97972222219555,-121.71222222217698,161.31354229332112,LVO,ROUTE_JohnMuirMedicalCenterWalnutCreekCampus,0.2630455752185744,36.538333333333334,ROUTE_KaiserFoundationHospitalAntioch,0.2671332456608062,14.93,ROUTE_JohnMuirMedicalCenterWalnutCreekCampus,0.2630455752185744,36.538333333333334,ROUTE_KaiserFoundationHospitalAntioch,0.2671332456608062,14.93
37.353611111083936,-122.01333333328833,30.08373812780686,MIMIC,ROUTE_KaiserFoundationHospitalSantaClara,0.9,7.611666666666666,ROUTE_KaiserFoundationHospitalSantaClara,0.9,7.611666666666666,ROUTE_KaiserFoundationHospitalSantaClara,0.9,7.611666666666666,ROUTE_KaiserFoundationHospitalSantaClara,0.9,7.611666666666666
37.89305555552881,-122.29388888884411,251.87397993708396,LVO,ROUTE_KaiserFoundationHospitalRichmondCampus,0.24466880000000002,14.308333333333334,ROUTE_KaiserFoundationHospitalRichmondCampus,0.24466880000000002,14.308333333333334,ROUTE_CPMCDaviesCampusSutter,0.24466880000000002,31.541666666666668,ROUTE_KaiserFoundationHospitalRichmondCampus,0.24466880000000002,14.308333333333334
37.70555555552866,-122.18333333328846,129.702393833513,LVO,ROUTE_SutterEdenMedicalCenter,0.4147346205310508,13.433333333333334,ROUTE_KaiserFoundationHospitalSanLeandro,0.27786466379113084,5.251666666666667,ROUTE_SutterEdenMedicalCenter,0.4147346205310508,13.433333333333334,ROUTE_KaiserFoundationHospitalSanLeandro,0.27786466379113084,5.251666666666667
37.94027777775107,-122.34638888884415,86.27475018345444,LVO,ROUTE_CPMCDaviesCampusSutter,0.4259771337323724,33.663333333333334,ROUTE_KaiserFoundationHospitalRichmondCampus,0.2908679175767291,4.098333333333334,ROUTE_CPMCDaviesCampusSutter,0.4259771337323724,33.663333333333334,ROUTE_KaiserFoundationHospitalRichmondCampus,0.2908679175767291,4.098333333333334
37.58472222219523,-122.05305555551058,141.19736609381334,HEMORRHAGIC,ROUTE_SutterEdenMedicalCenter,0.24,21.85666666666667,ROUTE_StRoseHospital,0.24,12.695,ROUTE_SutterEdenMedicalCenter,0.24,21.85666666666667,ROUTE_WashingtonHospitalHealthcareSystem,0.24,18.163333333333334
37.534166666639635,-122.02583333328833,102.33220859970874,LVO,ROUTE_SutterEdenMedicalCenter,0.42222278255973167,24.60666666666667,ROUTE_WashingtonHospitalHealthcareSystem,0.2841673478855498,13.308333333333334,ROUTE_SutterEdenMedicalCenter,0.42222278255973167,24.60666666666667,ROUTE_WashingtonHospitalHealthcareSystem,0.2841673478855498,13.308333333333334
37.41027777775065,-121.90472222217713,264.35898400313397,MIMIC,ROUTE_OConnorHospital,0.9,13.033333333333333,ROUTE_OConnorHospital,0.9,13.033333333333333,ROUTE_RegionalMedicalCenterOfSanJose,0.9,13.073333333333332,ROUTE_OConnorHospital,0.9,13.033333333333333
37.613333333306365,-122.0388888888439,204.1714743895319,HEMORRHAGIC,ROUTE_WashingtonHospitalHealthcareSystem,0.24,20.751666666666665,ROUTE_StRoseHospital,0.24,15.426666666666668,ROUTE_SutterEdenMedicalCenter,0.24,24.88,ROUTE_WashingtonHospitalHealthcareSystem,0.24,20.751666666666665
38.00777777775113,-122.55833333328876,202.61054074869472,LVO,ROUTE_KaiserFoundationHospitalSanRafael,0.2584833725869086,2.1733333333333333,ROUTE_KaiserFoundationHospitalSanRafael,0.2584833725869086,2.1733333333333333,ROUTE_UCSFMedicalCenter,0.24466880000000002,43.92333333333333,ROUTE_KaiserFoundationHospitalSanRafael,0.2584833725869086,2.1733333333333333
37.37222222219506,-122.07027777773281,100.9653472707262,HEMORRHAGIC,ROUTE_ElCaminoHealthMountainView,0.24,4.653333333333333,ROUTE_ElCaminoHealthMountainView,0.24,4.653333333333333,ROUTE_ElCaminoHealthMountainView,0.24,4.653333333333333,ROUTE_ElCaminoHealthMountainView,0.24,4.653333333333333
37.37611111108396,-122.08583333328839,194.4131296493704,LVO,ROUTE_ElCaminoHealthMountainView,0.2599754423029377,5.766666666666667,ROUTE_ElCaminoHealthMountainView,0.2599754423029377,5.766666666666667,ROUTE_ElCaminoHealthMountainView,0.2599754423029377,5.766666666666667,ROUTE_ElCaminoHealthMountainView,0.2599754423029377,5.766666666666667
37.977499999973325,-122.56861111106655,171.62523904070775,HEMORRHAGIC,ROUTE_MarinHealthMedicalCenter,0.24,9.968333333333334,ROUTE_MarinHealthMedicalCenter,0.24,9.968333333333334,ROUTE_UCSFMedicalCenter,0.24,42.595,ROUTE_MarinHealthMedicalCenter,0.24,9.968333333333334
37.78555555552873,-122.47972222217759,59.99562579156728,HEMORRHAGIC,ROUTE_UCSFMedicalCenter,0.24,11.133333333333333,ROUTE_KaiserFoundationHospitalSanFrancisco,0.24,7.9350000000000005,ROUTE_UCSFMedicalCenter,0.24,11.133333333333333,ROUTE_KaiserFoundationHospitalSanFrancisco,0.24,7.9350000000000005
38.14999999997346,-122.23833333328851,235.2038335273746,LVO,ROUTE_SutterSolanoMedicalCenter,0.24466880000000002,8.360000000000001,ROUTE_SutterSolanoMedicalCenter,0.24466880000000002,8.360000000000001,ROUTE_JohnMuirMedicalCenterWalnutCreekCampus,0.24466880000000002,34.31166666666666,ROUTE_SutterSolanoMedicalCenter,0.24466880000000002,8.360000000000001
37.65055555552862,-122.02777777773278,126.96302332016006,HEMORRHAGIC,ROUTE_SutterEdenMedicalCenter,0.24,21.403333333333332,ROUTE_StRoseHospital,0.24,18.341666666666665,ROUTE_SutterEdenMedicalCenter,0.24,21.403333333333332,ROUTE_SutterEdenMedicalCenter,0.24,21.403333333333332
37.40277777775064,-122.08388888884394,170.51294471897768,MIMIC,ROUTE_ElCaminoHealthMountainView,0.9,13.366666666666667,ROUTE_ElCaminoHealthMountainView,0.9,13.366666666666667,ROUTE_ElCaminoHealthMountainView,0.9,13.366666666666667,ROUTE_ElCaminoHealthMountainView,0.9,13.366666666666667
37.88138888886214,-122.25444444439964,173.4632461112603,HEMORRHAGIC,ROUTE_JohnMuirMedicalCenterWalnutCreekCampus,0.24,27.521666666666665,ROUTE_AltaBatesSummitMedicalCenterAltaBatesCampus,0.24,11.846666666666666,ROUTE_JohnMuirMedicalCenterWalnutCreekCampus,0.24,27.521666666666665,ROUTE_AltaBatesSummitMedicalCenterSummitCampus,0.24,21.005
38.102499999973425,-122.25777777773297,142.62735930076747,HEMORRHAGIC,ROUTE_JohnMuirMedicalCenterWalnutCreekCampus,0.24,29.56,ROUTE_KaiserFoundationHospitalVallejo,0.24,7.211666666666667,ROUTE_JohnMuirMedicalCenterWalnutCreekCampus,0.24,29.56,ROUTE_KaiserFoundationHospitalVallejo,0.24,7.211666666666667
37.88777777775103,-122.08416666662171,60.67499524199614,HEMORRHAGIC,ROUTE_JohnMuirMedicalCenterWalnutCreekCampus,0.24,10.956666666666667,ROUTE_KaiserFoundationHospitalWalnutCreek,0.24,8.163333333333334,ROUTE_JohnMuirMedicalCenterWalnutCreekCampus,0.24,10.956666666666667,ROUTE_KaiserFoundationHospitalWalnutCreek,0.24,8.163333333333334
37.687777777750874,-121.92194444439937,128.06514841464931,NLVO,ROUTE_SutterEdenMedicalCenter,0.5397565532754848,17.965,ROUTE_StanfordHealthCareTriValley,0.5425954877903414,10.139999999999999,ROUTE_SutterEdenMedicalCenter,0.5397565532754848,17.965,ROUTE_StanfordHealthCareTriValley,0.5425954877903414,10.139999999999999
37.767499999973154,-122.19805555551069,235.02738563322484,LVO,ROUTE_HighlandHospitalWilmaChanCampus,0.24466880000000002,10.853333333333333,ROUTE_HighlandHospitalWilmaChanCampus,0.24466880000000002,10.853333333333333,ROUTE_SutterEdenMedicalCenter,0.24466880000000002,18.361666666666668,ROUTE_HighlandHospitalWilmaChanCampus,0.24466880000000002,10.853333333333333
37.46638888886181,-122.22861111106627,76.49736179137054,LVO,ROUTE_KaiserFoundationHospitalRedwoodCity,0.4361388003714346,10.433333333333334,ROUTE_SequoiaHospital,0.29264688316849186,9.67,ROUTE_KaiserFoundationHospitalRedwoodCity,0.4361388003714346,10.433333333333334,ROUTE_SequoiaHospital,0.29264688316849186,9.67
37.741944444417584,-122.17444444439957,269.7263196387246,MIMIC,ROUTE_KaiserFoundationHospitalSanLeandro,0.9,10.889999999999999,ROUTE_KaiserFoundationHospitalSanLeandro,0.9,10.889999999999999,ROUTE_SutterEdenMedicalCenter,0.9,16.765,ROUTE_KaiserFoundationHospitalSanLeandro,0.9,10.889999999999999
37.96583333330665,-122.50361111106649,196.97615941419207,LVO,ROUTE_MarinHealthMedicalCenter,0.2583785541416099,10.795,ROUTE_MarinHealthMedicalCenter,0.2583785541416099,10.795,ROUTE_UCSFMedicalCenter,0.2534396707345623,38.12833333333333,ROUTE_MarinHealthMedicalCenter,0.2583785541416099,10.795
37.93083333330662,-121.72111111106587,58.12503378199669,LVO,ROUTE_JohnMuirMedicalCenterWalnutCreekCampus,0.43564907497035404,38.46,ROUTE_KaiserFoundationHospitalAntioch,0.2975777263970333,12.935,ROUTE_JohnMuirMedicalCenterWalnutCreekCampus,0.43564907497035404,38.46,ROUTE_KaiserFoundationHospitalAntioch,0.2975777263970333,12.935
37.92916666663995,-122.33999999995525,240.62431984383707,HEMORRHAGIC,ROUTE_KaiserFoundationHospitalRichmondCampus,0.24,7.413333333333333,ROUTE_KaiserFoundationHospitalRichmondCampus,0.24,7.413333333333333,ROUTE_CPMCDaviesCampusSutter,0.24,33.85333333333333,ROUTE_KaiserFoundationHospitalRichmondCampus,0.24,7.413333333333333
37.759166666639814,-122.13916666662176,103.0477737786232,HEMORRHAGIC,ROUTE_SutterEdenMedicalCenter,0.24,13.396666666666667,ROUTE_HighlandHospitalWilmaChanCampus,0.24,10.725,ROUTE_SutterEdenMedicalCenter,0.24,13.396666666666667,ROUTE_HighlandHospitalWilmaChanCampus,0.24,10.725
37.92277777775106,-122.05777777773281,34.238962392614184,HEMORRHAGIC,ROUTE_JohnMuirMedicalCenterWalnutCreekCampus,0.24,6.111666666666666,ROUTE_JohnMuirMedicalCenterWalnutCreekCampus,0.24,6.111666666666666,ROUTE_JohnMuirMedicalCenterWalnutCreekCampus,0.24,6.111666666666666,ROUTE_JohnMuirMedicalCenterWalnutCreekCampus,0.24,6.111666666666666
37.74444444441758,-122.47527777773314,106.98432592247633,LVO,ROUTE_UCSFMedicalCenter,0.42526876161275684,6.691666666666666,ROUTE_UCSFMedicalCenter,0.42526876161275684,6.691666666666666,ROUTE_UCSFMedicalCenter,0.42526876161275684,6.691666666666666,ROUTE_UCSFMedicalCenter,0.42526876161275684,6.691666666666666
37.73194444441757,-122.43749999995534,231.71465997695321,HEMORRHAGIC,ROUTE_CPMCMissionBernalCampusSutter,0.24,4.59,ROUTE_CPMCMissionBernalCampusSutter,0.24,4.59,ROUTE_CPMCDaviesCampusSutter,0.24,10.860000000000001,ROUTE_CPMCMissionBernalCampusSutter,0.24,4.59
37.74861111108425,-122.44444444439978,230.60484157979226,MIMIC,ROUTE_CPMCMissionBernalCampusSutter,0.9,5.956666666666666,ROUTE_CPMCMissionBernalCampusSutter,0.9,5.956666666666666,ROUTE_UCSFMedicalCenter,0.9,7.796666666666667,ROUTE_CPMCMissionBernalCampusSutter,0.9,5.956666666666666
38.0169444444178,-122.52833333328874,199.33672630920637,HEMORRHAGIC,ROUTE_KaiserFoundationHospitalSanRafael,0.24,11.518333333333334,ROUTE_KaiserFoundationHospitalSanRafael,0.24,11.518333333333334,ROUTE_UCSFMedicalCenter,0.24,44.00333333333333,ROUTE_KaiserFoundationHospitalSanRafael,0.24,11.518333333333334
38.29361111108469,-122.47305555551091,170.1987376674131,LVO,ROUTE_SonomaValleyHospital,0.2670785325457252,2.5233333333333334,ROUTE_SonomaValleyHospital,0.2670785325457252,2.5233333333333334,ROUTE_JohnMuirMedicalCenterWalnutCreekCampus,0.25522310371617585,66.43,ROUTE_SonomaValleyHospital,0.2670785325457252,2.5233333333333334
37.734999999973134,-122.42638888884422,191.87432920539285,MIMIC,ROUTE_CPMCDaviesCampusSutter,0.9,10.351666666666667,ROUTE_CPMCMissionBernalCampusSutter,0.9,4.08,ROUTE_CPMCDaviesCampusSutter,0.9,10.351666666666667,ROUTE_CPMCMissionBernalCampusSutter,0.9,4.08
37.80305555552874,-121.92805555551048,179.32356543137783,NLVO,ROUTE_JohnMuirMedicalCenterWalnutCreekCampus,0.5111136706281209,23.23,ROUTE_SanRamonRegionalMedicalCenter,0.5153791585346967,11.593333333333334,ROUTE_JohnMuirMedicalCenterWalnutCreekCampus,0.5111136706281209,23.23,ROUTE_SanRamonRegionalMedicalCenter,0.5153791585346967,11.593333333333334
37.53749999997297,-121.96388888884384,163.31610324887131,HEMORRHAGIC,ROUTE_RegionalMedicalCenterOfSanJose,0.24,22.85666666666667,ROUTE_KaiserFoundationHospitalFremont,0.24,4.725,ROUTE_RegionalMedicalCenterOfSanJose,0.24,22.85666666666667,ROUTE_KaiserFoundationHospitalFremont,0.24,4.725
37.65472222219529,-122.02055555551055,70.34799600732168,HEMORRHAGIC,ROUTE_SutterEdenMedicalCenter,0.24,18.3,ROUTE_StRoseHospital,0.24,16.958333333333332,ROUTE_SutterEdenMedicalCenter,0.24,18.3,ROUTE_SutterEdenMedicalCenter,0.24,18.3
37.69277777775088,-121.86555555551043,47.73352013780187,NLVO,ROUTE_SutterEdenMedicalCenter,0.5798136696486538,21.538333333333334,ROUTE_StanfordHealthCareTriValley,0.5857487341621062,4.92,ROUTE_SutterEdenMedicalCenter,0.5798136696486538,21.538333333333334,ROUTE_StanfordHealthCareTriValley,0.5857487341621062,4.92
37.80277777775096,-122.43138888884421,90.50280646073396,LVO,ROUTE_CPMCDaviesCampusSutter,0.43040409556186976,11.351666666666667,ROUTE_UCSFHealthHydeHospital,0.28934773852114937,5.278333333333333,ROUTE_CPMCDaviesCampusSutter,0.43040409556186976,11.351666666666667,ROUTE_UCSFHealthHydeHospital,0.28934773852114937,5.278333333333333
38.24638888886243,-122.01138888884388,223.73165531094838,LVO,ROUTE_NorthBayMedicalCenter,0.24466880000000002,13.088333333333333,ROUTE_NorthBayMedicalCenter,0.24466880000000002,13.088333333333333,ROUTE_JohnMuirMedicalCenterWalnutCreekCampus,0.24466880000000002,44.655,ROUTE_NorthBayMedicalCenter,0.24466880000000002,13.088333333333333
37.738611111084246,-122.4961111110665,217.2232551571421,LVO,ROUTE_UCSFMedicalCenter,0.253125831589014,10.965,ROUTE_UCSFMedicalCenter,0.253125831589014,10.965,ROUTE_UCSFMedicalCenter,0.253125831589014,10.965,ROUTE_UCSFMedicalCenter,0.253125831589014,10.965
37.59027777775079,-122.06361111106615,145.26104392635602,HEMORRHAGIC,ROUTE_SutterEdenMedicalCenter,0.24,21.891666666666666,ROUTE_StRoseHospital,0.24,12.729999999999999,ROUTE_SutterEdenMedicalCenter,0.24,21.891666666666666,ROUTE_KaiserFoundationHospitalSanLeandro,0.24,20.198333333333334
37.71666666663978,-121.87138888884377,213.00334205739546,HEMORRHAGIC,ROUTE_StanfordHealthCareTriValley,0.24,6.1483333333333325,ROUTE_StanfordHealthCareTriValley,0.24,6.1483333333333325,ROUTE_SutterEdenMedicalCenter,0.24,18.35666666666667,ROUTE_StanfordHealthCareTriValley,0.24,6.1483333333333325
37.85444444441767,-122.12888888884397,142.94211970034073,HEMORRHAGIC,ROUTE_JohnMuirMedicalCenterWalnutCreekCampus,0.24,20.478333333333335,ROUTE_KaiserFoundationHospitalWalnutCreek,0.24,18.206666666666667,ROUTE_JohnMuirMedicalCenterWalnutCreekCampus,0.24,20.478333333333335,ROUTE_KaiserFoundationHospitalWalnutCreek,0.24,18.206666666666667
37.828888888862096,-121.93499999995493,137.1068267850061,LVO,ROUTE_JohnMuirMedicalCenterWalnutCreekCampus,0.4093258985876041,23.233333333333334,ROUTE_SanRamonRegionalMedicalCenter,0.2737745443620709,15.266666666666667,ROUTE_JohnMuirMedicalCenterWalnutCreekCampus,0.4093258985876041,23.233333333333334,ROUTE_SanRamonRegionalMedicalCenter,0.2737745443620709,15.266666666666667
37.420277777750655,-121.87138888884377,47.590716869378284,HEMORRHAGIC,ROUTE_RegionalMedicalCenterOfSanJose,0.24,11.638333333333332,ROUTE_RegionalMedicalCenterOfSanJose,0.24,11.638333333333332,ROUTE_RegionalMedicalCenterOfSanJose,0.24,11.638333333333332,ROUTE_RegionalMedicalCenterOfSanJose,0.24,11.638333333333332
38.25277777775133,-122.01388888884388,49.24085344815248,LVO,ROUTE_JohnMuirMedicalCenterWalnutCreekCampus,0.4373098975176545,45.11833333333333,ROUTE_NorthBayMedicalCenter,0.30081007514746205,10.785,ROUTE_JohnMuirMedicalCenterWalnutCreekCampus,0.4373098975176545,45.11833333333333,ROUTE_NorthBayMedicalCenter,0.30081007514746205,10.785
37.6583333333064,-122.09999999995506,228.57523823791158,HEMORRHAGIC,ROUTE_StRoseHospital,0.24,6.541666666666667,ROUTE_StRoseHospital,0.24,6.541666666666667,ROUTE_SutterEdenMedicalCenter,0.24,11.768333333333334,ROUTE_KaiserFoundationHospitalSanLeandro,0.24,10.075
37.76805555552871,-122.23388888884406,195.1632592195059,NLVO,ROUTE_AlamedaHospital,0.5093223648651644,5.483333333333333,ROUTE_AlamedaHospital,0.5093223648651644,5.483333333333333,ROUTE_SutterEdenMedicalCenter,0.504547408639374,18.48,ROUTE_AlamedaHospital,0.5093223648651644,5.483333333333333
37.67083333330641,-121.86999999995489,200.31285651602875,HEMORRHAGIC,ROUTE_StanfordHealthCareTriValley,0.24,7.58,ROUTE_StanfordHealthCareTriValley,0.24,7.58,ROUTE_SutterEdenMedicalCenter,0.24,24.596666666666668,ROUTE_StanfordHealthCareTriValley,0.24,7.58
37.70138888886199,-122.45388888884423,251.60479894985542,LVO,ROUTE_CPMCMissionBernalCampusSutter,0.24466880000000002,8.711666666666668,ROUTE_CPMCMissionBernalCampusSutter,0.24466880000000002,8.711666666666668,ROUTE_CPMCDaviesCampusSutter,0.24466880000000002,14.983333333333333,ROUTE_CPMCMissionBernalCampusSutter,0.24466880000000002,8.711666666666668
37.76388888886204,-122.25166666662184,197.35015250714997,LVO,ROUTE_AlamedaHospital,0.2600377392399887,1.2333333333333334,ROUTE_AlamedaHospital,0.2600377392399887,1.2333333333333334,ROUTE_SutterEdenMedicalCenter,0.25626950683959543,21.846666666666668,ROUTE_AlamedaHospital,0.2600377392399887,1.2333333333333334
37.40944444441732,-122.11388888884396,182.62347898291551,HEMORRHAGIC,ROUTE_ElCaminoHealthMountainView,0.24,18.34333333333333,ROUTE_ElCaminoHealthMountainView,0.24,18.34333333333333,ROUTE_ElCaminoHealthMountainView,0.24,18.34333333333333,ROUTE_ElCaminoHealthMountainView,0.24,18.34333333333333
37.783611111084284,-122.3974999999553,96.8777306128269,LVO,ROUTE_CPMCDaviesCampusSutter,0.4281395661851769,10.555,ROUTE_ChineseHospital,0.28742906414297925,5.345,ROUTE_CPMCDaviesCampusSutter,0.4281395661851769,10.555,ROUTE_ChineseHospital,0.28742906414297925,5.345
37.69722222219532,-122.10749999995507,156.53874340833,HEMORRHAGIC,ROUTE_SutterEdenMedicalCenter,0.24,4.866666666666666,ROUTE_SutterEdenMedicalCenter,0.24,4.866666666666666,ROUTE_SutterEdenMedicalCenter,0.24,4.866666666666666,ROUTE_SutterEdenMedicalCenter,0.24,4.866666666666666
37.70833333330644,-121.85722222217709,82.56890888114873,LVO,ROUTE_SutterEdenMedicalCenter,0.4310387298621715,20.361666666666668,ROUTE_StanfordHealthCareTriValley,0.2911296945963757,8.153333333333332,ROUTE_SutterEdenMedicalCenter,0.4310387298621715,20.361666666666668,ROUTE_StanfordHealthCareTriValley,0.2911296945963757,8.153333333333332
37.78194444441761,-122.41249999995532,189.82461962709272,NLVO,ROUTE_CPMCDaviesCampusSutter,0.5108281902176934,9.006666666666666,ROUTE_UCSFHealthHydeHospital,0.5127016913691158,3.8983333333333334,ROUTE_CPMCDaviesCampusSutter,0.5108281902176934,9.006666666666666,ROUTE_UCSFHealthHydeHospital,0.5127016913691158,3.8983333333333334
37.749444444417584,-122.16222222217733,126.12195022862574,HEMORRHAGIC,ROUTE_SutterEdenMedicalCenter,0.24,13.271666666666667,ROUTE_SanLeandroHospitalAlamedaHealthSystem,0.24,11.088333333333333,ROUTE_SutterEdenMedicalCenter,0.24,13.271666666666667,ROUTE_HighlandHospitalWilmaChanCampus,0.24,11.891666666666667
37.82416666663987,-122.27361111106632,170.05983128614065,HEMORRHAGIC,ROUTE_SutterEdenMedicalCenter,0.24,20.865000000000002,ROUTE_KaiserFoundationHospitalOaklandRichmond,0.24,4.031666666666667,ROUTE_SutterEdenMedicalCenter,0.24,20.865000000000002,ROUTE_KaiserFoundationHospitalOaklandRichmond,0.24,4.031666666666667
37.535555555528525,-122.0502777777328,100.12321225655297,MIMIC,ROUTE_KaiserFoundationHospitalRedwoodCity,0.9,27.348333333333336,ROUTE_StRoseHospital,0.9,18.753333333333334,ROUTE_KaiserFoundationHospitalRedwoodCity,0.9,27.348333333333336,ROUTE_WashingtonHospitalHealthcareSystem,0.9,19.771666666666665
38.420833333307016,-122.32694444439969,91.10830583191056,HEMORRHAGIC,ROUTE_JohnMuirMedicalCenterWalnutCreekCampus,0.24,64.115,ROUTE_ProvidenceQueenOfTheValleyMedicalCenter,0.24,16.93,ROUTE_JohnMuirMedicalCenterWalnutCreekCampus,0.24,64.115,ROUTE_ProvidenceQueenOfTheValleyMedicalCenter,0.24,16.93
37.9172222221955,-122.07388888884392,125.88158938013382,LVO,ROUTE_JohnMuirMedicalCenterWalnutCreekCampus,0.4174903103321398,8.576666666666666,ROUTE_KaiserFoundationHospitalWalnutCreek,0.2785117592212397,7.485,ROUTE_JohnMuirMedicalCenterWalnutCreekCampus,0.4174903103321398,8.576666666666666,ROUTE_KaiserFoundationHospitalWalnutCreek,0.2785117592212397,7.485
38.02138888886225,-121.88444444439934,220.62613352852372,HEMORRHAGIC,ROUTE_SutterDeltaMedicalCenter,0.24,12.746666666666666,ROUTE_SutterDeltaMedicalCenter,0.24,12.746666666666666,ROUTE_JohnMuirMedicalCenterWalnutCreekCampus,0.24,24.465,ROUTE_JohnMuirMedicalCenterConcordCampus,0.24,14.705
37.705833333306444,-122.09222222217728,82.67232081679546,LVO,ROUTE_SutterEdenMedicalCenter,0.4355828441947448,3.6333333333333333,ROUTE_SutterEdenMedicalCenter,0.4355828441947448,3.6333333333333333,ROUTE_SutterEdenMedicalCenter,0.4355828441947448,3.6333333333333333,ROUTE_SutterEdenMedicalCenter,0.4355828441947448,3.6333333333333333
37.713888888862,-122.0641666666217,149.7426232041629,HEMORRHAGIC,ROUTE_SutterEdenMedicalCenter,0.24,10.236666666666668,ROUTE_SutterEdenMedicalCenter,0.24,10.236666666666668,ROUTE_SutterEdenMedicalCenter,0.24,10.236666666666668,ROUTE_SutterEdenMedicalCenter,0.24,10.236666666666668
37.9222222221955,-121.7208333332881,121.58124826532027,HEMORRHAGIC,ROUTE_JohnMuirMedicalCenterWalnutCreekCampus,0.24,37.8,ROUTE_KaiserFoundationHospitalAntioch,0.24,12.275,ROUTE_JohnMuirMedicalCenterWalnutCreekCampus,0.24,37.8,ROUTE_KaiserFoundationHospitalAntioch,0.24,12.275
38.00472222219557,-122.52305555551095,100.99985287343927,LVO,ROUTE_UCSFMedicalCenter,0.41759616340232686,43.72666666666667,ROUTE_KaiserFoundationHospitalSanRafael,0.2845910672728294,13.153333333333334,ROUTE_UCSFMedicalCenter,0.41759616340232686,43.72666666666667,ROUTE_KaiserFoundationHospitalSanRafael,0.2845910672728294,13.153333333333334
37.90194444441771,-122.04194444439946,129.00401326808804,LVO,ROUTE_JohnMuirMedicalCenterWalnutCreekCampus,0.41624061473931695,8.788333333333332,ROUTE_JohnMuirMedicalCenterWalnutCreekCampus,0.41624061473931695,8.788333333333332,ROUTE_JohnMuirMedicalCenterWalnutCreekCampus,0.41624061473931695,8.788333333333332,ROUTE_JohnMuirMedicalCenterWalnutCreekCampus,0.41624061473931695,8.788333333333332
37.870555555528796,-122.29694444439967,193.36912737547271,HEMORRHAGIC,ROUTE_AltaBatesSummitMedicalCenterSummitCampus,0.24,11.971666666666666,ROUTE_AltaBatesSummitMedicalCenterAltaBatesCampus,0.24,11.828333333333335,ROUTE_CPMCDaviesCampusSutter,0.24,27.653333333333332,ROUTE_AltaBatesSummitMedicalCenterSummitCampus,0.24,11.971666666666666
37.66361111108419,-122.08749999995506,83.46464039450737,HEMORRHAGIC,ROUTE_SutterEdenMedicalCenter,0.24,12.126666666666667,ROUTE_StRoseHospital,0.24,7.8933333333333335,ROUTE_SutterEdenMedicalCenter,0.24,12.126666666666667,ROUTE_SutterEdenMedicalCenter,0.24,12.126666666666667
38.15694444441792,-122.2611111110663,226.66184233398684,LVO,ROUTE_KaiserFoundationHospitalVallejo,0.24466880000000002,7.203333333333333,ROUTE_KaiserFoundationHospitalVallejo,0.24466880000000002,7.203333333333333,ROUTE_JohnMuirMedicalCenterWalnutCreekCampus,0.24466880000000002,35.53666666666666,ROUTE_KaiserFoundationHospitalVallejo,0.24466880000000002,7.203333333333333
37.51638888886185,-122.27388888884408,114.00505220965653,HEMORRHAGIC,ROUTE_KaiserFoundationHospitalRedwoodCity,0.24,10.923333333333334,ROUTE_SanMateoMedicalCenter,0.24,9.406666666666666,ROUTE_KaiserFoundationHospitalRedwoodCity,0.24,10.923333333333334,ROUTE_KaiserFoundationHospitalRedwoodCity,0.24,10.923333333333334
37.75194444441759,-122.171388888844,126.70333670672383,LVO,ROUTE_SutterEdenMedicalCenter,0.41551288862232283,14.8,ROUTE_SanLeandroHospitalAlamedaHealthSystem,0.24466880000000002,12.545,ROUTE_SutterEdenMedicalCenter,0.41551288862232283,14.8,ROUTE_HighlandHospitalWilmaChanCampus,0.2770876938334846,13.42
38.14888888886235,-122.26083333328853,79.1213601523962,LVO,ROUTE_JohnMuirMedicalCenterWalnutCreekCampus,0.4284569150560139,34.755,ROUTE_KaiserFoundationHospitalVallejo,0.2925409093959593,6.42,ROUTE_JohnMuirMedicalCenterWalnutCreekCampus,0.4284569150560139,34.755,ROUTE_KaiserFoundationHospitalVallejo,0.2925409093959593,6.42
37.81277777775097,-122.25333333328852,163.47205066520922,LVO,ROUTE_SutterEdenMedicalCenter,0.4001693984424709,20.485,ROUTE_HighlandHospitalWilmaChanCampus,0.268174527929121,6.408333333333333,ROUTE_SutterEdenMedicalCenter,0.4001693984424709,20.485,ROUTE_HighlandHospitalWilmaChanCampus,0.268174527929121,6.408333333333333
37.748055555528694,-122.42333333328865,206.2393126977431,LVO,ROUTE_CPMCMissionBernalCampusSutter,0.25777524740322555,0.8633333333333333,ROUTE_CPMCMissionBernalCampusSutter,0.25777524740322555,0.8633333333333333,ROUTE_CPMCDaviesCampusSutter,0.2566902108324546,6.826666666666667,ROUTE_CPMCMissionBernalCampusSutter,0.25777524740322555,0.8633333333333333
37.670277777750854,-121.7763888888437,132.80113041449056,MIMIC,ROUTE_SutterEdenMedicalCenter,0.9,31.228333333333335,ROUTE_StanfordHealthCareTriValley,0.9,19.83,ROUTE_SutterEdenMedicalCenter,0.9,31.228333333333335,ROUTE_StanfordHealthCareTriValley,0.9,19.83
37.67499999997308,-122.14694444439955,98.07291465271854,LVO,ROUTE_SutterEdenMedicalCenter,0.4270176239133384,12.975,ROUTE_StRoseHospital,0.24466880000000002,10.943333333333333,ROUTE_SutterEdenMedicalCenter,0.4270176239133384,12.975,ROUTE_KaiserFoundationHospitalSanLeandro,0.2857360498869958,11.79
37.99083333330667,-121.77694444439925,199.99262021273944,LVO,ROUTE_KaiserFoundationHospitalAntioch,0.25763945535261,10.531666666666666,ROUTE_SutterDeltaMedicalCenter,0.24466880000000002,7.456666666666666,ROUTE_JohnMuirMedicalCenterWalnutCreekCampus,0.25350194646950913,33.47,ROUTE_KaiserFoundationHospitalAntioch,0.25763945535261,10.531666666666666
37.738333333306464,-122.40027777773308,186.43710202637587,LVO,ROUTE_CPMCDaviesCampusSutter,0.26086878848096784,12.33,ROUTE_ZuckerbergSanFranciscoGeneralHospital,0.26195714517375757,6.473333333333333,ROUTE_CPMCDaviesCampusSutter,0.26086878848096784,12.33,ROUTE_ZuckerbergSanFranciscoGeneralHospital,0.26195714517375757,6.473333333333333
37.668333333306414,-121.9063888888438,40.62693612464049,LVO,ROUTE_SutterEdenMedicalCenter,0.44683428604384806,23.083333333333332,ROUTE_StanfordHealthCareTriValley,0.4344237519518687,9.266666666666667,ROUTE_SutterEdenMedicalCenter,0.44683428604384806,23.083333333333332,ROUTE_StanfordHealthCareTriValley,0.4344237519518687,9.266666666666667
37.70694444441755,-122.06444444439948,240.06728529472272,HEMORRHAGIC,ROUTE_SutterEdenMedicalCenter,0.24,7.543333333333334,ROUTE_SutterEdenMedicalCenter,0.24,7.543333333333334,ROUTE_SutterEdenMedicalCenter,0.24,7.543333333333334,ROUTE_SutterEdenMedicalCenter,0.24,7.543333333333334
37.71444444441756,-122.04944444439947,143.96886705493324,LVO,ROUTE_SutterEdenMedicalCenter,0.40937093548480846,13.26,ROUTE_SutterEdenMedicalCenter,0.40937093548480846,13.26,ROUTE_SutterEdenMedicalCenter,0.40937093548480846,13.26,ROUTE_SutterEdenMedicalCenter,0.40937093548480846,13.26
38.11944444441788,-122.27055555551075,205.53210149465016,MIMIC,ROUTE_KaiserFoundationHospitalVallejo,0.9,6.0633333333333335,ROUTE_KaiserFoundationHospitalVallejo,0.9,6.0633333333333335,ROUTE_JohnMuirMedicalCenterWalnutCreekCampus,0.9,33.593333333333334,ROUTE_KaiserFoundationHospitalVallejo,0.9,6.0633333333333335
38.10194444441787,-122.19277777773291,130.83254349423237,MIMIC,ROUTE_JohnMuirMedicalCenterWalnutCreekCampus,0.9,28.985,ROUTE_SutterSolanoMedicalCenter,0.9,11.393333333333334,ROUTE_JohnMuirMedicalCenterWalnutCreekCampus,0.9,28.985,ROUTE_SutterSolanoMedicalCenter,0.9,11.393333333333334
37.36972222219506,-122.02138888884389,115.23881198249242,LVO,ROUTE_KaiserFoundationHospitalSantaClara,0.420661927785155,11.963333333333333,ROUTE_KaiserFoundationHospitalSantaClara,0.420661927785155,11.963333333333333,ROUTE_KaiserFoundationHospitalSantaClara,0.420661927785155,11.963333333333333,ROUTE_KaiserFoundationHospitalSantaClara,0.420661927785155,11.963333333333333
37.459999999972915,-122.26694444439964,200.3779942257727,LVO,ROUTE_SequoiaHospital,0.257564008131163,10.395000000000001,ROUTE_SequoiaHospital,0.257564008131163,10.395000000000001,ROUTE_KaiserFoundationHospitalRedwoodCity,0.2566660161869395,15.333333333333334,ROUTE_SequoiaHospital,0.257564008131163,10.395000000000001
37.91583333330661,-122.51722222217762,181.04061716760847,MIMIC,ROUTE_MarinHealthMedicalCenter,0.9,13.406666666666666,ROUTE_MarinHealthMedicalCenter,0.9,13.406666666666666,ROUTE_UCSFMedicalCenter,0.9,29.355,ROUTE_MarinHealthMedicalCenter,0.9,13.406666666666666
37.76111111108426,-122.47027777773313,243.83138428007493,HEMORRHAGIC,ROUTE_UCSFMedicalCenter,0.24,2.8183333333333334,ROUTE_UCSFMedicalCenter,0.24,2.8183333333333334,ROUTE_UCSFMedicalCenter,0.24,2.8183333333333334,ROUTE_UCSFMedicalCenter,0.24,2.8183333333333334
37.89055555552881,-122.54083333328875,83.51575743817011,LVO,ROUTE_UCSFMedicalCenter,0.4279310808749847,30.41,ROUTE_MarinHealthMedicalCenter,0.28814027955207355,21.025,ROUTE_UCSFMedicalCenter,0.4279310808749847,30.41,ROUTE_MarinHealthMedicalCenter,0.28814027955207355,21.025
37.95916666663998,-122.05916666662169,78.50000713407397,HEMORRHAGIC,ROUTE_JohnMuirMedicalCenterWalnutCreekCampus,0.24,11.998333333333333,ROUTE_JohnMuirMedicalCenterConcordCampus,0.24,9.165,ROUTE_JohnMuirMedicalCenterWalnutCreekCampus,0.24,11.998333333333333,ROUTE_JohnMuirMedicalCenterConcordCampus,0.24,9.165
37.739166666639804,-122.50527777773317,197.9526784510929,LVO,ROUTE_UCSFMedicalCenter,0.25775117304700124,12.833333333333334,ROUTE_UCSFMedicalCenter,0.25775117304700124,12.833333333333334,ROUTE_UCSFMedicalCenter,0.25775117304700124,12.833333333333334,ROUTE_UCSFMedicalCenter,0.25775117304700124,12.833333333333334
37.764166666639824,-122.24805555551073,226.81460950404045,NLVO,ROUTE_AlamedaHospital,0.4622,1.555,ROUTE_AlamedaHospital,0.4622,1.555,ROUTE_SutterEdenMedicalCenter,0.4622,20.743333333333332,ROUTE_AlamedaHospital,0.4622,1.555
37.34083333330615,-122.01222222217721,70.2055934161989,LVO,ROUTE_KaiserFoundationHospitalSantaClara,0.44013698457917194,4.930000000000001,ROUTE_KaiserFoundationHospitalSantaClara,0.44013698457917194,4.930000000000001,ROUTE_KaiserFoundationHospitalSantaClara,0.44013698457917194,4.930000000000001,ROUTE_KaiserFoundationHospitalSantaClara,0.44013698457917194,4.930000000000001
38.0005555555289,-121.79666666662149,104.28478861669552,LVO,ROUTE_JohnMuirMedicalCenterWalnutCreekCampus,0.4202401897140844,29.18,ROUTE_SutterDeltaMedicalCenter,0.24466880000000002,4.581666666666666,ROUTE_JohnMuirMedicalCenterWalnutCreekCampus,0.4202401897140844,29.18,ROUTE_KaiserFoundationHospitalAntioch,0.2842538705904886,10.098333333333333
38.03638888886226,-121.96722222217718,214.45629983358822,NLVO,ROUTE_JohnMuirMedicalCenterConcordCampus,0.49624115545303377,13.473333333333333,ROUTE_JohnMuirMedicalCenterConcordCampus,0.49624115545303377,13.473333333333333,ROUTE_JohnMuirMedicalCenterWalnutCreekCampus,0.4622,23.233333333333334,ROUTE_JohnMuirMedicalCenterConcordCampus,0.49624115545303377,13.473333333333333
38.09999999997342,-122.19722222217736,162.46158073556282,HEMORRHAGIC,ROUTE_JohnMuirMedicalCenterWalnutCreekCampus,0.24,28.491666666666667,ROUTE_SutterSolanoMedicalCenter,0.24,10.9,ROUTE_JohnMuirMedicalCenterWalnutCreekCampus,0.24,28.491666666666667,ROUTE_SutterSolanoMedicalCenter,0.24,10.9
37.71666666663978,-121.88444444439934,204.53321605093612,HEMORRHAGIC,ROUTE_StanfordHealthCareTriValley,0.24,8.686666666666667,ROUTE_StanfordHealthCareTriValley,0.24,8.686666666666667,ROUTE_SutterEdenMedicalCenter,0.24,19.791666666666668,ROUTE_StanfordHealthCareTriValley,0.24,8.686666666666667
37.79361111108429,-122.41944444439976,140.5352000815998,HEMORRHAGIC,ROUTE_CPMCDaviesCampusSutter,0.24,9.848333333333333,ROUTE_UCSFHealthHydeHospital,0.24,1.5,ROUTE_CPMCDaviesCampusSutter,0.24,9.848333333333333,ROUTE_UCSFHealthHydeHospital,0.24,1.5
37.97111111108443,-122.04083333328835,107.47125171551605,LVO,ROUTE_JohnMuirMedicalCenterWalnutCreekCampus,0.42332853280305843,13.168333333333333,ROUTE_JohnMuirMedicalCenterConcordCampus,0.2844524101609337,4.581666666666666,ROUTE_JohnMuirMedicalCenterWalnutCreekCampus,0.42332853280305843,13.168333333333333,ROUTE_JohnMuirMedicalCenterConcordCampus,0.2844524101609337,4.581666666666666
37.744722222195364,-121.95472222217717,45.79526114241861,LVO,ROUTE_SutterEdenMedicalCenter,0.4452580892913054,21.353333333333335,ROUTE_SanRamonRegionalMedicalCenter,0.4319105305933135,9.69,ROUTE_SutterEdenMedicalCenter,0.4452580892913054,21.353333333333335,ROUTE_SanRamonRegionalMedicalCenter,0.4319105305933135,9.69
37.863611111084346,-122.27527777773298,88.83859994674305,LVO,ROUTE_JohnMuirMedicalCenterWalnutCreekCampus,0.4264290042791449,28.334999999999997,ROUTE_AltaBatesSummitMedicalCenterAltaBatesCampus,0.2531859114610632,6.1883333333333335,ROUTE_JohnMuirMedicalCenterWalnutCreekCampus,0.4264290042791449,28.334999999999997,ROUTE_KaiserFoundationHospitalOaklandRichmond,0.2885405762968891,11.506666666666666
37.64027777775083,-122.41416666662198,166.9933831422744,HEMORRHAGIC,ROUTE_MillsPeninsulaMedicalCenterSutter,0.24,11.82,ROUTE_KaiserFoundationHospitalSouthSanFrancisco,0.24,9.378333333333334,ROUTE_MillsPeninsulaMedicalCenterSutter,0.24,11.82,ROUTE_KaiserFoundationHospitalSouthSanFrancisco,0.24,9.378333333333334
37.3983333333062,-122.02166666662167,192.78875371102538,HEMORRHAGIC,ROUTE_ElCaminoHealthMountainView,0.24,14.796666666666665,ROUTE_ElCaminoHealthMountainView,0.24,14.796666666666665,ROUTE_ElCaminoHealthMountainView,0.24,14.796666666666665,ROUTE_ElCaminoHealthMountainView,0.24,14.796666666666665
37.96555555552887,-122.30694444439968,153.7789286383592,LVO,ROUTE_JohnMuirMedicalCenterWalnutCreekCampus,0.40013530897081606,34.46333333333334,ROUTE_KaiserFoundationHospitalRichmondCampus,0.2694114162523015,13.83,ROUTE_JohnMuirMedicalCenterWalnutCreekCampus,0.40013530897081606,34.46333333333334,ROUTE_KaiserFoundationHospitalRichmondCampus,0.2694114162523015,13.83
37.74027777775091,-122.41249999995532,59.34743635793582,HEMORRHAGIC,ROUTE_CPMCDaviesCampusSutter,0.24,10.95,ROUTE_CPMCMissionBernalCampusSutter,0.24,4.346666666666667,ROUTE_CPMCDaviesCampusSutter,0.24,10.95,ROUTE_CPMCMissionBernalCampusSutter,0.24,4.346666666666667
37.724722222195346,-122.08749999995506,53.066253963420486,LVO,ROUTE_SutterEdenMedicalCenter,0.44516512364407296,11.3,ROUTE_SutterEdenMedicalCenter,0.44516512364407296,11.3,ROUTE_SutterEdenMedicalCenter,0.44516512364407296,11.3,ROUTE_SutterEdenMedicalCenter,0.44516512364407296,11.3
37.96805555552887,-122.06499999995503,180.88623183487107,NLVO,ROUTE_JohnMuirMedicalCenterWalnutCreekCampus,0.5135206636724838,14.433333333333334,ROUTE_JohnMuirMedicalCenterConcordCampus,0.5149472739898888,10.54,ROUTE_JohnMuirMedicalCenterWalnutCreekCampus,0.5135206636724838,14.433333333333334,ROUTE_JohnMuirMedicalCenterConcordCampus,0.5149472739898888,10.54
37.66027777775085,-122.47111111106648,255.73904573134772,LVO,ROUTE_AHMCSetonMedicalCenter,0.24466880000000002,5.425,ROUTE_AHMCSetonMedicalCenter,0.24466880000000002,5.425,ROUTE_MillsPeninsulaMedicalCenterSutter,0.24466880000000002,14.42,ROUTE_AHMCSetonMedicalCenter,0.24466880000000002,5.425
37.36222222219506,-122.05833333328836,233.6581141154893,NLVO,ROUTE_ElCaminoHealthMountainView,0.4622,10.595,ROUTE_ElCaminoHealthMountainView,0.4622,10.595,ROUTE_ElCaminoHealthMountainView,0.4622,10.595,ROUTE_ElCaminoHealthMountainView,0.4622,10.595
37.42138888886177,-121.9063888888438,260.1597514035168,LVO,ROUTE_OConnorHospital,0.24466880000000002,13.253333333333334,ROUTE_OConnorHospital,0.24466880000000002,13.253333333333334,ROUTE_RegionalMedicalCenterOfSanJose,0.24466880000000002,13.988333333333333,ROUTE_OConnorHospital,0.24466880000000002,13.253333333333334
37.47333333330626,-122.15472222217733,89.05252142775495,MIMIC,ROUTE_KaiserFoundationHospitalRedwoodCity,0.9,9.145000000000001,ROUTE_KaiserFoundationHospitalRedwoodCity,0.9,9.145000000000001,ROUTE_KaiserFoundationHospitalRedwoodCity,0.9,9.145000000000001,ROUTE_KaiserFoundationHospitalRedwoodCity,0.9,9.145000000000001
37.67916666663975,-121.89055555551045,147.24683260331227,HEMORRHAGIC,ROUTE_SutterEdenMedicalCenter,0.24,22.211666666666666,ROUTE_StanfordHealthCareTriValley,0.24,8.395,ROUTE_SutterEdenMedicalCenter,0.24,22.211666666666666,ROUTE_StanfordHealthCareTriValley,0.24,8.395
37.81333333330653,-122.27361111106632,69.31097144125303,HEMORRHAGIC,ROUTE_SutterEdenMedicalCenter,0.24,22.186666666666667,ROUTE_AltaBatesSummitMedicalCenterSummitCampus,0.24,5.051666666666667,ROUTE_SutterEdenMedicalCenter,0.24,22.186666666666667,ROUTE_AltaBatesSummitMedicalCenterSummitCampus,0.24,5.051666666666667
37.77638888886205,-122.45138888884424,239.88291640440218,LVO,ROUTE_UCSFHealthStanyanHospital,0.24466880000000002,3.2183333333333333,ROUTE_UCSFHealthStanyanHospital,0.24466880000000002,3.2183333333333333,ROUTE_UCSFMedicalCenter,0.24466880000000002,6.155,ROUTE_UCSFHealthStanyanHospital,0.24466880000000002,3.2183333333333333
37.89055555552881,-122.30499999995523,90.51058014418822,LVO,ROUTE_CPMCDaviesCampusSutter,0.4248942691008857,31.608333333333334,ROUTE_KaiserFoundationHospitalRichmondCampus,0.28744280195140126,14.375,ROUTE_CPMCDaviesCampusSutter,0.4248942691008857,31.608333333333334,ROUTE_KaiserFoundationHospitalRichmondCampus,0.28744280195140126,14.375
37.7644444444176,-122.41805555551088,157.00207455109535,MIMIC,ROUTE_CPMCDaviesCampusSutter,0.9,6.123333333333333,ROUTE_ZuckerbergSanFranciscoGeneralHospital,0.9,4.793333333333334,ROUTE_CPMCDaviesCampusSutter,0.9,6.123333333333333,ROUTE_ZuckerbergSanFranciscoGeneralHospital,0.9,4.793333333333334
37.730833333306464,-122.42861111106643,40.496568293059134,LVO,ROUTE_CPMCDaviesCampusSutter,0.4502867060255962,10.926666666666668,ROUTE_CPMCMissionBernalCampusSutter,0.4374369551119229,4.655,ROUTE_CPMCDaviesCampusSutter,0.4502867060255962,10.926666666666668,ROUTE_CPMCMissionBernalCampusSutter,0.4374369551119229,4.655
37.84944444441767,-122.26472222217741,266.15408358112734,LVO,ROUTE_AltaBatesSummitMedicalCenterAltaBatesCampus,0.24466880000000002,3.0633333333333335,ROUTE_AltaBatesSummitMedicalCenterAltaBatesCampus,0.24466880000000002,3.0633333333333335,ROUTE_JohnMuirMedicalCenterWalnutCreekCampus,0.24466880000000002,23.35,ROUTE_KaiserFoundationHospitalOaklandRichmond,0.24466880000000002,7.746666666666667
37.88388888886214,-122.09777777773284,122.2827208444165,LVO,ROUTE_JohnMuirMedicalCenterWalnutCreekCampus,0.418057590484502,11.6,ROUTE_KaiserFoundationHospitalWalnutCreek,0.2791749923620739,9.33,ROUTE_JohnMuirMedicalCenterWalnutCreekCampus,0.418057590484502,11.6,ROUTE_KaiserFoundationHospitalWalnutCreek,0.2791749923620739,9.33
37.790555555528734,-122.42861111106643,130.88024826924163,HEMORRHAGIC,ROUTE_CPMCDaviesCampusSutter,0.24,8.076666666666666,ROUTE_UCSFHealthHydeHospital,0.24,2.6633333333333336,ROUTE_CPMCDaviesCampusSutter,0.24,8.076666666666666,ROUTE_UCSFHealthHydeHospital,0.24,2.6633333333333336
37.869166666639906,-122.26638888884409,256.49263419826065,LVO,ROUTE_AltaBatesSummitMedicalCenterAltaBatesCampus,0.24466880000000002,5.775,ROUTE_AltaBatesSummitMedicalCenterAltaBatesCampus,0.24466880000000002,5.775,ROUTE_SutterEdenMedicalCenter,0.24466880000000002,28.771666666666665,ROUTE_KaiserFoundationHospitalOaklandRichmond,0.24466880000000002,13.628333333333334
37.969166666639985,-122.03722222217723,215.98512651386278,LVO,ROUTE_JohnMuirMedicalCenterConcordCampus,0.254374696880282,5.743333333333334,ROUTE_JohnMuirMedicalCenterConcordCampus,0.254374696880282,5.743333333333334,ROUTE_JohnMuirMedicalCenterWalnutCreekCampus,0.24466880000000002,13.138333333333332,ROUTE_JohnMuirMedicalCenterConcordCampus,0.254374696880282,5.743333333333334
37.664166666639744,-121.78249999995481,170.25295128901791,NLVO,ROUTE_SutterEdenMedicalCenter,0.5128750497857124,31.384999999999998,ROUTE_StanfordHealthCareTriValley,0.5170499491249969,19.988333333333333,ROUTE_SutterEdenMedicalCenter,0.5128750497857124,31.384999999999998,ROUTE_StanfordHealthCareTriValley,0.5170499491249969,19.988333333333333
37.57777777775078,-121.98499999995497,116.41050440795557,LVO,ROUTE_SutterEdenMedicalCenter,0.4159794425447558,27.756666666666668,ROUTE_WashingtonHospitalHealthcareSystem,0.28090104123508214,9.183333333333334,ROUTE_SutterEdenMedicalCenter,0.4159794425447558,27.756666666666668,ROUTE_WashingtonHospitalHealthcareSystem,0.28090104123508214,9.183333333333334
37.728055555528684,-122.38916666662196,181.5735718359987,NLVO,ROUTE_CPMCDaviesCampusSutter,0.5123951278098853,16.521666666666665,ROUTE_ZuckerbergSanFranciscoGeneralHospital,0.5145417497247078,10.665,ROUTE_CPMCDaviesCampusSutter,0.5123951278098853,16.521666666666665,ROUTE_ZuckerbergSanFranciscoGeneralHospital,0.5145417497247078,10.665
38.03499999997337,-122.58916666662212,181.3984145569912,MIMIC,ROUTE_KaiserFoundationHospitalSanRafael,0.9,11.908333333333333,ROUTE_KaiserFoundationHospitalSanRafael,0.9,11.908333333333333,ROUTE_UCSFMedicalCenter,0.9,48.99666666666667,ROUTE_KaiserFoundationHospitalSanRafael,0.9,11.908333333333333
37.493888888861825,-122.45583333328868,69.15146782612794,HEMORRHAGIC,ROUTE_MillsPeninsulaMedicalCenterSutter,0.24,32.19166666666667,ROUTE_SanMateoMedicalCenter,0.24,31.98166666666667,ROUTE_MillsPeninsulaMedicalCenterSutter,0.24,32.19166666666667,ROUTE_MillsPeninsulaMedicalCenterSutter,0.24,32.19166666666667
38.01166666664002,-122.09694444439951,78.97393496195798,LVO,ROUTE_JohnMuirMedicalCenterWalnutCreekCampus,0.4327543309272972,19.225,ROUTE_ContraCostaRegionalMedicalCenter,0.25479102378448626,7.681666666666667,ROUTE_JohnMuirMedicalCenterWalnutCreekCampus,0.4327543309272972,19.225,ROUTE_JohnMuirMedicalCenterConcordCampus,0.2910505834430195,13.663333333333332
37.3502777777506,-122.08249999995505,240.45939404505975,NLVO,ROUTE_ElCaminoHealthMountainView,0.4622,7.62,ROUTE_ElCaminoHealthMountainView,0.4622,7.62,ROUTE_ElCaminoHealthMountainView,0.4622,7.62,ROUTE_ElCaminoHealthMountainView,0.4622,7.62
37.77361111108427,-122.50972222217761,58.41602425252064,LVO,ROUTE_UCSFMedicalCenter,0.44309524914435927,11.1,ROUTE_UCSFHealthStanyanHospital,0.42903870866549304,10.79,ROUTE_UCSFMedicalCenter,0.44309524914435927,11.1,ROUTE_UCSFHealthStanyanHospital,0.42903870866549304,10.79
37.95166666663997,-122.35055555551082,71.38613645845113,NLVO,ROUTE_CPMCDaviesCampusSutter,0.5624752071714313,36.08166666666667,ROUTE_KaiserFoundationHospitalRichmondCampus,0.5734835870270363,5.431666666666667,ROUTE_CPMCDaviesCampusSutter,0.5624752071714313,36.08166666666667,ROUTE_KaiserFoundationHospitalRichmondCampus,0.5734835870270363,5.431666666666667
37.728055555528684,-122.13166666662175,122.71792594256081,HEMORRHAGIC,ROUTE_SutterEdenMedicalCenter,0.24,11.616666666666667,ROUTE_SanLeandroHospitalAlamedaHealthSystem,0.24,9.793333333333333,ROUTE_SutterEdenMedicalCenter,0.24,11.616666666666667,ROUTE_SutterEdenMedicalCenter,0.24,11.616666666666667
37.78527777775095,-122.39055555551086,36.599593575081016,LVO,ROUTE_CPMCDaviesCampusSutter,0.4513031782323352,12.870000000000001,ROUTE_ChineseHospital,0.43806644678506995,6.381666666666666,ROUTE_CPMCDaviesCampusSutter,0.4513031782323352,12.870000000000001,ROUTE_ChineseHospital,0.43806644678506995,6.381666666666666
37.653055555528624,-122.47666666662204,209.599229428639,LVO,ROUTE_AHMCSetonMedicalCenter,0.25571022494753287,7.441666666666666,ROUTE_AHMCSetonMedicalCenter,0.25571022494753287,7.441666666666666,ROUTE_MillsPeninsulaMedicalCenterSutter,0.2540501234199882,16.678333333333335,ROUTE_AHMCSetonMedicalCenter,0.25571022494753287,7.441666666666666
37.92944444441773,-122.52111111106652,34.425787903030496,HEMORRHAGIC,ROUTE_UCSFMedicalCenter,0.24,30.73,ROUTE_MarinHealthMedicalCenter,0.24,10.241666666666667,ROUTE_UCSFMedicalCenter,0.24,30.73,ROUTE_MarinHealthMedicalCenter,0.24,10.241666666666667
37.727499999973126,-122.15055555551066,56.876586210505366,HEMORRHAGIC,ROUTE_SutterEdenMedicalCenter,0.24,11.625,ROUTE_SanLeandroHospitalAlamedaHealthSystem,0.24,5.123333333333333,ROUTE_SutterEdenMedicalCenter,0.24,11.625,ROUTE_KaiserFoundationHospitalSanLeandro,0.24,10.313333333333333
37.74083333330647,-122.42305555551087,39.195868844429675,LVO,ROUTE_CPMCDaviesCampusSutter,0.4514522430119479,8.629999999999999,ROUTE_CPMCMissionBernalCampusSutter,0.43867846702306246,2.1016666666666666,ROUTE_CPMCDaviesCampusSutter,0.4514522430119479,8.629999999999999,ROUTE_CPMCMissionBernalCampusSutter,0.43867846702306246,2.1016666666666666
38.459722222195936,-121.84027777773264,218.64101380887334,HEMORRHAGIC,ROUTE_KaiserFoundationHospitalVacaville,0.24,13.31,ROUTE_KaiserFoundationHospitalVacaville,0.24,13.31,ROUTE_JohnMuirMedicalCenterWalnutCreekCampus,0.24,60.24,ROUTE_KaiserFoundationHospitalVacaville,0.24,13.31
37.70055555552866,-122.46555555551092,252.335076538293,HEMORRHAGIC,ROUTE_AHMCSetonMedicalCenter,0.24,7.591666666666667,ROUTE_AHMCSetonMedicalCenter,0.24,7.591666666666667,ROUTE_CPMCDaviesCampusSutter,0.24,15.226666666666667,ROUTE_AHMCSetonMedicalCenter,0.24,7.591666666666667
37.920555555528836,-122.07416666662171,100.2933116399901,HEMORRHAGIC,ROUTE_JohnMuirMedicalCenterWalnutCreekCampus,0.24,9.596666666666666,ROUTE_KaiserFoundationHospitalWalnutCreek,0.24,8.505,ROUTE_JohnMuirMedicalCenterWalnutCreekCampus,0.24,9.596666666666666,ROUTE_KaiserFoundationHospitalWalnutCreek,0.24,8.505
37.60138888886191,-122.40111111106641,175.49177057941233,MIMIC,ROUTE_MillsPeninsulaMedicalCenterSutter,0.9,5.176666666666667,ROUTE_MillsPeninsulaMedicalCenterSutter,0.9,5.176666666666667,ROUTE_MillsPeninsulaMedicalCenterSutter,0.9,5.176666666666667,ROUTE_MillsPeninsulaMedicalCenterSutter,0.9,5.176666666666667
37.44888888886179,-122.13666666662176,263.4066522957331,LVO,ROUTE_StanfordHealthCare,0.24466880000000002,11.471666666666666,ROUTE_StanfordHealthCare,0.24466880000000002,11.471666666666666,ROUTE_StanfordHealthCare,0.24466880000000002,11.471666666666666,ROUTE_StanfordHealthCare,0.24466880000000002,11.471666666666666
37.69777777775088,-121.86249999995488,179.27551131191933,HEMORRHAGIC,ROUTE_SutterEdenMedicalCenter,0.24,20.558333333333334,ROUTE_StanfordHealthCareTriValley,0.24,6.7283333333333335,ROUTE_SutterEdenMedicalCenter,0.24,20.558333333333334,ROUTE_StanfordHealthCareTriValley,0.24,6.7283333333333335
37.930277777751066,-121.7283333332881,104.35433059541873,HEMORRHAGIC,ROUTE_JohnMuirMedicalCenterWalnutCreekCampus,0.24,37.78333333333333,ROUTE_KaiserFoundationHospitalAntioch,0.24,12.258333333333333,ROUTE_JohnMuirMedicalCenterWalnutCreekCampus,0.24,37.78333333333333,ROUTE_KaiserFoundationHospitalAntioch,0.24,12.258333333333333
37.80333333330652,-122.40444444439976,269.7936365713875,LVO,ROUTE_ChineseHospital,0.24466880000000002,5.04,ROUTE_ChineseHospital,0.24466880000000002,5.04,ROUTE_CPMCDaviesCampusSutter,0.24466880000000002,14.911666666666667,ROUTE_ChineseHospital,0.24466880000000002,5.04
37.71805555552867,-121.91194444439935,218.1397415211391,LVO,ROUTE_StanfordHealthCareTriValley,0.2531835429984051,9.331666666666667,ROUTE_StanfordHealthCareTriValley,0.2531835429984051,9.331666666666667,ROUTE_SutterEdenMedicalCenter,0.24466880000000002,17.278333333333332,ROUTE_StanfordHealthCareTriValley,0.2531835429984051,9.331666666666667
37.824722222195426,-122.37694444439973,74.89140667693567,MIMIC,ROUTE_CPMCDaviesCampusSutter,0.9,18.223333333333336,ROUTE_ChineseHospital,0.9,15.403333333333334,ROUTE_CPMCDaviesCampusSutter,0.9,18.223333333333336,ROUTE_ChineseHospital,0.9,15.403333333333334
37.96749999997332,-121.74527777773255,131.19482202399925,MIMIC,ROUTE_JohnMuirMedicalCenterWalnutCreekCampus,0.9,36.723333333333336,ROUTE_KaiserFoundationHospitalAntioch,0.9,9.345,ROUTE_JohnMuirMedicalCenterWalnutCreekCampus,0.9,36.723333333333336,ROUTE_KaiserFoundationHospitalAntioch,0.9,9.345
37.375833333306176,-122.0477777777328,120.72082345089571,MIMIC,ROUTE_ElCaminoHealthMountainView,0.9,10.21,ROUTE_ElCaminoHealthMountainView,0.9,10.21,ROUTE_ElCaminoHealthMountainView,0.9,10.21,ROUTE_ElCaminoHealthMountainView,0.9,10.21
37.5561111110841,-121.99777777773276,158.19412920666838,HEMORRHAGIC,ROUTE_SutterEdenMedicalCenter,0.24,26.56833333333333,ROUTE_WashingtonHospitalHealthcareSystem,0.24,7.4766666666666675,ROUTE_SutterEdenMedicalCenter,0.24,26.56833333333333,ROUTE_WashingtonHospitalHealthcareSystem,0.24,7.4766666666666675
37.80888888886208,-122.18833333328847,217.89256061654382,LVO,ROUTE_HighlandHospitalWilmaChanCampus,0.2532957488901197,9.055,ROUTE_HighlandHospitalWilmaChanCampus,0.2532957488901197,9.055,ROUTE_SutterEdenMedicalCenter,0.24466880000000002,17.791666666666668,ROUTE_HighlandHospitalWilmaChanCampus,0.2532957488901197,9.055
37.78555555552873,-122.47444444439981,231.00403485600387,LVO,ROUTE_KaiserFoundationHospitalSanFrancisco,0.24466880000000002,7.013333333333334,ROUTE_KaiserFoundationHospitalSanFrancisco,0.24466880000000002,7.013333333333334,ROUTE_UCSFMedicalCenter,0.24466880000000002,10.233333333333333,ROUTE_KaiserFoundationHospitalSanFrancisco,0.24466880000000002,7.013333333333334
37.457777777750685,-121.91222222217714,166.84924122374068,LVO,ROUTE_RegionalMedicalCenterOfSanJose,0.400273169436419,15.261666666666667,ROUTE_RegionalMedicalCenterOfSanJose,0.400273169436419,15.261666666666667,ROUTE_RegionalMedicalCenterOfSanJose,0.400273169436419,15.261666666666667,ROUTE_RegionalMedicalCenterOfSanJose,0.400273169436419,15.261666666666667
37.61944444441748,-122.43111111106644,210.90064022688856,HEMORRHAGIC,ROUTE_KaiserFoundationHospitalSouthSanFrancisco,0.24,9.665,ROUTE_KaiserFoundationHospitalSouthSanFrancisco,0.24,9.665,ROUTE_MillsPeninsulaMedicalCenterSutter,0.24,9.791666666666666,ROUTE_KaiserFoundationHospitalSouthSanFrancisco,0.24,9.665
37.70694444441755,-122.441666666622,104.8487189912151,MIMIC,ROUTE_CPMCDaviesCampusSutter,0.9,17.985,ROUTE_CPMCMissionBernalCampusSutter,0.9,11.713333333333333,ROUTE_CPMCDaviesCampusSutter,0.9,17.985,ROUTE_CPMCMissionBernalCampusSutter,0.9,11.713333333333333
37.68944444441754,-122.07388888884392,181.83974584424567,HEMORRHAGIC,ROUTE_SutterEdenMedicalCenter,0.24,5.42,ROUTE_SutterEdenMedicalCenter,0.24,5.42,ROUTE_SutterEdenMedicalCenter,0.24,5.42,ROUTE_SutterEdenMedicalCenter,0.24,5.42
37.96111111108442,-122.35666666662193,85.28676312944219,LVO,ROUTE_CPMCDaviesCampusSutter,0.4249956111572828,38.69666666666667,ROUTE_KaiserFoundationHospitalRichmondCampus,0.2906195107368604,6.6866666666666665,ROUTE_CPMCDaviesCampusSutter,0.4249956111572828,38.69666666666667,ROUTE_KaiserFoundationHospitalRichmondCampus,0.2906195107368604,6.6866666666666665
37.486944444417375,-122.26055555551075,224.8888920275626,LVO,ROUTE_SequoiaHospital,0.24466880000000002,3.5300000000000002,ROUTE_SequoiaHospital,0.24466880000000002,3.5300000000000002,ROUTE_KaiserFoundationHospitalRedwoodCity,0.24466880000000002,10.996666666666666,ROUTE_SequoiaHospital,0.24466880000000002,3.5300000000000002
38.26166666664022,-122.01722222217722,45.620625213092325,LVO,ROUTE_JohnMuirMedicalCenterWalnutCreekCampus,0.4383068490588783,46.675,ROUTE_NorthBayMedicalCenter,0.30208752127939664,10.138333333333332,ROUTE_JohnMuirMedicalCenterWalnutCreekCampus,0.4383068490588783,46.675,ROUTE_NorthBayMedicalCenter,0.30208752127939664,10.138333333333332
37.68472222219531,-122.03777777773279,238.53149302372725,NLVO,ROUTE_SutterEdenMedicalCenter,0.4622,11.511666666666667,ROUTE_SutterEdenMedicalCenter,0.4622,11.511666666666667,ROUTE_SutterEdenMedicalCenter,0.4622,11.511666666666667,ROUTE_SutterEdenMedicalCenter,0.4622,11.511666666666667
37.7277777777509,-122.18027777773291,177.24508916873017,LVO,ROUTE_SutterEdenMedicalCenter,0.26228437976205915,17.85,ROUTE_KaiserFoundationHospitalSanLeandro,0.2633837865207174,11.975,ROUTE_SutterEdenMedicalCenter,0.26228437976205915,17.85,ROUTE_KaiserFoundationHospitalSanLeandro,0.2633837865207174,11.975
37.36527777775061,-122.04861111106614,157.0782816951952,NLVO,ROUTE_ElCaminoHealthMountainView,0.526908415657818,11.828333333333335,ROUTE_ElCaminoHealthMountainView,0.526908415657818,11.828333333333335,ROUTE_ElCaminoHealthMountainView,0.526908415657818,11.828333333333335,ROUTE_ElCaminoHealthMountainView,0.526908415657818,11.828333333333335
37.472499999972925,-121.91416666662158,154.06241830138848,MIMIC,ROUTE_RegionalMedicalCenterOfSanJose,0.9,16.866666666666667,ROUTE_RegionalMedicalCenterOfSanJose,0.9,16.866666666666667,ROUTE_RegionalMedicalCenterOfSanJose,0.9,16.866666666666667,ROUTE_RegionalMedicalCenterOfSanJose,0.9,16.866666666666667
37.96972222219554,-122.3066666666219,35.7599076568375,LVO,ROUTE_JohnMuirMedicalCenterWalnutCreekCampus,0.4453016014108143,35.53333333333333,ROUTE_KaiserFoundationHospitalRichmondCampus,0.4326950278198086,14.178333333333335,ROUTE_JohnMuirMedicalCenterWalnutCreekCampus,0.4453016014108143,35.53333333333333,ROUTE_KaiserFoundationHospitalRichmondCampus,0.4326950278198086,14.178333333333335
37.58944444441746,-122.04166666662168,220.55583859171372,MIMIC,ROUTE_StRoseHospital,0.9,11.138333333333332,ROUTE_StRoseHospital,0.9,11.138333333333332,ROUTE_SutterEdenMedicalCenter,0.9,20.3,ROUTE_WashingtonHospitalHealthcareSystem,0.9,17.87
37.834444444417656,-122.27055555551075,132.9073745386455,NLVO,ROUTE_SutterEdenMedicalCenter,0.5354810252664093,22.816666666666666,ROUTE_KaiserFoundationHospitalOaklandRichmond,0.5420475988159295,4.733333333333333,ROUTE_SutterEdenMedicalCenter,0.5354810252664093,22.816666666666666,ROUTE_KaiserFoundationHospitalOaklandRichmond,0.5420475988159295,4.733333333333333
37.87416666663991,-122.07944444439948,232.0438937502582,NLVO,ROUTE_KaiserFoundationHospitalWalnutCreek,0.4622,8.635,ROUTE_KaiserFoundationHospitalWalnutCreek,0.4622,8.635,ROUTE_JohnMuirMedicalCenterWalnutCreekCampus,0.4622,12.748333333333333,ROUTE_KaiserFoundationHospitalWalnutCreek,0.4622,8.635
37.97666666663999,-122.60138888884435,251.61834122266075,LVO,ROUTE_MarinHealthMedicalCenter,0.24466880000000002,18.80666666666667,ROUTE_MarinHealthMedicalCenter,0.24466880000000002,18.80666666666667,ROUTE_UCSFMedicalCenter,0.24466880000000002,51.43333333333333,ROUTE_MarinHealthMedicalCenter,0.24466880000000002,18.80666666666667
37.60333333330636,-122.02361111106612,77.16963607879038,HEMORRHAGIC,ROUTE_SutterEdenMedicalCenter,0.24,23.423333333333336,ROUTE_StRoseHospital,0.24,14.091666666666667,ROUTE_SutterEdenMedicalCenter,0.24,23.423333333333336,ROUTE_WashingtonHospitalHealthcareSystem,0.24,16.361666666666668
38.05305555552894,-122.16277777773288,214.11590323823117,HEMORRHAGIC,ROUTE_ContraCostaRegionalMedicalCenter,0.24,11.891666666666667,ROUTE_ContraCostaRegionalMedicalCenter,0.24,11.891666666666667,ROUTE_JohnMuirMedicalCenterWalnutCreekCampus,0.24,22.706666666666667,ROUTE_SutterSolanoMedicalCenter,0.24,14.99
37.378611111083956,-122.13916666662176,241.5365195519096,LVO,ROUTE_ElCaminoHealthMountainView,0.24466880000000002,15.488333333333333,ROUTE_ElCaminoHealthMountainView,0.24466880000000002,15.488333333333333,ROUTE_ElCaminoHealthMountainView,0.24466880000000002,15.488333333333333,ROUTE_ElCaminoHealthMountainView,0.24466880000000002,15.488333333333333
37.67833333330642,-121.77055555551036,91.09394623672739,MIMIC,ROUTE_SutterEdenMedicalCenter,0.9,27.28666666666667,ROUTE_StanfordHealthCareTriValley,0.9,15.889999999999999,ROUTE_SutterEdenMedicalCenter,0.9,27.28666666666667,ROUTE_StanfordHealthCareTriValley,0.9,15.889999999999999
37.77777777775094,-122.43638888884422,137.5912284897259,LVO,ROUTE_CPMCDaviesCampusSutter,0.41426790349869924,3.915,ROUTE_CPMCDaviesCampusSutter,0.41426790349869924,3.915,ROUTE_CPMCDaviesCampusSutter,0.41426790349869924,3.915,ROUTE_CPMCDaviesCampusSutter,0.41426790349869924,3.915
37.89222222219548,-121.60527777773244,45.91658016507332,LVO,ROUTE_JohnMuirMedicalCenterWalnutCreekCampus,0.4371282054858089,50.526666666666664,ROUTE_KaiserFoundationHospitalAntioch,0.2987437748474718,25.001666666666665,ROUTE_JohnMuirMedicalCenterWalnutCreekCampus,0.4371282054858089,50.526666666666664,ROUTE_KaiserFoundationHospitalAntioch,0.2987437748474718,25.001666666666665
37.778888888862056,-122.2294444443996,116.4962623258331,MIMIC,ROUTE_SutterEdenMedicalCenter,0.9,18.41,ROUTE_HighlandHospitalWilmaChanCampus,0.9,4.703333333333333,ROUTE_SutterEdenMedicalCenter,0.9,18.41,ROUTE_HighlandHospitalWilmaChanCampus,0.9,4.703333333333333
37.90722222219549,-122.01416666662166,222.35104961667474,LVO,ROUTE_JohnMuirMedicalCenterWalnutCreekCampus,0.24466880000000002,7.42,ROUTE_JohnMuirMedicalCenterWalnutCreekCampus,0.24466880000000002,7.42,ROUTE_JohnMuirMedicalCenterWalnutCreekCampus,0.24466880000000002,7.42,ROUTE_JohnMuirMedicalCenterWalnutCreekCampus,0.24466880000000002,7.42
37.36999999997284,-122.0211111110661,262.61382776982197,NLVO,ROUTE_KaiserFoundationHospitalSantaClara,0.4622,12.175,ROUTE_KaiserFoundationHospitalSantaClara,0.4622,12.175,ROUTE_KaiserFoundationHospitalSantaClara,0.4622,12.175,ROUTE_KaiserFoundationHospitalSantaClara,0.4622,12.175
38.00694444441779,-122.28083333328854,235.26899958798222,LVO,ROUTE_ContraCostaRegionalMedicalCenter,0.24466880000000002,15.991666666666667,ROUTE_ContraCostaRegionalMedicalCenter,0.24466880000000002,15.991666666666667,ROUTE_JohnMuirMedicalCenterWalnutCreekCampus,0.24466880000000002,29.038333333333334,ROUTE_KaiserFoundationHospitalRichmondCampus,0.24466880000000002,17.251666666666665
38.11472222219566,-122.2194444443996,158.8297501248088,LVO,ROUTE_JohnMuirMedicalCenterWalnutCreekCampus,0.26474250935879373,31.065,ROUTE_SutterSolanoMedicalCenter,0.2692948907688714,7.218333333333334,ROUTE_JohnMuirMedicalCenterWalnutCreekCampus,0.26474250935879373,31.065,ROUTE_SutterSolanoMedicalCenter,0.2692948907688714,7.218333333333334
37.99111111108445,-121.71138888884364,56.08565549907935,LVO,ROUTE_JohnMuirMedicalCenterWalnutCreekCampus,0.4367814321978588,37.25833333333333,ROUTE_KaiserFoundationHospitalAntioch,0.2976206871221491,15.65,ROUTE_JohnMuirMedicalCenterWalnutCreekCampus,0.4367814321978588,37.25833333333333,ROUTE_KaiserFoundationHospitalAntioch,0.2976206871221491,15.65
37.33805555552837,-122.07111111106614,109.32546689703294,LVO,ROUTE_ElCaminoHealthMountainView,0.42341032899483577,10.216666666666667,ROUTE_ElCaminoHealthMountainView,0.42341032899483577,10.216666666666667,ROUTE_ElCaminoHealthMountainView,0.42341032899483577,10.216666666666667,ROUTE_ElCaminoHealthMountainView,0.42341032899483577,10.216666666666667
37.89499999997326,-122.49972222217761,183.15455313631443,HEMORRHAGIC,ROUTE_MarinHealthMedicalCenter,0.24,13.738333333333333,ROUTE_MarinHealthMedicalCenter,0.24,13.738333333333333,ROUTE_UCSFMedicalCenter,0.24,30.421666666666667,ROUTE_MarinHealthMedicalCenter,0.24,13.738333333333333
37.794166666639846,-122.22249999995516,82.36434757774553,LVO,ROUTE_SutterEdenMedicalCenter,0.43123697146308987,19.928333333333335,ROUTE_HighlandHospitalWilmaChanCampus,0.2919321574953968,4.655,ROUTE_SutterEdenMedicalCenter,0.43123697146308987,19.928333333333335,ROUTE_HighlandHospitalWilmaChanCampus,0.2919321574953968,4.655
37.783611111084284,-122.46499999995535,133.39642416691288,MIMIC,ROUTE_UCSFMedicalCenter,0.9,9.121666666666666,ROUTE_KaiserFoundationHospitalSanFrancisco,0.9,5.3,ROUTE_UCSFMedicalCenter,0.9,9.121666666666666,ROUTE_KaiserFoundationHospitalSanFrancisco,0.9,5.3
38.001111111084455,-122.03694444439945,203.77132961899326,LVO,ROUTE_JohnMuirMedicalCenterConcordCampus,0.25741322204388467,6.375,ROUTE_JohnMuirMedicalCenterConcordCampus,0.25741322204388467,6.375,ROUTE_JohnMuirMedicalCenterWalnutCreekCampus,0.2556438488258521,16.135,ROUTE_JohnMuirMedicalCenterConcordCampus,0.25741322204388467,6.375
37.96999999997332,-122.03777777773279,32.8057307302722,LVO,ROUTE_JohnMuirMedicalCenterWalnutCreekCampus,0.4526440219147952,13.516666666666667,ROUTE_JohnMuirMedicalCenterConcordCampus,0.43938016206664154,5.183333333333334,ROUTE_JohnMuirMedicalCenterWalnutCreekCampus,0.4526440219147952,13.516666666666667,ROUTE_JohnMuirMedicalCenterConcordCampus,0.43938016206664154,5.183333333333334
38.06444444441784,-122.16916666662179,152.31477617709714,LVO,ROUTE_JohnMuirMedicalCenterWalnutCreekCampus,0.40350191765705334,23.653333333333332,ROUTE_ContraCostaRegionalMedicalCenter,0.24466880000000002,12.838333333333333,ROUTE_JohnMuirMedicalCenterWalnutCreekCampus,0.40350191765705334,23.653333333333332,ROUTE_SutterSolanoMedicalCenter,0.26970535371282184,14.4
37.81249999997319,-122.12083333328842,110.1836022617415,LVO,ROUTE_JohnMuirMedicalCenterWalnutCreekCampus,0.4186789804829937,26.566666666666666,ROUTE_KaiserFoundationHospitalWalnutCreek,0.2796427993074148,24.295,ROUTE_JohnMuirMedicalCenterWalnutCreekCampus,0.4186789804829937,26.566666666666666,ROUTE_KaiserFoundationHospitalWalnutCreek,0.2796427993074148,24.295
38.06527777775117,-122.16194444439955,92.08953864104672,HEMORRHAGIC,ROUTE_JohnMuirMedicalCenterWalnutCreekCampus,0.24,23.02,ROUTE_ContraCostaRegionalMedicalCenter,0.24,12.205,ROUTE_JohnMuirMedicalCenterWalnutCreekCampus,0.24,23.02,ROUTE_SutterSolanoMedicalCenter,0.24,13.07
37.798055555528734,-122.41194444439975,247.57188120453785,HEMORRHAGIC,ROUTE_ChineseHospital,0.24,2.5083333333333333,ROUTE_ChineseHospital,0.24,2.5083333333333333,ROUTE_CPMCDaviesCampusSutter,0.24,12.045,ROUTE_ChineseHospital,0.24,2.5083333333333333
37.734166666639794,-122.38805555551085,130.69406241982745,LVO,ROUTE_CPMCDaviesCampusSutter,0.41392829830473904,15.043333333333333,ROUTE_ZuckerbergSanFranciscoGeneralHospital,0.27679475681805465,9.186666666666667,ROUTE_CPMCDaviesCampusSutter,0.41392829830473904,15.043333333333333,ROUTE_ZuckerbergSanFranciscoGeneralHospital,0.27679475681805465,9.186666666666667
37.40555555552842,-122.07972222217727,42.495056773095584,LVO,ROUTE_ElCaminoHealthMountainView,0.4491419551268272,12.158333333333333,ROUTE_ElCaminoHealthMountainView,0.4491419551268272,12.158333333333333,ROUTE_ElCaminoHealthMountainView,0.4491419551268272,12.158333333333333,ROUTE_ElCaminoHealthMountainView,0.4491419551268272,12.158333333333333
37.778611111084274,-122.39194444439974,226.6922797513701,LVO,ROUTE_ChineseHospital,0.24466880000000002,7.0616666666666665,ROUTE_ChineseHospital,0.24466880000000002,7.0616666666666665,ROUTE_CPMCDaviesCampusSutter,0.24466880000000002,10.793333333333333,ROUTE_ChineseHospital,0.24466880000000002,7.0616666666666665
37.482222222195155,-122.43999999995533,142.9991911515596,LVO,ROUTE_MillsPeninsulaMedicalCenterSutter,0.4054547262436716,29.511666666666667,ROUTE_SanMateoMedicalCenter,0.24466880000000002,29.301666666666666,ROUTE_MillsPeninsulaMedicalCenterSutter,0.4054547262436716,29.511666666666667,ROUTE_MillsPeninsulaMedicalCenterSutter,0.4054547262436716,29.511666666666667
38.11111111108454,-122.25249999995519,193.7495417466719,NLVO,ROUTE_KaiserFoundationHospitalVallejo,0.5102923606681494,4.86,ROUTE_KaiserFoundationHospitalVallejo,0.5102923606681494,4.86,ROUTE_JohnMuirMedicalCenterWalnutCreekCampus,0.5010100102437303,30.113333333333333,ROUTE_KaiserFoundationHospitalVallejo,0.5102923606681494,4.86
37.441111111084005,-122.13916666662176,47.09235225521881,HEMORRHAGIC,ROUTE_StanfordHealthCare,0.24,10.126666666666667,ROUTE_StanfordHealthCare,0.24,10.126666666666667,ROUTE_StanfordHealthCare,0.24,10.126666666666667,ROUTE_StanfordHealthCare,0.24,10.126666666666667
37.76305555552871,-121.90555555551046,155.96044088873919,HEMORRHAGIC,ROUTE_SutterEdenMedicalCenter,0.24,23.948333333333334,ROUTE_SanRamonRegionalMedicalCenter,0.24,10.868333333333334,ROUTE_SutterEdenMedicalCenter,0.24,23.948333333333334,ROUTE_SanRamonRegionalMedicalCenter,0.24,10.868333333333334
37.64583333330639,-122.43083333328866,219.8146194559701,MIMIC,ROUTE_KaiserFoundationHospitalSouthSanFrancisco,0.9,5.738333333333333,ROUTE_KaiserFoundationHospitalSouthSanFrancisco,0.9,5.738333333333333,ROUTE_MillsPeninsulaMedicalCenterSutter,0.9,13.451666666666666,ROUTE_KaiserFoundationHospitalSouthSanFrancisco,0.9,5.738333333333333
37.95472222219553,-121.93416666662159,67.97700414197146,MIMIC,ROUTE_JohnMuirMedicalCenterWalnutCreekCampus,0.9,18.44333333333333,ROUTE_JohnMuirMedicalCenterWalnutCreekCampus,0.9,18.44333333333333,ROUTE_JohnMuirMedicalCenterWalnutCreekCampus,0.9,18.44333333333333,ROUTE_JohnMuirMedicalCenterWalnutCreekCampus,0.9,18.44333333333333
37.37611111108396,-122.04416666662169,83.87341803845571,LVO,ROUTE_ElCaminoHealthMountainView,0.4330215874943295,11.25,ROUTE_ElCaminoHealthMountainView,0.4330215874943295,11.25,ROUTE_ElCaminoHealthMountainView,0.4330215874943295,11.25,ROUTE_ElCaminoHealthMountainView,0.4330215874943295,11.25
37.40555555552842,-122.0919444443995,94.51291959437498,HEMORRHAGIC,ROUTE_ElCaminoHealthMountainView,0.24,14.348333333333333,ROUTE_ElCaminoHealthMountainView,0.24,14.348333333333333,ROUTE_ElCaminoHealthMountainView,0.24,14.348333333333333,ROUTE_ElCaminoHealthMountainView,0.24,14.348333333333333
37.61916666663971,-122.0919444443995,231.7764803883597,LVO,ROUTE_StRoseHospital,0.24466880000000002,4.663333333333333,ROUTE_StRoseHospital,0.24466880000000002,4.663333333333333,ROUTE_SutterEdenMedicalCenter,0.24466880000000002,16.753333333333334,ROUTE_KaiserFoundationHospitalSanLeandro,0.24466880000000002,15.061666666666667
37.528611111084075,-122.29138888884411,254.65598779832703,LVO,ROUTE_SanMateoMedicalCenter,0.24466880000000002,4.605,ROUTE_SanMateoMedicalCenter,0.24466880000000002,4.605,ROUTE_KaiserFoundationHospitalRedwoodCity,0.24466880000000002,14.514999999999999,ROUTE_KaiserFoundationHospitalRedwoodCity,0.24466880000000002,14.514999999999999
37.546666666639645,-121.99083333328831,235.86231115343764,HEMORRHAGIC,ROUTE_WashingtonHospitalHealthcareSystem,0.24,4.983333333333333,ROUTE_WashingtonHospitalHealthcareSystem,0.24,4.983333333333333,ROUTE_SutterEdenMedicalCenter,0.24,25.03666666666667,ROUTE_WashingtonHospitalHealthcareSystem,0.24,4.983333333333333
37.8730555555288,-122.27111111106632,83.02109424018182,LVO,ROUTE_SutterEdenMedicalCenter,0.4278535732809813,31.401666666666664,ROUTE_AltaBatesSummitMedicalCenterAltaBatesCampus,0.25427482086193437,8.403333333333332,ROUTE_SutterEdenMedicalCenter,0.4278535732809813,31.401666666666664,ROUTE_KaiserFoundationHospitalOaklandRichmond,0.2896162053342629,14.688333333333333
37.745555555528696,-122.50083333328871,72.96420543635836,MIMIC,ROUTE_UCSFMedicalCenter,0.9,12.061666666666667,ROUTE_UCSFMedicalCenter,0.9,12.061666666666667,ROUTE_UCSFMedicalCenter,0.9,12.061666666666667,ROUTE_UCSFMedicalCenter,0.9,12.061666666666667
37.603611111084135,-122.02972222217723,71.22889173403937,LVO,ROUTE_SutterEdenMedicalCenter,0.4351117860213546,21.695,ROUTE_StRoseHospital,0.25584024323100063,12.363333333333333,ROUTE_SutterEdenMedicalCenter,0.4351117860213546,21.695,ROUTE_WashingtonHospitalHealthcareSystem,0.2926340678620687,17.256666666666668
37.86861111108435,-122.25305555551074,75.65904633212983,NLVO,ROUTE_SutterEdenMedicalCenter,0.5637678892137105,26.384999999999998,ROUTE_AltaBatesSummitMedicalCenterAltaBatesCampus,0.503351218171523,4.6066666666666665,ROUTE_SutterEdenMedicalCenter,0.5637678892137105,26.384999999999998,ROUTE_AltaBatesSummitMedicalCenterSummitCampus,0.5683032948593085,13.766666666666667
38.46472222219594,-121.82694444439929,135.0586341749596,HEMORRHAGIC,ROUTE_JohnMuirMedicalCenterWalnutCreekCampus,0.24,61.16,ROUTE_KaiserFoundationHospitalVacaville,0.24,14.229999999999999,ROUTE_JohnMuirMedicalCenterWalnutCreekCampus,0.24,61.16,ROUTE_KaiserFoundationHospitalVacaville,0.24,14.229999999999999
38.0258333333067,-122.55472222217765,140.71058735711358,LVO,ROUTE_UCSFMedicalCenter,0.4022446869039945,45.04,ROUTE_KaiserFoundationHospitalSanRafael,0.2736856664422143,10.57,ROUTE_UCSFMedicalCenter,0.4022446869039945,45.04,ROUTE_KaiserFoundationHospitalSanRafael,0.2736856664422143,10.57
38.45861111108482,-121.8330555555104,139.96234492881047,MIMIC,ROUTE_JohnMuirMedicalCenterWalnutCreekCampus,0.9,58.098333333333336,ROUTE_KaiserFoundationHospitalVacaville,0.9,11.168333333333333,ROUTE_JohnMuirMedicalCenterWalnutCreekCampus,0.9,58.098333333333336,ROUTE_KaiserFoundationHospitalVacaville,0.9,11.168333333333333
37.62194444441749,-122.42861111106643,109.52771074022492,LVO,ROUTE_MillsPeninsulaMedicalCenterSutter,0.4236249823086513,9.133333333333333,ROUTE_KaiserFoundationHospitalSouthSanFrancisco,0.2829409404524528,9.006666666666666,ROUTE_MillsPeninsulaMedicalCenterSutter,0.4236249823086513,9.133333333333333,ROUTE_KaiserFoundationHospitalSouthSanFrancisco,0.2829409404524528,9.006666666666666
38.055277777751165,-122.14138888884399,156.94806140054152,HEMORRHAGIC,ROUTE_JohnMuirMedicalCenterWalnutCreekCampus,0.24,21.27,ROUTE_ContraCostaRegionalMedicalCenter,0.24,10.455,ROUTE_JohnMuirMedicalCenterWalnutCreekCampus,0.24,21.27,ROUTE_SutterSolanoMedicalCenter,0.24,14.835
37.92083333330661,-121.69055555551029,208.4837437197847,HEMORRHAGIC,ROUTE_KaiserFoundationHospitalAntioch,0.24,16.996666666666666,ROUTE_KaiserFoundationHospitalAntioch,0.24,16.996666666666666,ROUTE_JohnMuirMedicalCenterWalnutCreekCampus,0.24,42.52166666666667,ROUTE_KaiserFoundationHospitalAntioch,0.24,16.996666666666666
38.01166666664002,-122.28472222217744,118.93725005453446,HEMORRHAGIC,ROUTE_JohnMuirMedicalCenterWalnutCreekCampus,0.24,29.884999999999998,ROUTE_ContraCostaRegionalMedicalCenter,0.24,16.83833333333333,ROUTE_JohnMuirMedicalCenterWalnutCreekCampus,0.24,29.884999999999998,ROUTE_KaiserFoundationHospitalRichmondCampus,0.24,17.85666666666667
37.92499999997328,-122.35277777773304,63.89063346911398,HEMORRHAGIC,ROUTE_CPMCDaviesCampusSutter,0.24,32.21333333333333,ROUTE_KaiserFoundationHospitalRichmondCampus,0.24,4.836666666666667,ROUTE_CPMCDaviesCampusSutter,0.24,32.21333333333333,ROUTE_KaiserFoundationHospitalRichmondCampus,0.24,4.836666666666667
37.58305555552857,-121.99527777773275,47.67562478862259,LVO,ROUTE_SutterEdenMedicalCenter,0.4424965258450103,28.6,ROUTE_WashingtonHospitalHealthcareSystem,0.42966931818403187,11.401666666666667,ROUTE_SutterEdenMedicalCenter,0.4424965258450103,28.6,ROUTE_WashingtonHospitalHealthcareSystem,0.42966931818403187,11.401666666666667
37.45277777775068,-122.22666666662182,113.89590277132807,NLVO,ROUTE_KaiserFoundationHospitalRedwoodCity,0.5488655941469647,13.07,ROUTE_SequoiaHospital,0.5494069781043395,11.573333333333332,ROUTE_KaiserFoundationHospitalRedwoodCity,0.5488655941469647,13.07,ROUTE_SequoiaHospital,0.5494069781043395,11.573333333333332
37.73527777775091,-122.41361111106643,151.19198951971714,LVO,ROUTE_CPMCDaviesCampusSutter,0.4069903608383739,11.966666666666667,ROUTE_CPMCMissionBernalCampusSutter,0.2717718613963091,5.363333333333333,ROUTE_CPMCDaviesCampusSutter,0.4069903608383739,11.966666666666667,ROUTE_CPMCMissionBernalCampusSutter,0.2717718613963091,5.363333333333333
37.67138888886197,-122.13027777773287,176.44661796112996,HEMORRHAGIC,ROUTE_SutterEdenMedicalCenter,0.24,12.033333333333333,ROUTE_StRoseHospital,0.24,10.053333333333335,ROUTE_SutterEdenMedicalCenter,0.24,12.033333333333333,ROUTE_KaiserFoundationHospitalSanLeandro,0.24,10.9
37.77555555552872,-122.45999999995536,261.3539288225679,LVO,ROUTE_UCSFHealthStanyanHospital,0.24466880000000002,2.9949999999999997,ROUTE_UCSFHealthStanyanHospital,0.24466880000000002,2.9949999999999997,ROUTE_UCSFMedicalCenter,0.24466880000000002,5.931666666666667,ROUTE_UCSFHealthStanyanHospital,0.24466880000000002,2.9949999999999997
37.514722222195175,-121.91972222217714,262.91348432274333,MIMIC,ROUTE_KaiserFoundationHospitalFremont,0.9,15.705,ROUTE_KaiserFoundationHospitalFremont,0.9,15.705,ROUTE_RegionalMedicalCenterOfSanJose,0.9,17.95,ROUTE_KaiserFoundationHospitalFremont,0.9,15.705
37.93694444441774,-122.02944444439945,194.89783119907938,LVO,ROUTE_JohnMuirMedicalCenterWalnutCreekCampus,0.25986524233030095,5.671666666666667,ROUTE_JohnMuirMedicalCenterWalnutCreekCampus,0.25986524233030095,5.671666666666667,ROUTE_JohnMuirMedicalCenterWalnutCreekCampus,0.25986524233030095,5.671666666666667,ROUTE_JohnMuirMedicalCenterWalnutCreekCampus,0.25986524233030095,5.671666666666667
38.270555555529114,-122.04916666662169,99.07767011989877,HEMORRHAGIC,ROUTE_JohnMuirMedicalCenterWalnutCreekCampus,0.24,41.985,ROUTE_NorthBayMedicalCenter,0.24,4.213333333333334,ROUTE_JohnMuirMedicalCenterWalnutCreekCampus,0.24,41.985,ROUTE_NorthBayMedicalCenter,0.24,4.213333333333334
38.05333333330672,-122.14944444439955,38.835951345613495,LVO,ROUTE_JohnMuirMedicalCenterWalnutCreekCampus,0.4482194122560518,20.683333333333334,ROUTE_ContraCostaRegionalMedicalCenter,0.4028388765958981,9.868333333333334,ROUTE_JohnMuirMedicalCenterWalnutCreekCampus,0.4482194122560518,20.683333333333334,ROUTE_SutterSolanoMedicalCenter,0.43192377716540364,14.648333333333333
37.79666666663985,-122.39944444439975,76.45739493043452,LVO,ROUTE_CPMCDaviesCampusSutter,0.4353423535937915,13.386666666666667,ROUTE_ChineseHospital,0.2939708587101877,3.515,ROUTE_CPMCDaviesCampusSutter,0.4353423535937915,13.386666666666667,ROUTE_ChineseHospital,0.2939708587101877,3.515
38.27527777775134,-122.29833333328855,223.73514743053997,HEMORRHAGIC,ROUTE_ProvidenceQueenOfTheValleyMedicalCenter,0.24,10.503333333333334,ROUTE_ProvidenceQueenOfTheValleyMedicalCenter,0.24,10.503333333333334,ROUTE_JohnMuirMedicalCenterWalnutCreekCampus,0.24,50.343333333333334,ROUTE_ProvidenceQueenOfTheValleyMedicalCenter,0.24,10.503333333333334
37.711388888862004,-122.44527777773311,181.6331987672082,NLVO,ROUTE_CPMCDaviesCampusSutter,0.5125343922775765,16.056666666666665,ROUTE_CPMCMissionBernalCampusSutter,0.5148323315121653,9.786666666666667,ROUTE_CPMCDaviesCampusSutter,0.5125343922775765,16.056666666666665,ROUTE_CPMCMissionBernalCampusSutter,0.5148323315121653,9.786666666666667
37.83833333330655,-122.19833333328847,34.48107659711752,MIMIC,ROUTE_SutterEdenMedicalCenter,0.9,23.271666666666665,ROUTE_HighlandHospitalWilmaChanCampus,0.9,13.06,ROUTE_SutterEdenMedicalCenter,0.9,23.271666666666665,ROUTE_HighlandHospitalWilmaChanCampus,0.9,13.06
38.01527777775113,-121.90611111106602,223.21257251701562,NLVO,ROUTE_SutterDeltaMedicalCenter,0.4622,12.85,ROUTE_SutterDeltaMedicalCenter,0.4622,12.85,ROUTE_JohnMuirMedicalCenterWalnutCreekCampus,0.4622,23.976666666666667,ROUTE_JohnMuirMedicalCenterConcordCampus,0.4622,15.325
37.76999999997316,-122.3899999999553,48.740467742706606,LVO,ROUTE_CPMCDaviesCampusSutter,0.44640624966090015,13.026666666666667,ROUTE_ZuckerbergSanFranciscoGeneralHospital,0.4326879213562911,8.715,ROUTE_CPMCDaviesCampusSutter,0.44640624966090015,13.026666666666667,ROUTE_ZuckerbergSanFranciscoGeneralHospital,0.4326879213562911,8.715
37.63527777775083,-122.09999999995506,91.23272500118826,NLVO,ROUTE_SutterEdenMedicalCenter,0.5605103242502967,13.186666666666667,ROUTE_StRoseHospital,0.4622,3.9316666666666666,ROUTE_SutterEdenMedicalCenter,0.5605103242502967,13.186666666666667,ROUTE_KaiserFoundationHospitalSanLeandro,0.5611201629269003,11.493333333333334
37.80027777775096,-121.89083333328823,239.41143048730262,LVO,ROUTE_SanRamonRegionalMedicalCenter,0.24466880000000002,13.648333333333333,ROUTE_SanRamonRegionalMedicalCenter,0.24466880000000002,13.648333333333333,ROUTE_JohnMuirMedicalCenterWalnutCreekCampus,0.24466880000000002,26.66,ROUTE_SanRamonRegionalMedicalCenter,0.24466880000000002,13.648333333333333
37.532777777750745,-121.95638888884383,88.77113755061971,MIMIC,ROUTE_RegionalMedicalCenterOfSanJose,0.9,19.095000000000002,ROUTE_KaiserFoundationHospitalFremont,0.9,7.66,ROUTE_RegionalMedicalCenterOfSanJose,0.9,19.095000000000002,ROUTE_KaiserFoundationHospitalFremont,0.9,7.66
37.702222222195324,-122.4530555555109,170.79851533628332,HEMORRHAGIC,ROUTE_CPMCDaviesCampusSutter,0.24,15.091666666666667,ROUTE_CPMCMissionBernalCampusSutter,0.24,8.821666666666665,ROUTE_CPMCDaviesCampusSutter,0.24,15.091666666666667,ROUTE_CPMCMissionBernalCampusSutter,0.24,8.821666666666665
37.73611111108424,-122.15249999995511,175.23176468356866,LVO,ROUTE_SutterEdenMedicalCenter,0.2638047376438154,12.610000000000001,ROUTE_SanLeandroHospitalAlamedaHealthSystem,0.24466880000000002,8.173333333333334,ROUTE_SutterEdenMedicalCenter,0.2638047376438154,12.610000000000001,ROUTE_KaiserFoundationHospitalSanLeandro,0.26397841291572377,11.686666666666667
37.985833333306665,-122.54499999995542,120.39391100886506,LVO,ROUTE_UCSFMedicalCenter,0.41080595262895125,41.515,ROUTE_MarinHealthMedicalCenter,0.27920487520493914,11.879999999999999,ROUTE_UCSFMedicalCenter,0.41080595262895125,41.515,ROUTE_MarinHealthMedicalCenter,0.27920487520493914,11.879999999999999
37.969166666639985,-121.7711111110659,35.06532114928946,LVO,ROUTE_JohnMuirMedicalCenterWalnutCreekCampus,0.4459194469798041,34.30833333333333,ROUTE_SutterDeltaMedicalCenter,0.4048388348513664,5.588333333333334,ROUTE_JohnMuirMedicalCenterWalnutCreekCampus,0.4459194469798041,34.30833333333333,ROUTE_KaiserFoundationHospitalAntioch,0.43487894678706185,5.713333333333334
37.70277777775088,-122.47361111106648,157.37494779949253,MIMIC,ROUTE_CPMCDaviesCampusSutter,0.9,15.073333333333332,ROUTE_AHMCSetonMedicalCenter,0.9,6.043333333333334,ROUTE_CPMCDaviesCampusSutter,0.9,15.073333333333332,ROUTE_AHMCSetonMedicalCenter,0.9,6.043333333333334
37.54833333330632,-122.04999999995502,197.91127691607636,LVO,ROUTE_WashingtonHospitalHealthcareSystem,0.2572793793462921,15.481666666666666,ROUTE_StRoseHospital,0.24466880000000002,12.658333333333333,ROUTE_SutterEdenMedicalCenter,0.2561292583255065,21.82,ROUTE_WashingtonHospitalHealthcareSystem,0.2572793793462921,15.481666666666666
37.739166666639804,-122.42638888884422,105.56576581339459,LVO,ROUTE_CPMCDaviesCampusSutter,0.4250096015150886,9.675,ROUTE_CPMCMissionBernalCampusSutter,0.2852265675213921,3.55,ROUTE_CPMCDaviesCampusSutter,0.4250096015150886,9.675,ROUTE_CPMCMissionBernalCampusSutter,0.2852265675213921,3.55
37.63305555552861,-122.05249999995503,36.51031961319443,LVO,ROUTE_SutterEdenMedicalCenter,0.4494101492871736,19.75,ROUTE_StRoseHospital,0.4045830012819469,9.353333333333333,ROUTE_SutterEdenMedicalCenter,0.4494101492871736,19.75,ROUTE_KaiserFoundationHospitalSanLeandro,0.43436928328972507,18.408333333333335
37.92027777775106,-121.74527777773255,253.04566399853113,HEMORRHAGIC,ROUTE_KaiserFoundationHospitalAntioch,0.24,11.818333333333333,ROUTE_KaiserFoundationHospitalAntioch,0.24,11.818333333333333,ROUTE_JohnMuirMedicalCenterWalnutCreekCampus,0.24,39.275,ROUTE_KaiserFoundationHospitalAntioch,0.24,11.818333333333333
37.36027777775061,-122.06888888884393,31.738142891572608,HEMORRHAGIC,ROUTE_ElCaminoHealthMountainView,0.24,4.711666666666667,ROUTE_ElCaminoHealthMountainView,0.24,4.711666666666667,ROUTE_ElCaminoHealthMountainView,0.24,4.711666666666667,ROUTE_ElCaminoHealthMountainView,0.24,4.711666666666667
37.34694444441727,-122.09749999995506,235.35724429927032,HEMORRHAGIC,ROUTE_ElCaminoHealthMountainView,0.24,11.803333333333335,ROUTE_ElCaminoHealthMountainView,0.24,11.803333333333335,ROUTE_ElCaminoHealthMountainView,0.24,11.803333333333335,ROUTE_ElCaminoHealthMountainView,0.24,11.803333333333335
37.482222222195155,-122.43833333328867,265.5561370488231,LVO,ROUTE_SanMateoMedicalCenter,0.24466880000000002,29.758333333333333,ROUTE_SanMateoMedicalCenter,0.24466880000000002,29.758333333333333,ROUTE_MillsPeninsulaMedicalCenterSutter,0.24466880000000002,29.96833333333333,ROUTE_MillsPeninsulaMedicalCenterSutter,0.24466880000000002,29.96833333333333
37.6622222221953,-121.78777777773259,81.91224607199804,LVO,ROUTE_SutterEdenMedicalCenter,0.4286024585460677,30.233333333333334,ROUTE_StanfordHealthCareTriValley,0.28907823418540124,18.834999999999997,ROUTE_SutterEdenMedicalCenter,0.4286024585460677,30.233333333333334,ROUTE_StanfordHealthCareTriValley,0.28907823418540124,18.834999999999997
37.535555555528525,-121.94916666662161,127.40321272086953,NLVO,ROUTE_RegionalMedicalCenterOfSanJose,0.5391305402521143,20.634999999999998,ROUTE_KaiserFoundationHospitalFremont,0.5439581818962883,7.326666666666667,ROUTE_RegionalMedicalCenterOfSanJose,0.5391305402521143,20.634999999999998,ROUTE_KaiserFoundationHospitalFremont,0.5439581818962883,7.326666666666667
37.97388888886221,-121.81222222217706,202.182389005467,HEMORRHAGIC,ROUTE_KaiserFoundationHospitalAntioch,0.24,9.973333333333333,ROUTE_SutterDeltaMedicalCenter,0.24,5.6,ROUTE_JohnMuirMedicalCenterWalnutCreekCampus,0.24,35.794999999999995,ROUTE_KaiserFoundationHospitalAntioch,0.24,9.973333333333333
37.82444444441765,-122.27694444439965,176.0152359378526,HEMORRHAGIC,ROUTE_SutterEdenMedicalCenter,0.24,21.623333333333335,ROUTE_KaiserFoundationHospitalOaklandRichmond,0.24,4.79,ROUTE_SutterEdenMedicalCenter,0.24,21.623333333333335,ROUTE_KaiserFoundationHospitalOaklandRichmond,0.24,4.79
37.552222222195205,-122.28972222217743,148.6960131856478,HEMORRHAGIC,ROUTE_MillsPeninsulaMedicalCenterSutter,0.24,11.308333333333334,ROUTE_SanMateoMedicalCenter,0.24,8.098333333333333,ROUTE_MillsPeninsulaMedicalCenterSutter,0.24,11.308333333333334,ROUTE_MillsPeninsulaMedicalCenterSutter,0.24,11.308333333333334
37.80055555552874,-122.2724999999552,95.03246739523047,LVO,ROUTE_SutterEdenMedicalCenter,0.4254821126947957,22.978333333333335,ROUTE_HighlandHospitalWilmaChanCampus,0.2874261658478912,7.995,ROUTE_SutterEdenMedicalCenter,0.4254821126947957,22.978333333333335,ROUTE_HighlandHospitalWilmaChanCampus,0.2874261658478912,7.995
37.928888888862176,-121.96749999995495,84.69583862760418,HEMORRHAGIC,ROUTE_JohnMuirMedicalCenterWalnutCreekCampus,0.24,15.301666666666668,ROUTE_JohnMuirMedicalCenterWalnutCreekCampus,0.24,15.301666666666668,ROUTE_JohnMuirMedicalCenterWalnutCreekCampus,0.24,15.301666666666668,ROUTE_JohnMuirMedicalCenterWalnutCreekCampus,0.24,15.301666666666668
37.99666666664001,-122.3280555555108,143.83347664606578,HEMORRHAGIC,ROUTE_JohnMuirMedicalCenterWalnutCreekCampus,0.24,34.27333333333333,ROUTE_KaiserFoundationHospitalRichmondCampus,0.24,11.213333333333333,ROUTE_JohnMuirMedicalCenterWalnutCreekCampus,0.24,34.27333333333333,ROUTE_KaiserFoundationHospitalRichmondCampus,0.24,11.213333333333333
37.49277777775072,-122.26666666662186,224.92469976978822,HEMORRHAGIC,ROUTE_SequoiaHospital,0.24,5.298333333333333,ROUTE_SequoiaHospital,0.24,5.298333333333333,ROUTE_KaiserFoundationHospitalRedwoodCity,0.24,11.104999999999999,ROUTE_SequoiaHospital,0.24,5.298333333333333
37.99388888886223,-121.80305555551038,81.23117662801278,HEMORRHAGIC,ROUTE_JohnMuirMedicalCenterWalnutCreekCampus,0.24,28.925,ROUTE_SutterDeltaMedicalCenter,0.24,3.975,ROUTE_JohnMuirMedicalCenterWalnutCreekCampus,0.24,28.925,ROUTE_KaiserFoundationHospitalAntioch,0.24,9.618333333333334
37.35749999997283,-122.04749999995502,100.3524279911015,LVO,ROUTE_ElCaminoHealthMountainView,0.42636116690463477,12.136666666666667,ROUTE_ElCaminoHealthMountainView,0.42636116690463477,12.136666666666667,ROUTE_ElCaminoHealthMountainView,0.42636116690463477,12.136666666666667,ROUTE_ElCaminoHealthMountainView,0.42636116690463477,12.136666666666667
37.74999999997314,-122.12166666662175,206.49661325481685,LVO,ROUTE_HighlandHospitalWilmaChanCampus,0.2554499709849524,13.316666666666666,ROUTE_HighlandHospitalWilmaChanCampus,0.2554499709849524,13.316666666666666,ROUTE_SutterEdenMedicalCenter,0.2549689545276185,15.988333333333333,ROUTE_HighlandHospitalWilmaChanCampus,0.2554499709849524,13.316666666666666
37.842777777750996,-122.03361111106612,258.5491089232346,HEMORRHAGIC,ROUTE_KaiserFoundationHospitalWalnutCreek,0.24,10.171666666666665,ROUTE_KaiserFoundationHospitalWalnutCreek,0.24,10.171666666666665,ROUTE_JohnMuirMedicalCenterWalnutCreekCampus,0.24,15.783333333333333,ROUTE_KaiserFoundationHospitalWalnutCreek,0.24,10.171666666666665
37.70833333330644,-122.45749999995535,121.86448086847643,NLVO,ROUTE_CPMCDaviesCampusSutter,0.5446252576090531,13.398333333333333,ROUTE_CPMCMissionBernalCampusSutter,0.5468961476336063,7.128333333333333,ROUTE_CPMCDaviesCampusSutter,0.5446252576090531,13.398333333333333,ROUTE_CPMCMissionBernalCampusSutter,0.5468961476336063,7.128333333333333
37.66388888886196,-122.46499999995535,234.95654832964632,MIMIC,ROUTE_AHMCSetonMedicalCenter,0.9,6.083333333333333,ROUTE_AHMCSetonMedicalCenter,0.9,6.083333333333333,ROUTE_MillsPeninsulaMedicalCenterSutter,0.9,12.943333333333333,ROUTE_AHMCSetonMedicalCenter,0.9,6.083333333333333
37.8641666666399,-122.1044444443995,208.31046127234598,NLVO,ROUTE_KaiserFoundationHospitalWalnutCreek,0.498972697243377,14.843333333333334,ROUTE_KaiserFoundationHospitalWalnutCreek,0.498972697243377,14.843333333333334,ROUTE_JohnMuirMedicalCenterWalnutCreekCampus,0.49813616894106416,17.113333333333333,ROUTE_KaiserFoundationHospitalWalnutCreek,0.498972697243377,14.843333333333334
37.65694444441751,-122.47055555551091,33.39494924800847,LVO,ROUTE_MillsPeninsulaMedicalCenterSutter,0.45198029477653545,15.036666666666667,ROUTE_AHMCSetonMedicalCenter,0.4387453771603069,6.04,ROUTE_MillsPeninsulaMedicalCenterSutter,0.45198029477653545,15.036666666666667,ROUTE_AHMCSetonMedicalCenter,0.4387453771603069,6.04
37.5788888888619,-122.35277777773304,124.50679827038387,HEMORRHAGIC,ROUTE_MillsPeninsulaMedicalCenterSutter,0.24,6.8533333333333335,ROUTE_MillsPeninsulaMedicalCenterSutter,0.24,6.8533333333333335,ROUTE_MillsPeninsulaMedicalCenterSutter,0.24,6.8533333333333335,ROUTE_MillsPeninsulaMedicalCenterSutter,0.24,6.8533333333333335
37.594722222195244,-122.49166666662204,241.6739892272212,HEMORRHAGIC,ROUTE_AHMCSetonMedicalCenter,0.24,17.716666666666665,ROUTE_AHMCSetonMedicalCenter,0.24,17.716666666666665,ROUTE_MillsPeninsulaMedicalCenterSutter,0.24,25.38,ROUTE_AHMCSetonMedicalCenter,0.24,17.716666666666665
37.74999999997314,-122.41583333328865,173.5686541348709,NLVO,ROUTE_CPMCDaviesCampusSutter,0.5194897651008832,8.583333333333334,ROUTE_CPMCMissionBernalCampusSutter,0.5214675953375874,3.1733333333333333,ROUTE_CPMCDaviesCampusSutter,0.5194897651008832,8.583333333333334,ROUTE_CPMCMissionBernalCampusSutter,0.5214675953375874,3.1733333333333333
37.95083333330664,-122.34138888884415,263.7456835350396,NLVO,ROUTE_KaiserFoundationHospitalRichmondCampus,0.4622,5.973333333333333,ROUTE_KaiserFoundationHospitalRichmondCampus,0.4622,5.973333333333333,ROUTE_CPMCDaviesCampusSutter,0.4622,34.20166666666667,ROUTE_KaiserFoundationHospitalRichmondCampus,0.4622,5.973333333333333
38.080277777751185,-122.22972222217739,55.601096464224995,LVO,ROUTE_JohnMuirMedicalCenterWalnutCreekCampus,0.43958672771630536,27.783333333333335,ROUTE_SutterSolanoMedicalCenter,0.29910567960555245,9.503333333333334,ROUTE_JohnMuirMedicalCenterWalnutCreekCampus,0.43958672771630536,27.783333333333335,ROUTE_SutterSolanoMedicalCenter,0.29910567960555245,9.503333333333334
37.657777777750844,-122.0919444443995,88.25779709137758,LVO,ROUTE_SutterEdenMedicalCenter,0.4307773444578425,13.191666666666666,ROUTE_StRoseHospital,0.24466880000000002,6.511666666666667,ROUTE_SutterEdenMedicalCenter,0.4307773444578425,13.191666666666666,ROUTE_KaiserFoundationHospitalSanLeandro,0.2887160195743366,11.498333333333333
37.78055555552872,-121.96249999995496,31.323725364165007,HEMORRHAGIC,ROUTE_JohnMuirMedicalCenterWalnutCreekCampus,0.24,21.496666666666666,ROUTE_SanRamonRegionalMedicalCenter,0.24,4.6433333333333335,ROUTE_JohnMuirMedicalCenterWalnutCreekCampus,0.24,21.496666666666666,ROUTE_SanRamonRegionalMedicalCenter,0.24,4.6433333333333335
37.98499999997333,-121.70388888884364,189.59582410642633,LVO,ROUTE_KaiserFoundationHospitalAntioch,0.25954419875025336,14.988333333333333,ROUTE_KaiserFoundationHospitalAntioch,0.25954419875025336,14.988333333333333,ROUTE_JohnMuirMedicalCenterWalnutCreekCampus,0.2556057866025859,36.59666666666667,ROUTE_KaiserFoundationHospitalAntioch,0.25954419875025336,14.988333333333333
37.707222222195334,-122.12666666662174,64.7311613548594,LVO,ROUTE_SutterEdenMedicalCenter,0.4415004191826545,7.826666666666667,ROUTE_SanLeandroHospitalAlamedaHealthSystem,0.39709992279032175,3.795,ROUTE_SutterEdenMedicalCenter,0.4415004191826545,7.826666666666667,ROUTE_SutterEdenMedicalCenter,0.4415004191826545,7.826666666666667
37.75611111108426,-122.4847222221776,136.9702417149099,HEMORRHAGIC,ROUTE_UCSFMedicalCenter,0.24,7.328333333333333,ROUTE_UCSFMedicalCenter,0.24,7.328333333333333,ROUTE_UCSFMedicalCenter,0.24,7.328333333333333,ROUTE_UCSFMedicalCenter,0.24,7.328333333333333
37.96611111108443,-121.71222222217698,204.69782970144632,LVO,ROUTE_KaiserFoundationHospitalAntioch,0.25578852553842135,14.01,ROUTE_KaiserFoundationHospitalAntioch,0.25578852553842135,14.01,ROUTE_JohnMuirMedicalCenterWalnutCreekCampus,0.24466880000000002,38.14666666666667,ROUTE_KaiserFoundationHospitalAntioch,0.25578852553842135,14.01
37.559999999972995,-122.35861111106638,34.60875228507831,NLVO,ROUTE_MillsPeninsulaMedicalCenterSutter,0.5893313023432128,13.620000000000001,ROUTE_MillsPeninsulaMedicalCenterSutter,0.5893313023432128,13.620000000000001,ROUTE_MillsPeninsulaMedicalCenterSutter,0.5893313023432128,13.620000000000001,ROUTE_MillsPeninsulaMedicalCenterSutter,0.5893313023432128,13.620000000000001
37.400277777750645,-121.92611111106604,181.35538192207667,LVO,ROUTE_RegionalMedicalCenterOfSanJose,0.2613006920728129,17.261666666666667,ROUTE_OConnorHospital,0.26175655221746696,14.81,ROUTE_RegionalMedicalCenterOfSanJose,0.2613006920728129,17.261666666666667,ROUTE_OConnorHospital,0.26175655221746696,14.81
37.7555555555287,-122.49833333328871,64.83140684771594,LVO,ROUTE_UCSFMedicalCenter,0.44100220995911976,9.481666666666666,ROUTE_UCSFMedicalCenter,0.44100220995911976,9.481666666666666,ROUTE_UCSFMedicalCenter,0.44100220995911976,9.481666666666666,ROUTE_UCSFMedicalCenter,0.44100220995911976,9.481666666666666
37.48749999997293,-121.91861111106603,254.0342192932152,HEMORRHAGIC,ROUTE_KaiserFoundationHospitalFremont,0.24,17.591666666666665,ROUTE_KaiserFoundationHospitalFremont,0.24,17.591666666666665,ROUTE_RegionalMedicalCenterOfSanJose,0.24,18.211666666666666,ROUTE_KaiserFoundationHospitalFremont,0.24,17.591666666666665
37.99722222219556,-122.10083333328839,75.53129913108245,HEMORRHAGIC,ROUTE_JohnMuirMedicalCenterWalnutCreekCampus,0.24,17.27,ROUTE_ContraCostaRegionalMedicalCenter,0.24,6.926666666666667,ROUTE_JohnMuirMedicalCenterWalnutCreekCampus,0.24,17.27,ROUTE_JohnMuirMedicalCenterConcordCampus,0.24,9.728333333333333
37.65194444441751,-121.66416666662138,173.250785782692,LVO,ROUTE_StanfordHealthCareTriValley,0.26150689410752115,27.73,ROUTE_StanfordHealthCareTriValley,0.26150689410752115,27.73,ROUTE_SutterEdenMedicalCenter,0.2593988167569173,39.12833333333333,ROUTE_StanfordHealthCareTriValley,0.26150689410752115,27.73
37.77499999997316,-122.43194444439978,123.92262850181162,NLVO,ROUTE_CPMCDaviesCampusSutter,0.5471277603244853,3.5483333333333333,ROUTE_CPMCDaviesCampusSutter,0.5471277603244853,3.5483333333333333,ROUTE_CPMCDaviesCampusSutter,0.5471277603244853,3.5483333333333333,ROUTE_CPMCDaviesCampusSutter,0.5471277603244853,3.5483333333333333
37.98416666664,-121.8027777777326,57.825730625090884,NLVO,ROUTE_JohnMuirMedicalCenterWalnutCreekCampus,0.5712050043670198,31.158333333333335,ROUTE_SutterDeltaMedicalCenter,0.5147645403844113,2.6666666666666665,ROUTE_JohnMuirMedicalCenterWalnutCreekCampus,0.5712050043670198,31.158333333333335,ROUTE_KaiserFoundationHospitalAntioch,0.5792144323098586,8.796666666666665
37.99083333330667,-122.06388888884392,222.73639739357824,HEMORRHAGIC,ROUTE_JohnMuirMedicalCenterConcordCampus,0.24,8.163333333333334,ROUTE_JohnMuirMedicalCenterConcordCampus,0.24,8.163333333333334,ROUTE_JohnMuirMedicalCenterWalnutCreekCampus,0.24,15.79,ROUTE_JohnMuirMedicalCenterConcordCampus,0.24,8.163333333333334
37.755833333306484,-121.90944444439936,155.45515526778672,LVO,ROUTE_SutterEdenMedicalCenter,0.40250797255659376,22.96833333333333,ROUTE_SanRamonRegionalMedicalCenter,0.26925647056877894,12.238333333333333,ROUTE_SutterEdenMedicalCenter,0.40250797255659376,22.96833333333333,ROUTE_SanRamonRegionalMedicalCenter,0.26925647056877894,12.238333333333333
38.25416666664022,-122.03972222217723,126.22969647470765,HEMORRHAGIC,ROUTE_JohnMuirMedicalCenterWalnutCreekCampus,0.24,43.03333333333333,ROUTE_NorthBayMedicalCenter,0.24,4.973333333333333,ROUTE_JohnMuirMedicalCenterWalnutCreekCampus,0.24,43.03333333333333,ROUTE_NorthBayMedicalCenter,0.24,4.973333333333333
37.770277777750934,-122.23611111106628,141.19980809962007,LVO,ROUTE_SutterEdenMedicalCenter,0.4092328546519347,17.738333333333333,ROUTE_AlamedaHospital,0.27456590132504277,5.406666666666666,ROUTE_SutterEdenMedicalCenter,0.4092328546519347,17.738333333333333,ROUTE_AlamedaHospital,0.27456590132504277,5.406666666666666
37.73749999997313,-122.39555555551085,62.2395195932656,HEMORRHAGIC,ROUTE_CPMCDaviesCampusSutter,0.24,12.535,ROUTE_ZuckerbergSanFranciscoGeneralHospital,0.24,6.678333333333333,ROUTE_CPMCDaviesCampusSutter,0.24,12.535,ROUTE_ZuckerbergSanFranciscoGeneralHospital,0.24,6.678333333333333
37.98333333330666,-122.55138888884431,129.70230430612932,LVO,ROUTE_UCSFMedicalCenter,0.4075850288483752,40.40833333333333,ROUTE_MarinHealthMedicalCenter,0.27677284292974225,10.713333333333333,ROUTE_UCSFMedicalCenter,0.4075850288483752,40.40833333333333,ROUTE_MarinHealthMedicalCenter,0.27677284292974225,10.713333333333333
37.8086111110843,-122.23305555551073,120.3293510829655,LVO,ROUTE_SutterEdenMedicalCenter,0.4160831697349787,21.77,ROUTE_HighlandHospitalWilmaChanCampus,0.280393864667788,6.086666666666667,ROUTE_SutterEdenMedicalCenter,0.4160831697349787,21.77,ROUTE_HighlandHospitalWilmaChanCampus,0.280393864667788,6.086666666666667
37.78749999997317,-122.21111111106626,69.29476949578219,LVO,ROUTE_SutterEdenMedicalCenter,0.436960870699824,17.736666666666668,ROUTE_HighlandHospitalWilmaChanCampus,0.29579864529317723,5.221666666666667,ROUTE_SutterEdenMedicalCenter,0.436960870699824,17.736666666666668,ROUTE_HighlandHospitalWilmaChanCampus,0.29579864529317723,5.221666666666667
38.00638888886224,-122.25333333328852,63.17239730554435,HEMORRHAGIC,ROUTE_JohnMuirMedicalCenterWalnutCreekCampus,0.24,27.36,ROUTE_ContraCostaRegionalMedicalCenter,0.24,14.313333333333333,ROUTE_JohnMuirMedicalCenterWalnutCreekCampus,0.24,27.36,ROUTE_KaiserFoundationHospitalRichmondCampus,0.24,17.973333333333336
37.781388888862054,-122.40833333328864,251.9354369513384,HEMORRHAGIC,ROUTE_UCSFHealthHydeHospital,0.24,4.206666666666667,ROUTE_UCSFHealthHydeHospital,0.24,4.206666666666667,ROUTE_CPMCDaviesCampusSutter,0.24,9.306666666666667,ROUTE_UCSFHealthHydeHospital,0.24,4.206666666666667
38.28111111108468,-122.29583333328856,161.01250780402597,HEMORRHAGIC,ROUTE_JohnMuirMedicalCenterWalnutCreekCampus,0.24,46.980000000000004,ROUTE_ProvidenceQueenOfTheValleyMedicalCenter,0.24,7.14,ROUTE_JohnMuirMedicalCenterWalnutCreekCampus,0.24,46.980000000000004,ROUTE_ProvidenceQueenOfTheValleyMedicalCenter,0.24,7.14
37.456388888861795,-122.426666666622,77.28273239398402,LVO,ROUTE_MillsPeninsulaMedicalCenterSutter,0.4309777248775405,28.136666666666667,ROUTE_SanMateoMedicalCenter,0.24466880000000002,27.926666666666666,ROUTE_MillsPeninsulaMedicalCenterSutter,0.4309777248775405,28.136666666666667,ROUTE_MillsPeninsulaMedicalCenterSutter,0.4309777248775405,28.136666666666667
37.75888888886204,-122.17861111106623,141.3599675567761,HEMORRHAGIC,ROUTE_SutterEdenMedicalCenter,0.24,16.425,ROUTE_HighlandHospitalWilmaChanCampus,0.24,13.771666666666667,ROUTE_SutterEdenMedicalCenter,0.24,16.425,ROUTE_HighlandHospitalWilmaChanCampus,0.24,13.771666666666667
38.0863888888623,-122.22722222217739,116.61674352454214,HEMORRHAGIC,ROUTE_JohnMuirMedicalCenterWalnutCreekCampus,0.24,26.23166666666667,ROUTE_SutterSolanoMedicalCenter,0.24,8.978333333333333,ROUTE_JohnMuirMedicalCenterWalnutCreekCampus,0.24,26.23166666666667,ROUTE_SutterSolanoMedicalCenter,0.24,8.978333333333333
37.699444444417544,-122.13805555551065,104.27054289464496,LVO,ROUTE_SutterEdenMedicalCenter,0.4250850657554628,11.246666666666666,ROUTE_SanLeandroHospitalAlamedaHealthSystem,0.24466880000000002,6.47,ROUTE_SutterEdenMedicalCenter,0.4250850657554628,11.246666666666666,ROUTE_KaiserFoundationHospitalSanLeandro,0.2843976655039777,9.42
37.817777777750976,-122.26611111106631,34.023283983876894,LVO,ROUTE_SutterEdenMedicalCenter,0.4495869242350239,22.671666666666667,ROUTE_AltaBatesSummitMedicalCenterSummitCampus,0.438667909064361,2.6483333333333334,ROUTE_SutterEdenMedicalCenter,0.4495869242350239,22.671666666666667,ROUTE_AltaBatesSummitMedicalCenterSummitCampus,0.438667909064361,2.6483333333333334
37.70527777775089,-121.93722222217716,154.3910163662547,LVO,ROUTE_SutterEdenMedicalCenter,0.40514129377997465,14.431666666666667,ROUTE_StanfordHealthCareTriValley,0.270086927788318,9.461666666666668,ROUTE_SutterEdenMedicalCenter,0.40514129377997465,14.431666666666667,ROUTE_StanfordHealthCareTriValley,0.270086927788318,9.461666666666668
37.67833333330642,-121.80305555551038,259.4180396650871,MIMIC,ROUTE_StanfordHealthCareTriValley,0.9,15.963333333333333,ROUTE_StanfordHealthCareTriValley,0.9,15.963333333333333,ROUTE_SutterEdenMedicalCenter,0.9,27.361666666666668,ROUTE_StanfordHealthCareTriValley,0.9,15.963333333333333
37.46083333330625,-122.43194444439978,161.1784314103161,LVO,ROUTE_MillsPeninsulaMedicalCenterSutter,0.2648573859217575,27.101666666666667,ROUTE_SanMateoMedicalCenter,0.24466880000000002,26.891666666666666,ROUTE_MillsPeninsulaMedicalCenterSutter,0.2648573859217575,27.101666666666667,ROUTE_MillsPeninsulaMedicalCenterSutter,0.2648573859217575,27.101666666666667
37.94194444441774,-121.96611111106607,250.6320928356062,HEMORRHAGIC,ROUTE_JohnMuirMedicalCenterWalnutCreekCampus,0.24,11.291666666666666,ROUTE_JohnMuirMedicalCenterWalnutCreekCampus,0.24,11.291666666666666,ROUTE_JohnMuirMedicalCenterWalnutCreekCampus,0.24,11.291666666666666,ROUTE_JohnMuirMedicalCenterWalnutCreekCampus,0.24,11.291666666666666
37.981666666639995,-122.52527777773318,258.15423926239987,HEMORRHAGIC,ROUTE_MarinHealthMedicalCenter,0.24,11.22,ROUTE_MarinHealthMedicalCenter,0.24,11.22,ROUTE_UCSFMedicalCenter,0.24,39.785,ROUTE_MarinHealthMedicalCenter,0.24,11.22
38.07694444441785,-122.55388888884431,81.94071860933784,HEMORRHAGIC,ROUTE_UCSFMedicalCenter,0.24,45.32,ROUTE_NovatoCommunityHospitalSutter,0.24,6.151666666666667,ROUTE_UCSFMedicalCenter,0.24,45.32,ROUTE_NovatoCommunityHospitalSutter,0.24,6.151666666666667
38.372777777751416,-121.739722222177,86.5715010291175,LVO,ROUTE_JohnMuirMedicalCenterWalnutCreekCampus,0.4145051120113953,75.91000000000001,ROUTE_NorthBayVacaValleyHospital,0.2858973192333758,27.441666666666666,ROUTE_JohnMuirMedicalCenterWalnutCreekCampus,0.4145051120113953,75.91000000000001,ROUTE_NorthBayVacaValleyHospital,0.2858973192333758,27.441666666666666
37.83277777775099,-122.25055555551074,264.3385126687481,HEMORRHAGIC,ROUTE_KaiserFoundationHospitalOaklandRichmond,0.24,4.085,ROUTE_KaiserFoundationHospitalOaklandRichmond,0.24,4.085,ROUTE_SutterEdenMedicalCenter,0.24,22.898333333333333,ROUTE_KaiserFoundationHospitalOaklandRichmond,0.24,4.085
37.71444444441756,-122.41472222217753,125.51509878687116,LVO,ROUTE_MillsPeninsulaMedicalCenterSutter,0.4153418660407848,17.138333333333332,ROUTE_CPMCMissionBernalCampusSutter,0.2777331564062899,11.889999999999999,ROUTE_MillsPeninsulaMedicalCenterSutter,0.4153418660407848,17.138333333333332,ROUTE_CPMCMissionBernalCampusSutter,0.2777331564062899,11.889999999999999
37.86999999997324,-122.26611111106631,127.51554903208243,LVO,ROUTE_SutterEdenMedicalCenter,0.41140613182805474,29.076666666666664,ROUTE_AltaBatesSummitMedicalCenterAltaBatesCampus,0.24466880000000002,6.078333333333333,ROUTE_SutterEdenMedicalCenter,0.41140613182805474,29.076666666666664,ROUTE_KaiserFoundationHospitalOaklandRichmond,0.276754016666964,13.931666666666667
37.92111111108439,-121.68999999995474,196.25460607468568,LVO,ROUTE_KaiserFoundationHospitalAntioch,0.2574247281715246,17.05,ROUTE_KaiserFoundationHospitalAntioch,0.2574247281715246,17.05,ROUTE_JohnMuirMedicalCenterWalnutCreekCampus,0.24466880000000002,42.575,ROUTE_KaiserFoundationHospitalAntioch,0.2574247281715246,17.05
37.94611111108441,-121.9986111110661,129.71434580414308,HEMORRHAGIC,ROUTE_JohnMuirMedicalCenterWalnutCreekCampus,0.24,10.533333333333333,ROUTE_JohnMuirMedicalCenterWalnutCreekCampus,0.24,10.533333333333333,ROUTE_JohnMuirMedicalCenterWalnutCreekCampus,0.24,10.533333333333333,ROUTE_JohnMuirMedicalCenterWalnutCreekCampus,0.24,10.533333333333333
37.96583333330665,-122.50722222217762,129.87374053131384,MIMIC,ROUTE_UCSFMedicalCenter,0.9,37.625,ROUTE_MarinHealthMedicalCenter,0.9,10.291666666666666,ROUTE_UCSFMedicalCenter,0.9,37.625,ROUTE_MarinHealthMedicalCenter,0.9,10.291666666666666
38.00472222219557,-121.82222222217706,184.659875951424,HEMORRHAGIC,ROUTE_KaiserFoundationHospitalAntioch,0.24,13.348333333333333,ROUTE_SutterDeltaMedicalCenter,0.24,8.05,ROUTE_JohnMuirMedicalCenterWalnutCreekCampus,0.24,27.791666666666668,ROUTE_KaiserFoundationHospitalAntioch,0.24,13.348333333333333
37.66666666663974,-122.48749999995538,225.0893202500192,LVO,ROUTE_AHMCSetonMedicalCenter,0.24466880000000002,8.033333333333333,ROUTE_AHMCSetonMedicalCenter,0.24466880000000002,8.033333333333333,ROUTE_MillsPeninsulaMedicalCenterSutter,0.24466880000000002,17.64333333333333,ROUTE_AHMCSetonMedicalCenter,0.24466880000000002,8.033333333333333
37.53444444441742,-122.28361111106632,162.63557338026513,HEMORRHAGIC,ROUTE_KaiserFoundationHospitalRedwoodCity,0.24,13.878333333333334,ROUTE_SanMateoMedicalCenter,0.24,7.918333333333334,ROUTE_KaiserFoundationHospitalRedwoodCity,0.24,13.878333333333334,ROUTE_KaiserFoundationHospitalRedwoodCity,0.24,13.878333333333334
37.71944444441756,-122.38722222217751,112.33272966559493,HEMORRHAGIC,ROUTE_MillsPeninsulaMedicalCenterSutter,0.24,17.873333333333335,ROUTE_CPMCMissionBernalCampusSutter,0.24,13.556666666666667,ROUTE_MillsPeninsulaMedicalCenterSutter,0.24,17.873333333333335,ROUTE_CPMCMissionBernalCampusSutter,0.24,13.556666666666667
37.55055555552854,-122.30222222217745,58.566412158035924,LVO,ROUTE_KaiserFoundationHospitalRedwoodCity,0.4427139640299651,12.258333333333333,ROUTE_SanMateoMedicalCenter,0.39618608995448457,8.113333333333333,ROUTE_KaiserFoundationHospitalRedwoodCity,0.4427139640299651,12.258333333333333,ROUTE_KaiserFoundationHospitalRedwoodCity,0.4427139640299651,12.258333333333333
37.38083333330618,-122.1172222221773,242.6617876504988,HEMORRHAGIC,ROUTE_ElCaminoHealthMountainView,0.24,10.851666666666667,ROUTE_ElCaminoHealthMountainView,0.24,10.851666666666667,ROUTE_ElCaminoHealthMountainView,0.24,10.851666666666667,ROUTE_ElCaminoHealthMountainView,0.24,10.851666666666667
37.51527777775073,-121.96249999995496,252.864818704554,HEMORRHAGIC,ROUTE_KaiserFoundationHospitalFremont,0.24,10.981666666666666,ROUTE_KaiserFoundationHospitalFremont,0.24,10.981666666666666,ROUTE_RegionalMedicalCenterOfSanJose,0.24,19.901666666666664,ROUTE_KaiserFoundationHospitalFremont,0.24,10.981666666666666
37.9727777777511,-122.50361111106649,100.66985507698482,MIMIC,ROUTE_UCSFMedicalCenter,0.9,40.89,ROUTE_MarinHealthMedicalCenter,0.9,13.996666666666666,ROUTE_UCSFMedicalCenter,0.9,40.89,ROUTE_MarinHealthMedicalCenter,0.9,13.996666666666666
37.67638888886197,-121.86249999995488,133.50699777229408,HEMORRHAGIC,ROUTE_SutterEdenMedicalCenter,0.24,25.6,ROUTE_StanfordHealthCareTriValley,0.24,8.551666666666668,ROUTE_SutterEdenMedicalCenter,0.24,25.6,ROUTE_StanfordHealthCareTriValley,0.24,8.551666666666668
37.39083333330619,-122.10416666662174,137.6946528279184,LVO,ROUTE_ElCaminoHealthMountainView,0.4121255982170827,11.823333333333332,ROUTE_ElCaminoHealthMountainView,0.4121255982170827,11.823333333333332,ROUTE_ElCaminoHealthMountainView,0.4121255982170827,11.823333333333332,ROUTE_ElCaminoHealthMountainView,0.4121255982170827,11.823333333333332
37.95777777775109,-122.06249999995504,153.70704167826074,HEMORRHAGIC,ROUTE_JohnMuirMedicalCenterWalnutCreekCampus,0.24,11.965,ROUTE_JohnMuirMedicalCenterConcordCampus,0.24,9.131666666666666,ROUTE_JohnMuirMedicalCenterWalnutCreekCampus,0.24,11.965,ROUTE_JohnMuirMedicalCenterConcordCampus,0.24,9.131666666666666
37.37083333330617,-122.02805555551056,124.13164894246792,HEMORRHAGIC,ROUTE_KaiserFoundationHospitalSantaClara,0.24,11.9,ROUTE_KaiserFoundationHospitalSantaClara,0.24,11.9,ROUTE_KaiserFoundationHospitalSantaClara,0.24,11.9,ROUTE_KaiserFoundationHospitalSantaClara,0.24,11.9
37.725833333306454,-122.4088888888442,200.50555160608133,LVO,ROUTE_CPMCMissionBernalCampusSutter,0.25770429915334414,9.443333333333333,ROUTE_CPMCMissionBernalCampusSutter,0.25770429915334414,9.443333333333333,ROUTE_CPMCDaviesCampusSutter,0.2567533184420679,14.67,ROUTE_CPMCMissionBernalCampusSutter,0.25770429915334414,9.443333333333333
38.06472222219562,-122.54194444439986,168.4253287363306,HEMORRHAGIC,ROUTE_NovatoCommunityHospitalSutter,0.24,8.453333333333333,ROUTE_NovatoCommunityHospitalSutter,0.24,8.453333333333333,ROUTE_UCSFMedicalCenter,0.24,45.01,ROUTE_NovatoCommunityHospitalSutter,0.24,8.453333333333333
37.70138888886199,-122.09305555551062,201.10002513467927,HEMORRHAGIC,ROUTE_SutterEdenMedicalCenter,0.24,2.2516666666666665,ROUTE_SutterEdenMedicalCenter,0.24,2.2516666666666665,ROUTE_SutterEdenMedicalCenter,0.24,2.2516666666666665,ROUTE_SutterEdenMedicalCenter,0.24,2.2516666666666665
37.747499999973144,-121.88638888884378,85.86164567122519,LVO,ROUTE_SutterEdenMedicalCenter,0.4283115947506043,25.66,ROUTE_SanRamonRegionalMedicalCenter,0.288625931153613,15.351666666666667,ROUTE_SutterEdenMedicalCenter,0.4283115947506043,25.66,ROUTE_SanRamonRegionalMedicalCenter,0.288625931153613,15.351666666666667
37.574444444417445,-122.3205555555108,128.39461787391272,HEMORRHAGIC,ROUTE_MillsPeninsulaMedicalCenterSutter,0.24,11.481666666666666,ROUTE_SanMateoMedicalCenter,0.24,10.389999999999999,ROUTE_MillsPeninsulaMedicalCenterSutter,0.24,11.481666666666666,ROUTE_MillsPeninsulaMedicalCenterSutter,0.24,11.481666666666666
37.76166666663982,-122.47638888884426,179.53325086918392,LVO,ROUTE_UCSFMedicalCenter,0.26432714626060216,3.69,ROUTE_UCSFMedicalCenter,0.26432714626060216,3.69,ROUTE_UCSFMedicalCenter,0.26432714626060216,3.69,ROUTE_UCSFMedicalCenter,0.26432714626060216,3.69
37.695277777750874,-122.1474999999551,179.2616533061623,LVO,ROUTE_SutterEdenMedicalCenter,0.2630321208796238,10.97,ROUTE_KaiserFoundationHospitalSanLeandro,0.2636273911932277,7.796666666666667,ROUTE_SutterEdenMedicalCenter,0.2630321208796238,10.97,ROUTE_KaiserFoundationHospitalSanLeandro,0.2636273911932277,7.796666666666667
37.962222222195535,-122.01055555551055,148.48619437044883,HEMORRHAGIC,ROUTE_JohnMuirMedicalCenterWalnutCreekCampus,0.24,11.053333333333335,ROUTE_JohnMuirMedicalCenterConcordCampus,0.24,7.281666666666666,ROUTE_JohnMuirMedicalCenterWalnutCreekCampus,0.24,11.053333333333335,ROUTE_JohnMuirMedicalCenterConcordCampus,0.24,7.281666666666666
37.98388888886222,-121.79333333328815,116.73730618586895,HEMORRHAGIC,ROUTE_JohnMuirMedicalCenterWalnutCreekCampus,0.24,31.618333333333332,ROUTE_SutterDeltaMedicalCenter,0.24,3.3483333333333336,ROUTE_JohnMuirMedicalCenterWalnutCreekCampus,0.24,31.618333333333332,ROUTE_KaiserFoundationHospitalAntioch,0.24,6.92
37.780277777750946,-121.9833333332883,184.78185798791793,HEMORRHAGIC,ROUTE_JohnMuirMedicalCenterWalnutCreekCampus,0.24,20.466666666666665,ROUTE_SanRamonRegionalMedicalCenter,0.24,6.141666666666667,ROUTE_JohnMuirMedicalCenterWalnutCreekCampus,0.24,20.466666666666665,ROUTE_SanRamonRegionalMedicalCenter,0.24,6.141666666666667
37.97416666663999,-122.35249999995527,221.56066807356106,LVO,ROUTE_KaiserFoundationHospitalRichmondCampus,0.24466880000000002,10.533333333333333,ROUTE_KaiserFoundationHospitalRichmondCampus,0.24466880000000002,10.533333333333333,ROUTE_JohnMuirMedicalCenterWalnutCreekCampus,0.24466880000000002,37.248333333333335,ROUTE_KaiserFoundationHospitalRichmondCampus,0.24466880000000002,10.533333333333333
38.109444444417875,-122.20138888884404,98.78807471257362,MIMIC,ROUTE_JohnMuirMedicalCenterWalnutCreekCampus,0.9,30.62,ROUTE_SutterSolanoMedicalCenter,0.9,10.455,ROUTE_JohnMuirMedicalCenterWalnutCreekCampus,0.9,30.62,ROUTE_SutterSolanoMedicalCenter,0.9,10.455
37.80166666663985,-122.41888888884421,263.9930871187196,LVO,ROUTE_UCSFHealthHydeHospital,0.24466880000000002,2.6666666666666665,ROUTE_UCSFHealthHydeHospital,0.24466880000000002,2.6666666666666665,ROUTE_CPMCDaviesCampusSutter,0.24466880000000002,11.014999999999999,ROUTE_UCSFHealthHydeHospital,0.24466880000000002,2.6666666666666665
37.772499999973164,-122.43083333328866,115.98294285522171,LVO,ROUTE_CPMCDaviesCampusSutter,0.42272609056322924,3.24,ROUTE_CPMCDaviesCampusSutter,0.42272609056322924,3.24,ROUTE_CPMCDaviesCampusSutter,0.42272609056322924,3.24,ROUTE_CPMCDaviesCampusSutter,0.42272609056322924,3.24
37.627222222195265,-122.05694444439948,99.37148555852968,NLVO,ROUTE_SutterEdenMedicalCenter,0.55395827407175,19.728333333333335,ROUTE_StRoseHospital,0.4622,9.431666666666667,ROUTE_SutterEdenMedicalCenter,0.55395827407175,19.728333333333335,ROUTE_KaiserFoundationHospitalSanLeandro,0.5545696202466605,18.035
37.784999999973174,-122.41416666662198,191.1288542319659,LVO,ROUTE_CPMCDaviesCampusSutter,0.2601960793118294,9.263333333333332,ROUTE_UCSFHealthHydeHospital,0.2615505716127265,1.9549999999999998,ROUTE_CPMCDaviesCampusSutter,0.2601960793118294,9.263333333333332,ROUTE_UCSFHealthHydeHospital,0.2615505716127265,1.9549999999999998
37.759444444417596,-122.429166666622,251.5686138282315,HEMORRHAGIC,ROUTE_CPMCDaviesCampusSutter,0.24,4.655,ROUTE_CPMCDaviesCampusSutter,0.24,4.655,ROUTE_CPMCDaviesCampusSutter,0.24,4.655,ROUTE_CPMCDaviesCampusSutter,0.24,4.655
38.27805555552912,-122.26777777773297,140.4314392626405,LVO,ROUTE_JohnMuirMedicalCenterWalnutCreekCampus,0.40148365250590234,48.355000000000004,ROUTE_ProvidenceQueenOfTheValleyMedicalCenter,0.2736382036564944,11.21,ROUTE_JohnMuirMedicalCenterWalnutCreekCampus,0.40148365250590234,48.355000000000004,ROUTE_ProvidenceQueenOfTheValleyMedicalCenter,0.2736382036564944,11.21
37.700277777750884,-122.13472222217732,268.07433670178455,LVO,ROUTE_SanLeandroHospitalAlamedaHealthSystem,0.24466880000000002,6.216666666666667,ROUTE_SanLeandroHospitalAlamedaHealthSystem,0.24466880000000002,6.216666666666667,ROUTE_SutterEdenMedicalCenter,0.24466880000000002,10.993333333333334,ROUTE_KaiserFoundationHospitalSanLeandro,0.24466880000000002,9.166666666666666
37.76583333330649,-122.46499999995535,255.45701387492977,HEMORRHAGIC,ROUTE_UCSFMedicalCenter,0.24,2.57,ROUTE_UCSFMedicalCenter,0.24,2.57,ROUTE_UCSFMedicalCenter,0.24,2.57,ROUTE_UCSFMedicalCenter,0.24,2.57
38.293055555529136,-121.97694444439941,76.48673556436145,HEMORRHAGIC,ROUTE_JohnMuirMedicalCenterWalnutCreekCampus,0.24,52.94833333333334,ROUTE_NorthBayVacaValleyHospital,0.24,15.770000000000001,ROUTE_JohnMuirMedicalCenterWalnutCreekCampus,0.24,52.94833333333334,ROUTE_NorthBayVacaValleyHospital,0.24,15.770000000000001
37.977499999973325,-122.08416666662171,267.107520985369,LVO,ROUTE_JohnMuirMedicalCenterConcordCampus,0.24466880000000002,10.528333333333334,ROUTE_JohnMuirMedicalCenterConcordCampus,0.24466880000000002,10.528333333333334,ROUTE_JohnMuirMedicalCenterWalnutCreekCampus,0.24466880000000002,15.110000000000001,ROUTE_JohnMuirMedicalCenterConcordCampus,0.24466880000000002,10.528333333333334
37.489166666639605,-121.92805555551048,128.93002712203872,LVO,ROUTE_RegionalMedicalCenterOfSanJose,0.4145933636530057,15.066666666666666,ROUTE_KaiserFoundationHospitalFremont,0.2761852080394318,14.766666666666667,ROUTE_RegionalMedicalCenterOfSanJose,0.4145933636530057,15.066666666666666,ROUTE_KaiserFoundationHospitalFremont,0.2761852080394318,14.766666666666667
37.72416666663979,-122.18138888884401,256.8197207727578,MIMIC,ROUTE_KaiserFoundationHospitalSanLeandro,0.9,10.338333333333333,ROUTE_KaiserFoundationHospitalSanLeandro,0.9,10.338333333333333,ROUTE_SutterEdenMedicalCenter,0.9,16.21333333333333,ROUTE_KaiserFoundationHospitalSanLeandro,0.9,10.338333333333333
37.55333333330632,-122.00305555551054,41.75175586919633,HEMORRHAGIC,ROUTE_SutterEdenMedicalCenter,0.24,24.921666666666667,ROUTE_WashingtonHospitalHealthcareSystem,0.24,8.583333333333334,ROUTE_SutterEdenMedicalCenter,0.24,24.921666666666667,ROUTE_WashingtonHospitalHealthcareSystem,0.24,8.583333333333334
37.65416666663973,-122.43611111106644,193.4104879508176,MIMIC,ROUTE_MillsPeninsulaMedicalCenterSutter,0.9,13.646666666666667,ROUTE_KaiserFoundationHospitalSouthSanFrancisco,0.9,2.853333333333333,ROUTE_MillsPeninsulaMedicalCenterSutter,0.9,13.646666666666667,ROUTE_KaiserFoundationHospitalSouthSanFrancisco,0.9,2.853333333333333
37.66944444441752,-122.08999999995505,64.725505708231,NLVO,ROUTE_SutterEdenMedicalCenter,0.5749360195080299,10.893333333333334,ROUTE_StRoseHospital,0.5056727887580202,9.728333333333333,ROUTE_SutterEdenMedicalCenter,0.5749360195080299,10.893333333333334,ROUTE_SutterEdenMedicalCenter,0.5749360195080299,10.893333333333334
37.92833333330662,-122.06611111106615,90.98913924451918,HEMORRHAGIC,ROUTE_JohnMuirMedicalCenterWalnutCreekCampus,0.24,8.991666666666667,ROUTE_KaiserFoundationHospitalWalnutCreek,0.24,8.795,ROUTE_JohnMuirMedicalCenterWalnutCreekCampus,0.24,8.991666666666667,ROUTE_KaiserFoundationHospitalWalnutCreek,0.24,8.795
37.59166666663968,-122.49555555551093,120.3062251738668,LVO,ROUTE_MillsPeninsulaMedicalCenterSutter,0.4152012383429203,25.10666666666667,ROUTE_AHMCSetonMedicalCenter,0.2781115438084981,17.44333333333333,ROUTE_MillsPeninsulaMedicalCenterSutter,0.4152012383429203,25.10666666666667,ROUTE_AHMCSetonMedicalCenter,0.2781115438084981,17.44333333333333
37.67777777775086,-122.13138888884397,249.18610507888323,NLVO,ROUTE_StRoseHospital,0.4622,8.825,ROUTE_StRoseHospital,0.4622,8.825,ROUTE_SutterEdenMedicalCenter,0.4622,10.648333333333333,ROUTE_KaiserFoundationHospitalSanLeandro,0.4622,10.285
38.31722222219582,-122.29833333328855,269.3002407525965,LVO,ROUTE_ProvidenceQueenOfTheValleyMedicalCenter,0.24466880000000002,3.1383333333333336,ROUTE_ProvidenceQueenOfTheValleyMedicalCenter,0.24466880000000002,3.1383333333333336,ROUTE_JohnMuirMedicalCenterWalnutCreekCampus,0.24466880000000002,50.88,ROUTE_ProvidenceQueenOfTheValleyMedicalCenter,0.24466880000000002,3.1383333333333336
38.03222222219559,-121.97277777773274,260.2124886503761,HEMORRHAGIC,ROUTE_JohnMuirMedicalCenterConcordCampus,0.24,13.268333333333334,ROUTE_JohnMuirMedicalCenterConcordCampus,0.24,13.268333333333334,ROUTE_JohnMuirMedicalCenterWalnutCreekCampus,0.24,23.028333333333332,ROUTE_JohnMuirMedicalCenterConcordCampus,0.24,13.268333333333334
38.274722222195784,-122.26805555551076,79.98644145857784,HEMORRHAGIC,ROUTE_JohnMuirMedicalCenterWalnutCreekCampus,0.24,48.82166666666667,ROUTE_ProvidenceQueenOfTheValleyMedicalCenter,0.24,11.676666666666668,ROUTE_JohnMuirMedicalCenterWalnutCreekCampus,0.24,48.82166666666667,ROUTE_ProvidenceQueenOfTheValleyMedicalCenter,0.24,11.676666666666668
38.15027777775124,-122.22916666662184,196.81712487969887,HEMORRHAGIC,ROUTE_SutterSolanoMedicalCenter,0.24,8.211666666666666,ROUTE_SutterSolanoMedicalCenter,0.24,8.211666666666666,ROUTE_JohnMuirMedicalCenterWalnutCreekCampus,0.24,33.78333333333333,ROUTE_SutterSolanoMedicalCenter,0.24,8.211666666666666
37.85166666663989,-122.27361111106632,231.59048103366666,LVO,ROUTE_AltaBatesSummitMedicalCenterAltaBatesCampus,0.24466880000000002,4.635000000000001,ROUTE_AltaBatesSummitMedicalCenterAltaBatesCampus,0.24466880000000002,4.635000000000001,ROUTE_JohnMuirMedicalCenterWalnutCreekCampus,0.24466880000000002,25.575,ROUTE_KaiserFoundationHospitalOaklandRichmond,0.24466880000000002,8.6
37.82583333330654,-121.99638888884387,117.7393838280279,HEMORRHAGIC,ROUTE_JohnMuirMedicalCenterWalnutCreekCampus,0.24,16.513333333333332,ROUTE_KaiserFoundationHospitalWalnutCreek,0.24,10.9,ROUTE_JohnMuirMedicalCenterWalnutCreekCampus,0.24,16.513333333333332,ROUTE_KaiserFoundationHospitalWalnutCreek,0.24,10.9
37.5194444444174,-122.27833333328854,68.24670582964214,MIMIC,ROUTE_KaiserFoundationHospitalRedwoodCity,0.9,12.231666666666666,ROUTE_SanMateoMedicalCenter,0.9,9.025,ROUTE_KaiserFoundationHospitalRedwoodCity,0.9,12.231666666666666,ROUTE_KaiserFoundationHospitalRedwoodCity,0.9,12.231666666666666
37.841388888862106,-122.28361111106632,245.89360649080984,HEMORRHAGIC,ROUTE_AltaBatesSummitMedicalCenterAltaBatesCampus,0.24,7.848333333333333,ROUTE_AltaBatesSummitMedicalCenterAltaBatesCampus,0.24,7.848333333333333,ROUTE_CPMCDaviesCampusSutter,0.24,24.976666666666667,ROUTE_KaiserFoundationHospitalOaklandRichmond,0.24,8.328333333333333
37.35388888886172,-122.04138888884391,54.32019150210563,LVO,ROUTE_ElCaminoHealthMountainView,0.4444456533553841,12.093333333333334,ROUTE_ElCaminoHealthMountainView,0.4444456533553841,12.093333333333334,ROUTE_ElCaminoHealthMountainView,0.4444456533553841,12.093333333333334,ROUTE_ElCaminoHealthMountainView,0.4444456533553841,12.093333333333334
37.530833333306305,-122.02333333328833,262.51327861184313,NLVO,ROUTE_WashingtonHospitalHealthcareSystem,0.4622,13.045,ROUTE_WashingtonHospitalHealthcareSystem,0.4622,13.045,ROUTE_SutterEdenMedicalCenter,0.4622,24.34333333333333,ROUTE_WashingtonHospitalHealthcareSystem,0.4622,13.045
38.255277777751324,-122.42166666662199,169.308523816766,HEMORRHAGIC,ROUTE_SonomaValleyHospital,0.24,16.686666666666667,ROUTE_SonomaValleyHospital,0.24,16.686666666666667,ROUTE_JohnMuirMedicalCenterWalnutCreekCampus,0.24,60.916666666666664,ROUTE_SonomaValleyHospital,0.24,16.686666666666667
37.409166666639535,-122.07416666662171,248.01699695898952,MIMIC,ROUTE_ElCaminoHealthMountainView,0.9,12.316666666666666,ROUTE_ElCaminoHealthMountainView,0.9,12.316666666666666,ROUTE_ElCaminoHealthMountainView,0.9,12.316666666666666,ROUTE_ElCaminoHealthMountainView,0.9,12.316666666666666
37.664166666639744,-121.79944444439927,165.7325851901831,MIMIC,ROUTE_SutterEdenMedicalCenter,0.9,28.925,ROUTE_StanfordHealthCareTriValley,0.9,17.501666666666665,ROUTE_SutterEdenMedicalCenter,0.9,28.925,ROUTE_StanfordHealthCareTriValley,0.9,17.501666666666665
37.729444444417574,-122.43111111106644,212.8098990332886,LVO,ROUTE_CPMCMissionBernalCampusSutter,0.2553183017385457,5.028333333333333,ROUTE_CPMCMissionBernalCampusSutter,0.2553183017385457,5.028333333333333,ROUTE_CPMCDaviesCampusSutter,0.2541921363155263,11.298333333333334,ROUTE_CPMCMissionBernalCampusSutter,0.2553183017385457,5.028333333333333
37.720277777750894,-122.14694444439955,244.30605420435754,LVO,ROUTE_SanLeandroHospitalAlamedaHealthSystem,0.24466880000000002,2.5883333333333334,ROUTE_SanLeandroHospitalAlamedaHealthSystem,0.24466880000000002,2.5883333333333334,ROUTE_SutterEdenMedicalCenter,0.24466880000000002,12.31,ROUTE_KaiserFoundationHospitalSanLeandro,0.24466880000000002,9.366666666666667
37.52749999997297,-122.2511111110663,113.78875979288668,HEMORRHAGIC,ROUTE_KaiserFoundationHospitalRedwoodCity,0.24,13.573333333333332,ROUTE_SanMateoMedicalCenter,0.24,12.808333333333334,ROUTE_KaiserFoundationHospitalRedwoodCity,0.24,13.573333333333332,ROUTE_KaiserFoundationHospitalRedwoodCity,0.24,13.573333333333332
38.0005555555289,-122.60277777773324,92.88651237817311,HEMORRHAGIC,ROUTE_UCSFMedicalCenter,0.24,50.10666666666667,ROUTE_MarinHealthMedicalCenter,0.24,17.48,ROUTE_UCSFMedicalCenter,0.24,50.10666666666667,ROUTE_MarinHealthMedicalCenter,0.24,17.48
37.67555555552864,-122.48805555551093,86.4547568503587,LVO,ROUTE_MillsPeninsulaMedicalCenterSutter,0.43012427914760054,18.16,ROUTE_AHMCSetonMedicalCenter,0.2907812517176973,4.251666666666667,ROUTE_MillsPeninsulaMedicalCenterSutter,0.43012427914760054,18.16,ROUTE_AHMCSetonMedicalCenter,0.2907812517176973,4.251666666666667
37.58611111108412,-122.03777777773279,89.89293752930897,LVO,ROUTE_SutterEdenMedicalCenter,0.42782767119415377,21.68,ROUTE_StRoseHospital,0.24466880000000002,12.518333333333334,ROUTE_SutterEdenMedicalCenter,0.42782767119415377,21.68,ROUTE_WashingtonHospitalHealthcareSystem,0.2873714106660001,15.6
37.94722222219552,-121.72527777773254,111.89982825743891,LVO,ROUTE_JohnMuirMedicalCenterWalnutCreekCampus,0.41479386628347037,38.64333333333333,ROUTE_KaiserFoundationHospitalAntioch,0.2815517860020579,12.425,ROUTE_JohnMuirMedicalCenterWalnutCreekCampus,0.41479386628347037,38.64333333333333,ROUTE_KaiserFoundationHospitalAntioch,0.2815517860020579,12.425
37.76111111108426,-122.49305555551094,249.1844208049307,LVO,ROUTE_UCSFMedicalCenter,0.24466880000000002,6.9366666666666665,ROUTE_UCSFMedicalCenter,0.24466880000000002,6.9366666666666665,ROUTE_UCSFMedicalCenter,0.24466880000000002,6.9366666666666665,ROUTE_UCSFMedicalCenter,0.24466880000000002,6.9366666666666665
37.814999999973196,-122.27916666662188,80.71765794415509,LVO,ROUTE_SutterEdenMedicalCenter,0.4309343745519442,23.388333333333332,ROUTE_AltaBatesSummitMedicalCenterSummitCampus,0.29205991446678214,6.405,ROUTE_SutterEdenMedicalCenter,0.4309343745519442,23.388333333333332,ROUTE_AltaBatesSummitMedicalCenterSummitCampus,0.29205991446678214,6.405
37.71805555552867,-122.16472222217733,211.34694858897674,HEMORRHAGIC,ROUTE_KaiserFoundationHospitalSanLeandro,0.24,6.510000000000001,ROUTE_SanLeandroHospitalAlamedaHealthSystem,0.24,6.298333333333333,ROUTE_SutterEdenMedicalCenter,0.24,14.15,ROUTE_KaiserFoundationHospitalSanLeandro,0.24,6.510000000000001
37.484166666639595,-122.39972222217753,249.2735235658945,HEMORRHAGIC,ROUTE_SanMateoMedicalCenter,0.24,20.685,ROUTE_SanMateoMedicalCenter,0.24,20.685,ROUTE_MillsPeninsulaMedicalCenterSutter,0.24,20.895,ROUTE_MillsPeninsulaMedicalCenterSutter,0.24,20.895
37.624444444417485,-122.07499999995504,44.523472832499095,NLVO,ROUTE_SutterEdenMedicalCenter,0.5835030069014019,15.798333333333334,ROUTE_StRoseHospital,0.5179722210583909,5.051666666666667,ROUTE_SutterEdenMedicalCenter,0.5835030069014019,15.798333333333334,ROUTE_KaiserFoundationHospitalSanLeandro,0.5841075256733372,14.104999999999999
37.921944444417726,-122.03722222217723,33.769359517708104,LVO,ROUTE_JohnMuirMedicalCenterWalnutCreekCampus,0.45544160050425736,2.2066666666666666,ROUTE_JohnMuirMedicalCenterWalnutCreekCampus,0.45544160050425736,2.2066666666666666,ROUTE_JohnMuirMedicalCenterWalnutCreekCampus,0.45544160050425736,2.2066666666666666,ROUTE_JohnMuirMedicalCenterWalnutCreekCampus,0.45544160050425736,2.2066666666666666
37.54694444441743,-121.9505555555105,82.00502385120993,HEMORRHAGIC,ROUTE_RegionalMedicalCenterOfSanJose,0.24,24.128333333333334,ROUTE_KaiserFoundationHospitalFremont,0.24,7.825,ROUTE_RegionalMedicalCenterOfSanJose,0.24,24.128333333333334,ROUTE_KaiserFoundationHospitalFremont,0.24,7.825
37.72083333330645,-122.47027777773313,166.09113250762707,LVO,ROUTE_UCSFMedicalCenter,0.4016279671793635,11.145000000000001,ROUTE_AHMCSetonMedicalCenter,0.26715391538445554,7.996666666666667,ROUTE_UCSFMedicalCenter,0.4016279671793635,11.145000000000001,ROUTE_AHMCSetonMedicalCenter,0.26715391538445554,7.996666666666667
37.909444444417716,-121.9933333332883,55.07390950521337,LVO,ROUTE_JohnMuirMedicalCenterWalnutCreekCampus,0.44484778040974526,9.571666666666665,ROUTE_JohnMuirMedicalCenterWalnutCreekCampus,0.44484778040974526,9.571666666666665,ROUTE_JohnMuirMedicalCenterWalnutCreekCampus,0.44484778040974526,9.571666666666665,ROUTE_JohnMuirMedicalCenterWalnutCreekCampus,0.44484778040974526,9.571666666666665
38.303888888862474,-122.31583333328857,110.35119230388457,LVO,ROUTE_JohnMuirMedicalCenterWalnutCreekCampus,0.4124478941979556,49.67166666666667,ROUTE_ProvidenceQueenOfTheValleyMedicalCenter,0.28280527681960876,8.493333333333334,ROUTE_JohnMuirMedicalCenterWalnutCreekCampus,0.4124478941979556,49.67166666666667,ROUTE_ProvidenceQueenOfTheValleyMedicalCenter,0.28280527681960876,8.493333333333334
38.10861111108454,-122.24944444439963,73.18643332309671,NLVO,ROUTE_JohnMuirMedicalCenterWalnutCreekCampus,0.5639809555735534,29.325,ROUTE_KaiserFoundationHospitalVallejo,0.5726662109284603,5.14,ROUTE_JohnMuirMedicalCenterWalnutCreekCampus,0.5639809555735534,29.325,ROUTE_KaiserFoundationHospitalVallejo,0.5726662109284603,5.14
37.66027777775085,-122.43583333328867,80.14143449534355,LVO,ROUTE_MillsPeninsulaMedicalCenterSutter,0.43341794534880784,15.135,ROUTE_KaiserFoundationHospitalSouthSanFrancisco,0.29265485895687626,4.426666666666667,ROUTE_MillsPeninsulaMedicalCenterSutter,0.43341794534880784,15.135,ROUTE_KaiserFoundationHospitalSouthSanFrancisco,0.29265485895687626,4.426666666666667
37.86833333330657,-122.25249999995519,248.97236437004315,LVO,ROUTE_AltaBatesSummitMedicalCenterAltaBatesCampus,0.24466880000000002,4.338333333333334,ROUTE_AltaBatesSummitMedicalCenterAltaBatesCampus,0.24466880000000002,4.338333333333334,ROUTE_SutterEdenMedicalCenter,0.24466880000000002,26.115000000000002,ROUTE_AltaBatesSummitMedicalCenterSummitCampus,0.24466880000000002,13.498333333333333
38.28527777775135,-122.26611111106631,57.665395467576126,HEMORRHAGIC,ROUTE_JohnMuirMedicalCenterWalnutCreekCampus,0.24,50.281666666666666,ROUTE_ProvidenceQueenOfTheValleyMedicalCenter,0.24,12.101666666666667,ROUTE_JohnMuirMedicalCenterWalnutCreekCampus,0.24,50.281666666666666,ROUTE_ProvidenceQueenOfTheValleyMedicalCenter,0.24,12.101666666666667
37.970555555528875,-122.33777777773304,36.84865937465317,HEMORRHAGIC,ROUTE_JohnMuirMedicalCenterWalnutCreekCampus,0.24,36.690000000000005,ROUTE_KaiserFoundationHospitalRichmondCampus,0.24,11.82,ROUTE_JohnMuirMedicalCenterWalnutCreekCampus,0.24,36.690000000000005,ROUTE_KaiserFoundationHospitalRichmondCampus,0.24,11.82
37.77444444441761,-122.19999999995514,231.31831894621374,LVO,ROUTE_HighlandHospitalWilmaChanCampus,0.24466880000000002,10.353333333333333,ROUTE_HighlandHospitalWilmaChanCampus,0.24466880000000002,10.353333333333333,ROUTE_SutterEdenMedicalCenter,0.24466880000000002,18.805,ROUTE_HighlandHospitalWilmaChanCampus,0.24466880000000002,10.353333333333333
37.91138888886216,-121.59527777773243,162.5573143883477,LVO,ROUTE_KaiserFoundationHospitalAntioch,0.26428153731178433,28.183333333333334,ROUTE_KaiserFoundationHospitalAntioch,0.26428153731178433,28.183333333333334,ROUTE_JohnMuirMedicalCenterWalnutCreekCampus,0.2595269748027195,53.708333333333336,ROUTE_KaiserFoundationHospitalAntioch,0.26428153731178433,28.183333333333334
37.63749999997305,-122.11305555551063,60.15838029895648,LVO,ROUTE_SutterEdenMedicalCenter,0.4411649230871338,15.57,ROUTE_StRoseHospital,0.3965160683479915,6.758333333333334,ROUTE_SutterEdenMedicalCenter,0.4411649230871338,15.57,ROUTE_KaiserFoundationHospitalSanLeandro,0.42621422374381096,13.876666666666667
37.74999999997314,-122.45333333328868,44.14975882150717,MIMIC,ROUTE_UCSFMedicalCenter,0.9,5.786666666666666,ROUTE_UCSFMedicalCenter,0.9,5.786666666666666,ROUTE_UCSFMedicalCenter,0.9,5.786666666666666,ROUTE_UCSFMedicalCenter,0.9,5.786666666666666
37.87361111108435,-122.27111111106632,260.9556257564336,LVO,ROUTE_AltaBatesSummitMedicalCenterAltaBatesCampus,0.24466880000000002,8.261666666666667,ROUTE_AltaBatesSummitMedicalCenterAltaBatesCampus,0.24466880000000002,8.261666666666667,ROUTE_SutterEdenMedicalCenter,0.24466880000000002,31.259999999999998,ROUTE_KaiserFoundationHospitalOaklandRichmond,0.24466880000000002,14.479999999999999
37.798055555528734,-122.24833333328851,103.77467708458173,LVO,ROUTE_SutterEdenMedicalCenter,0.42270325336235914,20.765,ROUTE_HighlandHospitalWilmaChanCampus,0.2857859961316939,3.4033333333333333,ROUTE_SutterEdenMedicalCenter,0.42270325336235914,20.765,ROUTE_HighlandHospitalWilmaChanCampus,0.2857859961316939,3.4033333333333333
37.77277777775094,-122.23444444439961,153.34609355382185,LVO,ROUTE_SutterEdenMedicalCenter,0.40482412309170096,17.133333333333333,ROUTE_HighlandHospitalWilmaChanCampus,0.2708478312329776,7.031666666666666,ROUTE_SutterEdenMedicalCenter,0.40482412309170096,17.133333333333333,ROUTE_HighlandHospitalWilmaChanCampus,0.2708478312329776,7.031666666666666
38.28111111108468,-122.00916666662165,198.91129569989906,HEMORRHAGIC,ROUTE_NorthBayMedicalCenter,0.24,12.04,ROUTE_NorthBayMedicalCenter,0.24,12.04,ROUTE_JohnMuirMedicalCenterWalnutCreekCampus,0.24,46.29833333333333,ROUTE_NorthBayMedicalCenter,0.24,12.04
37.759166666639814,-122.22749999995517,80.56468659220202,HEMORRHAGIC,ROUTE_SutterEdenMedicalCenter,0.24,18.186666666666667,ROUTE_AlamedaHospital,0.24,5.983333333333333,ROUTE_SutterEdenMedicalCenter,0.24,18.186666666666667,ROUTE_AlamedaHospital,0.24,5.983333333333333
37.787777777750954,-122.22749999995517,120.90786371769187,HEMORRHAGIC,ROUTE_SutterEdenMedicalCenter,0.24,20.673333333333336,ROUTE_HighlandHospitalWilmaChanCampus,0.24,3.635,ROUTE_SutterEdenMedicalCenter,0.24,20.673333333333336,ROUTE_HighlandHospitalWilmaChanCampus,0.24,3.635
38.10138888886231,-122.21277777773292,201.65181594634623,LVO,ROUTE_SutterSolanoMedicalCenter,0.25743499465655206,9.283333333333333,ROUTE_SutterSolanoMedicalCenter,0.25743499465655206,9.283333333333333,ROUTE_JohnMuirMedicalCenterWalnutCreekCampus,0.2540978676053448,27.765,ROUTE_SutterSolanoMedicalCenter,0.25743499465655206,9.283333333333333
37.71916666663979,-122.47861111106647,266.47529021786505,HEMORRHAGIC,ROUTE_AHMCSetonMedicalCenter,0.24,8.091666666666667,ROUTE_AHMCSetonMedicalCenter,0.24,8.091666666666667,ROUTE_UCSFMedicalCenter,0.24,12.558333333333334,ROUTE_AHMCSetonMedicalCenter,0.24,8.091666666666667
38.08111111108452,-122.23138888884405,134.5592858731411,NLVO,ROUTE_JohnMuirMedicalCenterWalnutCreekCampus,0.5328984784337871,27.55666666666667,ROUTE_SutterSolanoMedicalCenter,0.5395427386726571,9.276666666666667,ROUTE_JohnMuirMedicalCenterWalnutCreekCampus,0.5328984784337871,27.55666666666667,ROUTE_SutterSolanoMedicalCenter,0.5395427386726571,9.276666666666667
37.715555555528674,-121.7283333332881,41.43145428760725,HEMORRHAGIC,ROUTE_SutterEdenMedicalCenter,0.24,27.509999999999998,ROUTE_StanfordHealthCareTriValley,0.24,16.111666666666668,ROUTE_SutterEdenMedicalCenter,0.24,27.509999999999998,ROUTE_StanfordHealthCareTriValley,0.24,16.111666666666668
37.58333333330634,-122.37499999995528,158.45183120452486,NLVO,ROUTE_MillsPeninsulaMedicalCenterSutter,0.5291394161307611,3.746666666666667,ROUTE_MillsPeninsulaMedicalCenterSutter,0.5291394161307611,3.746666666666667,ROUTE_MillsPeninsulaMedicalCenterSutter,0.5291394161307611,3.746666666666667,ROUTE_MillsPeninsulaMedicalCenterSutter,0.5291394161307611,3.746666666666667
37.75333333330648,-122.4013888888442,214.70227199030958,HEMORRHAGIC,ROUTE_ZuckerbergSanFranciscoGeneralHospital,0.24,3.3766666666666665,ROUTE_ZuckerbergSanFranciscoGeneralHospital,0.24,3.3766666666666665,ROUTE_CPMCDaviesCampusSutter,0.24,10.625,ROUTE_ZuckerbergSanFranciscoGeneralHospital,0.24,3.3766666666666665
37.75499999997315,-122.41027777773309,156.19860147487648,HEMORRHAGIC,ROUTE_CPMCDaviesCampusSutter,0.24,8.513333333333334,ROUTE_ZuckerbergSanFranciscoGeneralHospital,0.24,2.481666666666667,ROUTE_CPMCDaviesCampusSutter,0.24,8.513333333333334,ROUTE_ZuckerbergSanFranciscoGeneralHospital,0.24,2.481666666666667
37.758611111084264,-122.1930555555107,171.14380088356083,LVO,ROUTE_SutterEdenMedicalCenter,0.2639677402216759,17.583333333333332,ROUTE_HighlandHospitalWilmaChanCampus,0.26520735387796,11.014999999999999,ROUTE_SutterEdenMedicalCenter,0.2639677402216759,17.583333333333332,ROUTE_HighlandHospitalWilmaChanCampus,0.26520735387796,11.014999999999999
37.681388888861974,-121.74444444439922,55.98938358738721,HEMORRHAGIC,ROUTE_SutterEdenMedicalCenter,0.24,31.048333333333336,ROUTE_StanfordHealthCareTriValley,0.24,19.65,ROUTE_SutterEdenMedicalCenter,0.24,31.048333333333336,ROUTE_StanfordHealthCareTriValley,0.24,19.65
38.00416666664001,-122.32444444439969,145.87033767343402,HEMORRHAGIC,ROUTE_JohnMuirMedicalCenterWalnutCreekCampus,0.24,36.38333333333333,ROUTE_KaiserFoundationHospitalRichmondCampus,0.24,15.756666666666666,ROUTE_JohnMuirMedicalCenterWalnutCreekCampus,0.24,36.38333333333333,ROUTE_KaiserFoundationHospitalRichmondCampus,0.24,15.756666666666666
37.508611111084065,-121.92861111106603,204.30205384236515,NLVO,ROUTE_KaiserFoundationHospitalFremont,0.5008915675328249,15.360000000000001,ROUTE_KaiserFoundationHospitalFremont,0.5008915675328249,15.360000000000001,ROUTE_RegionalMedicalCenterOfSanJose,0.49989232755950963,18.073333333333334,ROUTE_KaiserFoundationHospitalFremont,0.5008915675328249,15.360000000000001
37.695277777750874,-122.45805555551091,33.32681392707946,LVO,ROUTE_CPMCDaviesCampusSutter,0.4508491859246937,19.163333333333334,ROUTE_AHMCSetonMedicalCenter,0.43811997146206993,8.355,ROUTE_CPMCDaviesCampusSutter,0.4508491859246937,19.163333333333334,ROUTE_AHMCSetonMedicalCenter,0.43811997146206993,8.355
37.68055555552864,-121.89777777773268,269.08351141747585,MIMIC,ROUTE_StanfordHealthCareTriValley,0.9,6.605,ROUTE_StanfordHealthCareTriValley,0.9,6.605,ROUTE_SutterEdenMedicalCenter,0.9,20.421666666666667,ROUTE_StanfordHealthCareTriValley,0.9,6.605
38.289999999973574,-122.03249999995501,112.80513650585608,LVO,ROUTE_JohnMuirMedicalCenterWalnutCreekCampus,0.41337449182632136,42.68,ROUTE_NorthBayMedicalCenter,0.28150126418282856,11.379999999999999,ROUTE_JohnMuirMedicalCenterWalnutCreekCampus,0.41337449182632136,42.68,ROUTE_NorthBayMedicalCenter,0.28150126418282856,11.379999999999999
37.97361111108443,-122.32444444439969,170.1016706950384,HEMORRHAGIC,ROUTE_JohnMuirMedicalCenterWalnutCreekCampus,0.24,34.13333333333333,ROUTE_KaiserFoundationHospitalRichmondCampus,0.24,12.788333333333332,ROUTE_JohnMuirMedicalCenterWalnutCreekCampus,0.24,34.13333333333333,ROUTE_KaiserFoundationHospitalRichmondCampus,0.24,12.788333333333332
37.35444444441727,-122.09416666662173,142.94621451295058,NLVO,ROUTE_ElCaminoHealthMountainView,0.5351727474835668,9.323333333333332,ROUTE_ElCaminoHealthMountainView,0.5351727474835668,9.323333333333332,ROUTE_ElCaminoHealthMountainView,0.5351727474835668,9.323333333333332,ROUTE_ElCaminoHealthMountainView,0.5351727474835668,9.323333333333332
37.578611111084115,-122.01166666662166,187.23386642700513,LVO,ROUTE_WashingtonHospitalHealthcareSystem,0.2608258760178527,11.423333333333334,ROUTE_WashingtonHospitalHealthcareSystem,0.2608258760178527,11.423333333333334,ROUTE_SutterEdenMedicalCenter,0.25821985631043154,25.58,ROUTE_WashingtonHospitalHealthcareSystem,0.2608258760178527,11.423333333333334
37.51916666663963,-121.97249999995496,238.3066610333802,LVO,ROUTE_KaiserFoundationHospitalFremont,0.24466880000000002,9.418333333333333,ROUTE_KaiserFoundationHospitalFremont,0.24466880000000002,9.418333333333333,ROUTE_RegionalMedicalCenterOfSanJose,0.24466880000000002,22.045,ROUTE_KaiserFoundationHospitalFremont,0.24466880000000002,9.418333333333333
37.71527777775089,-121.9138888888438,134.2639952090011,LVO,ROUTE_SutterEdenMedicalCenter,0.41165791573145416,18.486666666666668,ROUTE_StanfordHealthCareTriValley,0.2755114573005671,10.538333333333332,ROUTE_SutterEdenMedicalCenter,0.41165791573145416,18.486666666666668,ROUTE_StanfordHealthCareTriValley,0.2755114573005671,10.538333333333332
37.742499999973134,-122.42055555551087,122.4304899216966,NLVO,ROUTE_CPMCDaviesCampusSutter,0.545957631591758,8.911666666666667,ROUTE_CPMCMissionBernalCampusSutter,0.5483474023467103,2.31,ROUTE_CPMCDaviesCampusSutter,0.545957631591758,8.911666666666667,ROUTE_CPMCMissionBernalCampusSutter,0.5483474023467103,2.31
37.682777777750864,-122.09972222217729,201.77678467439088,HEMORRHAGIC,ROUTE_SutterEdenMedicalCenter,0.24,6.7266666666666675,ROUTE_SutterEdenMedicalCenter,0.24,6.7266666666666675,ROUTE_SutterEdenMedicalCenter,0.24,6.7266666666666675,ROUTE_SutterEdenMedicalCenter,0.24,6.7266666666666675
37.791388888862066,-122.4152777777331,60.393630724609594,HEMORRHAGIC,ROUTE_CPMCDaviesCampusSutter,0.24,9.123333333333333,ROUTE_UCSFHealthHydeHospital,0.24,0.73,ROUTE_CPMCDaviesCampusSutter,0.24,9.123333333333333,ROUTE_UCSFHealthHydeHospital,0.24,0.73
37.90361111108438,-122.16638888884401,130.82875192763734,LVO,ROUTE_JohnMuirMedicalCenterWalnutCreekCampus,0.4129579797439884,18.498333333333335,ROUTE_KaiserFoundationHospitalWalnutCreek,0.2753566197520003,16.226666666666667,ROUTE_JohnMuirMedicalCenterWalnutCreekCampus,0.4129579797439884,18.498333333333335,ROUTE_KaiserFoundationHospitalWalnutCreek,0.2753566197520003,16.226666666666667
38.32138888886249,-122.3180555555108,143.3958649142706,LVO,ROUTE_JohnMuirMedicalCenterWalnutCreekCampus,0.3998404081551401,50.43,ROUTE_ProvidenceQueenOfTheValleyMedicalCenter,0.27400084959139737,5.133333333333334,ROUTE_JohnMuirMedicalCenterWalnutCreekCampus,0.3998404081551401,50.43,ROUTE_ProvidenceQueenOfTheValleyMedicalCenter,0.27400084959139737,5.133333333333334
37.92972222219551,-122.0680555555106,222.23236911344583,HEMORRHAGIC,ROUTE_KaiserFoundationHospitalWalnutCreek,0.24,9.648333333333333,ROUTE_KaiserFoundationHospitalWalnutCreek,0.24,9.648333333333333,ROUTE_JohnMuirMedicalCenterWalnutCreekCampus,0.24,9.845,ROUTE_KaiserFoundationHospitalWalnutCreek,0.24,9.648333333333333
37.77416666663983,-122.4405555555109,160.11384234105273,NLVO,ROUTE_CPMCDaviesCampusSutter,0.5284010016398811,3.3983333333333334,ROUTE_UCSFHealthStanyanHospital,0.5285753602473036,2.92,ROUTE_CPMCDaviesCampusSutter,0.5284010016398811,3.3983333333333334,ROUTE_UCSFHealthStanyanHospital,0.5285753602473036,2.92
37.98249999997333,-122.59638888884434,260.1801223509281,NLVO,ROUTE_MarinHealthMedicalCenter,0.4622,15.75,ROUTE_MarinHealthMedicalCenter,0.4622,15.75,ROUTE_UCSFMedicalCenter,0.4622,48.376666666666665,ROUTE_MarinHealthMedicalCenter,0.4622,15.75
37.51999999997296,-122.0011111110661,32.69767555006642,NLVO,ROUTE_RegionalMedicalCenterOfSanJose,0.5864846085852558,24.336666666666666,ROUTE_KaiserFoundationHospitalFremont,0.5908081286016897,12.203333333333335,ROUTE_RegionalMedicalCenterOfSanJose,0.5864846085852558,24.336666666666666,ROUTE_KaiserFoundationHospitalFremont,0.5908081286016897,12.203333333333335
37.750277777750924,-122.1727777777329,214.80388926960532,LVO,ROUTE_SanLeandroHospitalAlamedaHealthSystem,0.24466880000000002,11.871666666666666,ROUTE_SanLeandroHospitalAlamedaHealthSystem,0.24466880000000002,11.871666666666666,ROUTE_SutterEdenMedicalCenter,0.2531037960134698,14.545,ROUTE_HighlandHospitalWilmaChanCampus,0.2533496481985506,13.165
37.776666666639834,-122.28027777773299,73.53447512307514,HEMORRHAGIC,ROUTE_SutterEdenMedicalCenter,0.24,26.383333333333333,ROUTE_AlamedaHospital,0.24,8.045,ROUTE_SutterEdenMedicalCenter,0.24,26.383333333333333,ROUTE_AlamedaHospital,0.24,8.045
37.573888888861894,-122.3380555555108,256.0488146679661,LVO,ROUTE_MillsPeninsulaMedicalCenterSutter,0.24466880000000002,9.623333333333333,ROUTE_MillsPeninsulaMedicalCenterSutter,0.24466880000000002,9.623333333333333,ROUTE_MillsPeninsulaMedicalCenterSutter,0.24466880000000002,9.623333333333333,ROUTE_MillsPeninsulaMedicalCenterSutter,0.24466880000000002,9.623333333333333
37.96444444441776,-121.63972222217691,210.49580416471073,LVO,ROUTE_KaiserFoundationHospitalAntioch,0.24466880000000002,21.384999999999998,ROUTE_KaiserFoundationHospitalAntioch,0.24466880000000002,21.384999999999998,ROUTE_JohnMuirMedicalCenterWalnutCreekCampus,0.24466880000000002,45.86833333333333,ROUTE_KaiserFoundationHospitalAntioch,0.24466880000000002,21.384999999999998
38.151111111084575,-122.26388888884408,170.8402484533187,HEMORRHAGIC,ROUTE_JohnMuirMedicalCenterWalnutCreekCampus,0.24,35.79833333333333,ROUTE_KaiserFoundationHospitalVallejo,0.24,7.463333333333334,ROUTE_JohnMuirMedicalCenterWalnutCreekCampus,0.24,35.79833333333333,ROUTE_KaiserFoundationHospitalVallejo,0.24,7.463333333333334
37.95166666663997,-122.55138888884431,46.80189639424291,HEMORRHAGIC,ROUTE_UCSFMedicalCenter,0.24,38.99166666666667,ROUTE_MarinHealthMedicalCenter,0.24,6.364999999999999,ROUTE_UCSFMedicalCenter,0.24,38.99166666666667,ROUTE_MarinHealthMedicalCenter,0.24,6.364999999999999
37.591944444417464,-122.38805555551085,112.30076231596294,LVO,ROUTE_MillsPeninsulaMedicalCenterSutter,0.42444212038110185,2.15,ROUTE_MillsPeninsulaMedicalCenterSutter,0.42444212038110185,2.15,ROUTE_MillsPeninsulaMedicalCenterSutter,0.42444212038110185,2.15,ROUTE_MillsPeninsulaMedicalCenterSutter,0.42444212038110185,2.15
37.4777777777507,-122.20638888884403,141.19329801012594,NLVO,ROUTE_KaiserFoundationHospitalRedwoodCity,0.5364478188581815,8.32,ROUTE_KaiserFoundationHospitalRedwoodCity,0.5364478188581815,8.32,ROUTE_KaiserFoundationHospitalRedwoodCity,0.5364478188581815,8.32,ROUTE_KaiserFoundationHospitalRedwoodCity,0.5364478188581815,8.32
38.002499999973345,-121.73694444439921,257.72208015256666,MIMIC,ROUTE_KaiserFoundationHospitalAntioch,0.9,14.751666666666667,ROUTE_KaiserFoundationHospitalAntioch,0.9,14.751666666666667,ROUTE_JohnMuirMedicalCenterWalnutCreekCampus,0.9,36.361666666666665,ROUTE_KaiserFoundationHospitalAntioch,0.9,14.751666666666667
37.39499999997286,-122.10416666662174,52.44087051245487,HEMORRHAGIC,ROUTE_ElCaminoHealthMountainView,0.24,12.495000000000001,ROUTE_ElCaminoHealthMountainView,0.24,12.495000000000001,ROUTE_ElCaminoHealthMountainView,0.24,12.495000000000001,ROUTE_ElCaminoHealthMountainView,0.24,12.495000000000001
38.03249999997337,-121.95388888884384,66.99623107920982,LVO,ROUTE_JohnMuirMedicalCenterWalnutCreekCampus,0.436574497362207,22.423333333333336,ROUTE_JohnMuirMedicalCenterConcordCampus,0.2949056668431166,12.663333333333332,ROUTE_JohnMuirMedicalCenterWalnutCreekCampus,0.436574497362207,22.423333333333336,ROUTE_JohnMuirMedicalCenterConcordCampus,0.2949056668431166,12.663333333333332
37.75333333330648,-121.90194444439935,224.34419732890197,HEMORRHAGIC,ROUTE_SanRamonRegionalMedicalCenter,0.24,12.56,ROUTE_SanRamonRegionalMedicalCenter,0.24,12.56,ROUTE_SutterEdenMedicalCenter,0.24,22.805,ROUTE_SanRamonRegionalMedicalCenter,0.24,12.56
37.838611111084326,-122.27833333328854,182.5397509694426,NLVO,ROUTE_JohnMuirMedicalCenterWalnutCreekCampus,0.5091174958985831,24.075,ROUTE_KaiserFoundationHospitalOaklandRichmond,0.5153420853004851,7.1,ROUTE_JohnMuirMedicalCenterWalnutCreekCampus,0.5091174958985831,24.075,ROUTE_KaiserFoundationHospitalOaklandRichmond,0.5153420853004851,7.1
37.79166666663984,-122.44499999995534,112.21996599743063,HEMORRHAGIC,ROUTE_CPMCDaviesCampusSutter,0.24,8.275,ROUTE_KaiserFoundationHospitalSanFrancisco,0.24,4.05,ROUTE_CPMCDaviesCampusSutter,0.24,8.275,ROUTE_KaiserFoundationHospitalSanFrancisco,0.24,4.05
38.055277777751165,-122.16249999995512,215.14522426790072,LVO,ROUTE_ContraCostaRegionalMedicalCenter,0.24466880000000002,11.898333333333333,ROUTE_ContraCostaRegionalMedicalCenter,0.24466880000000002,11.898333333333333,ROUTE_JohnMuirMedicalCenterWalnutCreekCampus,0.24466880000000002,22.71333333333333,ROUTE_SutterSolanoMedicalCenter,0.24466880000000002,14.770000000000001
37.42194444441733,-121.91444444439936,121.11822022817185,LVO,ROUTE_RegionalMedicalCenterOfSanJose,0.4177451017765879,14.43,ROUTE_OConnorHospital,0.27853516437281056,14.173333333333334,ROUTE_RegionalMedicalCenterOfSanJose,0.4177451017765879,14.43,ROUTE_OConnorHospital,0.27853516437281056,14.173333333333334
37.81583333330653,-122.21777777773293,158.33341976636152,HEMORRHAGIC,ROUTE_SutterEdenMedicalCenter,0.24,20.063333333333333,ROUTE_HighlandHospitalWilmaChanCampus,0.24,7.278333333333333,ROUTE_SutterEdenMedicalCenter,0.24,20.063333333333333,ROUTE_HighlandHospitalWilmaChanCampus,0.24,7.278333333333333
37.94166666663996,-121.69361111106585,249.8011448509869,LVO,ROUTE_KaiserFoundationHospitalAntioch,0.24466880000000002,14.736666666666668,ROUTE_KaiserFoundationHospitalAntioch,0.24466880000000002,14.736666666666668,ROUTE_JohnMuirMedicalCenterWalnutCreekCampus,0.24466880000000002,40.955000000000005,ROUTE_KaiserFoundationHospitalAntioch,0.24466880000000002,14.736666666666668
38.14388888886235,-122.2347222221774,108.54218835368697,LVO,ROUTE_JohnMuirMedicalCenterWalnutCreekCampus,0.4180511589800981,31.253333333333334,ROUTE_SutterSolanoMedicalCenter,0.2839118100347355,5.680000000000001,ROUTE_JohnMuirMedicalCenterWalnutCreekCampus,0.4180511589800981,31.253333333333334,ROUTE_SutterSolanoMedicalCenter,0.2839118100347355,5.680000000000001
37.86305555552879,-122.01472222217721,56.534878412808965,LVO,ROUTE_JohnMuirMedicalCenterWalnutCreekCampus,0.4427330789910183,15.091666666666667,ROUTE_KaiserFoundationHospitalWalnutCreek,0.42963551109067744,9.479999999999999,ROUTE_JohnMuirMedicalCenterWalnutCreekCampus,0.4427330789910183,15.091666666666667,ROUTE_KaiserFoundationHospitalWalnutCreek,0.42963551109067744,9.479999999999999
37.55249999997299,-122.02194444439945,35.91965175039238,HEMORRHAGIC,ROUTE_SutterEdenMedicalCenter,0.24,21.676666666666666,ROUTE_WashingtonHospitalHealthcareSystem,0.24,11.985000000000001,ROUTE_SutterEdenMedicalCenter,0.24,21.676666666666666,ROUTE_WashingtonHospitalHealthcareSystem,0.24,11.985000000000001
38.21333333330685,-122.14472222217732,63.54940261322528,HEMORRHAGIC,ROUTE_JohnMuirMedicalCenterWalnutCreekCampus,0.24,35.74666666666667,ROUTE_NorthBayMedicalCenter,0.24,14.955,ROUTE_JohnMuirMedicalCenterWalnutCreekCampus,0.24,35.74666666666667,ROUTE_NorthBayMedicalCenter,0.24,14.955
37.52277777775074,-122.3344444443997,63.89054263350012,LVO,ROUTE_MillsPeninsulaMedicalCenterSutter,0.44015953186462065,13.870000000000001,ROUTE_SanMateoMedicalCenter,0.3942390983445848,8.110000000000001,ROUTE_MillsPeninsulaMedicalCenterSutter,0.44015953186462065,13.870000000000001,ROUTE_MillsPeninsulaMedicalCenterSutter,0.44015953186462065,13.870000000000001
37.68166666663976,-122.034999999955,71.82466848543514,LVO,ROUTE_SutterEdenMedicalCenter,0.4376312317111264,11.69,ROUTE_SutterEdenMedicalCenter,0.4376312317111264,11.69,ROUTE_SutterEdenMedicalCenter,0.4376312317111264,11.69,ROUTE_SutterEdenMedicalCenter,0.4376312317111264,11.69
38.25861111108466,-122.00777777773277,49.27341082835924,LVO,ROUTE_JohnMuirMedicalCenterWalnutCreekCampus,0.4366740694294152,47.38,ROUTE_NorthBayMedicalCenter,0.3005922337354344,11.733333333333333,ROUTE_JohnMuirMedicalCenterWalnutCreekCampus,0.4366740694294152,47.38,ROUTE_NorthBayMedicalCenter,0.3005922337354344,11.733333333333333
37.93388888886218,-122.09666666662173,65.0441952573928,NLVO,ROUTE_JohnMuirMedicalCenterWalnutCreekCampus,0.5736370727402544,14.063333333333333,ROUTE_JohnMuirMedicalCenterWalnutCreekCampus,0.5736370727402544,14.063333333333333,ROUTE_JohnMuirMedicalCenterWalnutCreekCampus,0.5736370727402544,14.063333333333333,ROUTE_JohnMuirMedicalCenterWalnutCreekCampus,0.5736370727402544,14.063333333333333
37.963611111084425,-122.50222222217761,32.662378853764665,LVO,ROUTE_UCSFMedicalCenter,0.4460331280630732,37.333333333333336,ROUTE_MarinHealthMedicalCenter,0.43506051927947376,10.0,ROUTE_UCSFMedicalCenter,0.4460331280630732,37.333333333333336,ROUTE_MarinHealthMedicalCenter,0.43506051927947376,10.0
37.589166666639684,-122.08416666662171,42.20577436759215,HEMORRHAGIC,ROUTE_SutterEdenMedicalCenter,0.24,23.078333333333333,ROUTE_StRoseHospital,0.24,12.578333333333335,ROUTE_SutterEdenMedicalCenter,0.24,23.078333333333333,ROUTE_KaiserFoundationHospitalSanLeandro,0.24,21.384999999999998
37.87222222219546,-122.27361111106632,91.73093944412312,HEMORRHAGIC,ROUTE_JohnMuirMedicalCenterWalnutCreekCampus,0.24,30.85,ROUTE_AltaBatesSummitMedicalCenterAltaBatesCampus,0.24,8.703333333333335,ROUTE_JohnMuirMedicalCenterWalnutCreekCampus,0.24,30.85,ROUTE_KaiserFoundationHospitalOaklandRichmond,0.24,14.021666666666667
37.41388888886176,-122.10749999995507,231.33205844131342,NLVO,ROUTE_ElCaminoHealthMountainView,0.4622,15.215,ROUTE_ElCaminoHealthMountainView,0.4622,15.215,ROUTE_ElCaminoHealthMountainView,0.4622,15.215,ROUTE_ElCaminoHealthMountainView,0.4622,15.215
37.55944444441744,-121.98361111106608,91.38356209876207,LVO,ROUTE_SutterEdenMedicalCenter,0.42506113505464904,29.745,ROUTE_WashingtonHospitalHealthcareSystem,0.2897346770188981,2.1783333333333332,ROUTE_SutterEdenMedicalCenter,0.42506113505464904,29.745,ROUTE_WashingtonHospitalHealthcareSystem,0.2897346770188981,2.1783333333333332
37.5472222221952,-122.29555555551077,189.74980823169759,LVO,ROUTE_KaiserFoundationHospitalRedwoodCity,0.25938409355036085,15.638333333333332,ROUTE_SanMateoMedicalCenter,0.24466880000000002,11.491666666666667,ROUTE_KaiserFoundationHospitalRedwoodCity,0.25938409355036085,15.638333333333332,ROUTE_KaiserFoundationHospitalRedwoodCity,0.25938409355036085,15.638333333333332
37.65416666663973,-122.41416666662198,171.82139106767448,LVO,ROUTE_MillsPeninsulaMedicalCenterSutter,0.3996563489411032,10.53,ROUTE_KaiserFoundationHospitalSouthSanFrancisco,0.26586495500959184,6.578333333333333,ROUTE_MillsPeninsulaMedicalCenterSutter,0.3996563489411032,10.53,ROUTE_KaiserFoundationHospitalSouthSanFrancisco,0.26586495500959184,6.578333333333333
37.603611111084135,-122.02999999995501,225.50791299363397,LVO,ROUTE_StRoseHospital,0.24466880000000002,12.343333333333334,ROUTE_StRoseHospital,0.24466880000000002,12.343333333333334,ROUTE_SutterEdenMedicalCenter,0.24466880000000002,21.675,ROUTE_WashingtonHospitalHealthcareSystem,0.24466880000000002,17.276666666666664
38.26583333330689,-122.02222222217722,204.63048889791204,MIMIC,ROUTE_NorthBayMedicalCenter,0.9,6.668333333333334,ROUTE_NorthBayMedicalCenter,0.9,6.668333333333334,ROUTE_JohnMuirMedicalCenterWalnutCreekCampus,0.9,44.10333333333333,ROUTE_NorthBayMedicalCenter,0.9,6.668333333333334
38.26555555552911,-122.4908333332887,69.73242900092347,HEMORRHAGIC,ROUTE_JohnMuirMedicalCenterWalnutCreekCampus,0.24,63.46666666666667,ROUTE_SonomaValleyHospital,0.24,7.066666666666666,ROUTE_JohnMuirMedicalCenterWalnutCreekCampus,0.24,63.46666666666667,ROUTE_SonomaValleyHospital,0.24,7.066666666666666
37.663333333306404,-122.45833333328868,133.05031477395553,HEMORRHAGIC,ROUTE_MillsPeninsulaMedicalCenterSutter,0.24,15.008333333333333,ROUTE_AHMCSetonMedicalCenter,0.24,7.033333333333333,ROUTE_MillsPeninsulaMedicalCenterSutter,0.24,15.008333333333333,ROUTE_AHMCSetonMedicalCenter,0.24,7.033333333333333
37.634999999973054,-122.41361111106643,92.15336219770279,NLVO,ROUTE_MillsPeninsulaMedicalCenterSutter,0.5610888835441221,10.264999999999999,ROUTE_KaiserFoundationHospitalSouthSanFrancisco,0.561227519844946,9.879999999999999,ROUTE_MillsPeninsulaMedicalCenterSutter,0.5610888835441221,10.264999999999999,ROUTE_KaiserFoundationHospitalSouthSanFrancisco,0.561227519844946,9.879999999999999
37.705833333306444,-122.46666666662202,40.3108040273363,HEMORRHAGIC,ROUTE_CPMCDaviesCampusSutter,0.24,14.283333333333333,ROUTE_AHMCSetonMedicalCenter,0.24,6.921666666666667,ROUTE_CPMCDaviesCampusSutter,0.24,14.283333333333333,ROUTE_AHMCSetonMedicalCenter,0.24,6.921666666666667
37.411388888861765,-122.1197222221773,47.19838241820935,LVO,ROUTE_StanfordHealthCare,0.4462411295301671,15.821666666666665,ROUTE_StanfordHealthCare,0.4462411295301671,15.821666666666665,ROUTE_StanfordHealthCare,0.4462411295301671,15.821666666666665,ROUTE_StanfordHealthCare,0.4462411295301671,15.821666666666665
38.27972222219579,-122.01444444439944,167.80738080282956,LVO,ROUTE_NorthBayMedicalCenter,0.2661358891618011,10.886666666666667,ROUTE_NorthBayMedicalCenter,0.2661358891618011,10.886666666666667,ROUTE_JohnMuirMedicalCenterWalnutCreekCampus,0.2597310975283047,45.1,ROUTE_NorthBayMedicalCenter,0.2661358891618011,10.886666666666667
37.658611111084184,-122.43499999995534,67.71445123276295,LVO,ROUTE_MillsPeninsulaMedicalCenterSutter,0.4383548841289857,14.938333333333333,ROUTE_KaiserFoundationHospitalSouthSanFrancisco,0.42558560033742876,3.77,ROUTE_MillsPeninsulaMedicalCenterSutter,0.4383548841289857,14.938333333333333,ROUTE_KaiserFoundationHospitalSouthSanFrancisco,0.42558560033742876,3.77
37.39611111108397,-122.09916666662173,143.688396966526,LVO,ROUTE_ElCaminoHealthMountainView,0.409798959178233,12.041666666666666,ROUTE_ElCaminoHealthMountainView,0.409798959178233,12.041666666666666,ROUTE_ElCaminoHealthMountainView,0.409798959178233,12.041666666666666,ROUTE_ElCaminoHealthMountainView,0.409798959178233,12.041666666666666
38.27666666664023,-122.30749999995523,168.25728619617053,LVO,ROUTE_ProvidenceQueenOfTheValleyMedicalCenter,0.2663262128617115,9.243333333333334,ROUTE_ProvidenceQueenOfTheValleyMedicalCenter,0.2663262128617115,9.243333333333334,ROUTE_JohnMuirMedicalCenterWalnutCreekCampus,0.2591221741138253,47.766666666666666,ROUTE_ProvidenceQueenOfTheValleyMedicalCenter,0.2663262128617115,9.243333333333334
37.541944444417425,-121.94277777773272,148.91339660820665,NLVO,ROUTE_RegionalMedicalCenterOfSanJose,0.5275681674527327,21.683333333333334,ROUTE_KaiserFoundationHospitalFremont,0.5328860302456296,7.085,ROUTE_RegionalMedicalCenterOfSanJose,0.5275681674527327,21.683333333333334,ROUTE_KaiserFoundationHospitalFremont,0.5328860302456296,7.085
37.710555555528664,-121.73805555551033,87.44516303825182,HEMORRHAGIC,ROUTE_SutterEdenMedicalCenter,0.24,28.026666666666664,ROUTE_StanfordHealthCareTriValley,0.24,16.628333333333334,ROUTE_SutterEdenMedicalCenter,0.24,28.026666666666664,ROUTE_StanfordHealthCareTriValley,0.24,16.628333333333334
37.6949999999731,-122.06444444439948,75.72556219667082,LVO,ROUTE_SutterEdenMedicalCenter,0.43713667497936187,7.911666666666666,ROUTE_SutterEdenMedicalCenter,0.43713667497936187,7.911666666666666,ROUTE_SutterEdenMedicalCenter,0.43713667497936187,7.911666666666666,ROUTE_SutterEdenMedicalCenter,0.43713667497936187,7.911666666666666
38.02138888886225,-122.26555555551076,176.50235302519826,HEMORRHAGIC,ROUTE_JohnMuirMedicalCenterWalnutCreekCampus,0.24,28.971666666666668,ROUTE_ContraCostaRegionalMedicalCenter,0.24,15.925,ROUTE_JohnMuirMedicalCenterWalnutCreekCampus,0.24,28.971666666666668,ROUTE_KaiserFoundationHospitalRichmondCampus,0.24,17.648333333333333
37.782222222195394,-122.42194444439977,131.29605549555555,LVO,ROUTE_CPMCDaviesCampusSutter,0.41590508455941433,6.77,ROUTE_CPMCVanNessCampusSutter,0.27807014136680075,1.95,ROUTE_CPMCDaviesCampusSutter,0.41590508455941433,6.77,ROUTE_CPMCVanNessCampusSutter,0.27807014136680075,1.95
37.8174999999732,-122.25166666662184,43.23078731822594,NLVO,ROUTE_SutterEdenMedicalCenter,0.5824501283699797,20.59333333333333,ROUTE_KaiserFoundationHospitalOaklandRichmond,0.5884659008931187,3.731666666666667,ROUTE_SutterEdenMedicalCenter,0.5824501283699797,20.59333333333333,ROUTE_KaiserFoundationHospitalOaklandRichmond,0.5884659008931187,3.731666666666667
37.84499999997322,-122.23277777773295,269.37531566881916,NLVO,ROUTE_AltaBatesSummitMedicalCenterAltaBatesCampus,0.4622,8.586666666666668,ROUTE_AltaBatesSummitMedicalCenterAltaBatesCampus,0.4622,8.586666666666668,ROUTE_SutterEdenMedicalCenter,0.4622,20.35,ROUTE_KaiserFoundationHospitalOaklandRichmond,0.4622,10.065
37.790555555528734,-121.96388888884384,112.30249237446574,LVO,ROUTE_JohnMuirMedicalCenterWalnutCreekCampus,0.4189936883362806,22.366666666666667,ROUTE_SanRamonRegionalMedicalCenter,0.28260131548687545,6.703333333333333,ROUTE_JohnMuirMedicalCenterWalnutCreekCampus,0.4189936883362806,22.366666666666667,ROUTE_SanRamonRegionalMedicalCenter,0.28260131548687545,6.703333333333333
37.930277777751066,-122.05638888884391,217.25267347091324,LVO,ROUTE_JohnMuirMedicalCenterWalnutCreekCampus,0.25387243122892783,6.738333333333333,ROUTE_JohnMuirMedicalCenterWalnutCreekCampus,0.25387243122892783,6.738333333333333,ROUTE_JohnMuirMedicalCenterWalnutCreekCampus,0.25387243122892783,6.738333333333333,ROUTE_JohnMuirMedicalCenterWalnutCreekCampus,0.25387243122892783,6.738333333333333
37.655833333306404,-122.02416666662167,267.56807614525417,NLVO,ROUTE_StRoseHospital,0.4622,16.383333333333333,ROUTE_StRoseHospital,0.4622,16.383333333333333,ROUTE_SutterEdenMedicalCenter,0.4622,18.738333333333333,ROUTE_SutterEdenMedicalCenter,0.4622,18.738333333333333
37.91666666663994,-122.03166666662167,200.15580868629337,LVO,ROUTE_JohnMuirMedicalCenterWalnutCreekCampus,0.2589157265237886,3.3216666666666668,ROUTE_JohnMuirMedicalCenterWalnutCreekCampus,0.2589157265237886,3.3216666666666668,ROUTE_JohnMuirMedicalCenterWalnutCreekCampus,0.2589157265237886,3.3216666666666668,ROUTE_JohnMuirMedicalCenterWalnutCreekCampus,0.2589157265237886,3.3216666666666668
37.655833333306404,-122.41083333328865,100.87322573949817,NLVO,ROUTE_MillsPeninsulaMedicalCenterSutter,0.5564495878785057,10.68,ROUTE_KaiserFoundationHospitalSouthSanFrancisco,0.5576884216188223,7.245,ROUTE_MillsPeninsulaMedicalCenterSutter,0.5564495878785057,10.68,ROUTE_KaiserFoundationHospitalSouthSanFrancisco,0.5576884216188223,7.245
37.876111111084356,-122.46361111106647,211.6835412417157,HEMORRHAGIC,ROUTE_MarinHealthMedicalCenter,0.24,22.56,ROUTE_MarinHealthMedicalCenter,0.24,22.56,ROUTE_UCSFMedicalCenter,0.24,39.245,ROUTE_MarinHealthMedicalCenter,0.24,22.56
37.909444444417716,-122.18694444439957,45.692823626644596,HEMORRHAGIC,ROUTE_JohnMuirMedicalCenterWalnutCreekCampus,0.24,24.543333333333333,ROUTE_KaiserFoundationHospitalWalnutCreek,0.24,22.271666666666665,ROUTE_JohnMuirMedicalCenterWalnutCreekCampus,0.24,24.543333333333333,ROUTE_KaiserFoundationHospitalWalnutCreek,0.24,22.271666666666665
37.792499999973174,-122.27027777773297,53.86736068821623,LVO,ROUTE_SutterEdenMedicalCenter,0.4420705631518519,21.290000000000003,ROUTE_HighlandHospitalWilmaChanCampus,0.4299036364465345,7.153333333333333,ROUTE_SutterEdenMedicalCenter,0.4420705631518519,21.290000000000003,ROUTE_HighlandHospitalWilmaChanCampus,0.4299036364465345,7.153333333333333
37.92916666663995,-121.7155555555103,259.05411700923844,LVO,ROUTE_KaiserFoundationHospitalAntioch,0.24466880000000002,13.835,ROUTE_KaiserFoundationHospitalAntioch,0.24466880000000002,13.835,ROUTE_JohnMuirMedicalCenterWalnutCreekCampus,0.24466880000000002,39.36,ROUTE_KaiserFoundationHospitalAntioch,0.24466880000000002,13.835
37.98194444441777,-122.07833333328838,105.63072950014799,HEMORRHAGIC,ROUTE_JohnMuirMedicalCenterWalnutCreekCampus,0.24,16.365,ROUTE_JohnMuirMedicalCenterConcordCampus,0.24,11.373333333333333,ROUTE_JohnMuirMedicalCenterWalnutCreekCampus,0.24,16.365,ROUTE_JohnMuirMedicalCenterConcordCampus,0.24,11.373333333333333
38.01527777775113,-121.87916666662156,73.62898191842291,NLVO,ROUTE_JohnMuirMedicalCenterWalnutCreekCampus,0.5656804412240177,23.966666666666665,ROUTE_SutterDeltaMedicalCenter,0.5030163766952503,12.09,ROUTE_JohnMuirMedicalCenterWalnutCreekCampus,0.5656804412240177,23.966666666666665,ROUTE_JohnMuirMedicalCenterConcordCampus,0.569157896382699,14.286666666666667
37.985833333306665,-122.52916666662207,40.98537591697048,HEMORRHAGIC,ROUTE_UCSFMedicalCenter,0.24,39.13166666666667,ROUTE_MarinHealthMedicalCenter,0.24,12.238333333333333,ROUTE_UCSFMedicalCenter,0.24,39.13166666666667,ROUTE_MarinHealthMedicalCenter,0.24,12.238333333333333
37.709999999973114,-122.44111111106645,193.5525241542551,LVO,ROUTE_CPMCMissionBernalCampusSutter,0.2592466404654587,10.953333333333335,ROUTE_CPMCMissionBernalCampusSutter,0.2592466404654587,10.953333333333335,ROUTE_CPMCDaviesCampusSutter,0.2580973701157292,17.223333333333336,ROUTE_CPMCMissionBernalCampusSutter,0.2592466404654587,10.953333333333335
37.78277777775095,-122.22249999995516,237.13962126995622,LVO,ROUTE_HighlandHospitalWilmaChanCampus,0.24466880000000002,5.308333333333334,ROUTE_HighlandHospitalWilmaChanCampus,0.24466880000000002,5.308333333333334,ROUTE_SutterEdenMedicalCenter,0.24466880000000002,18.60666666666667,ROUTE_HighlandHospitalWilmaChanCampus,0.24466880000000002,5.308333333333334
37.87638888886213,-122.06694444439948,107.10777678200765,HEMORRHAGIC,ROUTE_JohnMuirMedicalCenterWalnutCreekCampus,0.24,11.96,ROUTE_KaiserFoundationHospitalWalnutCreek,0.24,6.095,ROUTE_JohnMuirMedicalCenterWalnutCreekCampus,0.24,11.96,ROUTE_KaiserFoundationHospitalWalnutCreek,0.24,6.095
37.443888888861785,-122.12027777773285,195.832098420843,LVO,ROUTE_KaiserFoundationHospitalRedwoodCity,0.2581363872523406,13.753333333333334,ROUTE_KaiserFoundationHospitalRedwoodCity,0.2581363872523406,13.753333333333334,ROUTE_KaiserFoundationHospitalRedwoodCity,0.2581363872523406,13.753333333333334,ROUTE_KaiserFoundationHospitalRedwoodCity,0.2581363872523406,13.753333333333334
37.80749999997319,-122.24972222217741,158.44183021738272,MIMIC,ROUTE_SutterEdenMedicalCenter,0.9,19.154999999999998,ROUTE_HighlandHospitalWilmaChanCampus,0.9,5.078333333333333,ROUTE_SutterEdenMedicalCenter,0.9,19.154999999999998,ROUTE_HighlandHospitalWilmaChanCampus,0.9,5.078333333333333
38.12638888886233,-122.23777777773294,114.10640012049913,LVO,ROUTE_JohnMuirMedicalCenterWalnutCreekCampus,0.4162474654475018,30.045,ROUTE_SutterSolanoMedicalCenter,0.28296905128565064,2.328333333333333,ROUTE_JohnMuirMedicalCenterWalnutCreekCampus,0.4162474654475018,30.045,ROUTE_SutterSolanoMedicalCenter,0.28296905128565064,2.328333333333333
37.61027777775081,-122.034999999955,249.14045711669533,HEMORRHAGIC,ROUTE_StRoseHospital,0.24,15.308333333333334,ROUTE_StRoseHospital,0.24,15.308333333333334,ROUTE_SutterEdenMedicalCenter,0.24,24.641666666666666,ROUTE_WashingtonHospitalHealthcareSystem,0.24,19.901666666666664
37.98499999997333,-121.8266666666215,161.21589845358253,LVO,ROUTE_JohnMuirMedicalCenterWalnutCreekCampus,0.2642104992710586,30.476666666666667,ROUTE_SutterDeltaMedicalCenter,0.24466880000000002,5.805000000000001,ROUTE_JohnMuirMedicalCenterWalnutCreekCampus,0.2642104992710586,30.476666666666667,ROUTE_KaiserFoundationHospitalAntioch,0.2678171193718983,11.495000000000001
37.521111111084075,-121.97666666662163,170.01508747986293,LVO,ROUTE_RegionalMedicalCenterOfSanJose,0.2631375521231283,23.616666666666667,ROUTE_KaiserFoundationHospitalFremont,0.2657701193756351,9.658333333333333,ROUTE_RegionalMedicalCenterOfSanJose,0.2631375521231283,23.616666666666667,ROUTE_KaiserFoundationHospitalFremont,0.2657701193756351,9.658333333333333
37.605833333306364,-122.05361111106613,198.34143740615497,NLVO,ROUTE_KaiserFoundationHospitalSanLeandro,0.5037253452461622,16.175,ROUTE_StRoseHospital,0.4622,8.535,ROUTE_SutterEdenMedicalCenter,0.5031024221633594,17.868333333333332,ROUTE_KaiserFoundationHospitalSanLeandro,0.5037253452461622,16.175
37.814999999973196,-122.25194444439963,92.0757902355578,LVO,ROUTE_SutterEdenMedicalCenter,0.4276676990450793,19.15,ROUTE_KaiserFoundationHospitalOaklandRichmond,0.2889595606128615,4.881666666666666,ROUTE_SutterEdenMedicalCenter,0.4276676990450793,19.15,ROUTE_KaiserFoundationHospitalOaklandRichmond,0.2889595606128615,4.881666666666666
37.70249999997311,-122.47305555551091,256.0780422551021,LVO,ROUTE_AHMCSetonMedicalCenter,0.24466880000000002,6.421666666666667,ROUTE_AHMCSetonMedicalCenter,0.24466880000000002,6.421666666666667,ROUTE_CPMCDaviesCampusSutter,0.24466880000000002,15.451666666666666,ROUTE_AHMCSetonMedicalCenter,0.24466880000000002,6.421666666666667
37.74083333330647,-121.91611111106603,158.0253833263654,LVO,ROUTE_SutterEdenMedicalCenter,0.40219061059931194,20.511666666666667,ROUTE_SanRamonRegionalMedicalCenter,0.2687920514954975,10.976666666666667,ROUTE_SutterEdenMedicalCenter,0.40219061059931194,20.511666666666667,ROUTE_SanRamonRegionalMedicalCenter,0.2687920514954975,10.976666666666667
38.09749999997342,-122.22361111106628,163.9561490727393,LVO,ROUTE_JohnMuirMedicalCenterWalnutCreekCampus,0.2638943200408588,28.241666666666667,ROUTE_SutterSolanoMedicalCenter,0.26765979277957347,8.401666666666667,ROUTE_JohnMuirMedicalCenterWalnutCreekCampus,0.2638943200408588,28.241666666666667,ROUTE_SutterSolanoMedicalCenter,0.26765979277957347,8.401666666666667
37.85611111108434,-122.2547222221774,220.05330553538397,LVO,ROUTE_AltaBatesSummitMedicalCenterAltaBatesCampus,0.24466880000000002,1.415,ROUTE_AltaBatesSummitMedicalCenterAltaBatesCampus,0.24466880000000002,1.415,ROUTE_SutterEdenMedicalCenter,0.24466880000000002,24.321666666666665,ROUTE_AltaBatesSummitMedicalCenterSummitCampus,0.24466880000000002,10.94
37.99583333330667,-122.02805555551056,139.21606458349513,HEMORRHAGIC,ROUTE_JohnMuirMedicalCenterWalnutCreekCampus,0.24,16.14,ROUTE_JohnMuirMedicalCenterConcordCampus,0.24,4.448333333333333,ROUTE_JohnMuirMedicalCenterWalnutCreekCampus,0.24,16.14,ROUTE_JohnMuirMedicalCenterConcordCampus,0.24,4.448333333333333
37.71999999997312,-122.43638888884422,195.08324929608003,LVO,ROUTE_CPMCDaviesCampusSutter,0.2582055186158679,14.445,ROUTE_CPMCMissionBernalCampusSutter,0.2593554221898624,8.175,ROUTE_CPMCDaviesCampusSutter,0.2582055186158679,14.445,ROUTE_CPMCMissionBernalCampusSutter,0.2593554221898624,8.175
37.775277777750944,-122.4594444443998,110.90100912381834,MIMIC,ROUTE_UCSFMedicalCenter,0.9,5.715,ROUTE_UCSFHealthStanyanHospital,0.9,2.7800000000000002,ROUTE_UCSFMedicalCenter,0.9,5.715,ROUTE_UCSFHealthStanyanHospital,0.9,2.7800000000000002
38.05999999997339,-122.15333333328844,46.93037340930645,HEMORRHAGIC,ROUTE_JohnMuirMedicalCenterWalnutCreekCampus,0.24,22.61,ROUTE_ContraCostaRegionalMedicalCenter,0.24,11.795,ROUTE_JohnMuirMedicalCenterWalnutCreekCampus,0.24,22.61,ROUTE_SutterSolanoMedicalCenter,0.24,16.201666666666668
37.82694444441765,-122.2094444443996,218.44895598219267,MIMIC,ROUTE_HighlandHospitalWilmaChanCampus,0.9,8.521666666666667,ROUTE_HighlandHospitalWilmaChanCampus,0.9,8.521666666666667,ROUTE_SutterEdenMedicalCenter,0.9,18.733333333333334,ROUTE_HighlandHospitalWilmaChanCampus,0.9,8.521666666666667
37.3427777777506,-122.03694444439945,135.74341985769988,HEMORRHAGIC,ROUTE_KaiserFoundationHospitalSantaClara,0.24,9.353333333333333,ROUTE_KaiserFoundationHospitalSantaClara,0.24,9.353333333333333,ROUTE_KaiserFoundationHospitalSantaClara,0.24,9.353333333333333,ROUTE_KaiserFoundationHospitalSantaClara,0.24,9.353333333333333
37.738611111084246,-122.17611111106623,265.23981325233336,HEMORRHAGIC,ROUTE_KaiserFoundationHospitalSanLeandro,0.24,9.618333333333334,ROUTE_KaiserFoundationHospitalSanLeandro,0.24,9.618333333333334,ROUTE_SutterEdenMedicalCenter,0.24,15.493333333333334,ROUTE_KaiserFoundationHospitalSanLeandro,0.24,9.618333333333334
37.94472222219552,-122.01972222217722,90.58223159379772,HEMORRHAGIC,ROUTE_JohnMuirMedicalCenterWalnutCreekCampus,0.24,7.4366666666666665,ROUTE_JohnMuirMedicalCenterWalnutCreekCampus,0.24,7.4366666666666665,ROUTE_JohnMuirMedicalCenterWalnutCreekCampus,0.24,7.4366666666666665,ROUTE_JohnMuirMedicalCenterWalnutCreekCampus,0.24,7.4366666666666665
38.2505555555291,-122.60305555551102,35.4309966313417,LVO,ROUTE_UCSFMedicalCenter,0.4379362178445163,62.575,ROUTE_PetalumaValleyHospitalProvidence,0.3059804863893021,7.123333333333333,ROUTE_UCSFMedicalCenter,0.4379362178445163,62.575,ROUTE_PetalumaValleyHospitalProvidence,0.3059804863893021,7.123333333333333
37.55138888886187,-121.98944444439942,199.3486647688259,LVO,ROUTE_WashingtonHospitalHealthcareSystem,0.25887377659973576,4.703333333333333,ROUTE_WashingtonHospitalHealthcareSystem,0.25887377659973576,4.703333333333333,ROUTE_SutterEdenMedicalCenter,0.2548430694650323,26.9,ROUTE_WashingtonHospitalHealthcareSystem,0.25887377659973576,4.703333333333333
37.90916666663994,-122.54916666662209,35.978177254158226,LVO,ROUTE_UCSFMedicalCenter,0.4460456219003126,32.55166666666666,ROUTE_MarinHealthMedicalCenter,0.4314146885422859,18.23,ROUTE_UCSFMedicalCenter,0.4460456219003126,32.55166666666666,ROUTE_MarinHealthMedicalCenter,0.4314146885422859,18.23
37.99388888886223,-122.03583333328835,247.59941037751744,HEMORRHAGIC,ROUTE_JohnMuirMedicalCenterConcordCampus,0.24,4.241666666666666,ROUTE_JohnMuirMedicalCenterConcordCampus,0.24,4.241666666666666,ROUTE_JohnMuirMedicalCenterWalnutCreekCampus,0.24,16.93,ROUTE_JohnMuirMedicalCenterConcordCampus,0.24,4.241666666666666
37.46027777775069,-122.43805555551089,260.43876343752925,HEMORRHAGIC,ROUTE_SanMateoMedicalCenter,0.24,27.646666666666665,ROUTE_SanMateoMedicalCenter,0.24,27.646666666666665,ROUTE_MillsPeninsulaMedicalCenterSutter,0.24,27.85666666666667,ROUTE_MillsPeninsulaMedicalCenterSutter,0.24,27.85666666666667
37.48999999997294,-122.24277777773295,230.16681543832027,HEMORRHAGIC,ROUTE_SequoiaHospital,0.24,5.628333333333333,ROUTE_SequoiaHospital,0.24,5.628333333333333,ROUTE_KaiserFoundationHospitalRedwoodCity,0.24,7.153333333333333,ROUTE_SequoiaHospital,0.24,5.628333333333333
37.75777777775093,-122.42611111106643,257.00780232718404,LVO,ROUTE_CPMCMissionBernalCampusSutter,0.24466880000000002,2.9699999999999998,ROUTE_CPMCMissionBernalCampusSutter,0.24466880000000002,2.9699999999999998,ROUTE_CPMCDaviesCampusSutter,0.24466880000000002,4.930000000000001,ROUTE_CPMCMissionBernalCampusSutter,0.24466880000000002,2.9699999999999998
37.67138888886197,-122.1236111110662,202.96376636581203,LVO,ROUTE_KaiserFoundationHospitalSanLeandro,0.25667648555351086,11.581666666666667,ROUTE_StRoseHospital,0.24466880000000002,9.305,ROUTE_SutterEdenMedicalCenter,0.2566220644094752,11.881666666666666,ROUTE_KaiserFoundationHospitalSanLeandro,0.25667648555351086,11.581666666666667
37.40972222219509,-122.09138888884395,160.4000985310672,LVO,ROUTE_ElCaminoHealthMountainView,0.4032728541380139,12.978333333333333,ROUTE_ElCaminoHealthMountainView,0.4032728541380139,12.978333333333333,ROUTE_ElCaminoHealthMountainView,0.4032728541380139,12.978333333333333,ROUTE_ElCaminoHealthMountainView,0.4032728541380139,12.978333333333333
37.39972222219509,-122.09249999995505,97.90338868210804,LVO,ROUTE_ElCaminoHealthMountainView,0.4272065550409553,12.521666666666667,ROUTE_ElCaminoHealthMountainView,0.4272065550409553,12.521666666666667,ROUTE_ElCaminoHealthMountainView,0.4272065550409553,12.521666666666667,ROUTE_ElCaminoHealthMountainView,0.4272065550409553,12.521666666666667
37.55749999997299,-122.30361111106633,32.55164446129559,LVO,ROUTE_KaiserFoundationHospitalRedwoodCity,0.4528749663825221,13.058333333333334,ROUTE_SanMateoMedicalCenter,0.4055653324602805,9.021666666666667,ROUTE_KaiserFoundationHospitalRedwoodCity,0.4528749663825221,13.058333333333334,ROUTE_KaiserFoundationHospitalRedwoodCity,0.4528749663825221,13.058333333333334
37.6394444444175,-122.06388888884392,192.42259781638828,MIMIC,ROUTE_SutterEdenMedicalCenter,0.9,16.408333333333335,ROUTE_StRoseHospital,0.9,7.88,ROUTE_SutterEdenMedicalCenter,0.9,16.408333333333335,ROUTE_SutterEdenMedicalCenter,0.9,16.408333333333335
37.58194444441745,-122.40305555551086,41.74209452734403,HEMORRHAGIC,ROUTE_MillsPeninsulaMedicalCenterSutter,0.24,5.1,ROUTE_MillsPeninsulaMedicalCenterSutter,0.24,5.1,ROUTE_MillsPeninsulaMedicalCenterSutter,0.24,5.1,ROUTE_MillsPeninsulaMedicalCenterSutter,0.24,5.1
37.589166666639684,-122.06888888884393,79.7918042480539,HEMORRHAGIC,ROUTE_SutterEdenMedicalCenter,0.24,21.40666666666667,ROUTE_StRoseHospital,0.24,12.245000000000001,ROUTE_SutterEdenMedicalCenter,0.24,21.40666666666667,ROUTE_WashingtonHospitalHealthcareSystem,0.24,17.71333333333333
37.40055555552842,-122.012499999955,159.4986111679406,HEMORRHAGIC,ROUTE_KaiserFoundationHospitalSantaClara,0.24,14.08,ROUTE_KaiserFoundationHospitalSantaClara,0.24,14.08,ROUTE_KaiserFoundationHospitalSantaClara,0.24,14.08,ROUTE_KaiserFoundationHospitalSantaClara,0.24,14.08
37.71666666663978,-122.45111111106645,148.5472325134453,LVO,ROUTE_CPMCDaviesCampusSutter,0.4076246455539473,13.336666666666668,ROUTE_CPMCMissionBernalCampusSutter,0.2721774013510416,7.0649999999999995,ROUTE_CPMCDaviesCampusSutter,0.4076246455539473,13.336666666666668,ROUTE_CPMCMissionBernalCampusSutter,0.2721774013510416,7.0649999999999995
37.38638888886174,-122.02277777773278,203.78271737646088,HEMORRHAGIC,ROUTE_KaiserFoundationHospitalSantaClara,0.24,13.313333333333333,ROUTE_KaiserFoundationHospitalSantaClara,0.24,13.313333333333333,ROUTE_KaiserFoundationHospitalSantaClara,0.24,13.313333333333333,ROUTE_KaiserFoundationHospitalSantaClara,0.24,13.313333333333333
37.79999999997318,-122.2763888888441,191.72976244874,HEMORRHAGIC,ROUTE_HighlandHospitalWilmaChanCampus,0.24,8.076666666666666,ROUTE_HighlandHospitalWilmaChanCampus,0.24,8.076666666666666,ROUTE_SutterEdenMedicalCenter,0.24,21.978333333333335,ROUTE_HighlandHospitalWilmaChanCampus,0.24,8.076666666666666
37.813611111084306,-122.27361111106632,235.22288688990417,MIMIC,ROUTE_AltaBatesSummitMedicalCenterSummitCampus,0.9,4.931666666666667,ROUTE_AltaBatesSummitMedicalCenterSummitCampus,0.9,4.931666666666667,ROUTE_SutterEdenMedicalCenter,0.9,22.066666666666666,ROUTE_AltaBatesSummitMedicalCenterSummitCampus,0.9,4.931666666666667
38.248333333306874,-121.99499999995498,190.00138802539846,LVO,ROUTE_NorthBayMedicalCenter,0.25994638228737155,12.226666666666667,ROUTE_NorthBayMedicalCenter,0.25994638228737155,12.226666666666667,ROUTE_JohnMuirMedicalCenterWalnutCreekCampus,0.25395654561059167,45.19833333333334,ROUTE_NorthBayMedicalCenter,0.25994638228737155,12.226666666666667
37.767777777750936,-121.94499999995494,71.77945166266352,MIMIC,ROUTE_JohnMuirMedicalCenterWalnutCreekCampus,0.9,26.695,ROUTE_SanRamonRegionalMedicalCenter,0.9,8.578333333333335,ROUTE_JohnMuirMedicalCenterWalnutCreekCampus,0.9,26.695,ROUTE_SanRamonRegionalMedicalCenter,0.9,8.578333333333335
37.41777777775066,-122.12055555551063,54.23256901469155,LVO,ROUTE_StanfordHealthCare,0.4438180881077307,14.475,ROUTE_StanfordHealthCare,0.4438180881077307,14.475,ROUTE_StanfordHealthCare,0.4438180881077307,14.475,ROUTE_StanfordHealthCare,0.4438180881077307,14.475
37.71666666663978,-122.431666666622,189.95681315147476,LVO,ROUTE_CPMCDaviesCampusSutter,0.2593336850045271,15.616666666666667,ROUTE_CPMCMissionBernalCampusSutter,0.26049017341403335,9.346666666666666,ROUTE_CPMCDaviesCampusSutter,0.2593336850045271,15.616666666666667,ROUTE_CPMCMissionBernalCampusSutter,0.26049017341403335,9.346666666666666
37.529444444417415,-122.31749999995523,264.39630305031517,NLVO,ROUTE_SanMateoMedicalCenter,0.4622,4.881666666666666,ROUTE_SanMateoMedicalCenter,0.4622,4.881666666666666,ROUTE_KaiserFoundationHospitalRedwoodCity,0.4622,16.555,ROUTE_KaiserFoundationHospitalRedwoodCity,0.4622,16.555
37.59555555552858,-122.4972222221776,206.30807578843962,LVO,ROUTE_AHMCSetonMedicalCenter,0.2550428741961016,15.846666666666666,ROUTE_AHMCSetonMedicalCenter,0.2550428741961016,15.846666666666666,ROUTE_MillsPeninsulaMedicalCenterSutter,0.2536690652249043,23.511666666666667,ROUTE_AHMCSetonMedicalCenter,0.2550428741961016,15.846666666666666
37.83472222219543,-122.27472222217743,206.66560815082866,LVO,ROUTE_KaiserFoundationHospitalOaklandRichmond,0.2568437733196274,5.371666666666667,ROUTE_KaiserFoundationHospitalOaklandRichmond,0.2568437733196274,5.371666666666667,ROUTE_SutterEdenMedicalCenter,0.25356806063525283,23.566666666666666,ROUTE_KaiserFoundationHospitalOaklandRichmond,0.2568437733196274,5.371666666666667
37.87944444441769,-122.26194444439963,253.13735824756657,LVO,ROUTE_AltaBatesSummitMedicalCenterAltaBatesCampus,0.24466880000000002,8.0,ROUTE_AltaBatesSummitMedicalCenterAltaBatesCampus,0.24466880000000002,8.0,ROUTE_SutterEdenMedicalCenter,0.24466880000000002,29.951666666666664,ROUTE_KaiserFoundationHospitalOaklandRichmond,0.24466880000000002,17.01
37.39638888886175,-122.09944444439951,122.50503704147626,HEMORRHAGIC,ROUTE_ElCaminoHealthMountainView,0.24,12.191666666666666,ROUTE_ElCaminoHealthMountainView,0.24,12.191666666666666,ROUTE_ElCaminoHealthMountainView,0.24,12.191666666666666,ROUTE_ElCaminoHealthMountainView,0.24,12.191666666666666
37.8919444444177,-122.12472222217731,108.09691440382365,HEMORRHAGIC,ROUTE_JohnMuirMedicalCenterWalnutCreekCampus,0.24,12.496666666666666,ROUTE_KaiserFoundationHospitalWalnutCreek,0.24,10.226666666666667,ROUTE_JohnMuirMedicalCenterWalnutCreekCampus,0.24,12.496666666666666,ROUTE_KaiserFoundationHospitalWalnutCreek,0.24,10.226666666666667
37.753055555528704,-122.42583333328865,45.578647952718654,HEMORRHAGIC,ROUTE_CPMCDaviesCampusSutter,0.24,5.793333333333334,ROUTE_CPMCMissionBernalCampusSutter,0.24,2.3033333333333332,ROUTE_CPMCDaviesCampusSutter,0.24,5.793333333333334,ROUTE_CPMCMissionBernalCampusSutter,0.24,2.3033333333333332
37.9424999999733,-121.93222222217715,97.04742706408099,LVO,ROUTE_JohnMuirMedicalCenterWalnutCreekCampus,0.42679765423928456,15.25,ROUTE_JohnMuirMedicalCenterWalnutCreekCampus,0.42679765423928456,15.25,ROUTE_JohnMuirMedicalCenterWalnutCreekCampus,0.42679765423928456,15.25,ROUTE_JohnMuirMedicalCenterWalnutCreekCampus,0.42679765423928456,15.25
37.555833333306325,-122.03972222217723,148.26001273686597,LVO,ROUTE_SutterEdenMedicalCenter,0.404795926809035,24.506666666666668,ROUTE_StRoseHospital,0.24466880000000002,15.345,ROUTE_SutterEdenMedicalCenter,0.404795926809035,24.506666666666668,ROUTE_WashingtonHospitalHealthcareSystem,0.2703611425854746,16.805
37.692499999973094,-121.92249999995492,63.60753480995258,MIMIC,ROUTE_SutterEdenMedicalCenter,0.9,17.205,ROUTE_StanfordHealthCareTriValley,0.9,9.068333333333333,ROUTE_SutterEdenMedicalCenter,0.9,17.205,ROUTE_StanfordHealthCareTriValley,0.9,9.068333333333333
37.702222222195324,-122.11999999995508,237.66446630617088,LVO,ROUTE_SanLeandroHospitalAlamedaHealthSystem,0.24466880000000002,6.076666666666667,ROUTE_SanLeandroHospitalAlamedaHealthSystem,0.24466880000000002,6.076666666666667,ROUTE_SutterEdenMedicalCenter,0.24466880000000002,7.808333333333334,ROUTE_SutterEdenMedicalCenter,0.24466880000000002,7.808333333333334
37.68249999997309,-121.78722222217704,236.12518718564286,HEMORRHAGIC,ROUTE_StanfordHealthCareTriValley,0.24,15.610000000000001,ROUTE_StanfordHealthCareTriValley,0.24,15.610000000000001,ROUTE_SutterEdenMedicalCenter,0.24,27.006666666666668,ROUTE_StanfordHealthCareTriValley,0.24,15.610000000000001
37.95027777775108,-121.93083333328826,67.56678017288185,HEMORRHAGIC,ROUTE_JohnMuirMedicalCenterWalnutCreekCampus,0.24,17.383333333333333,ROUTE_JohnMuirMedicalCenterWalnutCreekCampus,0.24,17.383333333333333,ROUTE_JohnMuirMedicalCenterWalnutCreekCampus,0.24,17.383333333333333,ROUTE_JohnMuirMedicalCenterWalnutCreekCampus,0.24,17.383333333333333
37.751111111084256,-122.1574999999551,62.16904110600701,HEMORRHAGIC,ROUTE_SutterEdenMedicalCenter,0.24,11.576666666666666,ROUTE_SanLeandroHospitalAlamedaHealthSystem,0.24,9.393333333333334,ROUTE_SutterEdenMedicalCenter,0.24,11.576666666666666,ROUTE_HighlandHospitalWilmaChanCampus,0.24,10.196666666666665
37.42361111108399,-122.12833333328842,61.148470930168735,MIMIC,ROUTE_StanfordHealthCare,0.9,12.205,ROUTE_StanfordHealthCare,0.9,12.205,ROUTE_StanfordHealthCare,0.9,12.205,ROUTE_StanfordHealthCare,0.9,12.205
37.81805555552875,-122.22305555551071,143.24513423381705,LVO,ROUTE_SutterEdenMedicalCenter,0.4074598158833509,21.53666666666667,ROUTE_KaiserFoundationHospitalOaklandRichmond,0.27334991612102,8.656666666666666,ROUTE_SutterEdenMedicalCenter,0.4074598158833509,21.53666666666667,ROUTE_KaiserFoundationHospitalOaklandRichmond,0.27334991612102,8.656666666666666
37.54166666663964,-121.96583333328829,48.009634179479484,HEMORRHAGIC,ROUTE_RegionalMedicalCenterOfSanJose,0.24,24.136666666666667,ROUTE_KaiserFoundationHospitalFremont,0.24,4.191666666666666,ROUTE_RegionalMedicalCenterOfSanJose,0.24,24.136666666666667,ROUTE_KaiserFoundationHospitalFremont,0.24,4.191666666666666
37.77277777775094,-122.4947222221776,226.31951766708835,LVO,ROUTE_UCSFHealthStanyanHospital,0.24466880000000002,8.636666666666667,ROUTE_UCSFHealthStanyanHospital,0.24466880000000002,8.636666666666667,ROUTE_UCSFMedicalCenter,0.24466880000000002,8.775,ROUTE_UCSFHealthStanyanHospital,0.24466880000000002,8.636666666666667
37.6444444444175,-122.09861111106618,180.93653002973707,HEMORRHAGIC,ROUTE_SutterEdenMedicalCenter,0.24,15.023333333333333,ROUTE_StRoseHospital,0.24,4.553333333333333,ROUTE_SutterEdenMedicalCenter,0.24,15.023333333333333,ROUTE_KaiserFoundationHospitalSanLeandro,0.24,13.33
37.99472222219556,-122.24249999995517,132.8751105095638,NLVO,ROUTE_JohnMuirMedicalCenterWalnutCreekCampus,0.5324748302160708,31.126666666666665,ROUTE_ContraCostaRegionalMedicalCenter,0.4622,18.078333333333333,ROUTE_JohnMuirMedicalCenterWalnutCreekCampus,0.5324748302160708,31.126666666666665,ROUTE_KaiserFoundationHospitalRichmondCampus,0.535889197278905,21.740000000000002
37.77722222219539,-122.28166666662187,150.47341447329566,LVO,ROUTE_SutterEdenMedicalCenter,0.4034196230601762,26.598333333333336,ROUTE_AlamedaHospital,0.27140694076580096,8.261666666666667,ROUTE_SutterEdenMedicalCenter,0.4034196230601762,26.598333333333336,ROUTE_AlamedaHospital,0.27140694076580096,8.261666666666667
37.78527777775095,-122.41472222217753,121.01946418891377,HEMORRHAGIC,ROUTE_CPMCDaviesCampusSutter,0.24,9.171666666666665,ROUTE_UCSFHealthHydeHospital,0.24,1.8633333333333333,ROUTE_CPMCDaviesCampusSutter,0.24,9.171666666666665,ROUTE_UCSFHealthHydeHospital,0.24,1.8633333333333333
37.95916666663998,-121.73638888884366,205.3983766516388,HEMORRHAGIC,ROUTE_KaiserFoundationHospitalAntioch,0.24,9.71,ROUTE_KaiserFoundationHospitalAntioch,0.24,9.71,ROUTE_JohnMuirMedicalCenterWalnutCreekCampus,0.24,34.184999999999995,ROUTE_KaiserFoundationHospitalAntioch,0.24,9.71
37.75888888886204,-122.48194444439982,37.64636381948534,LVO,ROUTE_UCSFMedicalCenter,0.4528407966605644,5.901666666666667,ROUTE_UCSFMedicalCenter,0.4528407966605644,5.901666666666667,ROUTE_UCSFMedicalCenter,0.4528407966605644,5.901666666666667,ROUTE_UCSFMedicalCenter,0.4528407966605644,5.901666666666667
37.92444444441773,-122.35027777773304,151.70652586268068,HEMORRHAGIC,ROUTE_CPMCDaviesCampusSutter,0.24,32.26833333333333,ROUTE_KaiserFoundationHospitalRichmondCampus,0.24,5.401666666666667,ROUTE_CPMCDaviesCampusSutter,0.24,32.26833333333333,ROUTE_KaiserFoundationHospitalRichmondCampus,0.24,5.401666666666667
37.79999999997318,-122.40777777773309,269.94404657359667,HEMORRHAGIC,ROUTE_ChineseHospital,0.24,2.4716666666666667,ROUTE_ChineseHospital,0.24,2.4716666666666667,ROUTE_CPMCDaviesCampusSutter,0.24,12.596666666666666,ROUTE_ChineseHospital,0.24,2.4716666666666667
37.706388888861994,-122.18194444439958,56.6415692255969,LVO,ROUTE_SutterEdenMedicalCenter,0.4431183764041311,13.551666666666668,ROUTE_KaiserFoundationHospitalSanLeandro,0.4299745993848172,5.371666666666667,ROUTE_SutterEdenMedicalCenter,0.4431183764041311,13.551666666666668,ROUTE_KaiserFoundationHospitalSanLeandro,0.4299745993848172,5.371666666666667
37.885833333306586,-122.06999999995504,169.12319016384703,LVO,ROUTE_JohnMuirMedicalCenterWalnutCreekCampus,0.4003407948422506,11.753333333333334,ROUTE_KaiserFoundationHospitalWalnutCreek,0.26626177573578413,8.345,ROUTE_JohnMuirMedicalCenterWalnutCreekCampus,0.4003407948422506,11.753333333333334,ROUTE_KaiserFoundationHospitalWalnutCreek,0.26626177573578413,8.345
38.013611111084465,-122.28166666662187,68.18236459862136,LVO,ROUTE_JohnMuirMedicalCenterWalnutCreekCampus,0.4340238079594543,30.009999999999998,ROUTE_ContraCostaRegionalMedicalCenter,0.2558963431450833,16.96333333333333,ROUTE_JohnMuirMedicalCenterWalnutCreekCampus,0.4340238079594543,30.009999999999998,ROUTE_KaiserFoundationHospitalRichmondCampus,0.2934059312059413,17.983333333333334
38.014999999973355,-122.12388888884396,267.39019621353475,LVO,ROUTE_ContraCostaRegionalMedicalCenter,0.24466880000000002,2.145,ROUTE_ContraCostaRegionalMedicalCenter,0.24466880000000002,2.145,ROUTE_JohnMuirMedicalCenterWalnutCreekCampus,0.24466880000000002,20.275,ROUTE_JohnMuirMedicalCenterConcordCampus,0.24466880000000002,13.879999999999999
37.76249999997315,-122.44333333328868,93.5089111736542,HEMORRHAGIC,ROUTE_UCSFMedicalCenter,0.24,3.743333333333333,ROUTE_UCSFMedicalCenter,0.24,3.743333333333333,ROUTE_UCSFMedicalCenter,0.24,3.743333333333333,ROUTE_UCSFMedicalCenter,0.24,3.743333333333333
37.99249999997334,-122.52972222217763,186.90266236169302,HEMORRHAGIC,ROUTE_KaiserFoundationHospitalSanRafael,0.24,11.691666666666666,ROUTE_KaiserFoundationHospitalSanRafael,0.24,11.691666666666666,ROUTE_UCSFMedicalCenter,0.24,42.266666666666666,ROUTE_KaiserFoundationHospitalSanRafael,0.24,11.691666666666666
37.78888888886206,-122.41861111106643,216.03383353231675,LVO,ROUTE_UCSFHealthHydeHospital,0.25534221100973414,0.29,ROUTE_UCSFHealthHydeHospital,0.25534221100973414,0.29,ROUTE_CPMCDaviesCampusSutter,0.2537153927606344,9.358333333333333,ROUTE_UCSFHealthHydeHospital,0.25534221100973414,0.29
37.548055555528535,-121.95027777773272,126.6259464676138,MIMIC,ROUTE_RegionalMedicalCenterOfSanJose,0.9,23.80666666666667,ROUTE_KaiserFoundationHospitalFremont,0.9,7.75,ROUTE_RegionalMedicalCenterOfSanJose,0.9,23.80666666666667,ROUTE_KaiserFoundationHospitalFremont,0.9,7.75
37.795555555528736,-122.17972222217735,263.56842065430686,HEMORRHAGIC,ROUTE_HighlandHospitalWilmaChanCampus,0.24,8.643333333333334,ROUTE_HighlandHospitalWilmaChanCampus,0.24,8.643333333333334,ROUTE_SutterEdenMedicalCenter,0.24,16.098333333333333,ROUTE_HighlandHospitalWilmaChanCampus,0.24,8.643333333333334
37.68888888886198,-121.7913888888437,122.1099944134517,HEMORRHAGIC,ROUTE_SutterEdenMedicalCenter,0.24,25.801666666666666,ROUTE_StanfordHealthCareTriValley,0.24,14.403333333333334,ROUTE_SutterEdenMedicalCenter,0.24,25.801666666666666,ROUTE_StanfordHealthCareTriValley,0.24,14.403333333333334
37.77916666663983,-122.41333333328865,246.39146939131615,HEMORRHAGIC,ROUTE_UCSFHealthHydeHospital,0.24,4.526666666666667,ROUTE_UCSFHealthHydeHospital,0.24,4.526666666666667,ROUTE_CPMCDaviesCampusSutter,0.24,9.635,ROUTE_UCSFHealthHydeHospital,0.24,4.526666666666667
37.7227777777509,-122.18333333328846,57.21104744551286,LVO,ROUTE_SutterEdenMedicalCenter,0.4427018151663221,14.238333333333333,ROUTE_KaiserFoundationHospitalSanLeandro,0.42891541037764724,8.361666666666666,ROUTE_SutterEdenMedicalCenter,0.4427018151663221,14.238333333333333,ROUTE_KaiserFoundationHospitalSanLeandro,0.42891541037764724,8.361666666666666
38.23805555552909,-122.59277777773323,60.74456834567162,LVO,ROUTE_UCSFMedicalCenter,0.4279316076206626,62.93833333333334,ROUTE_PetalumaValleyHospitalProvidence,0.29743402418702125,9.856666666666666,ROUTE_UCSFMedicalCenter,0.4279316076206626,62.93833333333334,ROUTE_PetalumaValleyHospitalProvidence,0.29743402418702125,9.856666666666666
37.780277777750946,-122.42555555551088,208.0388486181102,LVO,ROUTE_CPMCVanNessCampusSutter,0.25699543862004,2.575,ROUTE_CPMCVanNessCampusSutter,0.25699543862004,2.575,ROUTE_CPMCDaviesCampusSutter,0.25632813261336296,6.253333333333333,ROUTE_CPMCVanNessCampusSutter,0.25699543862004,2.575
38.0144444444178,-121.87333333328822,81.97228526835625,HEMORRHAGIC,ROUTE_JohnMuirMedicalCenterWalnutCreekCampus,0.24,24.766666666666666,ROUTE_SutterDeltaMedicalCenter,0.24,11.423333333333334,ROUTE_JohnMuirMedicalCenterWalnutCreekCampus,0.24,24.766666666666666,ROUTE_JohnMuirMedicalCenterConcordCampus,0.24,15.004999999999999
37.73944444441758,-122.15694444439956,101.66468299381702,LVO,ROUTE_SutterEdenMedicalCenter,0.42535261006057845,13.981666666666666,ROUTE_SanLeandroHospitalAlamedaHealthSystem,0.24466880000000002,10.103333333333333,ROUTE_SutterEdenMedicalCenter,0.42535261006057845,13.981666666666666,ROUTE_HighlandHospitalWilmaChanCampus,0.28472885085503025,11.535
37.672499999973084,-122.1097222221773,257.7526348671041,LVO,ROUTE_StRoseHospital,0.24466880000000002,7.645,ROUTE_StRoseHospital,0.24466880000000002,7.645,ROUTE_SutterEdenMedicalCenter,0.24466880000000002,11.181666666666667,ROUTE_KaiserFoundationHospitalSanLeandro,0.24466880000000002,10.798333333333334
37.88777777775103,-122.29499999995522,176.5867683525809,HEMORRHAGIC,ROUTE_CPMCDaviesCampusSutter,0.24,30.918333333333333,ROUTE_KaiserFoundationHospitalRichmondCampus,0.24,13.685,ROUTE_CPMCDaviesCampusSutter,0.24,30.918333333333333,ROUTE_KaiserFoundationHospitalRichmondCampus,0.24,13.685
37.49999999997294,-121.9227777777327,54.23548644688673,NLVO,ROUTE_RegionalMedicalCenterOfSanJose,0.578251847161248,16.616666666666667,ROUTE_KaiserFoundationHospitalFremont,0.5787168946671813,15.316666666666666,ROUTE_RegionalMedicalCenterOfSanJose,0.578251847161248,16.616666666666667,ROUTE_KaiserFoundationHospitalFremont,0.5787168946671813,15.316666666666666
37.45805555552847,-121.90555555551046,151.1427565730022,HEMORRHAGIC,ROUTE_RegionalMedicalCenterOfSanJose,0.24,15.073333333333332,ROUTE_RegionalMedicalCenterOfSanJose,0.24,15.073333333333332,ROUTE_RegionalMedicalCenterOfSanJose,0.24,15.073333333333332,ROUTE_RegionalMedicalCenterOfSanJose,0.24,15.073333333333332
37.776111111084276,-122.43861111106645,68.59026976829298,HEMORRHAGIC,ROUTE_CPMCDaviesCampusSutter,0.24,3.1933333333333334,ROUTE_CPMCDaviesCampusSutter,0.24,3.1933333333333334,ROUTE_CPMCDaviesCampusSutter,0.24,3.1933333333333334,ROUTE_CPMCDaviesCampusSutter,0.24,3.1933333333333334
37.767777777750936,-122.41805555551088,175.0273230026492,MIMIC,ROUTE_CPMCDaviesCampusSutter,0.9,5.803333333333333,ROUTE_ZuckerbergSanFranciscoGeneralHospital,0.9,5.056666666666667,ROUTE_CPMCDaviesCampusSutter,0.9,5.803333333333333,ROUTE_ZuckerbergSanFranciscoGeneralHospital,0.9,5.056666666666667
37.507777777750725,-122.4708333332887,46.02533545747609,LVO,ROUTE_MillsPeninsulaMedicalCenterSutter,0.44065953748527575,37.585,ROUTE_AHMCSetonMedicalCenter,0.4250298858769893,37.06333333333334,ROUTE_MillsPeninsulaMedicalCenterSutter,0.44065953748527575,37.585,ROUTE_AHMCSetonMedicalCenter,0.4250298858769893,37.06333333333334
37.889999999973256,-122.30555555551078,122.18077871010003,LVO,ROUTE_CPMCDaviesCampusSutter,0.41346482103289095,28.946666666666665,ROUTE_KaiserFoundationHospitalRichmondCampus,0.2787245445646718,11.713333333333333,ROUTE_CPMCDaviesCampusSutter,0.41346482103289095,28.946666666666665,ROUTE_KaiserFoundationHospitalRichmondCampus,0.2787245445646718,11.713333333333333
37.7833333333065,-122.41916666662199,88.99959398652418,HEMORRHAGIC,ROUTE_CPMCDaviesCampusSutter,0.24,7.088333333333334,ROUTE_CPMCVanNessCampusSutter,0.24,1.7883333333333333,ROUTE_CPMCDaviesCampusSutter,0.24,7.088333333333334,ROUTE_CPMCVanNessCampusSutter,0.24,1.7883333333333333
37.659166666639734,-122.40944444439975,254.57410368007652,HEMORRHAGIC,ROUTE_KaiserFoundationHospitalSouthSanFrancisco,0.24,7.951666666666667,ROUTE_KaiserFoundationHospitalSouthSanFrancisco,0.24,7.951666666666667,ROUTE_MillsPeninsulaMedicalCenterSutter,0.24,11.345,ROUTE_KaiserFoundationHospitalSouthSanFrancisco,0.24,7.951666666666667
38.2505555555291,-122.61222222217769,226.55565902097732,HEMORRHAGIC,ROUTE_PetalumaValleyHospitalProvidence,0.24,5.651666666666667,ROUTE_PetalumaValleyHospitalProvidence,0.24,5.651666666666667,ROUTE_UCSFMedicalCenter,0.24,61.906666666666666,ROUTE_PetalumaValleyHospitalProvidence,0.24,5.651666666666667
37.65694444441751,-122.41972222217754,202.21192200189415,LVO,ROUTE_KaiserFoundationHospitalSouthSanFrancisco,0.2579702882893183,5.548333333333333,ROUTE_KaiserFoundationHospitalSouthSanFrancisco,0.2579702882893183,5.548333333333333,ROUTE_MillsPeninsulaMedicalCenterSutter,0.2568212110510205,11.858333333333333,ROUTE_KaiserFoundationHospitalSouthSanFrancisco,0.2579702882893183,5.548333333333333
38.1647222221957,-122.13805555551065,192.07354662992162,NLVO,ROUTE_NorthBayMedicalCenter,0.5063035100232646,18.116666666666667,ROUTE_NorthBayMedicalCenter,0.5063035100232646,18.116666666666667,ROUTE_JohnMuirMedicalCenterWalnutCreekCampus,0.5006243476778405,33.555,ROUTE_NorthBayMedicalCenter,0.5063035100232646,18.116666666666667
37.92777777775106,-122.39305555551086,70.1306781852185,HEMORRHAGIC,ROUTE_CPMCDaviesCampusSutter,0.24,35.70333333333333,ROUTE_KaiserFoundationHospitalRichmondCampus,0.24,8.176666666666668,ROUTE_CPMCDaviesCampusSutter,0.24,35.70333333333333,ROUTE_KaiserFoundationHospitalRichmondCampus,0.24,8.176666666666668
37.53944444441742,-122.31916666662191,147.6448465772928,MIMIC,ROUTE_KaiserFoundationHospitalRedwoodCity,0.9,17.098333333333336,ROUTE_SanMateoMedicalCenter,0.9,5.9399999999999995,ROUTE_KaiserFoundationHospitalRedwoodCity,0.9,17.098333333333336,ROUTE_KaiserFoundationHospitalRedwoodCity,0.9,17.098333333333336
37.650833333306394,-122.08138888884393,223.40693860992383,MIMIC,ROUTE_StRoseHospital,0.9,7.708333333333333,ROUTE_StRoseHospital,0.9,7.708333333333333,ROUTE_SutterEdenMedicalCenter,0.9,16.101666666666667,ROUTE_KaiserFoundationHospitalSanLeandro,0.9,14.408333333333333
37.99499999997334,-122.28277777773299,146.07193960395563,LVO,ROUTE_JohnMuirMedicalCenterWalnutCreekCampus,0.4042294600038895,29.793333333333333,ROUTE_KaiserFoundationHospitalRichmondCampus,0.27139093312192775,14.631666666666666,ROUTE_JohnMuirMedicalCenterWalnutCreekCampus,0.4042294600038895,29.793333333333333,ROUTE_KaiserFoundationHospitalRichmondCampus,0.27139093312192775,14.631666666666666
37.764999999973156,-121.88833333328823,135.2475591700496,HEMORRHAGIC,ROUTE_SutterEdenMedicalCenter,0.24,25.561666666666667,ROUTE_SanRamonRegionalMedicalCenter,0.24,12.163333333333332,ROUTE_SutterEdenMedicalCenter,0.24,25.561666666666667,ROUTE_SanRamonRegionalMedicalCenter,0.24,12.163333333333332
37.87666666663991,-122.25888888884408,261.4503392152363,LVO,ROUTE_AltaBatesSummitMedicalCenterAltaBatesCampus,0.24466880000000002,7.126666666666667,ROUTE_AltaBatesSummitMedicalCenterAltaBatesCampus,0.24466880000000002,7.126666666666667,ROUTE_SutterEdenMedicalCenter,0.24466880000000002,29.078333333333333,ROUTE_AltaBatesSummitMedicalCenterSummitCampus,0.24466880000000002,16.28666666666667
37.75694444441759,-122.18111111106624,200.29849261347726,LVO,ROUTE_KaiserFoundationHospitalSanLeandro,0.2570928672741106,13.096666666666666,ROUTE_KaiserFoundationHospitalSanLeandro,0.2570928672741106,13.096666666666666,ROUTE_SutterEdenMedicalCenter,0.2564536136693666,16.618333333333332,ROUTE_KaiserFoundationHospitalSanLeandro,0.2570928672741106,13.096666666666666
38.24777777775132,-122.06333333328837,211.50668547156286,NLVO,ROUTE_NorthBayMedicalCenter,0.5001548173273769,7.068333333333333,ROUTE_NorthBayMedicalCenter,0.5001548173273769,7.068333333333333,ROUTE_JohnMuirMedicalCenterWalnutCreekCampus,0.4622,38.913333333333334,ROUTE_NorthBayMedicalCenter,0.5001548173273769,7.068333333333333
38.28777777775135,-122.0755555555106,127.82535607506266,HEMORRHAGIC,ROUTE_JohnMuirMedicalCenterWalnutCreekCampus,0.24,46.67333333333333,ROUTE_NorthBayMedicalCenter,0.24,15.139999999999999,ROUTE_JohnMuirMedicalCenterWalnutCreekCampus,0.24,46.67333333333333,ROUTE_NorthBayMedicalCenter,0.24,15.139999999999999
38.01472222219558,-121.93583333328827,116.8176237149339,HEMORRHAGIC,ROUTE_JohnMuirMedicalCenterWalnutCreekCampus,0.24,21.923333333333336,ROUTE_JohnMuirMedicalCenterConcordCampus,0.24,12.163333333333332,ROUTE_JohnMuirMedicalCenterWalnutCreekCampus,0.24,21.923333333333336,ROUTE_JohnMuirMedicalCenterConcordCampus,0.24,12.163333333333332
37.764166666639824,-122.41972222217754,230.9000094463874,HEMORRHAGIC,ROUTE_ZuckerbergSanFranciscoGeneralHospital,0.24,4.88,ROUTE_ZuckerbergSanFranciscoGeneralHospital,0.24,4.88,ROUTE_CPMCDaviesCampusSutter,0.24,5.785,ROUTE_ZuckerbergSanFranciscoGeneralHospital,0.24,4.88
38.4563888888626,-121.82999999995485,92.06783609562407,HEMORRHAGIC,ROUTE_JohnMuirMedicalCenterWalnutCreekCampus,0.24,58.95666666666667,ROUTE_KaiserFoundationHospitalVacaville,0.24,12.026666666666667,ROUTE_JohnMuirMedicalCenterWalnutCreekCampus,0.24,58.95666666666667,ROUTE_KaiserFoundationHospitalVacaville,0.24,12.026666666666667
37.748055555528694,-122.47749999995537,267.8529550938764,HEMORRHAGIC,ROUTE_UCSFMedicalCenter,0.24,6.636666666666667,ROUTE_UCSFMedicalCenter,0.24,6.636666666666667,ROUTE_UCSFMedicalCenter,0.24,6.636666666666667,ROUTE_UCSFMedicalCenter,0.24,6.636666666666667
38.26861111108467,-122.01305555551055,189.394856364002,LVO,ROUTE_NorthBayMedicalCenter,0.2605101147358527,10.041666666666666,ROUTE_NorthBayMedicalCenter,0.2605101147358527,10.041666666666666,ROUTE_JohnMuirMedicalCenterWalnutCreekCampus,0.253791146282195,46.99,ROUTE_NorthBayMedicalCenter,0.2605101147358527,10.041666666666666
37.76388888886204,-122.48666666662204,248.61284664820937,LVO,ROUTE_UCSFMedicalCenter,0.24466880000000002,6.34,ROUTE_UCSFMedicalCenter,0.24466880000000002,6.34,ROUTE_UCSFMedicalCenter,0.24466880000000002,6.34,ROUTE_UCSFMedicalCenter,0.24466880000000002,6.34
37.93833333330663,-122.32277777773302,184.27559721119738,NLVO,ROUTE_KaiserFoundationHospitalRichmondCampus,0.5138968269352533,8.565,ROUTE_KaiserFoundationHospitalRichmondCampus,0.5138968269352533,8.565,ROUTE_CPMCDaviesCampusSutter,0.5052577964049191,32.10166666666667,ROUTE_KaiserFoundationHospitalRichmondCampus,0.5138968269352533,8.565
37.795555555528736,-122.42944444439978,244.32878059157122,LVO,ROUTE_UCSFHealthHydeHospital,0.24466880000000002,3.65,ROUTE_UCSFHealthHydeHospital,0.24466880000000002,3.65,ROUTE_CPMCDaviesCampusSutter,0.24466880000000002,9.514999999999999,ROUTE_UCSFHealthHydeHospital,0.24466880000000002,3.65
37.84388888886211,-122.2372222221774,256.9382109595068,HEMORRHAGIC,ROUTE_AltaBatesSummitMedicalCenterAltaBatesCampus,0.24,7.858333333333333,ROUTE_AltaBatesSummitMedicalCenterAltaBatesCampus,0.24,7.858333333333333,ROUTE_SutterEdenMedicalCenter,0.24,21.051666666666666,ROUTE_KaiserFoundationHospitalOaklandRichmond,0.24,10.5
37.81805555552875,-122.24944444439963,215.42922338667495,NLVO,ROUTE_KaiserFoundationHospitalOaklandRichmond,0.49910055198176123,4.326666666666667,ROUTE_KaiserFoundationHospitalOaklandRichmond,0.49910055198176123,4.326666666666667,ROUTE_SutterEdenMedicalCenter,0.4622,20.775,ROUTE_KaiserFoundationHospitalOaklandRichmond,0.49910055198176123,4.326666666666667
37.768333333306494,-122.25138888884408,66.65398885788264,LVO,ROUTE_SutterEdenMedicalCenter,0.43705064100073027,21.183333333333334,ROUTE_AlamedaHospital,0.2973098996973539,1.9883333333333333,ROUTE_SutterEdenMedicalCenter,0.43705064100073027,21.183333333333334,ROUTE_AlamedaHospital,0.2973098996973539,1.9883333333333333
37.93249999997329,-122.0627777777328,166.9324512995544,HEMORRHAGIC,ROUTE_JohnMuirMedicalCenterWalnutCreekCampus,0.24,8.998333333333333,ROUTE_JohnMuirMedicalCenterConcordCampus,0.24,8.620000000000001,ROUTE_JohnMuirMedicalCenterWalnutCreekCampus,0.24,8.998333333333333,ROUTE_JohnMuirMedicalCenterConcordCampus,0.24,8.620000000000001
37.710555555528664,-122.44388888884423,54.63589496881487,LVO,ROUTE_CPMCDaviesCampusSutter,0.4431804779103887,16.193333333333335,ROUTE_CPMCMissionBernalCampusSutter,0.43030982468776896,9.923333333333334,ROUTE_CPMCDaviesCampusSutter,0.4431804779103887,16.193333333333335,ROUTE_CPMCMissionBernalCampusSutter,0.43030982468776896,9.923333333333334
37.406388888861756,-122.42305555551087,113.78410852604434,MIMIC,ROUTE_MillsPeninsulaMedicalCenterSutter,0.9,32.38333333333333,ROUTE_SanMateoMedicalCenter,0.9,32.17333333333333,ROUTE_MillsPeninsulaMedicalCenterSutter,0.9,32.38333333333333,ROUTE_MillsPeninsulaMedicalCenterSutter,0.9,32.38333333333333
38.08249999997341,-122.17444444439957,51.66899096071651,LVO,ROUTE_JohnMuirMedicalCenterWalnutCreekCampus,0.44153051191740156,26.378333333333334,ROUTE_SutterSolanoMedicalCenter,0.2990767878636841,15.253333333333334,ROUTE_JohnMuirMedicalCenterWalnutCreekCampus,0.44153051191740156,26.378333333333334,ROUTE_SutterSolanoMedicalCenter,0.2990767878636841,15.253333333333334
37.53611111108408,-122.00749999995499,67.49169690709337,NLVO,ROUTE_SutterEdenMedicalCenter,0.5689290392852543,23.691666666666666,ROUTE_WashingtonHospitalHealthcareSystem,0.5742648656977124,8.815,ROUTE_SutterEdenMedicalCenter,0.5689290392852543,23.691666666666666,ROUTE_WashingtonHospitalHealthcareSystem,0.5742648656977124,8.815
38.06555555552895,-122.53944444439986,65.30218197647724,LVO,ROUTE_UCSFMedicalCenter,0.43132064648398916,43.99666666666667,ROUTE_NovatoCommunityHospitalSutter,0.29654943389222493,7.4399999999999995,ROUTE_UCSFMedicalCenter,0.43132064648398916,43.99666666666667,ROUTE_NovatoCommunityHospitalSutter,0.29654943389222493,7.4399999999999995
37.55527777775077,-121.9708333332883,107.11118208343345,LVO,ROUTE_RegionalMedicalCenterOfSanJose,0.41995452423117363,26.205,ROUTE_KaiserFoundationHospitalFremont,0.28502538150178097,2.316666666666667,ROUTE_RegionalMedicalCenterOfSanJose,0.41995452423117363,26.205,ROUTE_KaiserFoundationHospitalFremont,0.28502538150178097,2.316666666666667
37.677222222195304,-122.0488888888439,228.45816113102754,LVO,ROUTE_SutterEdenMedicalCenter,0.24466880000000002,13.125,ROUTE_SutterEdenMedicalCenter,0.24466880000000002,13.125,ROUTE_SutterEdenMedicalCenter,0.24466880000000002,13.125,ROUTE_SutterEdenMedicalCenter,0.24466880000000002,13.125
37.963611111084425,-122.29499999995522,172.6947818926138,LVO,ROUTE_JohnMuirMedicalCenterWalnutCreekCampus,0.2608564740104172,32.028333333333336,ROUTE_KaiserFoundationHospitalRichmondCampus,0.26395412620476333,15.44,ROUTE_JohnMuirMedicalCenterWalnutCreekCampus,0.2608564740104172,32.028333333333336,ROUTE_KaiserFoundationHospitalRichmondCampus,0.26395412620476333,15.44
38.01388888886224,-121.8041666666215,218.31954613812354,NLVO,ROUTE_SutterDeltaMedicalCenter,0.4622,9.396666666666667,ROUTE_SutterDeltaMedicalCenter,0.4622,9.396666666666667,ROUTE_JohnMuirMedicalCenterWalnutCreekCampus,0.4622,31.44333333333333,ROUTE_KaiserFoundationHospitalAntioch,0.4622,14.913333333333332
37.587777777750794,-122.47388888884426,93.07538590655237,LVO,ROUTE_MillsPeninsulaMedicalCenterSutter,0.4247280420921619,28.558333333333334,ROUTE_AHMCSetonMedicalCenter,0.2853295352002877,20.895,ROUTE_MillsPeninsulaMedicalCenterSutter,0.4247280420921619,28.558333333333334,ROUTE_AHMCSetonMedicalCenter,0.2853295352002877,20.895
37.751111111084256,-122.426666666622,166.17399948479488,LVO,ROUTE_CPMCDaviesCampusSutter,0.40283350923237204,6.41,ROUTE_CPMCMissionBernalCampusSutter,0.268241412758979,2.2,ROUTE_CPMCDaviesCampusSutter,0.40283350923237204,6.41,ROUTE_CPMCMissionBernalCampusSutter,0.268241412758979,2.2
37.48194444441737,-122.22249999995516,139.00679305672386,LVO,ROUTE_KaiserFoundationHospitalRedwoodCity,0.41376227925959486,3.7916666666666665,ROUTE_KaiserFoundationHospitalRedwoodCity,0.41376227925959486,3.7916666666666665,ROUTE_KaiserFoundationHospitalRedwoodCity,0.41376227925959486,3.7916666666666665,ROUTE_KaiserFoundationHospitalRedwoodCity,0.41376227925959486,3.7916666666666665
37.94444444441774,-122.33138888884413,44.82426645773083,HEMORRHAGIC,ROUTE_CPMCDaviesCampusSutter,0.24,32.05166666666666,ROUTE_KaiserFoundationHospitalRichmondCampus,0.24,6.236666666666666,ROUTE_CPMCDaviesCampusSutter,0.24,32.05166666666666,ROUTE_KaiserFoundationHospitalRichmondCampus,0.24,6.236666666666666
37.96999999997332,-122.04388888884391,249.56136515217443,MIMIC,ROUTE_JohnMuirMedicalCenterConcordCampus,0.9,4.988333333333333,ROUTE_JohnMuirMedicalCenterConcordCampus,0.9,4.988333333333333,ROUTE_JohnMuirMedicalCenterWalnutCreekCampus,0.9,12.360000000000001,ROUTE_JohnMuirMedicalCenterConcordCampus,0.9,4.988333333333333
37.584166666639675,-122.38972222217751,221.41486660141598,LVO,ROUTE_MillsPeninsulaMedicalCenterSutter,0.2533836560088093,3.5300000000000002,ROUTE_MillsPeninsulaMedicalCenterSutter,0.2533836560088093,3.5300000000000002,ROUTE_MillsPeninsulaMedicalCenterSutter,0.2533836560088093,3.5300000000000002,ROUTE_MillsPeninsulaMedicalCenterSutter,0.2533836560088093,3.5300000000000002
37.507777777750725,-122.26916666662187,215.71462947067909,LVO,ROUTE_SequoiaHospital,0.25355339487050965,10.721666666666666,ROUTE_SequoiaHospital,0.25355339487050965,10.721666666666666,ROUTE_KaiserFoundationHospitalRedwoodCity,0.2531380311948008,13.051666666666668,ROUTE_SequoiaHospital,0.25355339487050965,10.721666666666666
38.25194444441799,-122.01805555551056,136.8853689919992,HEMORRHAGIC,ROUTE_JohnMuirMedicalCenterWalnutCreekCampus,0.24,44.29833333333333,ROUTE_NorthBayMedicalCenter,0.24,9.631666666666666,ROUTE_JohnMuirMedicalCenterWalnutCreekCampus,0.24,44.29833333333333,ROUTE_NorthBayMedicalCenter,0.24,9.631666666666666
37.82083333330653,-121.9694444443994,179.50589892343305,HEMORRHAGIC,ROUTE_JohnMuirMedicalCenterWalnutCreekCampus,0.24,19.861666666666668,ROUTE_SanRamonRegionalMedicalCenter,0.24,12.94,ROUTE_JohnMuirMedicalCenterWalnutCreekCampus,0.24,19.861666666666668,ROUTE_SanRamonRegionalMedicalCenter,0.24,12.94
37.68194444441753,-121.72222222217698,254.8967079228061,LVO,ROUTE_StanfordHealthCareTriValley,0.24466880000000002,20.55666666666667,ROUTE_StanfordHealthCareTriValley,0.24466880000000002,20.55666666666667,ROUTE_SutterEdenMedicalCenter,0.24466880000000002,31.955,ROUTE_StanfordHealthCareTriValley,0.24466880000000002,20.55666666666667
37.792777777750956,-122.4013888888442,268.17636872060825,MIMIC,ROUTE_ChineseHospital,0.9,2.3233333333333333,ROUTE_ChineseHospital,0.9,2.3233333333333333,ROUTE_CPMCDaviesCampusSutter,0.9,11.401666666666667,ROUTE_ChineseHospital,0.9,2.3233333333333333
37.85222222219545,-122.27749999995521,63.453151286722644,NLVO,ROUTE_JohnMuirMedicalCenterWalnutCreekCampus,0.5699584377007901,26.59333333333333,ROUTE_AltaBatesSummitMedicalCenterAltaBatesCampus,0.5096746210080438,4.835,ROUTE_JohnMuirMedicalCenterWalnutCreekCampus,0.5699584377007901,26.59333333333333,ROUTE_KaiserFoundationHospitalOaklandRichmond,0.5760436171373273,9.618333333333334
37.604444444417474,-122.05138888884392,120.28100433276931,HEMORRHAGIC,ROUTE_SutterEdenMedicalCenter,0.24,18.55666666666667,ROUTE_StRoseHospital,0.24,9.225,ROUTE_SutterEdenMedicalCenter,0.24,18.55666666666667,ROUTE_KaiserFoundationHospitalSanLeandro,0.24,16.863333333333333
37.992777777751115,-122.10555555551062,173.36799064704476,LVO,ROUTE_JohnMuirMedicalCenterWalnutCreekCampus,0.26346768475917226,17.066666666666666,ROUTE_ContraCostaRegionalMedicalCenter,0.24466880000000002,7.553333333333333,ROUTE_JohnMuirMedicalCenterWalnutCreekCampus,0.26346768475917226,17.066666666666666,ROUTE_JohnMuirMedicalCenterConcordCampus,0.2648881923898113,9.525
37.58611111108412,-122.40444444439976,63.42939801381495,HEMORRHAGIC,ROUTE_MillsPeninsulaMedicalCenterSutter,0.24,5.736666666666666,ROUTE_MillsPeninsulaMedicalCenterSutter,0.24,5.736666666666666,ROUTE_MillsPeninsulaMedicalCenterSutter,0.24,5.736666666666666,ROUTE_MillsPeninsulaMedicalCenterSutter,0.24,5.736666666666666
37.7177777777509,-122.08972222217727,121.12455346848401,NLVO,ROUTE_SutterEdenMedicalCenter,0.5469312784645701,8.088333333333333,ROUTE_SutterEdenMedicalCenter,0.5469312784645701,8.088333333333333,ROUTE_SutterEdenMedicalCenter,0.5469312784645701,8.088333333333333,ROUTE_SutterEdenMedicalCenter,0.5469312784645701,8.088333333333333
37.799722222195406,-122.16749999995511,135.07860271689677,LVO,ROUTE_SutterEdenMedicalCenter,0.4108227835621733,20.473333333333336,ROUTE_HighlandHospitalWilmaChanCampus,0.274789813868601,13.018333333333334,ROUTE_SutterEdenMedicalCenter,0.4108227835621733,20.473333333333336,ROUTE_HighlandHospitalWilmaChanCampus,0.274789813868601,13.018333333333334
37.85611111108434,-122.24388888884407,186.95893264054666,HEMORRHAGIC,ROUTE_AltaBatesSummitMedicalCenterSummitCampus,0.24,11.473333333333333,ROUTE_AltaBatesSummitMedicalCenterAltaBatesCampus,0.24,4.236666666666666,ROUTE_SutterEdenMedicalCenter,0.24,23.508333333333333,ROUTE_AltaBatesSummitMedicalCenterSummitCampus,0.24,11.473333333333333
38.34472222219584,-122.26583333328853,203.76613000391998,HEMORRHAGIC,ROUTE_ProvidenceQueenOfTheValleyMedicalCenter,0.24,9.553333333333335,ROUTE_ProvidenceQueenOfTheValleyMedicalCenter,0.24,9.553333333333335,ROUTE_JohnMuirMedicalCenterWalnutCreekCampus,0.24,58.82833333333333,ROUTE_ProvidenceQueenOfTheValleyMedicalCenter,0.24,9.553333333333335
37.596111111084134,-122.00027777773276,256.17798637558275,HEMORRHAGIC,ROUTE_WashingtonHospitalHealthcareSystem,0.24,14.138333333333332,ROUTE_WashingtonHospitalHealthcareSystem,0.24,14.138333333333332,ROUTE_SutterEdenMedicalCenter,0.24,27.621666666666666,ROUTE_WashingtonHospitalHealthcareSystem,0.24,14.138333333333332
38.28249999997357,-122.04583333328836,76.88483458028793,HEMORRHAGIC,ROUTE_JohnMuirMedicalCenterWalnutCreekCampus,0.24,43.56666666666667,ROUTE_NorthBayMedicalCenter,0.24,12.268333333333334,ROUTE_JohnMuirMedicalCenterWalnutCreekCampus,0.24,43.56666666666667,ROUTE_NorthBayMedicalCenter,0.24,12.268333333333334
37.828888888862096,-122.25527777773297,49.899004702947806,LVO,ROUTE_SutterEdenMedicalCenter,0.4433699355983472,22.278333333333332,ROUTE_KaiserFoundationHospitalOaklandRichmond,0.4322971868900945,2.9650000000000003,ROUTE_SutterEdenMedicalCenter,0.4433699355983472,22.278333333333332,ROUTE_KaiserFoundationHospitalOaklandRichmond,0.4322971868900945,2.9650000000000003
37.76111111108426,-121.90722222217713,190.8305814230667,LVO,ROUTE_SanRamonRegionalMedicalCenter,0.2597215237460052,12.261666666666667,ROUTE_SanRamonRegionalMedicalCenter,0.2597215237460052,12.261666666666667,ROUTE_SutterEdenMedicalCenter,0.25740838674689714,24.888333333333332,ROUTE_SanRamonRegionalMedicalCenter,0.2597215237460052,12.261666666666667
37.528055555528525,-122.32666666662192,110.76410779476814,LVO,ROUTE_MillsPeninsulaMedicalCenterSutter,0.4212318525210838,16.238333333333333,ROUTE_SanMateoMedicalCenter,0.24466880000000002,6.331666666666666,ROUTE_MillsPeninsulaMedicalCenterSutter,0.4212318525210838,16.238333333333333,ROUTE_MillsPeninsulaMedicalCenterSutter,0.4212318525210838,16.238333333333333
37.755833333306484,-122.19083333328847,101.14464666476704,LVO,ROUTE_SutterEdenMedicalCenter,0.42478781818479994,16.81,ROUTE_KaiserFoundationHospitalSanLeandro,0.28500583502507515,10.935,ROUTE_SutterEdenMedicalCenter,0.42478781818479994,16.81,ROUTE_KaiserFoundationHospitalSanLeandro,0.28500583502507515,10.935
37.67472222219531,-122.48249999995537,122.83609451944103,LVO,ROUTE_MillsPeninsulaMedicalCenterSutter,0.41646501552186754,16.76,ROUTE_AHMCSetonMedicalCenter,0.2801952617574454,3.4866666666666664,ROUTE_MillsPeninsulaMedicalCenterSutter,0.41646501552186754,16.76,ROUTE_AHMCSetonMedicalCenter,0.2801952617574454,3.4866666666666664
37.95083333330664,-121.72138888884365,33.155687422217085,LVO,ROUTE_JohnMuirMedicalCenterWalnutCreekCampus,0.4456694499946114,37.93333333333333,ROUTE_KaiserFoundationHospitalAntioch,0.433910997365492,11.876666666666667,ROUTE_JohnMuirMedicalCenterWalnutCreekCampus,0.4456694499946114,37.93333333333333,ROUTE_KaiserFoundationHospitalAntioch,0.433910997365492,11.876666666666667
37.6622222221953,-122.46861111106647,179.68401614057657,LVO,ROUTE_MillsPeninsulaMedicalCenterSutter,0.2624033893396968,13.728333333333333,ROUTE_AHMCSetonMedicalCenter,0.26384447087788604,6.038333333333333,ROUTE_MillsPeninsulaMedicalCenterSutter,0.2624033893396968,13.728333333333333,ROUTE_AHMCSetonMedicalCenter,0.26384447087788604,6.038333333333333
37.72833333330646,-122.4352777777331,192.2312789980386,HEMORRHAGIC,ROUTE_CPMCDaviesCampusSutter,0.24,11.816666666666666,ROUTE_CPMCMissionBernalCampusSutter,0.24,5.546666666666667,ROUTE_CPMCDaviesCampusSutter,0.24,11.816666666666666,ROUTE_CPMCMissionBernalCampusSutter,0.24,5.546666666666667
37.74777777775092,-122.43222222217756,124.30669151964268,HEMORRHAGIC,ROUTE_CPMCDaviesCampusSutter,0.24,6.1850000000000005,ROUTE_CPMCMissionBernalCampusSutter,0.24,4.071666666666667,ROUTE_CPMCDaviesCampusSutter,0.24,6.1850000000000005,ROUTE_CPMCMissionBernalCampusSutter,0.24,4.071666666666667
37.71027777775089,-122.45194444439979,175.66132343516804,MIMIC,ROUTE_CPMCDaviesCampusSutter,0.9,13.878333333333334,ROUTE_CPMCMissionBernalCampusSutter,0.9,7.6066666666666665,ROUTE_CPMCDaviesCampusSutter,0.9,13.878333333333334,ROUTE_CPMCMissionBernalCampusSutter,0.9,7.6066666666666665
37.56388888886188,-122.02555555551056,180.10640532956435,LVO,ROUTE_SutterEdenMedicalCenter,0.260603108634883,22.808333333333334,ROUTE_WashingtonHospitalHealthcareSystem,0.26251607221966067,12.521666666666667,ROUTE_SutterEdenMedicalCenter,0.260603108634883,22.808333333333334,ROUTE_WashingtonHospitalHealthcareSystem,0.26251607221966067,12.521666666666667
37.806388888862074,-122.19388888884403,149.71553329652528,LVO,ROUTE_SutterEdenMedicalCenter,0.4066094513208834,15.523333333333333,ROUTE_HighlandHospitalWilmaChanCampus,0.2717304138928497,7.6850000000000005,ROUTE_SutterEdenMedicalCenter,0.4066094513208834,15.523333333333333,ROUTE_HighlandHospitalWilmaChanCampus,0.2717304138928497,7.6850000000000005
37.534166666639635,-122.27972222217743,146.26939500417345,HEMORRHAGIC,ROUTE_KaiserFoundationHospitalRedwoodCity,0.24,14.66,ROUTE_SanMateoMedicalCenter,0.24,8.7,ROUTE_KaiserFoundationHospitalRedwoodCity,0.24,14.66,ROUTE_KaiserFoundationHospitalRedwoodCity,0.24,14.66
37.57083333330633,-122.32777777773302,211.70696770641104,NLVO,ROUTE_MillsPeninsulaMedicalCenterSutter,0.49834790987127286,11.686666666666667,ROUTE_MillsPeninsulaMedicalCenterSutter,0.49834790987127286,11.686666666666667,ROUTE_MillsPeninsulaMedicalCenterSutter,0.49834790987127286,11.686666666666667,ROUTE_MillsPeninsulaMedicalCenterSutter,0.49834790987127286,11.686666666666667
37.39916666663953,-122.022499999955,230.42214602913344,HEMORRHAGIC,ROUTE_ElCaminoHealthMountainView,0.24,14.55,ROUTE_ElCaminoHealthMountainView,0.24,14.55,ROUTE_ElCaminoHealthMountainView,0.24,14.55,ROUTE_ElCaminoHealthMountainView,0.24,14.55
38.23972222219576,-121.99194444439942,266.0961774621783,HEMORRHAGIC,ROUTE_NorthBayMedicalCenter,0.24,15.018333333333334,ROUTE_NorthBayMedicalCenter,0.24,15.018333333333334,ROUTE_JohnMuirMedicalCenterWalnutCreekCampus,0.24,46.53666666666666,ROUTE_NorthBayMedicalCenter,0.24,15.018333333333334
37.656388888861954,-122.48972222217759,85.95731654243093,LVO,ROUTE_MillsPeninsulaMedicalCenterSutter,0.42985940215109997,19.841666666666665,ROUTE_AHMCSetonMedicalCenter,0.28977359931515756,9.745000000000001,ROUTE_MillsPeninsulaMedicalCenterSutter,0.42985940215109997,19.841666666666665,ROUTE_AHMCSetonMedicalCenter,0.28977359931515756,9.745000000000001
37.732777777750904,-122.25083333328851,228.5647361146996,HEMORRHAGIC,ROUTE_AlamedaHospital,0.24,12.128333333333334,ROUTE_AlamedaHospital,0.24,12.128333333333334,ROUTE_SutterEdenMedicalCenter,0.24,25.23166666666667,ROUTE_AlamedaHospital,0.24,12.128333333333334
37.443888888861785,-121.878611111066,59.883914839936025,LVO,ROUTE_RegionalMedicalCenterOfSanJose,0.44199242242650627,12.976666666666667,ROUTE_RegionalMedicalCenterOfSanJose,0.44199242242650627,12.976666666666667,ROUTE_RegionalMedicalCenterOfSanJose,0.44199242242650627,12.976666666666667,ROUTE_RegionalMedicalCenterOfSanJose,0.44199242242650627,12.976666666666667
37.996944444417785,-121.84222222217709,49.91813930071974,HEMORRHAGIC,ROUTE_JohnMuirMedicalCenterWalnutCreekCampus,0.24,28.779999999999998,ROUTE_SutterDeltaMedicalCenter,0.24,9.623333333333333,ROUTE_JohnMuirMedicalCenterWalnutCreekCampus,0.24,28.779999999999998,ROUTE_KaiserFoundationHospitalAntioch,0.24,15.04
37.69916666663977,-122.18222222217734,184.39425671360036,NLVO,ROUTE_SutterEdenMedicalCenter,0.5116019494531784,14.655,ROUTE_KaiserFoundationHospitalSanLeandro,0.5154174293985456,4.245,ROUTE_SutterEdenMedicalCenter,0.5116019494531784,14.655,ROUTE_KaiserFoundationHospitalSanLeandro,0.5154174293985456,4.245
37.63111111108416,-122.45083333328867,257.36033729128076,LVO,ROUTE_KaiserFoundationHospitalSouthSanFrancisco,0.24466880000000002,11.346666666666666,ROUTE_KaiserFoundationHospitalSouthSanFrancisco,0.24466880000000002,11.346666666666666,ROUTE_MillsPeninsulaMedicalCenterSutter,0.24466880000000002,14.478333333333333,ROUTE_KaiserFoundationHospitalSouthSanFrancisco,0.24466880000000002,11.346666666666666
37.541111111084085,-122.28111111106632,251.35049040660715,NLVO,ROUTE_SanMateoMedicalCenter,0.4622,10.598333333333333,ROUTE_SanMateoMedicalCenter,0.4622,10.598333333333333,ROUTE_MillsPeninsulaMedicalCenterSutter,0.4622,15.563333333333333,ROUTE_MillsPeninsulaMedicalCenterSutter,0.4622,15.563333333333333
37.76166666663982,-122.19611111106624,172.53628927473935,LVO,ROUTE_SutterEdenMedicalCenter,0.2635680990979318,17.720000000000002,ROUTE_HighlandHospitalWilmaChanCampus,0.26480532890075265,11.151666666666667,ROUTE_SutterEdenMedicalCenter,0.2635680990979318,17.720000000000002,ROUTE_HighlandHospitalWilmaChanCampus,0.26480532890075265,11.151666666666667
37.693333333306434,-122.1752777777329,210.85546753401593,HEMORRHAGIC,ROUTE_KaiserFoundationHospitalSanLeandro,0.24,5.661666666666666,ROUTE_KaiserFoundationHospitalSanLeandro,0.24,5.661666666666666,ROUTE_SutterEdenMedicalCenter,0.24,15.783333333333333,ROUTE_KaiserFoundationHospitalSanLeandro,0.24,5.661666666666666
37.8313888888621,-122.25444444439964,130.47120900040017,HEMORRHAGIC,ROUTE_SutterEdenMedicalCenter,0.24,22.470000000000002,ROUTE_KaiserFoundationHospitalOaklandRichmond,0.24,3.07,ROUTE_SutterEdenMedicalCenter,0.24,22.470000000000002,ROUTE_KaiserFoundationHospitalOaklandRichmond,0.24,3.07
37.703611111084214,-122.47972222217759,237.5462186720918,HEMORRHAGIC,ROUTE_AHMCSetonMedicalCenter,0.24,6.145,ROUTE_AHMCSetonMedicalCenter,0.24,6.145,ROUTE_CPMCDaviesCampusSutter,0.24,15.175,ROUTE_AHMCSetonMedicalCenter,0.24,6.145
37.98416666664,-121.6891666666214,260.6180068610123,NLVO,ROUTE_KaiserFoundationHospitalAntioch,0.4622,17.14333333333333,ROUTE_KaiserFoundationHospitalAntioch,0.4622,17.14333333333333,ROUTE_JohnMuirMedicalCenterWalnutCreekCampus,0.4622,38.75333333333333,ROUTE_KaiserFoundationHospitalAntioch,0.4622,17.14333333333333
37.517499999972955,-121.95111111106606,74.87857890666822,HEMORRHAGIC,ROUTE_RegionalMedicalCenterOfSanJose,0.24,19.573333333333334,ROUTE_KaiserFoundationHospitalFremont,0.24,13.003333333333334,ROUTE_RegionalMedicalCenterOfSanJose,0.24,19.573333333333334,ROUTE_KaiserFoundationHospitalFremont,0.24,13.003333333333334
37.56777777775078,-122.29888888884412,190.7036284323769,LVO,ROUTE_MillsPeninsulaMedicalCenterSutter,0.2600611252032913,10.601666666666667,ROUTE_MillsPeninsulaMedicalCenterSutter,0.2600611252032913,10.601666666666667,ROUTE_MillsPeninsulaMedicalCenterSutter,0.2600611252032913,10.601666666666667,ROUTE_MillsPeninsulaMedicalCenterSutter,0.2600611252032913,10.601666666666667
37.96749999997332,-122.06583333328837,55.56850759219948,HEMORRHAGIC,ROUTE_JohnMuirMedicalCenterWalnutCreekCampus,0.24,13.955,ROUTE_JohnMuirMedicalCenterConcordCampus,0.24,10.061666666666667,ROUTE_JohnMuirMedicalCenterWalnutCreekCampus,0.24,13.955,ROUTE_JohnMuirMedicalCenterConcordCampus,0.24,10.061666666666667
37.5333333333063,-122.28722222217743,119.63748244444258,HEMORRHAGIC,ROUTE_KaiserFoundationHospitalRedwoodCity,0.24,14.408333333333333,ROUTE_SanMateoMedicalCenter,0.24,6.766666666666667,ROUTE_KaiserFoundationHospitalRedwoodCity,0.24,14.408333333333333,ROUTE_KaiserFoundationHospitalRedwoodCity,0.24,14.408333333333333
37.350833333306156,-122.04694444439947,157.8360945923286,HEMORRHAGIC,ROUTE_ElCaminoHealthMountainView,0.24,12.196666666666665,ROUTE_ElCaminoHealthMountainView,0.24,12.196666666666665,ROUTE_ElCaminoHealthMountainView,0.24,12.196666666666665,ROUTE_ElCaminoHealthMountainView,0.24,12.196666666666665
37.725277777750904,-122.158888888844,244.39859540135865,LVO,ROUTE_SanLeandroHospitalAlamedaHealthSystem,0.24466880000000002,4.631666666666666,ROUTE_SanLeandroHospitalAlamedaHealthSystem,0.24466880000000002,4.631666666666666,ROUTE_SutterEdenMedicalCenter,0.24466880000000002,13.341666666666667,ROUTE_KaiserFoundationHospitalSanLeandro,0.24466880000000002,8.521666666666667
37.937222222195516,-122.31916666662191,115.23121677456058,LVO,ROUTE_CPMCDaviesCampusSutter,0.41519190456003235,32.391666666666666,ROUTE_KaiserFoundationHospitalRichmondCampus,0.2812005128050897,9.393333333333334,ROUTE_CPMCDaviesCampusSutter,0.41519190456003235,32.391666666666666,ROUTE_KaiserFoundationHospitalRichmondCampus,0.2812005128050897,9.393333333333334
37.718333333306454,-122.40611111106642,176.1308482714154,MIMIC,ROUTE_CPMCDaviesCampusSutter,0.9,16.221666666666668,ROUTE_ZuckerbergSanFranciscoGeneralHospital,0.9,11.448333333333332,ROUTE_CPMCDaviesCampusSutter,0.9,16.221666666666668,ROUTE_ZuckerbergSanFranciscoGeneralHospital,0.9,11.448333333333332
37.682777777750864,-122.13444444439953,194.21351965394257,MIMIC,ROUTE_SutterEdenMedicalCenter,0.9,11.696666666666665,ROUTE_StRoseHospital,0.9,8.568333333333333,ROUTE_SutterEdenMedicalCenter,0.9,11.696666666666665,ROUTE_KaiserFoundationHospitalSanLeandro,0.9,10.071666666666665
37.809444444417636,-122.27277777773298,202.8534074318101,LVO,ROUTE_AltaBatesSummitMedicalCenterSummitCampus,0.2577181470415547,6.013333333333334,ROUTE_AltaBatesSummitMedicalCenterSummitCampus,0.2577181470415547,6.013333333333334,ROUTE_SutterEdenMedicalCenter,0.2547562168451664,22.376666666666665,ROUTE_AltaBatesSummitMedicalCenterSummitCampus,0.2577181470415547,6.013333333333334
37.95999999997331,-122.07972222217727,230.80756833839618,LVO,ROUTE_JohnMuirMedicalCenterConcordCampus,0.24466880000000002,11.026666666666667,ROUTE_JohnMuirMedicalCenterConcordCampus,0.24466880000000002,11.026666666666667,ROUTE_JohnMuirMedicalCenterWalnutCreekCampus,0.24466880000000002,14.58,ROUTE_JohnMuirMedicalCenterConcordCampus,0.24466880000000002,11.026666666666667
37.90277777775104,-122.53083333328874,103.72084510983024,LVO,ROUTE_UCSFMedicalCenter,0.4201458147899213,30.336666666666666,ROUTE_MarinHealthMedicalCenter,0.2832048545467712,16.013333333333332,ROUTE_UCSFMedicalCenter,0.4201458147899213,30.336666666666666,ROUTE_MarinHealthMedicalCenter,0.2832048545467712,16.013333333333332
37.63583333330639,-122.06916666662171,75.791400211168,HEMORRHAGIC,ROUTE_SutterEdenMedicalCenter,0.24,17.591666666666665,ROUTE_StRoseHospital,0.24,6.845,ROUTE_SutterEdenMedicalCenter,0.24,17.591666666666665,ROUTE_KaiserFoundationHospitalSanLeandro,0.24,15.898333333333333
37.72555555552868,-121.72666666662143,169.95939042674684,HEMORRHAGIC,ROUTE_SutterEdenMedicalCenter,0.24,29.236666666666668,ROUTE_StanfordHealthCareTriValley,0.24,17.83833333333333,ROUTE_SutterEdenMedicalCenter,0.24,29.236666666666668,ROUTE_StanfordHealthCareTriValley,0.24,17.83833333333333
37.535555555528525,-122.23861111106629,204.8693893792194,LVO,ROUTE_KaiserFoundationHospitalRedwoodCity,0.2553231510944812,16.345000000000002,ROUTE_KaiserFoundationHospitalRedwoodCity,0.2553231510944812,16.345000000000002,ROUTE_KaiserFoundationHospitalRedwoodCity,0.2553231510944812,16.345000000000002,ROUTE_KaiserFoundationHospitalRedwoodCity,0.2553231510944812,16.345000000000002
37.708888888862,-122.44499999995534,264.6696064357631,LVO,ROUTE_CPMCMissionBernalCampusSutter,0.24466880000000002,9.716666666666667,ROUTE_CPMCMissionBernalCampusSutter,0.24466880000000002,9.716666666666667,ROUTE_CPMCDaviesCampusSutter,0.24466880000000002,15.988333333333333,ROUTE_CPMCMissionBernalCampusSutter,0.24466880000000002,9.716666666666667
37.628611111084155,-122.44999999995534,48.85589923382497,LVO,ROUTE_MillsPeninsulaMedicalCenterSutter,0.44593315506570663,14.558333333333334,ROUTE_KaiserFoundationHospitalSouthSanFrancisco,0.43081704471831855,11.903333333333334,ROUTE_MillsPeninsulaMedicalCenterSutter,0.44593315506570663,14.558333333333334,ROUTE_KaiserFoundationHospitalSouthSanFrancisco,0.43081704471831855,11.903333333333334
37.75499999997315,-122.48527777773315,39.21375154599296,LVO,ROUTE_UCSFMedicalCenter,0.451845678975139,7.203333333333333,ROUTE_UCSFMedicalCenter,0.451845678975139,7.203333333333333,ROUTE_UCSFMedicalCenter,0.451845678975139,7.203333333333333,ROUTE_UCSFMedicalCenter,0.451845678975139,7.203333333333333
37.70055555552866,-122.12027777773285,155.6005152881474,LVO,ROUTE_SutterEdenMedicalCenter,0.40653173027483014,7.411666666666666,ROUTE_SanLeandroHospitalAlamedaHealthSystem,0.24466880000000002,5.3566666666666665,ROUTE_SutterEdenMedicalCenter,0.40653173027483014,7.411666666666666,ROUTE_SutterEdenMedicalCenter,0.40653173027483014,7.411666666666666
37.579444444417454,-122.35555555551082,60.54738204952542,LVO,ROUTE_MillsPeninsulaMedicalCenterSutter,0.4437005504605266,5.876666666666667,ROUTE_MillsPeninsulaMedicalCenterSutter,0.4437005504605266,5.876666666666667,ROUTE_MillsPeninsulaMedicalCenterSutter,0.4437005504605266,5.876666666666667,ROUTE_MillsPeninsulaMedicalCenterSutter,0.4437005504605266,5.876666666666667
37.652222222195284,-122.02027777773277,146.01075861522634,LVO,ROUTE_SutterEdenMedicalCenter,0.4069719582118927,19.438333333333333,ROUTE_StRoseHospital,0.24466880000000002,18.096666666666668,ROUTE_SutterEdenMedicalCenter,0.4069719582118927,19.438333333333333,ROUTE_SutterEdenMedicalCenter,0.4069719582118927,19.438333333333333
37.690555555528654,-122.4908333332887,248.7678639864183,LVO,ROUTE_AHMCSetonMedicalCenter,0.24466880000000002,5.35,ROUTE_AHMCSetonMedicalCenter,0.24466880000000002,5.35,ROUTE_MillsPeninsulaMedicalCenterSutter,0.24466880000000002,18.13,ROUTE_AHMCSetonMedicalCenter,0.24466880000000002,5.35
37.704999999973104,-121.89944444439935,208.22197640375356,HEMORRHAGIC,ROUTE_StanfordHealthCareTriValley,0.24,7.035,ROUTE_StanfordHealthCareTriValley,0.24,7.035,ROUTE_SutterEdenMedicalCenter,0.24,16.24,ROUTE_StanfordHealthCareTriValley,0.24,7.035
37.762777777750934,-122.47999999995537,246.30255952896752,HEMORRHAGIC,ROUTE_UCSFMedicalCenter,0.24,5.0600000000000005,ROUTE_UCSFMedicalCenter,0.24,5.0600000000000005,ROUTE_UCSFMedicalCenter,0.24,5.0600000000000005,ROUTE_UCSFMedicalCenter,0.24,5.0600000000000005
37.89333333330659,-122.29055555551078,137.0270466381398,HEMORRHAGIC,ROUTE_CPMCDaviesCampusSutter,0.24,32.54,ROUTE_KaiserFoundationHospitalRichmondCampus,0.24,15.246666666666666,ROUTE_CPMCDaviesCampusSutter,0.24,32.54,ROUTE_KaiserFoundationHospitalRichmondCampus,0.24,15.246666666666666
37.58166666663968,-122.06611111106615,193.07214602269062,LVO,ROUTE_WashingtonHospitalHealthcareSystem,0.2579060979846282,18.956666666666667,ROUTE_StRoseHospital,0.24466880000000002,13.488333333333333,ROUTE_SutterEdenMedicalCenter,0.2572326200860609,22.651666666666664,ROUTE_WashingtonHospitalHealthcareSystem,0.2579060979846282,18.956666666666667
37.542499999972975,-122.30805555551079,268.13718113126333,HEMORRHAGIC,ROUTE_SanMateoMedicalCenter,0.24,5.943333333333333,ROUTE_SanMateoMedicalCenter,0.24,5.943333333333333,ROUTE_KaiserFoundationHospitalRedwoodCity,0.24,15.74,ROUTE_KaiserFoundationHospitalRedwoodCity,0.24,15.74
37.98083333330666,-122.30361111106633,141.36888296944196,LVO,ROUTE_JohnMuirMedicalCenterWalnutCreekCampus,0.4051040425531275,33.17666666666666,ROUTE_KaiserFoundationHospitalRichmondCampus,0.2728465436799806,13.901666666666667,ROUTE_JohnMuirMedicalCenterWalnutCreekCampus,0.4051040425531275,33.17666666666666,ROUTE_KaiserFoundationHospitalRichmondCampus,0.2728465436799806,13.901666666666667
37.749444444417584,-122.18277777773291,157.05005466105004,LVO,ROUTE_SutterEdenMedicalCenter,0.4031352985944234,18.290000000000003,ROUTE_KaiserFoundationHospitalSanLeandro,0.26862624940994695,13.231666666666666,ROUTE_SutterEdenMedicalCenter,0.4031352985944234,18.290000000000003,ROUTE_KaiserFoundationHospitalSanLeandro,0.26862624940994695,13.231666666666666
37.403055555528425,-122.01222222217721,70.25522889287139,LVO,ROUTE_KaiserFoundationHospitalSantaClara,0.43754587449754045,14.241666666666667,ROUTE_KaiserFoundationHospitalSantaClara,0.43754587449754045,14.241666666666667,ROUTE_KaiserFoundationHospitalSantaClara,0.43754587449754045,14.241666666666667,ROUTE_KaiserFoundationHospitalSantaClara,0.43754587449754045,14.241666666666667
37.58305555552857,-122.35944444439971,267.3882260477535,HEMORRHAGIC,ROUTE_MillsPeninsulaMedicalCenterSutter,0.24,6.253333333333333,ROUTE_MillsPeninsulaMedicalCenterSutter,0.24,6.253333333333333,ROUTE_MillsPeninsulaMedicalCenterSutter,0.24,6.253333333333333,ROUTE_MillsPeninsulaMedicalCenterSutter,0.24,6.253333333333333
37.94444444441774,-121.93999999995494,212.38797635536875,HEMORRHAGIC,ROUTE_JohnMuirMedicalCenterWalnutCreekCampus,0.24,15.178333333333335,ROUTE_JohnMuirMedicalCenterWalnutCreekCampus,0.24,15.178333333333335,ROUTE_JohnMuirMedicalCenterWalnutCreekCampus,0.24,15.178333333333335,ROUTE_JohnMuirMedicalCenterWalnutCreekCampus,0.24,15.178333333333335
38.03611111108448,-121.88333333328822,46.980511746764236,LVO,ROUTE_JohnMuirMedicalCenterWalnutCreekCampus,0.44325305158621353,26.868333333333332,ROUTE_SutterDeltaMedicalCenter,0.2631483264671445,15.15,ROUTE_JohnMuirMedicalCenterWalnutCreekCampus,0.44325305158621353,26.868333333333332,ROUTE_JohnMuirMedicalCenterConcordCampus,0.43035161772475267,17.108333333333334
37.848333333306556,-122.27472222217743,65.7964146402519,NLVO,ROUTE_JohnMuirMedicalCenterWalnutCreekCampus,0.5694634085149687,24.625,ROUTE_AltaBatesSummitMedicalCenterAltaBatesCampus,0.5083814359570403,5.010000000000001,ROUTE_JohnMuirMedicalCenterWalnutCreekCampus,0.5694634085149687,24.625,ROUTE_KaiserFoundationHospitalOaklandRichmond,0.5755497351237275,7.65
38.268055555529116,-122.02861111106611,114.35712770589737,LVO,ROUTE_JohnMuirMedicalCenterWalnutCreekCampus,0.4122010810411928,44.87833333333333,ROUTE_NorthBayMedicalCenter,0.28204023649467697,6.516666666666667,ROUTE_JohnMuirMedicalCenterWalnutCreekCampus,0.4122010810411928,44.87833333333333,ROUTE_NorthBayMedicalCenter,0.28204023649467697,6.516666666666667
38.331666666640274,-122.29305555551078,156.3068634316742,MIMIC,ROUTE_JohnMuirMedicalCenterWalnutCreekCampus,0.9,53.190000000000005,ROUTE_ProvidenceQueenOfTheValleyMedicalCenter,0.9,3.915,ROUTE_JohnMuirMedicalCenterWalnutCreekCampus,0.9,53.190000000000005,ROUTE_ProvidenceQueenOfTheValleyMedicalCenter,0.9,3.915
37.54277777775076,-122.2372222221774,102.56942440941538,LVO,ROUTE_KaiserFoundationHospitalRedwoodCity,0.4237332003357137,18.673333333333336,ROUTE_SanMateoMedicalCenter,0.24466880000000002,18.615000000000002,ROUTE_KaiserFoundationHospitalRedwoodCity,0.4237332003357137,18.673333333333336,ROUTE_KaiserFoundationHospitalRedwoodCity,0.4237332003357137,18.673333333333336
37.775277777750944,-122.19527777773291,191.25708860241866,HEMORRHAGIC,ROUTE_SutterEdenMedicalCenter,0.24,18.453333333333333,ROUTE_HighlandHospitalWilmaChanCampus,0.24,9.668333333333333,ROUTE_SutterEdenMedicalCenter,0.24,18.453333333333333,ROUTE_HighlandHospitalWilmaChanCampus,0.24,9.668333333333333
37.76388888886204,-122.4505555555109,104.30896600132074,NLVO,ROUTE_UCSFMedicalCenter,0.5573969959339428,3.145,ROUTE_UCSFMedicalCenter,0.5573969959339428,3.145,ROUTE_UCSFMedicalCenter,0.5573969959339428,3.145,ROUTE_UCSFMedicalCenter,0.5573969959339428,3.145
37.72416666663979,-122.47388888884426,256.1942206859171,HEMORRHAGIC,ROUTE_AHMCSetonMedicalCenter,0.24,8.973333333333333,ROUTE_AHMCSetonMedicalCenter,0.24,8.973333333333333,ROUTE_UCSFMedicalCenter,0.24,10.703333333333335,ROUTE_AHMCSetonMedicalCenter,0.24,8.973333333333333
38.15833333330681,-122.23749999995518,59.68118349155034,HEMORRHAGIC,ROUTE_JohnMuirMedicalCenterWalnutCreekCampus,0.24,33.88666666666667,ROUTE_SutterSolanoMedicalCenter,0.24,8.313333333333334,ROUTE_JohnMuirMedicalCenterWalnutCreekCampus,0.24,33.88666666666667,ROUTE_SutterSolanoMedicalCenter,0.24,8.313333333333334
38.326388888862496,-122.32166666662191,66.90535672340295,HEMORRHAGIC,ROUTE_JohnMuirMedicalCenterWalnutCreekCampus,0.24,50.638333333333335,ROUTE_ProvidenceQueenOfTheValleyMedicalCenter,0.24,5.948333333333333,ROUTE_JohnMuirMedicalCenterWalnutCreekCampus,0.24,50.638333333333335,ROUTE_ProvidenceQueenOfTheValleyMedicalCenter,0.24,5.948333333333333
37.95916666663998,-122.51722222217762,111.30505101749007,LVO,ROUTE_UCSFMedicalCenter,0.4154005900375868,37.218333333333334,ROUTE_MarinHealthMedicalCenter,0.2821602516064589,10.288333333333332,ROUTE_UCSFMedicalCenter,0.4154005900375868,37.218333333333334,ROUTE_MarinHealthMedicalCenter,0.2821602516064589,10.288333333333332
37.81027777775097,-122.25583333328852,88.08654002644448,LVO,ROUTE_SutterEdenMedicalCenter,0.4287988328253457,20.691666666666666,ROUTE_AltaBatesSummitMedicalCenterSummitCampus,0.2898903131007892,6.1483333333333325,ROUTE_SutterEdenMedicalCenter,0.4287988328253457,20.691666666666666,ROUTE_AltaBatesSummitMedicalCenterSummitCampus,0.2898903131007892,6.1483333333333325
37.765555555528714,-122.43611111106644,143.5351346999707,LVO,ROUTE_CPMCDaviesCampusSutter,0.41252121485046644,1.99,ROUTE_CPMCDaviesCampusSutter,0.41252121485046644,1.99,ROUTE_CPMCDaviesCampusSutter,0.41252121485046644,1.99,ROUTE_CPMCDaviesCampusSutter,0.41252121485046644,1.99
38.32694444441805,-122.48749999995538,259.8992762270411,HEMORRHAGIC,ROUTE_SonomaValleyHospital,0.24,11.285,ROUTE_SonomaValleyHospital,0.24,11.285,ROUTE_JohnMuirMedicalCenterWalnutCreekCampus,0.24,75.06333333333333,ROUTE_SonomaValleyHospital,0.24,11.285
37.45277777775068,-122.16277777773288,168.5924857616896,NLVO,ROUTE_StanfordHealthCare,0.5219495195455403,8.963333333333333,ROUTE_StanfordHealthCare,0.5219495195455403,8.963333333333333,ROUTE_StanfordHealthCare,0.5219495195455403,8.963333333333333,ROUTE_StanfordHealthCare,0.5219495195455403,8.963333333333333
37.703611111084214,-122.46555555551092,98.88655708248555,MIMIC,ROUTE_CPMCDaviesCampusSutter,0.9,14.66,ROUTE_AHMCSetonMedicalCenter,0.9,7.296666666666667,ROUTE_CPMCDaviesCampusSutter,0.9,14.66,ROUTE_AHMCSetonMedicalCenter,0.9,7.296666666666667
37.33666666663948,-122.04416666662169,58.01839623684178,NLVO,ROUTE_KaiserFoundationHospitalSantaClara,0.5782843470706401,11.121666666666666,ROUTE_KaiserFoundationHospitalSantaClara,0.5782843470706401,11.121666666666666,ROUTE_KaiserFoundationHospitalSantaClara,0.5782843470706401,11.121666666666666,ROUTE_KaiserFoundationHospitalSantaClara,0.5782843470706401,11.121666666666666
37.77638888886205,-122.46722222217758,76.284171934972,HEMORRHAGIC,ROUTE_UCSFMedicalCenter,0.24,7.295,ROUTE_UCSFHealthStanyanHospital,0.24,4.36,ROUTE_UCSFMedicalCenter,0.24,7.295,ROUTE_UCSFHealthStanyanHospital,0.24,4.36
37.370277777750616,-122.04638888884391,45.09555211768606,HEMORRHAGIC,ROUTE_ElCaminoHealthMountainView,0.24,10.753333333333334,ROUTE_ElCaminoHealthMountainView,0.24,10.753333333333334,ROUTE_ElCaminoHealthMountainView,0.24,10.753333333333334,ROUTE_ElCaminoHealthMountainView,0.24,10.753333333333334
37.99166666664,-121.80972222217706,190.18418471023162,LVO,ROUTE_KaiserFoundationHospitalAntioch,0.260324099721128,9.92,ROUTE_SutterDeltaMedicalCenter,0.24466880000000002,3.45,ROUTE_JohnMuirMedicalCenterWalnutCreekCampus,0.2568147017656059,29.076666666666664,ROUTE_KaiserFoundationHospitalAntioch,0.260324099721128,9.92
37.686388888861984,-122.08111111106616,81.3595055544352,LVO,ROUTE_SutterEdenMedicalCenter,0.43554585291653286,5.6433333333333335,ROUTE_SutterEdenMedicalCenter,0.43554585291653286,5.6433333333333335,ROUTE_SutterEdenMedicalCenter,0.43554585291653286,5.6433333333333335,ROUTE_SutterEdenMedicalCenter,0.43554585291653286,5.6433333333333335
37.42083333330621,-121.90694444439936,212.10690702338712,LVO,ROUTE_OConnorHospital,0.25404790517854886,13.108333333333333,ROUTE_OConnorHospital,0.25404790517854886,13.108333333333333,ROUTE_RegionalMedicalCenterOfSanJose,0.25383270555632553,14.311666666666667,ROUTE_OConnorHospital,0.25404790517854886,13.108333333333333
37.633611111084164,-122.48722222217759,62.371075455603126,NLVO,ROUTE_MillsPeninsulaMedicalCenterSutter,0.5724243787600919,21.265,ROUTE_AHMCSetonMedicalCenter,0.5760009437754041,11.283333333333333,ROUTE_MillsPeninsulaMedicalCenterSutter,0.5724243787600919,21.265,ROUTE_AHMCSetonMedicalCenter,0.5760009437754041,11.283333333333333
37.98555555552889,-121.7711111110659,191.10790664118153,HEMORRHAGIC,ROUTE_KaiserFoundationHospitalAntioch,0.24,9.351666666666667,ROUTE_SutterDeltaMedicalCenter,0.24,7.336666666666667,ROUTE_JohnMuirMedicalCenterWalnutCreekCampus,0.24,33.35,ROUTE_KaiserFoundationHospitalAntioch,0.24,9.351666666666667
37.76722222219538,-122.43555555551089,261.0241790882936,HEMORRHAGIC,ROUTE_CPMCDaviesCampusSutter,0.24,1.5033333333333334,ROUTE_CPMCDaviesCampusSutter,0.24,1.5033333333333334,ROUTE_CPMCDaviesCampusSutter,0.24,1.5033333333333334,ROUTE_CPMCDaviesCampusSutter,0.24,1.5033333333333334
37.84944444441767,-122.25416666662186,250.52623861636567,HEMORRHAGIC,ROUTE_AltaBatesSummitMedicalCenterAltaBatesCampus,0.24,3.8133333333333335,ROUTE_AltaBatesSummitMedicalCenterAltaBatesCampus,0.24,3.8133333333333335,ROUTE_JohnMuirMedicalCenterWalnutCreekCampus,0.24,23.69333333333333,ROUTE_AltaBatesSummitMedicalCenterSummitCampus,0.24,9.518333333333334
37.81138888886208,-122.25138888884408,201.80764045150062,MIMIC,ROUTE_HighlandHospitalWilmaChanCampus,0.9,5.233333333333333,ROUTE_HighlandHospitalWilmaChanCampus,0.9,5.233333333333333,ROUTE_SutterEdenMedicalCenter,0.9,19.31,ROUTE_HighlandHospitalWilmaChanCampus,0.9,5.233333333333333
