start_lat,start_lon,t_onset,stroke_type,optimal_action,optimal_action_reward,travel_time_optimal,nearest_hospital_action,nearest_hospital_reward,travel_time_nh,heuristic_1_action,heuristic_1_reward,travel_time_h1,heuristic_2_action,heuristic_2_reward,travel_time_h2
41.66944444442072,-71.46527777769235,246.61732833065125,HEMORRHAGIC,ROUTE_KentHospital,0.32734294144,12.5,ROUTE_KentHospital,0.32734294144,12.5,ROUTE_RhodeIslandHospital,0.32734294144,27.878333333333334,ROUTE_KentHospital,0.32734294144,12.5
41.723888888865204,-71.28472222213665,64.46293658476716,LVO,ROUTE_RhodeIslandHospital,0.42494059696968706,23.44333333333333,ROUTE_RhodeIslandHospital,0.42494059696968706,23.44333333333333,ROUTE_RhodeIslandHospital,0.42494059696968706,23.44333333333333,ROUTE_RhodeIslandHospital,0.42494059696968706,23.44333333333333
41.67416666664295,-71.27194444435887,138.30177443846335,NLVO,ROUTE_RhodeIslandHospital,0.4063477296814559,30.305,ROUTE_NewportHospital,0.3450939483681814,28.741666666666667,ROUTE_RhodeIslandHospital,0.4063477296814559,30.305,ROUTE_NewportHospital,0.3450939483681814,28.741666666666667
41.9599999999765,-71.66444444435918,32.16367826594136,MIMIC,ROUTE_RhodeIslandHospital,0.430071764685556,33.905,ROUTE_LandmarkMedicalCenter,0.4250233680388883,23.601666666666667,ROUTE_RhodeIslandHospital,0.430071764685556,33.905,ROUTE_LandmarkMedicalCenter,0.4250233680388883,23.601666666666667
41.65083333330959,-71.18833333324768,80.92078004458173,LVO,ROUTE_RhodeIslandHospital,0.41623565972780774,44.44666666666667,ROUTE_NewportHospital,0.355448584168517,30.333333333333332,ROUTE_RhodeIslandHospital,0.41623565972780774,44.44666666666667,ROUTE_NewportHospital,0.355448584168517,30.333333333333332
41.834999999976404,-71.578333333248,190.89879947332528,LVO,ROUTE_RhodeIslandHospital,0.3376645795119246,17.78166666666667,ROUTE_RogerWilliamsMedicalCenter,0.3381151708621989,15.215,ROUTE_RhodeIslandHospital,0.3376645795119246,17.78166666666667,ROUTE_RogerWilliamsMedicalCenter,0.3381151708621989,15.215
41.86249999997643,-71.35694444435893,253.55055678562368,LVO,ROUTE_TheMiriamHospital,0.32734294144,8.979999999999999,ROUTE_TheMiriamHospital,0.32734294144,8.979999999999999,ROUTE_RhodeIslandHospital,0.32734294144,15.49,ROUTE_TheMiriamHospital,0.32734294144,8.979999999999999
41.832222222198624,-71.42138888880342,100.76423943628897,HEMORRHAGIC,ROUTE_RhodeIslandHospital,0.4202937108358518,7.073333333333333,ROUTE_RogerWilliamsMedicalCenter,0.35698755662004034,2.4016666666666664,ROUTE_RhodeIslandHospital,0.4202937108358518,7.073333333333333,ROUTE_RogerWilliamsMedicalCenter,0.35698755662004034,2.4016666666666664
41.53944444442062,-71.2738888888033,167.1700699242251,HEMORRHAGIC,ROUTE_NewportHospital,0.3429705659680932,11.628333333333334,ROUTE_NewportHospital,0.3429705659680932,11.628333333333334,ROUTE_RhodeIslandHospital,0.33577027010203353,52.361666666666665,ROUTE_NewportHospital,0.3429705659680932,11.628333333333334
41.9827777777543,-71.6602777776925,33.05141598215776,HEMORRHAGIC,ROUTE_RhodeIslandHospital,0.4301792378088516,32.56166666666667,ROUTE_LandmarkMedicalCenter,0.4251312344526458,22.258333333333333,ROUTE_RhodeIslandHospital,0.4301792378088516,32.56166666666667,ROUTE_LandmarkMedicalCenter,0.4251312344526458,22.258333333333333
41.43583333330942,-71.50055555547016,65.11645914405744,LVO,ROUTE_RhodeIslandHospital,0.4186722149970431,49.711666666666666,ROUTE_SouthCountyHospital,0.3640716524135315,1.4566666666666668,ROUTE_RhodeIslandHospital,0.4186722149970431,49.711666666666666,ROUTE_SouthCountyHospital,0.3640716524135315,1.4566666666666668
41.783888888865256,-71.43611111102565,95.53735538857967,LVO,ROUTE_RhodeIslandHospital,0.42084602276025646,9.923333333333334,ROUTE_RhodeIslandHospital,0.42084602276025646,9.923333333333334,ROUTE_RhodeIslandHospital,0.42084602276025646,9.923333333333334,ROUTE_RhodeIslandHospital,0.42084602276025646,9.923333333333334
41.7605555555319,-71.36055555547004,203.26300765811757,HEMORRHAGIC,ROUTE_RhodeIslandHospital,0.3363191676551623,13.115,ROUTE_RhodeIslandHospital,0.3363191676551623,13.115,ROUTE_RhodeIslandHospital,0.3363191676551623,13.115,ROUTE_RhodeIslandHospital,0.3363191676551623,13.115
41.963055555532065,-71.70305555547031,224.84188291133432,HEMORRHAGIC,ROUTE_LandmarkMedicalCenter,0.32734294144,28.83833333333333,ROUTE_LandmarkMedicalCenter,0.32734294144,28.83833333333333,ROUTE_RhodeIslandHospital,0.32734294144,39.141666666666666,ROUTE_LandmarkMedicalCenter,0.32734294144,28.83833333333333
41.62833333330958,-71.1702777776921,203.18481925500393,NLVO,ROUTE_NewportHospital,0.32734294144,32.916666666666664,ROUTE_NewportHospital,0.32734294144,32.916666666666664,ROUTE_RhodeIslandHospital,0.32734294144,47.03,ROUTE_NewportHospital,0.32734294144,32.916666666666664
41.833611111087514,-71.43888888880343,95.0845443883179,MIMIC,ROUTE_RhodeIslandHospital,0.42135867929818555,8.171666666666667,ROUTE_RogerWilliamsMedicalCenter,0.3583394052303517,1.02,ROUTE_RhodeIslandHospital,0.42135867929818555,8.171666666666667,ROUTE_RogerWilliamsMedicalCenter,0.3583394052303517,1.02
41.4549999999761,-71.4758333332479,176.34035631969462,MIMIC,ROUTE_SouthCountyHospital,0.3421802599361748,6.863333333333333,ROUTE_SouthCountyHospital,0.3421802599361748,6.863333333333333,ROUTE_RhodeIslandHospital,0.3351404663739191,46.82166666666667,ROUTE_SouthCountyHospital,0.3421802599361748,6.863333333333333
41.847499999976414,-71.4758333332479,211.68137900652158,HEMORRHAGIC,ROUTE_OurLadyOfFatimaHospital,0.33616171424757496,5.6,ROUTE_OurLadyOfFatimaHospital,0.33616171424757496,5.6,ROUTE_RhodeIslandHospital,0.32734294144,14.206666666666667,ROUTE_OurLadyOfFatimaHospital,0.33616171424757496,5.6
41.861388888865314,-71.42111111102565,127.29427778255202,HEMORRHAGIC,ROUTE_RhodeIslandHospital,0.41368640695145376,9.148333333333333,ROUTE_TheMiriamHospital,0.35146098256550995,5.153333333333333,ROUTE_RhodeIslandHospital,0.41368640695145376,9.148333333333333,ROUTE_TheMiriamHospital,0.35146098256550995,5.153333333333333
41.854444444420864,-71.44361111102566,249.7742299904619,LVO,ROUTE_OurLadyOfFatimaHospital,0.32734294144,2.825,ROUTE_OurLadyOfFatimaHospital,0.32734294144,2.825,ROUTE_RhodeIslandHospital,0.32734294144,8.870000000000001,ROUTE_OurLadyOfFatimaHospital,0.32734294144,2.825
41.73055555553188,-71.39694444435897,161.52468485875934,LVO,ROUTE_RhodeIslandHospital,0.40486805547125504,13.620000000000001,ROUTE_RhodeIslandHospital,0.40486805547125504,13.620000000000001,ROUTE_RhodeIslandHospital,0.40486805547125504,13.620000000000001,ROUTE_RhodeIslandHospital,0.40486805547125504,13.620000000000001
41.83611111108752,-71.48249999991458,235.35421034632498,LVO,ROUTE_RogerWilliamsMedicalCenter,0.32734294144,7.223333333333333,ROUTE_RogerWilliamsMedicalCenter,0.32734294144,7.223333333333333,ROUTE_RhodeIslandHospital,0.32734294144,13.375,ROUTE_RogerWilliamsMedicalCenter,0.32734294144,7.223333333333333
41.68666666664296,-71.2877777776922,79.96116095811917,LVO,ROUTE_RhodeIslandHospital,0.4196834925503372,30.505,ROUTE_RhodeIslandHospital,0.4196834925503372,30.505,ROUTE_RhodeIslandHospital,0.4196834925503372,30.505,ROUTE_RhodeIslandHospital,0.4196834925503372,30.505
41.88611111108756,-71.4202777776923,220.36010407546385,MIMIC,ROUTE_TheMiriamHospital,0.32734294144,9.07,ROUTE_TheMiriamHospital,0.32734294144,9.07,ROUTE_RhodeIslandHospital,0.32734294144,14.295,ROUTE_TheMiriamHospital,0.32734294144,9.07
41.47222222219834,-71.4330555554701,62.237360200642726,LVO,ROUTE_RhodeIslandHospital,0.420376650658086,45.24333333333333,ROUTE_SouthCountyHospital,0.36294812077919825,10.071666666666665,ROUTE_RhodeIslandHospital,0.420376650658086,45.24333333333333,ROUTE_SouthCountyHospital,0.36294812077919825,10.071666666666665
41.683055555531844,-71.25666666658107,126.34030080728014,MIMIC,ROUTE_RhodeIslandHospital,0.4089043577929328,31.011666666666667,ROUTE_NewportHospital,0.34700509561008447,30.21833333333333,ROUTE_RhodeIslandHospital,0.4089043577929328,31.011666666666667,ROUTE_NewportHospital,0.34700509561008447,30.21833333333333
41.71111111108742,-71.49861111102571,41.256465311747306,LVO,ROUTE_RhodeIslandHospital,0.4308345637082793,21.58,ROUTE_KentHospital,0.42770061271146337,3.0766666666666667,ROUTE_RhodeIslandHospital,0.4308345637082793,21.58,ROUTE_KentHospital,0.42770061271146337,3.0766666666666667
41.61472222219845,-71.2461111110255,75.93020097562997,LVO,ROUTE_RhodeIslandHospital,0.4186060643411557,39.18333333333333,ROUTE_NewportHospital,0.3583283711069344,20.23166666666667,ROUTE_RhodeIslandHospital,0.4186060643411557,39.18333333333333,ROUTE_NewportHospital,0.3583283711069344,20.23166666666667
41.762222222198574,-71.3433333332478,82.95290782895026,LVO,ROUTE_RhodeIslandHospital,0.42247253613265034,15.520000000000001,ROUTE_RhodeIslandHospital,0.42247253613265034,15.520000000000001,ROUTE_RhodeIslandHospital,0.42247253613265034,15.520000000000001,ROUTE_RhodeIslandHospital,0.42247253613265034,15.520000000000001
41.71805555553187,-71.38194444435895,70.5533669101915,MIMIC,ROUTE_RhodeIslandHospital,0.42491884924504175,17.446666666666665,ROUTE_RhodeIslandHospital,0.42491884924504175,17.446666666666665,ROUTE_RhodeIslandHospital,0.42491884924504175,17.446666666666665,ROUTE_RhodeIslandHospital,0.42491884924504175,17.446666666666665
41.87499999997644,-71.39499999991452,133.68222036802445,LVO,ROUTE_RhodeIslandHospital,0.41156987627273645,11.991666666666667,ROUTE_TheMiriamHospital,0.3504744307709404,4.0633333333333335,ROUTE_RhodeIslandHospital,0.41156987627273645,11.991666666666667,ROUTE_TheMiriamHospital,0.3504744307709404,4.0633333333333335
41.3855555555316,-71.49611111102571,120.21872105624318,HEMORRHAGIC,ROUTE_RhodeIslandHospital,0.40437176981108125,57.123333333333335,ROUTE_SouthCountyHospital,0.351506773465627,11.983333333333333,ROUTE_RhodeIslandHospital,0.40437176981108125,57.123333333333335,ROUTE_SouthCountyHospital,0.351506773465627,11.983333333333333
41.79249999997637,-71.41944444435897,251.6803646365288,LVO,ROUTE_RhodeIslandHospital,0.32734294144,6.093333333333334,ROUTE_RhodeIslandHospital,0.32734294144,6.093333333333334,ROUTE_RhodeIslandHospital,0.32734294144,6.093333333333334,ROUTE_RhodeIslandHospital,0.32734294144,6.093333333333334
41.85499999997642,-71.47611111102569,123.24444217369214,LVO,ROUTE_RhodeIslandHospital,0.4140469983400952,11.628333333333334,ROUTE_OurLadyOfFatimaHospital,0.3526172418661079,3.021666666666667,ROUTE_RhodeIslandHospital,0.4140469983400952,11.628333333333334,ROUTE_OurLadyOfFatimaHospital,0.3526172418661079,3.021666666666667
41.822777777754176,-71.36138888880338,161.91668399449904,MIMIC,ROUTE_RhodeIslandHospital,0.4060717639967041,7.908333333333333,ROUTE_RhodeIslandHospital,0.4060717639967041,7.908333333333333,ROUTE_RhodeIslandHospital,0.4060717639967041,7.908333333333333,ROUTE_RhodeIslandHospital,0.4060717639967041,7.908333333333333
41.864444444420876,-71.39361111102562,112.16657407756311,MIMIC,ROUTE_RhodeIslandHospital,0.4165188026173332,11.973333333333333,ROUTE_TheMiriamHospital,0.3548040322368222,2.4883333333333337,ROUTE_RhodeIslandHospital,0.4165188026173332,11.973333333333333,ROUTE_TheMiriamHospital,0.3548040322368222,2.4883333333333337
41.79999999997638,-71.4141666665812,181.1217789565165,HEMORRHAGIC,ROUTE_RhodeIslandHospital,0.3418986764580561,3.6550000000000002,ROUTE_RhodeIslandHospital,0.3418986764580561,3.6550000000000002,ROUTE_RhodeIslandHospital,0.3418986764580561,3.6550000000000002,ROUTE_RhodeIslandHospital,0.3418986764580561,3.6550000000000002
41.715555555531864,-71.49611111102571,196.38060726434662,HEMORRHAGIC,ROUTE_KentHospital,0.3390640142696413,4.346666666666667,ROUTE_KentHospital,0.3390640142696413,4.346666666666667,ROUTE_RhodeIslandHospital,0.336050164496168,21.541666666666668,ROUTE_KentHospital,0.3390640142696413,4.346666666666667
41.821388888865286,-71.43527777769232,65.62088325967187,HEMORRHAGIC,ROUTE_RhodeIslandHospital,0.42869063686927344,6.308333333333334,ROUTE_RogerWilliamsMedicalCenter,0.4225082867821108,4.333333333333333,ROUTE_RhodeIslandHospital,0.42869063686927344,6.308333333333334,ROUTE_RogerWilliamsMedicalCenter,0.4225082867821108,4.333333333333333
41.86361111108754,-71.46888888880346,173.6038602924713,LVO,ROUTE_RhodeIslandHospital,0.341537228494478,13.195,ROUTE_OurLadyOfFatimaHospital,0.3432524450954794,3.628333333333333,ROUTE_RhodeIslandHospital,0.341537228494478,13.195,ROUTE_OurLadyOfFatimaHospital,0.3432524450954794,3.628333333333333
41.739166666642994,-71.30499999991444,263.37382446789815,LVO,ROUTE_RhodeIslandHospital,0.32734294144,20.446666666666665,ROUTE_RhodeIslandHospital,0.32734294144,20.446666666666665,ROUTE_RhodeIslandHospital,0.32734294144,20.446666666666665,ROUTE_RhodeIslandHospital,0.32734294144,20.446666666666665
41.64499999997626,-71.48583333324792,67.24148605683857,LVO,ROUTE_RhodeIslandHospital,0.4230925796300468,28.573333333333334,ROUTE_KentHospital,0.36125516920435746,13.758333333333333,ROUTE_RhodeIslandHospital,0.4230925796300468,28.573333333333334,ROUTE_KentHospital,0.36125516920435746,13.758333333333333
41.96194444442095,-71.44666666658122,67.8357575728495,LVO,ROUTE_RhodeIslandHospital,0.42507584218967376,19.493333333333332,ROUTE_LandmarkMedicalCenter,0.36206678450993796,8.991666666666667,ROUTE_RhodeIslandHospital,0.42507584218967376,19.493333333333332,ROUTE_LandmarkMedicalCenter,0.36206678450993796,8.991666666666667
41.69083333330963,-71.60527777769246,91.85425366907079,HEMORRHAGIC,ROUTE_RhodeIslandHospital,0.41519070489994786,38.04666666666667,ROUTE_KentHospital,0.3553038547922403,20.16166666666667,ROUTE_RhodeIslandHospital,0.41519070489994786,38.04666666666667,ROUTE_KentHospital,0.3553038547922403,20.16166666666667
41.88972222219867,-71.36416666658116,217.1809904435776,HEMORRHAGIC,ROUTE_TheMiriamHospital,0.32734294144,10.233333333333333,ROUTE_TheMiriamHospital,0.32734294144,10.233333333333333,ROUTE_RhodeIslandHospital,0.32734294144,18.18,ROUTE_TheMiriamHospital,0.32734294144,10.233333333333333
41.543333333309505,-71.29722222213665,35.97165217614019,LVO,ROUTE_RhodeIslandHospital,0.42542375939376353,49.87166666666667,ROUTE_NewportHospital,0.36780378632836735,11.721666666666666,ROUTE_RhodeIslandHospital,0.42542375939376353,49.87166666666667,ROUTE_NewportHospital,0.36780378632836735,11.721666666666666
41.914444444420916,-71.52972222213684,43.14438682633866,HEMORRHAGIC,ROUTE_RhodeIslandHospital,0.43065505712201374,20.451666666666664,ROUTE_OurLadyOfFatimaHospital,0.4257881733070381,11.94,ROUTE_RhodeIslandHospital,0.43065505712201374,20.451666666666664,ROUTE_OurLadyOfFatimaHospital,0.4257881733070381,11.94
41.807499999976386,-71.449444444359,145.10017386383973,HEMORRHAGIC,ROUTE_RhodeIslandHospital,0.4098548934867574,8.081666666666667,ROUTE_RogerWilliamsMedicalCenter,0.34770989555047027,7.613333333333333,ROUTE_RhodeIslandHospital,0.4098548934867574,8.081666666666667,ROUTE_RogerWilliamsMedicalCenter,0.34770989555047027,7.613333333333333
41.869999999976436,-71.39444444435895,260.8079232782798,LVO,ROUTE_TheMiriamHospital,0.32734294144,3.7116666666666664,ROUTE_TheMiriamHospital,0.32734294144,3.7116666666666664,ROUTE_RhodeIslandHospital,0.32734294144,12.836666666666668,ROUTE_TheMiriamHospital,0.32734294144,3.7116666666666664
41.780277777754144,-71.39361111102562,206.71702056429302,MIMIC,ROUTE_RhodeIslandHospital,0.3369979592480143,5.7716666666666665,ROUTE_RhodeIslandHospital,0.3369979592480143,5.7716666666666665,ROUTE_RhodeIslandHospital,0.3369979592480143,5.7716666666666665,ROUTE_RhodeIslandHospital,0.3369979592480143,5.7716666666666665
41.87333333330977,-71.39416666658119,36.37492713982564,LVO,ROUTE_RhodeIslandHospital,0.4342540568426766,12.016666666666667,ROUTE_TheMiriamHospital,0.4294377523732068,3.7666666666666666,ROUTE_RhodeIslandHospital,0.4342540568426766,12.016666666666667,ROUTE_TheMiriamHospital,0.4294377523732068,3.7666666666666666
41.85111111108753,-71.41805555547009,185.66457627075087,HEMORRHAGIC,ROUTE_RhodeIslandHospital,0.34022364111608916,8.511666666666667,ROUTE_TheMiriamHospital,0.34090668624045606,4.67,ROUTE_RhodeIslandHospital,0.34022364111608916,8.511666666666667,ROUTE_TheMiriamHospital,0.34090668624045606,4.67
41.91527777775425,-71.62111111102581,219.1399959521412,HEMORRHAGIC,ROUTE_OurLadyOfFatimaHospital,0.32734294144,26.141666666666666,ROUTE_OurLadyOfFatimaHospital,0.32734294144,26.141666666666666,ROUTE_RhodeIslandHospital,0.32734294144,31.375,ROUTE_OurLadyOfFatimaHospital,0.32734294144,26.141666666666666
41.851944444420866,-71.44277777769233,102.2865359488834,LVO,ROUTE_RhodeIslandHospital,0.419288248170041,9.883333333333333,ROUTE_OurLadyOfFatimaHospital,0.3564565837348662,3.665,ROUTE_RhodeIslandHospital,0.419288248170041,9.883333333333333,ROUTE_OurLadyOfFatimaHospital,0.3564565837348662,3.665
42.01611111108766,-71.49999999991459,181.51291454830996,LVO,ROUTE_RhodeIslandHospital,0.3384769966513659,22.545,ROUTE_LandmarkMedicalCenter,0.3419397995369098,3.033333333333333,ROUTE_RhodeIslandHospital,0.3384769966513659,22.545,ROUTE_LandmarkMedicalCenter,0.3419397995369098,3.033333333333333
41.806111111087496,-71.45138888880345,119.76284781034556,LVO,ROUTE_RhodeIslandHospital,0.41566591006741865,8.075,ROUTE_RogerWilliamsMedicalCenter,0.35237538684056885,7.793333333333334,ROUTE_RhodeIslandHospital,0.41566591006741865,8.075,ROUTE_RogerWilliamsMedicalCenter,0.35237538684056885,7.793333333333334
42.013055555532105,-71.51416666658127,233.76008482283308,MIMIC,ROUTE_LandmarkMedicalCenter,0.32734294144,4.298333333333333,ROUTE_LandmarkMedicalCenter,0.32734294144,4.298333333333333,ROUTE_RhodeIslandHospital,0.32734294144,23.44,ROUTE_LandmarkMedicalCenter,0.32734294144,4.298333333333333
41.676111111087394,-71.49916666658126,201.18935767512218,NLVO,ROUTE_KentHospital,0.33752344722229216,8.296666666666667,ROUTE_KentHospital,0.33752344722229216,8.296666666666667,ROUTE_RhodeIslandHospital,0.32734294144,25.73,ROUTE_KentHospital,0.33752344722229216,8.296666666666667
41.50749999997615,-71.3194444443589,179.832660974493,NLVO,ROUTE_NewportHospital,0.34203549782389875,4.178333333333333,ROUTE_NewportHospital,0.34203549782389875,4.178333333333333,ROUTE_RhodeIslandHospital,0.32734294144,51.5,ROUTE_NewportHospital,0.34203549782389875,4.178333333333333
41.97361111108763,-71.69527777769252,69.83733493986911,HEMORRHAGIC,ROUTE_RhodeIslandHospital,0.42068760625437146,36.305,ROUTE_LandmarkMedicalCenter,0.358390217573322,26.001666666666665,ROUTE_RhodeIslandHospital,0.42068760625437146,36.305,ROUTE_LandmarkMedicalCenter,0.358390217573322,26.001666666666665
41.84277777775419,-71.43444444435899,181.01473725583097,HEMORRHAGIC,ROUTE_RhodeIslandHospital,0.3406855236153183,10.561666666666667,ROUTE_RogerWilliamsMedicalCenter,0.341733040342479,4.6883333333333335,ROUTE_RhodeIslandHospital,0.3406855236153183,10.561666666666667,ROUTE_RogerWilliamsMedicalCenter,0.341733040342479,4.6883333333333335
41.46861111108723,-71.32166666658112,114.18065907024567,LVO,ROUTE_RhodeIslandHospital,0.4053440781557217,58.858333333333334,ROUTE_NewportHospital,0.35348500497285396,7.465,ROUTE_RhodeIslandHospital,0.4053440781557217,58.858333333333334,ROUTE_NewportHospital,0.35348500497285396,7.465
41.881111111087556,-71.41861111102564,74.55092696197198,HEMORRHAGIC,ROUTE_RhodeIslandHospital,0.4253494177916666,11.610000000000001,ROUTE_TheMiriamHospital,0.36117361464271375,6.87,ROUTE_RhodeIslandHospital,0.4253494177916666,11.610000000000001,ROUTE_TheMiriamHospital,0.36117361464271375,6.87
41.97111111108762,-71.38611111102561,91.95788192054673,HEMORRHAGIC,ROUTE_RhodeIslandHospital,0.41795859090010784,25.951666666666664,ROUTE_LandmarkMedicalCenter,0.3563227692348602,14.695,ROUTE_RhodeIslandHospital,0.41795859090010784,25.951666666666664,ROUTE_LandmarkMedicalCenter,0.3563227692348602,14.695
41.65222222219848,-71.60194444435912,200.9724045931644,MIMIC,ROUTE_KentHospital,0.3359174470678573,17.71333333333333,ROUTE_KentHospital,0.3359174470678573,17.71333333333333,ROUTE_RhodeIslandHospital,0.32734294144,32.528333333333336,ROUTE_KentHospital,0.3359174470678573,17.71333333333333
41.615555555531785,-71.47277777769236,249.48498234485336,NLVO,ROUTE_KentHospital,0.32734294144,15.06,ROUTE_KentHospital,0.32734294144,15.06,ROUTE_RhodeIslandHospital,0.32734294144,29.875,ROUTE_KentHospital,0.32734294144,15.06
41.49527777775391,-71.2813888888033,169.18080155218982,LVO,ROUTE_NewportHospital,0.3434835704180878,6.7683333333333335,ROUTE_NewportHospital,0.3434835704180878,6.7683333333333335,ROUTE_RhodeIslandHospital,0.32734294144,55.98166666666667,ROUTE_NewportHospital,0.3434835704180878,6.7683333333333335
41.6355555555318,-71.7852777776926,86.57643000817747,HEMORRHAGIC,ROUTE_RhodeIslandHospital,0.4131972201447244,51.99666666666667,ROUTE_KentHospital,0.3530879165891254,37.181666666666665,ROUTE_RhodeIslandHospital,0.4131972201447244,51.99666666666667,ROUTE_KentHospital,0.3530879165891254,37.181666666666665
41.758611111087454,-71.7727777776926,40.34254810785616,HEMORRHAGIC,ROUTE_RhodeIslandHospital,0.42744012146947785,36.905,ROUTE_RogerWilliamsMedicalCenter,0.4213960896195355,34.33833333333334,ROUTE_RhodeIslandHospital,0.42744012146947785,36.905,ROUTE_RogerWilliamsMedicalCenter,0.4213960896195355,34.33833333333334
41.868333333309764,-71.36083333324783,77.31610029725475,HEMORRHAGIC,ROUTE_RhodeIslandHospital,0.4236361975792012,16.17,ROUTE_TheMiriamHospital,0.36024638354951677,8.889999999999999,ROUTE_RhodeIslandHospital,0.4236361975792012,16.17,ROUTE_TheMiriamHospital,0.36024638354951677,8.889999999999999
41.92749999997648,-71.56944444435909,209.86096955013556,LVO,ROUTE_OurLadyOfFatimaHospital,0.32734294144,18.985,ROUTE_OurLadyOfFatimaHospital,0.32734294144,18.985,ROUTE_RhodeIslandHospital,0.32734294144,27.91,ROUTE_OurLadyOfFatimaHospital,0.32734294144,18.985
41.772499999976354,-71.48055555547013,74.85856802347027,LVO,ROUTE_RhodeIslandHospital,0.42423864387222204,16.05,ROUTE_KentHospital,0.3597857925094468,13.731666666666666,ROUTE_RhodeIslandHospital,0.42423864387222204,16.05,ROUTE_KentHospital,0.3597857925094468,13.731666666666666
41.800555555531936,-71.41972222213676,163.49307941493484,HEMORRHAGIC,ROUTE_RhodeIslandHospital,0.40664929939344124,3.783333333333333,ROUTE_RhodeIslandHospital,0.40664929939344124,3.783333333333333,ROUTE_RhodeIslandHospital,0.40664929939344124,3.783333333333333,ROUTE_RhodeIslandHospital,0.40664929939344124,3.783333333333333
41.34499999997602,-71.79222222213706,160.65304336102588,LVO,ROUTE_WesterlyHospital,0.34486288567173873,7.665,ROUTE_WesterlyHospital,0.34486288567173873,7.665,ROUTE_RhodeIslandHospital,0.33516688285588875,62.35666666666667,ROUTE_WesterlyHospital,0.34486288567173873,7.665
41.83333333330974,-71.40583333324786,69.49823255557348,LVO,ROUTE_RhodeIslandHospital,0.42753934687454026,7.326666666666667,ROUTE_TheMiriamHospital,0.4212970168017719,5.038333333333333,ROUTE_RhodeIslandHospital,0.42753934687454026,7.326666666666667,ROUTE_TheMiriamHospital,0.4212970168017719,5.038333333333333
41.84722222219864,-71.47861111102569,190.7659667839114,LVO,ROUTE_RhodeIslandHospital,0.33842063070927475,13.611666666666668,ROUTE_OurLadyOfFatimaHospital,0.33992791177748904,5.078333333333333,ROUTE_RhodeIslandHospital,0.33842063070927475,13.611666666666668,ROUTE_OurLadyOfFatimaHospital,0.33992791177748904,5.078333333333333
41.829722222198626,-71.451944444359,253.28890040849552,NLVO,ROUTE_RogerWilliamsMedicalCenter,0.32734294144,3.3066666666666666,ROUTE_RogerWilliamsMedicalCenter,0.32734294144,3.3066666666666666,ROUTE_RhodeIslandHospital,0.32734294144,9.521666666666667,ROUTE_RogerWilliamsMedicalCenter,0.32734294144,3.3066666666666666
41.774166666643026,-71.42111111102565,164.79365864059935,LVO,ROUTE_RhodeIslandHospital,0.4050848584200621,9.391666666666667,ROUTE_RhodeIslandHospital,0.4050848584200621,9.391666666666667,ROUTE_RhodeIslandHospital,0.4050848584200621,9.391666666666667,ROUTE_RhodeIslandHospital,0.4050848584200621,9.391666666666667
41.90499999997646,-71.40416666658119,171.8662833183657,NLVO,ROUTE_RhodeIslandHospital,0.34162143255603916,14.461666666666668,ROUTE_TheMiriamHospital,0.3428462258476783,7.625,ROUTE_RhodeIslandHospital,0.34162143255603916,14.461666666666668,ROUTE_TheMiriamHospital,0.3428462258476783,7.625
41.51194444442059,-71.27333333324775,157.43270376870822,LVO,ROUTE_NewportHospital,0.345351317013711,8.193333333333333,ROUTE_NewportHospital,0.345351317013711,8.193333333333333,ROUTE_RhodeIslandHospital,0.33665003522747056,57.04833333333333,ROUTE_NewportHospital,0.345351317013711,8.193333333333333
41.372499999976036,-71.82611111102597,126.84173762521414,LVO,ROUTE_RhodeIslandHospital,0.3419582307458912,57.60166666666667,ROUTE_WesterlyHospital,0.35202446666969844,2.5900000000000003,ROUTE_RhodeIslandHospital,0.3419582307458912,57.60166666666667,ROUTE_WesterlyHospital,0.35202446666969844,2.5900000000000003
41.68666666664296,-71.39611111102563,155.5982692333568,HEMORRHAGIC,ROUTE_RhodeIslandHospital,0.4047300566019492,20.158333333333335,ROUTE_KentHospital,0.3444751545454344,14.860000000000001,ROUTE_RhodeIslandHospital,0.4047300566019492,20.158333333333335,ROUTE_KentHospital,0.3444751545454344,14.860000000000001
41.5522222221984,-71.46027777769234,236.9569703580855,LVO,ROUTE_SouthCountyHospital,0.32734294144,19.834999999999997,ROUTE_SouthCountyHospital,0.32734294144,19.834999999999997,ROUTE_RhodeIslandHospital,0.32734294144,38.43,ROUTE_SouthCountyHospital,0.32734294144,19.834999999999997
41.70055555553186,-71.44888888880345,156.5071138399531,HEMORRHAGIC,ROUTE_RhodeIslandHospital,0.4046019358390172,19.816666666666666,ROUTE_KentHospital,0.34574794763074485,6.9383333333333335,ROUTE_RhodeIslandHospital,0.4046019358390172,19.816666666666666,ROUTE_KentHospital,0.34574794763074485,6.9383333333333335
41.8666666666431,-71.39444444435895,80.02118962170681,LVO,ROUTE_RhodeIslandHospital,0.423893554161355,12.363333333333333,ROUTE_TheMiriamHospital,0.3608555073756595,3.0383333333333336,ROUTE_RhodeIslandHospital,0.423893554161355,12.363333333333333,ROUTE_TheMiriamHospital,0.3608555073756595,3.0383333333333336
41.715555555531864,-71.26555555546996,264.07711364162947,HEMORRHAGIC,ROUTE_RhodeIslandHospital,0.32734294144,26.351666666666667,ROUTE_RhodeIslandHospital,0.32734294144,26.351666666666667,ROUTE_RhodeIslandHospital,0.32734294144,26.351666666666667,ROUTE_RhodeIslandHospital,0.32734294144,26.351666666666667
41.858888888865316,-71.38472222213673,51.92482465593137,LVO,ROUTE_RhodeIslandHospital,0.43074746498427324,11.28,ROUTE_TheMiriamHospital,0.4259269321653958,2.996666666666667,ROUTE_RhodeIslandHospital,0.43074746498427324,11.28,ROUTE_TheMiriamHospital,0.4259269321653958,2.996666666666667
41.530833333309495,-71.42111111102565,242.5332408452484,LVO,ROUTE_NewportHospital,0.32734294144,16.763333333333332,ROUTE_NewportHospital,0.32734294144,16.763333333333332,ROUTE_RhodeIslandHospital,0.32734294144,41.555,ROUTE_NewportHospital,0.32734294144,16.763333333333332
41.694166666642964,-71.41972222213676,47.727879664199335,NLVO,ROUTE_RhodeIslandHospital,0.4287359119699468,24.009999999999998,ROUTE_KentHospital,0.42407203819247813,11.906666666666666,ROUTE_RhodeIslandHospital,0.4287359119699468,24.009999999999998,ROUTE_KentHospital,0.42407203819247813,11.906666666666666
41.83055555553196,-71.39083333324784,58.5853283448354,HEMORRHAGIC,ROUTE_RhodeIslandHospital,0.4304840511253679,5.735,ROUTE_TheMiriamHospital,0.42389731848441164,4.916666666666667,ROUTE_RhodeIslandHospital,0.4304840511253679,5.735,ROUTE_TheMiriamHospital,0.42389731848441164,4.916666666666667
41.75694444442079,-71.46527777769235,47.292727180210086,HEMORRHAGIC,ROUTE_RhodeIslandHospital,0.4302759750952159,17.91,ROUTE_KentHospital,0.4236820781352189,13.99,ROUTE_RhodeIslandHospital,0.4302759750952159,17.91,ROUTE_KentHospital,0.4236820781352189,13.99
41.85138888886531,-71.50222222213682,132.1696714581392,NLVO,ROUTE_RhodeIslandHospital,0.41063487219973294,17.595000000000002,ROUTE_RogerWilliamsMedicalCenter,0.3493870920133394,11.441666666666666,ROUTE_RhodeIslandHospital,0.41063487219973294,17.595000000000002,ROUTE_RogerWilliamsMedicalCenter,0.3493870920133394,11.441666666666666
41.48416666664279,-71.55694444435909,248.28675522006145,LVO,ROUTE_SouthCountyHospital,0.32734294144,14.665,ROUTE_SouthCountyHospital,0.32734294144,14.665,ROUTE_RhodeIslandHospital,0.32734294144,47.675,ROUTE_SouthCountyHospital,0.32734294144,14.665
41.48249999997613,-71.4380555554701,135.260934522039,LVO,ROUTE_RhodeIslandHospital,0.4039324592859236,44.02833333333333,ROUTE_SouthCountyHospital,0.3488476672219092,11.271666666666667,ROUTE_RhodeIslandHospital,0.4039324592859236,44.02833333333333,ROUTE_SouthCountyHospital,0.3488476672219092,11.271666666666667
41.484999999976125,-71.53166666658129,203.14183418154008,NLVO,ROUTE_SouthCountyHospital,0.3367296055109934,10.883333333333333,ROUTE_SouthCountyHospital,0.3367296055109934,10.883333333333333,ROUTE_RhodeIslandHospital,0.32734294144,48.05,ROUTE_SouthCountyHospital,0.3367296055109934,10.883333333333333
41.57027777775397,-71.47805555547014,160.2580888880339,LVO,ROUTE_RhodeIslandHospital,0.34014874656149174,34.34,ROUTE_KentHospital,0.3427936259803827,19.525,ROUTE_RhodeIslandHospital,0.34014874656149174,34.34,ROUTE_KentHospital,0.3427936259803827,19.525
41.789444444420816,-71.38305555547007,104.04710577691898,NLVO,ROUTE_RhodeIslandHospital,0.41966544485383195,6.496666666666667,ROUTE_RhodeIslandHospital,0.41966544485383195,6.496666666666667,ROUTE_RhodeIslandHospital,0.41966544485383195,6.496666666666667,ROUTE_RhodeIslandHospital,0.41966544485383195,6.496666666666667
41.93972222219871,-71.43194444435899,225.28148044431515,LVO,ROUTE_LandmarkMedicalCenter,0.32734294144,11.59,ROUTE_LandmarkMedicalCenter,0.32734294144,11.59,ROUTE_RhodeIslandHospital,0.32734294144,17.884999999999998,ROUTE_LandmarkMedicalCenter,0.32734294144,11.59
41.787777777754144,-71.39416666658119,46.0460203550922,NLVO,ROUTE_RhodeIslandHospital,0.4336433858627793,4.92,ROUTE_RhodeIslandHospital,0.4336433858627793,4.92,ROUTE_RhodeIslandHospital,0.4336433858627793,4.92,ROUTE_RhodeIslandHospital,0.4336433858627793,4.92
41.99527777775431,-71.49972222213682,125.9650070366865,HEMORRHAGIC,ROUTE_RhodeIslandHospital,0.41127022363510773,21.02,ROUTE_LandmarkMedicalCenter,0.3517120628271669,5.138333333333334,ROUTE_RhodeIslandHospital,0.41127022363510773,21.02,ROUTE_LandmarkMedicalCenter,0.3517120628271669,5.138333333333334
41.748333333309674,-71.46305555547012,90.76456155486008,HEMORRHAGIC,ROUTE_RhodeIslandHospital,0.41979119373738494,19.236666666666668,ROUTE_KentHospital,0.3569197044590999,12.756666666666666,ROUTE_RhodeIslandHospital,0.41979119373738494,19.236666666666668,ROUTE_KentHospital,0.3569197044590999,12.756666666666666
41.876944444420886,-71.50444444435905,134.5328284989958,HEMORRHAGIC,ROUTE_RhodeIslandHospital,0.4102048019888507,17.115000000000002,ROUTE_OurLadyOfFatimaHospital,0.34956375093098757,8.123333333333333,ROUTE_RhodeIslandHospital,0.4102048019888507,17.115000000000002,ROUTE_OurLadyOfFatimaHospital,0.34956375093098757,8.123333333333333
41.850277777754194,-71.51972222213683,175.28164615939153,LVO,ROUTE_RhodeIslandHospital,0.34018301442161214,19.123333333333335,ROUTE_OurLadyOfFatimaHospital,0.3411638363731848,13.610000000000001,ROUTE_RhodeIslandHospital,0.34018301442161214,19.123333333333335,ROUTE_OurLadyOfFatimaHospital,0.3411638363731848,13.610000000000001
41.714166666642974,-71.5505555554702,53.36384507392087,LVO,ROUTE_RhodeIslandHospital,0.4264454228015565,28.12,ROUTE_KentHospital,0.42242597189217623,13.24,ROUTE_RhodeIslandHospital,0.4264454228015565,28.12,ROUTE_KentHospital,0.42242597189217623,13.24
41.93722222219871,-71.43111111102566,122.12540083568786,LVO,ROUTE_RhodeIslandHospital,0.4125657520204682,19.2,ROUTE_LandmarkMedicalCenter,0.35096761189050457,12.968333333333334,ROUTE_RhodeIslandHospital,0.4125657520204682,19.2,ROUTE_LandmarkMedicalCenter,0.35096761189050457,12.968333333333334
41.80777777775416,-71.42222222213675,152.3334406198844,NLVO,ROUTE_RhodeIslandHospital,0.4093096759257229,3.24,ROUTE_RhodeIslandHospital,0.4093096759257229,3.24,ROUTE_RhodeIslandHospital,0.4093096759257229,3.24,ROUTE_RhodeIslandHospital,0.4093096759257229,3.24
41.861666666643096,-71.46638888880346,125.71209276878403,LVO,ROUTE_RhodeIslandHospital,0.4134372291549834,11.815,ROUTE_OurLadyOfFatimaHospital,0.35229974361415867,2.2483333333333335,ROUTE_RhodeIslandHospital,0.4134372291549834,11.815,ROUTE_OurLadyOfFatimaHospital,0.35229974361415867,2.2483333333333335
42.01333333330988,-71.45777777769234,96.15961027132413,HEMORRHAGIC,ROUTE_RhodeIslandHospital,0.4177781317319758,22.529999999999998,ROUTE_LandmarkMedicalCenter,0.3571918608104225,5.9366666666666665,ROUTE_RhodeIslandHospital,0.4177781317319758,22.529999999999998,ROUTE_LandmarkMedicalCenter,0.3571918608104225,5.9366666666666665
41.81083333330972,-71.43611111102565,75.71680030945447,MIMIC,ROUTE_RhodeIslandHospital,0.4263908573313134,6.0,ROUTE_RhodeIslandHospital,0.4263908573313134,6.0,ROUTE_RhodeIslandHospital,0.4263908573313134,6.0,ROUTE_RhodeIslandHospital,0.4263908573313134,6.0
41.72638888886521,-71.31333333324778,251.12454133167438,HEMORRHAGIC,ROUTE_RhodeIslandHospital,0.32734294144,21.48166666666667,ROUTE_RhodeIslandHospital,0.32734294144,21.48166666666667,ROUTE_RhodeIslandHospital,0.32734294144,21.48166666666667,ROUTE_RhodeIslandHospital,0.32734294144,21.48166666666667
41.67694444442073,-71.44861111102567,150.49063480151943,LVO,ROUTE_RhodeIslandHospital,0.4051687437930292,23.325,ROUTE_KentHospital,0.3466626151881862,7.9399999999999995,ROUTE_RhodeIslandHospital,0.4051687437930292,23.325,ROUTE_KentHospital,0.3466626151881862,7.9399999999999995
41.708611111087414,-71.58777777769245,75.53613781699923,HEMORRHAGIC,ROUTE_RhodeIslandHospital,0.41960383469019885,35.27333333333333,ROUTE_KentHospital,0.35887943582462334,17.756666666666668,ROUTE_RhodeIslandHospital,0.41960383469019885,35.27333333333333,ROUTE_KentHospital,0.35887943582462334,17.756666666666668
41.85138888886531,-71.40388888880341,114.68463432837007,NLVO,ROUTE_RhodeIslandHospital,0.4162279650504252,10.716666666666667,ROUTE_TheMiriamHospital,0.3545459243883319,1.3366666666666667,ROUTE_RhodeIslandHospital,0.4162279650504252,10.716666666666667,ROUTE_TheMiriamHospital,0.3545459243883319,1.3366666666666667
41.713611111087424,-71.56944444435909,135.4073053956257,NLVO,ROUTE_RhodeIslandHospital,0.4070151173089391,30.256666666666668,ROUTE_KentHospital,0.34826609930765806,14.28,ROUTE_RhodeIslandHospital,0.4070151173089391,30.256666666666668,ROUTE_KentHospital,0.34826609930765806,14.28
41.90388888886535,-71.40499999991452,60.14051530039122,MIMIC,ROUTE_RhodeIslandHospital,0.42776156406782445,15.738333333333333,ROUTE_TheMiriamHospital,0.42259026967195773,8.901666666666667,ROUTE_RhodeIslandHospital,0.42776156406782445,15.738333333333333,ROUTE_TheMiriamHospital,0.42259026967195773,8.901666666666667
41.49722222219836,-71.44249999991455,191.6735031696086,HEMORRHAGIC,ROUTE_SouthCountyHospital,0.33817888120755313,14.078333333333335,ROUTE_SouthCountyHospital,0.33817888120755313,14.078333333333335,ROUTE_RhodeIslandHospital,0.32734294144,45.43666666666666,ROUTE_SouthCountyHospital,0.33817888120755313,14.078333333333335
41.766388888865244,-71.43472222213677,32.30782470110378,HEMORRHAGIC,ROUTE_RhodeIslandHospital,0.4346609764355995,14.370000000000001,ROUTE_RhodeIslandHospital,0.4346609764355995,14.370000000000001,ROUTE_RhodeIslandHospital,0.4346609764355995,14.370000000000001,ROUTE_RhodeIslandHospital,0.4346609764355995,14.370000000000001
41.762777777754124,-71.48555555547014,135.31237349669925,NLVO,ROUTE_RhodeIslandHospital,0.41042756839906613,15.360000000000001,ROUTE_KentHospital,0.3491715416249055,9.465,ROUTE_RhodeIslandHospital,0.41042756839906613,15.360000000000001,ROUTE_KentHospital,0.3491715416249055,9.465
41.8552777777542,-71.47694444435902,133.2486472698562,HEMORRHAGIC,ROUTE_RhodeIslandHospital,0.41173656962125915,11.696666666666665,ROUTE_OurLadyOfFatimaHospital,0.3507359269893115,3.091666666666667,ROUTE_RhodeIslandHospital,0.41173656962125915,11.696666666666665,ROUTE_OurLadyOfFatimaHospital,0.3507359269893115,3.091666666666667
41.808611111087494,-71.461944444359,212.20424679479208,LVO,ROUTE_RogerWilliamsMedicalCenter,0.33577968103379235,7.2733333333333325,ROUTE_RogerWilliamsMedicalCenter,0.33577968103379235,7.2733333333333325,ROUTE_RhodeIslandHospital,0.33544820893169514,9.183333333333334,ROUTE_RogerWilliamsMedicalCenter,0.33577968103379235,7.2733333333333325
41.54416666664284,-71.2952777776922,253.93910875553829,LVO,ROUTE_NewportHospital,0.32734294144,11.725,ROUTE_NewportHospital,0.32734294144,11.725,ROUTE_RhodeIslandHospital,0.32734294144,49.36333333333334,ROUTE_NewportHospital,0.32734294144,11.725
41.47999999997612,-71.30583333324778,263.3534218967542,LVO,ROUTE_NewportHospital,0.32734294144,4.446666666666667,ROUTE_NewportHospital,0.32734294144,4.446666666666667,ROUTE_RhodeIslandHospital,0.32734294144,56.27166666666667,ROUTE_NewportHospital,0.32734294144,4.446666666666667
41.66583333330961,-71.4558333332479,198.06166322232573,HEMORRHAGIC,ROUTE_KentHospital,0.33750332878486494,11.538333333333332,ROUTE_KentHospital,0.33750332878486494,11.538333333333332,ROUTE_RhodeIslandHospital,0.3348261193212181,26.916666666666668,ROUTE_KentHospital,0.33750332878486494,11.538333333333332
41.695555555531854,-71.57361111102577,217.70729569850593,LVO,ROUTE_KentHospital,0.32734294144,12.318333333333333,ROUTE_KentHospital,0.32734294144,12.318333333333333,ROUTE_RhodeIslandHospital,0.32734294144,29.884999999999998,ROUTE_KentHospital,0.32734294144,12.318333333333333
41.84416666664308,-71.40361111102563,109.62445545609827,HEMORRHAGIC,ROUTE_RhodeIslandHospital,0.41777689536893414,9.07,ROUTE_TheMiriamHospital,0.3551336208505435,3.29,ROUTE_RhodeIslandHospital,0.41777689536893414,9.07,ROUTE_TheMiriamHospital,0.3551336208505435,3.29
41.70555555553186,-71.54027777769241,45.24091311151861,LVO,ROUTE_RhodeIslandHospital,0.4289794732453611,25.461666666666666,ROUTE_KentHospital,0.42535186976506145,8.986666666666668,ROUTE_RhodeIslandHospital,0.4289794732453611,25.461666666666666,ROUTE_KentHospital,0.42535186976506145,8.986666666666668
41.87444444442088,-71.53833333324796,235.9365400560353,HEMORRHAGIC,ROUTE_OurLadyOfFatimaHospital,0.32734294144,15.878333333333334,ROUTE_OurLadyOfFatimaHospital,0.32734294144,15.878333333333334,ROUTE_RhodeIslandHospital,0.32734294144,22.668333333333333,ROUTE_OurLadyOfFatimaHospital,0.32734294144,15.878333333333334
41.828333333309736,-71.40805555547009,266.2717698560449,HEMORRHAGIC,ROUTE_RhodeIslandHospital,0.32734294144,5.135000000000001,ROUTE_RhodeIslandHospital,0.32734294144,5.135000000000001,ROUTE_RhodeIslandHospital,0.32734294144,5.135000000000001,ROUTE_RhodeIslandHospital,0.32734294144,5.135000000000001
41.605277777754,-71.48999999991459,45.38855273524167,LVO,ROUTE_RhodeIslandHospital,0.42804509134982305,29.285,ROUTE_KentHospital,0.4240189486021245,14.47,ROUTE_RhodeIslandHospital,0.42804509134982305,29.285,ROUTE_KentHospital,0.4240189486021245,14.47
41.810277777754166,-71.43999999991455,66.1145170121511,LVO,ROUTE_RhodeIslandHospital,0.42843310351287534,6.908333333333333,ROUTE_RhodeIslandHospital,0.42843310351287534,6.908333333333333,ROUTE_RhodeIslandHospital,0.42843310351287534,6.908333333333333,ROUTE_RhodeIslandHospital,0.42843310351287534,6.908333333333333
41.779444444420804,-71.3977777776923,230.00913345530103,LVO,ROUTE_RhodeIslandHospital,0.32734294144,6.861666666666666,ROUTE_RhodeIslandHospital,0.32734294144,6.861666666666666,ROUTE_RhodeIslandHospital,0.32734294144,6.861666666666666,ROUTE_RhodeIslandHospital,0.32734294144,6.861666666666666
41.86805555553199,-71.41361111102565,170.41880756442575,MIMIC,ROUTE_RhodeIslandHospital,0.34259693192401197,10.46,ROUTE_TheMiriamHospital,0.3436717915487336,4.485,ROUTE_RhodeIslandHospital,0.34259693192401197,10.46,ROUTE_TheMiriamHospital,0.3436717915487336,4.485
41.690555555531844,-71.24861111102551,142.59440019747302,HEMORRHAGIC,ROUTE_RhodeIslandHospital,0.4051841725310989,31.151666666666664,ROUTE_RhodeIslandHospital,0.4051841725310989,31.151666666666664,ROUTE_RhodeIslandHospital,0.4051841725310989,31.151666666666664,ROUTE_RhodeIslandHospital,0.4051841725310989,31.151666666666664
41.7277777777541,-71.46999999991458,59.21223378368897,LVO,ROUTE_RhodeIslandHospital,0.4268298789718515,20.633333333333333,ROUTE_KentHospital,0.4221740341851873,8.46,ROUTE_RhodeIslandHospital,0.4268298789718515,20.633333333333333,ROUTE_KentHospital,0.4221740341851873,8.46
41.92444444442092,-71.78166666658149,193.79635932779524,MIMIC,ROUTE_LandmarkMedicalCenter,0.32734294144,38.39666666666667,ROUTE_LandmarkMedicalCenter,0.32734294144,38.39666666666667,ROUTE_RhodeIslandHospital,0.32734294144,44.24666666666667,ROUTE_LandmarkMedicalCenter,0.32734294144,38.39666666666667
41.80666666664305,-71.43972222213677,179.53762026931327,LVO,ROUTE_RhodeIslandHospital,0.3415467962055754,7.206666666666666,ROUTE_RhodeIslandHospital,0.3415467962055754,7.206666666666666,ROUTE_RhodeIslandHospital,0.3415467962055754,7.206666666666666,ROUTE_RhodeIslandHospital,0.3415467962055754,7.206666666666666
41.83444444442085,-71.42138888880342,182.72664541542446,MIMIC,ROUTE_RhodeIslandHospital,0.3410517875864199,6.793333333333334,ROUTE_RogerWilliamsMedicalCenter,0.34187815940591165,2.165,ROUTE_RhodeIslandHospital,0.3410517875864199,6.793333333333334,ROUTE_RogerWilliamsMedicalCenter,0.34187815940591165,2.165
41.766388888865244,-71.39333333324785,211.48426234621851,HEMORRHAGIC,ROUTE_RhodeIslandHospital,0.33561592994401035,8.936666666666667,ROUTE_RhodeIslandHospital,0.33561592994401035,8.936666666666667,ROUTE_RhodeIslandHospital,0.33561592994401035,8.936666666666667,ROUTE_RhodeIslandHospital,0.33561592994401035,8.936666666666667
41.790833333309706,-71.39916666658118,155.71873619873867,NLVO,ROUTE_RhodeIslandHospital,0.40825148533643646,4.501666666666667,ROUTE_RhodeIslandHospital,0.40825148533643646,4.501666666666667,ROUTE_RhodeIslandHospital,0.40825148533643646,4.501666666666667,ROUTE_RhodeIslandHospital,0.40825148533643646,4.501666666666667
41.44666666664276,-71.49611111102571,224.66519006074313,HEMORRHAGIC,ROUTE_SouthCountyHospital,0.32734294144,2.506666666666667,ROUTE_SouthCountyHospital,0.32734294144,2.506666666666667,ROUTE_RhodeIslandHospital,0.32734294144,48.86333333333334,ROUTE_SouthCountyHospital,0.32734294144,2.506666666666667
41.819722222198614,-71.35777777769226,209.61475420278944,HEMORRHAGIC,ROUTE_RhodeIslandHospital,0.3361368991660874,7.8100000000000005,ROUTE_RhodeIslandHospital,0.3361368991660874,7.8100000000000005,ROUTE_RhodeIslandHospital,0.3361368991660874,7.8100000000000005,ROUTE_RhodeIslandHospital,0.3361368991660874,7.8100000000000005
41.71249999997631,-71.26444444435886,116.81026375780263,MIMIC,ROUTE_RhodeIslandHospital,0.4119808505414429,27.06833333333333,ROUTE_RhodeIslandHospital,0.4119808505414429,27.06833333333333,ROUTE_RhodeIslandHospital,0.4119808505414429,27.06833333333333,ROUTE_RhodeIslandHospital,0.4119808505414429,27.06833333333333
41.82777777775418,-71.41333333324786,98.23059161295363,NLVO,ROUTE_RhodeIslandHospital,0.42129088313863405,5.316666666666666,ROUTE_RogerWilliamsMedicalCenter,0.35708273306876237,4.4366666666666665,ROUTE_RhodeIslandHospital,0.42129088313863405,5.316666666666666,ROUTE_RogerWilliamsMedicalCenter,0.35708273306876237,4.4366666666666665
41.85222222219864,-71.44416666658122,106.91351188107008,LVO,ROUTE_RhodeIslandHospital,0.4182840403823059,9.59,ROUTE_OurLadyOfFatimaHospital,0.3556247139117374,3.4116666666666666,ROUTE_RhodeIslandHospital,0.4182840403823059,9.59,ROUTE_OurLadyOfFatimaHospital,0.3556247139117374,3.4116666666666666
41.547499999976175,-71.47249999991458,56.446464779755885,LVO,ROUTE_RhodeIslandHospital,0.42416900950943126,34.76,ROUTE_SouthCountyHospital,0.3630018187357609,15.588333333333333,ROUTE_RhodeIslandHospital,0.42416900950943126,34.76,ROUTE_SouthCountyHospital,0.3630018187357609,15.588333333333333
41.42027777775385,-71.71916666658144,85.79476751030272,LVO,ROUTE_RhodeIslandHospital,0.4123671217345905,56.39833333333333,ROUTE_WesterlyHospital,0.3571358265351998,16.595000000000002,ROUTE_RhodeIslandHospital,0.4123671217345905,56.39833333333333,ROUTE_WesterlyHospital,0.3571358265351998,16.595000000000002
41.78472222219859,-71.3977777776923,149.25145364518085,HEMORRHAGIC,ROUTE_RhodeIslandHospital,0.40947524840240096,5.595,ROUTE_RhodeIslandHospital,0.40947524840240096,5.595,ROUTE_RhodeIslandHospital,0.40947524840240096,5.595,ROUTE_RhodeIslandHospital,0.40947524840240096,5.595
41.8716666666431,-71.54138888880352,46.831835248624614,LVO,ROUTE_RhodeIslandHospital,0.4297160021324897,20.745,ROUTE_OurLadyOfFatimaHospital,0.42433947752372286,14.375,ROUTE_RhodeIslandHospital,0.4297160021324897,20.745,ROUTE_OurLadyOfFatimaHospital,0.42433947752372286,14.375
41.7188888888652,-71.65749999991472,220.30815984811102,LVO,ROUTE_KentHospital,0.32734294144,21.148333333333333,ROUTE_KentHospital,0.32734294144,21.148333333333333,ROUTE_RhodeIslandHospital,0.32734294144,32.73166666666667,ROUTE_KentHospital,0.32734294144,21.148333333333333
41.8111111110875,-71.45944444435901,260.3353114852217,LVO,ROUTE_RogerWilliamsMedicalCenter,0.32734294144,7.301666666666667,ROUTE_RogerWilliamsMedicalCenter,0.32734294144,7.301666666666667,ROUTE_RhodeIslandHospital,0.32734294144,9.276666666666667,ROUTE_RogerWilliamsMedicalCenter,0.32734294144,7.301666666666667
41.66527777775405,-71.44972222213678,202.617407173146,LVO,ROUTE_KentHospital,0.3370311365532247,9.681666666666667,ROUTE_KentHospital,0.3370311365532247,9.681666666666667,ROUTE_RhodeIslandHospital,0.32734294144,25.065,ROUTE_KentHospital,0.3370311365532247,9.681666666666667
41.782222222198584,-71.40305555547008,230.01560301064447,HEMORRHAGIC,ROUTE_RhodeIslandHospital,0.32734294144,6.5183333333333335,ROUTE_RhodeIslandHospital,0.32734294144,6.5183333333333335,ROUTE_RhodeIslandHospital,0.32734294144,6.5183333333333335,ROUTE_RhodeIslandHospital,0.32734294144,6.5183333333333335
41.36611111108714,-71.81749999991486,99.38799590832215,LVO,ROUTE_RhodeIslandHospital,0.40892996857881336,57.85166666666667,ROUTE_WesterlyHospital,0.3574198825696032,1.5150000000000001,ROUTE_RhodeIslandHospital,0.40892996857881336,57.85166666666667,ROUTE_WesterlyHospital,0.3574198825696032,1.5150000000000001
41.49861111108725,-71.61305555547024,72.79627544068735,MIMIC,ROUTE_RhodeIslandHospital,0.41683986108469584,49.95333333333333,ROUTE_SouthCountyHospital,0.3585414866809024,22.255,ROUTE_RhodeIslandHospital,0.41683986108469584,49.95333333333333,ROUTE_SouthCountyHospital,0.3585414866809024,22.255
41.826944444420846,-71.38555555547006,148.59254828133885,LVO,ROUTE_RhodeIslandHospital,0.409663920348919,5.426666666666667,ROUTE_RhodeIslandHospital,0.409663920348919,5.426666666666667,ROUTE_RhodeIslandHospital,0.409663920348919,5.426666666666667,ROUTE_RhodeIslandHospital,0.409663920348919,5.426666666666667
41.929722222198706,-71.55888888880354,165.6804825155198,LVO,ROUTE_RhodeIslandHospital,0.34037337301331017,27.653333333333332,ROUTE_OurLadyOfFatimaHospital,0.341894883502105,19.116666666666667,ROUTE_RhodeIslandHospital,0.34037337301331017,27.653333333333332,ROUTE_OurLadyOfFatimaHospital,0.341894883502105,19.116666666666667
41.50111111108725,-71.43638888880344,172.7804071181649,LVO,ROUTE_SouthCountyHospital,0.34166896799587865,13.28,ROUTE_SouthCountyHospital,0.34166896799587865,13.28,ROUTE_RhodeIslandHospital,0.3362025689348479,44.266666666666666,ROUTE_SouthCountyHospital,0.34166896799587865,13.28
41.801666666643044,-71.41777777769231,95.24758134423124,HEMORRHAGIC,ROUTE_RhodeIslandHospital,0.4224079674467944,3.503333333333333,ROUTE_RhodeIslandHospital,0.4224079674467944,3.503333333333333,ROUTE_RhodeIslandHospital,0.4224079674467944,3.503333333333333,ROUTE_RhodeIslandHospital,0.4224079674467944,3.503333333333333
41.851666666643084,-71.4305555554701,55.08313723133763,HEMORRHAGIC,ROUTE_RhodeIslandHospital,0.43056556815197866,8.891666666666667,ROUTE_RogerWilliamsMedicalCenter,0.4247163895798079,5.515,ROUTE_RhodeIslandHospital,0.43056556815197866,8.891666666666667,ROUTE_RogerWilliamsMedicalCenter,0.4247163895798079,5.515
41.81777777775417,-71.36083333324783,257.7186663106346,HEMORRHAGIC,ROUTE_RhodeIslandHospital,0.32734294144,7.1483333333333325,ROUTE_RhodeIslandHospital,0.32734294144,7.1483333333333325,ROUTE_RhodeIslandHospital,0.32734294144,7.1483333333333325,ROUTE_RhodeIslandHospital,0.32734294144,7.1483333333333325
41.87777777775422,-71.53944444435908,187.7258129522756,NLVO,ROUTE_RhodeIslandHospital,0.3376590531864132,20.986666666666668,ROUTE_OurLadyOfFatimaHospital,0.33901784803730406,13.263333333333332,ROUTE_RhodeIslandHospital,0.3376590531864132,20.986666666666668,ROUTE_OurLadyOfFatimaHospital,0.33901784803730406,13.263333333333332
41.688611111087404,-71.25138888880329,216.6258574880047,LVO,ROUTE_RhodeIslandHospital,0.32734294144,30.456666666666667,ROUTE_RhodeIslandHospital,0.32734294144,30.456666666666667,ROUTE_RhodeIslandHospital,0.32734294144,30.456666666666667,ROUTE_RhodeIslandHospital,0.32734294144,30.456666666666667
41.79166666664304,-71.45611111102568,109.26100528631282,NLVO,ROUTE_RhodeIslandHospital,0.4175839308650082,10.268333333333334,ROUTE_RogerWilliamsMedicalCenter,0.3539245441071627,10.051666666666668,ROUTE_RhodeIslandHospital,0.4175839308650082,10.268333333333334,ROUTE_RogerWilliamsMedicalCenter,0.3539245441071627,10.051666666666668
41.92194444442092,-71.38611111102561,208.88359832157008,NLVO,ROUTE_TheMiriamHospital,0.33548955984082646,12.264999999999999,ROUTE_TheMiriamHospital,0.33548955984082646,12.264999999999999,ROUTE_RhodeIslandHospital,0.32734294144,19.101666666666667,ROUTE_TheMiriamHospital,0.33548955984082646,12.264999999999999
41.49944444442058,-71.44416666658122,97.77873207431581,LVO,ROUTE_RhodeIslandHospital,0.4118445543093081,46.695,ROUTE_SouthCountyHospital,0.35509558439747885,15.336666666666668,ROUTE_RhodeIslandHospital,0.4118445543093081,46.695,ROUTE_SouthCountyHospital,0.35509558439747885,15.336666666666668
41.780833333309694,-71.43444444435899,135.11536482768048,HEMORRHAGIC,ROUTE_RhodeIslandHospital,0.41175067247335234,9.768333333333334,ROUTE_RhodeIslandHospital,0.41175067247335234,9.768333333333334,ROUTE_RhodeIslandHospital,0.41175067247335234,9.768333333333334,ROUTE_RhodeIslandHospital,0.41175067247335234,9.768333333333334
41.82222222219862,-71.44722222213677,82.92390428730343,HEMORRHAGIC,ROUTE_RhodeIslandHospital,0.4241911514650544,8.186666666666666,ROUTE_RogerWilliamsMedicalCenter,0.36012770619254963,3.896666666666667,ROUTE_RhodeIslandHospital,0.4241911514650544,8.186666666666666,ROUTE_RogerWilliamsMedicalCenter,0.36012770619254963,3.896666666666667
41.37833333330938,-71.80583333324817,254.04875115007115,HEMORRHAGIC,ROUTE_WesterlyHospital,0.32734294144,7.465,ROUTE_WesterlyHospital,0.32734294144,7.465,ROUTE_RhodeIslandHospital,0.32734294144,58.55333333333333,ROUTE_WesterlyHospital,0.32734294144,7.465
41.4449999999761,-71.52027777769239,203.47782848964349,HEMORRHAGIC,ROUTE_SouthCountyHospital,0.3373307980962234,7.108333333333333,ROUTE_SouthCountyHospital,0.3373307980962234,7.108333333333333,ROUTE_RhodeIslandHospital,0.32734294144,54.82666666666667,ROUTE_SouthCountyHospital,0.3373307980962234,7.108333333333333
41.831111111087516,-71.47777777769235,73.01306603840163,LVO,ROUTE_RhodeIslandHospital,0.4254540315861442,12.7,ROUTE_RogerWilliamsMedicalCenter,0.42017368250396,6.871666666666667,ROUTE_RhodeIslandHospital,0.4254540315861442,12.7,ROUTE_RogerWilliamsMedicalCenter,0.42017368250396,6.871666666666667
41.84416666664308,-71.42472222213677,259.67803390283245,LVO,ROUTE_RogerWilliamsMedicalCenter,0.32734294144,3.4099999999999997,ROUTE_RogerWilliamsMedicalCenter,0.32734294144,3.4099999999999997,ROUTE_RhodeIslandHospital,0.32734294144,8.635,ROUTE_RogerWilliamsMedicalCenter,0.32734294144,3.4099999999999997
42.01111111108766,-71.47527777769236,79.56988387592241,HEMORRHAGIC,ROUTE_RhodeIslandHospital,0.42183792486716076,21.626666666666665,ROUTE_LandmarkMedicalCenter,0.36055636455066076,5.035,ROUTE_RhodeIslandHospital,0.42183792486716076,21.626666666666665,ROUTE_LandmarkMedicalCenter,0.36055636455066076,5.035
41.50916666664281,-71.31333333324778,105.34288941218217,LVO,ROUTE_RhodeIslandHospital,0.4089247174721495,51.919999999999995,ROUTE_NewportHospital,0.35592737476554126,3.3883333333333336,ROUTE_RhodeIslandHospital,0.4089247174721495,51.919999999999995,ROUTE_NewportHospital,0.35592737476554126,3.3883333333333336
41.943611111087606,-71.64472222213693,174.0376150988948,NLVO,ROUTE_RhodeIslandHospital,0.3375268778835,35.42833333333333,ROUTE_LandmarkMedicalCenter,0.3393402375565402,25.126666666666665,ROUTE_RhodeIslandHospital,0.3375268778835,35.42833333333333,ROUTE_LandmarkMedicalCenter,0.3393402375565402,25.126666666666665
41.74944444442078,-71.48749999991459,113.06802565979618,HEMORRHAGIC,ROUTE_RhodeIslandHospital,0.41483627228729536,18.371666666666666,ROUTE_KentHospital,0.3534155089714226,8.946666666666665,ROUTE_RhodeIslandHospital,0.41483627228729536,18.371666666666666,ROUTE_KentHospital,0.3534155089714226,8.946666666666665
41.87861111108755,-71.51861111102572,229.0728755136889,HEMORRHAGIC,ROUTE_OurLadyOfFatimaHospital,0.32734294144,12.903333333333334,ROUTE_OurLadyOfFatimaHospital,0.32734294144,12.903333333333334,ROUTE_RhodeIslandHospital,0.32734294144,21.895,ROUTE_OurLadyOfFatimaHospital,0.32734294144,12.903333333333334
41.88749999997645,-71.60027777769245,136.07867793746004,HEMORRHAGIC,ROUTE_RhodeIslandHospital,0.4076640311474465,26.726666666666667,ROUTE_OurLadyOfFatimaHospital,0.34681968483501585,21.493333333333332,ROUTE_RhodeIslandHospital,0.4076640311474465,26.726666666666667,ROUTE_OurLadyOfFatimaHospital,0.34681968483501585,21.493333333333332
41.77638888886525,-71.42777777769231,82.03841066835301,LVO,ROUTE_RhodeIslandHospital,0.4240322988533244,9.751666666666667,ROUTE_RhodeIslandHospital,0.4240322988533244,9.751666666666667,ROUTE_RhodeIslandHospital,0.4240322988533244,9.751666666666667,ROUTE_RhodeIslandHospital,0.4240322988533244,9.751666666666667
41.518333333309485,-71.50861111102571,117.00601497444734,LVO,ROUTE_RhodeIslandHospital,0.40792050175980754,44.669999999999995,ROUTE_SouthCountyHospital,0.3506386555814909,19.85666666666667,ROUTE_RhodeIslandHospital,0.40792050175980754,44.669999999999995,ROUTE_SouthCountyHospital,0.3506386555814909,19.85666666666667
41.71999999997632,-71.28083333324776,129.5047510695548,LVO,ROUTE_RhodeIslandHospital,0.40982951916076793,23.788333333333334,ROUTE_RhodeIslandHospital,0.40982951916076793,23.788333333333334,ROUTE_RhodeIslandHospital,0.40982951916076793,23.788333333333334,ROUTE_RhodeIslandHospital,0.40982951916076793,23.788333333333334
41.79583333330971,-71.45638888880345,62.126294478654415,LVO,ROUTE_RhodeIslandHospital,0.4286895985280149,9.806666666666667,ROUTE_RogerWilliamsMedicalCenter,0.4221648318415402,9.286666666666667,ROUTE_RhodeIslandHospital,0.4286895985280149,9.806666666666667,ROUTE_RogerWilliamsMedicalCenter,0.4221648318415402,9.286666666666667
41.796111111087484,-71.41333333324786,232.4767992168468,LVO,ROUTE_RhodeIslandHospital,0.32734294144,4.5633333333333335,ROUTE_RhodeIslandHospital,0.32734294144,4.5633333333333335,ROUTE_RhodeIslandHospital,0.32734294144,4.5633333333333335,ROUTE_RhodeIslandHospital,0.32734294144,4.5633333333333335
41.4108333333094,-71.83888888880375,221.33096143827743,LVO,ROUTE_WesterlyHospital,0.32734294144,13.576666666666666,ROUTE_WesterlyHospital,0.32734294144,13.576666666666666,ROUTE_RhodeIslandHospital,0.32734294144,63.785,ROUTE_WesterlyHospital,0.32734294144,13.576666666666666
41.87499999997644,-71.55194444435908,190.6333183251707,LVO,ROUTE_OurLadyOfFatimaHospital,0.33789092104605084,16.756666666666668,ROUTE_OurLadyOfFatimaHospital,0.33789092104605084,16.756666666666668,ROUTE_RhodeIslandHospital,0.33687071672674157,22.583333333333332,ROUTE_OurLadyOfFatimaHospital,0.33789092104605084,16.756666666666668
41.84416666664308,-71.35555555547003,79.44882306330489,LVO,ROUTE_RhodeIslandHospital,0.4241815868293578,11.703333333333335,ROUTE_TheMiriamHospital,0.3594100738821432,11.088333333333333,ROUTE_RhodeIslandHospital,0.4241815868293578,11.703333333333335,ROUTE_TheMiriamHospital,0.3594100738821432,11.088333333333333
41.879722222198666,-71.40833333324785,194.80722022163405,HEMORRHAGIC,ROUTE_RhodeIslandHospital,0.3379092261572892,12.479999999999999,ROUTE_TheMiriamHospital,0.3390341617111913,6.088333333333334,ROUTE_RhodeIslandHospital,0.3379092261572892,12.479999999999999,ROUTE_TheMiriamHospital,0.3390341617111913,6.088333333333334
41.814166666643054,-71.37472222213673,225.45198401604864,LVO,ROUTE_RhodeIslandHospital,0.32734294144,6.358333333333333,ROUTE_RhodeIslandHospital,0.32734294144,6.358333333333333,ROUTE_RhodeIslandHospital,0.32734294144,6.358333333333333,ROUTE_RhodeIslandHospital,0.32734294144,6.358333333333333
41.874166666643106,-71.50444444435905,83.03505773347513,HEMORRHAGIC,ROUTE_RhodeIslandHospital,0.4222009919003964,16.603333333333335,ROUTE_OurLadyOfFatimaHospital,0.35938882649736426,7.613333333333333,ROUTE_RhodeIslandHospital,0.4222009919003964,16.603333333333335,ROUTE_OurLadyOfFatimaHospital,0.35938882649736426,7.613333333333333
41.856111111087536,-71.41111111102563,46.67261589729546,NLVO,ROUTE_RhodeIslandHospital,0.4324868024770586,9.175,ROUTE_TheMiriamHospital,0.4272934747011116,2.485,ROUTE_RhodeIslandHospital,0.4324868024770586,9.175,ROUTE_TheMiriamHospital,0.4272934747011116,2.485
41.795555555531934,-71.50305555547016,260.8266739001918,LVO,ROUTE_KentHospital,0.32734294144,13.945,ROUTE_KentHospital,0.32734294144,13.945,ROUTE_RhodeIslandHospital,0.32734294144,16.368333333333332,ROUTE_KentHospital,0.32734294144,13.945
41.39666666664272,-71.7436111110259,53.46211245791942,MIMIC,ROUTE_RhodeIslandHospital,0.41993633027257116,55.913333333333334,ROUTE_WesterlyHospital,0.364181727041478,12.55,ROUTE_RhodeIslandHospital,0.41993633027257116,55.913333333333334,ROUTE_WesterlyHospital,0.364181727041478,12.55
41.783055555531924,-71.48749999991459,158.17774048921052,MIMIC,ROUTE_RhodeIslandHospital,0.4049300402759269,16.693333333333335,ROUTE_RogerWilliamsMedicalCenter,0.34403870394383806,14.693333333333333,ROUTE_RhodeIslandHospital,0.4049300402759269,16.693333333333335,ROUTE_RogerWilliamsMedicalCenter,0.34403870394383806,14.693333333333333
41.844722222198634,-71.44638888880344,78.65202056786751,LVO,ROUTE_RhodeIslandHospital,0.42496616465527504,9.145000000000001,ROUTE_RogerWilliamsMedicalCenter,0.36107601670166917,3.271666666666667,ROUTE_RhodeIslandHospital,0.42496616465527504,9.145000000000001,ROUTE_RogerWilliamsMedicalCenter,0.36107601670166917,3.271666666666667
41.43305555553164,-71.50083333324793,116.05749805078692,LVO,ROUTE_RhodeIslandHospital,0.4070248683482555,49.56333333333334,ROUTE_SouthCountyHospital,0.35431349176183113,1.1933333333333331,ROUTE_RhodeIslandHospital,0.4070248683482555,49.56333333333334,ROUTE_SouthCountyHospital,0.35431349176183113,1.1933333333333331
41.76666666664302,-71.44277777769233,258.99321085780673,NLVO,ROUTE_RhodeIslandHospital,0.32734294144,13.229999999999999,ROUTE_RhodeIslandHospital,0.32734294144,13.229999999999999,ROUTE_RhodeIslandHospital,0.32734294144,13.229999999999999,ROUTE_RhodeIslandHospital,0.32734294144,13.229999999999999
41.810277777754166,-71.47055555547013,79.8150217444823,HEMORRHAGIC,ROUTE_RhodeIslandHospital,0.424123028922821,11.588333333333333,ROUTE_RogerWilliamsMedicalCenter,0.35966424657590385,9.405,ROUTE_RhodeIslandHospital,0.424123028922821,11.588333333333333,ROUTE_RogerWilliamsMedicalCenter,0.35966424657590385,9.405
41.80555555553194,-71.42749999991455,261.8307878643297,LVO,ROUTE_RhodeIslandHospital,0.32734294144,4.55,ROUTE_RhodeIslandHospital,0.32734294144,4.55,ROUTE_RhodeIslandHospital,0.32734294144,4.55,ROUTE_RhodeIslandHospital,0.32734294144,4.55
41.42305555553163,-71.78611111102593,89.04097617428275,MIMIC,ROUTE_RhodeIslandHospital,0.41326253797685225,49.24666666666667,ROUTE_WesterlyHospital,0.3577966062900402,9.893333333333334,ROUTE_RhodeIslandHospital,0.41326253797685225,49.24666666666667,ROUTE_WesterlyHospital,0.3577966062900402,9.893333333333334
41.811666666643056,-71.43111111102566,108.3733268221882,HEMORRHAGIC,ROUTE_RhodeIslandHospital,0.41890324834583853,5.456666666666666,ROUTE_RhodeIslandHospital,0.41890324834583853,5.456666666666666,ROUTE_RhodeIslandHospital,0.41890324834583853,5.456666666666666,ROUTE_RhodeIslandHospital,0.41890324834583853,5.456666666666666
41.89527777775423,-71.36388888880337,197.29647884681913,LVO,ROUTE_TheMiriamHospital,0.33772865421820236,11.018333333333334,ROUTE_TheMiriamHospital,0.33772865421820236,11.018333333333334,ROUTE_RhodeIslandHospital,0.3363778976662167,18.745,ROUTE_TheMiriamHospital,0.33772865421820236,11.018333333333334
41.87944444442088,-71.41694444435898,127.70544117827201,HEMORRHAGIC,ROUTE_RhodeIslandHospital,0.4130915529877479,11.328333333333335,ROUTE_TheMiriamHospital,0.351197825097454,6.153333333333333,ROUTE_RhodeIslandHospital,0.4130915529877479,11.328333333333335,ROUTE_TheMiriamHospital,0.351197825097454,6.153333333333333
41.45194444442055,-71.52444444435906,213.0309747696317,LVO,ROUTE_SouthCountyHospital,0.3356340969414086,7.285,ROUTE_SouthCountyHospital,0.3356340969414086,7.285,ROUTE_RhodeIslandHospital,0.32734294144,53.03666666666666,ROUTE_SouthCountyHospital,0.3356340969414086,7.285
41.89305555553201,-71.57055555547021,31.52880116807036,LVO,ROUTE_RhodeIslandHospital,0.4321242388340179,25.851666666666667,ROUTE_OurLadyOfFatimaHospital,0.4273245211418697,17.076666666666664,ROUTE_RhodeIslandHospital,0.4321242388340179,25.851666666666667,ROUTE_OurLadyOfFatimaHospital,0.4273245211418697,17.076666666666664
41.44444444442054,-71.62333333324803,178.0298315579571,LVO,ROUTE_SouthCountyHospital,0.3401689324876339,16.455,ROUTE_SouthCountyHospital,0.3401689324876339,16.455,ROUTE_RhodeIslandHospital,0.32734294144,52.11,ROUTE_SouthCountyHospital,0.3401689324876339,16.455
41.766388888865244,-71.51833333324795,226.18763510187975,HEMORRHAGIC,ROUTE_KentHospital,0.32734294144,14.576666666666666,ROUTE_KentHospital,0.32734294144,14.576666666666666,ROUTE_RhodeIslandHospital,0.32734294144,22.43,ROUTE_KentHospital,0.32734294144,14.576666666666666
41.86527777775421,-71.50222222213682,38.531489767218076,LVO,ROUTE_RhodeIslandHospital,0.4327391040855904,16.25,ROUTE_OurLadyOfFatimaHospital,0.4279932002611714,7.260000000000001,ROUTE_RhodeIslandHospital,0.4327391040855904,16.25,ROUTE_OurLadyOfFatimaHospital,0.4279932002611714,7.260000000000001
41.84972222219864,-71.446944444359,159.0083192505338,HEMORRHAGIC,ROUTE_RhodeIslandHospital,0.4060970641473358,10.705,ROUTE_OurLadyOfFatimaHospital,0.34577952397866146,4.263333333333334,ROUTE_RhodeIslandHospital,0.4060970641473358,10.705,ROUTE_OurLadyOfFatimaHospital,0.34577952397866146,4.263333333333334
41.344722222198236,-71.79111111102594,252.9142438480443,HEMORRHAGIC,ROUTE_WesterlyHospital,0.32734294144,8.478333333333333,ROUTE_WesterlyHospital,0.32734294144,8.478333333333333,ROUTE_RhodeIslandHospital,0.32734294144,63.17166666666667,ROUTE_WesterlyHospital,0.32734294144,8.478333333333333
41.9599999999765,-71.47416666658124,154.67635843427638,LVO,ROUTE_RhodeIslandHospital,0.4054825146708624,17.751666666666665,ROUTE_LandmarkMedicalCenter,0.34585362324384933,8.188333333333334,ROUTE_RhodeIslandHospital,0.4054825146708624,17.751666666666665,ROUTE_LandmarkMedicalCenter,0.34585362324384933,8.188333333333334
41.915833333309806,-71.39833333324785,98.76595760290739,MIMIC,ROUTE_RhodeIslandHospital,0.4185829198345873,16.446666666666665,ROUTE_TheMiriamHospital,0.35599497517463796,9.610000000000001,ROUTE_RhodeIslandHospital,0.4185829198345873,16.446666666666665,ROUTE_TheMiriamHospital,0.35599497517463796,9.610000000000001
41.708055555531864,-71.42388888880343,209.21455918963434,MIMIC,ROUTE_KentHospital,0.3356629397596959,10.935,ROUTE_KentHospital,0.3356629397596959,10.935,ROUTE_RhodeIslandHospital,0.32734294144,20.201666666666664,ROUTE_KentHospital,0.3356629397596959,10.935
41.80666666664305,-71.41472222213675,95.60127391437723,HEMORRHAGIC,ROUTE_RhodeIslandHospital,0.4226091827333076,2.2866666666666666,ROUTE_RhodeIslandHospital,0.4226091827333076,2.2866666666666666,ROUTE_RhodeIslandHospital,0.4226091827333076,2.2866666666666666,ROUTE_RhodeIslandHospital,0.4226091827333076,2.2866666666666666
41.684444444420734,-71.53972222213685,182.11219682622655,HEMORRHAGIC,ROUTE_KentHospital,0.34044866121088707,10.796666666666665,ROUTE_KentHospital,0.34044866121088707,10.796666666666665,ROUTE_RhodeIslandHospital,0.3372944356537042,28.68166666666667,ROUTE_KentHospital,0.34044866121088707,10.796666666666665
41.58833333330954,-71.49472222213682,103.41271521858472,LVO,ROUTE_RhodeIslandHospital,0.41384078457921897,32.35666666666667,ROUTE_KentHospital,0.3536150907497125,17.541666666666668,ROUTE_RhodeIslandHospital,0.41384078457921897,32.35666666666667,ROUTE_KentHospital,0.3536150907497125,17.541666666666668
41.85388888886531,-71.47888888880347,223.20066353963043,HEMORRHAGIC,ROUTE_OurLadyOfFatimaHospital,0.32734294144,4.0,ROUTE_OurLadyOfFatimaHospital,0.32734294144,4.0,ROUTE_RhodeIslandHospital,0.32734294144,12.606666666666666,ROUTE_OurLadyOfFatimaHospital,0.32734294144,4.0
41.823888888865284,-71.35638888880337,84.05415515510276,LVO,ROUTE_RhodeIslandHospital,0.4239629565579566,8.033333333333333,ROUTE_RhodeIslandHospital,0.4239629565579566,8.033333333333333,ROUTE_RhodeIslandHospital,0.4239629565579566,8.033333333333333,ROUTE_RhodeIslandHospital,0.4239629565579566,8.033333333333333
41.780277777754144,-71.46749999991457,146.51628646110277,LVO,ROUTE_RhodeIslandHospital,0.40857618790884803,12.276666666666667,ROUTE_RogerWilliamsMedicalCenter,0.3466315200226842,12.085,ROUTE_RhodeIslandHospital,0.40857618790884803,12.276666666666667,ROUTE_RogerWilliamsMedicalCenter,0.3466315200226842,12.085
41.87722222219866,-71.36583333324782,147.84773245780667,MIMIC,ROUTE_RhodeIslandHospital,0.4074082000075423,16.083333333333332,ROUTE_TheMiriamHospital,0.3472378680965726,7.4383333333333335,ROUTE_RhodeIslandHospital,0.4074082000075423,16.083333333333332,ROUTE_TheMiriamHospital,0.3472378680965726,7.4383333333333335
41.786666666643036,-71.45138888880345,237.11410965734967,MIMIC,ROUTE_RhodeIslandHospital,0.32734294144,10.298333333333334,ROUTE_RhodeIslandHospital,0.32734294144,10.298333333333334,ROUTE_RhodeIslandHospital,0.32734294144,10.298333333333334,ROUTE_RhodeIslandHospital,0.32734294144,10.298333333333334
41.95861111108761,-71.42055555547009,52.17961720460796,HEMORRHAGIC,ROUTE_RhodeIslandHospital,0.42782105055089975,23.446666666666665,ROUTE_LandmarkMedicalCenter,0.4224780058037426,14.354999999999999,ROUTE_RhodeIslandHospital,0.42782105055089975,23.446666666666665,ROUTE_LandmarkMedicalCenter,0.4224780058037426,14.354999999999999
41.87499999997644,-71.39222222213674,177.41882467032156,LVO,ROUTE_RhodeIslandHospital,0.34105217141418886,12.098333333333333,ROUTE_TheMiriamHospital,0.34252736997504957,3.8483333333333336,ROUTE_RhodeIslandHospital,0.34105217141418886,12.098333333333333,ROUTE_TheMiriamHospital,0.34252736997504957,3.8483333333333336
41.843333333309744,-71.3636111110256,112.7833252420894,HEMORRHAGIC,ROUTE_RhodeIslandHospital,0.4164551602548361,11.631666666666666,ROUTE_TheMiriamHospital,0.3530730640483117,11.053333333333335,ROUTE_RhodeIslandHospital,0.4164551602548361,11.631666666666666,ROUTE_TheMiriamHospital,0.3530730640483117,11.053333333333335
41.85138888886531,-71.43527777769232,146.36913881263064,HEMORRHAGIC,ROUTE_RhodeIslandHospital,0.4095168453802496,8.295,ROUTE_OurLadyOfFatimaHospital,0.3481538567674388,3.9283333333333332,ROUTE_RhodeIslandHospital,0.4095168453802496,8.295,ROUTE_OurLadyOfFatimaHospital,0.3481538567674388,3.9283333333333332
41.56527777775397,-71.2852777776922,64.19435296566112,MIMIC,ROUTE_RhodeIslandHospital,0.41984102657800976,45.59166666666667,ROUTE_NewportHospital,0.36179179590801874,14.045,ROUTE_RhodeIslandHospital,0.41984102657800976,45.59166666666667,ROUTE_NewportHospital,0.36179179590801874,14.045
41.851944444420866,-71.46694444435902,82.73952916093717,LVO,ROUTE_RhodeIslandHospital,0.4235129160197324,11.275,ROUTE_OurLadyOfFatimaHospital,0.3603396295900342,2.985,ROUTE_RhodeIslandHospital,0.4235129160197324,11.275,ROUTE_OurLadyOfFatimaHospital,0.3603396295900342,2.985
41.68972222219851,-71.4608333332479,98.43628925238794,MIMIC,ROUTE_RhodeIslandHospital,0.4170209394736354,23.529999999999998,ROUTE_KentHospital,0.35633655829716127,8.145,ROUTE_RhodeIslandHospital,0.4170209394736354,23.529999999999998,ROUTE_KentHospital,0.35633655829716127,8.145
41.982499999976525,-71.51805555547017,192.46940542230232,LVO,ROUTE_LandmarkMedicalCenter,0.33939487317912487,6.385000000000001,ROUTE_LandmarkMedicalCenter,0.33939487317912487,6.385000000000001,ROUTE_RhodeIslandHospital,0.33699343447403,20.045,ROUTE_LandmarkMedicalCenter,0.33939487317912487,6.385000000000001
41.80138888886527,-71.56499999991465,231.93352371620864,MIMIC,ROUTE_KentHospital,0.32734294144,22.201666666666664,ROUTE_KentHospital,0.32734294144,22.201666666666664,ROUTE_RhodeIslandHospital,0.32734294144,25.826666666666664,ROUTE_KentHospital,0.32734294144,22.201666666666664
41.871388888865326,-71.39222222213674,133.61805492380046,HEMORRHAGIC,ROUTE_RhodeIslandHospital,0.41129872329513273,13.241666666666667,ROUTE_TheMiriamHospital,0.350504130518344,3.9683333333333333,ROUTE_RhodeIslandHospital,0.41129872329513273,13.241666666666667,ROUTE_TheMiriamHospital,0.350504130518344,3.9683333333333333
41.644722222198475,-71.52416666658128,91.61100986292738,LVO,ROUTE_RhodeIslandHospital,0.41682125540799203,31.21833333333333,ROUTE_KentHospital,0.3560636749236446,16.403333333333332,ROUTE_RhodeIslandHospital,0.41682125540799203,31.21833333333333,ROUTE_KentHospital,0.3560636749236446,16.403333333333332
41.80666666664305,-71.41555555547009,124.70345386381351,LVO,ROUTE_RhodeIslandHospital,0.41591749882702284,2.0433333333333334,ROUTE_RhodeIslandHospital,0.41591749882702284,2.0433333333333334,ROUTE_RhodeIslandHospital,0.41591749882702284,2.0433333333333334,ROUTE_RhodeIslandHospital,0.41591749882702284,2.0433333333333334
41.689999999976294,-71.26333333324774,144.24830930804393,LVO,ROUTE_RhodeIslandHospital,0.4054195956223827,28.458333333333332,ROUTE_RhodeIslandHospital,0.4054195956223827,28.458333333333332,ROUTE_RhodeIslandHospital,0.4054195956223827,28.458333333333332,ROUTE_RhodeIslandHospital,0.4054195956223827,28.458333333333332
41.64111111108736,-71.4836111110257,151.18360898245908,HEMORRHAGIC,ROUTE_RhodeIslandHospital,0.3425129972551573,30.163333333333334,ROUTE_KentHospital,0.34518677159547506,15.348333333333333,ROUTE_RhodeIslandHospital,0.3425129972551573,30.163333333333334,ROUTE_KentHospital,0.34518677159547506,15.348333333333333
41.831111111087516,-71.40944444435897,164.3614800936603,HEMORRHAGIC,ROUTE_RhodeIslandHospital,0.4059638565394777,5.9399999999999995,ROUTE_RogerWilliamsMedicalCenter,0.34475287086829803,4.5633333333333335,ROUTE_RhodeIslandHospital,0.4059638565394777,5.9399999999999995,ROUTE_RogerWilliamsMedicalCenter,0.34475287086829803,4.5633333333333335
41.780833333309694,-71.43444444435899,260.1560420302665,LVO,ROUTE_RhodeIslandHospital,0.32734294144,9.768333333333334,ROUTE_RhodeIslandHospital,0.32734294144,9.768333333333334,ROUTE_RhodeIslandHospital,0.32734294144,9.768333333333334,ROUTE_RhodeIslandHospital,0.32734294144,9.768333333333334
41.62722222219846,-71.23388888880328,139.49207708061334,NLVO,ROUTE_RhodeIslandHospital,0.34272391692892124,40.68,ROUTE_NewportHospital,0.3457046064154627,24.191666666666666,ROUTE_RhodeIslandHospital,0.34272391692892124,40.68,ROUTE_NewportHospital,0.3457046064154627,24.191666666666666
41.836666666643076,-71.44416666658122,264.3757443599392,NLVO,ROUTE_RogerWilliamsMedicalCenter,0.32734294144,2.3016666666666667,ROUTE_RogerWilliamsMedicalCenter,0.32734294144,2.3016666666666667,ROUTE_RhodeIslandHospital,0.32734294144,9.453333333333335,ROUTE_RogerWilliamsMedicalCenter,0.32734294144,2.3016666666666667
41.473888888865005,-71.49194444435904,186.08483814953087,HEMORRHAGIC,ROUTE_SouthCountyHospital,0.34015482406067354,8.48,ROUTE_SouthCountyHospital,0.34015482406067354,8.48,ROUTE_RhodeIslandHospital,0.32734294144,47.641666666666666,ROUTE_SouthCountyHospital,0.34015482406067354,8.48
41.853055555531974,-71.41888888880342,175.37595533745673,HEMORRHAGIC,ROUTE_RhodeIslandHospital,0.34210702588292996,8.236666666666666,ROUTE_TheMiriamHospital,0.3427971825121822,4.388333333333334,ROUTE_RhodeIslandHospital,0.34210702588292996,8.236666666666666,ROUTE_TheMiriamHospital,0.3427971825121822,4.388333333333334
41.96472222219873,-71.4558333332479,138.04767441628985,HEMORRHAGIC,ROUTE_RhodeIslandHospital,0.40810376700094375,22.823333333333334,ROUTE_LandmarkMedicalCenter,0.3483022612143843,11.443333333333333,ROUTE_RhodeIslandHospital,0.40810376700094375,22.823333333333334,ROUTE_LandmarkMedicalCenter,0.3483022612143843,11.443333333333333
41.66472222219849,-71.61249999991469,170.9544381728636,HEMORRHAGIC,ROUTE_RhodeIslandHospital,0.3383291944953789,33.943333333333335,ROUTE_KentHospital,0.34095161794623063,19.128333333333334,ROUTE_RhodeIslandHospital,0.3383291944953789,33.943333333333335,ROUTE_KentHospital,0.34095161794623063,19.128333333333334
42.00027777775431,-71.51999999991462,143.02958548859795,LVO,ROUTE_RhodeIslandHospital,0.40697833449151005,22.796666666666667,ROUTE_LandmarkMedicalCenter,0.34832847950448265,6.319999999999999,ROUTE_RhodeIslandHospital,0.40697833449151005,22.796666666666667,ROUTE_LandmarkMedicalCenter,0.34832847950448265,6.319999999999999
41.62416666664291,-71.50083333324793,155.4989799831133,HEMORRHAGIC,ROUTE_RhodeIslandHospital,0.3418940491767198,29.303333333333335,ROUTE_KentHospital,0.34456028942586764,14.488333333333333,ROUTE_RhodeIslandHospital,0.3418940491767198,29.303333333333335,ROUTE_KentHospital,0.34456028942586764,14.488333333333333
41.38694444442049,-71.61416666658135,103.29969152933171,LVO,ROUTE_RhodeIslandHospital,0.4077923620571093,58.94166666666667,ROUTE_SouthCountyHospital,0.3545752425143027,12.565,ROUTE_RhodeIslandHospital,0.4077923620571093,58.94166666666667,ROUTE_SouthCountyHospital,0.3545752425143027,12.565
41.763055555531906,-71.49861111102571,110.6103858429998,LVO,ROUTE_RhodeIslandHospital,0.4154296020566562,18.253333333333334,ROUTE_KentHospital,0.3535018046658084,10.946666666666665,ROUTE_RhodeIslandHospital,0.4154296020566562,18.253333333333334,ROUTE_KentHospital,0.3535018046658084,10.946666666666665
41.710833333309644,-71.39444444435895,109.77657933557293,LVO,ROUTE_RhodeIslandHospital,0.41591873803652457,16.965,ROUTE_KentHospital,0.35297078304015295,14.604999999999999,ROUTE_RhodeIslandHospital,0.41591873803652457,16.965,ROUTE_KentHospital,0.35297078304015295,14.604999999999999
41.865833333309766,-71.38722222213673,134.5690467204259,HEMORRHAGIC,ROUTE_RhodeIslandHospital,0.41144069018772206,11.67,ROUTE_TheMiriamHospital,0.3504356326574027,3.3866666666666663,ROUTE_RhodeIslandHospital,0.41144069018772206,11.67,ROUTE_TheMiriamHospital,0.3504356326574027,3.3866666666666663
41.6811111110874,-71.65361111102582,262.34311586912213,LVO,ROUTE_KentHospital,0.32734294144,24.795,ROUTE_KentHospital,0.32734294144,24.795,ROUTE_RhodeIslandHospital,0.32734294144,39.61,ROUTE_KentHospital,0.32734294144,24.795
41.70833333330964,-71.42638888880343,32.16847789695372,LVO,ROUTE_RhodeIslandHospital,0.43314124418739336,20.916666666666668,ROUTE_KentHospital,0.42782318192075186,11.65,ROUTE_RhodeIslandHospital,0.43314124418739336,20.916666666666668,ROUTE_KentHospital,0.42782318192075186,11.65
41.87722222219866,-71.35638888880337,204.88313037944525,NLVO,ROUTE_TheMiriamHospital,0.3366490882176538,9.603333333333333,ROUTE_TheMiriamHospital,0.3366490882176538,9.603333333333333,ROUTE_RhodeIslandHospital,0.3352626726193162,17.573333333333334,ROUTE_TheMiriamHospital,0.3366490882176538,9.603333333333333
41.758611111087454,-71.42777777769231,54.798889425168475,LVO,ROUTE_RhodeIslandHospital,0.42960307411910836,13.256666666666666,ROUTE_RhodeIslandHospital,0.42960307411910836,13.256666666666666,ROUTE_RhodeIslandHospital,0.42960307411910836,13.256666666666666,ROUTE_RhodeIslandHospital,0.42960307411910836,13.256666666666666
41.90777777775424,-71.45999999991457,40.33988568258863,HEMORRHAGIC,ROUTE_RhodeIslandHospital,0.4329561968485752,13.525,ROUTE_OurLadyOfFatimaHospital,0.42671857660197954,10.82,ROUTE_RhodeIslandHospital,0.4329561968485752,13.525,ROUTE_OurLadyOfFatimaHospital,0.42671857660197954,10.82
41.8136111110875,-71.4608333332479,135.7719450989354,HEMORRHAGIC,ROUTE_RhodeIslandHospital,0.41187865460205875,8.553333333333335,ROUTE_RogerWilliamsMedicalCenter,0.3496590053239107,6.37,ROUTE_RhodeIslandHospital,0.41187865460205875,8.553333333333335,ROUTE_RogerWilliamsMedicalCenter,0.3496590053239107,6.37
41.79027777775415,-71.44638888880344,149.56127840737304,HEMORRHAGIC,ROUTE_RhodeIslandHospital,0.4082856289891166,10.51,ROUTE_RhodeIslandHospital,0.4082856289891166,10.51,ROUTE_RhodeIslandHospital,0.4082856289891166,10.51,ROUTE_RhodeIslandHospital,0.4082856289891166,10.51
41.790833333309706,-71.45499999991456,58.890767929710755,NLVO,ROUTE_RhodeIslandHospital,0.4294604342114551,9.770000000000001,ROUTE_RhodeIslandHospital,0.4294604342114551,9.770000000000001,ROUTE_RhodeIslandHospital,0.4294604342114551,9.770000000000001,ROUTE_RhodeIslandHospital,0.4294604342114551,9.770000000000001
41.4777777777539,-71.42222222213675,207.60046529049174,MIMIC,ROUTE_SouthCountyHospital,0.3353504004970699,14.35,ROUTE_SouthCountyHospital,0.3353504004970699,14.35,ROUTE_RhodeIslandHospital,0.32734294144,47.53666666666666,ROUTE_SouthCountyHospital,0.3353504004970699,14.35
41.88749999997645,-71.3977777776923,47.908081844692624,MIMIC,ROUTE_RhodeIslandHospital,0.4310984406962635,13.81,ROUTE_TheMiriamHospital,0.42611756246123234,6.208333333333333,ROUTE_RhodeIslandHospital,0.4310984406962635,13.81,ROUTE_TheMiriamHospital,0.42611756246123234,6.208333333333333
41.932499999976486,-71.43472222213677,182.37532485545916,LVO,ROUTE_RhodeIslandHospital,0.33929636680579106,17.03666666666667,ROUTE_TheMiriamHospital,0.3398729061567573,13.778333333333334,ROUTE_RhodeIslandHospital,0.33929636680579106,17.03666666666667,ROUTE_TheMiriamHospital,0.3398729061567573,13.778333333333334
41.96083333330984,-71.70388888880365,139.18978114826632,MIMIC,ROUTE_RhodeIslandHospital,0.4042944379787562,38.495,ROUTE_LandmarkMedicalCenter,0.3450324289605769,28.19333333333333,ROUTE_RhodeIslandHospital,0.4042944379787562,38.495,ROUTE_LandmarkMedicalCenter,0.3450324289605769,28.19333333333333
41.82055555553195,-71.39833333324785,45.1118217848137,LVO,ROUTE_RhodeIslandHospital,0.4341593951861052,3.6783333333333332,ROUTE_RhodeIslandHospital,0.4341593951861052,3.6783333333333332,ROUTE_RhodeIslandHospital,0.4341593951861052,3.6783333333333332,ROUTE_RhodeIslandHospital,0.4341593951861052,3.6783333333333332
41.857222222198644,-71.46999999991458,106.13273843444584,LVO,ROUTE_RhodeIslandHospital,0.41777000649190854,12.591666666666667,ROUTE_OurLadyOfFatimaHospital,0.35566400309726165,3.985,ROUTE_RhodeIslandHospital,0.41777000649190854,12.591666666666667,ROUTE_OurLadyOfFatimaHospital,0.35566400309726165,3.985
41.71055555553186,-71.45638888880345,151.2797753368595,LVO,ROUTE_RhodeIslandHospital,0.4061127035326688,18.365000000000002,ROUTE_KentHospital,0.3467766008235122,6.526666666666667,ROUTE_RhodeIslandHospital,0.4061127035326688,18.365000000000002,ROUTE_KentHospital,0.3467766008235122,6.526666666666667
41.81249999997639,-71.45055555547012,77.52071691148143,HEMORRHAGIC,ROUTE_RhodeIslandHospital,0.42566111468623186,7.308333333333334,ROUTE_RogerWilliamsMedicalCenter,0.3606033237898373,6.841666666666667,ROUTE_RhodeIslandHospital,0.42566111468623186,7.308333333333334,ROUTE_RogerWilliamsMedicalCenter,0.3606033237898373,6.841666666666667
41.51222222219837,-71.17083333324767,74.54905720841816,LVO,ROUTE_RhodeIslandHospital,0.41400139242616385,60.52166666666667,ROUTE_NewportHospital,0.3536146811845004,46.40833333333333,ROUTE_RhodeIslandHospital,0.41400139242616385,60.52166666666667,ROUTE_NewportHospital,0.3536146811845004,46.40833333333333
41.87333333330977,-71.3924999999145,145.18163896570977,HEMORRHAGIC,ROUTE_RhodeIslandHospital,0.40891342696359084,12.129999999999999,ROUTE_TheMiriamHospital,0.3483814348664653,3.8800000000000003,ROUTE_RhodeIslandHospital,0.40891342696359084,12.129999999999999,ROUTE_TheMiriamHospital,0.3483814348664653,3.8800000000000003
41.89194444442089,-71.39416666658119,228.5488135366311,HEMORRHAGIC,ROUTE_TheMiriamHospital,0.32734294144,7.205,ROUTE_TheMiriamHospital,0.32734294144,7.205,ROUTE_RhodeIslandHospital,0.32734294144,14.806666666666667,ROUTE_TheMiriamHospital,0.32734294144,7.205
41.799166666643046,-71.36138888880338,116.7605744781375,LVO,ROUTE_RhodeIslandHospital,0.41624520424995537,8.565,ROUTE_RhodeIslandHospital,0.41624520424995537,8.565,ROUTE_RhodeIslandHospital,0.41624520424995537,8.565,ROUTE_RhodeIslandHospital,0.41624520424995537,8.565
41.829444444420844,-71.441944444359,171.76175430444053,LVO,ROUTE_RhodeIslandHospital,0.34267118992991136,8.703333333333335,ROUTE_RogerWilliamsMedicalCenter,0.34379160780554313,2.478333333333333,ROUTE_RhodeIslandHospital,0.34267118992991136,8.703333333333335,ROUTE_RogerWilliamsMedicalCenter,0.34379160780554313,2.478333333333333
41.65416666664293,-71.47361111102569,253.17634968584352,LVO,ROUTE_KentHospital,0.32734294144,11.26,ROUTE_KentHospital,0.32734294144,11.26,ROUTE_RhodeIslandHospital,0.32734294144,26.075,ROUTE_KentHospital,0.32734294144,11.26
41.739999999976334,-71.31999999991446,199.35767249727004,LVO,ROUTE_RhodeIslandHospital,0.33550432656737,21.706666666666667,ROUTE_RhodeIslandHospital,0.33550432656737,21.706666666666667,ROUTE_RhodeIslandHospital,0.33550432656737,21.706666666666667,ROUTE_RhodeIslandHospital,0.33550432656737,21.706666666666667
41.868333333309764,-71.36138888880338,48.75790892708743,HEMORRHAGIC,ROUTE_RhodeIslandHospital,0.43035100748990507,16.12666666666667,ROUTE_TheMiriamHospital,0.4251732735164093,9.346666666666666,ROUTE_RhodeIslandHospital,0.43035100748990507,16.12666666666667,ROUTE_TheMiriamHospital,0.4251732735164093,9.346666666666666
41.853333333309756,-71.44555555547011,224.32147241648875,MIMIC,ROUTE_OurLadyOfFatimaHospital,0.32734294144,2.9016666666666664,ROUTE_OurLadyOfFatimaHospital,0.32734294144,2.9016666666666664,ROUTE_RhodeIslandHospital,0.32734294144,9.161666666666667,ROUTE_OurLadyOfFatimaHospital,0.32734294144,2.9016666666666664
41.789166666643034,-71.45638888880345,251.43991690867594,LVO,ROUTE_RogerWilliamsMedicalCenter,0.32734294144,10.051666666666668,ROUTE_RogerWilliamsMedicalCenter,0.32734294144,10.051666666666668,ROUTE_RhodeIslandHospital,0.32734294144,10.245000000000001,ROUTE_RogerWilliamsMedicalCenter,0.32734294144,10.051666666666668
41.77638888886525,-71.47138888880346,73.84071438048286,HEMORRHAGIC,ROUTE_RhodeIslandHospital,0.4251124861990765,13.331666666666667,ROUTE_RogerWilliamsMedicalCenter,0.3600968808636881,13.138333333333332,ROUTE_RhodeIslandHospital,0.4251124861990765,13.331666666666667,ROUTE_RogerWilliamsMedicalCenter,0.3600968808636881,13.138333333333332
41.83277777775418,-71.45138888880345,240.9609100638063,LVO,ROUTE_RogerWilliamsMedicalCenter,0.32734294144,2.0433333333333334,ROUTE_RogerWilliamsMedicalCenter,0.32734294144,2.0433333333333334,ROUTE_RhodeIslandHospital,0.32734294144,8.885,ROUTE_RogerWilliamsMedicalCenter,0.32734294144,2.0433333333333334
41.82638888886529,-71.53499999991463,209.01005398105275,MIMIC,ROUTE_RogerWilliamsMedicalCenter,0.3353024998347057,13.216666666666667,ROUTE_RogerWilliamsMedicalCenter,0.3353024998347057,13.216666666666667,ROUTE_RhodeIslandHospital,0.33485799555883955,15.783333333333333,ROUTE_RogerWilliamsMedicalCenter,0.3353024998347057,13.216666666666667
41.75638888886523,-71.62805555547025,101.73214457466098,LVO,ROUTE_RhodeIslandHospital,0.41492136432880034,29.33833333333333,ROUTE_KentHospital,0.3529084067571344,22.98166666666667,ROUTE_RhodeIslandHospital,0.41492136432880034,29.33833333333333,ROUTE_KentHospital,0.3529084067571344,22.98166666666667
41.3755555555316,-71.5049999999146,257.1524500635603,HEMORRHAGIC,ROUTE_SouthCountyHospital,0.32734294144,11.315,ROUTE_SouthCountyHospital,0.32734294144,11.315,ROUTE_RhodeIslandHospital,0.32734294144,56.455000000000005,ROUTE_SouthCountyHospital,0.32734294144,11.315
41.53249999997617,-71.73388888880368,123.89214257653455,LVO,ROUTE_RhodeIslandHospital,0.4055717495205868,48.141666666666666,ROUTE_WesterlyHospital,0.348084728452802,26.78166666666667,ROUTE_RhodeIslandHospital,0.4055717495205868,48.141666666666666,ROUTE_WesterlyHospital,0.348084728452802,26.78166666666667
41.62416666664291,-71.17833333324768,211.3499255534277,NLVO,ROUTE_NewportHospital,0.32734294144,31.038333333333334,ROUTE_NewportHospital,0.32734294144,31.038333333333334,ROUTE_RhodeIslandHospital,0.32734294144,45.15333333333333,ROUTE_NewportHospital,0.32734294144,31.038333333333334
41.871388888865326,-71.43444444435899,257.63547602062243,HEMORRHAGIC,ROUTE_OurLadyOfFatimaHospital,0.32734294144,6.1033333333333335,ROUTE_OurLadyOfFatimaHospital,0.32734294144,6.1033333333333335,ROUTE_RhodeIslandHospital,0.32734294144,9.428333333333335,ROUTE_OurLadyOfFatimaHospital,0.32734294144,6.1033333333333335
41.69722222219852,-71.49999999991459,140.90650987150497,LVO,ROUTE_RhodeIslandHospital,0.4075233122084463,22.51833333333333,ROUTE_KentHospital,0.34891596415461346,5.255,ROUTE_RhodeIslandHospital,0.4075233122084463,22.51833333333333,ROUTE_KentHospital,0.34891596415461346,5.255
41.70972222219853,-71.5491666665813,217.3042967391704,LVO,ROUTE_KentHospital,0.32734294144,10.785,ROUTE_KentHospital,0.32734294144,10.785,ROUTE_RhodeIslandHospital,0.32734294144,26.761666666666667,ROUTE_KentHospital,0.32734294144,10.785
41.886666666643116,-71.36805555547005,210.0459148988579,NLVO,ROUTE_TheMiriamHospital,0.3359164308986859,8.645000000000001,ROUTE_TheMiriamHospital,0.3359164308986859,8.645000000000001,ROUTE_RhodeIslandHospital,0.32734294144,16.593333333333334,ROUTE_TheMiriamHospital,0.3359164308986859,8.645000000000001
41.833611111087514,-71.47805555547014,231.6409627549343,HEMORRHAGIC,ROUTE_RogerWilliamsMedicalCenter,0.32734294144,6.326666666666667,ROUTE_RogerWilliamsMedicalCenter,0.32734294144,6.326666666666667,ROUTE_RhodeIslandHospital,0.32734294144,12.479999999999999,ROUTE_RogerWilliamsMedicalCenter,0.32734294144,6.326666666666667
41.65055555553182,-71.70249999991476,190.87609122536261,NLVO,ROUTE_KentHospital,0.3360241840407865,27.196666666666665,ROUTE_KentHospital,0.3360241840407865,27.196666666666665,ROUTE_RhodeIslandHospital,0.32734294144,42.01,ROUTE_KentHospital,0.3360241840407865,27.196666666666665
41.81222222219861,-71.6602777776925,216.83906454821744,HEMORRHAGIC,ROUTE_RogerWilliamsMedicalCenter,0.32734294144,22.5,ROUTE_RogerWilliamsMedicalCenter,0.32734294144,22.5,ROUTE_RhodeIslandHospital,0.32734294144,25.066666666666666,ROUTE_RogerWilliamsMedicalCenter,0.32734294144,22.5
41.88833333330978,-71.39999999991451,43.49403439814835,LVO,ROUTE_RhodeIslandHospital,0.43217371260433063,13.676666666666668,ROUTE_TheMiriamHospital,0.4271962068055843,6.075,ROUTE_RhodeIslandHospital,0.43217371260433063,13.676666666666668,ROUTE_TheMiriamHospital,0.4271962068055843,6.075
41.67999999997628,-71.52333333324795,233.42553543177084,LVO,ROUTE_KentHospital,0.32734294144,7.97,ROUTE_KentHospital,0.32734294144,7.97,ROUTE_RhodeIslandHospital,0.32734294144,25.853333333333335,ROUTE_KentHospital,0.32734294144,7.97
41.80499999997638,-71.48305555547014,223.58840967412382,NLVO,ROUTE_RogerWilliamsMedicalCenter,0.32734294144,9.868333333333334,ROUTE_RogerWilliamsMedicalCenter,0.32734294144,9.868333333333334,ROUTE_RhodeIslandHospital,0.32734294144,11.868333333333334,ROUTE_RogerWilliamsMedicalCenter,0.32734294144,9.868333333333334
41.83138888886529,-71.43666666658122,46.1958682361672,NLVO,ROUTE_RhodeIslandHospital,0.4328372570097639,8.171666666666667,ROUTE_RogerWilliamsMedicalCenter,0.4277800891161573,1.4733333333333334,ROUTE_RhodeIslandHospital,0.4328372570097639,8.171666666666667,ROUTE_RogerWilliamsMedicalCenter,0.4277800891161573,1.4733333333333334
41.77722222219858,-71.52694444435906,228.96259214797826,NLVO,ROUTE_KentHospital,0.32734294144,14.548333333333334,ROUTE_KentHospital,0.32734294144,14.548333333333334,ROUTE_RhodeIslandHospital,0.32734294144,18.173333333333336,ROUTE_KentHospital,0.32734294144,14.548333333333334
41.751666666643004,-71.39694444435897,221.1516289020556,HEMORRHAGIC,ROUTE_RhodeIslandHospital,0.32734294144,11.621666666666666,ROUTE_RhodeIslandHospital,0.32734294144,11.621666666666666,ROUTE_RhodeIslandHospital,0.32734294144,11.621666666666666,ROUTE_RhodeIslandHospital,0.32734294144,11.621666666666666
41.609999999976225,-71.44861111102567,77.68442730133239,HEMORRHAGIC,ROUTE_RhodeIslandHospital,0.4199112251168931,31.8,ROUTE_KentHospital,0.35861491088886766,16.985,ROUTE_RhodeIslandHospital,0.4199112251168931,31.8,ROUTE_KentHospital,0.35861491088886766,16.985
41.47305555553167,-71.51499999991461,173.66846284728476,LVO,ROUTE_SouthCountyHospital,0.3425808431450134,7.3,ROUTE_SouthCountyHospital,0.3425808431450134,7.3,ROUTE_RhodeIslandHospital,0.3354028072775308,47.980000000000004,ROUTE_SouthCountyHospital,0.3425808431450134,7.3
41.88138888886533,-71.37111111102561,172.38520377499597,HEMORRHAGIC,ROUTE_RhodeIslandHospital,0.3410900609550506,16.92,ROUTE_TheMiriamHospital,0.3426255161710465,8.335,ROUTE_RhodeIslandHospital,0.3410900609550506,16.92,ROUTE_TheMiriamHospital,0.3426255161710465,8.335
41.82722222219862,-71.37305555547005,36.02124779083434,LVO,ROUTE_RhodeIslandHospital,0.43512024238708247,8.723333333333333,ROUTE_TheMiriamHospital,0.42847474958003934,8.166666666666666,ROUTE_RhodeIslandHospital,0.43512024238708247,8.723333333333333,ROUTE_TheMiriamHospital,0.42847474958003934,8.166666666666666
41.43333333330942,-71.6563888888036,250.42249006657548,HEMORRHAGIC,ROUTE_SouthCountyHospital,0.32734294144,19.168333333333333,ROUTE_SouthCountyHospital,0.32734294144,19.168333333333333,ROUTE_RhodeIslandHospital,0.32734294144,53.88666666666666,ROUTE_SouthCountyHospital,0.32734294144,19.168333333333333
41.528055555531715,-71.29499999991444,94.83058000540262,HEMORRHAGIC,ROUTE_RhodeIslandHospital,0.41160835019263,50.675,ROUTE_NewportHospital,0.3571569062359801,7.448333333333333,ROUTE_RhodeIslandHospital,0.41160835019263,50.675,ROUTE_NewportHospital,0.3571569062359801,7.448333333333333
41.83555555553196,-71.3938888888034,117.17922635329688,HEMORRHAGIC,ROUTE_RhodeIslandHospital,0.41649845663903257,7.048333333333333,ROUTE_TheMiriamHospital,0.3534493355456938,4.656666666666666,ROUTE_RhodeIslandHospital,0.41649845663903257,7.048333333333333,ROUTE_TheMiriamHospital,0.3534493355456938,4.656666666666666
41.853055555531974,-71.44277777769233,256.9453948632454,HEMORRHAGIC,ROUTE_OurLadyOfFatimaHospital,0.32734294144,3.8633333333333337,ROUTE_OurLadyOfFatimaHospital,0.32734294144,3.8633333333333337,ROUTE_RhodeIslandHospital,0.32734294144,9.411666666666667,ROUTE_OurLadyOfFatimaHospital,0.32734294144,3.8633333333333337
41.81638888886528,-71.38166666658117,141.57918669750268,LVO,ROUTE_RhodeIslandHospital,0.4108751872686027,7.133333333333334,ROUTE_RhodeIslandHospital,0.4108751872686027,7.133333333333334,ROUTE_RhodeIslandHospital,0.4108751872686027,7.133333333333334,ROUTE_RhodeIslandHospital,0.4108751872686027,7.133333333333334
41.70416666664297,-71.40888888880342,83.49616760312406,MIMIC,ROUTE_RhodeIslandHospital,0.4215819138476349,18.8,ROUTE_KentHospital,0.3585372814380973,11.576666666666666,ROUTE_RhodeIslandHospital,0.4215819138476349,18.8,ROUTE_KentHospital,0.3585372814380973,11.576666666666666
41.52027777775393,-71.27361111102553,156.51542561892262,MIMIC,ROUTE_RhodeIslandHospital,0.3374722692663493,53.26166666666666,ROUTE_NewportHospital,0.34560068156277485,7.738333333333333,ROUTE_RhodeIslandHospital,0.3374722692663493,53.26166666666666,ROUTE_NewportHospital,0.34560068156277485,7.738333333333333
41.71749999997631,-71.54499999991464,50.215103767951646,LVO,ROUTE_RhodeIslandHospital,0.42756843617503704,26.486666666666668,ROUTE_KentHospital,0.4235551686061088,11.604999999999999,ROUTE_RhodeIslandHospital,0.42756843617503704,26.486666666666668,ROUTE_KentHospital,0.4235551686061088,11.604999999999999
41.450277777753875,-71.5049999999146,186.80108874146262,HEMORRHAGIC,ROUTE_SouthCountyHospital,0.34074817417955766,4.423333333333333,ROUTE_SouthCountyHospital,0.34074817417955766,4.423333333333333,ROUTE_RhodeIslandHospital,0.32734294144,51.08166666666667,ROUTE_SouthCountyHospital,0.34074817417955766,4.423333333333333
41.73972222219855,-71.70305555547031,55.58147832972307,HEMORRHAGIC,ROUTE_RhodeIslandHospital,0.4243203714443605,34.97666666666667,ROUTE_KentHospital,0.3606811702370956,28.378333333333334,ROUTE_RhodeIslandHospital,0.4243203714443605,34.97666666666667,ROUTE_KentHospital,0.3606811702370956,28.378333333333334
41.818611111087506,-71.42694444435898,95.27904371492299,LVO,ROUTE_RhodeIslandHospital,0.42217416145478825,4.475,ROUTE_RhodeIslandHospital,0.42217416145478825,4.475,ROUTE_RhodeIslandHospital,0.42217416145478825,4.475,ROUTE_RhodeIslandHospital,0.42217416145478825,4.475
41.88888888886534,-71.54111111102574,234.86429036660783,HEMORRHAGIC,ROUTE_OurLadyOfFatimaHospital,0.32734294144,13.57,ROUTE_OurLadyOfFatimaHospital,0.32734294144,13.57,ROUTE_RhodeIslandHospital,0.32734294144,22.495,ROUTE_OurLadyOfFatimaHospital,0.32734294144,13.57
41.730833333309654,-71.52638888880351,235.75562560971318,HEMORRHAGIC,ROUTE_KentHospital,0.32734294144,18.858333333333334,ROUTE_KentHospital,0.32734294144,18.858333333333334,ROUTE_RhodeIslandHospital,0.32734294144,30.62,ROUTE_KentHospital,0.32734294144,18.858333333333334
41.72999999997632,-71.28444444435887,180.6562847906414,HEMORRHAGIC,ROUTE_RhodeIslandHospital,0.3385735445636943,22.853333333333335,ROUTE_RhodeIslandHospital,0.3385735445636943,22.853333333333335,ROUTE_RhodeIslandHospital,0.3385735445636943,22.853333333333335,ROUTE_RhodeIslandHospital,0.3385735445636943,22.853333333333335
41.689999999976294,-71.27416666658108,142.36437970639992,LVO,ROUTE_RhodeIslandHospital,0.40572287532721213,29.001666666666665,ROUTE_RhodeIslandHospital,0.40572287532721213,29.001666666666665,ROUTE_RhodeIslandHospital,0.40572287532721213,29.001666666666665,ROUTE_RhodeIslandHospital,0.40572287532721213,29.001666666666665
41.693333333309624,-71.6061111110258,181.24855150462218,HEMORRHAGIC,ROUTE_KentHospital,0.33873656651682776,21.334999999999997,ROUTE_KentHospital,0.33873656651682776,21.334999999999997,ROUTE_RhodeIslandHospital,0.3356077767788949,39.218333333333334,ROUTE_KentHospital,0.33873656651682776,21.334999999999997
41.981111111087635,-71.52472222213684,126.08327989056035,HEMORRHAGIC,ROUTE_RhodeIslandHospital,0.41158286697268565,19.535,ROUTE_LandmarkMedicalCenter,0.3512681925730728,7.3983333333333325,ROUTE_RhodeIslandHospital,0.41158286697268565,19.535,ROUTE_LandmarkMedicalCenter,0.3512681925730728,7.3983333333333325
41.84944444442086,-71.40055555547008,247.97301349505312,LVO,ROUTE_TheMiriamHospital,0.32734294144,1.6366666666666667,ROUTE_TheMiriamHospital,0.32734294144,1.6366666666666667,ROUTE_RhodeIslandHospital,0.32734294144,10.595,ROUTE_TheMiriamHospital,0.32734294144,1.6366666666666667
41.92805555553203,-71.44972222213678,198.97081396511248,LVO,ROUTE_LandmarkMedicalCenter,0.3375226662692095,10.520000000000001,ROUTE_LandmarkMedicalCenter,0.3375226662692095,10.520000000000001,ROUTE_RhodeIslandHospital,0.336968892232249,13.683333333333334,ROUTE_LandmarkMedicalCenter,0.3375226662692095,10.520000000000001
41.78194444442081,-71.71361111102588,51.838289956069026,LVO,ROUTE_RhodeIslandHospital,0.4260713157481228,31.241666666666667,ROUTE_RogerWilliamsMedicalCenter,0.4200261980495731,28.675,ROUTE_RhodeIslandHospital,0.4260713157481228,31.241666666666667,ROUTE_RogerWilliamsMedicalCenter,0.4200261980495731,28.675
41.721111111087424,-71.25305555546996,228.07549933509705,HEMORRHAGIC,ROUTE_RhodeIslandHospital,0.32734294144,28.456666666666667,ROUTE_RhodeIslandHospital,0.32734294144,28.456666666666667,ROUTE_RhodeIslandHospital,0.32734294144,28.456666666666667,ROUTE_RhodeIslandHospital,0.32734294144,28.456666666666667
41.99944444442098,-71.5313888888035,91.55770057746994,LVO,ROUTE_RhodeIslandHospital,0.41884318203871335,22.53166666666667,ROUTE_LandmarkMedicalCenter,0.3578841028416103,6.92,ROUTE_RhodeIslandHospital,0.41884318203871335,22.53166666666667,ROUTE_LandmarkMedicalCenter,0.3578841028416103,6.92
41.87944444442088,-71.40305555547008,251.623256619144,NLVO,ROUTE_TheMiriamHospital,0.32734294144,6.045,ROUTE_TheMiriamHospital,0.32734294144,6.045,ROUTE_RhodeIslandHospital,0.32734294144,13.370000000000001,ROUTE_TheMiriamHospital,0.32734294144,6.045
41.87916666664311,-71.45944444435901,118.775903475891,NLVO,ROUTE_RhodeIslandHospital,0.41494980855296726,12.171666666666665,ROUTE_OurLadyOfFatimaHospital,0.3528597736655809,6.196666666666667,ROUTE_RhodeIslandHospital,0.41494980855296726,12.171666666666665,ROUTE_OurLadyOfFatimaHospital,0.3528597736655809,6.196666666666667
41.763611111087464,-71.34166666658113,111.30089225600318,LVO,ROUTE_RhodeIslandHospital,0.41589453328374804,15.545,ROUTE_RhodeIslandHospital,0.41589453328374804,15.545,ROUTE_RhodeIslandHospital,0.41589453328374804,15.545,ROUTE_RhodeIslandHospital,0.41589453328374804,15.545
41.883055555532,-71.39055555547007,224.05262514067562,LVO,ROUTE_TheMiriamHospital,0.32734294144,6.6850000000000005,ROUTE_TheMiriamHospital,0.32734294144,6.6850000000000005,ROUTE_RhodeIslandHospital,0.32734294144,14.411666666666667,ROUTE_TheMiriamHospital,0.32734294144,6.6850000000000005
41.87583333330977,-71.42777777769231,93.77586685944433,LVO,ROUTE_RhodeIslandHospital,0.4211752758899605,10.268333333333334,ROUTE_OurLadyOfFatimaHospital,0.3573380108804662,7.556666666666667,ROUTE_RhodeIslandHospital,0.4211752758899605,10.268333333333334,ROUTE_OurLadyOfFatimaHospital,0.3573380108804662,7.556666666666667
41.714166666642974,-71.2727777776922,245.4044430340305,HEMORRHAGIC,ROUTE_RhodeIslandHospital,0.32734294144,26.828333333333333,ROUTE_RhodeIslandHospital,0.32734294144,26.828333333333333,ROUTE_RhodeIslandHospital,0.32734294144,26.828333333333333,ROUTE_RhodeIslandHospital,0.32734294144,26.828333333333333
41.693333333309624,-71.41722222213676,258.15983419200904,HEMORRHAGIC,ROUTE_KentHospital,0.32734294144,12.67,ROUTE_KentHospital,0.32734294144,12.67,ROUTE_RhodeIslandHospital,0.32734294144,24.773333333333333,ROUTE_KentHospital,0.32734294144,12.67
41.56333333330952,-71.25777777769218,192.0034136026136,NLVO,ROUTE_NewportHospital,0.3382291810060865,13.461666666666668,ROUTE_NewportHospital,0.3382291810060865,13.461666666666668,ROUTE_RhodeIslandHospital,0.32734294144,46.211666666666666,ROUTE_NewportHospital,0.3382291810060865,13.461666666666668
41.80416666664305,-71.44333333324789,199.6878630894865,HEMORRHAGIC,ROUTE_RhodeIslandHospital,0.33781254208548595,8.15,ROUTE_RhodeIslandHospital,0.33781254208548595,8.15,ROUTE_RhodeIslandHospital,0.33781254208548595,8.15,ROUTE_RhodeIslandHospital,0.33781254208548595,8.15
41.84277777775419,-71.4241666665812,33.562942827116345,HEMORRHAGIC,ROUTE_RhodeIslandHospital,0.43578735091601695,8.375,ROUTE_RogerWilliamsMedicalCenter,0.43028577410188945,3.5766666666666667,ROUTE_RhodeIslandHospital,0.43578735091601695,8.375,ROUTE_RogerWilliamsMedicalCenter,0.43028577410188945,3.5766666666666667
41.761388888865234,-71.451944444359,106.21163027227013,HEMORRHAGIC,ROUTE_RhodeIslandHospital,0.41689724645649806,16.29,ROUTE_KentHospital,0.35360996053172566,14.770000000000001,ROUTE_RhodeIslandHospital,0.41689724645649806,16.29,ROUTE_KentHospital,0.35360996053172566,14.770000000000001
41.77777777775414,-71.4480555554701,106.04767365210331,LVO,ROUTE_RhodeIslandHospital,0.41789875457801523,12.120000000000001,ROUTE_RhodeIslandHospital,0.41789875457801523,12.120000000000001,ROUTE_RhodeIslandHospital,0.41789875457801523,12.120000000000001,ROUTE_RhodeIslandHospital,0.41789875457801523,12.120000000000001
41.791944444420814,-71.40444444435897,157.58449980235477,LVO,ROUTE_RhodeIslandHospital,0.4078168717189111,4.548333333333333,ROUTE_RhodeIslandHospital,0.4078168717189111,4.548333333333333,ROUTE_RhodeIslandHospital,0.4078168717189111,4.548333333333333,ROUTE_RhodeIslandHospital,0.4078168717189111,4.548333333333333
42.00111111108765,-71.47361111102569,205.1235916534476,LVO,ROUTE_LandmarkMedicalCenter,0.33741988974912335,4.953333333333333,ROUTE_LandmarkMedicalCenter,0.33741988974912335,4.953333333333333,ROUTE_RhodeIslandHospital,0.32734294144,21.133333333333333,ROUTE_LandmarkMedicalCenter,0.33741988974912335,4.953333333333333
41.88166666664311,-71.46555555547013,51.22759953538526,MIMIC,ROUTE_RhodeIslandHospital,0.4305127037555858,12.971666666666666,ROUTE_OurLadyOfFatimaHospital,0.42519804278842616,6.348333333333333,ROUTE_RhodeIslandHospital,0.4305127037555858,12.971666666666666,ROUTE_OurLadyOfFatimaHospital,0.42519804278842616,6.348333333333333
41.614166666642895,-71.47138888880346,36.34038747570607,HEMORRHAGIC,ROUTE_RhodeIslandHospital,0.4301521541971969,29.386666666666667,ROUTE_KentHospital,0.42613788754188237,14.571666666666665,ROUTE_RhodeIslandHospital,0.4301521541971969,29.386666666666667,ROUTE_KentHospital,0.42613788754188237,14.571666666666665
41.49111111108724,-71.55972222213687,194.3149138697051,NLVO,ROUTE_SouthCountyHospital,0.3372714375157929,16.61,ROUTE_SouthCountyHospital,0.3372714375157929,16.61,ROUTE_RhodeIslandHospital,0.32734294144,47.730000000000004,ROUTE_SouthCountyHospital,0.3372714375157929,16.61
41.76527777775413,-71.44555555547011,37.58271873298348,HEMORRHAGIC,ROUTE_RhodeIslandHospital,0.43337651421995715,14.508333333333333,ROUTE_RhodeIslandHospital,0.43337651421995715,14.508333333333333,ROUTE_RhodeIslandHospital,0.43337651421995715,14.508333333333333,ROUTE_RhodeIslandHospital,0.43337651421995715,14.508333333333333
41.846388888865306,-71.42999999991454,101.13207132246873,LVO,ROUTE_RhodeIslandHospital,0.41986523133599585,8.55,ROUTE_RogerWilliamsMedicalCenter,0.35671882558472723,3.4433333333333334,ROUTE_RhodeIslandHospital,0.41986523133599585,8.55,ROUTE_RogerWilliamsMedicalCenter,0.35671882558472723,3.4433333333333334
41.736666666642996,-71.46388888880345,119.54997722188502,NLVO,ROUTE_RhodeIslandHospital,0.4134762465290236,17.80666666666667,ROUTE_KentHospital,0.3522085310385156,8.898333333333333,ROUTE_RhodeIslandHospital,0.4134762465290236,17.80666666666667,ROUTE_KentHospital,0.3522085310385156,8.898333333333333
41.83166666664307,-71.48055555547013,236.3357702909374,MIMIC,ROUTE_RogerWilliamsMedicalCenter,0.32734294144,7.3,ROUTE_RogerWilliamsMedicalCenter,0.32734294144,7.3,ROUTE_RhodeIslandHospital,0.32734294144,13.453333333333335,ROUTE_RogerWilliamsMedicalCenter,0.32734294144,7.3
41.70916666664297,-71.44416666658122,200.87494760295107,LVO,ROUTE_KentHospital,0.33769004163851657,7.66,ROUTE_KentHospital,0.33769004163851657,7.66,ROUTE_RhodeIslandHospital,0.3358069019695142,18.446666666666665,ROUTE_KentHospital,0.33769004163851657,7.66
41.36444444442048,-71.83249999991486,214.9578707371388,LVO,ROUTE_WesterlyHospital,0.3361392579770066,2.453333333333333,ROUTE_WesterlyHospital,0.3361392579770066,2.453333333333333,ROUTE_RhodeIslandHospital,0.32734294144,59.98166666666667,ROUTE_WesterlyHospital,0.3361392579770066,2.453333333333333
41.8249999999764,-71.40222222213674,145.8920387435214,LVO,ROUTE_RhodeIslandHospital,0.4103866212619597,4.958333333333333,ROUTE_RhodeIslandHospital,0.4103866212619597,4.958333333333333,ROUTE_RhodeIslandHospital,0.4103866212619597,4.958333333333333,ROUTE_RhodeIslandHospital,0.4103866212619597,4.958333333333333
41.821111111087504,-71.46138888880346,183.208606863944,HEMORRHAGIC,ROUTE_RhodeIslandHospital,0.34053199919507715,9.231666666666666,ROUTE_RogerWilliamsMedicalCenter,0.3413059486836098,4.885000000000001,ROUTE_RhodeIslandHospital,0.34053199919507715,9.231666666666666,ROUTE_RogerWilliamsMedicalCenter,0.3413059486836098,4.885000000000001
41.77027777775413,-71.44055555547011,240.64165638027353,HEMORRHAGIC,ROUTE_RhodeIslandHospital,0.32734294144,12.34,ROUTE_RhodeIslandHospital,0.32734294144,12.34,ROUTE_RhodeIslandHospital,0.32734294144,12.34,ROUTE_RhodeIslandHospital,0.32734294144,12.34
41.874166666643106,-71.44416666658122,218.3306557843958,LVO,ROUTE_OurLadyOfFatimaHospital,0.33491469924750805,6.135000000000001,ROUTE_OurLadyOfFatimaHospital,0.33491469924750805,6.135000000000001,ROUTE_RhodeIslandHospital,0.32734294144,12.110000000000001,ROUTE_OurLadyOfFatimaHospital,0.33491469924750805,6.135000000000001
41.92777777775426,-71.3913888888034,264.80120999814176,LVO,ROUTE_TheMiriamHospital,0.32734294144,14.305,ROUTE_TheMiriamHospital,0.32734294144,14.305,ROUTE_RhodeIslandHospital,0.32734294144,21.141666666666666,ROUTE_TheMiriamHospital,0.32734294144,14.305
41.52472222219838,-71.30583333324778,241.12341551456473,LVO,ROUTE_NewportHospital,0.32734294144,7.501666666666667,ROUTE_NewportHospital,0.32734294144,7.501666666666667,ROUTE_RhodeIslandHospital,0.32734294144,54.208333333333336,ROUTE_NewportHospital,0.32734294144,7.501666666666667
41.82027777775417,-71.461944444359,117.37663068419904,LVO,ROUTE_RhodeIslandHospital,0.41594601108328716,9.246666666666666,ROUTE_RogerWilliamsMedicalCenter,0.3533077195109112,5.211666666666667,ROUTE_RhodeIslandHospital,0.41594601108328716,9.246666666666666,ROUTE_RogerWilliamsMedicalCenter,0.3533077195109112,5.211666666666667
41.81666666664306,-71.45305555547012,194.51907222352887,LVO,ROUTE_RhodeIslandHospital,0.3387374148072879,8.06,ROUTE_RogerWilliamsMedicalCenter,0.3389833879093079,6.665,ROUTE_RhodeIslandHospital,0.3387374148072879,8.06,ROUTE_RogerWilliamsMedicalCenter,0.3389833879093079,6.665
41.812777777754164,-71.65944444435917,263.3648589770089,HEMORRHAGIC,ROUTE_RogerWilliamsMedicalCenter,0.32734294144,22.586666666666666,ROUTE_RogerWilliamsMedicalCenter,0.32734294144,22.586666666666666,ROUTE_RhodeIslandHospital,0.32734294144,25.153333333333332,ROUTE_RogerWilliamsMedicalCenter,0.32734294144,22.586666666666666
41.546111111087285,-71.38027777769229,178.87868992969013,LVO,ROUTE_NewportHospital,0.34030756577543286,14.825,ROUTE_NewportHospital,0.34030756577543286,14.825,ROUTE_RhodeIslandHospital,0.32734294144,47.815000000000005,ROUTE_NewportHospital,0.34030756577543286,14.825
41.797499999976374,-71.41249999991453,102.32041136738238,LVO,ROUTE_RhodeIslandHospital,0.4206702727460463,3.896666666666667,ROUTE_RhodeIslandHospital,0.4206702727460463,3.896666666666667,ROUTE_RhodeIslandHospital,0.4206702727460463,3.896666666666667,ROUTE_RhodeIslandHospital,0.4206702727460463,3.896666666666667
41.838055555531966,-71.43277777769232,64.043374682244,LVO,ROUTE_RhodeIslandHospital,0.42876836029598,7.556666666666667,ROUTE_RogerWilliamsMedicalCenter,0.42350552782903983,1.6816666666666669,ROUTE_RhodeIslandHospital,0.42876836029598,7.556666666666667,ROUTE_RogerWilliamsMedicalCenter,0.42350552782903983,1.6816666666666669
41.78888888886526,-71.40138888880341,140.4382378658123,LVO,ROUTE_RhodeIslandHospital,0.4116152170951111,5.038333333333333,ROUTE_RhodeIslandHospital,0.4116152170951111,5.038333333333333,ROUTE_RhodeIslandHospital,0.4116152170951111,5.038333333333333,ROUTE_RhodeIslandHospital,0.4116152170951111,5.038333333333333
41.821388888865286,-71.39499999991452,210.09088981620567,HEMORRHAGIC,ROUTE_RhodeIslandHospital,0.3366377872399055,4.46,ROUTE_RhodeIslandHospital,0.3366377872399055,4.46,ROUTE_RhodeIslandHospital,0.3366377872399055,4.46,ROUTE_RhodeIslandHospital,0.3366377872399055,4.46
42.00111111108765,-71.51583333324794,77.13455145391106,MIMIC,ROUTE_RhodeIslandHospital,0.4222424694695198,22.326666666666664,ROUTE_LandmarkMedicalCenter,0.36115828963314317,4.364999999999999,ROUTE_RhodeIslandHospital,0.4222424694695198,22.326666666666664,ROUTE_LandmarkMedicalCenter,0.36115828963314317,4.364999999999999
41.74944444442078,-71.46361111102568,219.39810649404998,HEMORRHAGIC,ROUTE_KentHospital,0.32734294144,13.188333333333333,ROUTE_KentHospital,0.32734294144,13.188333333333333,ROUTE_RhodeIslandHospital,0.32734294144,19.668333333333333,ROUTE_KentHospital,0.32734294144,13.188333333333333
41.68833333330962,-71.52249999991461,148.00519121939004,LVO,ROUTE_RhodeIslandHospital,0.405428520330816,24.66166666666667,ROUTE_KentHospital,0.34733033135280594,6.776666666666667,ROUTE_RhodeIslandHospital,0.405428520330816,24.66166666666667,ROUTE_KentHospital,0.34733033135280594,6.776666666666667
41.88444444442089,-71.3774999999145,94.12274908723398,HEMORRHAGIC,ROUTE_RhodeIslandHospital,0.4199123110802489,15.356666666666666,ROUTE_TheMiriamHospital,0.35725727879495117,7.631666666666666,ROUTE_RhodeIslandHospital,0.4199123110802489,15.356666666666666,ROUTE_TheMiriamHospital,0.35725727879495117,7.631666666666666
41.61722222219846,-71.16999999991434,77.00923945698082,HEMORRHAGIC,ROUTE_RhodeIslandHospital,0.4160044414601657,49.36,ROUTE_NewportHospital,0.35525848563260387,35.24666666666667,ROUTE_RhodeIslandHospital,0.4160044414601657,49.36,ROUTE_NewportHospital,0.35525848563260387,35.24666666666667
41.696111111087404,-71.38444444435895,240.10147317946794,HEMORRHAGIC,ROUTE_KentHospital,0.32734294144,16.91,ROUTE_KentHospital,0.32734294144,16.91,ROUTE_RhodeIslandHospital,0.32734294144,21.381666666666668,ROUTE_KentHospital,0.32734294144,16.91
41.676666666642944,-71.57722222213688,61.97550900727424,LVO,ROUTE_RhodeIslandHospital,0.4232329046697724,33.23833333333333,ROUTE_KentHospital,0.36196881580376195,15.353333333333333,ROUTE_RhodeIslandHospital,0.4232329046697724,33.23833333333333,ROUTE_KentHospital,0.36196881580376195,15.353333333333333
41.849166666643086,-71.39222222213674,35.348798147281144,LVO,ROUTE_RhodeIslandHospital,0.43529343674623455,8.666666666666666,ROUTE_TheMiriamHospital,0.4301629946987887,1.7483333333333335,ROUTE_RhodeIslandHospital,0.43529343674623455,8.666666666666666,ROUTE_TheMiriamHospital,0.4301629946987887,1.7483333333333335
41.951944444420946,-71.44111111102566,171.56451182426514,LVO,ROUTE_RhodeIslandHospital,0.3410727196073042,17.83833333333333,ROUTE_LandmarkMedicalCenter,0.3425441409438337,9.608333333333333,ROUTE_RhodeIslandHospital,0.3410727196073042,17.83833333333333,ROUTE_LandmarkMedicalCenter,0.3425441409438337,9.608333333333333
41.828333333309736,-71.43999999991455,88.5761240353151,LVO,ROUTE_RhodeIslandHospital,0.42288246099540994,8.139999999999999,ROUTE_RogerWilliamsMedicalCenter,0.3592028893824768,3.0366666666666666,ROUTE_RhodeIslandHospital,0.42288246099540994,8.139999999999999,ROUTE_RogerWilliamsMedicalCenter,0.3592028893824768,3.0366666666666666
41.98222222219874,-71.42527777769232,159.0055216174242,LVO,ROUTE_RhodeIslandHospital,0.3423828748431953,23.066666666666666,ROUTE_LandmarkMedicalCenter,0.3446402347689487,10.54,ROUTE_RhodeIslandHospital,0.3423828748431953,23.066666666666666,ROUTE_LandmarkMedicalCenter,0.3446402347689487,10.54
41.84305555553197,-71.4052777776923,172.45888510693544,MIMIC,ROUTE_RhodeIslandHospital,0.34248045078448064,9.07,ROUTE_TheMiriamHospital,0.3434623547492355,3.606666666666667,ROUTE_RhodeIslandHospital,0.34248045078448064,9.07,ROUTE_TheMiriamHospital,0.3434623547492355,3.606666666666667
41.430833333309415,-71.53583333324796,116.26905242886721,LVO,ROUTE_RhodeIslandHospital,0.4063399617332926,52.37166666666667,ROUTE_SouthCountyHospital,0.3535270233886215,5.153333333333333,ROUTE_RhodeIslandHospital,0.4063399617332926,52.37166666666667,ROUTE_SouthCountyHospital,0.3535270233886215,5.153333333333333
41.721111111087424,-71.45999999991457,110.63695694941407,LVO,ROUTE_RhodeIslandHospital,0.4153777533250681,18.451666666666664,ROUTE_KentHospital,0.3539079012121303,8.763333333333332,ROUTE_RhodeIslandHospital,0.4153777533250681,18.451666666666664,ROUTE_KentHospital,0.3539079012121303,8.763333333333332
41.785833333309704,-71.45416666658123,67.63867266654484,MIMIC,ROUTE_RhodeIslandHospital,0.42705236488994114,11.26,ROUTE_RogerWilliamsMedicalCenter,0.4204504727772118,11.066666666666666,ROUTE_RhodeIslandHospital,0.42705236488994114,11.26,ROUTE_RogerWilliamsMedicalCenter,0.4204504727772118,11.066666666666666
41.868611111087546,-71.58444444435911,259.1400483856791,LVO,ROUTE_OurLadyOfFatimaHospital,0.32734294144,20.970000000000002,ROUTE_OurLadyOfFatimaHospital,0.32734294144,20.970000000000002,ROUTE_RhodeIslandHospital,0.32734294144,24.365000000000002,ROUTE_OurLadyOfFatimaHospital,0.32734294144,20.970000000000002
41.8388888888653,-71.44277777769233,212.04981220902772,LVO,ROUTE_RogerWilliamsMedicalCenter,0.3365728379663231,2.8733333333333335,ROUTE_RogerWilliamsMedicalCenter,0.3365728379663231,2.8733333333333335,ROUTE_RhodeIslandHospital,0.33552397154178454,8.9,ROUTE_RogerWilliamsMedicalCenter,0.3365728379663231,2.8733333333333335
41.444722222198315,-71.5188888888035,240.40456533405313,HEMORRHAGIC,ROUTE_SouthCountyHospital,0.32734294144,6.858333333333333,ROUTE_SouthCountyHospital,0.32734294144,6.858333333333333,ROUTE_RhodeIslandHospital,0.32734294144,54.57666666666667,ROUTE_SouthCountyHospital,0.32734294144,6.858333333333333
41.659999999976264,-71.56555555547021,114.04795251326063,NLVO,ROUTE_RhodeIslandHospital,0.41168717811578265,31.113333333333333,ROUTE_KentHospital,0.351853261814502,16.298333333333332,ROUTE_RhodeIslandHospital,0.41168717811578265,31.113333333333333,ROUTE_KentHospital,0.351853261814502,16.298333333333332
41.781666666643034,-71.54222222213686,125.29600337210793,LVO,ROUTE_RhodeIslandHospital,0.4114403569654335,20.945,ROUTE_KentHospital,0.3496028979385611,17.15,ROUTE_RhodeIslandHospital,0.4114403569654335,20.945,ROUTE_KentHospital,0.3496028979385611,17.15
41.929722222198706,-71.42249999991454,178.67148991592745,NLVO,ROUTE_RhodeIslandHospital,0.3398901851091931,17.384999999999998,ROUTE_TheMiriamHospital,0.34098592609058925,11.218333333333334,ROUTE_RhodeIslandHospital,0.3398901851091931,17.384999999999998,ROUTE_TheMiriamHospital,0.34098592609058925,11.218333333333334
41.792777777754154,-71.41361111102565,155.1054946566184,MIMIC,ROUTE_RhodeIslandHospital,0.4080612542228029,5.951666666666667,ROUTE_RhodeIslandHospital,0.4080612542228029,5.951666666666667,ROUTE_RhodeIslandHospital,0.4080612542228029,5.951666666666667,ROUTE_RhodeIslandHospital,0.4080612542228029,5.951666666666667
41.846388888865306,-71.42249999991454,51.22878657738073,LVO,ROUTE_RhodeIslandHospital,0.43140947060858503,9.173333333333334,ROUTE_RogerWilliamsMedicalCenter,0.4258197119815462,4.705,ROUTE_RhodeIslandHospital,0.43140947060858503,9.173333333333334,ROUTE_RogerWilliamsMedicalCenter,0.4258197119815462,4.705
41.77638888886525,-71.35833333324781,135.066225033806,HEMORRHAGIC,ROUTE_RhodeIslandHospital,0.41130989083383174,11.745000000000001,ROUTE_RhodeIslandHospital,0.41130989083383174,11.745000000000001,ROUTE_RhodeIslandHospital,0.41130989083383174,11.745000000000001,ROUTE_RhodeIslandHospital,0.41130989083383174,11.745000000000001
41.78555555553192,-71.44277777769233,248.07738866559944,LVO,ROUTE_RhodeIslandHospital,0.32734294144,10.886666666666667,ROUTE_RhodeIslandHospital,0.32734294144,10.886666666666667,ROUTE_RhodeIslandHospital,0.32734294144,10.886666666666667,ROUTE_RhodeIslandHospital,0.32734294144,10.886666666666667
41.69249999997629,-71.43472222213677,150.85595294697566,LVO,ROUTE_RhodeIslandHospital,0.4052021748570911,22.811666666666667,ROUTE_KentHospital,0.3462097594582346,10.055,ROUTE_RhodeIslandHospital,0.4052021748570911,22.811666666666667,ROUTE_KentHospital,0.3462097594582346,10.055
41.83694444442085,-71.44888888880345,198.60374461608447,LVO,ROUTE_RhodeIslandHospital,0.3377003961308282,9.873333333333333,ROUTE_RogerWilliamsMedicalCenter,0.3389039022875135,3.0316666666666667,ROUTE_RhodeIslandHospital,0.3377003961308282,9.873333333333333,ROUTE_RogerWilliamsMedicalCenter,0.3389039022875135,3.0316666666666667
41.70749999997631,-71.49722222213681,197.36722247712032,HEMORRHAGIC,ROUTE_KentHospital,0.33891546092341934,4.201666666666666,ROUTE_KentHospital,0.33891546092341934,4.201666666666666,ROUTE_RhodeIslandHospital,0.33565764323313485,22.813333333333333,ROUTE_KentHospital,0.33891546092341934,4.201666666666666
41.684444444420734,-71.52333333324795,220.9417542958847,HEMORRHAGIC,ROUTE_KentHospital,0.32734294144,7.333333333333333,ROUTE_KentHospital,0.32734294144,7.333333333333333,ROUTE_RhodeIslandHospital,0.32734294144,25.21833333333333,ROUTE_KentHospital,0.32734294144,7.333333333333333
41.969999999976515,-71.4697222221368,91.43479041010195,LVO,ROUTE_RhodeIslandHospital,0.4199870913892361,17.723333333333336,ROUTE_LandmarkMedicalCenter,0.3577466604192725,7.761666666666667,ROUTE_RhodeIslandHospital,0.4199870913892361,17.723333333333336,ROUTE_LandmarkMedicalCenter,0.3577466604192725,7.761666666666667
41.88166666664311,-71.3586111110256,68.20677087425442,LVO,ROUTE_RhodeIslandHospital,0.42544270236835163,17.555,ROUTE_TheMiriamHospital,0.42069054067420003,8.91,ROUTE_RhodeIslandHospital,0.42544270236835163,17.555,ROUTE_TheMiriamHospital,0.42069054067420003,8.91
41.82083333330973,-71.42749999991455,193.93492605061044,HEMORRHAGIC,ROUTE_RhodeIslandHospital,0.3394498063673762,4.608333333333333,ROUTE_RhodeIslandHospital,0.3394498063673762,4.608333333333333,ROUTE_RhodeIslandHospital,0.3394498063673762,4.608333333333333,ROUTE_RhodeIslandHospital,0.3394498063673762,4.608333333333333
41.89194444442089,-71.36888888880338,143.06595603728897,NLVO,ROUTE_RhodeIslandHospital,0.40819875033673264,17.386666666666667,ROUTE_TheMiriamHospital,0.3477072733056565,9.661666666666667,ROUTE_RhodeIslandHospital,0.40819875033673264,17.386666666666667,ROUTE_TheMiriamHospital,0.3477072733056565,9.661666666666667
41.8161111110875,-71.45749999991456,83.41649964228651,LVO,ROUTE_RhodeIslandHospital,0.42398721652052623,8.566666666666666,ROUTE_RogerWilliamsMedicalCenter,0.3595541331319825,6.373333333333333,ROUTE_RhodeIslandHospital,0.42398721652052623,8.566666666666666,ROUTE_RogerWilliamsMedicalCenter,0.3595541331319825,6.373333333333333
41.81083333330972,-71.43666666658122,160.552764814203,LVO,ROUTE_RhodeIslandHospital,0.4067821099922728,6.138333333333334,ROUTE_RhodeIslandHospital,0.4067821099922728,6.138333333333334,ROUTE_RhodeIslandHospital,0.4067821099922728,6.138333333333334,ROUTE_RhodeIslandHospital,0.4067821099922728,6.138333333333334
41.83833333330974,-71.40999999991453,144.71175285094634,MIMIC,ROUTE_RhodeIslandHospital,0.4099734631811026,7.95,ROUTE_TheMiriamHospital,0.3483730356221553,4.395,ROUTE_RhodeIslandHospital,0.4099734631811026,7.95,ROUTE_TheMiriamHospital,0.3483730356221553,4.395
41.873888888865324,-71.35388888880337,188.60649569751635,HEMORRHAGIC,ROUTE_RhodeIslandHospital,0.33825451828055797,16.715,ROUTE_TheMiriamHospital,0.33949006257194364,9.71,ROUTE_RhodeIslandHospital,0.33825451828055797,16.715,ROUTE_TheMiriamHospital,0.33949006257194364,9.71
41.86472222219865,-71.4911111110257,80.78220970891692,HEMORRHAGIC,ROUTE_RhodeIslandHospital,0.4231049334299776,14.979999999999999,ROUTE_OurLadyOfFatimaHospital,0.3601371191337315,5.988333333333333,ROUTE_RhodeIslandHospital,0.4231049334299776,14.979999999999999,ROUTE_OurLadyOfFatimaHospital,0.3601371191337315,5.988333333333333
41.80777777775416,-71.35888888880338,103.668965725984,LVO,ROUTE_RhodeIslandHospital,0.419365798573722,8.166666666666666,ROUTE_RhodeIslandHospital,0.419365798573722,8.166666666666666,ROUTE_RhodeIslandHospital,0.419365798573722,8.166666666666666,ROUTE_RhodeIslandHospital,0.419365798573722,8.166666666666666
41.88472222219867,-71.35749999991448,130.23983609155104,HEMORRHAGIC,ROUTE_RhodeIslandHospital,0.41100775199354667,17.891666666666666,ROUTE_TheMiriamHospital,0.35010296671694,9.506666666666666,ROUTE_RhodeIslandHospital,0.41100775199354667,17.891666666666666,ROUTE_TheMiriamHospital,0.35010296671694,9.506666666666666
41.82055555553195,-71.44722222213677,60.05683725204619,MIMIC,ROUTE_RhodeIslandHospital,0.4295311983853224,8.303333333333333,ROUTE_RogerWilliamsMedicalCenter,0.42377657546170416,4.52,ROUTE_RhodeIslandHospital,0.4295311983853224,8.303333333333333,ROUTE_RogerWilliamsMedicalCenter,0.42377657546170416,4.52
41.83416666664307,-71.42055555547009,30.539078340537937,LVO,ROUTE_RhodeIslandHospital,0.4368677523091561,6.86,ROUTE_RogerWilliamsMedicalCenter,0.4313373343670624,2.1933333333333334,ROUTE_RhodeIslandHospital,0.4368677523091561,6.86,ROUTE_RogerWilliamsMedicalCenter,0.4313373343670624,2.1933333333333334
41.88499999997644,-71.49916666658126,64.86372100485808,LVO,ROUTE_RhodeIslandHospital,0.4263742616730283,16.923333333333332,ROUTE_OurLadyOfFatimaHospital,0.42155034999176305,8.17,ROUTE_RhodeIslandHospital,0.4263742616730283,16.923333333333332,ROUTE_OurLadyOfFatimaHospital,0.42155034999176305,8.17
41.73138888886521,-71.26944444435885,248.92801761122263,HEMORRHAGIC,ROUTE_RhodeIslandHospital,0.32734294144,24.35,ROUTE_RhodeIslandHospital,0.32734294144,24.35,ROUTE_RhodeIslandHospital,0.32734294144,24.35,ROUTE_RhodeIslandHospital,0.32734294144,24.35
41.70777777775408,-71.451944444359,268.5646015687847,NLVO,ROUTE_KentHospital,0.32734294144,5.381666666666666,ROUTE_KentHospital,0.32734294144,5.381666666666666,ROUTE_RhodeIslandHospital,0.32734294144,17.44333333333333,ROUTE_KentHospital,0.32734294144,5.381666666666666
41.801944444420826,-71.47749999991458,191.03203609494378,NLVO,ROUTE_RhodeIslandHospital,0.3385682752544402,12.506666666666666,ROUTE_RogerWilliamsMedicalCenter,0.3389207274525166,10.506666666666666,ROUTE_RhodeIslandHospital,0.3385682752544402,12.506666666666666,ROUTE_RogerWilliamsMedicalCenter,0.3389207274525166,10.506666666666666
41.85499999997642,-71.41527777769231,77.51894549130483,NLVO,ROUTE_RhodeIslandHospital,0.42534168568124553,8.675,ROUTE_TheMiriamHospital,0.36126313771213037,3.44,ROUTE_RhodeIslandHospital,0.42534168568124553,8.675,ROUTE_TheMiriamHospital,0.36126313771213037,3.44
41.79666666664304,-71.41888888880342,112.0923902303054,LVO,ROUTE_RhodeIslandHospital,0.4182267360061559,4.658333333333333,ROUTE_RhodeIslandHospital,0.4182267360061559,4.658333333333333,ROUTE_RhodeIslandHospital,0.4182267360061559,4.658333333333333,ROUTE_RhodeIslandHospital,0.4182267360061559,4.658333333333333
41.7833333333097,-71.48999999991459,264.11419386184866,HEMORRHAGIC,ROUTE_RogerWilliamsMedicalCenter,0.32734294144,14.270000000000001,ROUTE_RogerWilliamsMedicalCenter,0.32734294144,14.270000000000001,ROUTE_RhodeIslandHospital,0.32734294144,16.27,ROUTE_RogerWilliamsMedicalCenter,0.32734294144,14.270000000000001
41.98444444442097,-71.47861111102569,122.12471347728288,LVO,ROUTE_RhodeIslandHospital,0.41290044198097947,17.741666666666667,ROUTE_LandmarkMedicalCenter,0.3524807014536766,4.87,ROUTE_RhodeIslandHospital,0.41290044198097947,17.741666666666667,ROUTE_LandmarkMedicalCenter,0.3524807014536766,4.87
41.894999999976456,-71.39472222213674,208.4105875402007,NLVO,ROUTE_TheMiriamHospital,0.3364989827695456,6.9350000000000005,ROUTE_TheMiriamHospital,0.3364989827695456,6.9350000000000005,ROUTE_RhodeIslandHospital,0.3351774730418822,14.538333333333332,ROUTE_TheMiriamHospital,0.3364989827695456,6.9350000000000005
41.89555555553201,-71.39527777769229,127.05925447484343,LVO,ROUTE_RhodeIslandHospital,0.41232202426721026,15.33,ROUTE_TheMiriamHospital,0.3510249016530371,7.7283333333333335,ROUTE_RhodeIslandHospital,0.41232202426721026,15.33,ROUTE_TheMiriamHospital,0.3510249016530371,7.7283333333333335
41.3716666666427,-71.49194444435904,223.995324604254,MIMIC,ROUTE_SouthCountyHospital,0.32734294144,11.585,ROUTE_SouthCountyHospital,0.32734294144,11.585,ROUTE_RhodeIslandHospital,0.32734294144,56.72666666666667,ROUTE_SouthCountyHospital,0.32734294144,11.585
41.861666666643096,-71.67666666658141,268.8668396410975,LVO,ROUTE_RogerWilliamsMedicalCenter,0.32734294144,24.196666666666665,ROUTE_RogerWilliamsMedicalCenter,0.32734294144,24.196666666666665,ROUTE_RhodeIslandHospital,0.32734294144,26.763333333333332,ROUTE_RogerWilliamsMedicalCenter,0.32734294144,24.196666666666665
41.591944444420655,-71.49611111102571,229.15299946116798,NLVO,ROUTE_KentHospital,0.32734294144,19.255,ROUTE_KentHospital,0.32734294144,19.255,ROUTE_RhodeIslandHospital,0.32734294144,34.07,ROUTE_KentHospital,0.32734294144,19.255
41.8666666666431,-71.4886111110257,112.21241236448107,LVO,ROUTE_RhodeIslandHospital,0.4158097650754204,15.001666666666667,ROUTE_OurLadyOfFatimaHospital,0.35412997840743676,6.010000000000001,ROUTE_RhodeIslandHospital,0.4158097650754204,15.001666666666667,ROUTE_OurLadyOfFatimaHospital,0.35412997840743676,6.010000000000001
41.86055555553198,-71.5074999999146,96.62095436336008,LVO,ROUTE_RhodeIslandHospital,0.4180706858796337,20.805,ROUTE_OurLadyOfFatimaHospital,0.3559839168477423,11.813333333333333,ROUTE_RhodeIslandHospital,0.4180706858796337,20.805,ROUTE_OurLadyOfFatimaHospital,0.3559839168477423,11.813333333333333
41.86472222219865,-71.39527777769229,256.38769329464253,NLVO,ROUTE_TheMiriamHospital,0.32734294144,2.4133333333333336,ROUTE_TheMiriamHospital,0.32734294144,2.4133333333333336,ROUTE_RhodeIslandHospital,0.32734294144,12.051666666666668,ROUTE_TheMiriamHospital,0.32734294144,2.4133333333333336
41.854444444420864,-71.41499999991453,219.73804365086505,HEMORRHAGIC,ROUTE_TheMiriamHospital,0.33514086700893714,3.421666666666667,ROUTE_TheMiriamHospital,0.33514086700893714,3.421666666666667,ROUTE_RhodeIslandHospital,0.32734294144,8.833333333333334,ROUTE_TheMiriamHospital,0.33514086700893714,3.421666666666667
41.866944444420874,-71.49638888880348,142.28778518913717,HEMORRHAGIC,ROUTE_RhodeIslandHospital,0.40866175959121764,16.13,ROUTE_OurLadyOfFatimaHospital,0.3483140834749731,7.14,ROUTE_RhodeIslandHospital,0.40866175959121764,16.13,ROUTE_OurLadyOfFatimaHospital,0.3483140834749731,7.14
41.766388888865244,-71.4202777776923,98.08808599569181,HEMORRHAGIC,ROUTE_RhodeIslandHospital,0.4195565178253346,12.925,ROUTE_RhodeIslandHospital,0.4195565178253346,12.925,ROUTE_RhodeIslandHospital,0.4195565178253346,12.925,ROUTE_RhodeIslandHospital,0.4195565178253346,12.925
41.889444444420896,-71.49333333324793,221.4533085728858,HEMORRHAGIC,ROUTE_OurLadyOfFatimaHospital,0.32734294144,6.8516666666666675,ROUTE_OurLadyOfFatimaHospital,0.32734294144,6.8516666666666675,ROUTE_RhodeIslandHospital,0.32734294144,15.604999999999999,ROUTE_OurLadyOfFatimaHospital,0.32734294144,6.8516666666666675
41.47749999997612,-71.70861111102587,44.424567657108426,MIMIC,ROUTE_RhodeIslandHospital,0.42366380271943116,48.943333333333335,ROUTE_WesterlyHospital,0.3636089457212264,24.508333333333333,ROUTE_RhodeIslandHospital,0.42366380271943116,48.943333333333335,ROUTE_WesterlyHospital,0.3636089457212264,24.508333333333333
41.611388888865115,-71.45777777769234,175.8646531282285,LVO,ROUTE_RhodeIslandHospital,0.3380080494134823,30.858333333333334,ROUTE_KentHospital,0.34062648933937684,16.045,ROUTE_RhodeIslandHospital,0.3380080494134823,30.858333333333334,ROUTE_KentHospital,0.34062648933937684,16.045
41.63861111108736,-71.41333333324786,163.4475558692522,HEMORRHAGIC,ROUTE_RhodeIslandHospital,0.3392354805379002,36.30833333333333,ROUTE_KentHospital,0.3418866121786807,21.396666666666665,ROUTE_RhodeIslandHospital,0.3392354805379002,36.30833333333333,ROUTE_KentHospital,0.3418866121786807,21.396666666666665
41.709999999976304,-71.26111111102551,216.5443909637151,HEMORRHAGIC,ROUTE_RhodeIslandHospital,0.32734294144,26.848333333333336,ROUTE_RhodeIslandHospital,0.32734294144,26.848333333333336,ROUTE_RhodeIslandHospital,0.32734294144,26.848333333333336,ROUTE_RhodeIslandHospital,0.32734294144,26.848333333333336
41.790833333309706,-71.43638888880344,106.57457268115466,HEMORRHAGIC,ROUTE_RhodeIslandHospital,0.4184771302489588,9.095,ROUTE_RhodeIslandHospital,0.4184771302489588,9.095,ROUTE_RhodeIslandHospital,0.4184771302489588,9.095,ROUTE_RhodeIslandHospital,0.4184771302489588,9.095
41.637777777754025,-71.45499999991456,206.23249202411222,LVO,ROUTE_KentHospital,0.3354393761108524,15.205,ROUTE_KentHospital,0.3354393761108524,15.205,ROUTE_RhodeIslandHospital,0.32734294144,30.118333333333332,ROUTE_KentHospital,0.3354393761108524,15.205
41.89805555553201,-71.40916666658119,227.85626518689546,HEMORRHAGIC,ROUTE_TheMiriamHospital,0.32734294144,9.406666666666666,ROUTE_TheMiriamHospital,0.32734294144,9.406666666666666,ROUTE_RhodeIslandHospital,0.32734294144,15.468333333333334,ROUTE_TheMiriamHospital,0.32734294144,9.406666666666666
41.788055555531926,-71.39472222213674,121.74687617573557,NLVO,ROUTE_RhodeIslandHospital,0.41597931295085094,4.7316666666666665,ROUTE_RhodeIslandHospital,0.41597931295085094,4.7316666666666665,ROUTE_RhodeIslandHospital,0.41597931295085094,4.7316666666666665,ROUTE_RhodeIslandHospital,0.41597931295085094,4.7316666666666665
41.7227777777541,-71.49194444435904,122.82743768447946,HEMORRHAGIC,ROUTE_RhodeIslandHospital,0.41209115237771626,20.57,ROUTE_KentHospital,0.3523440918923327,4.8966666666666665,ROUTE_RhodeIslandHospital,0.41209115237771626,20.57,ROUTE_KentHospital,0.3523440918923327,4.8966666666666665
42.000555555532095,-71.56416666658131,96.12489534475407,HEMORRHAGIC,ROUTE_RhodeIslandHospital,0.41790498837109286,22.016666666666666,ROUTE_LandmarkMedicalCenter,0.3560876608743319,11.763333333333332,ROUTE_RhodeIslandHospital,0.41790498837109286,22.016666666666666,ROUTE_LandmarkMedicalCenter,0.3560876608743319,11.763333333333332
41.91111111108758,-71.45499999991456,194.68227623606322,LVO,ROUTE_RhodeIslandHospital,0.3379536991306458,12.351666666666667,ROUTE_OurLadyOfFatimaHospital,0.3384295230795746,9.645000000000001,ROUTE_RhodeIslandHospital,0.3379536991306458,12.351666666666667,ROUTE_OurLadyOfFatimaHospital,0.3384295230795746,9.645000000000001
41.87305555553199,-71.37944444435894,136.0119279308059,LVO,ROUTE_RhodeIslandHospital,0.4104937785763735,14.370000000000001,ROUTE_TheMiriamHospital,0.3497340410768418,5.725,ROUTE_RhodeIslandHospital,0.4104937785763735,14.370000000000001,ROUTE_TheMiriamHospital,0.3497340410768418,5.725
41.90305555553201,-71.41277777769231,145.02682919984096,LVO,ROUTE_RhodeIslandHospital,0.40838721815990264,14.596666666666666,ROUTE_TheMiriamHospital,0.34747555571807687,8.963333333333333,ROUTE_RhodeIslandHospital,0.40838721815990264,14.596666666666666,ROUTE_TheMiriamHospital,0.34747555571807687,8.963333333333333
41.58166666664287,-71.19277777769213,102.74657816560139,MIMIC,ROUTE_RhodeIslandHospital,0.41006066371211164,49.53333333333333,ROUTE_NewportHospital,0.3503964932923136,35.41833333333333,ROUTE_RhodeIslandHospital,0.41006066371211164,49.53333333333333,ROUTE_NewportHospital,0.3503964932923136,35.41833333333333
41.756111111087456,-71.3938888888034,167.74197486688823,HEMORRHAGIC,ROUTE_RhodeIslandHospital,0.4042577896804885,10.104999999999999,ROUTE_RhodeIslandHospital,0.4042577896804885,10.104999999999999,ROUTE_RhodeIslandHospital,0.4042577896804885,10.104999999999999,ROUTE_RhodeIslandHospital,0.4042577896804885,10.104999999999999
41.3994444444205,-71.83138888880376,178.89057055332108,LVO,ROUTE_WesterlyHospital,0.34159366151741105,7.591666666666667,ROUTE_WesterlyHospital,0.34159366151741105,7.591666666666667,ROUTE_RhodeIslandHospital,0.32734294144,57.306666666666665,ROUTE_WesterlyHospital,0.34159366151741105,7.591666666666667
41.88583333330978,-71.39083333324784,33.90934178157171,LVO,ROUTE_RhodeIslandHospital,0.43430419424717087,14.271666666666667,ROUTE_TheMiriamHospital,0.4293628699212919,6.546666666666667,ROUTE_RhodeIslandHospital,0.43430419424717087,14.271666666666667,ROUTE_TheMiriamHospital,0.4293628699212919,6.546666666666667
41.45638888886499,-71.3561111110256,64.05750890703649,LVO,ROUTE_RhodeIslandHospital,0.414912917572405,67.05,ROUTE_NewportHospital,0.3615050717621256,15.656666666666666,ROUTE_RhodeIslandHospital,0.414912917572405,67.05,ROUTE_NewportHospital,0.3615050717621256,15.656666666666666
41.68888888886518,-71.58111111102578,30.924678438815747,LVO,ROUTE_RhodeIslandHospital,0.42960135601919325,37.138333333333335,ROUTE_KentHospital,0.4263119465496252,19.255,ROUTE_RhodeIslandHospital,0.42960135601919325,37.138333333333335,ROUTE_KentHospital,0.4263119465496252,19.255
42.00444444442098,-71.52916666658129,42.8055257198332,HEMORRHAGIC,ROUTE_RhodeIslandHospital,0.43013002549052026,23.015,ROUTE_LandmarkMedicalCenter,0.4264670695192769,6.87,ROUTE_RhodeIslandHospital,0.43013002549052026,23.015,ROUTE_LandmarkMedicalCenter,0.4264670695192769,6.87
41.676111111087394,-71.55722222213687,132.1740179748845,HEMORRHAGIC,ROUTE_RhodeIslandHospital,0.4078351610803144,29.878333333333334,ROUTE_KentHospital,0.34916942085993224,12.615,ROUTE_RhodeIslandHospital,0.4078351610803144,29.878333333333334,ROUTE_KentHospital,0.34916942085993224,12.615
41.822499999976394,-71.45055555547012,130.49171965690607,LVO,ROUTE_RhodeIslandHospital,0.41303745980253037,8.776666666666667,ROUTE_RogerWilliamsMedicalCenter,0.351057347549857,4.121666666666667,ROUTE_RhodeIslandHospital,0.41303745980253037,8.776666666666667,ROUTE_RogerWilliamsMedicalCenter,0.351057347549857,4.121666666666667
41.90861111108757,-71.40361111102563,85.08305445352306,HEMORRHAGIC,ROUTE_RhodeIslandHospital,0.4219414031437734,15.67,ROUTE_TheMiriamHospital,0.35875958268737074,8.833333333333334,ROUTE_RhodeIslandHospital,0.4219414031437734,15.67,ROUTE_TheMiriamHospital,0.35875958268737074,8.833333333333334
41.97305555553207,-71.56999999991466,180.30780195584092,LVO,ROUTE_RhodeIslandHospital,0.33792758908484005,26.873333333333335,ROUTE_LandmarkMedicalCenter,0.33974441266032923,16.571666666666665,ROUTE_RhodeIslandHospital,0.33792758908484005,26.873333333333335,ROUTE_LandmarkMedicalCenter,0.33974441266032923,16.571666666666665
41.73611111108744,-71.55722222213687,60.464652424085905,HEMORRHAGIC,ROUTE_RhodeIslandHospital,0.42556496070287764,24.775,ROUTE_KentHospital,0.36298451538182785,11.658333333333333,ROUTE_RhodeIslandHospital,0.42556496070287764,24.775,ROUTE_KentHospital,0.36298451538182785,11.658333333333333
41.787777777754144,-71.45472222213678,148.96357723297763,LVO,ROUTE_RhodeIslandHospital,0.40819864697405167,11.49,ROUTE_RogerWilliamsMedicalCenter,0.34632844768759163,11.296666666666665,ROUTE_RhodeIslandHospital,0.40819864697405167,11.49,ROUTE_RogerWilliamsMedicalCenter,0.34632844768759163,11.296666666666665
41.803333333309716,-71.42138888880342,265.4778283971616,HEMORRHAGIC,ROUTE_RhodeIslandHospital,0.32734294144,3.7449999999999997,ROUTE_RhodeIslandHospital,0.32734294144,3.7449999999999997,ROUTE_RhodeIslandHospital,0.32734294144,3.7449999999999997,ROUTE_RhodeIslandHospital,0.32734294144,3.7449999999999997
41.511388888865035,-71.32527777769224,55.861176822576056,LVO,ROUTE_RhodeIslandHospital,0.4201031707081263,52.79666666666667,ROUTE_NewportHospital,0.365101426244164,5.475,ROUTE_RhodeIslandHospital,0.4201031707081263,52.79666666666667,ROUTE_NewportHospital,0.365101426244164,5.475
41.83472222219863,-71.63916666658137,223.9702318098289,MIMIC,ROUTE_RogerWilliamsMedicalCenter,0.32734294144,20.075,ROUTE_RogerWilliamsMedicalCenter,0.32734294144,20.075,ROUTE_RhodeIslandHospital,0.32734294144,22.641666666666666,ROUTE_RogerWilliamsMedicalCenter,0.32734294144,20.075
41.84416666664308,-71.48722222213681,104.68778414638862,HEMORRHAGIC,ROUTE_RhodeIslandHospital,0.4178337228168919,13.761666666666667,ROUTE_OurLadyOfFatimaHospital,0.35535592960762985,7.053333333333333,ROUTE_RhodeIslandHospital,0.4178337228168919,13.761666666666667,ROUTE_OurLadyOfFatimaHospital,0.35535592960762985,7.053333333333333
41.83166666664307,-71.3586111110256,73.81189177421848,HEMORRHAGIC,ROUTE_RhodeIslandHospital,0.42610087116500145,9.141666666666667,ROUTE_TheMiriamHospital,0.36091473022443793,8.943333333333333,ROUTE_RhodeIslandHospital,0.42610087116500145,9.141666666666667,ROUTE_TheMiriamHospital,0.36091473022443793,8.943333333333333
41.792222222198596,-71.39583333324785,130.03855275280924,LVO,ROUTE_RhodeIslandHospital,0.41417246938100066,4.288333333333333,ROUTE_RhodeIslandHospital,0.41417246938100066,4.288333333333333,ROUTE_RhodeIslandHospital,0.41417246938100066,4.288333333333333,ROUTE_RhodeIslandHospital,0.41417246938100066,4.288333333333333
41.440555555531645,-71.76666666658147,152.49895153191483,HEMORRHAGIC,ROUTE_RhodeIslandHospital,0.33867610500688794,50.42833333333333,ROUTE_WesterlyHospital,0.3450372063793229,14.856666666666666,ROUTE_RhodeIslandHospital,0.33867610500688794,50.42833333333333,ROUTE_WesterlyHospital,0.3450372063793229,14.856666666666666
41.78611111108748,-71.49194444435904,179.68125194402407,LVO,ROUTE_RhodeIslandHospital,0.34002519671876064,15.613333333333333,ROUTE_RogerWilliamsMedicalCenter,0.34038010462020785,13.613333333333333,ROUTE_RhodeIslandHospital,0.34002519671876064,15.613333333333333,ROUTE_RogerWilliamsMedicalCenter,0.34038010462020785,13.613333333333333
41.80777777775416,-71.40972222213675,256.0714995241849,LVO,ROUTE_RhodeIslandHospital,0.32734294144,1.7966666666666666,ROUTE_RhodeIslandHospital,0.32734294144,1.7966666666666666,ROUTE_RhodeIslandHospital,0.32734294144,1.7966666666666666,ROUTE_RhodeIslandHospital,0.32734294144,1.7966666666666666
41.94416666664316,-71.45055555547012,110.02361889754633,HEMORRHAGIC,ROUTE_RhodeIslandHospital,0.4152051286754454,19.815,ROUTE_LandmarkMedicalCenter,0.3531237034556306,13.543333333333333,ROUTE_RhodeIslandHospital,0.4152051286754454,19.815,ROUTE_LandmarkMedicalCenter,0.3531237034556306,13.543333333333333
41.94722222219872,-71.39611111102563,199.80430297146108,LVO,ROUTE_TheMiriamHospital,0.33658679584778134,15.038333333333332,ROUTE_TheMiriamHospital,0.33658679584778134,15.038333333333332,ROUTE_RhodeIslandHospital,0.3353975735318774,21.875,ROUTE_TheMiriamHospital,0.33658679584778134,15.038333333333332
41.88583333330978,-71.4241666665812,162.53530641993171,HEMORRHAGIC,ROUTE_RhodeIslandHospital,0.40497824228488255,12.121666666666666,ROUTE_TheMiriamHospital,0.34440451180897186,8.313333333333334,ROUTE_RhodeIslandHospital,0.40497824228488255,12.121666666666666,ROUTE_TheMiriamHospital,0.34440451180897186,8.313333333333334
41.693333333309624,-71.55499999991464,52.46424346703344,HEMORRHAGIC,ROUTE_RhodeIslandHospital,0.4267854384997366,27.571666666666665,ROUTE_KentHospital,0.42340211874006706,10.003333333333334,ROUTE_RhodeIslandHospital,0.4267854384997366,27.571666666666665,ROUTE_KentHospital,0.42340211874006706,10.003333333333334
41.70777777775408,-71.51222222213683,268.36582999604383,HEMORRHAGIC,ROUTE_KentHospital,0.32734294144,4.58,ROUTE_KentHospital,0.32734294144,4.58,ROUTE_RhodeIslandHospital,0.32734294144,23.081666666666667,ROUTE_KentHospital,0.32734294144,4.58
41.669722222198494,-71.53972222213685,75.30473505580233,LVO,ROUTE_RhodeIslandHospital,0.42079629992716877,30.37,ROUTE_KentHospital,0.3599402084589339,12.485000000000001,ROUTE_RhodeIslandHospital,0.42079629992716877,30.37,ROUTE_KentHospital,0.3599402084589339,12.485000000000001
41.775277777754134,-71.35027777769226,232.85663146296417,LVO,ROUTE_RhodeIslandHospital,0.32734294144,14.92,ROUTE_RhodeIslandHospital,0.32734294144,14.92,ROUTE_RhodeIslandHospital,0.32734294144,14.92,ROUTE_RhodeIslandHospital,0.32734294144,14.92
41.86249999997643,-71.36333333324782,109.05383093437364,HEMORRHAGIC,ROUTE_RhodeIslandHospital,0.416522474755157,15.07,ROUTE_TheMiriamHospital,0.3542628295851202,8.465,ROUTE_RhodeIslandHospital,0.416522474755157,15.07,ROUTE_TheMiriamHospital,0.3542628295851202,8.465
41.7883333333097,-71.43916666658122,144.74019372552402,LVO,ROUTE_RhodeIslandHospital,0.40951272958961443,9.941666666666666,ROUTE_RhodeIslandHospital,0.40951272958961443,9.941666666666666,ROUTE_RhodeIslandHospital,0.40951272958961443,9.941666666666666,ROUTE_RhodeIslandHospital,0.40951272958961443,9.941666666666666
41.3716666666427,-71.48666666658126,182.70925782698495,LVO,ROUTE_SouthCountyHospital,0.3403391044122524,10.816666666666666,ROUTE_SouthCountyHospital,0.3403391044122524,10.816666666666666,ROUTE_RhodeIslandHospital,0.32734294144,55.95666666666667,ROUTE_SouthCountyHospital,0.3403391044122524,10.816666666666666
41.87722222219866,-71.41499999991453,194.7968445908963,HEMORRHAGIC,ROUTE_RhodeIslandHospital,0.33824079886363245,10.603333333333333,ROUTE_TheMiriamHospital,0.33916147253634227,5.378333333333333,ROUTE_RhodeIslandHospital,0.33824079886363245,10.603333333333333,ROUTE_TheMiriamHospital,0.33916147253634227,5.378333333333333
41.832222222198624,-71.38999999991451,47.806127912365895,MIMIC,ROUTE_RhodeIslandHospital,0.4330405141069166,5.703333333333333,ROUTE_TheMiriamHospital,0.42658889545506157,4.321666666666667,ROUTE_RhodeIslandHospital,0.4330405141069166,5.703333333333333,ROUTE_TheMiriamHospital,0.42658889545506157,4.321666666666667
42.007499999976545,-71.49833333324793,207.6109454687753,LVO,ROUTE_LandmarkMedicalCenter,0.3375920233658105,1.4833333333333334,ROUTE_LandmarkMedicalCenter,0.3375920233658105,1.4833333333333334,ROUTE_RhodeIslandHospital,0.32734294144,21.31833333333333,ROUTE_LandmarkMedicalCenter,0.3375920233658105,1.4833333333333334
41.87472222219866,-71.58194444435911,112.02099028229617,HEMORRHAGIC,ROUTE_RhodeIslandHospital,0.4135967915771255,24.811666666666667,ROUTE_OurLadyOfFatimaHospital,0.3513578141962857,20.98,ROUTE_RhodeIslandHospital,0.4135967915771255,24.811666666666667,ROUTE_OurLadyOfFatimaHospital,0.3513578141962857,20.98
41.88722222219867,-71.39472222213674,58.101897723530875,LVO,ROUTE_RhodeIslandHospital,0.4284879575080365,14.688333333333333,ROUTE_TheMiriamHospital,0.4235282454004755,6.963333333333334,ROUTE_RhodeIslandHospital,0.4284879575080365,14.688333333333333,ROUTE_TheMiriamHospital,0.4235282454004755,6.963333333333334
41.804444444420824,-71.72694444435922,44.604178245179725,HEMORRHAGIC,ROUTE_RhodeIslandHospital,0.4284496540524849,28.35,ROUTE_RogerWilliamsMedicalCenter,0.4224065401940395,25.78166666666667,ROUTE_RhodeIslandHospital,0.4284496540524849,28.35,ROUTE_RogerWilliamsMedicalCenter,0.4224065401940395,25.78166666666667
41.69527777775407,-71.52888888880351,141.51300464869405,LVO,ROUTE_RhodeIslandHospital,0.40675540681158817,25.295,ROUTE_KentHospital,0.3484066269465871,7.411666666666666,ROUTE_RhodeIslandHospital,0.40675540681158817,25.295,ROUTE_KentHospital,0.3484066269465871,7.411666666666666
41.67638888886517,-71.2688888888033,208.81123684945462,LVO,ROUTE_NewportHospital,0.32734294144,29.41166666666667,ROUTE_NewportHospital,0.32734294144,29.41166666666667,ROUTE_RhodeIslandHospital,0.32734294144,30.833333333333332,ROUTE_NewportHospital,0.32734294144,29.41166666666667
41.666388888865164,-71.62499999991469,81.89135350609001,HEMORRHAGIC,ROUTE_RhodeIslandHospital,0.4181941453638415,35.0,ROUTE_KentHospital,0.35719560359877994,20.185,ROUTE_RhodeIslandHospital,0.4181941453638415,35.0,ROUTE_KentHospital,0.35719560359877994,20.185
41.967222222198735,-71.69527777769252,217.3470693866655,NLVO,ROUTE_LandmarkMedicalCenter,0.32734294144,26.453333333333333,ROUTE_LandmarkMedicalCenter,0.32734294144,26.453333333333333,ROUTE_RhodeIslandHospital,0.32734294144,36.75666666666667,ROUTE_LandmarkMedicalCenter,0.32734294144,26.453333333333333
41.83861111108752,-71.4355555554701,139.38674594685656,HEMORRHAGIC,ROUTE_RhodeIslandHospital,0.41127592436481186,7.573333333333333,ROUTE_RogerWilliamsMedicalCenter,0.34985483813261326,1.6983333333333335,ROUTE_RhodeIslandHospital,0.41127592436481186,7.573333333333333,ROUTE_RogerWilliamsMedicalCenter,0.34985483813261326,1.6983333333333335
41.86777777775421,-71.3977777776923,86.29163145327405,HEMORRHAGIC,ROUTE_RhodeIslandHospital,0.42229899951632005,12.926666666666668,ROUTE_TheMiriamHospital,0.3595885042923524,3.32,ROUTE_RhodeIslandHospital,0.42229899951632005,12.926666666666668,ROUTE_TheMiriamHospital,0.3595885042923524,3.32
41.993611111087645,-71.73916666658145,236.81971494654485,HEMORRHAGIC,ROUTE_LandmarkMedicalCenter,0.32734294144,37.223333333333336,ROUTE_LandmarkMedicalCenter,0.32734294144,37.223333333333336,ROUTE_RhodeIslandHospital,0.32734294144,47.526666666666664,ROUTE_LandmarkMedicalCenter,0.32734294144,37.223333333333336
42.00499999997654,-71.58888888880355,55.717133048178205,MIMIC,ROUTE_RhodeIslandHospital,0.4271130721901191,22.921666666666667,ROUTE_LandmarkMedicalCenter,0.3637158046225389,12.67,ROUTE_RhodeIslandHospital,0.4271130721901191,22.921666666666667,ROUTE_LandmarkMedicalCenter,0.3637158046225389,12.67
41.81249999997639,-71.51972222213683,34.64302111842859,HEMORRHAGIC,ROUTE_RhodeIslandHospital,0.4340736505459395,14.508333333333333,ROUTE_RogerWilliamsMedicalCenter,0.4279462643608816,12.326666666666666,ROUTE_RhodeIslandHospital,0.4340736505459395,14.508333333333333,ROUTE_RogerWilliamsMedicalCenter,0.4279462643608816,12.326666666666666
41.51222222219837,-71.31249999991445,259.6244080525238,HEMORRHAGIC,ROUTE_NewportHospital,0.32734294144,4.28,ROUTE_NewportHospital,0.32734294144,4.28,ROUTE_RhodeIslandHospital,0.32734294144,52.81166666666666,ROUTE_NewportHospital,0.32734294144,4.28
41.886666666643116,-71.39499999991452,203.26508035196127,MIMIC,ROUTE_TheMiriamHospital,0.3374507514892434,6.635000000000001,ROUTE_TheMiriamHospital,0.3374507514892434,6.635000000000001,ROUTE_RhodeIslandHospital,0.3361017974193701,14.361666666666668,ROUTE_TheMiriamHospital,0.3374507514892434,6.635000000000001
41.82722222219862,-71.4558333332479,167.19353070202118,MIMIC,ROUTE_RhodeIslandHospital,0.40456224174842786,9.305,ROUTE_RogerWilliamsMedicalCenter,0.34435954369048133,3.9033333333333333,ROUTE_RhodeIslandHospital,0.40456224174842786,9.305,ROUTE_RogerWilliamsMedicalCenter,0.34435954369048133,3.9033333333333333
41.811666666643056,-71.45722222213679,176.85783928018608,HEMORRHAGIC,ROUTE_RhodeIslandHospital,0.3417051391781214,9.0,ROUTE_RogerWilliamsMedicalCenter,0.3418095398146906,8.416666666666666,ROUTE_RhodeIslandHospital,0.3417051391781214,9.0,ROUTE_RogerWilliamsMedicalCenter,0.3418095398146906,8.416666666666666
41.80416666664305,-71.4355555554701,234.56479196805995,LVO,ROUTE_RhodeIslandHospital,0.32734294144,6.533333333333333,ROUTE_RhodeIslandHospital,0.32734294144,6.533333333333333,ROUTE_RhodeIslandHospital,0.32734294144,6.533333333333333,ROUTE_RhodeIslandHospital,0.32734294144,6.533333333333333
41.834999999976404,-71.3924999999145,167.76455126439635,HEMORRHAGIC,ROUTE_RhodeIslandHospital,0.40504954107724944,6.578333333333333,ROUTE_TheMiriamHospital,0.34417437760348607,4.3566666666666665,ROUTE_RhodeIslandHospital,0.40504954107724944,6.578333333333333,ROUTE_TheMiriamHospital,0.34417437760348607,4.3566666666666665
41.46249999997611,-71.32472222213669,58.006132078063146,HEMORRHAGIC,ROUTE_RhodeIslandHospital,0.4176865758213436,61.080000000000005,ROUTE_NewportHospital,0.3638521362663533,9.685,ROUTE_RhodeIslandHospital,0.4176865758213436,61.080000000000005,ROUTE_NewportHospital,0.3638521362663533,9.685
41.719722222198534,-71.45722222213679,112.06643865055136,HEMORRHAGIC,ROUTE_RhodeIslandHospital,0.4148908762271464,19.136666666666667,ROUTE_KentHospital,0.3535605483699986,9.178333333333335,ROUTE_RhodeIslandHospital,0.4148908762271464,19.136666666666667,ROUTE_KentHospital,0.3535605483699986,9.178333333333335
41.88583333330978,-71.36083333324783,235.97048582051409,HEMORRHAGIC,ROUTE_TheMiriamHospital,0.32734294144,9.103333333333333,ROUTE_TheMiriamHospital,0.32734294144,9.103333333333333,ROUTE_RhodeIslandHospital,0.32734294144,17.301666666666666,ROUTE_TheMiriamHospital,0.32734294144,9.103333333333333
41.39305555553161,-71.75388888880369,79.4086822887973,LVO,ROUTE_RhodeIslandHospital,0.41367728019634636,57.07333333333334,ROUTE_WesterlyHospital,0.3593507394653962,11.436666666666667,ROUTE_RhodeIslandHospital,0.41367728019634636,57.07333333333334,ROUTE_WesterlyHospital,0.3593507394653962,11.436666666666667
41.54277777775395,-71.68916666658141,115.28121571416266,NLVO,ROUTE_RhodeIslandHospital,0.4080547624788421,45.805,ROUTE_WesterlyHospital,0.3492688118708022,28.970000000000002,ROUTE_RhodeIslandHospital,0.4080547624788421,45.805,ROUTE_WesterlyHospital,0.3492688118708022,28.970000000000002
41.70055555553186,-71.61916666658136,225.90433494441817,HEMORRHAGIC,ROUTE_KentHospital,0.32734294144,19.083333333333332,ROUTE_KentHospital,0.32734294144,19.083333333333332,ROUTE_RhodeIslandHospital,0.32734294144,36.65,ROUTE_KentHospital,0.32734294144,19.083333333333332
41.933888888865376,-71.57111111102577,107.53350203168407,LVO,ROUTE_RhodeIslandHospital,0.4132998277082852,30.591666666666665,ROUTE_OurLadyOfFatimaHospital,0.3520675628139822,21.666666666666668,ROUTE_RhodeIslandHospital,0.4132998277082852,30.591666666666665,ROUTE_OurLadyOfFatimaHospital,0.3520675628139822,21.666666666666668
41.765833333309686,-71.4216666665812,48.08519408263222,LVO,ROUTE_RhodeIslandHospital,0.43144403928637665,12.171666666666665,ROUTE_RhodeIslandHospital,0.43144403928637665,12.171666666666665,ROUTE_RhodeIslandHospital,0.43144403928637665,12.171666666666665,ROUTE_RhodeIslandHospital,0.43144403928637665,12.171666666666665
41.64861111108737,-71.14861111102543,86.99227540244544,NLVO,ROUTE_RhodeIslandHospital,0.41336192986648507,50.86333333333334,ROUTE_NewportHospital,0.35309107674613205,36.748333333333335,ROUTE_RhodeIslandHospital,0.41336192986648507,50.86333333333334,ROUTE_NewportHospital,0.35309107674613205,36.748333333333335
41.850555555531976,-71.42055555547009,70.08649824490256,MIMIC,ROUTE_RhodeIslandHospital,0.4273655447377179,7.4783333333333335,ROUTE_TheMiriamHospital,0.421357979079804,4.191666666666666,ROUTE_RhodeIslandHospital,0.4273655447377179,7.4783333333333335,ROUTE_TheMiriamHospital,0.421357979079804,4.191666666666666
41.78972222219859,-71.39749999991452,112.78933044667808,LVO,ROUTE_RhodeIslandHospital,0.41811067419600845,4.463333333333334,ROUTE_RhodeIslandHospital,0.41811067419600845,4.463333333333334,ROUTE_RhodeIslandHospital,0.41811067419600845,4.463333333333334,ROUTE_RhodeIslandHospital,0.41811067419600845,4.463333333333334
41.77722222219858,-71.4305555554701,31.76578565300881,MIMIC,ROUTE_RhodeIslandHospital,0.43586413680016256,9.85,ROUTE_RhodeIslandHospital,0.43586413680016256,9.85,ROUTE_RhodeIslandHospital,0.43586413680016256,9.85,ROUTE_RhodeIslandHospital,0.43586413680016256,9.85
42.01388888886544,-71.51361111102572,253.58521374577876,LVO,ROUTE_LandmarkMedicalCenter,0.32734294144,4.175,ROUTE_LandmarkMedicalCenter,0.32734294144,4.175,ROUTE_RhodeIslandHospital,0.32734294144,23.316666666666666,ROUTE_LandmarkMedicalCenter,0.32734294144,4.175
41.42277777775386,-71.70916666658142,107.08366440328325,LVO,ROUTE_RhodeIslandHospital,0.4070218429938216,58.55,ROUTE_WesterlyHospital,0.352570112015922,19.433333333333334,ROUTE_RhodeIslandHospital,0.4070218429938216,58.55,ROUTE_WesterlyHospital,0.352570112015922,19.433333333333334
41.67027777775405,-71.53416666658129,150.05431537477565,LVO,ROUTE_RhodeIslandHospital,0.40430233085986994,27.595000000000002,ROUTE_KentHospital,0.3464186953794669,9.711666666666668,ROUTE_RhodeIslandHospital,0.40430233085986994,27.595000000000002,ROUTE_KentHospital,0.3464186953794669,9.711666666666668
41.822777777754176,-71.55499999991464,171.07305722584059,LVO,ROUTE_RhodeIslandHospital,0.3410183662469928,18.634999999999998,ROUTE_RogerWilliamsMedicalCenter,0.34147612522106313,16.068333333333335,ROUTE_RhodeIslandHospital,0.3410183662469928,18.634999999999998,ROUTE_RogerWilliamsMedicalCenter,0.34147612522106313,16.068333333333335
41.890833333309786,-71.36805555547005,171.26715935503114,LVO,ROUTE_RhodeIslandHospital,0.3411854959936946,17.503333333333334,ROUTE_TheMiriamHospital,0.3425672602108885,9.776666666666667,ROUTE_RhodeIslandHospital,0.3411854959936946,17.503333333333334,ROUTE_TheMiriamHospital,0.3425672602108885,9.776666666666667
41.91138888886535,-71.3913888888034,117.53706501977285,LVO,ROUTE_RhodeIslandHospital,0.41402322236208333,17.438333333333333,ROUTE_TheMiriamHospital,0.3523642329037447,10.078333333333335,ROUTE_RhodeIslandHospital,0.41402322236208333,17.438333333333333,ROUTE_TheMiriamHospital,0.3523642329037447,10.078333333333335
41.764999999976354,-71.39083333324784,161.69891048512943,LVO,ROUTE_RhodeIslandHospital,0.40602671674967117,8.325,ROUTE_RhodeIslandHospital,0.40602671674967117,8.325,ROUTE_RhodeIslandHospital,0.40602671674967117,8.325,ROUTE_RhodeIslandHospital,0.40602671674967117,8.325
41.911666666643136,-71.38944444435896,234.4619530193399,LVO,ROUTE_TheMiriamHospital,0.32734294144,10.641666666666667,ROUTE_TheMiriamHospital,0.32734294144,10.641666666666667,ROUTE_RhodeIslandHospital,0.32734294144,18.243333333333332,ROUTE_TheMiriamHospital,0.32734294144,10.641666666666667
41.89416666664312,-71.34833333324781,34.618530181961574,LVO,ROUTE_RhodeIslandHospital,0.4327881548335418,19.956666666666667,ROUTE_TheMiriamHospital,0.42789538549513323,12.004999999999999,ROUTE_RhodeIslandHospital,0.4327881548335418,19.956666666666667,ROUTE_TheMiriamHospital,0.42789538549513323,12.004999999999999
41.471111111087225,-71.5174999999146,229.64026556535939,LVO,ROUTE_SouthCountyHospital,0.32734294144,7.791666666666667,ROUTE_SouthCountyHospital,0.32734294144,7.791666666666667,ROUTE_RhodeIslandHospital,0.32734294144,48.77833333333333,ROUTE_SouthCountyHospital,0.32734294144,7.791666666666667
41.81472222219861,-71.44861111102567,256.44542457121327,HEMORRHAGIC,ROUTE_RogerWilliamsMedicalCenter,0.32734294144,6.383333333333334,ROUTE_RogerWilliamsMedicalCenter,0.32734294144,6.383333333333334,ROUTE_RhodeIslandHospital,0.32734294144,7.081666666666666,ROUTE_RogerWilliamsMedicalCenter,0.32734294144,6.383333333333334
41.986666666643195,-71.60694444435913,128.31176520983064,HEMORRHAGIC,ROUTE_RhodeIslandHospital,0.4094260958645012,26.75,ROUTE_LandmarkMedicalCenter,0.3491657106029287,16.49833333333333,ROUTE_RhodeIslandHospital,0.4094260958645012,26.75,ROUTE_LandmarkMedicalCenter,0.3491657106029287,16.49833333333333
41.7277777777541,-71.30277777769221,189.0041548716817,HEMORRHAGIC,ROUTE_RhodeIslandHospital,0.33729829424932317,21.766666666666666,ROUTE_RhodeIslandHospital,0.33729829424932317,21.766666666666666,ROUTE_RhodeIslandHospital,0.33729829424932317,21.766666666666666,ROUTE_RhodeIslandHospital,0.33729829424932317,21.766666666666666
41.79999999997638,-71.47805555547014,83.28879151947457,LVO,ROUTE_RhodeIslandHospital,0.4231658589309642,12.211666666666668,ROUTE_RogerWilliamsMedicalCenter,0.35883946489116725,10.213333333333333,ROUTE_RhodeIslandHospital,0.4231658589309642,12.211666666666668,ROUTE_RogerWilliamsMedicalCenter,0.35883946489116725,10.213333333333333
41.42611111108719,-71.70499999991476,244.76792558020176,LVO,ROUTE_WesterlyHospital,0.32734294144,19.123333333333335,ROUTE_WesterlyHospital,0.32734294144,19.123333333333335,ROUTE_RhodeIslandHospital,0.32734294144,56.83166666666667,ROUTE_WesterlyHospital,0.32734294144,19.123333333333335
41.89305555553201,-71.39749999991452,127.7969661402482,LVO,ROUTE_RhodeIslandHospital,0.4123748288229084,14.361666666666668,ROUTE_TheMiriamHospital,0.35106782600241687,6.760000000000001,ROUTE_RhodeIslandHospital,0.4123748288229084,14.361666666666668,ROUTE_TheMiriamHospital,0.35106782600241687,6.760000000000001
41.866944444420874,-71.38555555547006,175.54059697717102,LVO,ROUTE_RhodeIslandHospital,0.341329856858591,12.42,ROUTE_TheMiriamHospital,0.34281293446218625,4.135,ROUTE_RhodeIslandHospital,0.341329856858591,12.42,ROUTE_TheMiriamHospital,0.34281293446218625,4.135
41.747777777754116,-71.48222222213681,176.5074051143247,HEMORRHAGIC,ROUTE_RhodeIslandHospital,0.34029604497757415,17.261666666666667,ROUTE_KentHospital,0.34179313763623287,8.858333333333333,ROUTE_RhodeIslandHospital,0.34029604497757415,17.261666666666667,ROUTE_KentHospital,0.34179313763623287,8.858333333333333
41.928333333309816,-71.6186111110258,269.550912077851,LVO,ROUTE_LandmarkMedicalCenter,0.32734294144,27.59,ROUTE_LandmarkMedicalCenter,0.32734294144,27.59,ROUTE_RhodeIslandHospital,0.32734294144,34.31333333333334,ROUTE_LandmarkMedicalCenter,0.32734294144,27.59
41.60666666664289,-71.24777777769218,160.8805447606579,LVO,ROUTE_RhodeIslandHospital,0.33899392236970416,40.24333333333333,ROUTE_NewportHospital,0.3426894494904105,19.483333333333334,ROUTE_RhodeIslandHospital,0.33899392236970416,40.24333333333333,ROUTE_NewportHospital,0.3426894494904105,19.483333333333334
41.71583333330965,-71.27166666658108,143.91088963594234,HEMORRHAGIC,ROUTE_RhodeIslandHospital,0.4060635635058466,25.95,ROUTE_RhodeIslandHospital,0.4060635635058466,25.95,ROUTE_RhodeIslandHospital,0.4060635635058466,25.95,ROUTE_RhodeIslandHospital,0.4060635635058466,25.95
41.41111111108718,-71.74777777769258,175.64016029727082,LVO,ROUTE_WesterlyHospital,0.3411816624788362,13.151666666666667,ROUTE_WesterlyHospital,0.3411816624788362,13.151666666666667,ROUTE_RhodeIslandHospital,0.32734294144,52.95333333333333,ROUTE_WesterlyHospital,0.3411816624788362,13.151666666666667
41.819999999976396,-71.4608333332479,179.90233267093492,MIMIC,ROUTE_RhodeIslandHospital,0.34116956754940003,8.956666666666667,ROUTE_RogerWilliamsMedicalCenter,0.3418884408570856,4.931666666666667,ROUTE_RhodeIslandHospital,0.34116956754940003,8.956666666666667,ROUTE_RogerWilliamsMedicalCenter,0.3418884408570856,4.931666666666667
41.9738888888654,-71.45694444435901,57.79968561544681,NLVO,ROUTE_RhodeIslandHospital,0.42730634505381254,20.016666666666666,ROUTE_LandmarkMedicalCenter,0.422771751056368,7.489999999999999,ROUTE_RhodeIslandHospital,0.42730634505381254,20.016666666666666,ROUTE_LandmarkMedicalCenter,0.422771751056368,7.489999999999999
41.63722222219847,-71.45749999991456,30.023858741491402,HEMORRHAGIC,ROUTE_RhodeIslandHospital,0.43114861700230983,31.48166666666667,ROUTE_KentHospital,0.4271633690287596,16.57,ROUTE_RhodeIslandHospital,0.43114861700230983,31.48166666666667,ROUTE_KentHospital,0.4271633690287596,16.57
41.88888888886534,-71.3749999999145,233.9870932852878,HEMORRHAGIC,ROUTE_TheMiriamHospital,0.32734294144,8.365,ROUTE_TheMiriamHospital,0.32734294144,8.365,ROUTE_RhodeIslandHospital,0.32734294144,16.09,ROUTE_TheMiriamHospital,0.32734294144,8.365
41.747499999976334,-71.41722222213676,192.66639005126623,MIMIC,ROUTE_RhodeIslandHospital,0.3381946355433468,12.995000000000001,ROUTE_RhodeIslandHospital,0.3381946355433468,12.995000000000001,ROUTE_RhodeIslandHospital,0.3381946355433468,12.995000000000001,ROUTE_RhodeIslandHospital,0.3381946355433468,12.995000000000001
41.5194444444206,-71.70722222213699,118.96635157256766,LVO,ROUTE_RhodeIslandHospital,0.407762520986039,43.405,ROUTE_WesterlyHospital,0.34937953779702846,24.686666666666667,ROUTE_RhodeIslandHospital,0.407762520986039,43.405,ROUTE_WesterlyHospital,0.34937953779702846,24.686666666666667
41.836666666643076,-71.38972222213673,199.70873635746645,LVO,ROUTE_RhodeIslandHospital,0.3380263914624193,6.91,ROUTE_TheMiriamHospital,0.33847476876679394,4.361666666666666,ROUTE_RhodeIslandHospital,0.3380263914624193,6.91,ROUTE_TheMiriamHospital,0.33847476876679394,4.361666666666666
41.894999999976456,-71.52083333324795,187.16416915714615,LVO,ROUTE_RhodeIslandHospital,0.3381780609411151,18.591666666666665,ROUTE_OurLadyOfFatimaHospital,0.33975287826560613,9.666666666666666,ROUTE_RhodeIslandHospital,0.3381780609411151,18.591666666666665,ROUTE_OurLadyOfFatimaHospital,0.33975287826560613,9.666666666666666
41.883055555532,-71.34694444435893,234.86621253720887,LVO,ROUTE_TheMiriamHospital,0.32734294144,11.025,ROUTE_TheMiriamHospital,0.32734294144,11.025,ROUTE_RhodeIslandHospital,0.32734294144,18.903333333333332,ROUTE_TheMiriamHospital,0.32734294144,11.025
41.814166666643054,-71.42638888880343,60.46962928424965,NLVO,ROUTE_RhodeIslandHospital,0.43047040896318023,3.908333333333333,ROUTE_RhodeIslandHospital,0.43047040896318023,3.908333333333333,ROUTE_RhodeIslandHospital,0.43047040896318023,3.908333333333333,ROUTE_RhodeIslandHospital,0.43047040896318023,3.908333333333333
41.843611111087526,-71.59388888880356,50.260063715502085,NLVO,ROUTE_RhodeIslandHospital,0.428748541283048,21.423333333333336,ROUTE_RogerWilliamsMedicalCenter,0.4227057575421028,18.85666666666667,ROUTE_RhodeIslandHospital,0.428748541283048,21.423333333333336,ROUTE_RogerWilliamsMedicalCenter,0.4227057575421028,18.85666666666667
41.69777777775408,-71.56833333324799,182.4853758177095,LVO,ROUTE_KentHospital,0.3398086091470228,14.031666666666666,ROUTE_KentHospital,0.3398086091470228,14.031666666666666,ROUTE_RhodeIslandHospital,0.3367192110107264,31.598333333333336,ROUTE_KentHospital,0.3398086091470228,14.031666666666666
41.91749999997647,-71.5024999999146,106.89642288004306,HEMORRHAGIC,ROUTE_RhodeIslandHospital,0.41623178184151527,18.488333333333333,ROUTE_OurLadyOfFatimaHospital,0.35417337674071864,11.096666666666666,ROUTE_RhodeIslandHospital,0.41623178184151527,18.488333333333333,ROUTE_OurLadyOfFatimaHospital,0.35417337674071864,11.096666666666666
41.97666666664318,-71.47249999991458,114.61138098897688,HEMORRHAGIC,ROUTE_RhodeIslandHospital,0.41395639325538464,20.654999999999998,ROUTE_LandmarkMedicalCenter,0.35314908380686605,8.821666666666665,ROUTE_RhodeIslandHospital,0.41395639325538464,20.654999999999998,ROUTE_LandmarkMedicalCenter,0.35314908380686605,8.821666666666665
41.97055555553207,-71.45638888880345,36.21573251838843,MIMIC,ROUTE_RhodeIslandHospital,0.43215465817381854,21.035,ROUTE_LandmarkMedicalCenter,0.4276434660682451,8.508333333333333,ROUTE_RhodeIslandHospital,0.43215465817381854,21.035,ROUTE_LandmarkMedicalCenter,0.4276434660682451,8.508333333333333
41.810277777754166,-71.4380555554701,239.59542613427288,LVO,ROUTE_RhodeIslandHospital,0.32734294144,6.53,ROUTE_RhodeIslandHospital,0.32734294144,6.53,ROUTE_RhodeIslandHospital,0.32734294144,6.53,ROUTE_RhodeIslandHospital,0.32734294144,6.53
41.762222222198574,-71.46388888880345,54.02842228710402,LVO,ROUTE_RhodeIslandHospital,0.4291663977895717,15.879999999999999,ROUTE_KentHospital,0.42224932055224473,13.325,ROUTE_RhodeIslandHospital,0.4291663977895717,15.879999999999999,ROUTE_KentHospital,0.42224932055224473,13.325
41.888055555532006,-71.39916666658118,96.5793207617274,HEMORRHAGIC,ROUTE_RhodeIslandHospital,0.4196536385326888,14.014999999999999,ROUTE_TheMiriamHospital,0.3570209183629778,6.411666666666666,ROUTE_RhodeIslandHospital,0.4196536385326888,14.014999999999999,ROUTE_TheMiriamHospital,0.3570209183629778,6.411666666666666
41.88722222219867,-71.50611111102572,235.1164651401237,HEMORRHAGIC,ROUTE_OurLadyOfFatimaHospital,0.32734294144,8.698333333333332,ROUTE_OurLadyOfFatimaHospital,0.32734294144,8.698333333333332,ROUTE_RhodeIslandHospital,0.32734294144,17.451666666666664,ROUTE_OurLadyOfFatimaHospital,0.32734294144,8.698333333333332
41.7744444444208,-71.36166666658116,175.48355687370355,MIMIC,ROUTE_RhodeIslandHospital,0.3413294179743452,12.478333333333333,ROUTE_RhodeIslandHospital,0.3413294179743452,12.478333333333333,ROUTE_RhodeIslandHospital,0.3413294179743452,12.478333333333333,ROUTE_RhodeIslandHospital,0.3413294179743452,12.478333333333333
41.903333333309796,-71.40972222213675,98.83613096888836,MIMIC,ROUTE_RhodeIslandHospital,0.4188818193027676,15.086666666666668,ROUTE_TheMiriamHospital,0.35610565412204015,8.958333333333334,ROUTE_RhodeIslandHospital,0.4188818193027676,15.086666666666668,ROUTE_TheMiriamHospital,0.35610565412204015,8.958333333333334
41.825277777754174,-71.44555555547011,38.594113094620816,LVO,ROUTE_RhodeIslandHospital,0.43480363844693704,7.483333333333333,ROUTE_RogerWilliamsMedicalCenter,0.4291767586328969,3.2016666666666667,ROUTE_RhodeIslandHospital,0.43480363844693704,7.483333333333333,ROUTE_RogerWilliamsMedicalCenter,0.4291767586328969,3.2016666666666667
41.475277777753895,-71.48583333324792,70.3141184485684,HEMORRHAGIC,ROUTE_RhodeIslandHospital,0.4182892245270385,46.166666666666664,ROUTE_SouthCountyHospital,0.36170835422390174,8.353333333333333,ROUTE_RhodeIslandHospital,0.4182892245270385,46.166666666666664,ROUTE_SouthCountyHospital,0.36170835422390174,8.353333333333333
41.848888888865304,-71.44666666658122,232.91537705620183,LVO,ROUTE_OurLadyOfFatimaHospital,0.32734294144,4.5600000000000005,ROUTE_OurLadyOfFatimaHospital,0.32734294144,4.5600000000000005,ROUTE_RhodeIslandHospital,0.32734294144,10.903333333333334,ROUTE_OurLadyOfFatimaHospital,0.32734294144,4.5600000000000005
41.83555555553196,-71.47749999991458,155.83170050708674,LVO,ROUTE_RhodeIslandHospital,0.4065515907463533,11.875,ROUTE_RogerWilliamsMedicalCenter,0.3460923418429642,5.723333333333333,ROUTE_RhodeIslandHospital,0.4065515907463533,11.875,ROUTE_RogerWilliamsMedicalCenter,0.3460923418429642,5.723333333333333
41.65888888886516,-71.51805555547017,41.71367779505594,HEMORRHAGIC,ROUTE_RhodeIslandHospital,0.42894055626581384,29.154999999999998,ROUTE_KentHospital,0.42491942035818514,14.34,ROUTE_RhodeIslandHospital,0.42894055626581384,29.154999999999998,ROUTE_KentHospital,0.42491942035818514,14.34
41.86333333330976,-71.41694444435898,70.5553413066053,HEMORRHAGIC,ROUTE_RhodeIslandHospital,0.42643866007985054,10.958333333333334,ROUTE_TheMiriamHospital,0.42094761732256086,5.468333333333334,ROUTE_RhodeIslandHospital,0.42643866007985054,10.958333333333334,ROUTE_TheMiriamHospital,0.42094761732256086,5.468333333333334
41.78555555553192,-71.39999999991451,119.65841035881634,LVO,ROUTE_RhodeIslandHospital,0.41617918857493724,5.953333333333333,ROUTE_RhodeIslandHospital,0.41617918857493724,5.953333333333333,ROUTE_RhodeIslandHospital,0.41617918857493724,5.953333333333333,ROUTE_RhodeIslandHospital,0.41617918857493724,5.953333333333333
41.814444444420836,-71.55444444435909,59.3011535490928,HEMORRHAGIC,ROUTE_RhodeIslandHospital,0.4273826178138802,18.19,ROUTE_RogerWilliamsMedicalCenter,0.4212483364992853,16.008333333333333,ROUTE_RhodeIslandHospital,0.4273826178138802,18.19,ROUTE_RogerWilliamsMedicalCenter,0.4212483364992853,16.008333333333333
41.8249999999764,-71.43999999991455,175.2314989494401,HEMORRHAGIC,ROUTE_RhodeIslandHospital,0.34236605688058824,6.9350000000000005,ROUTE_RogerWilliamsMedicalCenter,0.34309090397800707,2.8983333333333334,ROUTE_RhodeIslandHospital,0.34236605688058824,6.9350000000000005,ROUTE_RogerWilliamsMedicalCenter,0.34309090397800707,2.8983333333333334
41.3616666666427,-71.82083333324819,46.9604656734462,LVO,ROUTE_RhodeIslandHospital,0.420843129751581,58.51166666666666,ROUTE_WesterlyHospital,0.36773757743536173,1.065,ROUTE_RhodeIslandHospital,0.420843129751581,58.51166666666666,ROUTE_WesterlyHospital,0.36773757743536173,1.065
41.3691666666427,-71.8080555554704,111.71329527741368,MIMIC,ROUTE_RhodeIslandHospital,0.40557710809567626,60.29666666666667,ROUTE_WesterlyHospital,0.35447543710490337,4.680000000000001,ROUTE_RhodeIslandHospital,0.40557710809567626,60.29666666666667,ROUTE_WesterlyHospital,0.35447543710490337,4.680000000000001
41.710833333309644,-71.40749999991452,166.05171403517588,LVO,ROUTE_RhodeIslandHospital,0.34213219805393114,17.42,ROUTE_KentHospital,0.34302420626252333,12.448333333333332,ROUTE_RhodeIslandHospital,0.34213219805393114,17.42,ROUTE_KentHospital,0.34302420626252333,12.448333333333332
41.65888888886516,-71.42666666658121,157.6795210058066,LVO,ROUTE_RhodeIslandHospital,0.3409407094650572,32.46333333333333,ROUTE_KentHospital,0.3436129408016027,17.551666666666666,ROUTE_RhodeIslandHospital,0.3409407094650572,32.46333333333333,ROUTE_KentHospital,0.3436129408016027,17.551666666666666
41.61388888886512,-71.76222222213703,265.60810443366506,HEMORRHAGIC,ROUTE_KentHospital,0.32734294144,39.309999999999995,ROUTE_KentHospital,0.32734294144,39.309999999999995,ROUTE_RhodeIslandHospital,0.32734294144,54.125,ROUTE_KentHospital,0.32734294144,39.309999999999995
41.848888888865304,-71.45666666658123,188.42628576788326,LVO,ROUTE_RhodeIslandHospital,0.3394350050830584,10.201666666666666,ROUTE_OurLadyOfFatimaHospital,0.34090219732083127,1.9333333333333333,ROUTE_RhodeIslandHospital,0.3394350050830584,10.201666666666666,ROUTE_OurLadyOfFatimaHospital,0.34090219732083127,1.9333333333333333
41.87361111108755,-71.5391666665813,182.2044092833451,MIMIC,ROUTE_RhodeIslandHospital,0.33848254312304993,21.821666666666665,ROUTE_OurLadyOfFatimaHospital,0.3396069764169942,15.451666666666666,ROUTE_RhodeIslandHospital,0.33848254312304993,21.821666666666665,ROUTE_OurLadyOfFatimaHospital,0.3396069764169942,15.451666666666666
41.701111111087414,-71.52972222213684,124.57541902437869,LVO,ROUTE_RhodeIslandHospital,0.4102602482635845,26.83,ROUTE_KentHospital,0.35137613677902746,8.326666666666666,ROUTE_RhodeIslandHospital,0.4102602482635845,26.83,ROUTE_KentHospital,0.35137613677902746,8.326666666666666
41.41749999997607,-71.7927777776926,163.7183498220934,HEMORRHAGIC,ROUTE_WesterlyHospital,0.3439643646388698,9.565,ROUTE_WesterlyHospital,0.3439643646388698,9.565,ROUTE_RhodeIslandHospital,0.3367405724955481,50.24333333333333,ROUTE_WesterlyHospital,0.3439643646388698,9.565
41.692777777754074,-71.5505555554702,182.22030305392133,HEMORRHAGIC,ROUTE_KentHospital,0.34046256163906946,10.610000000000001,ROUTE_KentHospital,0.34046256163906946,10.610000000000001,ROUTE_RhodeIslandHospital,0.3373636629144737,28.178333333333335,ROUTE_KentHospital,0.34046256163906946,10.610000000000001
41.83972222219863,-71.3863888888034,117.12738923670157,NLVO,ROUTE_RhodeIslandHospital,0.41637437676343036,7.638333333333334,ROUTE_TheMiriamHospital,0.3534965661445062,4.456666666666666,ROUTE_RhodeIslandHospital,0.41637437676343036,7.638333333333334,ROUTE_TheMiriamHospital,0.3534965661445062,4.456666666666666
41.46861111108723,-71.30416666658111,244.59390795701475,LVO,ROUTE_NewportHospital,0.32734294144,7.383333333333334,ROUTE_NewportHospital,0.32734294144,7.383333333333334,ROUTE_RhodeIslandHospital,0.32734294144,59.144999999999996,ROUTE_NewportHospital,0.32734294144,7.383333333333334
41.59027777775399,-71.51666666658127,246.5656049323957,LVO,ROUTE_KentHospital,0.32734294144,19.651666666666664,ROUTE_KentHospital,0.32734294144,19.651666666666664,ROUTE_RhodeIslandHospital,0.32734294144,34.465,ROUTE_KentHospital,0.32734294144,19.651666666666664
41.84166666664308,-71.44083333324788,43.21404210096876,HEMORRHAGIC,ROUTE_RhodeIslandHospital,0.4335282696037003,8.236666666666666,ROUTE_RogerWilliamsMedicalCenter,0.4282771058387092,2.3633333333333337,ROUTE_RhodeIslandHospital,0.4335282696037003,8.236666666666666,ROUTE_RogerWilliamsMedicalCenter,0.4282771058387092,2.3633333333333337
41.926944444420926,-71.42638888880343,160.8649658543287,LVO,ROUTE_RhodeIslandHospital,0.40421471976488876,17.173333333333336,ROUTE_TheMiriamHospital,0.3440171083007921,12.126666666666667,ROUTE_RhodeIslandHospital,0.40421471976488876,17.173333333333336,ROUTE_TheMiriamHospital,0.3440171083007921,12.126666666666667
41.88166666664311,-71.38333333324783,206.0606959102465,HEMORRHAGIC,ROUTE_TheMiriamHospital,0.33698184708825274,6.52,ROUTE_TheMiriamHospital,0.33698184708825274,6.52,ROUTE_RhodeIslandHospital,0.3355446753744795,14.770000000000001,ROUTE_TheMiriamHospital,0.33698184708825274,6.52
41.84305555553197,-71.47611111102569,152.04549904626373,LVO,ROUTE_RhodeIslandHospital,0.40716991965159055,12.935,ROUTE_OurLadyOfFatimaHospital,0.34685684699129876,5.323333333333333,ROUTE_RhodeIslandHospital,0.40716991965159055,12.935,ROUTE_OurLadyOfFatimaHospital,0.34685684699129876,5.323333333333333
41.849166666643086,-71.42916666658121,48.87801038929413,LVO,ROUTE_RhodeIslandHospital,0.4318689908452687,9.581666666666667,ROUTE_RogerWilliamsMedicalCenter,0.4263751349872541,4.711666666666667,ROUTE_RhodeIslandHospital,0.4318689908452687,9.581666666666667,ROUTE_RogerWilliamsMedicalCenter,0.4263751349872541,4.711666666666667
41.82444444442084,-71.40138888880341,92.45037007655003,LVO,ROUTE_RhodeIslandHospital,0.4227441344667902,4.858333333333333,ROUTE_RhodeIslandHospital,0.4227441344667902,4.858333333333333,ROUTE_RhodeIslandHospital,0.4227441344667902,4.858333333333333,ROUTE_RhodeIslandHospital,0.4227441344667902,4.858333333333333
41.405833333309396,-71.52444444435906,236.78202039661426,LVO,ROUTE_SouthCountyHospital,0.32734294144,8.096666666666668,ROUTE_SouthCountyHospital,0.32734294144,8.096666666666668,ROUTE_RhodeIslandHospital,0.32734294144,54.47166666666667,ROUTE_SouthCountyHospital,0.32734294144,8.096666666666668
41.826944444420846,-71.45666666658123,156.5165749780919,LVO,ROUTE_RhodeIslandHospital,0.4069987193468307,9.218333333333334,ROUTE_RogerWilliamsMedicalCenter,0.34632543698606294,3.76,ROUTE_RhodeIslandHospital,0.4069987193468307,9.218333333333334,ROUTE_RogerWilliamsMedicalCenter,0.34632543698606294,3.76
41.483611111087235,-71.5313888888035,57.159428555229425,NLVO,ROUTE_RhodeIslandHospital,0.4208355437943895,48.34666666666667,ROUTE_SouthCountyHospital,0.36384168410356854,10.585,ROUTE_RhodeIslandHospital,0.4208355437943895,48.34666666666667,ROUTE_SouthCountyHospital,0.36384168410356854,10.585
41.84583333330975,-71.42388888880343,97.65329408277516,HEMORRHAGIC,ROUTE_RhodeIslandHospital,0.4206247855771122,8.758333333333333,ROUTE_RogerWilliamsMedicalCenter,0.3572209949297397,4.29,ROUTE_RhodeIslandHospital,0.4206247855771122,8.758333333333333,ROUTE_RogerWilliamsMedicalCenter,0.3572209949297397,4.29
41.47638888886501,-71.31777777769223,234.86930692928706,LVO,ROUTE_NewportHospital,0.32734294144,6.626666666666667,ROUTE_NewportHospital,0.32734294144,6.626666666666667,ROUTE_RhodeIslandHospital,0.32734294144,57.723333333333336,ROUTE_NewportHospital,0.32734294144,6.626666666666667
41.796944444420824,-71.35249999991449,171.11445989437473,HEMORRHAGIC,ROUTE_RhodeIslandHospital,0.3425335650409624,10.118333333333334,ROUTE_RhodeIslandHospital,0.3425335650409624,10.118333333333334,ROUTE_RhodeIslandHospital,0.3425335650409624,10.118333333333334,ROUTE_RhodeIslandHospital,0.3425335650409624,10.118333333333334
41.92749999997648,-71.63722222213693,44.02605257963082,LVO,ROUTE_RhodeIslandHospital,0.4275566991096829,32.725,ROUTE_LandmarkMedicalCenter,0.36326354849912434,26.67,ROUTE_RhodeIslandHospital,0.4275566991096829,32.725,ROUTE_LandmarkMedicalCenter,0.36326354849912434,26.67
41.664166666642934,-71.27361111102553,259.8693935330244,HEMORRHAGIC,ROUTE_NewportHospital,0.32734294144,27.38,ROUTE_NewportHospital,0.32734294144,27.38,ROUTE_RhodeIslandHospital,0.32734294144,30.634999999999998,ROUTE_NewportHospital,0.32734294144,27.38
41.61749999997623,-71.24166666658105,185.03118904525465,LVO,ROUTE_NewportHospital,0.33795672907959395,21.985,ROUTE_NewportHospital,0.33795672907959395,21.985,ROUTE_RhodeIslandHospital,0.33495798764555595,39.184999999999995,ROUTE_NewportHospital,0.33795672907959395,21.985
41.84249999997641,-71.40555555547007,245.34391569315363,NLVO,ROUTE_TheMiriamHospital,0.32734294144,3.408333333333333,ROUTE_TheMiriamHospital,0.32734294144,3.408333333333333,ROUTE_RhodeIslandHospital,0.32734294144,8.918333333333333,ROUTE_TheMiriamHospital,0.32734294144,3.408333333333333
41.53972222219839,-71.28944444435888,165.20333409253604,NLVO,ROUTE_NewportHospital,0.34374790231134117,9.278333333333334,ROUTE_NewportHospital,0.34374790231134117,9.278333333333334,ROUTE_RhodeIslandHospital,0.336728325279333,48.82833333333333,ROUTE_NewportHospital,0.34374790231134117,9.278333333333334
41.66444444442072,-71.27249999991442,199.49556823657434,LVO,ROUTE_NewportHospital,0.32734294144,27.823333333333334,ROUTE_NewportHospital,0.32734294144,27.823333333333334,ROUTE_RhodeIslandHospital,0.32734294144,31.191666666666666,ROUTE_NewportHospital,0.32734294144,27.823333333333334
41.498888888865025,-71.55972222213687,96.55836646177957,LVO,ROUTE_RhodeIslandHospital,0.4118092320208343,48.07,ROUTE_SouthCountyHospital,0.35384575044785904,23.171666666666667,ROUTE_RhodeIslandHospital,0.4118092320208343,48.07,ROUTE_SouthCountyHospital,0.35384575044785904,23.171666666666667
41.836388888865294,-71.4697222221368,175.58106914442936,MIMIC,ROUTE_RhodeIslandHospital,0.3414641614755676,11.626666666666667,ROUTE_RogerWilliamsMedicalCenter,0.3426367283073709,5.076666666666667,ROUTE_RhodeIslandHospital,0.3414641614755676,11.626666666666667,ROUTE_RogerWilliamsMedicalCenter,0.3426367283073709,5.076666666666667
41.91638888886536,-71.40416666658119,174.96859155261853,LVO,ROUTE_RhodeIslandHospital,0.34075659612028436,16.208333333333332,ROUTE_TheMiriamHospital,0.34197650887213765,9.373333333333333,ROUTE_RhodeIslandHospital,0.34075659612028436,16.208333333333332,ROUTE_TheMiriamHospital,0.34197650887213765,9.373333333333333
41.71944444442076,-71.39166666658117,185.86588205410573,HEMORRHAGIC,ROUTE_RhodeIslandHospital,0.338890354225945,15.845,ROUTE_KentHospital,0.33898200971624964,15.326666666666666,ROUTE_RhodeIslandHospital,0.338890354225945,15.845,ROUTE_KentHospital,0.33898200971624964,15.326666666666666
41.76111111108746,-71.41083333324787,156.78276103608414,HEMORRHAGIC,ROUTE_RhodeIslandHospital,0.40641436257453206,11.53,ROUTE_RhodeIslandHospital,0.40641436257453206,11.53,ROUTE_RhodeIslandHospital,0.40641436257453206,11.53,ROUTE_RhodeIslandHospital,0.40641436257453206,11.53
41.83194444442085,-71.45249999991456,164.23928407148773,LVO,ROUTE_RhodeIslandHospital,0.40526323246765744,9.158333333333333,ROUTE_RogerWilliamsMedicalCenter,0.3451825637388363,2.316666666666667,ROUTE_RhodeIslandHospital,0.40526323246765744,9.158333333333333,ROUTE_RogerWilliamsMedicalCenter,0.3451825637388363,2.316666666666667
41.82083333330973,-71.43666666658122,115.45802802395623,MIMIC,ROUTE_RhodeIslandHospital,0.41740902737479274,4.828333333333333,ROUTE_RogerWilliamsMedicalCenter,0.3537940879686956,4.546666666666667,ROUTE_RhodeIslandHospital,0.41740902737479274,4.828333333333333,ROUTE_RogerWilliamsMedicalCenter,0.3537940879686956,4.546666666666667
41.778888888865254,-71.3572222221367,91.40945996874493,LVO,ROUTE_RhodeIslandHospital,0.42128246053585444,12.175,ROUTE_RhodeIslandHospital,0.42128246053585444,12.175,ROUTE_RhodeIslandHospital,0.42128246053585444,12.175,ROUTE_RhodeIslandHospital,0.42128246053585444,12.175
41.654444444420704,-71.26222222213663,144.373631638943,LVO,ROUTE_RhodeIslandHospital,0.40435229943871037,33.055,ROUTE_NewportHospital,0.34433956725096815,26.833333333333332,ROUTE_RhodeIslandHospital,0.40435229943871037,33.055,ROUTE_NewportHospital,0.34433956725096815,26.833333333333332
41.701666666642964,-71.52888888880351,48.31430831026406,MIMIC,ROUTE_RhodeIslandHospital,0.4280354683305063,26.4,ROUTE_KentHospital,0.42488181826083515,7.8966666666666665,ROUTE_RhodeIslandHospital,0.4280354683305063,26.4,ROUTE_KentHospital,0.42488181826083515,7.8966666666666665
41.8969444444209,-71.34277777769225,120.89504121648007,HEMORRHAGIC,ROUTE_RhodeIslandHospital,0.4124413050881362,20.973333333333336,ROUTE_TheMiriamHospital,0.35118622019001483,13.026666666666667,ROUTE_RhodeIslandHospital,0.4124413050881362,20.973333333333336,ROUTE_TheMiriamHospital,0.35118622019001483,13.026666666666667
41.96055555553206,-71.70777777769254,192.76416908648065,MIMIC,ROUTE_LandmarkMedicalCenter,0.33550606260291216,28.290000000000003,ROUTE_LandmarkMedicalCenter,0.33550606260291216,28.290000000000003,ROUTE_RhodeIslandHospital,0.32734294144,38.59166666666667,ROUTE_LandmarkMedicalCenter,0.33550606260291216,28.290000000000003
41.87805555553199,-71.6855555554703,188.5037728835649,MIMIC,ROUTE_RogerWilliamsMedicalCenter,0.3358765510715303,30.416666666666668,ROUTE_RogerWilliamsMedicalCenter,0.3358765510715303,30.416666666666668,ROUTE_RhodeIslandHospital,0.33543079771207657,32.983333333333334,ROUTE_RogerWilliamsMedicalCenter,0.3358765510715303,30.416666666666668
41.87305555553199,-71.39833333324785,211.2892623418862,LVO,ROUTE_TheMiriamHospital,0.3363379413346579,4.98,ROUTE_TheMiriamHospital,0.3363379413346579,4.98,ROUTE_RhodeIslandHospital,0.3350174653539577,12.583333333333334,ROUTE_TheMiriamHospital,0.3363379413346579,4.98
41.808888888865276,-71.43611111102565,202.12368733392313,HEMORRHAGIC,ROUTE_RhodeIslandHospital,0.3377444352735386,6.1016666666666675,ROUTE_RhodeIslandHospital,0.3377444352735386,6.1016666666666675,ROUTE_RhodeIslandHospital,0.3377444352735386,6.1016666666666675,ROUTE_RhodeIslandHospital,0.3377444352735386,6.1016666666666675
41.843333333309744,-71.50083333324793,229.25237890382138,HEMORRHAGIC,ROUTE_RogerWilliamsMedicalCenter,0.32734294144,10.061666666666667,ROUTE_RogerWilliamsMedicalCenter,0.32734294144,10.061666666666667,ROUTE_RhodeIslandHospital,0.32734294144,16.215,ROUTE_RogerWilliamsMedicalCenter,0.32734294144,10.061666666666667
42.01694444442099,-71.49777777769238,214.40789765334358,LVO,ROUTE_LandmarkMedicalCenter,0.3361016261601876,3.2183333333333333,ROUTE_LandmarkMedicalCenter,0.3361016261601876,3.2183333333333333,ROUTE_RhodeIslandHospital,0.32734294144,22.73,ROUTE_LandmarkMedicalCenter,0.3361016261601876,3.2183333333333333
41.866944444420874,-71.35555555547003,88.68555527799025,LVO,ROUTE_RhodeIslandHospital,0.42106785074604247,15.821666666666665,ROUTE_TheMiriamHospital,0.35791472249028117,9.633333333333333,ROUTE_RhodeIslandHospital,0.42106785074604247,15.821666666666665,ROUTE_TheMiriamHospital,0.35791472249028117,9.633333333333333
41.86333333330976,-71.48805555547014,183.23342073203972,HEMORRHAGIC,ROUTE_RhodeIslandHospital,0.3397016255039134,13.886666666666667,ROUTE_OurLadyOfFatimaHospital,0.3412995597203447,4.8966666666666665,ROUTE_RhodeIslandHospital,0.3397016255039134,13.886666666666667,ROUTE_OurLadyOfFatimaHospital,0.3412995597203447,4.8966666666666665
41.70055555553186,-71.52611111102573,64.3357171159466,HEMORRHAGIC,ROUTE_RhodeIslandHospital,0.424340890048026,26.134999999999998,ROUTE_KentHospital,0.3630148016210588,7.631666666666666,ROUTE_RhodeIslandHospital,0.424340890048026,26.134999999999998,ROUTE_KentHospital,0.3630148016210588,7.631666666666666
41.86944444442088,-71.50222222213682,61.28915013994229,HEMORRHAGIC,ROUTE_RhodeIslandHospital,0.4273319959841626,16.418333333333333,ROUTE_OurLadyOfFatimaHospital,0.42256709094738865,7.426666666666667,ROUTE_RhodeIslandHospital,0.4273319959841626,16.418333333333333,ROUTE_OurLadyOfFatimaHospital,0.42256709094738865,7.426666666666667
41.49277777775391,-71.31249999991445,266.2529547223821,LVO,ROUTE_NewportHospital,0.32734294144,2.0216666666666665,ROUTE_NewportHospital,0.32734294144,2.0216666666666665,ROUTE_RhodeIslandHospital,0.32734294144,53.45,ROUTE_NewportHospital,0.32734294144,2.0216666666666665
41.96749999997651,-71.6919444443592,155.09255421703418,HEMORRHAGIC,ROUTE_RhodeIslandHospital,0.34082719815458234,35.68833333333334,ROUTE_LandmarkMedicalCenter,0.342668892114005,25.384999999999998,ROUTE_RhodeIslandHospital,0.34082719815458234,35.68833333333334,ROUTE_LandmarkMedicalCenter,0.342668892114005,25.384999999999998
41.65749999997627,-71.19138888880325,150.71747040921838,NLVO,ROUTE_RhodeIslandHospital,0.34020242000578216,43.57833333333333,ROUTE_NewportHospital,0.34272202076051034,29.465,ROUTE_RhodeIslandHospital,0.34020242000578216,43.57833333333333,ROUTE_NewportHospital,0.34272202076051034,29.465
41.657222222198484,-71.45222222213678,165.97759346202758,LVO,ROUTE_RhodeIslandHospital,0.3404681668585932,26.821666666666665,ROUTE_KentHospital,0.34321943652392684,11.438333333333333,ROUTE_RhodeIslandHospital,0.3404681668585932,26.821666666666665,ROUTE_KentHospital,0.34321943652392684,11.438333333333333
41.8577777777542,-71.41249999991453,46.8573843753817,LVO,ROUTE_RhodeIslandHospital,0.43224777218999677,10.0,ROUTE_TheMiriamHospital,0.42709066330732604,3.1550000000000002,ROUTE_RhodeIslandHospital,0.43224777218999677,10.0,ROUTE_TheMiriamHospital,0.42709066330732604,3.1550000000000002
41.680277777754064,-71.5252777776924,114.87012359805207,LVO,ROUTE_RhodeIslandHospital,0.4125546984813864,26.503333333333334,ROUTE_KentHospital,0.3531382334432853,8.620000000000001,ROUTE_RhodeIslandHospital,0.4125546984813864,26.503333333333334,ROUTE_KentHospital,0.3531382334432853,8.620000000000001
41.89111111108756,-71.35111111102559,107.72910236803399,NLVO,ROUTE_RhodeIslandHospital,0.41597868430446655,18.751666666666665,ROUTE_TheMiriamHospital,0.3540714273660399,10.805,ROUTE_RhodeIslandHospital,0.41597868430446655,18.751666666666665,ROUTE_TheMiriamHospital,0.3540714273660399,10.805
42.00694444442099,-71.47749999991458,186.35167711035703,LVO,ROUTE_RhodeIslandHospital,0.338167101839694,19.466666666666665,ROUTE_LandmarkMedicalCenter,0.3411042345025005,2.8733333333333335,ROUTE_RhodeIslandHospital,0.338167101839694,19.466666666666665,ROUTE_LandmarkMedicalCenter,0.3411042345025005,2.8733333333333335
41.91666666664314,-71.53499999991463,42.82308693724875,LVO,ROUTE_RhodeIslandHospital,0.43023562281333805,22.55,ROUTE_OurLadyOfFatimaHospital,0.4253673226958611,14.038333333333332,ROUTE_RhodeIslandHospital,0.43023562281333805,22.55,ROUTE_OurLadyOfFatimaHospital,0.4253673226958611,14.038333333333332
41.34527777775379,-71.77499999991481,206.51752377657863,MIMIC,ROUTE_WesterlyHospital,0.3364854213556031,8.906666666666666,ROUTE_WesterlyHospital,0.3364854213556031,8.906666666666666,ROUTE_RhodeIslandHospital,0.32734294144,62.891666666666666,ROUTE_WesterlyHospital,0.3364854213556031,8.906666666666666
41.99749999997653,-71.50611111102572,105.1539277930302,HEMORRHAGIC,ROUTE_RhodeIslandHospital,0.41593049379390723,21.53666666666667,ROUTE_LandmarkMedicalCenter,0.3558084714181066,4.203333333333333,ROUTE_RhodeIslandHospital,0.41593049379390723,21.53666666666667,ROUTE_LandmarkMedicalCenter,0.3558084714181066,4.203333333333333
41.854444444420864,-71.42527777769232,46.75553372808739,HEMORRHAGIC,ROUTE_RhodeIslandHospital,0.43267464566188396,8.298333333333334,ROUTE_RogerWilliamsMedicalCenter,0.42662759781702975,5.77,ROUTE_RhodeIslandHospital,0.43267464566188396,8.298333333333334,ROUTE_RogerWilliamsMedicalCenter,0.42662759781702975,5.77
41.80944444442083,-71.45166666658123,141.5990297500156,HEMORRHAGIC,ROUTE_RhodeIslandHospital,0.41070282745288356,7.868333333333334,ROUTE_RogerWilliamsMedicalCenter,0.34839290271012874,7.4,ROUTE_RhodeIslandHospital,0.41070282745288356,7.868333333333334,ROUTE_RogerWilliamsMedicalCenter,0.34839290271012874,7.4
41.842222222198636,-71.39611111102563,94.79590032585669,LVO,ROUTE_RhodeIslandHospital,0.42146571853306863,8.0,ROUTE_TheMiriamHospital,0.3578716437111057,3.7483333333333335,ROUTE_RhodeIslandHospital,0.42146571853306863,8.0,ROUTE_TheMiriamHospital,0.3578716437111057,3.7483333333333335
41.89166666664312,-71.38916666658118,117.68496899139757,LVO,ROUTE_RhodeIslandHospital,0.41438090591412324,15.735000000000001,ROUTE_TheMiriamHospital,0.35270134375308587,8.131666666666666,ROUTE_RhodeIslandHospital,0.41438090591412324,15.735000000000001,ROUTE_TheMiriamHospital,0.35270134375308587,8.131666666666666
41.7138888888652,-71.44055555547011,35.74479954034026,HEMORRHAGIC,ROUTE_RhodeIslandHospital,0.432645971797479,19.43,ROUTE_KentHospital,0.4276438137354289,8.828333333333335,ROUTE_RhodeIslandHospital,0.432645971797479,19.43,ROUTE_KentHospital,0.4276438137354289,8.828333333333335
41.97638888886541,-71.47083333324791,233.56297577774473,HEMORRHAGIC,ROUTE_LandmarkMedicalCenter,0.32734294144,8.815,ROUTE_LandmarkMedicalCenter,0.32734294144,8.815,ROUTE_RhodeIslandHospital,0.32734294144,20.65666666666667,ROUTE_LandmarkMedicalCenter,0.32734294144,8.815
41.84944444442086,-71.4141666665812,34.9977961932591,NLVO,ROUTE_RhodeIslandHospital,0.43530583618582164,8.965,ROUTE_TheMiriamHospital,0.4298051956712136,3.6,ROUTE_RhodeIslandHospital,0.43530583618582164,8.965,ROUTE_TheMiriamHospital,0.4298051956712136,3.6
41.6722222221985,-71.2688888888033,38.003445941656445,HEMORRHAGIC,ROUTE_RhodeIslandHospital,0.4292521794849439,31.541666666666668,ROUTE_NewportHospital,0.36386351514739956,29.63,ROUTE_RhodeIslandHospital,0.4292521794849439,31.541666666666668,ROUTE_NewportHospital,0.36386351514739956,29.63
41.823888888865284,-71.39444444435895,42.55040282223369,HEMORRHAGIC,ROUTE_RhodeIslandHospital,0.4345144578081547,4.745,ROUTE_RhodeIslandHospital,0.4345144578081547,4.745,ROUTE_RhodeIslandHospital,0.4345144578081547,4.745,ROUTE_RhodeIslandHospital,0.4345144578081547,4.745
41.767777777754134,-71.41861111102564,118.67516743586624,NLVO,ROUTE_RhodeIslandHospital,0.4151868867545601,11.241666666666667,ROUTE_RhodeIslandHospital,0.4151868867545601,11.241666666666667,ROUTE_RhodeIslandHospital,0.4151868867545601,11.241666666666667,ROUTE_RhodeIslandHospital,0.4151868867545601,11.241666666666667
41.692777777754074,-71.2574999999144,71.76362341147589,NLVO,ROUTE_RhodeIslandHospital,0.42180705381925815,29.566666666666666,ROUTE_RhodeIslandHospital,0.42180705381925815,29.566666666666666,ROUTE_RhodeIslandHospital,0.42180705381925815,29.566666666666666,ROUTE_RhodeIslandHospital,0.42180705381925815,29.566666666666666
41.949166666643166,-71.64611111102583,148.8284533065368,LVO,ROUTE_RhodeIslandHospital,0.3424691688941519,32.763333333333335,ROUTE_LandmarkMedicalCenter,0.34432476769875303,22.459999999999997,ROUTE_RhodeIslandHospital,0.3424691688941519,32.763333333333335,ROUTE_LandmarkMedicalCenter,0.34432476769875303,22.459999999999997
41.46444444442056,-71.7702777776926,230.43922216439944,LVO,ROUTE_WesterlyHospital,0.32734294144,17.2,ROUTE_WesterlyHospital,0.32734294144,17.2,ROUTE_RhodeIslandHospital,0.32734294144,48.29833333333333,ROUTE_WesterlyHospital,0.32734294144,17.2
41.718333333309644,-71.52888888880351,130.70200172001756,LVO,ROUTE_RhodeIslandHospital,0.4092332916947103,25.205,ROUTE_KentHospital,0.3500635488993962,9.256666666666666,ROUTE_RhodeIslandHospital,0.4092332916947103,25.205,ROUTE_KentHospital,0.3500635488993962,9.256666666666666
41.85666666664309,-71.449444444359,55.81375466922942,HEMORRHAGIC,ROUTE_RhodeIslandHospital,0.43020039057538506,9.708333333333334,ROUTE_OurLadyOfFatimaHospital,0.42517927042984166,1.8416666666666666,ROUTE_RhodeIslandHospital,0.43020039057538506,9.708333333333334,ROUTE_OurLadyOfFatimaHospital,0.42517927042984166,1.8416666666666666
41.84555555553197,-71.446944444359,172.71982826935135,HEMORRHAGIC,ROUTE_RhodeIslandHospital,0.3423798617254731,9.370000000000001,ROUTE_RogerWilliamsMedicalCenter,0.3434355818576633,3.4949999999999997,ROUTE_RhodeIslandHospital,0.3423798617254731,9.370000000000001,ROUTE_RogerWilliamsMedicalCenter,0.3434355818576633,3.4949999999999997
41.6999999999763,-71.61972222213691,127.4331107174829,HEMORRHAGIC,ROUTE_RhodeIslandHospital,0.40738048787682235,36.62,ROUTE_KentHospital,0.3488559379678881,19.053333333333335,ROUTE_RhodeIslandHospital,0.40738048787682235,36.62,ROUTE_KentHospital,0.3488559379678881,19.053333333333335
41.666388888865164,-71.54555555547019,190.71418134466717,HEMORRHAGIC,ROUTE_KentHospital,0.3388396830119657,11.285,ROUTE_KentHospital,0.3388396830119657,11.285,ROUTE_RhodeIslandHospital,0.33597389314650217,27.646666666666665,ROUTE_KentHospital,0.3388396830119657,11.285
41.742777777754114,-71.47694444435902,211.97397083283172,NLVO,ROUTE_KentHospital,0.33543290298456013,9.501666666666667,ROUTE_KentHospital,0.33543290298456013,9.501666666666667,ROUTE_RhodeIslandHospital,0.32734294144,18.176666666666666,ROUTE_KentHospital,0.33543290298456013,9.501666666666667
41.787777777754144,-71.39416666658119,45.874335854456696,LVO,ROUTE_RhodeIslandHospital,0.4336840964988557,4.92,ROUTE_RhodeIslandHospital,0.4336840964988557,4.92,ROUTE_RhodeIslandHospital,0.4336840964988557,4.92,ROUTE_RhodeIslandHospital,0.4336840964988557,4.92
41.88833333330978,-71.36749999991449,41.19758284030559,HEMORRHAGIC,ROUTE_RhodeIslandHospital,0.43185036881512984,17.34,ROUTE_TheMiriamHospital,0.42695377271022916,9.391666666666667,ROUTE_RhodeIslandHospital,0.43185036881512984,17.34,ROUTE_TheMiriamHospital,0.42695377271022916,9.391666666666667
41.692777777754074,-71.45722222213679,180.27044697133832,HEMORRHAGIC,ROUTE_RhodeIslandHospital,0.3388875793190561,21.456666666666667,ROUTE_KentHospital,0.3416186341639957,6.071666666666667,ROUTE_RhodeIslandHospital,0.3388875793190561,21.456666666666667,ROUTE_KentHospital,0.3416186341639957,6.071666666666667
41.65888888886516,-71.48805555547014,155.9873101823728,NLVO,ROUTE_RhodeIslandHospital,0.34133466583854966,31.946666666666665,ROUTE_KentHospital,0.34399407856919445,17.131666666666668,ROUTE_RhodeIslandHospital,0.34133466583854966,31.946666666666665,ROUTE_KentHospital,0.34399407856919445,17.131666666666668
41.80416666664305,-71.49249999991459,104.31883453045555,HEMORRHAGIC,ROUTE_RhodeIslandHospital,0.4180910402342142,13.018333333333334,ROUTE_RogerWilliamsMedicalCenter,0.3547096509571071,10.835,ROUTE_RhodeIslandHospital,0.4180910402342142,13.018333333333334,ROUTE_RogerWilliamsMedicalCenter,0.3547096509571071,10.835
41.411388888864956,-71.60444444435913,248.94688311797285,LVO,ROUTE_SouthCountyHospital,0.32734294144,14.031666666666666,ROUTE_SouthCountyHospital,0.32734294144,14.031666666666666,ROUTE_RhodeIslandHospital,0.32734294144,59.51,ROUTE_SouthCountyHospital,0.32734294144,14.031666666666666
41.546111111087285,-71.45999999991457,267.52287173757423,NLVO,ROUTE_SouthCountyHospital,0.32734294144,15.6,ROUTE_SouthCountyHospital,0.32734294144,15.6,ROUTE_RhodeIslandHospital,0.32734294144,35.985,ROUTE_SouthCountyHospital,0.32734294144,15.6
41.806111111087496,-71.43999999991455,246.15652933449607,LVO,ROUTE_RhodeIslandHospital,0.32734294144,7.308333333333334,ROUTE_RhodeIslandHospital,0.32734294144,7.308333333333334,ROUTE_RhodeIslandHospital,0.32734294144,7.308333333333334,ROUTE_RhodeIslandHospital,0.32734294144,7.308333333333334
41.840555555531964,-71.40555555547007,78.18063285355878,HEMORRHAGIC,ROUTE_RhodeIslandHospital,0.4251880425427319,8.668333333333333,ROUTE_TheMiriamHospital,0.36104611714189466,3.896666666666667,ROUTE_RhodeIslandHospital,0.4251880425427319,8.668333333333333,ROUTE_TheMiriamHospital,0.36104611714189466,3.896666666666667
41.49999999997614,-71.15055555546988,258.1057931307587,LVO,ROUTE_NewportHospital,0.32734294144,50.24166666666667,ROUTE_NewportHospital,0.32734294144,50.24166666666667,ROUTE_RhodeIslandHospital,0.32734294144,64.355,ROUTE_NewportHospital,0.32734294144,50.24166666666667
41.700277777754074,-71.23805555546994,134.47105061039133,LVO,ROUTE_RhodeIslandHospital,0.40661276311278166,32.96666666666667,ROUTE_RhodeIslandHospital,0.40661276311278166,32.96666666666667,ROUTE_RhodeIslandHospital,0.40661276311278166,32.96666666666667,ROUTE_RhodeIslandHospital,0.40661276311278166,32.96666666666667
41.829444444420844,-71.44083333324788,209.16260232945226,LVO,ROUTE_RogerWilliamsMedicalCenter,0.33715792470657996,2.4116666666666666,ROUTE_RogerWilliamsMedicalCenter,0.33715792470657996,2.4116666666666666,ROUTE_RhodeIslandHospital,0.3359963465590044,9.07,ROUTE_RogerWilliamsMedicalCenter,0.33715792470657996,2.4116666666666666
41.86222222219865,-71.64583333324805,194.43114533502532,LVO,ROUTE_RogerWilliamsMedicalCenter,0.3351139131177142,28.884999999999998,ROUTE_RogerWilliamsMedicalCenter,0.3351139131177142,28.884999999999998,ROUTE_RhodeIslandHospital,0.32734294144,31.451666666666664,ROUTE_RogerWilliamsMedicalCenter,0.3351139131177142,28.884999999999998
41.93416666664315,-71.42694444435898,37.584732432671515,LVO,ROUTE_RhodeIslandHospital,0.43254284040927515,18.026666666666664,ROUTE_TheMiriamHospital,0.4272021335031896,11.958333333333334,ROUTE_RhodeIslandHospital,0.43254284040927515,18.026666666666664,ROUTE_TheMiriamHospital,0.4272021335031896,11.958333333333334
41.702499999976304,-71.27805555546998,152.06792495706765,MIMIC,ROUTE_RhodeIslandHospital,0.4041220142140279,26.381666666666668,ROUTE_RhodeIslandHospital,0.4041220142140279,26.381666666666668,ROUTE_RhodeIslandHospital,0.4041220142140279,26.381666666666668,ROUTE_RhodeIslandHospital,0.4041220142140279,26.381666666666668
41.50277777775392,-71.55666666658131,186.99758628287836,LVO,ROUTE_SouthCountyHospital,0.33790734765807057,20.3,ROUTE_SouthCountyHospital,0.33790734765807057,20.3,ROUTE_RhodeIslandHospital,0.32734294144,45.19833333333334,ROUTE_SouthCountyHospital,0.33790734765807057,20.3
41.37444444442048,-71.60638888880356,226.1152075247436,LVO,ROUTE_SouthCountyHospital,0.32734294144,17.290000000000003,ROUTE_SouthCountyHospital,0.32734294144,17.290000000000003,ROUTE_RhodeIslandHospital,0.32734294144,63.665,ROUTE_SouthCountyHospital,0.32734294144,17.290000000000003
41.790833333309706,-71.4583333332479,121.46345783974185,LVO,ROUTE_RhodeIslandHospital,0.4148230550501252,10.035,ROUTE_RogerWilliamsMedicalCenter,0.3516970363454301,9.72,ROUTE_RhodeIslandHospital,0.4148230550501252,10.035,ROUTE_RogerWilliamsMedicalCenter,0.3516970363454301,9.72
41.58527777775399,-71.25333333324774,202.56688834675197,LVO,ROUTE_NewportHospital,0.33590246660354117,16.205,ROUTE_NewportHospital,0.33590246660354117,16.205,ROUTE_RhodeIslandHospital,0.32734294144,42.92333333333333,ROUTE_NewportHospital,0.33590246660354117,16.205
41.818611111087506,-71.4255555554701,256.44808284852326,HEMORRHAGIC,ROUTE_RhodeIslandHospital,0.32734294144,4.316666666666666,ROUTE_RhodeIslandHospital,0.32734294144,4.316666666666666,ROUTE_RhodeIslandHospital,0.32734294144,4.316666666666666,ROUTE_RhodeIslandHospital,0.32734294144,4.316666666666666
41.9663888888654,-71.77194444435926,69.09709003354882,HEMORRHAGIC,ROUTE_RhodeIslandHospital,0.4175121963330914,50.74333333333333,ROUTE_LandmarkMedicalCenter,0.3557744039931335,40.440000000000005,ROUTE_RhodeIslandHospital,0.4175121963330914,50.74333333333333,ROUTE_LandmarkMedicalCenter,0.3557744039931335,40.440000000000005
42.0016666666432,-71.50166666658127,118.75820978359859,HEMORRHAGIC,ROUTE_RhodeIslandHospital,0.4129540384639295,20.875,ROUTE_LandmarkMedicalCenter,0.3535462546132297,2.5616666666666665,ROUTE_RhodeIslandHospital,0.4129540384639295,20.875,ROUTE_LandmarkMedicalCenter,0.3535462546132297,2.5616666666666665
41.9738888888654,-71.45055555547012,240.03141711009806,LVO,ROUTE_LandmarkMedicalCenter,0.32734294144,10.543333333333333,ROUTE_LandmarkMedicalCenter,0.32734294144,10.543333333333333,ROUTE_RhodeIslandHospital,0.32734294144,23.07,ROUTE_LandmarkMedicalCenter,0.32734294144,10.543333333333333
41.98555555553208,-71.47499999991457,216.58682842925916,LVO,ROUTE_LandmarkMedicalCenter,0.33535533765943804,5.335,ROUTE_LandmarkMedicalCenter,0.33535533765943804,5.335,ROUTE_RhodeIslandHospital,0.32734294144,18.208333333333332,ROUTE_LandmarkMedicalCenter,0.33535533765943804,5.335
41.821388888865286,-71.37388888880338,94.85733989056013,HEMORRHAGIC,ROUTE_RhodeIslandHospital,0.421718020385162,6.855,ROUTE_RhodeIslandHospital,0.421718020385162,6.855,ROUTE_RhodeIslandHospital,0.421718020385162,6.855,ROUTE_RhodeIslandHospital,0.421718020385162,6.855
41.871388888865326,-71.42527777769232,150.20223176873088,LVO,ROUTE_RhodeIslandHospital,0.4083315850147016,9.666666666666666,ROUTE_OurLadyOfFatimaHospital,0.346964904485981,6.575,ROUTE_RhodeIslandHospital,0.4083315850147016,9.666666666666666,ROUTE_OurLadyOfFatimaHospital,0.346964904485981,6.575
42.00583333330987,-71.46611111102568,110.62140874781888,LVO,ROUTE_RhodeIslandHospital,0.4145644926160607,22.0,ROUTE_LandmarkMedicalCenter,0.354544423493579,5.406666666666666,ROUTE_RhodeIslandHospital,0.4145644926160607,22.0,ROUTE_LandmarkMedicalCenter,0.354544423493579,5.406666666666666
41.710833333309644,-71.30111111102555,246.62346692479235,NLVO,ROUTE_RhodeIslandHospital,0.32734294144,28.773333333333333,ROUTE_RhodeIslandHospital,0.32734294144,28.773333333333333,ROUTE_RhodeIslandHospital,0.32734294144,28.773333333333333,ROUTE_RhodeIslandHospital,0.32734294144,28.773333333333333
41.51666666664282,-71.24249999991439,262.8540873162816,LVO,ROUTE_NewportHospital,0.32734294144,9.363333333333333,ROUTE_NewportHospital,0.32734294144,9.363333333333333,ROUTE_RhodeIslandHospital,0.32734294144,53.40833333333333,ROUTE_NewportHospital,0.32734294144,9.363333333333333
41.75972222219857,-71.39222222213674,175.69454155243724,HEMORRHAGIC,ROUTE_RhodeIslandHospital,0.3417691556751356,9.806666666666667,ROUTE_RhodeIslandHospital,0.3417691556751356,9.806666666666667,ROUTE_RhodeIslandHospital,0.3417691556751356,9.806666666666667,ROUTE_RhodeIslandHospital,0.3417691556751356,9.806666666666667
41.728333333309656,-71.40222222213674,45.85668933982902,HEMORRHAGIC,ROUTE_RhodeIslandHospital,0.4313289831014827,14.886666666666667,ROUTE_RhodeIslandHospital,0.4313289831014827,14.886666666666667,ROUTE_RhodeIslandHospital,0.4313289831014827,14.886666666666667,ROUTE_RhodeIslandHospital,0.4313289831014827,14.886666666666667
41.83472222219863,-71.45111111102567,105.06467107084933,HEMORRHAGIC,ROUTE_RhodeIslandHospital,0.4187927920520095,9.241666666666667,ROUTE_RogerWilliamsMedicalCenter,0.356168362045561,2.4,ROUTE_RhodeIslandHospital,0.4187927920520095,9.241666666666667,ROUTE_RogerWilliamsMedicalCenter,0.356168362045561,2.4
41.80277777775416,-71.4141666665812,166.8654399623524,NLVO,ROUTE_RhodeIslandHospital,0.4060390156301852,3.103333333333333,ROUTE_RhodeIslandHospital,0.4060390156301852,3.103333333333333,ROUTE_RhodeIslandHospital,0.4060390156301852,3.103333333333333,ROUTE_RhodeIslandHospital,0.4060390156301852,3.103333333333333
41.85555555553198,-71.49083333324792,188.608818380614,LVO,ROUTE_RhodeIslandHospital,0.33857444864120306,14.895000000000001,ROUTE_OurLadyOfFatimaHospital,0.3401639069755838,5.903333333333333,ROUTE_RhodeIslandHospital,0.33857444864120306,14.895000000000001,ROUTE_OurLadyOfFatimaHospital,0.3401639069755838,5.903333333333333
41.49861111108725,-71.30499999991444,186.65015763273615,LVO,ROUTE_NewportHospital,0.34126292069390973,1.6849999999999998,ROUTE_NewportHospital,0.34126292069390973,1.6849999999999998,ROUTE_RhodeIslandHospital,0.32734294144,53.43333333333333,ROUTE_NewportHospital,0.34126292069390973,1.6849999999999998
41.834999999976404,-71.40916666658119,243.1542563903127,HEMORRHAGIC,ROUTE_TheMiriamHospital,0.32734294144,4.653333333333333,ROUTE_TheMiriamHospital,0.32734294144,4.653333333333333,ROUTE_RhodeIslandHospital,0.32734294144,7.77,ROUTE_TheMiriamHospital,0.32734294144,4.653333333333333
41.44138888886498,-71.5227777776924,186.7580390660428,LVO,ROUTE_SouthCountyHospital,0.3407389602304975,4.5183333333333335,ROUTE_SouthCountyHospital,0.3407389602304975,4.5183333333333335,ROUTE_RhodeIslandHospital,0.32734294144,52.23833333333334,ROUTE_SouthCountyHospital,0.3407389602304975,4.5183333333333335
41.729444444420764,-71.50694444435905,260.79390479488234,MIMIC,ROUTE_KentHospital,0.32734294144,9.573333333333332,ROUTE_KentHospital,0.32734294144,9.573333333333332,ROUTE_RhodeIslandHospital,0.32734294144,25.246666666666666,ROUTE_KentHospital,0.32734294144,9.573333333333332
41.797499999976374,-71.37138888880338,121.98998226210642,LVO,ROUTE_RhodeIslandHospital,0.41496551991157044,8.888333333333332,ROUTE_RhodeIslandHospital,0.41496551991157044,8.888333333333332,ROUTE_RhodeIslandHospital,0.41496551991157044,8.888333333333332,ROUTE_RhodeIslandHospital,0.41496551991157044,8.888333333333332
41.698888888865184,-71.37055555547005,195.12595281835007,NLVO,ROUTE_KentHospital,0.3371415945726575,16.54,ROUTE_KentHospital,0.3371415945726575,16.54,ROUTE_RhodeIslandHospital,0.3364448086458611,20.53166666666667,ROUTE_KentHospital,0.3371415945726575,16.54
41.840555555531964,-71.42499999991453,53.160793601793515,NLVO,ROUTE_RhodeIslandHospital,0.43133514214778895,7.556666666666667,ROUTE_RogerWilliamsMedicalCenter,0.42578332189251716,2.9266666666666667,ROUTE_RhodeIslandHospital,0.43133514214778895,7.556666666666667,ROUTE_RogerWilliamsMedicalCenter,0.42578332189251716,2.9266666666666667
41.79305555553193,-71.41611111102564,221.81648936916028,HEMORRHAGIC,ROUTE_RhodeIslandHospital,0.32734294144,6.123333333333333,ROUTE_RhodeIslandHospital,0.32734294144,6.123333333333333,ROUTE_RhodeIslandHospital,0.32734294144,6.123333333333333,ROUTE_RhodeIslandHospital,0.32734294144,6.123333333333333
41.87805555553199,-71.55972222213687,164.8415925034595,HEMORRHAGIC,ROUTE_RhodeIslandHospital,0.34142256458607356,22.598333333333336,ROUTE_OurLadyOfFatimaHospital,0.34240906883016814,17.084999999999997,ROUTE_RhodeIslandHospital,0.34142256458607356,22.598333333333336,ROUTE_OurLadyOfFatimaHospital,0.34240906883016814,17.084999999999997
41.89611111108756,-71.54388888880352,227.3997724202574,MIMIC,ROUTE_OurLadyOfFatimaHospital,0.32734294144,12.723333333333333,ROUTE_OurLadyOfFatimaHospital,0.32734294144,12.723333333333333,ROUTE_RhodeIslandHospital,0.32734294144,21.646666666666665,ROUTE_OurLadyOfFatimaHospital,0.32734294144,12.723333333333333
41.85388888886531,-71.45305555547012,69.64829659822921,LVO,ROUTE_RhodeIslandHospital,0.42649016176729676,11.645000000000001,ROUTE_OurLadyOfFatimaHospital,0.42169732489513856,2.7616666666666663,ROUTE_RhodeIslandHospital,0.42649016176729676,11.645000000000001,ROUTE_OurLadyOfFatimaHospital,0.42169732489513856,2.7616666666666663
41.888055555532006,-71.36444444435894,239.8869496851868,LVO,ROUTE_TheMiriamHospital,0.32734294144,9.006666666666666,ROUTE_TheMiriamHospital,0.32734294144,9.006666666666666,ROUTE_RhodeIslandHospital,0.32734294144,16.953333333333333,ROUTE_TheMiriamHospital,0.32734294144,9.006666666666666
41.68388888886518,-71.5113888888035,110.83710889315041,NLVO,ROUTE_RhodeIslandHospital,0.41375049068530095,25.325,ROUTE_KentHospital,0.3540346137859771,7.891666666666667,ROUTE_RhodeIslandHospital,0.41375049068530095,25.325,ROUTE_KentHospital,0.3540346137859771,7.891666666666667
41.49222222219836,-71.28333333324775,42.11433572925558,LVO,ROUTE_RhodeIslandHospital,0.42252616972010815,56.13,ROUTE_NewportHospital,0.3677522974263447,5.836666666666667,ROUTE_RhodeIslandHospital,0.42252616972010815,56.13,ROUTE_NewportHospital,0.3677522974263447,5.836666666666667
41.885277777754226,-71.36833333324782,161.6766500077083,HEMORRHAGIC,ROUTE_RhodeIslandHospital,0.4042091110857957,16.386666666666667,ROUTE_TheMiriamHospital,0.34453717453185434,8.438333333333334,ROUTE_RhodeIslandHospital,0.4042091110857957,16.386666666666667,ROUTE_TheMiriamHospital,0.34453717453185434,8.438333333333334
41.95666666664317,-71.65499999991472,98.50402628574489,LVO,ROUTE_RhodeIslandHospital,0.4149513532140342,32.43666666666667,ROUTE_LandmarkMedicalCenter,0.35367478647365636,22.133333333333333,ROUTE_RhodeIslandHospital,0.4149513532140342,32.43666666666667,ROUTE_LandmarkMedicalCenter,0.35367478647365636,22.133333333333333
41.77916666664303,-71.7411111110259,84.23574617946082,HEMORRHAGIC,ROUTE_RhodeIslandHospital,0.4179516039767116,33.705,ROUTE_RogerWilliamsMedicalCenter,0.35466828285652996,31.136666666666667,ROUTE_RhodeIslandHospital,0.4179516039767116,33.705,ROUTE_RogerWilliamsMedicalCenter,0.35466828285652996,31.136666666666667
41.871111111087544,-71.3938888888034,40.761587618704674,NLVO,ROUTE_RhodeIslandHospital,0.43280985045400433,13.721666666666666,ROUTE_TheMiriamHospital,0.4282315322070971,4.448333333333333,ROUTE_RhodeIslandHospital,0.43280985045400433,13.721666666666666,ROUTE_TheMiriamHospital,0.4282315322070971,4.448333333333333
41.825555555531956,-71.45666666658123,31.862956851769574,LVO,ROUTE_RhodeIslandHospital,0.43612944975054924,8.636666666666667,ROUTE_RogerWilliamsMedicalCenter,0.43066351337760944,3.6933333333333334,ROUTE_RhodeIslandHospital,0.43612944975054924,8.636666666666667,ROUTE_RogerWilliamsMedicalCenter,0.43066351337760944,3.6933333333333334
41.83472222219863,-71.35972222213671,178.59114022077668,LVO,ROUTE_RhodeIslandHospital,0.34129975842019816,9.538333333333332,ROUTE_TheMiriamHospital,0.341403041782716,8.958333333333334,ROUTE_RhodeIslandHospital,0.34129975842019816,9.538333333333332,ROUTE_TheMiriamHospital,0.341403041782716,8.958333333333334
41.82055555553195,-71.39444444435895,46.14056225162665,LVO,ROUTE_RhodeIslandHospital,0.43380083997644214,4.161666666666666,ROUTE_RhodeIslandHospital,0.43380083997644214,4.161666666666666,ROUTE_RhodeIslandHospital,0.43380083997644214,4.161666666666666,ROUTE_RhodeIslandHospital,0.43380083997644214,4.161666666666666
41.71749999997631,-71.44972222213678,178.57621056112572,MIMIC,ROUTE_RhodeIslandHospital,0.3395817626629165,19.221666666666668,ROUTE_KentHospital,0.341465147882321,8.626666666666667,ROUTE_RhodeIslandHospital,0.3395817626629165,19.221666666666668,ROUTE_KentHospital,0.341465147882321,8.626666666666667
41.699722222198524,-71.37555555547006,269.02746341589176,NLVO,ROUTE_KentHospital,0.32734294144,15.531666666666666,ROUTE_KentHospital,0.32734294144,15.531666666666666,ROUTE_RhodeIslandHospital,0.32734294144,19.521666666666665,ROUTE_KentHospital,0.32734294144,15.531666666666666
41.70361111108741,-71.51111111102571,158.650289178495,LVO,ROUTE_RhodeIslandHospital,0.34218752628459265,24.511666666666667,ROUTE_KentHospital,0.34552689537838716,6.010000000000001,ROUTE_RhodeIslandHospital,0.34218752628459265,24.511666666666667,ROUTE_KentHospital,0.34552689537838716,6.010000000000001
42.01499999997655,-71.48055555547013,35.943058563161394,LVO,ROUTE_RhodeIslandHospital,0.432320619201908,20.60666666666667,ROUTE_LandmarkMedicalCenter,0.42877821303861796,4.013333333333334,ROUTE_RhodeIslandHospital,0.432320619201908,20.60666666666667,ROUTE_LandmarkMedicalCenter,0.42877821303861796,4.013333333333334
41.589166666642875,-71.51555555547017,44.55936329999032,LVO,ROUTE_RhodeIslandHospital,0.4268624750372146,35.14833333333333,ROUTE_KentHospital,0.42282981116140106,20.333333333333332,ROUTE_RhodeIslandHospital,0.4268624750372146,35.14833333333333,ROUTE_KentHospital,0.42282981116140106,20.333333333333332
41.74444444442078,-71.48305555547014,82.74989934002912,LVO,ROUTE_RhodeIslandHospital,0.4218428503001478,18.426666666666666,ROUTE_KentHospital,0.358945562390795,10.2,ROUTE_RhodeIslandHospital,0.4218428503001478,18.426666666666666,ROUTE_KentHospital,0.358945562390795,10.2
41.762222222198574,-71.33055555547001,76.1983565846086,LVO,ROUTE_RhodeIslandHospital,0.42400820297029684,15.695,ROUTE_RhodeIslandHospital,0.42400820297029684,15.695,ROUTE_RhodeIslandHospital,0.42400820297029684,15.695,ROUTE_RhodeIslandHospital,0.42400820297029684,15.695
41.89583333330979,-71.40944444435897,63.47211324644816,HEMORRHAGIC,ROUTE_RhodeIslandHospital,0.4273920631806514,13.979999999999999,ROUTE_TheMiriamHospital,0.4220375907072334,7.916666666666667,ROUTE_RhodeIslandHospital,0.4273920631806514,13.979999999999999,ROUTE_TheMiriamHospital,0.4220375907072334,7.916666666666667
41.700277777754074,-71.39527777769229,120.36879327937103,LVO,ROUTE_RhodeIslandHospital,0.41326204444237025,17.921666666666667,ROUTE_KentHospital,0.3513594673215229,12.623333333333333,ROUTE_RhodeIslandHospital,0.41326204444237025,17.921666666666667,ROUTE_KentHospital,0.3513594673215229,12.623333333333333
41.91194444442091,-71.64888888880361,147.85332448270825,LVO,ROUTE_RhodeIslandHospital,0.342387900273297,34.19166666666667,ROUTE_OurLadyOfFatimaHospital,0.34332833249497113,28.956666666666667,ROUTE_RhodeIslandHospital,0.342387900273297,34.19166666666667,ROUTE_OurLadyOfFatimaHospital,0.34332833249497113,28.956666666666667
41.47444444442056,-71.44666666658122,147.87602099937155,MIMIC,ROUTE_RhodeIslandHospital,0.3398438700155507,48.44166666666667,ROUTE_SouthCountyHospital,0.34600039135811345,14.183333333333334,ROUTE_RhodeIslandHospital,0.3398438700155507,48.44166666666667,ROUTE_SouthCountyHospital,0.34600039135811345,14.183333333333334
41.976944444420965,-71.46611111102568,233.3391710539585,HEMORRHAGIC,ROUTE_LandmarkMedicalCenter,0.32734294144,7.571666666666667,ROUTE_LandmarkMedicalCenter,0.32734294144,7.571666666666667,ROUTE_RhodeIslandHospital,0.32734294144,19.461666666666666,ROUTE_LandmarkMedicalCenter,0.32734294144,7.571666666666667
41.746111111087444,-71.34194444435892,79.35307822104791,MIMIC,ROUTE_RhodeIslandHospital,0.4229539701008169,17.056666666666665,ROUTE_RhodeIslandHospital,0.4229539701008169,17.056666666666665,ROUTE_RhodeIslandHospital,0.4229539701008169,17.056666666666665,ROUTE_RhodeIslandHospital,0.4229539701008169,17.056666666666665
41.836666666643076,-71.49194444435904,153.66128685605014,HEMORRHAGIC,ROUTE_RhodeIslandHospital,0.4065568987706748,14.023333333333333,ROUTE_RogerWilliamsMedicalCenter,0.3460966102478378,7.87,ROUTE_RhodeIslandHospital,0.4065568987706748,14.023333333333333,ROUTE_RogerWilliamsMedicalCenter,0.3460966102478378,7.87
41.84805555553197,-71.35555555547003,160.24989688634855,LVO,ROUTE_RhodeIslandHospital,0.4054334884184008,12.395000000000001,ROUTE_TheMiriamHospital,0.3442874013093038,11.245000000000001,ROUTE_RhodeIslandHospital,0.4054334884184008,12.395000000000001,ROUTE_TheMiriamHospital,0.3442874013093038,11.245000000000001
41.720555555531874,-71.49388888880348,221.13450542331546,MIMIC,ROUTE_KentHospital,0.32734294144,5.785,ROUTE_KentHospital,0.32734294144,5.785,ROUTE_RhodeIslandHospital,0.32734294144,21.571666666666665,ROUTE_KentHospital,0.32734294144,5.785
41.676111111087394,-71.56083333324798,46.096417399672596,LVO,ROUTE_RhodeIslandHospital,0.4273161560384694,31.678333333333335,ROUTE_KentHospital,0.4238892943060487,14.31,ROUTE_RhodeIslandHospital,0.4273161560384694,31.678333333333335,ROUTE_KentHospital,0.4238892943060487,14.31
42.00111111108765,-71.52694444435906,149.21044266303807,LVO,ROUTE_RhodeIslandHospital,0.4057228610770298,22.154999999999998,ROUTE_LandmarkMedicalCenter,0.3472064086796484,6.248333333333333,ROUTE_RhodeIslandHospital,0.4057228610770298,22.154999999999998,ROUTE_LandmarkMedicalCenter,0.3472064086796484,6.248333333333333
41.740833333309666,-71.40416666658119,64.1143638864946,MIMIC,ROUTE_RhodeIslandHospital,0.42739431435421565,13.328333333333335,ROUTE_RhodeIslandHospital,0.42739431435421565,13.328333333333335,ROUTE_RhodeIslandHospital,0.42739431435421565,13.328333333333335,ROUTE_RhodeIslandHospital,0.42739431435421565,13.328333333333335
41.727499999976324,-71.62222222213691,59.47201340870972,LVO,ROUTE_RhodeIslandHospital,0.4242290333348973,31.476666666666667,ROUTE_KentHospital,0.3616000598849997,19.753333333333334,ROUTE_RhodeIslandHospital,0.4242290333348973,31.476666666666667,ROUTE_KentHospital,0.3616000598849997,19.753333333333334
41.763611111087464,-71.43222222213677,183.1122512913326,NLVO,ROUTE_RhodeIslandHospital,0.3393945468067534,15.745000000000001,ROUTE_RhodeIslandHospital,0.3393945468067534,15.745000000000001,ROUTE_RhodeIslandHospital,0.3393945468067534,15.745000000000001,ROUTE_RhodeIslandHospital,0.3393945468067534,15.745000000000001
41.59249999997621,-71.66111111102583,56.302929688603804,LVO,ROUTE_RhodeIslandHospital,0.4233509916311444,38.405,ROUTE_KentHospital,0.36147023643509324,23.59,ROUTE_RhodeIslandHospital,0.4233509916311444,38.405,ROUTE_KentHospital,0.36147023643509324,23.59
41.88361111108755,-71.41499999991453,149.02017183670583,NLVO,ROUTE_RhodeIslandHospital,0.40822356490634054,11.323333333333332,ROUTE_TheMiriamHospital,0.34726854090075226,6.1,ROUTE_RhodeIslandHospital,0.40822356490634054,11.323333333333332,ROUTE_TheMiriamHospital,0.34726854090075226,6.1
41.77027777775413,-71.34916666658114,257.0711125365307,LVO,ROUTE_RhodeIslandHospital,0.32734294144,12.993333333333334,ROUTE_RhodeIslandHospital,0.32734294144,12.993333333333334,ROUTE_RhodeIslandHospital,0.32734294144,12.993333333333334,ROUTE_RhodeIslandHospital,0.32734294144,12.993333333333334
41.70416666664297,-71.52805555547017,210.1790235512463,LVO,ROUTE_KentHospital,0.3359634843720432,8.241666666666667,ROUTE_KentHospital,0.3359634843720432,8.241666666666667,ROUTE_RhodeIslandHospital,0.32734294144,26.745,ROUTE_KentHospital,0.3359634843720432,8.241666666666667
41.769166666643024,-71.46388888880345,41.33477120106511,LVO,ROUTE_RhodeIslandHospital,0.4322711476043979,15.423333333333334,ROUTE_KentHospital,0.42500034962684646,14.376666666666667,ROUTE_RhodeIslandHospital,0.4322711476043979,15.423333333333334,ROUTE_KentHospital,0.42500034962684646,14.376666666666667
41.769166666643024,-71.4216666665812,155.02247622045235,LVO,ROUTE_RhodeIslandHospital,0.40700774205564205,10.673333333333334,ROUTE_RhodeIslandHospital,0.40700774205564205,10.673333333333334,ROUTE_RhodeIslandHospital,0.40700774205564205,10.673333333333334,ROUTE_RhodeIslandHospital,0.40700774205564205,10.673333333333334
41.89999999997646,-71.47888888880347,32.878284457482145,NLVO,ROUTE_RhodeIslandHospital,0.43211442417784224,24.543333333333333,ROUTE_OurLadyOfFatimaHospital,0.4268564837720993,17.7,ROUTE_RhodeIslandHospital,0.43211442417784224,24.543333333333333,ROUTE_OurLadyOfFatimaHospital,0.4268564837720993,17.7
42.0080555555321,-71.52361111102573,130.77605625401407,NLVO,ROUTE_RhodeIslandHospital,0.4095099114505547,23.918333333333333,ROUTE_LandmarkMedicalCenter,0.35070723756143407,5.718333333333334,ROUTE_RhodeIslandHospital,0.4095099114505547,23.918333333333333,ROUTE_LandmarkMedicalCenter,0.35070723756143407,5.718333333333334
41.77027777775413,-71.3924999999145,69.45193388485472,NLVO,ROUTE_RhodeIslandHospital,0.42738803337607184,8.016666666666667,ROUTE_RhodeIslandHospital,0.42738803337607184,8.016666666666667,ROUTE_RhodeIslandHospital,0.42738803337607184,8.016666666666667,ROUTE_RhodeIslandHospital,0.42738803337607184,8.016666666666667
41.80138888886527,-71.43166666658121,100.14749846355053,LVO,ROUTE_RhodeIslandHospital,0.4206943474752251,5.965,ROUTE_RhodeIslandHospital,0.4206943474752251,5.965,ROUTE_RhodeIslandHospital,0.4206943474752251,5.965,ROUTE_RhodeIslandHospital,0.4206943474752251,5.965
41.64388888886514,-71.54055555547019,124.66043509111995,HEMORRHAGIC,ROUTE_RhodeIslandHospital,0.40961853367523404,29.55666666666667,ROUTE_KentHospital,0.35016680416383483,14.741666666666667,ROUTE_RhodeIslandHospital,0.40961853367523404,29.55666666666667,ROUTE_KentHospital,0.35016680416383483,14.741666666666667
41.654444444420704,-71.46166666658124,32.125896407624516,LVO,ROUTE_RhodeIslandHospital,0.43114526116439666,29.395,ROUTE_KentHospital,0.42727208549342915,14.01,ROUTE_RhodeIslandHospital,0.43114526116439666,29.395,ROUTE_KentHospital,0.42727208549342915,14.01
41.91944444442092,-71.43277777769232,176.55104098372465,NLVO,ROUTE_RhodeIslandHospital,0.34033153599727084,17.018333333333334,ROUTE_OurLadyOfFatimaHospital,0.34081269393645525,14.311666666666667,ROUTE_RhodeIslandHospital,0.34033153599727084,17.018333333333334,ROUTE_OurLadyOfFatimaHospital,0.34081269393645525,14.311666666666667
41.96833333330984,-71.6830555554703,217.45246951601064,LVO,ROUTE_LandmarkMedicalCenter,0.32734294144,24.77,ROUTE_LandmarkMedicalCenter,0.32734294144,24.77,ROUTE_RhodeIslandHospital,0.32734294144,35.07166666666667,ROUTE_LandmarkMedicalCenter,0.32734294144,24.77
41.80555555553194,-71.37194444435895,191.20824506898748,HEMORRHAGIC,ROUTE_RhodeIslandHospital,0.3393973179824485,7.633333333333334,ROUTE_RhodeIslandHospital,0.3393973179824485,7.633333333333334,ROUTE_RhodeIslandHospital,0.3393973179824485,7.633333333333334,ROUTE_RhodeIslandHospital,0.3393973179824485,7.633333333333334
41.74805555553189,-71.47444444435902,81.98940299927898,NLVO,ROUTE_RhodeIslandHospital,0.42221994040335986,17.56833333333333,ROUTE_KentHospital,0.3591502301619391,9.896666666666667,ROUTE_RhodeIslandHospital,0.42221994040335986,17.56833333333333,ROUTE_KentHospital,0.3591502301619391,9.896666666666667
41.33805555553157,-71.77416666658148,181.2809395467731,HEMORRHAGIC,ROUTE_WesterlyHospital,0.34077361733881384,9.801666666666668,ROUTE_WesterlyHospital,0.34077361733881384,9.801666666666668,ROUTE_RhodeIslandHospital,0.32734294144,63.78666666666666,ROUTE_WesterlyHospital,0.34077361733881384,9.801666666666668
41.839166666643074,-71.55499999991464,141.17672466408095,NLVO,ROUTE_RhodeIslandHospital,0.40832025154701734,18.741666666666667,ROUTE_RogerWilliamsMedicalCenter,0.34685985438450195,16.175,ROUTE_RhodeIslandHospital,0.40832025154701734,18.741666666666667,ROUTE_RogerWilliamsMedicalCenter,0.34685985438450195,16.175
41.87916666664311,-71.41638888880343,144.57701297168998,LVO,ROUTE_RhodeIslandHospital,0.4092364409504098,11.316666666666666,ROUTE_TheMiriamHospital,0.3479964034306701,6.576666666666667,ROUTE_RhodeIslandHospital,0.4092364409504098,11.316666666666666,ROUTE_TheMiriamHospital,0.3479964034306701,6.576666666666667
41.82055555553195,-71.44249999991455,183.0733363748371,LVO,ROUTE_RhodeIslandHospital,0.3407302483550746,8.251666666666667,ROUTE_RogerWilliamsMedicalCenter,0.3413613068416091,4.71,ROUTE_RhodeIslandHospital,0.3407302483550746,8.251666666666667,ROUTE_RogerWilliamsMedicalCenter,0.3413613068416091,4.71
41.823888888865284,-71.45499999991456,89.08865327272005,HEMORRHAGIC,ROUTE_RhodeIslandHospital,0.42256129879343735,9.004999999999999,ROUTE_RogerWilliamsMedicalCenter,0.3588518963459118,4.348333333333333,ROUTE_RhodeIslandHospital,0.42256129879343735,9.004999999999999,ROUTE_RogerWilliamsMedicalCenter,0.3588518963459118,4.348333333333333
41.678055555531834,-71.69444444435919,124.30276258248598,HEMORRHAGIC,ROUTE_RhodeIslandHospital,0.4073800749628162,39.75333333333333,ROUTE_KentHospital,0.3482576410874186,25.43,ROUTE_RhodeIslandHospital,0.4073800749628162,39.75333333333333,ROUTE_KentHospital,0.3482576410874186,25.43
41.86777777775421,-71.36166666658116,219.74398425375173,MIMIC,ROUTE_TheMiriamHospital,0.32734294144,9.135,ROUTE_TheMiriamHospital,0.32734294144,9.135,ROUTE_RhodeIslandHospital,0.32734294144,15.878333333333334,ROUTE_TheMiriamHospital,0.32734294144,9.135
41.89722222219868,-71.3888888888034,250.98719630795625,LVO,ROUTE_TheMiriamHospital,0.32734294144,7.428333333333333,ROUTE_TheMiriamHospital,0.32734294144,7.428333333333333,ROUTE_RhodeIslandHospital,0.32734294144,15.031666666666666,ROUTE_TheMiriamHospital,0.32734294144,7.428333333333333
41.83416666664307,-71.47444444435902,184.17510930963553,LVO,ROUTE_RhodeIslandHospital,0.33991078203498004,11.764999999999999,ROUTE_RogerWilliamsMedicalCenter,0.34100404535579404,5.613333333333333,ROUTE_RhodeIslandHospital,0.33991078203498004,11.764999999999999,ROUTE_RogerWilliamsMedicalCenter,0.34100404535579404,5.613333333333333
41.45527777775388,-71.30611111102556,242.32109508998235,HEMORRHAGIC,ROUTE_NewportHospital,0.32734294144,8.72,ROUTE_NewportHospital,0.32734294144,8.72,ROUTE_RhodeIslandHospital,0.32734294144,60.483333333333334,ROUTE_NewportHospital,0.32734294144,8.72
41.88833333330978,-71.40361111102563,165.7402463250523,LVO,ROUTE_RhodeIslandHospital,0.4039146442714221,13.628333333333334,ROUTE_TheMiriamHospital,0.3442385470237775,6.025,ROUTE_RhodeIslandHospital,0.4039146442714221,13.628333333333334,ROUTE_TheMiriamHospital,0.3442385470237775,6.025
41.641944444420695,-71.22666666658104,81.57829085843758,NLVO,ROUTE_RhodeIslandHospital,0.4170322970603713,40.33833333333334,ROUTE_NewportHospital,0.3560658719864911,26.425,ROUTE_RhodeIslandHospital,0.4170322970603713,40.33833333333334,ROUTE_NewportHospital,0.3560658719864911,26.425
41.40083333330939,-71.81861111102596,146.95121283287625,LVO,ROUTE_RhodeIslandHospital,0.33883823727487494,55.055,ROUTE_WesterlyHospital,0.3475078605150321,6.863333333333333,ROUTE_RhodeIslandHospital,0.33883823727487494,55.055,ROUTE_WesterlyHospital,0.3475078605150321,6.863333333333333
41.69638888886519,-71.38416666658117,212.5274433328973,HEMORRHAGIC,ROUTE_KentHospital,0.32734294144,16.765,ROUTE_KentHospital,0.32734294144,16.765,ROUTE_RhodeIslandHospital,0.32734294144,21.235,ROUTE_KentHospital,0.32734294144,16.765
41.861666666643096,-71.42611111102565,49.76652837676716,LVO,ROUTE_RhodeIslandHospital,0.4315026190425188,10.241666666666667,ROUTE_TheMiriamHospital,0.42566796809166485,6.248333333333333,ROUTE_RhodeIslandHospital,0.4315026190425188,10.241666666666667,ROUTE_TheMiriamHospital,0.42566796809166485,6.248333333333333
41.69944444442074,-71.41472222213675,33.2369619219552,HEMORRHAGIC,ROUTE_RhodeIslandHospital,0.43284840591514273,21.083333333333332,ROUTE_KentHospital,0.4272444610496719,13.014999999999999,ROUTE_RhodeIslandHospital,0.43284840591514273,21.083333333333332,ROUTE_KentHospital,0.4272444610496719,13.014999999999999
41.5244444444206,-71.52444444435906,205.857166886149,HEMORRHAGIC,ROUTE_SouthCountyHospital,0.33517292554579653,17.118333333333332,ROUTE_SouthCountyHospital,0.33517292554579653,17.118333333333332,ROUTE_RhodeIslandHospital,0.32734294144,40.68,ROUTE_SouthCountyHospital,0.33517292554579653,17.118333333333332
41.80138888886527,-71.4102777776923,78.17641276589808,LVO,ROUTE_RhodeIslandHospital,0.4265916432540665,2.685,ROUTE_RhodeIslandHospital,0.4265916432540665,2.685,ROUTE_RhodeIslandHospital,0.4265916432540665,2.685,ROUTE_RhodeIslandHospital,0.4265916432540665,2.685
41.98222222219874,-71.47194444435902,76.42057921434588,HEMORRHAGIC,ROUTE_RhodeIslandHospital,0.42333162076096986,18.37,ROUTE_LandmarkMedicalCenter,0.3610768784272679,5.498333333333333,ROUTE_RhodeIslandHospital,0.42333162076096986,18.37,ROUTE_LandmarkMedicalCenter,0.3610768784272679,5.498333333333333
41.7188888888652,-71.52333333324795,267.6372973005699,HEMORRHAGIC,ROUTE_KentHospital,0.32734294144,7.944999999999999,ROUTE_KentHospital,0.32734294144,7.944999999999999,ROUTE_RhodeIslandHospital,0.32734294144,23.720000000000002,ROUTE_KentHospital,0.32734294144,7.944999999999999
41.87361111108755,-71.3913888888034,138.27897263115267,MIMIC,ROUTE_RhodeIslandHospital,0.4104586389470978,12.256666666666666,ROUTE_TheMiriamHospital,0.3496325856235929,4.006666666666667,ROUTE_RhodeIslandHospital,0.4104586389470978,12.256666666666666,ROUTE_TheMiriamHospital,0.3496325856235929,4.006666666666667
41.49916666664281,-71.38194444435895,123.0245117828657,LVO,ROUTE_RhodeIslandHospital,0.4055220744237615,49.22833333333333,ROUTE_NewportHospital,0.3508628167348395,12.633333333333333,ROUTE_RhodeIslandHospital,0.4055220744237615,49.22833333333333,ROUTE_NewportHospital,0.3508628167348395,12.633333333333333
41.88749999997645,-71.39333333324785,265.9725668345387,LVO,ROUTE_TheMiriamHospital,0.32734294144,7.175,ROUTE_TheMiriamHospital,0.32734294144,7.175,ROUTE_RhodeIslandHospital,0.32734294144,14.9,ROUTE_TheMiriamHospital,0.32734294144,7.175
41.98361111108763,-71.61749999991468,56.55065839990406,LVO,ROUTE_RhodeIslandHospital,0.4258450730274879,27.493333333333332,ROUTE_LandmarkMedicalCenter,0.36265848766564307,17.241666666666667,ROUTE_RhodeIslandHospital,0.4258450730274879,27.493333333333332,ROUTE_LandmarkMedicalCenter,0.36265848766564307,17.241666666666667
41.825555555531956,-71.44722222213677,187.6566464558657,HEMORRHAGIC,ROUTE_RhodeIslandHospital,0.33996575689902564,7.973333333333333,ROUTE_RogerWilliamsMedicalCenter,0.3407664920372107,3.4650000000000003,ROUTE_RhodeIslandHospital,0.33996575689902564,7.973333333333333,ROUTE_RogerWilliamsMedicalCenter,0.3407664920372107,3.4650000000000003
41.9966666666432,-71.63527777769248,48.65326664484133,LVO,ROUTE_RhodeIslandHospital,0.42719926443196754,29.62,ROUTE_LandmarkMedicalCenter,0.42212780962520435,19.366666666666667,ROUTE_RhodeIslandHospital,0.42719926443196754,29.62,ROUTE_LandmarkMedicalCenter,0.42212780962520435,19.366666666666667
41.5194444444206,-71.29555555546999,127.47390011811504,HEMORRHAGIC,ROUTE_RhodeIslandHospital,0.3426489344441857,53.115,ROUTE_NewportHospital,0.3512355464049025,6.183333333333334,ROUTE_RhodeIslandHospital,0.3426489344441857,53.115,ROUTE_NewportHospital,0.3512355464049025,6.183333333333334
41.681666666642954,-71.46444444435902,106.13544604763403,HEMORRHAGIC,ROUTE_RhodeIslandHospital,0.41495006730233713,24.81,ROUTE_KentHospital,0.3546313419402102,9.433333333333334,ROUTE_RhodeIslandHospital,0.41495006730233713,24.81,ROUTE_KentHospital,0.3546313419402102,9.433333333333334
41.90861111108757,-71.39527777769229,42.83999349324822,HEMORRHAGIC,ROUTE_RhodeIslandHospital,0.43171536202854577,16.268333333333334,ROUTE_TheMiriamHospital,0.4265581786967045,9.416666666666666,ROUTE_RhodeIslandHospital,0.43171536202854577,16.268333333333334,ROUTE_TheMiriamHospital,0.4265581786967045,9.416666666666666
41.87305555553199,-71.39833333324785,177.73432650137124,HEMORRHAGIC,ROUTE_RhodeIslandHospital,0.3409096985117209,12.583333333333334,ROUTE_TheMiriamHospital,0.3422677213164305,4.98,ROUTE_RhodeIslandHospital,0.3409096985117209,12.583333333333334,ROUTE_TheMiriamHospital,0.3422677213164305,4.98
41.72722222219854,-71.41111111102563,74.0363255261328,HEMORRHAGIC,ROUTE_RhodeIslandHospital,0.424696425003316,14.913333333333332,ROUTE_RhodeIslandHospital,0.424696425003316,14.913333333333332,ROUTE_RhodeIslandHospital,0.424696425003316,14.913333333333332,ROUTE_RhodeIslandHospital,0.424696425003316,14.913333333333332
41.99444444442098,-71.53249999991462,229.08084124661448,LVO,ROUTE_LandmarkMedicalCenter,0.32734294144,8.754999999999999,ROUTE_LandmarkMedicalCenter,0.32734294144,8.754999999999999,ROUTE_RhodeIslandHospital,0.32734294144,24.323333333333334,ROUTE_LandmarkMedicalCenter,0.32734294144,8.754999999999999
41.72583333330965,-71.58722222213689,121.47268080706402,LVO,ROUTE_RhodeIslandHospital,0.40937342957021283,33.82,ROUTE_KentHospital,0.3501826865806435,17.845000000000002,ROUTE_RhodeIslandHospital,0.40937342957021283,33.82,ROUTE_KentHospital,0.3501826865806435,17.845000000000002
41.788611111087484,-71.39972222213675,228.77805111286136,NLVO,ROUTE_RhodeIslandHospital,0.32734294144,4.89,ROUTE_RhodeIslandHospital,0.32734294144,4.89,ROUTE_RhodeIslandHospital,0.32734294144,4.89,ROUTE_RhodeIslandHospital,0.32734294144,4.89
41.744722222198554,-71.32222222213667,255.5907336931438,LVO,ROUTE_RhodeIslandHospital,0.32734294144,19.98166666666667,ROUTE_RhodeIslandHospital,0.32734294144,19.98166666666667,ROUTE_RhodeIslandHospital,0.32734294144,19.98166666666667,ROUTE_RhodeIslandHospital,0.32734294144,19.98166666666667
41.77638888886525,-71.45777777769234,243.18926828149026,LVO,ROUTE_RogerWilliamsMedicalCenter,0.32734294144,12.673333333333334,ROUTE_RogerWilliamsMedicalCenter,0.32734294144,12.673333333333334,ROUTE_RhodeIslandHospital,0.32734294144,12.866666666666667,ROUTE_RogerWilliamsMedicalCenter,0.32734294144,12.673333333333334
41.78555555553192,-71.38916666658118,125.02511724705653,NLVO,ROUTE_RhodeIslandHospital,0.4147890746374997,6.62,ROUTE_RhodeIslandHospital,0.4147890746374997,6.62,ROUTE_RhodeIslandHospital,0.4147890746374997,6.62,ROUTE_RhodeIslandHospital,0.4147890746374997,6.62
41.798333333309714,-71.36694444435894,31.8077128606191,LVO,ROUTE_RhodeIslandHospital,0.4359088353998568,9.620000000000001,ROUTE_RhodeIslandHospital,0.4359088353998568,9.620000000000001,ROUTE_RhodeIslandHospital,0.4359088353998568,9.620000000000001,ROUTE_RhodeIslandHospital,0.4359088353998568,9.620000000000001
41.72499999997632,-71.38805555547006,215.4050911110275,HEMORRHAGIC,ROUTE_RhodeIslandHospital,0.32734294144,15.481666666666666,ROUTE_RhodeIslandHospital,0.32734294144,15.481666666666666,ROUTE_RhodeIslandHospital,0.32734294144,15.481666666666666,ROUTE_RhodeIslandHospital,0.32734294144,15.481666666666666
41.88333333330978,-71.41499999991453,152.39297082657666,HEMORRHAGIC,ROUTE_RhodeIslandHospital,0.4074541675604232,11.336666666666668,ROUTE_TheMiriamHospital,0.3466489688603268,6.111666666666666,ROUTE_RhodeIslandHospital,0.4074541675604232,11.336666666666668,ROUTE_TheMiriamHospital,0.3466489688603268,6.111666666666666
41.42277777775386,-71.585833333248,256.50971539487466,HEMORRHAGIC,ROUTE_SouthCountyHospital,0.32734294144,14.343333333333334,ROUTE_SouthCountyHospital,0.32734294144,14.343333333333334,ROUTE_RhodeIslandHospital,0.32734294144,61.56166666666666,ROUTE_SouthCountyHospital,0.32734294144,14.343333333333334
41.971388888865405,-71.47361111102569,137.104305461044,HEMORRHAGIC,ROUTE_RhodeIslandHospital,0.40939710332062634,18.084999999999997,ROUTE_LandmarkMedicalCenter,0.3490415113902734,8.376666666666667,ROUTE_RhodeIslandHospital,0.40939710332062634,18.084999999999997,ROUTE_LandmarkMedicalCenter,0.3490415113902734,8.376666666666667
41.74861111108745,-71.4911111110257,215.6051937588747,HEMORRHAGIC,ROUTE_KentHospital,0.33486592928431846,9.143333333333334,ROUTE_KentHospital,0.33486592928431846,9.143333333333334,ROUTE_RhodeIslandHospital,0.32734294144,18.654999999999998,ROUTE_KentHospital,0.33486592928431846,9.143333333333334
41.683611111087394,-71.26305555546996,135.2192064260109,HEMORRHAGIC,ROUTE_RhodeIslandHospital,0.40712066032307925,29.98,ROUTE_NewportHospital,0.3454772115402284,29.715,ROUTE_RhodeIslandHospital,0.40712066032307925,29.98,ROUTE_NewportHospital,0.3454772115402284,29.715
41.87027777775421,-71.38694444435895,54.40128458798095,HEMORRHAGIC,ROUTE_RhodeIslandHospital,0.42983688681539145,12.663333333333332,ROUTE_TheMiriamHospital,0.4250891909724019,4.058333333333334,ROUTE_RhodeIslandHospital,0.42983688681539145,12.663333333333332,ROUTE_TheMiriamHospital,0.4250891909724019,4.058333333333334
41.741944444420774,-71.38472222213673,180.82161932001816,HEMORRHAGIC,ROUTE_RhodeIslandHospital,0.339849404488442,15.465,ROUTE_RhodeIslandHospital,0.339849404488442,15.465,ROUTE_RhodeIslandHospital,0.339849404488442,15.465,ROUTE_RhodeIslandHospital,0.339849404488442,15.465
41.96749999997651,-71.45166666658123,221.60724897630072,HEMORRHAGIC,ROUTE_LandmarkMedicalCenter,0.32734294144,9.583333333333334,ROUTE_LandmarkMedicalCenter,0.32734294144,9.583333333333334,ROUTE_RhodeIslandHospital,0.32734294144,21.145,ROUTE_LandmarkMedicalCenter,0.32734294144,9.583333333333334
41.81777777775417,-71.47333333324791,67.82514563905374,HEMORRHAGIC,ROUTE_RhodeIslandHospital,0.42701828735965297,11.218333333333334,ROUTE_RogerWilliamsMedicalCenter,0.42120187204646525,7.681666666666667,ROUTE_RhodeIslandHospital,0.42701828735965297,11.218333333333334,ROUTE_RogerWilliamsMedicalCenter,0.42120187204646525,7.681666666666667
41.86527777775421,-71.38972222213673,240.98590644254483,HEMORRHAGIC,ROUTE_TheMiriamHospital,0.32734294144,3.3916666666666666,ROUTE_TheMiriamHospital,0.32734294144,3.3916666666666666,ROUTE_RhodeIslandHospital,0.32734294144,12.168333333333333,ROUTE_TheMiriamHospital,0.32734294144,3.3916666666666666
41.812777777754164,-71.41944444435897,176.42417428572787,HEMORRHAGIC,ROUTE_RhodeIslandHospital,0.4039235327851533,2.9050000000000002,ROUTE_RhodeIslandHospital,0.4039235327851533,2.9050000000000002,ROUTE_RhodeIslandHospital,0.4039235327851533,2.9050000000000002,ROUTE_RhodeIslandHospital,0.4039235327851533,2.9050000000000002
41.87083333330977,-71.50583333324794,48.33099342533945,NLVO,ROUTE_RhodeIslandHospital,0.43030233907111026,16.76,ROUTE_OurLadyOfFatimaHospital,0.42554759869757736,7.7683333333333335,ROUTE_RhodeIslandHospital,0.43030233907111026,16.76,ROUTE_OurLadyOfFatimaHospital,0.42554759869757736,7.7683333333333335
41.949166666643166,-71.44166666658121,115.88664533290574,HEMORRHAGIC,ROUTE_RhodeIslandHospital,0.4142917642838795,17.92,ROUTE_LandmarkMedicalCenter,0.35260289198406536,10.455,ROUTE_RhodeIslandHospital,0.4142917642838795,17.92,ROUTE_LandmarkMedicalCenter,0.35260289198406536,10.455
41.80916666664305,-71.37361111102561,114.31414752335817,HEMORRHAGIC,ROUTE_RhodeIslandHospital,0.4172147421353857,6.8116666666666665,ROUTE_RhodeIslandHospital,0.4172147421353857,6.8116666666666665,ROUTE_RhodeIslandHospital,0.4172147421353857,6.8116666666666665,ROUTE_RhodeIslandHospital,0.4172147421353857,6.8116666666666665
41.61583333330957,-71.75694444435925,233.816454303037,NLVO,ROUTE_KentHospital,0.32734294144,41.805,ROUTE_KentHospital,0.32734294144,41.805,ROUTE_RhodeIslandHospital,0.32734294144,56.62,ROUTE_KentHospital,0.32734294144,41.805
41.69666666664296,-71.45777777769234,213.35565525482392,MIMIC,ROUTE_KentHospital,0.3359451703681024,5.17,ROUTE_KentHospital,0.3359451703681024,5.17,ROUTE_RhodeIslandHospital,0.32734294144,20.555,ROUTE_KentHospital,0.3359451703681024,5.17
41.83583333330974,-71.47833333324792,170.2411714590052,LVO,ROUTE_RhodeIslandHospital,0.3423086077780641,12.245000000000001,ROUTE_RogerWilliamsMedicalCenter,0.3434140538469825,6.093333333333334,ROUTE_RhodeIslandHospital,0.3423086077780641,12.245000000000001,ROUTE_RogerWilliamsMedicalCenter,0.3434140538469825,6.093333333333334
41.49083333330947,-71.31333333324778,213.45239140884928,LVO,ROUTE_NewportHospital,0.3364281124980212,2.3,ROUTE_NewportHospital,0.3364281124980212,2.3,ROUTE_RhodeIslandHospital,0.32734294144,53.181666666666665,ROUTE_NewportHospital,0.3364281124980212,2.3
41.815555555531944,-71.42833333324788,244.37113305032923,LVO,ROUTE_RhodeIslandHospital,0.32734294144,4.801666666666667,ROUTE_RhodeIslandHospital,0.32734294144,4.801666666666667,ROUTE_RhodeIslandHospital,0.32734294144,4.801666666666667,ROUTE_RhodeIslandHospital,0.32734294144,4.801666666666667
41.52777777775394,-71.70222222213698,197.28420210259944,HEMORRHAGIC,ROUTE_WesterlyHospital,0.3352864956282269,25.035,ROUTE_WesterlyHospital,0.3352864956282269,25.035,ROUTE_RhodeIslandHospital,0.32734294144,43.755,ROUTE_WesterlyHospital,0.3352864956282269,25.035
42.01222222219877,-71.4911111110257,118.60370282176663,LVO,ROUTE_RhodeIslandHospital,0.41275161140221955,21.91166666666667,ROUTE_LandmarkMedicalCenter,0.3534688768432932,3.128333333333333,ROUTE_RhodeIslandHospital,0.41275161140221955,21.91166666666667,ROUTE_LandmarkMedicalCenter,0.3534688768432932,3.128333333333333
41.84027777775419,-71.35555555547003,53.67628896553697,LVO,ROUTE_RhodeIslandHospital,0.4305638799816612,10.306666666666667,ROUTE_TheMiriamHospital,0.42392050927864666,9.726666666666667,ROUTE_RhodeIslandHospital,0.4305638799816612,10.306666666666667,ROUTE_TheMiriamHospital,0.42392050927864666,9.726666666666667
41.59444444442066,-71.5174999999146,205.92692378215133,HEMORRHAGIC,ROUTE_KentHospital,0.33500655934686296,18.008333333333333,ROUTE_KentHospital,0.33500655934686296,18.008333333333333,ROUTE_RhodeIslandHospital,0.32734294144,32.82333333333334,ROUTE_KentHospital,0.33500655934686296,18.008333333333333
41.695555555531854,-71.60999999991469,116.59314359742,NLVO,ROUTE_RhodeIslandHospital,0.40885194839685657,40.98833333333334,ROUTE_KentHospital,0.3495933079042772,25.903333333333332,ROUTE_RhodeIslandHospital,0.40885194839685657,40.98833333333334,ROUTE_KentHospital,0.3495933079042772,25.903333333333332
41.63666666664292,-71.52861111102573,232.54496048925438,LVO,ROUTE_KentHospital,0.32734294144,21.921666666666667,ROUTE_KentHospital,0.32734294144,21.921666666666667,ROUTE_RhodeIslandHospital,0.32734294144,36.736666666666665,ROUTE_KentHospital,0.32734294144,21.921666666666667
41.796944444420824,-71.446944444359,140.85210585800922,HEMORRHAGIC,ROUTE_RhodeIslandHospital,0.41055205088024577,9.275,ROUTE_RhodeIslandHospital,0.41055205088024577,9.275,ROUTE_RhodeIslandHospital,0.41055205088024577,9.275,ROUTE_RhodeIslandHospital,0.41055205088024577,9.275
41.53805555553173,-71.37138888880338,89.89282229274559,MIMIC,ROUTE_RhodeIslandHospital,0.4139786963371517,45.276666666666664,ROUTE_NewportHospital,0.3571759315181519,12.286666666666667,ROUTE_RhodeIslandHospital,0.4139786963371517,45.276666666666664,ROUTE_NewportHospital,0.3571759315181519,12.286666666666667
41.93166666664315,-71.70027777769253,92.67028162305313,LVO,ROUTE_RhodeIslandHospital,0.4153011287577626,36.751666666666665,ROUTE_LandmarkMedicalCenter,0.3531614737632751,30.696666666666665,ROUTE_RhodeIslandHospital,0.4153011287577626,36.751666666666665,ROUTE_LandmarkMedicalCenter,0.3531614737632751,30.696666666666665
41.99333333330986,-71.52944444435907,53.29206285914748,HEMORRHAGIC,ROUTE_RhodeIslandHospital,0.4278993871648757,22.0,ROUTE_LandmarkMedicalCenter,0.4239590108304595,6.971666666666667,ROUTE_RhodeIslandHospital,0.4278993871648757,22.0,ROUTE_LandmarkMedicalCenter,0.4239590108304595,6.971666666666667
41.650277777754035,-71.70694444435921,110.11548390764447,HEMORRHAGIC,ROUTE_RhodeIslandHospital,0.41001082852618187,42.38166666666667,ROUTE_KentHospital,0.3504861808194176,27.566666666666666,ROUTE_RhodeIslandHospital,0.41001082852618187,42.38166666666667,ROUTE_KentHospital,0.3504861808194176,27.566666666666666
41.628055555531795,-71.51583333324794,40.03855793952839,LVO,ROUTE_RhodeIslandHospital,0.42841305493270604,33.07,ROUTE_KentHospital,0.42438896238247853,18.255,ROUTE_RhodeIslandHospital,0.42841305493270604,33.07,ROUTE_KentHospital,0.42438896238247853,18.255
41.732499999976326,-71.56333333324798,180.44494006781937,NLVO,ROUTE_RhodeIslandHospital,0.33810758930035356,25.711666666666666,ROUTE_KentHospital,0.3404712743362964,12.336666666666668,ROUTE_RhodeIslandHospital,0.33810758930035356,25.711666666666666,ROUTE_KentHospital,0.3404712743362964,12.336666666666668
41.86222222219865,-71.49972222213682,130.4139929943882,HEMORRHAGIC,ROUTE_RhodeIslandHospital,0.4112327993652663,16.733333333333334,ROUTE_OurLadyOfFatimaHospital,0.3503980569917486,7.743333333333334,ROUTE_RhodeIslandHospital,0.4112327993652663,16.733333333333334,ROUTE_OurLadyOfFatimaHospital,0.3503980569917486,7.743333333333334
41.890555555532,-71.35111111102559,56.71502864317094,NLVO,ROUTE_RhodeIslandHospital,0.42783145393015076,18.866666666666667,ROUTE_TheMiriamHospital,0.4229550351255768,10.78,ROUTE_RhodeIslandHospital,0.42783145393015076,18.866666666666667,ROUTE_TheMiriamHospital,0.4229550351255768,10.78
41.67305555553183,-71.51305555547016,158.17081365314914,LVO,ROUTE_RhodeIslandHospital,0.3418738067219758,26.745,ROUTE_KentHospital,0.34501452124194415,9.31,ROUTE_RhodeIslandHospital,0.3418738067219758,26.745,ROUTE_KentHospital,0.34501452124194415,9.31
41.836666666643076,-71.34749999991448,80.08359936493815,LVO,ROUTE_RhodeIslandHospital,0.4243795743864584,10.221666666666666,ROUTE_RhodeIslandHospital,0.4243795743864584,10.221666666666666,ROUTE_RhodeIslandHospital,0.4243795743864584,10.221666666666666,ROUTE_RhodeIslandHospital,0.4243795743864584,10.221666666666666
41.696111111087404,-71.37833333324784,157.41957738057513,MIMIC,ROUTE_RhodeIslandHospital,0.4044637714578257,19.515,ROUTE_KentHospital,0.34411235511397925,15.045,ROUTE_RhodeIslandHospital,0.4044637714578257,19.515,ROUTE_KentHospital,0.34411235511397925,15.045
41.70749999997631,-71.27999999991442,168.01239079084317,NLVO,ROUTE_RhodeIslandHospital,0.3403985543424311,25.178333333333335,ROUTE_RhodeIslandHospital,0.3403985543424311,25.178333333333335,ROUTE_RhodeIslandHospital,0.3403985543424311,25.178333333333335,ROUTE_RhodeIslandHospital,0.3403985543424311,25.178333333333335
41.806111111087496,-71.41722222213676,89.2009867741472,LVO,ROUTE_RhodeIslandHospital,0.42394523769655323,2.9616666666666664,ROUTE_RhodeIslandHospital,0.42394523769655323,2.9616666666666664,ROUTE_RhodeIslandHospital,0.42394523769655323,2.9616666666666664,ROUTE_RhodeIslandHospital,0.42394523769655323,2.9616666666666664
41.728333333309656,-71.26805555546997,230.1291126037497,LVO,ROUTE_RhodeIslandHospital,0.32734294144,24.363333333333333,ROUTE_RhodeIslandHospital,0.32734294144,24.363333333333333,ROUTE_RhodeIslandHospital,0.32734294144,24.363333333333333,ROUTE_RhodeIslandHospital,0.32734294144,24.363333333333333
41.844999999976416,-71.49861111102571,50.00047835928153,MIMIC,ROUTE_RhodeIslandHospital,0.43026160175041167,15.263333333333332,ROUTE_RogerWilliamsMedicalCenter,0.42506796874038055,9.110000000000001,ROUTE_RhodeIslandHospital,0.43026160175041167,15.263333333333332,ROUTE_RogerWilliamsMedicalCenter,0.42506796874038055,9.110000000000001
41.834999999976404,-71.46472222213679,94.23571267277723,LVO,ROUTE_RhodeIslandHospital,0.4209601804219816,10.733333333333333,ROUTE_RogerWilliamsMedicalCenter,0.3579513563505217,3.8916666666666666,ROUTE_RhodeIslandHospital,0.4209601804219816,10.733333333333333,ROUTE_RogerWilliamsMedicalCenter,0.3579513563505217,3.8916666666666666
41.847499999976414,-71.42777777769231,95.18770913424387,HEMORRHAGIC,ROUTE_RhodeIslandHospital,0.4211627902465745,8.91,ROUTE_RogerWilliamsMedicalCenter,0.35774396335487724,4.0216666666666665,ROUTE_RhodeIslandHospital,0.4211627902465745,8.91,ROUTE_RogerWilliamsMedicalCenter,0.35774396335487724,4.0216666666666665
41.88694444442089,-71.60027777769245,152.66109752086174,LVO,ROUTE_RhodeIslandHospital,0.4038570870161005,26.961666666666666,ROUTE_OurLadyOfFatimaHospital,0.343764692727056,21.728333333333335,ROUTE_RhodeIslandHospital,0.4038570870161005,26.961666666666666,ROUTE_OurLadyOfFatimaHospital,0.343764692727056,21.728333333333335
41.7049999999763,-71.48194444435903,138.93780564878818,NLVO,ROUTE_RhodeIslandHospital,0.40848565800818903,20.253333333333334,ROUTE_KentHospital,0.3499784341318896,1.48,ROUTE_RhodeIslandHospital,0.40848565800818903,20.253333333333334,ROUTE_KentHospital,0.3499784341318896,1.48
41.82027777775417,-71.44722222213677,124.48599459654443,MIMIC,ROUTE_RhodeIslandHospital,0.4145368315954878,8.255,ROUTE_RogerWilliamsMedicalCenter,0.35211311873974893,4.471666666666667,ROUTE_RhodeIslandHospital,0.4145368315954878,8.255,ROUTE_RogerWilliamsMedicalCenter,0.35211311873974893,4.471666666666667
41.61999999997624,-71.43666666658122,70.77189654995684,HEMORRHAGIC,ROUTE_RhodeIslandHospital,0.4203747837330071,36.71666666666667,ROUTE_KentHospital,0.35899876713673073,21.901666666666664,ROUTE_RhodeIslandHospital,0.4203747837330071,36.71666666666667,ROUTE_KentHospital,0.35899876713673073,21.901666666666664
41.329444444420446,-71.81611111102596,227.07623530488496,LVO,ROUTE_WesterlyHospital,0.32734294144,5.763333333333334,ROUTE_WesterlyHospital,0.32734294144,5.763333333333334,ROUTE_RhodeIslandHospital,0.32734294144,61.041666666666664,ROUTE_WesterlyHospital,0.32734294144,5.763333333333334
41.33527777775379,-71.77611111102593,255.65426417874434,MIMIC,ROUTE_WesterlyHospital,0.32734294144,9.921666666666665,ROUTE_WesterlyHospital,0.32734294144,9.921666666666665,ROUTE_RhodeIslandHospital,0.32734294144,63.906666666666666,ROUTE_WesterlyHospital,0.32734294144,9.921666666666665
41.57555555553176,-71.27027777769219,190.65736914306478,HEMORRHAGIC,ROUTE_NewportHospital,0.33798658275377313,16.188333333333333,ROUTE_NewportHospital,0.33798658275377313,16.188333333333333,ROUTE_RhodeIslandHospital,0.32734294144,44.263333333333335,ROUTE_NewportHospital,0.33798658275377313,16.188333333333333
41.632222222198465,-71.74999999991479,199.36199036806556,LVO,ROUTE_KentHospital,0.32734294144,33.82666666666667,ROUTE_KentHospital,0.32734294144,33.82666666666667,ROUTE_RhodeIslandHospital,0.32734294144,48.641666666666666,ROUTE_KentHospital,0.32734294144,33.82666666666667
41.38694444442049,-71.61222222213691,200.7483110813216,HEMORRHAGIC,ROUTE_SouthCountyHospital,0.3367698249738647,13.045,ROUTE_SouthCountyHospital,0.3367698249738647,13.045,ROUTE_RhodeIslandHospital,0.32734294144,59.42166666666667,ROUTE_SouthCountyHospital,0.3367698249738647,13.045
41.82916666664307,-71.57277777769244,141.8424209590762,MIMIC,ROUTE_RhodeIslandHospital,0.4076410691531054,21.063333333333333,ROUTE_RogerWilliamsMedicalCenter,0.3463139684832056,18.496666666666666,ROUTE_RhodeIslandHospital,0.4076410691531054,21.063333333333333,ROUTE_RogerWilliamsMedicalCenter,0.3463139684832056,18.496666666666666
41.669722222198494,-71.5366666665813,141.0011874883412,HEMORRHAGIC,ROUTE_RhodeIslandHospital,0.40621013472626755,28.21333333333333,ROUTE_KentHospital,0.347964049619246,10.328333333333335,ROUTE_RhodeIslandHospital,0.40621013472626755,28.21333333333333,ROUTE_KentHospital,0.347964049619246,10.328333333333335
41.874166666643106,-71.3977777776923,47.93132859254138,LVO,ROUTE_RhodeIslandHospital,0.4315331598029826,11.948333333333332,ROUTE_TheMiriamHospital,0.42655363329579393,4.345,ROUTE_RhodeIslandHospital,0.4315331598029826,11.948333333333332,ROUTE_TheMiriamHospital,0.42655363329579393,4.345
41.87444444442088,-71.444444444359,156.17018908030477,HEMORRHAGIC,ROUTE_RhodeIslandHospital,0.4064169475491336,12.131666666666666,ROUTE_OurLadyOfFatimaHospital,0.3459515592453796,6.156666666666666,ROUTE_RhodeIslandHospital,0.4064169475491336,12.131666666666666,ROUTE_OurLadyOfFatimaHospital,0.3459515592453796,6.156666666666666
41.48555555553168,-71.53305555547018,56.01118547708154,LVO,ROUTE_RhodeIslandHospital,0.42108972161868374,48.401666666666664,ROUTE_SouthCountyHospital,0.3638655601873477,11.611666666666668,ROUTE_RhodeIslandHospital,0.42108972161868374,48.401666666666664,ROUTE_SouthCountyHospital,0.3638655601873477,11.611666666666668
41.846388888865306,-71.43027777769233,256.86219177306566,HEMORRHAGIC,ROUTE_RogerWilliamsMedicalCenter,0.32734294144,3.4699999999999998,ROUTE_RogerWilliamsMedicalCenter,0.32734294144,3.4699999999999998,ROUTE_RhodeIslandHospital,0.32734294144,8.576666666666666,ROUTE_RogerWilliamsMedicalCenter,0.32734294144,3.4699999999999998
41.67416666664295,-71.61694444435913,227.31902422663,LVO,ROUTE_KentHospital,0.32734294144,21.058333333333334,ROUTE_KentHospital,0.32734294144,21.058333333333334,ROUTE_RhodeIslandHospital,0.32734294144,35.87166666666667,ROUTE_KentHospital,0.32734294144,21.058333333333334
41.812777777754164,-71.43722222213677,35.76121457233271,HEMORRHAGIC,ROUTE_RhodeIslandHospital,0.43574146315027634,6.37,ROUTE_RogerWilliamsMedicalCenter,0.42912706658841593,6.241666666666666,ROUTE_RhodeIslandHospital,0.43574146315027634,6.37,ROUTE_RogerWilliamsMedicalCenter,0.42912706658841593,6.241666666666666
41.70777777775408,-71.66722222213696,189.62963954027325,LVO,ROUTE_KentHospital,0.33718491908954634,21.790000000000003,ROUTE_KentHospital,0.33718491908954634,21.790000000000003,ROUTE_RhodeIslandHospital,0.32734294144,36.111666666666665,ROUTE_KentHospital,0.33718491908954634,21.790000000000003
41.43055555553164,-71.46527777769235,210.68799073646156,LVO,ROUTE_SouthCountyHospital,0.3364727272879888,4.808333333333334,ROUTE_SouthCountyHospital,0.3364727272879888,4.808333333333334,ROUTE_RhodeIslandHospital,0.32734294144,49.105000000000004,ROUTE_SouthCountyHospital,0.3364727272879888,4.808333333333334
41.85972222219865,-71.3924999999145,108.82744078784654,HEMORRHAGIC,ROUTE_RhodeIslandHospital,0.4174074294248529,11.465,ROUTE_TheMiriamHospital,0.35532802529500734,3.0616666666666665,ROUTE_RhodeIslandHospital,0.4174074294248529,11.465,ROUTE_TheMiriamHospital,0.35532802529500734,3.0616666666666665
41.736666666642996,-71.43166666658121,187.84926943984098,HEMORRHAGIC,ROUTE_RhodeIslandHospital,0.338853922889153,14.068333333333333,ROUTE_KentHospital,0.3390487451784413,12.965,ROUTE_RhodeIslandHospital,0.338853922889153,14.068333333333333,ROUTE_KentHospital,0.3390487451784413,12.965
41.864444444420876,-71.3863888888034,249.8264762254112,LVO,ROUTE_TheMiriamHospital,0.32734294144,3.475,ROUTE_TheMiriamHospital,0.32734294144,3.475,ROUTE_RhodeIslandHospital,0.32734294144,11.76,ROUTE_TheMiriamHospital,0.32734294144,3.475
41.89611111108756,-71.4052777776923,92.33019358308236,NLVO,ROUTE_RhodeIslandHospital,0.42077713101893177,13.426666666666668,ROUTE_TheMiriamHospital,0.35779943745293175,6.59,ROUTE_RhodeIslandHospital,0.42077713101893177,13.426666666666668,ROUTE_TheMiriamHospital,0.35779943745293175,6.59
41.522499999976155,-71.29222222213666,33.828039652086815,LVO,ROUTE_RhodeIslandHospital,0.42504932616380364,53.615,ROUTE_NewportHospital,0.36882406483152685,8.748333333333333,ROUTE_RhodeIslandHospital,0.42504932616380364,53.615,ROUTE_NewportHospital,0.36882406483152685,8.748333333333333
41.83972222219863,-71.42611111102565,164.09840002815307,HEMORRHAGIC,ROUTE_RhodeIslandHospital,0.4057436575370045,7.175,ROUTE_RogerWilliamsMedicalCenter,0.3451662930846549,2.546666666666667,ROUTE_RhodeIslandHospital,0.4057436575370045,7.175,ROUTE_RogerWilliamsMedicalCenter,0.3451662930846549,2.546666666666667
41.53805555553173,-71.49805555547015,207.1208435303445,HEMORRHAGIC,ROUTE_SouthCountyHospital,0.33487530332961374,17.573333333333334,ROUTE_SouthCountyHospital,0.33487530332961374,17.573333333333334,ROUTE_RhodeIslandHospital,0.32734294144,36.48833333333334,ROUTE_SouthCountyHospital,0.33487530332961374,17.573333333333334
41.86194444442087,-71.46444444435902,253.04148516468666,LVO,ROUTE_OurLadyOfFatimaHospital,0.32734294144,2.356666666666667,ROUTE_OurLadyOfFatimaHospital,0.32734294144,2.356666666666667,ROUTE_RhodeIslandHospital,0.32734294144,11.923333333333334,ROUTE_OurLadyOfFatimaHospital,0.32734294144,2.356666666666667
41.81805555553195,-71.62361111102581,92.9412675768692,HEMORRHAGIC,ROUTE_RhodeIslandHospital,0.41837149534115514,23.185,ROUTE_RogerWilliamsMedicalCenter,0.3550115791234118,20.618333333333332,ROUTE_RhodeIslandHospital,0.41837149534115514,23.185,ROUTE_RogerWilliamsMedicalCenter,0.3550115791234118,20.618333333333332
41.8666666666431,-71.47416666658124,155.32403662922775,LVO,ROUTE_RhodeIslandHospital,0.4062814264680115,13.575,ROUTE_OurLadyOfFatimaHospital,0.3464978110257287,4.008333333333334,ROUTE_RhodeIslandHospital,0.4062814264680115,13.575,ROUTE_OurLadyOfFatimaHospital,0.3464978110257287,4.008333333333334
41.687222222198514,-71.26499999991441,212.54861750745442,LVO,ROUTE_RhodeIslandHospital,0.32734294144,29.21833333333333,ROUTE_RhodeIslandHospital,0.32734294144,29.21833333333333,ROUTE_RhodeIslandHospital,0.32734294144,29.21833333333333,ROUTE_RhodeIslandHospital,0.32734294144,29.21833333333333
41.834999999976404,-71.48055555547013,241.18603565622058,HEMORRHAGIC,ROUTE_RogerWilliamsMedicalCenter,0.32734294144,6.656666666666666,ROUTE_RogerWilliamsMedicalCenter,0.32734294144,6.656666666666666,ROUTE_RhodeIslandHospital,0.32734294144,12.81,ROUTE_RogerWilliamsMedicalCenter,0.32734294144,6.656666666666666
41.71027777775409,-71.56388888880353,201.4499902003852,MIMIC,ROUTE_KentHospital,0.33670650594438395,12.706666666666667,ROUTE_KentHospital,0.33670650594438395,12.706666666666667,ROUTE_RhodeIslandHospital,0.32734294144,28.68166666666667,ROUTE_KentHospital,0.33670650594438395,12.706666666666667
41.816944444420834,-71.51472222213683,139.73013189166016,LVO,ROUTE_RhodeIslandHospital,0.4092347050354491,16.171666666666667,ROUTE_RogerWilliamsMedicalCenter,0.3475253641383741,13.988333333333333,ROUTE_RhodeIslandHospital,0.4092347050354491,16.171666666666667,ROUTE_RogerWilliamsMedicalCenter,0.3475253641383741,13.988333333333333
41.69805555553185,-71.42527777769232,185.3534161561287,HEMORRHAGIC,ROUTE_RhodeIslandHospital,0.33791817535108915,21.881666666666668,ROUTE_KentHospital,0.3400077302353814,10.04,ROUTE_RhodeIslandHospital,0.33791817535108915,21.881666666666668,ROUTE_KentHospital,0.3400077302353814,10.04
41.84722222219864,-71.44666666658122,30.91521061421391,HEMORRHAGIC,ROUTE_RhodeIslandHospital,0.4361166190336291,9.638333333333332,ROUTE_RogerWilliamsMedicalCenter,0.43087258872210576,3.765,ROUTE_RhodeIslandHospital,0.4361166190336291,9.638333333333332,ROUTE_RogerWilliamsMedicalCenter,0.43087258872210576,3.765
41.88888888886534,-71.34999999991447,39.73059160423177,HEMORRHAGIC,ROUTE_RhodeIslandHospital,0.4320160943393909,18.10666666666667,ROUTE_TheMiriamHospital,0.42715299430243114,10.020000000000001,ROUTE_RhodeIslandHospital,0.4320160943393909,18.10666666666667,ROUTE_TheMiriamHospital,0.42715299430243114,10.020000000000001
42.00861111108765,-71.49166666658125,54.89494649205446,MIMIC,ROUTE_RhodeIslandHospital,0.42781168774941686,20.771666666666665,ROUTE_LandmarkMedicalCenter,0.42470134298147844,2.23,ROUTE_RhodeIslandHospital,0.42781168774941686,20.771666666666665,ROUTE_LandmarkMedicalCenter,0.42470134298147844,2.23
41.500277777753915,-71.30444444435888,225.72409217916692,MIMIC,ROUTE_NewportHospital,0.32734294144,1.6883333333333332,ROUTE_NewportHospital,0.32734294144,1.6883333333333332,ROUTE_RhodeIslandHospital,0.32734294144,53.21333333333334,ROUTE_NewportHospital,0.32734294144,1.6883333333333332
42.00722222219876,-71.58638888880355,166.595257975922,LVO,ROUTE_RhodeIslandHospital,0.34105390577656913,22.913333333333334,ROUTE_LandmarkMedicalCenter,0.3428884850996017,12.66,ROUTE_RhodeIslandHospital,0.34105390577656913,22.913333333333334,ROUTE_LandmarkMedicalCenter,0.3428884850996017,12.66
41.76749999997635,-71.43833333324788,38.3076364006788,NLVO,ROUTE_RhodeIslandHospital,0.4335782330685954,12.933333333333334,ROUTE_RhodeIslandHospital,0.4335782330685954,12.933333333333334,ROUTE_RhodeIslandHospital,0.4335782330685954,12.933333333333334,ROUTE_RhodeIslandHospital,0.4335782330685954,12.933333333333334
41.83444444442085,-71.48249999991458,103.56376702752493,HEMORRHAGIC,ROUTE_RhodeIslandHospital,0.41800743960016007,14.135,ROUTE_RogerWilliamsMedicalCenter,0.3553930723400234,7.9816666666666665,ROUTE_RhodeIslandHospital,0.41800743960016007,14.135,ROUTE_RogerWilliamsMedicalCenter,0.3553930723400234,7.9816666666666665
41.859999999976424,-71.44361111102566,129.31535814772963,HEMORRHAGIC,ROUTE_RhodeIslandHospital,0.41310369397146585,9.665,ROUTE_OurLadyOfFatimaHospital,0.35122231959056116,4.411666666666666,ROUTE_RhodeIslandHospital,0.41310369397146585,9.665,ROUTE_OurLadyOfFatimaHospital,0.35122231959056116,4.411666666666666
41.469722222198335,-71.31416666658112,194.89590735526286,HEMORRHAGIC,ROUTE_NewportHospital,0.33887379896465214,6.91,ROUTE_NewportHospital,0.33887379896465214,6.91,ROUTE_RhodeIslandHospital,0.32734294144,58.30333333333333,ROUTE_NewportHospital,0.33887379896465214,6.91
41.77999999997636,-71.40388888880341,241.3918037922908,HEMORRHAGIC,ROUTE_RhodeIslandHospital,0.32734294144,7.596666666666667,ROUTE_RhodeIslandHospital,0.32734294144,7.596666666666667,ROUTE_RhodeIslandHospital,0.32734294144,7.596666666666667,ROUTE_RhodeIslandHospital,0.32734294144,7.596666666666667
41.779722222198586,-71.40416666658119,165.07209791950905,LVO,ROUTE_RhodeIslandHospital,0.4054194926301623,7.633333333333334,ROUTE_RhodeIslandHospital,0.4054194926301623,7.633333333333334,ROUTE_RhodeIslandHospital,0.4054194926301623,7.633333333333334,ROUTE_RhodeIslandHospital,0.4054194926301623,7.633333333333334
41.71194444442075,-71.75166666658147,268.15922402376987,MIMIC,ROUTE_KentHospital,0.32734294144,30.808333333333334,ROUTE_KentHospital,0.32734294144,30.808333333333334,ROUTE_RhodeIslandHospital,0.32734294144,40.19833333333334,ROUTE_KentHospital,0.32734294144,30.808333333333334
41.82916666664307,-71.35888888880338,143.77304603753043,HEMORRHAGIC,ROUTE_RhodeIslandHospital,0.4097137079233328,10.026666666666667,ROUTE_TheMiriamHospital,0.3476138532312301,9.463333333333333,ROUTE_RhodeIslandHospital,0.4097137079233328,10.026666666666667,ROUTE_TheMiriamHospital,0.3476138532312301,9.463333333333333
41.78749999997637,-71.47499999991457,91.29683741392608,HEMORRHAGIC,ROUTE_RhodeIslandHospital,0.4209857693858651,13.563333333333333,ROUTE_RogerWilliamsMedicalCenter,0.3569139901771325,12.254999999999999,ROUTE_RhodeIslandHospital,0.4209857693858651,13.563333333333333,ROUTE_RogerWilliamsMedicalCenter,0.3569139901771325,12.254999999999999
41.80361111108749,-71.4697222221368,33.67888647793917,HEMORRHAGIC,ROUTE_RhodeIslandHospital,0.4349329109797507,11.853333333333333,ROUTE_RogerWilliamsMedicalCenter,0.4287631201579919,9.854999999999999,ROUTE_RhodeIslandHospital,0.4349329109797507,11.853333333333333,ROUTE_RogerWilliamsMedicalCenter,0.4287631201579919,9.854999999999999
41.864166666643094,-71.39694444435897,142.9010576681705,LVO,ROUTE_RhodeIslandHospital,0.40933262700419754,12.57,ROUTE_TheMiriamHospital,0.3490132431012072,2.7333333333333334,ROUTE_RhodeIslandHospital,0.40933262700419754,12.57,ROUTE_TheMiriamHospital,0.3490132431012072,2.7333333333333334
41.794999999976376,-71.40999999991453,265.7264736067323,HEMORRHAGIC,ROUTE_RhodeIslandHospital,0.32734294144,4.298333333333333,ROUTE_RhodeIslandHospital,0.32734294144,4.298333333333333,ROUTE_RhodeIslandHospital,0.32734294144,4.298333333333333,ROUTE_RhodeIslandHospital,0.32734294144,4.298333333333333
41.62416666664291,-71.22666666658104,121.090198974692,HEMORRHAGIC,ROUTE_RhodeIslandHospital,0.40810209406934,39.788333333333334,ROUTE_NewportHospital,0.34924327637738295,23.3,ROUTE_RhodeIslandHospital,0.40810209406934,39.788333333333334,ROUTE_NewportHospital,0.34924327637738295,23.3
41.811666666643056,-71.43611111102565,190.6266828864757,LVO,ROUTE_RhodeIslandHospital,0.33978788749413213,6.006666666666666,ROUTE_RhodeIslandHospital,0.33978788749413213,6.006666666666666,ROUTE_RhodeIslandHospital,0.33978788749413213,6.006666666666666,ROUTE_RhodeIslandHospital,0.33978788749413213,6.006666666666666
41.82638888886529,-71.4797222221368,145.22329808725152,MIMIC,ROUTE_RhodeIslandHospital,0.4088511922312791,12.361666666666668,ROUTE_RogerWilliamsMedicalCenter,0.3476610393715259,7.756666666666666,ROUTE_RhodeIslandHospital,0.4088511922312791,12.361666666666668,ROUTE_RogerWilliamsMedicalCenter,0.3476610393715259,7.756666666666666
41.833611111087514,-71.41722222213676,50.57873139072477,LVO,ROUTE_RhodeIslandHospital,0.43198720190477885,7.38,ROUTE_RogerWilliamsMedicalCenter,0.42631180325725737,3.2783333333333333,ROUTE_RhodeIslandHospital,0.43198720190477885,7.38,ROUTE_RogerWilliamsMedicalCenter,0.42631180325725737,3.2783333333333333
41.84111111108752,-71.3547222221367,182.67955606092863,HEMORRHAGIC,ROUTE_RhodeIslandHospital,0.34041288517825885,10.431666666666667,ROUTE_TheMiriamHospital,0.34051574412086,9.851666666666667,ROUTE_RhodeIslandHospital,0.34041288517825885,10.431666666666667,ROUTE_TheMiriamHospital,0.34051574412086,9.851666666666667
41.79666666664304,-71.41611111102564,36.511709708305986,LVO,ROUTE_RhodeIslandHospital,0.4359848840577531,4.596666666666667,ROUTE_RhodeIslandHospital,0.4359848840577531,4.596666666666667,ROUTE_RhodeIslandHospital,0.4359848840577531,4.596666666666667,ROUTE_RhodeIslandHospital,0.4359848840577531,4.596666666666667
41.59222222219844,-71.5024999999146,233.82569793173425,LVO,ROUTE_KentHospital,0.32734294144,17.371666666666666,ROUTE_KentHospital,0.32734294144,17.371666666666666,ROUTE_RhodeIslandHospital,0.32734294144,32.18666666666667,ROUTE_KentHospital,0.32734294144,17.371666666666666
41.84722222219864,-71.39916666658118,106.75882323112458,HEMORRHAGIC,ROUTE_RhodeIslandHospital,0.41839837982467587,9.25,ROUTE_TheMiriamHospital,0.35584256428531263,2.42,ROUTE_RhodeIslandHospital,0.41839837982467587,9.25,ROUTE_TheMiriamHospital,0.35584256428531263,2.42
41.71861111108743,-71.2663888888033,144.75923765663404,LVO,ROUTE_RhodeIslandHospital,0.4058247744883807,26.15666666666667,ROUTE_RhodeIslandHospital,0.4058247744883807,26.15666666666667,ROUTE_RhodeIslandHospital,0.4058247744883807,26.15666666666667,ROUTE_RhodeIslandHospital,0.4058247744883807,26.15666666666667
41.841944444420854,-71.38805555547006,199.07908998083516,LVO,ROUTE_RhodeIslandHospital,0.3378400560581254,8.601666666666667,ROUTE_TheMiriamHospital,0.3385211874715517,4.7266666666666675,ROUTE_RhodeIslandHospital,0.3378400560581254,8.601666666666667,ROUTE_TheMiriamHospital,0.3385211874715517,4.7266666666666675
41.908888888865356,-71.40305555547008,247.6728014567035,HEMORRHAGIC,ROUTE_TheMiriamHospital,0.32734294144,8.066666666666666,ROUTE_TheMiriamHospital,0.32734294144,8.066666666666666,ROUTE_RhodeIslandHospital,0.32734294144,14.901666666666667,ROUTE_TheMiriamHospital,0.32734294144,8.066666666666666
41.51194444442059,-71.20222222213658,73.09693788259278,LVO,ROUTE_RhodeIslandHospital,0.4142257137047289,60.998333333333335,ROUTE_NewportHospital,0.35379853281470475,46.88333333333333,ROUTE_RhodeIslandHospital,0.4142257137047289,60.998333333333335,ROUTE_NewportHospital,0.35379853281470475,46.88333333333333
41.727499999976324,-71.49194444435904,134.78782823690588,LVO,ROUTE_RhodeIslandHospital,0.40926610344298153,20.976666666666667,ROUTE_KentHospital,0.34999381975658633,5.546666666666667,ROUTE_RhodeIslandHospital,0.40926610344298153,20.976666666666667,ROUTE_KentHospital,0.34999381975658633,5.546666666666667
41.814444444420836,-71.44861111102567,87.00996544794319,LVO,ROUTE_RhodeIslandHospital,0.4235119190801019,7.008333333333334,ROUTE_RogerWilliamsMedicalCenter,0.3588567086680549,6.401666666666667,ROUTE_RhodeIslandHospital,0.4235119190801019,7.008333333333334,ROUTE_RogerWilliamsMedicalCenter,0.3588567086680549,6.401666666666667
41.81916666664306,-71.46888888880346,80.1863111067938,HEMORRHAGIC,ROUTE_RhodeIslandHospital,0.4244934047459143,9.631666666666666,ROUTE_RogerWilliamsMedicalCenter,0.3601420934053225,6.558333333333334,ROUTE_RhodeIslandHospital,0.4244934047459143,9.631666666666666,ROUTE_RogerWilliamsMedicalCenter,0.3601420934053225,6.558333333333334
41.77499999997636,-71.39499999991452,113.89949188031467,NLVO,ROUTE_RhodeIslandHospital,0.4171909384871148,7.33,ROUTE_RhodeIslandHospital,0.4171909384871148,7.33,ROUTE_RhodeIslandHospital,0.4171909384871148,7.33,ROUTE_RhodeIslandHospital,0.4171909384871148,7.33
41.71611111108742,-71.26666666658107,42.08766257541996,LVO,ROUTE_RhodeIslandHospital,0.4296078025456822,25.948333333333334,ROUTE_RhodeIslandHospital,0.4296078025456822,25.948333333333334,ROUTE_RhodeIslandHospital,0.4296078025456822,25.948333333333334,ROUTE_RhodeIslandHospital,0.4296078025456822,25.948333333333334
41.847777777754196,-71.43083333324788,127.23728616581374,NLVO,ROUTE_RhodeIslandHospital,0.4137656487788454,8.860000000000001,ROUTE_RogerWilliamsMedicalCenter,0.351733242800813,3.7516666666666665,ROUTE_RhodeIslandHospital,0.4137656487788454,8.860000000000001,ROUTE_RogerWilliamsMedicalCenter,0.351733242800813,3.7516666666666665
41.93583333330982,-71.4330555554701,108.79041859014883,LVO,ROUTE_RhodeIslandHospital,0.41614796956955513,16.956666666666667,ROUTE_TheMiriamHospital,0.35332637583863347,13.698333333333332,ROUTE_RhodeIslandHospital,0.41614796956955513,16.956666666666667,ROUTE_TheMiriamHospital,0.35332637583863347,13.698333333333332
41.731111111087436,-71.2588888888033,40.865268299924,HEMORRHAGIC,ROUTE_RhodeIslandHospital,0.43006749767780855,25.221666666666668,ROUTE_RhodeIslandHospital,0.43006749767780855,25.221666666666668,ROUTE_RhodeIslandHospital,0.43006749767780855,25.221666666666668,ROUTE_RhodeIslandHospital,0.43006749767780855,25.221666666666668
41.6861111110874,-71.27861111102553,93.63625934229623,NLVO,ROUTE_RhodeIslandHospital,0.4171446637119693,27.793333333333333,ROUTE_RhodeIslandHospital,0.4171446637119693,27.793333333333333,ROUTE_RhodeIslandHospital,0.4171446637119693,27.793333333333333,ROUTE_RhodeIslandHospital,0.4171446637119693,27.793333333333333
41.888055555532006,-71.34916666658114,123.80117725514988,NLVO,ROUTE_RhodeIslandHospital,0.4123162375925391,18.613333333333333,ROUTE_TheMiriamHospital,0.3511103545998731,10.526666666666667,ROUTE_RhodeIslandHospital,0.4123162375925391,18.613333333333333,ROUTE_TheMiriamHospital,0.3511103545998731,10.526666666666667
41.6861111110874,-71.52388888880351,59.39912004957064,NLVO,ROUTE_RhodeIslandHospital,0.4256765226539131,25.365000000000002,ROUTE_KentHospital,0.42236081339323517,7.48,ROUTE_RhodeIslandHospital,0.4256765226539131,25.365000000000002,ROUTE_KentHospital,0.42236081339323517,7.48
41.49249999997613,-71.69111111102586,70.35008750769133,HEMORRHAGIC,ROUTE_RhodeIslandHospital,0.41743609845281865,49.818333333333335,ROUTE_WesterlyHospital,0.3576980998478091,29.1,ROUTE_RhodeIslandHospital,0.41743609845281865,49.818333333333335,ROUTE_WesterlyHospital,0.3576980998478091,29.1
41.768333333309684,-71.46777777769235,131.665535345893,LVO,ROUTE_RhodeIslandHospital,0.41139669652454036,14.764999999999999,ROUTE_KentHospital,0.34911725678610167,13.406666666666666,ROUTE_RhodeIslandHospital,0.41139669652454036,14.764999999999999,ROUTE_KentHospital,0.34911725678610167,13.406666666666666
41.82888888886529,-71.47416666658124,167.52613965152347,LVO,ROUTE_RhodeIslandHospital,0.4040257330110102,11.35,ROUTE_RogerWilliamsMedicalCenter,0.3438906494930589,6.165,ROUTE_RhodeIslandHospital,0.4040257330110102,11.35,ROUTE_RogerWilliamsMedicalCenter,0.3438906494930589,6.165
41.849166666643086,-71.44666666658122,190.63899338162796,NLVO,ROUTE_RhodeIslandHospital,0.3388840433692097,11.108333333333333,ROUTE_OurLadyOfFatimaHospital,0.3400057660100198,4.765,ROUTE_RhodeIslandHospital,0.3388840433692097,11.108333333333333,ROUTE_OurLadyOfFatimaHospital,0.3400057660100198,4.765
41.504444444420585,-71.18611111102545,232.47952029876177,NLVO,ROUTE_NewportHospital,0.32734294144,44.99666666666667,ROUTE_NewportHospital,0.32734294144,44.99666666666667,ROUTE_RhodeIslandHospital,0.32734294144,59.111666666666665,ROUTE_NewportHospital,0.32734294144,44.99666666666667
41.831111111087516,-71.36138888880338,57.62915681827365,LVO,ROUTE_RhodeIslandHospital,0.43000423373382474,8.725,ROUTE_TheMiriamHospital,0.42336068546821,8.146666666666667,ROUTE_RhodeIslandHospital,0.43000423373382474,8.725,ROUTE_TheMiriamHospital,0.42336068546821,8.146666666666667
41.824166666643066,-71.70388888880365,229.88264053410964,HEMORRHAGIC,ROUTE_RogerWilliamsMedicalCenter,0.32734294144,23.93166666666667,ROUTE_RogerWilliamsMedicalCenter,0.32734294144,23.93166666666667,ROUTE_RhodeIslandHospital,0.32734294144,26.498333333333335,ROUTE_RogerWilliamsMedicalCenter,0.32734294144,23.93166666666667
41.4777777777539,-71.4330555554701,89.98549807722267,NLVO,ROUTE_RhodeIslandHospital,0.413952268530429,45.29833333333333,ROUTE_SouthCountyHospital,0.35734639725146217,11.301666666666668,ROUTE_RhodeIslandHospital,0.413952268530429,45.29833333333333,ROUTE_SouthCountyHospital,0.35734639725146217,11.301666666666668
41.83055555553196,-71.43638888880344,242.0790887675799,LVO,ROUTE_RogerWilliamsMedicalCenter,0.32734294144,1.5,ROUTE_RogerWilliamsMedicalCenter,0.32734294144,1.5,ROUTE_RhodeIslandHospital,0.32734294144,7.948333333333333,ROUTE_RogerWilliamsMedicalCenter,0.32734294144,1.5
41.42444444442052,-71.73388888880368,148.44564677599377,NLVO,ROUTE_RhodeIslandHospital,0.33873707851538065,54.135,ROUTE_WesterlyHospital,0.3456537032117079,15.516666666666667,ROUTE_RhodeIslandHospital,0.33873707851538065,54.135,ROUTE_WesterlyHospital,0.3456537032117079,15.516666666666667
41.450277777753875,-71.60999999991469,117.48603466250412,MIMIC,ROUTE_RhodeIslandHospital,0.4055425841179902,54.67666666666666,ROUTE_SouthCountyHospital,0.35106880671290747,17.065,ROUTE_RhodeIslandHospital,0.4055425841179902,54.67666666666666,ROUTE_SouthCountyHospital,0.35106880671290747,17.065
41.848888888865304,-71.41444444435898,231.0571845986358,HEMORRHAGIC,ROUTE_TheMiriamHospital,0.32734294144,3.3733333333333335,ROUTE_TheMiriamHospital,0.32734294144,3.3733333333333335,ROUTE_RhodeIslandHospital,0.32734294144,8.521666666666667,ROUTE_TheMiriamHospital,0.32734294144,3.3733333333333335
41.99249999997653,-71.50833333324793,37.05367931371059,MIMIC,ROUTE_RhodeIslandHospital,0.4318585841206527,21.448333333333334,ROUTE_LandmarkMedicalCenter,0.42829008243340216,4.953333333333333,ROUTE_RhodeIslandHospital,0.4318585841206527,21.448333333333334,ROUTE_LandmarkMedicalCenter,0.42829008243340216,4.953333333333333
41.674722222198504,-71.26222222213663,265.691262112574,LVO,ROUTE_NewportHospital,0.32734294144,28.92,ROUTE_NewportHospital,0.32734294144,28.92,ROUTE_RhodeIslandHospital,0.32734294144,31.4,ROUTE_NewportHospital,0.32734294144,28.92
41.83055555553196,-71.451944444359,117.65539620704324,NLVO,ROUTE_RhodeIslandHospital,0.41577615114180394,9.705,ROUTE_RogerWilliamsMedicalCenter,0.3536832543430941,2.9366666666666665,ROUTE_RhodeIslandHospital,0.41577615114180394,9.705,ROUTE_RogerWilliamsMedicalCenter,0.3536832543430941,2.9366666666666665
41.434999999976085,-71.7033333332481,207.08803479584344,LVO,ROUTE_WesterlyHospital,0.32734294144,18.89333333333333,ROUTE_WesterlyHospital,0.32734294144,18.89333333333333,ROUTE_RhodeIslandHospital,0.32734294144,54.151666666666664,ROUTE_WesterlyHospital,0.32734294144,18.89333333333333
41.68138888886517,-71.27194444435887,123.63305094401072,LVO,ROUTE_RhodeIslandHospital,0.4092997763481439,31.983333333333334,ROUTE_NewportHospital,0.34735932017434795,30.991666666666667,ROUTE_RhodeIslandHospital,0.4092997763481439,31.983333333333334,ROUTE_NewportHospital,0.34735932017434795,30.991666666666667
41.850277777754194,-71.4202777776923,61.81255487495421,HEMORRHAGIC,ROUTE_RhodeIslandHospital,0.42927107955523963,7.651666666666667,ROUTE_TheMiriamHospital,0.4233069180769396,4.19,ROUTE_RhodeIslandHospital,0.42927107955523963,7.651666666666667,ROUTE_TheMiriamHospital,0.4233069180769396,4.19
41.82194444442084,-71.41972222213676,209.20361670110177,LVO,ROUTE_RhodeIslandHospital,0.3368439083272399,4.166666666666667,ROUTE_RhodeIslandHospital,0.3368439083272399,4.166666666666667,ROUTE_RhodeIslandHospital,0.3368439083272399,4.166666666666667,ROUTE_RhodeIslandHospital,0.3368439083272399,4.166666666666667
42.0155555555321,-71.49916666658126,245.769812549095,LVO,ROUTE_LandmarkMedicalCenter,0.32734294144,2.7133333333333334,ROUTE_LandmarkMedicalCenter,0.32734294144,2.7133333333333334,ROUTE_RhodeIslandHospital,0.32734294144,22.223333333333336,ROUTE_LandmarkMedicalCenter,0.32734294144,2.7133333333333334
41.37999999997604,-71.50916666658127,253.56075866026904,LVO,ROUTE_SouthCountyHospital,0.32734294144,11.406666666666666,ROUTE_SouthCountyHospital,0.32734294144,11.406666666666666,ROUTE_RhodeIslandHospital,0.32734294144,56.54666666666667,ROUTE_SouthCountyHospital,0.32734294144,11.406666666666666
41.787222222198594,-71.40749999991452,39.658260807197664,NLVO,ROUTE_RhodeIslandHospital,0.4348995649726666,6.015,ROUTE_RhodeIslandHospital,0.4348995649726666,6.015,ROUTE_RhodeIslandHospital,0.4348995649726666,6.015,ROUTE_RhodeIslandHospital,0.4348995649726666,6.015
41.95833333330984,-71.70472222213698,84.31069389733311,HEMORRHAGIC,ROUTE_RhodeIslandHospital,0.41687386694272405,38.291666666666664,ROUTE_LandmarkMedicalCenter,0.35525021702628523,27.988333333333333,ROUTE_RhodeIslandHospital,0.41687386694272405,38.291666666666664,ROUTE_LandmarkMedicalCenter,0.35525021702628523,27.988333333333333
41.63111111108736,-71.47416666658124,62.01680612390842,LVO,ROUTE_RhodeIslandHospital,0.4245652441889936,27.495,ROUTE_KentHospital,0.36248204044668936,12.68,ROUTE_RhodeIslandHospital,0.4245652441889936,27.495,ROUTE_KentHospital,0.36248204044668936,12.68
41.82305555553195,-71.45777777769234,132.67219524511563,LVO,ROUTE_RhodeIslandHospital,0.4122479221162906,10.04,ROUTE_RogerWilliamsMedicalCenter,0.3504167495712651,5.385000000000001,ROUTE_RhodeIslandHospital,0.4122479221162906,10.04,ROUTE_RogerWilliamsMedicalCenter,0.3504167495712651,5.385000000000001
41.69805555553185,-71.39999999991451,240.84744982970915,NLVO,ROUTE_KentHospital,0.32734294144,12.845,ROUTE_KentHospital,0.32734294144,12.845,ROUTE_RhodeIslandHospital,0.32734294144,18.14333333333333,ROUTE_KentHospital,0.32734294144,12.845
41.61638888886512,-71.14416666658099,235.74242822724227,HEMORRHAGIC,ROUTE_NewportHospital,0.32734294144,35.36833333333333,ROUTE_NewportHospital,0.32734294144,35.36833333333333,ROUTE_RhodeIslandHospital,0.32734294144,49.483333333333334,ROUTE_NewportHospital,0.32734294144,35.36833333333333
41.85944444442087,-71.47222222213679,223.64419695995443,HEMORRHAGIC,ROUTE_OurLadyOfFatimaHospital,0.32734294144,2.57,ROUTE_OurLadyOfFatimaHospital,0.32734294144,2.57,ROUTE_RhodeIslandHospital,0.32734294144,12.136666666666667,ROUTE_OurLadyOfFatimaHospital,0.32734294144,2.57
41.836388888865294,-71.48222222213681,237.60266315267978,LVO,ROUTE_RogerWilliamsMedicalCenter,0.32734294144,6.14,ROUTE_RogerWilliamsMedicalCenter,0.32734294144,6.14,ROUTE_RhodeIslandHospital,0.32734294144,12.293333333333333,ROUTE_RogerWilliamsMedicalCenter,0.32734294144,6.14
42.01249999997655,-71.49972222213682,88.99050340273502,HEMORRHAGIC,ROUTE_RhodeIslandHospital,0.41944654263954445,22.496666666666666,ROUTE_LandmarkMedicalCenter,0.359195176766906,2.6616666666666666,ROUTE_RhodeIslandHospital,0.41944654263954445,22.496666666666666,ROUTE_LandmarkMedicalCenter,0.359195176766906,2.6616666666666666
41.681666666642954,-71.54638888880352,63.064777645415376,LVO,ROUTE_RhodeIslandHospital,0.4241355513447828,28.283333333333335,ROUTE_KentHospital,0.362722406701041,10.4,ROUTE_RhodeIslandHospital,0.4241355513447828,28.283333333333335,ROUTE_KentHospital,0.362722406701041,10.4
42.00694444442099,-71.47249999991458,210.54750745064314,LVO,ROUTE_LandmarkMedicalCenter,0.33666763783850623,3.8316666666666666,ROUTE_LandmarkMedicalCenter,0.33666763783850623,3.8316666666666666,ROUTE_RhodeIslandHospital,0.32734294144,20.425,ROUTE_LandmarkMedicalCenter,0.33666763783850623,3.8316666666666666
41.796944444420824,-71.35249999991449,47.74256548998196,HEMORRHAGIC,ROUTE_RhodeIslandHospital,0.43201054144514217,10.118333333333334,ROUTE_RhodeIslandHospital,0.43201054144514217,10.118333333333334,ROUTE_RhodeIslandHospital,0.43201054144514217,10.118333333333334,ROUTE_RhodeIslandHospital,0.43201054144514217,10.118333333333334
41.6949999999763,-71.52944444435907,199.68031418367588,HEMORRHAGIC,ROUTE_KentHospital,0.3379244849275167,7.52,ROUTE_KentHospital,0.3379244849275167,7.52,ROUTE_RhodeIslandHospital,0.32734294144,25.403333333333332,ROUTE_KentHospital,0.3379244849275167,7.52
41.837777777754184,-71.43194444435899,102.11655507108082,LVO,ROUTE_RhodeIslandHospital,0.4199071718527665,7.385000000000001,ROUTE_RogerWilliamsMedicalCenter,0.35689960429031453,1.51,ROUTE_RhodeIslandHospital,0.4199071718527665,7.385000000000001,ROUTE_RogerWilliamsMedicalCenter,0.35689960429031453,1.51
41.39166666664272,-71.61333333324802,74.01007893518332,HEMORRHAGIC,ROUTE_RhodeIslandHospital,0.4150147989805858,56.655,ROUTE_SouthCountyHospital,0.3606172946986266,10.28,ROUTE_RhodeIslandHospital,0.4150147989805858,56.655,ROUTE_SouthCountyHospital,0.3606172946986266,10.28
41.709999999976304,-71.39166666658117,235.94111630476885,LVO,ROUTE_KentHospital,0.32734294144,15.513333333333332,ROUTE_KentHospital,0.32734294144,15.513333333333332,ROUTE_RhodeIslandHospital,0.32734294144,17.873333333333335,ROUTE_KentHospital,0.32734294144,15.513333333333332
41.6608333333096,-71.41999999991454,170.22995765234492,LVO,ROUTE_RhodeIslandHospital,0.3386014028008505,33.12,ROUTE_KentHospital,0.3412446454379457,18.208333333333332,ROUTE_RhodeIslandHospital,0.3386014028008505,33.12,ROUTE_KentHospital,0.3412446454379457,18.208333333333332
41.749722222198564,-71.47222222213679,122.10581169623592,HEMORRHAGIC,ROUTE_RhodeIslandHospital,0.41316825735472074,16.593333333333334,ROUTE_KentHospital,0.3515369291254735,9.935,ROUTE_RhodeIslandHospital,0.41316825735472074,16.593333333333334,ROUTE_KentHospital,0.3515369291254735,9.935
41.726111111087434,-71.39611111102563,62.54381062701975,LVO,ROUTE_RhodeIslandHospital,0.4272241487511134,15.623333333333333,ROUTE_RhodeIslandHospital,0.4272241487511134,15.623333333333333,ROUTE_RhodeIslandHospital,0.4272241487511134,15.623333333333333,ROUTE_RhodeIslandHospital,0.4272241487511134,15.623333333333333
41.710833333309644,-71.58861111102578,250.5313799096002,MIMIC,ROUTE_KentHospital,0.32734294144,18.881666666666668,ROUTE_KentHospital,0.32734294144,18.881666666666668,ROUTE_RhodeIslandHospital,0.32734294144,36.39833333333333,ROUTE_KentHospital,0.32734294144,18.881666666666668
41.47749999997612,-71.70861111102587,112.1361014172202,LVO,ROUTE_RhodeIslandHospital,0.4080562283188693,48.943333333333335,ROUTE_WesterlyHospital,0.35067930117913043,24.508333333333333,ROUTE_RhodeIslandHospital,0.4080562283188693,48.943333333333335,ROUTE_WesterlyHospital,0.35067930117913043,24.508333333333333
41.52888888886505,-71.41999999991454,49.923488240622476,LVO,ROUTE_RhodeIslandHospital,0.4239948525461788,42.026666666666664,ROUTE_NewportHospital,0.36420934212867495,15.948333333333332,ROUTE_RhodeIslandHospital,0.4239948525461788,42.026666666666664,ROUTE_NewportHospital,0.36420934212867495,15.948333333333332
41.8274999999764,-71.45861111102568,176.34843051612197,LVO,ROUTE_RhodeIslandHospital,0.3417700098247447,9.146666666666667,ROUTE_RogerWilliamsMedicalCenter,0.34277704026096906,3.5283333333333333,ROUTE_RhodeIslandHospital,0.3417700098247447,9.146666666666667,ROUTE_RogerWilliamsMedicalCenter,0.34277704026096906,3.5283333333333333
41.391944444420496,-71.47861111102569,105.03108445439672,LVO,ROUTE_RhodeIslandHospital,0.4085470304315988,53.89,ROUTE_SouthCountyHospital,0.35496945182049466,8.75,ROUTE_RhodeIslandHospital,0.4085470304315988,53.89,ROUTE_SouthCountyHospital,0.35496945182049466,8.75
41.65694444442071,-71.60194444435912,181.24080602799026,MIMIC,ROUTE_KentHospital,0.33969506490233775,15.916666666666666,ROUTE_KentHospital,0.33969506490233775,15.916666666666666,ROUTE_RhodeIslandHospital,0.33708807041845096,30.73166666666667,ROUTE_KentHospital,0.33969506490233775,15.916666666666666
41.70333333330964,-71.51722222213684,32.50280580700707,LVO,ROUTE_RhodeIslandHospital,0.4322119411401647,24.506666666666668,ROUTE_KentHospital,0.4290878652445786,6.003333333333333,ROUTE_RhodeIslandHospital,0.4322119411401647,24.506666666666668,ROUTE_KentHospital,0.4290878652445786,6.003333333333333
41.821111111087504,-71.3786111110256,72.68684872830286,LVO,ROUTE_RhodeIslandHospital,0.4267753999747265,7.391666666666667,ROUTE_RhodeIslandHospital,0.4267753999747265,7.391666666666667,ROUTE_RhodeIslandHospital,0.4267753999747265,7.391666666666667,ROUTE_RhodeIslandHospital,0.4267753999747265,7.391666666666667
41.888055555532006,-71.67861111102584,143.38033325011114,LVO,ROUTE_RhodeIslandHospital,0.40460030523813323,32.95,ROUTE_RogerWilliamsMedicalCenter,0.3438775876872257,30.383333333333333,ROUTE_RhodeIslandHospital,0.40460030523813323,32.95,ROUTE_RogerWilliamsMedicalCenter,0.3438775876872257,30.383333333333333
41.97944444442096,-71.46777777769235,68.7465010562099,LVO,ROUTE_RhodeIslandHospital,0.42490290484114185,19.321666666666665,ROUTE_LandmarkMedicalCenter,0.3623846400669545,6.45,ROUTE_RhodeIslandHospital,0.42490290484114185,19.321666666666665,ROUTE_LandmarkMedicalCenter,0.3623846400669545,6.45
41.36638888886492,-71.59999999991467,208.5321951297625,HEMORRHAGIC,ROUTE_SouthCountyHospital,0.32734294144,19.43166666666667,ROUTE_SouthCountyHospital,0.32734294144,19.43166666666667,ROUTE_RhodeIslandHospital,0.32734294144,65.80666666666667,ROUTE_SouthCountyHospital,0.32734294144,19.43166666666667
41.836666666643076,-71.44499999991456,236.19748272141464,LVO,ROUTE_RogerWilliamsMedicalCenter,0.32734294144,2.18,ROUTE_RogerWilliamsMedicalCenter,0.32734294144,2.18,ROUTE_RhodeIslandHospital,0.32734294144,9.331666666666667,ROUTE_RogerWilliamsMedicalCenter,0.32734294144,2.18
41.763611111087464,-71.38999999991451,240.8277732647303,LVO,ROUTE_RhodeIslandHospital,0.32734294144,8.806666666666667,ROUTE_RhodeIslandHospital,0.32734294144,8.806666666666667,ROUTE_RhodeIslandHospital,0.32734294144,8.806666666666667,ROUTE_RhodeIslandHospital,0.32734294144,8.806666666666667
41.766388888865244,-71.4241666665812,69.47523032727557,LVO,ROUTE_RhodeIslandHospital,0.426628836934505,11.226666666666667,ROUTE_RhodeIslandHospital,0.426628836934505,11.226666666666667,ROUTE_RhodeIslandHospital,0.426628836934505,11.226666666666667,ROUTE_RhodeIslandHospital,0.426628836934505,11.226666666666667
41.74111111108744,-71.32472222213669,220.06753344563094,MIMIC,ROUTE_RhodeIslandHospital,0.32734294144,20.421666666666667,ROUTE_RhodeIslandHospital,0.32734294144,20.421666666666667,ROUTE_RhodeIslandHospital,0.32734294144,20.421666666666667,ROUTE_RhodeIslandHospital,0.32734294144,20.421666666666667
41.861666666643096,-71.35527777769227,242.02248562171292,MIMIC,ROUTE_TheMiriamHospital,0.32734294144,8.756666666666666,ROUTE_TheMiriamHospital,0.32734294144,8.756666666666666,ROUTE_RhodeIslandHospital,0.32734294144,14.95,ROUTE_TheMiriamHospital,0.32734294144,8.756666666666666
41.6911111110874,-71.38611111102561,234.8671826791123,LVO,ROUTE_KentHospital,0.32734294144,17.64333333333333,ROUTE_KentHospital,0.32734294144,17.64333333333333,ROUTE_RhodeIslandHospital,0.32734294144,22.115000000000002,ROUTE_KentHospital,0.32734294144,17.64333333333333
41.515555555531705,-71.48805555547014,212.16714626878417,LVO,ROUTE_SouthCountyHospital,0.32734294144,16.898333333333333,ROUTE_SouthCountyHospital,0.32734294144,16.898333333333333,ROUTE_RhodeIslandHospital,0.32734294144,41.861666666666665,ROUTE_SouthCountyHospital,0.32734294144,16.898333333333333
41.719166666642984,-71.53055555547017,110.87115189282612,LVO,ROUTE_RhodeIslandHospital,0.4139978470279597,24.215,ROUTE_KentHospital,0.353779431284157,9.211666666666668,ROUTE_RhodeIslandHospital,0.4139978470279597,24.215,ROUTE_KentHospital,0.353779431284157,9.211666666666668
41.66111111108738,-71.5074999999146,95.8794481407058,MIMIC,ROUTE_RhodeIslandHospital,0.4169193839541181,26.525,ROUTE_KentHospital,0.35614446412577677,11.711666666666668,ROUTE_RhodeIslandHospital,0.4169193839541181,26.525,ROUTE_KentHospital,0.35614446412577677,11.711666666666668
41.75777777775412,-71.38861111102563,250.98848264013438,LVO,ROUTE_RhodeIslandHospital,0.32734294144,9.583333333333334,ROUTE_RhodeIslandHospital,0.32734294144,9.583333333333334,ROUTE_RhodeIslandHospital,0.32734294144,9.583333333333334,ROUTE_RhodeIslandHospital,0.32734294144,9.583333333333334
41.59666666664288,-71.60916666658134,63.67554405801713,NLVO,ROUTE_RhodeIslandHospital,0.421485117989667,39.03666666666666,ROUTE_KentHospital,0.3599193849993538,24.223333333333336,ROUTE_RhodeIslandHospital,0.421485117989667,39.03666666666666,ROUTE_KentHospital,0.3599193849993538,24.223333333333336
41.88916666664311,-71.41361111102565,72.9369312496666,LVO,ROUTE_RhodeIslandHospital,0.4254959889716381,12.598333333333333,ROUTE_TheMiriamHospital,0.36138911965421017,7.373333333333333,ROUTE_RhodeIslandHospital,0.4254959889716381,12.598333333333333,ROUTE_TheMiriamHospital,0.36138911965421017,7.373333333333333
41.92305555553203,-71.40222222213674,162.69672195685334,HEMORRHAGIC,ROUTE_RhodeIslandHospital,0.3427514255214561,17.321666666666665,ROUTE_TheMiriamHospital,0.34398256647705505,10.485000000000001,ROUTE_RhodeIslandHospital,0.3427514255214561,17.321666666666665,ROUTE_TheMiriamHospital,0.34398256647705505,10.485000000000001
41.910277777754246,-71.41611111102564,180.90781928353726,MIMIC,ROUTE_RhodeIslandHospital,0.33980238924887035,15.643333333333334,ROUTE_TheMiriamHospital,0.3407555472597283,10.275,ROUTE_RhodeIslandHospital,0.33980238924887035,15.643333333333334,ROUTE_TheMiriamHospital,0.3407555472597283,10.275
41.50138888886503,-71.60972222213691,153.89232102307955,LVO,ROUTE_RhodeIslandHospital,0.33870852433791115,48.85,ROUTE_SouthCountyHospital,0.3437046129915744,20.83,ROUTE_RhodeIslandHospital,0.33870852433791115,48.85,ROUTE_SouthCountyHospital,0.3437046129915744,20.83
41.98861111108764,-71.51999999991462,121.47176041005518,LVO,ROUTE_RhodeIslandHospital,0.41239305490220207,20.608333333333334,ROUTE_LandmarkMedicalCenter,0.352269536172411,6.65,ROUTE_RhodeIslandHospital,0.41239305490220207,20.608333333333334,ROUTE_LandmarkMedicalCenter,0.352269536172411,6.65
41.88611111108756,-71.35361111102559,253.35868957987515,HEMORRHAGIC,ROUTE_TheMiriamHospital,0.32734294144,9.795,ROUTE_TheMiriamHospital,0.32734294144,9.795,ROUTE_RhodeIslandHospital,0.32734294144,17.673333333333336,ROUTE_TheMiriamHospital,0.32734294144,9.795
41.993611111087645,-71.52972222213684,154.22424586580453,HEMORRHAGIC,ROUTE_RhodeIslandHospital,0.4045895589453375,22.153333333333332,ROUTE_LandmarkMedicalCenter,0.3461299213765546,7.125,ROUTE_RhodeIslandHospital,0.4045895589453375,22.153333333333332,ROUTE_LandmarkMedicalCenter,0.3461299213765546,7.125
41.89333333330978,-71.34138888880337,57.39190685449205,LVO,ROUTE_RhodeIslandHospital,0.42733902182966255,20.285,ROUTE_TheMiriamHospital,0.4224611356879401,12.198333333333332,ROUTE_RhodeIslandHospital,0.42733902182966255,20.285,ROUTE_TheMiriamHospital,0.4224611356879401,12.198333333333332
41.91611111108758,-71.38722222213673,227.1305870921829,HEMORRHAGIC,ROUTE_TheMiriamHospital,0.32734294144,10.753333333333334,ROUTE_TheMiriamHospital,0.32734294144,10.753333333333334,ROUTE_RhodeIslandHospital,0.32734294144,17.783333333333335,ROUTE_TheMiriamHospital,0.32734294144,10.753333333333334
41.71944444442076,-71.52944444435907,266.4125748850667,NLVO,ROUTE_KentHospital,0.32734294144,9.571666666666665,ROUTE_KentHospital,0.32734294144,9.571666666666665,ROUTE_RhodeIslandHospital,0.32734294144,24.575,ROUTE_KentHospital,0.32734294144,9.571666666666665
41.70916666664297,-71.51361111102572,199.12689157938217,LVO,ROUTE_KentHospital,0.33835242582581443,5.638333333333334,ROUTE_KentHospital,0.33835242582581443,5.638333333333334,ROUTE_RhodeIslandHospital,0.3351222714280503,24.14,ROUTE_KentHospital,0.33835242582581443,5.638333333333334
41.81805555553195,-71.47166666658124,241.4119216824959,LVO,ROUTE_RogerWilliamsMedicalCenter,0.32734294144,7.608333333333333,ROUTE_RogerWilliamsMedicalCenter,0.32734294144,7.608333333333333,ROUTE_RhodeIslandHospital,0.32734294144,11.145000000000001,ROUTE_RogerWilliamsMedicalCenter,0.32734294144,7.608333333333333
41.795555555531934,-71.40999999991453,95.84899771186662,MIMIC,ROUTE_RhodeIslandHospital,0.4220681690578152,4.36,ROUTE_RhodeIslandHospital,0.4220681690578152,4.36,ROUTE_RhodeIslandHospital,0.4220681690578152,4.36,ROUTE_RhodeIslandHospital,0.4220681690578152,4.36
41.96361111108762,-71.47138888880346,251.98341418974368,LVO,ROUTE_LandmarkMedicalCenter,0.32734294144,7.716666666666667,ROUTE_LandmarkMedicalCenter,0.32734294144,7.716666666666667,ROUTE_RhodeIslandHospital,0.32734294144,17.279999999999998,ROUTE_LandmarkMedicalCenter,0.32734294144,7.716666666666667
41.74027777775411,-71.50666666658127,55.75201670264944,LVO,ROUTE_RhodeIslandHospital,0.42763911231792584,20.648333333333333,ROUTE_KentHospital,0.363803656996361,12.186666666666667,ROUTE_RhodeIslandHospital,0.42763911231792584,20.648333333333333,ROUTE_KentHospital,0.363803656996361,12.186666666666667
41.7972222221986,-71.41805555547009,219.50990525685918,MIMIC,ROUTE_RhodeIslandHospital,0.3349491810453029,4.756666666666666,ROUTE_RhodeIslandHospital,0.3349491810453029,4.756666666666666,ROUTE_RhodeIslandHospital,0.3349491810453029,4.756666666666666,ROUTE_RhodeIslandHospital,0.3349491810453029,4.756666666666666
41.82222222219862,-71.64333333324805,98.49255834036016,MIMIC,ROUTE_RhodeIslandHospital,0.4158790091534267,28.421666666666667,ROUTE_RogerWilliamsMedicalCenter,0.35297732785492125,25.855,ROUTE_RhodeIslandHospital,0.4158790091534267,28.421666666666667,ROUTE_RogerWilliamsMedicalCenter,0.35297732785492125,25.855
41.39138888886494,-71.48833333324792,269.6944947311095,HEMORRHAGIC,ROUTE_SouthCountyHospital,0.32734294144,9.238333333333333,ROUTE_SouthCountyHospital,0.32734294144,9.238333333333333,ROUTE_RhodeIslandHospital,0.32734294144,54.37833333333333,ROUTE_SouthCountyHospital,0.32734294144,9.238333333333333
41.64138888886514,-71.22444444435882,111.03705031841157,LVO,ROUTE_RhodeIslandHospital,0.41039160369528993,39.791666666666664,ROUTE_NewportHospital,0.35062857765567135,25.88,ROUTE_RhodeIslandHospital,0.41039160369528993,39.791666666666664,ROUTE_NewportHospital,0.35062857765567135,25.88
41.49527777775391,-71.58972222213688,229.87179654470742,NLVO,ROUTE_SouthCountyHospital,0.32734294144,21.128333333333334,ROUTE_SouthCountyHospital,0.32734294144,21.128333333333334,ROUTE_RhodeIslandHospital,0.32734294144,49.14833333333333,ROUTE_SouthCountyHospital,0.32734294144,21.128333333333334
41.89027777775423,-71.37388888880338,187.43147894041772,LVO,ROUTE_RhodeIslandHospital,0.3386013696924939,15.92,ROUTE_TheMiriamHospital,0.3399665843905884,8.193333333333333,ROUTE_RhodeIslandHospital,0.3386013696924939,15.92,ROUTE_TheMiriamHospital,0.3399665843905884,8.193333333333333
41.66388888886516,-71.60361111102578,261.15526457023043,LVO,ROUTE_KentHospital,0.32734294144,16.258333333333333,ROUTE_KentHospital,0.32734294144,16.258333333333333,ROUTE_RhodeIslandHospital,0.32734294144,31.073333333333334,ROUTE_KentHospital,0.32734294144,16.258333333333333
41.83138888886529,-71.40972222213675,171.50358455895335,LVO,ROUTE_RhodeIslandHospital,0.40435396560756365,5.918333333333334,ROUTE_RogerWilliamsMedicalCenter,0.34342505752558367,4.77,ROUTE_RhodeIslandHospital,0.40435396560756365,5.918333333333334,ROUTE_RogerWilliamsMedicalCenter,0.34342505752558367,4.77
41.721111111087424,-71.66055555547028,63.45082205675822,NLVO,ROUTE_RhodeIslandHospital,0.4227727532296286,33.735,ROUTE_KentHospital,0.3603629185807597,22.153333333333332,ROUTE_RhodeIslandHospital,0.4227727532296286,33.735,ROUTE_KentHospital,0.3603629185807597,22.153333333333332
41.833611111087514,-71.451944444359,133.21466118226581,LVO,ROUTE_RhodeIslandHospital,0.4123428578488749,9.083333333333334,ROUTE_RogerWilliamsMedicalCenter,0.3509002318441068,2.2416666666666667,ROUTE_RhodeIslandHospital,0.4123428578488749,9.083333333333334,ROUTE_RogerWilliamsMedicalCenter,0.3509002318441068,2.2416666666666667
41.701111111087414,-71.2877777776922,210.66112000061324,LVO,ROUTE_RhodeIslandHospital,0.32734294144,28.561666666666667,ROUTE_RhodeIslandHospital,0.32734294144,28.561666666666667,ROUTE_RhodeIslandHospital,0.32734294144,28.561666666666667,ROUTE_RhodeIslandHospital,0.32734294144,28.561666666666667
41.37916666664271,-71.81638888880374,127.44468108385652,HEMORRHAGIC,ROUTE_RhodeIslandHospital,0.34214115796806577,55.97666666666667,ROUTE_WesterlyHospital,0.351622795302267,4.136666666666667,ROUTE_RhodeIslandHospital,0.34214115796806577,55.97666666666667,ROUTE_WesterlyHospital,0.351622795302267,4.136666666666667
41.91944444442092,-71.53305555547018,42.00901437583507,NLVO,ROUTE_RhodeIslandHospital,0.43037249603479577,22.785,ROUTE_OurLadyOfFatimaHospital,0.42550465649152713,14.271666666666667,ROUTE_RhodeIslandHospital,0.43037249603479577,22.785,ROUTE_OurLadyOfFatimaHospital,0.42550465649152713,14.271666666666667
41.49222222219836,-71.28222222213664,192.55516347675183,MIMIC,ROUTE_NewportHospital,0.33934264483372906,6.595,ROUTE_NewportHospital,0.33934264483372906,6.595,ROUTE_RhodeIslandHospital,0.32734294144,56.965,ROUTE_NewportHospital,0.33934264483372906,6.595
41.826666666643064,-71.45305555547012,41.319317395686156,HEMORRHAGIC,ROUTE_RhodeIslandHospital,0.43384307634127994,8.805,ROUTE_RogerWilliamsMedicalCenter,0.42830307001571694,4.148333333333333,ROUTE_RhodeIslandHospital,0.43384307634127994,8.805,ROUTE_RogerWilliamsMedicalCenter,0.42830307001571694,4.148333333333333
41.66305555553183,-71.44888888880345,37.47376590765198,MIMIC,ROUTE_RhodeIslandHospital,0.43074917101267146,25.723333333333336,ROUTE_KentHospital,0.42687358548428633,10.34,ROUTE_RhodeIslandHospital,0.43074917101267146,25.723333333333336,ROUTE_KentHospital,0.42687358548428633,10.34
41.846388888865306,-71.49305555547015,44.78857911141016,LVO,ROUTE_RhodeIslandHospital,0.43144383010255655,15.468333333333334,ROUTE_RogerWilliamsMedicalCenter,0.4262531475890252,9.316666666666666,ROUTE_RhodeIslandHospital,0.43144383010255655,15.468333333333334,ROUTE_RogerWilliamsMedicalCenter,0.4262531475890252,9.316666666666666
41.70194444442075,-71.52888888880351,216.6642531649607,LVO,ROUTE_KentHospital,0.3349132980586452,7.8100000000000005,ROUTE_KentHospital,0.3349132980586452,7.8100000000000005,ROUTE_RhodeIslandHospital,0.32734294144,26.311666666666667,ROUTE_KentHospital,0.3349132980586452,7.8100000000000005
41.6911111110874,-71.5922222221369,186.30797310013108,LVO,ROUTE_KentHospital,0.3382690605690705,18.93166666666667,ROUTE_KentHospital,0.3382690605690705,18.93166666666667,ROUTE_RhodeIslandHospital,0.33514726015713914,36.815000000000005,ROUTE_KentHospital,0.3382690605690705,18.93166666666667
41.67833333330962,-71.47249999991458,232.2841223896682,MIMIC,ROUTE_KentHospital,0.32734294144,10.295,ROUTE_KentHospital,0.32734294144,10.295,ROUTE_RhodeIslandHospital,0.32734294144,25.576666666666664,ROUTE_KentHospital,0.32734294144,10.295
41.882499999976446,-71.38944444435896,171.18662791057676,HEMORRHAGIC,ROUTE_RhodeIslandHospital,0.3418821274730784,13.681666666666667,ROUTE_TheMiriamHospital,0.34326832705276156,5.956666666666666,ROUTE_RhodeIslandHospital,0.3418821274730784,13.681666666666667,ROUTE_TheMiriamHospital,0.34326832705276156,5.956666666666666
41.67083333330961,-71.45305555547012,55.24106831360421,HEMORRHAGIC,ROUTE_RhodeIslandHospital,0.4266901981264327,25.2,ROUTE_KentHospital,0.4227909792348938,9.815,ROUTE_RhodeIslandHospital,0.4266901981264327,25.2,ROUTE_KentHospital,0.4227909792348938,9.815
41.564166666642855,-71.45111111102567,49.43701804120391,HEMORRHAGIC,ROUTE_RhodeIslandHospital,0.42504979935416565,38.00333333333333,ROUTE_NewportHospital,0.36352546788090073,19.921666666666667,ROUTE_RhodeIslandHospital,0.42504979935416565,38.00333333333333,ROUTE_NewportHospital,0.36352546788090073,19.921666666666667
41.89277777775423,-71.3749999999145,246.44610251335024,MIMIC,ROUTE_TheMiriamHospital,0.32734294144,9.116666666666667,ROUTE_TheMiriamHospital,0.32734294144,9.116666666666667,ROUTE_RhodeIslandHospital,0.32734294144,16.841666666666665,ROUTE_TheMiriamHospital,0.32734294144,9.116666666666667
41.89611111108756,-71.60388888880357,54.41919122072413,HEMORRHAGIC,ROUTE_RhodeIslandHospital,0.42627900881533354,27.775,ROUTE_OurLadyOfFatimaHospital,0.4206274398756173,22.540000000000003,ROUTE_RhodeIslandHospital,0.42627900881533354,27.775,ROUTE_OurLadyOfFatimaHospital,0.4206274398756173,22.540000000000003
41.91888888886536,-71.5227777776924,110.49726287538861,HEMORRHAGIC,ROUTE_RhodeIslandHospital,0.4149379865330347,20.501666666666665,ROUTE_OurLadyOfFatimaHospital,0.3531486988566379,12.936666666666667,ROUTE_RhodeIslandHospital,0.4149379865330347,20.501666666666665,ROUTE_OurLadyOfFatimaHospital,0.3531486988566379,12.936666666666667
41.91277777775424,-71.65111111102583,57.464462782005526,LVO,ROUTE_RhodeIslandHospital,0.42385077496823786,35.10333333333333,ROUTE_OurLadyOfFatimaHospital,0.36002842143638963,29.868333333333332,ROUTE_RhodeIslandHospital,0.42385077496823786,35.10333333333333,ROUTE_OurLadyOfFatimaHospital,0.36002842143638963,29.868333333333332
41.87611111108755,-71.41722222213676,152.54133553966167,HEMORRHAGIC,ROUTE_RhodeIslandHospital,0.40753277735973625,10.841666666666667,ROUTE_TheMiriamHospital,0.3466347089773146,6.041666666666667,ROUTE_RhodeIslandHospital,0.40753277735973625,10.841666666666667,ROUTE_TheMiriamHospital,0.3466347089773146,6.041666666666667
41.71666666664298,-71.48833333324792,118.98640126020697,LVO,ROUTE_RhodeIslandHospital,0.41308246130751414,20.086666666666666,ROUTE_KentHospital,0.3533166632637922,3.555,ROUTE_RhodeIslandHospital,0.41308246130751414,20.086666666666666,ROUTE_KentHospital,0.3533166632637922,3.555
41.794999999976376,-71.36305555547004,167.21929324303238,LVO,ROUTE_RhodeIslandHospital,0.4044557443805784,9.751666666666667,ROUTE_RhodeIslandHospital,0.4044557443805784,9.751666666666667,ROUTE_RhodeIslandHospital,0.4044557443805784,9.751666666666667,ROUTE_RhodeIslandHospital,0.4044557443805784,9.751666666666667
41.880555555532,-71.5491666665813,42.425370116124974,HEMORRHAGIC,ROUTE_RhodeIslandHospital,0.4298998659052602,24.371666666666666,ROUTE_OurLadyOfFatimaHospital,0.4247268762711221,17.14333333333333,ROUTE_RhodeIslandHospital,0.4298998659052602,24.371666666666666,ROUTE_OurLadyOfFatimaHospital,0.4247268762711221,17.14333333333333
41.76611111108746,-71.33166666658113,262.59317274746763,LVO,ROUTE_RhodeIslandHospital,0.32734294144,15.126666666666667,ROUTE_RhodeIslandHospital,0.32734294144,15.126666666666667,ROUTE_RhodeIslandHospital,0.32734294144,15.126666666666667,ROUTE_RhodeIslandHospital,0.32734294144,15.126666666666667
41.48888888886502,-71.31055555547,42.978783638485595,LVO,ROUTE_RhodeIslandHospital,0.42276463844003526,54.24166666666667,ROUTE_NewportHospital,0.3681560298047743,2.945,ROUTE_RhodeIslandHospital,0.42276463844003526,54.24166666666667,ROUTE_NewportHospital,0.3681560298047743,2.945
41.69861111108741,-71.58111111102578,141.68699433799458,HEMORRHAGIC,ROUTE_RhodeIslandHospital,0.4054245682937907,30.996666666666666,ROUTE_KentHospital,0.3472690315517051,13.43,ROUTE_RhodeIslandHospital,0.4054245682937907,30.996666666666666,ROUTE_KentHospital,0.3472690315517051,13.43
41.66249999997627,-71.52888888880351,96.89553853080808,LVO,ROUTE_RhodeIslandHospital,0.41602251371022825,29.395,ROUTE_KentHospital,0.3556784718277339,13.146666666666667,ROUTE_RhodeIslandHospital,0.41602251371022825,29.395,ROUTE_KentHospital,0.3556784718277339,13.146666666666667
41.65416666664293,-71.58722222213689,73.13919429927519,LVO,ROUTE_RhodeIslandHospital,0.4209486743977973,31.88,ROUTE_KentHospital,0.35947435853739246,17.065,ROUTE_RhodeIslandHospital,0.4209486743977973,31.88,ROUTE_KentHospital,0.35947435853739246,17.065
41.52333333330949,-71.47499999991457,255.49341349757242,HEMORRHAGIC,ROUTE_SouthCountyHospital,0.32734294144,14.253333333333334,ROUTE_SouthCountyHospital,0.32734294144,14.253333333333334,ROUTE_RhodeIslandHospital,0.32734294144,42.65,ROUTE_SouthCountyHospital,0.32734294144,14.253333333333334
42.01138888886543,-71.51472222213683,260.00404699838134,MIMIC,ROUTE_LandmarkMedicalCenter,0.32734294144,4.721666666666667,ROUTE_LandmarkMedicalCenter,0.32734294144,4.721666666666667,ROUTE_RhodeIslandHospital,0.32734294144,23.765,ROUTE_LandmarkMedicalCenter,0.32734294144,4.721666666666667
41.80944444442083,-71.42222222213675,193.62630924167664,NLVO,ROUTE_RhodeIslandHospital,0.3397789788094445,3.058333333333333,ROUTE_RhodeIslandHospital,0.3397789788094445,3.058333333333333,ROUTE_RhodeIslandHospital,0.3397789788094445,3.058333333333333,ROUTE_RhodeIslandHospital,0.3397789788094445,3.058333333333333
41.799166666643046,-71.42333333324787,263.76137369801364,LVO,ROUTE_RhodeIslandHospital,0.32734294144,4.426666666666667,ROUTE_RhodeIslandHospital,0.32734294144,4.426666666666667,ROUTE_RhodeIslandHospital,0.32734294144,4.426666666666667,ROUTE_RhodeIslandHospital,0.32734294144,4.426666666666667
41.861388888865314,-71.41722222213676,136.562873470677,NLVO,ROUTE_RhodeIslandHospital,0.41121388523783586,10.668333333333333,ROUTE_TheMiriamHospital,0.3495792593203973,6.010000000000001,ROUTE_RhodeIslandHospital,0.41121388523783586,10.668333333333333,ROUTE_TheMiriamHospital,0.3495792593203973,6.010000000000001
41.676111111087394,-71.74305555547035,75.64284660652395,HEMORRHAGIC,ROUTE_RhodeIslandHospital,0.41740171077432336,44.675,ROUTE_KentHospital,0.3564480480627091,30.353333333333335,ROUTE_RhodeIslandHospital,0.41740171077432336,44.675,ROUTE_KentHospital,0.3564480480627091,30.353333333333335
41.40888888886496,-71.49638888880348,55.87190987333459,LVO,ROUTE_RhodeIslandHospital,0.42028809658484434,51.99,ROUTE_SouthCountyHospital,0.36482880019088276,6.848333333333333,ROUTE_RhodeIslandHospital,0.42028809658484434,51.99,ROUTE_SouthCountyHospital,0.36482880019088276,6.848333333333333
41.98472222219875,-71.47138888880346,226.26540234219107,LVO,ROUTE_LandmarkMedicalCenter,0.32734294144,5.8,ROUTE_LandmarkMedicalCenter,0.32734294144,5.8,ROUTE_RhodeIslandHospital,0.32734294144,18.671666666666667,ROUTE_LandmarkMedicalCenter,0.32734294144,5.8
41.586388888865095,-71.2524999999144,104.06316032818884,HEMORRHAGIC,ROUTE_RhodeIslandHospital,0.41140619889290725,42.32666666666667,ROUTE_NewportHospital,0.35378815935199337,15.973333333333333,ROUTE_RhodeIslandHospital,0.41140619889290725,42.32666666666667,ROUTE_NewportHospital,0.35378815935199337,15.973333333333333
