start_lat,start_lon,t_onset,stroke_type,optimal_action,optimal_action_reward,travel_time_optimal,nearest_hospital_action,nearest_hospital_reward,travel_time_nh,heuristic_1_action,heuristic_1_reward,travel_time_h1,heuristic_2_action,heuristic_2_reward,travel_time_h2
41.99861111108765,-71.50944444435905,150.96719817608476,HEMORRHAGIC,ROUTE_RhodeIslandHospital,0.4054405086669131,21.646666666666665,ROUTE_LandmarkMedicalCenter,0.3473346070983122,3.7916666666666665,ROUTE_RhodeIslandHospital,0.4054405086669131,21.646666666666665,ROUTE_LandmarkMedicalCenter,0.3473346070983122,3.7916666666666665
41.59027777775399,-71.43666666658122,227.92517153041322,HEMORRHAGIC,ROUTE_KentHospital,0.32734294144,19.025,ROUTE_KentHospital,0.32734294144,19.025,ROUTE_RhodeIslandHospital,0.32734294144,33.84,ROUTE_KentHospital,0.32734294144,19.025
41.94722222219872,-71.46916666658124,264.3376255892689,LVO,ROUTE_LandmarkMedicalCenter,0.32734294144,10.993333333333334,ROUTE_LandmarkMedicalCenter,0.32734294144,10.993333333333334,ROUTE_RhodeIslandHospital,0.32734294144,19.134999999999998,ROUTE_LandmarkMedicalCenter,0.32734294144,10.993333333333334
41.643333333309585,-71.22305555546993,138.7015996201144,HEMORRHAGIC,ROUTE_RhodeIslandHospital,0.40418926188104676,39.45,ROUTE_NewportHospital,0.34560362104544734,25.53666666666667,ROUTE_RhodeIslandHospital,0.40418926188104676,39.45,ROUTE_NewportHospital,0.34560362104544734,25.53666666666667
41.52722222219838,-71.39083333324784,105.31669109137349,HEMORRHAGIC,ROUTE_RhodeIslandHospital,0.4102770023438092,46.015,ROUTE_NewportHospital,0.3542716031228128,12.156666666666666,ROUTE_RhodeIslandHospital,0.4102770023438092,46.015,ROUTE_NewportHospital,0.3542716031228128,12.156666666666666
41.650277777754035,-71.50833333324793,262.8055866528702,LVO,ROUTE_KentHospital,0.32734294144,16.211666666666666,ROUTE_KentHospital,0.32734294144,16.211666666666666,ROUTE_RhodeIslandHospital,0.32734294144,31.026666666666664,ROUTE_KentHospital,0.32734294144,16.211666666666666
42.00972222219877,-71.4911111110257,101.56422955099464,HEMORRHAGIC,ROUTE_RhodeIslandHospital,0.4168177407606658,21.28166666666667,ROUTE_LandmarkMedicalCenter,0.3567903458803218,2.635,ROUTE_RhodeIslandHospital,0.4168177407606658,21.28166666666667,ROUTE_LandmarkMedicalCenter,0.3567903458803218,2.635
41.72361111108743,-71.49805555547015,196.59504648541343,HEMORRHAGIC,ROUTE_KentHospital,0.33846421042511815,7.535,ROUTE_KentHospital,0.33846421042511815,7.535,ROUTE_RhodeIslandHospital,0.33572310130744065,23.208333333333332,ROUTE_KentHospital,0.33846421042511815,7.535
41.836666666643076,-71.35361111102559,59.81438127907485,NLVO,ROUTE_RhodeIslandHospital,0.4289958082268879,10.818333333333333,ROUTE_RhodeIslandHospital,0.4289958082268879,10.818333333333333,ROUTE_RhodeIslandHospital,0.4289958082268879,10.818333333333333,ROUTE_RhodeIslandHospital,0.4289958082268879,10.818333333333333
41.890555555532,-71.3977777776923,226.128110356218,HEMORRHAGIC,ROUTE_TheMiriamHospital,0.32734294144,6.4399999999999995,ROUTE_TheMiriamHospital,0.32734294144,6.4399999999999995,ROUTE_RhodeIslandHospital,0.32734294144,14.043333333333333,ROUTE_TheMiriamHospital,0.32734294144,6.4399999999999995
41.68249999997629,-71.47277777769236,90.14148908690713,LVO,ROUTE_RhodeIslandHospital,0.4190307213866194,23.138333333333332,ROUTE_KentHospital,0.3579944256165822,7.761666666666667,ROUTE_RhodeIslandHospital,0.4190307213866194,23.138333333333332,ROUTE_KentHospital,0.3579944256165822,7.761666666666667
41.890833333309786,-71.39611111102563,122.19959573014228,NLVO,ROUTE_RhodeIslandHospital,0.41359925513130913,14.621666666666666,ROUTE_TheMiriamHospital,0.35206420932893684,7.02,ROUTE_RhodeIslandHospital,0.41359925513130913,14.621666666666666,ROUTE_TheMiriamHospital,0.35206420932893684,7.02
41.829722222198626,-71.34749999991448,75.69975253254944,HEMORRHAGIC,ROUTE_RhodeIslandHospital,0.4253823612615991,10.32,ROUTE_RhodeIslandHospital,0.4253823612615991,10.32,ROUTE_RhodeIslandHospital,0.4253823612615991,10.32,ROUTE_RhodeIslandHospital,0.4253823612615991,10.32
41.82638888886529,-71.53472222213685,171.71440800582167,HEMORRHAGIC,ROUTE_RhodeIslandHospital,0.34139665817569026,15.871666666666666,ROUTE_RogerWilliamsMedicalCenter,0.3418552483947309,13.305,ROUTE_RhodeIslandHospital,0.34139665817569026,15.871666666666666,ROUTE_RogerWilliamsMedicalCenter,0.3418552483947309,13.305
41.89611111108756,-71.60388888880357,233.140158124419,LVO,ROUTE_OurLadyOfFatimaHospital,0.32734294144,22.540000000000003,ROUTE_OurLadyOfFatimaHospital,0.32734294144,22.540000000000003,ROUTE_RhodeIslandHospital,0.32734294144,27.775,ROUTE_OurLadyOfFatimaHospital,0.32734294144,22.540000000000003
41.39861111108717,-71.81249999991485,226.58742777494533,NLVO,ROUTE_WesterlyHospital,0.32734294144,9.75,ROUTE_WesterlyHospital,0.32734294144,9.75,ROUTE_RhodeIslandHospital,0.32734294144,58.519999999999996,ROUTE_WesterlyHospital,0.32734294144,9.75
41.825555555531956,-71.45222222213678,106.48120964484589,NLVO,ROUTE_RhodeIslandHospital,0.4187328531200831,8.085,ROUTE_RogerWilliamsMedicalCenter,0.3557036952329653,3.4283333333333332,ROUTE_RhodeIslandHospital,0.4187328531200831,8.085,ROUTE_RogerWilliamsMedicalCenter,0.3557036952329653,3.4283333333333332
41.73888888886522,-71.33666666658114,222.7077705740957,LVO,ROUTE_RhodeIslandHospital,0.32734294144,18.91166666666667,ROUTE_RhodeIslandHospital,0.32734294144,18.91166666666667,ROUTE_RhodeIslandHospital,0.32734294144,18.91166666666667,ROUTE_RhodeIslandHospital,0.32734294144,18.91166666666667
41.87333333330977,-71.41361111102565,197.75676661966554,HEMORRHAGIC,ROUTE_RhodeIslandHospital,0.33774880723977174,10.443333333333333,ROUTE_TheMiriamHospital,0.3386673271180487,5.22,ROUTE_RhodeIslandHospital,0.33774880723977174,10.443333333333333,ROUTE_TheMiriamHospital,0.3386673271180487,5.22
41.56944444442064,-71.36444444435894,222.53331371488616,NLVO,ROUTE_NewportHospital,0.32734294144,17.30666666666667,ROUTE_NewportHospital,0.32734294144,17.30666666666667,ROUTE_RhodeIslandHospital,0.32734294144,50.29666666666667,ROUTE_NewportHospital,0.32734294144,17.30666666666667
41.473888888865005,-71.51972222213683,52.38031791230908,HEMORRHAGIC,ROUTE_RhodeIslandHospital,0.42147283588941653,50.385,ROUTE_SouthCountyHospital,0.36458382242664955,11.585,ROUTE_RhodeIslandHospital,0.42147283588941653,50.385,ROUTE_SouthCountyHospital,0.36458382242664955,11.585
41.85222222219864,-71.47194444435902,198.58218789589978,LVO,ROUTE_OurLadyOfFatimaHospital,0.3387409197336885,3.9766666666666666,ROUTE_OurLadyOfFatimaHospital,0.3387409197336885,3.9766666666666666,ROUTE_RhodeIslandHospital,0.3372293268474466,12.583333333333334,ROUTE_OurLadyOfFatimaHospital,0.3387409197336885,3.9766666666666666
41.85111111108753,-71.4355555554701,89.15585614635035,HEMORRHAGIC,ROUTE_RhodeIslandHospital,0.4224316393679983,9.493333333333334,ROUTE_OurLadyOfFatimaHospital,0.3587725985395499,4.693333333333333,ROUTE_RhodeIslandHospital,0.4224316393679983,9.493333333333334,ROUTE_OurLadyOfFatimaHospital,0.3587725985395499,4.693333333333333
41.55249999997618,-71.54499999991464,121.9715185024609,HEMORRHAGIC,ROUTE_RhodeIslandHospital,0.4078383803764487,40.06666666666667,ROUTE_SouthCountyHospital,0.3488271408838379,24.671666666666667,ROUTE_RhodeIslandHospital,0.4078383803764487,40.06666666666667,ROUTE_SouthCountyHospital,0.3488271408838379,24.671666666666667
41.71611111108742,-71.26666666658107,172.97498651841036,HEMORRHAGIC,ROUTE_RhodeIslandHospital,0.3393827770008149,25.948333333333334,ROUTE_RhodeIslandHospital,0.3393827770008149,25.948333333333334,ROUTE_RhodeIslandHospital,0.3393827770008149,25.948333333333334,ROUTE_RhodeIslandHospital,0.3393827770008149,25.948333333333334
41.95583333330983,-71.46527777769235,109.42177089778593,LVO,ROUTE_RhodeIslandHospital,0.4151383911512704,20.706666666666667,ROUTE_LandmarkMedicalCenter,0.35369545700963356,11.106666666666666,ROUTE_RhodeIslandHospital,0.4151383911512704,20.706666666666667,ROUTE_LandmarkMedicalCenter,0.35369545700963356,11.106666666666666
41.69388888886518,-71.4608333332479,210.87164983142648,HEMORRHAGIC,ROUTE_KentHospital,0.3364087182470368,4.991666666666666,ROUTE_KentHospital,0.3364087182470368,4.991666666666666,ROUTE_RhodeIslandHospital,0.32734294144,21.52,ROUTE_KentHospital,0.3364087182470368,4.991666666666666
41.793333333309704,-71.47444444435902,262.62604182981613,HEMORRHAGIC,ROUTE_RogerWilliamsMedicalCenter,0.32734294144,10.395000000000001,ROUTE_RogerWilliamsMedicalCenter,0.32734294144,10.395000000000001,ROUTE_RhodeIslandHospital,0.32734294144,12.395000000000001,ROUTE_RogerWilliamsMedicalCenter,0.32734294144,10.395000000000001
41.48583333330946,-71.49472222213682,53.63831634808892,LVO,ROUTE_RhodeIslandHospital,0.42268479827864336,43.925,ROUTE_SouthCountyHospital,0.364674271810686,9.868333333333334,ROUTE_RhodeIslandHospital,0.42268479827864336,43.925,ROUTE_SouthCountyHospital,0.364674271810686,9.868333333333334
41.821388888865286,-71.444444444359,148.484789916442,HEMORRHAGIC,ROUTE_RhodeIslandHospital,0.4090399367756035,8.271666666666667,ROUTE_RogerWilliamsMedicalCenter,0.3477537291191003,3.99,ROUTE_RhodeIslandHospital,0.4090399367756035,8.271666666666667,ROUTE_RogerWilliamsMedicalCenter,0.3477537291191003,3.99
41.840555555531964,-71.42499999991453,152.12339120159766,HEMORRHAGIC,ROUTE_RhodeIslandHospital,0.40837461665757885,7.556666666666667,ROUTE_RogerWilliamsMedicalCenter,0.34728114526910875,2.9266666666666667,ROUTE_RhodeIslandHospital,0.40837461665757885,7.556666666666667,ROUTE_RogerWilliamsMedicalCenter,0.34728114526910875,2.9266666666666667
41.98583333330986,-71.53333333324795,203.0624393728829,MIMIC,ROUTE_LandmarkMedicalCenter,0.33718504159307167,8.356666666666666,ROUTE_LandmarkMedicalCenter,0.33718504159307167,8.356666666666666,ROUTE_RhodeIslandHospital,0.32734294144,22.361666666666668,ROUTE_LandmarkMedicalCenter,0.33718504159307167,8.356666666666666
41.56888888886508,-71.46249999991457,250.49867643536487,LVO,ROUTE_SouthCountyHospital,0.32734294144,19.209999999999997,ROUTE_SouthCountyHospital,0.32734294144,19.209999999999997,ROUTE_RhodeIslandHospital,0.32734294144,36.125,ROUTE_SouthCountyHospital,0.32734294144,19.209999999999997
41.65888888886516,-71.48805555547014,173.9579212209389,LVO,ROUTE_RhodeIslandHospital,0.33815211753014807,31.946666666666665,ROUTE_KentHospital,0.3407723452491828,17.131666666666668,ROUTE_RhodeIslandHospital,0.33815211753014807,31.946666666666665,ROUTE_KentHospital,0.3407723452491828,17.131666666666668
41.50666666664281,-71.56138888880353,111.72905183077536,HEMORRHAGIC,ROUTE_RhodeIslandHospital,0.40911819444037645,44.68333333333333,ROUTE_SouthCountyHospital,0.35141394741270987,20.970000000000002,ROUTE_RhodeIslandHospital,0.40911819444037645,44.68333333333333,ROUTE_SouthCountyHospital,0.35141394741270987,20.970000000000002
41.90805555553202,-71.40472222213674,147.40584171045248,HEMORRHAGIC,ROUTE_RhodeIslandHospital,0.40768652305899805,15.3,ROUTE_TheMiriamHospital,0.34713105297925656,8.463333333333333,ROUTE_RhodeIslandHospital,0.40768652305899805,15.3,ROUTE_TheMiriamHospital,0.34713105297925656,8.463333333333333
41.66749999997627,-71.26722222213664,119.53059693038838,HEMORRHAGIC,ROUTE_RhodeIslandHospital,0.41029638972239385,31.716666666666665,ROUTE_NewportHospital,0.3485705718563868,28.503333333333334,ROUTE_RhodeIslandHospital,0.41029638972239385,31.716666666666665,ROUTE_NewportHospital,0.3485705718563868,28.503333333333334
41.82916666664307,-71.46249999991457,38.54556037044274,HEMORRHAGIC,ROUTE_RhodeIslandHospital,0.4343851206020301,9.293333333333333,ROUTE_RogerWilliamsMedicalCenter,0.4289728868767998,4.1066666666666665,ROUTE_RhodeIslandHospital,0.4343851206020301,9.293333333333333,ROUTE_RogerWilliamsMedicalCenter,0.4289728868767998,4.1066666666666665
41.729444444420764,-71.51583333324794,247.3576916379355,HEMORRHAGIC,ROUTE_KentHospital,0.32734294144,8.883333333333333,ROUTE_KentHospital,0.32734294144,8.883333333333333,ROUTE_RhodeIslandHospital,0.32734294144,21.709999999999997,ROUTE_KentHospital,0.32734294144,8.883333333333333
41.840555555531964,-71.40555555547007,77.69226817147334,NLVO,ROUTE_RhodeIslandHospital,0.42530238727408953,8.668333333333333,ROUTE_TheMiriamHospital,0.3611408775322116,3.896666666666667,ROUTE_RhodeIslandHospital,0.42530238727408953,8.668333333333333,ROUTE_TheMiriamHospital,0.3611408775322116,3.896666666666667
41.34944444442046,-71.76194444435926,101.68573202187194,HEMORRHAGIC,ROUTE_RhodeIslandHospital,0.4072771962864668,62.82333333333334,ROUTE_WesterlyHospital,0.3555871178264206,8.838333333333333,ROUTE_RhodeIslandHospital,0.4072771962864668,62.82333333333334,ROUTE_WesterlyHospital,0.3555871178264206,8.838333333333333
41.829722222198626,-71.47611111102569,87.68748118756524,LVO,ROUTE_RhodeIslandHospital,0.4221797290692763,12.043333333333333,ROUTE_RogerWilliamsMedicalCenter,0.3587014135408962,6.531666666666666,ROUTE_RhodeIslandHospital,0.4221797290692763,12.043333333333333,ROUTE_RogerWilliamsMedicalCenter,0.3587014135408962,6.531666666666666
41.791944444420814,-71.48638888880348,110.77239872977442,HEMORRHAGIC,ROUTE_RhodeIslandHospital,0.4165991701293628,13.020000000000001,ROUTE_RogerWilliamsMedicalCenter,0.35345745634812037,11.020000000000001,ROUTE_RhodeIslandHospital,0.4165991701293628,13.020000000000001,ROUTE_RogerWilliamsMedicalCenter,0.35345745634812037,11.020000000000001
41.861666666643096,-71.444444444359,146.41568259659212,LVO,ROUTE_RhodeIslandHospital,0.40907401249367425,10.191666666666666,ROUTE_OurLadyOfFatimaHospital,0.34795957791709603,4.9383333333333335,ROUTE_RhodeIslandHospital,0.40907401249367425,10.191666666666666,ROUTE_OurLadyOfFatimaHospital,0.34795957791709603,4.9383333333333335
41.88611111108756,-71.39166666658117,174.65908362270008,HEMORRHAGIC,ROUTE_RhodeIslandHospital,0.3410462748898647,14.891666666666667,ROUTE_TheMiriamHospital,0.3424271509908003,7.166666666666667,ROUTE_RhodeIslandHospital,0.3410462748898647,14.891666666666667,ROUTE_TheMiriamHospital,0.3424271509908003,7.166666666666667
41.75361111108745,-71.29055555546998,239.46684724391469,HEMORRHAGIC,ROUTE_RhodeIslandHospital,0.32734294144,22.18,ROUTE_RhodeIslandHospital,0.32734294144,22.18,ROUTE_RhodeIslandHospital,0.32734294144,22.18,ROUTE_RhodeIslandHospital,0.32734294144,22.18
41.74999999997634,-71.46999999991458,170.06297021321552,HEMORRHAGIC,ROUTE_RhodeIslandHospital,0.3415151545058517,16.858333333333334,ROUTE_KentHospital,0.34278951608923525,9.743333333333334,ROUTE_RhodeIslandHospital,0.3415151545058517,16.858333333333334,ROUTE_KentHospital,0.34278951608923525,9.743333333333334
41.71527777775409,-71.44499999991456,69.7567318401975,LVO,ROUTE_RhodeIslandHospital,0.4251639057776742,17.196666666666665,ROUTE_KentHospital,0.3621093509377839,6.8516666666666675,ROUTE_RhodeIslandHospital,0.4251639057776742,17.196666666666665,ROUTE_KentHospital,0.3621093509377839,6.8516666666666675
41.846388888865306,-71.42833333324788,30.236454418518548,MIMIC,ROUTE_RhodeIslandHospital,0.43653342034573794,8.566666666666666,ROUTE_RogerWilliamsMedicalCenter,0.43107994116188497,3.575,ROUTE_RhodeIslandHospital,0.43653342034573794,8.566666666666666,ROUTE_RogerWilliamsMedicalCenter,0.43107994116188497,3.575
42.01527777775433,-71.51666666658127,136.85426462544004,HEMORRHAGIC,ROUTE_RhodeIslandHospital,0.40802925140762486,24.34333333333333,ROUTE_LandmarkMedicalCenter,0.34967490128718354,5.201666666666667,ROUTE_RhodeIslandHospital,0.40802925140762486,24.34333333333333,ROUTE_LandmarkMedicalCenter,0.34967490128718354,5.201666666666667
41.68888888886518,-71.45694444435901,146.43967772226074,LVO,ROUTE_RhodeIslandHospital,0.40645997713572646,21.671666666666667,ROUTE_KentHospital,0.3477073856052978,6.286666666666666,ROUTE_RhodeIslandHospital,0.40645997713572646,21.671666666666667,ROUTE_KentHospital,0.3477073856052978,6.286666666666666
41.75499999997634,-71.40055555547008,108.26681334629933,LVO,ROUTE_RhodeIslandHospital,0.41773853304768105,10.593333333333334,ROUTE_RhodeIslandHospital,0.41773853304768105,10.593333333333334,ROUTE_RhodeIslandHospital,0.41773853304768105,10.593333333333334,ROUTE_RhodeIslandHospital,0.41773853304768105,10.593333333333334
41.87805555553199,-71.4116666665812,87.22391891696701,LVO,ROUTE_RhodeIslandHospital,0.42250633488966016,11.104999999999999,ROUTE_TheMiriamHospital,0.35898083441906276,5.541666666666667,ROUTE_RhodeIslandHospital,0.42250633488966016,11.104999999999999,ROUTE_TheMiriamHospital,0.35898083441906276,5.541666666666667
41.91944444442092,-71.53416666658129,246.3358866933424,LVO,ROUTE_OurLadyOfFatimaHospital,0.32734294144,14.629999999999999,ROUTE_OurLadyOfFatimaHospital,0.32734294144,14.629999999999999,ROUTE_RhodeIslandHospital,0.32734294144,23.141666666666666,ROUTE_OurLadyOfFatimaHospital,0.32734294144,14.629999999999999
41.59083333330955,-71.25055555546996,254.27955581784875,LVO,ROUTE_NewportHospital,0.32734294144,18.06,ROUTE_NewportHospital,0.32734294144,18.06,ROUTE_RhodeIslandHospital,0.32734294144,43.230000000000004,ROUTE_NewportHospital,0.32734294144,18.06
41.97722222219874,-71.40388888880341,137.60677874616346,HEMORRHAGIC,ROUTE_RhodeIslandHospital,0.4082438568616036,22.648333333333333,ROUTE_LandmarkMedicalCenter,0.34804728201244767,13.270000000000001,ROUTE_RhodeIslandHospital,0.4082438568616036,22.648333333333333,ROUTE_LandmarkMedicalCenter,0.34804728201244767,13.270000000000001
41.863055555531986,-71.39749999991452,168.33408838184903,HEMORRHAGIC,ROUTE_RhodeIslandHospital,0.34259897521690935,12.533333333333333,ROUTE_TheMiriamHospital,0.3444053956226773,2.5083333333333333,ROUTE_RhodeIslandHospital,0.34259897521690935,12.533333333333333,ROUTE_TheMiriamHospital,0.3444053956226773,2.5083333333333333
41.709444444420754,-71.52611111102573,106.24059840341522,LVO,ROUTE_RhodeIslandHospital,0.4147415611277027,25.611666666666668,ROUTE_KentHospital,0.35499762999346535,7.391666666666667,ROUTE_RhodeIslandHospital,0.4147415611277027,25.611666666666668,ROUTE_KentHospital,0.35499762999346535,7.391666666666667
41.62416666664291,-71.22666666658104,179.90835644942752,LVO,ROUTE_NewportHospital,0.3386265823231953,23.3,ROUTE_NewportHospital,0.3386265823231953,23.3,ROUTE_RhodeIslandHospital,0.3357418110508554,39.788333333333334,ROUTE_NewportHospital,0.3386265823231953,23.3
41.575277777753975,-71.24444444435883,80.32637537621636,MIMIC,ROUTE_RhodeIslandHospital,0.41601982242964497,45.97666666666667,ROUTE_NewportHospital,0.3583147751477176,15.906666666666666,ROUTE_RhodeIslandHospital,0.41601982242964497,45.97666666666667,ROUTE_NewportHospital,0.3583147751477176,15.906666666666666
41.9916666666432,-71.60027777769245,211.69894842812676,HEMORRHAGIC,ROUTE_LandmarkMedicalCenter,0.32734294144,14.841666666666667,ROUTE_LandmarkMedicalCenter,0.32734294144,14.841666666666667,ROUTE_RhodeIslandHospital,0.32734294144,25.095000000000002,ROUTE_LandmarkMedicalCenter,0.32734294144,14.841666666666667
41.60638888886511,-71.14083333324764,65.78302807584468,LVO,ROUTE_RhodeIslandHospital,0.41806920317143814,51.64833333333333,ROUTE_NewportHospital,0.35695861425225844,37.535,ROUTE_RhodeIslandHospital,0.41806920317143814,51.64833333333333,ROUTE_NewportHospital,0.35695861425225844,37.535
41.79666666664304,-71.44972222213678,125.4103790790375,LVO,ROUTE_RhodeIslandHospital,0.4141514763761874,9.006666666666666,ROUTE_RhodeIslandHospital,0.4141514763761874,9.006666666666666,ROUTE_RhodeIslandHospital,0.4141514763761874,9.006666666666666,ROUTE_RhodeIslandHospital,0.4141514763761874,9.006666666666666
41.83194444442085,-71.45249999991456,172.93534188634328,LVO,ROUTE_RhodeIslandHospital,0.3423791720452214,9.158333333333333,ROUTE_RogerWilliamsMedicalCenter,0.3436092170950209,2.316666666666667,ROUTE_RhodeIslandHospital,0.3423791720452214,9.158333333333333,ROUTE_RogerWilliamsMedicalCenter,0.3436092170950209,2.316666666666667
41.728333333309656,-71.40222222213674,41.937245005581076,LVO,ROUTE_RhodeIslandHospital,0.4322558508928932,14.886666666666667,ROUTE_RhodeIslandHospital,0.4322558508928932,14.886666666666667,ROUTE_RhodeIslandHospital,0.4322558508928932,14.886666666666667,ROUTE_RhodeIslandHospital,0.4322558508928932,14.886666666666667
41.860277777754206,-71.42055555547009,110.16536068988766,LVO,ROUTE_RhodeIslandHospital,0.4176608912530424,9.031666666666666,ROUTE_TheMiriamHospital,0.35470059937592124,5.036666666666666,ROUTE_RhodeIslandHospital,0.4176608912530424,9.031666666666666,ROUTE_TheMiriamHospital,0.35470059937592124,5.036666666666666
41.89305555553201,-71.38444444435895,218.51792834120198,NLVO,ROUTE_TheMiriamHospital,0.32734294144,7.375,ROUTE_TheMiriamHospital,0.32734294144,7.375,ROUTE_RhodeIslandHospital,0.32734294144,15.1,ROUTE_TheMiriamHospital,0.32734294144,7.375
41.51027777775393,-71.32472222213669,204.3399263030705,LVO,ROUTE_NewportHospital,0.3374656698736318,5.475,ROUTE_NewportHospital,0.3374656698736318,5.475,ROUTE_RhodeIslandHospital,0.32734294144,52.79666666666667,ROUTE_NewportHospital,0.3374656698736318,5.475
41.85361111108753,-71.48333333324791,247.5534684018063,HEMORRHAGIC,ROUTE_OurLadyOfFatimaHospital,0.32734294144,4.864999999999999,ROUTE_OurLadyOfFatimaHospital,0.32734294144,4.864999999999999,ROUTE_RhodeIslandHospital,0.32734294144,13.471666666666666,ROUTE_OurLadyOfFatimaHospital,0.32734294144,4.864999999999999
41.85222222219864,-71.41527777769231,133.83328302304562,HEMORRHAGIC,ROUTE_RhodeIslandHospital,0.41207633944979755,9.628333333333334,ROUTE_TheMiriamHospital,0.35047717527709576,3.8983333333333334,ROUTE_RhodeIslandHospital,0.41207633944979755,9.628333333333334,ROUTE_TheMiriamHospital,0.35047717527709576,3.8983333333333334
41.50138888886503,-71.60972222213691,266.8660378878494,LVO,ROUTE_SouthCountyHospital,0.32734294144,20.83,ROUTE_SouthCountyHospital,0.32734294144,20.83,ROUTE_RhodeIslandHospital,0.32734294144,48.85,ROUTE_SouthCountyHospital,0.32734294144,20.83
41.55527777775396,-71.42999999991454,188.26595000572559,LVO,ROUTE_NewportHospital,0.3375029572754522,21.336666666666666,ROUTE_NewportHospital,0.3375029572754522,21.336666666666666,ROUTE_RhodeIslandHospital,0.32734294144,42.615,ROUTE_NewportHospital,0.3375029572754522,21.336666666666666
41.81472222219861,-71.6338888888036,235.69424074802836,LVO,ROUTE_RogerWilliamsMedicalCenter,0.32734294144,21.7,ROUTE_RogerWilliamsMedicalCenter,0.32734294144,21.7,ROUTE_RhodeIslandHospital,0.32734294144,24.266666666666666,ROUTE_RogerWilliamsMedicalCenter,0.32734294144,21.7
41.82916666664307,-71.47277777769236,165.83606234486567,HEMORRHAGIC,ROUTE_RhodeIslandHospital,0.40452881039086275,10.81,ROUTE_RogerWilliamsMedicalCenter,0.3442800173799298,5.7,ROUTE_RhodeIslandHospital,0.40452881039086275,10.81,ROUTE_RogerWilliamsMedicalCenter,0.3442800173799298,5.7
41.86388888886532,-71.56222222213687,95.37320606714574,LVO,ROUTE_RhodeIslandHospital,0.4182795197417154,21.15,ROUTE_OurLadyOfFatimaHospital,0.35534320765997673,16.435,ROUTE_RhodeIslandHospital,0.4182795197417154,21.15,ROUTE_OurLadyOfFatimaHospital,0.35534320765997673,16.435
41.71472222219853,-71.26472222213663,97.48239100357351,HEMORRHAGIC,ROUTE_RhodeIslandHospital,0.4165318472548804,26.601666666666667,ROUTE_RhodeIslandHospital,0.4165318472548804,26.601666666666667,ROUTE_RhodeIslandHospital,0.4165318472548804,26.601666666666667,ROUTE_RhodeIslandHospital,0.4165318472548804,26.601666666666667
41.865833333309766,-71.47083333324791,75.7000037720547,HEMORRHAGIC,ROUTE_RhodeIslandHospital,0.4249130058013387,12.325,ROUTE_OurLadyOfFatimaHospital,0.36174922518958447,2.7583333333333333,ROUTE_RhodeIslandHospital,0.4249130058013387,12.325,ROUTE_OurLadyOfFatimaHospital,0.36174922518958447,2.7583333333333333
41.57611111108731,-71.23666666658106,38.29501878504103,HEMORRHAGIC,ROUTE_RhodeIslandHospital,0.4256993125792055,46.37166666666667,ROUTE_NewportHospital,0.3664330358569182,16.301666666666666,ROUTE_RhodeIslandHospital,0.4256993125792055,46.37166666666667,ROUTE_NewportHospital,0.3664330358569182,16.301666666666666
41.873888888865324,-71.38027777769229,241.9055585673626,HEMORRHAGIC,ROUTE_TheMiriamHospital,0.32734294144,5.835,ROUTE_TheMiriamHospital,0.32734294144,5.835,ROUTE_RhodeIslandHospital,0.32734294144,14.479999999999999,ROUTE_TheMiriamHospital,0.32734294144,5.835
42.004722222198765,-71.5174999999146,30.015038332414356,HEMORRHAGIC,ROUTE_RhodeIslandHospital,0.43314383627427916,23.058333333333334,ROUTE_LandmarkMedicalCenter,0.43010023483555626,4.3966666666666665,ROUTE_RhodeIslandHospital,0.43314383627427916,23.058333333333334,ROUTE_LandmarkMedicalCenter,0.43010023483555626,4.3966666666666665
41.747777777754116,-71.3369444443589,33.95514821560559,LVO,ROUTE_RhodeIslandHospital,0.4335013760885339,17.61,ROUTE_RhodeIslandHospital,0.4335013760885339,17.61,ROUTE_RhodeIslandHospital,0.4335013760885339,17.61,ROUTE_RhodeIslandHospital,0.4335013760885339,17.61
41.888055555532006,-71.4002777776923,43.41753855664869,LVO,ROUTE_RhodeIslandHospital,0.43220786345133827,13.608333333333333,ROUTE_TheMiriamHospital,0.4272304663543814,6.006666666666666,ROUTE_RhodeIslandHospital,0.43220786345133827,13.608333333333333,ROUTE_TheMiriamHospital,0.4272304663543814,6.006666666666666
41.483611111087235,-71.53249999991462,207.28033575856816,HEMORRHAGIC,ROUTE_SouthCountyHospital,0.3358798145110633,11.621666666666666,ROUTE_SouthCountyHospital,0.3358798145110633,11.621666666666666,ROUTE_RhodeIslandHospital,0.32734294144,49.5,ROUTE_SouthCountyHospital,0.3358798145110633,11.621666666666666
41.82361111108751,-71.37805555547006,165.08490190198032,MIMIC,ROUTE_RhodeIslandHospital,0.4053233653535924,8.046666666666667,ROUTE_RhodeIslandHospital,0.4053233653535924,8.046666666666667,ROUTE_RhodeIslandHospital,0.4053233653535924,8.046666666666667,ROUTE_RhodeIslandHospital,0.4053233653535924,8.046666666666667
41.786388888865254,-71.39499999991452,108.45044035937609,LVO,ROUTE_RhodeIslandHospital,0.41904317231518673,4.776666666666667,ROUTE_RhodeIslandHospital,0.41904317231518673,4.776666666666667,ROUTE_RhodeIslandHospital,0.41904317231518673,4.776666666666667,ROUTE_RhodeIslandHospital,0.41904317231518673,4.776666666666667
41.48416666664279,-71.53388888880352,143.20519370952906,HEMORRHAGIC,ROUTE_RhodeIslandHospital,0.34052718438606205,49.26166666666666,ROUTE_SouthCountyHospital,0.34726682656990493,11.923333333333334,ROUTE_RhodeIslandHospital,0.34052718438606205,49.26166666666666,ROUTE_SouthCountyHospital,0.34726682656990493,11.923333333333334
42.00277777775432,-71.52805555547017,42.22684571665439,HEMORRHAGIC,ROUTE_RhodeIslandHospital,0.43036286060627726,22.60666666666667,ROUTE_LandmarkMedicalCenter,0.42670135156326067,6.463333333333334,ROUTE_RhodeIslandHospital,0.43036286060627726,22.60666666666667,ROUTE_LandmarkMedicalCenter,0.42670135156326067,6.463333333333334
41.67277777775406,-71.55972222213687,238.13659238098361,HEMORRHAGIC,ROUTE_KentHospital,0.32734294144,13.91,ROUTE_KentHospital,0.32734294144,13.91,ROUTE_RhodeIslandHospital,0.32734294144,30.738333333333333,ROUTE_KentHospital,0.32734294144,13.91
41.50694444442059,-71.30444444435888,131.9937691272226,HEMORRHAGIC,ROUTE_RhodeIslandHospital,0.3420205327226249,52.10166666666667,ROUTE_NewportHospital,0.3510009369827447,2.921666666666667,ROUTE_RhodeIslandHospital,0.3420205327226249,52.10166666666667,ROUTE_NewportHospital,0.3510009369827447,2.921666666666667
41.82083333330973,-71.40111111102563,98.35521571799009,HEMORRHAGIC,ROUTE_RhodeIslandHospital,0.42162954472176317,3.7366666666666664,ROUTE_RhodeIslandHospital,0.42162954472176317,3.7366666666666664,ROUTE_RhodeIslandHospital,0.42162954472176317,3.7366666666666664,ROUTE_RhodeIslandHospital,0.42162954472176317,3.7366666666666664
41.99722222219876,-71.52027777769239,204.08639448153536,NLVO,ROUTE_LandmarkMedicalCenter,0.33750445646948624,5.508333333333334,ROUTE_LandmarkMedicalCenter,0.33750445646948624,5.508333333333334,ROUTE_RhodeIslandHospital,0.32734294144,21.678333333333335,ROUTE_LandmarkMedicalCenter,0.33750445646948624,5.508333333333334
41.85638888886531,-71.4583333332479,247.2653256316692,LVO,ROUTE_OurLadyOfFatimaHospital,0.32734294144,0.85,ROUTE_OurLadyOfFatimaHospital,0.32734294144,0.85,ROUTE_RhodeIslandHospital,0.32734294144,11.198333333333332,ROUTE_OurLadyOfFatimaHospital,0.32734294144,0.85
41.70333333330964,-71.42472222213677,83.08901336269685,LVO,ROUTE_RhodeIslandHospital,0.4214165890627939,19.918333333333333,ROUTE_KentHospital,0.3591207495002327,8.95,ROUTE_RhodeIslandHospital,0.4214165890627939,19.918333333333333,ROUTE_KentHospital,0.3591207495002327,8.95
41.726666666642984,-71.52472222213684,47.86209131397602,LVO,ROUTE_RhodeIslandHospital,0.4291558365483841,22.091666666666665,ROUTE_KentHospital,0.4247826245299501,8.768333333333334,ROUTE_RhodeIslandHospital,0.4291558365483841,22.091666666666665,ROUTE_KentHospital,0.4247826245299501,8.768333333333334
41.771111111087464,-71.39666666658118,150.143185037434,LVO,ROUTE_RhodeIslandHospital,0.40872361767120763,8.003333333333334,ROUTE_RhodeIslandHospital,0.40872361767120763,8.003333333333334,ROUTE_RhodeIslandHospital,0.40872361767120763,8.003333333333334,ROUTE_RhodeIslandHospital,0.40872361767120763,8.003333333333334
42.00777777775432,-71.49999999991459,180.18906474236758,LVO,ROUTE_RhodeIslandHospital,0.3389457163277423,21.208333333333332,ROUTE_LandmarkMedicalCenter,0.3424263773294566,1.6400000000000001,ROUTE_RhodeIslandHospital,0.3389457163277423,21.208333333333332,ROUTE_LandmarkMedicalCenter,0.3424263773294566,1.6400000000000001
41.596111111087325,-71.43999999991455,99.55344713753465,LVO,ROUTE_RhodeIslandHospital,0.413150825378113,39.22166666666667,ROUTE_KentHospital,0.35304996755026763,24.40666666666667,ROUTE_RhodeIslandHospital,0.413150825378113,39.22166666666667,ROUTE_KentHospital,0.35304996755026763,24.40666666666667
41.511388888865035,-71.32527777769224,101.38350551773593,LVO,ROUTE_RhodeIslandHospital,0.4096271437984382,52.79666666666667,ROUTE_NewportHospital,0.3562836251181016,5.475,ROUTE_RhodeIslandHospital,0.4096271437984382,52.79666666666667,ROUTE_NewportHospital,0.3562836251181016,5.475
41.65138888886515,-71.59749999991467,194.31588609496933,LVO,ROUTE_KentHospital,0.3367810165509302,19.413333333333334,ROUTE_KentHospital,0.3367810165509302,19.413333333333334,ROUTE_RhodeIslandHospital,0.32734294144,34.22833333333333,ROUTE_KentHospital,0.3367810165509302,19.413333333333334
41.8577777777542,-71.45249999991456,47.33701285321899,HEMORRHAGIC,ROUTE_RhodeIslandHospital,0.43188389031240565,11.058333333333334,ROUTE_OurLadyOfFatimaHospital,0.42710249380172466,2.205,ROUTE_RhodeIslandHospital,0.43188389031240565,11.058333333333334,ROUTE_OurLadyOfFatimaHospital,0.42710249380172466,2.205
41.63388888886514,-71.17138888880322,184.9541313533433,LVO,ROUTE_NewportHospital,0.3353876588976963,36.781666666666666,ROUTE_NewportHospital,0.3353876588976963,36.781666666666666,ROUTE_RhodeIslandHospital,0.32734294144,50.894999999999996,ROUTE_NewportHospital,0.3353876588976963,36.781666666666666
41.67833333330962,-71.46305555547012,163.95930320810123,LVO,ROUTE_RhodeIslandHospital,0.3410340900470968,25.66,ROUTE_KentHospital,0.34379132832881604,10.281666666666666,ROUTE_RhodeIslandHospital,0.3410340900470968,25.66,ROUTE_KentHospital,0.34379132832881604,10.281666666666666
41.68694444442073,-71.59638888880356,254.055399229974,NLVO,ROUTE_KentHospital,0.32734294144,17.558333333333334,ROUTE_KentHospital,0.32734294144,17.558333333333334,ROUTE_RhodeIslandHospital,0.32734294144,35.44166666666667,ROUTE_KentHospital,0.32734294144,17.558333333333334
41.64666666664292,-71.46749999991457,224.4773538893708,NLVO,ROUTE_KentHospital,0.32734294144,13.756666666666666,ROUTE_KentHospital,0.32734294144,13.756666666666666,ROUTE_RhodeIslandHospital,0.32734294144,28.571666666666665,ROUTE_KentHospital,0.32734294144,13.756666666666666
41.57722222219842,-71.2411111110255,132.23753462980272,MIMIC,ROUTE_RhodeIslandHospital,0.4039725148634574,46.873333333333335,ROUTE_NewportHospital,0.34838513693357037,16.803333333333335,ROUTE_RhodeIslandHospital,0.4039725148634574,46.873333333333335,ROUTE_NewportHospital,0.34838513693357037,16.803333333333335
41.82305555553195,-71.47305555547013,225.18300299657759,LVO,ROUTE_RogerWilliamsMedicalCenter,0.32734294144,7.098333333333333,ROUTE_RogerWilliamsMedicalCenter,0.32734294144,7.098333333333333,ROUTE_RhodeIslandHospital,0.32734294144,10.816666666666666,ROUTE_RogerWilliamsMedicalCenter,0.32734294144,7.098333333333333
41.61249999997623,-71.47805555547014,33.493307216172866,HEMORRHAGIC,ROUTE_RhodeIslandHospital,0.43083235766618944,29.351666666666667,ROUTE_KentHospital,0.42682199526840964,14.536666666666667,ROUTE_RhodeIslandHospital,0.43083235766618944,29.351666666666667,ROUTE_KentHospital,0.42682199526840964,14.536666666666667
41.87472222219866,-71.58194444435911,225.83191280478863,LVO,ROUTE_OurLadyOfFatimaHospital,0.32734294144,20.98,ROUTE_OurLadyOfFatimaHospital,0.32734294144,20.98,ROUTE_RhodeIslandHospital,0.32734294144,24.811666666666667,ROUTE_OurLadyOfFatimaHospital,0.32734294144,20.98
41.764444444420796,-71.47361111102569,216.5674264887152,LVO,ROUTE_KentHospital,0.32734294144,11.086666666666668,ROUTE_KentHospital,0.32734294144,11.086666666666668,ROUTE_RhodeIslandHospital,0.32734294144,14.6,ROUTE_KentHospital,0.32734294144,11.086666666666668
41.5005555555317,-71.68027777769252,162.93597287730634,LVO,ROUTE_RhodeIslandHospital,0.337911347189472,44.33833333333334,ROUTE_WesterlyHospital,0.3408932016987505,27.475,ROUTE_RhodeIslandHospital,0.337911347189472,44.33833333333334,ROUTE_WesterlyHospital,0.3408932016987505,27.475
41.47583333330945,-71.31861111102556,223.7968782767367,HEMORRHAGIC,ROUTE_NewportHospital,0.32734294144,7.1016666666666675,ROUTE_NewportHospital,0.32734294144,7.1016666666666675,ROUTE_RhodeIslandHospital,0.32734294144,58.19833333333334,ROUTE_NewportHospital,0.32734294144,7.1016666666666675
41.82472222219862,-71.36916666658117,100.41646867408807,NLVO,ROUTE_RhodeIslandHospital,0.4201291105193625,8.13,ROUTE_RhodeIslandHospital,0.4201291105193625,8.13,ROUTE_RhodeIslandHospital,0.4201291105193625,8.13,ROUTE_RhodeIslandHospital,0.4201291105193625,8.13
41.87722222219866,-71.4141666665812,146.87536601640784,HEMORRHAGIC,ROUTE_RhodeIslandHospital,0.40883759195491864,10.770000000000001,ROUTE_TheMiriamHospital,0.3477635706394661,5.545,ROUTE_RhodeIslandHospital,0.40883759195491864,10.770000000000001,ROUTE_TheMiriamHospital,0.3477635706394661,5.545
41.713611111087424,-71.41055555547008,178.6555394200143,NLVO,ROUTE_RhodeIslandHospital,0.33962562653250133,18.895,ROUTE_KentHospital,0.3398042103483669,17.886666666666667,ROUTE_RhodeIslandHospital,0.33962562653250133,18.895,ROUTE_KentHospital,0.3398042103483669,17.886666666666667
41.846388888865306,-71.35333333324782,140.47040949177546,LVO,ROUTE_RhodeIslandHospital,0.4101499688089725,11.418333333333333,ROUTE_TheMiriamHospital,0.3480747794198249,10.256666666666666,ROUTE_RhodeIslandHospital,0.4101499688089725,11.418333333333333,ROUTE_TheMiriamHospital,0.3480747794198249,10.256666666666666
41.49388888886502,-71.31166666658112,267.6022640676596,MIMIC,ROUTE_NewportHospital,0.32734294144,2.045,ROUTE_NewportHospital,0.32734294144,2.045,ROUTE_RhodeIslandHospital,0.32734294144,53.781666666666666,ROUTE_NewportHospital,0.32734294144,2.045
41.55249999997618,-71.12666666658096,215.74476328251012,LVO,ROUTE_NewportHospital,0.32734294144,42.86833333333333,ROUTE_NewportHospital,0.32734294144,42.86833333333333,ROUTE_RhodeIslandHospital,0.32734294144,56.98166666666667,ROUTE_NewportHospital,0.32734294144,42.86833333333333
42.00527777775432,-71.54305555547019,68.40128820132861,LVO,ROUTE_RhodeIslandHospital,0.4238465716321807,24.185,ROUTE_LandmarkMedicalCenter,0.3619474427958728,9.038333333333332,ROUTE_RhodeIslandHospital,0.4238465716321807,24.185,ROUTE_LandmarkMedicalCenter,0.3619474427958728,9.038333333333332
41.5561111110873,-71.51305555547016,169.3104700893737,MIMIC,ROUTE_RhodeIslandHospital,0.3383128873048002,35.68,ROUTE_KentHospital,0.34093510862590526,20.865000000000002,ROUTE_RhodeIslandHospital,0.3383128873048002,35.68,ROUTE_KentHospital,0.34093510862590526,20.865000000000002
41.86388888886532,-71.46527777769235,161.01871302126634,HEMORRHAGIC,ROUTE_RhodeIslandHospital,0.40548160488130885,11.413333333333332,ROUTE_OurLadyOfFatimaHospital,0.3458535890217655,1.8466666666666667,ROUTE_RhodeIslandHospital,0.40548160488130885,11.413333333333332,ROUTE_OurLadyOfFatimaHospital,0.3458535890217655,1.8466666666666667
41.788611111087484,-71.4052777776923,130.4486410549032,LVO,ROUTE_RhodeIslandHospital,0.41381579896715676,5.430000000000001,ROUTE_RhodeIslandHospital,0.41381579896715676,5.430000000000001,ROUTE_RhodeIslandHospital,0.41381579896715676,5.430000000000001,ROUTE_RhodeIslandHospital,0.41381579896715676,5.430000000000001
41.708611111087414,-71.26499999991441,113.27419761217752,HEMORRHAGIC,ROUTE_RhodeIslandHospital,0.41286554621004645,26.743333333333332,ROUTE_RhodeIslandHospital,0.41286554621004645,26.743333333333332,ROUTE_RhodeIslandHospital,0.41286554621004645,26.743333333333332,ROUTE_RhodeIslandHospital,0.41286554621004645,26.743333333333332
41.84833333330975,-71.3508333332478,104.32994020020692,LVO,ROUTE_RhodeIslandHospital,0.41813348408326423,12.823333333333332,ROUTE_TheMiriamHospital,0.35464514560657934,11.165,ROUTE_RhodeIslandHospital,0.41813348408326423,12.823333333333332,ROUTE_TheMiriamHospital,0.35464514560657934,11.165
41.704444444420744,-71.43194444435899,170.56169350532437,HEMORRHAGIC,ROUTE_RhodeIslandHospital,0.34091203710347856,19.743333333333332,ROUTE_KentHospital,0.3429054188154398,8.6,ROUTE_RhodeIslandHospital,0.34091203710347856,19.743333333333332,ROUTE_KentHospital,0.3429054188154398,8.6
41.847499999976414,-71.43194444435899,63.01835516223133,LVO,ROUTE_RhodeIslandHospital,0.42856127198590976,9.46,ROUTE_RogerWilliamsMedicalCenter,0.4231170950854149,4.3533333333333335,ROUTE_RhodeIslandHospital,0.42856127198590976,9.46,ROUTE_RogerWilliamsMedicalCenter,0.4231170950854149,4.3533333333333335
41.69166666664296,-71.28999999991443,86.45155974933226,HEMORRHAGIC,ROUTE_RhodeIslandHospital,0.4183092635429843,29.94333333333333,ROUTE_RhodeIslandHospital,0.4183092635429843,29.94333333333333,ROUTE_RhodeIslandHospital,0.4183092635429843,29.94333333333333,ROUTE_RhodeIslandHospital,0.4183092635429843,29.94333333333333
41.39388888886494,-71.8269444443593,123.10689343682557,HEMORRHAGIC,ROUTE_RhodeIslandHospital,0.3426307170715857,57.583333333333336,ROUTE_WesterlyHospital,0.3519002506177736,6.988333333333333,ROUTE_RhodeIslandHospital,0.3426307170715857,57.583333333333336,ROUTE_WesterlyHospital,0.3519002506177736,6.988333333333333
41.88166666664311,-71.39972222213675,214.3998136033411,HEMORRHAGIC,ROUTE_TheMiriamHospital,0.33574986883479574,5.25,ROUTE_TheMiriamHospital,0.33574986883479574,5.25,ROUTE_RhodeIslandHospital,0.32734294144,12.851666666666667,ROUTE_TheMiriamHospital,0.33574986883479574,5.25
41.88027777775422,-71.40944444435897,114.0157564625257,LVO,ROUTE_RhodeIslandHospital,0.415953975642405,12.573333333333332,ROUTE_TheMiriamHospital,0.3537030562622577,6.471666666666667,ROUTE_RhodeIslandHospital,0.415953975642405,12.573333333333332,ROUTE_TheMiriamHospital,0.3537030562622577,6.471666666666667
41.780833333309694,-71.40055555547008,262.2127588911495,NLVO,ROUTE_RhodeIslandHospital,0.32734294144,6.3566666666666665,ROUTE_RhodeIslandHospital,0.32734294144,6.3566666666666665,ROUTE_RhodeIslandHospital,0.32734294144,6.3566666666666665,ROUTE_RhodeIslandHospital,0.32734294144,6.3566666666666665
41.70972222219853,-71.5491666665813,267.0096401849509,LVO,ROUTE_KentHospital,0.32734294144,10.785,ROUTE_KentHospital,0.32734294144,10.785,ROUTE_RhodeIslandHospital,0.32734294144,26.761666666666667,ROUTE_KentHospital,0.32734294144,10.785
41.479444444420565,-71.44361111102566,50.308489163922864,HEMORRHAGIC,ROUTE_RhodeIslandHospital,0.4228410901137724,46.585,ROUTE_SouthCountyHospital,0.364746776901476,12.83,ROUTE_RhodeIslandHospital,0.4228410901137724,46.585,ROUTE_SouthCountyHospital,0.364746776901476,12.83
41.92749999997648,-71.41972222213676,211.44504453392221,LVO,ROUTE_TheMiriamHospital,0.3352660098492493,10.993333333333334,ROUTE_TheMiriamHospital,0.3352660098492493,10.993333333333334,ROUTE_RhodeIslandHospital,0.32734294144,17.755,ROUTE_TheMiriamHospital,0.3352660098492493,10.993333333333334
41.8111111110875,-71.41722222213676,76.23476854256853,HEMORRHAGIC,ROUTE_RhodeIslandHospital,0.4271730003836287,2.15,ROUTE_RhodeIslandHospital,0.4271730003836287,2.15,ROUTE_RhodeIslandHospital,0.4271730003836287,2.15,ROUTE_RhodeIslandHospital,0.4271730003836287,2.15
41.890555555532,-71.36416666658116,107.22520526713593,LVO,ROUTE_RhodeIslandHospital,0.4162716283491324,17.986666666666668,ROUTE_TheMiriamHospital,0.3543111552968297,10.038333333333332,ROUTE_RhodeIslandHospital,0.4162716283491324,17.986666666666668,ROUTE_TheMiriamHospital,0.3543111552968297,10.038333333333332
41.89305555553201,-71.35166666658114,162.65491519895014,LVO,ROUTE_RhodeIslandHospital,0.3425008936776043,18.759999999999998,ROUTE_TheMiriamHospital,0.34393121958595196,10.811666666666667,ROUTE_RhodeIslandHospital,0.3425008936776043,18.759999999999998,ROUTE_TheMiriamHospital,0.34393121958595196,10.811666666666667
41.81388888886528,-71.43638888880344,244.9527770760577,MIMIC,ROUTE_RogerWilliamsMedicalCenter,0.32734294144,5.64,ROUTE_RogerWilliamsMedicalCenter,0.32734294144,5.64,ROUTE_RhodeIslandHospital,0.32734294144,5.85,ROUTE_RogerWilliamsMedicalCenter,0.32734294144,5.64
41.678055555531834,-71.56333333324798,198.8603965639148,MIMIC,ROUTE_KentHospital,0.33697353868282365,13.768333333333334,ROUTE_KentHospital,0.33697353868282365,13.768333333333334,ROUTE_RhodeIslandHospital,0.32734294144,31.651666666666664,ROUTE_KentHospital,0.33697353868282365,13.768333333333334
41.666388888865164,-71.54555555547019,263.55443280393604,MIMIC,ROUTE_KentHospital,0.32734294144,11.285,ROUTE_KentHospital,0.32734294144,11.285,ROUTE_RhodeIslandHospital,0.32734294144,27.646666666666665,ROUTE_KentHospital,0.32734294144,11.285
41.87916666664311,-71.37194444435895,90.67774245159674,MIMIC,ROUTE_RhodeIslandHospital,0.4205638329480577,15.996666666666666,ROUTE_TheMiriamHospital,0.35796968467322426,7.3533333333333335,ROUTE_RhodeIslandHospital,0.4205638329480577,15.996666666666666,ROUTE_TheMiriamHospital,0.35796968467322426,7.3533333333333335
41.71194444442075,-71.45555555547011,264.6192476061357,LVO,ROUTE_KentHospital,0.32734294144,6.701666666666667,ROUTE_KentHospital,0.32734294144,6.701666666666667,ROUTE_RhodeIslandHospital,0.32734294144,18.076666666666664,ROUTE_KentHospital,0.32734294144,6.701666666666667
41.878333333309776,-71.35999999991449,86.49574702576614,NLVO,ROUTE_RhodeIslandHospital,0.42133966860722705,16.841666666666665,ROUTE_TheMiriamHospital,0.3586103660700604,8.196666666666667,ROUTE_RhodeIslandHospital,0.42133966860722705,16.841666666666665,ROUTE_TheMiriamHospital,0.3586103660700604,8.196666666666667
41.83333333330974,-71.50666666658127,41.25998566114628,LVO,ROUTE_RhodeIslandHospital,0.43230608185267105,15.351666666666667,ROUTE_RogerWilliamsMedicalCenter,0.42697016018826467,9.82,ROUTE_RhodeIslandHospital,0.43230608185267105,15.351666666666667,ROUTE_RogerWilliamsMedicalCenter,0.42697016018826467,9.82
41.36055555553158,-71.82083333324819,237.6212504986468,HEMORRHAGIC,ROUTE_WesterlyHospital,0.32734294144,1.2083333333333333,ROUTE_WesterlyHospital,0.32734294144,1.2083333333333333,ROUTE_RhodeIslandHospital,0.32734294144,58.655,ROUTE_WesterlyHospital,0.32734294144,1.2083333333333333
41.874166666643106,-71.41583333324786,190.73399633684824,LVO,ROUTE_RhodeIslandHospital,0.3389280265081359,10.763333333333332,ROUTE_TheMiriamHospital,0.33985170023582273,5.54,ROUTE_RhodeIslandHospital,0.3389280265081359,10.763333333333332,ROUTE_TheMiriamHospital,0.33985170023582273,5.54
41.7227777777541,-71.49027777769237,196.26135763724912,HEMORRHAGIC,ROUTE_KentHospital,0.3390734738461906,4.411666666666666,ROUTE_KentHospital,0.3390734738461906,4.411666666666666,ROUTE_RhodeIslandHospital,0.3363243918209475,20.086666666666666,ROUTE_KentHospital,0.3390734738461906,4.411666666666666
41.57222222219842,-71.68277777769252,199.2201062123693,LVO,ROUTE_KentHospital,0.33500592184204286,24.71833333333333,ROUTE_KentHospital,0.33500592184204286,24.71833333333333,ROUTE_RhodeIslandHospital,0.32734294144,39.53333333333333,ROUTE_KentHospital,0.33500592184204286,24.71833333333333
41.84861111108753,-71.45555555547011,173.5021979331596,HEMORRHAGIC,ROUTE_RhodeIslandHospital,0.3421152191698418,10.065,ROUTE_OurLadyOfFatimaHospital,0.3434577642452579,2.5900000000000003,ROUTE_RhodeIslandHospital,0.3421152191698418,10.065,ROUTE_OurLadyOfFatimaHospital,0.3434577642452579,2.5900000000000003
41.82305555553195,-71.42611111102565,100.43180520910221,LVO,ROUTE_RhodeIslandHospital,0.42092349723536615,4.694999999999999,ROUTE_RogerWilliamsMedicalCenter,0.3566894166452782,4.296666666666667,ROUTE_RhodeIslandHospital,0.42092349723536615,4.694999999999999,ROUTE_RogerWilliamsMedicalCenter,0.3566894166452782,4.296666666666667
41.86777777775421,-71.38444444435895,72.14925972026904,LVO,ROUTE_RhodeIslandHospital,0.42571581387042623,12.446666666666665,ROUTE_TheMiriamHospital,0.4208796812875968,4.163333333333333,ROUTE_RhodeIslandHospital,0.42571581387042623,12.446666666666665,ROUTE_TheMiriamHospital,0.4208796812875968,4.163333333333333
41.68749999997629,-71.4558333332479,163.5354339657516,LVO,ROUTE_RhodeIslandHospital,0.3418083308126094,21.746666666666666,ROUTE_KentHospital,0.3445766240456209,6.361666666666666,ROUTE_RhodeIslandHospital,0.3418083308126094,21.746666666666666,ROUTE_KentHospital,0.3445766240456209,6.361666666666666
41.88416666664311,-71.39166666658117,246.4062290455925,HEMORRHAGIC,ROUTE_TheMiriamHospital,0.32734294144,6.125,ROUTE_TheMiriamHospital,0.32734294144,6.125,ROUTE_RhodeIslandHospital,0.32734294144,13.85,ROUTE_TheMiriamHospital,0.32734294144,6.125
41.37861111108715,-71.67499999991473,160.8280923701963,HEMORRHAGIC,ROUTE_WesterlyHospital,0.34391978320501,12.701666666666666,ROUTE_WesterlyHospital,0.34391978320501,12.701666666666666,ROUTE_RhodeIslandHospital,0.33520612089436,61.955000000000005,ROUTE_WesterlyHospital,0.34391978320501,12.701666666666666
41.803333333309716,-71.46777777769235,199.31308389649246,LVO,ROUTE_RhodeIslandHospital,0.33753996913864254,10.078333333333335,ROUTE_RogerWilliamsMedicalCenter,0.3378906988674665,8.078333333333333,ROUTE_RhodeIslandHospital,0.33753996913864254,10.078333333333335,ROUTE_RogerWilliamsMedicalCenter,0.3378906988674665,8.078333333333333
41.80499999997638,-71.40916666658119,43.86655615276723,NLVO,ROUTE_RhodeIslandHospital,0.4348861528338185,1.8633333333333333,ROUTE_RhodeIslandHospital,0.4348861528338185,1.8633333333333333,ROUTE_RhodeIslandHospital,0.4348861528338185,1.8633333333333333,ROUTE_RhodeIslandHospital,0.4348861528338185,1.8633333333333333
41.975555555532075,-71.60388888880357,227.1253077558249,LVO,ROUTE_LandmarkMedicalCenter,0.32734294144,19.0,ROUTE_LandmarkMedicalCenter,0.32734294144,19.0,ROUTE_RhodeIslandHospital,0.32734294144,29.301666666666666,ROUTE_LandmarkMedicalCenter,0.32734294144,19.0
41.64305555553181,-71.20666666658103,88.64934709798501,HEMORRHAGIC,ROUTE_RhodeIslandHospital,0.41505867077485187,41.825,ROUTE_NewportHospital,0.3544816627234489,27.711666666666666,ROUTE_RhodeIslandHospital,0.41505867077485187,41.825,ROUTE_NewportHospital,0.3544816627234489,27.711666666666666
41.84416666664308,-71.40361111102563,232.04164590494204,HEMORRHAGIC,ROUTE_TheMiriamHospital,0.32734294144,3.29,ROUTE_TheMiriamHospital,0.32734294144,3.29,ROUTE_RhodeIslandHospital,0.32734294144,9.07,ROUTE_TheMiriamHospital,0.32734294144,3.29
41.809999999976384,-71.43749999991455,224.6927181955004,MIMIC,ROUTE_RhodeIslandHospital,0.32734294144,6.183333333333334,ROUTE_RhodeIslandHospital,0.32734294144,6.183333333333334,ROUTE_RhodeIslandHospital,0.32734294144,6.183333333333334,ROUTE_RhodeIslandHospital,0.32734294144,6.183333333333334
41.764166666643014,-71.51388888880349,222.7695337425735,MIMIC,ROUTE_KentHospital,0.32734294144,15.776666666666667,ROUTE_KentHospital,0.32734294144,15.776666666666667,ROUTE_RhodeIslandHospital,0.32734294144,21.928333333333335,ROUTE_KentHospital,0.32734294144,15.776666666666667
41.814444444420836,-71.46111111102567,77.47049330490701,HEMORRHAGIC,ROUTE_RhodeIslandHospital,0.42535178305258564,8.68,ROUTE_RogerWilliamsMedicalCenter,0.36067968212989354,6.496666666666667,ROUTE_RhodeIslandHospital,0.42535178305258564,8.68,ROUTE_RogerWilliamsMedicalCenter,0.36067968212989354,6.496666666666667
41.84416666664308,-71.36527777769227,115.9263645843351,LVO,ROUTE_RhodeIslandHospital,0.415856152448821,11.086666666666668,ROUTE_TheMiriamHospital,0.3526188188886337,10.331666666666667,ROUTE_RhodeIslandHospital,0.415856152448821,11.086666666666668,ROUTE_TheMiriamHospital,0.3526188188886337,10.331666666666667
41.70555555553186,-71.44666666658122,218.31268297292473,HEMORRHAGIC,ROUTE_KentHospital,0.32734294144,7.805000000000001,ROUTE_KentHospital,0.32734294144,7.805000000000001,ROUTE_RhodeIslandHospital,0.32734294144,18.933333333333334,ROUTE_KentHospital,0.32734294144,7.805000000000001
41.85388888886531,-71.45305555547012,242.56016931835268,LVO,ROUTE_OurLadyOfFatimaHospital,0.32734294144,2.7616666666666663,ROUTE_OurLadyOfFatimaHospital,0.32734294144,2.7616666666666663,ROUTE_RhodeIslandHospital,0.32734294144,11.645000000000001,ROUTE_OurLadyOfFatimaHospital,0.32734294144,2.7616666666666663
41.697499999976294,-71.40361111102563,54.49775097706773,LVO,ROUTE_RhodeIslandHospital,0.42817792105093144,19.61,ROUTE_KentHospital,0.3637159775219036,13.888333333333332,ROUTE_RhodeIslandHospital,0.42817792105093144,19.61,ROUTE_KentHospital,0.3637159775219036,13.888333333333332
41.76388888886524,-71.35972222213671,123.21801265048887,NLVO,ROUTE_RhodeIslandHospital,0.41367827612643604,13.26,ROUTE_RhodeIslandHospital,0.41367827612643604,13.26,ROUTE_RhodeIslandHospital,0.41367827612643604,13.26,ROUTE_RhodeIslandHospital,0.41367827612643604,13.26
41.989444444420975,-71.5227777776924,267.8487842524289,LVO,ROUTE_LandmarkMedicalCenter,0.32734294144,6.618333333333334,ROUTE_LandmarkMedicalCenter,0.32734294144,6.618333333333334,ROUTE_RhodeIslandHospital,0.32734294144,20.565,ROUTE_LandmarkMedicalCenter,0.32734294144,6.618333333333334
42.01416666664321,-71.4911111110257,108.97468400621287,MIMIC,ROUTE_RhodeIslandHospital,0.41493021698840504,22.05666666666667,ROUTE_LandmarkMedicalCenter,0.3551962341549568,3.61,ROUTE_RhodeIslandHospital,0.41493021698840504,22.05666666666667,ROUTE_LandmarkMedicalCenter,0.3551962341549568,3.61
41.71027777775409,-71.4255555554701,106.83744579340511,LVO,ROUTE_RhodeIslandHospital,0.4157090639054868,20.813333333333333,ROUTE_KentHospital,0.35425893786677765,10.701666666666666,ROUTE_RhodeIslandHospital,0.4157090639054868,20.813333333333333,ROUTE_KentHospital,0.35425893786677765,10.701666666666666
41.68749999997629,-71.52083333324795,89.29530492745869,LVO,ROUTE_RhodeIslandHospital,0.4186836404340249,25.483333333333334,ROUTE_KentHospital,0.358187867910177,7.598333333333333,ROUTE_RhodeIslandHospital,0.4186836404340249,25.483333333333334,ROUTE_KentHospital,0.358187867910177,7.598333333333333
41.82722222219862,-71.4558333332479,44.763050492612166,LVO,ROUTE_RhodeIslandHospital,0.4329081513970243,9.305,ROUTE_RogerWilliamsMedicalCenter,0.42754323394342436,3.9033333333333333,ROUTE_RhodeIslandHospital,0.4329081513970243,9.305,ROUTE_RogerWilliamsMedicalCenter,0.42754323394342436,3.9033333333333333
41.83833333330974,-71.39305555547007,120.43619298097941,LVO,ROUTE_RhodeIslandHospital,0.41580923933022373,6.78,ROUTE_TheMiriamHospital,0.3530174593008401,3.6966666666666668,ROUTE_RhodeIslandHospital,0.41580923933022373,6.78,ROUTE_TheMiriamHospital,0.3530174593008401,3.6966666666666668
41.83305555553196,-71.44583333324789,81.4208828531865,LVO,ROUTE_RhodeIslandHospital,0.4243920175139676,8.831666666666667,ROUTE_RogerWilliamsMedicalCenter,0.3608478450478881,1.6783333333333335,ROUTE_RhodeIslandHospital,0.4243920175139676,8.831666666666667,ROUTE_RogerWilliamsMedicalCenter,0.3608478450478881,1.6783333333333335
41.789166666643034,-71.45083333324789,244.59958549826518,LVO,ROUTE_RhodeIslandHospital,0.32734294144,10.301666666666668,ROUTE_RhodeIslandHospital,0.32734294144,10.301666666666668,ROUTE_RhodeIslandHospital,0.32734294144,10.301666666666668,ROUTE_RhodeIslandHospital,0.32734294144,10.301666666666668
41.87611111108755,-71.41722222213676,66.90467727537174,HEMORRHAGIC,ROUTE_RhodeIslandHospital,0.42732278947792596,10.841666666666667,ROUTE_TheMiriamHospital,0.421671073451821,6.041666666666667,ROUTE_RhodeIslandHospital,0.42732278947792596,10.841666666666667,ROUTE_TheMiriamHospital,0.421671073451821,6.041666666666667
41.608611111087335,-71.25166666658106,255.97623926981495,LVO,ROUTE_NewportHospital,0.32734294144,20.721666666666668,ROUTE_NewportHospital,0.32734294144,20.721666666666668,ROUTE_RhodeIslandHospital,0.32734294144,39.47,ROUTE_NewportHospital,0.32734294144,20.721666666666668
41.69388888886518,-71.52027777769239,269.22173908396763,HEMORRHAGIC,ROUTE_KentHospital,0.32734294144,6.075,ROUTE_KentHospital,0.32734294144,6.075,ROUTE_RhodeIslandHospital,0.32734294144,23.959999999999997,ROUTE_KentHospital,0.32734294144,6.075
41.55277777775396,-71.47888888880347,56.49312594063623,MIMIC,ROUTE_RhodeIslandHospital,0.42305245283978404,39.49333333333333,ROUTE_SouthCountyHospital,0.36210459888473584,20.14,ROUTE_RhodeIslandHospital,0.42305245283978404,39.49333333333333,ROUTE_SouthCountyHospital,0.36210459888473584,20.14
41.36638888886492,-71.59999999991467,216.18261538668776,HEMORRHAGIC,ROUTE_SouthCountyHospital,0.32734294144,19.43166666666667,ROUTE_SouthCountyHospital,0.32734294144,19.43166666666667,ROUTE_RhodeIslandHospital,0.32734294144,65.80666666666667,ROUTE_SouthCountyHospital,0.32734294144,19.43166666666667
41.87722222219866,-71.36583333324782,118.21685676343003,HEMORRHAGIC,ROUTE_RhodeIslandHospital,0.4141783378949005,16.083333333333332,ROUTE_TheMiriamHospital,0.3527315955173477,7.4383333333333335,ROUTE_RhodeIslandHospital,0.4141783378949005,16.083333333333332,ROUTE_TheMiriamHospital,0.3527315955173477,7.4383333333333335
41.84972222219864,-71.39749999991452,88.42020824406043,LVO,ROUTE_RhodeIslandHospital,0.4226210892043823,9.416666666666666,ROUTE_TheMiriamHospital,0.35957022977806874,1.2866666666666666,ROUTE_RhodeIslandHospital,0.4226210892043823,9.416666666666666,ROUTE_TheMiriamHospital,0.35957022977806874,1.2866666666666666
41.87861111108755,-71.39972222213675,99.34031773685817,HEMORRHAGIC,ROUTE_RhodeIslandHospital,0.41916842275921273,13.346666666666666,ROUTE_TheMiriamHospital,0.3566218323382814,5.743333333333334,ROUTE_RhodeIslandHospital,0.41916842275921273,13.346666666666666,ROUTE_TheMiriamHospital,0.3566218323382814,5.743333333333334
41.64722222219848,-71.22166666658104,79.90781501181749,MIMIC,ROUTE_RhodeIslandHospital,0.41749788715016445,39.99333333333333,ROUTE_NewportHospital,0.35644929220259697,26.081666666666667,ROUTE_RhodeIslandHospital,0.41749788715016445,39.99333333333333,ROUTE_NewportHospital,0.35644929220259697,26.081666666666667
41.9386111110876,-71.41722222213676,56.36382787012525,LVO,ROUTE_RhodeIslandHospital,0.4273183302571786,21.401666666666664,ROUTE_LandmarkMedicalCenter,0.3630996682427544,15.17,ROUTE_RhodeIslandHospital,0.4273183302571786,21.401666666666664,ROUTE_LandmarkMedicalCenter,0.3630996682427544,15.17
41.766944444420794,-71.42111111102565,196.92630033967743,LVO,ROUTE_RhodeIslandHospital,0.3377137461306515,11.475,ROUTE_RhodeIslandHospital,0.3377137461306515,11.475,ROUTE_RhodeIslandHospital,0.3377137461306515,11.475,ROUTE_RhodeIslandHospital,0.3377137461306515,11.475
41.83166666664307,-71.48638888880348,168.89222985252505,HEMORRHAGIC,ROUTE_RhodeIslandHospital,0.34212097337808894,14.641666666666667,ROUTE_RogerWilliamsMedicalCenter,0.34322547098240536,8.49,ROUTE_RhodeIslandHospital,0.34212097337808894,14.641666666666667,ROUTE_RogerWilliamsMedicalCenter,0.34322547098240536,8.49
41.68666666664296,-71.54972222213686,76.49530645223942,LVO,ROUTE_RhodeIslandHospital,0.4208014752021741,29.15666666666667,ROUTE_KentHospital,0.3599445085962803,11.273333333333333,ROUTE_RhodeIslandHospital,0.4208014752021741,29.15666666666667,ROUTE_KentHospital,0.3599445085962803,11.273333333333333
41.800555555531936,-71.40833333324785,243.9990488830236,NLVO,ROUTE_RhodeIslandHospital,0.32734294144,3.1166666666666667,ROUTE_RhodeIslandHospital,0.32734294144,3.1166666666666667,ROUTE_RhodeIslandHospital,0.32734294144,3.1166666666666667,ROUTE_RhodeIslandHospital,0.32734294144,3.1166666666666667
41.87916666664311,-71.35111111102559,82.43673080809214,HEMORRHAGIC,ROUTE_RhodeIslandHospital,0.422071764378219,17.756666666666668,ROUTE_TheMiriamHospital,0.3590674776443961,9.879999999999999,ROUTE_RhodeIslandHospital,0.422071764378219,17.756666666666668,ROUTE_TheMiriamHospital,0.3590674776443961,9.879999999999999
41.9966666666432,-71.50861111102571,47.90884986502209,NLVO,ROUTE_RhodeIslandHospital,0.42915349864326696,22.055,ROUTE_LandmarkMedicalCenter,0.4257865215805753,4.636666666666667,ROUTE_RhodeIslandHospital,0.42915349864326696,22.055,ROUTE_LandmarkMedicalCenter,0.4257865215805753,4.636666666666667
41.715555555531864,-71.26555555546996,86.74212022497893,LVO,ROUTE_RhodeIslandHospital,0.41907376721915934,26.351666666666667,ROUTE_RhodeIslandHospital,0.41907376721915934,26.351666666666667,ROUTE_RhodeIslandHospital,0.41907376721915934,26.351666666666667,ROUTE_RhodeIslandHospital,0.41907376721915934,26.351666666666667
41.84277777775419,-71.4241666665812,184.27795847323878,LVO,ROUTE_RhodeIslandHospital,0.3404941963918811,8.375,ROUTE_RogerWilliamsMedicalCenter,0.34134867553162346,3.5766666666666667,ROUTE_RhodeIslandHospital,0.3404941963918811,8.375,ROUTE_RogerWilliamsMedicalCenter,0.34134867553162346,3.5766666666666667
41.740833333309666,-71.40416666658119,33.09396136124494,LVO,ROUTE_RhodeIslandHospital,0.4347217770312575,13.328333333333335,ROUTE_RhodeIslandHospital,0.4347217770312575,13.328333333333335,ROUTE_RhodeIslandHospital,0.4347217770312575,13.328333333333335,ROUTE_RhodeIslandHospital,0.4347217770312575,13.328333333333335
41.88333333330978,-71.3572222221367,254.038160265658,HEMORRHAGIC,ROUTE_TheMiriamHospital,0.32734294144,9.886666666666667,ROUTE_TheMiriamHospital,0.32734294144,9.886666666666667,ROUTE_RhodeIslandHospital,0.32734294144,17.9,ROUTE_TheMiriamHospital,0.32734294144,9.886666666666667
42.00027777775431,-71.5188888888035,66.88418644960728,HEMORRHAGIC,ROUTE_RhodeIslandHospital,0.42457154818459725,22.6,ROUTE_LandmarkMedicalCenter,0.36285426381955416,5.905,ROUTE_RhodeIslandHospital,0.42457154818459725,22.6,ROUTE_LandmarkMedicalCenter,0.36285426381955416,5.905
41.680277777754064,-71.5366666665813,50.28609224642433,LVO,ROUTE_RhodeIslandHospital,0.4274293040553215,27.006666666666668,ROUTE_KentHospital,0.4241251987283073,9.123333333333333,ROUTE_RhodeIslandHospital,0.4274293040553215,27.006666666666668,ROUTE_KentHospital,0.4241251987283073,9.123333333333333
41.89166666664312,-71.3924999999145,192.51590347772407,HEMORRHAGIC,ROUTE_RhodeIslandHospital,0.3378813970275642,14.93,ROUTE_TheMiriamHospital,0.33922025466022593,7.326666666666667,ROUTE_RhodeIslandHospital,0.3378813970275642,14.93,ROUTE_TheMiriamHospital,0.33922025466022593,7.326666666666667
41.99388888886542,-71.54111111102574,64.38214716989569,HEMORRHAGIC,ROUTE_RhodeIslandHospital,0.4249482315815734,23.491666666666667,ROUTE_LandmarkMedicalCenter,0.36264368612618564,9.486666666666668,ROUTE_RhodeIslandHospital,0.4249482315815734,23.491666666666667,ROUTE_LandmarkMedicalCenter,0.36264368612618564,9.486666666666668
41.748333333309674,-71.43083333324788,103.31162898552648,HEMORRHAGIC,ROUTE_RhodeIslandHospital,0.41800789576471187,14.385,ROUTE_RhodeIslandHospital,0.41800789576471187,14.385,ROUTE_RhodeIslandHospital,0.41800789576471187,14.385,ROUTE_RhodeIslandHospital,0.41800789576471187,14.385
41.819999999976396,-71.42749999991455,69.39484762919182,HEMORRHAGIC,ROUTE_RhodeIslandHospital,0.42822035386182206,4.533333333333333,ROUTE_RhodeIslandHospital,0.42822035386182206,4.533333333333333,ROUTE_RhodeIslandHospital,0.42822035386182206,4.533333333333333,ROUTE_RhodeIslandHospital,0.42822035386182206,4.533333333333333
41.768611111087466,-71.47333333324791,196.86961350126,LVO,ROUTE_KentHospital,0.3376422249047539,11.938333333333333,ROUTE_KentHospital,0.3376422249047539,11.938333333333333,ROUTE_RhodeIslandHospital,0.3373050413529126,13.863333333333333,ROUTE_KentHospital,0.3376422249047539,11.938333333333333
41.81333333330972,-71.42083333324787,53.610839749484,NLVO,ROUTE_RhodeIslandHospital,0.4322578004779303,3.205,ROUTE_RhodeIslandHospital,0.4322578004779303,3.205,ROUTE_RhodeIslandHospital,0.4322578004779303,3.205,ROUTE_RhodeIslandHospital,0.4322578004779303,3.205
41.85666666664309,-71.35805555547005,51.66962330679241,LVO,ROUTE_RhodeIslandHospital,0.43026274727113006,13.588333333333333,ROUTE_TheMiriamHospital,0.42440097953289513,9.7,ROUTE_RhodeIslandHospital,0.43026274727113006,13.588333333333333,ROUTE_TheMiriamHospital,0.42440097953289513,9.7
41.769166666643024,-71.47944444435903,241.63352434282046,HEMORRHAGIC,ROUTE_KentHospital,0.32734294144,11.823333333333332,ROUTE_KentHospital,0.32734294144,11.823333333333332,ROUTE_RhodeIslandHospital,0.32734294144,15.493333333333334,ROUTE_KentHospital,0.32734294144,11.823333333333332
41.82444444442084,-71.44722222213677,87.62584178860983,LVO,ROUTE_RhodeIslandHospital,0.4231973913787729,7.739999999999999,ROUTE_RogerWilliamsMedicalCenter,0.35933317276214805,3.31,ROUTE_RhodeIslandHospital,0.4231973913787729,7.739999999999999,ROUTE_RogerWilliamsMedicalCenter,0.35933317276214805,3.31
41.35111111108713,-71.79055555547039,228.89861604225894,NLVO,ROUTE_WesterlyHospital,0.32734294144,3.8766666666666665,ROUTE_WesterlyHospital,0.32734294144,3.8766666666666665,ROUTE_RhodeIslandHospital,0.32734294144,57.861666666666665,ROUTE_WesterlyHospital,0.32734294144,3.8766666666666665
41.654444444420704,-71.58416666658132,245.77739395213973,LVO,ROUTE_KentHospital,0.32734294144,16.943333333333335,ROUTE_KentHospital,0.32734294144,16.943333333333335,ROUTE_RhodeIslandHospital,0.32734294144,31.758333333333333,ROUTE_KentHospital,0.32734294144,16.943333333333335
41.748333333309674,-71.46444444435902,53.87049045413999,NLVO,ROUTE_RhodeIslandHospital,0.42813682306103507,20.413333333333334,ROUTE_KentHospital,0.36383023248567276,13.933333333333334,ROUTE_RhodeIslandHospital,0.42813682306103507,20.413333333333334,ROUTE_KentHospital,0.36383023248567276,13.933333333333334
41.65499999997626,-71.26194444435885,168.24770903904178,MIMIC,ROUTE_RhodeIslandHospital,0.3389277537514627,33.251666666666665,ROUTE_NewportHospital,0.33996036816520203,27.413333333333334,ROUTE_RhodeIslandHospital,0.3389277537514627,33.251666666666665,ROUTE_NewportHospital,0.33996036816520203,27.413333333333334
41.84305555553197,-71.42749999991455,213.36466843468736,LVO,ROUTE_RogerWilliamsMedicalCenter,0.3363692958926127,2.725,ROUTE_RogerWilliamsMedicalCenter,0.3363692958926127,2.725,ROUTE_RhodeIslandHospital,0.33546088812972336,7.95,ROUTE_RogerWilliamsMedicalCenter,0.3363692958926127,2.725
41.81499999997639,-71.42777777769231,102.77464480069537,MIMIC,ROUTE_RhodeIslandHospital,0.42045263225588847,4.378333333333333,ROUTE_RhodeIslandHospital,0.42045263225588847,4.378333333333333,ROUTE_RhodeIslandHospital,0.42045263225588847,4.378333333333333,ROUTE_RhodeIslandHospital,0.42045263225588847,4.378333333333333
41.71333333330964,-71.27027777769219,234.42936630908875,HEMORRHAGIC,ROUTE_RhodeIslandHospital,0.32734294144,26.68166666666667,ROUTE_RhodeIslandHospital,0.32734294144,26.68166666666667,ROUTE_RhodeIslandHospital,0.32734294144,26.68166666666667,ROUTE_RhodeIslandHospital,0.32734294144,26.68166666666667
41.572499999976195,-71.48416666658125,106.6839002789171,NLVO,ROUTE_RhodeIslandHospital,0.412794943024523,33.641666666666666,ROUTE_KentHospital,0.35275872634912436,18.826666666666664,ROUTE_RhodeIslandHospital,0.412794943024523,33.641666666666666,ROUTE_KentHospital,0.35275872634912436,18.826666666666664
41.815833333309726,-71.42583333324787,205.73596587179438,LVO,ROUTE_RhodeIslandHospital,0.3374904550953214,3.9383333333333335,ROUTE_RhodeIslandHospital,0.3374904550953214,3.9383333333333335,ROUTE_RhodeIslandHospital,0.3374904550953214,3.9383333333333335,ROUTE_RhodeIslandHospital,0.3374904550953214,3.9383333333333335
41.824166666643066,-71.45749999991456,239.86371818832194,LVO,ROUTE_RogerWilliamsMedicalCenter,0.32734294144,4.366666666666666,ROUTE_RogerWilliamsMedicalCenter,0.32734294144,4.366666666666666,ROUTE_RhodeIslandHospital,0.32734294144,9.31,ROUTE_RogerWilliamsMedicalCenter,0.32734294144,4.366666666666666
41.908888888865356,-71.40305555547008,41.24421128556903,HEMORRHAGIC,ROUTE_RhodeIslandHospital,0.43241608312276114,14.901666666666667,ROUTE_TheMiriamHospital,0.42725748691536974,8.066666666666666,ROUTE_RhodeIslandHospital,0.43241608312276114,14.901666666666667,ROUTE_TheMiriamHospital,0.42725748691536974,8.066666666666666
41.8413888888653,-71.42305555547009,33.20163523101115,LVO,ROUTE_RhodeIslandHospital,0.4359982248765941,7.85,ROUTE_RogerWilliamsMedicalCenter,0.43045674531442724,3.2216666666666667,ROUTE_RhodeIslandHospital,0.4359982248765941,7.85,ROUTE_RogerWilliamsMedicalCenter,0.43045674531442724,3.2216666666666667
41.87944444442088,-71.38444444435895,83.7823990923984,HEMORRHAGIC,ROUTE_RhodeIslandHospital,0.4225800872302995,14.229999999999999,ROUTE_TheMiriamHospital,0.3595597456697006,5.9783333333333335,ROUTE_RhodeIslandHospital,0.4225800872302995,14.229999999999999,ROUTE_TheMiriamHospital,0.3595597456697006,5.9783333333333335
41.84694444442086,-71.41944444435897,182.60094602047118,HEMORRHAGIC,ROUTE_RhodeIslandHospital,0.3408400931884947,8.108333333333333,ROUTE_TheMiriamHospital,0.34155230430238004,4.113333333333333,ROUTE_RhodeIslandHospital,0.3408400931884947,8.108333333333333,ROUTE_TheMiriamHospital,0.34155230430238004,4.113333333333333
41.94833333330983,-71.43749999991455,92.6517997769976,HEMORRHAGIC,ROUTE_RhodeIslandHospital,0.41962494937862327,18.066666666666666,ROUTE_LandmarkMedicalCenter,0.35691657370618757,10.886666666666667,ROUTE_RhodeIslandHospital,0.41962494937862327,18.066666666666666,ROUTE_LandmarkMedicalCenter,0.35691657370618757,10.886666666666667
41.67999999997628,-71.27249999991442,190.02757057835447,HEMORRHAGIC,ROUTE_NewportHospital,0.33560294078520647,30.46833333333333,ROUTE_NewportHospital,0.33560294078520647,30.46833333333333,ROUTE_RhodeIslandHospital,0.3354900274052754,31.118333333333332,ROUTE_NewportHospital,0.33560294078520647,30.46833333333333
41.775555555531916,-71.39694444435897,240.25789370564274,HEMORRHAGIC,ROUTE_RhodeIslandHospital,0.32734294144,6.8933333333333335,ROUTE_RhodeIslandHospital,0.32734294144,6.8933333333333335,ROUTE_RhodeIslandHospital,0.32734294144,6.8933333333333335,ROUTE_RhodeIslandHospital,0.32734294144,6.8933333333333335
41.65361111108737,-71.53694444435907,206.35303844598673,NLVO,ROUTE_KentHospital,0.3355995317235551,14.161666666666667,ROUTE_KentHospital,0.3355995317235551,14.161666666666667,ROUTE_RhodeIslandHospital,0.32734294144,28.976666666666667,ROUTE_KentHospital,0.3355995317235551,14.161666666666667
41.876666666643104,-71.58166666658133,119.4322676836694,LVO,ROUTE_RhodeIslandHospital,0.411662694728314,25.836666666666666,ROUTE_OurLadyOfFatimaHospital,0.34978955052308597,22.005,ROUTE_RhodeIslandHospital,0.411662694728314,25.836666666666666,ROUTE_OurLadyOfFatimaHospital,0.34978955052308597,22.005
41.73555555553188,-71.68277777769252,169.10966853846182,LVO,ROUTE_KentHospital,0.33924768132942373,30.578333333333333,ROUTE_KentHospital,0.33924768132942373,30.578333333333333,ROUTE_RhodeIslandHospital,0.33721104348621284,42.16,ROUTE_KentHospital,0.33924768132942373,30.578333333333333
41.80666666664305,-71.44666666658122,82.33833636723114,HEMORRHAGIC,ROUTE_RhodeIslandHospital,0.4243418753187314,8.128333333333334,ROUTE_RogerWilliamsMedicalCenter,0.3594781229868924,7.846666666666667,ROUTE_RhodeIslandHospital,0.4243418753187314,8.128333333333334,ROUTE_RogerWilliamsMedicalCenter,0.3594781229868924,7.846666666666667
41.80138888886527,-71.4102777776923,256.4006606235962,LVO,ROUTE_RhodeIslandHospital,0.32734294144,2.685,ROUTE_RhodeIslandHospital,0.32734294144,2.685,ROUTE_RhodeIslandHospital,0.32734294144,2.685,ROUTE_RhodeIslandHospital,0.32734294144,2.685
41.88583333330978,-71.39083333324784,193.7156955083725,LVO,ROUTE_RhodeIslandHospital,0.33778630808703736,14.271666666666667,ROUTE_TheMiriamHospital,0.3391462219542726,6.546666666666667,ROUTE_RhodeIslandHospital,0.33778630808703736,14.271666666666667,ROUTE_TheMiriamHospital,0.3391462219542726,6.546666666666667
41.85388888886531,-71.4533333332479,194.14678535489958,LVO,ROUTE_RhodeIslandHospital,0.338155949903078,11.735000000000001,ROUTE_OurLadyOfFatimaHospital,0.339755366761655,2.67,ROUTE_RhodeIslandHospital,0.338155949903078,11.735000000000001,ROUTE_OurLadyOfFatimaHospital,0.339755366761655,2.67
41.89416666664312,-71.35694444435893,80.61701394802726,LVO,ROUTE_RhodeIslandHospital,0.4222445753896,18.834999999999997,ROUTE_TheMiriamHospital,0.359223904500183,10.886666666666667,ROUTE_RhodeIslandHospital,0.4222445753896,18.834999999999997,ROUTE_TheMiriamHospital,0.359223904500183,10.886666666666667
41.78555555553192,-71.39999999991451,70.41036708900582,LVO,ROUTE_RhodeIslandHospital,0.42764764704333336,5.953333333333333,ROUTE_RhodeIslandHospital,0.42764764704333336,5.953333333333333,ROUTE_RhodeIslandHospital,0.42764764704333336,5.953333333333333,ROUTE_RhodeIslandHospital,0.42764764704333336,5.953333333333333
41.72499999997632,-71.30527777769223,113.82099500418775,LVO,ROUTE_RhodeIslandHospital,0.41380430793050316,22.10666666666667,ROUTE_RhodeIslandHospital,0.41380430793050316,22.10666666666667,ROUTE_RhodeIslandHospital,0.41380430793050316,22.10666666666667,ROUTE_RhodeIslandHospital,0.41380430793050316,22.10666666666667
41.49916666664281,-71.38194444435895,190.36310553146893,LVO,ROUTE_NewportHospital,0.33866386078329913,12.633333333333333,ROUTE_NewportHospital,0.33866386078329913,12.633333333333333,ROUTE_RhodeIslandHospital,0.32734294144,49.22833333333333,ROUTE_NewportHospital,0.33866386078329913,12.633333333333333
41.7188888888652,-71.38111111102562,117.13712476828378,HEMORRHAGIC,ROUTE_RhodeIslandHospital,0.4143303586126937,16.503333333333334,ROUTE_RhodeIslandHospital,0.4143303586126937,16.503333333333334,ROUTE_RhodeIslandHospital,0.4143303586126937,16.503333333333334,ROUTE_RhodeIslandHospital,0.4143303586126937,16.503333333333334
41.4966666666428,-71.36805555547005,207.87035565010004,HEMORRHAGIC,ROUTE_NewportHospital,0.3360734683923283,9.918333333333333,ROUTE_NewportHospital,0.3360734683923283,9.918333333333333,ROUTE_RhodeIslandHospital,0.32734294144,48.18833333333334,ROUTE_NewportHospital,0.3360734683923283,9.918333333333333
41.85138888886531,-71.43527777769232,256.22312712631333,LVO,ROUTE_OurLadyOfFatimaHospital,0.32734294144,3.9283333333333332,ROUTE_OurLadyOfFatimaHospital,0.32734294144,3.9283333333333332,ROUTE_RhodeIslandHospital,0.32734294144,8.295,ROUTE_OurLadyOfFatimaHospital,0.32734294144,3.9283333333333332
41.80805555553194,-71.46249999991457,93.53536088911875,LVO,ROUTE_RhodeIslandHospital,0.42145424668150117,9.31,ROUTE_RogerWilliamsMedicalCenter,0.35742395610834515,7.346666666666667,ROUTE_RhodeIslandHospital,0.42145424668150117,9.31,ROUTE_RogerWilliamsMedicalCenter,0.35742395610834515,7.346666666666667
41.990833333309865,-71.53472222213685,204.26142010280768,HEMORRHAGIC,ROUTE_LandmarkMedicalCenter,0.3372348571338296,6.871666666666667,ROUTE_LandmarkMedicalCenter,0.3372348571338296,6.871666666666667,ROUTE_RhodeIslandHospital,0.32734294144,20.878333333333334,ROUTE_LandmarkMedicalCenter,0.3372348571338296,6.871666666666667
41.48333333330946,-71.4886111110257,95.52181127204784,HEMORRHAGIC,ROUTE_RhodeIslandHospital,0.41253181073219414,45.95166666666667,ROUTE_SouthCountyHospital,0.35624699020094147,11.53,ROUTE_RhodeIslandHospital,0.41253181073219414,45.95166666666667,ROUTE_SouthCountyHospital,0.35624699020094147,11.53
41.757499999976346,-71.42694444435898,180.86821393505,HEMORRHAGIC,ROUTE_RhodeIslandHospital,0.3401021517417568,13.993333333333334,ROUTE_RhodeIslandHospital,0.3401021517417568,13.993333333333334,ROUTE_RhodeIslandHospital,0.3401021517417568,13.993333333333334,ROUTE_RhodeIslandHospital,0.3401021517417568,13.993333333333334
41.765555555531904,-71.44888888880345,197.17500858014904,LVO,ROUTE_KentHospital,0.33706891548447043,14.906666666666666,ROUTE_KentHospital,0.33706891548447043,14.906666666666666,ROUTE_RhodeIslandHospital,0.33689994757001934,15.873333333333333,ROUTE_KentHospital,0.33706891548447043,14.906666666666666
41.47694444442057,-71.73055555547033,31.545761190184535,NLVO,ROUTE_RhodeIslandHospital,0.42774254556005553,44.415,ROUTE_WesterlyHospital,0.36672192683624694,21.591666666666665,ROUTE_RhodeIslandHospital,0.42774254556005553,44.415,ROUTE_WesterlyHospital,0.36672192683624694,21.591666666666665
41.80694444442083,-71.44555555547011,73.05017443122253,LVO,ROUTE_RhodeIslandHospital,0.4265504837583658,7.986666666666666,ROUTE_RogerWilliamsMedicalCenter,0.41996945194363516,7.705,ROUTE_RhodeIslandHospital,0.4265504837583658,7.986666666666666,ROUTE_RogerWilliamsMedicalCenter,0.41996945194363516,7.705
41.83472222219863,-71.42333333324787,204.7486566545238,NLVO,ROUTE_RogerWilliamsMedicalCenter,0.33798872772023447,2.085,ROUTE_RogerWilliamsMedicalCenter,0.33798872772023447,2.085,ROUTE_RhodeIslandHospital,0.3371331042993209,6.966666666666667,ROUTE_RogerWilliamsMedicalCenter,0.33798872772023447,2.085
41.789999999976374,-71.4052777776923,210.6079923214288,HEMORRHAGIC,ROUTE_RhodeIslandHospital,0.33643131995003717,5.126666666666667,ROUTE_RhodeIslandHospital,0.33643131995003717,5.126666666666667,ROUTE_RhodeIslandHospital,0.33643131995003717,5.126666666666667,ROUTE_RhodeIslandHospital,0.33643131995003717,5.126666666666667
41.808611111087494,-71.44777777769234,103.40314534017313,HEMORRHAGIC,ROUTE_RhodeIslandHospital,0.4195065884902499,7.825,ROUTE_RogerWilliamsMedicalCenter,0.35554218426984596,7.3566666666666665,ROUTE_RhodeIslandHospital,0.4195065884902499,7.825,ROUTE_RogerWilliamsMedicalCenter,0.35554218426984596,7.3566666666666665
41.49833333330947,-71.30888888880334,84.57596204274986,HEMORRHAGIC,ROUTE_RhodeIslandHospital,0.4133952484806646,53.13333333333333,ROUTE_NewportHospital,0.36031745973308305,1.2633333333333332,ROUTE_RhodeIslandHospital,0.4133952484806646,53.13333333333333,ROUTE_NewportHospital,0.36031745973308305,1.2633333333333332
41.778333333309696,-71.36055555547004,171.97225635233053,HEMORRHAGIC,ROUTE_RhodeIslandHospital,0.34215791932959244,11.354999999999999,ROUTE_RhodeIslandHospital,0.34215791932959244,11.354999999999999,ROUTE_RhodeIslandHospital,0.34215791932959244,11.354999999999999,ROUTE_RhodeIslandHospital,0.34215791932959244,11.354999999999999
41.951944444420946,-71.44111111102566,142.5674418938998,LVO,ROUTE_RhodeIslandHospital,0.40820955545324294,17.83833333333333,ROUTE_LandmarkMedicalCenter,0.3478085239516801,9.608333333333333,ROUTE_RhodeIslandHospital,0.40820955545324294,17.83833333333333,ROUTE_LandmarkMedicalCenter,0.3478085239516801,9.608333333333333
41.175833333309214,-71.57805555547021,85.10881272937655,LVO,ROUTE_SouthCountyHospital,0.344217774178807,86.77166666666668,ROUTE_SouthCountyHospital,0.344217774178807,86.77166666666668,ROUTE_RhodeIslandHospital,0.33620717097247016,131.91166666666666,ROUTE_SouthCountyHospital,0.344217774178807,86.77166666666668
41.862777777754204,-71.39305555547007,77.00308831046016,LVO,ROUTE_RhodeIslandHospital,0.42460665554628957,12.331666666666667,ROUTE_TheMiriamHospital,0.36151739772881714,2.646666666666667,ROUTE_RhodeIslandHospital,0.42460665554628957,12.331666666666667,ROUTE_TheMiriamHospital,0.36151739772881714,2.646666666666667
41.86944444442088,-71.41055555547008,256.21088298996995,LVO,ROUTE_TheMiriamHospital,0.32734294144,5.421666666666667,ROUTE_TheMiriamHospital,0.32734294144,5.421666666666667,ROUTE_RhodeIslandHospital,0.32734294144,11.215,ROUTE_TheMiriamHospital,0.32734294144,5.421666666666667
41.879722222198666,-71.46361111102568,246.0438216927067,LVO,ROUTE_OurLadyOfFatimaHospital,0.32734294144,7.153333333333333,ROUTE_OurLadyOfFatimaHospital,0.32734294144,7.153333333333333,ROUTE_RhodeIslandHospital,0.32734294144,13.128333333333334,ROUTE_OurLadyOfFatimaHospital,0.32734294144,7.153333333333333
41.41111111108718,-71.59694444435912,193.5809537702833,MIMIC,ROUTE_SouthCountyHospital,0.33824259677998725,11.808333333333334,ROUTE_SouthCountyHospital,0.33824259677998725,11.808333333333334,ROUTE_RhodeIslandHospital,0.32734294144,58.18333333333333,ROUTE_SouthCountyHospital,0.33824259677998725,11.808333333333334
41.819722222198614,-71.42777777769231,61.35177779330904,LVO,ROUTE_RhodeIslandHospital,0.4300728812820249,4.711666666666667,ROUTE_RhodeIslandHospital,0.4300728812820249,4.711666666666667,ROUTE_RhodeIslandHospital,0.4300728812820249,4.711666666666667,ROUTE_RhodeIslandHospital,0.4300728812820249,4.711666666666667
41.63722222219847,-71.20638888880325,215.85538186393757,NLVO,ROUTE_NewportHospital,0.32734294144,27.901666666666664,ROUTE_NewportHospital,0.32734294144,27.901666666666664,ROUTE_RhodeIslandHospital,0.32734294144,42.016666666666666,ROUTE_NewportHospital,0.32734294144,27.901666666666664
41.74305555553189,-71.42083333324787,246.91112998687547,LVO,ROUTE_RhodeIslandHospital,0.32734294144,14.93,ROUTE_RhodeIslandHospital,0.32734294144,14.93,ROUTE_RhodeIslandHospital,0.32734294144,14.93,ROUTE_RhodeIslandHospital,0.32734294144,14.93
42.01277777775432,-71.62499999991469,165.2176073271825,NLVO,ROUTE_RhodeIslandHospital,0.33851789754776573,38.60666666666667,ROUTE_LandmarkMedicalCenter,0.3403308730513768,28.355,ROUTE_RhodeIslandHospital,0.33851789754776573,38.60666666666667,ROUTE_LandmarkMedicalCenter,0.3403308730513768,28.355
42.00249999997654,-71.51444444435906,95.42597695637777,LVO,ROUTE_RhodeIslandHospital,0.41795745060032663,22.488333333333333,ROUTE_LandmarkMedicalCenter,0.3576995249334566,4.016666666666667,ROUTE_RhodeIslandHospital,0.41795745060032663,22.488333333333333,ROUTE_LandmarkMedicalCenter,0.3576995249334566,4.016666666666667
41.772499999976354,-71.36083333324783,228.88179197838224,HEMORRHAGIC,ROUTE_RhodeIslandHospital,0.32734294144,12.553333333333335,ROUTE_RhodeIslandHospital,0.32734294144,12.553333333333335,ROUTE_RhodeIslandHospital,0.32734294144,12.553333333333335,ROUTE_RhodeIslandHospital,0.32734294144,12.553333333333335
41.87083333330977,-71.36166666658116,173.86701874027105,HEMORRHAGIC,ROUTE_RhodeIslandHospital,0.34102062979311887,15.828333333333335,ROUTE_TheMiriamHospital,0.3424002664536123,8.108333333333333,ROUTE_RhodeIslandHospital,0.34102062979311887,15.828333333333335,ROUTE_TheMiriamHospital,0.3424002664536123,8.108333333333333
41.38861111108716,-71.52194444435906,45.462534716577935,MIMIC,ROUTE_RhodeIslandHospital,0.42210520121396733,54.586666666666666,ROUTE_SouthCountyHospital,0.3666155936245232,8.211666666666666,ROUTE_RhodeIslandHospital,0.42210520121396733,54.586666666666666,ROUTE_SouthCountyHospital,0.3666155936245232,8.211666666666666
41.730277777754104,-71.41083333324787,101.58660084642479,MIMIC,ROUTE_RhodeIslandHospital,0.41832048245317005,14.76,ROUTE_RhodeIslandHospital,0.41832048245317005,14.76,ROUTE_RhodeIslandHospital,0.41832048245317005,14.76,ROUTE_RhodeIslandHospital,0.41832048245317005,14.76
41.756666666643014,-71.30111111102555,156.44267459129946,HEMORRHAGIC,ROUTE_RhodeIslandHospital,0.4044467016100805,20.56833333333333,ROUTE_RhodeIslandHospital,0.4044467016100805,20.56833333333333,ROUTE_RhodeIslandHospital,0.4044467016100805,20.56833333333333,ROUTE_RhodeIslandHospital,0.4044467016100805,20.56833333333333
41.780277777754144,-71.52972222213684,136.61941389314615,HEMORRHAGIC,ROUTE_RhodeIslandHospital,0.4090312916661055,20.175,ROUTE_KentHospital,0.3476261741030105,16.55,ROUTE_RhodeIslandHospital,0.4090312916661055,20.175,ROUTE_KentHospital,0.3476261741030105,16.55
41.986666666643195,-71.60694444435913,130.5079017567311,HEMORRHAGIC,ROUTE_RhodeIslandHospital,0.40892577731892393,26.75,ROUTE_LandmarkMedicalCenter,0.348760291870688,16.49833333333333,ROUTE_RhodeIslandHospital,0.40892577731892393,26.75,ROUTE_LandmarkMedicalCenter,0.348760291870688,16.49833333333333
41.808611111087494,-71.42916666658121,56.85579726554573,LVO,ROUTE_RhodeIslandHospital,0.4311651302100663,4.58,ROUTE_RhodeIslandHospital,0.4311651302100663,4.58,ROUTE_RhodeIslandHospital,0.4311651302100663,4.58,ROUTE_RhodeIslandHospital,0.4311651302100663,4.58
41.87472222219866,-71.5669444443591,119.28559487846711,MIMIC,ROUTE_RhodeIslandHospital,0.41227520755825964,23.308333333333334,ROUTE_OurLadyOfFatimaHospital,0.35059829593230146,17.793333333333333,ROUTE_RhodeIslandHospital,0.41227520755825964,23.308333333333334,ROUTE_OurLadyOfFatimaHospital,0.35059829593230146,17.793333333333333
41.992222222198755,-71.52805555547017,269.2297515790123,HEMORRHAGIC,ROUTE_LandmarkMedicalCenter,0.32734294144,6.296666666666667,ROUTE_LandmarkMedicalCenter,0.32734294144,6.296666666666667,ROUTE_RhodeIslandHospital,0.32734294144,21.326666666666664,ROUTE_LandmarkMedicalCenter,0.32734294144,6.296666666666667
41.86111111108754,-71.56777777769243,37.52402805212726,HEMORRHAGIC,ROUTE_RhodeIslandHospital,0.43129014800099535,23.383333333333333,ROUTE_OurLadyOfFatimaHospital,0.4255094677636251,18.736666666666668,ROUTE_RhodeIslandHospital,0.43129014800099535,23.383333333333333,ROUTE_OurLadyOfFatimaHospital,0.4255094677636251,18.736666666666668
41.808611111087494,-71.34499999991448,155.91640290990642,HEMORRHAGIC,ROUTE_RhodeIslandHospital,0.4072402688123204,8.754999999999999,ROUTE_RhodeIslandHospital,0.4072402688123204,8.754999999999999,ROUTE_RhodeIslandHospital,0.4072402688123204,8.754999999999999,ROUTE_RhodeIslandHospital,0.4072402688123204,8.754999999999999
41.734999999976324,-71.46777777769235,181.41770283666378,HEMORRHAGIC,ROUTE_RhodeIslandHospital,0.3393218096220617,17.85,ROUTE_KentHospital,0.34101341130287494,8.318333333333333,ROUTE_RhodeIslandHospital,0.3393218096220617,17.85,ROUTE_KentHospital,0.34101341130287494,8.318333333333333
41.750555555531896,-71.4255555554701,208.74352422210362,LVO,ROUTE_RhodeIslandHospital,0.3353315758310376,13.316666666666666,ROUTE_RhodeIslandHospital,0.3353315758310376,13.316666666666666,ROUTE_RhodeIslandHospital,0.3353315758310376,13.316666666666666,ROUTE_RhodeIslandHospital,0.3353315758310376,13.316666666666666
41.37361111108715,-71.82555555547042,123.95562595826888,HEMORRHAGIC,ROUTE_RhodeIslandHospital,0.3425337744563954,57.275,ROUTE_WesterlyHospital,0.3525970524027092,2.4183333333333334,ROUTE_RhodeIslandHospital,0.3425337744563954,57.275,ROUTE_WesterlyHospital,0.3525970524027092,2.4183333333333334
42.01333333330988,-71.4608333332479,151.294639265198,HEMORRHAGIC,ROUTE_RhodeIslandHospital,0.4050739360321333,22.94,ROUTE_LandmarkMedicalCenter,0.3468069205403892,6.346666666666667,ROUTE_RhodeIslandHospital,0.4050739360321333,22.94,ROUTE_LandmarkMedicalCenter,0.3468069205403892,6.346666666666667
41.7694444444208,-71.40805555547009,142.27961828648415,LVO,ROUTE_RhodeIslandHospital,0.4102892699932103,8.998333333333333,ROUTE_RhodeIslandHospital,0.4102892699932103,8.998333333333333,ROUTE_RhodeIslandHospital,0.4102892699932103,8.998333333333333,ROUTE_RhodeIslandHospital,0.4102892699932103,8.998333333333333
41.79166666664304,-71.45111111102567,83.11060511454173,MIMIC,ROUTE_RhodeIslandHospital,0.4237119076403425,10.051666666666668,ROUTE_RhodeIslandHospital,0.4237119076403425,10.051666666666668,ROUTE_RhodeIslandHospital,0.4237119076403425,10.051666666666668,ROUTE_RhodeIslandHospital,0.4237119076403425,10.051666666666668
41.90861111108757,-71.38722222213673,155.06232039201203,LVO,ROUTE_RhodeIslandHospital,0.4053313000328652,18.033333333333335,ROUTE_TheMiriamHospital,0.34537540306440356,10.431666666666667,ROUTE_RhodeIslandHospital,0.4053313000328652,18.033333333333335,ROUTE_TheMiriamHospital,0.34537540306440356,10.431666666666667
41.81916666664306,-71.42055555547009,180.986757815011,NLVO,ROUTE_RhodeIslandHospital,0.3419819371189593,3.325,ROUTE_RhodeIslandHospital,0.3419819371189593,3.325,ROUTE_RhodeIslandHospital,0.3419819371189593,3.325,ROUTE_RhodeIslandHospital,0.3419819371189593,3.325
41.792777777754154,-71.42749999991455,188.14363309762297,LVO,ROUTE_RhodeIslandHospital,0.34017115633650946,6.328333333333333,ROUTE_RhodeIslandHospital,0.34017115633650946,6.328333333333333,ROUTE_RhodeIslandHospital,0.34017115633650946,6.328333333333333,ROUTE_RhodeIslandHospital,0.34017115633650946,6.328333333333333
41.69388888886518,-71.48805555547014,262.0432983742469,HEMORRHAGIC,ROUTE_KentHospital,0.32734294144,7.516666666666667,ROUTE_KentHospital,0.32734294144,7.516666666666667,ROUTE_RhodeIslandHospital,0.32734294144,22.796666666666667,ROUTE_KentHospital,0.32734294144,7.516666666666667
41.46194444442055,-71.719722222137,73.58228054297177,HEMORRHAGIC,ROUTE_RhodeIslandHospital,0.4168762334110575,49.01,ROUTE_WesterlyHospital,0.35840040287892433,22.203333333333333,ROUTE_RhodeIslandHospital,0.4168762334110575,49.01,ROUTE_WesterlyHospital,0.35840040287892433,22.203333333333333
41.9222222221987,-71.3863888888034,121.84166932473433,NLVO,ROUTE_RhodeIslandHospital,0.4126272777674504,19.216666666666665,ROUTE_TheMiriamHospital,0.3511302920575275,12.379999999999999,ROUTE_RhodeIslandHospital,0.4126272777674504,19.216666666666665,ROUTE_TheMiriamHospital,0.3511302920575275,12.379999999999999
41.61999999997624,-71.43666666658122,140.69151690719858,LVO,ROUTE_RhodeIslandHospital,0.404357028593463,36.71666666666667,ROUTE_KentHospital,0.3459031639800072,21.901666666666664,ROUTE_RhodeIslandHospital,0.404357028593463,36.71666666666667,ROUTE_KentHospital,0.3459031639800072,21.901666666666664
41.62916666664291,-71.25611111102552,218.72786950154727,HEMORRHAGIC,ROUTE_NewportHospital,0.32734294144,22.39333333333333,ROUTE_NewportHospital,0.32734294144,22.39333333333333,ROUTE_RhodeIslandHospital,0.32734294144,36.725,ROUTE_NewportHospital,0.32734294144,22.39333333333333
41.82333333330973,-71.41527777769231,60.45507665759645,LVO,ROUTE_RhodeIslandHospital,0.43024368638910915,4.883333333333334,ROUTE_RhodeIslandHospital,0.43024368638910915,4.883333333333334,ROUTE_RhodeIslandHospital,0.43024368638910915,4.883333333333334,ROUTE_RhodeIslandHospital,0.43024368638910915,4.883333333333334
41.846388888865306,-71.48555555547014,70.82621195566853,HEMORRHAGIC,ROUTE_RhodeIslandHospital,0.42565904628297846,14.011666666666667,ROUTE_OurLadyOfFatimaHospital,0.361926400309757,6.721666666666667,ROUTE_RhodeIslandHospital,0.42565904628297846,14.011666666666667,ROUTE_OurLadyOfFatimaHospital,0.361926400309757,6.721666666666667
41.56388888886508,-71.57638888880355,49.49867403474063,LVO,ROUTE_RhodeIslandHospital,0.4237120472562781,43.663333333333334,ROUTE_KentHospital,0.3617708833969202,28.848333333333336,ROUTE_RhodeIslandHospital,0.4237120472562781,43.663333333333334,ROUTE_KentHospital,0.3617708833969202,28.848333333333336
41.369722222198256,-71.81777777769263,209.74391252078553,LVO,ROUTE_WesterlyHospital,0.33709358978719295,2.1966666666666668,ROUTE_WesterlyHospital,0.33709358978719295,2.1966666666666668,ROUTE_RhodeIslandHospital,0.32734294144,57.861666666666665,ROUTE_WesterlyHospital,0.33709358978719295,2.1966666666666668
41.64249999997625,-71.43388888880344,250.92458158787707,NLVO,ROUTE_KentHospital,0.32734294144,19.848333333333336,ROUTE_KentHospital,0.32734294144,19.848333333333336,ROUTE_RhodeIslandHospital,0.32734294144,34.76166666666666,ROUTE_KentHospital,0.32734294144,19.848333333333336
41.83722222219863,-71.45055555547012,251.19277259411885,LVO,ROUTE_RogerWilliamsMedicalCenter,0.32734294144,2.8383333333333334,ROUTE_RogerWilliamsMedicalCenter,0.32734294144,2.8383333333333334,ROUTE_RhodeIslandHospital,0.32734294144,9.68,ROUTE_RogerWilliamsMedicalCenter,0.32734294144,2.8383333333333334
41.834999999976404,-71.40055555547008,55.05232942068115,LVO,ROUTE_RhodeIslandHospital,0.43109916966846995,6.663333333333333,ROUTE_TheMiriamHospital,0.4248353347397652,4.48,ROUTE_RhodeIslandHospital,0.43109916966846995,6.663333333333333,ROUTE_TheMiriamHospital,0.4248353347397652,4.48
41.88749999997645,-71.35916666658115,152.13522441386272,LVO,ROUTE_RhodeIslandHospital,0.4061311765234714,17.426666666666666,ROUTE_TheMiriamHospital,0.34610673983248064,9.34,ROUTE_RhodeIslandHospital,0.4061311765234714,17.426666666666666,ROUTE_TheMiriamHospital,0.34610673983248064,9.34
41.88888888886534,-71.38999999991451,45.35641793129463,MIMIC,ROUTE_RhodeIslandHospital,0.4313659532613447,15.229999999999999,ROUTE_TheMiriamHospital,0.42641498581637793,7.505,ROUTE_RhodeIslandHospital,0.4313659532613447,15.229999999999999,ROUTE_TheMiriamHospital,0.42641498581637793,7.505
41.839444444420856,-71.43111111102566,61.88827351210023,HEMORRHAGIC,ROUTE_RhodeIslandHospital,0.42923643598573796,7.723333333333333,ROUTE_RogerWilliamsMedicalCenter,0.42397466336989065,1.8483333333333334,ROUTE_RhodeIslandHospital,0.42923643598573796,7.723333333333333,ROUTE_RogerWilliamsMedicalCenter,0.42397466336989065,1.8483333333333334
41.676666666642944,-71.48194444435903,138.77848929682028,HEMORRHAGIC,ROUTE_RhodeIslandHospital,0.40571062780943146,32.641666666666666,ROUTE_KentHospital,0.3474764434342108,15.206666666666667,ROUTE_RhodeIslandHospital,0.40571062780943146,32.641666666666666,ROUTE_KentHospital,0.3474764434342108,15.206666666666667
41.86472222219865,-71.43916666658122,130.10538547773385,HEMORRHAGIC,ROUTE_RhodeIslandHospital,0.413077188038727,8.99,ROUTE_OurLadyOfFatimaHospital,0.3510772792062721,4.4,ROUTE_RhodeIslandHospital,0.413077188038727,8.99,ROUTE_OurLadyOfFatimaHospital,0.3510772792062721,4.4
41.6911111110874,-71.5922222221369,72.93785584577974,LVO,ROUTE_RhodeIslandHospital,0.4198488788405012,36.815000000000005,ROUTE_KentHospital,0.3591536410952269,18.93166666666667,ROUTE_RhodeIslandHospital,0.4198488788405012,36.815000000000005,ROUTE_KentHospital,0.3591536410952269,18.93166666666667
41.61999999997624,-71.48944444435904,252.2182594978815,HEMORRHAGIC,ROUTE_KentHospital,0.32734294144,13.893333333333334,ROUTE_KentHospital,0.32734294144,13.893333333333334,ROUTE_RhodeIslandHospital,0.32734294144,28.708333333333332,ROUTE_KentHospital,0.32734294144,13.893333333333334
41.59499999997622,-71.24416666658107,41.31975382704931,NLVO,ROUTE_RhodeIslandHospital,0.4254980214886968,44.20666666666667,ROUTE_NewportHospital,0.36508443223064513,20.103333333333335,ROUTE_RhodeIslandHospital,0.4254980214886968,44.20666666666667,ROUTE_NewportHospital,0.36508443223064513,20.103333333333335
41.758888888865236,-71.53472222213685,221.21591638473853,LVO,ROUTE_KentHospital,0.32734294144,20.395,ROUTE_KentHospital,0.32734294144,20.395,ROUTE_RhodeIslandHospital,0.32734294144,25.645,ROUTE_KentHospital,0.32734294144,20.395
41.88722222219867,-71.3749999999145,239.36778963501655,LVO,ROUTE_TheMiriamHospital,0.32734294144,7.9383333333333335,ROUTE_TheMiriamHospital,0.32734294144,7.9383333333333335,ROUTE_RhodeIslandHospital,0.32734294144,15.663333333333332,ROUTE_TheMiriamHospital,0.32734294144,7.9383333333333335
41.84805555553197,-71.43916666658122,244.61433345285369,HEMORRHAGIC,ROUTE_RogerWilliamsMedicalCenter,0.32734294144,3.6,ROUTE_RogerWilliamsMedicalCenter,0.32734294144,3.6,ROUTE_RhodeIslandHospital,0.32734294144,9.475,ROUTE_RogerWilliamsMedicalCenter,0.32734294144,3.6
41.89555555553201,-71.39583333324785,117.34896916253345,LVO,ROUTE_RhodeIslandHospital,0.41456689403913005,15.261666666666667,ROUTE_TheMiriamHospital,0.352853067274148,7.66,ROUTE_RhodeIslandHospital,0.41456689403913005,15.261666666666667,ROUTE_TheMiriamHospital,0.352853067274148,7.66
41.789444444420816,-71.42861111102565,64.30578588973096,MIMIC,ROUTE_RhodeIslandHospital,0.4287896865467991,7.203333333333333,ROUTE_RhodeIslandHospital,0.4287896865467991,7.203333333333333,ROUTE_RhodeIslandHospital,0.4287896865467991,7.203333333333333,ROUTE_RhodeIslandHospital,0.4287896865467991,7.203333333333333
41.85916666664309,-71.57277777769244,178.28996407514748,LVO,ROUTE_RhodeIslandHospital,0.3388505965065004,23.646666666666665,ROUTE_OurLadyOfFatimaHospital,0.3395922476505296,19.448333333333334,ROUTE_RhodeIslandHospital,0.3388505965065004,23.646666666666665,ROUTE_OurLadyOfFatimaHospital,0.3395922476505296,19.448333333333334
41.956111111087615,-71.38333333324783,32.94532833867087,LVO,ROUTE_RhodeIslandHospital,0.43061863656197974,30.805,ROUTE_LandmarkMedicalCenter,0.4257985008359553,19.548333333333336,ROUTE_RhodeIslandHospital,0.43061863656197974,30.805,ROUTE_LandmarkMedicalCenter,0.4257985008359553,19.548333333333336
41.806111111087496,-71.41805555547009,222.21788371290594,HEMORRHAGIC,ROUTE_RhodeIslandHospital,0.32734294144,3.0050000000000003,ROUTE_RhodeIslandHospital,0.32734294144,3.0050000000000003,ROUTE_RhodeIslandHospital,0.32734294144,3.0050000000000003,ROUTE_RhodeIslandHospital,0.32734294144,3.0050000000000003
41.77722222219858,-71.52694444435906,215.76538580175225,LVO,ROUTE_KentHospital,0.32734294144,14.548333333333334,ROUTE_KentHospital,0.32734294144,14.548333333333334,ROUTE_RhodeIslandHospital,0.32734294144,18.173333333333336,ROUTE_KentHospital,0.32734294144,14.548333333333334
41.68749999997629,-71.52333333324795,91.6194086877684,LVO,ROUTE_RhodeIslandHospital,0.4182320943675947,25.108333333333334,ROUTE_KentHospital,0.3578141118967565,7.225,ROUTE_RhodeIslandHospital,0.4182320943675947,25.108333333333334,ROUTE_KentHospital,0.3578141118967565,7.225
41.724722222198544,-71.3924999999145,228.7140541733104,NLVO,ROUTE_RhodeIslandHospital,0.32734294144,16.701666666666668,ROUTE_RhodeIslandHospital,0.32734294144,16.701666666666668,ROUTE_RhodeIslandHospital,0.32734294144,16.701666666666668,ROUTE_RhodeIslandHospital,0.32734294144,16.701666666666668
41.691388888865184,-71.27861111102553,106.40108657794543,LVO,ROUTE_RhodeIslandHospital,0.41422763362059195,27.685,ROUTE_RhodeIslandHospital,0.41422763362059195,27.685,ROUTE_RhodeIslandHospital,0.41422763362059195,27.685,ROUTE_RhodeIslandHospital,0.41422763362059195,27.685
41.72638888886521,-71.30444444435888,37.57820786967159,HEMORRHAGIC,ROUTE_RhodeIslandHospital,0.431427136623623,22.75,ROUTE_RhodeIslandHospital,0.431427136623623,22.75,ROUTE_RhodeIslandHospital,0.431427136623623,22.75,ROUTE_RhodeIslandHospital,0.431427136623623,22.75
41.51611111108726,-71.71611111102588,90.7533377069943,HEMORRHAGIC,ROUTE_RhodeIslandHospital,0.4139933615092339,44.35166666666667,ROUTE_WesterlyHospital,0.35470555253623814,24.423333333333336,ROUTE_RhodeIslandHospital,0.4139933615092339,44.35166666666667,ROUTE_WesterlyHospital,0.35470555253623814,24.423333333333336
41.91472222219869,-71.38999999991451,221.54198054341757,HEMORRHAGIC,ROUTE_TheMiriamHospital,0.32734294144,10.393333333333334,ROUTE_TheMiriamHospital,0.32734294144,10.393333333333334,ROUTE_RhodeIslandHospital,0.32734294144,17.423333333333336,ROUTE_TheMiriamHospital,0.32734294144,10.393333333333334
41.94722222219872,-71.64749999991471,94.2125201452963,NLVO,ROUTE_RhodeIslandHospital,0.41575130438793056,33.255,ROUTE_LandmarkMedicalCenter,0.35432972692965026,22.951666666666664,ROUTE_RhodeIslandHospital,0.41575130438793056,33.255,ROUTE_LandmarkMedicalCenter,0.35432972692965026,22.951666666666664
41.82583333330973,-71.44888888880345,158.46116637553084,LVO,ROUTE_RhodeIslandHospital,0.40688749318904194,7.765,ROUTE_RogerWilliamsMedicalCenter,0.34611823648915696,2.9516666666666667,ROUTE_RhodeIslandHospital,0.40688749318904194,7.765,ROUTE_RogerWilliamsMedicalCenter,0.34611823648915696,2.9516666666666667
41.4311111110872,-71.78138888880372,145.75876416989212,HEMORRHAGIC,ROUTE_RhodeIslandHospital,0.33997111380367406,49.84166666666667,ROUTE_WesterlyHospital,0.3468563411993736,11.611666666666668,ROUTE_RhodeIslandHospital,0.33997111380367406,49.84166666666667,ROUTE_WesterlyHospital,0.3468563411993736,11.611666666666668
41.70055555553186,-71.5352777776924,133.92691826911914,LVO,ROUTE_RhodeIslandHospital,0.4082556892755663,26.275,ROUTE_KentHospital,0.3495290953687861,8.916666666666666,ROUTE_RhodeIslandHospital,0.4082556892755663,26.275,ROUTE_KentHospital,0.3495290953687861,8.916666666666666
41.89333333330978,-71.36833333324782,155.7001623024497,HEMORRHAGIC,ROUTE_RhodeIslandHospital,0.40541031630793256,17.046666666666667,ROUTE_TheMiriamHospital,0.34546119098583017,9.321666666666665,ROUTE_RhodeIslandHospital,0.40541031630793256,17.046666666666667,ROUTE_TheMiriamHospital,0.34546119098583017,9.321666666666665
41.851666666643084,-71.4305555554701,242.6133273056146,LVO,ROUTE_RogerWilliamsMedicalCenter,0.32734294144,5.515,ROUTE_RogerWilliamsMedicalCenter,0.32734294144,5.515,ROUTE_RhodeIslandHospital,0.32734294144,8.891666666666667,ROUTE_RogerWilliamsMedicalCenter,0.32734294144,5.515
41.847499999976414,-71.47166666658124,76.93607483503665,LVO,ROUTE_RhodeIslandHospital,0.42458927218161163,12.471666666666666,ROUTE_OurLadyOfFatimaHospital,0.36115275372491207,4.591666666666667,ROUTE_RhodeIslandHospital,0.42458927218161163,12.471666666666666,ROUTE_OurLadyOfFatimaHospital,0.36115275372491207,4.591666666666667
41.755833333309674,-71.449444444359,247.31402248553198,LVO,ROUTE_KentHospital,0.32734294144,13.416666666666666,ROUTE_KentHospital,0.32734294144,13.416666666666666,ROUTE_RhodeIslandHospital,0.32734294144,16.09,ROUTE_KentHospital,0.32734294144,13.416666666666666
41.79027777775415,-71.40416666658119,64.05670533007081,HEMORRHAGIC,ROUTE_RhodeIslandHospital,0.42938924399195677,4.906666666666666,ROUTE_RhodeIslandHospital,0.42938924399195677,4.906666666666666,ROUTE_RhodeIslandHospital,0.42938924399195677,4.906666666666666,ROUTE_RhodeIslandHospital,0.42938924399195677,4.906666666666666
41.87361111108755,-71.60388888880357,85.78739972569934,LVO,ROUTE_RhodeIslandHospital,0.4197935521566873,24.203333333333333,ROUTE_OurLadyOfFatimaHospital,0.3563336496444116,20.808333333333334,ROUTE_RhodeIslandHospital,0.4197935521566873,24.203333333333333,ROUTE_OurLadyOfFatimaHospital,0.3563336496444116,20.808333333333334
41.781666666643034,-71.4480555554701,252.74854973621532,HEMORRHAGIC,ROUTE_RhodeIslandHospital,0.32734294144,11.836666666666668,ROUTE_RhodeIslandHospital,0.32734294144,11.836666666666668,ROUTE_RhodeIslandHospital,0.32734294144,11.836666666666668,ROUTE_RhodeIslandHospital,0.32734294144,11.836666666666668
41.88888888886534,-71.36166666658116,204.47416024975388,HEMORRHAGIC,ROUTE_TheMiriamHospital,0.3366949556077431,9.748333333333333,ROUTE_TheMiriamHospital,0.3366949556077431,9.748333333333333,ROUTE_RhodeIslandHospital,0.3353123060803832,17.696666666666665,ROUTE_TheMiriamHospital,0.3366949556077431,9.748333333333333
41.71055555553186,-71.45638888880345,97.38632449368376,LVO,ROUTE_RhodeIslandHospital,0.4184583916780431,18.365000000000002,ROUTE_KentHospital,0.3568449819902041,6.526666666666667,ROUTE_RhodeIslandHospital,0.4184583916780431,18.365000000000002,ROUTE_KentHospital,0.3568449819902041,6.526666666666667
41.88777777775422,-71.35916666658115,245.10459586763125,HEMORRHAGIC,ROUTE_TheMiriamHospital,0.32734294144,9.606666666666666,ROUTE_TheMiriamHospital,0.32734294144,9.606666666666666,ROUTE_RhodeIslandHospital,0.32734294144,17.69333333333333,ROUTE_TheMiriamHospital,0.32734294144,9.606666666666666
41.88777777775422,-71.35166666658114,252.79354196661328,NLVO,ROUTE_TheMiriamHospital,0.32734294144,10.18,ROUTE_TheMiriamHospital,0.32734294144,10.18,ROUTE_RhodeIslandHospital,0.32734294144,18.266666666666666,ROUTE_TheMiriamHospital,0.32734294144,10.18
41.85222222219864,-71.44416666658122,167.63354814367668,NLVO,ROUTE_RhodeIslandHospital,0.4043986001585532,9.59,ROUTE_OurLadyOfFatimaHospital,0.3443687966747809,3.4116666666666666,ROUTE_RhodeIslandHospital,0.4043986001585532,9.59,ROUTE_OurLadyOfFatimaHospital,0.3443687966747809,3.4116666666666666
41.719166666642984,-71.39972222213675,232.04308245724548,MIMIC,ROUTE_KentHospital,0.32734294144,14.668333333333333,ROUTE_KentHospital,0.32734294144,14.668333333333333,ROUTE_RhodeIslandHospital,0.32734294144,15.563333333333333,ROUTE_KentHospital,0.32734294144,14.668333333333333
41.56749999997619,-71.53777777769241,201.81198677401528,LVO,ROUTE_KentHospital,0.3350878160802602,21.653333333333332,ROUTE_KentHospital,0.3350878160802602,21.653333333333332,ROUTE_RhodeIslandHospital,0.32734294144,36.468333333333334,ROUTE_KentHospital,0.3350878160802602,21.653333333333332
41.77777777775414,-71.4063888888034,195.43672151536515,HEMORRHAGIC,ROUTE_RhodeIslandHospital,0.338500446153823,8.486666666666666,ROUTE_RhodeIslandHospital,0.338500446153823,8.486666666666666,ROUTE_RhodeIslandHospital,0.338500446153823,8.486666666666666,ROUTE_RhodeIslandHospital,0.338500446153823,8.486666666666666
41.9966666666432,-71.51972222213683,62.843671240504676,LVO,ROUTE_RhodeIslandHospital,0.4256993159089568,21.823333333333334,ROUTE_LandmarkMedicalCenter,0.3637257941004114,5.491666666666666,ROUTE_RhodeIslandHospital,0.4256993159089568,21.823333333333334,ROUTE_LandmarkMedicalCenter,0.3637257941004114,5.491666666666666
41.48583333330946,-71.52249999991461,183.15626874086385,HEMORRHAGIC,ROUTE_SouthCountyHospital,0.3403277661836508,10.433333333333334,ROUTE_SouthCountyHospital,0.3403277661836508,10.433333333333334,ROUTE_RhodeIslandHospital,0.32734294144,47.416666666666664,ROUTE_SouthCountyHospital,0.3403277661836508,10.433333333333334
41.825277777754174,-71.44611111102567,241.7185203344828,LVO,ROUTE_RogerWilliamsMedicalCenter,0.32734294144,3.2266666666666666,ROUTE_RogerWilliamsMedicalCenter,0.32734294144,3.2266666666666666,ROUTE_RhodeIslandHospital,0.32734294144,7.508333333333334,ROUTE_RogerWilliamsMedicalCenter,0.32734294144,3.2266666666666666
42.010277777754325,-71.49194444435904,54.617144447820834,HEMORRHAGIC,ROUTE_RhodeIslandHospital,0.4277050449512286,21.501666666666665,ROUTE_LandmarkMedicalCenter,0.4246187702930335,2.856666666666667,ROUTE_RhodeIslandHospital,0.4277050449512286,21.501666666666665,ROUTE_LandmarkMedicalCenter,0.4246187702930335,2.856666666666667
41.738611111087444,-71.5049999999146,57.597507109168205,MIMIC,ROUTE_RhodeIslandHospital,0.42695731773999024,21.705,ROUTE_KentHospital,0.36323508820142314,13.245000000000001,ROUTE_RhodeIslandHospital,0.42695731773999024,21.705,ROUTE_KentHospital,0.36323508820142314,13.245000000000001
41.771111111087464,-71.47222222213679,267.3685298196576,HEMORRHAGIC,ROUTE_KentHospital,0.32734294144,12.218333333333334,ROUTE_KentHospital,0.32734294144,12.218333333333334,ROUTE_RhodeIslandHospital,0.32734294144,13.471666666666666,ROUTE_KentHospital,0.32734294144,12.218333333333334
41.486388888865015,-71.42638888880343,152.60189852690718,LVO,ROUTE_RhodeIslandHospital,0.33944362128921696,45.97666666666667,ROUTE_SouthCountyHospital,0.3453938647599659,12.79,ROUTE_RhodeIslandHospital,0.33944362128921696,45.97666666666667,ROUTE_SouthCountyHospital,0.3453938647599659,12.79
41.81194444442083,-71.44972222213678,78.29707309151885,MIMIC,ROUTE_RhodeIslandHospital,0.42551934014969406,7.138333333333334,ROUTE_RogerWilliamsMedicalCenter,0.3604861473482823,6.67,ROUTE_RhodeIslandHospital,0.42551934014969406,7.138333333333334,ROUTE_RogerWilliamsMedicalCenter,0.3604861473482823,6.67
41.68749999997629,-71.51277777769239,184.5353853961632,LVO,ROUTE_KentHospital,0.3403888146009056,8.71,ROUTE_KentHospital,0.3403888146009056,8.71,ROUTE_RhodeIslandHospital,0.33731421400200906,26.145,ROUTE_KentHospital,0.3403888146009056,8.71
41.76249999997635,-71.40416666658119,31.953627637468003,HEMORRHAGIC,ROUTE_RhodeIslandHospital,0.4358803100727805,9.593333333333334,ROUTE_RhodeIslandHospital,0.4358803100727805,9.593333333333334,ROUTE_RhodeIslandHospital,0.4358803100727805,9.593333333333334,ROUTE_RhodeIslandHospital,0.4358803100727805,9.593333333333334
41.72083333330965,-71.26499999991441,52.72980562042363,HEMORRHAGIC,ROUTE_RhodeIslandHospital,0.4270393808067202,26.223333333333336,ROUTE_RhodeIslandHospital,0.4270393808067202,26.223333333333336,ROUTE_RhodeIslandHospital,0.4270393808067202,26.223333333333336,ROUTE_RhodeIslandHospital,0.4270393808067202,26.223333333333336
41.808888888865276,-71.43611111102565,262.87769105352027,LVO,ROUTE_RhodeIslandHospital,0.32734294144,6.1016666666666675,ROUTE_RhodeIslandHospital,0.32734294144,6.1016666666666675,ROUTE_RhodeIslandHospital,0.32734294144,6.1016666666666675,ROUTE_RhodeIslandHospital,0.32734294144,6.1016666666666675
41.61361111108734,-71.25833333324773,182.8407500836165,LVO,ROUTE_NewportHospital,0.33867945921159215,20.066666666666666,ROUTE_NewportHospital,0.33867945921159215,20.066666666666666,ROUTE_RhodeIslandHospital,0.3355729900471198,37.82666666666667,ROUTE_NewportHospital,0.33867945921159215,20.066666666666666
41.54666666664284,-71.58277777769244,185.7373974332424,HEMORRHAGIC,ROUTE_SouthCountyHospital,0.33724326151804235,25.348333333333336,ROUTE_SouthCountyHospital,0.33724326151804235,25.348333333333336,ROUTE_RhodeIslandHospital,0.32734294144,42.57833333333333,ROUTE_SouthCountyHospital,0.33724326151804235,25.348333333333336
41.528055555531715,-71.29638888880332,90.58653434399898,HEMORRHAGIC,ROUTE_RhodeIslandHospital,0.41256713494602065,50.733333333333334,ROUTE_NewportHospital,0.3580319872735176,7.12,ROUTE_RhodeIslandHospital,0.41256713494602065,50.733333333333334,ROUTE_NewportHospital,0.3580319872735176,7.12
41.1519444444203,-71.56472222213687,118.84766743720184,NLVO,ROUTE_SouthCountyHospital,0.33793203168584335,88.30833333333334,ROUTE_SouthCountyHospital,0.33793203168584335,88.30833333333334,ROUTE_RhodeIslandHospital,0.32734294144,133.45,ROUTE_SouthCountyHospital,0.33793203168584335,88.30833333333334
41.67916666664295,-71.70861111102587,153.88652173580556,LVO,ROUTE_RhodeIslandHospital,0.33994527379271466,41.858333333333334,ROUTE_KentHospital,0.3424992601589649,27.53666666666667,ROUTE_RhodeIslandHospital,0.33994527379271466,41.858333333333334,ROUTE_KentHospital,0.3424992601589649,27.53666666666667
41.34833333330935,-71.75166666658147,169.71542126719578,HEMORRHAGIC,ROUTE_WesterlyHospital,0.34327331452533255,7.4,ROUTE_WesterlyHospital,0.34327331452533255,7.4,ROUTE_RhodeIslandHospital,0.32734294144,61.385,ROUTE_WesterlyHospital,0.34327331452533255,7.4
41.89333333330978,-71.36305555547004,97.02393332844828,NLVO,ROUTE_RhodeIslandHospital,0.418676583790313,17.785,ROUTE_TheMiriamHospital,0.3562409718267919,10.06,ROUTE_RhodeIslandHospital,0.418676583790313,17.785,ROUTE_TheMiriamHospital,0.3562409718267919,10.06
41.60749999997623,-71.24527777769217,71.00705124963908,LVO,ROUTE_RhodeIslandHospital,0.4194762608927601,40.35166666666667,ROUTE_NewportHospital,0.3593398768568272,19.895,ROUTE_RhodeIslandHospital,0.4194762608927601,40.35166666666667,ROUTE_NewportHospital,0.3593398768568272,19.895
41.85944444442087,-71.47222222213679,86.60855629607079,HEMORRHAGIC,ROUTE_RhodeIslandHospital,0.42240929408465616,12.136666666666667,ROUTE_OurLadyOfFatimaHospital,0.35967224741675924,2.57,ROUTE_RhodeIslandHospital,0.42240929408465616,12.136666666666667,ROUTE_OurLadyOfFatimaHospital,0.35967224741675924,2.57
41.786388888865254,-71.43027777769233,170.83675854366513,HEMORRHAGIC,ROUTE_RhodeIslandHospital,0.4039437776999588,8.401666666666667,ROUTE_RhodeIslandHospital,0.4039437776999588,8.401666666666667,ROUTE_RhodeIslandHospital,0.4039437776999588,8.401666666666667,ROUTE_RhodeIslandHospital,0.4039437776999588,8.401666666666667
41.43388888886498,-71.49527777769237,85.07173895615998,HEMORRHAGIC,ROUTE_RhodeIslandHospital,0.4141511637897195,49.34666666666667,ROUTE_SouthCountyHospital,0.3602453897734097,1.1400000000000001,ROUTE_RhodeIslandHospital,0.4141511637897195,49.34666666666667,ROUTE_SouthCountyHospital,0.3602453897734097,1.1400000000000001
41.75361111108745,-71.31166666658112,224.15410092817507,LVO,ROUTE_RhodeIslandHospital,0.32734294144,19.395,ROUTE_RhodeIslandHospital,0.32734294144,19.395,ROUTE_RhodeIslandHospital,0.32734294144,19.395,ROUTE_RhodeIslandHospital,0.32734294144,19.395
41.69583333330963,-71.27416666658108,197.0824925959008,HEMORRHAGIC,ROUTE_RhodeIslandHospital,0.32734294144,29.775,ROUTE_RhodeIslandHospital,0.32734294144,29.775,ROUTE_RhodeIslandHospital,0.32734294144,29.775,ROUTE_RhodeIslandHospital,0.32734294144,29.775
41.60611111108734,-71.2536111110255,163.7695283307289,LVO,ROUTE_RhodeIslandHospital,0.3385646367775701,39.79,ROUTE_NewportHospital,0.3420498716409941,20.16166666666667,ROUTE_RhodeIslandHospital,0.3385646367775701,39.79,ROUTE_NewportHospital,0.3420498716409941,20.16166666666667
41.893611111087566,-71.41083333324787,245.88384060093978,LVO,ROUTE_TheMiriamHospital,0.32734294144,7.355,ROUTE_TheMiriamHospital,0.32734294144,7.355,ROUTE_RhodeIslandHospital,0.32734294144,12.58,ROUTE_TheMiriamHospital,0.32734294144,7.355
41.62222222219846,-71.54194444435907,52.642498965127956,HEMORRHAGIC,ROUTE_RhodeIslandHospital,0.42524414737670346,33.968333333333334,ROUTE_KentHospital,0.3630486333271588,19.153333333333332,ROUTE_RhodeIslandHospital,0.42524414737670346,33.968333333333334,ROUTE_KentHospital,0.3630486333271588,19.153333333333332
41.707222222198524,-71.26277777769218,182.43056186515201,HEMORRHAGIC,ROUTE_RhodeIslandHospital,0.3375712011061505,26.783333333333335,ROUTE_RhodeIslandHospital,0.3375712011061505,26.783333333333335,ROUTE_RhodeIslandHospital,0.3375712011061505,26.783333333333335,ROUTE_RhodeIslandHospital,0.3375712011061505,26.783333333333335
41.826944444420846,-71.36138888880338,77.72958263322195,MIMIC,ROUTE_RhodeIslandHospital,0.4253341600597116,8.496666666666666,ROUTE_RhodeIslandHospital,0.4253341600597116,8.496666666666666,ROUTE_RhodeIslandHospital,0.4253341600597116,8.496666666666666,ROUTE_RhodeIslandHospital,0.4253341600597116,8.496666666666666
41.717777777754094,-71.39999999991451,79.43162281180801,NLVO,ROUTE_RhodeIslandHospital,0.42337440728648656,15.175,ROUTE_KentHospital,0.35882754180362536,14.131666666666666,ROUTE_RhodeIslandHospital,0.42337440728648656,15.175,ROUTE_KentHospital,0.35882754180362536,14.131666666666666
41.97916666664319,-71.47277777769236,66.484427325496,LVO,ROUTE_RhodeIslandHospital,0.42522012647518664,20.228333333333335,ROUTE_LandmarkMedicalCenter,0.362649064795577,7.3566666666666665,ROUTE_RhodeIslandHospital,0.42522012647518664,20.228333333333335,ROUTE_LandmarkMedicalCenter,0.362649064795577,7.3566666666666665
41.80972222219861,-71.66055555547028,49.41767644164137,HEMORRHAGIC,ROUTE_RhodeIslandHospital,0.4280320112602154,25.311666666666667,ROUTE_RogerWilliamsMedicalCenter,0.4219885448062353,22.745,ROUTE_RhodeIslandHospital,0.4280320112602154,25.311666666666667,ROUTE_RogerWilliamsMedicalCenter,0.4219885448062353,22.745
41.55527777775396,-71.30083333324777,127.82554534952877,HEMORRHAGIC,ROUTE_RhodeIslandHospital,0.4042845215627843,49.90333333333333,ROUTE_NewportHospital,0.34987553886808,13.148333333333333,ROUTE_RhodeIslandHospital,0.4042845215627843,49.90333333333333,ROUTE_NewportHospital,0.34987553886808,13.148333333333333
41.85138888886531,-71.39444444435895,236.4810923436539,HEMORRHAGIC,ROUTE_TheMiriamHospital,0.32734294144,0.7,ROUTE_TheMiriamHospital,0.32734294144,0.7,ROUTE_RhodeIslandHospital,0.32734294144,9.325,ROUTE_TheMiriamHospital,0.32734294144,0.7
41.46861111108723,-71.30416666658111,129.2228093884442,NLVO,ROUTE_RhodeIslandHospital,0.3412570672567858,59.144999999999996,ROUTE_NewportHospital,0.3506864224117318,7.383333333333334,ROUTE_RhodeIslandHospital,0.3412570672567858,59.144999999999996,ROUTE_NewportHospital,0.3506864224117318,7.383333333333334
41.57305555553175,-71.45055555547012,38.44240231816738,HEMORRHAGIC,ROUTE_RhodeIslandHospital,0.42731823447190215,39.32333333333334,ROUTE_SouthCountyHospital,0.36519739683753444,22.40666666666667,ROUTE_RhodeIslandHospital,0.42731823447190215,39.32333333333334,ROUTE_SouthCountyHospital,0.36519739683753444,22.40666666666667
41.789444444420816,-71.48388888880348,31.196613793256596,NLVO,ROUTE_RhodeIslandHospital,0.4349098935863261,14.433333333333334,ROUTE_RogerWilliamsMedicalCenter,0.4287400709632203,12.433333333333334,ROUTE_RhodeIslandHospital,0.4349098935863261,14.433333333333334,ROUTE_RogerWilliamsMedicalCenter,0.4287400709632203,12.433333333333334
41.90916666664313,-71.3977777776923,164.27491132922012,LVO,ROUTE_RhodeIslandHospital,0.34257519994662916,16.725,ROUTE_TheMiriamHospital,0.34380535312801286,9.888333333333332,ROUTE_RhodeIslandHospital,0.34257519994662916,16.725,ROUTE_TheMiriamHospital,0.34380535312801286,9.888333333333332
41.86472222219865,-71.4241666665812,87.15652993600557,MIMIC,ROUTE_RhodeIslandHospital,0.42296735664204854,9.195,ROUTE_TheMiriamHospital,0.35905952796949925,5.201666666666667,ROUTE_RhodeIslandHospital,0.42296735664204854,9.195,ROUTE_TheMiriamHospital,0.35905952796949925,5.201666666666667
41.498888888865025,-71.31138888880334,80.26072289561007,HEMORRHAGIC,ROUTE_RhodeIslandHospital,0.4141667984271295,54.09,ROUTE_NewportHospital,0.36096805885047506,2.2183333333333333,ROUTE_RhodeIslandHospital,0.4141667984271295,54.09,ROUTE_NewportHospital,0.36096805885047506,2.2183333333333333
41.380833333309376,-71.76305555547036,229.57903463508043,MIMIC,ROUTE_WesterlyHospital,0.32734294144,9.389999999999999,ROUTE_WesterlyHospital,0.32734294144,9.389999999999999,ROUTE_RhodeIslandHospital,0.32734294144,58.355000000000004,ROUTE_WesterlyHospital,0.32734294144,9.389999999999999
41.5055555555317,-71.35999999991449,39.64568810544061,LVO,ROUTE_RhodeIslandHospital,0.4248844523985771,48.501666666666665,ROUTE_NewportHospital,0.36736921520318744,10.231666666666666,ROUTE_RhodeIslandHospital,0.4248844523985771,48.501666666666665,ROUTE_NewportHospital,0.36736921520318744,10.231666666666666
41.47416666664279,-71.31166666658112,159.12291934487686,NLVO,ROUTE_NewportHospital,0.34545108532163127,5.955,ROUTE_NewportHospital,0.34545108532163127,5.955,ROUTE_RhodeIslandHospital,0.3363029219047267,57.348333333333336,ROUTE_NewportHospital,0.34545108532163127,5.955
41.65361111108737,-71.4672222221368,108.837116257738,MIMIC,ROUTE_RhodeIslandHospital,0.4137869744886945,27.166666666666668,ROUTE_KentHospital,0.35357099360119365,12.351666666666667,ROUTE_RhodeIslandHospital,0.4137869744886945,27.166666666666668,ROUTE_KentHospital,0.35357099360119365,12.351666666666667
41.80249999997638,-71.4533333332479,84.17102774167296,LVO,ROUTE_RhodeIslandHospital,0.4237258622386852,8.931666666666667,ROUTE_RogerWilliamsMedicalCenter,0.35897039057030156,8.65,ROUTE_RhodeIslandHospital,0.4237258622386852,8.931666666666667,ROUTE_RogerWilliamsMedicalCenter,0.35897039057030156,8.65
41.678055555531834,-71.56638888880354,221.99667785826205,LVO,ROUTE_KentHospital,0.32734294144,12.545,ROUTE_KentHospital,0.32734294144,12.545,ROUTE_RhodeIslandHospital,0.32734294144,30.43,ROUTE_KentHospital,0.32734294144,12.545
41.66805555553183,-71.27027777769219,56.99328684708719,LVO,ROUTE_RhodeIslandHospital,0.4249654392370493,30.80666666666667,ROUTE_NewportHospital,0.36050223771911394,27.89,ROUTE_RhodeIslandHospital,0.4249654392370493,30.80666666666667,ROUTE_NewportHospital,0.36050223771911394,27.89
41.691944444420734,-71.50861111102571,111.75448117227273,HEMORRHAGIC,ROUTE_RhodeIslandHospital,0.4136408096604696,24.886666666666667,ROUTE_KentHospital,0.3538108351684613,8.161666666666667,ROUTE_RhodeIslandHospital,0.4136408096604696,24.886666666666667,ROUTE_KentHospital,0.3538108351684613,8.161666666666667
41.78888888886526,-71.42611111102565,48.70165111524897,LVO,ROUTE_RhodeIslandHospital,0.43241195520197145,7.461666666666667,ROUTE_RhodeIslandHospital,0.43241195520197145,7.461666666666667,ROUTE_RhodeIslandHospital,0.43241195520197145,7.461666666666667,ROUTE_RhodeIslandHospital,0.43241195520197145,7.461666666666667
41.77027777775413,-71.44055555547011,101.21513016637529,HEMORRHAGIC,ROUTE_RhodeIslandHospital,0.4189669879102511,12.34,ROUTE_RhodeIslandHospital,0.4189669879102511,12.34,ROUTE_RhodeIslandHospital,0.4189669879102511,12.34,ROUTE_RhodeIslandHospital,0.4189669879102511,12.34
41.53888888886506,-71.49555555547015,135.12427150239125,HEMORRHAGIC,ROUTE_RhodeIslandHospital,0.40566763580427506,36.485,ROUTE_SouthCountyHospital,0.3477669854863926,17.278333333333332,ROUTE_RhodeIslandHospital,0.40566763580427506,36.485,ROUTE_SouthCountyHospital,0.3477669854863926,17.278333333333332
41.757499999976346,-71.40055555547008,38.511352368033805,LVO,ROUTE_RhodeIslandHospital,0.43379887379944476,11.798333333333334,ROUTE_RhodeIslandHospital,0.43379887379944476,11.798333333333334,ROUTE_RhodeIslandHospital,0.43379887379944476,11.798333333333334,ROUTE_RhodeIslandHospital,0.43379887379944476,11.798333333333334
41.4449999999761,-71.52027777769239,181.78344178985571,NLVO,ROUTE_SouthCountyHospital,0.3411638133816615,7.108333333333333,ROUTE_SouthCountyHospital,0.3411638133816615,7.108333333333333,ROUTE_RhodeIslandHospital,0.32734294144,54.82666666666667,ROUTE_SouthCountyHospital,0.3411638133816615,7.108333333333333
41.871388888865326,-71.62722222213692,240.91338566994767,HEMORRHAGIC,ROUTE_OurLadyOfFatimaHospital,0.32734294144,26.276666666666664,ROUTE_OurLadyOfFatimaHospital,0.32734294144,26.276666666666664,ROUTE_RhodeIslandHospital,0.32734294144,29.671666666666667,ROUTE_OurLadyOfFatimaHospital,0.32734294144,26.276666666666664
42.004722222198765,-71.5036111110257,126.89378658907816,MIMIC,ROUTE_RhodeIslandHospital,0.41061527774687206,22.956666666666667,ROUTE_LandmarkMedicalCenter,0.35163077332387277,4.6433333333333335,ROUTE_RhodeIslandHospital,0.41061527774687206,22.956666666666667,ROUTE_LandmarkMedicalCenter,0.35163077332387277,4.6433333333333335
41.869999999976436,-71.43833333324788,41.505949510454386,MIMIC,ROUTE_RhodeIslandHospital,0.43355757135126183,9.821666666666665,ROUTE_OurLadyOfFatimaHospital,0.4277081985386179,5.485,ROUTE_RhodeIslandHospital,0.43355757135126183,9.821666666666665,ROUTE_OurLadyOfFatimaHospital,0.4277081985386179,5.485
41.70416666664297,-71.40888888880342,156.48319181703363,HEMORRHAGIC,ROUTE_RhodeIslandHospital,0.4048366813680438,18.8,ROUTE_KentHospital,0.3449094293001408,11.576666666666666,ROUTE_RhodeIslandHospital,0.4048366813680438,18.8,ROUTE_KentHospital,0.3449094293001408,11.576666666666666
41.851944444420866,-71.46694444435902,56.882492834318725,LVO,ROUTE_RhodeIslandHospital,0.4295791647727502,11.275,ROUTE_OurLadyOfFatimaHospital,0.42465618056164084,2.985,ROUTE_RhodeIslandHospital,0.4295791647727502,11.275,ROUTE_OurLadyOfFatimaHospital,0.42465618056164084,2.985
41.68055555553184,-71.52166666658128,154.68597525286708,LVO,ROUTE_RhodeIslandHospital,0.34262304445833225,26.048333333333336,ROUTE_KentHospital,0.34585639433362214,8.163333333333334,ROUTE_RhodeIslandHospital,0.34262304445833225,26.048333333333336,ROUTE_KentHospital,0.34585639433362214,8.163333333333334
41.8022222221986,-71.44972222213678,181.52602925473332,LVO,ROUTE_RhodeIslandHospital,0.34085523954445196,9.096666666666666,ROUTE_RogerWilliamsMedicalCenter,0.3409053887954932,8.815,ROUTE_RhodeIslandHospital,0.34085523954445196,9.096666666666666,ROUTE_RogerWilliamsMedicalCenter,0.3409053887954932,8.815
41.696944444420744,-71.55583333324797,269.4390047360682,HEMORRHAGIC,ROUTE_KentHospital,0.32734294144,11.57,ROUTE_KentHospital,0.32734294144,11.57,ROUTE_RhodeIslandHospital,0.32734294144,29.136666666666667,ROUTE_KentHospital,0.32734294144,11.57
41.867222222198656,-71.39861111102563,253.49256542876577,HEMORRHAGIC,ROUTE_TheMiriamHospital,0.32734294144,2.695,ROUTE_TheMiriamHospital,0.32734294144,2.695,ROUTE_RhodeIslandHospital,0.32734294144,12.3,ROUTE_TheMiriamHospital,0.32734294144,2.695
41.74249999997633,-71.41777777769231,147.50210815556056,HEMORRHAGIC,ROUTE_RhodeIslandHospital,0.4076637062311529,15.305,ROUTE_RhodeIslandHospital,0.4076637062311529,15.305,ROUTE_RhodeIslandHospital,0.4076637062311529,15.305,ROUTE_RhodeIslandHospital,0.4076637062311529,15.305
41.847777777754196,-71.35555555547003,90.17663677810668,HEMORRHAGIC,ROUTE_RhodeIslandHospital,0.4215215590139376,12.379999999999999,ROUTE_TheMiriamHospital,0.35732355851303577,11.229999999999999,ROUTE_RhodeIslandHospital,0.4215215590139376,12.379999999999999,ROUTE_TheMiriamHospital,0.35732355851303577,11.229999999999999
41.89583333330979,-71.34583333324781,86.81723956295785,MIMIC,ROUTE_RhodeIslandHospital,0.4205184046175571,20.053333333333335,ROUTE_TheMiriamHospital,0.35779914136525287,12.104999999999999,ROUTE_RhodeIslandHospital,0.4205184046175571,20.053333333333335,ROUTE_TheMiriamHospital,0.35779914136525287,12.104999999999999
41.779722222198586,-71.48277777769236,60.177923770169066,MIMIC,ROUTE_RhodeIslandHospital,0.4281860733703421,13.895000000000001,ROUTE_KentHospital,0.3628290814349039,12.74,ROUTE_RhodeIslandHospital,0.4281860733703421,13.895000000000001,ROUTE_KentHospital,0.3628290814349039,12.74
41.971388888865405,-71.71666666658143,65.91098966933802,LVO,ROUTE_RhodeIslandHospital,0.42024719876305144,42.126666666666665,ROUTE_LandmarkMedicalCenter,0.3580265963518025,31.823333333333334,ROUTE_RhodeIslandHospital,0.42024719876305144,42.126666666666665,ROUTE_LandmarkMedicalCenter,0.3580265963518025,31.823333333333334
41.50638888886503,-71.31861111102556,94.48198931022642,MIMIC,ROUTE_RhodeIslandHospital,0.41146846012433946,51.635,ROUTE_NewportHospital,0.3578210236404754,4.325,ROUTE_RhodeIslandHospital,0.41146846012433946,51.635,ROUTE_NewportHospital,0.3578210236404754,4.325
41.82027777775417,-71.42249999991454,179.62898805955274,LVO,ROUTE_RhodeIslandHospital,0.3421394315503225,3.8016666666666667,ROUTE_RhodeIslandHospital,0.3421394315503225,3.8016666666666667,ROUTE_RhodeIslandHospital,0.3421394315503225,3.8016666666666667,ROUTE_RhodeIslandHospital,0.3421394315503225,3.8016666666666667
41.82916666664307,-71.38416666658117,125.5213126521225,LVO,ROUTE_RhodeIslandHospital,0.41482289668456845,5.9766666666666675,ROUTE_TheMiriamHospital,0.35174625202189014,5.3983333333333325,ROUTE_RhodeIslandHospital,0.41482289668456845,5.9766666666666675,ROUTE_TheMiriamHospital,0.35174625202189014,5.3983333333333325
41.86249999997643,-71.39499999991452,47.87921349208942,LVO,ROUTE_RhodeIslandHospital,0.43151013944429173,12.096666666666666,ROUTE_TheMiriamHospital,0.42708445430824915,2.1599999999999997,ROUTE_RhodeIslandHospital,0.43151013944429173,12.096666666666666,ROUTE_TheMiriamHospital,0.42708445430824915,2.1599999999999997
41.846111111087524,-71.40555555547007,242.06157100745324,LVO,ROUTE_TheMiriamHospital,0.32734294144,2.4033333333333333,ROUTE_TheMiriamHospital,0.32734294144,2.4033333333333333,ROUTE_RhodeIslandHospital,0.32734294144,9.373333333333333,ROUTE_TheMiriamHospital,0.32734294144,2.4033333333333333
41.75777777775412,-71.29805555546999,32.764349011165606,MIMIC,ROUTE_RhodeIslandHospital,0.4327928552968614,21.791666666666668,ROUTE_RhodeIslandHospital,0.4327928552968614,21.791666666666668,ROUTE_RhodeIslandHospital,0.4327928552968614,21.791666666666668,ROUTE_RhodeIslandHospital,0.4327928552968614,21.791666666666668
41.888055555532006,-71.40222222213674,74.91928828129204,HEMORRHAGIC,ROUTE_RhodeIslandHospital,0.42489507627938583,13.181666666666667,ROUTE_TheMiriamHospital,0.3613525319830557,5.58,ROUTE_RhodeIslandHospital,0.42489507627938583,13.181666666666667,ROUTE_TheMiriamHospital,0.3613525319830557,5.58
41.619722222198455,-71.15305555546988,259.53721441179016,HEMORRHAGIC,ROUTE_NewportHospital,0.32734294144,34.475,ROUTE_NewportHospital,0.32734294144,34.475,ROUTE_RhodeIslandHospital,0.32734294144,48.58833333333334,ROUTE_NewportHospital,0.32734294144,34.475
41.871388888865326,-71.35027777769226,63.87394147418931,MIMIC,ROUTE_RhodeIslandHospital,0.4265024831517759,17.366666666666667,ROUTE_TheMiriamHospital,0.42136783064556715,10.361666666666668,ROUTE_RhodeIslandHospital,0.4265024831517759,17.366666666666667,ROUTE_TheMiriamHospital,0.42136783064556715,10.361666666666668
41.81333333330972,-71.41638888880343,188.12067139216177,HEMORRHAGIC,ROUTE_RhodeIslandHospital,0.34095401050503954,1.9483333333333335,ROUTE_RhodeIslandHospital,0.34095401050503954,1.9483333333333335,ROUTE_RhodeIslandHospital,0.34095401050503954,1.9483333333333335,ROUTE_RhodeIslandHospital,0.34095401050503954,1.9483333333333335
41.86944444442088,-71.36583333324782,174.17918241198257,HEMORRHAGIC,ROUTE_RhodeIslandHospital,0.34092898615969713,16.029999999999998,ROUTE_TheMiriamHospital,0.3423264988296516,8.208333333333334,ROUTE_RhodeIslandHospital,0.34092898615969713,16.029999999999998,ROUTE_TheMiriamHospital,0.3423264988296516,8.208333333333334
41.39027777775383,-71.61222222213691,193.51968504246287,LVO,ROUTE_SouthCountyHospital,0.33808587306798027,12.761666666666667,ROUTE_SouthCountyHospital,0.33808587306798027,12.761666666666667,ROUTE_RhodeIslandHospital,0.32734294144,59.13666666666666,ROUTE_SouthCountyHospital,0.33808587306798027,12.761666666666667
41.82472222219862,-71.4558333332479,53.64095915899365,LVO,ROUTE_RhodeIslandHospital,0.43086994850982796,9.045,ROUTE_RogerWilliamsMedicalCenter,0.425323672646755,4.388333333333334,ROUTE_RhodeIslandHospital,0.43086994850982796,9.045,ROUTE_RogerWilliamsMedicalCenter,0.425323672646755,4.388333333333334
41.734444444420774,-71.48805555547014,221.1592035712981,LVO,ROUTE_KentHospital,0.32734294144,7.4383333333333335,ROUTE_KentHospital,0.32734294144,7.4383333333333335,ROUTE_RhodeIslandHospital,0.32734294144,20.665000000000003,ROUTE_KentHospital,0.32734294144,7.4383333333333335
41.80527777775416,-71.36805555547005,245.64942450184344,LVO,ROUTE_RhodeIslandHospital,0.32734294144,8.715,ROUTE_RhodeIslandHospital,0.32734294144,8.715,ROUTE_RhodeIslandHospital,0.32734294144,8.715,ROUTE_RhodeIslandHospital,0.32734294144,8.715
41.86249999997643,-71.48499999991459,179.26571889316375,LVO,ROUTE_RhodeIslandHospital,0.3402305680349797,14.871666666666666,ROUTE_OurLadyOfFatimaHospital,0.3418650296976059,5.698333333333333,ROUTE_RhodeIslandHospital,0.3402305680349797,14.871666666666666,ROUTE_OurLadyOfFatimaHospital,0.3418650296976059,5.698333333333333
41.833611111087514,-71.42666666658121,44.8247295201028,LVO,ROUTE_RhodeIslandHospital,0.43336177668116277,7.328333333333333,ROUTE_RogerWilliamsMedicalCenter,0.4280114757347097,1.87,ROUTE_RhodeIslandHospital,0.43336177668116277,7.328333333333333,ROUTE_RogerWilliamsMedicalCenter,0.4280114757347097,1.87
41.885555555532,-71.3913888888034,182.1717179987177,HEMORRHAGIC,ROUTE_RhodeIslandHospital,0.33982272151595216,14.264999999999999,ROUTE_TheMiriamHospital,0.34119576756321973,6.54,ROUTE_RhodeIslandHospital,0.33982272151595216,14.264999999999999,ROUTE_TheMiriamHospital,0.34119576756321973,6.54
41.55916666664285,-71.46777777769235,228.1117158425647,LVO,ROUTE_SouthCountyHospital,0.32734294144,19.28666666666667,ROUTE_SouthCountyHospital,0.32734294144,19.28666666666667,ROUTE_RhodeIslandHospital,0.32734294144,37.75833333333333,ROUTE_SouthCountyHospital,0.32734294144,19.28666666666667
41.70055555553186,-71.52166666658128,174.85074903624763,NLVO,ROUTE_RhodeIslandHospital,0.3391590167745222,25.33833333333333,ROUTE_KentHospital,0.342341154876519,7.455,ROUTE_RhodeIslandHospital,0.3391590167745222,25.33833333333333,ROUTE_KentHospital,0.342341154876519,7.455
41.659444444420714,-71.41722222213676,185.099028531985,MIMIC,ROUTE_KentHospital,0.3383149293112035,19.878333333333334,ROUTE_KentHospital,0.3383149293112035,19.878333333333334,ROUTE_RhodeIslandHospital,0.3357079905540431,34.791666666666664,ROUTE_KentHospital,0.3383149293112035,19.878333333333334
41.52166666664282,-71.41972222213676,150.20711342632063,HEMORRHAGIC,ROUTE_RhodeIslandHospital,0.3406102251378584,41.79333333333333,ROUTE_NewportHospital,0.34529773740636993,15.713333333333333,ROUTE_RhodeIslandHospital,0.3406102251378584,41.79333333333333,ROUTE_NewportHospital,0.34529773740636993,15.713333333333333
41.8944444444209,-71.3433333332478,157.17872055281902,HEMORRHAGIC,ROUTE_RhodeIslandHospital,0.4042282041652317,20.8,ROUTE_TheMiriamHospital,0.3445775982430946,12.713333333333333,ROUTE_RhodeIslandHospital,0.4042282041652317,20.8,ROUTE_TheMiriamHospital,0.3445775982430946,12.713333333333333
41.81805555553195,-71.41555555547009,223.16040720621834,LVO,ROUTE_RhodeIslandHospital,0.32734294144,4.2733333333333325,ROUTE_RhodeIslandHospital,0.32734294144,4.2733333333333325,ROUTE_RhodeIslandHospital,0.32734294144,4.2733333333333325,ROUTE_RhodeIslandHospital,0.32734294144,4.2733333333333325
41.82333333330973,-71.39999999991451,227.22981506244915,LVO,ROUTE_RhodeIslandHospital,0.32734294144,4.281666666666666,ROUTE_RhodeIslandHospital,0.32734294144,4.281666666666666,ROUTE_RhodeIslandHospital,0.32734294144,4.281666666666666,ROUTE_RhodeIslandHospital,0.32734294144,4.281666666666666
41.846388888865306,-71.56499999991465,98.63856364218492,LVO,ROUTE_RhodeIslandHospital,0.4181135517344818,18.601666666666667,ROUTE_RogerWilliamsMedicalCenter,0.354800660075463,16.035,ROUTE_RhodeIslandHospital,0.4181135517344818,18.601666666666667,ROUTE_RogerWilliamsMedicalCenter,0.354800660075463,16.035
41.43416666664275,-71.48027777769236,46.38165274653326,MIMIC,ROUTE_RhodeIslandHospital,0.42359671793387954,47.27333333333333,ROUTE_SouthCountyHospital,0.3675455952155172,2.6083333333333334,ROUTE_RhodeIslandHospital,0.42359671793387954,47.27333333333333,ROUTE_SouthCountyHospital,0.3675455952155172,2.6083333333333334
41.855833333309754,-71.46999999991458,147.6548561830545,HEMORRHAGIC,ROUTE_RhodeIslandHospital,0.4083862641651352,11.973333333333333,ROUTE_OurLadyOfFatimaHospital,0.34802066888292726,3.3666666666666667,ROUTE_RhodeIslandHospital,0.4083862641651352,11.973333333333333,ROUTE_OurLadyOfFatimaHospital,0.34802066888292726,3.3666666666666667
41.88861111108756,-71.35194444435892,221.6934430621237,LVO,ROUTE_TheMiriamHospital,0.32734294144,9.841666666666667,ROUTE_TheMiriamHospital,0.32734294144,9.841666666666667,ROUTE_RhodeIslandHospital,0.32734294144,17.928333333333335,ROUTE_TheMiriamHospital,0.32734294144,9.841666666666667
41.78694444442081,-71.40388888880341,72.03789506554098,MIMIC,ROUTE_RhodeIslandHospital,0.4272807717125413,5.888333333333334,ROUTE_RhodeIslandHospital,0.4272807717125413,5.888333333333334,ROUTE_RhodeIslandHospital,0.4272807717125413,5.888333333333334,ROUTE_RhodeIslandHospital,0.4272807717125413,5.888333333333334
41.747499999976334,-71.42694444435898,178.96078546624662,HEMORRHAGIC,ROUTE_RhodeIslandHospital,0.3406621246222939,12.748333333333333,ROUTE_RhodeIslandHospital,0.3406621246222939,12.748333333333333,ROUTE_RhodeIslandHospital,0.3406621246222939,12.748333333333333,ROUTE_RhodeIslandHospital,0.3406621246222939,12.748333333333333
41.744999999976336,-71.34999999991447,177.3062238066832,LVO,ROUTE_RhodeIslandHospital,0.34030442270277095,16.415,ROUTE_RhodeIslandHospital,0.34030442270277095,16.415,ROUTE_RhodeIslandHospital,0.34030442270277095,16.415,ROUTE_RhodeIslandHospital,0.34030442270277095,16.415
41.68944444442074,-71.28583333324777,198.3935577198671,NLVO,ROUTE_RhodeIslandHospital,0.32734294144,29.158333333333335,ROUTE_RhodeIslandHospital,0.32734294144,29.158333333333335,ROUTE_RhodeIslandHospital,0.32734294144,29.158333333333335,ROUTE_RhodeIslandHospital,0.32734294144,29.158333333333335
41.91944444442092,-71.53305555547018,123.65957493648138,LVO,ROUTE_RhodeIslandHospital,0.41139382821327836,22.785,ROUTE_OurLadyOfFatimaHospital,0.3504399312633725,14.271666666666667,ROUTE_RhodeIslandHospital,0.41139382821327836,22.785,ROUTE_OurLadyOfFatimaHospital,0.3504399312633725,14.271666666666667
41.53111111108728,-71.4241666665812,79.92433502438479,LVO,ROUTE_RhodeIslandHospital,0.4174087252491036,40.36333333333334,ROUTE_NewportHospital,0.35845607351477893,15.571666666666665,ROUTE_RhodeIslandHospital,0.4174087252491036,40.36333333333334,ROUTE_NewportHospital,0.35845607351477893,15.571666666666665
41.87222222219866,-71.45111111102567,265.1935442738088,HEMORRHAGIC,ROUTE_OurLadyOfFatimaHospital,0.32734294144,7.805000000000001,ROUTE_OurLadyOfFatimaHospital,0.32734294144,7.805000000000001,ROUTE_RhodeIslandHospital,0.32734294144,14.9,ROUTE_OurLadyOfFatimaHospital,0.32734294144,7.805000000000001
41.673888888865164,-71.27166666658108,129.4356186608901,LVO,ROUTE_RhodeIslandHospital,0.4082591688798709,30.751666666666665,ROUTE_NewportHospital,0.3466272564022926,29.188333333333333,ROUTE_RhodeIslandHospital,0.4082591688798709,30.751666666666665,ROUTE_NewportHospital,0.3466272564022926,29.188333333333333
42.01472222219877,-71.53416666658129,192.9452208644962,LVO,ROUTE_LandmarkMedicalCenter,0.33907473380936576,7.721666666666667,ROUTE_LandmarkMedicalCenter,0.33907473380936576,7.721666666666667,ROUTE_RhodeIslandHospital,0.3360736078656284,24.84333333333333,ROUTE_LandmarkMedicalCenter,0.33907473380936576,7.721666666666667
41.753055555531894,-71.4886111110257,213.60078379383398,HEMORRHAGIC,ROUTE_KentHospital,0.33521847836957613,9.111666666666668,ROUTE_KentHospital,0.33521847836957613,9.111666666666668,ROUTE_RhodeIslandHospital,0.32734294144,18.623333333333335,ROUTE_KentHospital,0.33521847836957613,9.111666666666668
41.8136111110875,-71.38111111102562,136.92611670556954,HEMORRHAGIC,ROUTE_RhodeIslandHospital,0.41178067608128976,7.826666666666667,ROUTE_RhodeIslandHospital,0.41178067608128976,7.826666666666667,ROUTE_RhodeIslandHospital,0.41178067608128976,7.826666666666667,ROUTE_RhodeIslandHospital,0.41178067608128976,7.826666666666667
41.4827777777539,-71.53305555547018,68.5636420024373,HEMORRHAGIC,ROUTE_RhodeIslandHospital,0.4177405000877221,50.288333333333334,ROUTE_SouthCountyHospital,0.3613089588994585,12.16,ROUTE_RhodeIslandHospital,0.4177405000877221,50.288333333333334,ROUTE_SouthCountyHospital,0.3613089588994585,12.16
41.975555555532075,-71.45416666658123,234.31832874545628,LVO,ROUTE_LandmarkMedicalCenter,0.32734294144,7.706666666666666,ROUTE_LandmarkMedicalCenter,0.32734294144,7.706666666666666,ROUTE_RhodeIslandHospital,0.32734294144,20.233333333333334,ROUTE_LandmarkMedicalCenter,0.32734294144,7.706666666666666
41.81777777775417,-71.45111111102567,187.56037739978498,NLVO,ROUTE_RhodeIslandHospital,0.3399960046321654,7.8983333333333325,ROUTE_RogerWilliamsMedicalCenter,0.34014594508391577,7.053333333333333,ROUTE_RhodeIslandHospital,0.3399960046321654,7.8983333333333325,ROUTE_RogerWilliamsMedicalCenter,0.34014594508391577,7.053333333333333
41.47499999997612,-71.46527777769235,248.1685949489124,LVO,ROUTE_SouthCountyHospital,0.32734294144,7.473333333333333,ROUTE_SouthCountyHospital,0.32734294144,7.473333333333333,ROUTE_RhodeIslandHospital,0.32734294144,44.559999999999995,ROUTE_SouthCountyHospital,0.32734294144,7.473333333333333
41.95722222219872,-71.66194444435916,52.3159893854543,HEMORRHAGIC,ROUTE_RhodeIslandHospital,0.4253109994169857,34.00833333333333,ROUTE_LandmarkMedicalCenter,0.36222357928992444,23.706666666666667,ROUTE_RhodeIslandHospital,0.4253109994169857,34.00833333333333,ROUTE_LandmarkMedicalCenter,0.36222357928992444,23.706666666666667
41.787777777754144,-71.44611111102567,56.243700560370364,LVO,ROUTE_RhodeIslandHospital,0.42982393808702013,10.875,ROUTE_RhodeIslandHospital,0.42982393808702013,10.875,ROUTE_RhodeIslandHospital,0.42982393808702013,10.875,ROUTE_RhodeIslandHospital,0.42982393808702013,10.875
41.45222222219832,-71.52722222213684,191.4139898446475,HEMORRHAGIC,ROUTE_SouthCountyHospital,0.3395645775360211,6.4816666666666665,ROUTE_SouthCountyHospital,0.3395645775360211,6.4816666666666665,ROUTE_RhodeIslandHospital,0.32734294144,51.43666666666666,ROUTE_SouthCountyHospital,0.3395645775360211,6.4816666666666665
41.683055555531844,-71.25666666658107,95.58584590025701,LVO,ROUTE_RhodeIslandHospital,0.41595187975739467,31.011666666666667,ROUTE_NewportHospital,0.3527039302065959,30.21833333333333,ROUTE_RhodeIslandHospital,0.41595187975739467,31.011666666666667,ROUTE_NewportHospital,0.3527039302065959,30.21833333333333
41.39111111108716,-71.47611111102569,38.15808453975663,LVO,ROUTE_RhodeIslandHospital,0.4238837270502123,54.26833333333333,ROUTE_SouthCountyHospital,0.36788463072389604,9.128333333333334,ROUTE_RhodeIslandHospital,0.4238837270502123,54.26833333333333,ROUTE_SouthCountyHospital,0.36788463072389604,9.128333333333334
41.758611111087454,-71.34027777769225,71.57011674760714,HEMORRHAGIC,ROUTE_RhodeIslandHospital,0.4251246427918986,15.55,ROUTE_RhodeIslandHospital,0.4251246427918986,15.55,ROUTE_RhodeIslandHospital,0.4251246427918986,15.55,ROUTE_RhodeIslandHospital,0.4251246427918986,15.55
41.746111111087444,-71.34194444435892,266.0212494025312,LVO,ROUTE_RhodeIslandHospital,0.32734294144,17.056666666666665,ROUTE_RhodeIslandHospital,0.32734294144,17.056666666666665,ROUTE_RhodeIslandHospital,0.32734294144,17.056666666666665,ROUTE_RhodeIslandHospital,0.32734294144,17.056666666666665
41.81249999997639,-71.41888888880342,38.00570668615717,HEMORRHAGIC,ROUTE_RhodeIslandHospital,0.4360546355590239,2.808333333333333,ROUTE_RhodeIslandHospital,0.4360546355590239,2.808333333333333,ROUTE_RhodeIslandHospital,0.4360546355590239,2.808333333333333,ROUTE_RhodeIslandHospital,0.4360546355590239,2.808333333333333
41.793333333309704,-71.45138888880345,126.07904579189474,LVO,ROUTE_RhodeIslandHospital,0.4139478534004953,9.225,ROUTE_RhodeIslandHospital,0.4139478534004953,9.225,ROUTE_RhodeIslandHospital,0.4139478534004953,9.225,ROUTE_RhodeIslandHospital,0.4139478534004953,9.225
41.719166666642984,-71.27722222213664,142.3551831582104,HEMORRHAGIC,ROUTE_RhodeIslandHospital,0.4065910050766263,25.178333333333335,ROUTE_RhodeIslandHospital,0.4065910050766263,25.178333333333335,ROUTE_RhodeIslandHospital,0.4065910050766263,25.178333333333335,ROUTE_RhodeIslandHospital,0.4065910050766263,25.178333333333335
41.800555555531936,-71.41972222213676,184.18395739051377,LVO,ROUTE_RhodeIslandHospital,0.3413286328551295,3.783333333333333,ROUTE_RhodeIslandHospital,0.3413286328551295,3.783333333333333,ROUTE_RhodeIslandHospital,0.3413286328551295,3.783333333333333,ROUTE_RhodeIslandHospital,0.3413286328551295,3.783333333333333
41.62277777775402,-71.16555555546988,66.05353723374027,HEMORRHAGIC,ROUTE_RhodeIslandHospital,0.41913993285533563,46.755,ROUTE_NewportHospital,0.3578425314625695,32.641666666666666,ROUTE_RhodeIslandHospital,0.41913993285533563,46.755,ROUTE_NewportHospital,0.3578425314625695,32.641666666666666
41.47333333330945,-71.31499999991445,141.46418042198616,LVO,ROUTE_RhodeIslandHospital,0.33936235249272684,57.575,ROUTE_NewportHospital,0.348642410951898,6.180000000000001,ROUTE_RhodeIslandHospital,0.33936235249272684,57.575,ROUTE_NewportHospital,0.348642410951898,6.180000000000001
41.84111111108752,-71.3547222221367,195.9803615633819,LVO,ROUTE_RhodeIslandHospital,0.3380629119223004,10.431666666666667,ROUTE_TheMiriamHospital,0.3381646377033217,9.851666666666667,ROUTE_RhodeIslandHospital,0.3380629119223004,10.431666666666667,ROUTE_TheMiriamHospital,0.3381646377033217,9.851666666666667
41.99944444442098,-71.51861111102572,250.0073367718692,HEMORRHAGIC,ROUTE_LandmarkMedicalCenter,0.32734294144,6.2266666666666675,ROUTE_LandmarkMedicalCenter,0.32734294144,6.2266666666666675,ROUTE_RhodeIslandHospital,0.32734294144,22.921666666666667,ROUTE_LandmarkMedicalCenter,0.32734294144,6.2266666666666675
41.82083333330973,-71.43138888880343,196.88677523693238,NLVO,ROUTE_RhodeIslandHospital,0.33880566309550053,5.305000000000001,ROUTE_RogerWilliamsMedicalCenter,0.3388409596889807,5.105,ROUTE_RhodeIslandHospital,0.33880566309550053,5.305000000000001,ROUTE_RogerWilliamsMedicalCenter,0.3388409596889807,5.105
41.65749999997627,-71.19138888880325,122.76377807313649,LVO,ROUTE_RhodeIslandHospital,0.40686111622207705,43.57833333333333,ROUTE_NewportHospital,0.3477989109002999,29.465,ROUTE_RhodeIslandHospital,0.40686111622207705,43.57833333333333,ROUTE_NewportHospital,0.3477989109002999,29.465
41.725277777754094,-71.46777777769235,86.68174801523304,HEMORRHAGIC,ROUTE_RhodeIslandHospital,0.42077797073256884,19.071666666666665,ROUTE_KentHospital,0.3584002491383569,9.104999999999999,ROUTE_RhodeIslandHospital,0.42077797073256884,19.071666666666665,ROUTE_KentHospital,0.3584002491383569,9.104999999999999
41.667777777754054,-71.54749999991463,218.4914704152172,HEMORRHAGIC,ROUTE_KentHospital,0.32734294144,13.251666666666667,ROUTE_KentHospital,0.32734294144,13.251666666666667,ROUTE_RhodeIslandHospital,0.32734294144,29.615000000000002,ROUTE_KentHospital,0.32734294144,13.251666666666667
41.394722222198276,-71.4772222221368,61.876715833184065,LVO,ROUTE_RhodeIslandHospital,0.4184770585020511,53.79333333333333,ROUTE_SouthCountyHospital,0.36329613114005777,8.653333333333334,ROUTE_RhodeIslandHospital,0.4184770585020511,53.79333333333333,ROUTE_SouthCountyHospital,0.36329613114005777,8.653333333333334
41.66805555553183,-71.54749999991463,87.18628179206672,LVO,ROUTE_RhodeIslandHospital,0.4182011831661002,29.675,ROUTE_KentHospital,0.35749725591772374,13.313333333333333,ROUTE_RhodeIslandHospital,0.4182011831661002,29.675,ROUTE_KentHospital,0.35749725591772374,13.313333333333333
41.72416666664299,-71.3924999999145,190.8028640889699,LVO,ROUTE_RhodeIslandHospital,0.33784293319158765,16.861666666666668,ROUTE_RhodeIslandHospital,0.33784293319158765,16.861666666666668,ROUTE_RhodeIslandHospital,0.33784293319158765,16.861666666666668,ROUTE_RhodeIslandHospital,0.33784293319158765,16.861666666666668
41.37499999997604,-71.81777777769263,177.29592253621647,LVO,ROUTE_WesterlyHospital,0.3426730746069285,3.158333333333333,ROUTE_WesterlyHospital,0.3426730746069285,3.158333333333333,ROUTE_RhodeIslandHospital,0.32734294144,56.51166666666666,ROUTE_WesterlyHospital,0.3426730746069285,3.158333333333333
41.62416666664291,-71.50083333324793,259.6160158285399,HEMORRHAGIC,ROUTE_KentHospital,0.32734294144,14.488333333333333,ROUTE_KentHospital,0.32734294144,14.488333333333333,ROUTE_RhodeIslandHospital,0.32734294144,29.303333333333335,ROUTE_KentHospital,0.32734294144,14.488333333333333
41.88083333330977,-71.38361111102562,151.37181807534535,LVO,ROUTE_RhodeIslandHospital,0.40704067949751316,14.178333333333335,ROUTE_TheMiriamHospital,0.346869318899791,5.928333333333333,ROUTE_RhodeIslandHospital,0.40704067949751316,14.178333333333335,ROUTE_TheMiriamHospital,0.346869318899791,5.928333333333333
41.854444444420864,-71.41499999991453,166.79839125724249,LVO,ROUTE_RhodeIslandHospital,0.4047580814602948,8.833333333333334,ROUTE_TheMiriamHospital,0.3445181222129131,3.421666666666667,ROUTE_RhodeIslandHospital,0.4047580814602948,8.833333333333334,ROUTE_TheMiriamHospital,0.3445181222129131,3.421666666666667
41.863055555531986,-71.47083333324791,112.28340622082924,LVO,ROUTE_RhodeIslandHospital,0.41620790920927825,13.203333333333335,ROUTE_OurLadyOfFatimaHospital,0.3545647741610491,3.6366666666666663,ROUTE_RhodeIslandHospital,0.41620790920927825,13.203333333333335,ROUTE_OurLadyOfFatimaHospital,0.3545647741610491,3.6366666666666663
41.52888888886505,-71.13472222213653,68.19869866705466,LVO,ROUTE_RhodeIslandHospital,0.4153408419187893,61.05,ROUTE_NewportHospital,0.3547133017058699,46.93666666666666,ROUTE_RhodeIslandHospital,0.4153408419187893,61.05,ROUTE_NewportHospital,0.3547133017058699,46.93666666666666
41.8691666666431,-71.35555555547003,267.91943594148836,NLVO,ROUTE_TheMiriamHospital,0.32734294144,9.216666666666667,ROUTE_TheMiriamHospital,0.32734294144,9.216666666666667,ROUTE_RhodeIslandHospital,0.32734294144,16.306666666666665,ROUTE_TheMiriamHospital,0.32734294144,9.216666666666667
41.72722222219854,-71.55861111102575,49.76848134706691,HEMORRHAGIC,ROUTE_RhodeIslandHospital,0.4268076405033066,30.171666666666667,ROUTE_KentHospital,0.42282360766591676,15.15,ROUTE_RhodeIslandHospital,0.4268076405033066,30.171666666666667,ROUTE_KentHospital,0.42282360766591676,15.15
41.819722222198614,-71.43972222213677,46.198813806078405,HEMORRHAGIC,ROUTE_RhodeIslandHospital,0.4331089407459833,7.0216666666666665,ROUTE_RogerWilliamsMedicalCenter,0.42717215629534033,4.03,ROUTE_RhodeIslandHospital,0.4331089407459833,7.0216666666666665,ROUTE_RogerWilliamsMedicalCenter,0.42717215629534033,4.03
41.83555555553196,-71.48722222213681,95.78483181784954,HEMORRHAGIC,ROUTE_RhodeIslandHospital,0.42009628469204924,12.901666666666667,ROUTE_RogerWilliamsMedicalCenter,0.35710818294218316,6.75,ROUTE_RhodeIslandHospital,0.42009628469204924,12.901666666666667,ROUTE_RogerWilliamsMedicalCenter,0.35710818294218316,6.75
41.831111111087516,-71.38833333324784,137.55681863082873,LVO,ROUTE_RhodeIslandHospital,0.41210232570796,5.791666666666667,ROUTE_TheMiriamHospital,0.3496196239384453,4.798333333333333,ROUTE_RhodeIslandHospital,0.41210232570796,5.791666666666667,ROUTE_TheMiriamHospital,0.3496196239384453,4.798333333333333
41.8136111110875,-71.4255555554701,89.58481114806189,LVO,ROUTE_RhodeIslandHospital,0.423617776617097,3.98,ROUTE_RhodeIslandHospital,0.423617776617097,3.98,ROUTE_RhodeIslandHospital,0.423617776617097,3.98,ROUTE_RhodeIslandHospital,0.423617776617097,3.98
41.763055555531906,-71.35749999991448,129.98584332335145,HEMORRHAGIC,ROUTE_RhodeIslandHospital,0.41193652622233895,14.086666666666668,ROUTE_RhodeIslandHospital,0.41193652622233895,14.086666666666668,ROUTE_RhodeIslandHospital,0.41193652622233895,14.086666666666668,ROUTE_RhodeIslandHospital,0.41193652622233895,14.086666666666668
41.873888888865324,-71.35388888880337,115.141608858261,NLVO,ROUTE_RhodeIslandHospital,0.4147404849178833,16.715,ROUTE_TheMiriamHospital,0.3528825714118266,9.71,ROUTE_RhodeIslandHospital,0.4147404849178833,16.715,ROUTE_TheMiriamHospital,0.3528825714118266,9.71
41.99472222219875,-71.48555555547014,149.82628747268456,HEMORRHAGIC,ROUTE_RhodeIslandHospital,0.4063823248555573,18.628333333333334,ROUTE_LandmarkMedicalCenter,0.3477412424676361,2.716666666666667,ROUTE_RhodeIslandHospital,0.4063823248555573,18.628333333333334,ROUTE_LandmarkMedicalCenter,0.3477412424676361,2.716666666666667
41.708611111087414,-71.2272222221366,168.09641038523168,LVO,ROUTE_RhodeIslandHospital,0.3388429932906952,33.88333333333333,ROUTE_RhodeIslandHospital,0.3388429932906952,33.88333333333333,ROUTE_RhodeIslandHospital,0.3388429932906952,33.88333333333333,ROUTE_RhodeIslandHospital,0.3388429932906952,33.88333333333333
41.52888888886505,-71.41999999991454,169.5927007172408,HEMORRHAGIC,ROUTE_NewportHospital,0.3417619464254584,15.948333333333332,ROUTE_NewportHospital,0.3417619464254584,15.948333333333332,ROUTE_RhodeIslandHospital,0.33714974376850876,42.026666666666664,ROUTE_NewportHospital,0.3417619464254584,15.948333333333332
41.808888888865276,-71.43916666658122,246.56857689963678,MIMIC,ROUTE_RogerWilliamsMedicalCenter,0.32734294144,6.181666666666667,ROUTE_RogerWilliamsMedicalCenter,0.32734294144,6.181666666666667,ROUTE_RhodeIslandHospital,0.32734294144,6.463333333333334,ROUTE_RogerWilliamsMedicalCenter,0.32734294144,6.181666666666667
41.5144444444206,-71.31027777769222,96.5408629540503,MIMIC,ROUTE_RhodeIslandHospital,0.4106991722262654,52.94166666666667,ROUTE_NewportHospital,0.35741060167767524,4.411666666666666,ROUTE_RhodeIslandHospital,0.4106991722262654,52.94166666666667,ROUTE_NewportHospital,0.35741060167767524,4.411666666666666
41.867222222198656,-71.39666666658118,238.50712994104376,LVO,ROUTE_TheMiriamHospital,0.32734294144,3.2866666666666666,ROUTE_TheMiriamHospital,0.32734294144,3.2866666666666666,ROUTE_RhodeIslandHospital,0.32734294144,12.81,ROUTE_TheMiriamHospital,0.32734294144,3.2866666666666666
41.76888888886524,-71.43722222213677,85.75958079590933,LVO,ROUTE_RhodeIslandHospital,0.4225360982543073,12.441666666666666,ROUTE_RhodeIslandHospital,0.4225360982543073,12.441666666666666,ROUTE_RhodeIslandHospital,0.4225360982543073,12.441666666666666,ROUTE_RhodeIslandHospital,0.4225360982543073,12.441666666666666
41.69805555553185,-71.45722222213679,234.61207371910442,HEMORRHAGIC,ROUTE_KentHospital,0.32734294144,5.255,ROUTE_KentHospital,0.32734294144,5.255,ROUTE_RhodeIslandHospital,0.32734294144,20.64,ROUTE_KentHospital,0.32734294144,5.255
41.99749999997653,-71.52416666658128,248.76032517287433,NLVO,ROUTE_LandmarkMedicalCenter,0.32734294144,6.006666666666666,ROUTE_LandmarkMedicalCenter,0.32734294144,6.006666666666666,ROUTE_RhodeIslandHospital,0.32734294144,21.616666666666667,ROUTE_LandmarkMedicalCenter,0.32734294144,6.006666666666666
41.76749999997635,-71.43833333324788,192.19106163320373,NLVO,ROUTE_RhodeIslandHospital,0.33828921271140056,12.933333333333334,ROUTE_RhodeIslandHospital,0.33828921271140056,12.933333333333334,ROUTE_RhodeIslandHospital,0.33828921271140056,12.933333333333334,ROUTE_RhodeIslandHospital,0.33828921271140056,12.933333333333334
41.694166666642964,-71.42111111102565,220.05403203336292,HEMORRHAGIC,ROUTE_KentHospital,0.32734294144,11.603333333333333,ROUTE_KentHospital,0.32734294144,11.603333333333333,ROUTE_RhodeIslandHospital,0.32734294144,23.706666666666667,ROUTE_KentHospital,0.32734294144,11.603333333333333
41.95722222219872,-71.55944444435909,243.75595190701048,HEMORRHAGIC,ROUTE_LandmarkMedicalCenter,0.32734294144,15.665,ROUTE_LandmarkMedicalCenter,0.32734294144,15.665,ROUTE_RhodeIslandHospital,0.32734294144,25.25,ROUTE_LandmarkMedicalCenter,0.32734294144,15.665
41.95583333330983,-71.46444444435902,35.236866757643455,HEMORRHAGIC,ROUTE_RhodeIslandHospital,0.43254083578277536,20.383333333333333,ROUTE_LandmarkMedicalCenter,0.4273405953927699,10.761666666666667,ROUTE_RhodeIslandHospital,0.43254083578277536,20.383333333333333,ROUTE_LandmarkMedicalCenter,0.4273405953927699,10.761666666666667
41.590555555531765,-71.52388888880351,114.62985347417145,LVO,ROUTE_RhodeIslandHospital,0.4108222480071388,34.315000000000005,ROUTE_KentHospital,0.35114743136369725,19.5,ROUTE_RhodeIslandHospital,0.4108222480071388,34.315000000000005,ROUTE_KentHospital,0.35114743136369725,19.5
41.874166666643106,-71.36972222213672,163.01437297920117,HEMORRHAGIC,ROUTE_RhodeIslandHospital,0.40414331314115276,15.34,ROUTE_TheMiriamHospital,0.3446105891505693,6.694999999999999,ROUTE_RhodeIslandHospital,0.40414331314115276,15.34,ROUTE_TheMiriamHospital,0.3446105891505693,6.694999999999999
41.469722222198335,-71.31611111102556,109.63416887851488,LVO,ROUTE_RhodeIslandHospital,0.4065976588718274,57.87,ROUTE_NewportHospital,0.354528939566595,6.4766666666666675,ROUTE_RhodeIslandHospital,0.4065976588718274,57.87,ROUTE_NewportHospital,0.354528939566595,6.4766666666666675
41.55777777775396,-71.2588888888033,52.238776766432096,HEMORRHAGIC,ROUTE_RhodeIslandHospital,0.422277215545791,47.07333333333334,ROUTE_NewportHospital,0.3642968552305389,13.186666666666667,ROUTE_RhodeIslandHospital,0.422277215545791,47.07333333333334,ROUTE_NewportHospital,0.3642968552305389,13.186666666666667
41.833611111087514,-71.47805555547014,213.2244584878069,HEMORRHAGIC,ROUTE_RogerWilliamsMedicalCenter,0.3357669589199077,6.326666666666667,ROUTE_RogerWilliamsMedicalCenter,0.3357669589199077,6.326666666666667,ROUTE_RhodeIslandHospital,0.32734294144,12.479999999999999,ROUTE_RogerWilliamsMedicalCenter,0.3357669589199077,6.326666666666667
41.83472222219863,-71.42249999991454,251.1422521636352,HEMORRHAGIC,ROUTE_RogerWilliamsMedicalCenter,0.32734294144,1.8833333333333333,ROUTE_RogerWilliamsMedicalCenter,0.32734294144,1.8833333333333333,ROUTE_RhodeIslandHospital,0.32734294144,6.513333333333334,ROUTE_RogerWilliamsMedicalCenter,0.32734294144,1.8833333333333333
41.89166666664312,-71.4027777776923,120.41909711518815,HEMORRHAGIC,ROUTE_RhodeIslandHospital,0.4141441089734717,14.03,ROUTE_TheMiriamHospital,0.35250823981951085,6.428333333333333,ROUTE_RhodeIslandHospital,0.4141441089734717,14.03,ROUTE_TheMiriamHospital,0.35250823981951085,6.428333333333333
41.832499999976406,-71.48583333324792,87.08755750598144,NLVO,ROUTE_RhodeIslandHospital,0.42165577074964394,14.891666666666667,ROUTE_RogerWilliamsMedicalCenter,0.35839251054816024,8.74,ROUTE_RhodeIslandHospital,0.42165577074964394,14.891666666666667,ROUTE_RogerWilliamsMedicalCenter,0.35839251054816024,8.74
41.65749999997627,-71.60111111102579,113.47859840969741,NLVO,ROUTE_RhodeIslandHospital,0.4120202745594647,30.228333333333335,ROUTE_KentHospital,0.3521253546940211,15.413333333333332,ROUTE_RhodeIslandHospital,0.4120202745594647,30.228333333333335,ROUTE_KentHospital,0.3521253546940211,15.413333333333332
41.716388888865204,-71.27444444435886,169.84379354926875,HEMORRHAGIC,ROUTE_RhodeIslandHospital,0.3400984418122197,25.038333333333334,ROUTE_RhodeIslandHospital,0.3400984418122197,25.038333333333334,ROUTE_RhodeIslandHospital,0.3400984418122197,25.038333333333334,ROUTE_RhodeIslandHospital,0.3400984418122197,25.038333333333334
41.66055555553182,-71.49694444435904,129.33551155977813,LVO,ROUTE_RhodeIslandHospital,0.40961095419399135,24.915000000000003,ROUTE_KentHospital,0.35016063555596705,10.1,ROUTE_RhodeIslandHospital,0.40961095419399135,24.915000000000003,ROUTE_KentHospital,0.35016063555596705,10.1
41.68055555553184,-71.5669444443591,137.5007290953972,HEMORRHAGIC,ROUTE_RhodeIslandHospital,0.4066024442528723,29.98166666666667,ROUTE_KentHospital,0.34828243294420813,12.098333333333333,ROUTE_RhodeIslandHospital,0.4066024442528723,29.98166666666667,ROUTE_KentHospital,0.34828243294420813,12.098333333333333
41.727499999976324,-71.40666666658119,132.75252707169471,HEMORRHAGIC,ROUTE_RhodeIslandHospital,0.4112543635187631,14.301666666666668,ROUTE_RhodeIslandHospital,0.4112543635187631,14.301666666666668,ROUTE_RhodeIslandHospital,0.4112543635187631,14.301666666666668,ROUTE_RhodeIslandHospital,0.4112543635187631,14.301666666666668
41.67555555553184,-71.57666666658133,77.85278129770862,LVO,ROUTE_RhodeIslandHospital,0.4193500708826801,34.05,ROUTE_KentHospital,0.358739961607871,16.166666666666668,ROUTE_RhodeIslandHospital,0.4193500708826801,34.05,ROUTE_KentHospital,0.358739961607871,16.166666666666668
41.72916666664299,-71.44638888880344,190.3834985700313,LVO,ROUTE_RhodeIslandHospital,0.33829760804479525,14.693333333333333,ROUTE_KentHospital,0.3391925618342011,9.615,ROUTE_RhodeIslandHospital,0.33829760804479525,14.693333333333333,ROUTE_KentHospital,0.3391925618342011,9.615
41.819722222198614,-71.64472222213693,83.43919628294739,LVO,ROUTE_RhodeIslandHospital,0.4196929208902059,26.985,ROUTE_RogerWilliamsMedicalCenter,0.3560935633411576,24.418333333333333,ROUTE_RhodeIslandHospital,0.4196929208902059,26.985,ROUTE_RogerWilliamsMedicalCenter,0.3560935633411576,24.418333333333333
41.41027777775385,-71.79972222213706,126.00513273971762,LVO,ROUTE_RhodeIslandHospital,0.40404179092000075,52.8,ROUTE_WesterlyHospital,0.3508658341050551,9.636666666666667,ROUTE_RhodeIslandHospital,0.40404179092000075,52.8,ROUTE_WesterlyHospital,0.3508658341050551,9.636666666666667
41.57138888886509,-71.17388888880322,31.81014509003724,HEMORRHAGIC,ROUTE_RhodeIslandHospital,0.4259453892416336,51.806666666666665,ROUTE_NewportHospital,0.36349717364597156,37.693333333333335,ROUTE_RhodeIslandHospital,0.4259453892416336,51.806666666666665,ROUTE_NewportHospital,0.36349717364597156,37.693333333333335
41.97805555553207,-71.38916666658118,233.63683367708285,LVO,ROUTE_LandmarkMedicalCenter,0.32734294144,13.165,ROUTE_LandmarkMedicalCenter,0.32734294144,13.165,ROUTE_RhodeIslandHospital,0.32734294144,24.421666666666667,ROUTE_LandmarkMedicalCenter,0.32734294144,13.165
41.83694444442085,-71.44888888880345,95.13715579179112,HEMORRHAGIC,ROUTE_RhodeIslandHospital,0.4209507373620136,9.873333333333333,ROUTE_RogerWilliamsMedicalCenter,0.3579435740990065,3.0316666666666667,ROUTE_RhodeIslandHospital,0.4209507373620136,9.873333333333333,ROUTE_RogerWilliamsMedicalCenter,0.3579435740990065,3.0316666666666667
41.359999999976026,-71.82722222213708,120.7838118209711,HEMORRHAGIC,ROUTE_RhodeIslandHospital,0.34273231436558077,59.34166666666667,ROUTE_WesterlyHospital,0.3533783666306254,1.4283333333333335,ROUTE_RhodeIslandHospital,0.34273231436558077,59.34166666666667,ROUTE_WesterlyHospital,0.3533783666306254,1.4283333333333335
41.78611111108748,-71.42527777769232,226.49492930216744,LVO,ROUTE_RhodeIslandHospital,0.32734294144,8.07,ROUTE_RhodeIslandHospital,0.32734294144,8.07,ROUTE_RhodeIslandHospital,0.32734294144,8.07,ROUTE_RhodeIslandHospital,0.32734294144,8.07
41.70777777775408,-71.46388888880345,194.09455899226646,HEMORRHAGIC,ROUTE_KentHospital,0.3394364894336948,4.525,ROUTE_KentHospital,0.3394364894336948,4.525,ROUTE_RhodeIslandHospital,0.3371289816604996,17.645,ROUTE_KentHospital,0.3394364894336948,4.525
41.52222222219838,-71.52638888880351,93.0865415682282,HEMORRHAGIC,ROUTE_RhodeIslandHospital,0.4140632930702337,41.715,ROUTE_SouthCountyHospital,0.3554514117788133,18.151666666666664,ROUTE_RhodeIslandHospital,0.4140632930702337,41.715,ROUTE_SouthCountyHospital,0.3554514117788133,18.151666666666664
41.561388888865075,-71.2891666665811,192.86382484757834,HEMORRHAGIC,ROUTE_NewportHospital,0.3380979149138761,13.348333333333333,ROUTE_NewportHospital,0.3380979149138761,13.348333333333333,ROUTE_RhodeIslandHospital,0.32734294144,47.03333333333333,ROUTE_NewportHospital,0.3380979149138761,13.348333333333333
41.69916666664297,-71.2877777776922,114.41922754938498,HEMORRHAGIC,ROUTE_RhodeIslandHospital,0.41214155041616984,28.758333333333333,ROUTE_RhodeIslandHospital,0.41214155041616984,28.758333333333333,ROUTE_RhodeIslandHospital,0.41214155041616984,28.758333333333333,ROUTE_RhodeIslandHospital,0.41214155041616984,28.758333333333333
41.7694444444208,-71.35111111102559,247.6398124246112,HEMORRHAGIC,ROUTE_RhodeIslandHospital,0.32734294144,13.191666666666666,ROUTE_RhodeIslandHospital,0.32734294144,13.191666666666666,ROUTE_RhodeIslandHospital,0.32734294144,13.191666666666666,ROUTE_RhodeIslandHospital,0.32734294144,13.191666666666666
41.476666666642785,-71.72444444435922,180.3724395290228,HEMORRHAGIC,ROUTE_WesterlyHospital,0.33865537373156473,22.671666666666667,ROUTE_WesterlyHospital,0.33865537373156473,22.671666666666667,ROUTE_RhodeIslandHospital,0.32734294144,45.49333333333333,ROUTE_WesterlyHospital,0.33865537373156473,22.671666666666667
41.38749999997605,-71.60888888880358,178.07652202014077,MIMIC,ROUTE_SouthCountyHospital,0.34090993079947385,12.24,ROUTE_SouthCountyHospital,0.34090993079947385,12.24,ROUTE_RhodeIslandHospital,0.32734294144,58.615,ROUTE_SouthCountyHospital,0.34090993079947385,12.24
41.96916666664318,-71.74638888880368,96.17976339693314,LVO,ROUTE_RhodeIslandHospital,0.413292729170782,41.97666666666667,ROUTE_LandmarkMedicalCenter,0.3523196542968667,31.675,ROUTE_RhodeIslandHospital,0.413292729170782,41.97666666666667,ROUTE_LandmarkMedicalCenter,0.3523196542968667,31.675
41.90972222219869,-71.41361111102565,267.3821394970994,HEMORRHAGIC,ROUTE_TheMiriamHospital,0.32734294144,10.568333333333333,ROUTE_TheMiriamHospital,0.32734294144,10.568333333333333,ROUTE_RhodeIslandHospital,0.32734294144,15.936666666666667,ROUTE_TheMiriamHospital,0.32734294144,10.568333333333333
41.754722222198566,-71.30416666658111,145.9312468389017,LVO,ROUTE_RhodeIslandHospital,0.4068931839978107,20.27,ROUTE_RhodeIslandHospital,0.4068931839978107,20.27,ROUTE_RhodeIslandHospital,0.4068931839978107,20.27,ROUTE_RhodeIslandHospital,0.4068931839978107,20.27
41.794999999976376,-71.36305555547004,155.4313115100095,LVO,ROUTE_RhodeIslandHospital,0.407124267661575,9.751666666666667,ROUTE_RhodeIslandHospital,0.407124267661575,9.751666666666667,ROUTE_RhodeIslandHospital,0.407124267661575,9.751666666666667,ROUTE_RhodeIslandHospital,0.407124267661575,9.751666666666667
41.35666666664269,-71.76749999991482,208.9800573199321,LVO,ROUTE_WesterlyHospital,0.3364208782550191,6.8133333333333335,ROUTE_WesterlyHospital,0.3364208782550191,6.8133333333333335,ROUTE_RhodeIslandHospital,0.32734294144,60.8,ROUTE_WesterlyHospital,0.3364208782550191,6.8133333333333335
41.85138888886531,-71.49972222213682,166.73912974134424,HEMORRHAGIC,ROUTE_RhodeIslandHospital,0.3418501116071941,18.308333333333334,ROUTE_RogerWilliamsMedicalCenter,0.3429532386027272,12.156666666666666,ROUTE_RhodeIslandHospital,0.3418501116071941,18.308333333333334,ROUTE_RogerWilliamsMedicalCenter,0.3429532386027272,12.156666666666666
41.87722222219866,-71.35749999991448,163.43281568810607,HEMORRHAGIC,ROUTE_RhodeIslandHospital,0.3425572738112067,17.666666666666668,ROUTE_TheMiriamHospital,0.3441138780963418,9.023333333333333,ROUTE_RhodeIslandHospital,0.3425572738112067,17.666666666666668,ROUTE_TheMiriamHospital,0.3441138780963418,9.023333333333333
42.001944444420985,-71.48277777769236,255.33255422675958,NLVO,ROUTE_LandmarkMedicalCenter,0.32734294144,2.64,ROUTE_LandmarkMedicalCenter,0.32734294144,2.64,ROUTE_RhodeIslandHospital,0.32734294144,19.846666666666668,ROUTE_LandmarkMedicalCenter,0.32734294144,2.64
41.43388888886498,-71.45944444435901,75.26884323762498,LVO,ROUTE_RhodeIslandHospital,0.4165566713226383,48.70666666666667,ROUTE_SouthCountyHospital,0.3615115499191533,4.411666666666666,ROUTE_RhodeIslandHospital,0.4165566713226383,48.70666666666667,ROUTE_SouthCountyHospital,0.3615115499191533,4.411666666666666
41.885555555532,-71.3924999999145,186.9843048513153,LVO,ROUTE_RhodeIslandHospital,0.3389256197806171,14.526666666666667,ROUTE_TheMiriamHospital,0.340292925891633,6.801666666666667,ROUTE_RhodeIslandHospital,0.3389256197806171,14.526666666666667,ROUTE_TheMiriamHospital,0.340292925891633,6.801666666666667
41.496111111087245,-71.44055555547011,78.75943719524113,LVO,ROUTE_RhodeIslandHospital,0.41652387356144227,45.358333333333334,ROUTE_SouthCountyHospital,0.35898217789384695,14.0,ROUTE_RhodeIslandHospital,0.41652387356144227,45.358333333333334,ROUTE_SouthCountyHospital,0.35898217789384695,14.0
41.822499999976394,-71.62194444435914,126.53197475975611,LVO,ROUTE_RhodeIslandHospital,0.41079472436350817,22.53166666666667,ROUTE_RogerWilliamsMedicalCenter,0.3488539640952688,19.965,ROUTE_RhodeIslandHospital,0.41079472436350817,22.53166666666667,ROUTE_RogerWilliamsMedicalCenter,0.3488539640952688,19.965
41.50333333330948,-71.30444444435888,157.38646081642383,LVO,ROUTE_NewportHospital,0.34646632347806866,2.118333333333333,ROUTE_NewportHospital,0.34646632347806866,2.118333333333333,ROUTE_RhodeIslandHospital,0.33742321155291194,52.67166666666667,ROUTE_NewportHospital,0.34646632347806866,2.118333333333333
41.903333333309796,-71.53833333324796,246.53587145762057,MIMIC,ROUTE_OurLadyOfFatimaHospital,0.32734294144,12.643333333333334,ROUTE_OurLadyOfFatimaHospital,0.32734294144,12.643333333333334,ROUTE_RhodeIslandHospital,0.32734294144,21.56833333333333,ROUTE_OurLadyOfFatimaHospital,0.32734294144,12.643333333333334
41.97055555553207,-71.45638888880345,37.19080435007787,NLVO,ROUTE_RhodeIslandHospital,0.431923990055756,21.035,ROUTE_LandmarkMedicalCenter,0.42741164162952583,8.508333333333333,ROUTE_RhodeIslandHospital,0.431923990055756,21.035,ROUTE_LandmarkMedicalCenter,0.42741164162952583,8.508333333333333
41.81055555553194,-71.4305555554701,135.58644620102453,LVO,ROUTE_RhodeIslandHospital,0.41271135374050466,5.105,ROUTE_RhodeIslandHospital,0.41271135374050466,5.105,ROUTE_RhodeIslandHospital,0.41271135374050466,5.105,ROUTE_RhodeIslandHospital,0.41271135374050466,5.105
41.36444444442048,-71.81138888880373,244.81810408878644,HEMORRHAGIC,ROUTE_WesterlyHospital,0.32734294144,3.341666666666667,ROUTE_WesterlyHospital,0.32734294144,3.341666666666667,ROUTE_RhodeIslandHospital,0.32734294144,59.375,ROUTE_WesterlyHospital,0.32734294144,3.341666666666667
41.78888888886526,-71.39166666658117,68.93831428720063,HEMORRHAGIC,ROUTE_RhodeIslandHospital,0.42808422359599657,5.568333333333333,ROUTE_RhodeIslandHospital,0.42808422359599657,5.568333333333333,ROUTE_RhodeIslandHospital,0.42808422359599657,5.568333333333333,ROUTE_RhodeIslandHospital,0.42808422359599657,5.568333333333333
41.833888888865296,-71.45083333324789,130.0268179138693,LVO,ROUTE_RhodeIslandHospital,0.41308118032185803,9.051666666666668,ROUTE_RogerWilliamsMedicalCenter,0.3515004103068784,2.21,ROUTE_RhodeIslandHospital,0.41308118032185803,9.051666666666668,ROUTE_RogerWilliamsMedicalCenter,0.3515004103068784,2.21
41.84166666664308,-71.44083333324788,111.90814779706889,LVO,ROUTE_RhodeIslandHospital,0.4174414785134512,8.236666666666666,ROUTE_RogerWilliamsMedicalCenter,0.3548767785586998,2.3633333333333337,ROUTE_RhodeIslandHospital,0.4174414785134512,8.236666666666666,ROUTE_RogerWilliamsMedicalCenter,0.3548767785586998,2.3633333333333337
41.88777777775422,-71.55777777769242,96.48186010843985,LVO,ROUTE_RhodeIslandHospital,0.41668613551336386,26.933333333333334,ROUTE_OurLadyOfFatimaHospital,0.35419075089447855,21.42,ROUTE_RhodeIslandHospital,0.41668613551336386,26.933333333333334,ROUTE_OurLadyOfFatimaHospital,0.35419075089447855,21.42
41.795555555531934,-71.50444444435905,39.16337362412894,HEMORRHAGIC,ROUTE_RhodeIslandHospital,0.43254821255728115,16.425,ROUTE_KentHospital,0.4256036215737151,14.001666666666667,ROUTE_RhodeIslandHospital,0.43254821255728115,16.425,ROUTE_KentHospital,0.4256036215737151,14.001666666666667
41.790555555531924,-71.39499999991452,255.945597919225,NLVO,ROUTE_RhodeIslandHospital,0.32734294144,4.426666666666667,ROUTE_RhodeIslandHospital,0.32734294144,4.426666666666667,ROUTE_RhodeIslandHospital,0.32734294144,4.426666666666667,ROUTE_RhodeIslandHospital,0.32734294144,4.426666666666667
41.83416666664307,-71.43972222213677,147.4011594083845,HEMORRHAGIC,ROUTE_RhodeIslandHospital,0.4091553015302952,8.848333333333333,ROUTE_RogerWilliamsMedicalCenter,0.3483746486663739,1.6966666666666665,ROUTE_RhodeIslandHospital,0.4091553015302952,8.848333333333333,ROUTE_RogerWilliamsMedicalCenter,0.3483746486663739,1.6966666666666665
41.849166666643086,-71.3508333332478,113.20226824419935,LVO,ROUTE_RhodeIslandHospital,0.4161684182027094,12.456666666666667,ROUTE_TheMiriamHospital,0.3530424252302693,10.798333333333334,ROUTE_RhodeIslandHospital,0.4161684182027094,12.456666666666667,ROUTE_TheMiriamHospital,0.3530424252302693,10.798333333333334
41.84416666664308,-71.44055555547011,31.774755053461547,LVO,ROUTE_RhodeIslandHospital,0.4361334637590649,8.708333333333334,ROUTE_RogerWilliamsMedicalCenter,0.43088948203623534,2.8333333333333335,ROUTE_RhodeIslandHospital,0.4361334637590649,8.708333333333334,ROUTE_RogerWilliamsMedicalCenter,0.43088948203623534,2.8333333333333335
41.62055555553179,-71.18666666658102,71.52881095075487,LVO,ROUTE_RhodeIslandHospital,0.4181834692571195,45.41,ROUTE_NewportHospital,0.35705286989961277,31.295,ROUTE_RhodeIslandHospital,0.4181834692571195,45.41,ROUTE_NewportHospital,0.35705286989961277,31.295
41.828055555531954,-71.4533333332479,254.77411501234113,NLVO,ROUTE_RogerWilliamsMedicalCenter,0.32734294144,4.141666666666667,ROUTE_RogerWilliamsMedicalCenter,0.32734294144,4.141666666666667,ROUTE_RhodeIslandHospital,0.32734294144,9.428333333333335,ROUTE_RogerWilliamsMedicalCenter,0.32734294144,4.141666666666667
41.851944444420866,-71.4216666665812,36.428794346610715,LVO,ROUTE_RhodeIslandHospital,0.4352156816361506,7.913333333333333,ROUTE_TheMiriamHospital,0.4291816333063118,4.788333333333333,ROUTE_RhodeIslandHospital,0.4352156816361506,7.913333333333333,ROUTE_TheMiriamHospital,0.4291816333063118,4.788333333333333
41.778888888865254,-71.44416666658122,203.5498242144532,MIMIC,ROUTE_RhodeIslandHospital,0.3366175864935272,11.116666666666667,ROUTE_RhodeIslandHospital,0.3366175864935272,11.116666666666667,ROUTE_RhodeIslandHospital,0.3366175864935272,11.116666666666667,ROUTE_RhodeIslandHospital,0.3366175864935272,11.116666666666667
41.80527777775416,-71.48944444435904,31.137061767627642,LVO,ROUTE_RhodeIslandHospital,0.435276736831045,12.948333333333332,ROUTE_RogerWilliamsMedicalCenter,0.4291341244704827,10.836666666666668,ROUTE_RhodeIslandHospital,0.435276736831045,12.948333333333332,ROUTE_RogerWilliamsMedicalCenter,0.4291341244704827,10.836666666666668
41.79305555553193,-71.48722222213681,211.48334668871587,LVO,ROUTE_RogerWilliamsMedicalCenter,0.33535495875597326,10.441666666666666,ROUTE_RogerWilliamsMedicalCenter,0.33535495875597326,10.441666666666666,ROUTE_RhodeIslandHospital,0.3350084770328327,12.441666666666666,ROUTE_RogerWilliamsMedicalCenter,0.33535495875597326,10.441666666666666
41.62499999997624,-71.14416666658099,161.4528098271828,LVO,ROUTE_NewportHospital,0.33985223532947023,34.818333333333335,ROUTE_NewportHospital,0.33985223532947023,34.818333333333335,ROUTE_RhodeIslandHospital,0.3373660549592069,48.931666666666665,ROUTE_NewportHospital,0.33985223532947023,34.818333333333335
41.788611111087484,-71.52861111102573,207.12079639186555,MIMIC,ROUTE_KentHospital,0.3353826004403779,14.645000000000001,ROUTE_KentHospital,0.3353826004403779,14.645000000000001,ROUTE_RhodeIslandHospital,0.32734294144,18.27,ROUTE_KentHospital,0.3353826004403779,14.645000000000001
41.7088888888652,-71.45138888880345,87.64976229073045,LVO,ROUTE_RhodeIslandHospital,0.42091715171606314,17.505,ROUTE_KentHospital,0.35888588772625457,5.61,ROUTE_RhodeIslandHospital,0.42091715171606314,17.505,ROUTE_KentHospital,0.35888588772625457,5.61
41.699722222198524,-71.37833333324784,252.8919334529203,MIMIC,ROUTE_KentHospital,0.32734294144,14.661666666666667,ROUTE_KentHospital,0.32734294144,14.661666666666667,ROUTE_RhodeIslandHospital,0.32734294144,19.133333333333333,ROUTE_KentHospital,0.32734294144,14.661666666666667
41.829722222198626,-71.44166666658121,151.17098157799924,HEMORRHAGIC,ROUTE_RhodeIslandHospital,0.40830726609977025,8.805,ROUTE_RogerWilliamsMedicalCenter,0.34753003930667403,2.521666666666667,ROUTE_RhodeIslandHospital,0.40830726609977025,8.805,ROUTE_RogerWilliamsMedicalCenter,0.34753003930667403,2.521666666666667
41.708055555531864,-71.36972222213672,30.76515209185274,MIMIC,ROUTE_RhodeIslandHospital,0.43406250766713406,18.433333333333334,ROUTE_KentHospital,0.4269366784294694,16.781666666666666,ROUTE_RhodeIslandHospital,0.43406250766713406,18.433333333333334,ROUTE_KentHospital,0.4269366784294694,16.781666666666666
41.92388888886536,-71.48638888880348,59.18378360655437,LVO,ROUTE_RhodeIslandHospital,0.4279546260217086,15.873333333333333,ROUTE_LandmarkMedicalCenter,0.3629898325121904,12.911666666666667,ROUTE_RhodeIslandHospital,0.4279546260217086,15.873333333333333,ROUTE_LandmarkMedicalCenter,0.3629898325121904,12.911666666666667
41.4386111110872,-71.75444444435925,183.69021303025505,LVO,ROUTE_WesterlyHospital,0.33880009062985034,18.533333333333335,ROUTE_WesterlyHospital,0.33880009062985034,18.533333333333335,ROUTE_RhodeIslandHospital,0.32734294144,54.10333333333333,ROUTE_WesterlyHospital,0.33880009062985034,18.533333333333335
41.56166666664286,-71.25666666658107,119.72364242237465,HEMORRHAGIC,ROUTE_RhodeIslandHospital,0.4068870449251266,46.505,ROUTE_NewportHospital,0.3512817040060338,13.685,ROUTE_RhodeIslandHospital,0.4068870449251266,46.505,ROUTE_NewportHospital,0.3512817040060338,13.685
41.3716666666427,-71.82555555547042,58.42838658787333,LVO,ROUTE_RhodeIslandHospital,0.41831323934454356,57.94833333333334,ROUTE_WesterlyHospital,0.3652327204436586,2.2416666666666667,ROUTE_RhodeIslandHospital,0.41831323934454356,57.94833333333334,ROUTE_WesterlyHospital,0.3652327204436586,2.2416666666666667
41.739999999976334,-71.41249999991453,176.8657045578932,HEMORRHAGIC,ROUTE_RhodeIslandHospital,0.3408920327661835,13.551666666666668,ROUTE_RhodeIslandHospital,0.3408920327661835,13.551666666666668,ROUTE_RhodeIslandHospital,0.3408920327661835,13.551666666666668,ROUTE_RhodeIslandHospital,0.3408920327661835,13.551666666666668
41.9663888888654,-71.77194444435926,189.40466172079383,HEMORRHAGIC,ROUTE_LandmarkMedicalCenter,0.32734294144,40.440000000000005,ROUTE_LandmarkMedicalCenter,0.32734294144,40.440000000000005,ROUTE_RhodeIslandHospital,0.32734294144,50.74333333333333,ROUTE_LandmarkMedicalCenter,0.32734294144,40.440000000000005
41.52555555553172,-71.62944444435915,47.802450925368646,LVO,ROUTE_RhodeIslandHospital,0.4222030749926926,51.82666666666667,ROUTE_SouthCountyHospital,0.36131563124281757,32.88666666666667,ROUTE_RhodeIslandHospital,0.4222030749926926,51.82666666666667,ROUTE_SouthCountyHospital,0.36131563124281757,32.88666666666667
41.55944444442063,-71.43722222213677,223.63930987752818,LVO,ROUTE_NewportHospital,0.32734294144,20.791666666666668,ROUTE_NewportHospital,0.32734294144,20.791666666666668,ROUTE_RhodeIslandHospital,0.32734294144,41.93333333333333,ROUTE_NewportHospital,0.32734294144,20.791666666666668
41.758888888865236,-71.39499999991452,119.99832371795432,LVO,ROUTE_RhodeIslandHospital,0.4150245650306265,10.623333333333333,ROUTE_RhodeIslandHospital,0.4150245650306265,10.623333333333333,ROUTE_RhodeIslandHospital,0.4150245650306265,10.623333333333333,ROUTE_RhodeIslandHospital,0.4150245650306265,10.623333333333333
41.879722222198666,-71.41611111102564,66.79428264533453,LVO,ROUTE_RhodeIslandHospital,0.4272922290525538,11.081666666666667,ROUTE_TheMiriamHospital,0.4217402683978392,5.858333333333333,ROUTE_RhodeIslandHospital,0.4272922290525538,11.081666666666667,ROUTE_TheMiriamHospital,0.4217402683978392,5.858333333333333
41.849166666643086,-71.42916666658121,153.32180185362387,HEMORRHAGIC,ROUTE_RhodeIslandHospital,0.4076419291671272,9.581666666666667,ROUTE_RogerWilliamsMedicalCenter,0.3467351223800864,4.711666666666667,ROUTE_RhodeIslandHospital,0.4076419291671272,9.581666666666667,ROUTE_RogerWilliamsMedicalCenter,0.3467351223800864,4.711666666666667
41.50416666664281,-71.71777777769255,94.68773904389462,HEMORRHAGIC,ROUTE_RhodeIslandHospital,0.41293698151795344,45.019999999999996,ROUTE_WesterlyHospital,0.3543692814076646,22.26833333333333,ROUTE_RhodeIslandHospital,0.41293698151795344,45.019999999999996,ROUTE_WesterlyHospital,0.3543692814076646,22.26833333333333
41.66027777775405,-71.45555555547011,114.21637296428945,HEMORRHAGIC,ROUTE_RhodeIslandHospital,0.41255448851199766,27.158333333333335,ROUTE_KentHospital,0.3526603516438564,11.82,ROUTE_RhodeIslandHospital,0.41255448851199766,27.158333333333335,ROUTE_KentHospital,0.3526603516438564,11.82
41.76611111108746,-71.34805555547003,89.02762678402273,HEMORRHAGIC,ROUTE_RhodeIslandHospital,0.42157005220217775,13.32,ROUTE_RhodeIslandHospital,0.42157005220217775,13.32,ROUTE_RhodeIslandHospital,0.42157005220217775,13.32,ROUTE_RhodeIslandHospital,0.42157005220217775,13.32
41.87305555553199,-71.50388888880349,136.18977656528506,LVO,ROUTE_RhodeIslandHospital,0.40993794339701595,16.62666666666667,ROUTE_OurLadyOfFatimaHospital,0.3493473748041272,7.636666666666667,ROUTE_RhodeIslandHospital,0.40993794339701595,16.62666666666667,ROUTE_OurLadyOfFatimaHospital,0.3493473748041272,7.636666666666667
41.70333333330964,-71.43638888880344,223.19669639570535,HEMORRHAGIC,ROUTE_KentHospital,0.32734294144,8.388333333333334,ROUTE_KentHospital,0.32734294144,8.388333333333334,ROUTE_RhodeIslandHospital,0.32734294144,20.875,ROUTE_KentHospital,0.32734294144,8.388333333333334
42.013055555532105,-71.54833333324797,179.54942383987787,LVO,ROUTE_RhodeIslandHospital,0.3387421413965646,23.001666666666665,ROUTE_LandmarkMedicalCenter,0.34119103554053465,9.19,ROUTE_RhodeIslandHospital,0.3387421413965646,23.001666666666665,ROUTE_LandmarkMedicalCenter,0.34119103554053465,9.19
41.757499999976346,-71.4102777776923,54.08672478894508,LVO,ROUTE_RhodeIslandHospital,0.4304050521402506,10.568333333333333,ROUTE_RhodeIslandHospital,0.4304050521402506,10.568333333333333,ROUTE_RhodeIslandHospital,0.4304050521402506,10.568333333333333,ROUTE_RhodeIslandHospital,0.4304050521402506,10.568333333333333
41.86111111108754,-71.39416666658119,97.88152208753732,HEMORRHAGIC,ROUTE_RhodeIslandHospital,0.419727034630321,12.396666666666667,ROUTE_TheMiriamHospital,0.35750498914961976,2.5766666666666667,ROUTE_RhodeIslandHospital,0.419727034630321,12.396666666666667,ROUTE_TheMiriamHospital,0.35750498914961976,2.5766666666666667
41.674722222198504,-71.66361111102584,154.90864725979336,LVO,ROUTE_RhodeIslandHospital,0.34031367002906376,38.76,ROUTE_KentHospital,0.3429605753734642,23.946666666666665,ROUTE_RhodeIslandHospital,0.34031367002906376,38.76,ROUTE_KentHospital,0.3429605753734642,23.946666666666665
41.85805555553198,-71.42999999991454,112.38741799127725,LVO,ROUTE_RhodeIslandHospital,0.41743717790721985,7.776666666666667,ROUTE_OurLadyOfFatimaHospital,0.35431693719167984,4.845,ROUTE_RhodeIslandHospital,0.41743717790721985,7.776666666666667,ROUTE_OurLadyOfFatimaHospital,0.35431693719167984,4.845
41.71861111108743,-71.55166666658131,37.39292453044395,HEMORRHAGIC,ROUTE_RhodeIslandHospital,0.43044740665663794,27.083333333333332,ROUTE_KentHospital,0.4264504570762317,12.201666666666666,ROUTE_RhodeIslandHospital,0.43044740665663794,27.083333333333332,ROUTE_KentHospital,0.4264504570762317,12.201666666666666
41.419722222198295,-71.65555555547027,158.91486168736023,HEMORRHAGIC,ROUTE_SouthCountyHospital,0.34350088794347305,16.938333333333333,ROUTE_SouthCountyHospital,0.34350088794347305,16.938333333333333,ROUTE_RhodeIslandHospital,0.3365059104849786,56.391666666666666,ROUTE_SouthCountyHospital,0.34350088794347305,16.938333333333333
41.87027777775421,-71.43388888880344,188.0586484689373,LVO,ROUTE_RhodeIslandHospital,0.33975069758158083,8.785,ROUTE_OurLadyOfFatimaHospital,0.3403403374149813,5.46,ROUTE_RhodeIslandHospital,0.33975069758158083,8.785,ROUTE_OurLadyOfFatimaHospital,0.3403403374149813,5.46
41.838055555531966,-71.43888888880343,207.49182358443147,HEMORRHAGIC,ROUTE_RogerWilliamsMedicalCenter,0.3374993580293564,2.131666666666667,ROUTE_RogerWilliamsMedicalCenter,0.3374993580293564,2.131666666666667,ROUTE_RhodeIslandHospital,0.33640296489629085,8.405,ROUTE_RogerWilliamsMedicalCenter,0.3374993580293564,2.131666666666667
41.4777777777539,-71.76666666658147,119.68982600241651,LVO,ROUTE_RhodeIslandHospital,0.4060360971398643,50.291666666666664,ROUTE_WesterlyHospital,0.3499943455438724,20.64333333333333,ROUTE_RhodeIslandHospital,0.4060360971398643,50.291666666666664,ROUTE_WesterlyHospital,0.3499943455438724,20.64333333333333
42.01499999997655,-71.49972222213682,263.945215824598,NLVO,ROUTE_LandmarkMedicalCenter,0.32734294144,2.7583333333333333,ROUTE_LandmarkMedicalCenter,0.32734294144,2.7583333333333333,ROUTE_RhodeIslandHospital,0.32734294144,22.591666666666665,ROUTE_LandmarkMedicalCenter,0.32734294144,2.7583333333333333
41.59166666664288,-71.50805555547016,220.42124923281654,LVO,ROUTE_KentHospital,0.32734294144,18.301666666666666,ROUTE_KentHospital,0.32734294144,18.301666666666666,ROUTE_RhodeIslandHospital,0.32734294144,33.115,ROUTE_KentHospital,0.32734294144,18.301666666666666
41.71611111108742,-71.49722222213681,232.56735035307037,LVO,ROUTE_KentHospital,0.32734294144,4.985,ROUTE_KentHospital,0.32734294144,4.985,ROUTE_RhodeIslandHospital,0.32734294144,22.18166666666667,ROUTE_KentHospital,0.32734294144,4.985
41.98361111108763,-71.61749999991468,104.98037958148649,LVO,ROUTE_RhodeIslandHospital,0.4145983530778136,27.493333333333332,ROUTE_LandmarkMedicalCenter,0.35337666105545984,17.241666666666667,ROUTE_RhodeIslandHospital,0.4145983530778136,27.493333333333332,ROUTE_LandmarkMedicalCenter,0.35337666105545984,17.241666666666667
41.9688888888654,-71.46027777769234,224.82819911459916,LVO,ROUTE_LandmarkMedicalCenter,0.32734294144,10.163333333333332,ROUTE_LandmarkMedicalCenter,0.32734294144,10.163333333333332,ROUTE_RhodeIslandHospital,0.32734294144,22.69,ROUTE_LandmarkMedicalCenter,0.32734294144,10.163333333333332
41.64416666664292,-71.53388888880352,265.13906306265983,HEMORRHAGIC,ROUTE_KentHospital,0.32734294144,16.831666666666667,ROUTE_KentHospital,0.32734294144,16.831666666666667,ROUTE_RhodeIslandHospital,0.32734294144,31.646666666666665,ROUTE_KentHospital,0.32734294144,16.831666666666667
41.81944444442084,-71.50083333324793,158.33361727848427,LVO,ROUTE_RhodeIslandHospital,0.4043739379991952,18.998333333333335,ROUTE_RogerWilliamsMedicalCenter,0.3439415649185149,15.075,ROUTE_RhodeIslandHospital,0.4043739379991952,18.998333333333335,ROUTE_RogerWilliamsMedicalCenter,0.3439415649185149,15.075
41.843333333309744,-71.3636111110256,175.47770176674388,LVO,ROUTE_RhodeIslandHospital,0.34148157460429573,11.631666666666666,ROUTE_TheMiriamHospital,0.34158494476103424,11.053333333333335,ROUTE_RhodeIslandHospital,0.34148157460429573,11.631666666666666,ROUTE_TheMiriamHospital,0.34158494476103424,11.053333333333335
41.736666666642996,-71.41361111102565,42.085853599649695,LVO,ROUTE_RhodeIslandHospital,0.43248240635240254,13.78,ROUTE_RhodeIslandHospital,0.43248240635240254,13.78,ROUTE_RhodeIslandHospital,0.43248240635240254,13.78,ROUTE_RhodeIslandHospital,0.43248240635240254,13.78
41.81499999997639,-71.37583333324783,121.58348112499982,LVO,ROUTE_RhodeIslandHospital,0.4156744452264753,6.216666666666667,ROUTE_RhodeIslandHospital,0.4156744452264753,6.216666666666667,ROUTE_RhodeIslandHospital,0.4156744452264753,6.216666666666667,ROUTE_RhodeIslandHospital,0.4156744452264753,6.216666666666667
41.744999999976336,-71.7424999999148,36.39612293565391,HEMORRHAGIC,ROUTE_RhodeIslandHospital,0.4274751497056978,40.70166666666667,ROUTE_KentHospital,0.3633245273372955,33.98833333333333,ROUTE_RhodeIslandHospital,0.4274751497056978,40.70166666666667,ROUTE_KentHospital,0.3633245273372955,33.98833333333333
41.52499999997616,-71.28749999991443,30.80632209896364,LVO,ROUTE_RhodeIslandHospital,0.4261651695141282,51.873333333333335,ROUTE_NewportHospital,0.3696702711205458,7.541666666666667,ROUTE_RhodeIslandHospital,0.4261651695141282,51.873333333333335,ROUTE_NewportHospital,0.3696702711205458,7.541666666666667
41.931111111087596,-71.5769444443591,70.58971948798323,HEMORRHAGIC,ROUTE_RhodeIslandHospital,0.42205468386861167,29.676666666666666,ROUTE_OurLadyOfFatimaHospital,0.3592550701023,20.751666666666665,ROUTE_RhodeIslandHospital,0.42205468386861167,29.676666666666666,ROUTE_OurLadyOfFatimaHospital,0.3592550701023,20.751666666666665
41.64249999997625,-71.22666666658104,167.76239352824138,NLVO,ROUTE_RhodeIslandHospital,0.3377448376835857,40.46,ROUTE_NewportHospital,0.3401998305766625,26.548333333333336,ROUTE_RhodeIslandHospital,0.3377448376835857,40.46,ROUTE_NewportHospital,0.3401998305766625,26.548333333333336
41.79249999997637,-71.43833333324788,227.03052779909993,LVO,ROUTE_RhodeIslandHospital,0.32734294144,9.389999999999999,ROUTE_RhodeIslandHospital,0.32734294144,9.389999999999999,ROUTE_RhodeIslandHospital,0.32734294144,9.389999999999999,ROUTE_RhodeIslandHospital,0.32734294144,9.389999999999999
41.86499999997643,-71.3938888888034,257.3987343205771,NLVO,ROUTE_TheMiriamHospital,0.32734294144,2.6016666666666666,ROUTE_TheMiriamHospital,0.32734294144,2.6016666666666666,ROUTE_RhodeIslandHospital,0.32734294144,11.875,ROUTE_TheMiriamHospital,0.32734294144,2.6016666666666666
41.43527777775387,-71.50166666658127,250.03817480625685,HEMORRHAGIC,ROUTE_SouthCountyHospital,0.32734294144,2.158333333333333,ROUTE_SouthCountyHospital,0.32734294144,2.158333333333333,ROUTE_RhodeIslandHospital,0.32734294144,49.59666666666667,ROUTE_SouthCountyHospital,0.32734294144,2.158333333333333
41.509999999976145,-71.26222222213663,34.71615272900103,LVO,ROUTE_RhodeIslandHospital,0.42468558750856716,54.28,ROUTE_NewportHospital,0.36907039147509907,6.628333333333333,ROUTE_RhodeIslandHospital,0.42468558750856716,54.28,ROUTE_NewportHospital,0.36907039147509907,6.628333333333333
41.70333333330964,-71.56916666658132,212.17612075976075,NLVO,ROUTE_KentHospital,0.32734294144,13.186666666666667,ROUTE_KentHospital,0.32734294144,13.186666666666667,ROUTE_RhodeIslandHospital,0.32734294144,30.458333333333332,ROUTE_KentHospital,0.32734294144,13.186666666666667
41.766944444420794,-71.36055555547004,57.27738702693571,HEMORRHAGIC,ROUTE_RhodeIslandHospital,0.42911411468380933,12.853333333333333,ROUTE_RhodeIslandHospital,0.42911411468380933,12.853333333333333,ROUTE_RhodeIslandHospital,0.42911411468380933,12.853333333333333,ROUTE_RhodeIslandHospital,0.42911411468380933,12.853333333333333
41.673888888865164,-71.62222222213691,209.92535148991337,LVO,ROUTE_KentHospital,0.32734294144,23.808333333333334,ROUTE_KentHospital,0.32734294144,23.808333333333334,ROUTE_RhodeIslandHospital,0.32734294144,38.623333333333335,ROUTE_KentHospital,0.32734294144,23.808333333333334
41.74583333330967,-71.47444444435902,32.034436474445364,HEMORRHAGIC,ROUTE_RhodeIslandHospital,0.4340511703979177,17.211666666666666,ROUTE_KentHospital,0.4284527873895948,9.138333333333332,ROUTE_RhodeIslandHospital,0.4340511703979177,17.211666666666666,ROUTE_KentHospital,0.4284527873895948,9.138333333333332
41.678888888865174,-71.25972222213663,51.22665993301716,LVO,ROUTE_RhodeIslandHospital,0.42648898176311023,30.071666666666665,ROUTE_NewportHospital,0.3614710661425522,28.66166666666667,ROUTE_RhodeIslandHospital,0.42648898176311023,30.071666666666665,ROUTE_NewportHospital,0.3614710661425522,28.66166666666667
41.817222222198616,-71.4255555554701,252.36169195099956,LVO,ROUTE_RhodeIslandHospital,0.32734294144,3.6616666666666666,ROUTE_RhodeIslandHospital,0.32734294144,3.6616666666666666,ROUTE_RhodeIslandHospital,0.32734294144,3.6616666666666666,ROUTE_RhodeIslandHospital,0.32734294144,3.6616666666666666
41.77638888886525,-71.42777777769231,57.86513314770569,LVO,ROUTE_RhodeIslandHospital,0.4297063840488059,9.751666666666667,ROUTE_RhodeIslandHospital,0.4297063840488059,9.751666666666667,ROUTE_RhodeIslandHospital,0.4297063840488059,9.751666666666667,ROUTE_RhodeIslandHospital,0.4297063840488059,9.751666666666667
41.66305555553183,-71.44888888880345,259.26926432781113,HEMORRHAGIC,ROUTE_KentHospital,0.32734294144,10.34,ROUTE_KentHospital,0.32734294144,10.34,ROUTE_RhodeIslandHospital,0.32734294144,25.723333333333336,ROUTE_KentHospital,0.32734294144,10.34
41.89249999997645,-71.39083333324784,46.56629478849892,HEMORRHAGIC,ROUTE_RhodeIslandHospital,0.4312086829545125,14.686666666666667,ROUTE_TheMiriamHospital,0.42622814600574865,7.083333333333333,ROUTE_RhodeIslandHospital,0.4312086829545125,14.686666666666667,ROUTE_TheMiriamHospital,0.42622814600574865,7.083333333333333
41.73749999997633,-71.25944444435885,244.87085256963434,MIMIC,ROUTE_RhodeIslandHospital,0.32734294144,26.668333333333333,ROUTE_RhodeIslandHospital,0.32734294144,26.668333333333333,ROUTE_RhodeIslandHospital,0.32734294144,26.668333333333333,ROUTE_RhodeIslandHospital,0.32734294144,26.668333333333333
41.812777777754164,-71.38166666658117,32.932987041457366,LVO,ROUTE_RhodeIslandHospital,0.43605199124380306,7.8933333333333335,ROUTE_RhodeIslandHospital,0.43605199124380306,7.8933333333333335,ROUTE_RhodeIslandHospital,0.43605199124380306,7.8933333333333335,ROUTE_RhodeIslandHospital,0.43605199124380306,7.8933333333333335
41.443333333309425,-71.63833333324804,113.75766126543444,LVO,ROUTE_RhodeIslandHospital,0.4060676166728472,56.085,ROUTE_SouthCountyHospital,0.3513006564961105,19.55,ROUTE_RhodeIslandHospital,0.4060676166728472,56.085,ROUTE_SouthCountyHospital,0.3513006564961105,19.55
41.871388888865326,-71.67694444435918,113.00533363987238,HEMORRHAGIC,ROUTE_RhodeIslandHospital,0.4126458857205892,27.971666666666668,ROUTE_RogerWilliamsMedicalCenter,0.35035115942761963,25.404999999999998,ROUTE_RhodeIslandHospital,0.4126458857205892,27.971666666666668,ROUTE_RogerWilliamsMedicalCenter,0.35035115942761963,25.404999999999998
41.80555555553194,-71.4255555554701,50.42051449131064,NLVO,ROUTE_RhodeIslandHospital,0.43282419623592067,4.001666666666667,ROUTE_RhodeIslandHospital,0.43282419623592067,4.001666666666667,ROUTE_RhodeIslandHospital,0.43282419623592067,4.001666666666667,ROUTE_RhodeIslandHospital,0.43282419623592067,4.001666666666667
41.776666666643024,-71.45388888880345,33.140901857684156,HEMORRHAGIC,ROUTE_RhodeIslandHospital,0.4347105107253769,13.328333333333335,ROUTE_RogerWilliamsMedicalCenter,0.4281109622629741,13.135,ROUTE_RhodeIslandHospital,0.4347105107253769,13.328333333333335,ROUTE_RogerWilliamsMedicalCenter,0.4281109622629741,13.135
41.57138888886509,-71.53305555547018,255.3188666622023,HEMORRHAGIC,ROUTE_KentHospital,0.32734294144,21.334999999999997,ROUTE_KentHospital,0.32734294144,21.334999999999997,ROUTE_RhodeIslandHospital,0.32734294144,36.15,ROUTE_KentHospital,0.32734294144,21.334999999999997
41.85944444442087,-71.44361111102566,255.18143755102963,MIMIC,ROUTE_OurLadyOfFatimaHospital,0.32734294144,4.786666666666666,ROUTE_OurLadyOfFatimaHospital,0.32734294144,4.786666666666666,ROUTE_RhodeIslandHospital,0.32734294144,10.04,ROUTE_OurLadyOfFatimaHospital,0.32734294144,4.786666666666666
41.60555555553178,-71.53249999991462,204.65194891792711,LVO,ROUTE_KentHospital,0.32734294144,20.473333333333336,ROUTE_KentHospital,0.32734294144,20.473333333333336,ROUTE_RhodeIslandHospital,0.32734294144,35.288333333333334,ROUTE_KentHospital,0.32734294144,20.473333333333336
41.66249999997627,-71.52888888880351,220.76682338072922,LVO,ROUTE_KentHospital,0.32734294144,13.146666666666667,ROUTE_KentHospital,0.32734294144,13.146666666666667,ROUTE_RhodeIslandHospital,0.32734294144,29.395,ROUTE_KentHospital,0.32734294144,13.146666666666667
41.67833333330962,-71.58805555547022,129.83958039817367,LVO,ROUTE_RhodeIslandHospital,0.4076912398248617,32.846666666666664,ROUTE_KentHospital,0.34916713050724135,14.961666666666668,ROUTE_RhodeIslandHospital,0.4076912398248617,32.846666666666664,ROUTE_KentHospital,0.34916713050724135,14.961666666666668
41.39999999997606,-71.63611111102581,102.7290137638576,LVO,ROUTE_RhodeIslandHospital,0.40824243886328637,57.531666666666666,ROUTE_SouthCountyHospital,0.3545004958945766,13.531666666666666,ROUTE_RhodeIslandHospital,0.40824243886328637,57.531666666666666,ROUTE_SouthCountyHospital,0.3545004958945766,13.531666666666666
41.8274999999764,-71.45861111102568,265.81373902236413,MIMIC,ROUTE_RogerWilliamsMedicalCenter,0.32734294144,3.5283333333333333,ROUTE_RogerWilliamsMedicalCenter,0.32734294144,3.5283333333333333,ROUTE_RhodeIslandHospital,0.32734294144,9.146666666666667,ROUTE_RogerWilliamsMedicalCenter,0.32734294144,3.5283333333333333
41.99305555553209,-71.52361111102573,30.167625473555056,HEMORRHAGIC,ROUTE_RhodeIslandHospital,0.4333414968140934,22.071666666666665,ROUTE_LandmarkMedicalCenter,0.4295441574163962,6.575,ROUTE_RhodeIslandHospital,0.4333414968140934,22.071666666666665,ROUTE_LandmarkMedicalCenter,0.4295441574163962,6.575
41.70749999997631,-71.3749999999145,253.91291463404087,MIMIC,ROUTE_KentHospital,0.32734294144,16.788333333333334,ROUTE_KentHospital,0.32734294144,16.788333333333334,ROUTE_RhodeIslandHospital,0.32734294144,18.035,ROUTE_KentHospital,0.32734294144,16.788333333333334
41.38416666664271,-71.81777777769263,50.60423259785105,NLVO,ROUTE_RhodeIslandHospital,0.42068387244427907,55.55333333333333,ROUTE_WesterlyHospital,0.36635154348193194,4.403333333333333,ROUTE_RhodeIslandHospital,0.42068387244427907,55.55333333333333,ROUTE_WesterlyHospital,0.36635154348193194,4.403333333333333
41.80638888886527,-71.46027777769234,126.39328107186978,HEMORRHAGIC,ROUTE_RhodeIslandHospital,0.41383230748112976,9.413333333333332,ROUTE_RogerWilliamsMedicalCenter,0.35108046549749766,8.095,ROUTE_RhodeIslandHospital,0.41383230748112976,9.413333333333332,ROUTE_RogerWilliamsMedicalCenter,0.35108046549749766,8.095
41.49527777775391,-71.58972222213688,194.73584922309055,LVO,ROUTE_SouthCountyHospital,0.3364085672853643,21.128333333333334,ROUTE_SouthCountyHospital,0.3364085672853643,21.128333333333334,ROUTE_RhodeIslandHospital,0.32734294144,49.14833333333333,ROUTE_SouthCountyHospital,0.3364085672853643,21.128333333333334
41.92027777775425,-71.53861111102574,176.79139946015474,LVO,ROUTE_RhodeIslandHospital,0.33874308579342144,25.755,ROUTE_OurLadyOfFatimaHospital,0.34025180826132556,17.226666666666667,ROUTE_RhodeIslandHospital,0.33874308579342144,25.755,ROUTE_OurLadyOfFatimaHospital,0.34025180826132556,17.226666666666667
41.710833333309644,-71.30111111102555,260.68993486563704,LVO,ROUTE_RhodeIslandHospital,0.32734294144,28.773333333333333,ROUTE_RhodeIslandHospital,0.32734294144,28.773333333333333,ROUTE_RhodeIslandHospital,0.32734294144,28.773333333333333,ROUTE_RhodeIslandHospital,0.32734294144,28.773333333333333
41.75499999997634,-71.41638888880343,241.763173287483,LVO,ROUTE_RhodeIslandHospital,0.32734294144,11.751666666666667,ROUTE_RhodeIslandHospital,0.32734294144,11.751666666666667,ROUTE_RhodeIslandHospital,0.32734294144,11.751666666666667,ROUTE_RhodeIslandHospital,0.32734294144,11.751666666666667
41.64305555553181,-71.2272222221366,39.02390395700489,LVO,ROUTE_RhodeIslandHospital,0.42683347715068237,40.806666666666665,ROUTE_NewportHospital,0.36420029237794627,26.89333333333333,ROUTE_RhodeIslandHospital,0.42683347715068237,40.806666666666665,ROUTE_NewportHospital,0.36420029237794627,26.89333333333333
41.85222222219864,-71.41777777769231,231.10441150136037,LVO,ROUTE_TheMiriamHospital,0.32734294144,4.406666666666666,ROUTE_TheMiriamHospital,0.32734294144,4.406666666666666,ROUTE_RhodeIslandHospital,0.32734294144,8.46,ROUTE_TheMiriamHospital,0.32734294144,4.406666666666666
41.85972222219865,-71.3924999999145,106.09751954416029,NLVO,ROUTE_RhodeIslandHospital,0.4180388130150862,11.465,ROUTE_TheMiriamHospital,0.3558462005633258,3.0616666666666665,ROUTE_RhodeIslandHospital,0.4180388130150862,11.465,ROUTE_TheMiriamHospital,0.3558462005633258,3.0616666666666665
41.64999999997626,-71.25916666658107,218.09955831404127,HEMORRHAGIC,ROUTE_NewportHospital,0.32734294144,26.955,ROUTE_NewportHospital,0.32734294144,26.955,ROUTE_RhodeIslandHospital,0.32734294144,34.04833333333333,ROUTE_NewportHospital,0.32734294144,26.955
41.779722222198586,-71.51416666658127,160.2921279145158,LVO,ROUTE_RhodeIslandHospital,0.4044415188616371,16.741666666666667,ROUTE_KentHospital,0.3439417435557562,13.116666666666667,ROUTE_RhodeIslandHospital,0.4044415188616371,16.741666666666667,ROUTE_KentHospital,0.3439417435557562,13.116666666666667
41.83055555553196,-71.39083333324784,51.29432009056809,LVO,ROUTE_RhodeIslandHospital,0.43220708696314347,5.735,ROUTE_TheMiriamHospital,0.42562136924479166,4.916666666666667,ROUTE_RhodeIslandHospital,0.43220708696314347,5.735,ROUTE_TheMiriamHospital,0.42562136924479166,4.916666666666667
41.936666666643156,-71.63333333324803,103.25176385541712,LVO,ROUTE_RhodeIslandHospital,0.4135703208015546,33.695,ROUTE_LandmarkMedicalCenter,0.3524070282295861,24.134999999999998,ROUTE_RhodeIslandHospital,0.4135703208015546,33.695,ROUTE_LandmarkMedicalCenter,0.3524070282295861,24.134999999999998
41.828055555531954,-71.49527777769237,199.59098964232842,LVO,ROUTE_RogerWilliamsMedicalCenter,0.3373717731734076,10.76,ROUTE_RogerWilliamsMedicalCenter,0.3373717731734076,10.76,ROUTE_RhodeIslandHospital,0.3365946140959087,15.206666666666667,ROUTE_RogerWilliamsMedicalCenter,0.3373717731734076,10.76
41.85666666664309,-71.4241666665812,43.38054907783431,HEMORRHAGIC,ROUTE_RhodeIslandHospital,0.43326267264012974,9.191666666666666,ROUTE_TheMiriamHospital,0.42742276788313055,5.233333333333333,ROUTE_RhodeIslandHospital,0.43326267264012974,9.191666666666666,ROUTE_TheMiriamHospital,0.42742276788313055,5.233333333333333
41.692777777754074,-71.5505555554702,250.33427250321262,HEMORRHAGIC,ROUTE_KentHospital,0.32734294144,10.610000000000001,ROUTE_KentHospital,0.32734294144,10.610000000000001,ROUTE_RhodeIslandHospital,0.32734294144,28.178333333333335,ROUTE_KentHospital,0.32734294144,10.610000000000001
41.719166666642984,-71.38111111102562,48.200904569349206,LVO,ROUTE_RhodeIslandHospital,0.4303717746684884,16.595000000000002,ROUTE_RhodeIslandHospital,0.4303717746684884,16.595000000000002,ROUTE_RhodeIslandHospital,0.4303717746684884,16.595000000000002,ROUTE_RhodeIslandHospital,0.4303717746684884,16.595000000000002
41.38999999997605,-71.50583333324794,143.7253163484721,HEMORRHAGIC,ROUTE_RhodeIslandHospital,0.3389183845988429,57.82666666666667,ROUTE_SouthCountyHospital,0.3470317568369703,12.686666666666667,ROUTE_RhodeIslandHospital,0.3389183845988429,57.82666666666667,ROUTE_SouthCountyHospital,0.3470317568369703,12.686666666666667
41.96499999997651,-71.45861111102568,43.84463260629518,MIMIC,ROUTE_RhodeIslandHospital,0.4296608471201584,23.966666666666665,ROUTE_LandmarkMedicalCenter,0.4251373811620887,11.44,ROUTE_RhodeIslandHospital,0.4296608471201584,23.966666666666665,ROUTE_LandmarkMedicalCenter,0.4251373811620887,11.44
41.38805555553161,-71.63305555547026,112.40461343644874,LVO,ROUTE_RhodeIslandHospital,0.40557266125122476,59.625,ROUTE_SouthCountyHospital,0.35273198507026926,13.25,ROUTE_RhodeIslandHospital,0.40557266125122476,59.625,ROUTE_SouthCountyHospital,0.35273198507026926,13.25
41.80972222219861,-71.4216666665812,84.33099464740097,LVO,ROUTE_RhodeIslandHospital,0.4248077876200926,4.1433333333333335,ROUTE_RhodeIslandHospital,0.4248077876200926,4.1433333333333335,ROUTE_RhodeIslandHospital,0.4248077876200926,4.1433333333333335,ROUTE_RhodeIslandHospital,0.4248077876200926,4.1433333333333335
41.77027777775413,-71.35916666658115,215.74011279444375,LVO,ROUTE_RhodeIslandHospital,0.32734294144,13.238333333333333,ROUTE_RhodeIslandHospital,0.32734294144,13.238333333333333,ROUTE_RhodeIslandHospital,0.32734294144,13.238333333333333,ROUTE_RhodeIslandHospital,0.32734294144,13.238333333333333
41.50111111108725,-71.31638888880335,136.12242620368895,LVO,ROUTE_RhodeIslandHospital,0.3416164344862551,50.233333333333334,ROUTE_NewportHospital,0.3501173585537465,3.546666666666667,ROUTE_RhodeIslandHospital,0.3416164344862551,50.233333333333334,ROUTE_NewportHospital,0.3501173585537465,3.546666666666667
41.34694444442046,-71.77111111102593,43.94555803721835,MIMIC,ROUTE_RhodeIslandHospital,0.42112956297959203,60.294999999999995,ROUTE_WesterlyHospital,0.36729402868821226,6.3100000000000005,ROUTE_RhodeIslandHospital,0.42112956297959203,60.294999999999995,ROUTE_WesterlyHospital,0.36729402868821226,6.3100000000000005
41.888055555532006,-71.34916666658114,194.15156426635738,HEMORRHAGIC,ROUTE_TheMiriamHospital,0.3383676150213373,10.526666666666667,ROUTE_TheMiriamHospital,0.3383676150213373,10.526666666666667,ROUTE_RhodeIslandHospital,0.3369495651781731,18.613333333333333,ROUTE_TheMiriamHospital,0.3383676150213373,10.526666666666667
41.87305555553199,-71.50083333324793,116.04867002226474,LVO,ROUTE_RhodeIslandHospital,0.4145176616593703,16.776666666666667,ROUTE_OurLadyOfFatimaHospital,0.3530735628420433,7.785,ROUTE_RhodeIslandHospital,0.4145176616593703,16.776666666666667,ROUTE_OurLadyOfFatimaHospital,0.3530735628420433,7.785
41.82583333330973,-71.3888888888034,265.55357020592163,LVO,ROUTE_RhodeIslandHospital,0.32734294144,5.29,ROUTE_RhodeIslandHospital,0.32734294144,5.29,ROUTE_RhodeIslandHospital,0.32734294144,5.29,ROUTE_RhodeIslandHospital,0.32734294144,5.29
41.546111111087285,-71.38027777769229,144.87486781411152,LVO,ROUTE_RhodeIslandHospital,0.3404877848719523,47.815000000000005,ROUTE_NewportHospital,0.3464307354610854,14.825,ROUTE_RhodeIslandHospital,0.3404877848719523,47.815000000000005,ROUTE_NewportHospital,0.3464307354610854,14.825
41.79249999997637,-71.45249999991456,188.33784910763856,LVO,ROUTE_RhodeIslandHospital,0.33950409288919614,9.898333333333333,ROUTE_RhodeIslandHospital,0.33950409288919614,9.898333333333333,ROUTE_RhodeIslandHospital,0.33950409288919614,9.898333333333333,ROUTE_RhodeIslandHospital,0.33950409288919614,9.898333333333333
41.49944444442058,-71.44416666658122,162.7131833806607,HEMORRHAGIC,ROUTE_RhodeIslandHospital,0.3375369722777279,46.695,ROUTE_SouthCountyHospital,0.3431052303211058,15.336666666666668,ROUTE_RhodeIslandHospital,0.3375369722777279,46.695,ROUTE_SouthCountyHospital,0.3431052303211058,15.336666666666668
41.850277777754194,-71.4202777776923,225.22382046969173,HEMORRHAGIC,ROUTE_TheMiriamHospital,0.32734294144,4.19,ROUTE_TheMiriamHospital,0.32734294144,4.19,ROUTE_RhodeIslandHospital,0.32734294144,7.651666666666667,ROUTE_TheMiriamHospital,0.32734294144,4.19
41.83444444442085,-71.48249999991458,216.6865224028002,LVO,ROUTE_RogerWilliamsMedicalCenter,0.3348796264969212,7.9816666666666665,ROUTE_RogerWilliamsMedicalCenter,0.3348796264969212,7.9816666666666665,ROUTE_RhodeIslandHospital,0.32734294144,14.135,ROUTE_RogerWilliamsMedicalCenter,0.3348796264969212,7.9816666666666665
41.718333333309644,-71.52027777769239,127.06900504058126,HEMORRHAGIC,ROUTE_RhodeIslandHospital,0.4104071403620401,23.691666666666666,ROUTE_KentHospital,0.3510161638475663,7.765,ROUTE_RhodeIslandHospital,0.4104071403620401,23.691666666666666,ROUTE_KentHospital,0.3510161638475663,7.765
41.815555555531944,-71.43083333324788,69.79545257112376,LVO,ROUTE_RhodeIslandHospital,0.4280584405180892,4.821666666666667,ROUTE_RhodeIslandHospital,0.4280584405180892,4.821666666666667,ROUTE_RhodeIslandHospital,0.4280584405180892,4.821666666666667,ROUTE_RhodeIslandHospital,0.4280584405180892,4.821666666666667
41.717777777754094,-71.52361111102573,67.2599427174541,LVO,ROUTE_RhodeIslandHospital,0.4243236139644821,23.285,ROUTE_KentHospital,0.3625191479343564,7.246666666666667,ROUTE_RhodeIslandHospital,0.4243236139644821,23.285,ROUTE_KentHospital,0.3625191479343564,7.246666666666667
41.87305555553199,-71.68194444435919,214.36375049501044,HEMORRHAGIC,ROUTE_RogerWilliamsMedicalCenter,0.32734294144,25.933333333333334,ROUTE_RogerWilliamsMedicalCenter,0.32734294144,25.933333333333334,ROUTE_RhodeIslandHospital,0.32734294144,28.5,ROUTE_RogerWilliamsMedicalCenter,0.32734294144,25.933333333333334
41.790833333309706,-71.3661111110256,163.62192606557363,MIMIC,ROUTE_RhodeIslandHospital,0.4052486515332448,9.84,ROUTE_RhodeIslandHospital,0.4052486515332448,9.84,ROUTE_RhodeIslandHospital,0.4052486515332448,9.84,ROUTE_RhodeIslandHospital,0.4052486515332448,9.84
41.779722222198586,-71.66694444435917,210.06258591918154,HEMORRHAGIC,ROUTE_RogerWilliamsMedicalCenter,0.32734294144,27.886666666666667,ROUTE_RogerWilliamsMedicalCenter,0.32734294144,27.886666666666667,ROUTE_RhodeIslandHospital,0.32734294144,30.453333333333333,ROUTE_RogerWilliamsMedicalCenter,0.32734294144,27.886666666666667
41.8666666666431,-71.43444444435899,77.95730588748256,HEMORRHAGIC,ROUTE_RhodeIslandHospital,0.42520669264435457,8.813333333333333,ROUTE_OurLadyOfFatimaHospital,0.3608307371505785,5.23,ROUTE_RhodeIslandHospital,0.42520669264435457,8.813333333333333,ROUTE_OurLadyOfFatimaHospital,0.3608307371505785,5.23
41.88749999997645,-71.36138888880338,148.25081079506685,NLVO,ROUTE_RhodeIslandHospital,0.40701723385319455,17.403333333333332,ROUTE_TheMiriamHospital,0.34682039209266635,9.316666666666666,ROUTE_RhodeIslandHospital,0.40701723385319455,17.403333333333332,ROUTE_TheMiriamHospital,0.34682039209266635,9.316666666666666
41.40111111108717,-71.64083333324804,192.6006098605165,LVO,ROUTE_SouthCountyHospital,0.3380223733220217,14.041666666666666,ROUTE_SouthCountyHospital,0.3380223733220217,14.041666666666666,ROUTE_RhodeIslandHospital,0.32734294144,56.57333333333334,ROUTE_SouthCountyHospital,0.3380223733220217,14.041666666666666
41.809999999976384,-71.38472222213673,236.89559535401946,NLVO,ROUTE_RhodeIslandHospital,0.32734294144,8.941666666666666,ROUTE_RhodeIslandHospital,0.32734294144,8.941666666666666,ROUTE_RhodeIslandHospital,0.32734294144,8.941666666666666,ROUTE_RhodeIslandHospital,0.32734294144,8.941666666666666
41.8716666666431,-71.42138888880342,136.90562822965117,LVO,ROUTE_RhodeIslandHospital,0.4112474799587536,10.178333333333335,ROUTE_TheMiriamHospital,0.34950031288416067,6.093333333333334,ROUTE_RhodeIslandHospital,0.4112474799587536,10.178333333333335,ROUTE_TheMiriamHospital,0.34950031288416067,6.093333333333334
41.865833333309766,-71.5491666665813,259.96895053118465,LVO,ROUTE_OurLadyOfFatimaHospital,0.32734294144,14.931666666666667,ROUTE_OurLadyOfFatimaHospital,0.32734294144,14.931666666666667,ROUTE_RhodeIslandHospital,0.32734294144,20.445,ROUTE_OurLadyOfFatimaHospital,0.32734294144,14.931666666666667
41.892222222198676,-71.40222222213674,64.63886449711694,HEMORRHAGIC,ROUTE_RhodeIslandHospital,0.42710683429149865,14.026666666666667,ROUTE_TheMiriamHospital,0.4220870533353013,6.54,ROUTE_RhodeIslandHospital,0.42710683429149865,14.026666666666667,ROUTE_TheMiriamHospital,0.4220870533353013,6.54
41.85111111108753,-71.62055555547025,30.192472643833757,LVO,ROUTE_RhodeIslandHospital,0.433341691046532,22.046666666666667,ROUTE_RogerWilliamsMedicalCenter,0.42730443011174,19.48,ROUTE_RhodeIslandHospital,0.433341691046532,22.046666666666667,ROUTE_RogerWilliamsMedicalCenter,0.42730443011174,19.48
41.336388888864896,-71.81861111102596,172.35175390865513,MIMIC,ROUTE_WesterlyHospital,0.3429816186388515,6.385000000000001,ROUTE_WesterlyHospital,0.3429816186388515,6.385000000000001,ROUTE_RhodeIslandHospital,0.32734294144,62.086666666666666,ROUTE_WesterlyHospital,0.3429816186388515,6.385000000000001
41.672499999976274,-71.49888888880349,132.27343373867495,LVO,ROUTE_RhodeIslandHospital,0.40871419047402086,25.913333333333334,ROUTE_KentHospital,0.3499163360769713,8.48,ROUTE_RhodeIslandHospital,0.40871419047402086,25.913333333333334,ROUTE_KentHospital,0.3499163360769713,8.48
41.859999999976424,-71.4836111110257,268.5350248812301,MIMIC,ROUTE_OurLadyOfFatimaHospital,0.32734294144,4.248333333333333,ROUTE_OurLadyOfFatimaHospital,0.32734294144,4.248333333333333,ROUTE_RhodeIslandHospital,0.32734294144,13.815,ROUTE_OurLadyOfFatimaHospital,0.32734294144,4.248333333333333
41.851666666643084,-71.42111111102565,154.9232963100811,NLVO,ROUTE_RhodeIslandHospital,0.4077013387387206,7.718333333333334,ROUTE_TheMiriamHospital,0.34651764064036644,4.3,ROUTE_RhodeIslandHospital,0.4077013387387206,7.718333333333334,ROUTE_TheMiriamHospital,0.34651764064036644,4.3
41.84722222219864,-71.39916666658118,197.77746217032598,LVO,ROUTE_RhodeIslandHospital,0.33795457379228666,9.25,ROUTE_TheMiriamHospital,0.339157654515972,2.42,ROUTE_RhodeIslandHospital,0.33795457379228666,9.25,ROUTE_TheMiriamHospital,0.339157654515972,2.42
42.00249999997654,-71.57972222213688,264.5708092222396,NLVO,ROUTE_LandmarkMedicalCenter,0.32734294144,12.451666666666666,ROUTE_LandmarkMedicalCenter,0.32734294144,12.451666666666666,ROUTE_RhodeIslandHospital,0.32734294144,22.705,ROUTE_LandmarkMedicalCenter,0.32734294144,12.451666666666666
41.92944444442092,-71.47861111102569,96.87917540823376,HEMORRHAGIC,ROUTE_RhodeIslandHospital,0.4188700679158642,17.09333333333333,ROUTE_LandmarkMedicalCenter,0.3555863693200847,13.648333333333333,ROUTE_RhodeIslandHospital,0.4188700679158642,17.09333333333333,ROUTE_LandmarkMedicalCenter,0.3555863693200847,13.648333333333333
41.48694444442057,-71.30527777769223,188.38044556512565,HEMORRHAGIC,ROUTE_NewportHospital,0.3407815651362368,2.6566666666666667,ROUTE_NewportHospital,0.3407815651362368,2.6566666666666667,ROUTE_RhodeIslandHospital,0.32734294144,54.885,ROUTE_NewportHospital,0.3407815651362368,2.6566666666666667
41.992222222198755,-71.50666666658127,42.65301298336806,HEMORRHAGIC,ROUTE_RhodeIslandHospital,0.4304754714677296,21.703333333333333,ROUTE_LandmarkMedicalCenter,0.42689806740424197,5.208333333333333,ROUTE_RhodeIslandHospital,0.4304754714677296,21.703333333333333,ROUTE_LandmarkMedicalCenter,0.42689806740424197,5.208333333333333
41.82305555553195,-71.55555555547019,262.02786361659844,LVO,ROUTE_RogerWilliamsMedicalCenter,0.32734294144,16.12,ROUTE_RogerWilliamsMedicalCenter,0.32734294144,16.12,ROUTE_RhodeIslandHospital,0.32734294144,18.686666666666667,ROUTE_RogerWilliamsMedicalCenter,0.32734294144,16.12
41.54833333330951,-71.43888888880343,121.1897589663903,HEMORRHAGIC,ROUTE_RhodeIslandHospital,0.4083120174287693,38.765,ROUTE_NewportHospital,0.35030165613443065,17.486666666666668,ROUTE_RhodeIslandHospital,0.4083120174287693,38.765,ROUTE_NewportHospital,0.35030165613443065,17.486666666666668
41.703055555531854,-71.40944444435897,86.40812298302629,LVO,ROUTE_RhodeIslandHospital,0.4209817110007643,18.46833333333333,ROUTE_KentHospital,0.3580171778869933,11.376666666666667,ROUTE_RhodeIslandHospital,0.4209817110007643,18.46833333333333,ROUTE_KentHospital,0.3580171778869933,11.376666666666667
41.68972222219851,-71.50777777769238,179.24990907098308,MIMIC,ROUTE_RhodeIslandHospital,0.3383006140524443,25.81,ROUTE_KentHospital,0.34126305420794006,9.085,ROUTE_RhodeIslandHospital,0.3383006140524443,25.81,ROUTE_KentHospital,0.34126305420794006,9.085
41.83611111108752,-71.4836111110257,131.43803746068997,HEMORRHAGIC,ROUTE_RhodeIslandHospital,0.41189958179104563,12.795,ROUTE_RogerWilliamsMedicalCenter,0.35041213490330136,6.6433333333333335,ROUTE_RhodeIslandHospital,0.41189958179104563,12.795,ROUTE_RogerWilliamsMedicalCenter,0.35041213490330136,6.6433333333333335
41.489166666642795,-71.31249999991445,30.61239718432443,MIMIC,ROUTE_NewportHospital,0.42803629584276764,3.5116666666666663,ROUTE_NewportHospital,0.42803629584276764,3.5116666666666663,ROUTE_RhodeIslandHospital,0.425569432320476,54.608333333333334,ROUTE_NewportHospital,0.42803629584276764,3.5116666666666663
41.4866666666428,-71.53305555547018,240.45732331705878,HEMORRHAGIC,ROUTE_SouthCountyHospital,0.32734294144,12.286666666666667,ROUTE_SouthCountyHospital,0.32734294144,12.286666666666667,ROUTE_RhodeIslandHospital,0.32734294144,48.95666666666667,ROUTE_SouthCountyHospital,0.32734294144,12.286666666666667
41.79999999997638,-71.36388888880337,108.18731089634295,HEMORRHAGIC,ROUTE_RhodeIslandHospital,0.41825206334233334,8.455,ROUTE_RhodeIslandHospital,0.41825206334233334,8.455,ROUTE_RhodeIslandHospital,0.41825206334233334,8.455,ROUTE_RhodeIslandHospital,0.41825206334233334,8.455
41.99055555553208,-71.41111111102563,89.30465218073292,MIMIC,ROUTE_RhodeIslandHospital,0.4191392493432488,23.506666666666668,ROUTE_LandmarkMedicalCenter,0.35747353015173533,11.318333333333333,ROUTE_RhodeIslandHospital,0.4191392493432488,23.506666666666668,ROUTE_LandmarkMedicalCenter,0.35747353015173533,11.318333333333333
41.66305555553183,-71.26499999991441,174.07691314988955,LVO,ROUTE_RhodeIslandHospital,0.3381513572589909,31.831666666666667,ROUTE_NewportHospital,0.3388693885346929,27.753333333333334,ROUTE_RhodeIslandHospital,0.3381513572589909,31.831666666666667,ROUTE_NewportHospital,0.3388693885346929,27.753333333333334
41.778055555531914,-71.35999999991449,269.0209442667022,LVO,ROUTE_RhodeIslandHospital,0.32734294144,11.575,ROUTE_RhodeIslandHospital,0.32734294144,11.575,ROUTE_RhodeIslandHospital,0.32734294144,11.575,ROUTE_RhodeIslandHospital,0.32734294144,11.575
41.87472222219866,-71.75055555547036,252.06790426308396,LVO,ROUTE_RogerWilliamsMedicalCenter,0.32734294144,32.59166666666667,ROUTE_RogerWilliamsMedicalCenter,0.32734294144,32.59166666666667,ROUTE_RhodeIslandHospital,0.32734294144,35.15833333333333,ROUTE_RogerWilliamsMedicalCenter,0.32734294144,32.59166666666667
41.726111111087434,-71.53083333324795,199.38321787090945,LVO,ROUTE_KentHospital,0.3374652391934508,10.435,ROUTE_KentHospital,0.3374652391934508,10.435,ROUTE_RhodeIslandHospital,0.33501138473120434,24.525,ROUTE_KentHospital,0.3374652391934508,10.435
41.748888888865224,-71.49249999991459,104.35688236475141,LVO,ROUTE_RhodeIslandHospital,0.41679453625692464,18.58833333333333,ROUTE_KentHospital,0.355035513433027,9.076666666666666,ROUTE_RhodeIslandHospital,0.41679453625692464,18.58833333333333,ROUTE_KentHospital,0.355035513433027,9.076666666666666
41.836388888865294,-71.44166666658121,180.35529456649036,LVO,ROUTE_RhodeIslandHospital,0.3410112868076162,9.391666666666667,ROUTE_RogerWilliamsMedicalCenter,0.34223905885243205,2.52,ROUTE_RhodeIslandHospital,0.3410112868076162,9.391666666666667,ROUTE_RogerWilliamsMedicalCenter,0.34223905885243205,2.52
41.796944444420824,-71.35249999991449,109.414646126316,MIMIC,ROUTE_RhodeIslandHospital,0.4175832431524829,10.118333333333334,ROUTE_RhodeIslandHospital,0.4175832431524829,10.118333333333334,ROUTE_RhodeIslandHospital,0.4175832431524829,10.118333333333334,ROUTE_RhodeIslandHospital,0.4175832431524829,10.118333333333334
41.801666666643044,-71.50083333324793,63.46056726096195,LVO,ROUTE_RhodeIslandHospital,0.42755285766848194,13.306666666666667,ROUTE_RogerWilliamsMedicalCenter,0.4214186981409002,11.123333333333333,ROUTE_RhodeIslandHospital,0.42755285766848194,13.306666666666667,ROUTE_RogerWilliamsMedicalCenter,0.4214186981409002,11.123333333333333
41.838055555531966,-71.41111111102563,220.54417078474884,HEMORRHAGIC,ROUTE_TheMiriamHospital,0.32734294144,5.125,ROUTE_TheMiriamHospital,0.32734294144,5.125,ROUTE_RhodeIslandHospital,0.32734294144,9.141666666666667,ROUTE_TheMiriamHospital,0.32734294144,5.125
41.81249999997639,-71.51972222213683,181.03636374418974,HEMORRHAGIC,ROUTE_RhodeIslandHospital,0.3399807883033114,14.508333333333333,ROUTE_RogerWilliamsMedicalCenter,0.34036815423278116,12.326666666666666,ROUTE_RhodeIslandHospital,0.3399807883033114,14.508333333333333,ROUTE_RogerWilliamsMedicalCenter,0.34036815423278116,12.326666666666666
41.81222222219861,-71.42472222213677,118.4665169211735,LVO,ROUTE_RhodeIslandHospital,0.4170075271247542,3.5566666666666666,ROUTE_RhodeIslandHospital,0.4170075271247542,3.5566666666666666,ROUTE_RhodeIslandHospital,0.4170075271247542,3.5566666666666666,ROUTE_RhodeIslandHospital,0.4170075271247542,3.5566666666666666
41.74861111108745,-71.46361111102568,102.76408249370782,HEMORRHAGIC,ROUTE_RhodeIslandHospital,0.4169890706247006,19.34,ROUTE_KentHospital,0.354620885961399,12.860000000000001,ROUTE_RhodeIslandHospital,0.4169890706247006,19.34,ROUTE_KentHospital,0.354620885961399,12.860000000000001
41.78611111108748,-71.40388888880341,168.45634512977927,LVO,ROUTE_RhodeIslandHospital,0.4049653878135918,6.258333333333334,ROUTE_RhodeIslandHospital,0.4049653878135918,6.258333333333334,ROUTE_RhodeIslandHospital,0.4049653878135918,6.258333333333334,ROUTE_RhodeIslandHospital,0.4049653878135918,6.258333333333334
41.965833333309845,-71.67861111102584,242.12100470401572,NLVO,ROUTE_LandmarkMedicalCenter,0.32734294144,24.248333333333335,ROUTE_LandmarkMedicalCenter,0.32734294144,24.248333333333335,ROUTE_RhodeIslandHospital,0.32734294144,34.55,ROUTE_LandmarkMedicalCenter,0.32734294144,24.248333333333335
41.501666666642805,-71.30333333324778,81.2321894202528,HEMORRHAGIC,ROUTE_RhodeIslandHospital,0.4141881461197423,53.026666666666664,ROUTE_NewportHospital,0.3608232002057128,1.995,ROUTE_RhodeIslandHospital,0.4141881461197423,53.026666666666664,ROUTE_NewportHospital,0.3608232002057128,1.995
41.98861111108764,-71.48722222213681,56.094630006016786,HEMORRHAGIC,ROUTE_RhodeIslandHospital,0.42783338909404356,19.478333333333335,ROUTE_LandmarkMedicalCenter,0.42356310557847887,5.843333333333334,ROUTE_RhodeIslandHospital,0.42783338909404356,19.478333333333335,ROUTE_LandmarkMedicalCenter,0.42356310557847887,5.843333333333334
41.621111111087345,-71.6716666665814,234.71508149276036,HEMORRHAGIC,ROUTE_KentHospital,0.32734294144,22.753333333333334,ROUTE_KentHospital,0.32734294144,22.753333333333334,ROUTE_RhodeIslandHospital,0.32734294144,37.568333333333335,ROUTE_KentHospital,0.32734294144,22.753333333333334
41.48388888886502,-71.67249999991473,208.94858002754512,LVO,ROUTE_SouthCountyHospital,0.32734294144,28.498333333333335,ROUTE_SouthCountyHospital,0.32734294144,28.498333333333335,ROUTE_RhodeIslandHospital,0.32734294144,48.36,ROUTE_SouthCountyHospital,0.32734294144,28.498333333333335
41.603055555531775,-71.25777777769218,201.28572198554312,LVO,ROUTE_NewportHospital,0.33548091985234835,19.913333333333334,ROUTE_NewportHospital,0.33548091985234835,19.913333333333334,ROUTE_RhodeIslandHospital,0.32734294144,39.901666666666664,ROUTE_NewportHospital,0.33548091985234835,19.913333333333334
41.46999999997612,-71.30111111102555,132.7376057865066,HEMORRHAGIC,ROUTE_RhodeIslandHospital,0.3404921263807678,59.92666666666666,ROUTE_NewportHospital,0.35001045718281454,7.508333333333334,ROUTE_RhodeIslandHospital,0.3404921263807678,59.92666666666666,ROUTE_NewportHospital,0.35001045718281454,7.508333333333334
41.65888888886516,-71.51805555547017,56.11228467554178,LVO,ROUTE_RhodeIslandHospital,0.42555880006814956,29.154999999999998,ROUTE_KentHospital,0.3633114479344216,14.34,ROUTE_RhodeIslandHospital,0.42555880006814956,29.154999999999998,ROUTE_KentHospital,0.3633114479344216,14.34
41.58027777775398,-71.13194444435875,225.90999028524743,MIMIC,ROUTE_NewportHospital,0.32734294144,40.919999999999995,ROUTE_NewportHospital,0.32734294144,40.919999999999995,ROUTE_RhodeIslandHospital,0.32734294144,55.03333333333333,ROUTE_NewportHospital,0.32734294144,40.919999999999995
41.63027777775402,-71.20916666658103,250.67069681505546,LVO,ROUTE_NewportHospital,0.32734294144,29.15,ROUTE_NewportHospital,0.32734294144,29.15,ROUTE_RhodeIslandHospital,0.32734294144,43.263333333333335,ROUTE_NewportHospital,0.32734294144,29.15
41.54527777775395,-71.43583333324788,135.96955796276492,LVO,ROUTE_RhodeIslandHospital,0.4046088373515414,40.32333333333334,ROUTE_NewportHospital,0.3474087907520496,18.384999999999998,ROUTE_RhodeIslandHospital,0.4046088373515414,40.32333333333334,ROUTE_NewportHospital,0.3474087907520496,18.384999999999998
41.88833333330978,-71.38805555547006,92.89958768767359,HEMORRHAGIC,ROUTE_RhodeIslandHospital,0.42038128275563597,14.56,ROUTE_TheMiriamHospital,0.3576434806603483,6.835,ROUTE_RhodeIslandHospital,0.42038128275563597,14.56,ROUTE_TheMiriamHospital,0.3576434806603483,6.835
41.77361111108747,-71.32805555547002,174.7292953598859,LVO,ROUTE_RhodeIslandHospital,0.34076587237201106,16.396666666666665,ROUTE_RhodeIslandHospital,0.34076587237201106,16.396666666666665,ROUTE_RhodeIslandHospital,0.34076587237201106,16.396666666666665,ROUTE_RhodeIslandHospital,0.34076587237201106,16.396666666666665
41.87444444442088,-71.444444444359,204.97270097263495,MIMIC,ROUTE_OurLadyOfFatimaHospital,0.3372355663370224,6.156666666666666,ROUTE_OurLadyOfFatimaHospital,0.3372355663370224,6.156666666666666,ROUTE_RhodeIslandHospital,0.3361927084065557,12.131666666666666,ROUTE_OurLadyOfFatimaHospital,0.3372355663370224,6.156666666666666
41.66388888886516,-71.60361111102578,116.73067269871984,HEMORRHAGIC,ROUTE_RhodeIslandHospital,0.41108276882538775,31.073333333333334,ROUTE_KentHospital,0.35135992499260504,16.258333333333333,ROUTE_RhodeIslandHospital,0.41108276882538775,31.073333333333334,ROUTE_KentHospital,0.35135992499260504,16.258333333333333
41.85388888886531,-71.41611111102564,236.66593138435792,MIMIC,ROUTE_TheMiriamHospital,0.32734294144,3.268333333333333,ROUTE_TheMiriamHospital,0.32734294144,3.268333333333333,ROUTE_RhodeIslandHospital,0.32734294144,8.27,ROUTE_TheMiriamHospital,0.32734294144,3.268333333333333
41.69444444442074,-71.52972222213684,44.91245617219232,NLVO,ROUTE_RhodeIslandHospital,0.4289944561168681,25.726666666666667,ROUTE_KentHospital,0.4257009206003774,7.841666666666667,ROUTE_RhodeIslandHospital,0.4289944561168681,25.726666666666667,ROUTE_KentHospital,0.4257009206003774,7.841666666666667
41.8666666666431,-71.58666666658134,182.3875655425252,HEMORRHAGIC,ROUTE_RhodeIslandHospital,0.3381695824907873,23.416666666666668,ROUTE_OurLadyOfFatimaHospital,0.3387672067554451,20.021666666666665,ROUTE_RhodeIslandHospital,0.3381695824907873,23.416666666666668,ROUTE_OurLadyOfFatimaHospital,0.3387672067554451,20.021666666666665
41.73972222219855,-71.30555555547,84.34987460779165,LVO,ROUTE_RhodeIslandHospital,0.4211078968859732,19.985,ROUTE_RhodeIslandHospital,0.4211078968859732,19.985,ROUTE_RhodeIslandHospital,0.4211078968859732,19.985,ROUTE_RhodeIslandHospital,0.4211078968859732,19.985
41.93055555553204,-71.55666666658131,147.20970664307526,LVO,ROUTE_RhodeIslandHospital,0.4049670389389922,27.496666666666666,ROUTE_OurLadyOfFatimaHospital,0.34525224960367623,18.961666666666666,ROUTE_RhodeIslandHospital,0.4049670389389922,27.496666666666666,ROUTE_OurLadyOfFatimaHospital,0.34525224960367623,18.961666666666666
41.39138888886494,-71.50333333324794,190.11103419987714,LVO,ROUTE_SouthCountyHospital,0.33852093316832416,13.696666666666665,ROUTE_SouthCountyHospital,0.33852093316832416,13.696666666666665,ROUTE_RhodeIslandHospital,0.32734294144,58.836666666666666,ROUTE_SouthCountyHospital,0.33852093316832416,13.696666666666665
41.522499999976155,-71.17249999991434,145.31324300733473,LVO,ROUTE_RhodeIslandHospital,0.33828443184323786,59.83833333333334,ROUTE_NewportHospital,0.34078148254203183,45.725,ROUTE_RhodeIslandHospital,0.33828443184323786,59.83833333333334,ROUTE_NewportHospital,0.34078148254203183,45.725
41.872499999976434,-71.41194444435897,203.11023003680026,LVO,ROUTE_TheMiriamHospital,0.33767856299607474,5.489999999999999,ROUTE_TheMiriamHospital,0.33767856299607474,5.489999999999999,ROUTE_RhodeIslandHospital,0.33676436797083836,10.715,ROUTE_TheMiriamHospital,0.33767856299607474,5.489999999999999
41.83861111108752,-71.4355555554701,138.86389277623718,LVO,ROUTE_RhodeIslandHospital,0.4113955091852604,7.573333333333333,ROUTE_RogerWilliamsMedicalCenter,0.34995175088475955,1.6983333333333335,ROUTE_RhodeIslandHospital,0.4113955091852604,7.573333333333333,ROUTE_RogerWilliamsMedicalCenter,0.34995175088475955,1.6983333333333335
41.81333333330972,-71.4202777776923,106.96559354761165,HEMORRHAGIC,ROUTE_RhodeIslandHospital,0.4197452737841807,3.2333333333333334,ROUTE_RhodeIslandHospital,0.4197452737841807,3.2333333333333334,ROUTE_RhodeIslandHospital,0.4197452737841807,3.2333333333333334,ROUTE_RhodeIslandHospital,0.4197452737841807,3.2333333333333334
41.82861111108751,-71.41111111102563,31.215448246162474,LVO,ROUTE_RhodeIslandHospital,0.4370489212325155,5.423333333333333,ROUTE_RogerWilliamsMedicalCenter,0.430477380089636,5.12,ROUTE_RhodeIslandHospital,0.4370489212325155,5.423333333333333,ROUTE_RogerWilliamsMedicalCenter,0.430477380089636,5.12
41.768611111087466,-71.43111111102566,67.76825689314377,HEMORRHAGIC,ROUTE_RhodeIslandHospital,0.42654436444096416,13.295,ROUTE_RhodeIslandHospital,0.42654436444096416,13.295,ROUTE_RhodeIslandHospital,0.42654436444096416,13.295,ROUTE_RhodeIslandHospital,0.42654436444096416,13.295
41.709999999976304,-71.57916666658133,192.6537481801107,LVO,ROUTE_KentHospital,0.33743539382357385,17.334999999999997,ROUTE_KentHospital,0.33743539382357385,17.334999999999997,ROUTE_RhodeIslandHospital,0.32734294144,33.309999999999995,ROUTE_KentHospital,0.33743539382357385,17.334999999999997
41.70555555553186,-71.43083333324788,252.28230645800198,MIMIC,ROUTE_KentHospital,0.32734294144,8.591666666666667,ROUTE_KentHospital,0.32734294144,8.591666666666667,ROUTE_RhodeIslandHospital,0.32734294144,19.56833333333333,ROUTE_KentHospital,0.32734294144,8.591666666666667
41.69444444442074,-71.25972222213663,86.11216261661758,HEMORRHAGIC,ROUTE_RhodeIslandHospital,0.4187016271192995,28.58833333333333,ROUTE_RhodeIslandHospital,0.4187016271192995,28.58833333333333,ROUTE_RhodeIslandHospital,0.4187016271192995,28.58833333333333,ROUTE_RhodeIslandHospital,0.4187016271192995,28.58833333333333
41.71666666664298,-71.54222222213686,207.0553589127984,MIMIC,ROUTE_KentHospital,0.33615968658606976,10.238333333333333,ROUTE_KentHospital,0.33615968658606976,10.238333333333333,ROUTE_RhodeIslandHospital,0.32734294144,25.118333333333332,ROUTE_KentHospital,0.33615968658606976,10.238333333333333
41.64555555553181,-71.45083333324789,69.4665232951356,LVO,ROUTE_RhodeIslandHospital,0.422335030601239,29.596666666666668,ROUTE_KentHospital,0.3606441630983338,14.685,ROUTE_RhodeIslandHospital,0.422335030601239,29.596666666666668,ROUTE_KentHospital,0.3606441630983338,14.685
41.86805555553199,-71.41361111102565,118.11716907214434,MIMIC,ROUTE_RhodeIslandHospital,0.4154955049944881,10.46,ROUTE_TheMiriamHospital,0.35330504844148436,4.485,ROUTE_RhodeIslandHospital,0.4154955049944881,10.46,ROUTE_TheMiriamHospital,0.35330504844148436,4.485
41.826666666643064,-71.4583333332479,97.68334934607172,LVO,ROUTE_RhodeIslandHospital,0.4205891382833905,8.881666666666666,ROUTE_RogerWilliamsMedicalCenter,0.3573292844576379,3.695,ROUTE_RhodeIslandHospital,0.4205891382833905,8.881666666666666,ROUTE_RogerWilliamsMedicalCenter,0.3573292844576379,3.695
41.833611111087514,-71.43972222213677,81.32063311949338,HEMORRHAGIC,ROUTE_RhodeIslandHospital,0.4244690084035777,8.601666666666667,ROUTE_RogerWilliamsMedicalCenter,0.3609117103046505,1.45,ROUTE_RhodeIslandHospital,0.4244690084035777,8.601666666666667,ROUTE_RogerWilliamsMedicalCenter,0.3609117103046505,1.45
41.868611111087546,-71.43833333324788,71.32567034881711,HEMORRHAGIC,ROUTE_RhodeIslandHospital,0.4266744908520278,9.181666666666667,ROUTE_OurLadyOfFatimaHospital,0.4208128722409945,4.845,ROUTE_RhodeIslandHospital,0.4266744908520278,9.181666666666667,ROUTE_OurLadyOfFatimaHospital,0.4208128722409945,4.845
41.843333333309744,-71.3977777776923,162.84957973099748,HEMORRHAGIC,ROUTE_RhodeIslandHospital,0.4057998698612676,8.176666666666668,ROUTE_TheMiriamHospital,0.34541854949829387,2.4066666666666667,ROUTE_RhodeIslandHospital,0.4057998698612676,8.176666666666668,ROUTE_TheMiriamHospital,0.34541854949829387,2.4066666666666667
41.5005555555317,-71.30138888880333,94.49968412805005,MIMIC,ROUTE_RhodeIslandHospital,0.41097151981452307,53.791666666666664,ROUTE_NewportHospital,0.3582123492582282,2.2666666666666666,ROUTE_RhodeIslandHospital,0.41097151981452307,53.791666666666664,ROUTE_NewportHospital,0.3582123492582282,2.2666666666666666
41.673333333309614,-71.59916666658134,113.2915870378805,LVO,ROUTE_RhodeIslandHospital,0.41124421164883507,33.806666666666665,ROUTE_KentHospital,0.3517533308367257,17.59,ROUTE_RhodeIslandHospital,0.41124421164883507,33.806666666666665,ROUTE_KentHospital,0.3517533308367257,17.59
41.51611111108726,-71.6880555554703,32.08207769062393,HEMORRHAGIC,ROUTE_RhodeIslandHospital,0.4280938428684004,42.38333333333333,ROUTE_WesterlyHospital,0.36583849777286936,25.52,ROUTE_RhodeIslandHospital,0.4280938428684004,42.38333333333333,ROUTE_WesterlyHospital,0.36583849777286936,25.52
41.87361111108755,-71.38722222213673,265.9715128479071,LVO,ROUTE_TheMiriamHospital,0.32734294144,4.513333333333334,ROUTE_TheMiriamHospital,0.32734294144,4.513333333333334,ROUTE_RhodeIslandHospital,0.32734294144,12.933333333333334,ROUTE_TheMiriamHospital,0.32734294144,4.513333333333334
41.8022222221986,-71.43166666658121,154.87559609231982,LVO,ROUTE_RhodeIslandHospital,0.408187234600501,5.628333333333333,ROUTE_RhodeIslandHospital,0.408187234600501,5.628333333333333,ROUTE_RhodeIslandHospital,0.408187234600501,5.628333333333333,ROUTE_RhodeIslandHospital,0.408187234600501,5.628333333333333
41.42055555553163,-71.79388888880372,181.44272718154056,LVO,ROUTE_WesterlyHospital,0.34067215490733843,10.21,ROUTE_WesterlyHospital,0.34067215490733843,10.21,ROUTE_RhodeIslandHospital,0.32734294144,50.14666666666667,ROUTE_WesterlyHospital,0.34067215490733843,10.21
41.56083333330952,-71.53861111102574,67.50787119824213,HEMORRHAGIC,ROUTE_RhodeIslandHospital,0.4210634746591615,37.016666666666666,ROUTE_KentHospital,0.3595695554247886,22.203333333333333,ROUTE_RhodeIslandHospital,0.4210634746591615,37.016666666666666,ROUTE_KentHospital,0.3595695554247886,22.203333333333333
41.65416666664293,-71.47361111102569,116.22876397213663,LVO,ROUTE_RhodeIslandHospital,0.4123415740861047,26.075,ROUTE_KentHospital,0.3523879524040042,11.26,ROUTE_RhodeIslandHospital,0.4123415740861047,26.075,ROUTE_KentHospital,0.3523879524040042,11.26
41.87861111108755,-71.55416666658131,40.554677280033545,LVO,ROUTE_RhodeIslandHospital,0.43046693605677977,23.83833333333333,ROUTE_OurLadyOfFatimaHospital,0.4248898834214811,18.325,ROUTE_RhodeIslandHospital,0.43046693605677977,23.83833333333333,ROUTE_OurLadyOfFatimaHospital,0.4248898834214811,18.325
41.954722222198725,-71.45638888880345,167.00349523409486,LVO,ROUTE_RhodeIslandHospital,0.34160233886586683,19.43,ROUTE_LandmarkMedicalCenter,0.34313419589449273,10.885,ROUTE_RhodeIslandHospital,0.34160233886586683,19.43,ROUTE_LandmarkMedicalCenter,0.34313419589449273,10.885
41.88194444442089,-71.3661111110256,207.895580696742,HEMORRHAGIC,ROUTE_TheMiriamHospital,0.33639763292497443,8.031666666666666,ROUTE_TheMiriamHospital,0.33639763292497443,8.031666666666666,ROUTE_RhodeIslandHospital,0.33489634168822696,16.676666666666666,ROUTE_TheMiriamHospital,0.33639763292497443,8.031666666666666
41.789444444420816,-71.45666666658123,116.31224802575501,HEMORRHAGIC,ROUTE_RhodeIslandHospital,0.4159736545154623,10.19,ROUTE_RogerWilliamsMedicalCenter,0.3526089348249443,9.998333333333333,ROUTE_RhodeIslandHospital,0.4159736545154623,10.19,ROUTE_RogerWilliamsMedicalCenter,0.3526089348249443,9.998333333333333
41.769166666643024,-71.41944444435897,39.821646707660804,NLVO,ROUTE_RhodeIslandHospital,0.4337393161824506,10.74,ROUTE_RhodeIslandHospital,0.4337393161824506,10.74,ROUTE_RhodeIslandHospital,0.4337393161824506,10.74,ROUTE_RhodeIslandHospital,0.4337393161824506,10.74
41.778055555531914,-71.444444444359,226.75870849476294,LVO,ROUTE_RhodeIslandHospital,0.32734294144,11.520000000000001,ROUTE_RhodeIslandHospital,0.32734294144,11.520000000000001,ROUTE_RhodeIslandHospital,0.32734294144,11.520000000000001,ROUTE_RhodeIslandHospital,0.32734294144,11.520000000000001
41.801111111087494,-71.40916666658119,138.30967054502358,HEMORRHAGIC,ROUTE_RhodeIslandHospital,0.41263086901449225,2.731666666666667,ROUTE_RhodeIslandHospital,0.41263086901449225,2.731666666666667,ROUTE_RhodeIslandHospital,0.41263086901449225,2.731666666666667,ROUTE_RhodeIslandHospital,0.41263086901449225,2.731666666666667
42.00305555553209,-71.5174999999146,68.1640363774201,HEMORRHAGIC,ROUTE_RhodeIslandHospital,0.4242413395877508,22.73166666666667,ROUTE_LandmarkMedicalCenter,0.3627438365243487,5.191666666666666,ROUTE_RhodeIslandHospital,0.4242413395877508,22.73166666666667,ROUTE_LandmarkMedicalCenter,0.3627438365243487,5.191666666666666
41.74388888886522,-71.43138888880343,186.36311493412114,MIMIC,ROUTE_RhodeIslandHospital,0.33910553255995807,14.128333333333334,ROUTE_KentHospital,0.3392612374579741,13.248333333333333,ROUTE_RhodeIslandHospital,0.33910553255995807,14.128333333333334,ROUTE_KentHospital,0.3392612374579741,13.248333333333333
41.90555555553202,-71.38166666658117,145.38685024960256,LVO,ROUTE_RhodeIslandHospital,0.40745120492636744,18.355,ROUTE_TheMiriamHospital,0.34708163974427275,10.753333333333334,ROUTE_RhodeIslandHospital,0.40745120492636744,18.355,ROUTE_TheMiriamHospital,0.34708163974427275,10.753333333333334
41.672499999976274,-71.55333333324798,252.2126578633579,HEMORRHAGIC,ROUTE_KentHospital,0.32734294144,12.538333333333332,ROUTE_KentHospital,0.32734294144,12.538333333333332,ROUTE_RhodeIslandHospital,0.32734294144,28.9,ROUTE_KentHospital,0.32734294144,12.538333333333332
41.936666666643156,-71.54833333324797,104.19758094454379,LVO,ROUTE_RhodeIslandHospital,0.41566808422269547,23.631666666666668,ROUTE_LandmarkMedicalCenter,0.3538697082343007,15.405,ROUTE_RhodeIslandHospital,0.41566808422269547,23.631666666666668,ROUTE_LandmarkMedicalCenter,0.3538697082343007,15.405
41.740833333309666,-71.34499999991448,37.905575751218954,LVO,ROUTE_RhodeIslandHospital,0.43218316735920703,19.225,ROUTE_RhodeIslandHospital,0.43218316735920703,19.225,ROUTE_RhodeIslandHospital,0.43218316735920703,19.225,ROUTE_RhodeIslandHospital,0.43218316735920703,19.225
41.65194444442071,-71.19777777769214,169.83540138142303,MIMIC,ROUTE_NewportHospital,0.33939183863491934,29.03666666666667,ROUTE_NewportHospital,0.33939183863491934,29.03666666666667,ROUTE_RhodeIslandHospital,0.33691106152458933,43.15,ROUTE_NewportHospital,0.33939183863491934,29.03666666666667
41.84999999997642,-71.39888888880341,145.43104218995762,HEMORRHAGIC,ROUTE_RhodeIslandHospital,0.4093291743118317,10.056666666666667,ROUTE_TheMiriamHospital,0.34877013392214107,1.5216666666666667,ROUTE_RhodeIslandHospital,0.4093291743118317,10.056666666666667,ROUTE_TheMiriamHospital,0.34877013392214107,1.5216666666666667
41.999166666643205,-71.4102777776923,72.45974307151616,HEMORRHAGIC,ROUTE_RhodeIslandHospital,0.42141362677641675,30.56,ROUTE_LandmarkMedicalCenter,0.36014710052866156,14.26,ROUTE_RhodeIslandHospital,0.42141362677641675,30.56,ROUTE_LandmarkMedicalCenter,0.36014710052866156,14.26
41.434999999976085,-71.7033333332481,221.9309736408165,LVO,ROUTE_WesterlyHospital,0.32734294144,18.89333333333333,ROUTE_WesterlyHospital,0.32734294144,18.89333333333333,ROUTE_RhodeIslandHospital,0.32734294144,54.151666666666664,ROUTE_WesterlyHospital,0.32734294144,18.89333333333333
41.871388888865326,-71.60027777769245,239.38943545913477,LVO,ROUTE_OurLadyOfFatimaHospital,0.32734294144,21.296666666666667,ROUTE_OurLadyOfFatimaHospital,0.32734294144,21.296666666666667,ROUTE_RhodeIslandHospital,0.32734294144,24.691666666666666,ROUTE_OurLadyOfFatimaHospital,0.32734294144,21.296666666666667
41.88499999997644,-71.49916666658126,64.10818472226637,LVO,ROUTE_RhodeIslandHospital,0.42655149801132475,16.923333333333332,ROUTE_OurLadyOfFatimaHospital,0.42172814257166114,8.17,ROUTE_RhodeIslandHospital,0.42655149801132475,16.923333333333332,ROUTE_OurLadyOfFatimaHospital,0.42172814257166114,8.17
41.68833333330962,-71.58722222213689,197.5601069689192,LVO,ROUTE_KentHospital,0.33657839801509437,17.33,ROUTE_KentHospital,0.33657839801509437,17.33,ROUTE_RhodeIslandHospital,0.32734294144,35.215,ROUTE_KentHospital,0.33657839801509437,17.33
41.62277777775402,-71.15055555546988,228.21203294027455,LVO,ROUTE_NewportHospital,0.32734294144,35.156666666666666,ROUTE_NewportHospital,0.32734294144,35.156666666666666,ROUTE_RhodeIslandHospital,0.32734294144,49.27166666666667,ROUTE_NewportHospital,0.32734294144,35.156666666666666
41.67305555553183,-71.61749999991468,257.3909954105102,MIMIC,ROUTE_KentHospital,0.32734294144,21.51833333333333,ROUTE_KentHospital,0.32734294144,21.51833333333333,ROUTE_RhodeIslandHospital,0.32734294144,36.333333333333336,ROUTE_KentHospital,0.32734294144,21.51833333333333
42.00277777775432,-71.69277777769253,254.2544481515239,LVO,ROUTE_LandmarkMedicalCenter,0.32734294144,30.521666666666665,ROUTE_LandmarkMedicalCenter,0.32734294144,30.521666666666665,ROUTE_RhodeIslandHospital,0.32734294144,40.77333333333333,ROUTE_LandmarkMedicalCenter,0.32734294144,30.521666666666665
41.58944444442066,-71.5074999999146,170.87750489322724,LVO,ROUTE_RhodeIslandHospital,0.33831560779678627,34.096666666666664,ROUTE_KentHospital,0.34093786283983263,19.28166666666667,ROUTE_RhodeIslandHospital,0.33831560779678627,34.096666666666664,ROUTE_KentHospital,0.34093786283983263,19.28166666666667
41.749166666643006,-71.34111111102558,188.92655593765983,HEMORRHAGIC,ROUTE_RhodeIslandHospital,0.3380061635731662,17.808333333333334,ROUTE_RhodeIslandHospital,0.3380061635731662,17.808333333333334,ROUTE_RhodeIslandHospital,0.3380061635731662,17.808333333333334,ROUTE_RhodeIslandHospital,0.3380061635731662,17.808333333333334
41.963055555532065,-71.46638888880346,140.1680593601237,LVO,ROUTE_RhodeIslandHospital,0.4084027487997454,19.388333333333332,ROUTE_LandmarkMedicalCenter,0.3482714820750736,9.49,ROUTE_RhodeIslandHospital,0.4084027487997454,19.388333333333332,ROUTE_LandmarkMedicalCenter,0.3482714820750736,9.49
41.88722222219867,-71.3749999999145,230.3478515601929,HEMORRHAGIC,ROUTE_TheMiriamHospital,0.32734294144,7.9383333333333335,ROUTE_TheMiriamHospital,0.32734294144,7.9383333333333335,ROUTE_RhodeIslandHospital,0.32734294144,15.663333333333332,ROUTE_TheMiriamHospital,0.32734294144,7.9383333333333335
41.98555555553208,-71.47499999991457,133.58873937799387,HEMORRHAGIC,ROUTE_RhodeIslandHospital,0.41017085254909424,18.208333333333332,ROUTE_LandmarkMedicalCenter,0.35025558726542605,5.335,ROUTE_RhodeIslandHospital,0.41017085254909424,18.208333333333332,ROUTE_LandmarkMedicalCenter,0.35025558726542605,5.335
41.80361111108749,-71.41805555547009,249.97329841330577,HEMORRHAGIC,ROUTE_RhodeIslandHospital,0.32734294144,3.328333333333333,ROUTE_RhodeIslandHospital,0.32734294144,3.328333333333333,ROUTE_RhodeIslandHospital,0.32734294144,3.328333333333333,ROUTE_RhodeIslandHospital,0.32734294144,3.328333333333333
41.858888888865316,-71.5024999999146,262.28046400495424,NLVO,ROUTE_OurLadyOfFatimaHospital,0.32734294144,9.215,ROUTE_OurLadyOfFatimaHospital,0.32734294144,9.215,ROUTE_RhodeIslandHospital,0.32734294144,18.206666666666667,ROUTE_OurLadyOfFatimaHospital,0.32734294144,9.215
42.01083333330988,-71.51944444435905,63.27242006034431,LVO,ROUTE_RhodeIslandHospital,0.42498596446604525,24.44,ROUTE_LandmarkMedicalCenter,0.36367974940352527,5.298333333333333,ROUTE_RhodeIslandHospital,0.42498596446604525,24.44,ROUTE_LandmarkMedicalCenter,0.36367974940352527,5.298333333333333
41.82055555553195,-71.50444444435905,93.83824334763221,LVO,ROUTE_RhodeIslandHospital,0.41941811209764407,17.771666666666665,ROUTE_RogerWilliamsMedicalCenter,0.3561263036465784,13.848333333333333,ROUTE_RhodeIslandHospital,0.41941811209764407,17.771666666666665,ROUTE_RogerWilliamsMedicalCenter,0.3561263036465784,13.848333333333333
41.70083333330963,-71.27499999991441,52.34217606022725,LVO,ROUTE_RhodeIslandHospital,0.4263585183830427,29.513333333333332,ROUTE_RhodeIslandHospital,0.4263585183830427,29.513333333333332,ROUTE_RhodeIslandHospital,0.4263585183830427,29.513333333333332,ROUTE_RhodeIslandHospital,0.4263585183830427,29.513333333333332
41.828333333309736,-71.40805555547009,237.77996305419077,HEMORRHAGIC,ROUTE_RhodeIslandHospital,0.32734294144,5.135000000000001,ROUTE_RhodeIslandHospital,0.32734294144,5.135000000000001,ROUTE_RhodeIslandHospital,0.32734294144,5.135000000000001,ROUTE_RhodeIslandHospital,0.32734294144,5.135000000000001
41.89027777775423,-71.37388888880338,77.84109996564929,MIMIC,ROUTE_RhodeIslandHospital,0.4235721714287728,15.92,ROUTE_TheMiriamHospital,0.3602794558816606,8.193333333333333,ROUTE_RhodeIslandHospital,0.4235721714287728,15.92,ROUTE_TheMiriamHospital,0.3602794558816606,8.193333333333333
41.943611111087606,-71.45388888880345,182.9842830548653,LVO,ROUTE_RhodeIslandHospital,0.3388073367759188,19.198333333333334,ROUTE_LandmarkMedicalCenter,0.3399159208424115,12.926666666666668,ROUTE_RhodeIslandHospital,0.3388073367759188,19.198333333333334,ROUTE_LandmarkMedicalCenter,0.3399159208424115,12.926666666666668
41.98333333330986,-71.41861111102564,57.76293411841184,LVO,ROUTE_RhodeIslandHospital,0.4263743680544775,24.025,ROUTE_LandmarkMedicalCenter,0.36354464785339424,11.498333333333333,ROUTE_RhodeIslandHospital,0.4263743680544775,24.025,ROUTE_LandmarkMedicalCenter,0.36354464785339424,11.498333333333333
41.66027777775405,-71.58138888880355,84.14441607509553,HEMORRHAGIC,ROUTE_RhodeIslandHospital,0.41887928140677794,29.790000000000003,ROUTE_KentHospital,0.35776144462813475,14.975,ROUTE_RhodeIslandHospital,0.41887928140677794,29.790000000000003,ROUTE_KentHospital,0.35776144462813475,14.975
41.847777777754196,-71.43083333324788,111.06553540731932,LVO,ROUTE_RhodeIslandHospital,0.417492480214315,8.860000000000001,ROUTE_RogerWilliamsMedicalCenter,0.3547733902436037,3.7516666666666665,ROUTE_RhodeIslandHospital,0.417492480214315,8.860000000000001,ROUTE_RogerWilliamsMedicalCenter,0.3547733902436037,3.7516666666666665
41.766944444420794,-71.42249999991454,162.82162355775213,LVO,ROUTE_RhodeIslandHospital,0.40509055589715337,11.34,ROUTE_RhodeIslandHospital,0.40509055589715337,11.34,ROUTE_RhodeIslandHospital,0.40509055589715337,11.34,ROUTE_RhodeIslandHospital,0.40509055589715337,11.34
41.785833333309704,-71.45138888880345,244.90543017422692,HEMORRHAGIC,ROUTE_RhodeIslandHospital,0.32734294144,10.379999999999999,ROUTE_RhodeIslandHospital,0.32734294144,10.379999999999999,ROUTE_RhodeIslandHospital,0.32734294144,10.379999999999999,ROUTE_RhodeIslandHospital,0.32734294144,10.379999999999999
41.98888888886542,-71.51333333324794,122.86671542071093,HEMORRHAGIC,ROUTE_RhodeIslandHospital,0.41213216234342076,20.351666666666667,ROUTE_LandmarkMedicalCenter,0.3522818080315624,5.1899999999999995,ROUTE_RhodeIslandHospital,0.41213216234342076,20.351666666666667,ROUTE_LandmarkMedicalCenter,0.3522818080315624,5.1899999999999995
41.514166666642815,-71.31083333324779,175.52528050046197,LVO,ROUTE_NewportHospital,0.3427679972983649,4.401666666666667,ROUTE_NewportHospital,0.3427679972983649,4.401666666666667,ROUTE_RhodeIslandHospital,0.32734294144,52.931666666666665,ROUTE_NewportHospital,0.3427679972983649,4.401666666666667
42.00277777775432,-71.5174999999146,241.1115742736059,MIMIC,ROUTE_LandmarkMedicalCenter,0.32734294144,5.151666666666667,ROUTE_LandmarkMedicalCenter,0.32734294144,5.151666666666667,ROUTE_RhodeIslandHospital,0.32734294144,22.69333333333333,ROUTE_LandmarkMedicalCenter,0.32734294144,5.151666666666667
41.776944444420806,-71.35888888880338,42.40933343767829,LVO,ROUTE_RhodeIslandHospital,0.432842041562964,11.938333333333333,ROUTE_RhodeIslandHospital,0.432842041562964,11.938333333333333,ROUTE_RhodeIslandHospital,0.432842041562964,11.938333333333333,ROUTE_RhodeIslandHospital,0.432842041562964,11.938333333333333
41.868333333309764,-71.42388888880343,259.1547827491979,HEMORRHAGIC,ROUTE_TheMiriamHospital,0.32734294144,5.861666666666666,ROUTE_TheMiriamHospital,0.32734294144,5.861666666666666,ROUTE_RhodeIslandHospital,0.32734294144,9.288333333333332,ROUTE_TheMiriamHospital,0.32734294144,5.861666666666666
41.755277777754124,-71.33527777769224,245.42005683177103,HEMORRHAGIC,ROUTE_RhodeIslandHospital,0.32734294144,16.595000000000002,ROUTE_RhodeIslandHospital,0.32734294144,16.595000000000002,ROUTE_RhodeIslandHospital,0.32734294144,16.595000000000002,ROUTE_RhodeIslandHospital,0.32734294144,16.595000000000002
41.876944444420886,-71.48055555547013,259.6937479777033,HEMORRHAGIC,ROUTE_OurLadyOfFatimaHospital,0.32734294144,4.403333333333333,ROUTE_OurLadyOfFatimaHospital,0.32734294144,4.403333333333333,ROUTE_RhodeIslandHospital,0.32734294144,13.97,ROUTE_OurLadyOfFatimaHospital,0.32734294144,4.403333333333333
41.440555555531645,-71.50222222213682,133.87079424546087,HEMORRHAGIC,ROUTE_RhodeIslandHospital,0.3421365412635985,49.57666666666667,ROUTE_SouthCountyHospital,0.35079766429083936,2.1366666666666663,ROUTE_RhodeIslandHospital,0.3421365412635985,49.57666666666667,ROUTE_SouthCountyHospital,0.35079766429083936,2.1366666666666663
41.53277777775394,-71.27111111102552,89.05093811192397,LVO,ROUTE_RhodeIslandHospital,0.41307717596292187,50.044999999999995,ROUTE_NewportHospital,0.3581088572158476,8.255,ROUTE_RhodeIslandHospital,0.41307717596292187,50.044999999999995,ROUTE_NewportHospital,0.3581088572158476,8.255
41.807499999976386,-71.42999999991454,221.55252412592273,LVO,ROUTE_RhodeIslandHospital,0.32734294144,4.886666666666667,ROUTE_RhodeIslandHospital,0.32734294144,4.886666666666667,ROUTE_RhodeIslandHospital,0.32734294144,4.886666666666667,ROUTE_RhodeIslandHospital,0.32734294144,4.886666666666667
41.561388888865075,-71.27194444435887,68.66746347781674,HEMORRHAGIC,ROUTE_RhodeIslandHospital,0.4183477566095598,47.559999999999995,ROUTE_NewportHospital,0.3609714385042788,13.795,ROUTE_RhodeIslandHospital,0.4183477566095598,47.559999999999995,ROUTE_NewportHospital,0.3609714385042788,13.795
41.79027777775415,-71.39666666658118,182.3974116474385,HEMORRHAGIC,ROUTE_RhodeIslandHospital,0.3415634731872014,4.255,ROUTE_RhodeIslandHospital,0.3415634731872014,4.255,ROUTE_RhodeIslandHospital,0.3415634731872014,4.255,ROUTE_RhodeIslandHospital,0.3415634731872014,4.255
41.69527777775407,-71.46388888880345,122.22603291110971,HEMORRHAGIC,ROUTE_RhodeIslandHospital,0.4123834828157219,19.895,ROUTE_KentHospital,0.35274322435968736,3.368333333333333,ROUTE_RhodeIslandHospital,0.4123834828157219,19.895,ROUTE_KentHospital,0.35274322435968736,3.368333333333333
41.829444444420844,-71.44499999991456,208.1427510408681,MIMIC,ROUTE_RogerWilliamsMedicalCenter,0.33738451156573873,2.1366666666666663,ROUTE_RogerWilliamsMedicalCenter,0.33738451156573873,2.1366666666666663,ROUTE_RhodeIslandHospital,0.33633332575201375,8.153333333333332,ROUTE_RogerWilliamsMedicalCenter,0.33738451156573873,2.1366666666666663
41.84416666664308,-71.34638888880336,85.42879837845035,LVO,ROUTE_RhodeIslandHospital,0.4227970528948696,11.653333333333334,ROUTE_TheMiriamHospital,0.3581667699190684,11.575,ROUTE_RhodeIslandHospital,0.4227970528948696,11.653333333333334,ROUTE_TheMiriamHospital,0.3581667699190684,11.575
41.51916666664282,-71.46999999991458,103.23549558344423,HEMORRHAGIC,ROUTE_RhodeIslandHospital,0.4114927089000364,42.776666666666664,ROUTE_SouthCountyHospital,0.3543798097191214,13.665,ROUTE_RhodeIslandHospital,0.4114927089000364,42.776666666666664,ROUTE_SouthCountyHospital,0.3543798097191214,13.665
41.86333333330976,-71.449444444359,242.62561616070025,LVO,ROUTE_OurLadyOfFatimaHospital,0.32734294144,3.355,ROUTE_OurLadyOfFatimaHospital,0.32734294144,3.355,ROUTE_RhodeIslandHospital,0.32734294144,9.933333333333334,ROUTE_OurLadyOfFatimaHospital,0.32734294144,3.355
42.00666666664321,-71.49638888880348,217.80441170202366,LVO,ROUTE_LandmarkMedicalCenter,0.3358185531433702,1.45,ROUTE_LandmarkMedicalCenter,0.3358185531433702,1.45,ROUTE_RhodeIslandHospital,0.32734294144,21.528333333333332,ROUTE_LandmarkMedicalCenter,0.3358185531433702,1.45
41.801944444420826,-71.48666666658126,155.64878039636747,MIMIC,ROUTE_RhodeIslandHospital,0.40649387929462355,12.313333333333333,ROUTE_RogerWilliamsMedicalCenter,0.3452902894262956,10.313333333333333,ROUTE_RhodeIslandHospital,0.40649387929462355,12.313333333333333,ROUTE_RogerWilliamsMedicalCenter,0.3452902894262956,10.313333333333333
41.81222222219861,-71.36166666658116,74.19005709181576,HEMORRHAGIC,ROUTE_RhodeIslandHospital,0.4265846487287709,6.7,ROUTE_RhodeIslandHospital,0.4265846487287709,6.7,ROUTE_RhodeIslandHospital,0.4265846487287709,6.7,ROUTE_RhodeIslandHospital,0.4265846487287709,6.7
41.915833333309806,-71.53333333324795,38.71923084337686,HEMORRHAGIC,ROUTE_RhodeIslandHospital,0.43127564627382875,22.25,ROUTE_OurLadyOfFatimaHospital,0.4264108847830872,13.736666666666668,ROUTE_RhodeIslandHospital,0.43127564627382875,22.25,ROUTE_OurLadyOfFatimaHospital,0.4264108847830872,13.736666666666668
41.83583333330974,-71.42111111102565,67.4552376410252,LVO,ROUTE_RhodeIslandHospital,0.4281342170561591,6.838333333333334,ROUTE_RogerWilliamsMedicalCenter,0.4224731444086269,2.6483333333333334,ROUTE_RhodeIslandHospital,0.4281342170561591,6.838333333333334,ROUTE_RogerWilliamsMedicalCenter,0.4224731444086269,2.6483333333333334
41.81527777775417,-71.38527777769228,231.19906816584074,LVO,ROUTE_RhodeIslandHospital,0.32734294144,8.375,ROUTE_RhodeIslandHospital,0.32734294144,8.375,ROUTE_RhodeIslandHospital,0.32734294144,8.375,ROUTE_RhodeIslandHospital,0.32734294144,8.375
41.67777777775406,-71.2674999999144,125.13898492322389,LVO,ROUTE_RhodeIslandHospital,0.4092942086163566,30.501666666666665,ROUTE_NewportHospital,0.3473589350791337,29.486666666666668,ROUTE_RhodeIslandHospital,0.4092942086163566,30.501666666666665,ROUTE_NewportHospital,0.3473589350791337,29.486666666666668
41.732222222198544,-71.25083333324773,198.94809916578532,LVO,ROUTE_RhodeIslandHospital,0.32734294144,26.384999999999998,ROUTE_RhodeIslandHospital,0.32734294144,26.384999999999998,ROUTE_RhodeIslandHospital,0.32734294144,26.384999999999998,ROUTE_RhodeIslandHospital,0.32734294144,26.384999999999998
41.868611111087546,-71.58444444435911,241.3174778414206,HEMORRHAGIC,ROUTE_OurLadyOfFatimaHospital,0.32734294144,20.970000000000002,ROUTE_OurLadyOfFatimaHospital,0.32734294144,20.970000000000002,ROUTE_RhodeIslandHospital,0.32734294144,24.365000000000002,ROUTE_OurLadyOfFatimaHospital,0.32734294144,20.970000000000002
41.924166666643146,-71.41527777769231,125.10053061999953,HEMORRHAGIC,ROUTE_RhodeIslandHospital,0.41216652403536885,17.96833333333333,ROUTE_TheMiriamHospital,0.3507559460089949,11.131666666666666,ROUTE_RhodeIslandHospital,0.41216652403536885,17.96833333333333,ROUTE_TheMiriamHospital,0.3507559460089949,11.131666666666666
41.876666666643104,-71.41638888880343,155.54074233079007,HEMORRHAGIC,ROUTE_RhodeIslandHospital,0.40687299563344675,10.748333333333333,ROUTE_TheMiriamHospital,0.34617839733844585,5.541666666666667,ROUTE_RhodeIslandHospital,0.40687299563344675,10.748333333333333,ROUTE_TheMiriamHospital,0.34617839733844585,5.541666666666667
41.75972222219857,-71.38916666658118,212.71336841545008,HEMORRHAGIC,ROUTE_RhodeIslandHospital,0.33532952209314765,9.358333333333333,ROUTE_RhodeIslandHospital,0.33532952209314765,9.358333333333333,ROUTE_RhodeIslandHospital,0.33532952209314765,9.358333333333333,ROUTE_RhodeIslandHospital,0.33532952209314765,9.358333333333333
41.80499999997638,-71.45388888880345,164.01678885275336,HEMORRHAGIC,ROUTE_RhodeIslandHospital,0.4053381303107184,9.05,ROUTE_RogerWilliamsMedicalCenter,0.34405444126970836,8.768333333333334,ROUTE_RhodeIslandHospital,0.4053381303107184,9.05,ROUTE_RogerWilliamsMedicalCenter,0.34405444126970836,8.768333333333334
41.95916666664317,-71.66277777769251,123.29302045173134,HEMORRHAGIC,ROUTE_RhodeIslandHospital,0.408836038959164,34.358333333333334,ROUTE_LandmarkMedicalCenter,0.3486968607534805,24.05666666666667,ROUTE_RhodeIslandHospital,0.408836038959164,34.358333333333334,ROUTE_LandmarkMedicalCenter,0.3486968607534805,24.05666666666667
41.40888888886496,-71.49638888880348,161.5927388991539,LVO,ROUTE_SouthCountyHospital,0.3448402786350013,6.848333333333333,ROUTE_SouthCountyHospital,0.3448402786350013,6.848333333333333,ROUTE_RhodeIslandHospital,0.33680682986502614,51.99,ROUTE_SouthCountyHospital,0.3448402786350013,6.848333333333333
41.90861111108757,-71.4027777776923,210.45588633231213,HEMORRHAGIC,ROUTE_TheMiriamHospital,0.335950086876146,8.041666666666666,ROUTE_TheMiriamHospital,0.335950086876146,8.041666666666666,ROUTE_RhodeIslandHospital,0.32734294144,14.878333333333334,ROUTE_TheMiriamHospital,0.335950086876146,8.041666666666666
41.80638888886527,-71.3472222221367,242.68664774248458,HEMORRHAGIC,ROUTE_RhodeIslandHospital,0.32734294144,9.504999999999999,ROUTE_RhodeIslandHospital,0.32734294144,9.504999999999999,ROUTE_RhodeIslandHospital,0.32734294144,9.504999999999999,ROUTE_RhodeIslandHospital,0.32734294144,9.504999999999999
41.821111111087504,-71.39333333324785,190.1725477969381,HEMORRHAGIC,ROUTE_RhodeIslandHospital,0.3402190607767633,4.03,ROUTE_RhodeIslandHospital,0.3402190607767633,4.03,ROUTE_RhodeIslandHospital,0.3402190607767633,4.03,ROUTE_RhodeIslandHospital,0.3402190607767633,4.03
41.43972222219831,-71.52361111102573,137.92775408687191,LVO,ROUTE_RhodeIslandHospital,0.34084282721220316,52.765,ROUTE_SouthCountyHospital,0.3495050388349204,5.046666666666667,ROUTE_RhodeIslandHospital,0.34084282721220316,52.765,ROUTE_SouthCountyHospital,0.3495050388349204,5.046666666666667
41.44972222219832,-71.50694444435905,223.41899969998,HEMORRHAGIC,ROUTE_SouthCountyHospital,0.32734294144,5.161666666666666,ROUTE_SouthCountyHospital,0.32734294144,5.161666666666666,ROUTE_RhodeIslandHospital,0.32734294144,51.751666666666665,ROUTE_SouthCountyHospital,0.32734294144,5.161666666666666
41.990833333309865,-71.49916666658126,161.10148790146647,HEMORRHAGIC,ROUTE_RhodeIslandHospital,0.34240018233453995,20.875,ROUTE_LandmarkMedicalCenter,0.3452662747315646,4.993333333333334,ROUTE_RhodeIslandHospital,0.34240018233453995,20.875,ROUTE_LandmarkMedicalCenter,0.3452662747315646,4.993333333333334
41.40083333330939,-71.81861111102596,135.09447016932756,HEMORRHAGIC,ROUTE_RhodeIslandHospital,0.3409395015423828,55.055,ROUTE_WesterlyHospital,0.3496932268588076,6.863333333333333,ROUTE_RhodeIslandHospital,0.3409395015423828,55.055,ROUTE_WesterlyHospital,0.3496932268588076,6.863333333333333
41.37861111108715,-71.61777777769247,101.7689547707894,MIMIC,ROUTE_RhodeIslandHospital,0.40778480356884467,60.505,ROUTE_SouthCountyHospital,0.3545689549407942,14.129999999999999,ROUTE_RhodeIslandHospital,0.40778480356884467,60.505,ROUTE_SouthCountyHospital,0.3545689549407942,14.129999999999999
41.6999999999763,-71.45611111102568,244.59275776049373,MIMIC,ROUTE_KentHospital,0.32734294144,6.165,ROUTE_KentHospital,0.32734294144,6.165,ROUTE_RhodeIslandHospital,0.32734294144,19.793333333333333,ROUTE_KentHospital,0.32734294144,6.165
41.83194444442085,-71.43916666658122,85.01375097413352,HEMORRHAGIC,ROUTE_RhodeIslandHospital,0.4236810041038593,8.28,ROUTE_RogerWilliamsMedicalCenter,0.36025876406288215,1.1283333333333334,ROUTE_RhodeIslandHospital,0.4236810041038593,8.28,ROUTE_RogerWilliamsMedicalCenter,0.36025876406288215,1.1283333333333334
41.88416666664311,-71.5669444443591,67.85177331807164,HEMORRHAGIC,ROUTE_RhodeIslandHospital,0.42411794509252176,23.573333333333334,ROUTE_OurLadyOfFatimaHospital,0.36030363294580997,18.058333333333334,ROUTE_RhodeIslandHospital,0.42411794509252176,23.573333333333334,ROUTE_OurLadyOfFatimaHospital,0.36030363294580997,18.058333333333334
41.85416666664309,-71.45222222213678,176.57127261148327,MIMIC,ROUTE_RhodeIslandHospital,0.34123567217235645,11.916666666666666,ROUTE_OurLadyOfFatimaHospital,0.3427768590815338,3.305,ROUTE_RhodeIslandHospital,0.34123567217235645,11.916666666666666,ROUTE_OurLadyOfFatimaHospital,0.3427768590815338,3.305
41.89027777775423,-71.37388888880338,101.6968699493806,LVO,ROUTE_RhodeIslandHospital,0.4180265060944945,15.92,ROUTE_TheMiriamHospital,0.3557072096857511,8.193333333333333,ROUTE_RhodeIslandHospital,0.4180265060944945,15.92,ROUTE_TheMiriamHospital,0.3557072096857511,8.193333333333333
41.976944444420965,-71.45861111102568,221.7472202792719,HEMORRHAGIC,ROUTE_LandmarkMedicalCenter,0.32734294144,6.633333333333334,ROUTE_LandmarkMedicalCenter,0.32734294144,6.633333333333334,ROUTE_RhodeIslandHospital,0.32734294144,19.16,ROUTE_LandmarkMedicalCenter,0.32734294144,6.633333333333334
41.4222222221983,-71.48944444435904,58.92329987291221,HEMORRHAGIC,ROUTE_RhodeIslandHospital,0.419653024626105,51.67333333333333,ROUTE_SouthCountyHospital,0.36429082626407966,6.533333333333333,ROUTE_RhodeIslandHospital,0.419653024626105,51.67333333333333,ROUTE_SouthCountyHospital,0.36429082626407966,6.533333333333333
41.94249999997649,-71.4202777776923,215.7948893624752,HEMORRHAGIC,ROUTE_LandmarkMedicalCenter,0.32734294144,13.028333333333334,ROUTE_LandmarkMedicalCenter,0.32734294144,13.028333333333334,ROUTE_RhodeIslandHospital,0.32734294144,19.258333333333333,ROUTE_LandmarkMedicalCenter,0.32734294144,13.028333333333334
41.600277777753995,-71.45416666658123,190.5519185032063,NLVO,ROUTE_KentHospital,0.3378686382859062,16.965,ROUTE_KentHospital,0.3378686382859062,16.965,ROUTE_RhodeIslandHospital,0.3352842333547665,31.779999999999998,ROUTE_KentHospital,0.3378686382859062,16.965
41.73416666664299,-71.2852777776922,245.80080029380943,LVO,ROUTE_RhodeIslandHospital,0.32734294144,22.05666666666667,ROUTE_RhodeIslandHospital,0.32734294144,22.05666666666667,ROUTE_RhodeIslandHospital,0.32734294144,22.05666666666667,ROUTE_RhodeIslandHospital,0.32734294144,22.05666666666667
41.81527777775417,-71.41638888880343,57.188303006646535,HEMORRHAGIC,ROUTE_RhodeIslandHospital,0.4316109029886242,2.3616666666666664,ROUTE_RhodeIslandHospital,0.4316109029886242,2.3616666666666664,ROUTE_RhodeIslandHospital,0.4316109029886242,2.3616666666666664,ROUTE_RhodeIslandHospital,0.4316109029886242,2.3616666666666664
41.66611111108738,-71.66722222213696,64.29248567737976,HEMORRHAGIC,ROUTE_RhodeIslandHospital,0.4215937499801679,37.95333333333333,ROUTE_KentHospital,0.3600095459228565,23.138333333333332,ROUTE_RhodeIslandHospital,0.4215937499801679,37.95333333333333,ROUTE_KentHospital,0.3600095459228565,23.138333333333332
41.83472222219863,-71.35972222213671,60.62044717262286,MIMIC,ROUTE_RhodeIslandHospital,0.42910766252100585,9.538333333333332,ROUTE_TheMiriamHospital,0.42246383555309996,8.958333333333334,ROUTE_RhodeIslandHospital,0.42910766252100585,9.538333333333332,ROUTE_TheMiriamHospital,0.42246383555309996,8.958333333333334
41.70333333330964,-71.52805555547017,257.1227836656512,LVO,ROUTE_KentHospital,0.32734294144,8.105,ROUTE_KentHospital,0.32734294144,8.105,ROUTE_RhodeIslandHospital,0.32734294144,26.60666666666667,ROUTE_KentHospital,0.32734294144,8.105
41.8136111110875,-71.43666666658122,156.22422078540177,HEMORRHAGIC,ROUTE_RhodeIslandHospital,0.40780909524655323,5.943333333333333,ROUTE_RogerWilliamsMedicalCenter,0.3460189126102632,5.733333333333333,ROUTE_RhodeIslandHospital,0.40780909524655323,5.943333333333333,ROUTE_RogerWilliamsMedicalCenter,0.3460189126102632,5.733333333333333
41.687222222198514,-71.41361111102565,122.56967317382318,LVO,ROUTE_RhodeIslandHospital,0.4108954152491446,26.055,ROUTE_KentHospital,0.350702225111366,13.951666666666666,ROUTE_RhodeIslandHospital,0.4108954152491446,26.055,ROUTE_KentHospital,0.350702225111366,13.951666666666666
41.831111111087516,-71.40944444435897,196.45329134639962,HEMORRHAGIC,ROUTE_RhodeIslandHospital,0.33877016388552883,5.9399999999999995,ROUTE_RogerWilliamsMedicalCenter,0.33901305703384416,4.5633333333333335,ROUTE_RhodeIslandHospital,0.33877016388552883,5.9399999999999995,ROUTE_RogerWilliamsMedicalCenter,0.33901305703384416,4.5633333333333335
41.685833333309624,-71.47138888880346,198.88477378571295,LVO,ROUTE_KentHospital,0.3382552607499013,6.433333333333334,ROUTE_KentHospital,0.3382552607499013,6.433333333333334,ROUTE_RhodeIslandHospital,0.3355683566021488,21.81,ROUTE_KentHospital,0.3382552607499013,6.433333333333334
41.57333333330953,-71.48472222213681,212.35328655809806,LVO,ROUTE_KentHospital,0.32734294144,18.685,ROUTE_KentHospital,0.32734294144,18.685,ROUTE_RhodeIslandHospital,0.32734294144,33.5,ROUTE_KentHospital,0.32734294144,18.685
41.79805555553193,-71.44583333324789,98.846509350125,NLVO,ROUTE_RhodeIslandHospital,0.42033685350914046,8.805,ROUTE_RhodeIslandHospital,0.42033685350914046,8.805,ROUTE_RhodeIslandHospital,0.42033685350914046,8.805,ROUTE_RhodeIslandHospital,0.42033685350914046,8.805
41.696111111087404,-71.3838888888034,222.06996233404308,LVO,ROUTE_KentHospital,0.32734294144,16.756666666666668,ROUTE_KentHospital,0.32734294144,16.756666666666668,ROUTE_RhodeIslandHospital,0.32734294144,21.226666666666667,ROUTE_KentHospital,0.32734294144,16.756666666666668
42.00305555553209,-71.48833333324792,161.52740923048626,LVO,ROUTE_RhodeIslandHospital,0.34234772857122064,20.741666666666667,ROUTE_LandmarkMedicalCenter,0.34552847985320584,3.1233333333333335,ROUTE_RhodeIslandHospital,0.34234772857122064,20.741666666666667,ROUTE_LandmarkMedicalCenter,0.34552847985320584,3.1233333333333335
41.883888888865336,-71.49472222213682,123.40194295183339,LVO,ROUTE_RhodeIslandHospital,0.412494535701681,18.235,ROUTE_OurLadyOfFatimaHospital,0.3513797073009949,9.481666666666666,ROUTE_RhodeIslandHospital,0.412494535701681,18.235,ROUTE_OurLadyOfFatimaHospital,0.3513797073009949,9.481666666666666
41.87305555553199,-71.41055555547008,155.71268291204177,LVO,ROUTE_RhodeIslandHospital,0.4068194013181385,10.813333333333333,ROUTE_TheMiriamHospital,0.34613841148645724,5.59,ROUTE_RhodeIslandHospital,0.4068194013181385,10.813333333333333,ROUTE_TheMiriamHospital,0.34613841148645724,5.59
41.760833333309684,-71.35277777769225,98.66116066110912,MIMIC,ROUTE_RhodeIslandHospital,0.41876402577050775,15.770000000000001,ROUTE_RhodeIslandHospital,0.41876402577050775,15.770000000000001,ROUTE_RhodeIslandHospital,0.41876402577050775,15.770000000000001,ROUTE_RhodeIslandHospital,0.41876402577050775,15.770000000000001
41.833888888865296,-71.46388888880345,36.78504586340948,LVO,ROUTE_RhodeIslandHospital,0.43452878757204605,10.45,ROUTE_RogerWilliamsMedicalCenter,0.42951070157442234,3.606666666666667,ROUTE_RhodeIslandHospital,0.43452878757204605,10.45,ROUTE_RogerWilliamsMedicalCenter,0.42951070157442234,3.606666666666667
41.698333333309634,-71.42833333324788,74.94372835941667,HEMORRHAGIC,ROUTE_RhodeIslandHospital,0.42313468111804425,20.69,ROUTE_KentHospital,0.3607136047712346,8.848333333333333,ROUTE_RhodeIslandHospital,0.42313468111804425,20.69,ROUTE_KentHospital,0.3607136047712346,8.848333333333333
41.69388888886518,-71.48666666658126,158.80500833640943,MIMIC,ROUTE_RhodeIslandHospital,0.3425392077171339,22.395,ROUTE_KentHospital,0.3452979684334375,7.114999999999999,ROUTE_RhodeIslandHospital,0.3425392077171339,22.395,ROUTE_KentHospital,0.3452979684334375,7.114999999999999
41.84305555553197,-71.4063888888034,74.53319562195813,LVO,ROUTE_RhodeIslandHospital,0.4259265479639798,9.163333333333332,ROUTE_TheMiriamHospital,0.42055635693912075,3.1550000000000002,ROUTE_RhodeIslandHospital,0.4259265479639798,9.163333333333332,ROUTE_TheMiriamHospital,0.42055635693912075,3.1550000000000002
41.85833333330976,-71.48138888880347,220.33566306686444,NLVO,ROUTE_OurLadyOfFatimaHospital,0.33507453694429923,3.2066666666666666,ROUTE_OurLadyOfFatimaHospital,0.33507453694429923,3.2066666666666666,ROUTE_RhodeIslandHospital,0.32734294144,12.773333333333333,ROUTE_OurLadyOfFatimaHospital,0.33507453694429923,3.2066666666666666
41.913055555532026,-71.53055555547017,225.5460155105768,HEMORRHAGIC,ROUTE_OurLadyOfFatimaHospital,0.32734294144,11.94,ROUTE_OurLadyOfFatimaHospital,0.32734294144,11.94,ROUTE_RhodeIslandHospital,0.32734294144,20.453333333333333,ROUTE_OurLadyOfFatimaHospital,0.32734294144,11.94
41.54666666664284,-71.29555555546999,102.05080542150735,LVO,ROUTE_RhodeIslandHospital,0.4104422359603312,48.556666666666665,ROUTE_NewportHospital,0.35495609387132776,11.801666666666668,ROUTE_RhodeIslandHospital,0.4104422359603312,48.556666666666665,ROUTE_NewportHospital,0.35495609387132776,11.801666666666668
41.80499999997638,-71.45555555547011,79.94507594490625,LVO,ROUTE_RhodeIslandHospital,0.4246292304364835,9.293333333333333,ROUTE_RogerWilliamsMedicalCenter,0.3597186857342556,8.991666666666667,ROUTE_RhodeIslandHospital,0.4246292304364835,9.293333333333333,ROUTE_RogerWilliamsMedicalCenter,0.3597186857342556,8.991666666666667
41.85638888886531,-71.4241666665812,259.4222742897773,NLVO,ROUTE_TheMiriamHospital,0.32734294144,5.511666666666667,ROUTE_TheMiriamHospital,0.32734294144,5.511666666666667,ROUTE_RhodeIslandHospital,0.32734294144,8.913333333333332,ROUTE_TheMiriamHospital,0.32734294144,5.511666666666667
41.91972222219869,-71.77777777769259,41.29458730622887,HEMORRHAGIC,ROUTE_RhodeIslandHospital,0.4261205195516186,41.575,ROUTE_LandmarkMedicalCenter,0.36202913184745383,35.725,ROUTE_RhodeIslandHospital,0.4261205195516186,41.575,ROUTE_LandmarkMedicalCenter,0.36202913184745383,35.725
41.83444444442085,-71.47055555547013,124.36328691628992,LVO,ROUTE_RhodeIslandHospital,0.4136863282949884,12.078333333333335,ROUTE_RogerWilliamsMedicalCenter,0.3519383143789013,5.528333333333333,ROUTE_RhodeIslandHospital,0.4136863282949884,12.078333333333335,ROUTE_RogerWilliamsMedicalCenter,0.3519383143789013,5.528333333333333
42.000555555532095,-71.51444444435906,116.53977830320825,HEMORRHAGIC,ROUTE_RhodeIslandHospital,0.41303503751952064,22.740000000000002,ROUTE_LandmarkMedicalCenter,0.35356299425293836,4.691666666666666,ROUTE_RhodeIslandHospital,0.41303503751952064,22.740000000000002,ROUTE_LandmarkMedicalCenter,0.35356299425293836,4.691666666666666
41.721111111087424,-71.45999999991457,176.41377793421634,MIMIC,ROUTE_RhodeIslandHospital,0.3401013716553794,18.451666666666664,ROUTE_KentHospital,0.34182692596711534,8.763333333333332,ROUTE_RhodeIslandHospital,0.3401013716553794,18.451666666666664,ROUTE_KentHospital,0.34182692596711534,8.763333333333332
41.96749999997651,-71.6919444443592,36.385143755655456,LVO,ROUTE_RhodeIslandHospital,0.4286567199776066,35.68833333333334,ROUTE_LandmarkMedicalCenter,0.4236027193895598,25.384999999999998,ROUTE_RhodeIslandHospital,0.4286567199776066,35.68833333333334,ROUTE_LandmarkMedicalCenter,0.4236027193895598,25.384999999999998
41.67277777775406,-71.26944444435885,177.14808238268415,LVO,ROUTE_RhodeIslandHospital,0.3377692204735863,30.936666666666667,ROUTE_NewportHospital,0.33810481108614726,29.025,ROUTE_RhodeIslandHospital,0.3377692204735863,30.936666666666667,ROUTE_NewportHospital,0.33810481108614726,29.025
41.717777777754094,-71.46111111102567,56.03714922304274,LVO,ROUTE_RhodeIslandHospital,0.42814109752208596,18.228333333333335,ROUTE_KentHospital,0.42296802316461424,8.27,ROUTE_RhodeIslandHospital,0.42814109752208596,18.228333333333335,ROUTE_KentHospital,0.42296802316461424,8.27
41.825277777754174,-71.45861111102568,168.37678268056965,LVO,ROUTE_RhodeIslandHospital,0.404404266877894,8.821666666666665,ROUTE_RogerWilliamsMedicalCenter,0.34419427911612444,3.6333333333333333,ROUTE_RhodeIslandHospital,0.404404266877894,8.821666666666665,ROUTE_RogerWilliamsMedicalCenter,0.34419427911612444,3.6333333333333333
41.78888888886526,-71.40138888880341,46.69396693145896,LVO,ROUTE_RhodeIslandHospital,0.43346179013866415,5.038333333333333,ROUTE_RhodeIslandHospital,0.43346179013866415,5.038333333333333,ROUTE_RhodeIslandHospital,0.43346179013866415,5.038333333333333,ROUTE_RhodeIslandHospital,0.43346179013866415,5.038333333333333
41.67777777775406,-71.53499999991463,148.0066075474253,HEMORRHAGIC,ROUTE_RhodeIslandHospital,0.40469270479499986,27.915000000000003,ROUTE_KentHospital,0.34673451803193617,10.03,ROUTE_RhodeIslandHospital,0.40469270479499986,27.915000000000003,ROUTE_KentHospital,0.34673451803193617,10.03
41.769722222198574,-71.40805555547009,139.95985662483653,NLVO,ROUTE_RhodeIslandHospital,0.4108330632364836,8.936666666666667,ROUTE_RhodeIslandHospital,0.4108330632364836,8.936666666666667,ROUTE_RhodeIslandHospital,0.4108330632364836,8.936666666666667,ROUTE_RhodeIslandHospital,0.4108330632364836,8.936666666666667
41.390555555531606,-71.47499999991457,149.6585035704689,LVO,ROUTE_RhodeIslandHospital,0.33848129416786055,54.373333333333335,ROUTE_SouthCountyHospital,0.3465781882735375,9.233333333333333,ROUTE_RhodeIslandHospital,0.33848129416786055,54.373333333333335,ROUTE_SouthCountyHospital,0.3465781882735375,9.233333333333333
42.01416666664321,-71.5049999999146,43.30088865503977,HEMORRHAGIC,ROUTE_RhodeIslandHospital,0.43017700306869056,22.321666666666665,ROUTE_LandmarkMedicalCenter,0.42722615606516795,3.1783333333333332,ROUTE_RhodeIslandHospital,0.43017700306869056,22.321666666666665,ROUTE_LandmarkMedicalCenter,0.42722615606516795,3.1783333333333332
41.888055555532006,-71.35555555547003,118.29507211087375,LVO,ROUTE_RhodeIslandHospital,0.4136538411299785,18.288333333333334,ROUTE_TheMiriamHospital,0.3521992482842578,10.201666666666666,ROUTE_RhodeIslandHospital,0.4136538411299785,18.288333333333334,ROUTE_TheMiriamHospital,0.3521992482842578,10.201666666666666
41.98499999997652,-71.65666666658139,198.07224789547936,LVO,ROUTE_LandmarkMedicalCenter,0.33573551727596707,21.66,ROUTE_LandmarkMedicalCenter,0.33573551727596707,21.66,ROUTE_RhodeIslandHospital,0.32734294144,31.96333333333333,ROUTE_LandmarkMedicalCenter,0.33573551727596707,21.66
41.8691666666431,-71.38611111102561,118.97983859023411,LVO,ROUTE_RhodeIslandHospital,0.41479788339580753,12.626666666666667,ROUTE_TheMiriamHospital,0.3532037181498855,4.161666666666666,ROUTE_RhodeIslandHospital,0.41479788339580753,12.626666666666667,ROUTE_TheMiriamHospital,0.3532037181498855,4.161666666666666
41.67999999997628,-71.53388888880352,225.35336698530307,HEMORRHAGIC,ROUTE_KentHospital,0.32734294144,8.521666666666667,ROUTE_KentHospital,0.32734294144,8.521666666666667,ROUTE_RhodeIslandHospital,0.32734294144,26.404999999999998,ROUTE_KentHospital,0.32734294144,8.521666666666667
41.68749999997629,-71.580833333248,149.05645376588194,LVO,ROUTE_RhodeIslandHospital,0.3416539199820617,37.08833333333334,ROUTE_KentHospital,0.3448730251234596,19.205,ROUTE_RhodeIslandHospital,0.3416539199820617,37.08833333333334,ROUTE_KentHospital,0.3448730251234596,19.205
41.67777777775406,-71.27027777769219,250.02364270063748,HEMORRHAGIC,ROUTE_NewportHospital,0.32734294144,29.14,ROUTE_NewportHospital,0.32734294144,29.14,ROUTE_RhodeIslandHospital,0.32734294144,30.134999999999998,ROUTE_NewportHospital,0.32734294144,29.14
41.519722222198375,-71.59944444435912,150.84523104490842,HEMORRHAGIC,ROUTE_RhodeIslandHospital,0.3396678713630993,46.46666666666667,ROUTE_SouthCountyHospital,0.34377841054631997,23.46833333333333,ROUTE_RhodeIslandHospital,0.3396678713630993,46.46666666666667,ROUTE_SouthCountyHospital,0.34377841054631997,23.46833333333333
41.82027777775417,-71.45861111102568,245.10907413023057,HEMORRHAGIC,ROUTE_RogerWilliamsMedicalCenter,0.32734294144,5.3933333333333335,ROUTE_RogerWilliamsMedicalCenter,0.32734294144,5.3933333333333335,ROUTE_RhodeIslandHospital,0.32734294144,9.001666666666667,ROUTE_RogerWilliamsMedicalCenter,0.32734294144,5.3933333333333335
41.5055555555317,-71.30694444435889,157.42952014794355,HEMORRHAGIC,ROUTE_RhodeIslandHospital,0.33755709822749197,51.865,ROUTE_NewportHospital,0.3463965077789116,2.4583333333333335,ROUTE_RhodeIslandHospital,0.33755709822749197,51.865,ROUTE_NewportHospital,0.3463965077789116,2.4583333333333335
41.73055555553188,-71.27916666658109,138.2502526633123,LVO,ROUTE_RhodeIslandHospital,0.40805388258927794,22.84,ROUTE_RhodeIslandHospital,0.40805388258927794,22.84,ROUTE_RhodeIslandHospital,0.40805388258927794,22.84,ROUTE_RhodeIslandHospital,0.40805388258927794,22.84
41.82055555553195,-71.43611111102565,80.79408608647047,LVO,ROUTE_RhodeIslandHospital,0.42514298756937374,6.248333333333333,ROUTE_RogerWilliamsMedicalCenter,0.3604414007057903,4.403333333333333,ROUTE_RhodeIslandHospital,0.42514298756937374,6.248333333333333,ROUTE_RogerWilliamsMedicalCenter,0.3604414007057903,4.403333333333333
41.772499999976354,-71.48055555547013,117.35476765840309,HEMORRHAGIC,ROUTE_RhodeIslandHospital,0.4143845165446266,16.05,ROUTE_KentHospital,0.3517151583720074,13.731666666666666,ROUTE_RhodeIslandHospital,0.4143845165446266,16.05,ROUTE_KentHospital,0.3517151583720074,13.731666666666666
41.687777777754064,-71.60333333324802,183.2127956769517,HEMORRHAGIC,ROUTE_KentHospital,0.3389232103204956,18.311666666666667,ROUTE_KentHospital,0.3389232103204956,18.311666666666667,ROUTE_RhodeIslandHospital,0.33579163453750926,36.19666666666667,ROUTE_KentHospital,0.3389232103204956,18.311666666666667
41.849166666643086,-71.41805555547009,167.9488523955393,HEMORRHAGIC,ROUTE_RhodeIslandHospital,0.4046929130368633,7.971666666666667,ROUTE_TheMiriamHospital,0.34419303130065687,4.068333333333333,ROUTE_RhodeIslandHospital,0.4046929130368633,7.971666666666667,ROUTE_TheMiriamHospital,0.34419303130065687,4.068333333333333
41.67416666664295,-71.52444444435906,203.49753160019694,LVO,ROUTE_KentHospital,0.33673533225509145,10.493333333333334,ROUTE_KentHospital,0.33673533225509145,10.493333333333334,ROUTE_RhodeIslandHospital,0.32734294144,28.378333333333334,ROUTE_KentHospital,0.33673533225509145,10.493333333333334
41.344722222198236,-71.79111111102594,60.18723927183464,HEMORRHAGIC,ROUTE_RhodeIslandHospital,0.4166992849582566,63.17166666666667,ROUTE_WesterlyHospital,0.3636611992921026,8.478333333333333,ROUTE_RhodeIslandHospital,0.4166992849582566,63.17166666666667,ROUTE_WesterlyHospital,0.3636611992921026,8.478333333333333
41.778888888865254,-71.35333333324782,254.5804726300273,NLVO,ROUTE_RhodeIslandHospital,0.32734294144,13.871666666666666,ROUTE_RhodeIslandHospital,0.32734294144,13.871666666666666,ROUTE_RhodeIslandHospital,0.32734294144,13.871666666666666,ROUTE_RhodeIslandHospital,0.32734294144,13.871666666666666
41.80666666664305,-71.43222222213677,102.81228883489581,HEMORRHAGIC,ROUTE_RhodeIslandHospital,0.42018682189059814,5.485,ROUTE_RhodeIslandHospital,0.42018682189059814,5.485,ROUTE_RhodeIslandHospital,0.42018682189059814,5.485,ROUTE_RhodeIslandHospital,0.42018682189059814,5.485
41.58166666664287,-71.19277777769213,260.979769976444,MIMIC,ROUTE_NewportHospital,0.32734294144,35.41833333333333,ROUTE_NewportHospital,0.32734294144,35.41833333333333,ROUTE_RhodeIslandHospital,0.32734294144,49.53333333333333,ROUTE_NewportHospital,0.32734294144,35.41833333333333
41.72555555553188,-71.38277777769228,192.87635242801645,LVO,ROUTE_RhodeIslandHospital,0.3377604883029346,15.258333333333333,ROUTE_RhodeIslandHospital,0.3377604883029346,15.258333333333333,ROUTE_RhodeIslandHospital,0.3377604883029346,15.258333333333333,ROUTE_RhodeIslandHospital,0.3377604883029346,15.258333333333333
41.808611111087494,-71.34499999991448,92.24272085401552,HEMORRHAGIC,ROUTE_RhodeIslandHospital,0.4218844215164649,8.754999999999999,ROUTE_RhodeIslandHospital,0.4218844215164649,8.754999999999999,ROUTE_RhodeIslandHospital,0.4218844215164649,8.754999999999999,ROUTE_RhodeIslandHospital,0.4218844215164649,8.754999999999999
41.51361111108726,-71.2991666665811,236.85198878503869,HEMORRHAGIC,ROUTE_NewportHospital,0.32734294144,4.72,ROUTE_NewportHospital,0.32734294144,4.72,ROUTE_RhodeIslandHospital,0.32734294144,54.45333333333333,ROUTE_NewportHospital,0.32734294144,4.72
41.825277777754174,-71.54277777769241,40.49400014960342,HEMORRHAGIC,ROUTE_RhodeIslandHospital,0.43184597372511413,18.061666666666667,ROUTE_RogerWilliamsMedicalCenter,0.4258066765792794,15.495000000000001,ROUTE_RhodeIslandHospital,0.43184597372511413,18.061666666666667,ROUTE_RogerWilliamsMedicalCenter,0.4258066765792794,15.495000000000001
41.701111111087414,-71.52972222213684,209.1171178609182,MIMIC,ROUTE_KentHospital,0.336133441343629,8.326666666666666,ROUTE_KentHospital,0.336133441343629,8.326666666666666,ROUTE_RhodeIslandHospital,0.32734294144,26.83,ROUTE_KentHospital,0.336133441343629,8.326666666666666
41.715555555531864,-71.37805555547006,129.7131227418585,LVO,ROUTE_RhodeIslandHospital,0.41142145736231983,16.61,ROUTE_KentHospital,0.34910116982488576,15.445,ROUTE_RhodeIslandHospital,0.41142145736231983,16.61,ROUTE_KentHospital,0.34910116982488576,15.445
41.7227777777541,-71.29083333324776,169.46259775127282,LVO,ROUTE_RhodeIslandHospital,0.3401332787919342,25.223333333333336,ROUTE_RhodeIslandHospital,0.3401332787919342,25.223333333333336,ROUTE_RhodeIslandHospital,0.3401332787919342,25.223333333333336,ROUTE_RhodeIslandHospital,0.3401332787919342,25.223333333333336
41.96083333330984,-71.67944444435919,264.0707535037045,LVO,ROUTE_LandmarkMedicalCenter,0.32734294144,24.6,ROUTE_LandmarkMedicalCenter,0.32734294144,24.6,ROUTE_RhodeIslandHospital,0.32734294144,34.901666666666664,ROUTE_LandmarkMedicalCenter,0.32734294144,24.6
41.83055555553196,-71.35916666658115,169.7295443342863,LVO,ROUTE_RhodeIslandHospital,0.40389984040956184,9.705,ROUTE_TheMiriamHospital,0.3429605039968976,9.125,ROUTE_RhodeIslandHospital,0.40389984040956184,9.705,ROUTE_TheMiriamHospital,0.3429605039968976,9.125
41.61722222219846,-71.45749999991456,171.65357819342753,HEMORRHAGIC,ROUTE_RhodeIslandHospital,0.3386435738774874,31.458333333333332,ROUTE_KentHospital,0.34126989104197214,16.643333333333334,ROUTE_RhodeIslandHospital,0.3386435738774874,31.458333333333332,ROUTE_KentHospital,0.34126989104197214,16.643333333333334
41.84027777775419,-71.46611111102568,214.3749462844186,HEMORRHAGIC,ROUTE_RogerWilliamsMedicalCenter,0.33566397249368096,5.77,ROUTE_RogerWilliamsMedicalCenter,0.33566397249368096,5.77,ROUTE_RhodeIslandHospital,0.32734294144,12.341666666666667,ROUTE_RogerWilliamsMedicalCenter,0.33566397249368096,5.77
41.71444444442076,-71.451944444359,136.09142578502818,MIMIC,ROUTE_RhodeIslandHospital,0.40969207171374716,17.803333333333335,ROUTE_KentHospital,0.34945144498252195,7.171666666666667,ROUTE_RhodeIslandHospital,0.40969207171374716,17.803333333333335,ROUTE_KentHospital,0.34945144498252195,7.171666666666667
41.48527777775391,-71.30611111102556,141.27468089833786,LVO,ROUTE_RhodeIslandHospital,0.33979089923573047,55.34166666666667,ROUTE_NewportHospital,0.34918722174492944,3.4183333333333334,ROUTE_RhodeIslandHospital,0.33979089923573047,55.34166666666667,ROUTE_NewportHospital,0.34918722174492944,3.4183333333333334
42.0105555555321,-71.56333333324798,150.1361036355242,LVO,ROUTE_RhodeIslandHospital,0.4044303100297658,26.946666666666665,ROUTE_LandmarkMedicalCenter,0.34540657976520067,15.186666666666667,ROUTE_RhodeIslandHospital,0.4044303100297658,26.946666666666665,ROUTE_LandmarkMedicalCenter,0.34540657976520067,15.186666666666667
41.96555555553206,-71.47416666658124,97.10745902376107,HEMORRHAGIC,ROUTE_RhodeIslandHospital,0.418754264417016,17.365000000000002,ROUTE_LandmarkMedicalCenter,0.3566549109244059,7.803333333333333,ROUTE_RhodeIslandHospital,0.418754264417016,17.365000000000002,ROUTE_LandmarkMedicalCenter,0.3566549109244059,7.803333333333333
41.51722222219838,-71.30527777769223,102.81333740855348,MIMIC,ROUTE_RhodeIslandHospital,0.40907257262159263,53.8,ROUTE_NewportHospital,0.35605083903772267,5.27,ROUTE_RhodeIslandHospital,0.40907257262159263,53.8,ROUTE_NewportHospital,0.35605083903772267,5.27
41.80944444442083,-71.42249999991454,50.95465400993149,LVO,ROUTE_RhodeIslandHospital,0.43294598691617614,2.953333333333333,ROUTE_RhodeIslandHospital,0.43294598691617614,2.953333333333333,ROUTE_RhodeIslandHospital,0.43294598691617614,2.953333333333333,ROUTE_RhodeIslandHospital,0.43294598691617614,2.953333333333333
41.58805555553177,-71.2536111110255,188.05718193039098,LVO,ROUTE_NewportHospital,0.3384391909520855,16.215,ROUTE_NewportHospital,0.3384391909520855,16.215,ROUTE_RhodeIslandHospital,0.32734294144,42.085,ROUTE_NewportHospital,0.3384391909520855,16.215
41.83999999997641,-71.446944444359,193.23400494485654,LVO,ROUTE_RhodeIslandHospital,0.3386775346733907,9.685,ROUTE_RogerWilliamsMedicalCenter,0.3397978980969963,3.3433333333333333,ROUTE_RhodeIslandHospital,0.3386775346733907,9.685,ROUTE_RogerWilliamsMedicalCenter,0.3397978980969963,3.3433333333333333
41.94861111108761,-71.6363888888036,268.6651098988159,LVO,ROUTE_LandmarkMedicalCenter,0.32734294144,21.95,ROUTE_LandmarkMedicalCenter,0.32734294144,21.95,ROUTE_RhodeIslandHospital,0.32734294144,32.251666666666665,ROUTE_LandmarkMedicalCenter,0.32734294144,21.95
41.87333333330977,-71.39416666658119,145.28714753756856,LVO,ROUTE_RhodeIslandHospital,0.4089152846254407,12.016666666666667,ROUTE_TheMiriamHospital,0.3483829064226591,3.7666666666666666,ROUTE_RhodeIslandHospital,0.4089152846254407,12.016666666666667,ROUTE_TheMiriamHospital,0.3483829064226591,3.7666666666666666
41.86222222219865,-71.45055555547012,119.68719966236304,NLVO,ROUTE_RhodeIslandHospital,0.41501661287552954,10.97,ROUTE_OurLadyOfFatimaHospital,0.35292113075118553,4.958333333333333,ROUTE_RhodeIslandHospital,0.41501661287552954,10.97,ROUTE_OurLadyOfFatimaHospital,0.35292113075118553,4.958333333333333
41.8716666666431,-71.38999999991451,136.8220858754234,HEMORRHAGIC,ROUTE_RhodeIslandHospital,0.4106412877171701,12.913333333333332,ROUTE_TheMiriamHospital,0.34991806884096877,3.921666666666667,ROUTE_RhodeIslandHospital,0.4106412877171701,12.913333333333332,ROUTE_TheMiriamHospital,0.34991806884096877,3.921666666666667
41.50499999997614,-71.717222222137,254.78164877937743,HEMORRHAGIC,ROUTE_WesterlyHospital,0.32734294144,22.171666666666667,ROUTE_WesterlyHospital,0.32734294144,22.171666666666667,ROUTE_RhodeIslandHospital,0.32734294144,44.51833333333333,ROUTE_WesterlyHospital,0.32734294144,22.171666666666667
41.86222222219865,-71.47694444435902,132.97440671062142,HEMORRHAGIC,ROUTE_RhodeIslandHospital,0.41137816011256606,13.538333333333332,ROUTE_OurLadyOfFatimaHospital,0.35062318149792365,3.9716666666666667,ROUTE_RhodeIslandHospital,0.41137816011256606,13.538333333333332,ROUTE_OurLadyOfFatimaHospital,0.35062318149792365,3.9716666666666667
41.41805555553163,-71.4797222221368,33.0445420945819,LVO,ROUTE_SouthCountyHospital,0.42757981730488126,4.295,ROUTE_SouthCountyHospital,0.42757981730488126,4.295,ROUTE_RhodeIslandHospital,0.42621193647422284,49.434999999999995,ROUTE_SouthCountyHospital,0.42757981730488126,4.295
42.01388888886544,-71.51361111102572,105.23191377106484,HEMORRHAGIC,ROUTE_RhodeIslandHospital,0.4155020535277497,23.316666666666666,ROUTE_LandmarkMedicalCenter,0.3557991016707182,4.175,ROUTE_RhodeIslandHospital,0.4155020535277497,23.316666666666666,ROUTE_LandmarkMedicalCenter,0.3557991016707182,4.175
41.437777777753865,-71.49027777769237,168.0462478923005,NLVO,ROUTE_SouthCountyHospital,0.3445513992712168,1.99,ROUTE_SouthCountyHospital,0.3445513992712168,1.99,ROUTE_RhodeIslandHospital,0.3363720704744579,48.02833333333333,ROUTE_SouthCountyHospital,0.3445513992712168,1.99
41.8299999999764,-71.48583333324792,54.936038212163886,LVO,ROUTE_RhodeIslandHospital,0.4290082918976097,15.645000000000001,ROUTE_RogerWilliamsMedicalCenter,0.42381162099948905,9.491666666666667,ROUTE_RhodeIslandHospital,0.4290082918976097,15.645000000000001,ROUTE_RogerWilliamsMedicalCenter,0.42381162099948905,9.491666666666667
41.947777777754276,-71.40138888880341,33.6822793247556,HEMORRHAGIC,ROUTE_RhodeIslandHospital,0.43292534911175584,20.313333333333333,ROUTE_LandmarkMedicalCenter,0.42685058100730333,14.378333333333334,ROUTE_RhodeIslandHospital,0.43292534911175584,20.313333333333333,ROUTE_LandmarkMedicalCenter,0.42685058100730333,14.378333333333334
41.48416666664279,-71.53388888880352,132.08859759747088,HEMORRHAGIC,ROUTE_RhodeIslandHospital,0.34251228174151405,49.26166666666666,ROUTE_SouthCountyHospital,0.3493130168615383,11.923333333333334,ROUTE_RhodeIslandHospital,0.34251228174151405,49.26166666666666,ROUTE_SouthCountyHospital,0.3493130168615383,11.923333333333334
41.5611111110873,-71.24333333324772,57.986034003271584,LVO,ROUTE_RhodeIslandHospital,0.4203097085668561,49.781666666666666,ROUTE_NewportHospital,0.3625180569954836,16.525,ROUTE_RhodeIslandHospital,0.4203097085668561,49.781666666666666,ROUTE_NewportHospital,0.3625180569954836,16.525
41.720555555531874,-71.49388888880348,212.8133164623402,LVO,ROUTE_KentHospital,0.33593253372960746,5.785,ROUTE_KentHospital,0.33593253372960746,5.785,ROUTE_RhodeIslandHospital,0.32734294144,21.571666666666665,ROUTE_KentHospital,0.33593253372960746,5.785
41.86249999997643,-71.36333333324782,95.32816765204771,NLVO,ROUTE_RhodeIslandHospital,0.4196990381571838,15.07,ROUTE_TheMiriamHospital,0.3568678755251097,8.465,ROUTE_RhodeIslandHospital,0.4196990381571838,15.07,ROUTE_TheMiriamHospital,0.3568678755251097,8.465
41.701666666642964,-71.62722222213692,47.6988530723269,HEMORRHAGIC,ROUTE_RhodeIslandHospital,0.42586291698358714,36.269999999999996,ROUTE_KentHospital,0.4224139806241891,18.955,ROUTE_RhodeIslandHospital,0.42586291698358714,36.269999999999996,ROUTE_KentHospital,0.4224139806241891,18.955
41.825555555531956,-71.46555555547013,31.601329713409527,LVO,ROUTE_RhodeIslandHospital,0.43543680322221495,11.811666666666667,ROUTE_RogerWilliamsMedicalCenter,0.43002719257615896,6.623333333333333,ROUTE_RhodeIslandHospital,0.43543680322221495,11.811666666666667,ROUTE_RogerWilliamsMedicalCenter,0.43002719257615896,6.623333333333333
42.0080555555321,-71.49555555547015,220.4328637362,HEMORRHAGIC,ROUTE_LandmarkMedicalCenter,0.3353034863683253,1.7883333333333333,ROUTE_LandmarkMedicalCenter,0.3353034863683253,1.7883333333333333,ROUTE_RhodeIslandHospital,0.32734294144,21.215,ROUTE_LandmarkMedicalCenter,0.3353034863683253,1.7883333333333333
41.45944444442055,-71.74555555547035,47.368368056067865,LVO,ROUTE_RhodeIslandHospital,0.4227959871174893,49.718333333333334,ROUTE_WesterlyHospital,0.36405449616447677,19.291666666666668,ROUTE_RhodeIslandHospital,0.4227959871174893,49.718333333333334,ROUTE_WesterlyHospital,0.36405449616447677,19.291666666666668
41.91055555553202,-71.40749999991452,125.2036340197177,LVO,ROUTE_RhodeIslandHospital,0.4124669896113846,16.553333333333335,ROUTE_TheMiriamHospital,0.35100003102846145,9.716666666666667,ROUTE_RhodeIslandHospital,0.4124669896113846,16.553333333333335,ROUTE_TheMiriamHospital,0.35100003102846145,9.716666666666667
41.48249999997613,-71.53166666658129,158.77377606974167,MIMIC,ROUTE_RhodeIslandHospital,0.3377566419085295,49.38166666666667,ROUTE_SouthCountyHospital,0.34455317454115914,11.253333333333334,ROUTE_RhodeIslandHospital,0.3377566419085295,49.38166666666667,ROUTE_SouthCountyHospital,0.34455317454115914,11.253333333333334
41.89138888886534,-71.35111111102559,151.2916962039492,LVO,ROUTE_RhodeIslandHospital,0.4060360887898062,18.69,ROUTE_TheMiriamHospital,0.34600494555165656,10.743333333333334,ROUTE_RhodeIslandHospital,0.4060360887898062,18.69,ROUTE_TheMiriamHospital,0.34600494555165656,10.743333333333334
41.996388888865425,-71.52083333324795,268.18673261660535,HEMORRHAGIC,ROUTE_LandmarkMedicalCenter,0.32734294144,5.5233333333333325,ROUTE_LandmarkMedicalCenter,0.32734294144,5.5233333333333325,ROUTE_RhodeIslandHospital,0.32734294144,21.416666666666668,ROUTE_LandmarkMedicalCenter,0.32734294144,5.5233333333333325
41.90638888886535,-71.4102777776923,254.7292281406544,HEMORRHAGIC,ROUTE_TheMiriamHospital,0.32734294144,9.791666666666666,ROUTE_TheMiriamHospital,0.32734294144,9.791666666666666,ROUTE_RhodeIslandHospital,0.32734294144,16.106666666666666,ROUTE_TheMiriamHospital,0.32734294144,9.791666666666666
41.8249999999764,-71.43999999991455,209.70581976315597,NLVO,ROUTE_RogerWilliamsMedicalCenter,0.33697771786333264,2.8983333333333334,ROUTE_RogerWilliamsMedicalCenter,0.33697771786333264,2.8983333333333334,ROUTE_RhodeIslandHospital,0.33627335307769546,6.9350000000000005,ROUTE_RogerWilliamsMedicalCenter,0.33697771786333264,2.8983333333333334
41.80555555553194,-71.43916666658122,44.54832337036315,HEMORRHAGIC,ROUTE_RhodeIslandHospital,0.43346261435640443,7.180000000000001,ROUTE_RhodeIslandHospital,0.43346261435640443,7.180000000000001,ROUTE_RhodeIslandHospital,0.43346261435640443,7.180000000000001,ROUTE_RhodeIslandHospital,0.43346261435640443,7.180000000000001
41.815833333309726,-71.45416666658123,120.68395219724468,LVO,ROUTE_RhodeIslandHospital,0.4153189015495213,8.66,ROUTE_RogerWilliamsMedicalCenter,0.3523746492815078,6.876666666666667,ROUTE_RhodeIslandHospital,0.4153189015495213,8.66,ROUTE_RogerWilliamsMedicalCenter,0.3523746492815078,6.876666666666667
41.82638888886529,-71.4797222221368,113.88641305645548,HEMORRHAGIC,ROUTE_RhodeIslandHospital,0.4160323437522864,12.361666666666668,ROUTE_RogerWilliamsMedicalCenter,0.35348564715932523,7.756666666666666,ROUTE_RhodeIslandHospital,0.4160323437522864,12.361666666666668,ROUTE_RogerWilliamsMedicalCenter,0.35348564715932523,7.756666666666666
42.00833333330988,-71.59166666658133,132.54309382499682,HEMORRHAGIC,ROUTE_RhodeIslandHospital,0.4089393206038922,24.654999999999998,ROUTE_LandmarkMedicalCenter,0.34877123111057184,14.403333333333334,ROUTE_RhodeIslandHospital,0.4089393206038922,24.654999999999998,ROUTE_LandmarkMedicalCenter,0.34877123111057184,14.403333333333334
41.65638888886515,-71.2588888888033,147.77693768347308,LVO,ROUTE_RhodeIslandHospital,0.34219642611461015,35.336666666666666,ROUTE_NewportHospital,0.3434609940319457,28.296666666666667,ROUTE_RhodeIslandHospital,0.34219642611461015,35.336666666666666,ROUTE_NewportHospital,0.3434609940319457,28.296666666666667
41.48583333330946,-71.53388888880352,185.58095189257003,LVO,ROUTE_SouthCountyHospital,0.339673114008891,11.701666666666666,ROUTE_SouthCountyHospital,0.339673114008891,11.701666666666666,ROUTE_RhodeIslandHospital,0.32734294144,48.49,ROUTE_SouthCountyHospital,0.339673114008891,11.701666666666666
41.80944444442083,-71.43166666658121,226.6582528866941,HEMORRHAGIC,ROUTE_RhodeIslandHospital,0.32734294144,5.14,ROUTE_RhodeIslandHospital,0.32734294144,5.14,ROUTE_RhodeIslandHospital,0.32734294144,5.14,ROUTE_RhodeIslandHospital,0.32734294144,5.14
41.56583333330953,-71.25305555546996,62.80907385126507,NLVO,ROUTE_RhodeIslandHospital,0.42010950290328414,45.82166666666667,ROUTE_NewportHospital,0.3621212651053646,13.738333333333333,ROUTE_RhodeIslandHospital,0.42010950290328414,45.82166666666667,ROUTE_NewportHospital,0.3621212651053646,13.738333333333333
41.61722222219846,-71.16999999991434,152.8767017060796,LVO,ROUTE_RhodeIslandHospital,0.3387976535937194,49.36,ROUTE_NewportHospital,0.34130075833688867,35.24666666666667,ROUTE_RhodeIslandHospital,0.3387976535937194,49.36,ROUTE_NewportHospital,0.34130075833688867,35.24666666666667
41.55916666664285,-71.48805555547014,57.31342143898615,LVO,ROUTE_RhodeIslandHospital,0.4243078767529519,33.29833333333333,ROUTE_SouthCountyHospital,0.36254201401728053,17.075,ROUTE_RhodeIslandHospital,0.4243078767529519,33.29833333333333,ROUTE_SouthCountyHospital,0.36254201401728053,17.075
41.80555555553194,-71.42388888880343,225.72202785334719,HEMORRHAGIC,ROUTE_RhodeIslandHospital,0.32734294144,4.091666666666667,ROUTE_RhodeIslandHospital,0.32734294144,4.091666666666667,ROUTE_RhodeIslandHospital,0.32734294144,4.091666666666667,ROUTE_RhodeIslandHospital,0.32734294144,4.091666666666667
41.79999999997638,-71.47805555547014,73.93052787694229,HEMORRHAGIC,ROUTE_RhodeIslandHospital,0.4253535703174741,12.211666666666668,ROUTE_RogerWilliamsMedicalCenter,0.36064567949279797,10.213333333333333,ROUTE_RhodeIslandHospital,0.4253535703174741,12.211666666666668,ROUTE_RogerWilliamsMedicalCenter,0.36064567949279797,10.213333333333333
41.819722222198614,-71.45166666658123,204.14936687966238,NLVO,ROUTE_RogerWilliamsMedicalCenter,0.33713531233948246,7.553333333333333,ROUTE_RogerWilliamsMedicalCenter,0.33713531233948246,7.553333333333333,ROUTE_RhodeIslandHospital,0.3370357184644108,8.123333333333333,ROUTE_RogerWilliamsMedicalCenter,0.33713531233948246,7.553333333333333
41.829722222198626,-71.40055555547008,261.68818753458663,LVO,ROUTE_TheMiriamHospital,0.32734294144,5.628333333333333,ROUTE_TheMiriamHospital,0.32734294144,5.628333333333333,ROUTE_RhodeIslandHospital,0.32734294144,5.653333333333333,ROUTE_TheMiriamHospital,0.32734294144,5.628333333333333
41.861388888865314,-71.46527777769235,59.44581376475088,HEMORRHAGIC,ROUTE_RhodeIslandHospital,0.4289383657236904,11.431666666666667,ROUTE_OurLadyOfFatimaHospital,0.4243149427527524,1.865,ROUTE_RhodeIslandHospital,0.4289383657236904,11.431666666666667,ROUTE_OurLadyOfFatimaHospital,0.4243149427527524,1.865
41.89027777775423,-71.35527777769227,48.71994914955688,LVO,ROUTE_RhodeIslandHospital,0.4297854469157886,18.561666666666667,ROUTE_TheMiriamHospital,0.42491508791318394,10.475,ROUTE_RhodeIslandHospital,0.4297854469157886,18.561666666666667,ROUTE_TheMiriamHospital,0.42491508791318394,10.475
41.9738888888654,-71.45694444435901,75.17779359739407,LVO,ROUTE_RhodeIslandHospital,0.4232373505033665,20.016666666666666,ROUTE_LandmarkMedicalCenter,0.36093155452314085,7.489999999999999,ROUTE_RhodeIslandHospital,0.4232373505033665,20.016666666666666,ROUTE_LandmarkMedicalCenter,0.36093155452314085,7.489999999999999
41.82027777775417,-71.41777777769231,107.670491897816,NLVO,ROUTE_RhodeIslandHospital,0.4193417117925426,4.2683333333333335,ROUTE_RhodeIslandHospital,0.4193417117925426,4.2683333333333335,ROUTE_RhodeIslandHospital,0.4193417117925426,4.2683333333333335,ROUTE_RhodeIslandHospital,0.4193417117925426,4.2683333333333335
41.875277777754214,-71.40222222213674,216.41918203333097,NLVO,ROUTE_TheMiriamHospital,0.33544960814054015,4.96,ROUTE_TheMiriamHospital,0.33544960814054015,4.96,ROUTE_RhodeIslandHospital,0.32734294144,11.92,ROUTE_TheMiriamHospital,0.33544960814054015,4.96
41.89111111108756,-71.37027777769227,258.6926750049968,HEMORRHAGIC,ROUTE_TheMiriamHospital,0.32734294144,9.120000000000001,ROUTE_TheMiriamHospital,0.32734294144,9.120000000000001,ROUTE_RhodeIslandHospital,0.32734294144,16.845000000000002,ROUTE_TheMiriamHospital,0.32734294144,9.120000000000001
41.741666666643,-71.60388888880357,79.57235183220618,HEMORRHAGIC,ROUTE_RhodeIslandHospital,0.4197201897041399,30.735,ROUTE_KentHospital,0.35683791778408697,24.378333333333334,ROUTE_RhodeIslandHospital,0.4197201897041399,30.735,ROUTE_KentHospital,0.35683791778408697,24.378333333333334
41.671111111087384,-71.49611111102571,169.82536568735298,LVO,ROUTE_RhodeIslandHospital,0.3397828952708852,26.836666666666666,ROUTE_KentHospital,0.342893467370107,9.401666666666667,ROUTE_RhodeIslandHospital,0.3397828952708852,26.836666666666666,ROUTE_KentHospital,0.342893467370107,9.401666666666667
41.790833333309706,-71.39916666658118,72.10801491657182,MIMIC,ROUTE_RhodeIslandHospital,0.42758976261763926,4.501666666666667,ROUTE_RhodeIslandHospital,0.42758976261763926,4.501666666666667,ROUTE_RhodeIslandHospital,0.42758976261763926,4.501666666666667,ROUTE_RhodeIslandHospital,0.42758976261763926,4.501666666666667
41.60944444442067,-71.7727777776926,124.25850757324658,MIMIC,ROUTE_RhodeIslandHospital,0.40511756120785924,49.78333333333333,ROUTE_KentHospital,0.34651717588190456,34.968333333333334,ROUTE_RhodeIslandHospital,0.40511756120785924,49.78333333333333,ROUTE_KentHospital,0.34651717588190456,34.968333333333334
41.62194444442068,-71.14583333324765,163.05272707984872,LVO,ROUTE_NewportHospital,0.3396634461221998,34.28333333333333,ROUTE_NewportHospital,0.3396634461221998,34.28333333333333,ROUTE_RhodeIslandHospital,0.3371794799869464,48.39833333333333,ROUTE_NewportHospital,0.3396634461221998,34.28333333333333
41.767222222198576,-71.449444444359,252.6932504203624,LVO,ROUTE_KentHospital,0.32734294144,15.601666666666667,ROUTE_KentHospital,0.32734294144,15.601666666666667,ROUTE_RhodeIslandHospital,0.32734294144,16.568333333333335,ROUTE_KentHospital,0.32734294144,15.601666666666667
41.93583333330982,-71.59027777769245,234.53047156054467,NLVO,ROUTE_OurLadyOfFatimaHospital,0.32734294144,22.998333333333335,ROUTE_OurLadyOfFatimaHospital,0.32734294144,22.998333333333335,ROUTE_RhodeIslandHospital,0.32734294144,31.923333333333336,ROUTE_OurLadyOfFatimaHospital,0.32734294144,22.998333333333335
41.69666666664296,-71.42999999991454,241.47779914464635,NLVO,ROUTE_KentHospital,0.32734294144,9.038333333333332,ROUTE_KentHospital,0.32734294144,9.038333333333332,ROUTE_RhodeIslandHospital,0.32734294144,20.88,ROUTE_KentHospital,0.32734294144,9.038333333333332
41.748888888865224,-71.46444444435902,261.6754763888347,HEMORRHAGIC,ROUTE_KentHospital,0.32734294144,13.748333333333333,ROUTE_KentHospital,0.32734294144,13.748333333333333,ROUTE_RhodeIslandHospital,0.32734294144,20.226666666666667,ROUTE_KentHospital,0.32734294144,13.748333333333333
41.70833333330964,-71.55166666658131,151.8569065502091,LVO,ROUTE_RhodeIslandHospital,0.40399371199664624,27.16,ROUTE_KentHospital,0.34582138339700536,11.185,ROUTE_RhodeIslandHospital,0.40399371199664624,27.16,ROUTE_KentHospital,0.34582138339700536,11.185
41.70611111108742,-71.56999999991466,184.43213393405986,HEMORRHAGIC,ROUTE_KentHospital,0.33932741900937846,14.803333333333335,ROUTE_KentHospital,0.33932741900937846,14.803333333333335,ROUTE_RhodeIslandHospital,0.3364478280323922,31.206666666666667,ROUTE_KentHospital,0.33932741900937846,14.803333333333335
41.88194444442089,-71.39861111102563,192.4723831336696,NLVO,ROUTE_RhodeIslandHospital,0.33821907584047434,13.05,ROUTE_TheMiriamHospital,0.33956008414807526,5.448333333333333,ROUTE_RhodeIslandHospital,0.33821907584047434,13.05,ROUTE_TheMiriamHospital,0.33956008414807526,5.448333333333333
41.86055555553198,-71.43916666658122,44.12527371990266,LVO,ROUTE_RhodeIslandHospital,0.43287667508882754,10.076666666666666,ROUTE_OurLadyOfFatimaHospital,0.4269685306490396,5.98,ROUTE_RhodeIslandHospital,0.43287667508882754,10.076666666666666,ROUTE_OurLadyOfFatimaHospital,0.4269685306490396,5.98
41.97527777775429,-71.60194444435912,185.0112924587596,HEMORRHAGIC,ROUTE_LandmarkMedicalCenter,0.3386644445570634,17.98166666666667,ROUTE_LandmarkMedicalCenter,0.3386644445570634,17.98166666666667,ROUTE_RhodeIslandHospital,0.33685692051278004,28.283333333333335,ROUTE_LandmarkMedicalCenter,0.3386644445570634,17.98166666666667
41.544722222198395,-71.49916666658126,250.4916063289942,LVO,ROUTE_SouthCountyHospital,0.32734294144,18.39333333333333,ROUTE_SouthCountyHospital,0.32734294144,18.39333333333333,ROUTE_RhodeIslandHospital,0.32734294144,35.501666666666665,ROUTE_SouthCountyHospital,0.32734294144,18.39333333333333
41.68388888886518,-71.56611111102576,104.18211710299718,MIMIC,ROUTE_RhodeIslandHospital,0.4140261596555787,30.78166666666667,ROUTE_KentHospital,0.35431435045849713,13.063333333333333,ROUTE_RhodeIslandHospital,0.4140261596555787,30.78166666666667,ROUTE_KentHospital,0.35431435045849713,13.063333333333333
41.789999999976374,-71.35888888880338,233.65274260406193,MIMIC,ROUTE_RhodeIslandHospital,0.32734294144,14.021666666666667,ROUTE_RhodeIslandHospital,0.32734294144,14.021666666666667,ROUTE_RhodeIslandHospital,0.32734294144,14.021666666666667,ROUTE_RhodeIslandHospital,0.32734294144,14.021666666666667
42.000555555532095,-71.52555555547018,129.36474171049923,LVO,ROUTE_RhodeIslandHospital,0.41017876416308635,22.396666666666665,ROUTE_LandmarkMedicalCenter,0.3508510800692868,6.3566666666666665,ROUTE_RhodeIslandHospital,0.41017876416308635,22.396666666666665,ROUTE_LandmarkMedicalCenter,0.3508510800692868,6.3566666666666665
41.972777777754295,-71.39749999991452,215.1032860746094,MIMIC,ROUTE_LandmarkMedicalCenter,0.32734294144,12.838333333333333,ROUTE_LandmarkMedicalCenter,0.32734294144,12.838333333333333,ROUTE_RhodeIslandHospital,0.32734294144,22.263333333333332,ROUTE_LandmarkMedicalCenter,0.32734294144,12.838333333333333
41.86749999997643,-71.41527777769231,235.51784149296577,NLVO,ROUTE_TheMiriamHospital,0.32734294144,4.583333333333333,ROUTE_TheMiriamHospital,0.32734294144,4.583333333333333,ROUTE_RhodeIslandHospital,0.32734294144,10.065,ROUTE_TheMiriamHospital,0.32734294144,4.583333333333333
41.786388888865254,-71.4305555554701,249.98271518490424,HEMORRHAGIC,ROUTE_RhodeIslandHospital,0.32734294144,8.343333333333334,ROUTE_RhodeIslandHospital,0.32734294144,8.343333333333334,ROUTE_RhodeIslandHospital,0.32734294144,8.343333333333334,ROUTE_RhodeIslandHospital,0.32734294144,8.343333333333334
41.94833333330983,-71.40305555547008,230.93785518523998,MIMIC,ROUTE_LandmarkMedicalCenter,0.32734294144,13.705,ROUTE_LandmarkMedicalCenter,0.32734294144,13.705,ROUTE_RhodeIslandHospital,0.32734294144,19.64,ROUTE_LandmarkMedicalCenter,0.32734294144,13.705
41.46916666664278,-71.49861111102571,69.15991596746338,LVO,ROUTE_RhodeIslandHospital,0.4181969856707154,47.72,ROUTE_SouthCountyHospital,0.36213613463799993,7.3100000000000005,ROUTE_RhodeIslandHospital,0.4181969856707154,47.72,ROUTE_SouthCountyHospital,0.36213613463799993,7.3100000000000005
41.82472222219862,-71.40194444435896,177.53836572515576,LVO,ROUTE_RhodeIslandHospital,0.3423293636441179,4.833333333333333,ROUTE_RhodeIslandHospital,0.3423293636441179,4.833333333333333,ROUTE_RhodeIslandHospital,0.3423293636441179,4.833333333333333,ROUTE_RhodeIslandHospital,0.3423293636441179,4.833333333333333
41.80249999997638,-71.42999999991454,202.3500687816481,HEMORRHAGIC,ROUTE_RhodeIslandHospital,0.3378899992986798,5.046666666666667,ROUTE_RhodeIslandHospital,0.3378899992986798,5.046666666666667,ROUTE_RhodeIslandHospital,0.3378899992986798,5.046666666666667,ROUTE_RhodeIslandHospital,0.3378899992986798,5.046666666666667
41.972777777754295,-71.60638888880356,109.84172075757363,MIMIC,ROUTE_RhodeIslandHospital,0.41358204189928643,27.055,ROUTE_LandmarkMedicalCenter,0.3525557924840641,16.75166666666667,ROUTE_RhodeIslandHospital,0.41358204189928643,27.055,ROUTE_LandmarkMedicalCenter,0.3525557924840641,16.75166666666667
41.67416666664295,-71.45055555547012,162.52833655471318,NLVO,ROUTE_RhodeIslandHospital,0.34146970764254425,24.648333333333333,ROUTE_KentHospital,0.3442337094426585,9.263333333333332,ROUTE_RhodeIslandHospital,0.34146970764254425,24.648333333333333,ROUTE_KentHospital,0.3442337094426585,9.263333333333332
41.9941666666432,-71.51388888880349,215.51219727372177,LVO,ROUTE_LandmarkMedicalCenter,0.3357510184368509,4.131666666666667,ROUTE_LandmarkMedicalCenter,0.3357510184368509,4.131666666666667,ROUTE_RhodeIslandHospital,0.32734294144,20.766666666666666,ROUTE_LandmarkMedicalCenter,0.3357510184368509,4.131666666666667
41.89027777775423,-71.39972222213675,66.0323260361443,NLVO,ROUTE_RhodeIslandHospital,0.42689331221976345,13.543333333333333,ROUTE_TheMiriamHospital,0.42190017969818555,5.9399999999999995,ROUTE_RhodeIslandHospital,0.42689331221976345,13.543333333333333,ROUTE_TheMiriamHospital,0.42190017969818555,5.9399999999999995
41.82444444442084,-71.47611111102569,199.87308209340978,MIMIC,ROUTE_RogerWilliamsMedicalCenter,0.33802439837111203,6.758333333333334,ROUTE_RogerWilliamsMedicalCenter,0.33802439837111203,6.758333333333334,ROUTE_RhodeIslandHospital,0.33721686236736886,11.363333333333333,ROUTE_RogerWilliamsMedicalCenter,0.33802439837111203,6.758333333333334
41.86222222219865,-71.41527777769231,55.55451490114284,HEMORRHAGIC,ROUTE_RhodeIslandHospital,0.4298493690041305,11.456666666666667,ROUTE_TheMiriamHospital,0.424637969488838,4.8133333333333335,ROUTE_RhodeIslandHospital,0.4298493690041305,11.456666666666667,ROUTE_TheMiriamHospital,0.424637969488838,4.8133333333333335
41.763055555531906,-71.46111111102567,183.12445839562494,HEMORRHAGIC,ROUTE_RhodeIslandHospital,0.3394425495858184,15.46,ROUTE_KentHospital,0.33994714636451334,12.610000000000001,ROUTE_RhodeIslandHospital,0.3394425495858184,15.46,ROUTE_KentHospital,0.33994714636451334,12.610000000000001
41.7277777777541,-71.30277777769221,260.76349370244316,LVO,ROUTE_RhodeIslandHospital,0.32734294144,21.766666666666666,ROUTE_RhodeIslandHospital,0.32734294144,21.766666666666666,ROUTE_RhodeIslandHospital,0.32734294144,21.766666666666666,ROUTE_RhodeIslandHospital,0.32734294144,21.766666666666666
41.98416666664319,-71.719722222137,173.7424482074396,HEMORRHAGIC,ROUTE_LandmarkMedicalCenter,0.33740117352080723,36.44166666666667,ROUTE_LandmarkMedicalCenter,0.33740117352080723,36.44166666666667,ROUTE_RhodeIslandHospital,0.33560455362152497,46.74333333333333,ROUTE_LandmarkMedicalCenter,0.33740117352080723,36.44166666666667
41.483611111087235,-71.53222222213685,112.85362465944694,LVO,ROUTE_RhodeIslandHospital,0.40774674301986935,49.58833333333334,ROUTE_SouthCountyHospital,0.35296967918562727,11.533333333333333,ROUTE_RhodeIslandHospital,0.40774674301986935,49.58833333333334,ROUTE_SouthCountyHospital,0.35296967918562727,11.533333333333333
42.01222222219877,-71.4936111110257,142.3036622494632,LVO,ROUTE_RhodeIslandHospital,0.40736306859593924,21.826666666666664,ROUTE_LandmarkMedicalCenter,0.349066377028544,3.0433333333333334,ROUTE_RhodeIslandHospital,0.40736306859593924,21.826666666666664,ROUTE_LandmarkMedicalCenter,0.349066377028544,3.0433333333333334
41.59277777775399,-71.27111111102552,219.92743646963171,MIMIC,ROUTE_NewportHospital,0.32734294144,18.425,ROUTE_NewportHospital,0.32734294144,18.425,ROUTE_RhodeIslandHospital,0.32734294144,42.40833333333333,ROUTE_NewportHospital,0.32734294144,18.425
