sample_id,policy,action,reward,mdp_reward
1,MDP_optimal,ROUTE_SanRamonRegionalMedicalCenter,0.32734294144,0.32734294144
1,tree_depth_1,ROUTE_SanRamonRegionalMedicalCenter,0.32734294144,0.32734294144
1,tree_depth_2,ROUTE_SanRamonRegionalMedicalCenter,0.32734294144,0.32734294144
1,tree_depth_3,ROUTE_SanRamonRegionalMedicalCenter,0.32734294144,0.32734294144
1,tree_depth_4,ROUTE_SanRamonRegionalMedicalCenter,0.32734294144,0.32734294144
1,tree_depth_5,ROUTE_SanRamonRegionalMedicalCenter,0.32734294144,0.32734294144
1,tree_depth_6,ROUTE_SanRamonRegionalMedicalCenter,0.32734294144,0.32734294144
1,tree_depth_8,ROUTE_SanRamonRegionalMedicalCenter,0.32734294144,0.32734294144
1,tree_depth_10,ROUTE_SanRamonRegionalMedicalCenter,0.32734294144,0.32734294144
1,tree_depth_inf,ROUTE_SanRamonRegionalMedicalCenter,0.32734294144,0.32734294144
1,Nearest,ROUTE_SanRamonRegionalMedicalCenter,0.32734294144,0.32734294144
1,Heuristic_1,ROUTE_JohnMuirMedicalCenterWalnutCreekCampus,0.32734294144,0.32734294144
1,Heuristic_2,ROUTE_SanRamonRegionalMedicalCenter,0.32734294144,0.32734294144
2,MDP_optimal,ROUTE_CPMCDaviesCampusSutter,0.34092735845584654,0.34092735845584654
2,tree_depth_1,ROUTE_CPMCDaviesCampusSutter,0.34092735845584654,0.34092735845584654
2,tree_depth_2,ROUTE_CPMCDaviesCampusSutter,0.34092735845584654,0.34092735845584654
2,tree_depth_3,ROUTE_CPMCDaviesCampusSutter,0.34092735845584654,0.34092735845584654
2,tree_depth_4,ROUTE_CPMCDaviesCampusSutter,0.34092735845584654,0.34092735845584654
2,tree_depth_5,ROUTE_CPMCDaviesCampusSutter,0.34092735845584654,0.34092735845584654
2,tree_depth_6,ROUTE_CPMCDaviesCampusSutter,0.34092735845584654,0.34092735845584654
2,tree_depth_8,ROUTE_CPMCDaviesCampusSutter,0.34092735845584654,0.34092735845584654
2,tree_depth_10,ROUTE_CPMCDaviesCampusSutter,0.34092735845584654,0.34092735845584654
2,tree_depth_inf,ROUTE_CPMCDaviesCampusSutter,0.34092735845584654,0.34092735845584654
2,Nearest,ROUTE_UCSFHealthHydeHospital,0.34227205245327863,0.34092735845584654
2,Heuristic_1,ROUTE_CPMCDaviesCampusSutter,0.34092735845584654,0.34092735845584654
2,Heuristic_2,ROUTE_UCSFHealthHydeHospital,0.34227205245327863,0.34092735845584654
3,MDP_optimal,ROUTE_MillsPeninsulaMedicalCenterSutter,0.4168217273251542,0.4168217273251542
3,tree_depth_1,ROUTE_MillsPeninsulaMedicalCenterSutter,0.4168217273251542,0.4168217273251542
3,tree_depth_2,ROUTE_MillsPeninsulaMedicalCenterSutter,0.4168217273251542,0.4168217273251542
3,tree_depth_3,ROUTE_MillsPeninsulaMedicalCenterSutter,0.4168217273251542,0.4168217273251542
3,tree_depth_4,ROUTE_MillsPeninsulaMedicalCenterSutter,0.4168217273251542,0.4168217273251542
3,tree_depth_5,ROUTE_MillsPeninsulaMedicalCenterSutter,0.4168217273251542,0.4168217273251542
3,tree_depth_6,ROUTE_MillsPeninsulaMedicalCenterSutter,0.4168217273251542,0.4168217273251542
3,tree_depth_8,ROUTE_MillsPeninsulaMedicalCenterSutter,0.4168217273251542,0.4168217273251542
3,tree_depth_10,ROUTE_MillsPeninsulaMedicalCenterSutter,0.4168217273251542,0.4168217273251542
3,tree_depth_inf,ROUTE_MillsPeninsulaMedicalCenterSutter,0.4168217273251542,0.4168217273251542
3,Nearest,ROUTE_CPMCMissionBernalCampusSutter,0.3539973939204548,0.4168217273251542
3,Heuristic_1,ROUTE_MillsPeninsulaMedicalCenterSutter,0.4168217273251542,0.4168217273251542
3,Heuristic_2,ROUTE_CPMCMissionBernalCampusSutter,0.3539973939204548,0.4168217273251542
4,MDP_optimal,ROUTE_KaiserFoundationHospitalSantaClara,0.43468456498072383,0.43468456498072383
4,tree_depth_1,ROUTE_KaiserFoundationHospitalSantaClara,0.43468456498072383,0.43468456498072383
4,tree_depth_2,ROUTE_KaiserFoundationHospitalSantaClara,0.43468456498072383,0.43468456498072383
4,tree_depth_3,ROUTE_KaiserFoundationHospitalSantaClara,0.43468456498072383,0.43468456498072383
4,tree_depth_4,ROUTE_KaiserFoundationHospitalSantaClara,0.43468456498072383,0.43468456498072383
4,tree_depth_5,ROUTE_KaiserFoundationHospitalSantaClara,0.43468456498072383,0.43468456498072383
4,tree_depth_6,ROUTE_KaiserFoundationHospitalSantaClara,0.43468456498072383,0.43468456498072383
4,tree_depth_8,ROUTE_KaiserFoundationHospitalSantaClara,0.43468456498072383,0.43468456498072383
4,tree_depth_10,ROUTE_KaiserFoundationHospitalSantaClara,0.43468456498072383,0.43468456498072383
4,tree_depth_inf,ROUTE_KaiserFoundationHospitalSantaClara,0.43468456498072383,0.43468456498072383
4,Nearest,ROUTE_KaiserFoundationHospitalSantaClara,0.43468456498072383,0.43468456498072383
4,Heuristic_1,ROUTE_KaiserFoundationHospitalSantaClara,0.43468456498072383,0.43468456498072383
4,Heuristic_2,ROUTE_KaiserFoundationHospitalSantaClara,0.43468456498072383,0.43468456498072383
5,MDP_optimal,ROUTE_MarinHealthMedicalCenter,0.33637168411338186,0.33637168411338186
5,tree_depth_1,ROUTE_MarinHealthMedicalCenter,0.33637168411338186,0.33637168411338186
5,tree_depth_2,ROUTE_MarinHealthMedicalCenter,0.33637168411338186,0.33637168411338186
5,tree_depth_3,ROUTE_MarinHealthMedicalCenter,0.33637168411338186,0.33637168411338186
5,tree_depth_4,ROUTE_MarinHealthMedicalCenter,0.33637168411338186,0.33637168411338186
5,tree_depth_5,ROUTE_MarinHealthMedicalCenter,0.33637168411338186,0.33637168411338186
5,tree_depth_6,ROUTE_MarinHealthMedicalCenter,0.33637168411338186,0.33637168411338186
5,tree_depth_8,ROUTE_MarinHealthMedicalCenter,0.33637168411338186,0.33637168411338186
5,tree_depth_10,ROUTE_MarinHealthMedicalCenter,0.33637168411338186,0.33637168411338186
5,tree_depth_inf,ROUTE_MarinHealthMedicalCenter,0.33637168411338186,0.33637168411338186
5,Nearest,ROUTE_MarinHealthMedicalCenter,0.33637168411338186,0.33637168411338186
5,Heuristic_1,ROUTE_UCSFMedicalCenter,0.32734294144,0.33637168411338186
5,Heuristic_2,ROUTE_MarinHealthMedicalCenter,0.33637168411338186,0.33637168411338186
6,MDP_optimal,ROUTE_UCSFMedicalCenter,0.40470252346871943,0.40470252346871943
6,tree_depth_1,ROUTE_UCSFMedicalCenter,0.40470252346871943,0.40470252346871943
6,tree_depth_2,ROUTE_UCSFMedicalCenter,0.40470252346871943,0.40470252346871943
6,tree_depth_3,ROUTE_UCSFMedicalCenter,0.40470252346871943,0.40470252346871943
6,tree_depth_4,ROUTE_UCSFMedicalCenter,0.40470252346871943,0.40470252346871943
6,tree_depth_5,ROUTE_UCSFMedicalCenter,0.40470252346871943,0.40470252346871943
6,tree_depth_6,ROUTE_UCSFMedicalCenter,0.40470252346871943,0.40470252346871943
6,tree_depth_8,ROUTE_UCSFMedicalCenter,0.40470252346871943,0.40470252346871943
6,tree_depth_10,ROUTE_UCSFMedicalCenter,0.40470252346871943,0.40470252346871943
6,tree_depth_inf,ROUTE_UCSFMedicalCenter,0.40470252346871943,0.40470252346871943
6,Nearest,ROUTE_UCSFMedicalCenter,0.40470252346871943,0.40470252346871943
6,Heuristic_1,ROUTE_UCSFMedicalCenter,0.40470252346871943,0.40470252346871943
6,Heuristic_2,ROUTE_UCSFMedicalCenter,0.40470252346871943,0.40470252346871943
7,MDP_optimal,ROUTE_SutterEdenMedicalCenter,0.41090548568746993,0.41090548568746993
7,tree_depth_1,ROUTE_SutterEdenMedicalCenter,0.41090548568746993,0.41090548568746993
7,tree_depth_2,ROUTE_SutterEdenMedicalCenter,0.41090548568746993,0.41090548568746993
7,tree_depth_3,ROUTE_SutterEdenMedicalCenter,0.41090548568746993,0.41090548568746993
7,tree_depth_4,ROUTE_SutterEdenMedicalCenter,0.41090548568746993,0.41090548568746993
7,tree_depth_5,ROUTE_SutterEdenMedicalCenter,0.41090548568746993,0.41090548568746993
7,tree_depth_6,ROUTE_SutterEdenMedicalCenter,0.41090548568746993,0.41090548568746993
7,tree_depth_8,ROUTE_SutterEdenMedicalCenter,0.41090548568746993,0.41090548568746993
7,tree_depth_10,ROUTE_SutterEdenMedicalCenter,0.41090548568746993,0.41090548568746993
7,tree_depth_inf,ROUTE_SutterEdenMedicalCenter,0.41090548568746993,0.41090548568746993
7,Nearest,ROUTE_WashingtonHospitalHealthcareSystem,0.3536481245795751,0.41090548568746993
7,Heuristic_1,ROUTE_SutterEdenMedicalCenter,0.41090548568746993,0.41090548568746993
7,Heuristic_2,ROUTE_WashingtonHospitalHealthcareSystem,0.3536481245795751,0.41090548568746993
8,MDP_optimal,ROUTE_KaiserFoundationHospitalAntioch,0.32734294144,0.32734294144
8,tree_depth_1,ROUTE_KaiserFoundationHospitalAntioch,0.32734294144,0.32734294144
8,tree_depth_2,ROUTE_KaiserFoundationHospitalAntioch,0.32734294144,0.32734294144
8,tree_depth_3,ROUTE_KaiserFoundationHospitalAntioch,0.32734294144,0.32734294144
8,tree_depth_4,ROUTE_KaiserFoundationHospitalAntioch,0.32734294144,0.32734294144
8,tree_depth_5,ROUTE_KaiserFoundationHospitalAntioch,0.32734294144,0.32734294144
8,tree_depth_6,ROUTE_KaiserFoundationHospitalAntioch,0.32734294144,0.32734294144
8,tree_depth_8,ROUTE_KaiserFoundationHospitalAntioch,0.32734294144,0.32734294144
8,tree_depth_10,ROUTE_KaiserFoundationHospitalAntioch,0.32734294144,0.32734294144
8,tree_depth_inf,ROUTE_KaiserFoundationHospitalAntioch,0.32734294144,0.32734294144
8,Nearest,ROUTE_KaiserFoundationHospitalAntioch,0.32734294144,0.32734294144
8,Heuristic_1,ROUTE_JohnMuirMedicalCenterWalnutCreekCampus,0.32734294144,0.32734294144
8,Heuristic_2,ROUTE_KaiserFoundationHospitalAntioch,0.32734294144,0.32734294144
9,MDP_optimal,ROUTE_JohnMuirMedicalCenterWalnutCreekCampus,0.4149031933341056,0.4149031933341056
9,tree_depth_1,ROUTE_JohnMuirMedicalCenterWalnutCreekCampus,0.4149031933341056,0.4149031933341056
9,tree_depth_2,ROUTE_JohnMuirMedicalCenterWalnutCreekCampus,0.4149031933341056,0.4149031933341056
9,tree_depth_3,ROUTE_JohnMuirMedicalCenterWalnutCreekCampus,0.4149031933341056,0.4149031933341056
9,tree_depth_4,ROUTE_JohnMuirMedicalCenterWalnutCreekCampus,0.4149031933341056,0.4149031933341056
9,tree_depth_5,ROUTE_JohnMuirMedicalCenterWalnutCreekCampus,0.4149031933341056,0.4149031933341056
9,tree_depth_6,ROUTE_JohnMuirMedicalCenterWalnutCreekCampus,0.4149031933341056,0.4149031933341056
9,tree_depth_8,ROUTE_JohnMuirMedicalCenterWalnutCreekCampus,0.4149031933341056,0.4149031933341056
9,tree_depth_10,ROUTE_JohnMuirMedicalCenterWalnutCreekCampus,0.4149031933341056,0.4149031933341056
9,tree_depth_inf,ROUTE_JohnMuirMedicalCenterWalnutCreekCampus,0.4149031933341056,0.4149031933341056
9,Nearest,ROUTE_KaiserFoundationHospitalVallejo,0.35690128314674985,0.4149031933341056
9,Heuristic_1,ROUTE_JohnMuirMedicalCenterWalnutCreekCampus,0.4149031933341056,0.4149031933341056
9,Heuristic_2,ROUTE_KaiserFoundationHospitalVallejo,0.35690128314674985,0.4149031933341056
10,MDP_optimal,ROUTE_RegionalMedicalCenterOfSanJose,0.338681656542611,0.338681656542611
10,tree_depth_1,ROUTE_RegionalMedicalCenterOfSanJose,0.338681656542611,0.338681656542611
10,tree_depth_2,ROUTE_RegionalMedicalCenterOfSanJose,0.338681656542611,0.338681656542611
10,tree_depth_3,ROUTE_RegionalMedicalCenterOfSanJose,0.338681656542611,0.338681656542611
10,tree_depth_4,ROUTE_RegionalMedicalCenterOfSanJose,0.338681656542611,0.338681656542611
10,tree_depth_5,ROUTE_RegionalMedicalCenterOfSanJose,0.338681656542611,0.338681656542611
10,tree_depth_6,ROUTE_RegionalMedicalCenterOfSanJose,0.338681656542611,0.338681656542611
10,tree_depth_8,ROUTE_RegionalMedicalCenterOfSanJose,0.338681656542611,0.338681656542611
10,tree_depth_10,ROUTE_RegionalMedicalCenterOfSanJose,0.338681656542611,0.338681656542611
10,tree_depth_inf,ROUTE_RegionalMedicalCenterOfSanJose,0.338681656542611,0.338681656542611
10,Nearest,ROUTE_OConnorHospital,0.338756944317938,0.338681656542611
10,Heuristic_1,ROUTE_RegionalMedicalCenterOfSanJose,0.338681656542611,0.338681656542611
10,Heuristic_2,ROUTE_OConnorHospital,0.338756944317938,0.338681656542611
11,MDP_optimal,ROUTE_SutterEdenMedicalCenter,0.42845356178779637,0.42845356178779637
11,tree_depth_1,ROUTE_SutterEdenMedicalCenter,0.42845356178779637,0.42845356178779637
11,tree_depth_2,ROUTE_SutterEdenMedicalCenter,0.42845356178779637,0.42845356178779637
11,tree_depth_3,ROUTE_SutterEdenMedicalCenter,0.42845356178779637,0.42845356178779637
11,tree_depth_4,ROUTE_SutterEdenMedicalCenter,0.42845356178779637,0.42845356178779637
11,tree_depth_5,ROUTE_SutterEdenMedicalCenter,0.42845356178779637,0.42845356178779637
11,tree_depth_6,ROUTE_SutterEdenMedicalCenter,0.42845356178779637,0.42845356178779637
11,tree_depth_8,ROUTE_SutterEdenMedicalCenter,0.42845356178779637,0.42845356178779637
11,tree_depth_10,ROUTE_SutterEdenMedicalCenter,0.42845356178779637,0.42845356178779637
11,tree_depth_inf,ROUTE_SutterEdenMedicalCenter,0.42845356178779637,0.42845356178779637
11,Nearest,ROUTE_SanLeandroHospitalAlamedaHealthSystem,0.40281698994817366,0.42845356178779637
11,Heuristic_1,ROUTE_SutterEdenMedicalCenter,0.42845356178779637,0.42845356178779637
11,Heuristic_2,ROUTE_KaiserFoundationHospitalSanLeandro,0.422962490199306,0.42845356178779637
12,MDP_optimal,ROUTE_JohnMuirMedicalCenterWalnutCreekCampus,0.4225056903033665,0.4225056903033665
12,tree_depth_1,ROUTE_JohnMuirMedicalCenterWalnutCreekCampus,0.4225056903033665,0.4225056903033665
12,tree_depth_2,ROUTE_JohnMuirMedicalCenterWalnutCreekCampus,0.4225056903033665,0.4225056903033665
12,tree_depth_3,ROUTE_JohnMuirMedicalCenterWalnutCreekCampus,0.4225056903033665,0.4225056903033665
12,tree_depth_4,ROUTE_JohnMuirMedicalCenterWalnutCreekCampus,0.4225056903033665,0.4225056903033665
12,tree_depth_5,ROUTE_JohnMuirMedicalCenterWalnutCreekCampus,0.4225056903033665,0.4225056903033665
12,tree_depth_6,ROUTE_JohnMuirMedicalCenterWalnutCreekCampus,0.4225056903033665,0.4225056903033665
12,tree_depth_8,ROUTE_JohnMuirMedicalCenterWalnutCreekCampus,0.4225056903033665,0.4225056903033665
12,tree_depth_10,ROUTE_JohnMuirMedicalCenterWalnutCreekCampus,0.4225056903033665,0.4225056903033665
12,tree_depth_inf,ROUTE_JohnMuirMedicalCenterWalnutCreekCampus,0.4225056903033665,0.4225056903033665
12,Nearest,ROUTE_ProvidenceQueenOfTheValleyMedicalCenter,0.36681117384902934,0.4225056903033665
12,Heuristic_1,ROUTE_JohnMuirMedicalCenterWalnutCreekCampus,0.4225056903033665,0.4225056903033665
12,Heuristic_2,ROUTE_ProvidenceQueenOfTheValleyMedicalCenter,0.36681117384902934,0.4225056903033665
13,MDP_optimal,ROUTE_JohnMuirMedicalCenterWalnutCreekCampus,0.415184690937617,0.415184690937617
13,tree_depth_1,ROUTE_JohnMuirMedicalCenterWalnutCreekCampus,0.415184690937617,0.415184690937617
13,tree_depth_2,ROUTE_JohnMuirMedicalCenterWalnutCreekCampus,0.415184690937617,0.415184690937617
13,tree_depth_3,ROUTE_JohnMuirMedicalCenterWalnutCreekCampus,0.415184690937617,0.415184690937617
13,tree_depth_4,ROUTE_JohnMuirMedicalCenterWalnutCreekCampus,0.415184690937617,0.415184690937617
13,tree_depth_5,ROUTE_JohnMuirMedicalCenterWalnutCreekCampus,0.415184690937617,0.415184690937617
13,tree_depth_6,ROUTE_JohnMuirMedicalCenterWalnutCreekCampus,0.415184690937617,0.415184690937617
13,tree_depth_8,ROUTE_JohnMuirMedicalCenterWalnutCreekCampus,0.415184690937617,0.415184690937617
13,tree_depth_10,ROUTE_JohnMuirMedicalCenterWalnutCreekCampus,0.415184690937617,0.415184690937617
13,tree_depth_inf,ROUTE_JohnMuirMedicalCenterWalnutCreekCampus,0.415184690937617,0.415184690937617
13,Nearest,ROUTE_AltaBatesSummitMedicalCenterAltaBatesCampus,0.32734294144,0.415184690937617
13,Heuristic_1,ROUTE_JohnMuirMedicalCenterWalnutCreekCampus,0.415184690937617,0.415184690937617
13,Heuristic_2,ROUTE_KaiserFoundationHospitalOaklandRichmond,0.35512656399976916,0.415184690937617
14,MDP_optimal,ROUTE_SutterEdenMedicalCenter,0.4216989977576081,0.4216989977576081
14,tree_depth_1,ROUTE_SutterEdenMedicalCenter,0.4216989977576081,0.4216989977576081
14,tree_depth_2,ROUTE_SutterEdenMedicalCenter,0.4216989977576081,0.4216989977576081
14,tree_depth_3,ROUTE_SutterEdenMedicalCenter,0.4216989977576081,0.4216989977576081
14,tree_depth_4,ROUTE_SutterEdenMedicalCenter,0.4216989977576081,0.4216989977576081
14,tree_depth_5,ROUTE_SutterEdenMedicalCenter,0.4216989977576081,0.4216989977576081
14,tree_depth_6,ROUTE_SutterEdenMedicalCenter,0.4216989977576081,0.4216989977576081
14,tree_depth_8,ROUTE_SutterEdenMedicalCenter,0.4216989977576081,0.4216989977576081
14,tree_depth_10,ROUTE_SutterEdenMedicalCenter,0.4216989977576081,0.4216989977576081
14,tree_depth_inf,ROUTE_SutterEdenMedicalCenter,0.4216989977576081,0.4216989977576081
14,Nearest,ROUTE_SutterEdenMedicalCenter,0.4216989977576081,0.4216989977576081
14,Heuristic_1,ROUTE_SutterEdenMedicalCenter,0.4216989977576081,0.4216989977576081
14,Heuristic_2,ROUTE_SutterEdenMedicalCenter,0.4216989977576081,0.4216989977576081
15,MDP_optimal,ROUTE_SutterEdenMedicalCenter,0.41531185633525053,0.41531185633525053
15,tree_depth_1,ROUTE_SutterEdenMedicalCenter,0.41531185633525053,0.41531185633525053
15,tree_depth_2,ROUTE_SutterEdenMedicalCenter,0.41531185633525053,0.41531185633525053
15,tree_depth_3,ROUTE_SutterEdenMedicalCenter,0.41531185633525053,0.41531185633525053
15,tree_depth_4,ROUTE_SutterEdenMedicalCenter,0.41531185633525053,0.41531185633525053
15,tree_depth_5,ROUTE_SutterEdenMedicalCenter,0.41531185633525053,0.41531185633525053
15,tree_depth_6,ROUTE_SutterEdenMedicalCenter,0.41531185633525053,0.41531185633525053
15,tree_depth_8,ROUTE_SutterEdenMedicalCenter,0.41531185633525053,0.41531185633525053
15,tree_depth_10,ROUTE_SutterEdenMedicalCenter,0.41531185633525053,0.41531185633525053
15,tree_depth_inf,ROUTE_SutterEdenMedicalCenter,0.41531185633525053,0.41531185633525053
15,Nearest,ROUTE_SutterEdenMedicalCenter,0.41531185633525053,0.41531185633525053
15,Heuristic_1,ROUTE_SutterEdenMedicalCenter,0.41531185633525053,0.41531185633525053
15,Heuristic_2,ROUTE_SutterEdenMedicalCenter,0.41531185633525053,0.41531185633525053
16,MDP_optimal,ROUTE_SutterEdenMedicalCenter,0.41575422552193864,0.41575422552193864
16,tree_depth_1,ROUTE_SutterEdenMedicalCenter,0.41575422552193864,0.41575422552193864
16,tree_depth_2,ROUTE_SutterEdenMedicalCenter,0.41575422552193864,0.41575422552193864
16,tree_depth_3,ROUTE_SutterEdenMedicalCenter,0.41575422552193864,0.41575422552193864
16,tree_depth_4,ROUTE_SutterEdenMedicalCenter,0.41575422552193864,0.41575422552193864
16,tree_depth_5,ROUTE_SutterEdenMedicalCenter,0.41575422552193864,0.41575422552193864
16,tree_depth_6,ROUTE_SutterEdenMedicalCenter,0.41575422552193864,0.41575422552193864
16,tree_depth_8,ROUTE_SutterEdenMedicalCenter,0.41575422552193864,0.41575422552193864
16,tree_depth_10,ROUTE_SutterEdenMedicalCenter,0.41575422552193864,0.41575422552193864
16,tree_depth_inf,ROUTE_SutterEdenMedicalCenter,0.41575422552193864,0.41575422552193864
16,Nearest,ROUTE_StRoseHospital,0.32734294144,0.41575422552193864
16,Heuristic_1,ROUTE_SutterEdenMedicalCenter,0.41575422552193864,0.41575422552193864
16,Heuristic_2,ROUTE_KaiserFoundationHospitalSanLeandro,0.35271177649903385,0.41575422552193864
17,MDP_optimal,ROUTE_SutterEdenMedicalCenter,0.41083799508186913,0.41083799508186913
17,tree_depth_1,ROUTE_SutterEdenMedicalCenter,0.41083799508186913,0.41083799508186913
17,tree_depth_2,ROUTE_SutterEdenMedicalCenter,0.41083799508186913,0.41083799508186913
17,tree_depth_3,ROUTE_SutterEdenMedicalCenter,0.41083799508186913,0.41083799508186913
17,tree_depth_4,ROUTE_SutterEdenMedicalCenter,0.41083799508186913,0.41083799508186913
17,tree_depth_5,ROUTE_SutterEdenMedicalCenter,0.41083799508186913,0.41083799508186913
17,tree_depth_6,ROUTE_SutterEdenMedicalCenter,0.41083799508186913,0.41083799508186913
17,tree_depth_8,ROUTE_SutterEdenMedicalCenter,0.41083799508186913,0.41083799508186913
17,tree_depth_10,ROUTE_SutterEdenMedicalCenter,0.41083799508186913,0.41083799508186913
17,tree_depth_inf,ROUTE_SutterEdenMedicalCenter,0.41083799508186913,0.41083799508186913
17,Nearest,ROUTE_KaiserFoundationHospitalOaklandRichmond,0.35174439114948175,0.41083799508186913
17,Heuristic_1,ROUTE_SutterEdenMedicalCenter,0.41083799508186913,0.41083799508186913
17,Heuristic_2,ROUTE_KaiserFoundationHospitalOaklandRichmond,0.35174439114948175,0.41083799508186913
18,MDP_optimal,ROUTE_MillsPeninsulaMedicalCenterSutter,0.4143996415242762,0.4143996415242762
18,tree_depth_1,ROUTE_MillsPeninsulaMedicalCenterSutter,0.4143996415242762,0.4143996415242762
18,tree_depth_2,ROUTE_MillsPeninsulaMedicalCenterSutter,0.4143996415242762,0.4143996415242762
18,tree_depth_3,ROUTE_MillsPeninsulaMedicalCenterSutter,0.4143996415242762,0.4143996415242762
18,tree_depth_4,ROUTE_MillsPeninsulaMedicalCenterSutter,0.4143996415242762,0.4143996415242762
18,tree_depth_5,ROUTE_MillsPeninsulaMedicalCenterSutter,0.4143996415242762,0.4143996415242762
18,tree_depth_6,ROUTE_MillsPeninsulaMedicalCenterSutter,0.4143996415242762,0.4143996415242762
18,tree_depth_8,ROUTE_MillsPeninsulaMedicalCenterSutter,0.4143996415242762,0.4143996415242762
18,tree_depth_10,ROUTE_MillsPeninsulaMedicalCenterSutter,0.4143996415242762,0.4143996415242762
18,tree_depth_inf,ROUTE_MillsPeninsulaMedicalCenterSutter,0.4143996415242762,0.4143996415242762
18,Nearest,ROUTE_KaiserFoundationHospitalSouthSanFrancisco,0.35331586199807363,0.4143996415242762
18,Heuristic_1,ROUTE_MillsPeninsulaMedicalCenterSutter,0.4143996415242762,0.4143996415242762
18,Heuristic_2,ROUTE_KaiserFoundationHospitalSouthSanFrancisco,0.35331586199807363,0.4143996415242762
19,MDP_optimal,ROUTE_SanLeandroHospitalAlamedaHealthSystem,0.32734294144,0.32734294144
19,tree_depth_1,ROUTE_KaiserFoundationHospitalSanLeandro,0.32734294144,0.32734294144
19,tree_depth_2,ROUTE_SutterEdenMedicalCenter,0.32734294144,0.32734294144
19,tree_depth_3,ROUTE_SanLeandroHospitalAlamedaHealthSystem,0.32734294144,0.32734294144
19,tree_depth_4,ROUTE_SanLeandroHospitalAlamedaHealthSystem,0.32734294144,0.32734294144
19,tree_depth_5,ROUTE_SanLeandroHospitalAlamedaHealthSystem,0.32734294144,0.32734294144
19,tree_depth_6,ROUTE_SanLeandroHospitalAlamedaHealthSystem,0.32734294144,0.32734294144
19,tree_depth_8,ROUTE_SanLeandroHospitalAlamedaHealthSystem,0.32734294144,0.32734294144
19,tree_depth_10,ROUTE_SanLeandroHospitalAlamedaHealthSystem,0.32734294144,0.32734294144
19,tree_depth_inf,ROUTE_SanLeandroHospitalAlamedaHealthSystem,0.32734294144,0.32734294144
19,Nearest,ROUTE_SanLeandroHospitalAlamedaHealthSystem,0.32734294144,0.32734294144
19,Heuristic_1,ROUTE_SutterEdenMedicalCenter,0.32734294144,0.32734294144
19,Heuristic_2,ROUTE_SutterEdenMedicalCenter,0.32734294144,0.32734294144
20,MDP_optimal,ROUTE_OConnorHospital,0.33627500444459024,0.33627500444459024
20,tree_depth_1,ROUTE_OConnorHospital,0.33627500444459024,0.33627500444459024
20,tree_depth_2,ROUTE_OConnorHospital,0.33627500444459024,0.33627500444459024
20,tree_depth_3,ROUTE_OConnorHospital,0.33627500444459024,0.33627500444459024
20,tree_depth_4,ROUTE_OConnorHospital,0.33627500444459024,0.33627500444459024
20,tree_depth_5,ROUTE_OConnorHospital,0.33627500444459024,0.33627500444459024
20,tree_depth_6,ROUTE_OConnorHospital,0.33627500444459024,0.33627500444459024
20,tree_depth_8,ROUTE_OConnorHospital,0.33627500444459024,0.33627500444459024
20,tree_depth_10,ROUTE_OConnorHospital,0.33627500444459024,0.33627500444459024
20,tree_depth_inf,ROUTE_OConnorHospital,0.33627500444459024,0.33627500444459024
20,Nearest,ROUTE_OConnorHospital,0.33627500444459024,0.33627500444459024
20,Heuristic_1,ROUTE_RegionalMedicalCenterOfSanJose,0.33584837620989194,0.33627500444459024
20,Heuristic_2,ROUTE_OConnorHospital,0.33627500444459024,0.33627500444459024
21,MDP_optimal,ROUTE_SutterEdenMedicalCenter,0.43083757194505645,0.43083757194505645
21,tree_depth_1,ROUTE_SutterEdenMedicalCenter,0.43083757194505645,0.43083757194505645
21,tree_depth_2,ROUTE_SutterEdenMedicalCenter,0.43083757194505645,0.43083757194505645
21,tree_depth_3,ROUTE_SutterEdenMedicalCenter,0.43083757194505645,0.43083757194505645
21,tree_depth_4,ROUTE_SutterEdenMedicalCenter,0.43083757194505645,0.43083757194505645
21,tree_depth_5,ROUTE_SutterEdenMedicalCenter,0.43083757194505645,0.43083757194505645
21,tree_depth_6,ROUTE_SutterEdenMedicalCenter,0.43083757194505645,0.43083757194505645
21,tree_depth_8,ROUTE_SutterEdenMedicalCenter,0.43083757194505645,0.43083757194505645
21,tree_depth_10,ROUTE_SutterEdenMedicalCenter,0.43083757194505645,0.43083757194505645
21,tree_depth_inf,ROUTE_SutterEdenMedicalCenter,0.43083757194505645,0.43083757194505645
21,Nearest,ROUTE_StanfordHealthCareTriValley,0.42462497192374427,0.43083757194505645
21,Heuristic_1,ROUTE_SutterEdenMedicalCenter,0.43083757194505645,0.43083757194505645
21,Heuristic_2,ROUTE_StanfordHealthCareTriValley,0.42462497192374427,0.43083757194505645
22,MDP_optimal,ROUTE_CPMCDaviesCampusSutter,0.42673714633290805,0.42673714633290805
22,tree_depth_1,ROUTE_CPMCDaviesCampusSutter,0.42673714633290805,0.42673714633290805
22,tree_depth_2,ROUTE_CPMCDaviesCampusSutter,0.42673714633290805,0.42673714633290805
22,tree_depth_3,ROUTE_CPMCDaviesCampusSutter,0.42673714633290805,0.42673714633290805
22,tree_depth_4,ROUTE_CPMCDaviesCampusSutter,0.42673714633290805,0.42673714633290805
22,tree_depth_5,ROUTE_CPMCDaviesCampusSutter,0.42673714633290805,0.42673714633290805
22,tree_depth_6,ROUTE_CPMCDaviesCampusSutter,0.42673714633290805,0.42673714633290805
22,tree_depth_8,ROUTE_CPMCDaviesCampusSutter,0.42673714633290805,0.42673714633290805
22,tree_depth_10,ROUTE_CPMCDaviesCampusSutter,0.42673714633290805,0.42673714633290805
22,tree_depth_inf,ROUTE_CPMCDaviesCampusSutter,0.42673714633290805,0.42673714633290805
22,Nearest,ROUTE_CPMCMissionBernalCampusSutter,0.42150800979021835,0.42673714633290805
22,Heuristic_1,ROUTE_CPMCDaviesCampusSutter,0.42673714633290805,0.42673714633290805
22,Heuristic_2,ROUTE_CPMCMissionBernalCampusSutter,0.42150800979021835,0.42673714633290805
23,MDP_optimal,ROUTE_SanLeandroHospitalAlamedaHealthSystem,0.32734294144,0.32734294144
23,tree_depth_1,ROUTE_KaiserFoundationHospitalSanLeandro,0.32734294144,0.32734294144
23,tree_depth_2,ROUTE_KaiserFoundationHospitalSanLeandro,0.32734294144,0.32734294144
23,tree_depth_3,ROUTE_SanLeandroHospitalAlamedaHealthSystem,0.32734294144,0.32734294144
23,tree_depth_4,ROUTE_SanLeandroHospitalAlamedaHealthSystem,0.32734294144,0.32734294144
23,tree_depth_5,ROUTE_SanLeandroHospitalAlamedaHealthSystem,0.32734294144,0.32734294144
23,tree_depth_6,ROUTE_SanLeandroHospitalAlamedaHealthSystem,0.32734294144,0.32734294144
23,tree_depth_8,ROUTE_SanLeandroHospitalAlamedaHealthSystem,0.32734294144,0.32734294144
23,tree_depth_10,ROUTE_SanLeandroHospitalAlamedaHealthSystem,0.32734294144,0.32734294144
23,tree_depth_inf,ROUTE_SanLeandroHospitalAlamedaHealthSystem,0.32734294144,0.32734294144
23,Nearest,ROUTE_SanLeandroHospitalAlamedaHealthSystem,0.32734294144,0.32734294144
23,Heuristic_1,ROUTE_SutterEdenMedicalCenter,0.32734294144,0.32734294144
23,Heuristic_2,ROUTE_KaiserFoundationHospitalSanLeandro,0.32734294144,0.32734294144
24,MDP_optimal,ROUTE_MillsPeninsulaMedicalCenterSutter,0.4307286732067411,0.4307286732067411
24,tree_depth_1,ROUTE_MillsPeninsulaMedicalCenterSutter,0.4307286732067411,0.4307286732067411
24,tree_depth_2,ROUTE_MillsPeninsulaMedicalCenterSutter,0.4307286732067411,0.4307286732067411
24,tree_depth_3,ROUTE_MillsPeninsulaMedicalCenterSutter,0.4307286732067411,0.4307286732067411
24,tree_depth_4,ROUTE_MillsPeninsulaMedicalCenterSutter,0.4307286732067411,0.4307286732067411
24,tree_depth_5,ROUTE_MillsPeninsulaMedicalCenterSutter,0.4307286732067411,0.4307286732067411
24,tree_depth_6,ROUTE_MillsPeninsulaMedicalCenterSutter,0.4307286732067411,0.4307286732067411
24,tree_depth_8,ROUTE_MillsPeninsulaMedicalCenterSutter,0.4307286732067411,0.4307286732067411
24,tree_depth_10,ROUTE_MillsPeninsulaMedicalCenterSutter,0.4307286732067411,0.4307286732067411
24,tree_depth_inf,ROUTE_MillsPeninsulaMedicalCenterSutter,0.4307286732067411,0.4307286732067411
24,Nearest,ROUTE_SanMateoMedicalCenter,0.40139980853319457,0.4307286732067411
24,Heuristic_1,ROUTE_MillsPeninsulaMedicalCenterSutter,0.4307286732067411,0.4307286732067411
24,Heuristic_2,ROUTE_MillsPeninsulaMedicalCenterSutter,0.4307286732067411,0.4307286732067411
25,MDP_optimal,ROUTE_AlamedaHospital,0.32734294144,0.32734294144
25,tree_depth_1,ROUTE_AlamedaHospital,0.32734294144,0.32734294144
25,tree_depth_2,ROUTE_AlamedaHospital,0.32734294144,0.32734294144
25,tree_depth_3,ROUTE_AlamedaHospital,0.32734294144,0.32734294144
25,tree_depth_4,ROUTE_AlamedaHospital,0.32734294144,0.32734294144
25,tree_depth_5,ROUTE_AlamedaHospital,0.32734294144,0.32734294144
25,tree_depth_6,ROUTE_AlamedaHospital,0.32734294144,0.32734294144
25,tree_depth_8,ROUTE_AlamedaHospital,0.32734294144,0.32734294144
25,tree_depth_10,ROUTE_AlamedaHospital,0.32734294144,0.32734294144
25,tree_depth_inf,ROUTE_AlamedaHospital,0.32734294144,0.32734294144
25,Nearest,ROUTE_AlamedaHospital,0.32734294144,0.32734294144
25,Heuristic_1,ROUTE_SutterEdenMedicalCenter,0.32734294144,0.32734294144
25,Heuristic_2,ROUTE_AlamedaHospital,0.32734294144,0.32734294144
26,MDP_optimal,ROUTE_MillsPeninsulaMedicalCenterSutter,0.42968735128701024,0.42968735128701024
26,tree_depth_1,ROUTE_MillsPeninsulaMedicalCenterSutter,0.42968735128701024,0.42968735128701024
26,tree_depth_2,ROUTE_MillsPeninsulaMedicalCenterSutter,0.42968735128701024,0.42968735128701024
26,tree_depth_3,ROUTE_MillsPeninsulaMedicalCenterSutter,0.42968735128701024,0.42968735128701024
26,tree_depth_4,ROUTE_MillsPeninsulaMedicalCenterSutter,0.42968735128701024,0.42968735128701024
26,tree_depth_5,ROUTE_MillsPeninsulaMedicalCenterSutter,0.42968735128701024,0.42968735128701024
26,tree_depth_6,ROUTE_MillsPeninsulaMedicalCenterSutter,0.42968735128701024,0.42968735128701024
26,tree_depth_8,ROUTE_MillsPeninsulaMedicalCenterSutter,0.42968735128701024,0.42968735128701024
26,tree_depth_10,ROUTE_MillsPeninsulaMedicalCenterSutter,0.42968735128701024,0.42968735128701024
26,tree_depth_inf,ROUTE_MillsPeninsulaMedicalCenterSutter,0.42968735128701024,0.42968735128701024
26,Nearest,ROUTE_CPMCMissionBernalCampusSutter,0.4240901058588069,0.42968735128701024
26,Heuristic_1,ROUTE_MillsPeninsulaMedicalCenterSutter,0.42968735128701024,0.42968735128701024
26,Heuristic_2,ROUTE_CPMCMissionBernalCampusSutter,0.4240901058588069,0.42968735128701024
27,MDP_optimal,ROUTE_SanRamonRegionalMedicalCenter,0.32734294144,0.32734294144
27,tree_depth_1,ROUTE_SanRamonRegionalMedicalCenter,0.32734294144,0.32734294144
27,tree_depth_2,ROUTE_SanRamonRegionalMedicalCenter,0.32734294144,0.32734294144
27,tree_depth_3,ROUTE_SanRamonRegionalMedicalCenter,0.32734294144,0.32734294144
27,tree_depth_4,ROUTE_SanRamonRegionalMedicalCenter,0.32734294144,0.32734294144
27,tree_depth_5,ROUTE_SanRamonRegionalMedicalCenter,0.32734294144,0.32734294144
27,tree_depth_6,ROUTE_SanRamonRegionalMedicalCenter,0.32734294144,0.32734294144
27,tree_depth_8,ROUTE_SanRamonRegionalMedicalCenter,0.32734294144,0.32734294144
27,tree_depth_10,ROUTE_SanRamonRegionalMedicalCenter,0.32734294144,0.32734294144
27,tree_depth_inf,ROUTE_SanRamonRegionalMedicalCenter,0.32734294144,0.32734294144
27,Nearest,ROUTE_SanRamonRegionalMedicalCenter,0.32734294144,0.32734294144
27,Heuristic_1,ROUTE_SutterEdenMedicalCenter,0.32734294144,0.32734294144
27,Heuristic_2,ROUTE_SanRamonRegionalMedicalCenter,0.32734294144,0.32734294144
28,MDP_optimal,ROUTE_StanfordHealthCare,0.4350460553985588,0.4350460553985588
28,tree_depth_1,ROUTE_StanfordHealthCare,0.4350460553985588,0.4350460553985588
28,tree_depth_2,ROUTE_StanfordHealthCare,0.4350460553985588,0.4350460553985588
28,tree_depth_3,ROUTE_StanfordHealthCare,0.4350460553985588,0.4350460553985588
28,tree_depth_4,ROUTE_StanfordHealthCare,0.4350460553985588,0.4350460553985588
28,tree_depth_5,ROUTE_StanfordHealthCare,0.4350460553985588,0.4350460553985588
28,tree_depth_6,ROUTE_StanfordHealthCare,0.4350460553985588,0.4350460553985588
28,tree_depth_8,ROUTE_StanfordHealthCare,0.4350460553985588,0.4350460553985588
28,tree_depth_10,ROUTE_StanfordHealthCare,0.4350460553985588,0.4350460553985588
28,tree_depth_inf,ROUTE_StanfordHealthCare,0.4350460553985588,0.4350460553985588
28,Nearest,ROUTE_StanfordHealthCare,0.4350460553985588,0.4350460553985588
28,Heuristic_1,ROUTE_StanfordHealthCare,0.4350460553985588,0.4350460553985588
28,Heuristic_2,ROUTE_StanfordHealthCare,0.4350460553985588,0.4350460553985588
29,MDP_optimal,ROUTE_StanfordHealthCareTriValley,0.32734294144,0.32734294144
29,tree_depth_1,ROUTE_StanfordHealthCareTriValley,0.32734294144,0.32734294144
29,tree_depth_2,ROUTE_StanfordHealthCareTriValley,0.32734294144,0.32734294144
29,tree_depth_3,ROUTE_StanfordHealthCareTriValley,0.32734294144,0.32734294144
29,tree_depth_4,ROUTE_StanfordHealthCareTriValley,0.32734294144,0.32734294144
29,tree_depth_5,ROUTE_StanfordHealthCareTriValley,0.32734294144,0.32734294144
29,tree_depth_6,ROUTE_StanfordHealthCareTriValley,0.32734294144,0.32734294144
29,tree_depth_8,ROUTE_StanfordHealthCareTriValley,0.32734294144,0.32734294144
29,tree_depth_10,ROUTE_StanfordHealthCareTriValley,0.32734294144,0.32734294144
29,tree_depth_inf,ROUTE_StanfordHealthCareTriValley,0.32734294144,0.32734294144
29,Nearest,ROUTE_StanfordHealthCareTriValley,0.32734294144,0.32734294144
29,Heuristic_1,ROUTE_SutterEdenMedicalCenter,0.32734294144,0.32734294144
29,Heuristic_2,ROUTE_StanfordHealthCareTriValley,0.32734294144,0.32734294144
30,MDP_optimal,ROUTE_KaiserFoundationHospitalRedwoodCity,0.34202789313532594,0.34202789313532594
30,tree_depth_1,ROUTE_KaiserFoundationHospitalRedwoodCity,0.34202789313532594,0.34202789313532594
30,tree_depth_2,ROUTE_KaiserFoundationHospitalRedwoodCity,0.34202789313532594,0.34202789313532594
30,tree_depth_3,ROUTE_KaiserFoundationHospitalRedwoodCity,0.34202789313532594,0.34202789313532594
30,tree_depth_4,ROUTE_KaiserFoundationHospitalRedwoodCity,0.34202789313532594,0.34202789313532594
30,tree_depth_5,ROUTE_KaiserFoundationHospitalRedwoodCity,0.34202789313532594,0.34202789313532594
30,tree_depth_6,ROUTE_KaiserFoundationHospitalRedwoodCity,0.34202789313532594,0.34202789313532594
30,tree_depth_8,ROUTE_KaiserFoundationHospitalRedwoodCity,0.34202789313532594,0.34202789313532594
30,tree_depth_10,ROUTE_KaiserFoundationHospitalRedwoodCity,0.34202789313532594,0.34202789313532594
30,tree_depth_inf,ROUTE_KaiserFoundationHospitalRedwoodCity,0.34202789313532594,0.34202789313532594
30,Nearest,ROUTE_SanMateoMedicalCenter,0.32734294144,0.34202789313532594
30,Heuristic_1,ROUTE_KaiserFoundationHospitalRedwoodCity,0.34202789313532594,0.34202789313532594
30,Heuristic_2,ROUTE_SequoiaHospital,0.3422599888608633,0.34202789313532594
31,MDP_optimal,ROUTE_CPMCDaviesCampusSutter,0.4116629057280405,0.4116629057280405
31,tree_depth_1,ROUTE_CPMCDaviesCampusSutter,0.4116629057280405,0.4116629057280405
31,tree_depth_2,ROUTE_CPMCDaviesCampusSutter,0.4116629057280405,0.4116629057280405
31,tree_depth_3,ROUTE_CPMCDaviesCampusSutter,0.4116629057280405,0.4116629057280405
31,tree_depth_4,ROUTE_CPMCDaviesCampusSutter,0.4116629057280405,0.4116629057280405
31,tree_depth_5,ROUTE_CPMCDaviesCampusSutter,0.4116629057280405,0.4116629057280405
31,tree_depth_6,ROUTE_CPMCDaviesCampusSutter,0.4116629057280405,0.4116629057280405
31,tree_depth_8,ROUTE_CPMCDaviesCampusSutter,0.4116629057280405,0.4116629057280405
31,tree_depth_10,ROUTE_CPMCDaviesCampusSutter,0.4116629057280405,0.4116629057280405
31,tree_depth_inf,ROUTE_CPMCDaviesCampusSutter,0.4116629057280405,0.4116629057280405
31,Nearest,ROUTE_AltaBatesSummitMedicalCenterAltaBatesCampus,0.32734294144,0.4116629057280405
31,Heuristic_1,ROUTE_CPMCDaviesCampusSutter,0.4116629057280405,0.4116629057280405
31,Heuristic_2,ROUTE_AltaBatesSummitMedicalCenterSummitCampus,0.35199548967829164,0.4116629057280405
32,MDP_optimal,ROUTE_SutterEdenMedicalCenter,0.4359923080483819,0.4359923080483819
32,tree_depth_1,ROUTE_SutterEdenMedicalCenter,0.4359923080483819,0.4359923080483819
32,tree_depth_2,ROUTE_SutterEdenMedicalCenter,0.4359923080483819,0.4359923080483819
32,tree_depth_3,ROUTE_SutterEdenMedicalCenter,0.4359923080483819,0.4359923080483819
32,tree_depth_4,ROUTE_SutterEdenMedicalCenter,0.4359923080483819,0.4359923080483819
32,tree_depth_5,ROUTE_SutterEdenMedicalCenter,0.4359923080483819,0.4359923080483819
32,tree_depth_6,ROUTE_SutterEdenMedicalCenter,0.4359923080483819,0.4359923080483819
32,tree_depth_8,ROUTE_SutterEdenMedicalCenter,0.4359923080483819,0.4359923080483819
32,tree_depth_10,ROUTE_SutterEdenMedicalCenter,0.4359923080483819,0.4359923080483819
32,tree_depth_inf,ROUTE_SutterEdenMedicalCenter,0.4359923080483819,0.4359923080483819
32,Nearest,ROUTE_SutterEdenMedicalCenter,0.4359923080483819,0.4359923080483819
32,Heuristic_1,ROUTE_SutterEdenMedicalCenter,0.4359923080483819,0.4359923080483819
32,Heuristic_2,ROUTE_SutterEdenMedicalCenter,0.4359923080483819,0.4359923080483819
33,MDP_optimal,ROUTE_CPMCDaviesCampusSutter,0.4306449412491227,0.4306449412491227
33,tree_depth_1,ROUTE_CPMCDaviesCampusSutter,0.4306449412491227,0.4306449412491227
33,tree_depth_2,ROUTE_CPMCDaviesCampusSutter,0.4306449412491227,0.4306449412491227
33,tree_depth_3,ROUTE_CPMCDaviesCampusSutter,0.4306449412491227,0.4306449412491227
33,tree_depth_4,ROUTE_CPMCDaviesCampusSutter,0.4306449412491227,0.4306449412491227
33,tree_depth_5,ROUTE_CPMCDaviesCampusSutter,0.4306449412491227,0.4306449412491227
33,tree_depth_6,ROUTE_CPMCDaviesCampusSutter,0.4306449412491227,0.4306449412491227
33,tree_depth_8,ROUTE_CPMCDaviesCampusSutter,0.4306449412491227,0.4306449412491227
33,tree_depth_10,ROUTE_CPMCDaviesCampusSutter,0.4306449412491227,0.4306449412491227
33,tree_depth_inf,ROUTE_CPMCDaviesCampusSutter,0.4306449412491227,0.4306449412491227
33,Nearest,ROUTE_ZuckerbergSanFranciscoGeneralHospital,0.42502538432565773,0.4306449412491227
33,Heuristic_1,ROUTE_CPMCDaviesCampusSutter,0.4306449412491227,0.4306449412491227
33,Heuristic_2,ROUTE_ZuckerbergSanFranciscoGeneralHospital,0.42502538432565773,0.4306449412491227
34,MDP_optimal,ROUTE_JohnMuirMedicalCenterWalnutCreekCampus,0.40551895740473254,0.40551895740473254
34,tree_depth_1,ROUTE_JohnMuirMedicalCenterWalnutCreekCampus,0.40551895740473254,0.40551895740473254
34,tree_depth_2,ROUTE_JohnMuirMedicalCenterWalnutCreekCampus,0.40551895740473254,0.40551895740473254
34,tree_depth_3,ROUTE_JohnMuirMedicalCenterWalnutCreekCampus,0.40551895740473254,0.40551895740473254
34,tree_depth_4,ROUTE_JohnMuirMedicalCenterWalnutCreekCampus,0.40551895740473254,0.40551895740473254
34,tree_depth_5,ROUTE_JohnMuirMedicalCenterWalnutCreekCampus,0.40551895740473254,0.40551895740473254
34,tree_depth_6,ROUTE_JohnMuirMedicalCenterWalnutCreekCampus,0.40551895740473254,0.40551895740473254
34,tree_depth_8,ROUTE_JohnMuirMedicalCenterWalnutCreekCampus,0.40551895740473254,0.40551895740473254
34,tree_depth_10,ROUTE_JohnMuirMedicalCenterWalnutCreekCampus,0.40551895740473254,0.40551895740473254
34,tree_depth_inf,ROUTE_JohnMuirMedicalCenterWalnutCreekCampus,0.40551895740473254,0.40551895740473254
34,Nearest,ROUTE_NorthBayMedicalCenter,0.3508457365233159,0.40551895740473254
34,Heuristic_1,ROUTE_JohnMuirMedicalCenterWalnutCreekCampus,0.40551895740473254,0.40551895740473254
34,Heuristic_2,ROUTE_NorthBayMedicalCenter,0.3508457365233159,0.40551895740473254
35,MDP_optimal,ROUTE_SutterEdenMedicalCenter,0.4344416005994892,0.4344416005994892
35,tree_depth_1,ROUTE_SutterEdenMedicalCenter,0.4344416005994892,0.4344416005994892
35,tree_depth_2,ROUTE_SutterEdenMedicalCenter,0.4344416005994892,0.4344416005994892
35,tree_depth_3,ROUTE_SutterEdenMedicalCenter,0.4344416005994892,0.4344416005994892
35,tree_depth_4,ROUTE_SutterEdenMedicalCenter,0.4344416005994892,0.4344416005994892
35,tree_depth_5,ROUTE_SutterEdenMedicalCenter,0.4344416005994892,0.4344416005994892
35,tree_depth_6,ROUTE_SutterEdenMedicalCenter,0.4344416005994892,0.4344416005994892
35,tree_depth_8,ROUTE_SutterEdenMedicalCenter,0.4344416005994892,0.4344416005994892
35,tree_depth_10,ROUTE_SutterEdenMedicalCenter,0.4344416005994892,0.4344416005994892
35,tree_depth_inf,ROUTE_SutterEdenMedicalCenter,0.4344416005994892,0.4344416005994892
35,Nearest,ROUTE_HighlandHospitalWilmaChanCampus,0.42869960912790656,0.4344416005994892
35,Heuristic_1,ROUTE_SutterEdenMedicalCenter,0.4344416005994892,0.4344416005994892
35,Heuristic_2,ROUTE_HighlandHospitalWilmaChanCampus,0.42869960912790656,0.4344416005994892
36,MDP_optimal,ROUTE_JohnMuirMedicalCenterWalnutCreekCampus,0.32734294144,0.32734294144
36,tree_depth_1,ROUTE_JohnMuirMedicalCenterConcordCampus,0.32734294144,0.32734294144
36,tree_depth_2,ROUTE_JohnMuirMedicalCenterWalnutCreekCampus,0.32734294144,0.32734294144
36,tree_depth_3,ROUTE_JohnMuirMedicalCenterWalnutCreekCampus,0.32734294144,0.32734294144
36,tree_depth_4,ROUTE_JohnMuirMedicalCenterWalnutCreekCampus,0.32734294144,0.32734294144
36,tree_depth_5,ROUTE_JohnMuirMedicalCenterWalnutCreekCampus,0.32734294144,0.32734294144
36,tree_depth_6,ROUTE_JohnMuirMedicalCenterWalnutCreekCampus,0.32734294144,0.32734294144
36,tree_depth_8,ROUTE_JohnMuirMedicalCenterWalnutCreekCampus,0.32734294144,0.32734294144
36,tree_depth_10,ROUTE_JohnMuirMedicalCenterWalnutCreekCampus,0.32734294144,0.32734294144
36,tree_depth_inf,ROUTE_JohnMuirMedicalCenterWalnutCreekCampus,0.32734294144,0.32734294144
36,Nearest,ROUTE_JohnMuirMedicalCenterWalnutCreekCampus,0.32734294144,0.32734294144
36,Heuristic_1,ROUTE_JohnMuirMedicalCenterWalnutCreekCampus,0.32734294144,0.32734294144
36,Heuristic_2,ROUTE_JohnMuirMedicalCenterWalnutCreekCampus,0.32734294144,0.32734294144
37,MDP_optimal,ROUTE_SutterEdenMedicalCenter,0.4225212832783235,0.4225212832783235
37,tree_depth_1,ROUTE_SutterEdenMedicalCenter,0.4225212832783235,0.4225212832783235
37,tree_depth_2,ROUTE_SutterEdenMedicalCenter,0.4225212832783235,0.4225212832783235
37,tree_depth_3,ROUTE_SutterEdenMedicalCenter,0.4225212832783235,0.4225212832783235
37,tree_depth_4,ROUTE_SutterEdenMedicalCenter,0.4225212832783235,0.4225212832783235
37,tree_depth_5,ROUTE_SutterEdenMedicalCenter,0.4225212832783235,0.4225212832783235
37,tree_depth_6,ROUTE_SutterEdenMedicalCenter,0.4225212832783235,0.4225212832783235
37,tree_depth_8,ROUTE_SutterEdenMedicalCenter,0.4225212832783235,0.4225212832783235
37,tree_depth_10,ROUTE_SutterEdenMedicalCenter,0.4225212832783235,0.4225212832783235
37,tree_depth_inf,ROUTE_SutterEdenMedicalCenter,0.4225212832783235,0.4225212832783235
37,Nearest,ROUTE_StanfordHealthCareTriValley,0.36125190537311536,0.4225212832783235
37,Heuristic_1,ROUTE_SutterEdenMedicalCenter,0.4225212832783235,0.4225212832783235
37,Heuristic_2,ROUTE_StanfordHealthCareTriValley,0.36125190537311536,0.4225212832783235
38,MDP_optimal,ROUTE_KaiserFoundationHospitalRedwoodCity,0.4070813157903412,0.4070813157903412
38,tree_depth_1,ROUTE_KaiserFoundationHospitalRedwoodCity,0.4070813157903412,0.4070813157903412
38,tree_depth_2,ROUTE_KaiserFoundationHospitalRedwoodCity,0.4070813157903412,0.4070813157903412
38,tree_depth_3,ROUTE_KaiserFoundationHospitalRedwoodCity,0.4070813157903412,0.4070813157903412
38,tree_depth_4,ROUTE_KaiserFoundationHospitalRedwoodCity,0.4070813157903412,0.4070813157903412
38,tree_depth_5,ROUTE_KaiserFoundationHospitalRedwoodCity,0.4070813157903412,0.4070813157903412
38,tree_depth_6,ROUTE_KaiserFoundationHospitalRedwoodCity,0.4070813157903412,0.4070813157903412
38,tree_depth_8,ROUTE_KaiserFoundationHospitalRedwoodCity,0.4070813157903412,0.4070813157903412
38,tree_depth_10,ROUTE_KaiserFoundationHospitalRedwoodCity,0.4070813157903412,0.4070813157903412
38,tree_depth_inf,ROUTE_KaiserFoundationHospitalRedwoodCity,0.4070813157903412,0.4070813157903412
38,Nearest,ROUTE_SanMateoMedicalCenter,0.32734294144,0.4070813157903412
38,Heuristic_1,ROUTE_KaiserFoundationHospitalRedwoodCity,0.4070813157903412,0.4070813157903412
38,Heuristic_2,ROUTE_KaiserFoundationHospitalRedwoodCity,0.4070813157903412,0.4070813157903412
39,MDP_optimal,ROUTE_UCSFHealthHydeHospital,0.3369452470996729,0.3369452470996729
39,tree_depth_1,ROUTE_UCSFHealthHydeHospital,0.3369452470996729,0.3369452470996729
39,tree_depth_2,ROUTE_UCSFHealthHydeHospital,0.3369452470996729,0.3369452470996729
39,tree_depth_3,ROUTE_UCSFHealthHydeHospital,0.3369452470996729,0.3369452470996729
39,tree_depth_4,ROUTE_UCSFHealthHydeHospital,0.3369452470996729,0.3369452470996729
39,tree_depth_5,ROUTE_UCSFHealthHydeHospital,0.3369452470996729,0.3369452470996729
39,tree_depth_6,ROUTE_UCSFHealthHydeHospital,0.3369452470996729,0.3369452470996729
39,tree_depth_8,ROUTE_UCSFHealthHydeHospital,0.3369452470996729,0.3369452470996729
39,tree_depth_10,ROUTE_UCSFHealthHydeHospital,0.3369452470996729,0.3369452470996729
39,tree_depth_inf,ROUTE_UCSFHealthHydeHospital,0.3369452470996729,0.3369452470996729
39,Nearest,ROUTE_UCSFHealthHydeHospital,0.3369452470996729,0.3369452470996729
39,Heuristic_1,ROUTE_CPMCDaviesCampusSutter,0.33536659089698917,0.3369452470996729
39,Heuristic_2,ROUTE_UCSFHealthHydeHospital,0.3369452470996729,0.3369452470996729
40,MDP_optimal,ROUTE_StanfordHealthCareTriValley,0.32734294144,0.32734294144
40,tree_depth_1,ROUTE_StanfordHealthCareTriValley,0.32734294144,0.32734294144
40,tree_depth_2,ROUTE_StanfordHealthCareTriValley,0.32734294144,0.32734294144
40,tree_depth_3,ROUTE_StanfordHealthCareTriValley,0.32734294144,0.32734294144
40,tree_depth_4,ROUTE_StanfordHealthCareTriValley,0.32734294144,0.32734294144
40,tree_depth_5,ROUTE_StanfordHealthCareTriValley,0.32734294144,0.32734294144
40,tree_depth_6,ROUTE_StanfordHealthCareTriValley,0.32734294144,0.32734294144
40,tree_depth_8,ROUTE_StanfordHealthCareTriValley,0.32734294144,0.32734294144
40,tree_depth_10,ROUTE_StanfordHealthCareTriValley,0.32734294144,0.32734294144
40,tree_depth_inf,ROUTE_StanfordHealthCareTriValley,0.32734294144,0.32734294144
40,Nearest,ROUTE_StanfordHealthCareTriValley,0.32734294144,0.32734294144
40,Heuristic_1,ROUTE_SutterEdenMedicalCenter,0.32734294144,0.32734294144
40,Heuristic_2,ROUTE_StanfordHealthCareTriValley,0.32734294144,0.32734294144
41,MDP_optimal,ROUTE_CPMCDaviesCampusSutter,0.40901970280956085,0.40901970280956085
41,tree_depth_1,ROUTE_CPMCDaviesCampusSutter,0.40901970280956085,0.40901970280956085
41,tree_depth_2,ROUTE_CPMCDaviesCampusSutter,0.40901970280956085,0.40901970280956085
41,tree_depth_3,ROUTE_CPMCDaviesCampusSutter,0.40901970280956085,0.40901970280956085
41,tree_depth_4,ROUTE_CPMCDaviesCampusSutter,0.40901970280956085,0.40901970280956085
41,tree_depth_5,ROUTE_CPMCDaviesCampusSutter,0.40901970280956085,0.40901970280956085
41,tree_depth_6,ROUTE_CPMCDaviesCampusSutter,0.40901970280956085,0.40901970280956085
41,tree_depth_8,ROUTE_CPMCDaviesCampusSutter,0.40901970280956085,0.40901970280956085
41,tree_depth_10,ROUTE_CPMCDaviesCampusSutter,0.40901970280956085,0.40901970280956085
41,tree_depth_inf,ROUTE_CPMCDaviesCampusSutter,0.40901970280956085,0.40901970280956085
41,Nearest,ROUTE_UCSFHealthHydeHospital,0.3484851005977821,0.40901970280956085
41,Heuristic_1,ROUTE_CPMCDaviesCampusSutter,0.40901970280956085,0.40901970280956085
41,Heuristic_2,ROUTE_UCSFHealthHydeHospital,0.3484851005977821,0.40901970280956085
42,MDP_optimal,ROUTE_JohnMuirMedicalCenterWalnutCreekCampus,0.4176862197171309,0.4176862197171309
42,tree_depth_1,ROUTE_JohnMuirMedicalCenterWalnutCreekCampus,0.4176862197171309,0.4176862197171309
42,tree_depth_2,ROUTE_JohnMuirMedicalCenterWalnutCreekCampus,0.4176862197171309,0.4176862197171309
42,tree_depth_3,ROUTE_JohnMuirMedicalCenterWalnutCreekCampus,0.4176862197171309,0.4176862197171309
42,tree_depth_4,ROUTE_JohnMuirMedicalCenterWalnutCreekCampus,0.4176862197171309,0.4176862197171309
42,tree_depth_5,ROUTE_JohnMuirMedicalCenterWalnutCreekCampus,0.4176862197171309,0.4176862197171309
42,tree_depth_6,ROUTE_JohnMuirMedicalCenterWalnutCreekCampus,0.4176862197171309,0.4176862197171309
42,tree_depth_8,ROUTE_JohnMuirMedicalCenterWalnutCreekCampus,0.4176862197171309,0.4176862197171309
42,tree_depth_10,ROUTE_JohnMuirMedicalCenterWalnutCreekCampus,0.4176862197171309,0.4176862197171309
42,tree_depth_inf,ROUTE_JohnMuirMedicalCenterWalnutCreekCampus,0.4176862197171309,0.4176862197171309
42,Nearest,ROUTE_ContraCostaRegionalMedicalCenter,0.32734294144,0.4176862197171309
42,Heuristic_1,ROUTE_JohnMuirMedicalCenterWalnutCreekCampus,0.4176862197171309,0.4176862197171309
42,Heuristic_2,ROUTE_SutterSolanoMedicalCenter,0.355873851908639,0.4176862197171309
43,MDP_optimal,ROUTE_SutterEdenMedicalCenter,0.3410135491805166,0.3410135491805166
43,tree_depth_1,ROUTE_SutterEdenMedicalCenter,0.3410135491805166,0.3410135491805166
43,tree_depth_2,ROUTE_SutterEdenMedicalCenter,0.3410135491805166,0.3410135491805166
43,tree_depth_3,ROUTE_SutterEdenMedicalCenter,0.3410135491805166,0.3410135491805166
43,tree_depth_4,ROUTE_SutterEdenMedicalCenter,0.3410135491805166,0.3410135491805166
43,tree_depth_5,ROUTE_SutterEdenMedicalCenter,0.3410135491805166,0.3410135491805166
43,tree_depth_6,ROUTE_SutterEdenMedicalCenter,0.3410135491805166,0.3410135491805166
43,tree_depth_8,ROUTE_SutterEdenMedicalCenter,0.3410135491805166,0.3410135491805166
43,tree_depth_10,ROUTE_SutterEdenMedicalCenter,0.3410135491805166,0.3410135491805166
43,tree_depth_inf,ROUTE_SutterEdenMedicalCenter,0.3410135491805166,0.3410135491805166
43,Nearest,ROUTE_StRoseHospital,0.32734294144,0.3410135491805166
43,Heuristic_1,ROUTE_SutterEdenMedicalCenter,0.3410135491805166,0.3410135491805166
43,Heuristic_2,ROUTE_KaiserFoundationHospitalSanLeandro,0.3412945336412582,0.3410135491805166
44,MDP_optimal,ROUTE_SutterEdenMedicalCenter,0.427489894890018,0.427489894890018
44,tree_depth_1,ROUTE_SutterEdenMedicalCenter,0.427489894890018,0.427489894890018
44,tree_depth_2,ROUTE_SutterEdenMedicalCenter,0.427489894890018,0.427489894890018
44,tree_depth_3,ROUTE_SutterEdenMedicalCenter,0.427489894890018,0.427489894890018
44,tree_depth_4,ROUTE_SutterEdenMedicalCenter,0.427489894890018,0.427489894890018
44,tree_depth_5,ROUTE_SutterEdenMedicalCenter,0.427489894890018,0.427489894890018
44,tree_depth_6,ROUTE_SutterEdenMedicalCenter,0.427489894890018,0.427489894890018
44,tree_depth_8,ROUTE_SutterEdenMedicalCenter,0.427489894890018,0.427489894890018
44,tree_depth_10,ROUTE_SutterEdenMedicalCenter,0.427489894890018,0.427489894890018
44,tree_depth_inf,ROUTE_SutterEdenMedicalCenter,0.427489894890018,0.427489894890018
44,Nearest,ROUTE_SanRamonRegionalMedicalCenter,0.3633274484295496,0.427489894890018
44,Heuristic_1,ROUTE_SutterEdenMedicalCenter,0.427489894890018,0.427489894890018
44,Heuristic_2,ROUTE_SanRamonRegionalMedicalCenter,0.3633274484295496,0.427489894890018
45,MDP_optimal,ROUTE_SutterEdenMedicalCenter,0.341907178748673,0.341907178748673
45,tree_depth_1,ROUTE_SutterEdenMedicalCenter,0.341907178748673,0.341907178748673
45,tree_depth_2,ROUTE_SutterEdenMedicalCenter,0.341907178748673,0.341907178748673
45,tree_depth_3,ROUTE_SutterEdenMedicalCenter,0.341907178748673,0.341907178748673
45,tree_depth_4,ROUTE_SutterEdenMedicalCenter,0.341907178748673,0.341907178748673
45,tree_depth_5,ROUTE_SutterEdenMedicalCenter,0.341907178748673,0.341907178748673
45,tree_depth_6,ROUTE_SutterEdenMedicalCenter,0.341907178748673,0.341907178748673
45,tree_depth_8,ROUTE_SutterEdenMedicalCenter,0.341907178748673,0.341907178748673
45,tree_depth_10,ROUTE_SutterEdenMedicalCenter,0.341907178748673,0.341907178748673
45,tree_depth_inf,ROUTE_SutterEdenMedicalCenter,0.341907178748673,0.341907178748673
45,Nearest,ROUTE_HighlandHospitalWilmaChanCampus,0.34308528307591396,0.341907178748673
45,Heuristic_1,ROUTE_SutterEdenMedicalCenter,0.341907178748673,0.341907178748673
45,Heuristic_2,ROUTE_HighlandHospitalWilmaChanCampus,0.34308528307591396,0.341907178748673
46,MDP_optimal,ROUTE_RegionalMedicalCenterOfSanJose,0.4300485360141141,0.4300485360141141
46,tree_depth_1,ROUTE_RegionalMedicalCenterOfSanJose,0.4300485360141141,0.4300485360141141
46,tree_depth_2,ROUTE_RegionalMedicalCenterOfSanJose,0.4300485360141141,0.4300485360141141
46,tree_depth_3,ROUTE_RegionalMedicalCenterOfSanJose,0.4300485360141141,0.4300485360141141
46,tree_depth_4,ROUTE_RegionalMedicalCenterOfSanJose,0.4300485360141141,0.4300485360141141
46,tree_depth_5,ROUTE_RegionalMedicalCenterOfSanJose,0.4300485360141141,0.4300485360141141
46,tree_depth_6,ROUTE_RegionalMedicalCenterOfSanJose,0.4300485360141141,0.4300485360141141
46,tree_depth_8,ROUTE_RegionalMedicalCenterOfSanJose,0.4300485360141141,0.4300485360141141
46,tree_depth_10,ROUTE_RegionalMedicalCenterOfSanJose,0.4300485360141141,0.4300485360141141
46,tree_depth_inf,ROUTE_RegionalMedicalCenterOfSanJose,0.4300485360141141,0.4300485360141141
46,Nearest,ROUTE_KaiserFoundationHospitalFremont,0.42730468101822977,0.4300485360141141
46,Heuristic_1,ROUTE_RegionalMedicalCenterOfSanJose,0.4300485360141141,0.4300485360141141
46,Heuristic_2,ROUTE_KaiserFoundationHospitalFremont,0.42730468101822977,0.4300485360141141
47,MDP_optimal,ROUTE_ZuckerbergSanFranciscoGeneralHospital,0.32734294144,0.32734294144
47,tree_depth_1,ROUTE_ZuckerbergSanFranciscoGeneralHospital,0.32734294144,0.32734294144
47,tree_depth_2,ROUTE_ZuckerbergSanFranciscoGeneralHospital,0.32734294144,0.32734294144
47,tree_depth_3,ROUTE_ZuckerbergSanFranciscoGeneralHospital,0.32734294144,0.32734294144
47,tree_depth_4,ROUTE_ZuckerbergSanFranciscoGeneralHospital,0.32734294144,0.32734294144
47,tree_depth_5,ROUTE_ZuckerbergSanFranciscoGeneralHospital,0.32734294144,0.32734294144
47,tree_depth_6,ROUTE_ZuckerbergSanFranciscoGeneralHospital,0.32734294144,0.32734294144
47,tree_depth_8,ROUTE_ZuckerbergSanFranciscoGeneralHospital,0.32734294144,0.32734294144
47,tree_depth_10,ROUTE_ZuckerbergSanFranciscoGeneralHospital,0.32734294144,0.32734294144
47,tree_depth_inf,ROUTE_ZuckerbergSanFranciscoGeneralHospital,0.32734294144,0.32734294144
47,Nearest,ROUTE_ZuckerbergSanFranciscoGeneralHospital,0.32734294144,0.32734294144
47,Heuristic_1,ROUTE_CPMCDaviesCampusSutter,0.32734294144,0.32734294144
47,Heuristic_2,ROUTE_ZuckerbergSanFranciscoGeneralHospital,0.32734294144,0.32734294144
48,MDP_optimal,ROUTE_CPMCDaviesCampusSutter,0.3419637749466334,0.3419637749466334
48,tree_depth_1,ROUTE_CPMCDaviesCampusSutter,0.3419637749466334,0.3419637749466334
48,tree_depth_2,ROUTE_CPMCDaviesCampusSutter,0.3419637749466334,0.3419637749466334
48,tree_depth_3,ROUTE_CPMCDaviesCampusSutter,0.3419637749466334,0.3419637749466334
48,tree_depth_4,ROUTE_CPMCDaviesCampusSutter,0.3419637749466334,0.3419637749466334
48,tree_depth_5,ROUTE_CPMCDaviesCampusSutter,0.3419637749466334,0.3419637749466334
48,tree_depth_6,ROUTE_CPMCDaviesCampusSutter,0.3419637749466334,0.3419637749466334
48,tree_depth_8,ROUTE_CPMCDaviesCampusSutter,0.3419637749466334,0.3419637749466334
48,tree_depth_10,ROUTE_CPMCDaviesCampusSutter,0.3419637749466334,0.3419637749466334
48,tree_depth_inf,ROUTE_CPMCDaviesCampusSutter,0.3419637749466334,0.3419637749466334
48,Nearest,ROUTE_AltaBatesSummitMedicalCenterAltaBatesCampus,0.32734294144,0.3419637749466334
48,Heuristic_1,ROUTE_CPMCDaviesCampusSutter,0.3419637749466334,0.3419637749466334
48,Heuristic_2,ROUTE_KaiserFoundationHospitalOaklandRichmond,0.3449046730062737,0.3419637749466334
49,MDP_optimal,ROUTE_JohnMuirMedicalCenterWalnutCreekCampus,0.4253218240186337,0.4253218240186337
49,tree_depth_1,ROUTE_JohnMuirMedicalCenterWalnutCreekCampus,0.4253218240186337,0.4253218240186337
49,tree_depth_2,ROUTE_JohnMuirMedicalCenterWalnutCreekCampus,0.4253218240186337,0.4253218240186337
49,tree_depth_3,ROUTE_JohnMuirMedicalCenterWalnutCreekCampus,0.4253218240186337,0.4253218240186337
49,tree_depth_4,ROUTE_JohnMuirMedicalCenterWalnutCreekCampus,0.4253218240186337,0.4253218240186337
49,tree_depth_5,ROUTE_JohnMuirMedicalCenterWalnutCreekCampus,0.4253218240186337,0.4253218240186337
49,tree_depth_6,ROUTE_JohnMuirMedicalCenterWalnutCreekCampus,0.4253218240186337,0.4253218240186337
49,tree_depth_8,ROUTE_JohnMuirMedicalCenterWalnutCreekCampus,0.4253218240186337,0.4253218240186337
49,tree_depth_10,ROUTE_JohnMuirMedicalCenterWalnutCreekCampus,0.4253218240186337,0.4253218240186337
49,tree_depth_inf,ROUTE_JohnMuirMedicalCenterWalnutCreekCampus,0.4253218240186337,0.4253218240186337
49,Nearest,ROUTE_SanRamonRegionalMedicalCenter,0.3635124926908152,0.4253218240186337
49,Heuristic_1,ROUTE_JohnMuirMedicalCenterWalnutCreekCampus,0.4253218240186337,0.4253218240186337
49,Heuristic_2,ROUTE_SanRamonRegionalMedicalCenter,0.3635124926908152,0.4253218240186337
50,MDP_optimal,ROUTE_NorthBayMedicalCenter,0.33514567039225335,0.33514567039225335
50,tree_depth_1,ROUTE_NorthBayMedicalCenter,0.33514567039225335,0.33514567039225335
50,tree_depth_2,ROUTE_NorthBayMedicalCenter,0.33514567039225335,0.33514567039225335
50,tree_depth_3,ROUTE_NorthBayMedicalCenter,0.33514567039225335,0.33514567039225335
50,tree_depth_4,ROUTE_NorthBayMedicalCenter,0.33514567039225335,0.33514567039225335
50,tree_depth_5,ROUTE_NorthBayMedicalCenter,0.33514567039225335,0.33514567039225335
50,tree_depth_6,ROUTE_NorthBayMedicalCenter,0.33514567039225335,0.33514567039225335
50,tree_depth_8,ROUTE_NorthBayMedicalCenter,0.33514567039225335,0.33514567039225335
50,tree_depth_10,ROUTE_NorthBayMedicalCenter,0.33514567039225335,0.33514567039225335
50,tree_depth_inf,ROUTE_NorthBayMedicalCenter,0.33514567039225335,0.33514567039225335
50,Nearest,ROUTE_NorthBayMedicalCenter,0.33514567039225335,0.33514567039225335
50,Heuristic_1,ROUTE_JohnMuirMedicalCenterWalnutCreekCampus,0.32734294144,0.33514567039225335
50,Heuristic_2,ROUTE_NorthBayMedicalCenter,0.33514567039225335,0.33514567039225335
51,MDP_optimal,ROUTE_SutterEdenMedicalCenter,0.42973266511800046,0.42973266511800046
51,tree_depth_1,ROUTE_SutterEdenMedicalCenter,0.42973266511800046,0.42973266511800046
51,tree_depth_2,ROUTE_SutterEdenMedicalCenter,0.42973266511800046,0.42973266511800046
51,tree_depth_3,ROUTE_SutterEdenMedicalCenter,0.42973266511800046,0.42973266511800046
51,tree_depth_4,ROUTE_SutterEdenMedicalCenter,0.42973266511800046,0.42973266511800046
51,tree_depth_5,ROUTE_SutterEdenMedicalCenter,0.42973266511800046,0.42973266511800046
51,tree_depth_6,ROUTE_SutterEdenMedicalCenter,0.42973266511800046,0.42973266511800046
51,tree_depth_8,ROUTE_SutterEdenMedicalCenter,0.42973266511800046,0.42973266511800046
51,tree_depth_10,ROUTE_SutterEdenMedicalCenter,0.42973266511800046,0.42973266511800046
51,tree_depth_inf,ROUTE_SutterEdenMedicalCenter,0.42973266511800046,0.42973266511800046
51,Nearest,ROUTE_HighlandHospitalWilmaChanCampus,0.4241995810435355,0.42973266511800046
51,Heuristic_1,ROUTE_SutterEdenMedicalCenter,0.42973266511800046,0.42973266511800046
51,Heuristic_2,ROUTE_HighlandHospitalWilmaChanCampus,0.4241995810435355,0.42973266511800046
52,MDP_optimal,ROUTE_CPMCDaviesCampusSutter,0.41545908597566183,0.41545908597566183
52,tree_depth_1,ROUTE_CPMCDaviesCampusSutter,0.41545908597566183,0.41545908597566183
52,tree_depth_2,ROUTE_CPMCDaviesCampusSutter,0.41545908597566183,0.41545908597566183
52,tree_depth_3,ROUTE_CPMCDaviesCampusSutter,0.41545908597566183,0.41545908597566183
52,tree_depth_4,ROUTE_CPMCDaviesCampusSutter,0.41545908597566183,0.41545908597566183
52,tree_depth_5,ROUTE_CPMCDaviesCampusSutter,0.41545908597566183,0.41545908597566183
52,tree_depth_6,ROUTE_CPMCDaviesCampusSutter,0.41545908597566183,0.41545908597566183
52,tree_depth_8,ROUTE_CPMCDaviesCampusSutter,0.41545908597566183,0.41545908597566183
52,tree_depth_10,ROUTE_CPMCDaviesCampusSutter,0.41545908597566183,0.41545908597566183
52,tree_depth_inf,ROUTE_CPMCDaviesCampusSutter,0.41545908597566183,0.41545908597566183
52,Nearest,ROUTE_KaiserFoundationHospitalRichmondCampus,0.3582936590131636,0.41545908597566183
52,Heuristic_1,ROUTE_CPMCDaviesCampusSutter,0.41545908597566183,0.41545908597566183
52,Heuristic_2,ROUTE_KaiserFoundationHospitalRichmondCampus,0.3582936590131636,0.41545908597566183
53,MDP_optimal,ROUTE_SutterEdenMedicalCenter,0.4157363447902899,0.4157363447902899
53,tree_depth_1,ROUTE_SutterEdenMedicalCenter,0.4157363447902899,0.4157363447902899
53,tree_depth_2,ROUTE_SutterEdenMedicalCenter,0.4157363447902899,0.4157363447902899
53,tree_depth_3,ROUTE_SutterEdenMedicalCenter,0.4157363447902899,0.4157363447902899
53,tree_depth_4,ROUTE_SutterEdenMedicalCenter,0.4157363447902899,0.4157363447902899
53,tree_depth_5,ROUTE_SutterEdenMedicalCenter,0.4157363447902899,0.4157363447902899
53,tree_depth_6,ROUTE_SutterEdenMedicalCenter,0.4157363447902899,0.4157363447902899
53,tree_depth_8,ROUTE_SutterEdenMedicalCenter,0.4157363447902899,0.4157363447902899
53,tree_depth_10,ROUTE_SutterEdenMedicalCenter,0.4157363447902899,0.4157363447902899
53,tree_depth_inf,ROUTE_SutterEdenMedicalCenter,0.4157363447902899,0.4157363447902899
53,Nearest,ROUTE_StRoseHospital,0.32734294144,0.4157363447902899
53,Heuristic_1,ROUTE_SutterEdenMedicalCenter,0.4157363447902899,0.4157363447902899
53,Heuristic_2,ROUTE_SutterEdenMedicalCenter,0.4157363447902899,0.4157363447902899
54,MDP_optimal,ROUTE_CPMCDaviesCampusSutter,0.41716448881072,0.41716448881072
54,tree_depth_1,ROUTE_CPMCDaviesCampusSutter,0.41716448881072,0.41716448881072
54,tree_depth_2,ROUTE_CPMCDaviesCampusSutter,0.41716448881072,0.41716448881072
54,tree_depth_3,ROUTE_CPMCDaviesCampusSutter,0.41716448881072,0.41716448881072
54,tree_depth_4,ROUTE_CPMCDaviesCampusSutter,0.41716448881072,0.41716448881072
54,tree_depth_5,ROUTE_CPMCDaviesCampusSutter,0.41716448881072,0.41716448881072
54,tree_depth_6,ROUTE_CPMCDaviesCampusSutter,0.41716448881072,0.41716448881072
54,tree_depth_8,ROUTE_CPMCDaviesCampusSutter,0.41716448881072,0.41716448881072
54,tree_depth_10,ROUTE_CPMCDaviesCampusSutter,0.41716448881072,0.41716448881072
54,tree_depth_inf,ROUTE_CPMCDaviesCampusSutter,0.41716448881072,0.41716448881072
54,Nearest,ROUTE_ZuckerbergSanFranciscoGeneralHospital,0.35444196451788623,0.41716448881072
54,Heuristic_1,ROUTE_CPMCDaviesCampusSutter,0.41716448881072,0.41716448881072
54,Heuristic_2,ROUTE_ZuckerbergSanFranciscoGeneralHospital,0.35444196451788623,0.41716448881072
55,MDP_optimal,ROUTE_SutterSolanoMedicalCenter,0.3376434457220945,0.3376434457220945
55,tree_depth_1,ROUTE_SutterSolanoMedicalCenter,0.3376434457220945,0.3376434457220945
55,tree_depth_2,ROUTE_SutterSolanoMedicalCenter,0.3376434457220945,0.3376434457220945
55,tree_depth_3,ROUTE_SutterSolanoMedicalCenter,0.3376434457220945,0.3376434457220945
55,tree_depth_4,ROUTE_SutterSolanoMedicalCenter,0.3376434457220945,0.3376434457220945
55,tree_depth_5,ROUTE_SutterSolanoMedicalCenter,0.3376434457220945,0.3376434457220945
55,tree_depth_6,ROUTE_SutterSolanoMedicalCenter,0.3376434457220945,0.3376434457220945
55,tree_depth_8,ROUTE_SutterSolanoMedicalCenter,0.3376434457220945,0.3376434457220945
55,tree_depth_10,ROUTE_SutterSolanoMedicalCenter,0.3376434457220945,0.3376434457220945
55,tree_depth_inf,ROUTE_SutterSolanoMedicalCenter,0.3376434457220945,0.3376434457220945
55,Nearest,ROUTE_SutterSolanoMedicalCenter,0.3376434457220945,0.3376434457220945
55,Heuristic_1,ROUTE_JohnMuirMedicalCenterWalnutCreekCampus,0.32734294144,0.3376434457220945
55,Heuristic_2,ROUTE_SutterSolanoMedicalCenter,0.3376434457220945,0.3376434457220945
56,MDP_optimal,ROUTE_CPMCDaviesCampusSutter,0.32734294144,0.32734294144
56,tree_depth_1,ROUTE_CPMCMissionBernalCampusSutter,0.32734294144,0.32734294144
56,tree_depth_2,ROUTE_CPMCDaviesCampusSutter,0.32734294144,0.32734294144
56,tree_depth_3,ROUTE_CPMCDaviesCampusSutter,0.32734294144,0.32734294144
56,tree_depth_4,ROUTE_CPMCDaviesCampusSutter,0.32734294144,0.32734294144
56,tree_depth_5,ROUTE_CPMCDaviesCampusSutter,0.32734294144,0.32734294144
56,tree_depth_6,ROUTE_CPMCDaviesCampusSutter,0.32734294144,0.32734294144
56,tree_depth_8,ROUTE_CPMCDaviesCampusSutter,0.32734294144,0.32734294144
56,tree_depth_10,ROUTE_CPMCDaviesCampusSutter,0.32734294144,0.32734294144
56,tree_depth_inf,ROUTE_CPMCDaviesCampusSutter,0.32734294144,0.32734294144
56,Nearest,ROUTE_CPMCDaviesCampusSutter,0.32734294144,0.32734294144
56,Heuristic_1,ROUTE_CPMCDaviesCampusSutter,0.32734294144,0.32734294144
56,Heuristic_2,ROUTE_CPMCDaviesCampusSutter,0.32734294144,0.32734294144
57,MDP_optimal,ROUTE_JohnMuirMedicalCenterWalnutCreekCampus,0.41655980360282335,0.41655980360282335
57,tree_depth_1,ROUTE_JohnMuirMedicalCenterWalnutCreekCampus,0.41655980360282335,0.41655980360282335
57,tree_depth_2,ROUTE_JohnMuirMedicalCenterWalnutCreekCampus,0.41655980360282335,0.41655980360282335
57,tree_depth_3,ROUTE_JohnMuirMedicalCenterWalnutCreekCampus,0.41655980360282335,0.41655980360282335
57,tree_depth_4,ROUTE_JohnMuirMedicalCenterWalnutCreekCampus,0.41655980360282335,0.41655980360282335
57,tree_depth_5,ROUTE_JohnMuirMedicalCenterWalnutCreekCampus,0.41655980360282335,0.41655980360282335
57,tree_depth_6,ROUTE_JohnMuirMedicalCenterWalnutCreekCampus,0.41655980360282335,0.41655980360282335
57,tree_depth_8,ROUTE_JohnMuirMedicalCenterWalnutCreekCampus,0.41655980360282335,0.41655980360282335
57,tree_depth_10,ROUTE_JohnMuirMedicalCenterWalnutCreekCampus,0.41655980360282335,0.41655980360282335
57,tree_depth_inf,ROUTE_JohnMuirMedicalCenterWalnutCreekCampus,0.41655980360282335,0.41655980360282335
57,Nearest,ROUTE_ContraCostaRegionalMedicalCenter,0.32734294144,0.41655980360282335
57,Heuristic_1,ROUTE_JohnMuirMedicalCenterWalnutCreekCampus,0.41655980360282335,0.41655980360282335
57,Heuristic_2,ROUTE_SutterSolanoMedicalCenter,0.35489536626083806,0.41655980360282335
58,MDP_optimal,ROUTE_CPMCDaviesCampusSutter,0.4241417771750222,0.4241417771750222
58,tree_depth_1,ROUTE_CPMCDaviesCampusSutter,0.4241417771750222,0.4241417771750222
58,tree_depth_2,ROUTE_CPMCDaviesCampusSutter,0.4241417771750222,0.4241417771750222
58,tree_depth_3,ROUTE_CPMCDaviesCampusSutter,0.4241417771750222,0.4241417771750222
58,tree_depth_4,ROUTE_CPMCDaviesCampusSutter,0.4241417771750222,0.4241417771750222
58,tree_depth_5,ROUTE_CPMCDaviesCampusSutter,0.4241417771750222,0.4241417771750222
58,tree_depth_6,ROUTE_CPMCDaviesCampusSutter,0.4241417771750222,0.4241417771750222
58,tree_depth_8,ROUTE_CPMCDaviesCampusSutter,0.4241417771750222,0.4241417771750222
58,tree_depth_10,ROUTE_CPMCDaviesCampusSutter,0.4241417771750222,0.4241417771750222
58,tree_depth_inf,ROUTE_CPMCDaviesCampusSutter,0.4241417771750222,0.4241417771750222
58,Nearest,ROUTE_AHMCSetonMedicalCenter,0.3612625820367937,0.4241417771750222
58,Heuristic_1,ROUTE_CPMCDaviesCampusSutter,0.4241417771750222,0.4241417771750222
58,Heuristic_2,ROUTE_AHMCSetonMedicalCenter,0.3612625820367937,0.4241417771750222
59,MDP_optimal,ROUTE_CPMCDaviesCampusSutter,0.40739051695831086,0.40739051695831086
59,tree_depth_1,ROUTE_CPMCDaviesCampusSutter,0.40739051695831086,0.40739051695831086
59,tree_depth_2,ROUTE_CPMCDaviesCampusSutter,0.40739051695831086,0.40739051695831086
59,tree_depth_3,ROUTE_CPMCDaviesCampusSutter,0.40739051695831086,0.40739051695831086
59,tree_depth_4,ROUTE_CPMCDaviesCampusSutter,0.40739051695831086,0.40739051695831086
59,tree_depth_5,ROUTE_CPMCDaviesCampusSutter,0.40739051695831086,0.40739051695831086
59,tree_depth_6,ROUTE_CPMCDaviesCampusSutter,0.40739051695831086,0.40739051695831086
59,tree_depth_8,ROUTE_CPMCDaviesCampusSutter,0.40739051695831086,0.40739051695831086
59,tree_depth_10,ROUTE_CPMCDaviesCampusSutter,0.40739051695831086,0.40739051695831086
59,tree_depth_inf,ROUTE_CPMCDaviesCampusSutter,0.40739051695831086,0.40739051695831086
59,Nearest,ROUTE_ChineseHospital,0.3461759597707616,0.40739051695831086
59,Heuristic_1,ROUTE_CPMCDaviesCampusSutter,0.40739051695831086,0.40739051695831086
59,Heuristic_2,ROUTE_ChineseHospital,0.3461759597707616,0.40739051695831086
60,MDP_optimal,ROUTE_SutterDeltaMedicalCenter,0.32734294144,0.32734294144
60,tree_depth_1,ROUTE_KaiserFoundationHospitalAntioch,0.32734294144,0.32734294144
60,tree_depth_2,ROUTE_KaiserFoundationHospitalAntioch,0.32734294144,0.32734294144
60,tree_depth_3,ROUTE_SutterDeltaMedicalCenter,0.32734294144,0.32734294144
60,tree_depth_4,ROUTE_SutterDeltaMedicalCenter,0.32734294144,0.32734294144
60,tree_depth_5,ROUTE_SutterDeltaMedicalCenter,0.32734294144,0.32734294144
60,tree_depth_6,ROUTE_SutterDeltaMedicalCenter,0.32734294144,0.32734294144
60,tree_depth_8,ROUTE_SutterDeltaMedicalCenter,0.32734294144,0.32734294144
60,tree_depth_10,ROUTE_SutterDeltaMedicalCenter,0.32734294144,0.32734294144
60,tree_depth_inf,ROUTE_SutterDeltaMedicalCenter,0.32734294144,0.32734294144
60,Nearest,ROUTE_SutterDeltaMedicalCenter,0.32734294144,0.32734294144
60,Heuristic_1,ROUTE_JohnMuirMedicalCenterWalnutCreekCampus,0.32734294144,0.32734294144
60,Heuristic_2,ROUTE_KaiserFoundationHospitalAntioch,0.32734294144,0.32734294144
61,MDP_optimal,ROUTE_KaiserFoundationHospitalSouthSanFrancisco,0.32734294144,0.32734294144
61,tree_depth_1,ROUTE_KaiserFoundationHospitalSouthSanFrancisco,0.32734294144,0.32734294144
61,tree_depth_2,ROUTE_KaiserFoundationHospitalSouthSanFrancisco,0.32734294144,0.32734294144
61,tree_depth_3,ROUTE_KaiserFoundationHospitalSouthSanFrancisco,0.32734294144,0.32734294144
61,tree_depth_4,ROUTE_KaiserFoundationHospitalSouthSanFrancisco,0.32734294144,0.32734294144
61,tree_depth_5,ROUTE_KaiserFoundationHospitalSouthSanFrancisco,0.32734294144,0.32734294144
61,tree_depth_6,ROUTE_KaiserFoundationHospitalSouthSanFrancisco,0.32734294144,0.32734294144
61,tree_depth_8,ROUTE_KaiserFoundationHospitalSouthSanFrancisco,0.32734294144,0.32734294144
61,tree_depth_10,ROUTE_KaiserFoundationHospitalSouthSanFrancisco,0.32734294144,0.32734294144
61,tree_depth_inf,ROUTE_KaiserFoundationHospitalSouthSanFrancisco,0.32734294144,0.32734294144
61,Nearest,ROUTE_KaiserFoundationHospitalSouthSanFrancisco,0.32734294144,0.32734294144
61,Heuristic_1,ROUTE_MillsPeninsulaMedicalCenterSutter,0.32734294144,0.32734294144
61,Heuristic_2,ROUTE_KaiserFoundationHospitalSouthSanFrancisco,0.32734294144,0.32734294144
62,MDP_optimal,ROUTE_AHMCSetonMedicalCenter,0.32734294144,0.32734294144
62,tree_depth_1,ROUTE_AHMCSetonMedicalCenter,0.32734294144,0.32734294144
62,tree_depth_2,ROUTE_AHMCSetonMedicalCenter,0.32734294144,0.32734294144
62,tree_depth_3,ROUTE_AHMCSetonMedicalCenter,0.32734294144,0.32734294144
62,tree_depth_4,ROUTE_AHMCSetonMedicalCenter,0.32734294144,0.32734294144
62,tree_depth_5,ROUTE_AHMCSetonMedicalCenter,0.32734294144,0.32734294144
62,tree_depth_6,ROUTE_AHMCSetonMedicalCenter,0.32734294144,0.32734294144
62,tree_depth_8,ROUTE_AHMCSetonMedicalCenter,0.32734294144,0.32734294144
62,tree_depth_10,ROUTE_AHMCSetonMedicalCenter,0.32734294144,0.32734294144
62,tree_depth_inf,ROUTE_AHMCSetonMedicalCenter,0.32734294144,0.32734294144
62,Nearest,ROUTE_AHMCSetonMedicalCenter,0.32734294144,0.32734294144
62,Heuristic_1,ROUTE_UCSFMedicalCenter,0.32734294144,0.32734294144
62,Heuristic_2,ROUTE_AHMCSetonMedicalCenter,0.32734294144,0.32734294144
63,MDP_optimal,ROUTE_JohnMuirMedicalCenterWalnutCreekCampus,0.42583824942094206,0.42583824942094206
63,tree_depth_1,ROUTE_JohnMuirMedicalCenterWalnutCreekCampus,0.42583824942094206,0.42583824942094206
63,tree_depth_2,ROUTE_JohnMuirMedicalCenterWalnutCreekCampus,0.42583824942094206,0.42583824942094206
63,tree_depth_3,ROUTE_JohnMuirMedicalCenterWalnutCreekCampus,0.42583824942094206,0.42583824942094206
63,tree_depth_4,ROUTE_JohnMuirMedicalCenterWalnutCreekCampus,0.42583824942094206,0.42583824942094206
63,tree_depth_5,ROUTE_JohnMuirMedicalCenterWalnutCreekCampus,0.42583824942094206,0.42583824942094206
63,tree_depth_6,ROUTE_JohnMuirMedicalCenterWalnutCreekCampus,0.42583824942094206,0.42583824942094206
63,tree_depth_8,ROUTE_JohnMuirMedicalCenterWalnutCreekCampus,0.42583824942094206,0.42583824942094206
63,tree_depth_10,ROUTE_JohnMuirMedicalCenterWalnutCreekCampus,0.42583824942094206,0.42583824942094206
63,tree_depth_inf,ROUTE_JohnMuirMedicalCenterWalnutCreekCampus,0.42583824942094206,0.42583824942094206
63,Nearest,ROUTE_ContraCostaRegionalMedicalCenter,0.3376346860575834,0.42583824942094206
63,Heuristic_1,ROUTE_JohnMuirMedicalCenterWalnutCreekCampus,0.42583824942094206,0.42583824942094206
63,Heuristic_2,ROUTE_JohnMuirMedicalCenterConcordCampus,0.3621241482027031,0.42583824942094206
64,MDP_optimal,ROUTE_KaiserFoundationHospitalRedwoodCity,0.33914905018139496,0.33914905018139496
64,tree_depth_1,ROUTE_KaiserFoundationHospitalRedwoodCity,0.33914905018139496,0.33914905018139496
64,tree_depth_2,ROUTE_KaiserFoundationHospitalRedwoodCity,0.33914905018139496,0.33914905018139496
64,tree_depth_3,ROUTE_KaiserFoundationHospitalRedwoodCity,0.33914905018139496,0.33914905018139496
64,tree_depth_4,ROUTE_KaiserFoundationHospitalRedwoodCity,0.33914905018139496,0.33914905018139496
64,tree_depth_5,ROUTE_KaiserFoundationHospitalRedwoodCity,0.33914905018139496,0.33914905018139496
64,tree_depth_6,ROUTE_KaiserFoundationHospitalRedwoodCity,0.33914905018139496,0.33914905018139496
64,tree_depth_8,ROUTE_KaiserFoundationHospitalRedwoodCity,0.33914905018139496,0.33914905018139496
64,tree_depth_10,ROUTE_KaiserFoundationHospitalRedwoodCity,0.33914905018139496,0.33914905018139496
64,tree_depth_inf,ROUTE_KaiserFoundationHospitalRedwoodCity,0.33914905018139496,0.33914905018139496
64,Nearest,ROUTE_SanMateoMedicalCenter,0.32734294144,0.33914905018139496
64,Heuristic_1,ROUTE_KaiserFoundationHospitalRedwoodCity,0.33914905018139496,0.33914905018139496
64,Heuristic_2,ROUTE_SequoiaHospital,0.3400138304785426,0.33914905018139496
65,MDP_optimal,ROUTE_JohnMuirMedicalCenterWalnutCreekCampus,0.4124278531382336,0.4124278531382336
65,tree_depth_1,ROUTE_JohnMuirMedicalCenterWalnutCreekCampus,0.4124278531382336,0.4124278531382336
65,tree_depth_2,ROUTE_JohnMuirMedicalCenterWalnutCreekCampus,0.4124278531382336,0.4124278531382336
65,tree_depth_3,ROUTE_JohnMuirMedicalCenterWalnutCreekCampus,0.4124278531382336,0.4124278531382336
65,tree_depth_4,ROUTE_JohnMuirMedicalCenterWalnutCreekCampus,0.4124278531382336,0.4124278531382336
65,tree_depth_5,ROUTE_JohnMuirMedicalCenterWalnutCreekCampus,0.4124278531382336,0.4124278531382336
65,tree_depth_6,ROUTE_JohnMuirMedicalCenterWalnutCreekCampus,0.4124278531382336,0.4124278531382336
65,tree_depth_8,ROUTE_JohnMuirMedicalCenterWalnutCreekCampus,0.4124278531382336,0.4124278531382336
65,tree_depth_10,ROUTE_JohnMuirMedicalCenterWalnutCreekCampus,0.4124278531382336,0.4124278531382336
65,tree_depth_inf,ROUTE_JohnMuirMedicalCenterWalnutCreekCampus,0.4124278531382336,0.4124278531382336
65,Nearest,ROUTE_SutterSolanoMedicalCenter,0.35529709519970076,0.4124278531382336
65,Heuristic_1,ROUTE_JohnMuirMedicalCenterWalnutCreekCampus,0.4124278531382336,0.4124278531382336
65,Heuristic_2,ROUTE_SutterSolanoMedicalCenter,0.35529709519970076,0.4124278531382336
66,MDP_optimal,ROUTE_CPMCDaviesCampusSutter,0.33759370036102365,0.33759370036102365
66,tree_depth_1,ROUTE_CPMCMissionBernalCampusSutter,0.33869588388771016,0.33759370036102365
66,tree_depth_2,ROUTE_CPMCMissionBernalCampusSutter,0.33869588388771016,0.33759370036102365
66,tree_depth_3,ROUTE_CPMCMissionBernalCampusSutter,0.33869588388771016,0.33759370036102365
66,tree_depth_4,ROUTE_CPMCMissionBernalCampusSutter,0.33869588388771016,0.33759370036102365
66,tree_depth_5,ROUTE_CPMCDaviesCampusSutter,0.33759370036102365,0.33759370036102365
66,tree_depth_6,ROUTE_CPMCDaviesCampusSutter,0.33759370036102365,0.33759370036102365
66,tree_depth_8,ROUTE_CPMCDaviesCampusSutter,0.33759370036102365,0.33759370036102365
66,tree_depth_10,ROUTE_CPMCDaviesCampusSutter,0.33759370036102365,0.33759370036102365
66,tree_depth_inf,ROUTE_CPMCDaviesCampusSutter,0.33759370036102365,0.33759370036102365
66,Nearest,ROUTE_CPMCMissionBernalCampusSutter,0.33869588388771016,0.33759370036102365
66,Heuristic_1,ROUTE_CPMCDaviesCampusSutter,0.33759370036102365,0.33759370036102365
66,Heuristic_2,ROUTE_CPMCMissionBernalCampusSutter,0.33869588388771016,0.33759370036102365
67,MDP_optimal,ROUTE_JohnMuirMedicalCenterWalnutCreekCampus,0.40471413434871045,0.40471413434871045
67,tree_depth_1,ROUTE_JohnMuirMedicalCenterWalnutCreekCampus,0.40471413434871045,0.40471413434871045
67,tree_depth_2,ROUTE_JohnMuirMedicalCenterWalnutCreekCampus,0.40471413434871045,0.40471413434871045
67,tree_depth_3,ROUTE_JohnMuirMedicalCenterWalnutCreekCampus,0.40471413434871045,0.40471413434871045
67,tree_depth_4,ROUTE_JohnMuirMedicalCenterWalnutCreekCampus,0.40471413434871045,0.40471413434871045
67,tree_depth_5,ROUTE_JohnMuirMedicalCenterWalnutCreekCampus,0.40471413434871045,0.40471413434871045
67,tree_depth_6,ROUTE_JohnMuirMedicalCenterWalnutCreekCampus,0.40471413434871045,0.40471413434871045
67,tree_depth_8,ROUTE_JohnMuirMedicalCenterWalnutCreekCampus,0.40471413434871045,0.40471413434871045
67,tree_depth_10,ROUTE_JohnMuirMedicalCenterWalnutCreekCampus,0.40471413434871045,0.40471413434871045
67,tree_depth_inf,ROUTE_JohnMuirMedicalCenterWalnutCreekCampus,0.40471413434871045,0.40471413434871045
67,Nearest,ROUTE_SutterDeltaMedicalCenter,0.32734294144,0.40471413434871045
67,Heuristic_1,ROUTE_JohnMuirMedicalCenterWalnutCreekCampus,0.40471413434871045,0.40471413434871045
67,Heuristic_2,ROUTE_JohnMuirMedicalCenterConcordCampus,0.3450701484235005,0.40471413434871045
68,MDP_optimal,ROUTE_KaiserFoundationHospitalRichmondCampus,0.3348242135062386,0.3348242135062386
68,tree_depth_1,ROUTE_KaiserFoundationHospitalRichmondCampus,0.3348242135062386,0.3348242135062386
68,tree_depth_2,ROUTE_KaiserFoundationHospitalRichmondCampus,0.3348242135062386,0.3348242135062386
68,tree_depth_3,ROUTE_KaiserFoundationHospitalRichmondCampus,0.3348242135062386,0.3348242135062386
68,tree_depth_4,ROUTE_KaiserFoundationHospitalRichmondCampus,0.3348242135062386,0.3348242135062386
68,tree_depth_5,ROUTE_KaiserFoundationHospitalRichmondCampus,0.3348242135062386,0.3348242135062386
68,tree_depth_6,ROUTE_KaiserFoundationHospitalRichmondCampus,0.3348242135062386,0.3348242135062386
68,tree_depth_8,ROUTE_KaiserFoundationHospitalRichmondCampus,0.3348242135062386,0.3348242135062386
68,tree_depth_10,ROUTE_KaiserFoundationHospitalRichmondCampus,0.3348242135062386,0.3348242135062386
68,tree_depth_inf,ROUTE_KaiserFoundationHospitalRichmondCampus,0.3348242135062386,0.3348242135062386
68,Nearest,ROUTE_KaiserFoundationHospitalRichmondCampus,0.3348242135062386,0.3348242135062386
68,Heuristic_1,ROUTE_CPMCDaviesCampusSutter,0.32734294144,0.3348242135062386
68,Heuristic_2,ROUTE_KaiserFoundationHospitalRichmondCampus,0.3348242135062386,0.3348242135062386
69,MDP_optimal,ROUTE_JohnMuirMedicalCenterWalnutCreekCampus,0.4309384458339636,0.4309384458339636
69,tree_depth_1,ROUTE_JohnMuirMedicalCenterWalnutCreekCampus,0.4309384458339636,0.4309384458339636
69,tree_depth_2,ROUTE_JohnMuirMedicalCenterWalnutCreekCampus,0.4309384458339636,0.4309384458339636
69,tree_depth_3,ROUTE_JohnMuirMedicalCenterWalnutCreekCampus,0.4309384458339636,0.4309384458339636
69,tree_depth_4,ROUTE_JohnMuirMedicalCenterWalnutCreekCampus,0.4309384458339636,0.4309384458339636
69,tree_depth_5,ROUTE_JohnMuirMedicalCenterWalnutCreekCampus,0.4309384458339636,0.4309384458339636
69,tree_depth_6,ROUTE_JohnMuirMedicalCenterWalnutCreekCampus,0.4309384458339636,0.4309384458339636
69,tree_depth_8,ROUTE_JohnMuirMedicalCenterWalnutCreekCampus,0.4309384458339636,0.4309384458339636
69,tree_depth_10,ROUTE_JohnMuirMedicalCenterWalnutCreekCampus,0.4309384458339636,0.4309384458339636
69,tree_depth_inf,ROUTE_JohnMuirMedicalCenterWalnutCreekCampus,0.4309384458339636,0.4309384458339636
69,Nearest,ROUTE_KaiserFoundationHospitalRichmondCampus,0.42779947021696274,0.4309384458339636
69,Heuristic_1,ROUTE_JohnMuirMedicalCenterWalnutCreekCampus,0.4309384458339636,0.4309384458339636
69,Heuristic_2,ROUTE_KaiserFoundationHospitalRichmondCampus,0.42779947021696274,0.4309384458339636
70,MDP_optimal,ROUTE_JohnMuirMedicalCenterWalnutCreekCampus,0.408200311688851,0.408200311688851
70,tree_depth_1,ROUTE_JohnMuirMedicalCenterWalnutCreekCampus,0.408200311688851,0.408200311688851
70,tree_depth_2,ROUTE_JohnMuirMedicalCenterWalnutCreekCampus,0.408200311688851,0.408200311688851
70,tree_depth_3,ROUTE_JohnMuirMedicalCenterWalnutCreekCampus,0.408200311688851,0.408200311688851
70,tree_depth_4,ROUTE_JohnMuirMedicalCenterWalnutCreekCampus,0.408200311688851,0.408200311688851
70,tree_depth_5,ROUTE_JohnMuirMedicalCenterWalnutCreekCampus,0.408200311688851,0.408200311688851
70,tree_depth_6,ROUTE_JohnMuirMedicalCenterWalnutCreekCampus,0.408200311688851,0.408200311688851
70,tree_depth_8,ROUTE_JohnMuirMedicalCenterWalnutCreekCampus,0.408200311688851,0.408200311688851
70,tree_depth_10,ROUTE_JohnMuirMedicalCenterWalnutCreekCampus,0.408200311688851,0.408200311688851
70,tree_depth_inf,ROUTE_JohnMuirMedicalCenterWalnutCreekCampus,0.408200311688851,0.408200311688851
70,Nearest,ROUTE_SutterSolanoMedicalCenter,0.3492272477457386,0.408200311688851
70,Heuristic_1,ROUTE_JohnMuirMedicalCenterWalnutCreekCampus,0.408200311688851,0.408200311688851
70,Heuristic_2,ROUTE_SutterSolanoMedicalCenter,0.3492272477457386,0.408200311688851
71,MDP_optimal,ROUTE_CPMCDaviesCampusSutter,0.42412419024999715,0.42412419024999715
71,tree_depth_1,ROUTE_CPMCDaviesCampusSutter,0.42412419024999715,0.42412419024999715
71,tree_depth_2,ROUTE_CPMCDaviesCampusSutter,0.42412419024999715,0.42412419024999715
71,tree_depth_3,ROUTE_CPMCDaviesCampusSutter,0.42412419024999715,0.42412419024999715
71,tree_depth_4,ROUTE_CPMCDaviesCampusSutter,0.42412419024999715,0.42412419024999715
71,tree_depth_5,ROUTE_CPMCDaviesCampusSutter,0.42412419024999715,0.42412419024999715
71,tree_depth_6,ROUTE_CPMCDaviesCampusSutter,0.42412419024999715,0.42412419024999715
71,tree_depth_8,ROUTE_CPMCDaviesCampusSutter,0.42412419024999715,0.42412419024999715
71,tree_depth_10,ROUTE_CPMCDaviesCampusSutter,0.42412419024999715,0.42412419024999715
71,tree_depth_inf,ROUTE_CPMCDaviesCampusSutter,0.42412419024999715,0.42412419024999715
71,Nearest,ROUTE_AHMCSetonMedicalCenter,0.3613349031416245,0.42412419024999715
71,Heuristic_1,ROUTE_CPMCDaviesCampusSutter,0.42412419024999715,0.42412419024999715
71,Heuristic_2,ROUTE_AHMCSetonMedicalCenter,0.3613349031416245,0.42412419024999715
72,MDP_optimal,ROUTE_SutterSolanoMedicalCenter,0.32734294144,0.32734294144
72,tree_depth_1,ROUTE_SutterSolanoMedicalCenter,0.32734294144,0.32734294144
72,tree_depth_2,ROUTE_SutterSolanoMedicalCenter,0.32734294144,0.32734294144
72,tree_depth_3,ROUTE_SutterSolanoMedicalCenter,0.32734294144,0.32734294144
72,tree_depth_4,ROUTE_SutterSolanoMedicalCenter,0.32734294144,0.32734294144
72,tree_depth_5,ROUTE_SutterSolanoMedicalCenter,0.32734294144,0.32734294144
72,tree_depth_6,ROUTE_SutterSolanoMedicalCenter,0.32734294144,0.32734294144
72,tree_depth_8,ROUTE_SutterSolanoMedicalCenter,0.32734294144,0.32734294144
72,tree_depth_10,ROUTE_SutterSolanoMedicalCenter,0.32734294144,0.32734294144
72,tree_depth_inf,ROUTE_SutterSolanoMedicalCenter,0.32734294144,0.32734294144
72,Nearest,ROUTE_SutterSolanoMedicalCenter,0.32734294144,0.32734294144
72,Heuristic_1,ROUTE_JohnMuirMedicalCenterWalnutCreekCampus,0.32734294144,0.32734294144
72,Heuristic_2,ROUTE_SutterSolanoMedicalCenter,0.32734294144,0.32734294144
73,MDP_optimal,ROUTE_StanfordHealthCareTriValley,0.32734294144,0.32734294144
73,tree_depth_1,ROUTE_StanfordHealthCareTriValley,0.32734294144,0.32734294144
73,tree_depth_2,ROUTE_StanfordHealthCareTriValley,0.32734294144,0.32734294144
73,tree_depth_3,ROUTE_StanfordHealthCareTriValley,0.32734294144,0.32734294144
73,tree_depth_4,ROUTE_StanfordHealthCareTriValley,0.32734294144,0.32734294144
73,tree_depth_5,ROUTE_StanfordHealthCareTriValley,0.32734294144,0.32734294144
73,tree_depth_6,ROUTE_StanfordHealthCareTriValley,0.32734294144,0.32734294144
73,tree_depth_8,ROUTE_StanfordHealthCareTriValley,0.32734294144,0.32734294144
73,tree_depth_10,ROUTE_StanfordHealthCareTriValley,0.32734294144,0.32734294144
73,tree_depth_inf,ROUTE_StanfordHealthCareTriValley,0.32734294144,0.32734294144
73,Nearest,ROUTE_StanfordHealthCareTriValley,0.32734294144,0.32734294144
73,Heuristic_1,ROUTE_SutterEdenMedicalCenter,0.32734294144,0.32734294144
73,Heuristic_2,ROUTE_StanfordHealthCareTriValley,0.32734294144,0.32734294144
74,MDP_optimal,ROUTE_CPMCDaviesCampusSutter,0.42673228699471344,0.42673228699471344
74,tree_depth_1,ROUTE_CPMCDaviesCampusSutter,0.42673228699471344,0.42673228699471344
74,tree_depth_2,ROUTE_CPMCDaviesCampusSutter,0.42673228699471344,0.42673228699471344
74,tree_depth_3,ROUTE_CPMCDaviesCampusSutter,0.42673228699471344,0.42673228699471344
74,tree_depth_4,ROUTE_CPMCDaviesCampusSutter,0.42673228699471344,0.42673228699471344
74,tree_depth_5,ROUTE_CPMCDaviesCampusSutter,0.42673228699471344,0.42673228699471344
74,tree_depth_6,ROUTE_CPMCDaviesCampusSutter,0.42673228699471344,0.42673228699471344
74,tree_depth_8,ROUTE_CPMCDaviesCampusSutter,0.42673228699471344,0.42673228699471344
74,tree_depth_10,ROUTE_CPMCDaviesCampusSutter,0.42673228699471344,0.42673228699471344
74,tree_depth_inf,ROUTE_CPMCDaviesCampusSutter,0.42673228699471344,0.42673228699471344
74,Nearest,ROUTE_KaiserFoundationHospitalOaklandRichmond,0.4229246520019088,0.42673228699471344
74,Heuristic_1,ROUTE_CPMCDaviesCampusSutter,0.42673228699471344,0.42673228699471344
74,Heuristic_2,ROUTE_KaiserFoundationHospitalOaklandRichmond,0.4229246520019088,0.42673228699471344
75,MDP_optimal,ROUTE_JohnMuirMedicalCenterWalnutCreekCampus,0.34249144537353343,0.34249144537353343
75,tree_depth_1,ROUTE_JohnMuirMedicalCenterWalnutCreekCampus,0.34249144537353343,0.34249144537353343
75,tree_depth_2,ROUTE_JohnMuirMedicalCenterWalnutCreekCampus,0.34249144537353343,0.34249144537353343
75,tree_depth_3,ROUTE_JohnMuirMedicalCenterWalnutCreekCampus,0.34249144537353343,0.34249144537353343
75,tree_depth_4,ROUTE_JohnMuirMedicalCenterWalnutCreekCampus,0.34249144537353343,0.34249144537353343
75,tree_depth_5,ROUTE_JohnMuirMedicalCenterWalnutCreekCampus,0.34249144537353343,0.34249144537353343
75,tree_depth_6,ROUTE_JohnMuirMedicalCenterWalnutCreekCampus,0.34249144537353343,0.34249144537353343
75,tree_depth_8,ROUTE_JohnMuirMedicalCenterWalnutCreekCampus,0.34249144537353343,0.34249144537353343
75,tree_depth_10,ROUTE_JohnMuirMedicalCenterWalnutCreekCampus,0.34249144537353343,0.34249144537353343
75,tree_depth_inf,ROUTE_JohnMuirMedicalCenterWalnutCreekCampus,0.34249144537353343,0.34249144537353343
75,Nearest,ROUTE_JohnMuirMedicalCenterConcordCampus,0.3442799222282737,0.34249144537353343
75,Heuristic_1,ROUTE_JohnMuirMedicalCenterWalnutCreekCampus,0.34249144537353343,0.34249144537353343
75,Heuristic_2,ROUTE_JohnMuirMedicalCenterConcordCampus,0.3442799222282737,0.34249144537353343
76,MDP_optimal,ROUTE_CPMCDaviesCampusSutter,0.4241478093541847,0.4241478093541847
76,tree_depth_1,ROUTE_CPMCDaviesCampusSutter,0.4241478093541847,0.4241478093541847
76,tree_depth_2,ROUTE_CPMCDaviesCampusSutter,0.4241478093541847,0.4241478093541847
76,tree_depth_3,ROUTE_CPMCDaviesCampusSutter,0.4241478093541847,0.4241478093541847
76,tree_depth_4,ROUTE_CPMCDaviesCampusSutter,0.4241478093541847,0.4241478093541847
76,tree_depth_5,ROUTE_CPMCDaviesCampusSutter,0.4241478093541847,0.4241478093541847
76,tree_depth_6,ROUTE_CPMCDaviesCampusSutter,0.4241478093541847,0.4241478093541847
76,tree_depth_8,ROUTE_CPMCDaviesCampusSutter,0.4241478093541847,0.4241478093541847
76,tree_depth_10,ROUTE_CPMCDaviesCampusSutter,0.4241478093541847,0.4241478093541847
76,tree_depth_inf,ROUTE_CPMCDaviesCampusSutter,0.4241478093541847,0.4241478093541847
76,Nearest,ROUTE_CPMCDaviesCampusSutter,0.4241478093541847,0.4241478093541847
76,Heuristic_1,ROUTE_CPMCDaviesCampusSutter,0.4241478093541847,0.4241478093541847
76,Heuristic_2,ROUTE_CPMCDaviesCampusSutter,0.4241478093541847,0.4241478093541847
77,MDP_optimal,ROUTE_JohnMuirMedicalCenterConcordCampus,0.32734294144,0.32734294144
77,tree_depth_1,ROUTE_JohnMuirMedicalCenterConcordCampus,0.32734294144,0.32734294144
77,tree_depth_2,ROUTE_JohnMuirMedicalCenterConcordCampus,0.32734294144,0.32734294144
77,tree_depth_3,ROUTE_JohnMuirMedicalCenterConcordCampus,0.32734294144,0.32734294144
77,tree_depth_4,ROUTE_JohnMuirMedicalCenterConcordCampus,0.32734294144,0.32734294144
77,tree_depth_5,ROUTE_JohnMuirMedicalCenterConcordCampus,0.32734294144,0.32734294144
77,tree_depth_6,ROUTE_JohnMuirMedicalCenterConcordCampus,0.32734294144,0.32734294144
77,tree_depth_8,ROUTE_JohnMuirMedicalCenterConcordCampus,0.32734294144,0.32734294144
77,tree_depth_10,ROUTE_JohnMuirMedicalCenterConcordCampus,0.32734294144,0.32734294144
77,tree_depth_inf,ROUTE_JohnMuirMedicalCenterConcordCampus,0.32734294144,0.32734294144
77,Nearest,ROUTE_JohnMuirMedicalCenterConcordCampus,0.32734294144,0.32734294144
77,Heuristic_1,ROUTE_JohnMuirMedicalCenterWalnutCreekCampus,0.32734294144,0.32734294144
77,Heuristic_2,ROUTE_JohnMuirMedicalCenterConcordCampus,0.32734294144,0.32734294144
78,MDP_optimal,ROUTE_KaiserFoundationHospitalOaklandRichmond,0.33902554809018587,0.33902554809018587
78,tree_depth_1,ROUTE_KaiserFoundationHospitalOaklandRichmond,0.33902554809018587,0.33902554809018587
78,tree_depth_2,ROUTE_KaiserFoundationHospitalOaklandRichmond,0.33902554809018587,0.33902554809018587
78,tree_depth_3,ROUTE_KaiserFoundationHospitalOaklandRichmond,0.33902554809018587,0.33902554809018587
78,tree_depth_4,ROUTE_KaiserFoundationHospitalOaklandRichmond,0.33902554809018587,0.33902554809018587
78,tree_depth_5,ROUTE_KaiserFoundationHospitalOaklandRichmond,0.33902554809018587,0.33902554809018587
78,tree_depth_6,ROUTE_KaiserFoundationHospitalOaklandRichmond,0.33902554809018587,0.33902554809018587
78,tree_depth_8,ROUTE_KaiserFoundationHospitalOaklandRichmond,0.33902554809018587,0.33902554809018587
78,tree_depth_10,ROUTE_KaiserFoundationHospitalOaklandRichmond,0.33902554809018587,0.33902554809018587
78,tree_depth_inf,ROUTE_KaiserFoundationHospitalOaklandRichmond,0.33902554809018587,0.33902554809018587
78,Nearest,ROUTE_KaiserFoundationHospitalOaklandRichmond,0.33902554809018587,0.33902554809018587
78,Heuristic_1,ROUTE_SutterEdenMedicalCenter,0.33614227838509436,0.33902554809018587
78,Heuristic_2,ROUTE_KaiserFoundationHospitalOaklandRichmond,0.33902554809018587,0.33902554809018587
79,MDP_optimal,ROUTE_CPMCDaviesCampusSutter,0.42040663646902154,0.42040663646902154
79,tree_depth_1,ROUTE_CPMCDaviesCampusSutter,0.42040663646902154,0.42040663646902154
79,tree_depth_2,ROUTE_CPMCDaviesCampusSutter,0.42040663646902154,0.42040663646902154
79,tree_depth_3,ROUTE_CPMCDaviesCampusSutter,0.42040663646902154,0.42040663646902154
79,tree_depth_4,ROUTE_CPMCDaviesCampusSutter,0.42040663646902154,0.42040663646902154
79,tree_depth_5,ROUTE_CPMCDaviesCampusSutter,0.42040663646902154,0.42040663646902154
79,tree_depth_6,ROUTE_CPMCDaviesCampusSutter,0.42040663646902154,0.42040663646902154
79,tree_depth_8,ROUTE_CPMCDaviesCampusSutter,0.42040663646902154,0.42040663646902154
79,tree_depth_10,ROUTE_CPMCDaviesCampusSutter,0.42040663646902154,0.42040663646902154
79,tree_depth_inf,ROUTE_CPMCDaviesCampusSutter,0.42040663646902154,0.42040663646902154
79,Nearest,ROUTE_CPMCMissionBernalCampusSutter,0.35738607725552735,0.42040663646902154
79,Heuristic_1,ROUTE_CPMCDaviesCampusSutter,0.42040663646902154,0.42040663646902154
79,Heuristic_2,ROUTE_CPMCMissionBernalCampusSutter,0.35738607725552735,0.42040663646902154
80,MDP_optimal,ROUTE_CPMCDaviesCampusSutter,0.42331849979010705,0.42331849979010705
80,tree_depth_1,ROUTE_CPMCDaviesCampusSutter,0.42331849979010705,0.42331849979010705
80,tree_depth_2,ROUTE_CPMCDaviesCampusSutter,0.42331849979010705,0.42331849979010705
80,tree_depth_3,ROUTE_CPMCDaviesCampusSutter,0.42331849979010705,0.42331849979010705
80,tree_depth_4,ROUTE_CPMCDaviesCampusSutter,0.42331849979010705,0.42331849979010705
80,tree_depth_5,ROUTE_CPMCDaviesCampusSutter,0.42331849979010705,0.42331849979010705
80,tree_depth_6,ROUTE_CPMCDaviesCampusSutter,0.42331849979010705,0.42331849979010705
80,tree_depth_8,ROUTE_CPMCDaviesCampusSutter,0.42331849979010705,0.42331849979010705
80,tree_depth_10,ROUTE_CPMCDaviesCampusSutter,0.42331849979010705,0.42331849979010705
80,tree_depth_inf,ROUTE_CPMCDaviesCampusSutter,0.42331849979010705,0.42331849979010705
80,Nearest,ROUTE_CPMCVanNessCampusSutter,0.3589617456210086,0.42331849979010705
80,Heuristic_1,ROUTE_CPMCDaviesCampusSutter,0.42331849979010705,0.42331849979010705
80,Heuristic_2,ROUTE_CPMCVanNessCampusSutter,0.3589617456210086,0.42331849979010705
81,MDP_optimal,ROUTE_ElCaminoHealthMountainView,0.4312747456968338,0.4312747456968338
81,tree_depth_1,ROUTE_ElCaminoHealthMountainView,0.4312747456968338,0.4312747456968338
81,tree_depth_2,ROUTE_ElCaminoHealthMountainView,0.4312747456968338,0.4312747456968338
81,tree_depth_3,ROUTE_ElCaminoHealthMountainView,0.4312747456968338,0.4312747456968338
81,tree_depth_4,ROUTE_ElCaminoHealthMountainView,0.4312747456968338,0.4312747456968338
81,tree_depth_5,ROUTE_ElCaminoHealthMountainView,0.4312747456968338,0.4312747456968338
81,tree_depth_6,ROUTE_ElCaminoHealthMountainView,0.4312747456968338,0.4312747456968338
81,tree_depth_8,ROUTE_ElCaminoHealthMountainView,0.4312747456968338,0.4312747456968338
81,tree_depth_10,ROUTE_ElCaminoHealthMountainView,0.4312747456968338,0.4312747456968338
81,tree_depth_inf,ROUTE_ElCaminoHealthMountainView,0.4312747456968338,0.4312747456968338
81,Nearest,ROUTE_ElCaminoHealthMountainView,0.4312747456968338,0.4312747456968338
81,Heuristic_1,ROUTE_ElCaminoHealthMountainView,0.4312747456968338,0.4312747456968338
81,Heuristic_2,ROUTE_ElCaminoHealthMountainView,0.4312747456968338,0.4312747456968338
82,MDP_optimal,ROUTE_JohnMuirMedicalCenterWalnutCreekCampus,0.43490583264924165,0.43490583264924165
82,tree_depth_1,ROUTE_JohnMuirMedicalCenterWalnutCreekCampus,0.43490583264924165,0.43490583264924165
82,tree_depth_2,ROUTE_JohnMuirMedicalCenterWalnutCreekCampus,0.43490583264924165,0.43490583264924165
82,tree_depth_3,ROUTE_JohnMuirMedicalCenterWalnutCreekCampus,0.43490583264924165,0.43490583264924165
82,tree_depth_4,ROUTE_JohnMuirMedicalCenterWalnutCreekCampus,0.43490583264924165,0.43490583264924165
82,tree_depth_5,ROUTE_JohnMuirMedicalCenterWalnutCreekCampus,0.43490583264924165,0.43490583264924165
82,tree_depth_6,ROUTE_JohnMuirMedicalCenterWalnutCreekCampus,0.43490583264924165,0.43490583264924165
82,tree_depth_8,ROUTE_JohnMuirMedicalCenterWalnutCreekCampus,0.43490583264924165,0.43490583264924165
82,tree_depth_10,ROUTE_JohnMuirMedicalCenterWalnutCreekCampus,0.43490583264924165,0.43490583264924165
82,tree_depth_inf,ROUTE_JohnMuirMedicalCenterWalnutCreekCampus,0.43490583264924165,0.43490583264924165
82,Nearest,ROUTE_JohnMuirMedicalCenterConcordCampus,0.4279509377059661,0.43490583264924165
82,Heuristic_1,ROUTE_JohnMuirMedicalCenterWalnutCreekCampus,0.43490583264924165,0.43490583264924165
82,Heuristic_2,ROUTE_JohnMuirMedicalCenterConcordCampus,0.4279509377059661,0.43490583264924165
83,MDP_optimal,ROUTE_CPMCMissionBernalCampusSutter,0.32734294144,0.32734294144
83,tree_depth_1,ROUTE_CPMCMissionBernalCampusSutter,0.32734294144,0.32734294144
83,tree_depth_2,ROUTE_CPMCMissionBernalCampusSutter,0.32734294144,0.32734294144
83,tree_depth_3,ROUTE_CPMCMissionBernalCampusSutter,0.32734294144,0.32734294144
83,tree_depth_4,ROUTE_CPMCMissionBernalCampusSutter,0.32734294144,0.32734294144
83,tree_depth_5,ROUTE_CPMCMissionBernalCampusSutter,0.32734294144,0.32734294144
83,tree_depth_6,ROUTE_CPMCMissionBernalCampusSutter,0.32734294144,0.32734294144
83,tree_depth_8,ROUTE_CPMCMissionBernalCampusSutter,0.32734294144,0.32734294144
83,tree_depth_10,ROUTE_CPMCMissionBernalCampusSutter,0.32734294144,0.32734294144
83,tree_depth_inf,ROUTE_CPMCMissionBernalCampusSutter,0.32734294144,0.32734294144
83,Nearest,ROUTE_CPMCMissionBernalCampusSutter,0.32734294144,0.32734294144
83,Heuristic_1,ROUTE_CPMCDaviesCampusSutter,0.32734294144,0.32734294144
83,Heuristic_2,ROUTE_CPMCMissionBernalCampusSutter,0.32734294144,0.32734294144
84,MDP_optimal,ROUTE_RegionalMedicalCenterOfSanJose,0.40502213390824154,0.40502213390824154
84,tree_depth_1,ROUTE_RegionalMedicalCenterOfSanJose,0.40502213390824154,0.40502213390824154
84,tree_depth_2,ROUTE_RegionalMedicalCenterOfSanJose,0.40502213390824154,0.40502213390824154
84,tree_depth_3,ROUTE_RegionalMedicalCenterOfSanJose,0.40502213390824154,0.40502213390824154
84,tree_depth_4,ROUTE_RegionalMedicalCenterOfSanJose,0.40502213390824154,0.40502213390824154
84,tree_depth_5,ROUTE_RegionalMedicalCenterOfSanJose,0.40502213390824154,0.40502213390824154
84,tree_depth_6,ROUTE_RegionalMedicalCenterOfSanJose,0.40502213390824154,0.40502213390824154
84,tree_depth_8,ROUTE_RegionalMedicalCenterOfSanJose,0.40502213390824154,0.40502213390824154
84,tree_depth_10,ROUTE_RegionalMedicalCenterOfSanJose,0.40502213390824154,0.40502213390824154
84,tree_depth_inf,ROUTE_RegionalMedicalCenterOfSanJose,0.40502213390824154,0.40502213390824154
84,Nearest,ROUTE_RegionalMedicalCenterOfSanJose,0.40502213390824154,0.40502213390824154
84,Heuristic_1,ROUTE_RegionalMedicalCenterOfSanJose,0.40502213390824154,0.40502213390824154
84,Heuristic_2,ROUTE_RegionalMedicalCenterOfSanJose,0.40502213390824154,0.40502213390824154
85,MDP_optimal,ROUTE_UCSFHealthHydeHospital,0.32734294144,0.32734294144
85,tree_depth_1,ROUTE_UCSFHealthHydeHospital,0.32734294144,0.32734294144
85,tree_depth_2,ROUTE_UCSFHealthHydeHospital,0.32734294144,0.32734294144
85,tree_depth_3,ROUTE_UCSFHealthHydeHospital,0.32734294144,0.32734294144
85,tree_depth_4,ROUTE_UCSFHealthHydeHospital,0.32734294144,0.32734294144
85,tree_depth_5,ROUTE_UCSFHealthHydeHospital,0.32734294144,0.32734294144
85,tree_depth_6,ROUTE_UCSFHealthHydeHospital,0.32734294144,0.32734294144
85,tree_depth_8,ROUTE_UCSFHealthHydeHospital,0.32734294144,0.32734294144
85,tree_depth_10,ROUTE_UCSFHealthHydeHospital,0.32734294144,0.32734294144
85,tree_depth_inf,ROUTE_UCSFHealthHydeHospital,0.32734294144,0.32734294144
85,Nearest,ROUTE_UCSFHealthHydeHospital,0.32734294144,0.32734294144
85,Heuristic_1,ROUTE_CPMCDaviesCampusSutter,0.32734294144,0.32734294144
85,Heuristic_2,ROUTE_UCSFHealthHydeHospital,0.32734294144,0.32734294144
86,MDP_optimal,ROUTE_RegionalMedicalCenterOfSanJose,0.4191112077269006,0.4191112077269006
86,tree_depth_1,ROUTE_RegionalMedicalCenterOfSanJose,0.4191112077269006,0.4191112077269006
86,tree_depth_2,ROUTE_RegionalMedicalCenterOfSanJose,0.4191112077269006,0.4191112077269006
86,tree_depth_3,ROUTE_RegionalMedicalCenterOfSanJose,0.4191112077269006,0.4191112077269006
86,tree_depth_4,ROUTE_RegionalMedicalCenterOfSanJose,0.4191112077269006,0.4191112077269006
86,tree_depth_5,ROUTE_RegionalMedicalCenterOfSanJose,0.4191112077269006,0.4191112077269006
86,tree_depth_6,ROUTE_RegionalMedicalCenterOfSanJose,0.4191112077269006,0.4191112077269006
86,tree_depth_8,ROUTE_RegionalMedicalCenterOfSanJose,0.4191112077269006,0.4191112077269006
86,tree_depth_10,ROUTE_RegionalMedicalCenterOfSanJose,0.4191112077269006,0.4191112077269006
86,tree_depth_inf,ROUTE_RegionalMedicalCenterOfSanJose,0.4191112077269006,0.4191112077269006
86,Nearest,ROUTE_KaiserFoundationHospitalFremont,0.3553764438575271,0.4191112077269006
86,Heuristic_1,ROUTE_RegionalMedicalCenterOfSanJose,0.4191112077269006,0.4191112077269006
86,Heuristic_2,ROUTE_KaiserFoundationHospitalFremont,0.3553764438575271,0.4191112077269006
87,MDP_optimal,ROUTE_JohnMuirMedicalCenterWalnutCreekCampus,0.41166252099453454,0.41166252099453454
87,tree_depth_1,ROUTE_JohnMuirMedicalCenterWalnutCreekCampus,0.41166252099453454,0.41166252099453454
87,tree_depth_2,ROUTE_JohnMuirMedicalCenterWalnutCreekCampus,0.41166252099453454,0.41166252099453454
87,tree_depth_3,ROUTE_JohnMuirMedicalCenterWalnutCreekCampus,0.41166252099453454,0.41166252099453454
87,tree_depth_4,ROUTE_JohnMuirMedicalCenterWalnutCreekCampus,0.41166252099453454,0.41166252099453454
87,tree_depth_5,ROUTE_JohnMuirMedicalCenterWalnutCreekCampus,0.41166252099453454,0.41166252099453454
87,tree_depth_6,ROUTE_JohnMuirMedicalCenterWalnutCreekCampus,0.41166252099453454,0.41166252099453454
87,tree_depth_8,ROUTE_JohnMuirMedicalCenterWalnutCreekCampus,0.41166252099453454,0.41166252099453454
87,tree_depth_10,ROUTE_JohnMuirMedicalCenterWalnutCreekCampus,0.41166252099453454,0.41166252099453454
87,tree_depth_inf,ROUTE_JohnMuirMedicalCenterWalnutCreekCampus,0.41166252099453454,0.41166252099453454
87,Nearest,ROUTE_AltaBatesSummitMedicalCenterAltaBatesCampus,0.32734294144,0.41166252099453454
87,Heuristic_1,ROUTE_JohnMuirMedicalCenterWalnutCreekCampus,0.41166252099453454,0.41166252099453454
87,Heuristic_2,ROUTE_KaiserFoundationHospitalOaklandRichmond,0.35223713008458835,0.41166252099453454
88,MDP_optimal,ROUTE_SequoiaHospital,0.33746645679143333,0.33746645679143333
88,tree_depth_1,ROUTE_SequoiaHospital,0.33746645679143333,0.33746645679143333
88,tree_depth_2,ROUTE_SequoiaHospital,0.33746645679143333,0.33746645679143333
88,tree_depth_3,ROUTE_SequoiaHospital,0.33746645679143333,0.33746645679143333
88,tree_depth_4,ROUTE_SequoiaHospital,0.33746645679143333,0.33746645679143333
88,tree_depth_5,ROUTE_SequoiaHospital,0.33746645679143333,0.33746645679143333
88,tree_depth_6,ROUTE_SequoiaHospital,0.33746645679143333,0.33746645679143333
88,tree_depth_8,ROUTE_SequoiaHospital,0.33746645679143333,0.33746645679143333
88,tree_depth_10,ROUTE_SequoiaHospital,0.33746645679143333,0.33746645679143333
88,tree_depth_inf,ROUTE_SequoiaHospital,0.33746645679143333,0.33746645679143333
88,Nearest,ROUTE_SequoiaHospital,0.33746645679143333,0.33746645679143333
88,Heuristic_1,ROUTE_KaiserFoundationHospitalRedwoodCity,0.33645140774316723,0.33746645679143333
88,Heuristic_2,ROUTE_SequoiaHospital,0.33746645679143333,0.33746645679143333
89,MDP_optimal,ROUTE_SutterEdenMedicalCenter,0.4121272417713963,0.4121272417713963
89,tree_depth_1,ROUTE_SutterEdenMedicalCenter,0.4121272417713963,0.4121272417713963
89,tree_depth_2,ROUTE_SutterEdenMedicalCenter,0.4121272417713963,0.4121272417713963
89,tree_depth_3,ROUTE_SutterEdenMedicalCenter,0.4121272417713963,0.4121272417713963
89,tree_depth_4,ROUTE_SutterEdenMedicalCenter,0.4121272417713963,0.4121272417713963
89,tree_depth_5,ROUTE_SutterEdenMedicalCenter,0.4121272417713963,0.4121272417713963
89,tree_depth_6,ROUTE_SutterEdenMedicalCenter,0.4121272417713963,0.4121272417713963
89,tree_depth_8,ROUTE_SutterEdenMedicalCenter,0.4121272417713963,0.4121272417713963
89,tree_depth_10,ROUTE_SutterEdenMedicalCenter,0.4121272417713963,0.4121272417713963
89,tree_depth_inf,ROUTE_SutterEdenMedicalCenter,0.4121272417713963,0.4121272417713963
89,Nearest,ROUTE_StanfordHealthCareTriValley,0.3509056541166061,0.4121272417713963
89,Heuristic_1,ROUTE_SutterEdenMedicalCenter,0.4121272417713963,0.4121272417713963
89,Heuristic_2,ROUTE_StanfordHealthCareTriValley,0.3509056541166061,0.4121272417713963
90,MDP_optimal,ROUTE_SanLeandroHospitalAlamedaHealthSystem,0.32734294144,0.32734294144
90,tree_depth_1,ROUTE_KaiserFoundationHospitalSanLeandro,0.32734294144,0.32734294144
90,tree_depth_2,ROUTE_KaiserFoundationHospitalSanLeandro,0.32734294144,0.32734294144
90,tree_depth_3,ROUTE_SanLeandroHospitalAlamedaHealthSystem,0.32734294144,0.32734294144
90,tree_depth_4,ROUTE_SanLeandroHospitalAlamedaHealthSystem,0.32734294144,0.32734294144
90,tree_depth_5,ROUTE_SanLeandroHospitalAlamedaHealthSystem,0.32734294144,0.32734294144
90,tree_depth_6,ROUTE_SanLeandroHospitalAlamedaHealthSystem,0.32734294144,0.32734294144
90,tree_depth_8,ROUTE_SanLeandroHospitalAlamedaHealthSystem,0.32734294144,0.32734294144
90,tree_depth_10,ROUTE_SanLeandroHospitalAlamedaHealthSystem,0.32734294144,0.32734294144
90,tree_depth_inf,ROUTE_SanLeandroHospitalAlamedaHealthSystem,0.32734294144,0.32734294144
90,Nearest,ROUTE_SanLeandroHospitalAlamedaHealthSystem,0.32734294144,0.32734294144
90,Heuristic_1,ROUTE_SutterEdenMedicalCenter,0.32734294144,0.32734294144
90,Heuristic_2,ROUTE_KaiserFoundationHospitalSanLeandro,0.32734294144,0.32734294144
91,MDP_optimal,ROUTE_KaiserFoundationHospitalFremont,0.32734294144,0.32734294144
91,tree_depth_1,ROUTE_KaiserFoundationHospitalFremont,0.32734294144,0.32734294144
91,tree_depth_2,ROUTE_KaiserFoundationHospitalFremont,0.32734294144,0.32734294144
91,tree_depth_3,ROUTE_KaiserFoundationHospitalFremont,0.32734294144,0.32734294144
91,tree_depth_4,ROUTE_KaiserFoundationHospitalFremont,0.32734294144,0.32734294144
91,tree_depth_5,ROUTE_KaiserFoundationHospitalFremont,0.32734294144,0.32734294144
91,tree_depth_6,ROUTE_KaiserFoundationHospitalFremont,0.32734294144,0.32734294144
91,tree_depth_8,ROUTE_KaiserFoundationHospitalFremont,0.32734294144,0.32734294144
91,tree_depth_10,ROUTE_KaiserFoundationHospitalFremont,0.32734294144,0.32734294144
91,tree_depth_inf,ROUTE_KaiserFoundationHospitalFremont,0.32734294144,0.32734294144
91,Nearest,ROUTE_KaiserFoundationHospitalFremont,0.32734294144,0.32734294144
91,Heuristic_1,ROUTE_RegionalMedicalCenterOfSanJose,0.32734294144,0.32734294144
91,Heuristic_2,ROUTE_KaiserFoundationHospitalFremont,0.32734294144,0.32734294144
92,MDP_optimal,ROUTE_RegionalMedicalCenterOfSanJose,0.32734294144,0.32734294144
92,tree_depth_1,ROUTE_SantaClaraValleyMedicalCenter,0.32734294144,0.32734294144
92,tree_depth_2,ROUTE_RegionalMedicalCenterOfSanJose,0.32734294144,0.32734294144
92,tree_depth_3,ROUTE_RegionalMedicalCenterOfSanJose,0.32734294144,0.32734294144
92,tree_depth_4,ROUTE_RegionalMedicalCenterOfSanJose,0.32734294144,0.32734294144
92,tree_depth_5,ROUTE_RegionalMedicalCenterOfSanJose,0.32734294144,0.32734294144
92,tree_depth_6,ROUTE_RegionalMedicalCenterOfSanJose,0.32734294144,0.32734294144
92,tree_depth_8,ROUTE_RegionalMedicalCenterOfSanJose,0.32734294144,0.32734294144
92,tree_depth_10,ROUTE_RegionalMedicalCenterOfSanJose,0.32734294144,0.32734294144
92,tree_depth_inf,ROUTE_RegionalMedicalCenterOfSanJose,0.32734294144,0.32734294144
92,Nearest,ROUTE_RegionalMedicalCenterOfSanJose,0.32734294144,0.32734294144
92,Heuristic_1,ROUTE_RegionalMedicalCenterOfSanJose,0.32734294144,0.32734294144
92,Heuristic_2,ROUTE_RegionalMedicalCenterOfSanJose,0.32734294144,0.32734294144
93,MDP_optimal,ROUTE_JohnMuirMedicalCenterWalnutCreekCampus,0.3391959815078856,0.3391959815078856
93,tree_depth_1,ROUTE_JohnMuirMedicalCenterWalnutCreekCampus,0.3391959815078856,0.3391959815078856
93,tree_depth_2,ROUTE_JohnMuirMedicalCenterWalnutCreekCampus,0.3391959815078856,0.3391959815078856
93,tree_depth_3,ROUTE_JohnMuirMedicalCenterWalnutCreekCampus,0.3391959815078856,0.3391959815078856
93,tree_depth_4,ROUTE_JohnMuirMedicalCenterWalnutCreekCampus,0.3391959815078856,0.3391959815078856
93,tree_depth_5,ROUTE_JohnMuirMedicalCenterWalnutCreekCampus,0.3391959815078856,0.3391959815078856
93,tree_depth_6,ROUTE_JohnMuirMedicalCenterWalnutCreekCampus,0.3391959815078856,0.3391959815078856
93,tree_depth_8,ROUTE_JohnMuirMedicalCenterWalnutCreekCampus,0.3391959815078856,0.3391959815078856
93,tree_depth_10,ROUTE_JohnMuirMedicalCenterWalnutCreekCampus,0.3391959815078856,0.3391959815078856
93,tree_depth_inf,ROUTE_JohnMuirMedicalCenterWalnutCreekCampus,0.3391959815078856,0.3391959815078856
93,Nearest,ROUTE_ContraCostaRegionalMedicalCenter,0.32734294144,0.3391959815078856
93,Heuristic_1,ROUTE_JohnMuirMedicalCenterWalnutCreekCampus,0.3391959815078856,0.3391959815078856
93,Heuristic_2,ROUTE_JohnMuirMedicalCenterConcordCampus,0.33951123569037966,0.3391959815078856
94,MDP_optimal,ROUTE_CPMCMissionBernalCampusSutter,0.33809510305504487,0.33809510305504487
94,tree_depth_1,ROUTE_CPMCMissionBernalCampusSutter,0.33809510305504487,0.33809510305504487
94,tree_depth_2,ROUTE_CPMCMissionBernalCampusSutter,0.33809510305504487,0.33809510305504487
94,tree_depth_3,ROUTE_CPMCMissionBernalCampusSutter,0.33809510305504487,0.33809510305504487
94,tree_depth_4,ROUTE_CPMCMissionBernalCampusSutter,0.33809510305504487,0.33809510305504487
94,tree_depth_5,ROUTE_CPMCMissionBernalCampusSutter,0.33809510305504487,0.33809510305504487
94,tree_depth_6,ROUTE_CPMCMissionBernalCampusSutter,0.33809510305504487,0.33809510305504487
94,tree_depth_8,ROUTE_CPMCMissionBernalCampusSutter,0.33809510305504487,0.33809510305504487
94,tree_depth_10,ROUTE_CPMCMissionBernalCampusSutter,0.33809510305504487,0.33809510305504487
94,tree_depth_inf,ROUTE_CPMCMissionBernalCampusSutter,0.33809510305504487,0.33809510305504487
94,Nearest,ROUTE_CPMCMissionBernalCampusSutter,0.33809510305504487,0.33809510305504487
94,Heuristic_1,ROUTE_CPMCDaviesCampusSutter,0.33699598299863726,0.33809510305504487
94,Heuristic_2,ROUTE_CPMCMissionBernalCampusSutter,0.33809510305504487,0.33809510305504487
95,MDP_optimal,ROUTE_CPMCDaviesCampusSutter,0.429493872272853,0.429493872272853
95,tree_depth_1,ROUTE_CPMCDaviesCampusSutter,0.429493872272853,0.429493872272853
95,tree_depth_2,ROUTE_CPMCDaviesCampusSutter,0.429493872272853,0.429493872272853
95,tree_depth_3,ROUTE_CPMCDaviesCampusSutter,0.429493872272853,0.429493872272853
95,tree_depth_4,ROUTE_CPMCDaviesCampusSutter,0.429493872272853,0.429493872272853
95,tree_depth_5,ROUTE_CPMCDaviesCampusSutter,0.429493872272853,0.429493872272853
95,tree_depth_6,ROUTE_CPMCDaviesCampusSutter,0.429493872272853,0.429493872272853
95,tree_depth_8,ROUTE_CPMCDaviesCampusSutter,0.429493872272853,0.429493872272853
95,tree_depth_10,ROUTE_CPMCDaviesCampusSutter,0.429493872272853,0.429493872272853
95,tree_depth_inf,ROUTE_CPMCDaviesCampusSutter,0.429493872272853,0.429493872272853
95,Nearest,ROUTE_KaiserFoundationHospitalRichmondCampus,0.42533553727745804,0.429493872272853
95,Heuristic_1,ROUTE_CPMCDaviesCampusSutter,0.429493872272853,0.429493872272853
95,Heuristic_2,ROUTE_KaiserFoundationHospitalRichmondCampus,0.42533553727745804,0.429493872272853
96,MDP_optimal,ROUTE_NorthBayMedicalCenter,0.33537366115860556,0.33537366115860556
96,tree_depth_1,ROUTE_NorthBayMedicalCenter,0.33537366115860556,0.33537366115860556
96,tree_depth_2,ROUTE_NorthBayMedicalCenter,0.33537366115860556,0.33537366115860556
96,tree_depth_3,ROUTE_NorthBayMedicalCenter,0.33537366115860556,0.33537366115860556
96,tree_depth_4,ROUTE_NorthBayMedicalCenter,0.33537366115860556,0.33537366115860556
96,tree_depth_5,ROUTE_NorthBayMedicalCenter,0.33537366115860556,0.33537366115860556
96,tree_depth_6,ROUTE_NorthBayMedicalCenter,0.33537366115860556,0.33537366115860556
96,tree_depth_8,ROUTE_NorthBayMedicalCenter,0.33537366115860556,0.33537366115860556
96,tree_depth_10,ROUTE_NorthBayMedicalCenter,0.33537366115860556,0.33537366115860556
96,tree_depth_inf,ROUTE_NorthBayMedicalCenter,0.33537366115860556,0.33537366115860556
96,Nearest,ROUTE_NorthBayMedicalCenter,0.33537366115860556,0.33537366115860556
96,Heuristic_1,ROUTE_JohnMuirMedicalCenterWalnutCreekCampus,0.32734294144,0.33537366115860556
96,Heuristic_2,ROUTE_NorthBayMedicalCenter,0.33537366115860556,0.33537366115860556
97,MDP_optimal,ROUTE_SutterEdenMedicalCenter,0.41163978034900955,0.41163978034900955
97,tree_depth_1,ROUTE_SutterEdenMedicalCenter,0.41163978034900955,0.41163978034900955
97,tree_depth_2,ROUTE_SutterEdenMedicalCenter,0.41163978034900955,0.41163978034900955
97,tree_depth_3,ROUTE_SutterEdenMedicalCenter,0.41163978034900955,0.41163978034900955
97,tree_depth_4,ROUTE_SutterEdenMedicalCenter,0.41163978034900955,0.41163978034900955
97,tree_depth_5,ROUTE_SutterEdenMedicalCenter,0.41163978034900955,0.41163978034900955
97,tree_depth_6,ROUTE_SutterEdenMedicalCenter,0.41163978034900955,0.41163978034900955
97,tree_depth_8,ROUTE_SutterEdenMedicalCenter,0.41163978034900955,0.41163978034900955
97,tree_depth_10,ROUTE_SutterEdenMedicalCenter,0.41163978034900955,0.41163978034900955
97,tree_depth_inf,ROUTE_SutterEdenMedicalCenter,0.41163978034900955,0.41163978034900955
97,Nearest,ROUTE_StanfordHealthCareTriValley,0.35237703200471077,0.41163978034900955
97,Heuristic_1,ROUTE_SutterEdenMedicalCenter,0.41163978034900955,0.41163978034900955
97,Heuristic_2,ROUTE_StanfordHealthCareTriValley,0.35237703200471077,0.41163978034900955
98,MDP_optimal,ROUTE_MarinHealthMedicalCenter,0.32734294144,0.32734294144
98,tree_depth_1,ROUTE_MarinHealthMedicalCenter,0.32734294144,0.32734294144
98,tree_depth_2,ROUTE_MarinHealthMedicalCenter,0.32734294144,0.32734294144
98,tree_depth_3,ROUTE_MarinHealthMedicalCenter,0.32734294144,0.32734294144
98,tree_depth_4,ROUTE_MarinHealthMedicalCenter,0.32734294144,0.32734294144
98,tree_depth_5,ROUTE_MarinHealthMedicalCenter,0.32734294144,0.32734294144
98,tree_depth_6,ROUTE_MarinHealthMedicalCenter,0.32734294144,0.32734294144
98,tree_depth_8,ROUTE_MarinHealthMedicalCenter,0.32734294144,0.32734294144
98,tree_depth_10,ROUTE_MarinHealthMedicalCenter,0.32734294144,0.32734294144
98,tree_depth_inf,ROUTE_MarinHealthMedicalCenter,0.32734294144,0.32734294144
98,Nearest,ROUTE_MarinHealthMedicalCenter,0.32734294144,0.32734294144
98,Heuristic_1,ROUTE_UCSFMedicalCenter,0.32734294144,0.32734294144
98,Heuristic_2,ROUTE_MarinHealthMedicalCenter,0.32734294144,0.32734294144
99,MDP_optimal,ROUTE_JohnMuirMedicalCenterWalnutCreekCampus,0.41802236846909746,0.41802236846909746
99,tree_depth_1,ROUTE_JohnMuirMedicalCenterWalnutCreekCampus,0.41802236846909746,0.41802236846909746
99,tree_depth_2,ROUTE_JohnMuirMedicalCenterWalnutCreekCampus,0.41802236846909746,0.41802236846909746
99,tree_depth_3,ROUTE_JohnMuirMedicalCenterWalnutCreekCampus,0.41802236846909746,0.41802236846909746
99,tree_depth_4,ROUTE_JohnMuirMedicalCenterWalnutCreekCampus,0.41802236846909746,0.41802236846909746
99,tree_depth_5,ROUTE_JohnMuirMedicalCenterWalnutCreekCampus,0.41802236846909746,0.41802236846909746
99,tree_depth_6,ROUTE_JohnMuirMedicalCenterWalnutCreekCampus,0.41802236846909746,0.41802236846909746
99,tree_depth_8,ROUTE_JohnMuirMedicalCenterWalnutCreekCampus,0.41802236846909746,0.41802236846909746
99,tree_depth_10,ROUTE_JohnMuirMedicalCenterWalnutCreekCampus,0.41802236846909746,0.41802236846909746
99,tree_depth_inf,ROUTE_JohnMuirMedicalCenterWalnutCreekCampus,0.41802236846909746,0.41802236846909746
99,Nearest,ROUTE_JohnMuirMedicalCenterConcordCampus,0.35558698773170383,0.41802236846909746
99,Heuristic_1,ROUTE_JohnMuirMedicalCenterWalnutCreekCampus,0.41802236846909746,0.41802236846909746
99,Heuristic_2,ROUTE_JohnMuirMedicalCenterConcordCampus,0.35558698773170383,0.41802236846909746
100,MDP_optimal,ROUTE_StanfordHealthCareTriValley,0.32734294144,0.32734294144
100,tree_depth_1,ROUTE_StanfordHealthCareTriValley,0.32734294144,0.32734294144
100,tree_depth_2,ROUTE_StanfordHealthCareTriValley,0.32734294144,0.32734294144
100,tree_depth_3,ROUTE_StanfordHealthCareTriValley,0.32734294144,0.32734294144
100,tree_depth_4,ROUTE_StanfordHealthCareTriValley,0.32734294144,0.32734294144
100,tree_depth_5,ROUTE_StanfordHealthCareTriValley,0.32734294144,0.32734294144
100,tree_depth_6,ROUTE_StanfordHealthCareTriValley,0.32734294144,0.32734294144
100,tree_depth_8,ROUTE_StanfordHealthCareTriValley,0.32734294144,0.32734294144
100,tree_depth_10,ROUTE_StanfordHealthCareTriValley,0.32734294144,0.32734294144
100,tree_depth_inf,ROUTE_StanfordHealthCareTriValley,0.32734294144,0.32734294144
100,Nearest,ROUTE_StanfordHealthCareTriValley,0.32734294144,0.32734294144
100,Heuristic_1,ROUTE_SutterEdenMedicalCenter,0.32734294144,0.32734294144
100,Heuristic_2,ROUTE_StanfordHealthCareTriValley,0.32734294144,0.32734294144
101,MDP_optimal,ROUTE_JohnMuirMedicalCenterWalnutCreekCampus,0.4140860090731729,0.4140860090731729
101,tree_depth_1,ROUTE_JohnMuirMedicalCenterWalnutCreekCampus,0.4140860090731729,0.4140860090731729
101,tree_depth_2,ROUTE_JohnMuirMedicalCenterWalnutCreekCampus,0.4140860090731729,0.4140860090731729
101,tree_depth_3,ROUTE_JohnMuirMedicalCenterWalnutCreekCampus,0.4140860090731729,0.4140860090731729
101,tree_depth_4,ROUTE_JohnMuirMedicalCenterWalnutCreekCampus,0.4140860090731729,0.4140860090731729
101,tree_depth_5,ROUTE_JohnMuirMedicalCenterWalnutCreekCampus,0.4140860090731729,0.4140860090731729
101,tree_depth_6,ROUTE_JohnMuirMedicalCenterWalnutCreekCampus,0.4140860090731729,0.4140860090731729
101,tree_depth_8,ROUTE_JohnMuirMedicalCenterWalnutCreekCampus,0.4140860090731729,0.4140860090731729
101,tree_depth_10,ROUTE_JohnMuirMedicalCenterWalnutCreekCampus,0.4140860090731729,0.4140860090731729
101,tree_depth_inf,ROUTE_JohnMuirMedicalCenterWalnutCreekCampus,0.4140860090731729,0.4140860090731729
101,Nearest,ROUTE_KaiserFoundationHospitalAntioch,0.35509978872842624,0.4140860090731729
101,Heuristic_1,ROUTE_JohnMuirMedicalCenterWalnutCreekCampus,0.4140860090731729,0.4140860090731729
101,Heuristic_2,ROUTE_KaiserFoundationHospitalAntioch,0.35509978872842624,0.4140860090731729
102,MDP_optimal,ROUTE_JohnMuirMedicalCenterWalnutCreekCampus,0.4068858068338546,0.4068858068338546
102,tree_depth_1,ROUTE_JohnMuirMedicalCenterWalnutCreekCampus,0.4068858068338546,0.4068858068338546
102,tree_depth_2,ROUTE_JohnMuirMedicalCenterWalnutCreekCampus,0.4068858068338546,0.4068858068338546
102,tree_depth_3,ROUTE_JohnMuirMedicalCenterWalnutCreekCampus,0.4068858068338546,0.4068858068338546
102,tree_depth_4,ROUTE_JohnMuirMedicalCenterWalnutCreekCampus,0.4068858068338546,0.4068858068338546
102,tree_depth_5,ROUTE_JohnMuirMedicalCenterWalnutCreekCampus,0.4068858068338546,0.4068858068338546
102,tree_depth_6,ROUTE_JohnMuirMedicalCenterWalnutCreekCampus,0.4068858068338546,0.4068858068338546
102,tree_depth_8,ROUTE_JohnMuirMedicalCenterWalnutCreekCampus,0.4068858068338546,0.4068858068338546
102,tree_depth_10,ROUTE_JohnMuirMedicalCenterWalnutCreekCampus,0.4068858068338546,0.4068858068338546
102,tree_depth_inf,ROUTE_JohnMuirMedicalCenterWalnutCreekCampus,0.4068858068338546,0.4068858068338546
102,Nearest,ROUTE_NorthBayMedicalCenter,0.35228182960238213,0.4068858068338546
102,Heuristic_1,ROUTE_JohnMuirMedicalCenterWalnutCreekCampus,0.4068858068338546,0.4068858068338546
102,Heuristic_2,ROUTE_NorthBayMedicalCenter,0.35228182960238213,0.4068858068338546
103,MDP_optimal,ROUTE_NorthBayMedicalCenter,0.32734294144,0.32734294144
103,tree_depth_1,ROUTE_NorthBayMedicalCenter,0.32734294144,0.32734294144
103,tree_depth_2,ROUTE_NorthBayMedicalCenter,0.32734294144,0.32734294144
103,tree_depth_3,ROUTE_NorthBayMedicalCenter,0.32734294144,0.32734294144
103,tree_depth_4,ROUTE_NorthBayMedicalCenter,0.32734294144,0.32734294144
103,tree_depth_5,ROUTE_NorthBayMedicalCenter,0.32734294144,0.32734294144
103,tree_depth_6,ROUTE_NorthBayMedicalCenter,0.32734294144,0.32734294144
103,tree_depth_8,ROUTE_NorthBayMedicalCenter,0.32734294144,0.32734294144
103,tree_depth_10,ROUTE_NorthBayMedicalCenter,0.32734294144,0.32734294144
103,tree_depth_inf,ROUTE_NorthBayMedicalCenter,0.32734294144,0.32734294144
103,Nearest,ROUTE_NorthBayMedicalCenter,0.32734294144,0.32734294144
103,Heuristic_1,ROUTE_JohnMuirMedicalCenterWalnutCreekCampus,0.32734294144,0.32734294144
103,Heuristic_2,ROUTE_NorthBayMedicalCenter,0.32734294144,0.32734294144
104,MDP_optimal,ROUTE_CPMCDaviesCampusSutter,0.42115909894929776,0.42115909894929776
104,tree_depth_1,ROUTE_CPMCDaviesCampusSutter,0.42115909894929776,0.42115909894929776
104,tree_depth_2,ROUTE_CPMCDaviesCampusSutter,0.42115909894929776,0.42115909894929776
104,tree_depth_3,ROUTE_CPMCDaviesCampusSutter,0.42115909894929776,0.42115909894929776
104,tree_depth_4,ROUTE_CPMCDaviesCampusSutter,0.42115909894929776,0.42115909894929776
104,tree_depth_5,ROUTE_CPMCDaviesCampusSutter,0.42115909894929776,0.42115909894929776
104,tree_depth_6,ROUTE_CPMCDaviesCampusSutter,0.42115909894929776,0.42115909894929776
104,tree_depth_8,ROUTE_CPMCDaviesCampusSutter,0.42115909894929776,0.42115909894929776
104,tree_depth_10,ROUTE_CPMCDaviesCampusSutter,0.42115909894929776,0.42115909894929776
104,tree_depth_inf,ROUTE_CPMCDaviesCampusSutter,0.42115909894929776,0.42115909894929776
104,Nearest,ROUTE_CPMCMissionBernalCampusSutter,0.35800587711433335,0.42115909894929776
104,Heuristic_1,ROUTE_CPMCDaviesCampusSutter,0.42115909894929776,0.42115909894929776
104,Heuristic_2,ROUTE_CPMCMissionBernalCampusSutter,0.35800587711433335,0.42115909894929776
105,MDP_optimal,ROUTE_CPMCDaviesCampusSutter,0.3409646753841133,0.3409646753841133
105,tree_depth_1,ROUTE_CPMCDaviesCampusSutter,0.3409646753841133,0.3409646753841133
105,tree_depth_2,ROUTE_CPMCDaviesCampusSutter,0.3409646753841133,0.3409646753841133
105,tree_depth_3,ROUTE_CPMCDaviesCampusSutter,0.3409646753841133,0.3409646753841133
105,tree_depth_4,ROUTE_CPMCDaviesCampusSutter,0.3409646753841133,0.3409646753841133
105,tree_depth_5,ROUTE_CPMCDaviesCampusSutter,0.3409646753841133,0.3409646753841133
105,tree_depth_6,ROUTE_CPMCDaviesCampusSutter,0.3409646753841133,0.3409646753841133
105,tree_depth_8,ROUTE_CPMCDaviesCampusSutter,0.3409646753841133,0.3409646753841133
105,tree_depth_10,ROUTE_CPMCDaviesCampusSutter,0.3409646753841133,0.3409646753841133
105,tree_depth_inf,ROUTE_CPMCDaviesCampusSutter,0.3409646753841133,0.3409646753841133
105,Nearest,ROUTE_CPMCDaviesCampusSutter,0.3409646753841133,0.3409646753841133
105,Heuristic_1,ROUTE_CPMCDaviesCampusSutter,0.3409646753841133,0.3409646753841133
105,Heuristic_2,ROUTE_CPMCDaviesCampusSutter,0.3409646753841133,0.3409646753841133
106,MDP_optimal,ROUTE_RegionalMedicalCenterOfSanJose,0.4328870347177369,0.4328870347177369
106,tree_depth_1,ROUTE_RegionalMedicalCenterOfSanJose,0.4328870347177369,0.4328870347177369
106,tree_depth_2,ROUTE_RegionalMedicalCenterOfSanJose,0.4328870347177369,0.4328870347177369
106,tree_depth_3,ROUTE_RegionalMedicalCenterOfSanJose,0.4328870347177369,0.4328870347177369
106,tree_depth_4,ROUTE_RegionalMedicalCenterOfSanJose,0.4328870347177369,0.4328870347177369
106,tree_depth_5,ROUTE_RegionalMedicalCenterOfSanJose,0.4328870347177369,0.4328870347177369
106,tree_depth_6,ROUTE_RegionalMedicalCenterOfSanJose,0.4328870347177369,0.4328870347177369
106,tree_depth_8,ROUTE_RegionalMedicalCenterOfSanJose,0.4328870347177369,0.4328870347177369
106,tree_depth_10,ROUTE_RegionalMedicalCenterOfSanJose,0.4328870347177369,0.4328870347177369
106,tree_depth_inf,ROUTE_RegionalMedicalCenterOfSanJose,0.4328870347177369,0.4328870347177369
106,Nearest,ROUTE_KaiserFoundationHospitalFremont,0.42849466106414685,0.4328870347177369
106,Heuristic_1,ROUTE_RegionalMedicalCenterOfSanJose,0.4328870347177369,0.4328870347177369
106,Heuristic_2,ROUTE_KaiserFoundationHospitalFremont,0.42849466106414685,0.4328870347177369
107,MDP_optimal,ROUTE_ElCaminoHealthMountainView,0.32734294144,0.32734294144
107,tree_depth_1,ROUTE_ElCaminoHealthLosGatos,0.32734294144,0.32734294144
107,tree_depth_2,ROUTE_ElCaminoHealthMountainView,0.32734294144,0.32734294144
107,tree_depth_3,ROUTE_ElCaminoHealthMountainView,0.32734294144,0.32734294144
107,tree_depth_4,ROUTE_ElCaminoHealthMountainView,0.32734294144,0.32734294144
107,tree_depth_5,ROUTE_ElCaminoHealthMountainView,0.32734294144,0.32734294144
107,tree_depth_6,ROUTE_ElCaminoHealthMountainView,0.32734294144,0.32734294144
107,tree_depth_8,ROUTE_ElCaminoHealthMountainView,0.32734294144,0.32734294144
107,tree_depth_10,ROUTE_ElCaminoHealthMountainView,0.32734294144,0.32734294144
107,tree_depth_inf,ROUTE_ElCaminoHealthMountainView,0.32734294144,0.32734294144
107,Nearest,ROUTE_ElCaminoHealthMountainView,0.32734294144,0.32734294144
107,Heuristic_1,ROUTE_ElCaminoHealthMountainView,0.32734294144,0.32734294144
107,Heuristic_2,ROUTE_ElCaminoHealthMountainView,0.32734294144,0.32734294144
108,MDP_optimal,ROUTE_SutterEdenMedicalCenter,0.4250663074905801,0.4250663074905801
108,tree_depth_1,ROUTE_SutterEdenMedicalCenter,0.4250663074905801,0.4250663074905801
108,tree_depth_2,ROUTE_SutterEdenMedicalCenter,0.4250663074905801,0.4250663074905801
108,tree_depth_3,ROUTE_SutterEdenMedicalCenter,0.4250663074905801,0.4250663074905801
108,tree_depth_4,ROUTE_SutterEdenMedicalCenter,0.4250663074905801,0.4250663074905801
108,tree_depth_5,ROUTE_SutterEdenMedicalCenter,0.4250663074905801,0.4250663074905801
108,tree_depth_6,ROUTE_SutterEdenMedicalCenter,0.4250663074905801,0.4250663074905801
108,tree_depth_8,ROUTE_SutterEdenMedicalCenter,0.4250663074905801,0.4250663074905801
108,tree_depth_10,ROUTE_SutterEdenMedicalCenter,0.4250663074905801,0.4250663074905801
108,tree_depth_inf,ROUTE_SutterEdenMedicalCenter,0.4250663074905801,0.4250663074905801
108,Nearest,ROUTE_StRoseHospital,0.33693999520372236,0.4250663074905801
108,Heuristic_1,ROUTE_SutterEdenMedicalCenter,0.4250663074905801,0.4250663074905801
108,Heuristic_2,ROUTE_KaiserFoundationHospitalSanLeandro,0.36034885884307977,0.4250663074905801
109,MDP_optimal,ROUTE_SutterEdenMedicalCenter,0.4101193369492347,0.4101193369492347
109,tree_depth_1,ROUTE_SutterEdenMedicalCenter,0.4101193369492347,0.4101193369492347
109,tree_depth_2,ROUTE_SutterEdenMedicalCenter,0.4101193369492347,0.4101193369492347
109,tree_depth_3,ROUTE_SutterEdenMedicalCenter,0.4101193369492347,0.4101193369492347
109,tree_depth_4,ROUTE_SutterEdenMedicalCenter,0.4101193369492347,0.4101193369492347
109,tree_depth_5,ROUTE_SutterEdenMedicalCenter,0.4101193369492347,0.4101193369492347
109,tree_depth_6,ROUTE_SutterEdenMedicalCenter,0.4101193369492347,0.4101193369492347
109,tree_depth_8,ROUTE_SutterEdenMedicalCenter,0.4101193369492347,0.4101193369492347
109,tree_depth_10,ROUTE_SutterEdenMedicalCenter,0.4101193369492347,0.4101193369492347
109,tree_depth_inf,ROUTE_SutterEdenMedicalCenter,0.4101193369492347,0.4101193369492347
109,Nearest,ROUTE_HighlandHospitalWilmaChanCampus,0.34950592507165007,0.4101193369492347
109,Heuristic_1,ROUTE_SutterEdenMedicalCenter,0.4101193369492347,0.4101193369492347
109,Heuristic_2,ROUTE_HighlandHospitalWilmaChanCampus,0.34950592507165007,0.4101193369492347
110,MDP_optimal,ROUTE_JohnMuirMedicalCenterWalnutCreekCampus,0.32734294144,0.32734294144
110,tree_depth_1,ROUTE_JohnMuirMedicalCenterConcordCampus,0.32734294144,0.32734294144
110,tree_depth_2,ROUTE_JohnMuirMedicalCenterWalnutCreekCampus,0.32734294144,0.32734294144
110,tree_depth_3,ROUTE_JohnMuirMedicalCenterWalnutCreekCampus,0.32734294144,0.32734294144
110,tree_depth_4,ROUTE_JohnMuirMedicalCenterWalnutCreekCampus,0.32734294144,0.32734294144
110,tree_depth_5,ROUTE_JohnMuirMedicalCenterWalnutCreekCampus,0.32734294144,0.32734294144
110,tree_depth_6,ROUTE_JohnMuirMedicalCenterWalnutCreekCampus,0.32734294144,0.32734294144
110,tree_depth_8,ROUTE_JohnMuirMedicalCenterWalnutCreekCampus,0.32734294144,0.32734294144
110,tree_depth_10,ROUTE_JohnMuirMedicalCenterWalnutCreekCampus,0.32734294144,0.32734294144
110,tree_depth_inf,ROUTE_JohnMuirMedicalCenterWalnutCreekCampus,0.32734294144,0.32734294144
110,Nearest,ROUTE_JohnMuirMedicalCenterWalnutCreekCampus,0.32734294144,0.32734294144
110,Heuristic_1,ROUTE_JohnMuirMedicalCenterWalnutCreekCampus,0.32734294144,0.32734294144
110,Heuristic_2,ROUTE_JohnMuirMedicalCenterWalnutCreekCampus,0.32734294144,0.32734294144
111,MDP_optimal,ROUTE_MillsPeninsulaMedicalCenterSutter,0.42146924852133705,0.42146924852133705
111,tree_depth_1,ROUTE_MillsPeninsulaMedicalCenterSutter,0.42146924852133705,0.42146924852133705
111,tree_depth_2,ROUTE_MillsPeninsulaMedicalCenterSutter,0.42146924852133705,0.42146924852133705
111,tree_depth_3,ROUTE_MillsPeninsulaMedicalCenterSutter,0.42146924852133705,0.42146924852133705
111,tree_depth_4,ROUTE_MillsPeninsulaMedicalCenterSutter,0.42146924852133705,0.42146924852133705
111,tree_depth_5,ROUTE_MillsPeninsulaMedicalCenterSutter,0.42146924852133705,0.42146924852133705
111,tree_depth_6,ROUTE_MillsPeninsulaMedicalCenterSutter,0.42146924852133705,0.42146924852133705
111,tree_depth_8,ROUTE_MillsPeninsulaMedicalCenterSutter,0.42146924852133705,0.42146924852133705
111,tree_depth_10,ROUTE_MillsPeninsulaMedicalCenterSutter,0.42146924852133705,0.42146924852133705
111,tree_depth_inf,ROUTE_MillsPeninsulaMedicalCenterSutter,0.42146924852133705,0.42146924852133705
111,Nearest,ROUTE_AHMCSetonMedicalCenter,0.3585288813270312,0.42146924852133705
111,Heuristic_1,ROUTE_MillsPeninsulaMedicalCenterSutter,0.42146924852133705,0.42146924852133705
111,Heuristic_2,ROUTE_AHMCSetonMedicalCenter,0.3585288813270312,0.42146924852133705
112,MDP_optimal,ROUTE_UCSFMedicalCenter,0.32734294144,0.32734294144
112,tree_depth_1,ROUTE_UCSFHealthStanyanHospital,0.32734294144,0.32734294144
112,tree_depth_2,ROUTE_UCSFMedicalCenter,0.32734294144,0.32734294144
112,tree_depth_3,ROUTE_UCSFMedicalCenter,0.32734294144,0.32734294144
112,tree_depth_4,ROUTE_UCSFMedicalCenter,0.32734294144,0.32734294144
112,tree_depth_5,ROUTE_UCSFMedicalCenter,0.32734294144,0.32734294144
112,tree_depth_6,ROUTE_UCSFMedicalCenter,0.32734294144,0.32734294144
112,tree_depth_8,ROUTE_UCSFMedicalCenter,0.32734294144,0.32734294144
112,tree_depth_10,ROUTE_UCSFMedicalCenter,0.32734294144,0.32734294144
112,tree_depth_inf,ROUTE_UCSFMedicalCenter,0.32734294144,0.32734294144
112,Nearest,ROUTE_UCSFMedicalCenter,0.32734294144,0.32734294144
112,Heuristic_1,ROUTE_UCSFMedicalCenter,0.32734294144,0.32734294144
112,Heuristic_2,ROUTE_UCSFMedicalCenter,0.32734294144,0.32734294144
113,MDP_optimal,ROUTE_UCSFMedicalCenter,0.4080262651096654,0.4080262651096654
113,tree_depth_1,ROUTE_UCSFMedicalCenter,0.4080262651096654,0.4080262651096654
113,tree_depth_2,ROUTE_UCSFMedicalCenter,0.4080262651096654,0.4080262651096654
113,tree_depth_3,ROUTE_UCSFMedicalCenter,0.4080262651096654,0.4080262651096654
113,tree_depth_4,ROUTE_UCSFMedicalCenter,0.4080262651096654,0.4080262651096654
113,tree_depth_5,ROUTE_UCSFMedicalCenter,0.4080262651096654,0.4080262651096654
113,tree_depth_6,ROUTE_UCSFMedicalCenter,0.4080262651096654,0.4080262651096654
113,tree_depth_8,ROUTE_UCSFMedicalCenter,0.4080262651096654,0.4080262651096654
113,tree_depth_10,ROUTE_UCSFMedicalCenter,0.4080262651096654,0.4080262651096654
113,tree_depth_inf,ROUTE_UCSFMedicalCenter,0.4080262651096654,0.4080262651096654
113,Nearest,ROUTE_KaiserFoundationHospitalSanRafael,0.3530714531011701,0.4080262651096654
113,Heuristic_1,ROUTE_UCSFMedicalCenter,0.4080262651096654,0.4080262651096654
113,Heuristic_2,ROUTE_KaiserFoundationHospitalSanRafael,0.3530714531011701,0.4080262651096654
114,MDP_optimal,ROUTE_SutterEdenMedicalCenter,0.4051386374754649,0.4051386374754649
114,tree_depth_1,ROUTE_SutterEdenMedicalCenter,0.4051386374754649,0.4051386374754649
114,tree_depth_2,ROUTE_SutterEdenMedicalCenter,0.4051386374754649,0.4051386374754649
114,tree_depth_3,ROUTE_SutterEdenMedicalCenter,0.4051386374754649,0.4051386374754649
114,tree_depth_4,ROUTE_SutterEdenMedicalCenter,0.4051386374754649,0.4051386374754649
114,tree_depth_5,ROUTE_SutterEdenMedicalCenter,0.4051386374754649,0.4051386374754649
114,tree_depth_6,ROUTE_SutterEdenMedicalCenter,0.4051386374754649,0.4051386374754649
114,tree_depth_8,ROUTE_SutterEdenMedicalCenter,0.4051386374754649,0.4051386374754649
114,tree_depth_10,ROUTE_SutterEdenMedicalCenter,0.4051386374754649,0.4051386374754649
114,tree_depth_inf,ROUTE_SutterEdenMedicalCenter,0.4051386374754649,0.4051386374754649
114,Nearest,ROUTE_WashingtonHospitalHealthcareSystem,0.3463189806642118,0.4051386374754649
114,Heuristic_1,ROUTE_SutterEdenMedicalCenter,0.4051386374754649,0.4051386374754649
114,Heuristic_2,ROUTE_WashingtonHospitalHealthcareSystem,0.3463189806642118,0.4051386374754649
115,MDP_optimal,ROUTE_SutterEdenMedicalCenter,0.4115323254222826,0.4115323254222826
115,tree_depth_1,ROUTE_SutterEdenMedicalCenter,0.4115323254222826,0.4115323254222826
115,tree_depth_2,ROUTE_SutterEdenMedicalCenter,0.4115323254222826,0.4115323254222826
115,tree_depth_3,ROUTE_SutterEdenMedicalCenter,0.4115323254222826,0.4115323254222826
115,tree_depth_4,ROUTE_SutterEdenMedicalCenter,0.4115323254222826,0.4115323254222826
115,tree_depth_5,ROUTE_SutterEdenMedicalCenter,0.4115323254222826,0.4115323254222826
115,tree_depth_6,ROUTE_SutterEdenMedicalCenter,0.4115323254222826,0.4115323254222826
115,tree_depth_8,ROUTE_SutterEdenMedicalCenter,0.4115323254222826,0.4115323254222826
115,tree_depth_10,ROUTE_SutterEdenMedicalCenter,0.4115323254222826,0.4115323254222826
115,tree_depth_inf,ROUTE_SutterEdenMedicalCenter,0.4115323254222826,0.4115323254222826
115,Nearest,ROUTE_StanfordHealthCareTriValley,0.35177137476378456,0.4115323254222826
115,Heuristic_1,ROUTE_SutterEdenMedicalCenter,0.4115323254222826,0.4115323254222826
115,Heuristic_2,ROUTE_StanfordHealthCareTriValley,0.35177137476378456,0.4115323254222826
116,MDP_optimal,ROUTE_JohnMuirMedicalCenterConcordCampus,0.32734294144,0.32734294144
116,tree_depth_1,ROUTE_JohnMuirMedicalCenterConcordCampus,0.32734294144,0.32734294144
116,tree_depth_2,ROUTE_JohnMuirMedicalCenterConcordCampus,0.32734294144,0.32734294144
116,tree_depth_3,ROUTE_JohnMuirMedicalCenterConcordCampus,0.32734294144,0.32734294144
116,tree_depth_4,ROUTE_JohnMuirMedicalCenterConcordCampus,0.32734294144,0.32734294144
116,tree_depth_5,ROUTE_JohnMuirMedicalCenterConcordCampus,0.32734294144,0.32734294144
116,tree_depth_6,ROUTE_JohnMuirMedicalCenterConcordCampus,0.32734294144,0.32734294144
116,tree_depth_8,ROUTE_JohnMuirMedicalCenterConcordCampus,0.32734294144,0.32734294144
116,tree_depth_10,ROUTE_JohnMuirMedicalCenterConcordCampus,0.32734294144,0.32734294144
116,tree_depth_inf,ROUTE_JohnMuirMedicalCenterConcordCampus,0.32734294144,0.32734294144
116,Nearest,ROUTE_JohnMuirMedicalCenterConcordCampus,0.32734294144,0.32734294144
116,Heuristic_1,ROUTE_JohnMuirMedicalCenterWalnutCreekCampus,0.32734294144,0.32734294144
116,Heuristic_2,ROUTE_JohnMuirMedicalCenterConcordCampus,0.32734294144,0.32734294144
117,MDP_optimal,ROUTE_AltaBatesSummitMedicalCenterSummitCampus,0.33891080863611134,0.33891080863611134
117,tree_depth_1,ROUTE_AltaBatesSummitMedicalCenterSummitCampus,0.33891080863611134,0.33891080863611134
117,tree_depth_2,ROUTE_AltaBatesSummitMedicalCenterSummitCampus,0.33891080863611134,0.33891080863611134
117,tree_depth_3,ROUTE_AltaBatesSummitMedicalCenterAltaBatesCampus,0.32734294144,0.33891080863611134
117,tree_depth_4,ROUTE_AltaBatesSummitMedicalCenterSummitCampus,0.33891080863611134,0.33891080863611134
117,tree_depth_5,ROUTE_SutterEdenMedicalCenter,0.3366967126235156,0.33891080863611134
117,tree_depth_6,ROUTE_SutterEdenMedicalCenter,0.3366967126235156,0.33891080863611134
117,tree_depth_8,ROUTE_SutterEdenMedicalCenter,0.3366967126235156,0.33891080863611134
117,tree_depth_10,ROUTE_SutterEdenMedicalCenter,0.3366967126235156,0.33891080863611134
117,tree_depth_inf,ROUTE_SutterEdenMedicalCenter,0.3366967126235156,0.33891080863611134
117,Nearest,ROUTE_AltaBatesSummitMedicalCenterAltaBatesCampus,0.32734294144,0.33891080863611134
117,Heuristic_1,ROUTE_SutterEdenMedicalCenter,0.3366967126235156,0.33891080863611134
117,Heuristic_2,ROUTE_AltaBatesSummitMedicalCenterSummitCampus,0.33891080863611134,0.33891080863611134
118,MDP_optimal,ROUTE_CPMCDaviesCampusSutter,0.41923361564391143,0.41923361564391143
118,tree_depth_1,ROUTE_CPMCDaviesCampusSutter,0.41923361564391143,0.41923361564391143
118,tree_depth_2,ROUTE_CPMCDaviesCampusSutter,0.41923361564391143,0.41923361564391143
118,tree_depth_3,ROUTE_CPMCDaviesCampusSutter,0.41923361564391143,0.41923361564391143
118,tree_depth_4,ROUTE_CPMCDaviesCampusSutter,0.41923361564391143,0.41923361564391143
118,tree_depth_5,ROUTE_CPMCDaviesCampusSutter,0.41923361564391143,0.41923361564391143
118,tree_depth_6,ROUTE_CPMCDaviesCampusSutter,0.41923361564391143,0.41923361564391143
118,tree_depth_8,ROUTE_CPMCDaviesCampusSutter,0.41923361564391143,0.41923361564391143
118,tree_depth_10,ROUTE_CPMCDaviesCampusSutter,0.41923361564391143,0.41923361564391143
118,tree_depth_inf,ROUTE_CPMCDaviesCampusSutter,0.41923361564391143,0.41923361564391143
118,Nearest,ROUTE_KaiserFoundationHospitalRichmondCampus,0.3610802940691537,0.41923361564391143
118,Heuristic_1,ROUTE_CPMCDaviesCampusSutter,0.41923361564391143,0.41923361564391143
118,Heuristic_2,ROUTE_KaiserFoundationHospitalRichmondCampus,0.3610802940691537,0.41923361564391143
119,MDP_optimal,ROUTE_CPMCDaviesCampusSutter,0.3385969798938352,0.3385969798938352
119,tree_depth_1,ROUTE_CPMCDaviesCampusSutter,0.3385969798938352,0.3385969798938352
119,tree_depth_2,ROUTE_CPMCDaviesCampusSutter,0.3385969798938352,0.3385969798938352
119,tree_depth_3,ROUTE_KaiserFoundationHospitalRichmondCampus,0.3416764150565522,0.3385969798938352
119,tree_depth_4,ROUTE_KaiserFoundationHospitalRichmondCampus,0.3416764150565522,0.3385969798938352
119,tree_depth_5,ROUTE_KaiserFoundationHospitalRichmondCampus,0.3416764150565522,0.3385969798938352
119,tree_depth_6,ROUTE_KaiserFoundationHospitalRichmondCampus,0.3416764150565522,0.3385969798938352
119,tree_depth_8,ROUTE_KaiserFoundationHospitalRichmondCampus,0.3416764150565522,0.3385969798938352
119,tree_depth_10,ROUTE_KaiserFoundationHospitalRichmondCampus,0.3416764150565522,0.3385969798938352
119,tree_depth_inf,ROUTE_KaiserFoundationHospitalRichmondCampus,0.3416764150565522,0.3385969798938352
119,Nearest,ROUTE_KaiserFoundationHospitalRichmondCampus,0.3416764150565522,0.3385969798938352
119,Heuristic_1,ROUTE_CPMCDaviesCampusSutter,0.3385969798938352,0.3385969798938352
119,Heuristic_2,ROUTE_KaiserFoundationHospitalRichmondCampus,0.3416764150565522,0.3385969798938352
120,MDP_optimal,ROUTE_KaiserFoundationHospitalRedwoodCity,0.4317486908090952,0.4317486908090952
120,tree_depth_1,ROUTE_KaiserFoundationHospitalRedwoodCity,0.4317486908090952,0.4317486908090952
120,tree_depth_2,ROUTE_KaiserFoundationHospitalRedwoodCity,0.4317486908090952,0.4317486908090952
120,tree_depth_3,ROUTE_KaiserFoundationHospitalRedwoodCity,0.4317486908090952,0.4317486908090952
120,tree_depth_4,ROUTE_KaiserFoundationHospitalRedwoodCity,0.4317486908090952,0.4317486908090952
120,tree_depth_5,ROUTE_KaiserFoundationHospitalRedwoodCity,0.4317486908090952,0.4317486908090952
120,tree_depth_6,ROUTE_KaiserFoundationHospitalRedwoodCity,0.4317486908090952,0.4317486908090952
120,tree_depth_8,ROUTE_KaiserFoundationHospitalRedwoodCity,0.4317486908090952,0.4317486908090952
120,tree_depth_10,ROUTE_KaiserFoundationHospitalRedwoodCity,0.4317486908090952,0.4317486908090952
120,tree_depth_inf,ROUTE_KaiserFoundationHospitalRedwoodCity,0.4317486908090952,0.4317486908090952
120,Nearest,ROUTE_KaiserFoundationHospitalRedwoodCity,0.4317486908090952,0.4317486908090952
120,Heuristic_1,ROUTE_KaiserFoundationHospitalRedwoodCity,0.4317486908090952,0.4317486908090952
120,Heuristic_2,ROUTE_KaiserFoundationHospitalRedwoodCity,0.4317486908090952,0.4317486908090952
121,MDP_optimal,ROUTE_JohnMuirMedicalCenterWalnutCreekCampus,0.42530870547013244,0.42530870547013244
121,tree_depth_1,ROUTE_JohnMuirMedicalCenterWalnutCreekCampus,0.42530870547013244,0.42530870547013244
121,tree_depth_2,ROUTE_JohnMuirMedicalCenterWalnutCreekCampus,0.42530870547013244,0.42530870547013244
121,tree_depth_3,ROUTE_JohnMuirMedicalCenterWalnutCreekCampus,0.42530870547013244,0.42530870547013244
121,tree_depth_4,ROUTE_JohnMuirMedicalCenterWalnutCreekCampus,0.42530870547013244,0.42530870547013244
121,tree_depth_5,ROUTE_JohnMuirMedicalCenterWalnutCreekCampus,0.42530870547013244,0.42530870547013244
121,tree_depth_6,ROUTE_JohnMuirMedicalCenterWalnutCreekCampus,0.42530870547013244,0.42530870547013244
121,tree_depth_8,ROUTE_JohnMuirMedicalCenterWalnutCreekCampus,0.42530870547013244,0.42530870547013244
121,tree_depth_10,ROUTE_JohnMuirMedicalCenterWalnutCreekCampus,0.42530870547013244,0.42530870547013244
121,tree_depth_inf,ROUTE_JohnMuirMedicalCenterWalnutCreekCampus,0.42530870547013244,0.42530870547013244
121,Nearest,ROUTE_ContraCostaRegionalMedicalCenter,0.40048337414008156,0.42530870547013244
121,Heuristic_1,ROUTE_JohnMuirMedicalCenterWalnutCreekCampus,0.42530870547013244,0.42530870547013244
121,Heuristic_2,ROUTE_JohnMuirMedicalCenterConcordCampus,0.3614525493439342,0.42530870547013244
122,MDP_optimal,ROUTE_JohnMuirMedicalCenterWalnutCreekCampus,0.42154395208201567,0.42154395208201567
122,tree_depth_1,ROUTE_JohnMuirMedicalCenterWalnutCreekCampus,0.42154395208201567,0.42154395208201567
122,tree_depth_2,ROUTE_JohnMuirMedicalCenterWalnutCreekCampus,0.42154395208201567,0.42154395208201567
122,tree_depth_3,ROUTE_JohnMuirMedicalCenterWalnutCreekCampus,0.42154395208201567,0.42154395208201567
122,tree_depth_4,ROUTE_JohnMuirMedicalCenterWalnutCreekCampus,0.42154395208201567,0.42154395208201567
122,tree_depth_5,ROUTE_JohnMuirMedicalCenterWalnutCreekCampus,0.42154395208201567,0.42154395208201567
122,tree_depth_6,ROUTE_JohnMuirMedicalCenterWalnutCreekCampus,0.42154395208201567,0.42154395208201567
122,tree_depth_8,ROUTE_JohnMuirMedicalCenterWalnutCreekCampus,0.42154395208201567,0.42154395208201567
122,tree_depth_10,ROUTE_JohnMuirMedicalCenterWalnutCreekCampus,0.42154395208201567,0.42154395208201567
122,tree_depth_inf,ROUTE_JohnMuirMedicalCenterWalnutCreekCampus,0.42154395208201567,0.42154395208201567
122,Nearest,ROUTE_NorthBayMedicalCenter,0.36374309265185417,0.42154395208201567
122,Heuristic_1,ROUTE_JohnMuirMedicalCenterWalnutCreekCampus,0.42154395208201567,0.42154395208201567
122,Heuristic_2,ROUTE_NorthBayMedicalCenter,0.36374309265185417,0.42154395208201567
123,MDP_optimal,ROUTE_CPMCDaviesCampusSutter,0.34209142246250596,0.34209142246250596
123,tree_depth_1,ROUTE_CPMCDaviesCampusSutter,0.34209142246250596,0.34209142246250596
123,tree_depth_2,ROUTE_CPMCDaviesCampusSutter,0.34209142246250596,0.34209142246250596
123,tree_depth_3,ROUTE_CPMCDaviesCampusSutter,0.34209142246250596,0.34209142246250596
123,tree_depth_4,ROUTE_CPMCDaviesCampusSutter,0.34209142246250596,0.34209142246250596
123,tree_depth_5,ROUTE_CPMCDaviesCampusSutter,0.34209142246250596,0.34209142246250596
123,tree_depth_6,ROUTE_CPMCDaviesCampusSutter,0.34209142246250596,0.34209142246250596
123,tree_depth_8,ROUTE_CPMCDaviesCampusSutter,0.34209142246250596,0.34209142246250596
123,tree_depth_10,ROUTE_CPMCDaviesCampusSutter,0.34209142246250596,0.34209142246250596
123,tree_depth_inf,ROUTE_CPMCDaviesCampusSutter,0.34209142246250596,0.34209142246250596
123,Nearest,ROUTE_CPMCMissionBernalCampusSutter,0.34317909601048846,0.34209142246250596
123,Heuristic_1,ROUTE_CPMCDaviesCampusSutter,0.34209142246250596,0.34209142246250596
123,Heuristic_2,ROUTE_CPMCMissionBernalCampusSutter,0.34317909601048846,0.34209142246250596
124,MDP_optimal,ROUTE_UCSFMedicalCenter,0.4347394197277821,0.4347394197277821
124,tree_depth_1,ROUTE_UCSFMedicalCenter,0.4347394197277821,0.4347394197277821
124,tree_depth_2,ROUTE_UCSFMedicalCenter,0.4347394197277821,0.4347394197277821
124,tree_depth_3,ROUTE_UCSFMedicalCenter,0.4347394197277821,0.4347394197277821
124,tree_depth_4,ROUTE_UCSFMedicalCenter,0.4347394197277821,0.4347394197277821
124,tree_depth_5,ROUTE_UCSFMedicalCenter,0.4347394197277821,0.4347394197277821
124,tree_depth_6,ROUTE_UCSFMedicalCenter,0.4347394197277821,0.4347394197277821
124,tree_depth_8,ROUTE_UCSFMedicalCenter,0.4347394197277821,0.4347394197277821
124,tree_depth_10,ROUTE_UCSFMedicalCenter,0.4347394197277821,0.4347394197277821
124,tree_depth_inf,ROUTE_UCSFMedicalCenter,0.4347394197277821,0.4347394197277821
124,Nearest,ROUTE_KaiserFoundationHospitalSanFrancisco,0.4286327916236184,0.4347394197277821
124,Heuristic_1,ROUTE_UCSFMedicalCenter,0.4347394197277821,0.4347394197277821
124,Heuristic_2,ROUTE_KaiserFoundationHospitalSanFrancisco,0.4286327916236184,0.4347394197277821
125,MDP_optimal,ROUTE_SutterEdenMedicalCenter,0.42566649562749703,0.42566649562749703
125,tree_depth_1,ROUTE_SutterEdenMedicalCenter,0.42566649562749703,0.42566649562749703
125,tree_depth_2,ROUTE_SutterEdenMedicalCenter,0.42566649562749703,0.42566649562749703
125,tree_depth_3,ROUTE_SutterEdenMedicalCenter,0.42566649562749703,0.42566649562749703
125,tree_depth_4,ROUTE_SutterEdenMedicalCenter,0.42566649562749703,0.42566649562749703
125,tree_depth_5,ROUTE_SutterEdenMedicalCenter,0.42566649562749703,0.42566649562749703
125,tree_depth_6,ROUTE_SutterEdenMedicalCenter,0.42566649562749703,0.42566649562749703
125,tree_depth_8,ROUTE_SutterEdenMedicalCenter,0.42566649562749703,0.42566649562749703
125,tree_depth_10,ROUTE_SutterEdenMedicalCenter,0.42566649562749703,0.42566649562749703
125,tree_depth_inf,ROUTE_SutterEdenMedicalCenter,0.42566649562749703,0.42566649562749703
125,Nearest,ROUTE_StRoseHospital,0.3363676260546774,0.42566649562749703
125,Heuristic_1,ROUTE_SutterEdenMedicalCenter,0.42566649562749703,0.42566649562749703
125,Heuristic_2,ROUTE_KaiserFoundationHospitalSanLeandro,0.3608321371383554,0.42566649562749703
126,MDP_optimal,ROUTE_HighlandHospitalWilmaChanCampus,0.3348709345286622,0.3348709345286622
126,tree_depth_1,ROUTE_HighlandHospitalWilmaChanCampus,0.3348709345286622,0.3348709345286622
126,tree_depth_2,ROUTE_HighlandHospitalWilmaChanCampus,0.3348709345286622,0.3348709345286622
126,tree_depth_3,ROUTE_HighlandHospitalWilmaChanCampus,0.3348709345286622,0.3348709345286622
126,tree_depth_4,ROUTE_HighlandHospitalWilmaChanCampus,0.3348709345286622,0.3348709345286622
126,tree_depth_5,ROUTE_HighlandHospitalWilmaChanCampus,0.3348709345286622,0.3348709345286622
126,tree_depth_6,ROUTE_HighlandHospitalWilmaChanCampus,0.3348709345286622,0.3348709345286622
126,tree_depth_8,ROUTE_HighlandHospitalWilmaChanCampus,0.3348709345286622,0.3348709345286622
126,tree_depth_10,ROUTE_HighlandHospitalWilmaChanCampus,0.3348709345286622,0.3348709345286622
126,tree_depth_inf,ROUTE_HighlandHospitalWilmaChanCampus,0.3348709345286622,0.3348709345286622
126,Nearest,ROUTE_HighlandHospitalWilmaChanCampus,0.3348709345286622,0.3348709345286622
126,Heuristic_1,ROUTE_SutterEdenMedicalCenter,0.32734294144,0.3348709345286622
126,Heuristic_2,ROUTE_HighlandHospitalWilmaChanCampus,0.3348709345286622,0.3348709345286622
127,MDP_optimal,ROUTE_StRoseHospital,0.32734294144,0.32734294144
127,tree_depth_1,ROUTE_KaiserFoundationHospitalSanLeandro,0.32734294144,0.32734294144
127,tree_depth_2,ROUTE_KaiserFoundationHospitalSanLeandro,0.32734294144,0.32734294144
127,tree_depth_3,ROUTE_StRoseHospital,0.32734294144,0.32734294144
127,tree_depth_4,ROUTE_StRoseHospital,0.32734294144,0.32734294144
127,tree_depth_5,ROUTE_StRoseHospital,0.32734294144,0.32734294144
127,tree_depth_6,ROUTE_StRoseHospital,0.32734294144,0.32734294144
127,tree_depth_8,ROUTE_StRoseHospital,0.32734294144,0.32734294144
127,tree_depth_10,ROUTE_StRoseHospital,0.32734294144,0.32734294144
127,tree_depth_inf,ROUTE_StRoseHospital,0.32734294144,0.32734294144
127,Nearest,ROUTE_StRoseHospital,0.32734294144,0.32734294144
127,Heuristic_1,ROUTE_SutterEdenMedicalCenter,0.32734294144,0.32734294144
127,Heuristic_2,ROUTE_KaiserFoundationHospitalSanLeandro,0.32734294144,0.32734294144
128,MDP_optimal,ROUTE_SutterEdenMedicalCenter,0.4160150372793235,0.4160150372793235
128,tree_depth_1,ROUTE_SutterEdenMedicalCenter,0.4160150372793235,0.4160150372793235
128,tree_depth_2,ROUTE_SutterEdenMedicalCenter,0.4160150372793235,0.4160150372793235
128,tree_depth_3,ROUTE_SutterEdenMedicalCenter,0.4160150372793235,0.4160150372793235
128,tree_depth_4,ROUTE_SutterEdenMedicalCenter,0.4160150372793235,0.4160150372793235
128,tree_depth_5,ROUTE_SutterEdenMedicalCenter,0.4160150372793235,0.4160150372793235
128,tree_depth_6,ROUTE_SutterEdenMedicalCenter,0.4160150372793235,0.4160150372793235
128,tree_depth_8,ROUTE_SutterEdenMedicalCenter,0.4160150372793235,0.4160150372793235
128,tree_depth_10,ROUTE_SutterEdenMedicalCenter,0.4160150372793235,0.4160150372793235
128,tree_depth_inf,ROUTE_SutterEdenMedicalCenter,0.4160150372793235,0.4160150372793235
128,Nearest,ROUTE_StanfordHealthCareTriValley,0.35490624634525547,0.4160150372793235
128,Heuristic_1,ROUTE_SutterEdenMedicalCenter,0.4160150372793235,0.4160150372793235
128,Heuristic_2,ROUTE_StanfordHealthCareTriValley,0.35490624634525547,0.4160150372793235
129,MDP_optimal,ROUTE_JohnMuirMedicalCenterWalnutCreekCampus,0.43361832630686004,0.43361832630686004
129,tree_depth_1,ROUTE_JohnMuirMedicalCenterWalnutCreekCampus,0.43361832630686004,0.43361832630686004
129,tree_depth_2,ROUTE_JohnMuirMedicalCenterWalnutCreekCampus,0.43361832630686004,0.43361832630686004
129,tree_depth_3,ROUTE_JohnMuirMedicalCenterWalnutCreekCampus,0.43361832630686004,0.43361832630686004
129,tree_depth_4,ROUTE_JohnMuirMedicalCenterWalnutCreekCampus,0.43361832630686004,0.43361832630686004
129,tree_depth_5,ROUTE_JohnMuirMedicalCenterWalnutCreekCampus,0.43361832630686004,0.43361832630686004
129,tree_depth_6,ROUTE_JohnMuirMedicalCenterWalnutCreekCampus,0.43361832630686004,0.43361832630686004
129,tree_depth_8,ROUTE_JohnMuirMedicalCenterWalnutCreekCampus,0.43361832630686004,0.43361832630686004
129,tree_depth_10,ROUTE_JohnMuirMedicalCenterWalnutCreekCampus,0.43361832630686004,0.43361832630686004
129,tree_depth_inf,ROUTE_JohnMuirMedicalCenterWalnutCreekCampus,0.43361832630686004,0.43361832630686004
129,Nearest,ROUTE_JohnMuirMedicalCenterConcordCampus,0.42856884150764596,0.43361832630686004
129,Heuristic_1,ROUTE_JohnMuirMedicalCenterWalnutCreekCampus,0.43361832630686004,0.43361832630686004
129,Heuristic_2,ROUTE_JohnMuirMedicalCenterConcordCampus,0.42856884150764596,0.43361832630686004
130,MDP_optimal,ROUTE_JohnMuirMedicalCenterWalnutCreekCampus,0.34063140640415307,0.34063140640415307
130,tree_depth_1,ROUTE_JohnMuirMedicalCenterWalnutCreekCampus,0.34063140640415307,0.34063140640415307
130,tree_depth_2,ROUTE_JohnMuirMedicalCenterWalnutCreekCampus,0.34063140640415307,0.34063140640415307
130,tree_depth_3,ROUTE_JohnMuirMedicalCenterWalnutCreekCampus,0.34063140640415307,0.34063140640415307
130,tree_depth_4,ROUTE_JohnMuirMedicalCenterWalnutCreekCampus,0.34063140640415307,0.34063140640415307
130,tree_depth_5,ROUTE_JohnMuirMedicalCenterWalnutCreekCampus,0.34063140640415307,0.34063140640415307
130,tree_depth_6,ROUTE_JohnMuirMedicalCenterWalnutCreekCampus,0.34063140640415307,0.34063140640415307
130,tree_depth_8,ROUTE_JohnMuirMedicalCenterWalnutCreekCampus,0.34063140640415307,0.34063140640415307
130,tree_depth_10,ROUTE_JohnMuirMedicalCenterWalnutCreekCampus,0.34063140640415307,0.34063140640415307
130,tree_depth_inf,ROUTE_JohnMuirMedicalCenterWalnutCreekCampus,0.34063140640415307,0.34063140640415307
130,Nearest,ROUTE_KaiserFoundationHospitalWalnutCreek,0.3410356875520802,0.34063140640415307
130,Heuristic_1,ROUTE_JohnMuirMedicalCenterWalnutCreekCampus,0.34063140640415307,0.34063140640415307
130,Heuristic_2,ROUTE_KaiserFoundationHospitalWalnutCreek,0.3410356875520802,0.34063140640415307
131,MDP_optimal,ROUTE_CPMCMissionBernalCampusSutter,0.32734294144,0.32734294144
131,tree_depth_1,ROUTE_CPMCMissionBernalCampusSutter,0.32734294144,0.32734294144
131,tree_depth_2,ROUTE_CPMCMissionBernalCampusSutter,0.32734294144,0.32734294144
131,tree_depth_3,ROUTE_CPMCMissionBernalCampusSutter,0.32734294144,0.32734294144
131,tree_depth_4,ROUTE_CPMCMissionBernalCampusSutter,0.32734294144,0.32734294144
131,tree_depth_5,ROUTE_CPMCMissionBernalCampusSutter,0.32734294144,0.32734294144
131,tree_depth_6,ROUTE_CPMCMissionBernalCampusSutter,0.32734294144,0.32734294144
131,tree_depth_8,ROUTE_CPMCMissionBernalCampusSutter,0.32734294144,0.32734294144
131,tree_depth_10,ROUTE_CPMCMissionBernalCampusSutter,0.32734294144,0.32734294144
131,tree_depth_inf,ROUTE_CPMCMissionBernalCampusSutter,0.32734294144,0.32734294144
131,Nearest,ROUTE_CPMCMissionBernalCampusSutter,0.32734294144,0.32734294144
131,Heuristic_1,ROUTE_CPMCDaviesCampusSutter,0.32734294144,0.32734294144
131,Heuristic_2,ROUTE_CPMCMissionBernalCampusSutter,0.32734294144,0.32734294144
132,MDP_optimal,ROUTE_KaiserFoundationHospitalSantaClara,0.32734294144,0.32734294144
132,tree_depth_1,ROUTE_SantaClaraValleyMedicalCenter,0.32734294144,0.32734294144
132,tree_depth_2,ROUTE_KaiserFoundationHospitalSantaClara,0.32734294144,0.32734294144
132,tree_depth_3,ROUTE_KaiserFoundationHospitalSantaClara,0.32734294144,0.32734294144
132,tree_depth_4,ROUTE_KaiserFoundationHospitalSantaClara,0.32734294144,0.32734294144
132,tree_depth_5,ROUTE_KaiserFoundationHospitalSantaClara,0.32734294144,0.32734294144
132,tree_depth_6,ROUTE_KaiserFoundationHospitalSantaClara,0.32734294144,0.32734294144
132,tree_depth_8,ROUTE_KaiserFoundationHospitalSantaClara,0.32734294144,0.32734294144
132,tree_depth_10,ROUTE_KaiserFoundationHospitalSantaClara,0.32734294144,0.32734294144
132,tree_depth_inf,ROUTE_KaiserFoundationHospitalSantaClara,0.32734294144,0.32734294144
132,Nearest,ROUTE_KaiserFoundationHospitalSantaClara,0.32734294144,0.32734294144
132,Heuristic_1,ROUTE_KaiserFoundationHospitalSantaClara,0.32734294144,0.32734294144
132,Heuristic_2,ROUTE_KaiserFoundationHospitalSantaClara,0.32734294144,0.32734294144
133,MDP_optimal,ROUTE_JohnMuirMedicalCenterWalnutCreekCampus,0.41074467899553296,0.41074467899553296
133,tree_depth_1,ROUTE_JohnMuirMedicalCenterWalnutCreekCampus,0.41074467899553296,0.41074467899553296
133,tree_depth_2,ROUTE_JohnMuirMedicalCenterWalnutCreekCampus,0.41074467899553296,0.41074467899553296
133,tree_depth_3,ROUTE_JohnMuirMedicalCenterWalnutCreekCampus,0.41074467899553296,0.41074467899553296
133,tree_depth_4,ROUTE_JohnMuirMedicalCenterWalnutCreekCampus,0.41074467899553296,0.41074467899553296
133,tree_depth_5,ROUTE_JohnMuirMedicalCenterWalnutCreekCampus,0.41074467899553296,0.41074467899553296
133,tree_depth_6,ROUTE_JohnMuirMedicalCenterWalnutCreekCampus,0.41074467899553296,0.41074467899553296
133,tree_depth_8,ROUTE_JohnMuirMedicalCenterWalnutCreekCampus,0.41074467899553296,0.41074467899553296
133,tree_depth_10,ROUTE_JohnMuirMedicalCenterWalnutCreekCampus,0.41074467899553296,0.41074467899553296
133,tree_depth_inf,ROUTE_JohnMuirMedicalCenterWalnutCreekCampus,0.41074467899553296,0.41074467899553296
133,Nearest,ROUTE_KaiserFoundationHospitalRichmondCampus,0.3530064446099308,0.41074467899553296
133,Heuristic_1,ROUTE_JohnMuirMedicalCenterWalnutCreekCampus,0.41074467899553296,0.41074467899553296
133,Heuristic_2,ROUTE_KaiserFoundationHospitalRichmondCampus,0.3530064446099308,0.41074467899553296
134,MDP_optimal,ROUTE_UCSFMedicalCenter,0.42028232093992896,0.42028232093992896
134,tree_depth_1,ROUTE_UCSFMedicalCenter,0.42028232093992896,0.42028232093992896
134,tree_depth_2,ROUTE_UCSFMedicalCenter,0.42028232093992896,0.42028232093992896
134,tree_depth_3,ROUTE_UCSFMedicalCenter,0.42028232093992896,0.42028232093992896
134,tree_depth_4,ROUTE_UCSFMedicalCenter,0.42028232093992896,0.42028232093992896
134,tree_depth_5,ROUTE_UCSFMedicalCenter,0.42028232093992896,0.42028232093992896
134,tree_depth_6,ROUTE_UCSFMedicalCenter,0.42028232093992896,0.42028232093992896
134,tree_depth_8,ROUTE_UCSFMedicalCenter,0.42028232093992896,0.42028232093992896
134,tree_depth_10,ROUTE_UCSFMedicalCenter,0.42028232093992896,0.42028232093992896
134,tree_depth_inf,ROUTE_UCSFMedicalCenter,0.42028232093992896,0.42028232093992896
134,Nearest,ROUTE_AHMCSetonMedicalCenter,0.35717068689835224,0.42028232093992896
134,Heuristic_1,ROUTE_UCSFMedicalCenter,0.42028232093992896,0.42028232093992896
134,Heuristic_2,ROUTE_AHMCSetonMedicalCenter,0.35717068689835224,0.42028232093992896
135,MDP_optimal,ROUTE_SutterEdenMedicalCenter,0.41864539032931763,0.41864539032931763
135,tree_depth_1,ROUTE_SutterEdenMedicalCenter,0.41864539032931763,0.41864539032931763
135,tree_depth_2,ROUTE_SutterEdenMedicalCenter,0.41864539032931763,0.41864539032931763
135,tree_depth_3,ROUTE_SutterEdenMedicalCenter,0.41864539032931763,0.41864539032931763
135,tree_depth_4,ROUTE_SutterEdenMedicalCenter,0.41864539032931763,0.41864539032931763
135,tree_depth_5,ROUTE_SutterEdenMedicalCenter,0.41864539032931763,0.41864539032931763
135,tree_depth_6,ROUTE_SutterEdenMedicalCenter,0.41864539032931763,0.41864539032931763
135,tree_depth_8,ROUTE_SutterEdenMedicalCenter,0.41864539032931763,0.41864539032931763
135,tree_depth_10,ROUTE_SutterEdenMedicalCenter,0.41864539032931763,0.41864539032931763
135,tree_depth_inf,ROUTE_SutterEdenMedicalCenter,0.41864539032931763,0.41864539032931763
135,Nearest,ROUTE_StanfordHealthCareTriValley,0.35744753025346154,0.41864539032931763
135,Heuristic_1,ROUTE_SutterEdenMedicalCenter,0.41864539032931763,0.41864539032931763
135,Heuristic_2,ROUTE_StanfordHealthCareTriValley,0.35744753025346154,0.41864539032931763
136,MDP_optimal,ROUTE_JohnMuirMedicalCenterWalnutCreekCampus,0.3410131361809304,0.3410131361809304
136,tree_depth_1,ROUTE_JohnMuirMedicalCenterWalnutCreekCampus,0.3410131361809304,0.3410131361809304
136,tree_depth_2,ROUTE_JohnMuirMedicalCenterWalnutCreekCampus,0.3410131361809304,0.3410131361809304
136,tree_depth_3,ROUTE_JohnMuirMedicalCenterWalnutCreekCampus,0.3410131361809304,0.3410131361809304
136,tree_depth_4,ROUTE_JohnMuirMedicalCenterWalnutCreekCampus,0.3410131361809304,0.3410131361809304
136,tree_depth_5,ROUTE_JohnMuirMedicalCenterWalnutCreekCampus,0.3410131361809304,0.3410131361809304
136,tree_depth_6,ROUTE_JohnMuirMedicalCenterWalnutCreekCampus,0.3410131361809304,0.3410131361809304
136,tree_depth_8,ROUTE_JohnMuirMedicalCenterWalnutCreekCampus,0.3410131361809304,0.3410131361809304
136,tree_depth_10,ROUTE_JohnMuirMedicalCenterWalnutCreekCampus,0.3410131361809304,0.3410131361809304
136,tree_depth_inf,ROUTE_JohnMuirMedicalCenterWalnutCreekCampus,0.3410131361809304,0.3410131361809304
136,Nearest,ROUTE_JohnMuirMedicalCenterConcordCampus,0.34275893376142713,0.3410131361809304
136,Heuristic_1,ROUTE_JohnMuirMedicalCenterWalnutCreekCampus,0.3410131361809304,0.3410131361809304
136,Heuristic_2,ROUTE_JohnMuirMedicalCenterConcordCampus,0.34275893376142713,0.3410131361809304
137,MDP_optimal,ROUTE_SutterEdenMedicalCenter,0.42191390612358415,0.42191390612358415
137,tree_depth_1,ROUTE_SutterEdenMedicalCenter,0.42191390612358415,0.42191390612358415
137,tree_depth_2,ROUTE_SutterEdenMedicalCenter,0.42191390612358415,0.42191390612358415
137,tree_depth_3,ROUTE_SutterEdenMedicalCenter,0.42191390612358415,0.42191390612358415
137,tree_depth_4,ROUTE_SutterEdenMedicalCenter,0.42191390612358415,0.42191390612358415
137,tree_depth_5,ROUTE_SutterEdenMedicalCenter,0.42191390612358415,0.42191390612358415
137,tree_depth_6,ROUTE_SutterEdenMedicalCenter,0.42191390612358415,0.42191390612358415
137,tree_depth_8,ROUTE_SutterEdenMedicalCenter,0.42191390612358415,0.42191390612358415
137,tree_depth_10,ROUTE_SutterEdenMedicalCenter,0.42191390612358415,0.42191390612358415
137,tree_depth_inf,ROUTE_SutterEdenMedicalCenter,0.42191390612358415,0.42191390612358415
137,Nearest,ROUTE_SanLeandroHospitalAlamedaHealthSystem,0.32734294144,0.42191390612358415
137,Heuristic_1,ROUTE_SutterEdenMedicalCenter,0.42191390612358415,0.42191390612358415
137,Heuristic_2,ROUTE_HighlandHospitalWilmaChanCampus,0.35773252432711544,0.42191390612358415
138,MDP_optimal,ROUTE_CPMCDaviesCampusSutter,0.41936136776112015,0.41936136776112015
138,tree_depth_1,ROUTE_CPMCDaviesCampusSutter,0.41936136776112015,0.41936136776112015
138,tree_depth_2,ROUTE_CPMCDaviesCampusSutter,0.41936136776112015,0.41936136776112015
138,tree_depth_3,ROUTE_CPMCDaviesCampusSutter,0.41936136776112015,0.41936136776112015
138,tree_depth_4,ROUTE_CPMCDaviesCampusSutter,0.41936136776112015,0.41936136776112015
138,tree_depth_5,ROUTE_CPMCDaviesCampusSutter,0.41936136776112015,0.41936136776112015
138,tree_depth_6,ROUTE_CPMCDaviesCampusSutter,0.41936136776112015,0.41936136776112015
138,tree_depth_8,ROUTE_CPMCDaviesCampusSutter,0.41936136776112015,0.41936136776112015
138,tree_depth_10,ROUTE_CPMCDaviesCampusSutter,0.41936136776112015,0.41936136776112015
138,tree_depth_inf,ROUTE_CPMCDaviesCampusSutter,0.41936136776112015,0.41936136776112015
138,Nearest,ROUTE_KaiserFoundationHospitalRichmondCampus,0.35918534189027823,0.41936136776112015
138,Heuristic_1,ROUTE_CPMCDaviesCampusSutter,0.41936136776112015,0.41936136776112015
138,Heuristic_2,ROUTE_KaiserFoundationHospitalRichmondCampus,0.35918534189027823,0.41936136776112015
139,MDP_optimal,ROUTE_UCSFMedicalCenter,0.41504162911221354,0.41504162911221354
139,tree_depth_1,ROUTE_UCSFMedicalCenter,0.41504162911221354,0.41504162911221354
139,tree_depth_2,ROUTE_UCSFMedicalCenter,0.41504162911221354,0.41504162911221354
139,tree_depth_3,ROUTE_UCSFMedicalCenter,0.41504162911221354,0.41504162911221354
139,tree_depth_4,ROUTE_UCSFMedicalCenter,0.41504162911221354,0.41504162911221354
139,tree_depth_5,ROUTE_UCSFMedicalCenter,0.41504162911221354,0.41504162911221354
139,tree_depth_6,ROUTE_UCSFMedicalCenter,0.41504162911221354,0.41504162911221354
139,tree_depth_8,ROUTE_UCSFMedicalCenter,0.41504162911221354,0.41504162911221354
139,tree_depth_10,ROUTE_UCSFMedicalCenter,0.41504162911221354,0.41504162911221354
139,tree_depth_inf,ROUTE_UCSFMedicalCenter,0.41504162911221354,0.41504162911221354
139,Nearest,ROUTE_UCSFMedicalCenter,0.41504162911221354,0.41504162911221354
139,Heuristic_1,ROUTE_UCSFMedicalCenter,0.41504162911221354,0.41504162911221354
139,Heuristic_2,ROUTE_UCSFMedicalCenter,0.41504162911221354,0.41504162911221354
140,MDP_optimal,ROUTE_KaiserFoundationHospitalAntioch,0.340567835290336,0.340567835290336
140,tree_depth_1,ROUTE_JohnMuirMedicalCenterWalnutCreekCampus,0.3360777902118754,0.340567835290336
140,tree_depth_2,ROUTE_JohnMuirMedicalCenterWalnutCreekCampus,0.3360777902118754,0.340567835290336
140,tree_depth_3,ROUTE_KaiserFoundationHospitalAntioch,0.340567835290336,0.340567835290336
140,tree_depth_4,ROUTE_KaiserFoundationHospitalAntioch,0.340567835290336,0.340567835290336
140,tree_depth_5,ROUTE_KaiserFoundationHospitalAntioch,0.340567835290336,0.340567835290336
140,tree_depth_6,ROUTE_KaiserFoundationHospitalAntioch,0.340567835290336,0.340567835290336
140,tree_depth_8,ROUTE_KaiserFoundationHospitalAntioch,0.340567835290336,0.340567835290336
140,tree_depth_10,ROUTE_KaiserFoundationHospitalAntioch,0.340567835290336,0.340567835290336
140,tree_depth_inf,ROUTE_JohnMuirMedicalCenterWalnutCreekCampus,0.3360777902118754,0.340567835290336
140,Nearest,ROUTE_KaiserFoundationHospitalAntioch,0.340567835290336,0.340567835290336
140,Heuristic_1,ROUTE_JohnMuirMedicalCenterWalnutCreekCampus,0.3360777902118754,0.340567835290336
140,Heuristic_2,ROUTE_KaiserFoundationHospitalAntioch,0.340567835290336,0.340567835290336
141,MDP_optimal,ROUTE_KaiserFoundationHospitalAntioch,0.3374021155923447,0.3374021155923447
141,tree_depth_1,ROUTE_KaiserFoundationHospitalAntioch,0.3374021155923447,0.3374021155923447
141,tree_depth_2,ROUTE_KaiserFoundationHospitalAntioch,0.3374021155923447,0.3374021155923447
141,tree_depth_3,ROUTE_KaiserFoundationHospitalAntioch,0.3374021155923447,0.3374021155923447
141,tree_depth_4,ROUTE_KaiserFoundationHospitalAntioch,0.3374021155923447,0.3374021155923447
141,tree_depth_5,ROUTE_KaiserFoundationHospitalAntioch,0.3374021155923447,0.3374021155923447
141,tree_depth_6,ROUTE_KaiserFoundationHospitalAntioch,0.3374021155923447,0.3374021155923447
141,tree_depth_8,ROUTE_KaiserFoundationHospitalAntioch,0.3374021155923447,0.3374021155923447
141,tree_depth_10,ROUTE_KaiserFoundationHospitalAntioch,0.3374021155923447,0.3374021155923447
141,tree_depth_inf,ROUTE_KaiserFoundationHospitalAntioch,0.3374021155923447,0.3374021155923447
141,Nearest,ROUTE_KaiserFoundationHospitalAntioch,0.3374021155923447,0.3374021155923447
141,Heuristic_1,ROUTE_JohnMuirMedicalCenterWalnutCreekCampus,0.32734294144,0.3374021155923447
141,Heuristic_2,ROUTE_KaiserFoundationHospitalAntioch,0.3374021155923447,0.3374021155923447
142,MDP_optimal,ROUTE_CPMCMissionBernalCampusSutter,0.32734294144,0.32734294144
142,tree_depth_1,ROUTE_CPMCMissionBernalCampusSutter,0.32734294144,0.32734294144
142,tree_depth_2,ROUTE_CPMCMissionBernalCampusSutter,0.32734294144,0.32734294144
142,tree_depth_3,ROUTE_CPMCMissionBernalCampusSutter,0.32734294144,0.32734294144
142,tree_depth_4,ROUTE_CPMCMissionBernalCampusSutter,0.32734294144,0.32734294144
142,tree_depth_5,ROUTE_CPMCMissionBernalCampusSutter,0.32734294144,0.32734294144
142,tree_depth_6,ROUTE_CPMCMissionBernalCampusSutter,0.32734294144,0.32734294144
142,tree_depth_8,ROUTE_CPMCMissionBernalCampusSutter,0.32734294144,0.32734294144
142,tree_depth_10,ROUTE_CPMCMissionBernalCampusSutter,0.32734294144,0.32734294144
142,tree_depth_inf,ROUTE_CPMCMissionBernalCampusSutter,0.32734294144,0.32734294144
142,Nearest,ROUTE_CPMCMissionBernalCampusSutter,0.32734294144,0.32734294144
142,Heuristic_1,ROUTE_CPMCDaviesCampusSutter,0.32734294144,0.32734294144
142,Heuristic_2,ROUTE_CPMCMissionBernalCampusSutter,0.32734294144,0.32734294144
143,MDP_optimal,ROUTE_JohnMuirMedicalCenterWalnutCreekCampus,0.3401154827611076,0.3401154827611076
143,tree_depth_1,ROUTE_JohnMuirMedicalCenterWalnutCreekCampus,0.3401154827611076,0.3401154827611076
143,tree_depth_2,ROUTE_JohnMuirMedicalCenterWalnutCreekCampus,0.3401154827611076,0.3401154827611076
143,tree_depth_3,ROUTE_JohnMuirMedicalCenterWalnutCreekCampus,0.3401154827611076,0.3401154827611076
143,tree_depth_4,ROUTE_JohnMuirMedicalCenterWalnutCreekCampus,0.3401154827611076,0.3401154827611076
143,tree_depth_5,ROUTE_JohnMuirMedicalCenterWalnutCreekCampus,0.3401154827611076,0.3401154827611076
143,tree_depth_6,ROUTE_JohnMuirMedicalCenterWalnutCreekCampus,0.3401154827611076,0.3401154827611076
143,tree_depth_8,ROUTE_JohnMuirMedicalCenterWalnutCreekCampus,0.3401154827611076,0.3401154827611076
143,tree_depth_10,ROUTE_JohnMuirMedicalCenterWalnutCreekCampus,0.3401154827611076,0.3401154827611076
143,tree_depth_inf,ROUTE_JohnMuirMedicalCenterWalnutCreekCampus,0.3401154827611076,0.3401154827611076
143,Nearest,ROUTE_SutterSolanoMedicalCenter,0.34456648970311593,0.3401154827611076
143,Heuristic_1,ROUTE_JohnMuirMedicalCenterWalnutCreekCampus,0.3401154827611076,0.3401154827611076
143,Heuristic_2,ROUTE_SutterSolanoMedicalCenter,0.34456648970311593,0.3401154827611076
144,MDP_optimal,ROUTE_JohnMuirMedicalCenterWalnutCreekCampus,0.34201851655541665,0.34201851655541665
144,tree_depth_1,ROUTE_JohnMuirMedicalCenterWalnutCreekCampus,0.34201851655541665,0.34201851655541665
144,tree_depth_2,ROUTE_JohnMuirMedicalCenterWalnutCreekCampus,0.34201851655541665,0.34201851655541665
144,tree_depth_3,ROUTE_JohnMuirMedicalCenterWalnutCreekCampus,0.34201851655541665,0.34201851655541665
144,tree_depth_4,ROUTE_JohnMuirMedicalCenterWalnutCreekCampus,0.34201851655541665,0.34201851655541665
144,tree_depth_5,ROUTE_JohnMuirMedicalCenterWalnutCreekCampus,0.34201851655541665,0.34201851655541665
144,tree_depth_6,ROUTE_JohnMuirMedicalCenterWalnutCreekCampus,0.34201851655541665,0.34201851655541665
144,tree_depth_8,ROUTE_JohnMuirMedicalCenterWalnutCreekCampus,0.34201851655541665,0.34201851655541665
144,tree_depth_10,ROUTE_JohnMuirMedicalCenterWalnutCreekCampus,0.34201851655541665,0.34201851655541665
144,tree_depth_inf,ROUTE_JohnMuirMedicalCenterWalnutCreekCampus,0.34201851655541665,0.34201851655541665
144,Nearest,ROUTE_NorthBayMedicalCenter,0.346556656332958,0.34201851655541665
144,Heuristic_1,ROUTE_JohnMuirMedicalCenterWalnutCreekCampus,0.34201851655541665,0.34201851655541665
144,Heuristic_2,ROUTE_NorthBayMedicalCenter,0.346556656332958,0.34201851655541665
145,MDP_optimal,ROUTE_ZuckerbergSanFranciscoGeneralHospital,0.335076123148939,0.335076123148939
145,tree_depth_1,ROUTE_ZuckerbergSanFranciscoGeneralHospital,0.335076123148939,0.335076123148939
145,tree_depth_2,ROUTE_ZuckerbergSanFranciscoGeneralHospital,0.335076123148939,0.335076123148939
145,tree_depth_3,ROUTE_ZuckerbergSanFranciscoGeneralHospital,0.335076123148939,0.335076123148939
145,tree_depth_4,ROUTE_ZuckerbergSanFranciscoGeneralHospital,0.335076123148939,0.335076123148939
145,tree_depth_5,ROUTE_ZuckerbergSanFranciscoGeneralHospital,0.335076123148939,0.335076123148939
145,tree_depth_6,ROUTE_ZuckerbergSanFranciscoGeneralHospital,0.335076123148939,0.335076123148939
145,tree_depth_8,ROUTE_ZuckerbergSanFranciscoGeneralHospital,0.335076123148939,0.335076123148939
145,tree_depth_10,ROUTE_ZuckerbergSanFranciscoGeneralHospital,0.335076123148939,0.335076123148939
145,tree_depth_inf,ROUTE_ZuckerbergSanFranciscoGeneralHospital,0.335076123148939,0.335076123148939
145,Nearest,ROUTE_ZuckerbergSanFranciscoGeneralHospital,0.335076123148939,0.335076123148939
145,Heuristic_1,ROUTE_CPMCDaviesCampusSutter,0.32734294144,0.335076123148939
145,Heuristic_2,ROUTE_ZuckerbergSanFranciscoGeneralHospital,0.335076123148939,0.335076123148939
146,MDP_optimal,ROUTE_RegionalMedicalCenterOfSanJose,0.32734294144,0.32734294144
146,tree_depth_1,ROUTE_SantaClaraValleyMedicalCenter,0.32734294144,0.32734294144
146,tree_depth_2,ROUTE_RegionalMedicalCenterOfSanJose,0.32734294144,0.32734294144
146,tree_depth_3,ROUTE_RegionalMedicalCenterOfSanJose,0.32734294144,0.32734294144
146,tree_depth_4,ROUTE_RegionalMedicalCenterOfSanJose,0.32734294144,0.32734294144
146,tree_depth_5,ROUTE_RegionalMedicalCenterOfSanJose,0.32734294144,0.32734294144
146,tree_depth_6,ROUTE_RegionalMedicalCenterOfSanJose,0.32734294144,0.32734294144
146,tree_depth_8,ROUTE_RegionalMedicalCenterOfSanJose,0.32734294144,0.32734294144
146,tree_depth_10,ROUTE_RegionalMedicalCenterOfSanJose,0.32734294144,0.32734294144
146,tree_depth_inf,ROUTE_RegionalMedicalCenterOfSanJose,0.32734294144,0.32734294144
146,Nearest,ROUTE_RegionalMedicalCenterOfSanJose,0.32734294144,0.32734294144
146,Heuristic_1,ROUTE_RegionalMedicalCenterOfSanJose,0.32734294144,0.32734294144
146,Heuristic_2,ROUTE_RegionalMedicalCenterOfSanJose,0.32734294144,0.32734294144
147,MDP_optimal,ROUTE_SutterEdenMedicalCenter,0.42010725964234097,0.42010725964234097
147,tree_depth_1,ROUTE_SutterEdenMedicalCenter,0.42010725964234097,0.42010725964234097
147,tree_depth_2,ROUTE_SutterEdenMedicalCenter,0.42010725964234097,0.42010725964234097
147,tree_depth_3,ROUTE_SutterEdenMedicalCenter,0.42010725964234097,0.42010725964234097
147,tree_depth_4,ROUTE_SutterEdenMedicalCenter,0.42010725964234097,0.42010725964234097
147,tree_depth_5,ROUTE_SutterEdenMedicalCenter,0.42010725964234097,0.42010725964234097
147,tree_depth_6,ROUTE_SutterEdenMedicalCenter,0.42010725964234097,0.42010725964234097
147,tree_depth_8,ROUTE_SutterEdenMedicalCenter,0.42010725964234097,0.42010725964234097
147,tree_depth_10,ROUTE_SutterEdenMedicalCenter,0.42010725964234097,0.42010725964234097
147,tree_depth_inf,ROUTE_SutterEdenMedicalCenter,0.42010725964234097,0.42010725964234097
147,Nearest,ROUTE_SanLeandroHospitalAlamedaHealthSystem,0.32734294144,0.42010725964234097
147,Heuristic_1,ROUTE_SutterEdenMedicalCenter,0.42010725964234097,0.42010725964234097
147,Heuristic_2,ROUTE_HighlandHospitalWilmaChanCampus,0.3562072936763113,0.42010725964234097
148,MDP_optimal,ROUTE_UCSFMedicalCenter,0.42977948608946054,0.42977948608946054
148,tree_depth_1,ROUTE_UCSFMedicalCenter,0.42977948608946054,0.42977948608946054
148,tree_depth_2,ROUTE_UCSFMedicalCenter,0.42977948608946054,0.42977948608946054
148,tree_depth_3,ROUTE_UCSFMedicalCenter,0.42977948608946054,0.42977948608946054
148,tree_depth_4,ROUTE_UCSFMedicalCenter,0.42977948608946054,0.42977948608946054
148,tree_depth_5,ROUTE_UCSFMedicalCenter,0.42977948608946054,0.42977948608946054
148,tree_depth_6,ROUTE_UCSFMedicalCenter,0.42977948608946054,0.42977948608946054
148,tree_depth_8,ROUTE_UCSFMedicalCenter,0.42977948608946054,0.42977948608946054
148,tree_depth_10,ROUTE_UCSFMedicalCenter,0.42977948608946054,0.42977948608946054
148,tree_depth_inf,ROUTE_UCSFMedicalCenter,0.42977948608946054,0.42977948608946054
148,Nearest,ROUTE_UCSFMedicalCenter,0.42977948608946054,0.42977948608946054
148,Heuristic_1,ROUTE_UCSFMedicalCenter,0.42977948608946054,0.42977948608946054
148,Heuristic_2,ROUTE_UCSFMedicalCenter,0.42977948608946054,0.42977948608946054
149,MDP_optimal,ROUTE_RegionalMedicalCenterOfSanJose,0.4249033170219167,0.4249033170219167
149,tree_depth_1,ROUTE_RegionalMedicalCenterOfSanJose,0.4249033170219167,0.4249033170219167
149,tree_depth_2,ROUTE_RegionalMedicalCenterOfSanJose,0.4249033170219167,0.4249033170219167
149,tree_depth_3,ROUTE_RegionalMedicalCenterOfSanJose,0.4249033170219167,0.4249033170219167
149,tree_depth_4,ROUTE_RegionalMedicalCenterOfSanJose,0.4249033170219167,0.4249033170219167
149,tree_depth_5,ROUTE_RegionalMedicalCenterOfSanJose,0.4249033170219167,0.4249033170219167
149,tree_depth_6,ROUTE_RegionalMedicalCenterOfSanJose,0.4249033170219167,0.4249033170219167
149,tree_depth_8,ROUTE_RegionalMedicalCenterOfSanJose,0.4249033170219167,0.4249033170219167
149,tree_depth_10,ROUTE_RegionalMedicalCenterOfSanJose,0.4249033170219167,0.4249033170219167
149,tree_depth_inf,ROUTE_RegionalMedicalCenterOfSanJose,0.4249033170219167,0.4249033170219167
149,Nearest,ROUTE_RegionalMedicalCenterOfSanJose,0.4249033170219167,0.4249033170219167
149,Heuristic_1,ROUTE_RegionalMedicalCenterOfSanJose,0.4249033170219167,0.4249033170219167
149,Heuristic_2,ROUTE_RegionalMedicalCenterOfSanJose,0.4249033170219167,0.4249033170219167
150,MDP_optimal,ROUTE_JohnMuirMedicalCenterWalnutCreekCampus,0.4198163115191714,0.4198163115191714
150,tree_depth_1,ROUTE_JohnMuirMedicalCenterWalnutCreekCampus,0.4198163115191714,0.4198163115191714
150,tree_depth_2,ROUTE_JohnMuirMedicalCenterWalnutCreekCampus,0.4198163115191714,0.4198163115191714
150,tree_depth_3,ROUTE_JohnMuirMedicalCenterWalnutCreekCampus,0.4198163115191714,0.4198163115191714
150,tree_depth_4,ROUTE_JohnMuirMedicalCenterWalnutCreekCampus,0.4198163115191714,0.4198163115191714
150,tree_depth_5,ROUTE_JohnMuirMedicalCenterWalnutCreekCampus,0.4198163115191714,0.4198163115191714
150,tree_depth_6,ROUTE_JohnMuirMedicalCenterWalnutCreekCampus,0.4198163115191714,0.4198163115191714
150,tree_depth_8,ROUTE_JohnMuirMedicalCenterWalnutCreekCampus,0.4198163115191714,0.4198163115191714
150,tree_depth_10,ROUTE_JohnMuirMedicalCenterWalnutCreekCampus,0.4198163115191714,0.4198163115191714
150,tree_depth_inf,ROUTE_JohnMuirMedicalCenterWalnutCreekCampus,0.4198163115191714,0.4198163115191714
150,Nearest,ROUTE_ContraCostaRegionalMedicalCenter,0.32734294144,0.4198163115191714
150,Heuristic_1,ROUTE_JohnMuirMedicalCenterWalnutCreekCampus,0.4198163115191714,0.4198163115191714
150,Heuristic_2,ROUTE_SutterSolanoMedicalCenter,0.35685572737488586,0.4198163115191714
151,MDP_optimal,ROUTE_MillsPeninsulaMedicalCenterSutter,0.32734294144,0.32734294144
151,tree_depth_1,ROUTE_SequoiaHospital,0.32734294144,0.32734294144
151,tree_depth_2,ROUTE_MillsPeninsulaMedicalCenterSutter,0.32734294144,0.32734294144
151,tree_depth_3,ROUTE_MillsPeninsulaMedicalCenterSutter,0.32734294144,0.32734294144
151,tree_depth_4,ROUTE_MillsPeninsulaMedicalCenterSutter,0.32734294144,0.32734294144
151,tree_depth_5,ROUTE_MillsPeninsulaMedicalCenterSutter,0.32734294144,0.32734294144
151,tree_depth_6,ROUTE_MillsPeninsulaMedicalCenterSutter,0.32734294144,0.32734294144
151,tree_depth_8,ROUTE_MillsPeninsulaMedicalCenterSutter,0.32734294144,0.32734294144
151,tree_depth_10,ROUTE_MillsPeninsulaMedicalCenterSutter,0.32734294144,0.32734294144
151,tree_depth_inf,ROUTE_MillsPeninsulaMedicalCenterSutter,0.32734294144,0.32734294144
151,Nearest,ROUTE_MillsPeninsulaMedicalCenterSutter,0.32734294144,0.32734294144
151,Heuristic_1,ROUTE_MillsPeninsulaMedicalCenterSutter,0.32734294144,0.32734294144
151,Heuristic_2,ROUTE_MillsPeninsulaMedicalCenterSutter,0.32734294144,0.32734294144
152,MDP_optimal,ROUTE_KaiserFoundationHospitalVallejo,0.32734294144,0.32734294144
152,tree_depth_1,ROUTE_KaiserFoundationHospitalVallejo,0.32734294144,0.32734294144
152,tree_depth_2,ROUTE_KaiserFoundationHospitalVallejo,0.32734294144,0.32734294144
152,tree_depth_3,ROUTE_KaiserFoundationHospitalVallejo,0.32734294144,0.32734294144
152,tree_depth_4,ROUTE_KaiserFoundationHospitalVallejo,0.32734294144,0.32734294144
152,tree_depth_5,ROUTE_KaiserFoundationHospitalVallejo,0.32734294144,0.32734294144
152,tree_depth_6,ROUTE_KaiserFoundationHospitalVallejo,0.32734294144,0.32734294144
152,tree_depth_8,ROUTE_KaiserFoundationHospitalVallejo,0.32734294144,0.32734294144
152,tree_depth_10,ROUTE_KaiserFoundationHospitalVallejo,0.32734294144,0.32734294144
152,tree_depth_inf,ROUTE_KaiserFoundationHospitalVallejo,0.32734294144,0.32734294144
152,Nearest,ROUTE_KaiserFoundationHospitalVallejo,0.32734294144,0.32734294144
152,Heuristic_1,ROUTE_JohnMuirMedicalCenterWalnutCreekCampus,0.32734294144,0.32734294144
152,Heuristic_2,ROUTE_KaiserFoundationHospitalVallejo,0.32734294144,0.32734294144
153,MDP_optimal,ROUTE_SutterEdenMedicalCenter,0.4341629993752357,0.4341629993752357
153,tree_depth_1,ROUTE_SutterEdenMedicalCenter,0.4341629993752357,0.4341629993752357
153,tree_depth_2,ROUTE_SutterEdenMedicalCenter,0.4341629993752357,0.4341629993752357
153,tree_depth_3,ROUTE_SutterEdenMedicalCenter,0.4341629993752357,0.4341629993752357
153,tree_depth_4,ROUTE_SutterEdenMedicalCenter,0.4341629993752357,0.4341629993752357
153,tree_depth_5,ROUTE_SutterEdenMedicalCenter,0.4341629993752357,0.4341629993752357
153,tree_depth_6,ROUTE_SutterEdenMedicalCenter,0.4341629993752357,0.4341629993752357
153,tree_depth_8,ROUTE_SutterEdenMedicalCenter,0.4341629993752357,0.4341629993752357
153,tree_depth_10,ROUTE_SutterEdenMedicalCenter,0.4341629993752357,0.4341629993752357
153,tree_depth_inf,ROUTE_SutterEdenMedicalCenter,0.4341629993752357,0.4341629993752357
153,Nearest,ROUTE_HighlandHospitalWilmaChanCampus,0.42955803945531723,0.4341629993752357
153,Heuristic_1,ROUTE_SutterEdenMedicalCenter,0.4341629993752357,0.4341629993752357
153,Heuristic_2,ROUTE_HighlandHospitalWilmaChanCampus,0.42955803945531723,0.4341629993752357
154,MDP_optimal,ROUTE_JohnMuirMedicalCenterWalnutCreekCampus,0.40889744423246993,0.40889744423246993
154,tree_depth_1,ROUTE_JohnMuirMedicalCenterWalnutCreekCampus,0.40889744423246993,0.40889744423246993
154,tree_depth_2,ROUTE_JohnMuirMedicalCenterWalnutCreekCampus,0.40889744423246993,0.40889744423246993
154,tree_depth_3,ROUTE_JohnMuirMedicalCenterWalnutCreekCampus,0.40889744423246993,0.40889744423246993
154,tree_depth_4,ROUTE_JohnMuirMedicalCenterWalnutCreekCampus,0.40889744423246993,0.40889744423246993
154,tree_depth_5,ROUTE_JohnMuirMedicalCenterWalnutCreekCampus,0.40889744423246993,0.40889744423246993
154,tree_depth_6,ROUTE_JohnMuirMedicalCenterWalnutCreekCampus,0.40889744423246993,0.40889744423246993
154,tree_depth_8,ROUTE_JohnMuirMedicalCenterWalnutCreekCampus,0.40889744423246993,0.40889744423246993
154,tree_depth_10,ROUTE_JohnMuirMedicalCenterWalnutCreekCampus,0.40889744423246993,0.40889744423246993
154,tree_depth_inf,ROUTE_JohnMuirMedicalCenterWalnutCreekCampus,0.40889744423246993,0.40889744423246993
154,Nearest,ROUTE_SutterDeltaMedicalCenter,0.32734294144,0.40889744423246993
154,Heuristic_1,ROUTE_JohnMuirMedicalCenterWalnutCreekCampus,0.40889744423246993,0.40889744423246993
154,Heuristic_2,ROUTE_KaiserFoundationHospitalAntioch,0.34985364893871573,0.40889744423246993
155,MDP_optimal,ROUTE_SutterEdenMedicalCenter,0.41346948808441886,0.41346948808441886
155,tree_depth_1,ROUTE_SutterEdenMedicalCenter,0.41346948808441886,0.41346948808441886
155,tree_depth_2,ROUTE_SutterEdenMedicalCenter,0.41346948808441886,0.41346948808441886
155,tree_depth_3,ROUTE_SutterEdenMedicalCenter,0.41346948808441886,0.41346948808441886
155,tree_depth_4,ROUTE_SutterEdenMedicalCenter,0.41346948808441886,0.41346948808441886
155,tree_depth_5,ROUTE_SutterEdenMedicalCenter,0.41346948808441886,0.41346948808441886
155,tree_depth_6,ROUTE_SutterEdenMedicalCenter,0.41346948808441886,0.41346948808441886
155,tree_depth_8,ROUTE_SutterEdenMedicalCenter,0.41346948808441886,0.41346948808441886
155,tree_depth_10,ROUTE_SutterEdenMedicalCenter,0.41346948808441886,0.41346948808441886
155,tree_depth_inf,ROUTE_SutterEdenMedicalCenter,0.41346948808441886,0.41346948808441886
155,Nearest,ROUTE_StRoseHospital,0.32734294144,0.41346948808441886
155,Heuristic_1,ROUTE_SutterEdenMedicalCenter,0.41346948808441886,0.41346948808441886
155,Heuristic_2,ROUTE_KaiserFoundationHospitalSanLeandro,0.3505698877979153,0.41346948808441886
156,MDP_optimal,ROUTE_KaiserFoundationHospitalVallejo,0.33603931246095303,0.33603931246095303
156,tree_depth_1,ROUTE_KaiserFoundationHospitalVallejo,0.33603931246095303,0.33603931246095303
156,tree_depth_2,ROUTE_KaiserFoundationHospitalVallejo,0.33603931246095303,0.33603931246095303
156,tree_depth_3,ROUTE_KaiserFoundationHospitalVallejo,0.33603931246095303,0.33603931246095303
156,tree_depth_4,ROUTE_KaiserFoundationHospitalVallejo,0.33603931246095303,0.33603931246095303
156,tree_depth_5,ROUTE_KaiserFoundationHospitalVallejo,0.33603931246095303,0.33603931246095303
156,tree_depth_6,ROUTE_KaiserFoundationHospitalVallejo,0.33603931246095303,0.33603931246095303
156,tree_depth_8,ROUTE_KaiserFoundationHospitalVallejo,0.33603931246095303,0.33603931246095303
156,tree_depth_10,ROUTE_KaiserFoundationHospitalVallejo,0.33603931246095303,0.33603931246095303
156,tree_depth_inf,ROUTE_KaiserFoundationHospitalVallejo,0.33603931246095303,0.33603931246095303
156,Nearest,ROUTE_KaiserFoundationHospitalVallejo,0.33603931246095303,0.33603931246095303
156,Heuristic_1,ROUTE_JohnMuirMedicalCenterWalnutCreekCampus,0.32734294144,0.33603931246095303
156,Heuristic_2,ROUTE_KaiserFoundationHospitalVallejo,0.33603931246095303,0.33603931246095303
157,MDP_optimal,ROUTE_JohnMuirMedicalCenterWalnutCreekCampus,0.40611463340580184,0.40611463340580184
157,tree_depth_1,ROUTE_JohnMuirMedicalCenterWalnutCreekCampus,0.40611463340580184,0.40611463340580184
157,tree_depth_2,ROUTE_JohnMuirMedicalCenterWalnutCreekCampus,0.40611463340580184,0.40611463340580184
157,tree_depth_3,ROUTE_JohnMuirMedicalCenterWalnutCreekCampus,0.40611463340580184,0.40611463340580184
157,tree_depth_4,ROUTE_JohnMuirMedicalCenterWalnutCreekCampus,0.40611463340580184,0.40611463340580184
157,tree_depth_5,ROUTE_JohnMuirMedicalCenterWalnutCreekCampus,0.40611463340580184,0.40611463340580184
157,tree_depth_6,ROUTE_JohnMuirMedicalCenterWalnutCreekCampus,0.40611463340580184,0.40611463340580184
157,tree_depth_8,ROUTE_JohnMuirMedicalCenterWalnutCreekCampus,0.40611463340580184,0.40611463340580184
157,tree_depth_10,ROUTE_JohnMuirMedicalCenterWalnutCreekCampus,0.40611463340580184,0.40611463340580184
157,tree_depth_inf,ROUTE_JohnMuirMedicalCenterWalnutCreekCampus,0.40611463340580184,0.40611463340580184
157,Nearest,ROUTE_SutterDeltaMedicalCenter,0.32734294144,0.40611463340580184
157,Heuristic_1,ROUTE_JohnMuirMedicalCenterWalnutCreekCampus,0.40611463340580184,0.40611463340580184
157,Heuristic_2,ROUTE_JohnMuirMedicalCenterConcordCampus,0.34638411273989284,0.40611463340580184
158,MDP_optimal,ROUTE_ProvidenceQueenOfTheValleyMedicalCenter,0.3397282670472315,0.3397282670472315
158,tree_depth_1,ROUTE_JohnMuirMedicalCenterWalnutCreekCampus,0.32734294144,0.3397282670472315
158,tree_depth_2,ROUTE_JohnMuirMedicalCenterWalnutCreekCampus,0.32734294144,0.3397282670472315
158,tree_depth_3,ROUTE_ProvidenceQueenOfTheValleyMedicalCenter,0.3397282670472315,0.3397282670472315
158,tree_depth_4,ROUTE_ProvidenceQueenOfTheValleyMedicalCenter,0.3397282670472315,0.3397282670472315
158,tree_depth_5,ROUTE_ProvidenceQueenOfTheValleyMedicalCenter,0.3397282670472315,0.3397282670472315
158,tree_depth_6,ROUTE_ProvidenceQueenOfTheValleyMedicalCenter,0.3397282670472315,0.3397282670472315
158,tree_depth_8,ROUTE_ProvidenceQueenOfTheValleyMedicalCenter,0.3397282670472315,0.3397282670472315
158,tree_depth_10,ROUTE_ProvidenceQueenOfTheValleyMedicalCenter,0.3397282670472315,0.3397282670472315
158,tree_depth_inf,ROUTE_ProvidenceQueenOfTheValleyMedicalCenter,0.3397282670472315,0.3397282670472315
158,Nearest,ROUTE_ProvidenceQueenOfTheValleyMedicalCenter,0.3397282670472315,0.3397282670472315
158,Heuristic_1,ROUTE_JohnMuirMedicalCenterWalnutCreekCampus,0.32734294144,0.3397282670472315
158,Heuristic_2,ROUTE_ProvidenceQueenOfTheValleyMedicalCenter,0.3397282670472315,0.3397282670472315
159,MDP_optimal,ROUTE_KaiserFoundationHospitalSouthSanFrancisco,0.32734294144,0.32734294144
159,tree_depth_1,ROUTE_KaiserFoundationHospitalSouthSanFrancisco,0.32734294144,0.32734294144
159,tree_depth_2,ROUTE_KaiserFoundationHospitalSouthSanFrancisco,0.32734294144,0.32734294144
159,tree_depth_3,ROUTE_KaiserFoundationHospitalSouthSanFrancisco,0.32734294144,0.32734294144
159,tree_depth_4,ROUTE_KaiserFoundationHospitalSouthSanFrancisco,0.32734294144,0.32734294144
159,tree_depth_5,ROUTE_KaiserFoundationHospitalSouthSanFrancisco,0.32734294144,0.32734294144
159,tree_depth_6,ROUTE_KaiserFoundationHospitalSouthSanFrancisco,0.32734294144,0.32734294144
159,tree_depth_8,ROUTE_KaiserFoundationHospitalSouthSanFrancisco,0.32734294144,0.32734294144
159,tree_depth_10,ROUTE_KaiserFoundationHospitalSouthSanFrancisco,0.32734294144,0.32734294144
159,tree_depth_inf,ROUTE_KaiserFoundationHospitalSouthSanFrancisco,0.32734294144,0.32734294144
159,Nearest,ROUTE_KaiserFoundationHospitalSouthSanFrancisco,0.32734294144,0.32734294144
159,Heuristic_1,ROUTE_MillsPeninsulaMedicalCenterSutter,0.32734294144,0.32734294144
159,Heuristic_2,ROUTE_KaiserFoundationHospitalSouthSanFrancisco,0.32734294144,0.32734294144
160,MDP_optimal,ROUTE_SutterEdenMedicalCenter,0.3421686926656908,0.3421686926656908
160,tree_depth_1,ROUTE_SutterEdenMedicalCenter,0.3421686926656908,0.3421686926656908
160,tree_depth_2,ROUTE_SutterEdenMedicalCenter,0.3421686926656908,0.3421686926656908
160,tree_depth_3,ROUTE_SutterEdenMedicalCenter,0.3421686926656908,0.3421686926656908
160,tree_depth_4,ROUTE_SutterEdenMedicalCenter,0.3421686926656908,0.3421686926656908
160,tree_depth_5,ROUTE_SutterEdenMedicalCenter,0.3421686926656908,0.3421686926656908
160,tree_depth_6,ROUTE_SutterEdenMedicalCenter,0.3421686926656908,0.3421686926656908
160,tree_depth_8,ROUTE_SutterEdenMedicalCenter,0.3421686926656908,0.3421686926656908
160,tree_depth_10,ROUTE_SutterEdenMedicalCenter,0.3421686926656908,0.3421686926656908
160,tree_depth_inf,ROUTE_SutterEdenMedicalCenter,0.3421686926656908,0.3421686926656908
160,Nearest,ROUTE_SanLeandroHospitalAlamedaHealthSystem,0.32734294144,0.3421686926656908
160,Heuristic_1,ROUTE_SutterEdenMedicalCenter,0.3421686926656908,0.3421686926656908
160,Heuristic_2,ROUTE_KaiserFoundationHospitalSanLeandro,0.34281553784701563,0.3421686926656908
161,MDP_optimal,ROUTE_ProvidenceQueenOfTheValleyMedicalCenter,0.34310036398159777,0.34310036398159777
161,tree_depth_1,ROUTE_JohnMuirMedicalCenterWalnutCreekCampus,0.33576844533294775,0.34310036398159777
161,tree_depth_2,ROUTE_JohnMuirMedicalCenterWalnutCreekCampus,0.33576844533294775,0.34310036398159777
161,tree_depth_3,ROUTE_JohnMuirMedicalCenterWalnutCreekCampus,0.33576844533294775,0.34310036398159777
161,tree_depth_4,ROUTE_JohnMuirMedicalCenterWalnutCreekCampus,0.33576844533294775,0.34310036398159777
161,tree_depth_5,ROUTE_JohnMuirMedicalCenterWalnutCreekCampus,0.33576844533294775,0.34310036398159777
161,tree_depth_6,ROUTE_JohnMuirMedicalCenterWalnutCreekCampus,0.33576844533294775,0.34310036398159777
161,tree_depth_8,ROUTE_JohnMuirMedicalCenterWalnutCreekCampus,0.33576844533294775,0.34310036398159777
161,tree_depth_10,ROUTE_JohnMuirMedicalCenterWalnutCreekCampus,0.33576844533294775,0.34310036398159777
161,tree_depth_inf,ROUTE_JohnMuirMedicalCenterWalnutCreekCampus,0.33576844533294775,0.34310036398159777
161,Nearest,ROUTE_ProvidenceQueenOfTheValleyMedicalCenter,0.34310036398159777,0.34310036398159777
161,Heuristic_1,ROUTE_JohnMuirMedicalCenterWalnutCreekCampus,0.33576844533294775,0.34310036398159777
161,Heuristic_2,ROUTE_ProvidenceQueenOfTheValleyMedicalCenter,0.34310036398159777,0.34310036398159777
162,MDP_optimal,ROUTE_UCSFMedicalCenter,0.4125270032751436,0.4125270032751436
162,tree_depth_1,ROUTE_UCSFMedicalCenter,0.4125270032751436,0.4125270032751436
162,tree_depth_2,ROUTE_UCSFMedicalCenter,0.4125270032751436,0.4125270032751436
162,tree_depth_3,ROUTE_UCSFMedicalCenter,0.4125270032751436,0.4125270032751436
162,tree_depth_4,ROUTE_UCSFMedicalCenter,0.4125270032751436,0.4125270032751436
162,tree_depth_5,ROUTE_UCSFMedicalCenter,0.4125270032751436,0.4125270032751436
162,tree_depth_6,ROUTE_UCSFMedicalCenter,0.4125270032751436,0.4125270032751436
162,tree_depth_8,ROUTE_UCSFMedicalCenter,0.4125270032751436,0.4125270032751436
162,tree_depth_10,ROUTE_UCSFMedicalCenter,0.4125270032751436,0.4125270032751436
162,tree_depth_inf,ROUTE_UCSFMedicalCenter,0.4125270032751436,0.4125270032751436
162,Nearest,ROUTE_KaiserFoundationHospitalSanFrancisco,0.3503583801411366,0.4125270032751436
162,Heuristic_1,ROUTE_UCSFMedicalCenter,0.4125270032751436,0.4125270032751436
162,Heuristic_2,ROUTE_KaiserFoundationHospitalSanFrancisco,0.3503583801411366,0.4125270032751436
163,MDP_optimal,ROUTE_SutterEdenMedicalCenter,0.420397215144784,0.420397215144784
163,tree_depth_1,ROUTE_SutterEdenMedicalCenter,0.420397215144784,0.420397215144784
163,tree_depth_2,ROUTE_SutterEdenMedicalCenter,0.420397215144784,0.420397215144784
163,tree_depth_3,ROUTE_SutterEdenMedicalCenter,0.420397215144784,0.420397215144784
163,tree_depth_4,ROUTE_SutterEdenMedicalCenter,0.420397215144784,0.420397215144784
163,tree_depth_5,ROUTE_SutterEdenMedicalCenter,0.420397215144784,0.420397215144784
163,tree_depth_6,ROUTE_SutterEdenMedicalCenter,0.420397215144784,0.420397215144784
163,tree_depth_8,ROUTE_SutterEdenMedicalCenter,0.420397215144784,0.420397215144784
163,tree_depth_10,ROUTE_SutterEdenMedicalCenter,0.420397215144784,0.420397215144784
163,tree_depth_inf,ROUTE_SutterEdenMedicalCenter,0.420397215144784,0.420397215144784
163,Nearest,ROUTE_StanfordHealthCareTriValley,0.35959662989684826,0.420397215144784
163,Heuristic_1,ROUTE_SutterEdenMedicalCenter,0.420397215144784,0.420397215144784
163,Heuristic_2,ROUTE_StanfordHealthCareTriValley,0.35959662989684826,0.420397215144784
164,MDP_optimal,ROUTE_CPMCMissionBernalCampusSutter,0.32734294144,0.32734294144
164,tree_depth_1,ROUTE_CPMCMissionBernalCampusSutter,0.32734294144,0.32734294144
164,tree_depth_2,ROUTE_CPMCMissionBernalCampusSutter,0.32734294144,0.32734294144
164,tree_depth_3,ROUTE_CPMCMissionBernalCampusSutter,0.32734294144,0.32734294144
164,tree_depth_4,ROUTE_CPMCMissionBernalCampusSutter,0.32734294144,0.32734294144
164,tree_depth_5,ROUTE_CPMCMissionBernalCampusSutter,0.32734294144,0.32734294144
164,tree_depth_6,ROUTE_CPMCMissionBernalCampusSutter,0.32734294144,0.32734294144
164,tree_depth_8,ROUTE_CPMCMissionBernalCampusSutter,0.32734294144,0.32734294144
164,tree_depth_10,ROUTE_CPMCMissionBernalCampusSutter,0.32734294144,0.32734294144
164,tree_depth_inf,ROUTE_CPMCMissionBernalCampusSutter,0.32734294144,0.32734294144
164,Nearest,ROUTE_CPMCMissionBernalCampusSutter,0.32734294144,0.32734294144
164,Heuristic_1,ROUTE_CPMCDaviesCampusSutter,0.32734294144,0.32734294144
164,Heuristic_2,ROUTE_CPMCMissionBernalCampusSutter,0.32734294144,0.32734294144
165,MDP_optimal,ROUTE_JohnMuirMedicalCenterWalnutCreekCampus,0.40945972392178226,0.40945972392178226
165,tree_depth_1,ROUTE_JohnMuirMedicalCenterWalnutCreekCampus,0.40945972392178226,0.40945972392178226
165,tree_depth_2,ROUTE_JohnMuirMedicalCenterWalnutCreekCampus,0.40945972392178226,0.40945972392178226
165,tree_depth_3,ROUTE_JohnMuirMedicalCenterWalnutCreekCampus,0.40945972392178226,0.40945972392178226
165,tree_depth_4,ROUTE_JohnMuirMedicalCenterWalnutCreekCampus,0.40945972392178226,0.40945972392178226
165,tree_depth_5,ROUTE_JohnMuirMedicalCenterWalnutCreekCampus,0.40945972392178226,0.40945972392178226
165,tree_depth_6,ROUTE_JohnMuirMedicalCenterWalnutCreekCampus,0.40945972392178226,0.40945972392178226
165,tree_depth_8,ROUTE_JohnMuirMedicalCenterWalnutCreekCampus,0.40945972392178226,0.40945972392178226
165,tree_depth_10,ROUTE_JohnMuirMedicalCenterWalnutCreekCampus,0.40945972392178226,0.40945972392178226
165,tree_depth_inf,ROUTE_JohnMuirMedicalCenterWalnutCreekCampus,0.40945972392178226,0.40945972392178226
165,Nearest,ROUTE_KaiserFoundationHospitalVacaville,0.35606952914342044,0.40945972392178226
165,Heuristic_1,ROUTE_JohnMuirMedicalCenterWalnutCreekCampus,0.40945972392178226,0.40945972392178226
165,Heuristic_2,ROUTE_KaiserFoundationHospitalVacaville,0.35606952914342044,0.40945972392178226
166,MDP_optimal,ROUTE_ZuckerbergSanFranciscoGeneralHospital,0.32734294144,0.32734294144
166,tree_depth_1,ROUTE_ZuckerbergSanFranciscoGeneralHospital,0.32734294144,0.32734294144
166,tree_depth_2,ROUTE_ZuckerbergSanFranciscoGeneralHospital,0.32734294144,0.32734294144
166,tree_depth_3,ROUTE_ZuckerbergSanFranciscoGeneralHospital,0.32734294144,0.32734294144
166,tree_depth_4,ROUTE_ZuckerbergSanFranciscoGeneralHospital,0.32734294144,0.32734294144
166,tree_depth_5,ROUTE_ZuckerbergSanFranciscoGeneralHospital,0.32734294144,0.32734294144
166,tree_depth_6,ROUTE_ZuckerbergSanFranciscoGeneralHospital,0.32734294144,0.32734294144
166,tree_depth_8,ROUTE_ZuckerbergSanFranciscoGeneralHospital,0.32734294144,0.32734294144
166,tree_depth_10,ROUTE_ZuckerbergSanFranciscoGeneralHospital,0.32734294144,0.32734294144
166,tree_depth_inf,ROUTE_ZuckerbergSanFranciscoGeneralHospital,0.32734294144,0.32734294144
166,Nearest,ROUTE_ZuckerbergSanFranciscoGeneralHospital,0.32734294144,0.32734294144
166,Heuristic_1,ROUTE_CPMCDaviesCampusSutter,0.32734294144,0.32734294144
166,Heuristic_2,ROUTE_ZuckerbergSanFranciscoGeneralHospital,0.32734294144,0.32734294144
167,MDP_optimal,ROUTE_AHMCSetonMedicalCenter,0.336316212550723,0.336316212550723
167,tree_depth_1,ROUTE_AHMCSetonMedicalCenter,0.336316212550723,0.336316212550723
167,tree_depth_2,ROUTE_AHMCSetonMedicalCenter,0.336316212550723,0.336316212550723
167,tree_depth_3,ROUTE_AHMCSetonMedicalCenter,0.336316212550723,0.336316212550723
167,tree_depth_4,ROUTE_AHMCSetonMedicalCenter,0.336316212550723,0.336316212550723
167,tree_depth_5,ROUTE_AHMCSetonMedicalCenter,0.336316212550723,0.336316212550723
167,tree_depth_6,ROUTE_AHMCSetonMedicalCenter,0.336316212550723,0.336316212550723
167,tree_depth_8,ROUTE_AHMCSetonMedicalCenter,0.336316212550723,0.336316212550723
167,tree_depth_10,ROUTE_AHMCSetonMedicalCenter,0.336316212550723,0.336316212550723
167,tree_depth_inf,ROUTE_AHMCSetonMedicalCenter,0.336316212550723,0.336316212550723
167,Nearest,ROUTE_AHMCSetonMedicalCenter,0.336316212550723,0.336316212550723
167,Heuristic_1,ROUTE_MillsPeninsulaMedicalCenterSutter,0.32734294144,0.336316212550723
167,Heuristic_2,ROUTE_AHMCSetonMedicalCenter,0.336316212550723,0.336316212550723
168,MDP_optimal,ROUTE_SutterEdenMedicalCenter,0.4276203963049801,0.4276203963049801
168,tree_depth_1,ROUTE_SutterEdenMedicalCenter,0.4276203963049801,0.4276203963049801
168,tree_depth_2,ROUTE_SutterEdenMedicalCenter,0.4276203963049801,0.4276203963049801
168,tree_depth_3,ROUTE_SutterEdenMedicalCenter,0.4276203963049801,0.4276203963049801
168,tree_depth_4,ROUTE_SutterEdenMedicalCenter,0.4276203963049801,0.4276203963049801
168,tree_depth_5,ROUTE_SutterEdenMedicalCenter,0.4276203963049801,0.4276203963049801
168,tree_depth_6,ROUTE_SutterEdenMedicalCenter,0.4276203963049801,0.4276203963049801
168,tree_depth_8,ROUTE_SutterEdenMedicalCenter,0.4276203963049801,0.4276203963049801
168,tree_depth_10,ROUTE_SutterEdenMedicalCenter,0.4276203963049801,0.4276203963049801
168,tree_depth_inf,ROUTE_SutterEdenMedicalCenter,0.4276203963049801,0.4276203963049801
168,Nearest,ROUTE_HighlandHospitalWilmaChanCampus,0.4231666709791376,0.4276203963049801
168,Heuristic_1,ROUTE_SutterEdenMedicalCenter,0.4276203963049801,0.4276203963049801
168,Heuristic_2,ROUTE_HighlandHospitalWilmaChanCampus,0.4231666709791376,0.4276203963049801
169,MDP_optimal,ROUTE_JohnMuirMedicalCenterWalnutCreekCampus,0.42292667599992323,0.42292667599992323
169,tree_depth_1,ROUTE_JohnMuirMedicalCenterWalnutCreekCampus,0.42292667599992323,0.42292667599992323
169,tree_depth_2,ROUTE_JohnMuirMedicalCenterWalnutCreekCampus,0.42292667599992323,0.42292667599992323
169,tree_depth_3,ROUTE_JohnMuirMedicalCenterWalnutCreekCampus,0.42292667599992323,0.42292667599992323
169,tree_depth_4,ROUTE_JohnMuirMedicalCenterWalnutCreekCampus,0.42292667599992323,0.42292667599992323
169,tree_depth_5,ROUTE_JohnMuirMedicalCenterWalnutCreekCampus,0.42292667599992323,0.42292667599992323
169,tree_depth_6,ROUTE_JohnMuirMedicalCenterWalnutCreekCampus,0.42292667599992323,0.42292667599992323
169,tree_depth_8,ROUTE_JohnMuirMedicalCenterWalnutCreekCampus,0.42292667599992323,0.42292667599992323
169,tree_depth_10,ROUTE_JohnMuirMedicalCenterWalnutCreekCampus,0.42292667599992323,0.42292667599992323
169,tree_depth_inf,ROUTE_JohnMuirMedicalCenterWalnutCreekCampus,0.42292667599992323,0.42292667599992323
169,Nearest,ROUTE_JohnMuirMedicalCenterConcordCampus,0.36013814323817894,0.42292667599992323
169,Heuristic_1,ROUTE_JohnMuirMedicalCenterWalnutCreekCampus,0.42292667599992323,0.42292667599992323
169,Heuristic_2,ROUTE_JohnMuirMedicalCenterConcordCampus,0.36013814323817894,0.42292667599992323
170,MDP_optimal,ROUTE_CPMCVanNessCampusSutter,0.32734294144,0.32734294144
170,tree_depth_1,ROUTE_CPMCVanNessCampusSutter,0.32734294144,0.32734294144
170,tree_depth_2,ROUTE_CPMCVanNessCampusSutter,0.32734294144,0.32734294144
170,tree_depth_3,ROUTE_CPMCVanNessCampusSutter,0.32734294144,0.32734294144
170,tree_depth_4,ROUTE_CPMCVanNessCampusSutter,0.32734294144,0.32734294144
170,tree_depth_5,ROUTE_CPMCVanNessCampusSutter,0.32734294144,0.32734294144
170,tree_depth_6,ROUTE_CPMCVanNessCampusSutter,0.32734294144,0.32734294144
170,tree_depth_8,ROUTE_CPMCVanNessCampusSutter,0.32734294144,0.32734294144
170,tree_depth_10,ROUTE_CPMCVanNessCampusSutter,0.32734294144,0.32734294144
170,tree_depth_inf,ROUTE_CPMCVanNessCampusSutter,0.32734294144,0.32734294144
170,Nearest,ROUTE_CPMCVanNessCampusSutter,0.32734294144,0.32734294144
170,Heuristic_1,ROUTE_CPMCDaviesCampusSutter,0.32734294144,0.32734294144
170,Heuristic_2,ROUTE_CPMCVanNessCampusSutter,0.32734294144,0.32734294144
171,MDP_optimal,ROUTE_UCSFMedicalCenter,0.40673635689409965,0.40673635689409965
171,tree_depth_1,ROUTE_UCSFMedicalCenter,0.40673635689409965,0.40673635689409965
171,tree_depth_2,ROUTE_UCSFMedicalCenter,0.40673635689409965,0.40673635689409965
171,tree_depth_3,ROUTE_UCSFMedicalCenter,0.40673635689409965,0.40673635689409965
171,tree_depth_4,ROUTE_UCSFMedicalCenter,0.40673635689409965,0.40673635689409965
171,tree_depth_5,ROUTE_UCSFMedicalCenter,0.40673635689409965,0.40673635689409965
171,tree_depth_6,ROUTE_UCSFMedicalCenter,0.40673635689409965,0.40673635689409965
171,tree_depth_8,ROUTE_UCSFMedicalCenter,0.40673635689409965,0.40673635689409965
171,tree_depth_10,ROUTE_UCSFMedicalCenter,0.40673635689409965,0.40673635689409965
171,tree_depth_inf,ROUTE_UCSFMedicalCenter,0.40673635689409965,0.40673635689409965
171,Nearest,ROUTE_UCSFHealthStanyanHospital,0.34565482100904393,0.40673635689409965
171,Heuristic_1,ROUTE_UCSFMedicalCenter,0.40673635689409965,0.40673635689409965
171,Heuristic_2,ROUTE_UCSFHealthStanyanHospital,0.34565482100904393,0.40673635689409965
172,MDP_optimal,ROUTE_CPMCDaviesCampusSutter,0.408245765613733,0.408245765613733
172,tree_depth_1,ROUTE_CPMCDaviesCampusSutter,0.408245765613733,0.408245765613733
172,tree_depth_2,ROUTE_CPMCDaviesCampusSutter,0.408245765613733,0.408245765613733
172,tree_depth_3,ROUTE_CPMCDaviesCampusSutter,0.408245765613733,0.408245765613733
172,tree_depth_4,ROUTE_CPMCDaviesCampusSutter,0.408245765613733,0.408245765613733
172,tree_depth_5,ROUTE_CPMCDaviesCampusSutter,0.408245765613733,0.408245765613733
172,tree_depth_6,ROUTE_CPMCDaviesCampusSutter,0.408245765613733,0.408245765613733
172,tree_depth_8,ROUTE_CPMCDaviesCampusSutter,0.408245765613733,0.408245765613733
172,tree_depth_10,ROUTE_CPMCDaviesCampusSutter,0.408245765613733,0.408245765613733
172,tree_depth_inf,ROUTE_CPMCDaviesCampusSutter,0.408245765613733,0.408245765613733
172,Nearest,ROUTE_UCSFHealthHydeHospital,0.3472596142485731,0.408245765613733
172,Heuristic_1,ROUTE_CPMCDaviesCampusSutter,0.408245765613733,0.408245765613733
172,Heuristic_2,ROUTE_UCSFHealthHydeHospital,0.3472596142485731,0.408245765613733
173,MDP_optimal,ROUTE_ElCaminoHealthMountainView,0.4059466903488975,0.4059466903488975
173,tree_depth_1,ROUTE_ElCaminoHealthMountainView,0.4059466903488975,0.4059466903488975
173,tree_depth_2,ROUTE_ElCaminoHealthMountainView,0.4059466903488975,0.4059466903488975
173,tree_depth_3,ROUTE_ElCaminoHealthMountainView,0.4059466903488975,0.4059466903488975
173,tree_depth_4,ROUTE_ElCaminoHealthMountainView,0.4059466903488975,0.4059466903488975
173,tree_depth_5,ROUTE_ElCaminoHealthMountainView,0.4059466903488975,0.4059466903488975
173,tree_depth_6,ROUTE_ElCaminoHealthMountainView,0.4059466903488975,0.4059466903488975
173,tree_depth_8,ROUTE_ElCaminoHealthMountainView,0.4059466903488975,0.4059466903488975
173,tree_depth_10,ROUTE_ElCaminoHealthMountainView,0.4059466903488975,0.4059466903488975
173,tree_depth_inf,ROUTE_ElCaminoHealthMountainView,0.4059466903488975,0.4059466903488975
173,Nearest,ROUTE_ElCaminoHealthMountainView,0.4059466903488975,0.4059466903488975
173,Heuristic_1,ROUTE_ElCaminoHealthMountainView,0.4059466903488975,0.4059466903488975
173,Heuristic_2,ROUTE_ElCaminoHealthMountainView,0.4059466903488975,0.4059466903488975
174,MDP_optimal,ROUTE_UCSFMedicalCenter,0.40440318635977063,0.40440318635977063
174,tree_depth_1,ROUTE_UCSFMedicalCenter,0.40440318635977063,0.40440318635977063
174,tree_depth_2,ROUTE_UCSFMedicalCenter,0.40440318635977063,0.40440318635977063
174,tree_depth_3,ROUTE_UCSFMedicalCenter,0.40440318635977063,0.40440318635977063
174,tree_depth_4,ROUTE_UCSFMedicalCenter,0.40440318635977063,0.40440318635977063
174,tree_depth_5,ROUTE_UCSFMedicalCenter,0.40440318635977063,0.40440318635977063
174,tree_depth_6,ROUTE_UCSFMedicalCenter,0.40440318635977063,0.40440318635977063
174,tree_depth_8,ROUTE_UCSFMedicalCenter,0.40440318635977063,0.40440318635977063
174,tree_depth_10,ROUTE_UCSFMedicalCenter,0.40440318635977063,0.40440318635977063
174,tree_depth_inf,ROUTE_UCSFMedicalCenter,0.40440318635977063,0.40440318635977063
174,Nearest,ROUTE_PetalumaValleyHospitalProvidence,0.3537428047319289,0.40440318635977063
174,Heuristic_1,ROUTE_UCSFMedicalCenter,0.40440318635977063,0.40440318635977063
174,Heuristic_2,ROUTE_PetalumaValleyHospitalProvidence,0.3537428047319289,0.40440318635977063
175,MDP_optimal,ROUTE_SutterEdenMedicalCenter,0.4237286614374181,0.4237286614374181
175,tree_depth_1,ROUTE_SutterEdenMedicalCenter,0.4237286614374181,0.4237286614374181
175,tree_depth_2,ROUTE_SutterEdenMedicalCenter,0.4237286614374181,0.4237286614374181
175,tree_depth_3,ROUTE_SutterEdenMedicalCenter,0.4237286614374181,0.4237286614374181
175,tree_depth_4,ROUTE_SutterEdenMedicalCenter,0.4237286614374181,0.4237286614374181
175,tree_depth_5,ROUTE_SutterEdenMedicalCenter,0.4237286614374181,0.4237286614374181
175,tree_depth_6,ROUTE_SutterEdenMedicalCenter,0.4237286614374181,0.4237286614374181
175,tree_depth_8,ROUTE_SutterEdenMedicalCenter,0.4237286614374181,0.4237286614374181
175,tree_depth_10,ROUTE_SutterEdenMedicalCenter,0.4237286614374181,0.4237286614374181
175,tree_depth_inf,ROUTE_SutterEdenMedicalCenter,0.4237286614374181,0.4237286614374181
175,Nearest,ROUTE_SanLeandroHospitalAlamedaHealthSystem,0.3359145826441209,0.4237286614374181
175,Heuristic_1,ROUTE_SutterEdenMedicalCenter,0.4237286614374181,0.4237286614374181
175,Heuristic_2,ROUTE_KaiserFoundationHospitalSanLeandro,0.3593572541581683,0.4237286614374181
176,MDP_optimal,ROUTE_CPMCDaviesCampusSutter,0.42828248309575956,0.42828248309575956
176,tree_depth_1,ROUTE_CPMCDaviesCampusSutter,0.42828248309575956,0.42828248309575956
176,tree_depth_2,ROUTE_CPMCDaviesCampusSutter,0.42828248309575956,0.42828248309575956
176,tree_depth_3,ROUTE_CPMCDaviesCampusSutter,0.42828248309575956,0.42828248309575956
176,tree_depth_4,ROUTE_CPMCDaviesCampusSutter,0.42828248309575956,0.42828248309575956
176,tree_depth_5,ROUTE_CPMCDaviesCampusSutter,0.42828248309575956,0.42828248309575956
176,tree_depth_6,ROUTE_CPMCDaviesCampusSutter,0.42828248309575956,0.42828248309575956
176,tree_depth_8,ROUTE_CPMCDaviesCampusSutter,0.42828248309575956,0.42828248309575956
176,tree_depth_10,ROUTE_CPMCDaviesCampusSutter,0.42828248309575956,0.42828248309575956
176,tree_depth_inf,ROUTE_CPMCDaviesCampusSutter,0.42828248309575956,0.42828248309575956
176,Nearest,ROUTE_ChineseHospital,0.4236818935787302,0.42828248309575956
176,Heuristic_1,ROUTE_CPMCDaviesCampusSutter,0.42828248309575956,0.42828248309575956
176,Heuristic_2,ROUTE_ChineseHospital,0.4236818935787302,0.42828248309575956
177,MDP_optimal,ROUTE_SequoiaHospital,0.33723381490730336,0.33723381490730336
177,tree_depth_1,ROUTE_SequoiaHospital,0.33723381490730336,0.33723381490730336
177,tree_depth_2,ROUTE_SequoiaHospital,0.33723381490730336,0.33723381490730336
177,tree_depth_3,ROUTE_SequoiaHospital,0.33723381490730336,0.33723381490730336
177,tree_depth_4,ROUTE_SequoiaHospital,0.33723381490730336,0.33723381490730336
177,tree_depth_5,ROUTE_SequoiaHospital,0.33723381490730336,0.33723381490730336
177,tree_depth_6,ROUTE_SequoiaHospital,0.33723381490730336,0.33723381490730336
177,tree_depth_8,ROUTE_SequoiaHospital,0.33723381490730336,0.33723381490730336
177,tree_depth_10,ROUTE_SequoiaHospital,0.33723381490730336,0.33723381490730336
177,tree_depth_inf,ROUTE_SequoiaHospital,0.33723381490730336,0.33723381490730336
177,Nearest,ROUTE_SequoiaHospital,0.33723381490730336,0.33723381490730336
177,Heuristic_1,ROUTE_KaiserFoundationHospitalRedwoodCity,0.3362359820058004,0.33723381490730336
177,Heuristic_2,ROUTE_SequoiaHospital,0.33723381490730336,0.33723381490730336
178,MDP_optimal,ROUTE_MillsPeninsulaMedicalCenterSutter,0.43483348606531824,0.43483348606531824
178,tree_depth_1,ROUTE_MillsPeninsulaMedicalCenterSutter,0.43483348606531824,0.43483348606531824
178,tree_depth_2,ROUTE_MillsPeninsulaMedicalCenterSutter,0.43483348606531824,0.43483348606531824
178,tree_depth_3,ROUTE_MillsPeninsulaMedicalCenterSutter,0.43483348606531824,0.43483348606531824
178,tree_depth_4,ROUTE_MillsPeninsulaMedicalCenterSutter,0.43483348606531824,0.43483348606531824
178,tree_depth_5,ROUTE_MillsPeninsulaMedicalCenterSutter,0.43483348606531824,0.43483348606531824
178,tree_depth_6,ROUTE_MillsPeninsulaMedicalCenterSutter,0.43483348606531824,0.43483348606531824
178,tree_depth_8,ROUTE_MillsPeninsulaMedicalCenterSutter,0.43483348606531824,0.43483348606531824
178,tree_depth_10,ROUTE_MillsPeninsulaMedicalCenterSutter,0.43483348606531824,0.43483348606531824
178,tree_depth_inf,ROUTE_MillsPeninsulaMedicalCenterSutter,0.43483348606531824,0.43483348606531824
178,Nearest,ROUTE_KaiserFoundationHospitalSouthSanFrancisco,0.42952655488949415,0.43483348606531824
178,Heuristic_1,ROUTE_MillsPeninsulaMedicalCenterSutter,0.43483348606531824,0.43483348606531824
178,Heuristic_2,ROUTE_KaiserFoundationHospitalSouthSanFrancisco,0.42952655488949415,0.43483348606531824
179,MDP_optimal,ROUTE_RegionalMedicalCenterOfSanJose,0.4151453629913528,0.4151453629913528
179,tree_depth_1,ROUTE_RegionalMedicalCenterOfSanJose,0.4151453629913528,0.4151453629913528
179,tree_depth_2,ROUTE_RegionalMedicalCenterOfSanJose,0.4151453629913528,0.4151453629913528
179,tree_depth_3,ROUTE_RegionalMedicalCenterOfSanJose,0.4151453629913528,0.4151453629913528
179,tree_depth_4,ROUTE_RegionalMedicalCenterOfSanJose,0.4151453629913528,0.4151453629913528
179,tree_depth_5,ROUTE_RegionalMedicalCenterOfSanJose,0.4151453629913528,0.4151453629913528
179,tree_depth_6,ROUTE_RegionalMedicalCenterOfSanJose,0.4151453629913528,0.4151453629913528
179,tree_depth_8,ROUTE_RegionalMedicalCenterOfSanJose,0.4151453629913528,0.4151453629913528
179,tree_depth_10,ROUTE_RegionalMedicalCenterOfSanJose,0.4151453629913528,0.4151453629913528
179,tree_depth_inf,ROUTE_RegionalMedicalCenterOfSanJose,0.4151453629913528,0.4151453629913528
179,Nearest,ROUTE_KaiserFoundationHospitalFremont,0.35487567229428146,0.4151453629913528
179,Heuristic_1,ROUTE_RegionalMedicalCenterOfSanJose,0.4151453629913528,0.4151453629913528
179,Heuristic_2,ROUTE_KaiserFoundationHospitalFremont,0.35487567229428146,0.4151453629913528
180,MDP_optimal,ROUTE_JohnMuirMedicalCenterWalnutCreekCampus,0.40858918056579435,0.40858918056579435
180,tree_depth_1,ROUTE_JohnMuirMedicalCenterWalnutCreekCampus,0.40858918056579435,0.40858918056579435
180,tree_depth_2,ROUTE_JohnMuirMedicalCenterWalnutCreekCampus,0.40858918056579435,0.40858918056579435
180,tree_depth_3,ROUTE_JohnMuirMedicalCenterWalnutCreekCampus,0.40858918056579435,0.40858918056579435
180,tree_depth_4,ROUTE_JohnMuirMedicalCenterWalnutCreekCampus,0.40858918056579435,0.40858918056579435
180,tree_depth_5,ROUTE_JohnMuirMedicalCenterWalnutCreekCampus,0.40858918056579435,0.40858918056579435
180,tree_depth_6,ROUTE_JohnMuirMedicalCenterWalnutCreekCampus,0.40858918056579435,0.40858918056579435
180,tree_depth_8,ROUTE_JohnMuirMedicalCenterWalnutCreekCampus,0.40858918056579435,0.40858918056579435
180,tree_depth_10,ROUTE_JohnMuirMedicalCenterWalnutCreekCampus,0.40858918056579435,0.40858918056579435
180,tree_depth_inf,ROUTE_JohnMuirMedicalCenterWalnutCreekCampus,0.40858918056579435,0.40858918056579435
180,Nearest,ROUTE_KaiserFoundationHospitalVallejo,0.35184293783198617,0.40858918056579435
180,Heuristic_1,ROUTE_JohnMuirMedicalCenterWalnutCreekCampus,0.40858918056579435,0.40858918056579435
180,Heuristic_2,ROUTE_KaiserFoundationHospitalVallejo,0.35184293783198617,0.40858918056579435
181,MDP_optimal,ROUTE_JohnMuirMedicalCenterWalnutCreekCampus,0.414886632478704,0.414886632478704
181,tree_depth_1,ROUTE_JohnMuirMedicalCenterWalnutCreekCampus,0.414886632478704,0.414886632478704
181,tree_depth_2,ROUTE_JohnMuirMedicalCenterWalnutCreekCampus,0.414886632478704,0.414886632478704
181,tree_depth_3,ROUTE_JohnMuirMedicalCenterWalnutCreekCampus,0.414886632478704,0.414886632478704
181,tree_depth_4,ROUTE_JohnMuirMedicalCenterWalnutCreekCampus,0.414886632478704,0.414886632478704
181,tree_depth_5,ROUTE_JohnMuirMedicalCenterWalnutCreekCampus,0.414886632478704,0.414886632478704
181,tree_depth_6,ROUTE_JohnMuirMedicalCenterWalnutCreekCampus,0.414886632478704,0.414886632478704
181,tree_depth_8,ROUTE_JohnMuirMedicalCenterWalnutCreekCampus,0.414886632478704,0.414886632478704
181,tree_depth_10,ROUTE_JohnMuirMedicalCenterWalnutCreekCampus,0.414886632478704,0.414886632478704
181,tree_depth_inf,ROUTE_JohnMuirMedicalCenterWalnutCreekCampus,0.414886632478704,0.414886632478704
181,Nearest,ROUTE_SutterDeltaMedicalCenter,0.32734294144,0.414886632478704
181,Heuristic_1,ROUTE_JohnMuirMedicalCenterWalnutCreekCampus,0.414886632478704,0.414886632478704
181,Heuristic_2,ROUTE_KaiserFoundationHospitalAntioch,0.35475198062098967,0.414886632478704
182,MDP_optimal,ROUTE_JohnMuirMedicalCenterWalnutCreekCampus,0.4053429043499194,0.4053429043499194
182,tree_depth_1,ROUTE_JohnMuirMedicalCenterWalnutCreekCampus,0.4053429043499194,0.4053429043499194
182,tree_depth_2,ROUTE_JohnMuirMedicalCenterWalnutCreekCampus,0.4053429043499194,0.4053429043499194
182,tree_depth_3,ROUTE_JohnMuirMedicalCenterWalnutCreekCampus,0.4053429043499194,0.4053429043499194
182,tree_depth_4,ROUTE_JohnMuirMedicalCenterWalnutCreekCampus,0.4053429043499194,0.4053429043499194
182,tree_depth_5,ROUTE_JohnMuirMedicalCenterWalnutCreekCampus,0.4053429043499194,0.4053429043499194
182,tree_depth_6,ROUTE_JohnMuirMedicalCenterWalnutCreekCampus,0.4053429043499194,0.4053429043499194
182,tree_depth_8,ROUTE_JohnMuirMedicalCenterWalnutCreekCampus,0.4053429043499194,0.4053429043499194
182,tree_depth_10,ROUTE_JohnMuirMedicalCenterWalnutCreekCampus,0.4053429043499194,0.4053429043499194
182,tree_depth_inf,ROUTE_JohnMuirMedicalCenterWalnutCreekCampus,0.4053429043499194,0.4053429043499194
182,Nearest,ROUTE_JohnMuirMedicalCenterConcordCampus,0.34577718233572696,0.4053429043499194
182,Heuristic_1,ROUTE_JohnMuirMedicalCenterWalnutCreekCampus,0.4053429043499194,0.4053429043499194
182,Heuristic_2,ROUTE_JohnMuirMedicalCenterConcordCampus,0.34577718233572696,0.4053429043499194
183,MDP_optimal,ROUTE_CPMCDaviesCampusSutter,0.4110742188597603,0.4110742188597603
183,tree_depth_1,ROUTE_CPMCDaviesCampusSutter,0.4110742188597603,0.4110742188597603
183,tree_depth_2,ROUTE_CPMCDaviesCampusSutter,0.4110742188597603,0.4110742188597603
183,tree_depth_3,ROUTE_CPMCDaviesCampusSutter,0.4110742188597603,0.4110742188597603
183,tree_depth_4,ROUTE_CPMCDaviesCampusSutter,0.4110742188597603,0.4110742188597603
183,tree_depth_5,ROUTE_CPMCDaviesCampusSutter,0.4110742188597603,0.4110742188597603
183,tree_depth_6,ROUTE_CPMCDaviesCampusSutter,0.4110742188597603,0.4110742188597603
183,tree_depth_8,ROUTE_CPMCDaviesCampusSutter,0.4110742188597603,0.4110742188597603
183,tree_depth_10,ROUTE_CPMCDaviesCampusSutter,0.4110742188597603,0.4110742188597603
183,tree_depth_inf,ROUTE_CPMCDaviesCampusSutter,0.4110742188597603,0.4110742188597603
183,Nearest,ROUTE_CPMCMissionBernalCampusSutter,0.34976479358273876,0.4110742188597603
183,Heuristic_1,ROUTE_CPMCDaviesCampusSutter,0.4110742188597603,0.4110742188597603
183,Heuristic_2,ROUTE_CPMCMissionBernalCampusSutter,0.34976479358273876,0.4110742188597603
184,MDP_optimal,ROUTE_CPMCDaviesCampusSutter,0.4164674584038178,0.4164674584038178
184,tree_depth_1,ROUTE_CPMCDaviesCampusSutter,0.4164674584038178,0.4164674584038178
184,tree_depth_2,ROUTE_CPMCDaviesCampusSutter,0.4164674584038178,0.4164674584038178
184,tree_depth_3,ROUTE_CPMCDaviesCampusSutter,0.4164674584038178,0.4164674584038178
184,tree_depth_4,ROUTE_CPMCDaviesCampusSutter,0.4164674584038178,0.4164674584038178
184,tree_depth_5,ROUTE_CPMCDaviesCampusSutter,0.4164674584038178,0.4164674584038178
184,tree_depth_6,ROUTE_CPMCDaviesCampusSutter,0.4164674584038178,0.4164674584038178
184,tree_depth_8,ROUTE_CPMCDaviesCampusSutter,0.4164674584038178,0.4164674584038178
184,tree_depth_10,ROUTE_CPMCDaviesCampusSutter,0.4164674584038178,0.4164674584038178
184,tree_depth_inf,ROUTE_CPMCDaviesCampusSutter,0.4164674584038178,0.4164674584038178
184,Nearest,ROUTE_ChineseHospital,0.3546982649910269,0.4164674584038178
184,Heuristic_1,ROUTE_CPMCDaviesCampusSutter,0.4164674584038178,0.4164674584038178
184,Heuristic_2,ROUTE_ChineseHospital,0.3546982649910269,0.4164674584038178
185,MDP_optimal,ROUTE_KaiserFoundationHospitalRedwoodCity,0.4294086904671124,0.4294086904671124
185,tree_depth_1,ROUTE_KaiserFoundationHospitalRedwoodCity,0.4294086904671124,0.4294086904671124
185,tree_depth_2,ROUTE_KaiserFoundationHospitalRedwoodCity,0.4294086904671124,0.4294086904671124
185,tree_depth_3,ROUTE_KaiserFoundationHospitalRedwoodCity,0.4294086904671124,0.4294086904671124
185,tree_depth_4,ROUTE_KaiserFoundationHospitalRedwoodCity,0.4294086904671124,0.4294086904671124
185,tree_depth_5,ROUTE_KaiserFoundationHospitalRedwoodCity,0.4294086904671124,0.4294086904671124
185,tree_depth_6,ROUTE_KaiserFoundationHospitalRedwoodCity,0.4294086904671124,0.4294086904671124
185,tree_depth_8,ROUTE_KaiserFoundationHospitalRedwoodCity,0.4294086904671124,0.4294086904671124
185,tree_depth_10,ROUTE_KaiserFoundationHospitalRedwoodCity,0.4294086904671124,0.4294086904671124
185,tree_depth_inf,ROUTE_KaiserFoundationHospitalRedwoodCity,0.4294086904671124,0.4294086904671124
185,Nearest,ROUTE_KaiserFoundationHospitalRedwoodCity,0.4294086904671124,0.4294086904671124
185,Heuristic_1,ROUTE_KaiserFoundationHospitalRedwoodCity,0.4294086904671124,0.4294086904671124
185,Heuristic_2,ROUTE_KaiserFoundationHospitalRedwoodCity,0.4294086904671124,0.4294086904671124
186,MDP_optimal,ROUTE_MarinHealthMedicalCenter,0.32734294144,0.32734294144
186,tree_depth_1,ROUTE_MarinHealthMedicalCenter,0.32734294144,0.32734294144
186,tree_depth_2,ROUTE_MarinHealthMedicalCenter,0.32734294144,0.32734294144
186,tree_depth_3,ROUTE_MarinHealthMedicalCenter,0.32734294144,0.32734294144
186,tree_depth_4,ROUTE_MarinHealthMedicalCenter,0.32734294144,0.32734294144
186,tree_depth_5,ROUTE_MarinHealthMedicalCenter,0.32734294144,0.32734294144
186,tree_depth_6,ROUTE_MarinHealthMedicalCenter,0.32734294144,0.32734294144
186,tree_depth_8,ROUTE_MarinHealthMedicalCenter,0.32734294144,0.32734294144
186,tree_depth_10,ROUTE_MarinHealthMedicalCenter,0.32734294144,0.32734294144
186,tree_depth_inf,ROUTE_MarinHealthMedicalCenter,0.32734294144,0.32734294144
186,Nearest,ROUTE_MarinHealthMedicalCenter,0.32734294144,0.32734294144
186,Heuristic_1,ROUTE_UCSFMedicalCenter,0.32734294144,0.32734294144
186,Heuristic_2,ROUTE_MarinHealthMedicalCenter,0.32734294144,0.32734294144
187,MDP_optimal,ROUTE_JohnMuirMedicalCenterWalnutCreekCampus,0.42007045140962407,0.42007045140962407
187,tree_depth_1,ROUTE_JohnMuirMedicalCenterWalnutCreekCampus,0.42007045140962407,0.42007045140962407
187,tree_depth_2,ROUTE_JohnMuirMedicalCenterWalnutCreekCampus,0.42007045140962407,0.42007045140962407
187,tree_depth_3,ROUTE_JohnMuirMedicalCenterWalnutCreekCampus,0.42007045140962407,0.42007045140962407
187,tree_depth_4,ROUTE_JohnMuirMedicalCenterWalnutCreekCampus,0.42007045140962407,0.42007045140962407
187,tree_depth_5,ROUTE_JohnMuirMedicalCenterWalnutCreekCampus,0.42007045140962407,0.42007045140962407
187,tree_depth_6,ROUTE_JohnMuirMedicalCenterWalnutCreekCampus,0.42007045140962407,0.42007045140962407
187,tree_depth_8,ROUTE_JohnMuirMedicalCenterWalnutCreekCampus,0.42007045140962407,0.42007045140962407
187,tree_depth_10,ROUTE_JohnMuirMedicalCenterWalnutCreekCampus,0.42007045140962407,0.42007045140962407
187,tree_depth_inf,ROUTE_JohnMuirMedicalCenterWalnutCreekCampus,0.42007045140962407,0.42007045140962407
187,Nearest,ROUTE_KaiserFoundationHospitalWalnutCreek,0.3563468147642207,0.42007045140962407
187,Heuristic_1,ROUTE_JohnMuirMedicalCenterWalnutCreekCampus,0.42007045140962407,0.42007045140962407
187,Heuristic_2,ROUTE_KaiserFoundationHospitalWalnutCreek,0.3563468147642207,0.42007045140962407
188,MDP_optimal,ROUTE_StanfordHealthCare,0.418953578770994,0.418953578770994
188,tree_depth_1,ROUTE_StanfordHealthCare,0.418953578770994,0.418953578770994
188,tree_depth_2,ROUTE_StanfordHealthCare,0.418953578770994,0.418953578770994
188,tree_depth_3,ROUTE_StanfordHealthCare,0.418953578770994,0.418953578770994
188,tree_depth_4,ROUTE_StanfordHealthCare,0.418953578770994,0.418953578770994
188,tree_depth_5,ROUTE_StanfordHealthCare,0.418953578770994,0.418953578770994
188,tree_depth_6,ROUTE_StanfordHealthCare,0.418953578770994,0.418953578770994
188,tree_depth_8,ROUTE_StanfordHealthCare,0.418953578770994,0.418953578770994
188,tree_depth_10,ROUTE_StanfordHealthCare,0.418953578770994,0.418953578770994
188,tree_depth_inf,ROUTE_StanfordHealthCare,0.418953578770994,0.418953578770994
188,Nearest,ROUTE_StanfordHealthCare,0.418953578770994,0.418953578770994
188,Heuristic_1,ROUTE_StanfordHealthCare,0.418953578770994,0.418953578770994
188,Heuristic_2,ROUTE_StanfordHealthCare,0.418953578770994,0.418953578770994
189,MDP_optimal,ROUTE_SutterEdenMedicalCenter,0.3350293543690826,0.3350293543690826
189,tree_depth_1,ROUTE_KaiserFoundationHospitalSanLeandro,0.32734294144,0.3350293543690826
189,tree_depth_2,ROUTE_SutterEdenMedicalCenter,0.3350293543690826,0.3350293543690826
189,tree_depth_3,ROUTE_SutterEdenMedicalCenter,0.3350293543690826,0.3350293543690826
189,tree_depth_4,ROUTE_SutterEdenMedicalCenter,0.3350293543690826,0.3350293543690826
189,tree_depth_5,ROUTE_SutterEdenMedicalCenter,0.3350293543690826,0.3350293543690826
189,tree_depth_6,ROUTE_SutterEdenMedicalCenter,0.3350293543690826,0.3350293543690826
189,tree_depth_8,ROUTE_SutterEdenMedicalCenter,0.3350293543690826,0.3350293543690826
189,tree_depth_10,ROUTE_SutterEdenMedicalCenter,0.3350293543690826,0.3350293543690826
189,tree_depth_inf,ROUTE_SutterEdenMedicalCenter,0.3350293543690826,0.3350293543690826
189,Nearest,ROUTE_SutterEdenMedicalCenter,0.3350293543690826,0.3350293543690826
189,Heuristic_1,ROUTE_SutterEdenMedicalCenter,0.3350293543690826,0.3350293543690826
189,Heuristic_2,ROUTE_SutterEdenMedicalCenter,0.3350293543690826,0.3350293543690826
190,MDP_optimal,ROUTE_SutterEdenMedicalCenter,0.42716791767423634,0.42716791767423634
190,tree_depth_1,ROUTE_SutterEdenMedicalCenter,0.42716791767423634,0.42716791767423634
190,tree_depth_2,ROUTE_SutterEdenMedicalCenter,0.42716791767423634,0.42716791767423634
190,tree_depth_3,ROUTE_SutterEdenMedicalCenter,0.42716791767423634,0.42716791767423634
190,tree_depth_4,ROUTE_SutterEdenMedicalCenter,0.42716791767423634,0.42716791767423634
190,tree_depth_5,ROUTE_SutterEdenMedicalCenter,0.42716791767423634,0.42716791767423634
190,tree_depth_6,ROUTE_SutterEdenMedicalCenter,0.42716791767423634,0.42716791767423634
190,tree_depth_8,ROUTE_SutterEdenMedicalCenter,0.42716791767423634,0.42716791767423634
190,tree_depth_10,ROUTE_SutterEdenMedicalCenter,0.42716791767423634,0.42716791767423634
190,tree_depth_inf,ROUTE_SutterEdenMedicalCenter,0.42716791767423634,0.42716791767423634
190,Nearest,ROUTE_HighlandHospitalWilmaChanCampus,0.4221830176757141,0.42716791767423634
190,Heuristic_1,ROUTE_SutterEdenMedicalCenter,0.42716791767423634,0.42716791767423634
190,Heuristic_2,ROUTE_HighlandHospitalWilmaChanCampus,0.4221830176757141,0.42716791767423634
191,MDP_optimal,ROUTE_AHMCSetonMedicalCenter,0.3375265209390228,0.3375265209390228
191,tree_depth_1,ROUTE_AHMCSetonMedicalCenter,0.3375265209390228,0.3375265209390228
191,tree_depth_2,ROUTE_AHMCSetonMedicalCenter,0.3375265209390228,0.3375265209390228
191,tree_depth_3,ROUTE_AHMCSetonMedicalCenter,0.3375265209390228,0.3375265209390228
191,tree_depth_4,ROUTE_AHMCSetonMedicalCenter,0.3375265209390228,0.3375265209390228
191,tree_depth_5,ROUTE_AHMCSetonMedicalCenter,0.3375265209390228,0.3375265209390228
191,tree_depth_6,ROUTE_AHMCSetonMedicalCenter,0.3375265209390228,0.3375265209390228
191,tree_depth_8,ROUTE_AHMCSetonMedicalCenter,0.3375265209390228,0.3375265209390228
191,tree_depth_10,ROUTE_AHMCSetonMedicalCenter,0.3375265209390228,0.3375265209390228
191,tree_depth_inf,ROUTE_AHMCSetonMedicalCenter,0.3375265209390228,0.3375265209390228
191,Nearest,ROUTE_AHMCSetonMedicalCenter,0.3375265209390228,0.3375265209390228
191,Heuristic_1,ROUTE_MillsPeninsulaMedicalCenterSutter,0.3365329213170954,0.3375265209390228
191,Heuristic_2,ROUTE_AHMCSetonMedicalCenter,0.3375265209390228,0.3375265209390228
192,MDP_optimal,ROUTE_CPMCDaviesCampusSutter,0.42437485003458797,0.42437485003458797
192,tree_depth_1,ROUTE_CPMCDaviesCampusSutter,0.42437485003458797,0.42437485003458797
192,tree_depth_2,ROUTE_CPMCDaviesCampusSutter,0.42437485003458797,0.42437485003458797
192,tree_depth_3,ROUTE_CPMCDaviesCampusSutter,0.42437485003458797,0.42437485003458797
192,tree_depth_4,ROUTE_CPMCDaviesCampusSutter,0.42437485003458797,0.42437485003458797
192,tree_depth_5,ROUTE_CPMCDaviesCampusSutter,0.42437485003458797,0.42437485003458797
192,tree_depth_6,ROUTE_CPMCDaviesCampusSutter,0.42437485003458797,0.42437485003458797
192,tree_depth_8,ROUTE_CPMCDaviesCampusSutter,0.42437485003458797,0.42437485003458797
192,tree_depth_10,ROUTE_CPMCDaviesCampusSutter,0.42437485003458797,0.42437485003458797
192,tree_depth_inf,ROUTE_CPMCDaviesCampusSutter,0.42437485003458797,0.42437485003458797
192,Nearest,ROUTE_UCSFHealthHydeHospital,0.3610653552219015,0.42437485003458797
192,Heuristic_1,ROUTE_CPMCDaviesCampusSutter,0.42437485003458797,0.42437485003458797
192,Heuristic_2,ROUTE_UCSFHealthHydeHospital,0.3610653552219015,0.42437485003458797
193,MDP_optimal,ROUTE_KaiserFoundationHospitalRedwoodCity,0.4128097578255432,0.4128097578255432
193,tree_depth_1,ROUTE_KaiserFoundationHospitalRedwoodCity,0.4128097578255432,0.4128097578255432
193,tree_depth_2,ROUTE_KaiserFoundationHospitalRedwoodCity,0.4128097578255432,0.4128097578255432
193,tree_depth_3,ROUTE_KaiserFoundationHospitalRedwoodCity,0.4128097578255432,0.4128097578255432
193,tree_depth_4,ROUTE_KaiserFoundationHospitalRedwoodCity,0.4128097578255432,0.4128097578255432
193,tree_depth_5,ROUTE_KaiserFoundationHospitalRedwoodCity,0.4128097578255432,0.4128097578255432
193,tree_depth_6,ROUTE_KaiserFoundationHospitalRedwoodCity,0.4128097578255432,0.4128097578255432
193,tree_depth_8,ROUTE_KaiserFoundationHospitalRedwoodCity,0.4128097578255432,0.4128097578255432
193,tree_depth_10,ROUTE_KaiserFoundationHospitalRedwoodCity,0.4128097578255432,0.4128097578255432
193,tree_depth_inf,ROUTE_KaiserFoundationHospitalRedwoodCity,0.4128097578255432,0.4128097578255432
193,Nearest,ROUTE_SequoiaHospital,0.350290447403207,0.4128097578255432
193,Heuristic_1,ROUTE_KaiserFoundationHospitalRedwoodCity,0.4128097578255432,0.4128097578255432
193,Heuristic_2,ROUTE_SequoiaHospital,0.350290447403207,0.4128097578255432
194,MDP_optimal,ROUTE_SutterEdenMedicalCenter,0.42756533458212076,0.42756533458212076
194,tree_depth_1,ROUTE_SutterEdenMedicalCenter,0.42756533458212076,0.42756533458212076
194,tree_depth_2,ROUTE_SutterEdenMedicalCenter,0.42756533458212076,0.42756533458212076
194,tree_depth_3,ROUTE_SutterEdenMedicalCenter,0.42756533458212076,0.42756533458212076
194,tree_depth_4,ROUTE_SutterEdenMedicalCenter,0.42756533458212076,0.42756533458212076
194,tree_depth_5,ROUTE_SutterEdenMedicalCenter,0.42756533458212076,0.42756533458212076
194,tree_depth_6,ROUTE_SutterEdenMedicalCenter,0.42756533458212076,0.42756533458212076
194,tree_depth_8,ROUTE_SutterEdenMedicalCenter,0.42756533458212076,0.42756533458212076
194,tree_depth_10,ROUTE_SutterEdenMedicalCenter,0.42756533458212076,0.42756533458212076
194,tree_depth_inf,ROUTE_SutterEdenMedicalCenter,0.42756533458212076,0.42756533458212076
194,Nearest,ROUTE_SanLeandroHospitalAlamedaHealthSystem,0.4012190278606076,0.42756533458212076
194,Heuristic_1,ROUTE_SutterEdenMedicalCenter,0.42756533458212076,0.42756533458212076
194,Heuristic_2,ROUTE_SutterEdenMedicalCenter,0.42756533458212076,0.42756533458212076
195,MDP_optimal,ROUTE_KaiserFoundationHospitalSantaClara,0.4154068581115917,0.4154068581115917
195,tree_depth_1,ROUTE_KaiserFoundationHospitalSantaClara,0.4154068581115917,0.4154068581115917
195,tree_depth_2,ROUTE_KaiserFoundationHospitalSantaClara,0.4154068581115917,0.4154068581115917
195,tree_depth_3,ROUTE_KaiserFoundationHospitalSantaClara,0.4154068581115917,0.4154068581115917
195,tree_depth_4,ROUTE_KaiserFoundationHospitalSantaClara,0.4154068581115917,0.4154068581115917
195,tree_depth_5,ROUTE_KaiserFoundationHospitalSantaClara,0.4154068581115917,0.4154068581115917
195,tree_depth_6,ROUTE_KaiserFoundationHospitalSantaClara,0.4154068581115917,0.4154068581115917
195,tree_depth_8,ROUTE_KaiserFoundationHospitalSantaClara,0.4154068581115917,0.4154068581115917
195,tree_depth_10,ROUTE_KaiserFoundationHospitalSantaClara,0.4154068581115917,0.4154068581115917
195,tree_depth_inf,ROUTE_KaiserFoundationHospitalSantaClara,0.4154068581115917,0.4154068581115917
195,Nearest,ROUTE_KaiserFoundationHospitalSantaClara,0.4154068581115917,0.4154068581115917
195,Heuristic_1,ROUTE_KaiserFoundationHospitalSantaClara,0.4154068581115917,0.4154068581115917
195,Heuristic_2,ROUTE_KaiserFoundationHospitalSantaClara,0.4154068581115917,0.4154068581115917
196,MDP_optimal,ROUTE_MillsPeninsulaMedicalCenterSutter,0.42644285664526055,0.42644285664526055
196,tree_depth_1,ROUTE_MillsPeninsulaMedicalCenterSutter,0.42644285664526055,0.42644285664526055
196,tree_depth_2,ROUTE_MillsPeninsulaMedicalCenterSutter,0.42644285664526055,0.42644285664526055
196,tree_depth_3,ROUTE_MillsPeninsulaMedicalCenterSutter,0.42644285664526055,0.42644285664526055
196,tree_depth_4,ROUTE_MillsPeninsulaMedicalCenterSutter,0.42644285664526055,0.42644285664526055
196,tree_depth_5,ROUTE_MillsPeninsulaMedicalCenterSutter,0.42644285664526055,0.42644285664526055
196,tree_depth_6,ROUTE_MillsPeninsulaMedicalCenterSutter,0.42644285664526055,0.42644285664526055
196,tree_depth_8,ROUTE_MillsPeninsulaMedicalCenterSutter,0.42644285664526055,0.42644285664526055
196,tree_depth_10,ROUTE_MillsPeninsulaMedicalCenterSutter,0.42644285664526055,0.42644285664526055
196,tree_depth_inf,ROUTE_MillsPeninsulaMedicalCenterSutter,0.42644285664526055,0.42644285664526055
196,Nearest,ROUTE_MillsPeninsulaMedicalCenterSutter,0.42644285664526055,0.42644285664526055
196,Heuristic_1,ROUTE_MillsPeninsulaMedicalCenterSutter,0.42644285664526055,0.42644285664526055
196,Heuristic_2,ROUTE_MillsPeninsulaMedicalCenterSutter,0.42644285664526055,0.42644285664526055
197,MDP_optimal,ROUTE_CPMCDaviesCampusSutter,0.34085836023496335,0.34085836023496335
197,tree_depth_1,ROUTE_CPMCDaviesCampusSutter,0.34085836023496335,0.34085836023496335
197,tree_depth_2,ROUTE_CPMCDaviesCampusSutter,0.34085836023496335,0.34085836023496335
197,tree_depth_3,ROUTE_CPMCDaviesCampusSutter,0.34085836023496335,0.34085836023496335
197,tree_depth_4,ROUTE_CPMCDaviesCampusSutter,0.34085836023496335,0.34085836023496335
197,tree_depth_5,ROUTE_CPMCDaviesCampusSutter,0.34085836023496335,0.34085836023496335
197,tree_depth_6,ROUTE_CPMCDaviesCampusSutter,0.34085836023496335,0.34085836023496335
197,tree_depth_8,ROUTE_CPMCDaviesCampusSutter,0.34085836023496335,0.34085836023496335
197,tree_depth_10,ROUTE_CPMCDaviesCampusSutter,0.34085836023496335,0.34085836023496335
197,tree_depth_inf,ROUTE_CPMCDaviesCampusSutter,0.34085836023496335,0.34085836023496335
197,Nearest,ROUTE_CPMCMissionBernalCampusSutter,0.34197759899047064,0.34085836023496335
197,Heuristic_1,ROUTE_CPMCDaviesCampusSutter,0.34085836023496335,0.34085836023496335
197,Heuristic_2,ROUTE_CPMCMissionBernalCampusSutter,0.34197759899047064,0.34085836023496335
198,MDP_optimal,ROUTE_SutterEdenMedicalCenter,0.34236111445790335,0.34236111445790335
198,tree_depth_1,ROUTE_SutterEdenMedicalCenter,0.34236111445790335,0.34236111445790335
198,tree_depth_2,ROUTE_SutterEdenMedicalCenter,0.34236111445790335,0.34236111445790335
198,tree_depth_3,ROUTE_SutterEdenMedicalCenter,0.34236111445790335,0.34236111445790335
198,tree_depth_4,ROUTE_SutterEdenMedicalCenter,0.34236111445790335,0.34236111445790335
198,tree_depth_5,ROUTE_SutterEdenMedicalCenter,0.34236111445790335,0.34236111445790335
198,tree_depth_6,ROUTE_SutterEdenMedicalCenter,0.34236111445790335,0.34236111445790335
198,tree_depth_8,ROUTE_SutterEdenMedicalCenter,0.34236111445790335,0.34236111445790335
198,tree_depth_10,ROUTE_SutterEdenMedicalCenter,0.34236111445790335,0.34236111445790335
198,tree_depth_inf,ROUTE_SutterEdenMedicalCenter,0.34236111445790335,0.34236111445790335
198,Nearest,ROUTE_StanfordHealthCareTriValley,0.34348721599555604,0.34236111445790335
198,Heuristic_1,ROUTE_SutterEdenMedicalCenter,0.34236111445790335,0.34236111445790335
198,Heuristic_2,ROUTE_StanfordHealthCareTriValley,0.34348721599555604,0.34236111445790335
199,MDP_optimal,ROUTE_KaiserFoundationHospitalRedwoodCity,0.43004834107234474,0.43004834107234474
199,tree_depth_1,ROUTE_KaiserFoundationHospitalRedwoodCity,0.43004834107234474,0.43004834107234474
199,tree_depth_2,ROUTE_KaiserFoundationHospitalRedwoodCity,0.43004834107234474,0.43004834107234474
199,tree_depth_3,ROUTE_KaiserFoundationHospitalRedwoodCity,0.43004834107234474,0.43004834107234474
199,tree_depth_4,ROUTE_KaiserFoundationHospitalRedwoodCity,0.43004834107234474,0.43004834107234474
199,tree_depth_5,ROUTE_KaiserFoundationHospitalRedwoodCity,0.43004834107234474,0.43004834107234474
199,tree_depth_6,ROUTE_KaiserFoundationHospitalRedwoodCity,0.43004834107234474,0.43004834107234474
199,tree_depth_8,ROUTE_KaiserFoundationHospitalRedwoodCity,0.43004834107234474,0.43004834107234474
199,tree_depth_10,ROUTE_KaiserFoundationHospitalRedwoodCity,0.43004834107234474,0.43004834107234474
199,tree_depth_inf,ROUTE_KaiserFoundationHospitalRedwoodCity,0.43004834107234474,0.43004834107234474
199,Nearest,ROUTE_KaiserFoundationHospitalRedwoodCity,0.43004834107234474,0.43004834107234474
199,Heuristic_1,ROUTE_KaiserFoundationHospitalRedwoodCity,0.43004834107234474,0.43004834107234474
199,Heuristic_2,ROUTE_KaiserFoundationHospitalRedwoodCity,0.43004834107234474,0.43004834107234474
200,MDP_optimal,ROUTE_CPMCDaviesCampusSutter,0.418872385134664,0.418872385134664
200,tree_depth_1,ROUTE_CPMCDaviesCampusSutter,0.418872385134664,0.418872385134664
200,tree_depth_2,ROUTE_CPMCDaviesCampusSutter,0.418872385134664,0.418872385134664
200,tree_depth_3,ROUTE_CPMCDaviesCampusSutter,0.418872385134664,0.418872385134664
200,tree_depth_4,ROUTE_CPMCDaviesCampusSutter,0.418872385134664,0.418872385134664
200,tree_depth_5,ROUTE_CPMCDaviesCampusSutter,0.418872385134664,0.418872385134664
200,tree_depth_6,ROUTE_CPMCDaviesCampusSutter,0.418872385134664,0.418872385134664
200,tree_depth_8,ROUTE_CPMCDaviesCampusSutter,0.418872385134664,0.418872385134664
200,tree_depth_10,ROUTE_CPMCDaviesCampusSutter,0.418872385134664,0.418872385134664
200,tree_depth_inf,ROUTE_CPMCDaviesCampusSutter,0.418872385134664,0.418872385134664
200,Nearest,ROUTE_ZuckerbergSanFranciscoGeneralHospital,0.35604627398183863,0.418872385134664
200,Heuristic_1,ROUTE_CPMCDaviesCampusSutter,0.418872385134664,0.418872385134664
200,Heuristic_2,ROUTE_ZuckerbergSanFranciscoGeneralHospital,0.35604627398183863,0.418872385134664
