{"type": "FeatureCollection", "features": [{"type": "Feature", "properties": {"name": "Bay Area (dissolved ZIPs)"}, "geometry": {"type": "MultiPolygon", "coordinates": [[[[-122.51764700354941, 37.53105599788054], [-122.5183720016904, 37.53114899951848], [-122.5200550029369, 37.537382997297435], [-122.51884000328825, 37.537347998252585], [-122.5131140021113, 37.55503399857215], [-122.51568400154271, 37.557883998684545], [-122.51391900415163, 37.565185998058766], [-122.51747700470308, 37.56812599836998], [-122.51642800472797, 37.568898997211335], [-122.51855000276541, 37.57224299816121], [-122.5181430022741, 37.57278899928076], [-122.51982100399637, 37.573706999517285], [-122.5201040014787, 37.57536399708388], [-122.5183080028921, 37.576056998437174], [-122.5170680024067, 37.59011199837462], [-122.52104100194602, 37.594027998933825], [-122.5151290015183, 37.595499999173335], [-122.51485800307759, 37.59855599734375], [-122.50874100359397, 37.596339999040865], [-122.50495600488655, 37.59672799838162], [-122.49984500417331, 37.602822998834604], [-122.50180800240526, 37.60729099879015], [-122.49989100283582, 37.60765399851466], [-122.49778800426357, 37.60891399832932], [-122.49657300175106, 37.61189999914054], [-122.49766100477625, 37.61263999872573], [-122.49797800210533, 37.61578299802633], [-122.49756100337537, 37.61613899965237], [-122.49651200390772, 37.61773999807165], [-122.49783300405004, 37.61945999825796], [-122.49632900368081, 37.621094998657696], [-122.49485400247686, 37.629525999852035], [-122.49399500195592, 37.64293399950171], [-122.4940730041695, 37.64712699731087], [-122.49405300222342, 37.65545999896436], [-122.49410600253756, 37.65579999862985], [-122.49415700294513, 37.65656099735199], [-122.49408200341671, 37.658745999490996], [-122.49452600440173, 37.66318899794582], [-122.49507300325503, 37.66373799780609], [-122.49493900231491, 37.66418599893405], [-122.49489600442335, 37.66500899759714], [-122.49615000272277, 37.66579399719506], [-122.49564800182378, 37.67269699985467], [-122.49735600228149, 37.68698599837663], [-122.49770900298259, 37.68892699972214], [-122.49769600210612, 37.689991998918515], [-122.50031300459575, 37.70090999890923], [-122.50284400236168, 37.70813999918699], [-122.50840700173659, 37.731967998945], [-122.50857300150926, 37.735637998707844], [-122.5084810036378, 37.7372819980749], [-122.50881800160127, 37.73776799854889], [-122.50862700339948, 37.738750998983235], [-122.50903800484019, 37.740341997810816], [-122.50914500289723, 37.74213099870965], [-122.50894400387917, 37.74279099930009], [-122.50958400357291, 37.7454349984611], [-122.50927000139336, 37.74613999755295], [-122.50992800262819, 37.74993599909149], [-122.51111000292497, 37.75325699775127], [-122.51098300285213, 37.755966998318826], [-122.51135900358189, 37.75766999779089], [-122.51327300393885, 37.77107699870034], [-122.51308400462742, 37.77744999940254], [-122.51439400231668, 37.77834199776474], [-122.51437300171982, 37.77943999794507], [-122.5149050041554, 37.77976899745002], [-122.5142730033874, 37.780217999245785], [-122.51433800393885, 37.7807809986716], [-122.51475600264672, 37.781178997817996], [-122.51401600384368, 37.78152099837967], [-122.51374700253687, 37.78158599764502], [-122.51361600234547, 37.78199399850692], [-122.51335000332078, 37.782635997395325], [-122.51336100228797, 37.78282599798514], [-122.51279300298943, 37.782914997709625], [-122.51256800323073, 37.783695997084344], [-122.51249000212485, 37.783839998661875], [-122.5125850033735, 37.78404799962801], [-122.51182600229647, 37.78389799981765], [-122.51159400309695, 37.78428199748496], [-122.51114400192519, 37.78458699753897], [-122.51047400418996, 37.78452099960253], [-122.50988700276284, 37.78480199934078], [-122.50599400300992, 37.78788599771603], [-122.50577200297666, 37.788240997563804], [-122.50314800342993, 37.78792099762092], [-122.49923700193617, 37.78853199822531], [-122.4963260016294, 37.7873199993226], [-122.49443100487305, 37.787986999170116], [-122.49340500181148, 37.78759399843233], [-122.49298300265434, 37.7878299996756], [-122.49286700336897, 37.78792199790833], [-122.49263800437475, 37.78782299840435], [-122.49166600458494, 37.787949998677426], [-122.49001200344313, 37.78941299847356], [-122.4896250015826, 37.78938899855409], [-122.48730800374256, 37.7894279978192], [-122.48586300248105, 37.79066499739154], [-122.48565100381444, 37.790879997504426], [-122.48133400220966, 37.79927999729977], [-122.48092300266462, 37.799481999826284], [-122.477340004651, 37.81123399904411], [-122.47629100209083, 37.80985799788343], [-122.47137700442102, 37.80878999844887], [-122.46448800181297, 37.804756998780945], [-122.45449700155113, 37.80647799782179], [-122.45439400353786, 37.80652199868924], [-122.45387300239271, 37.80629099931488], [-122.45170100439606, 37.80633599827787], [-122.4494540038826, 37.806903999299806], [-122.44866600392415, 37.806781997110626], [-122.44832100197873, 37.806875997858924], [-122.44699700446186, 37.807520997554946], [-122.44370500367594, 37.807724997553294], [-122.44274600220619, 37.807957997712194], [-122.441983004073, 37.80810499776537], [-122.44109600396816, 37.80819799922843], [-122.44054900405558, 37.808387998426646], [-122.44020400212085, 37.808747999213374], [-122.4400550014678, 37.808820999070406], [-122.43997700344113, 37.808731998438894], [-122.44018000389083, 37.80840099732568], [-122.44041000283202, 37.80817399791183], [-122.44100300194323, 37.80808799801786], [-122.44136400282476, 37.807859999489025], [-122.44149300231612, 37.808018998186185], [-122.44210100468212, 37.80796599912765], [-122.44242700151219, 37.80786899941602], [-122.44240600483319, 37.80766799937967], [-122.44268000378064, 37.80762299836361], [-122.44274000491397, 37.8078199973395], [-122.44299900302849, 37.80780299979167], [-122.44365700198513, 37.8075339979562], [-122.44747100492474, 37.806460999485104], [-122.4471820041754, 37.805401999091586], [-122.44249600183925, 37.806007999264786], [-122.44251700294761, 37.80652799783654], [-122.4440030038231, 37.80645699953227], [-122.44251700463938, 37.806757998102995], [-122.44251700412434, 37.80708099931526], [-122.44231900305648, 37.80686199823537], [-122.43582600247493, 37.807597999002226], [-122.43563300317221, 37.80687799801263], [-122.4342950043144, 37.807000998530775], [-122.43381300265017, 37.80565299844489], [-122.43266000485927, 37.805754998406506], [-122.43219500168541, 37.80601099939398], [-122.43264600152573, 37.808534999348836], [-122.4323490039115, 37.80856099861054], [-122.43206200484562, 37.807245998152574], [-122.43141400160192, 37.80732599896969], [-122.43178700413625, 37.80905699954793], [-122.43136800367283, 37.80910899926626], [-122.43102700236282, 37.80739499752084], [-122.43033300490485, 37.80747299728657], [-122.43065200214525, 37.809195999163215], [-122.43021200449252, 37.80925699916964], [-122.4299370028086, 37.807872998892186], [-122.4279170038913, 37.80833399752218], [-122.42698300364442, 37.80811599930909], [-122.42755600152903, 37.80867499899362], [-122.4280610017639, 37.808733999178884], [-122.42754400371527, 37.808717997906754], [-122.42672600489932, 37.8081579996959], [-122.42667900307801, 37.80983399838056], [-122.42535800322064, 37.810848999351784], [-122.42430000435911, 37.81063599940954], [-122.4246650040335, 37.81048899730934], [-122.42516800272433, 37.81068699915506], [-122.42641400207243, 37.809877999228206], [-122.42662100275527, 37.808188999394545], [-122.4263520019073, 37.80752799896676], [-122.42479600155923, 37.806655998908866], [-122.42346600390158, 37.80675599844145], [-122.42138100378858, 37.80818799893632], [-122.4210640017287, 37.808792997945595], [-122.4227780048913, 37.81022099708366], [-122.42096700415861, 37.808986997603846], [-122.42076100437805, 37.80906399805281], [-122.42044000326335, 37.80904999972637], [-122.42042800336127, 37.808986999383094], [-122.42068200286984, 37.80897299865211], [-122.42043200155267, 37.80830799985903], [-122.41920100150523, 37.808462997379365], [-122.41791100282653, 37.80862899724533], [-122.41799300377684, 37.80886999974208], [-122.41996100415079, 37.80895199957333], [-122.41997300290174, 37.80916699939467], [-122.41835000213375, 37.8091569972469], [-122.4190340018155, 37.80944499952444], [-122.41900400316354, 37.80951599949957], [-122.4179440033784, 37.809085997279475], [-122.41774500454352, 37.808364998683835], [-122.41745400162226, 37.80837999976833], [-122.41736400425897, 37.80813499768675], [-122.4164000021196, 37.80830299979293], [-122.41634100175717, 37.8085139975771], [-122.41720000395311, 37.80852799925628], [-122.4171880016872, 37.80857599829192], [-122.41629100335689, 37.80857599729505], [-122.41628500337333, 37.80890599948882], [-122.41747700427285, 37.808902999391016], [-122.41744800364621, 37.809197998774636], [-122.4205910029695, 37.81131499805024], [-122.42037900223463, 37.81153499809741], [-122.41920400418208, 37.81099899891998], [-122.41893800325154, 37.81081699720175], [-122.4188830045215, 37.81085999716522], [-122.41915600444132, 37.811055997054005], [-122.41942100431285, 37.811525997039745], [-122.41881600470299, 37.81148199814916], [-122.41524500394948, 37.80919599801073], [-122.41536400287798, 37.80942199971763], [-122.41508500399645, 37.80923099703573], [-122.4147760029616, 37.809407998415956], [-122.41528300210466, 37.80982699721374], [-122.413392004008, 37.80933899783331], [-122.41425100380856, 37.8099829973969], [-122.4140240014191, 37.81013999711293], [-122.41258800481205, 37.80899599745042], [-122.41191100371564, 37.809383998829425], [-122.41275600223643, 37.81058699983425], [-122.4110890032894, 37.808878997354256], [-122.41056000471309, 37.80884299885856], [-122.41064400302977, 37.80990599747423], [-122.41126800160569, 37.81111599781737], [-122.41023500250603, 37.811387998900244], [-122.40997300212086, 37.81096599888288], [-122.41017900212569, 37.810094998458254], [-122.40907400331398, 37.808531998866115], [-122.40655400199851, 37.8078909978276], [-122.40681600197172, 37.81006399753698], [-122.40620900294472, 37.81010299812028], [-122.40587800401035, 37.807178998940685], [-122.4053130038694, 37.806882999267465], [-122.40432100444905, 37.808926999334645], [-122.40397200470788, 37.8088289985641], [-122.40471200397668, 37.80701499706969], [-122.40395500448304, 37.806591998910974], [-122.40267400318449, 37.80805999771997], [-122.40234200368923, 37.80782299838075], [-122.40340600200845, 37.80651599798697], [-122.4028240033793, 37.80607599724738], [-122.40094400432271, 37.80767899858994], [-122.4004080040814, 37.807306998298024], [-122.40059400313153, 37.80605899892119], [-122.4008540027921, 37.80346699896005], [-122.4005120028707, 37.803499997730235], [-122.39855000414069, 37.804649997033174], [-122.39821700252672, 37.804314998464726], [-122.39993800316178, 37.8032829977178], [-122.39959700248552, 37.80288199972466], [-122.39781800173955, 37.80386199749029], [-122.39751800387776, 37.803525998965924], [-122.39971800373583, 37.80220899718069], [-122.39923700464084, 37.80187499870268], [-122.39711500333637, 37.80308899744264], [-122.39613000407843, 37.801974998947145], [-122.39840000237179, 37.80071999822318], [-122.39800100206757, 37.800266997850535], [-122.39577200398455, 37.801534999483316], [-122.39544000375878, 37.80117999779279], [-122.39766700267526, 37.799899998402644], [-122.39660400442492, 37.798887997086716], [-122.39433200475801, 37.80016799933178], [-122.3943990016425, 37.79999799957286], [-122.39658300266461, 37.79868599777534], [-122.39567800457431, 37.79794199781295], [-122.39384200222112, 37.798991998473014], [-122.3935760027432, 37.798682998537], [-122.39538400455551, 37.797528998047554], [-122.39497900230208, 37.797419998742185], [-122.39515600299089, 37.79713899773405], [-122.39321900287797, 37.79827599792814], [-122.3929690028453, 37.79794099973787], [-122.39471300205628, 37.79668599894338], [-122.39414200348429, 37.796869997058245], [-122.39304400406581, 37.79562799970035], [-122.39159300390972, 37.796228997334495], [-122.39121100481302, 37.795821998051956], [-122.3923280045237, 37.79475999785953], [-122.39193400324318, 37.794841998847254], [-122.3916680047121, 37.79457999967256], [-122.39193400440091, 37.79437599976173], [-122.39170100375044, 37.79411299866997], [-122.39198000489773, 37.793905999717694], [-122.3916140032946, 37.793570997830635], [-122.39171400365471, 37.79345899901173], [-122.39080700179748, 37.79269699851685], [-122.38889500184281, 37.7909439974964], [-122.38861600358189, 37.79034799807998], [-122.38807500460162, 37.790474997298304], [-122.38837500467, 37.79033399942102], [-122.38822500182106, 37.79003199881348], [-122.38589700346714, 37.79093899810705], [-122.38758900275096, 37.78983799978917], [-122.3873150017741, 37.78935199973472], [-122.3853030020211, 37.78983799848417], [-122.38512000311097, 37.7893129986544], [-122.38717400325635, 37.78880699806884], [-122.38703200312011, 37.78825499708236], [-122.38526100492692, 37.78853699821596], [-122.38513600317536, 37.78815599843421], [-122.38739000416335, 37.78773599843793], [-122.38741500274999, 37.787268997112456], [-122.38450000403175, 37.78743699945323], [-122.38434200166691, 37.78572799737178], [-122.3875770015196, 37.7854849991846], [-122.38765000320603, 37.784928999423556], [-122.38554600242948, 37.7850089989914], [-122.38555700178033, 37.78464599792676], [-122.3876910025682, 37.784411999714074], [-122.38772200221553, 37.783927999689574], [-122.38527100427416, 37.78404899722333], [-122.38525000476616, 37.78378999977187], [-122.38572000352639, 37.783773997206104], [-122.38573000330334, 37.7835399993628], [-122.38773200296593, 37.783281999651265], [-122.38777300494273, 37.782910999039714], [-122.38474000450304, 37.78297499981437], [-122.38469300392362, 37.78255999716052], [-122.3877780049354, 37.78231799931455], [-122.3877570030552, 37.78182499809949], [-122.38556100453499, 37.781945998119646], [-122.38552100466035, 37.78160699854126], [-122.38773700446754, 37.781453998062425], [-122.38743000399967, 37.77840199981806], [-122.38533700168934, 37.77851499982379], [-122.38530600429831, 37.778442997929155], [-122.38747100413808, 37.77832199936186], [-122.39028100316314, 37.77713499932487], [-122.38991600234276, 37.77689899916955], [-122.39003600188121, 37.77652199948421], [-122.38733900357347, 37.77659599982731], [-122.38708300315494, 37.776140997715316], [-122.38479900421092, 37.776344997680084], [-122.38483000155843, 37.77535199846523], [-122.38697400183388, 37.775138998335315], [-122.38691800148943, 37.77435999759176], [-122.38180800326757, 37.77464599970327], [-122.3816090015599, 37.77189499826534], [-122.38491700232318, 37.773398999054535], [-122.38675500197903, 37.77328399880966], [-122.38594300220261, 37.770685997886126], [-122.38552300261925, 37.772177999660336], [-122.38566700191959, 37.77143999969192], [-122.38556100291395, 37.77143199944647], [-122.38546500162656, 37.77162199974886], [-122.38525700411672, 37.77162499731205], [-122.38565500257631, 37.77057399962195], [-122.3831750036094, 37.76971999715586], [-122.38341500342715, 37.769343998212925], [-122.38545200300703, 37.770121999704465], [-122.38505000305294, 37.76810999727645], [-122.38660100386612, 37.7647069992778], [-122.38655000491168, 37.764149998208495], [-122.38693700191823, 37.76355099729661], [-122.38593900196801, 37.76316299734905], [-122.38528200288874, 37.76318599960485], [-122.38527200383476, 37.76337599721485], [-122.3851860039446, 37.7633689989504], [-122.38509900271592, 37.762352999395894], [-122.38429000412043, 37.762161999831854], [-122.38447300247832, 37.76407899969395], [-122.38431900450821, 37.76407199934775], [-122.38416500385914, 37.762382999162156], [-122.38324100170995, 37.762358997115484], [-122.38357800371386, 37.762466997105896], [-122.38390500335771, 37.76413999855664], [-122.38351600167995, 37.76427099789663], [-122.38311600349039, 37.76246699840013], [-122.38233700228412, 37.762481998559146], [-122.38251900414481, 37.764646997886175], [-122.38233600353206, 37.76463899828109], [-122.3821250017349, 37.76242499830548], [-122.381894001825, 37.762424999143335], [-122.38164300344272, 37.764851998624074], [-122.38110900496207, 37.76495499911331], [-122.38038300459563, 37.76021899741784], [-122.37950700350271, 37.76027999750347], [-122.37955500458442, 37.76351299791101], [-122.37921800220128, 37.75996799981245], [-122.38134100297843, 37.759608999434356], [-122.38121200299024, 37.755794997380015], [-122.38079700315225, 37.75525799971502], [-122.3840310025447, 37.75480299945756], [-122.38281100368836, 37.75425899927473], [-122.38257500466149, 37.75331999883176], [-122.38009500373765, 37.75292299816496], [-122.38006200448316, 37.75206399725254], [-122.37635600368169, 37.74861499804493], [-122.3840180029199, 37.748187998175574], [-122.3856820028783, 37.748321998906846], [-122.38636100197228, 37.74774499827213], [-122.39013900397684, 37.74770999919942], [-122.3922530031909, 37.74852499850396], [-122.39240800189266, 37.748480997674804], [-122.39287400230691, 37.747606998774685], [-122.39183700244573, 37.747107998957794], [-122.39023800332912, 37.74677899912114], [-122.38725800288307, 37.74692699775891], [-122.3869920047526, 37.74708999705116], [-122.37561100176534, 37.747271997238585], [-122.37426200228998, 37.74511099837863], [-122.37279700355748, 37.7455729988774], [-122.36763300194411, 37.74019899930799], [-122.3736830034931, 37.73971399797501], [-122.37368300453004, 37.73858799909239], [-122.36758000352702, 37.73839199849429], [-122.37232800151861, 37.7370649987131], [-122.37502300338346, 37.73811799968578], [-122.3758400041503, 37.736042997397405], [-122.3748690028485, 37.73259199705319], [-122.3724370029048, 37.73420499870391], [-122.37081500395703, 37.733194998318574], [-122.36984700313944, 37.73334899811023], [-122.36981100265082, 37.73324599817144], [-122.3706070015699, 37.73314399920612], [-122.36956400370589, 37.73202299713198], [-122.36672500194211, 37.73230499957072], [-122.36531700226215, 37.73389499901035], [-122.36522500452853, 37.733821997078465], [-122.36656800224421, 37.73224599851965], [-122.36567900347849, 37.73171199950376], [-122.36478000188477, 37.7325319979591], [-122.36512300421306, 37.73212199932895], [-122.3638120026509, 37.73215899844036], [-122.36371900250734, 37.73133099735518], [-122.36292200260449, 37.732231997483254], [-122.36263500485519, 37.732062997680224], [-122.36345000354787, 37.73116999859808], [-122.36287600341217, 37.73085399730719], [-122.36207900381858, 37.731747999028514], [-122.36179200492059, 37.73158699973151], [-122.36257000211131, 37.73069299939658], [-122.36089000374635, 37.730047998280206], [-122.3588850026972, 37.73010999791935], [-122.3589620020562, 37.72957999968937], [-122.3621580041934, 37.72849599820077], [-122.35750300484371, 37.72928599793238], [-122.36041200253162, 37.728194999492096], [-122.35703100360448, 37.72869299887515], [-122.35802700301905, 37.726113999320425], [-122.36167700163571, 37.72525699815743], [-122.36129700344377, 37.724208998410425], [-122.3578470032574, 37.72469899828535], [-122.36217600487049, 37.724014998698614], [-122.36531900359961, 37.72550199823266], [-122.36005000459791, 37.72157499939721], [-122.36304300425338, 37.723029997168844], [-122.3638360030021, 37.72215799783493], [-122.3591620045503, 37.71928599774965], [-122.35993100330388, 37.7185019974682], [-122.36272000191269, 37.720106999454714], [-122.36365500331485, 37.71909599773294], [-122.36267800445734, 37.71831199823159], [-122.35861100356884, 37.71590899921192], [-122.35875000339904, 37.71577699926768], [-122.36266800226062, 37.718055997199166], [-122.36385900307675, 37.71676599850063], [-122.35995900262148, 37.71447999957658], [-122.36009700412914, 37.71436999881142], [-122.3639880036191, 37.716611999410325], [-122.36522900387955, 37.7152489975158], [-122.36111500327567, 37.712881998258304], [-122.36122600412769, 37.71279399714583], [-122.36544300147821, 37.71529299933133], [-122.36484100471341, 37.71643399791011], [-122.36589900462292, 37.71593899918585], [-122.36813400434016, 37.71778199874095], [-122.37255000291265, 37.71901799863739], [-122.37429600158133, 37.71922699857759], [-122.37577500356109, 37.7205859990371], [-122.3760520033473, 37.72248099805648], [-122.37653500408994, 37.7233199981878], [-122.37682000310402, 37.72405499871654], [-122.37853000241563, 37.7239659985695], [-122.37961800261509, 37.72302699953496], [-122.37973600230656, 37.722650997422086], [-122.38072500409339, 37.721843998635], [-122.38246300349921, 37.72223699754674], [-122.38587900170346, 37.72430999729621], [-122.38683500178712, 37.72433899725915], [-122.38259000347651, 37.721814999085126], [-122.38337900420441, 37.720450997948305], [-122.38166100318462, 37.71923399972214], [-122.37603900201407, 37.71615699720613], [-122.3788960017443, 37.71307699863084], [-122.38020100175564, 37.71092799933464], [-122.37928200427828, 37.71045599821772], [-122.37835000276989, 37.70896399732645], [-122.37742700332599, 37.70869799705417], [-122.37651300162042, 37.70970199846229], [-122.3747890044093, 37.709296997469295], [-122.3745790043959, 37.708604998919576], [-122.37450600390376, 37.70780499757139], [-122.37459800253751, 37.70779399778414], [-122.37466200420768, 37.70856199712196], [-122.3783340049409, 37.70843999948193], [-122.38296700146226, 37.709134999053], [-122.38663600186668, 37.70989799836731], [-122.38844400346095, 37.70877799941245], [-122.39011400305225, 37.70947499832578], [-122.39111400335719, 37.70932299828182], [-122.39187500199965, 37.70954099807071], [-122.39341200440164, 37.70828899961403], [-122.39410800230318, 37.706876999820864], [-122.3922460040792, 37.70565299758861], [-122.39297300491441, 37.70111999822584], [-122.38728300237564, 37.67762099986236], [-122.38094400443032, 37.6771249976158], [-122.3814030028045, 37.67172399860384], [-122.38745000479423, 37.67160399724606], [-122.38785100251454, 37.669215997405246], [-122.38872500335522, 37.6682349996716], [-122.39289100430408, 37.66821899876556], [-122.39283300394368, 37.66642899966767], [-122.39524200322612, 37.66483999976779], [-122.39464200448151, 37.66442899876315], [-122.39082700198567, 37.66613699950457], [-122.38776900354637, 37.66566599786682], [-122.38651200488802, 37.66478399750789], [-122.38557700370039, 37.665475997505794], [-122.3853900029845, 37.6669679997871], [-122.3859040046865, 37.667695998172455], [-122.3842800035556, 37.66839299809683], [-122.38102300350359, 37.66798999713691], [-122.38129600185651, 37.66450399896803], [-122.38338800346116, 37.66420099876673], [-122.38224200423724, 37.66286299776147], [-122.37902600411756, 37.66291599810852], [-122.37878100321512, 37.66389199934779], [-122.37813200336855, 37.66383599811122], [-122.37819100291586, 37.6629819985324], [-122.37441600193925, 37.662563997978495], [-122.37473200253058, 37.66120599957664], [-122.3779390039004, 37.66107599792657], [-122.37997500421626, 37.660670999373394], [-122.37972700473415, 37.65935199744657], [-122.37964700388463, 37.659120999543354], [-122.37802500426983, 37.658106998939644], [-122.37697800147477, 37.65709799912833], [-122.376534002834, 37.65633999835221], [-122.3763450031678, 37.655468999773426], [-122.37559100299694, 37.654910998552715], [-122.37789900166688, 37.6546489996986], [-122.3777990048152, 37.65233399924101], [-122.3776870031987, 37.65210999705887], [-122.37779800425035, 37.65204499831094], [-122.37938500459127, 37.65103199913552], [-122.38007600175797, 37.649410997440455], [-122.38037700381311, 37.648081999771286], [-122.38958800486077, 37.647877997043004], [-122.39067500148269, 37.64744899715657], [-122.39188400388329, 37.64767799802127], [-122.39302500148128, 37.64598499712331], [-122.39332800310208, 37.64576999738357], [-122.39354500230984, 37.64511299713895], [-122.39334500171144, 37.644901997202474], [-122.39241000184353, 37.64496799791504], [-122.39268100181165, 37.64480699855743], [-122.39331200193766, 37.64471299885993], [-122.39702700241278, 37.64277499981725], [-122.39847200184822, 37.64277699803339], [-122.39905700199942, 37.64290099919222], [-122.39982700226966, 37.64338399859735], [-122.40028200210185, 37.64394199742335], [-122.40006800219227, 37.64318799847354], [-122.39905100385998, 37.64246099718557], [-122.39954400219725, 37.642004997535956], [-122.39766300299384, 37.64225599794291], [-122.39338000421795, 37.64382499968539], [-122.3943030043937, 37.64214499895956], [-122.39671200279919, 37.64153399967295], [-122.39536100195538, 37.641447998036014], [-122.39667800438613, 37.641095998913414], [-122.39532000300505, 37.64111799801657], [-122.39497600417938, 37.64080299863646], [-122.39656000289398, 37.640517998869015], [-122.39513400288152, 37.640393997682374], [-122.3964880025047, 37.64003799808131], [-122.39544200144685, 37.63998899935079], [-122.39491600409835, 37.63991999849213], [-122.3963930047844, 37.63949599771445], [-122.39498900449028, 37.639410998426165], [-122.39608200321088, 37.63904199973575], [-122.40106600372862, 37.63907899870509], [-122.40304900244098, 37.63799599734493], [-122.40413000173757, 37.63831099866329], [-122.40329400148862, 37.63784699912525], [-122.40288400275986, 37.63574399752442], [-122.40268600140925, 37.63595999764348], [-122.4028320028923, 37.63800099756172], [-122.40121100372791, 37.6387219982887], [-122.39817500160484, 37.63879699861183], [-122.39154800158171, 37.63913199861204], [-122.39197000350909, 37.63947999762005], [-122.39291000269137, 37.64048199944913], [-122.39331000165481, 37.64186399855929], [-122.3918400048183, 37.64369999868565], [-122.39091900350661, 37.64446799880952], [-122.38995400360346, 37.64032999898246], [-122.39121900487045, 37.63916799791726], [-122.39032000179273, 37.63914899843895], [-122.38524700240231, 37.64016999741767], [-122.38464400399309, 37.6401629988911], [-122.38373200267704, 37.63991399886288], [-122.38254200319294, 37.63655199846102], [-122.38166500291788, 37.63568399741874], [-122.37931000204223, 37.63541099746245], [-122.37935300248989, 37.635261998809696], [-122.38409900461768, 37.6352349971714], [-122.3846880027301, 37.63551699847776], [-122.38925500378133, 37.632993998469466], [-122.38678600149835, 37.62882699880011], [-122.37803500188616, 37.631214998808616], [-122.37538500450147, 37.628447998917174], [-122.36842500230277, 37.627485998599376], [-122.36677300353486, 37.628888997808126], [-122.36484900277455, 37.62676899826153], [-122.368038003249, 37.62066799965025], [-122.3629410032807, 37.61903799927239], [-122.35506100151609, 37.614411997204215], [-122.35903600143814, 37.609326997733255], [-122.37199100492253, 37.6144519992673], [-122.37744800489277, 37.60676799801962], [-122.3782710021225, 37.60645999711227], [-122.37854500232208, 37.60591799933647], [-122.37801000385129, 37.605775997244855], [-122.37781600156467, 37.605199999764245], [-122.37502800491795, 37.604090998679425], [-122.37431500154696, 37.60379399790731], [-122.37341800142535, 37.60418799814889], [-122.36907600171232, 37.60208199767586], [-122.36559800218974, 37.59879599784382], [-122.36597100459684, 37.59793099727438], [-122.36579400254155, 37.59743999812252], [-122.36416000331832, 37.59855899977629], [-122.36230000323464, 37.59390199754147], [-122.36008000175899, 37.59194199786338], [-122.35965800364862, 37.592127999087054], [-122.34391300457695, 37.592064998377964], [-122.34419500387645, 37.59147499785286], [-122.34634000241124, 37.591622999734746], [-122.34670100349142, 37.590958997379865], [-122.3460500031789, 37.590769997186484], [-122.34591800475805, 37.58990399925266], [-122.34557200166591, 37.59059899803104], [-122.34340000374102, 37.5907729988555], [-122.34226000455917, 37.59120499777748], [-122.34226200148773, 37.59132799871913], [-122.3430220029124, 37.59141699877095], [-122.34329200487359, 37.592020997073035], [-122.33850100362054, 37.59213199755971], [-122.33832500443208, 37.5883789988218], [-122.35095300313377, 37.58908999978376], [-122.35178400317977, 37.588656998421975], [-122.3558340025398, 37.588947997152125], [-122.35725900326587, 37.58967499948371], [-122.35839300265363, 37.58900999929178], [-122.35816400238937, 37.58867799911726], [-122.35287600363232, 37.58754499842725], [-122.35001900338149, 37.588038999800716], [-122.34232400160423, 37.587073999747496], [-122.33851000436408, 37.58718999737263], [-122.33846700277222, 37.5876139984297], [-122.33810800249523, 37.58803299879807], [-122.33805800152018, 37.592063999131774], [-122.33453100462184, 37.59217699746311], [-122.33440800278716, 37.58795199957758], [-122.33362300360314, 37.58784099735663], [-122.32953300190269, 37.588482998566484], [-122.32266200419494, 37.59162099852575], [-122.31555900458402, 37.591602999614466], [-122.3146210017444, 37.59237499968592], [-122.31518100271663, 37.59139399752209], [-122.31831400251424, 37.591274997533894], [-122.31814000175083, 37.58705899865211], [-122.31742800183649, 37.586770998578324], [-122.3172610029453, 37.59034899860242], [-122.31678200482533, 37.58689999909778], [-122.31564900280753, 37.58681499863938], [-122.31525400232353, 37.59047499897959], [-122.31417700486043, 37.590396997825856], [-122.31411000446778, 37.58947899817139], [-122.31405600184755, 37.58893499783884], [-122.31418200267953, 37.58890899840778], [-122.31428100312881, 37.58946599743059], [-122.31455700285848, 37.589945997357226], [-122.31512900487121, 37.58919599842633], [-122.3152060042067, 37.58571799943871], [-122.31398500463804, 37.586320999587585], [-122.31618600193333, 37.584630998586775], [-122.3163620037861, 37.584872998697556], [-122.3166190042632, 37.584702999380376], [-122.31664900207795, 37.5846529986499], [-122.30970300183373, 37.57847199870797], [-122.30547100288784, 37.5749479987417], [-122.30305200177128, 37.57588599792423], [-122.30020700486789, 37.575688997234145], [-122.29702500443875, 37.575520997155095], [-122.29700600484668, 37.57181499803247], [-122.29624800163639, 37.571382998084], [-122.29694500298726, 37.57139599971452], [-122.2942810038546, 37.570549999472846], [-122.29369400385328, 37.569182997547315], [-122.29411400348961, 37.56880499954098], [-122.29378700159656, 37.56851099756816], [-122.292042002954, 37.56908999877076], [-122.29215600224197, 37.56880599981376], [-122.2917840014843, 37.56872499796182], [-122.29333900293275, 37.56793599711492], [-122.29326200268191, 37.56778999771681], [-122.29147600154286, 37.56713299710043], [-122.28722100269745, 37.56755799957849], [-122.28721700178139, 37.568506997190305], [-122.2870970023287, 37.568594998685484], [-122.28691100238933, 37.56883799826411], [-122.28738900255547, 37.569563998800696], [-122.28868000455194, 37.56995999804186], [-122.28940100370288, 37.56970399854797], [-122.28973200201924, 37.56997599736851], [-122.29046400352127, 37.570016998519016], [-122.29117500423789, 37.569179997125936], [-122.29288900465262, 37.57039199906995], [-122.29364800362912, 37.571943997820256], [-122.2922250015061, 37.57201599918051], [-122.29132200454376, 37.57348399893286], [-122.28808500385561, 37.5740999997536], [-122.28748800232724, 37.57500999894874], [-122.2858960023411, 37.57539899900412], [-122.28506500362934, 37.57530599963531], [-122.284187003432, 37.57543399840007], [-122.28240500231519, 37.57434699867917], [-122.27981100258548, 37.57377799747717], [-122.2791650018042, 37.57265499900295], [-122.27889500199927, 37.57153499715375], [-122.27461800288522, 37.571086999328685], [-122.27373800267576, 37.57033199769019], [-122.27111000311686, 37.57056999733089], [-122.26433100231046, 37.57346799946546], [-122.26405400290922, 37.57344299828517], [-122.2622810039138, 37.573735997359655], [-122.25142100207074, 37.567089998893834], [-122.24969900283236, 37.56432899881832], [-122.24927200245526, 37.564157999323314], [-122.24893900262195, 37.56364199882964], [-122.24794900282109, 37.561040999773624], [-122.2465020037632, 37.558535998322405], [-122.24503000299659, 37.557132997786795], [-122.2460430032441, 37.55413699720398], [-122.24858400376583, 37.55202299845152], [-122.24983500169044, 37.552255999120845], [-122.25132900259774, 37.550905999682946], [-122.25284400149786, 37.5490719974021], [-122.25408100446451, 37.547965998401395], [-122.25425700191268, 37.547082998920686], [-122.25354900424664, 37.54345499842358], [-122.25244300454473, 37.54234599909], [-122.25281700322276, 37.541487999627954], [-122.25760600167084, 37.54154299809552], [-122.25828500326182, 37.54140899981351], [-122.25971400318448, 37.54079999925931], [-122.26051000333614, 37.53982199804246], [-122.26084000219029, 37.535559999625455], [-122.26093100242585, 37.53393999933563], [-122.261838003738, 37.533560997964926], [-122.26280500382936, 37.53376299939703], [-122.26308300333203, 37.53350599871014], [-122.26334900413354, 37.53407899760206], [-122.2650510015344, 37.53438899935784], [-122.2654820022903, 37.53414899911973], [-122.26752600414729, 37.533074999300325], [-122.26821400177283, 37.53041899826543], [-122.26942600329477, 37.52864099736166], [-122.26822200268838, 37.52821999785328], [-122.2680350033501, 37.5282729988012], [-122.26872900302908, 37.529096999392266], [-122.26790900192877, 37.529590998671985], [-122.26649700201008, 37.5326979998924], [-122.26531100181303, 37.5334029996129], [-122.2635560047223, 37.53298999776839], [-122.26288800448036, 37.532374999142775], [-122.26074000151267, 37.532718998946315], [-122.26064300344657, 37.531106999494824], [-122.25984400380501, 37.52942499869333], [-122.25875600222203, 37.529787997921375], [-122.25952700144765, 37.53097699885495], [-122.25975000322369, 37.531271997853935], [-122.2598430016794, 37.532988999185925], [-122.25895800182495, 37.53965699812589], [-122.2572200022811, 37.54050699901138], [-122.25472200465543, 37.54022699830254], [-122.25265700140179, 37.53938099744187], [-122.25221600241736, 37.539461998842135], [-122.25160700316124, 37.53934699816773], [-122.25118100455956, 37.53914899748311], [-122.25089100155893, 37.53911199824184], [-122.24998600359179, 37.539964997929346], [-122.24965000211905, 37.54065699958646], [-122.24972400174234, 37.54098499950757], [-122.24913600383557, 37.54134499728682], [-122.24911400150646, 37.54163699884882], [-122.24934300358812, 37.54222499986554], [-122.2505880027643, 37.543535997402834], [-122.25116100488795, 37.546937997111215], [-122.2466110024324, 37.550437998482344], [-122.24486000418862, 37.55023199926223], [-122.2437570031402, 37.54871199930033], [-122.24250200359064, 37.549153997292784], [-122.23535700311521, 37.54846199976161], [-122.22966700345388, 37.54968399948418], [-122.22591000240874, 37.547836997246876], [-122.22546300461028, 37.54501199896526], [-122.22702200329654, 37.54354199819305], [-122.2306910020459, 37.53698099970445], [-122.23439200344075, 37.53363499844171], [-122.23720400370829, 37.53221499720127], [-122.23919300371149, 37.532329998603444], [-122.24030200219622, 37.531849998393035], [-122.24145000484052, 37.53136999729214], [-122.24409500255015, 37.5296989983794], [-122.24635000471353, 37.52605299982299], [-122.2474600042558, 37.523526999429244], [-122.24766300147212, 37.522828997709304], [-122.24776500435965, 37.52276299878901], [-122.2475070032323, 37.522459998072506], [-122.24800700282073, 37.52243299938654], [-122.24847800364603, 37.52149899954153], [-122.24920600235585, 37.52054499751754], [-122.24774000270234, 37.51917399866467], [-122.24862600265219, 37.51843999856499], [-122.248269003153, 37.51210699780636], [-122.24514200246377, 37.50888399726704], [-122.24456000326032, 37.508304997742826], [-122.2457680038357, 37.50656099731986], [-122.24628900428834, 37.506339999827276], [-122.24682100309514, 37.50617999887571], [-122.24679300484289, 37.50614599730312], [-122.24626900227909, 37.50625499773385], [-122.24483200464122, 37.50711899870232], [-122.24443300255238, 37.50773599801509], [-122.24281500196264, 37.50876899868268], [-122.24711400343324, 37.51591199904056], [-122.24082700215928, 37.529124999207085], [-122.23004200385655, 37.53266499839545], [-122.22393100243472, 37.54290199892658], [-122.21692400171695, 37.54165299836585], [-122.21539600419842, 37.539627998815206], [-122.21306700407104, 37.541394999202886], [-122.19797600298325, 37.538024998624536], [-122.19438500425784, 37.53258499956351], [-122.20812500302735, 37.52095299877781], [-122.21668000283357, 37.507429999365456], [-122.21581100404262, 37.50531599736541], [-122.21514200437923, 37.50315599890619], [-122.21404000316086, 37.50204699751209], [-122.2141730024697, 37.50350299775179], [-122.2125060039596, 37.50476399822748], [-122.21083600331396, 37.51160699968882], [-122.20799500333942, 37.513816998372], [-122.20543500487774, 37.51787199819572], [-122.20212300221573, 37.5186309990107], [-122.20359900429325, 37.52128199870339], [-122.19757000320418, 37.52391699804271], [-122.19019800249956, 37.51997999903282], [-122.18890100378637, 37.517635999825934], [-122.18502700292524, 37.5170139992663], [-122.18286500260787, 37.520495997379015], [-122.18189400165525, 37.51759299915456], [-122.17649300265585, 37.50851899819127], [-122.16312900408772, 37.502793997834274], [-122.15671100216365, 37.50057599911436], [-122.15612200261785, 37.50191599827358], [-122.15270900321342, 37.50176299725628], [-122.13991500327838, 37.507368997121304], [-122.13315300326697, 37.505890997777286], [-122.12824300205241, 37.499300997606355], [-122.12406600273577, 37.484651998509726], [-122.12530400417334, 37.47763199966139], [-122.12410900165557, 37.47627899884969], [-122.12097500492757, 37.477172997174335], [-122.12097100258607, 37.476642997574594], [-122.12040700281543, 37.47679699942726], [-122.12041500257088, 37.47674999712681], [-122.12104000479893, 37.47649799951427], [-122.12341400153349, 37.47519899950641], [-122.12148500257653, 37.471158999680576], [-122.12070400317297, 37.468380997736254], [-122.11974500211028, 37.46878299880822], [-122.12006100320225, 37.468142997202584], [-122.12517600345097, 37.468398998612194], [-122.11982700160247, 37.467349997105416], [-122.11954600307371, 37.465999999106465], [-122.1194170032119, 37.46607299834622], [-122.11929700440622, 37.468503999066726], [-122.11906500360523, 37.46860999759134], [-122.11655700279532, 37.46637799814077], [-122.11530300478296, 37.46617899805088], [-122.11522900459585, 37.46554199839423], [-122.1150700041698, 37.46547799834293], [-122.11488800222205, 37.465278997151394], [-122.1134500033786, 37.46342299813369], [-122.10978900469044, 37.46311399803579], [-122.10579200303523, 37.46121999936642], [-122.1018840044357, 37.46262399745208], [-122.10024000429321, 37.460191999541074], [-122.10317300301973, 37.45641799783279], [-122.10453200421051, 37.458698999631196], [-122.10848500361324, 37.46009199975649], [-122.11195800294806, 37.457814999757744], [-122.10994900339087, 37.45585299729654], [-122.10999800458481, 37.458333997555954], [-122.10813000161846, 37.45791999938218], [-122.10783600228987, 37.45890099813321], [-122.10614900145072, 37.45873099827448], [-122.10800800158923, 37.4569399989731], [-122.10977700450094, 37.45305399949966], [-122.1061780039809, 37.45111199759568], [-122.10639200179673, 37.45436799912011], [-122.10420100311158, 37.45513099913018], [-122.10349300284368, 37.4542049992679], [-122.10374600356204, 37.4550609987042], [-122.10157600206635, 37.455636997783415], [-122.09310800197736, 37.453141999886995], [-122.0907270027372, 37.4507999992292], [-122.09048700197688, 37.450274998758296], [-122.08980400465465, 37.444513998824526], [-122.08969000348458, 37.447815998304435], [-122.09103900497182, 37.452192998604936], [-122.08755000261289, 37.450644999482805], [-122.08239200418093, 37.450891999045716], [-122.08252800203363, 37.45121399959631], [-122.08113600207082, 37.45168899871294], [-122.07782700184798, 37.44821499731582], [-122.07698000184857, 37.4498589976094], [-122.07401800200134, 37.44886299813603], [-122.06855100152077, 37.450589997976884], [-122.06371700182073, 37.445992998421964], [-122.06033300394947, 37.44542899753639], [-122.03362000491153, 37.451776998477015], [-122.02918900189395, 37.44846399922591], [-122.03081600336799, 37.44624099958578], [-122.03196000310504, 37.445613997114165], [-122.0314050042664, 37.44549599981469], [-122.02976900331981, 37.44630099925274], [-122.02880100335155, 37.44938399949965], [-122.031726002453, 37.45278199912632], [-122.0390860024444, 37.45461499790226], [-122.03700600352333, 37.45690099913842], [-122.03586800292531, 37.45694799903319], [-122.03032300271676, 37.46158199902718], [-122.02045100168894, 37.46132099847172], [-121.99548600253272, 37.464455998272115], [-121.978453004136, 37.459219998012976], [-121.97470200410996, 37.4596189971511], [-121.96914600331546, 37.46104199882682], [-121.96391500440882, 37.46061799821163], [-121.96821100391243, 37.45673199942214], [-121.96605400481556, 37.45235499819341], [-121.96755900154001, 37.45695999978553], [-121.9659900046635, 37.45800299847817], [-121.96320900191127, 37.46057099889992], [-121.96618500299384, 37.46161199846214], [-121.9620570027303, 37.46281999787749], [-121.9567390038117, 37.4611319989995], [-121.95321500328998, 37.45770899854288], [-121.95280100317623, 37.456285997642425], [-121.95048600198028, 37.45695999827003], [-121.94781700231417, 37.45416599887252], [-121.94639300396415, 37.45311699728881], [-121.9457330020197, 37.45301199852767], [-121.943889002086, 37.453468999700924], [-121.94595800433565, 37.453169998255554], [-121.95079700375058, 37.45730899733694], [-121.95276600473217, 37.456623997532624], [-121.95294500397922, 37.45806099795355], [-121.95613500493701, 37.46112499870604], [-121.96247400194476, 37.46302699722005], [-121.95972800402288, 37.464057999860245], [-121.96723800440068, 37.463728997438366], [-121.96527600381768, 37.46812399827085], [-121.9579520040594, 37.4709039998631], [-121.97078300343345, 37.46835499788495], [-121.97392100192151, 37.4700039997404], [-121.98009000228002, 37.47150399791991], [-121.98764500449555, 37.46660099892922], [-122.0020140022018, 37.46898999765644], [-122.0277110042241, 37.46772999952979], [-122.05038300425885, 37.4669719981056], [-122.05252900252115, 37.47411899887727], [-122.05203100312706, 37.47511499798952], [-122.05427200389663, 37.491012999240155], [-122.04626600490445, 37.49168699854071], [-122.03508900442034, 37.49074899833775], [-122.03136300173733, 37.48015699844371], [-122.0292120033951, 37.47751099978995], [-122.02534600324158, 37.47766099743356], [-122.02412500440595, 37.48321199920013], [-122.02575500358846, 37.47766599777268], [-122.02997700338666, 37.4786219996055], [-122.03415000347374, 37.490754999138844], [-122.0413690020197, 37.49328799720202], [-122.04959700273712, 37.49234999775629], [-122.05462900409101, 37.495379999467666], [-122.0741590034717, 37.50013199867797], [-122.07318100160218, 37.500773997165275], [-122.07069100344914, 37.50063899858196], [-122.07989800306112, 37.5025309986155], [-122.07745500345429, 37.50638399746343], [-122.07938100227224, 37.50903799835681], [-122.08556500144962, 37.5050379984243], [-122.08616400343114, 37.50244699760231], [-122.10329100267437, 37.4985969981436], [-122.10915300483087, 37.50244299952955], [-122.11040800287698, 37.51178499738823], [-122.11029400336776, 37.51209599841465], [-122.11218300337963, 37.53319899756552], [-122.11558200320844, 37.53679699785048], [-122.11985900441046, 37.54776599957869], [-122.12796700476738, 37.5577339975333], [-122.12771800227259, 37.56073499941061], [-122.12985100269587, 37.56452099951882], [-122.13162900179567, 37.56317099960029], [-122.14236600208767, 37.582524997212204], [-122.14406400363748, 37.582562999329475], [-122.14728900241474, 37.58927599710623], [-122.14580600409074, 37.60251999773638], [-122.15028800462524, 37.6182659972289], [-122.15039300228851, 37.61859599899438], [-122.15078500417957, 37.6275459972245], [-122.15010400423895, 37.628213998526306], [-122.15274200207413, 37.63134799774505], [-122.15097100460459, 37.63210299780551], [-122.15245400236874, 37.632926997890145], [-122.15223600450786, 37.636187997462606], [-122.14782800424501, 37.63716199790883], [-122.15326800153845, 37.63890499979572], [-122.15324400460668, 37.642021997250005], [-122.15491900343767, 37.64526099919882], [-122.1545090045851, 37.64575699784833], [-122.15720400473916, 37.65636899944691], [-122.15771700419975, 37.659323999848986], [-122.15889600196334, 37.659703997434704], [-122.16104100427172, 37.66573799740919], [-122.16122900332236, 37.665756999762195], [-122.16132500352673, 37.66788999883652], [-122.16299900473838, 37.670312997986436], [-122.16389500408428, 37.671005998006756], [-122.16525000406561, 37.67149899973975], [-122.16524100433595, 37.67277399966578], [-122.16362800258233, 37.67399599981993], [-122.16384900348791, 37.674598999727245], [-122.16388800397273, 37.675263999164144], [-122.16409900402809, 37.67528499831714], [-122.16412000268741, 37.67461799761817], [-122.1646070015364, 37.67340099841332], [-122.16656100297924, 37.67374099860036], [-122.1689440034752, 37.67793799935641], [-122.17191400256746, 37.679000998642415], [-122.1746290028038, 37.68173099945417], [-122.17834100229676, 37.68237799800052], [-122.18376900482399, 37.691122998326335], [-122.18444300421469, 37.69115699867297], [-122.18668400277566, 37.69012199950776], [-122.18850200242446, 37.690845997458155], [-122.19039900422445, 37.69344099830357], [-122.1917580033685, 37.69420699831679], [-122.1898400018172, 37.6948649971803], [-122.18859800272045, 37.69173899840115], [-122.1868160025868, 37.69077299771344], [-122.18530700438211, 37.691465998046326], [-122.18785000271073, 37.69472299961648], [-122.18688400177358, 37.69573599828035], [-122.18918100208492, 37.695385997399825], [-122.18978400150462, 37.69602799914749], [-122.19220900150997, 37.695370998118435], [-122.19186400367815, 37.695998998238124], [-122.18907600390256, 37.696752998345175], [-122.1895600040115, 37.6984069979796], [-122.19294300194598, 37.697985998543494], [-122.19358200493689, 37.69755199887194], [-122.19313300277545, 37.69480699769037], [-122.19427100340965, 37.695762997377514], [-122.19408400158662, 37.69874299749598], [-122.19179600475779, 37.699351997460504], [-122.19082200432388, 37.70049999954098], [-122.18955700204725, 37.700889999027424], [-122.19295000280722, 37.70914399941925], [-122.19149700377379, 37.704582997573844], [-122.19624200490293, 37.70293799973438], [-122.2013190040402, 37.70514099913908], [-122.20237900383255, 37.70958399950006], [-122.19413400287524, 37.714153998860844], [-122.19879100375508, 37.712866999005364], [-122.21014800220527, 37.710382997161894], [-122.21155800209955, 37.70880299792286], [-122.21121600360549, 37.70185399769545], [-122.21417400309238, 37.69923099950747], [-122.21727800447721, 37.700017997500765], [-122.25131000436443, 37.72427899981105], [-122.25124600458147, 37.72529499711971], [-122.24971200243364, 37.726504999459436], [-122.24842300292303, 37.72624399921574], [-122.2485040047483, 37.72522499814413], [-122.24716000394203, 37.72517199738495], [-122.24568500164176, 37.72541799819413], [-122.24459200322164, 37.725329998726785], [-122.26042500142293, 37.74001699749599], [-122.26132000387219, 37.740534999019005], [-122.2607380040729, 37.74357099901555], [-122.25643200178729, 37.74579299944717], [-122.25186100248665, 37.74809099789475], [-122.23902000241078, 37.74811199945814], [-122.23712700202468, 37.74792399821775], [-122.23702900398875, 37.74795399775693], [-122.22676800242643, 37.74799999976586], [-122.22388000330076, 37.7477449974484], [-122.22356700175644, 37.74571699908131], [-122.22219100230241, 37.74604899883401], [-122.21550300212176, 37.74160099927563], [-122.20936400433419, 37.73147699905114], [-122.20855400268893, 37.73150399872506], [-122.21196000278458, 37.73806499761994], [-122.21155600482699, 37.739812997826355], [-122.21341000490236, 37.74133699720861], [-122.21745500350696, 37.74785399804766], [-122.21229700470771, 37.74482499832807], [-122.21128000419826, 37.74266199976441], [-122.20972200277683, 37.74239799764752], [-122.20749900167282, 37.74357099962011], [-122.21232200232092, 37.74945199977556], [-122.21106500355252, 37.751075998246826], [-122.20795400285157, 37.7529579984184], [-122.2110540048287, 37.75175499951707], [-122.21151300247618, 37.752979998830604], [-122.212398001419, 37.75247999776763], [-122.21321900219075, 37.75485599930334], [-122.21602400393051, 37.75699599824269], [-122.21803200471346, 37.75932999717096], [-122.21722300274148, 37.7598229972401], [-122.21460600363996, 37.76129999871826], [-122.21285700467662, 37.759596998223095], [-122.21461600405044, 37.75772299744113], [-122.21196000452025, 37.75888299913193], [-122.21399000277978, 37.76145899741702], [-122.2148730021868, 37.76152099772397], [-122.21503300261821, 37.76141699802198], [-122.21708100269443, 37.7602379974297], [-122.21741600360257, 37.760397998904686], [-122.21876300389546, 37.760301998446955], [-122.22181500300393, 37.75857999796121], [-122.22307300383817, 37.759585997491826], [-122.22299100408468, 37.760414997994054], [-122.22431300383418, 37.7647499993122], [-122.2268290028063, 37.767715998814225], [-122.2324840047982, 37.770591998453234], [-122.23621600241792, 37.772124998618374], [-122.23687800384432, 37.77224399969673], [-122.24058300497651, 37.77462599927654], [-122.24353800149517, 37.7788909991826], [-122.24324600220905, 37.77987699859452], [-122.24331500202825, 37.783578997187725], [-122.244233003779, 37.78365199875219], [-122.24485400204844, 37.784465999115724], [-122.24788000180537, 37.78621399943891], [-122.25293100446028, 37.787898997122994], [-122.25821700153962, 37.7860579983754], [-122.25875600145142, 37.78583499863499], [-122.26127400149934, 37.78700999911017], [-122.25841700448018, 37.78895399760211], [-122.25909000389834, 37.789439997113014], [-122.26251900348649, 37.78749899948652], [-122.26338800215618, 37.788491997913184], [-122.26362600180613, 37.78970599860359], [-122.26548900350058, 37.788651998930796], [-122.26434200200285, 37.78975199763817], [-122.26484400486622, 37.789735998957916], [-122.26626100145431, 37.788991999244416], [-122.26310400252002, 37.79085999727357], [-122.26300800175828, 37.791036998365186], [-122.26434500222516, 37.79122399858043], [-122.26444200158699, 37.791088998159424], [-122.26604900241496, 37.79016499762304], [-122.26685400301793, 37.789204998149735], [-122.26834900330299, 37.78955999798616], [-122.26829800268811, 37.79014399954109], [-122.26977700277712, 37.79010999946356], [-122.27378400334274, 37.79224999902984], [-122.27396600144442, 37.79291399740581], [-122.2750500024037, 37.7932939977478], [-122.27506700333227, 37.79365199857307], [-122.2756400015158, 37.79396899771477], [-122.27620500396972, 37.79340399764988], [-122.2773850039695, 37.79398899764979], [-122.2774330034745, 37.794329997687164], [-122.27831700408217, 37.79444499838736], [-122.27962100395723, 37.79499899720288], [-122.28006700221134, 37.794883997146464], [-122.27980900266554, 37.795573999643395], [-122.28062600184997, 37.795746997701485], [-122.28225600330737, 37.794722997554246], [-122.28791400384313, 37.79495999973346], [-122.28799600356582, 37.79576899811108], [-122.28835400384739, 37.79607099764358], [-122.29696000259646, 37.79287399971696], [-122.32758500248049, 37.798080997448615], [-122.33033900404463, 37.8001519978539], [-122.3226780048009, 37.799883999282805], [-122.32593400459109, 37.80141299878434], [-122.32227900337355, 37.801663999744534], [-122.32566000164948, 37.80310199821595], [-122.32205400387487, 37.80292799915848], [-122.32117600187823, 37.80410299800329], [-122.32582100212575, 37.80513199971771], [-122.32556400193644, 37.80615499962338], [-122.32655500202114, 37.80753799879532], [-122.33993300471161, 37.80332799725173], [-122.34255800330637, 37.80559699856813], [-122.33452300489309, 37.81049199925275], [-122.32413200316802, 37.809954999099915], [-122.31429400172264, 37.818628997395344], [-122.30921700392256, 37.81883399782834], [-122.30832300302362, 37.82100099747736], [-122.31386700395483, 37.822057997944604], [-122.31838000322651, 37.819130997545656], [-122.32072300210413, 37.82060399976984], [-122.32619700481187, 37.82032999833574], [-122.33078400464974, 37.82100699831612], [-122.31914900194538, 37.82397699773754], [-122.31708600227402, 37.826740998356804], [-122.31347800295032, 37.828096997602394], [-122.31240000297977, 37.8264579984486], [-122.30042600376578, 37.82655699754585], [-122.29808200203317, 37.829379997351765], [-122.29541600237414, 37.829655998286405], [-122.29609700290644, 37.831839999340815], [-122.29648600491142, 37.8330749977009], [-122.29520300354964, 37.83382899714011], [-122.29512700241474, 37.833818998221204], [-122.29515000225236, 37.83387299878594], [-122.29630600200396, 37.83374499858845], [-122.29691600257067, 37.83400399982028], [-122.29711800184246, 37.834910998458234], [-122.29742200155205, 37.83503899941841], [-122.29760200237878, 37.835988998716424], [-122.29763100365192, 37.836045998574086], [-122.29786000409788, 37.83647299872061], [-122.29876200451457, 37.83704199931176], [-122.30331500399727, 37.836404998215805], [-122.30482600342681, 37.83681799855792], [-122.3146600033698, 37.83704299911825], [-122.31528800211227, 37.8373759988089], [-122.31546500258219, 37.83996099891814], [-122.31440300234556, 37.84253299912903], [-122.31328900235201, 37.84203399937305], [-122.3146140045882, 37.839134997118634], [-122.31420000225447, 37.838343998008554], [-122.31307800346663, 37.83823499720889], [-122.31313400161106, 37.837722999062215], [-122.31249700347671, 37.837331998093674], [-122.30821400164649, 37.837455997353196], [-122.3080990016988, 37.838331999332766], [-122.30694900427174, 37.838269999076196], [-122.30698200273652, 37.83951099816676], [-122.30705400257915, 37.8396499981102], [-122.30427800165022, 37.8394609973109], [-122.30343800489064, 37.83942199761536], [-122.30033000473125, 37.839521997087786], [-122.29995400307318, 37.83993599942838], [-122.29844000484471, 37.84013199839438], [-122.29788300403554, 37.84147599854064], [-122.29867700491506, 37.845342997648245], [-122.30032800284579, 37.84652799855818], [-122.30102900276474, 37.847384998756695], [-122.30038800283198, 37.850260998626986], [-122.30217300274535, 37.85943199849148], [-122.30393100294062, 37.86280599797258], [-122.30604600378322, 37.86292099853934], [-122.30558200238451, 37.86179699889828], [-122.30568400403529, 37.859768997439105], [-122.30725900404839, 37.864529999006486], [-122.3065270047936, 37.86561999767979], [-122.31110800153125, 37.86470899812056], [-122.31126700219936, 37.86363499849741], [-122.31535400468175, 37.86260799935877], [-122.31569200144921, 37.85894599904061], [-122.31688300364071, 37.85946999946482], [-122.31770200206886, 37.86604199829117], [-122.31674200455821, 37.86436599730062], [-122.31373100476691, 37.864356997462096], [-122.31211900210289, 37.86545399774901], [-122.3119630021908, 37.86468999713107], [-122.31230600349261, 37.866919998183526], [-122.31377600438753, 37.86763899757456], [-122.3149770041887, 37.868860997952616], [-122.31762300373772, 37.86865299881716], [-122.3182190036822, 37.86722899920911], [-122.3247870014889, 37.87437499932969], [-122.31887300240496, 37.87585799900431], [-122.3136920044188, 37.86972899754514], [-122.30750300180185, 37.870545997674725], [-122.31054800346848, 37.87760699858173], [-122.31013300387805, 37.87774499791212], [-122.3117460023554, 37.88046999836136], [-122.31524900400915, 37.88395199789922], [-122.31614500228324, 37.885338997877426], [-122.31599900411035, 37.88721199702908], [-122.31706900178713, 37.88907299890541], [-122.32248700179385, 37.889392998365544], [-122.32399300205994, 37.88789399771365], [-122.32754900370463, 37.88866799800632], [-122.32782400267942, 37.89143299971238], [-122.32769500395116, 37.89088699939631], [-122.32602700227876, 37.89079399755867], [-122.32575400269243, 37.89232599950532], [-122.32426200440919, 37.892364999710104], [-122.3231320023744, 37.8902829989661], [-122.32044800489079, 37.88995299721978], [-122.31642700455699, 37.890987997902776], [-122.31620000465578, 37.89158199702198], [-122.31383800412615, 37.89182399871212], [-122.31161600411163, 37.889667997405674], [-122.31147000397087, 37.889981998670166], [-122.31003500171323, 37.88876199853338], [-122.30902900446385, 37.89031999799631], [-122.31015100452284, 37.89451999961525], [-122.31298100444434, 37.897325999593896], [-122.31281800290252, 37.8974629974499], [-122.31543200411691, 37.898786998359235], [-122.31840500279382, 37.89751099961414], [-122.31956400357795, 37.897858998895146], [-122.32220100315503, 37.895341998306584], [-122.32487900153848, 37.89694499907209], [-122.32472800457978, 37.89729499844247], [-122.32518600304597, 37.897837997779426], [-122.3252310015648, 37.90108999782712], [-122.3208800015706, 37.9033519998346], [-122.3198120026698, 37.90397299820724], [-122.32102600366731, 37.9035649997495], [-122.32525500457808, 37.90173599723092], [-122.3250920028383, 37.90293399896585], [-122.32476400190485, 37.9024019995472], [-122.32206500306361, 37.90534199862101], [-122.32601000255283, 37.908218999033735], [-122.33344600373647, 37.90986699899551], [-122.33812000207527, 37.91081499860544], [-122.34043900215396, 37.90848399830125], [-122.34543300435655, 37.907351998271444], [-122.35198200308685, 37.90792499813336], [-122.35450700405137, 37.90953699853635], [-122.36110600493319, 37.90911099880843], [-122.36211900212162, 37.917400997185666], [-122.36223000307535, 37.917552999303844], [-122.36265900449814, 37.92047399916333], [-122.3631300042775, 37.918355999429515], [-122.3671350026715, 37.91966399812508], [-122.36650600314397, 37.92426899841988], [-122.36811900339802, 37.92057999886508], [-122.37212700153032, 37.923054999012386], [-122.37294900224359, 37.924395999827276], [-122.37356800349536, 37.92422099776641], [-122.37514000345524, 37.9246939978271], [-122.37684900337477, 37.92393199724624], [-122.37532600472252, 37.922466998793105], [-122.37412800216813, 37.92243199912366], [-122.36602200333276, 37.91779399763304], [-122.36486500322408, 37.91276599888037], [-122.3652700036591, 37.91169399703246], [-122.36428900290986, 37.910197999391805], [-122.36341700376654, 37.905235997695115], [-122.36728200301083, 37.90448999733096], [-122.37309900382098, 37.906737999665225], [-122.37199700331625, 37.906834997273], [-122.37327300315049, 37.90720599975711], [-122.37635400348671, 37.90940299876937], [-122.37699600307381, 37.90781099863974], [-122.37964900178473, 37.90721699735822], [-122.38041800196423, 37.90755799976003], [-122.38185200304711, 37.9077799996131], [-122.38184100440186, 37.907838997805065], [-122.3807750042212, 37.90779699841053], [-122.3783660025736, 37.90759799834948], [-122.37678800369247, 37.90896899935348], [-122.3805270046459, 37.9112179973999], [-122.38049500475398, 37.90968199845089], [-122.38005500191514, 37.90904299803346], [-122.38164400434981, 37.90909799897133], [-122.38167800333571, 37.90819999773859], [-122.38273300237991, 37.909358998596], [-122.38142000369386, 37.910130998021934], [-122.38182800378567, 37.91133999949156], [-122.38220400278584, 37.91002899907518], [-122.38388100200204, 37.90923499773714], [-122.38458200263462, 37.908611999428125], [-122.38775700299504, 37.90852099703953], [-122.38799600473186, 37.90964399714833], [-122.39077900320689, 37.90956099710154], [-122.38817000279771, 37.912318998374786], [-122.38656000198574, 37.92067199947873], [-122.38963300334225, 37.922769999503885], [-122.39090100346753, 37.922715997896006], [-122.39045100272955, 37.92327899808839], [-122.39071200450176, 37.92566899701583], [-122.3911810028479, 37.92572899813232], [-122.39319300168745, 37.92697399899216], [-122.39795600301987, 37.92981699971853], [-122.40886600415936, 37.92277199779418], [-122.40806200338749, 37.921927998259996], [-122.40825600209747, 37.921879998195145], [-122.40899100177417, 37.922612998085874], [-122.4098910030589, 37.92234999937177], [-122.40871000287657, 37.92096999715695], [-122.40915300165977, 37.92080299762354], [-122.41500200444484, 37.92719499783518], [-122.41487700191071, 37.927194998972546], [-122.41399800417851, 37.92646099829864], [-122.41029200407152, 37.92275099864382], [-122.40111100394351, 37.92788199876555], [-122.4007530034407, 37.93142499750699], [-122.40982500487247, 37.932563998027796], [-122.41367500396164, 37.93791299830649], [-122.41075600470127, 37.938452997776785], [-122.4119540024209, 37.94439199837718], [-122.42239100280683, 37.947215998554526], [-122.41831400433239, 37.9524099979912], [-122.42453200321646, 37.95754699975958], [-122.42867300493876, 37.962836997743025], [-122.42913000325031, 37.96188199778033], [-122.42842600403168, 37.966015998391626], [-122.41850400399764, 37.96263199878752], [-122.41276900397435, 37.962869997012355], [-122.41118500411314, 37.959733999151105], [-122.41184500457716, 37.956292998588054], [-122.40390700293746, 37.95416199967681], [-122.40047600321417, 37.95255099731344], [-122.3946400020183, 37.955461997205134], [-122.39828500182404, 37.958392999005234], [-122.39402700305561, 37.958233997193325], [-122.39238600271433, 37.959505998860465], [-122.39714500389489, 37.966614997519265], [-122.39591500454738, 37.968822998042235], [-122.38889200324866, 37.96934299969861], [-122.38832400200597, 37.97103199946057], [-122.38497200263024, 37.97139099739402], [-122.38336100466829, 37.97606799971625], [-122.37418400217449, 37.97452999779261], [-122.37159200171384, 37.976262999834354], [-122.36764200300604, 37.977088997217024], [-122.36858000340416, 37.98031199821387], [-122.36637600484579, 37.98083599723682], [-122.36328100463747, 37.98382099823974], [-122.36505400228779, 37.98615299959154], [-122.36326500395857, 37.985171997058494], [-122.36306600242749, 37.986470998254724], [-122.3615050042811, 37.98625799916298], [-122.35919900462564, 37.99360199942079], [-122.36376300454398, 37.99661599760168], [-122.36651600358549, 37.99912899849306], [-122.36768500458437, 38.01049899719316], [-122.36524200147996, 38.01261499886331], [-122.36270200343387, 38.00895999961492], [-122.35700200276504, 38.008709998002004], [-122.34711000248862, 38.005699998031005], [-122.33680500230128, 38.00133299960856], [-122.33044900395232, 38.00191099725275], [-122.32851900307506, 38.00336199850939], [-122.32644100305153, 38.00382099793408], [-122.32038300163119, 38.008163999268916], [-122.31664800166187, 38.01123899936039], [-122.31408800426574, 38.01109299724943], [-122.30931700322337, 38.009836999111954], [-122.3053460032978, 38.01042799903993], [-122.29982600390267, 38.01022899855459], [-122.29797500458973, 38.0115719972524], [-122.29719600234148, 38.01432399857332], [-122.29118800418337, 38.01736799814343], [-122.28943900154182, 38.02037899856406], [-122.29013900178495, 38.02241399969972], [-122.28571400248218, 38.02116199866198], [-122.28529000426856, 38.02127799790365], [-122.28465300259575, 38.02145799848456], [-122.2828730033568, 38.02210199807705], [-122.28223600399441, 38.022543999733664], [-122.2808580020267, 38.02437799784958], [-122.28025900173905, 38.025693999130006], [-122.27933400166113, 38.027159997247345], [-122.27858300333915, 38.02742299934525], [-122.2771800027352, 38.02849599882787], [-122.2764770031154, 38.02936799890497], [-122.2753800032043, 38.03156099833351], [-122.27477700416358, 38.03500899890291], [-122.2748480029895, 38.03600199837733], [-122.2734330041767, 38.0381919978576], [-122.27372300325536, 38.03905999918659], [-122.27079400344226, 38.04112599941636], [-122.26994300192219, 38.03831299837172], [-122.2641110025116, 38.040341997162685], [-122.26446600247282, 38.04232299739318], [-122.26256400146978, 38.04326399850373], [-122.26238200227698, 38.048866999281195], [-122.2625430037691, 38.050890997270926], [-122.26057600416637, 38.05210099828381], [-122.26199400468839, 38.05614099710362], [-122.26422000200824, 38.05605299976792], [-122.26275800287792, 38.056910997868094], [-122.25950800334836, 38.05717499936824], [-122.2596600028149, 38.05656999946457], [-122.26116300211703, 38.05620999798595], [-122.25978300256493, 38.05171599815007], [-122.25536800172898, 38.05145199945771], [-122.2540220016888, 38.05277199956659], [-122.25161300331617, 38.05336499799901], [-122.24858700288435, 38.056652999639255], [-122.24245400273361, 38.05814599855434], [-122.23438200291696, 38.05740099851243], [-122.2341910027338, 38.05709699803685], [-122.22478100323929, 38.05611899929464], [-122.2245900044606, 38.0560759972492], [-122.22421100198476, 38.05765999748638], [-122.21497000404015, 38.057526999235805], [-122.21409800249262, 38.05679599764248], [-122.20661700444997, 38.05490899736303], [-122.19493000378334, 38.05265099705649], [-122.19036400430957, 38.0525569984593], [-122.18329800415489, 38.048164997555205], [-122.18173100434154, 38.046438999713324], [-122.17840200210547, 38.04389699971536], [-122.17402600461865, 38.03643399853113], [-122.17375200367042, 38.036209997449355], [-122.1731910035011, 38.03359499891709], [-122.17034900163289, 38.030889999594386], [-122.15988500470151, 38.025029997060564], [-122.1557780035533, 38.02412499937804], [-122.1459290025553, 38.02160999961874], [-122.14224200481878, 38.023452997222876], [-122.14159600333417, 38.02536299906849], [-122.13939000450378, 38.02644699896821], [-122.13919000187725, 38.02743899869901], [-122.13766200293813, 38.02585999878041], [-122.12980900364494, 38.02842799910855], [-122.12863000298228, 38.030492997633466], [-122.12001900478245, 38.03330899741852], [-122.11642000328087, 38.037212998209895], [-122.09363100451702, 38.044265999613046], [-122.09252300257795, 38.04401199780175], [-122.08590800298681, 38.048215997583455], [-122.07105800368184, 38.05022999808993], [-122.07104700329239, 38.05340199775477], [-122.0493910049503, 38.051131997161946], [-122.03712700425162, 38.05693899964869], [-122.01402200430782, 38.05866899809557], [-122.0097200025132, 38.05612799745795], [-122.00270200235279, 38.0573119981819], [-121.9983490043377, 38.0561249977228], [-121.99856800408992, 38.05391099937316], [-121.99421900199422, 38.05364599952707], [-121.9927620016017, 38.05478899809078], [-121.98575700262793, 38.0508569983737], [-121.97751900326992, 38.04751499873737], [-121.96961700318496, 38.04780299932265], [-121.96756100160508, 38.04812599708061], [-121.96536300248346, 38.04768799844992], [-121.96385800383968, 38.048059998574345], [-121.96220900344296, 38.04787899947352], [-121.9610210022284, 38.04868999706981], [-121.9597330049808, 38.04785299930621], [-121.95699100501261, 38.04856899842684], [-121.95191400373642, 38.04806799839673], [-121.94970500418655, 38.05057199777958], [-121.94107200169535, 38.0467389995939], [-121.93992500271773, 38.04573099776511], [-121.93415800449544, 38.04496099903055], [-121.92943800333853, 38.04355999884508], [-121.92815600380352, 38.04343599723691], [-121.92790500198643, 38.04342799896528], [-121.91154400418736, 38.04154999768333], [-121.9117230016751, 38.040452997752524], [-121.90830700197866, 38.03939999956114], [-121.90722300276823, 38.03987399917981], [-121.90363600443669, 38.039335998636965], [-121.90198200184567, 38.04006199978318], [-121.90026600231135, 38.039708998738625], [-121.89368700249793, 38.04128999710859], [-121.88980000397042, 38.0413729973773], [-121.88905200295956, 38.042109997360065], [-121.88773400162835, 38.04218299826836], [-121.88446400256286, 38.047765999166984], [-121.89444700441356, 38.05444299773328], [-121.89740700323847, 38.057140998156804], [-121.89942100419134, 38.05791399870922], [-121.90281100305536, 38.0584879991906], [-121.90300400270678, 38.05848399869912], [-121.90426500200869, 38.058634997093925], [-121.90460800217726, 38.05873999983042], [-121.90854100232187, 38.07192599764555], [-121.91167400322908, 38.08353899918256], [-121.95258600214665, 38.07868399840432], [-121.95300700326705, 38.08322399913933], [-121.96494800361555, 38.07828299787113], [-121.96510100386118, 38.07807899948012], [-121.96528800410287, 38.078005998073124], [-121.96542100216111, 38.07789099785957], [-121.9664600047125, 38.077200997528934], [-121.96666000190993, 38.077010997122755], [-121.96671000382281, 38.0768919978421], [-121.96690100426363, 38.07664399852614], [-121.96701400350675, 38.07645999716163], [-121.96726900263127, 38.07621999848127], [-121.96897300429063, 38.07471899937365], [-121.96880100195303, 38.074633999610306], [-121.9682420020333, 38.07465899829724], [-121.96817300195622, 38.07461899822913], [-121.96817400421101, 38.074538998094184], [-121.96849500293163, 38.07428999945942], [-121.96855700227042, 38.07418399843206], [-121.96870900464066, 38.074099998732464], [-121.96889200496372, 38.0741069978016], [-121.96909100419265, 38.07434399934052], [-121.96927300410401, 38.07441899741792], [-121.96956200273624, 38.07438699913399], [-121.97762600458249, 38.081288997823386], [-121.99191900404503, 38.08583399925317], [-122.01330500186371, 38.08938999980256], [-122.00107400478808, 38.101717997401195], [-122.00107400290331, 38.102117997064994], [-122.00037800326925, 38.10260599713242], [-121.99992800180578, 38.10316599949319], [-121.99997500174071, 38.10393699771061], [-121.99977700367957, 38.10421199888565], [-121.99883100239964, 38.10383799888463], [-121.9983130029892, 38.10378299872123], [-121.99678000181598, 38.1039729984838], [-121.99617600384718, 38.10472299725906], [-121.9962980021868, 38.10517299769949], [-121.99586900146859, 38.10541899816911], [-121.99437400309755, 38.10553999868585], [-121.99400900309426, 38.10529499799135], [-121.9941470038957, 38.10497499768388], [-121.9939700034079, 38.10480699909847], [-121.9800160045038, 38.11615699916503], [-121.9992300037751, 38.13727999919342], [-122.000724004656, 38.128860998022546], [-122.05649300491623, 38.134068998698844], [-122.06418000362017, 38.11881699943521], [-122.0656680048751, 38.116925999489006], [-122.065534004694, 38.10966499886602], [-122.10202900460995, 38.078824998987706], [-122.11908600451477, 38.06280999828015], [-122.12397700349091, 38.05611999796328], [-122.12742000281705, 38.047537999652405], [-122.12786400236675, 38.04704199858046], [-122.12793300206579, 38.04692199867666], [-122.12904100462764, 38.04544099960414], [-122.13569400351986, 38.042952999643404], [-122.13609500172693, 38.04314799922646], [-122.14067700148979, 38.04220299855976], [-122.15248500155731, 38.04260699925093], [-122.1563780048993, 38.0432839972809], [-122.1527350026749, 38.04349699863971], [-122.15180400346772, 38.04485599930964], [-122.15566200186225, 38.04659199833419], [-122.15640100372349, 38.045819999183514], [-122.15746200244071, 38.046157998734444], [-122.15808900286608, 38.04490399709881], [-122.15725600354565, 38.043654997145964], [-122.1574620017946, 38.04324899797068], [-122.15905300451134, 38.043013997807606], [-122.16000600436243, 38.043316998892706], [-122.16112500184585, 38.042908997740945], [-122.16255100323146, 38.04351899882883], [-122.16523200301866, 38.04392799849028], [-122.16514900491572, 38.04442499868747], [-122.16199000469011, 38.04452499848241], [-122.16086700438517, 38.047343997647516], [-122.1608460023135, 38.04900799927384], [-122.16128900369097, 38.049411998705956], [-122.16167900165583, 38.05005899754903], [-122.16362100319697, 38.051441998689114], [-122.16351400375912, 38.05169399747998], [-122.16308900185592, 38.0526119992046], [-122.16376300367153, 38.05357999775132], [-122.16618700241796, 38.054355998945056], [-122.16694500399294, 38.053608997151066], [-122.169912004956, 38.05462899927221], [-122.16957000476431, 38.05488499719232], [-122.1688780048062, 38.05551999876188], [-122.16999800485999, 38.05626199734382], [-122.17257500474034, 38.05640299901306], [-122.17312000157756, 38.057451997492954], [-122.17357800227055, 38.057519997327084], [-122.17468500449746, 38.05782399811863], [-122.17528700332586, 38.058629999309076], [-122.17428000208074, 38.05903099979264], [-122.1747970047544, 38.061025998917], [-122.17871300253428, 38.06203199983872], [-122.18288200197057, 38.06521599864177], [-122.18268500282224, 38.06611199789996], [-122.1879790015701, 38.07091099738624], [-122.19027700347473, 38.0704119980347], [-122.19297900433658, 38.061419998062895], [-122.19417900351, 38.0599209983696], [-122.20069500427942, 38.061630998087615], [-122.20133000240943, 38.06461199922207], [-122.20321800399454, 38.06416299868372], [-122.20347900190957, 38.06541999812688], [-122.20537900453701, 38.067519999614255], [-122.20707900371934, 38.067919998150195], [-122.20864600475261, 38.06680399757928], [-122.20947900292335, 38.06571999905001], [-122.21215300337425, 38.06669399726675], [-122.2124790023999, 38.068119999738876], [-122.21397900361778, 38.06741999955771], [-122.21467900491977, 38.06612299726689], [-122.2208600022659, 38.06536899744926], [-122.22554500408343, 38.06504299845455], [-122.2262480040104, 38.06514599742274], [-122.22977800442017, 38.06611499936464], [-122.23076400228913, 38.06783699966002], [-122.23508000349302, 38.069719999244526], [-122.23937300340866, 38.07322399783596], [-122.24008600306887, 38.07282799978867], [-122.24101200255443, 38.072229997635425], [-122.24116900482194, 38.07222599796878], [-122.24117100500686, 38.072287999353755], [-122.2411170016716, 38.07239899787696], [-122.24014400320154, 38.07288999920686], [-122.23948200168974, 38.07331699904916], [-122.2398790021631, 38.074313998424735], [-122.23928000166889, 38.0752109981031], [-122.2411710015115, 38.07760599745225], [-122.24127200462037, 38.078111999275], [-122.24369300153545, 38.07947899776163], [-122.24585500340532, 38.07967099781905], [-122.2465560027777, 38.0807749975311], [-122.24547800330436, 38.081357998853235], [-122.24724700151846, 38.08235099881292], [-122.24745400320985, 38.08548799860596], [-122.25008100401111, 38.08761999880532], [-122.25958200394724, 38.09751599881891], [-122.2619860040976, 38.09901299964264], [-122.26453600476559, 38.10225799912285], [-122.26669700216478, 38.10500999756241], [-122.2688440024878, 38.11080799813366], [-122.27176800334793, 38.11190599838501], [-122.27408000363059, 38.11097199758434], [-122.27698500190326, 38.10982299921644], [-122.24749900259026, 38.07745799843466], [-122.25183700261955, 38.07070099825568], [-122.25423700270922, 38.07321799970916], [-122.25908100213653, 38.06902099978779], [-122.27038100249959, 38.06762099867421], [-122.26928100228626, 38.07222099923962], [-122.28028200351922, 38.081119999262114], [-122.3012310045494, 38.10589499770552], [-122.34698600207065, 38.13282199952153], [-122.40399900400236, 38.15258099973353], [-122.40625600213863, 38.155650997535005], [-122.40684300419238, 38.15568199848251], [-122.40757000155807, 38.15571899802426], [-122.3990630032122, 38.13954399797884], [-122.44990200473596, 38.115468999015945], [-122.45766900367335, 38.11689499886372], [-122.48303200328932, 38.11345799860512], [-122.48807800474916, 38.108974998227914], [-122.48894600160412, 38.106936998780014], [-122.48655900194446, 38.10052699731447], [-122.48569200434248, 38.10052399958849], [-122.48440300179833, 38.07715099974255], [-122.48607600175917, 38.068772998702], [-122.48612600438402, 38.06844199928724], [-122.49092900393198, 38.05855199817378], [-122.49269100402479, 38.05077299836164], [-122.49200600323319, 38.04855699979249], [-122.49892800461463, 38.04831999813798], [-122.49907400229993, 38.047848999415535], [-122.49938300450066, 38.0453469985578], [-122.49866900478932, 38.04795899763295], [-122.49307100382626, 38.047716998053254], [-122.49805600305065, 38.036011998778044], [-122.49749900483305, 38.01917199878111], [-122.5034220030566, 38.01610099811095], [-122.489370003142, 38.01471399724716], [-122.48066900254179, 38.00718799883186], [-122.47405900491172, 38.00634999829623], [-122.47376400374495, 38.00564199737304], [-122.47122300246734, 38.0050649987914], [-122.46951100423038, 38.003239998007935], [-122.46604400279362, 38.00435899908791], [-122.46503300358249, 38.00316599840759], [-122.46249200407321, 38.003173997814415], [-122.4614810014105, 38.00073099755677], [-122.45568900200306, 37.99704499721038], [-122.45562600294278, 37.99695599797095], [-122.45553300177474, 37.996629998997854], [-122.45283100181138, 37.99286999801571], [-122.45119500246247, 37.99250199823217], [-122.44872400261913, 37.9895989978433], [-122.44714700488981, 37.986151999368545], [-122.4484490027694, 37.98419399974015], [-122.45190400430083, 37.982747997647785], [-122.4557070020858, 37.980405997749656], [-122.46293300407262, 37.9814849995906], [-122.46547600492697, 37.98478699823475], [-122.47044900388596, 37.98400599716312], [-122.47438300289944, 37.980493998857014], [-122.47487700405676, 37.978767999810806], [-122.47488500265607, 37.97775899763655], [-122.47573600172501, 37.976484999246], [-122.47505300182576, 37.97570499801963], [-122.47468600429764, 37.97543399939239], [-122.47494300353904, 37.97505599708156], [-122.47601100333337, 37.97504699776553], [-122.47732700248058, 37.973877998210234], [-122.4789730024862, 37.97455999750996], [-122.4793770046478, 37.97488999963239], [-122.4794160040035, 37.97478899847036], [-122.47806600318475, 37.97379499715644], [-122.47797400450374, 37.97349199884656], [-122.47679200461378, 37.97268199851107], [-122.4770670030515, 37.97148199752967], [-122.48470800222702, 37.97109999804848], [-122.48514900147485, 37.97033399711843], [-122.49145700485604, 37.97073899889015], [-122.49276100479477, 37.96994399835765], [-122.49632000228355, 37.970988997938115], [-122.50100900317183, 37.96925999944779], [-122.50267800328638, 37.96850099743068], [-122.50378600199014, 37.9684059980128], [-122.50556600449121, 37.9677369997762], [-122.50574700246105, 37.967446999127226], [-122.50723200450578, 37.966830997798645], [-122.50688400267542, 37.9672189987936], [-122.50816700211313, 37.96673199767334], [-122.50848500168719, 37.96637599731591], [-122.51128300303864, 37.96809699702122], [-122.517662001547, 37.969351999387996], [-122.51917800228632, 37.96940499882088], [-122.51837600150724, 37.96921099735235], [-122.51822300335745, 37.9687089979309], [-122.51701600383653, 37.96856399830806], [-122.51678000382664, 37.96892099966181], [-122.51310200146999, 37.96814899888838], [-122.51323700269893, 37.96771599964011], [-122.51359900435392, 37.96779499870306], [-122.5147100045401, 37.96615899873074], [-122.51469300215234, 37.96560699982844], [-122.51347900472366, 37.96637399930663], [-122.51316300491317, 37.96634199729926], [-122.51286100468366, 37.96806999943179], [-122.51142200309765, 37.96788899718456], [-122.51006500229961, 37.96671299969362], [-122.50771600147858, 37.966037998718946], [-122.50424300461974, 37.96780199867516], [-122.5037480043413, 37.96793899739397], [-122.50339800201695, 37.96779499781761], [-122.50319500437716, 37.967886998870064], [-122.50247900228663, 37.96811899827687], [-122.50013200400628, 37.968967997014694], [-122.50032200240324, 37.96843199900722], [-122.50004400233398, 37.968455999123236], [-122.4997360021966, 37.96926199754891], [-122.49855400411049, 37.96981199825069], [-122.49743800181218, 37.97043799788091], [-122.49519900183817, 37.97022099802722], [-122.49534100225986, 37.966932999152085], [-122.49072000261754, 37.96538699751527], [-122.48996200156566, 37.96440399730985], [-122.49014900496647, 37.96083999888235], [-122.49102900443002, 37.96017999855641], [-122.48625800319873, 37.94656099718912], [-122.48352600274697, 37.94630499912211], [-122.4833780030277, 37.94573599886281], [-122.48100500245798, 37.9453219981961], [-122.47816800329811, 37.942871999624124], [-122.47743100371304, 37.942581998652095], [-122.48100200280918, 37.94238599715521], [-122.48297000198419, 37.940539997741936], [-122.48407800232731, 37.94085999732939], [-122.48546000238785, 37.93988799731579], [-122.48722500410949, 37.93882599910229], [-122.48893700369075, 37.93694599973046], [-122.49189100266038, 37.93792099939936], [-122.49228600186719, 37.9391899978689], [-122.49333200282452, 37.93841899863962], [-122.49750900327194, 37.93991499813011], [-122.49866800144052, 37.94175499714841], [-122.50234400274886, 37.94285799847481], [-122.50484400416224, 37.94386599738388], [-122.50737200468265, 37.94466699787343], [-122.50953700176233, 37.94643799855269], [-122.50997900390641, 37.945844998987624], [-122.50861000240802, 37.94500799765545], [-122.50944100255991, 37.943534997423406], [-122.51230400398438, 37.94327699726959], [-122.51409600209729, 37.94418799738998], [-122.51472200232779, 37.94393099919766], [-122.51487300437091, 37.94406399874295], [-122.51683300240428, 37.943086997868335], [-122.51774900207117, 37.94218599929889], [-122.5181370022254, 37.94206499824191], [-122.51934200440334, 37.94193999844843], [-122.52051500259081, 37.94329599712941], [-122.52109600274619, 37.94255399834675], [-122.52112000140434, 37.94210299806964], [-122.52843600290434, 37.94472499969998], [-122.52870000474834, 37.94465599754553], [-122.53057700183763, 37.943541997416844], [-122.52905200278862, 37.94364699935577], [-122.52845300328215, 37.943771999245286], [-122.52431000292962, 37.94195199785962], [-122.51884100366169, 37.94074299805257], [-122.51918500218459, 37.940323999397734], [-122.51956000480666, 37.93956999828889], [-122.5164910049025, 37.94116099864691], [-122.51590700284541, 37.94132899909016], [-122.51491800273865, 37.942966999379465], [-122.51383300209513, 37.943346998795775], [-122.51071800210003, 37.94206099723741], [-122.50822300226558, 37.94202499804733], [-122.50533800267903, 37.94196499933194], [-122.50479300363416, 37.941741997819896], [-122.50551700343621, 37.93833899908592], [-122.50456200181942, 37.93222699957586], [-122.50325400204296, 37.93153699804862], [-122.5028720023486, 37.928739998459555], [-122.500022004175, 37.925436999409364], [-122.49834800257919, 37.92479699885099], [-122.49686600408863, 37.92350099788405], [-122.49600500214427, 37.923146999032575], [-122.49461900482748, 37.92183599881563], [-122.48912400272992, 37.92073999786185], [-122.48588100356827, 37.92089499894163], [-122.4856160028116, 37.92066699840143], [-122.47852700365966, 37.91614999712684], [-122.47511800437242, 37.91697699975243], [-122.47266100157053, 37.908062999464235], [-122.47318600433445, 37.90776199859146], [-122.47411600261844, 37.9063439988497], [-122.46847500415323, 37.90066899731576], [-122.46676000463549, 37.898102999059276], [-122.46186300491095, 37.89755599902764], [-122.4597400017858, 37.8948459985984], [-122.45466600439936, 37.89405199741673], [-122.45259400385332, 37.89412499754755], [-122.4503540015344, 37.89390099923766], [-122.44875500454992, 37.89411699928794], [-122.44410100305778, 37.8871639975056], [-122.44396400481655, 37.886288998469816], [-122.4378130040952, 37.8821969971928], [-122.43930600270374, 37.880096997963264], [-122.44116900248684, 37.88106999980548], [-122.44334400374854, 37.88000899932721], [-122.44436100341154, 37.87852999964096], [-122.4433440045054, 37.87611199900557], [-122.44460700493173, 37.87602099847066], [-122.4458490037549, 37.87540199883474], [-122.44769200285846, 37.87508799839173], [-122.44919900469621, 37.87441599877097], [-122.44893500335944, 37.8733639997757], [-122.45025500249643, 37.87215699966724], [-122.4515320025867, 37.87214599812981], [-122.4534900022195, 37.87286999835298], [-122.45380300301042, 37.87285599712393], [-122.45534600379027, 37.87298299786282], [-122.45634800354819, 37.87256999747828], [-122.45662500446905, 37.87289499760399], [-122.4568760027762, 37.87282099759299], [-122.45706600403597, 37.87214399904066], [-122.45679900259616, 37.87169199879611], [-122.45683300441317, 37.8712879989967], [-122.45772300252884, 37.87147799750694], [-122.458559001908, 37.87216599955356], [-122.45993000383898, 37.87341999702709], [-122.46018300304492, 37.87417999821272], [-122.46310500195223, 37.872807997217706], [-122.46232900263776, 37.86873199807384], [-122.46085100216247, 37.86778099929031], [-122.45967500166707, 37.86626199741943], [-122.45830900283947, 37.865442998192016], [-122.45813900377587, 37.86288499814354], [-122.45792600354676, 37.86218899778361], [-122.46003500341085, 37.86283099919504], [-122.46377300159902, 37.8654169978085], [-122.46493500167884, 37.86668899985905], [-122.46991000384651, 37.869606999359426], [-122.47337900343122, 37.87500499735521], [-122.47401300287288, 37.87606299918852], [-122.47408700202254, 37.8775259980858], [-122.47224300152936, 37.879875997121204], [-122.47114700417397, 37.88086699942759], [-122.47188200458685, 37.882940999333], [-122.47403600361852, 37.8855689982999], [-122.4773120027027, 37.887978998390835], [-122.4792580022077, 37.88905499913184], [-122.48089100274844, 37.88949699898126], [-122.48255000469055, 37.89055899980772], [-122.48320300292293, 37.89028999950127], [-122.48661000337016, 37.89325899726988], [-122.48705600367126, 37.8940389974377], [-122.48901600243406, 37.895414997671395], [-122.49120600422744, 37.89494799843725], [-122.49207100198102, 37.893950999467194], [-122.49436600257964, 37.89376599972221], [-122.49517200267374, 37.89405399951593], [-122.49651700236466, 37.893903998748684], [-122.49883500254563, 37.89371999977784], [-122.49971800483691, 37.89430399795893], [-122.50018300482154, 37.894377997693184], [-122.50108400207164, 37.89712699774782], [-122.50050100220747, 37.8971649988338], [-122.49953900205351, 37.89527299892535], [-122.49901100167519, 37.895582998434655], [-122.49995000150506, 37.89740499815851], [-122.50067200206003, 37.89781499783666], [-122.50173400252451, 37.89784299772086], [-122.50203300332487, 37.897808998766024], [-122.50187900254853, 37.89634599771786], [-122.50234700476412, 37.89612299933612], [-122.50234400356253, 37.89533399865995], [-122.50329800147061, 37.89548899744552], [-122.5042630018238, 37.894369998060284], [-122.50411400414835, 37.89380199803175], [-122.5032730046084, 37.892695998118405], [-122.50386200407475, 37.89089999939247], [-122.50330500416149, 37.88944499837836], [-122.50142200399341, 37.88826699903841], [-122.50135500253246, 37.888056998045954], [-122.5008220045509, 37.88689899918073], [-122.50164900332841, 37.88552299921392], [-122.49970400211772, 37.882854998243815], [-122.49836600353572, 37.88217599850959], [-122.49667200380281, 37.879772997922416], [-122.49670400222136, 37.87734699765892], [-122.4990730017548, 37.8777429979993], [-122.50112100325367, 37.880070997643905], [-122.50404700350684, 37.88077799942462], [-122.50354800411688, 37.88193999950324], [-122.504385002357, 37.88306999752387], [-122.50725800202437, 37.883850997618204], [-122.50887200320939, 37.88286999840891], [-122.51126500385756, 37.88363999723386], [-122.5119550020768, 37.88504399927851], [-122.50936200356678, 37.886130999578626], [-122.50893500377649, 37.88716999787747], [-122.51223300270773, 37.88886499831939], [-122.51500200417887, 37.885973997327255], [-122.51656700427318, 37.886085997786985], [-122.51679100489179, 37.88614999762857], [-122.5170270048554, 37.886166997599915], [-122.51799800460464, 37.88839799830717], [-122.51853200245773, 37.88819099780167], [-122.51970500422573, 37.88909999722487], [-122.51953900472951, 37.889503998714055], [-122.51856800411413, 37.889256997997414], [-122.51770500235037, 37.891852997392334], [-122.51823400206807, 37.89276499820363], [-122.5201630028157, 37.89130799795259], [-122.51933800363763, 37.890261998372495], [-122.5199770025494, 37.8897299972968], [-122.52118700328055, 37.89091899799525], [-122.52243000413266, 37.892068997984], [-122.52202700349196, 37.8926079971002], [-122.52324600222279, 37.89319499874083], [-122.52287700241928, 37.89379399818737], [-122.52340700325458, 37.89564099876661], [-122.52420300210112, 37.896263997437224], [-122.52496100464992, 37.896932999561166], [-122.52471900319726, 37.894098997294876], [-122.52378600225495, 37.89215399915506], [-122.52530900274333, 37.89191899741823], [-122.5230850028861, 37.89122599942267], [-122.52286300184888, 37.888634999224294], [-122.52089300333948, 37.88742299951308], [-122.5205480036601, 37.8863529996582], [-122.52186700319693, 37.88612499952038], [-122.52206600378032, 37.885288997346564], [-122.51970100216052, 37.883720998774876], [-122.5184600024733, 37.88314099947898], [-122.51899100146345, 37.882781998881484], [-122.51253500157681, 37.880707999646425], [-122.51303600313324, 37.87933299793412], [-122.51123100305972, 37.87661799715249], [-122.50670900240927, 37.87402199942516], [-122.50620000141893, 37.87373799737257], [-122.50743800366432, 37.87516899934976], [-122.50717400213861, 37.87524699939163], [-122.50530100433645, 37.873790998636885], [-122.50533600205138, 37.87425399708306], [-122.50690800175653, 37.87556799771415], [-122.50642300456109, 37.87611599840661], [-122.5056200041047, 37.8761879992943], [-122.50375300485408, 37.87515499966519], [-122.50312900208748, 37.87357899882127], [-122.50308400173482, 37.87271499935855], [-122.49948200271373, 37.87096299828595], [-122.4983580037815, 37.871521999247015], [-122.49877900356176, 37.870482997744425], [-122.4983960043148, 37.870126997494125], [-122.4969150042422, 37.87058499704748], [-122.49714300349896, 37.869427999256196], [-122.4974280036838, 37.868276997831785], [-122.49688800261492, 37.86736399837117], [-122.49491400236268, 37.865818997853964], [-122.49470800261123, 37.86545499868628], [-122.4948410021122, 37.86506399946369], [-122.49408100409045, 37.864109998252104], [-122.49274400291998, 37.86349199710325], [-122.491132002894, 37.864144997560004], [-122.48965500484842, 37.86392599840025], [-122.48926500453115, 37.86342599974493], [-122.48960100189352, 37.862381999363095], [-122.48905200431103, 37.86207699959917], [-122.48700000227912, 37.861328998547755], [-122.48629600269662, 37.86153299924711], [-122.48558200260737, 37.86077999765586], [-122.48510300360893, 37.8597899986561], [-122.48356800442745, 37.85931299851814], [-122.4801460022594, 37.857860999394354], [-122.4798750048749, 37.857887998009986], [-122.47853300436313, 37.859397997933655], [-122.47803300247803, 37.8593369976955], [-122.47774500436617, 37.858857997186796], [-122.4783720032641, 37.85859199874214], [-122.47871200337829, 37.85788099744282], [-122.47830500158972, 37.85629599798704], [-122.47867000471503, 37.854855999181865], [-122.47880300261993, 37.852091999071405], [-122.47894700328435, 37.85119099783022], [-122.4798480036503, 37.849565998357015], [-122.47981100246626, 37.84774499829104], [-122.47972600384017, 37.84761699709388], [-122.47876600321516, 37.847403998967465], [-122.4776400024785, 37.846885997163625], [-122.47725100248189, 37.84562599809977], [-122.47778300313077, 37.84489999917256], [-122.47241100307139, 37.83827499737239], [-122.47262300405137, 37.83210699974852], [-122.47407300263036, 37.83380999941688], [-122.47799500169121, 37.833406998927046], [-122.47807200270402, 37.825945998902284], [-122.49118600356351, 37.82642799777231], [-122.49336800382585, 37.82347299959319], [-122.49885000441677, 37.82232799831383], [-122.49989000241098, 37.82182799778504], [-122.49958400432, 37.819747997407006], [-122.50313700377484, 37.82154099913387], [-122.50469100362999, 37.82155599933239], [-122.5051880020986, 37.82292799946233], [-122.51919000466721, 37.82545499766325], [-122.52404000228174, 37.824155998998414], [-122.525585004329, 37.82122799762476], [-122.52929600470203, 37.81915199741809], [-122.52748500486896, 37.8151279982713], [-122.52961800446538, 37.81576799950362], [-122.5324700019517, 37.821891997645416], [-122.53440800346684, 37.822853998158166], [-122.53544800208482, 37.82435599969697], [-122.53426100277095, 37.826582997842614], [-122.5400910045391, 37.83202899824226], [-122.54367500156498, 37.83226299897349], [-122.54805700423633, 37.83449199762195], [-122.54939000448475, 37.83478899938883], [-122.5505350035686, 37.839057998116665], [-122.55340700411439, 37.841894997380365], [-122.55594000214263, 37.8421899994698], [-122.55568200483265, 37.84461799858174], [-122.55972800379743, 37.8457249973524], [-122.55866000359131, 37.84785199960509], [-122.56059300223676, 37.848360999663], [-122.56289100374228, 37.85247999854041], [-122.56749100280149, 37.854059999087035], [-122.5703480037046, 37.85382699971986], [-122.57088500360909, 37.85492599936331], [-122.57395700264243, 37.85626699861524], [-122.57491200457602, 37.85855699865534], [-122.57784800338113, 37.859519997942996], [-122.57983200345437, 37.85960299860106], [-122.58102600389053, 37.857412998903804], [-122.58179500301026, 37.85699699716663], [-122.58243500487336, 37.85787299928144], [-122.5842680022944, 37.85896199949038], [-122.58484600235016, 37.85995999939333], [-122.58773300281771, 37.86105799938615], [-122.59076400407271, 37.8646829990443], [-122.59118200444018, 37.86450599811677], [-122.59852600427526, 37.87270499912232], [-122.60839000439019, 37.87781999749651], [-122.6212190014173, 37.877816999313204], [-122.62593000402138, 37.88098299707518], [-122.62904400292373, 37.88135999762187], [-122.62901000319091, 37.885295999794174], [-122.63847400436761, 37.89433899847613], [-122.65241300195608, 37.90223599869287], [-122.66417600267675, 37.90557099841931], [-122.68126400223801, 37.907127999509164], [-122.68095000221673, 37.90925899749148], [-122.67555100247235, 37.90764899764453], [-122.6701800019384, 37.90885799730432], [-122.66317200405203, 37.90857799766786], [-122.66026100259408, 37.90879199885454], [-122.65109200181101, 37.90555799827193], [-122.65165000265283, 37.90408299819408], [-122.64460200430635, 37.90058099939183], [-122.65063500283044, 37.90602499939206], [-122.65065800461245, 37.90607199789171], [-122.64711600160682, 37.91040699728236], [-122.63992700283903, 37.91259399856258], [-122.6345640032108, 37.912372999509046], [-122.62913700349401, 37.91790199768967], [-122.62884800364974, 37.91770399756794], [-122.62843300227964, 37.91838599837104], [-122.63670900317541, 37.92225399835227], [-122.64285500417041, 37.92995399814879], [-122.65679000483496, 37.939185998226854], [-122.6568330030188, 37.939396999608725], [-122.65733200177316, 37.94011999789877], [-122.65842600229202, 37.940959997553854], [-122.65958200306436, 37.94140699971846], [-122.68411200315977, 37.95847699822978], [-122.68482400181398, 37.96279799881888], [-122.69393600139136, 37.96843699825164], [-122.71079900339753, 37.95110499809875], [-122.7130810026318, 37.95194999845344], [-122.7137950042696, 37.95386899781351], [-122.71364500170763, 37.95422199847628], [-122.71576800241408, 37.958035997092274], [-122.71947700156586, 37.95909899913777], [-122.71957000437439, 37.96158699728475], [-122.72162700244259, 37.96291199837073], [-122.72374700145612, 37.96562599876588], [-122.72419700250549, 37.96505999901651], [-122.72930200411636, 37.96928399737595], [-122.73040300282473, 37.97115099802055], [-122.73407800355903, 37.971878998533136], [-122.73506200283595, 37.977662998066194], [-122.73671100272936, 37.97862199965985], [-122.73541800431528, 37.978661999727045], [-122.73801000402831, 37.98032799809793], [-122.7425620029811, 37.98623999756553], [-122.75098000368385, 37.991458998499624], [-122.75103800370805, 37.99083099767149], [-122.7586590046421, 37.99205499836898], [-122.75581200485678, 37.99689499720208], [-122.78486700174496, 38.02731899734012], [-122.78323800323582, 38.03339199720745], [-122.8044170021207, 38.06295899954316], [-122.80014900361354, 38.06559799976763], [-122.79987900295652, 38.073034998042004], [-122.79316900159593, 38.076873998183515], [-122.78545600365995, 38.075013999697866], [-122.78177100366413, 38.090493998694434], [-122.78491200335098, 38.095250997007], [-122.77788100154159, 38.09812399779078], [-122.76508400210501, 38.08751799886396], [-122.76044800334061, 38.08949399829102], [-122.75305800357026, 38.08689299739114], [-122.75232800197666, 38.09224199940498], [-122.74261200382368, 38.09226199843594], [-122.7413710034495, 38.09206999759795], [-122.73307000443822, 38.09753299811178], [-122.72187000160702, 38.110448998205044], [-122.71559400467198, 38.11363299890573], [-122.71188200352984, 38.12060799764376], [-122.70240100348427, 38.12274299766888], [-122.70045800193542, 38.121312998987314], [-122.69874900202066, 38.122214998198004], [-122.69879900363699, 38.140064999792294], [-122.6858590023849, 38.13497699921547], [-122.69239600157675, 38.13771399976604], [-122.68718300314333, 38.14497499727773], [-122.6808860032126, 38.14688999719813], [-122.68058400206888, 38.149243997338864], [-122.66394500436331, 38.14696099929143], [-122.66016800164448, 38.145116999093474], [-122.6495560020061, 38.147559997328976], [-122.64171900285577, 38.1454069991117], [-122.63679900262856, 38.1350119985181], [-122.62833400375224, 38.13055999787405], [-122.62475500387511, 38.12254499814434], [-122.61455000316634, 38.11970299957283], [-122.61355700459656, 38.12131599936564], [-122.61329600161832, 38.12376699954585], [-122.61237000471942, 38.124881999007734], [-122.60642400401963, 38.13760399860985], [-122.60637200401413, 38.14653899900366], [-122.60329200344447, 38.145983998323025], [-122.59920500354133, 38.14770099872261], [-122.59601900324512, 38.14574799781789], [-122.59329200175551, 38.14567899937879], [-122.59310500189545, 38.14680099905667], [-122.59620500207414, 38.16861499821346], [-122.60560900345057, 38.17437899834738], [-122.60777900182195, 38.17462199789099], [-122.60876200160509, 38.174822998274244], [-122.61308300364044, 38.175296997230156], [-122.61488400187002, 38.175654998493926], [-122.61937900440171, 38.17892599835676], [-122.61762300314783, 38.1824839973199], [-122.60654700447242, 38.18021999742588], [-122.59509600340243, 38.1885009970812], [-122.59205800213802, 38.18721299756779], [-122.58206400461049, 38.18611299839116], [-122.58090400427024, 38.18733099910807], [-122.58421000251685, 38.1955599986315], [-122.58423400331766, 38.19566999902481], [-122.58642400414801, 38.206661997175196], [-122.59851500281475, 38.205715998096835], [-122.6077420019035, 38.22212899948853], [-122.61108400321896, 38.22483599879425], [-122.61075800328783, 38.22517299893833], [-122.61091500429542, 38.22653299744689], [-122.61319300199717, 38.22785099843603], [-122.61390100315741, 38.22805599828108], [-122.61416200488819, 38.22847999790465], [-122.6169530045649, 38.23252599844825], [-122.61782400468941, 38.2332219992452], [-122.6170880040724, 38.23319999813575], [-122.6170920014619, 38.23448499868939], [-122.61770800380593, 38.2352209986023], [-122.61821500139575, 38.23498999793394], [-122.61854000480898, 38.23561099908031], [-122.61942900141007, 38.2365159984086], [-122.62138400462827, 38.24029899894663], [-122.62313700182082, 38.24358399940773], [-122.62544600215108, 38.24570499757543], [-122.62762100280254, 38.24691099907969], [-122.62767400293781, 38.246937997935134], [-122.63435900162278, 38.25039199831462], [-122.63707300416998, 38.24781199893596], [-122.6376980017335, 38.247741997960965], [-122.63771000376612, 38.24791399759377], [-122.64127500419791, 38.25153799926535], [-122.64189600287395, 38.25168399868292], [-122.6423210021427, 38.25213999743685], [-122.64592000175936, 38.2531179975134], [-122.64834700297713, 38.25513799795323], [-122.6504960022091, 38.25516699725192], [-122.6515390028523, 38.25592599775717], [-122.64979300419327, 38.257729998366415], [-122.65944000184831, 38.263357997344315], [-122.65901600416991, 38.2638349970907], [-122.65807200183816, 38.265316998304435], [-122.65908900419764, 38.26413899927757], [-122.65986000339653, 38.2637089984188], [-122.67021400201709, 38.26980299711881], [-122.67045900213371, 38.26960699769749], [-122.67342600404488, 38.27150099779024], [-122.67670200417083, 38.27454299887081], [-122.67537100310936, 38.27606499728777], [-122.67523400201343, 38.27622699947625], [-122.67146000244755, 38.28067799764549], [-122.66865400274375, 38.28446299727058], [-122.66632600150768, 38.28317699838147], [-122.66429400273059, 38.28638799940782], [-122.66385000441895, 38.289163997068066], [-122.66281400179463, 38.28958799838474], [-122.66259700260673, 38.28977699722437], [-122.66224900419795, 38.28917099806652], [-122.6619260020863, 38.28967699714127], [-122.6611220028088, 38.28985499867769], [-122.66050400187713, 38.2895159986138], [-122.65866900386057, 38.29005899850003], [-122.65698900255204, 38.29081899955103], [-122.65538900402909, 38.29194799956741], [-122.65428500149868, 38.29401299884863], [-122.65437200342723, 38.294356998430075], [-122.65956300396319, 38.297232998148964], [-122.65154100387174, 38.30638799759089], [-122.64925700458463, 38.305468997128884], [-122.64378200302546, 38.31145799718629], [-122.63149300221184, 38.30532699851021], [-122.61395900139551, 38.32262899769724], [-122.61591400436753, 38.32501199733905], [-122.59504600271488, 38.32947999975487], [-122.59623500370942, 38.3329789996633], [-122.58976500221841, 38.335755997975795], [-122.57478700419539, 38.32691599846841], [-122.57342800382519, 38.32743399754895], [-122.56638300224866, 38.3285589986273], [-122.56668400185585, 38.32952099878049], [-122.55481600461636, 38.330990999125085], [-122.53517700252266, 38.33872699813139], [-122.53990000231855, 38.333541997506224], [-122.53279000470508, 38.324836999537716], [-122.53271800414136, 38.32744899863145], [-122.52560600453172, 38.3252339982135], [-122.52424700172105, 38.33010399968969], [-122.52368300396579, 38.3303209972678], [-122.52332200344827, 38.333035997153914], [-122.51896800325419, 38.33368099744248], [-122.51576000151633, 38.332779999371205], [-122.51108600292156, 38.33524799825057], [-122.51281900485611, 38.33858799917965], [-122.51045100486364, 38.33941899876216], [-122.50762600322732, 38.339904997138575], [-122.49679300353614, 38.3425279973306], [-122.4923930043836, 38.33790699762525], [-122.48748800190411, 38.34271399912504], [-122.48004400264644, 38.34239499949667], [-122.4792230044758, 38.34433199734707], [-122.47813700478063, 38.34401799697826], [-122.47655400397028, 38.346043999301884], [-122.47926600457619, 38.3466599991273], [-122.47650400332616, 38.34970499923208], [-122.47653900275535, 38.35493899808823], [-122.47423400371525, 38.354231998337326], [-122.47403600217064, 38.35653399746824], [-122.46942500191022, 38.36369499754665], [-122.46977800146836, 38.368023999371], [-122.46305800498924, 38.36842499890049], [-122.4608520046242, 38.37366099739201], [-122.45820100383723, 38.37227799723546], [-122.45743600294591, 38.36863199936191], [-122.44789400160332, 38.37930599813557], [-122.46910700156398, 38.39435999764117], [-122.47016600380736, 38.40493699840716], [-122.47616100450202, 38.40852699853834], [-122.4975920031753, 38.42451099911972], [-122.49654500405846, 38.425798999345815], [-122.49139200253367, 38.43441099881305], [-122.48710800455945, 38.43171899753081], [-122.48674000147665, 38.433462997559836], [-122.47954400389594, 38.44313099956508], [-122.48299200367308, 38.45270999869262], [-122.49209200275064, 38.45450999731781], [-122.47244700419672, 38.454669999207454], [-122.43813100271586, 38.44983099716944], [-122.43180500145502, 38.456631997260786], [-122.43319800435346, 38.459953997957676], [-122.4303820020939, 38.468563998929916], [-122.4276700048814, 38.469956999504255], [-122.4264750044489, 38.468755998293545], [-122.41207300160552, 38.464650998143576], [-122.39878500161613, 38.470980999163835], [-122.4064740027325, 38.487065999131794], [-122.40439600435705, 38.48691099952695], [-122.40365900232004, 38.48786099822235], [-122.3988210037361, 38.48690399931609], [-122.39279500239854, 38.48764799748365], [-122.37672100178862, 38.48070399827339], [-122.37211200422871, 38.479803997699385], [-122.37218800448173, 38.47901899795512], [-122.3715440022601, 38.479097999571124], [-122.37114200338738, 38.47955799938965], [-122.36928100261986, 38.48122499892503], [-122.36656400195172, 38.48059299742501], [-122.36467600167077, 38.481658998529575], [-122.36137200416404, 38.48181099891776], [-122.3601410034516, 38.481613999126836], [-122.358234002617, 38.483084997158635], [-122.35694300402854, 38.48318499812665], [-122.35481000230568, 38.484316998585534], [-122.35340700301812, 38.48701499852303], [-122.33071000268605, 38.49279199718038], [-122.32262000153047, 38.48995299791799], [-122.29621100264112, 38.48802299965989], [-122.29306700342732, 38.50410399740501], [-122.26383600291726, 38.507000999483104], [-122.25675900375865, 38.500290998205244], [-122.25632000260266, 38.49992999822512], [-122.25638400382608, 38.49926399849771], [-122.25630400151205, 38.49900099872694], [-122.25593000490802, 38.4986899975807], [-122.25503400307576, 38.49825799751322], [-122.25438500354262, 38.497419999256586], [-122.25347200215339, 38.49695099943445], [-122.25255000355243, 38.496724997264806], [-122.2512450033494, 38.49659199830172], [-122.24227800258537, 38.49618599851358], [-122.23832600192549, 38.50404799809033], [-122.23602800377574, 38.50742299860727], [-122.23454600184174, 38.50845499978169], [-122.23353500201985, 38.510688997872926], [-122.2316950023279, 38.512046998698345], [-122.2305730033353, 38.51221299730941], [-122.22918200171623, 38.511355997343074], [-122.22433400370468, 38.51114199933254], [-122.21958600477505, 38.508698999222176], [-122.2146160019785, 38.507914999569955], [-122.21538200302706, 38.522525998636226], [-122.23831200391442, 38.54085899810619], [-122.25580500369682, 38.54044799818353], [-122.26864000449142, 38.54586199771885], [-122.31475600311471, 38.61085899958665], [-122.31432800269097, 38.61094599843699], [-122.31076300146849, 38.60995299747724], [-122.30682200479758, 38.61102299926613], [-122.30682800352133, 38.612920997900545], [-122.30479500472748, 38.61650499762305], [-122.30065900422679, 38.61702599937882], [-122.29938700384055, 38.61628499928626], [-122.29624800230013, 38.616264997857115], [-122.29479000217411, 38.61773299759462], [-122.29343600364706, 38.61685499920654], [-122.29219400345558, 38.617021997908566], [-122.28943900478353, 38.6160969976552], [-122.28920000458335, 38.61844799715103], [-122.28968800347275, 38.630605998367145], [-122.29155500200254, 38.628003998240956], [-122.30447200347739, 38.62991399725204], [-122.30042400239162, 38.63679999940521], [-122.31900300327383, 38.65339699908636], [-122.31659400314838, 38.655645998417654], [-122.33407500368169, 38.66517299696774], [-122.3342050048719, 38.66610399695078], [-122.34956200194607, 38.67912599866908], [-122.37997000241351, 38.704817997698385], [-122.3841900021541, 38.70570399939521], [-122.39349000372252, 38.71750399804766], [-122.3921690043571, 38.72300499886069], [-122.40352500328777, 38.751040997192014], [-122.41624300263042, 38.7488149995294], [-122.41579000184932, 38.76800199834678], [-122.4028900037359, 38.77290199844499], [-122.41086800262664, 38.77665499965644], [-122.40354300457723, 38.800336999258086], [-122.37938900373977, 38.80210099890615], [-122.3734890014812, 38.81700099832991], [-122.40119600383908, 38.8529559985371], [-122.4026350022624, 38.85454699797346], [-122.40323600250622, 38.85641499962871], [-122.39505700358048, 38.86424499875645], [-122.3946410019594, 38.86396299860781], [-122.39215200222215, 38.859443999106055], [-122.3822280031887, 38.85054499709159], [-122.375185004846, 38.8484599983983], [-122.37302400254339, 38.84573999743474], [-122.34996400331626, 38.83575299781928], [-122.34462400477474, 38.839515997587434], [-122.34408200292086, 38.84044099736092], [-122.3302620025862, 38.84474899911344], [-122.32016500384317, 38.84266799922613], [-122.29051700403278, 38.83966999849871], [-122.27731200289912, 38.812471998392034], [-122.2637430044626, 38.80120199871966], [-122.2523030020265, 38.755700997616046], [-122.23144100317987, 38.73890599916047], [-122.22449200254071, 38.699432998507], [-122.21660900295925, 38.696953997920716], [-122.20246100404711, 38.68897599923453], [-122.19883500205344, 38.66721399772498], [-122.18058800428666, 38.65759999758796], [-122.16689800186896, 38.65595599964991], [-122.16502100470075, 38.64243299853475], [-122.16163800209685, 38.63729699787297], [-122.16732100308461, 38.631781997236324], [-122.16795800502574, 38.61937199822024], [-122.15418900484552, 38.624261999286624], [-122.1387140016224, 38.610128997200356], [-122.12087900415123, 38.549985998915595], [-122.10331700209336, 38.51357099856021], [-122.10329200294568, 38.513282997715876], [-122.10348400361153, 38.511906999503516], [-122.10572500209153, 38.49417099976512], [-122.1294820046486, 38.43106199740252], [-122.08588100430295, 38.37941099834807], [-122.06921500380001, 38.35097799925737], [-122.06910200264225, 38.339707999517884], [-122.06145900237833, 38.32972699856698], [-122.06144800347433, 38.32885199870751], [-122.06141800193828, 38.33025599811536], [-122.0594360019387, 38.33154399815066], [-122.05828100464194, 38.3364029980938], [-122.04996400340505, 38.33956399841253], [-122.04223600388845, 38.333243999575444], [-122.02824200424016, 38.33541799701052], [-122.02513300416345, 38.32529999820762], [-122.01793700459051, 38.324182998384025], [-122.0177080015539, 38.33180699840046], [-122.01306000282834, 38.33262599909674], [-122.01437300253909, 38.33880999817696], [-122.01229000299824, 38.341243999354404], [-122.00236500261526, 38.34228399942279], [-122.00097700376058, 38.34213599920453], [-122.0020760015126, 38.33068299945691], [-122.00489400382845, 38.330764997999516], [-122.00503300497395, 38.31571199892545], [-121.9741540033462, 38.315838998781544], [-121.97086900418746, 38.31577999852243], [-121.97027800254635, 38.30332099852014], [-121.96977600321497, 38.30201199919331], [-121.96939000312913, 38.284592997207824], [-121.95958200499037, 38.28991699857904], [-121.95146000248032, 38.297600999686296], [-121.94864500358419, 38.301939997899794], [-121.94747500347844, 38.30151099962285], [-121.9334990035425, 38.30151199792699], [-121.93385900432033, 38.30871199757553], [-121.91543400212338, 38.30831099720434], [-121.91458900371433, 38.28670999964127], [-121.89653900412274, 38.28656799742148], [-121.8362450025273, 38.28600999941579], [-121.82340000157946, 38.28653599767193], [-121.82307000192628, 38.307506997803756], [-121.82322800220552, 38.334818998007094], [-121.89696900335315, 38.337091998502906], [-121.89693600498943, 38.346195998538704], [-121.89517800325319, 38.416219997831455], [-121.89739800375216, 38.41632699793965], [-121.8978700025715, 38.41668099973061], [-121.89361100230381, 38.419577997540124], [-121.9023450046622, 38.4252869977022], [-121.91142300285362, 38.44107199795381], [-121.91551400245045, 38.44220699781094], [-121.91616700408437, 38.45321199928372], [-121.93927300399898, 38.453312998314054], [-121.94037400307575, 38.45331699939992], [-121.94117800199227, 38.46040799857963], [-121.91554400303009, 38.460608997846855], [-121.91554300449495, 38.46761499847166], [-121.92373200422772, 38.46777699822007], [-121.92433400189074, 38.499578997518626], [-121.92757800504707, 38.5032069976276], [-121.93207800202624, 38.50180699762077], [-121.94685900321403, 38.528640997476025], [-121.9456670037215, 38.52962399954379], [-121.94383000489984, 38.53280999894893], [-121.94294400351801, 38.533440998097326], [-121.94177100205464, 38.533686997560416], [-121.94023200351799, 38.53335199750413], [-121.9382480019054, 38.53332499887566], [-121.93361800403241, 38.53179199849761], [-121.93139900495432, 38.53100999881131], [-121.92647000169246, 38.530130998618766], [-121.92563500389907, 38.529977999022286], [-121.92391000229065, 38.53011499956894], [-121.92274200462606, 38.52982699837996], [-121.92085400342164, 38.530178999400306], [-121.91004000379789, 38.52975499961441], [-121.90068100412293, 38.53287499937015], [-121.89512600247082, 38.53350699929157], [-121.8932370040647, 38.534209998383965], [-121.88964400349603, 38.53775799896987], [-121.88505500476502, 38.539246999180605], [-121.87497000448016, 38.538121999343566], [-121.87218700330429, 38.538647997571964], [-121.86641800507941, 38.53729999933977], [-121.86506800178537, 38.53777799855896], [-121.86242000210052, 38.53847399843412], [-121.85806000351329, 38.53804699797941], [-121.85387300312274, 38.536847998773275], [-121.85121900254273, 38.536853998820995], [-121.81041900479168, 38.52537599724425], [-121.80347900266545, 38.52695599872262], [-121.80299100311682, 38.526955997585816], [-121.80201300157422, 38.52713799761955], [-121.79944300335262, 38.527410998196814], [-121.79758300166907, 38.527072999731985], [-121.79499100215759, 38.52719099714712], [-121.79036200443801, 38.524856997609064], [-121.78619600307918, 38.52318199775364], [-121.78410700386343, 38.523344998126184], [-121.783273003095, 38.52781999910876], [-121.77264400456271, 38.53201999699394], [-121.76869800198764, 38.53122099873107], [-121.76756100243814, 38.52612799840203], [-121.76170800377271, 38.52691199861861], [-121.75446300456372, 38.53021399720728], [-121.74851500375516, 38.53109599706566], [-121.74859100398092, 38.53137599743344], [-121.7409770044997, 38.539942999134574], [-121.73934400151627, 38.53961599843291], [-121.73905500156135, 38.53804199801892], [-121.73853500347641, 38.537842998844745], [-121.73845000246047, 38.53782199766227], [-121.73422100236535, 38.53708499779596], [-121.73253300466448, 38.5361539990142], [-121.73087900160597, 38.535986999797245], [-121.72898400496636, 38.53586699814375], [-121.72815000180401, 38.53603799735848], [-121.72565900459162, 38.53620199832612], [-121.72302100469653, 38.53493299887065], [-121.72068700311102, 38.53493999945548], [-121.71338500446988, 38.53773599830469], [-121.71165400257847, 38.53806799938243], [-121.71009400177314, 38.535882997482844], [-121.70779700290664, 38.53616399772185], [-121.70629900343266, 38.53323099874477], [-121.70060900178282, 38.52717699711271], [-121.69464500303232, 38.52702599765855], [-121.69512000167903, 38.518938997840245], [-121.68443000486515, 38.518357997772945], [-121.67233900398924, 38.513444999003454], [-121.65258300256524, 38.51204299814264], [-121.65170700353349, 38.51162499980133], [-121.64169900308721, 38.51718499816114], [-121.63226200499811, 38.513549997642386], [-121.63060600233766, 38.51462099969733], [-121.62359800457294, 38.51403799755412], [-121.61167700403338, 38.513406999118075], [-121.61176700404475, 38.515756998746724], [-121.5888330047801, 38.51569399811925], [-121.58921300177387, 38.4735449970978], [-121.58532800458778, 38.47388299750698], [-121.58499100162098, 38.47362399950127], [-121.63928800212672, 38.3561359976388], [-121.64085400403732, 38.35109799819326], [-121.64622500303179, 38.341481998002884], [-121.6533550044916, 38.31338699970298], [-121.65162800370126, 38.31341399877523], [-121.59441900346947, 38.313166998095035], [-121.59434900475604, 38.313081999282225], [-121.5940430020865, 38.31309499792919], [-121.59280200280739, 38.31306399707766], [-121.59874900502145, 38.310069999521836], [-121.59761000165221, 38.30677099807228], [-121.59998400486847, 38.30418499855147], [-121.59994600407826, 38.30152999972351], [-121.6052600047327, 38.29656099755368], [-121.60384000503012, 38.2910149997178], [-121.60488200483272, 38.287093997078536], [-121.60691300280456, 38.28640199733476], [-121.60732200185996, 38.28629199942133], [-121.63289300349534, 38.29234199752014], [-121.64415300362357, 38.28764399855324], [-121.6386200023002, 38.27585199952573], [-121.64478700247481, 38.26344099905882], [-121.65236600505956, 38.25960899848744], [-121.65573400318421, 38.24761499733533], [-121.66674700272841, 38.237685998558035], [-121.66798400476313, 38.23187899834587], [-121.67425300467461, 38.22736999723095], [-121.66188700184576, 38.209489997615655], [-121.65539900202842, 38.20716799780214], [-121.6581260032089, 38.183162997622766], [-121.65700100379905, 38.18302099850414], [-121.66230900504397, 38.182101999176425], [-121.66462200263517, 38.18063899868359], [-121.66698600263257, 38.177035999592455], [-121.66714900164304, 38.17658199927772], [-121.67014700264836, 38.17370999817453], [-121.6778160047097, 38.164733999419056], [-121.6821190030448, 38.16200999865918], [-121.68547500408629, 38.15969799976894], [-121.67926500364638, 38.15657299803443], [-121.67717300255633, 38.15569299930539], [-121.67870300426887, 38.155840999526504], [-121.69068100245964, 38.12303499946896], [-121.68372300182294, 38.12316499845965], [-121.68333100337117, 38.103328997660824], [-121.68481800492594, 38.08745999937661], [-121.68351700186876, 38.087260999013715], [-121.68272700464202, 38.08872699933361], [-121.68203100235982, 38.091370997081064], [-121.66988000429555, 38.09872799893335], [-121.65485600227873, 38.09839499900021], [-121.64616400243568, 38.09379299715386], [-121.6369630015428, 38.09052499873712], [-121.63497800338129, 38.09132199955746], [-121.63310900258504, 38.09967399812075], [-121.62778700379256, 38.10384399838435], [-121.61594700500571, 38.10620099812479], [-121.61481300250975, 38.10843499832848], [-121.60574900171687, 38.109811997210784], [-121.59838000483172, 38.108392999358756], [-121.59234500190803, 38.10484299886586], [-121.57517600294545, 38.10240999779572], [-121.5699760043419, 38.099086997405045], [-121.56946700499866, 38.09691299884824], [-121.5740620019073, 38.09635999874144], [-121.58129500446104, 38.093966999429306], [-121.5781890028922, 38.08730499895714], [-121.57788100340002, 38.08501899707497], [-121.57442100278229, 38.07490299934579], [-121.58028400434029, 38.07046799809819], [-121.58783300382456, 38.04755199761842], [-121.58296000431646, 38.0330959991345], [-121.58346100332513, 38.037963998835], [-121.57692900484665, 38.04314499772182], [-121.57512200234002, 38.03362299826893], [-121.57073100242026, 38.030812998671905], [-121.55962600259178, 38.01884899951838], [-121.57151900268329, 38.018665997382904], [-121.56945700382904, 38.01426799814627], [-121.58080700288902, 38.00790899892943], [-121.56841700305706, 38.00129999812501], [-121.57901500320182, 37.99883499793973], [-121.57892400482535, 37.996776999019055], [-121.57572500217024, 37.99500399769002], [-121.57869100186143, 37.99089299920932], [-121.5804930033398, 37.98900199843016], [-121.58076800445886, 37.98171799976446], [-121.57210100300698, 37.97920199729491], [-121.57361700222307, 37.977484997606574], [-121.57886200412474, 37.97758099929276], [-121.57965600384331, 37.97570899763801], [-121.5732980017259, 37.97097899892565], [-121.57312300255063, 37.96527099877706], [-121.56487100295419, 37.959344999576324], [-121.56716900494207, 37.957498997297606], [-121.57487400372816, 37.95617399982619], [-121.57393000237205, 37.953981999249564], [-121.56394700465998, 37.95441799892451], [-121.56487500184376, 37.95208599881336], [-121.56899400177326, 37.94740199762926], [-121.5676110046312, 37.944075998867206], [-121.56402100176321, 37.944882999393435], [-121.56046700471632, 37.947393997924365], [-121.55721400463091, 37.94653799973367], [-121.56225500485048, 37.93642799902577], [-121.55867300266372, 37.93278899802602], [-121.55743300498939, 37.93197999839051], [-121.55829800214302, 37.926675998999606], [-121.55689100410372, 37.9217769987092], [-121.56549500484329, 37.91819399838261], [-121.56532900466757, 37.916359999463985], [-121.562502004954, 37.910954999709624], [-121.57255100468765, 37.90471999843218], [-121.5720170048989, 37.902808997170794], [-121.56651100321263, 37.89919899733543], [-121.56617800310707, 37.8983139972358], [-121.56667200156991, 37.89369299780379], [-121.57234800385828, 37.89019099798325], [-121.57598700269294, 37.88829999890013], [-121.57392400239556, 37.88312999865216], [-121.57964200234764, 37.870940997686866], [-121.5728910032559, 37.865093997983514], [-121.57822700360502, 37.86211599920163], [-121.5791280015484, 37.86165999916492], [-121.57890500237254, 37.858084998898455], [-121.57675400343274, 37.858569999307036], [-121.57559900191774, 37.85945699783862], [-121.56919500349886, 37.86126799966047], [-121.56875300167465, 37.85947799721245], [-121.5704010043248, 37.858035998157405], [-121.56863200202773, 37.856946997629194], [-121.5657410030433, 37.85761499739607], [-121.56213000453462, 37.85307399888959], [-121.56155100375015, 37.853544998845535], [-121.56227200155126, 37.85712399774546], [-121.55994300223293, 37.858796999038276], [-121.55542100174661, 37.8581069979575], [-121.55297000309884, 37.86115599738917], [-121.54849900277407, 37.855172999158285], [-121.54101000428112, 37.85750599922736], [-121.54146900303927, 37.85100899780364], [-121.53992400398823, 37.8487499986685], [-121.5378020031063, 37.850579999224394], [-121.5342660025195, 37.85017699951612], [-121.53661900467792, 37.84544099957636], [-121.53819900359665, 37.84333399705545], [-121.53813800178462, 37.837491998523966], [-121.53987300316147, 37.83637499802026], [-121.54180100258701, 37.83385699774068], [-121.55177900414668, 37.829973999777835], [-121.55216400402136, 37.82236299906138], [-121.55228400229115, 37.822095999156275], [-121.55257400378663, 37.82190499790432], [-121.55368100272617, 37.81895699927147], [-121.5544900045114, 37.81791599751965], [-121.55599300220987, 37.81671999737385], [-121.55667500449667, 37.816454999671286], [-121.55669200287504, 37.815704997487195], [-121.55658200394701, 37.77290899724823], [-121.56417300287632, 37.774386999576855], [-121.56739200197073, 37.776544999524724], [-121.57769900493209, 37.777199998827115], [-121.58828800386516, 37.76721799752494], [-121.59091000341652, 37.7624649996817], [-121.59879900356196, 37.76059399870835], [-121.60098100462041, 37.75558399763403], [-121.60001400262452, 37.75518099906914], [-121.60573200176428, 37.750943998824816], [-121.60703200242041, 37.75930599760721], [-121.6106930016549, 37.7617029980574], [-121.61366500467314, 37.76064099927051], [-121.61366900379845, 37.76143999717626], [-121.61389700474707, 37.76161599785996], [-121.61392500408242, 37.759453997590605], [-121.61487500309734, 37.7534319985561], [-121.6313630046153, 37.75282199956902], [-121.64106700187618, 37.748301997209545], [-121.64133000336025, 37.74470199912932], [-121.62585200385952, 37.74427499954334], [-121.62122200314714, 37.74077099931385], [-121.604917004888, 37.74204999787928], [-121.59697500476321, 37.74526699958781], [-121.58539200349814, 37.744474999804225], [-121.57597300348952, 37.750801998768516], [-121.57136700313741, 37.74678499819774], [-121.57220600166461, 37.74216299882159], [-121.55672100351714, 37.74296999730781], [-121.55638300216974, 37.7035529974649], [-121.55655000160871, 37.5750259985157], [-121.55634400417411, 37.550262999338464], [-121.55564600464206, 37.54305699972862], [-121.54702000323134, 37.5341229978011], [-121.52670200195307, 37.52604399924076], [-121.5078240019329, 37.52544199770494], [-121.49928800280836, 37.52372599887525], [-121.50052400363485, 37.51927899915656], [-121.49702200483944, 37.51310399788427], [-121.49571600256137, 37.50389799745147], [-121.48491100394789, 37.50236299927865], [-121.46979200478535, 37.49119999949319], [-121.4712990021186, 37.48162699756577], [-121.47202100376639, 37.48201499722146], [-121.47235200458093, 37.48051799762725], [-121.47391100438553, 37.47918599853208], [-121.47470900319513, 37.47937199791627], [-121.47572900350035, 37.48014199953217], [-121.47709200153146, 37.48012899836153], [-121.47828100399259, 37.47956499989195], [-121.48037100505351, 37.477721999879634], [-121.4806410039775, 37.47720299912313], [-121.48567600316723, 37.47419099822995], [-121.47774300356099, 37.461469998753245], [-121.46108700483676, 37.44904399816024], [-121.46128800484779, 37.43896999829711], [-121.46119800405674, 37.43863399829701], [-121.46165200336401, 37.43781799859189], [-121.46348400335648, 37.43744099889545], [-121.4697060032196, 37.42755299771275], [-121.46815100291938, 37.42549499971238], [-121.46821500493886, 37.424833998449344], [-121.46851600450103, 37.42457399979471], [-121.47033500166764, 37.424153999285245], [-121.4715840039829, 37.42400599937729], [-121.47198300221588, 37.423190997584875], [-121.45031300484301, 37.396771998446646], [-121.44776300413717, 37.39584899839632], [-121.4106950017747, 37.389250997394925], [-121.4112530044137, 37.37604699798085], [-121.42381500230346, 37.36180299965025], [-121.40384200433745, 37.31095499877424], [-121.43483500451691, 37.29042199922324], [-121.44290600334588, 37.296785997462784], [-121.45938000495153, 37.285546999009625], [-121.45355800321867, 37.267972997756644], [-121.45440200365965, 37.266810997504315], [-121.46456900321188, 37.262902998699396], [-121.4825830039124, 37.29921099941634], [-121.47855600348649, 37.3026909978334], [-121.498426002213, 37.32293199725042], [-121.53644000357501, 37.314697998260904], [-121.54061900452291, 37.31730699887458], [-121.54416400333024, 37.31428499945328], [-121.55134000311924, 37.30398699818632], [-121.56750200442134, 37.30197499732332], [-121.57078500279435, 37.293502998094965], [-121.58830800234145, 37.28548399894797], [-121.61302000188694, 37.28897799819595], [-121.61906900222975, 37.28779499853564], [-121.62004600248223, 37.29043199737586], [-121.62829100162969, 37.28844499741076], [-121.61854900400779, 37.27048399911451], [-121.61003800358976, 37.26522299714601], [-121.62413600245621, 37.25218999810578], [-121.63815100333186, 37.26541999835208], [-121.65637700468523, 37.26265199949355], [-121.66539500168213, 37.27191699846484], [-121.66795400381824, 37.27642699917661], [-121.67993700219058, 37.282300998157474], [-121.6897700031364, 37.31004799781787], [-121.71300800261629, 37.330758998323525], [-121.71275600350982, 37.33689499816464], [-121.71419300488365, 37.33694999910803], [-121.71488000288659, 37.33739899726529], [-121.7157300039399, 37.33744999922596], [-121.71623300181867, 37.33773999912079], [-121.71732300449925, 37.33774999953668], [-121.71824600427118, 37.33838099833702], [-121.71956500171898, 37.338931999501796], [-121.7233390048533, 37.343297997237684], [-121.72910200410925, 37.348810998349414], [-121.73259900412658, 37.35039699877563], [-121.73537400367931, 37.3527009974488], [-121.73788600348568, 37.352680997501736], [-121.73860200355136, 37.35379499898001], [-121.74094500191907, 37.35376799744456], [-121.74104400153755, 37.35386499773434], [-121.73838400498894, 37.34930999977275], [-121.74230600494724, 37.35027999774843], [-121.76320500412015, 37.35616699940376], [-121.77008200402763, 37.359180998452445], [-121.77558200174673, 37.36451999720567], [-121.77273200235126, 37.36576699964194], [-121.77213100160196, 37.36568099754176], [-121.77204100151296, 37.365853998065994], [-121.77307700207109, 37.36629599951108], [-121.77475900154265, 37.36842099740241], [-121.77440600456046, 37.37368599820966], [-121.77520100192952, 37.37578599868484], [-121.77939700373413, 37.37652899944494], [-121.78116200495461, 37.37746899801277], [-121.78371500295198, 37.377677997466314], [-121.78377900382938, 37.37787399916805], [-121.7826570045164, 37.37816199810433], [-121.77099100324814, 37.377502997605525], [-121.76919600153022, 37.378979997236314], [-121.76793700267272, 37.37693199772251], [-121.76366600447128, 37.37324399910546], [-121.76273400188472, 37.37112499941412], [-121.75280500240349, 37.36399699888163], [-121.751476002981, 37.364185997885336], [-121.74980700186732, 37.36272799846751], [-121.74600300389044, 37.360673999861426], [-121.74551700464235, 37.36065499799572], [-121.74632100305787, 37.362051999254874], [-121.74486100273384, 37.36193899898812], [-121.74503100396278, 37.36295499810697], [-121.74271400409442, 37.364504999847554], [-121.74445200412518, 37.36862999825238], [-121.74078700261126, 37.37373599713625], [-121.74374600151037, 37.3770559976473], [-121.7412140015712, 37.37795899923015], [-121.74375600307928, 37.38508399734116], [-121.74988700328757, 37.38764699823084], [-121.7694890019062, 37.40664499832218], [-121.7673680032185, 37.41079299945678], [-121.77521400181861, 37.424173999857], [-121.79578200309052, 37.42883199871389], [-121.79803300238738, 37.428154997673154], [-121.80582600331479, 37.4324659993598], [-121.81233200355157, 37.43239299987699], [-121.82155300227843, 37.4351129996273], [-121.82362800189466, 37.432943999300846], [-121.82608800497007, 37.43553099762226], [-121.83339800332789, 37.42980399839043], [-121.83038500350118, 37.42342799859479], [-121.83987100200655, 37.42127399941272], [-121.84047000163685, 37.42217599878885], [-121.84016900256368, 37.42463999811544], [-121.83727300385192, 37.425426998162976], [-121.83756900298681, 37.4263259986202], [-121.83827200401436, 37.42616299966409], [-121.8390790036778, 37.42739399869038], [-121.85813600349633, 37.4226769986978], [-121.86204500480905, 37.42329199744908], [-121.86142300323064, 37.42316499838501], [-121.86009200310352, 37.42251499900204], [-121.86214000313724, 37.42156899725624], [-121.86680100369155, 37.41950199920201], [-121.86871000413983, 37.418668999885185], [-121.87172100239509, 37.417348999348754], [-121.8750200039586, 37.4160289990798], [-121.87783100226132, 37.41509599954373], [-121.87790100476138, 37.415255997956386], [-121.88024500489793, 37.41453399968678], [-121.880533002609, 37.414444998714], [-121.88026300448351, 37.41353599798245], [-121.88121800372708, 37.41343599859548], [-121.88113900363088, 37.41321099725333], [-121.88197200182476, 37.41312299793941], [-121.88101800292014, 37.41158799712416], [-121.88297100417601, 37.41076999975239], [-121.88274900452095, 37.410429998187524], [-121.88422900334473, 37.409677998108165], [-121.88415400180914, 37.40933499882296], [-121.88916400205065, 37.40780399895056], [-121.88783200396514, 37.40696499831624], [-121.88871100305221, 37.406084997811334], [-121.89047700297631, 37.40417299903231], [-121.89057900410775, 37.403332998838884], [-121.8958430026678, 37.403749998683516], [-121.9005700021675, 37.40420399736715], [-121.90287000307507, 37.404411997517165], [-121.90493900439915, 37.4044789994414], [-121.90619800369797, 37.40403099788317], [-121.90886500434979, 37.40173099891657], [-121.9090280015302, 37.40158799843818], [-121.9130270034736, 37.39813899823415], [-121.91520000267073, 37.39610499969851], [-121.91589200412072, 37.39552099813584], [-121.91627900284071, 37.3951949972392], [-121.92414600470951, 37.388117998329115], [-121.9316430035876, 37.38422199936028], [-121.93804700328306, 37.380471997412414], [-121.93825100306806, 37.38173699940335], [-121.93612400314612, 37.3841799990473], [-121.93590500423534, 37.38652999751254], [-121.93924300443905, 37.38956199815795], [-121.93977400348224, 37.393060999433054], [-121.94075700447324, 37.39546899906326], [-121.94083400362251, 37.395593997960695], [-121.94122300303829, 37.396217997455715], [-121.94149600330891, 37.39665299802824], [-121.94174900156068, 37.39768999813475], [-121.94174900460912, 37.398030997145064], [-121.94153600226888, 37.39946699799194], [-121.94155000348692, 37.399863997564054], [-121.94165000271201, 37.400162997292476], [-121.94189100312343, 37.40053499746352], [-121.9476970046573, 37.40153199831589], [-121.94899100352009, 37.40263099722727], [-121.95107800187658, 37.40398499782523], [-121.95315400449364, 37.40628099786553], [-121.95538900323376, 37.40802499713222], [-121.96037400277864, 37.40975499898474], [-121.960468004135, 37.40979299865458], [-121.96084700216495, 37.41005299863462], [-121.96114800223016, 37.41041299910627], [-121.96195500361249, 37.41137999887876], [-121.9683630039828, 37.41882099933621], [-121.96922300255476, 37.41889699979408], [-121.97466000249442, 37.417841997647315], [-121.98671000293776, 37.412298997907314], [-121.98667900163814, 37.41069999943137], [-121.98661100167119, 37.404779998649545], [-121.9868530015722, 37.403991999417016], [-121.98669600490051, 37.403532999535265], [-121.98690900338791, 37.402485997210114], [-121.98687400311285, 37.39696099735807], [-121.9869080036311, 37.39332899899306], [-121.98688800459048, 37.388657999477694], [-121.98688300338554, 37.38847199771327], [-121.98687300185487, 37.38814499791366], [-121.98684900486073, 37.377785999214616], [-121.98791000492548, 37.37777199814078], [-121.99350500408379, 37.377733998161325], [-121.9977720032972, 37.377698997716244], [-121.99868400459299, 37.37769699839555], [-121.99975200353119, 37.37772899715936], [-122.00275000405045, 37.37728199869585], [-122.00346100187944, 37.377077998052776], [-122.00344000319964, 37.373955997526515], [-121.99769600382376, 37.373911999059025], [-121.99260000221979, 37.37398199804675], [-121.982464004105, 37.37406499857702], [-121.98261400399879, 37.370566999398854], [-121.98725000144859, 37.370532998035515], [-121.9965240018011, 37.370526997550435], [-121.9965180047712, 37.37022999795134], [-121.99650800150565, 37.36978599934687], [-121.99612500206257, 37.36685199963574], [-121.9960030041395, 37.365423997133526], [-121.99598300219925, 37.36067899833631], [-121.99666500445582, 37.36059199795374], [-121.99704500186023, 37.3599809998636], [-121.99696900493306, 37.359561999599805], [-121.99685400421095, 37.35923299880993], [-121.99795500193085, 37.359549998367285], [-121.99796300419342, 37.358636997557056], [-122.00095000475832, 37.35864399797236], [-122.00133200479611, 37.3570059980842], [-122.00095000438237, 37.3566509989418], [-122.00098500149241, 37.35411799938569], [-122.0009790019608, 37.35235499904078], [-122.0000620016326, 37.352278999506005], [-122.00036700163663, 37.350362999575815], [-122.00045000407158, 37.349737999641874], [-122.00056900283828, 37.34893499822981], [-122.00014600309291, 37.34884499869225], [-122.00018400244863, 37.34867399804082], [-121.99930300233162, 37.34870699883407], [-121.99929700339212, 37.3477479994587], [-121.99774500179666, 37.34764299755133], [-121.99772400391473, 37.34678399742609], [-121.99971600190212, 37.34665199955722], [-121.99991400465903, 37.34480799720552], [-122.0013330026367, 37.34525999725713], [-122.00316200305024, 37.345355998535375], [-122.00316300455451, 37.34145999976113], [-121.99951200183668, 37.34142699873563], [-121.99783100452477, 37.34145699942806], [-121.99760500483622, 37.34169199807845], [-121.99604000449551, 37.34174299833652], [-121.99603600294277, 37.3395189974484], [-121.99570500434908, 37.33921399732412], [-121.99570000481245, 37.33783799845082], [-122.00251700288904, 37.337771999355795], [-122.01234400321539, 37.33771199829871], [-122.01644700279661, 37.33769599860762], [-122.01648200178589, 37.3331119993621], [-122.01943100155889, 37.33335899759947], [-122.02017600183864, 37.333649997208845], [-122.02015000425797, 37.33686699874914], [-122.01991100422815, 37.337678999849786], [-122.02499100254916, 37.33764099734682], [-122.02890700271425, 37.337616997975246], [-122.0322840045816, 37.33755499910382], [-122.0323930023013, 37.337552997341184], [-122.03239400196573, 37.33867199724247], [-122.03283100347262, 37.339230998254216], [-122.03239500154598, 37.33944299919401], [-122.03637700188533, 37.33955699940163], [-122.0367810047644, 37.337525999387836], [-122.03978000384605, 37.337533999531956], [-122.04141600401546, 37.337531997221646], [-122.0414230022285, 37.33443199827459], [-122.04142500174163, 37.334204998435666], [-122.04817300332833, 37.33396799918237], [-122.04838900436337, 37.333879997207774], [-122.05412700189785, 37.33264799771], [-122.05554700284758, 37.332340999669185], [-122.05776900468902, 37.33459099735688], [-122.05950600415136, 37.33756399812732], [-122.06238300381322, 37.3375019981789], [-122.06491400336037, 37.33749899800111], [-122.06493200208044, 37.33539899774957], [-122.06434400454964, 37.3354979990734], [-122.06413200198847, 37.33498999988376], [-122.06505500446467, 37.335293999559546], [-122.06472700307867, 37.33459699867427], [-122.06477400287206, 37.33431799871743], [-122.06605000170637, 37.335029998752304], [-122.06605900359916, 37.33537999933053], [-122.06661000335313, 37.33519799779704], [-122.06506000322754, 37.33425499867963], [-122.06405700226759, 37.33372399828949], [-122.06386900469032, 37.333562997528006], [-122.06395400177458, 37.33328099872382], [-122.0621750016977, 37.331640999158665], [-122.0610770037837, 37.33112499759373], [-122.06022600470858, 37.32961699756264], [-122.05986000441895, 37.32902799976399], [-122.06035100381769, 37.328039997194566], [-122.06099500167424, 37.32855899897559], [-122.06218600454365, 37.328439999609046], [-122.0627780038956, 37.329695997591344], [-122.063337002098, 37.330398998924395], [-122.06446600418272, 37.33051599731406], [-122.06728600386623, 37.33068799953544], [-122.06722900273498, 37.3312869983707], [-122.06898900269343, 37.33145199915449], [-122.0691130041727, 37.32983999822207], [-122.07346600447644, 37.33194099897301], [-122.07365700235961, 37.33215099925153], [-122.07433100235875, 37.33194699791373], [-122.07633600483537, 37.333168997759095], [-122.07604000346724, 37.333220998866395], [-122.07669400451842, 37.33346999902789], [-122.0786870026538, 37.33405299965617], [-122.08973500374026, 37.34035099944831], [-122.09012700167125, 37.338503997382205], [-122.08349000434465, 37.33357799865128], [-122.08317600154253, 37.331535998542826], [-122.08213700429461, 37.33063699934753], [-122.08087300288584, 37.330464999356465], [-122.08063100352273, 37.33053499720836], [-122.08053700234804, 37.329186998526225], [-122.07974500365262, 37.327495997497046], [-122.08190900405506, 37.325053998319746], [-122.08184100486845, 37.32484099801733], [-122.08339400216802, 37.324250997853014], [-122.08436800474968, 37.325191998233876], [-122.09549300381339, 37.3252439972677], [-122.09732900249647, 37.32685499940413], [-122.10773200283573, 37.32997099958959], [-122.15436000283461, 37.33069799900567], [-122.17311200298522, 37.33005899730148], [-122.17218800453678, 37.325567999363905], [-122.17556700463211, 37.325285999405594], [-122.17845900384417, 37.32511399742574], [-122.18085100224627, 37.32829299781257], [-122.1820630038558, 37.32815199873742], [-122.18107100424244, 37.32708899759545], [-122.1808040032241, 37.32600399933814], [-122.18118100303727, 37.3259319997139], [-122.18120600455526, 37.326329998467635], [-122.18521100337838, 37.32861399969568], [-122.18737000373658, 37.32470999988454], [-122.18531000482339, 37.32438499797505], [-122.18826500152976, 37.321103998199604], [-122.18966900198548, 37.32024799808852], [-122.19290500257688, 37.318904999378596], [-122.19183200224496, 37.31855599807724], [-122.19028500490782, 37.31786299949153], [-122.18874200354372, 37.316487999180985], [-122.18859500313648, 37.3144299972608], [-122.19607400186386, 37.315833997264455], [-122.19915300150254, 37.307816998130825], [-122.21292400410373, 37.312614999232366], [-122.22637700252743, 37.32290099836247], [-122.24314000278757, 37.32047299756435], [-122.25010900326691, 37.3098299976046], [-122.25053500432696, 37.308614999302925], [-122.25133200455294, 37.31053799836095], [-122.2684920037677, 37.31222599810464], [-122.26870300401822, 37.30648099960108], [-122.2762790044056, 37.31196899903476], [-122.27107300146132, 37.32980099838532], [-122.26965800231437, 37.330402999019505], [-122.27142700314542, 37.34622799888558], [-122.26620800486963, 37.34769399813571], [-122.2646100046361, 37.360155998112276], [-122.26670000217327, 37.36031499930481], [-122.2962400040037, 37.35990399961449], [-122.3009170015819, 37.3621639988907], [-122.31846500418129, 37.34802699849805], [-122.32323500255428, 37.32284399847029], [-122.32861800166631, 37.315016998569284], [-122.32874700245061, 37.31481399861429], [-122.32886500257855, 37.31494599847271], [-122.33092100455394, 37.3162959973629], [-122.35221000148647, 37.32713299847222], [-122.35303900340001, 37.326739998233926], [-122.35344400283499, 37.327011997768025], [-122.35731500226248, 37.325905998983764], [-122.36634300382396, 37.32965099944198], [-122.37540400378549, 37.329998997239336], [-122.37989000169797, 37.331456999190124], [-122.38509000305429, 37.32827899725563], [-122.3882620018154, 37.32590599980988], [-122.40026800448052, 37.32390499719076], [-122.40492400201596, 37.32546299740135], [-122.40342000432909, 37.337553999133995], [-122.40427400303906, 37.33765299845137], [-122.40257300359565, 37.34644599825172], [-122.40444500281775, 37.34683399884546], [-122.40327700362953, 37.353125999800234], [-122.4030000030375, 37.35264099898109], [-122.40284600169885, 37.354282999739844], [-122.40330300177887, 37.354606998133924], [-122.40247500299027, 37.356908998054905], [-122.40142100187155, 37.35875999767504], [-122.40714900213139, 37.36233899755598], [-122.4072570042912, 37.37475899916779], [-122.41350300404795, 37.378906999424544], [-122.43783500405142, 37.424862998557906], [-122.44079800380767, 37.42699899711581], [-122.44042600188195, 37.429329998938215], [-122.44050600410161, 37.42947399984417], [-122.44111000147635, 37.431795997550545], [-122.44332500268628, 37.43198299965272], [-122.44440900372788, 37.43339599800575], [-122.44316400435157, 37.433720997168244], [-122.4434040038761, 37.43454999848908], [-122.44440900259846, 37.43493199914923], [-122.44441400450653, 37.43532699894826], [-122.44505500273493, 37.43548399824148], [-122.44579100367218, 37.45064099769708], [-122.44611300314722, 37.449755999408865], [-122.4459600028395, 37.453478999339836], [-122.44549900242826, 37.4558399979864], [-122.44597400450748, 37.45600799948235], [-122.44641700213651, 37.45963199800114], [-122.44595700331456, 37.459907999244415], [-122.44662300233574, 37.46278999803828], [-122.44750600334147, 37.46326399918751], [-122.44731700373411, 37.46479599943253], [-122.44765300382768, 37.46560099743744], [-122.44715700273319, 37.46581799876202], [-122.46067500154108, 37.49275799768033], [-122.46902600374398, 37.499993998457406], [-122.47282200189073, 37.50074299928671], [-122.47597400150839, 37.50261399762017], [-122.48513900279228, 37.50331399964912], [-122.49220100390632, 37.50206799731881], [-122.49260000256588, 37.50212499923093], [-122.49626100168639, 37.49880399869693], [-122.49348300406606, 37.49335199815181], [-122.488244004851, 37.49455499811051], [-122.48456200347348, 37.493974999317466], [-122.48836100373326, 37.494440998281334], [-122.49354700418273, 37.493043997085465], [-122.49501300479668, 37.495249998199796], [-122.49954100407383, 37.4953809971382], [-122.49999600290394, 37.4991199995741], [-122.49897100271997, 37.50205399878999], [-122.51294800465034, 37.51460599960143], [-122.51438300225892, 37.52035799841473], [-122.51824200414691, 37.523897998100296], [-122.51711500350918, 37.52771899817037], [-122.5177630023685, 37.52825399846909], [-122.51764700354941, 37.53105599788054]], [[-122.36435200496825, 38.393950997493015], [-122.35813600423042, 38.39820599737993], [-122.35589300188937, 38.39514399791277], [-122.34988200252197, 38.3999839993733], [-122.35549900374863, 38.40490699900435], [-122.35620000281625, 38.405946999646616], [-122.35220400367609, 38.40915799796244], [-122.35737200397607, 38.41410899826584], [-122.35181900362309, 38.41823299945993], [-122.36031100204826, 38.421950997016445], [-122.36454200443649, 38.42158799894508], [-122.36797300381141, 38.42179299901261], [-122.36979700352747, 38.421399999360766], [-122.37435800470892, 38.42372199794159], [-122.37593100390737, 38.42582999952982], [-122.38169600496883, 38.42667099765953], [-122.39032700311238, 38.42258099799773], [-122.38465800329614, 38.41496899727536], [-122.38917800344325, 38.411110997456866], [-122.38693000332657, 38.40793799838041], [-122.39497400302905, 38.40171399877971], [-122.386334003422, 38.38841599735421], [-122.3805360023586, 38.387820997949945], [-122.3802440047032, 38.38032499952388], [-122.37721700182033, 38.381107997507605], [-122.37598500298989, 38.383261997344185], [-122.3742010038331, 38.391079999100114], [-122.37273700277706, 38.39175699701323], [-122.36958100491617, 38.386014997346216], [-122.36260000337968, 38.39004499728768], [-122.36435200496825, 38.393950997493015]], [[-122.09415500458695, 37.39669699767717], [-122.09563300325655, 37.39426899961446], [-122.0963890021463, 37.393073999645026], [-122.09575900345895, 37.39242399840627], [-122.09474100380362, 37.3913249997369], [-122.09255400314126, 37.390025999704775], [-122.09135500198316, 37.389424998168735], [-122.09026800248634, 37.38888099716655], [-122.08926300228268, 37.388379999250205], [-122.08822200298123, 37.38787899943708], [-122.0870930047636, 37.3873279972758], [-122.08387000467603, 37.385741999291554], [-122.08117200371814, 37.384390997656126], [-122.07792000311832, 37.38279999855019], [-122.0776420019665, 37.38266799983401], [-122.07293600272331, 37.38034999875639], [-122.06970900457443, 37.379021998068445], [-122.06362600295728, 37.37654699918996], [-122.06209600192814, 37.37611299961284], [-122.0599950014861, 37.375297999569014], [-122.05835400274802, 37.38023799794481], [-122.05777000209271, 37.38133699976795], [-122.06003800178512, 37.38173099819108], [-122.06156800375479, 37.382251999553716], [-122.06053500440132, 37.38536199848212], [-122.06000900490406, 37.38536199865349], [-122.059069002458, 37.38609099904587], [-122.05300100466887, 37.38582599809035], [-122.05238800377732, 37.38560499759792], [-122.05221100383075, 37.38569999866485], [-122.05135300405021, 37.385736998843605], [-122.051351004767, 37.38583299967999], [-122.05134200364135, 37.38593199872767], [-122.05197500389131, 37.386126997572106], [-122.05208300203884, 37.38626699979481], [-122.05204100442661, 37.386683999722244], [-122.05220400466773, 37.3864159994158], [-122.05237300414205, 37.38632199875075], [-122.05263400147733, 37.38633099848785], [-122.05322500290166, 37.38645899811166], [-122.05325800496075, 37.38635599909223], [-122.05800400179614, 37.38789399802688], [-122.0616620037998, 37.38909199792331], [-122.06829600364247, 37.391811998032935], [-122.06969400368301, 37.39228999762355], [-122.07776600353262, 37.395576999824634], [-122.08173900403133, 37.39720599874564], [-122.08208800487542, 37.396874997996235], [-122.08889500188901, 37.39955599765504], [-122.09164600235522, 37.40065199801576], [-122.09185200365029, 37.400440997393886], [-122.09258800187304, 37.39921399910229], [-122.09161900252022, 37.39884399748222], [-122.09224900177185, 37.39595199942883], [-122.09415500458695, 37.39669699767717]], [[-121.64077700254137, 37.97578699826855], [-121.64761600262122, 37.98142799759556], [-121.64901300220683, 37.982551998426125], [-121.66831300184371, 37.98606799918351], [-121.66843100273785, 37.972548999402214], [-121.66269000381739, 37.968803999437874], [-121.62034300314771, 37.9688109971696], [-121.6200630024731, 37.97635499785404], [-121.62015100314183, 37.97613199814353], [-121.64077700254137, 37.97578699826855]]], [[[-122.38404000283616, 37.766840999264545], [-122.38408800388768, 37.76690999850517], [-122.38406900280968, 37.76696999878491], [-122.3837230029376, 37.76695499787302], [-122.38368400262142, 37.76692499791146], [-122.38359800494253, 37.766992999531205], [-122.38359800401831, 37.76709999936605], [-122.38345300381255, 37.767099998583106], [-122.38327800152217, 37.766956997647746], [-122.3833100025503, 37.76693999758675], [-122.38345300490185, 37.76694799919342], [-122.3834530030523, 37.76688699751221], [-122.38356900340708, 37.76687899791064], [-122.38356900283928, 37.76674999899966], [-122.38468500490686, 37.76668099795362], [-122.38469500340028, 37.76674199733369], [-122.38444600162505, 37.76679399894464], [-122.38438700454014, 37.76677999758302], [-122.38431900373891, 37.76684099782232], [-122.3841650018396, 37.76685599916161], [-122.38417500219994, 37.76679499791861], [-122.3840880041062, 37.76680299866673], [-122.38404000283616, 37.766840999264545]]], [[[-122.38478400386545, 37.76805199738411], [-122.38468500207354, 37.76812699786601], [-122.38462700416433, 37.76809599961618], [-122.38388600165864, 37.76812699717604], [-122.38384800444496, 37.76776199925839], [-122.38246200260402, 37.76783799898373], [-122.38245200400948, 37.767707998097535], [-122.38490600216413, 37.76755599933965], [-122.384926003963, 37.767449998865885], [-122.38503100298098, 37.76744199936467], [-122.38503100214756, 37.767662997372575], [-122.3841650041657, 37.76772399726084], [-122.38409800200415, 37.76782999781521], [-122.38393400313903, 37.76781499951089], [-122.38397300398532, 37.76807299843226], [-122.38417500344552, 37.76801999964674], [-122.38475400161614, 37.7679889972916], [-122.38478400386545, 37.76805199738411]]], [[[-122.37293500280802, 37.83220999911244], [-122.36862100203005, 37.83109599972885], [-122.36749100481276, 37.829359999238186], [-122.36708500196252, 37.829523997444106], [-122.36746600451448, 37.83011899936944], [-122.36738300166529, 37.83015799885948], [-122.36696100162442, 37.829575999210896], [-122.36657900269002, 37.829732997291536], [-122.36696100307636, 37.83030899871705], [-122.3668860022565, 37.8303539974534], [-122.36637200337694, 37.82967399724832], [-122.36742400293647, 37.829280999626576], [-122.36291700422218, 37.82254699891621], [-122.3634840018339, 37.8211429983473], [-122.36052900471572, 37.8200479990443], [-122.36370500355885, 37.82051399711558], [-122.36437800451813, 37.81872699825222], [-122.37111000288436, 37.81599399930242], [-122.37036700229682, 37.81406999788424], [-122.36786200441193, 37.81230699879141], [-122.36529200228291, 37.8133059991782], [-122.35980600375086, 37.81496499923985], [-122.3587770040177, 37.81419299859724], [-122.36093100239817, 37.81265699755716], [-122.36134900148116, 37.81071299864036], [-122.36072200216444, 37.81031199715032], [-122.360418003722, 37.81090999841794], [-122.3602930017871, 37.81085899967567], [-122.36060700441848, 37.810181998469844], [-122.36112500479365, 37.8100999984047], [-122.36120200308332, 37.808195999161526], [-122.36198700377541, 37.80699499933967], [-122.36875700417227, 37.80796499947646], [-122.37268500310702, 37.810549999749504], [-122.37176600258307, 37.8132699976031], [-122.37159500234027, 37.815533999312315], [-122.37914200205239, 37.826786998652885], [-122.37750400320083, 37.830537998145374], [-122.37247600173612, 37.833091998587726], [-122.37293500280802, 37.83220999911244]]], [[[-122.42499700235687, 37.82735099831616], [-122.42525000409275, 37.82776299793862], [-122.42560300248535, 37.827933999683566], [-122.42551700396814, 37.828318998601056], [-122.42459900324904, 37.82839699968519], [-122.42449100202231, 37.82842999790886], [-122.4230740026257, 37.82787399967542], [-122.4227930016303, 37.827645999475585], [-122.42283300343536, 37.827632999218125], [-122.4215430022778, 37.826974998863676], [-122.42146700227431, 37.827053997060474], [-122.42166400150715, 37.82718299900066], [-122.4216280041615, 37.82720999771415], [-122.42094800449125, 37.82675799852484], [-122.42093400407238, 37.826700999762416], [-122.4207340022174, 37.82654699739641], [-122.42104200186031, 37.82663899906699], [-122.42043600488552, 37.8260749979059], [-122.42035000433515, 37.825670997999765], [-122.4207750031055, 37.82515299852572], [-122.42184700230686, 37.825023999510265], [-122.42228100329625, 37.82533499877502], [-122.42271700357125, 37.82544199806079], [-122.422973003948, 37.82577899756968], [-122.42375800458699, 37.82604499965696], [-122.42372300280807, 37.826302999527684], [-122.42463000346547, 37.8266959994227], [-122.42452300279882, 37.82684899872027], [-122.42499700235687, 37.82735099831616]]], [[[-122.43876400279389, 37.868151997632644], [-122.43766400195634, 37.8668269973479], [-122.43467500314588, 37.86693199947837], [-122.43511900391275, 37.86866699848063], [-122.43108700264848, 37.87219599833521], [-122.42789300190353, 37.87090399730115], [-122.4256610019328, 37.870708999273596], [-122.42317400156814, 37.869620999174835], [-122.42194400476062, 37.86399299889406], [-122.42039100475502, 37.86343299925416], [-122.41870500474833, 37.86214399796385], [-122.41965200369867, 37.860400999748265], [-122.41989300286535, 37.86030899974316], [-122.42092600336149, 37.859536997453176], [-122.41866000180832, 37.852534998701564], [-122.42040500178977, 37.85342999844207], [-122.42962600247243, 37.85571799800861], [-122.43403600186731, 37.85343399974629], [-122.4426140018352, 37.85624599919549], [-122.44216000422882, 37.85811399743524], [-122.44609900210851, 37.860975997162576], [-122.44193900431222, 37.862366999758734], [-122.43876400279389, 37.868151997632644]]], [[[-122.28863800186195, 37.56940599967657], [-122.28743200309071, 37.568974998519124], [-122.28739000359215, 37.568601998075096], [-122.28910700260239, 37.56821999803041], [-122.2901930042263, 37.56854099863515], [-122.29075500397842, 37.56892399899208], [-122.29069400301366, 37.56917299903908], [-122.29021400143309, 37.56933799793979], [-122.28999200347383, 37.569730997349424], [-122.2893140020319, 37.569685998517414], [-122.28918200321203, 37.56955499916901], [-122.28863800186195, 37.56940599967657]]], [[[-122.28426600254215, 37.76733899838071], [-122.28482600160623, 37.76704699928874], [-122.28600000380075, 37.767819998193104], [-122.28675600259245, 37.767741999674975], [-122.28731200181414, 37.76687199756523], [-122.28696800361074, 37.76572099972731], [-122.28697000403798, 37.765646999238804], [-122.28265300333759, 37.764705998364974], [-122.28265600447216, 37.763749997946526], [-122.28722400180342, 37.764777997157545], [-122.28879900148283, 37.76545699982776], [-122.28901500308226, 37.766429997081424], [-122.28788800358026, 37.76875399876372], [-122.28689400438881, 37.7695039987265], [-122.28607400438456, 37.76968099807126], [-122.28441700250207, 37.76856899903269], [-122.28426600254215, 37.76733899838071]]], [[[-122.24349500480453, 37.75181699724244], [-122.24662900308, 37.75262399958291], [-122.24999700296577, 37.75379199747123], [-122.25035900326105, 37.75381499951045], [-122.25053300325081, 37.75357299927468], [-122.25138600218503, 37.754124997707365], [-122.25348000458277, 37.75471299894544], [-122.25925900371115, 37.757165999469315], [-122.26102900498742, 37.75760599972344], [-122.2645390026884, 37.75905199934033], [-122.27180400350457, 37.76186899922341], [-122.274607001502, 37.76477299877423], [-122.2759920027045, 37.76731099769265], [-122.27562200384536, 37.7675799979933], [-122.27748700476418, 37.76855899898002], [-122.27849500338414, 37.76809199800411], [-122.27863700274946, 37.767825998737585], [-122.28059700474758, 37.76621199815768], [-122.280636002914, 37.76656799715347], [-122.27983000299561, 37.7673339988703], [-122.28013200298561, 37.76827599784232], [-122.2816090014899, 37.76838699732408], [-122.28183400282947, 37.77112799766953], [-122.2820720016094, 37.7711939989632], [-122.2830870032714, 37.77079299810869], [-122.28313400179191, 37.77007999714635], [-122.28400900304534, 37.76991599953576], [-122.28405500284688, 37.76923999810491], [-122.28489900203004, 37.76933699802578], [-122.28588100379142, 37.76979699816275], [-122.28610400206934, 37.76980799837592], [-122.287086001613, 37.769732997864196], [-122.28856000395974, 37.76872599961662], [-122.28885500208273, 37.76955999782515], [-122.28950800452391, 37.76986299839436], [-122.29019200293186, 37.76940999849156], [-122.29093000217745, 37.769312998988205], [-122.29137100175102, 37.76848399925279], [-122.29159100485066, 37.76969399965875], [-122.3003310020431, 37.77186999765625], [-122.30498500368992, 37.772130997854596], [-122.3049210034128, 37.772532997881754], [-122.30101600162098, 37.77239299901179], [-122.30120700473609, 37.77391299710956], [-122.30603700209288, 37.77417099846379], [-122.3060030019596, 37.774378998017525], [-122.30137300442503, 37.774175997550955], [-122.29980100498167, 37.775421999361676], [-122.31558200238513, 37.77649599837703], [-122.318109004025, 37.77947399893224], [-122.32800100294067, 37.781192998711326], [-122.33166900357313, 37.781394997363506], [-122.33241100480589, 37.78221599842535], [-122.3313380023798, 37.78815599889129], [-122.33142900250932, 37.79683499874431], [-122.30218700257197, 37.79045299941359], [-122.29278600159348, 37.79104999958851], [-122.29005400444012, 37.79028299853035], [-122.29009300152543, 37.791824998188105], [-122.28994900360166, 37.79180199874381], [-122.28987100167505, 37.790277999316324], [-122.28833800442338, 37.79049499951742], [-122.28837200211046, 37.79197099772355], [-122.28823000482663, 37.791955999070375], [-122.28813400370609, 37.790325997683674], [-122.287486002015, 37.7903439994633], [-122.28747200325967, 37.79206699883325], [-122.28033900372326, 37.79210899756113], [-122.27669500406904, 37.79103199723507], [-122.27625700246824, 37.790772999488745], [-122.27594800161252, 37.79086999924137], [-122.27575300179663, 37.79010199819502], [-122.27485700230964, 37.78971499808624], [-122.27467800157325, 37.78888099804427], [-122.27481100339354, 37.78823199914951], [-122.2739730021093, 37.787516999668064], [-122.2733770021415, 37.78838999938604], [-122.27342200459618, 37.7880989990695], [-122.27274500366806, 37.78782999745134], [-122.27250700337636, 37.78818899718144], [-122.27204600248756, 37.78805399796103], [-122.27219300363166, 37.78763799961484], [-122.2719250024821, 37.78752299755703], [-122.27174800232551, 37.78779299781354], [-122.27164600161653, 37.78775699716861], [-122.27178100417304, 37.787496997426686], [-122.27171400363515, 37.787411998814], [-122.27135700372168, 37.78760999928261], [-122.27176400278482, 37.78663599784236], [-122.27132400449975, 37.78647199872858], [-122.270922002735, 37.786814998929216], [-122.27051300153865, 37.78631899828211], [-122.26914300375051, 37.7854759984911], [-122.26819200389478, 37.783253997723534], [-122.26632200475848, 37.783107997315376], [-122.26558800391648, 37.78398999767342], [-122.26248900198772, 37.782567998972404], [-122.26103100346285, 37.782433998821375], [-122.26089800424452, 37.78050699924747], [-122.26098800291244, 37.779667999672135], [-122.26089200466801, 37.7796639993144], [-122.26086900185297, 37.78010599739087], [-122.26066700438527, 37.780122999161016], [-122.2608620018758, 37.77828299812336], [-122.25990800179851, 37.77796899857153], [-122.25928400313941, 37.78234499952422], [-122.25765200187486, 37.78175299835811], [-122.2579650024933, 37.781833999422425], [-122.25795500428856, 37.7816849971762], [-122.25767300149923, 37.7816519975338], [-122.25621600460343, 37.7810699997013], [-122.25812600149656, 37.77818499982076], [-122.2559740018512, 37.77723599869889], [-122.25498000372527, 37.778634998655285], [-122.25331500169337, 37.77871499754397], [-122.25164400496077, 37.778193998840706], [-122.25109100338919, 37.778064997183236], [-122.25111500456302, 37.7774369971737], [-122.24908400359163, 37.776189999768], [-122.24897700481841, 37.776021998623854], [-122.2487880045412, 37.77610299941667], [-122.24849800493782, 37.77608099898033], [-122.2485510037618, 37.775522997719], [-122.247014002427, 37.77511199827233], [-122.24621200159098, 37.77588899913272], [-122.24535000436592, 37.77530399793735], [-122.2459190046218, 37.774211998256995], [-122.24483800333111, 37.77543699984198], [-122.24160300367531, 37.773973998897176], [-122.23764700219571, 37.77160199798235], [-122.23683800281962, 37.77136799982176], [-122.23158300152137, 37.76903499984236], [-122.23000500259047, 37.76832499917983], [-122.22676200470369, 37.76636099829156], [-122.2253890022923, 37.76418499750059], [-122.22467900273612, 37.762122999810884], [-122.22469300284, 37.75937599903042], [-122.22486700334548, 37.75928599918969], [-122.22536500233292, 37.755676997890475], [-122.22551500412155, 37.75565799856935], [-122.23342900489182, 37.7498979982225], [-122.23521300415241, 37.75094899742415], [-122.23580300394289, 37.749871999786244], [-122.23620800408821, 37.74990599730107], [-122.23653900145787, 37.750065997987036], [-122.2367350026567, 37.74987199760544], [-122.23776500354074, 37.75019299914295], [-122.2410850016835, 37.75114599907127], [-122.24289100298877, 37.751368997341274], [-122.24349500480453, 37.75181699724244]]], [[[-122.24611300156825, 37.77901699879721], [-122.24638100423599, 37.77877899812648], [-122.25189500342171, 37.78159299907984], [-122.25320700490494, 37.78352199952409], [-122.25389900442687, 37.7852069989706], [-122.25279700367781, 37.785528999117936], [-122.25243400238604, 37.785533998381595], [-122.24907900439632, 37.78432899808954], [-122.24622400225797, 37.7819109972795], [-122.24611300156825, 37.77901699879721]]], [[[-122.02563900227631, 38.08187599885061], [-122.02886500248091, 38.081964997519336], [-122.03352000484495, 38.07928399871485], [-122.03672400489712, 38.08003399819961], [-122.03835500172859, 38.0810069982608], [-122.03737200377583, 38.082334997693934], [-122.03790300463744, 38.08411599720689], [-122.03710700447061, 38.085582997955306], [-122.03734700168265, 38.085902999496895], [-122.04007000183731, 38.08907699892473], [-122.04105700292791, 38.08893099918807], [-122.03934500328756, 38.0908009973613], [-122.03541900197695, 38.089112998083756], [-122.03355700417278, 38.088947999566805], [-122.02957100339793, 38.08627699782626], [-122.02543900168969, 38.086689997047294], [-122.02315300457411, 38.0855429986632], [-122.0135000024432, 38.083993998616045], [-122.0010740016622, 38.077852999491064], [-122.00159900342815, 38.07170999764715], [-122.00382900389504, 38.06993999939114], [-122.00273800223441, 38.069726998874955], [-122.00286600397116, 38.07012699980531], [-122.00181000164079, 38.068830997738104], [-122.00445600233921, 38.06903599763689], [-122.0139250018629, 38.06681899720565], [-122.01544200322965, 38.068382997356906], [-122.01726900372469, 38.067700998436024], [-122.02336000332106, 38.06988799869513], [-122.02170500352707, 38.07335399743989], [-122.02405000260659, 38.07593999874993], [-122.02262600255304, 38.07742299880734], [-122.02511300178239, 38.07978999840424], [-122.02563900227631, 38.08187599885061]]], [[[-121.90162800333101, 38.05082299952186], [-121.89954500333583, 38.05053099924414], [-121.91457100385655, 38.05031999720299], [-121.91513100359177, 38.0511279983813], [-121.91473000212525, 38.05037699944472], [-121.9153450021253, 38.05078699758378], [-121.91723900226526, 38.050342998518026], [-121.91847100470186, 38.05101999870882], [-121.91637100448199, 38.05091899837021], [-121.91567100298896, 38.05161999852256], [-121.91597100224017, 38.05181999908837], [-121.91887100459444, 38.05531999731685], [-121.91907100386095, 38.05521999781732], [-121.91597100203087, 38.051619997992404], [-121.91703700317764, 38.05124099891052], [-121.9258910046725, 38.05188199962285], [-121.92691300394333, 38.051227999755234], [-121.93366300469967, 38.05341199870062], [-121.93399300281435, 38.05512599905137], [-121.93175000342151, 38.05659899946422], [-121.92952300463216, 38.05614099970622], [-121.93182500444674, 38.05631099899291], [-121.93301700306073, 38.05461499751092], [-121.93315500270215, 38.05330399891558], [-121.92957100352432, 38.052919999259124], [-121.9330190018405, 38.05343299727059], [-121.93197100147825, 38.05581999780156], [-121.92927100292111, 38.055719997488126], [-121.92569300288923, 38.05594299914692], [-121.92139000176375, 38.057599999359425], [-121.91955800211531, 38.05542499735276], [-121.91897100282219, 38.055619997971135], [-121.91983800481901, 38.057879998857636], [-121.9176370048067, 38.060179997819986], [-121.91807100309288, 38.069718997953174], [-121.91392100408531, 38.07085499917851], [-121.91255300494878, 38.068462998000925], [-121.91250900491666, 38.0659749983319], [-121.90889900258391, 38.06014199940299], [-121.90284200219025, 38.05801599951091], [-121.89777600443166, 38.057193999322934], [-121.89340700195434, 38.05289699784855], [-121.8992640029147, 38.05026699843127], [-121.89787500376688, 38.05161499803699], [-121.89477600229215, 38.05284899815251], [-121.89487000324017, 38.053419997987305], [-121.89938100409572, 38.05093599978729], [-121.90007000193617, 38.05121999906923], [-121.90407000379567, 38.050819998275685], [-121.90403900276152, 38.05071699926908], [-121.90162800333101, 38.05082299952186]]], [[[-121.978766002728, 38.07376399788577], [-121.97737100299273, 38.07461699802049], [-121.97758300389127, 38.07498799792045], [-121.97827000447855, 38.07551799789744], [-121.9777060021962, 38.07604099902859], [-121.97701500432443, 38.075779999458355], [-121.9764000028568, 38.074221998678574], [-121.97490700256587, 38.07291799714398], [-121.9726940050177, 38.071657999089894], [-121.97393500246221, 38.07107399850169], [-121.97490900336706, 38.071256997440784], [-121.97672000310074, 38.071001997928725], [-121.97821500323596, 38.07172699971209], [-121.97825900210172, 38.0720939991605], [-121.97850500302282, 38.07213899944174], [-121.97860800485718, 38.072680998322845], [-121.97912000160656, 38.07311099868565], [-121.97868900487501, 38.07317499961256], [-121.978766002728, 38.07376399788577]]], [[[-121.98911100224223, 38.07813899784789], [-121.98964500456665, 38.07751299963739], [-121.99074300395885, 38.07751799875879], [-121.98951400274676, 38.078425997302794], [-121.98937000315564, 38.07909899753755], [-121.99129200449119, 38.07909699735143], [-121.99152300282752, 38.07986499851213], [-121.9922780015818, 38.08003199968805], [-121.99209300216332, 38.0809929994434], [-121.99093500298707, 38.08116799735642], [-121.98941600203622, 38.08188699752498], [-121.98952300489212, 38.08260799980762], [-121.98766400472137, 38.08364499791923], [-121.98388500494993, 38.07957599883752], [-121.98294700394831, 38.07883599744615], [-121.98068400284612, 38.077131998663035], [-121.98142000171445, 38.07633699974728], [-121.98273200479044, 38.07679299765312], [-121.98462500243863, 38.07702099778836], [-121.98555500177109, 38.07666699825996], [-121.98582000372555, 38.0771919986772], [-121.98679300462928, 38.07707699714599], [-121.98705700375629, 38.07768999948603], [-121.98740500261745, 38.07760899773858], [-121.98911100224223, 38.07813899784789]]]]}}]}